author_id,author_name,country,institution,conference,year,source_url,source_note
AAAI-2015-A000001,Jun Li,China,"School of Computer Science and Technology Nanjing University of Science and Technology, Nanjing, China.",AAAI,2015,https://cdn.aaai.org/ojs/9786/9786-13-13314-1-2-20201228.pdf,Affiliation parsed from local first-page text extracted from paper PDF
AAAI-2015-A000002,Heyou Chang,China,"School of Computer Science and Technology Nanjing University of Science and Technology, Nanjing, China.",AAAI,2015,https://cdn.aaai.org/ojs/9786/9786-13-13314-1-2-20201228.pdf,Affiliation parsed from local first-page text extracted from paper PDF
AAAI-2015-A000003,Jian Yang,China,"School of Computer Science and Technology Nanjing University of Science and Technology, Nanjing, China.",AAAI,2015,https://cdn.aaai.org/ojs/9786/9786-13-13314-1-2-20201228.pdf,Affiliation parsed from local first-page text extracted from paper PDF
AAAI-2015-A000004,Xi Peng,China | Singapore,"Institute for Infocomm Research, Agency for Science, Technology and Research (A*STAR), Singapore College of Computer Science, Sichuan University, Chengdu , P.R. China.",AAAI,2015,https://cdn.aaai.org/ojs/9788/9788-13-13316-1-2-20201228.pdf,Affiliation parsed from local first-page text extracted from paper PDF
AAAI-2015-A000005,Zhang Yi,China | Singapore,"Institute for Infocomm Research, Agency for Science, Technology and Research (A*STAR), Singapore College of Computer Science, Sichuan University, Chengdu , P.R. China.",AAAI,2015,https://cdn.aaai.org/ojs/9788/9788-13-13316-1-2-20201228.pdf,Affiliation parsed from local first-page text extracted from paper PDF
AAAI-2015-A000006,Huajin Tang,China | Singapore,"Institute for Infocomm Research, Agency for Science, Technology and Research (A*STAR), Singapore College of Computer Science, Sichuan University, Chengdu , P.R. China.",AAAI,2015,https://cdn.aaai.org/ojs/9788/9788-13-13316-1-2-20201228.pdf,Affiliation parsed from local first-page text extracted from paper PDF
AAAI-2015-A000007,Wenhan Luo,UNKNOWN,UNKNOWN,AAAI,2015,https://aaai.org/papers/9789-automatic-topic-discovery-for-multi-object-tracking/,Parsed from AAAI track pages or OJS issues; affiliation enrichment pending from PDF first pages
AAAI-2015-A000008,Björn Stenger,UNKNOWN,UNKNOWN,AAAI,2015,https://aaai.org/papers/9789-automatic-topic-discovery-for-multi-object-tracking/,Parsed from AAAI track pages or OJS issues; affiliation enrichment pending from PDF first pages
AAAI-2015-A000009,Xiaowei Zhao,UNKNOWN,UNKNOWN,AAAI,2015,https://aaai.org/papers/9789-automatic-topic-discovery-for-multi-object-tracking/,Parsed from AAAI track pages or OJS issues; affiliation enrichment pending from PDF first pages
AAAI-2015-A000010,Tae-Kyun Kim,South Korea,UNKNOWN,AAAI,2015,https://aaai.org/papers/9789-automatic-topic-discovery-for-multi-object-tracking/,Parsed from AAAI track pages or OJS issues; affiliation enrichment pending from PDF first pages; Country inferred from full first-page text using local Ollama model
AAAI-2015-A000011,Yuchen Guo,China,"School of Software, Tsinghua University, Beijing , China",AAAI,2015,https://cdn.aaai.org/ojs/9792/9792-13-13320-1-2-20201228.pdf,Affiliation parsed from local first-page text extracted from paper PDF
AAAI-2015-A000012,Guiguang Ding,China,"School of Software, Tsinghua University, Beijing , China",AAAI,2015,https://cdn.aaai.org/ojs/9792/9792-13-13320-1-2-20201228.pdf,Affiliation parsed from local first-page text extracted from paper PDF
AAAI-2015-A000013,Xiaoming Jin,China,"School of Software, Tsinghua University, Beijing , China",AAAI,2015,https://cdn.aaai.org/ojs/9792/9792-13-13320-1-2-20201228.pdf,Affiliation parsed from local first-page text extracted from paper PDF
AAAI-2015-A000014,Jianmin Wang,China,"School of Software, Tsinghua University, Beijing , China",AAAI,2015,https://cdn.aaai.org/ojs/9792/9792-13-13320-1-2-20201228.pdf,Affiliation parsed from local first-page text extracted from paper PDF
AAAI-2015-A000015,Haonan Yu,United States,UNKNOWN,AAAI,2015,https://aaai.org/papers/9790-learning-to-describe-video-with-weak-supervision-by-exploiting-negative-sentential-information/,Parsed from AAAI track pages or OJS issues; affiliation enrichment pending from PDF first pages; Country inferred from full first-page text using local Ollama model
AAAI-2015-A000016,Jeffrey Siskind,United States,UNKNOWN,AAAI,2015,https://aaai.org/papers/9790-learning-to-describe-video-with-weak-supervision-by-exploiting-negative-sentential-information/,Parsed from AAAI track pages or OJS issues; affiliation enrichment pending from PDF first pages; Country inferred from full first-page text using local Ollama model
AAAI-2015-A000017,Junchi Yan,China,UNKNOWN,AAAI,2015,https://aaai.org/papers/9791-multi-view-point-registration-via-alternating-optimization/,Parsed from AAAI track pages or OJS issues; affiliation enrichment pending from PDF first pages; Country inferred from full first-page text using local Ollama model
AAAI-2015-A000018,Jun Wang,United States | China,UNKNOWN,AAAI,2015,https://aaai.org/papers/9791-multi-view-point-registration-via-alternating-optimization/,Parsed from AAAI track pages or OJS issues; affiliation enrichment pending from PDF first pages; Country inferred from full first-page text using local Ollama model
AAAI-2015-A000019,Hongyuan Zha,United States | China,UNKNOWN,AAAI,2015,https://aaai.org/papers/9791-multi-view-point-registration-via-alternating-optimization/,Parsed from AAAI track pages or OJS issues; affiliation enrichment pending from PDF first pages; Country inferred from full first-page text using local Ollama model
AAAI-2015-A000020,Xiaokang Yang,China,UNKNOWN,AAAI,2015,https://aaai.org/papers/9791-multi-view-point-registration-via-alternating-optimization/,Parsed from AAAI track pages or OJS issues; affiliation enrichment pending from PDF first pages; Country inferred from full first-page text using local Ollama model
AAAI-2015-A000021,Stephen Chu,China,UNKNOWN,AAAI,2015,https://aaai.org/papers/9791-multi-view-point-registration-via-alternating-optimization/,Parsed from AAAI track pages or OJS issues; affiliation enrichment pending from PDF first pages; Country inferred from full first-page text using local Ollama model
AAAI-2015-A000022,Tarek El-Gaaly,United States,"Department of Computer Science, Rutgers University Piscataway, NJ , USA Center for Cognitive Science, Department of Psychology, Rutgers University Piscataway, NJ , USA",AAAI,2015,https://cdn.aaai.org/ojs/9793/9793-13-13321-1-2-20201228.pdf,Affiliation parsed from local first-page text extracted from paper PDF
AAAI-2015-A000023,Vicky Froyen,United States,"Department of Computer Science, Rutgers University Piscataway, NJ , USA Center for Cognitive Science, Department of Psychology, Rutgers University Piscataway, NJ , USA",AAAI,2015,https://cdn.aaai.org/ojs/9793/9793-13-13321-1-2-20201228.pdf,Affiliation parsed from local first-page text extracted from paper PDF
AAAI-2015-A000024,Ahmed Elgammal,United States,"Department of Computer Science, Rutgers University Piscataway, NJ , USA Center for Cognitive Science, Department of Psychology, Rutgers University Piscataway, NJ , USA",AAAI,2015,https://cdn.aaai.org/ojs/9793/9793-13-13321-1-2-20201228.pdf,Affiliation parsed from local first-page text extracted from paper PDF
AAAI-2015-A000025,Jacob Feldman,United States,"Department of Computer Science, Rutgers University Piscataway, NJ , USA Center for Cognitive Science, Department of Psychology, Rutgers University Piscataway, NJ , USA",AAAI,2015,https://cdn.aaai.org/ojs/9793/9793-13-13321-1-2-20201228.pdf,Affiliation parsed from local first-page text extracted from paper PDF
AAAI-2015-A000026,Manish Singh,United States,"Department of Computer Science, Rutgers University Piscataway, NJ , USA Center for Cognitive Science, Department of Psychology, Rutgers University Piscataway, NJ , USA",AAAI,2015,https://cdn.aaai.org/ojs/9793/9793-13-13321-1-2-20201228.pdf,Affiliation parsed from local first-page text extracted from paper PDF
AAAI-2015-A000027,Jun Guo,China,"Sun Yat-sen University, Guangzhou, P.R.China Microsoft Research, Beijing, P.R.China Sun Yat-sen University, Guangzhou, P.R.China",AAAI,2015,https://cdn.aaai.org/ojs/9794/9794-13-13322-1-2-20201228.pdf,Affiliation parsed from local first-page text extracted from paper PDF
AAAI-2015-A000028,Changhu Wang,China,"Sun Yat-sen University, Guangzhou, P.R.China Microsoft Research, Beijing, P.R.China Sun Yat-sen University, Guangzhou, P.R.China",AAAI,2015,https://cdn.aaai.org/ojs/9794/9794-13-13322-1-2-20201228.pdf,Affiliation parsed from local first-page text extracted from paper PDF
AAAI-2015-A000029,Hongyang Chao,China,"Sun Yat-sen University, Guangzhou, P.R.China Microsoft Research, Beijing, P.R.China Sun Yat-sen University, Guangzhou, P.R.China",AAAI,2015,https://cdn.aaai.org/ojs/9794/9794-13-13322-1-2-20201228.pdf,Affiliation parsed from local first-page text extracted from paper PDF
AAAI-2015-A000030,Shuo Yang,China,"Department of Information Engineering, The Chinese University of Hong Kong",AAAI,2015,https://cdn.aaai.org/ojs/9796/9796-13-13324-1-2-20201228.pdf,Affiliation parsed from local first-page text extracted from paper PDF; Country inferred from institution using local Ollama model
AAAI-2015-A000031,Ping Luo,China | Hong Kong,"Shenzhen Key Lab of CVPR, Shenzhen Institutes of Advanced Technology | Department of Information Engineering, The Chinese University of Hong Kong",AAAI,2015,https://cdn.aaai.org/ojs/9796/9796-13-13324-1-2-20201228.pdf,Affiliation parsed from local first-page text extracted from paper PDF; Country inferred from institution using local Ollama model
AAAI-2015-A000032,Chen Change Loy,China,"Department of Information Engineering, The Chinese University of Hong Kong | Shenzhen Key Lab of CVPR, Shenzhen Institutes of Advanced Technology",AAAI,2015,https://cdn.aaai.org/ojs/9796/9796-13-13324-1-2-20201228.pdf,Affiliation parsed from local first-page text extracted from paper PDF; Country inferred from institution using local Ollama model
AAAI-2015-A000033,Kenneth W. Shum,China,"Department of Information Engineering, The Chinese University of Hong Kong",AAAI,2015,https://cdn.aaai.org/ojs/9796/9796-13-13324-1-2-20201228.pdf,Affiliation parsed from local first-page text extracted from paper PDF; Country inferred from institution using local Ollama model
AAAI-2015-A000034,Xiaoou Tang,China,"Department of Information Engineering, The Chinese University of Hong Kong | Shenzhen Key Lab of CVPR, Shenzhen Institutes of Advanced Technology",AAAI,2015,https://cdn.aaai.org/ojs/9796/9796-13-13324-1-2-20201228.pdf,Affiliation parsed from local first-page text extracted from paper PDF; Country inferred from institution using local Ollama model
AAAI-2015-A000035,Erjin Zhou,China,"Tsinghua University, Beijing, China",AAAI,2015,https://cdn.aaai.org/ojs/9795/9795-13-13323-1-2-20201228.pdf,Affiliation parsed from local first-page text extracted from paper PDF
AAAI-2015-A000036,Haoqiang Fan,China,"Tsinghua University, Beijing, China",AAAI,2015,https://cdn.aaai.org/ojs/9795/9795-13-13323-1-2-20201228.pdf,Affiliation parsed from local first-page text extracted from paper PDF
AAAI-2015-A000037,Zhimin Cao,China,"Tsinghua University, Beijing, China",AAAI,2015,https://cdn.aaai.org/ojs/9795/9795-13-13323-1-2-20201228.pdf,Affiliation parsed from local first-page text extracted from paper PDF
AAAI-2015-A000038,Yuning Jiang,China,"Tsinghua University, Beijing, China",AAAI,2015,https://cdn.aaai.org/ojs/9795/9795-13-13323-1-2-20201228.pdf,Affiliation parsed from local first-page text extracted from paper PDF
AAAI-2015-A000039,Qi Yin,China,"Tsinghua University, Beijing, China",AAAI,2015,https://cdn.aaai.org/ojs/9795/9795-13-13323-1-2-20201228.pdf,Affiliation parsed from local first-page text extracted from paper PDF
AAAI-2015-A000040,Chaochao Lu,China,Department of Information Engineering The Chinese University of Hong Kong,AAAI,2015,https://cdn.aaai.org/ojs/9797/9797-13-13325-1-2-20201228.pdf,Affiliation parsed from local first-page text extracted from paper PDF; Country inferred from institution using local Ollama model
AAAI-2015-A000041,Xiaoou Tang,China,Department of Information Engineering The Chinese University of Hong Kong,AAAI,2015,https://cdn.aaai.org/ojs/9797/9797-13-13325-1-2-20201228.pdf,Affiliation parsed from local first-page text extracted from paper PDF; Country inferred from institution using local Ollama model
AAAI-2015-A000042,Chao Zhu,China,"Institute of Computer Science and Technology, Peking University Beijing , China",AAAI,2015,https://cdn.aaai.org/ojs/9798/9798-13-13326-1-2-20201228.pdf,Affiliation parsed from local first-page text extracted from paper PDF
AAAI-2015-A000043,Yuxin Peng,China,"Institute of Computer Science and Technology, Peking University Beijing , China",AAAI,2015,https://cdn.aaai.org/ojs/9798/9798-13-13326-1-2-20201228.pdf,Affiliation parsed from local first-page text extracted from paper PDF
AAAI-2015-A000044,Jayanta Dutta,United States,UNKNOWN,AAAI,2015,https://aaai.org/papers/9799-online-detection-of-abnormal-events-using-incremental-coding-length/,Parsed from AAAI track pages or OJS issues; affiliation enrichment pending from PDF first pages; Country inferred from full first-page text using local Ollama model
AAAI-2015-A000045,Bonny Banerjee,United States,UNKNOWN,AAAI,2015,https://aaai.org/papers/9799-online-detection-of-abnormal-events-using-incremental-coding-length/,Parsed from AAAI track pages or OJS issues; affiliation enrichment pending from PDF first pages; Country inferred from full first-page text using local Ollama model
AAAI-2015-A000046,Chuang Gan,China,"Institute for Interdisciplinary Information Sciences, Tsinghua University, Beijing, China",AAAI,2015,https://cdn.aaai.org/ojs/9800/9800-13-13328-1-2-20201228.pdf,Affiliation parsed from local first-page text extracted from paper PDF
AAAI-2015-A000047,Ming Lin,United States,"School of Computer Science, Carnegie Mellon University, Pittsburgh, USA",AAAI,2015,https://cdn.aaai.org/ojs/9800/9800-13-13328-1-2-20201228.pdf,Affiliation parsed from local first-page text extracted from paper PDF
AAAI-2015-A000048,Yi Yang,Australia,"Centre for Quantum Computation and Intelligent Systems, University of Technology Sydney, Sydney, Australia",AAAI,2015,https://cdn.aaai.org/ojs/9800/9800-13-13328-1-2-20201228.pdf,Affiliation parsed from local first-page text extracted from paper PDF
AAAI-2015-A000049,Yueting Zhuang,China,"College of Computer Science, Zhejiang University, Zhejiang, China",AAAI,2015,https://cdn.aaai.org/ojs/9800/9800-13-13328-1-2-20201228.pdf,Affiliation parsed from local first-page text extracted from paper PDF
AAAI-2015-A000050,Alexander G.Hauptmann,UNKNOWN,UNKNOWN,AAAI,2015,https://aaai.org/papers/9800-exploring-semantic-inter-class-relationships-sir-for-zero-shot-action-recognition/,Parsed from AAAI track pages or OJS issues; affiliation enrichment pending from PDF first pages
AAAI-2015-A000051,Bonnie Dorr,United States,"Institute for Human and Machine Cognition, SE Osceola Avenue, Ocala, FL",AAAI,2015,https://cdn.aaai.org/ojs/9766/9766-13-13294-1-2-20201228.pdf,Affiliation parsed from local first-page text extracted from paper PDF; Country inferred from institution using local Ollama model
AAAI-2015-A000052,Lucian Galescu,United States,"Institute for Human and Machine Cognition, SE Osceola Avenue, Ocala, FL",AAAI,2015,https://cdn.aaai.org/ojs/9766/9766-13-13294-1-2-20201228.pdf,Affiliation parsed from local first-page text extracted from paper PDF; Country inferred from institution using local Ollama model
AAAI-2015-A000053,Ian Perera,United States,"Institute for Human and Machine Cognition, SE Osceola Avenue, Ocala, FL",AAAI,2015,https://cdn.aaai.org/ojs/9766/9766-13-13294-1-2-20201228.pdf,Affiliation parsed from local first-page text extracted from paper PDF; Country inferred from institution using local Ollama model
AAAI-2015-A000054,Kristy Hollingshead-Seitz,United States,"Institute for Human and Machine Cognition, SE Osceola Avenue, Ocala, FL",AAAI,2015,https://cdn.aaai.org/ojs/9766/9766-13-13294-1-2-20201228.pdf,Affiliation parsed from local first-page text extracted from paper PDF; Country inferred from institution using local Ollama model
AAAI-2015-A000055,David Atkinson,United States,"Institute for Human and Machine Cognition, SE Osceola Avenue, Ocala, FL",AAAI,2015,https://cdn.aaai.org/ojs/9766/9766-13-13294-1-2-20201228.pdf,Affiliation parsed from local first-page text extracted from paper PDF; Country inferred from institution using local Ollama model
AAAI-2015-A000056,Micah Clark,United States,"Institute for Human and Machine Cognition, SE Osceola Avenue, Ocala, FL",AAAI,2015,https://cdn.aaai.org/ojs/9766/9766-13-13294-1-2-20201228.pdf,Affiliation parsed from local first-page text extracted from paper PDF; Country inferred from institution using local Ollama model
AAAI-2015-A000057,William Clancey,United States,"Institute for Human and Machine Cognition, SE Osceola Avenue, Ocala, FL",AAAI,2015,https://cdn.aaai.org/ojs/9766/9766-13-13294-1-2-20201228.pdf,Affiliation parsed from local first-page text extracted from paper PDF; Country inferred from institution using local Ollama model
AAAI-2015-A000058,Yorick Wilks,United States,"Institute for Human and Machine Cognition, SE Osceola Avenue, Ocala, FL",AAAI,2015,https://cdn.aaai.org/ojs/9766/9766-13-13294-1-2-20201228.pdf,Affiliation parsed from local first-page text extracted from paper PDF; Country inferred from institution using local Ollama model
AAAI-2015-A000059,Eric Fosler-Lussier,United States,"Institute for Human and Machine Cognition, SE Osceola Avenue, Ocala, FL",AAAI,2015,https://cdn.aaai.org/ojs/9766/9766-13-13294-1-2-20201228.pdf,Affiliation parsed from local first-page text extracted from paper PDF; Country inferred from institution using local Ollama model
AAAI-2015-A000060,Dana Nau,United States,UNKNOWN,AAAI,2015,https://aaai.org/papers/9768-blended-planning-and-acting-preliminary-approach-research-challenges/,Parsed from AAAI track pages or OJS issues; affiliation enrichment pending from PDF first pages; Country inferred from full first-page text using local Ollama model
AAAI-2015-A000061,Malik Ghallab,France,UNKNOWN,AAAI,2015,https://aaai.org/papers/9768-blended-planning-and-acting-preliminary-approach-research-challenges/,Parsed from AAAI track pages or OJS issues; affiliation enrichment pending from PDF first pages; Country inferred from full first-page text using local Ollama model
AAAI-2015-A000062,Paolo Traverso,Italy,UNKNOWN,AAAI,2015,https://aaai.org/papers/9768-blended-planning-and-acting-preliminary-approach-research-challenges/,Parsed from AAAI track pages or OJS issues; affiliation enrichment pending from PDF first pages; Country inferred from full first-page text using local Ollama model
AAAI-2015-A000063,Vinay Chaudhri,United States,"Artificial Intelligence Center, SRI International",AAAI,2015,https://cdn.aaai.org/ojs/9769/9769-13-13297-1-2-20201228.pdf,Affiliation parsed from local first-page text extracted from paper PDF; Country inferred from institution using local Ollama model
AAAI-2015-A000064,Sarit Kraus,Israel,"Department of Computer Science Bar-Ilan University, Ramat-Gan, Israel",AAAI,2015,https://cdn.aaai.org/ojs/9770/9770-13-13298-1-2-20201228.pdf,Affiliation parsed from local first-page text extracted from paper PDF
AAAI-2015-A000065,Michela Milano,Italy,"( ) DISI, University of Bologna - Italy",AAAI,2015,https://cdn.aaai.org/ojs/9771/9771-13-13299-1-2-20201228.pdf,Affiliation parsed from local first-page text extracted from paper PDF
AAAI-2015-A000066,Pascal Van Hentenryck,Italy,"( ) DISI, University of Bologna - Italy",AAAI,2015,https://cdn.aaai.org/ojs/9771/9771-13-13299-1-2-20201228.pdf,Affiliation parsed from local first-page text extracted from paper PDF
AAAI-2015-A000067,Wlodek Zadrozny,UNKNOWN,UNKNOWN,AAAI,2015,https://aaai.org/papers/9772-explaining-watson-polymath-style/,Parsed from AAAI track pages or OJS issues; affiliation enrichment pending from PDF first pages
AAAI-2015-A000068,Valeria de Paiva,UNKNOWN,UNKNOWN,AAAI,2015,https://aaai.org/papers/9772-explaining-watson-polymath-style/,Parsed from AAAI track pages or OJS issues; affiliation enrichment pending from PDF first pages
AAAI-2015-A000069,Lawrence Moss,UNKNOWN,UNKNOWN,AAAI,2015,https://aaai.org/papers/9772-explaining-watson-polymath-style/,Parsed from AAAI track pages or OJS issues; affiliation enrichment pending from PDF first pages
AAAI-2015-A000070,Shlomo Zilberstein,United States,School of Computer Science University of Massachusetts Amherst,AAAI,2015,https://cdn.aaai.org/ojs/9773/9773-13-13301-1-2-20201228.pdf,Affiliation parsed from local first-page text extracted from paper PDF; Country inferred from institution using local Ollama model
AAAI-2015-A000071,Luc De Raedt,Belgium,"KU Leuven, Department of Computer Science",AAAI,2015,https://cdn.aaai.org/ojs/9776/9776-13-13304-1-2-20201228.pdf,Affiliation parsed from local first-page text extracted from paper PDF; Country inferred from institution using local Ollama model
AAAI-2015-A000072,Cristina Conati,Canada,"University of British Columbia, Vancouver, Canada.",AAAI,2015,https://cdn.aaai.org/ojs/9775/9775-13-13303-1-2-20201228.pdf,Affiliation parsed from local first-page text extracted from paper PDF
AAAI-2015-A000073,Giuseppe Carenini,Canada,"University of British Columbia, Vancouver, Canada.",AAAI,2015,https://cdn.aaai.org/ojs/9775/9775-13-13303-1-2-20201228.pdf,Affiliation parsed from local first-page text extracted from paper PDF
AAAI-2015-A000074,Dereck Toker,Canada,"University of British Columbia, Vancouver, Canada.",AAAI,2015,https://cdn.aaai.org/ojs/9775/9775-13-13303-1-2-20201228.pdf,Affiliation parsed from local first-page text extracted from paper PDF
AAAI-2015-A000075,Sébastien Lallé,Canada,"University of British Columbia, Vancouver, Canada.",AAAI,2015,https://cdn.aaai.org/ojs/9775/9775-13-13303-1-2-20201228.pdf,Affiliation parsed from local first-page text extracted from paper PDF
AAAI-2015-A000076,Margot Lhommet,United States,Northeastern University,AAAI,2015,https://cdn.aaai.org/ojs/9778/9778-13-13306-1-2-20201228.pdf,Affiliation parsed from local first-page text extracted from paper PDF
AAAI-2015-A000077,Yuyu Xu,United States,Northeastern University,AAAI,2015,https://cdn.aaai.org/ojs/9778/9778-13-13306-1-2-20201228.pdf,Affiliation parsed from local first-page text extracted from paper PDF
AAAI-2015-A000078,Stacy Marsella,United States,Northeastern University,AAAI,2015,https://cdn.aaai.org/ojs/9778/9778-13-13306-1-2-20201228.pdf,Affiliation parsed from local first-page text extracted from paper PDF
AAAI-2015-A000079,Toby Walsh,Australia,"NICTA and UNSW Sydney, Australia",AAAI,2015,https://cdn.aaai.org/ojs/9774/9774-13-13302-1-2-20201228.pdf,Affiliation parsed from local first-page text extracted from paper PDF
AAAI-2015-A000080,Louis-Philippe Morency,United States,"Institute for Creative Technologies, University of Southern California",AAAI,2015,https://cdn.aaai.org/ojs/9777/9777-13-13305-1-2-20201228.pdf,Affiliation parsed from local first-page text extracted from paper PDF; Country inferred from institution using local Ollama model
AAAI-2015-A000081,Giota Stratou,United States,"Institute for Creative Technologies, University of Southern California",AAAI,2015,https://cdn.aaai.org/ojs/9777/9777-13-13305-1-2-20201228.pdf,Affiliation parsed from local first-page text extracted from paper PDF; Country inferred from institution using local Ollama model
AAAI-2015-A000082,David DeVault,United States,"Institute for Creative Technologies, University of Southern California",AAAI,2015,https://cdn.aaai.org/ojs/9777/9777-13-13305-1-2-20201228.pdf,Affiliation parsed from local first-page text extracted from paper PDF; Country inferred from institution using local Ollama model
AAAI-2015-A000083,Arno Hartholt,United States,"Institute for Creative Technologies, University of Southern California",AAAI,2015,https://cdn.aaai.org/ojs/9777/9777-13-13305-1-2-20201228.pdf,Affiliation parsed from local first-page text extracted from paper PDF; Country inferred from institution using local Ollama model
AAAI-2015-A000084,Margo Lhommet,United States,"Institute for Creative Technologies, University of Southern California",AAAI,2015,https://cdn.aaai.org/ojs/9777/9777-13-13305-1-2-20201228.pdf,Affiliation parsed from local first-page text extracted from paper PDF; Country inferred from institution using local Ollama model
AAAI-2015-A000085,Gale Lucas,United States,"Institute for Creative Technologies, University of Southern California",AAAI,2015,https://cdn.aaai.org/ojs/9777/9777-13-13305-1-2-20201228.pdf,Affiliation parsed from local first-page text extracted from paper PDF; Country inferred from institution using local Ollama model
AAAI-2015-A000086,Fabrizio Morbini,United States,"Institute for Creative Technologies, University of Southern California",AAAI,2015,https://cdn.aaai.org/ojs/9777/9777-13-13305-1-2-20201228.pdf,Affiliation parsed from local first-page text extracted from paper PDF; Country inferred from institution using local Ollama model
AAAI-2015-A000087,Kallirroi Georgila,United States,"Institute for Creative Technologies, University of Southern California",AAAI,2015,https://cdn.aaai.org/ojs/9777/9777-13-13305-1-2-20201228.pdf,Affiliation parsed from local first-page text extracted from paper PDF; Country inferred from institution using local Ollama model
AAAI-2015-A000088,Stefan Scherer,United States,"Institute for Creative Technologies, University of Southern California",AAAI,2015,https://cdn.aaai.org/ojs/9777/9777-13-13305-1-2-20201228.pdf,Affiliation parsed from local first-page text extracted from paper PDF; Country inferred from institution using local Ollama model
AAAI-2015-A000089,Jonathan Gratch,United States,"Institute for Creative Technologies, University of Southern California",AAAI,2015,https://cdn.aaai.org/ojs/9777/9777-13-13305-1-2-20201228.pdf,Affiliation parsed from local first-page text extracted from paper PDF; Country inferred from institution using local Ollama model
AAAI-2015-A000090,Stacy Marsella,United States,"Institute for Creative Technologies, University of Southern California",AAAI,2015,https://cdn.aaai.org/ojs/9777/9777-13-13305-1-2-20201228.pdf,Affiliation parsed from local first-page text extracted from paper PDF; Country inferred from institution using local Ollama model
AAAI-2015-A000091,David Traum,United States,"Institute for Creative Technologies, University of Southern California",AAAI,2015,https://cdn.aaai.org/ojs/9777/9777-13-13305-1-2-20201228.pdf,Affiliation parsed from local first-page text extracted from paper PDF; Country inferred from institution using local Ollama model
AAAI-2015-A000092,Albert Rizzo,United States,"Institute for Creative Technologies, University of Southern California",AAAI,2015,https://cdn.aaai.org/ojs/9777/9777-13-13305-1-2-20201228.pdf,Affiliation parsed from local first-page text extracted from paper PDF; Country inferred from institution using local Ollama model
AAAI-2015-A000093,Florian Pecune,UNKNOWN,UNKNOWN,AAAI,2015,https://aaai.org/papers/9779-lol-laugh-out-loud/,Parsed from AAAI track pages or OJS issues; affiliation enrichment pending from PDF first pages
AAAI-2015-A000094,Beatrice Biancardi,UNKNOWN,UNKNOWN,AAAI,2015,https://aaai.org/papers/9779-lol-laugh-out-loud/,Parsed from AAAI track pages or OJS issues; affiliation enrichment pending from PDF first pages
AAAI-2015-A000095,Yu Ding,UNKNOWN,UNKNOWN,AAAI,2015,https://aaai.org/papers/9779-lol-laugh-out-loud/,Parsed from AAAI track pages or OJS issues; affiliation enrichment pending from PDF first pages
AAAI-2015-A000096,Catherine Pelachaud,France,UNKNOWN,AAAI,2015,https://aaai.org/papers/9779-lol-laugh-out-loud/,Parsed from AAAI track pages or OJS issues; affiliation enrichment pending from PDF first pages; Country inferred from full first-page text using local Ollama model
AAAI-2015-A000097,Maurizio Mancini,Italy,UNKNOWN,AAAI,2015,https://aaai.org/papers/9779-lol-laugh-out-loud/,Parsed from AAAI track pages or OJS issues; affiliation enrichment pending from PDF first pages; Country inferred from full first-page text using local Ollama model
AAAI-2015-A000098,Giovanna Varni,Italy,UNKNOWN,AAAI,2015,https://aaai.org/papers/9779-lol-laugh-out-loud/,Parsed from AAAI track pages or OJS issues; affiliation enrichment pending from PDF first pages; Country inferred from full first-page text using local Ollama model
AAAI-2015-A000099,Antonio Camurri,Italy,UNKNOWN,AAAI,2015,https://aaai.org/papers/9779-lol-laugh-out-loud/,Parsed from AAAI track pages or OJS issues; affiliation enrichment pending from PDF first pages; Country inferred from full first-page text using local Ollama model
AAAI-2015-A000100,Gualtiero Volpe,Italy,UNKNOWN,AAAI,2015,https://aaai.org/papers/9779-lol-laugh-out-loud/,Parsed from AAAI track pages or OJS issues; affiliation enrichment pending from PDF first pages; Country inferred from full first-page text using local Ollama model
AAAI-2015-A000101,Julie Porteous,United Kingdom,"School of Computing, Teesside University Middlesbrough, United Kingdom",AAAI,2015,https://cdn.aaai.org/ojs/9781/9781-13-13309-1-2-20201228.pdf,Affiliation parsed from local first-page text extracted from paper PDF
AAAI-2015-A000102,Fred Charles,United Kingdom,"School of Computing, Teesside University Middlesbrough, United Kingdom",AAAI,2015,https://cdn.aaai.org/ojs/9781/9781-13-13309-1-2-20201228.pdf,Affiliation parsed from local first-page text extracted from paper PDF
AAAI-2015-A000103,Marc Cavazza,United Kingdom,"School of Computing, Teesside University Middlesbrough, United Kingdom",AAAI,2015,https://cdn.aaai.org/ojs/9781/9781-13-13309-1-2-20201228.pdf,Affiliation parsed from local first-page text extracted from paper PDF
AAAI-2015-A000104,Boyang Li,United States,"School of Interactive Computing, Georgia Institute of Technology",AAAI,2015,https://cdn.aaai.org/ojs/9782/9782-13-13310-1-2-20201228.pdf,Affiliation parsed from local first-page text extracted from paper PDF; Country inferred from institution using local Ollama model
AAAI-2015-A000105,Mark Riedl,United States,"School of Interactive Computing, Georgia Institute of Technology",AAAI,2015,https://cdn.aaai.org/ojs/9782/9782-13-13310-1-2-20201228.pdf,Affiliation parsed from local first-page text extracted from paper PDF; Country inferred from institution using local Ollama model
AAAI-2015-A000106,Stephen Ware,UNKNOWN,UNKNOWN,AAAI,2015,https://aaai.org/papers/9780-interactive-narrative-planning-in-the-best-laid-plans/,Parsed from AAAI track pages or OJS issues; affiliation enrichment pending from PDF first pages
AAAI-2015-A000107,R. Young,UNKNOWN,UNKNOWN,AAAI,2015,https://aaai.org/papers/9780-interactive-narrative-planning-in-the-best-laid-plans/,Parsed from AAAI track pages or OJS issues; affiliation enrichment pending from PDF first pages
AAAI-2015-A000108,Christian Stith,United States,UNKNOWN,AAAI,2015,https://aaai.org/papers/9780-interactive-narrative-planning-in-the-best-laid-plans/,Parsed from AAAI track pages or OJS issues; affiliation enrichment pending from PDF first pages; Country inferred from full first-page text using local Ollama model
AAAI-2015-A000109,Phillip Wright,United States,UNKNOWN,AAAI,2015,https://aaai.org/papers/9780-interactive-narrative-planning-in-the-best-laid-plans/,Parsed from AAAI track pages or OJS issues; affiliation enrichment pending from PDF first pages; Country inferred from full first-page text using local Ollama model
AAAI-2015-A000110,Liming Zhao,China,"College of Computer Science Zhejiang University, Hangzhou , China",AAAI,2015,https://cdn.aaai.org/ojs/9783/9783-13-13311-1-2-20201228.pdf,Affiliation parsed from local first-page text extracted from paper PDF
AAAI-2015-A000111,Xi Li,China,"College of Computer Science Zhejiang University, Hangzhou , China",AAAI,2015,https://cdn.aaai.org/ojs/9783/9783-13-13311-1-2-20201228.pdf,Affiliation parsed from local first-page text extracted from paper PDF
AAAI-2015-A000112,Jun Xiao,China,"College of Computer Science Zhejiang University, Hangzhou , China",AAAI,2015,https://cdn.aaai.org/ojs/9783/9783-13-13311-1-2-20201228.pdf,Affiliation parsed from local first-page text extracted from paper PDF
AAAI-2015-A000113,Fei Wu,China,"College of Computer Science Zhejiang University, Hangzhou , China",AAAI,2015,https://cdn.aaai.org/ojs/9783/9783-13-13311-1-2-20201228.pdf,Affiliation parsed from local first-page text extracted from paper PDF
AAAI-2015-A000114,Yueting Zhuang,China,"College of Computer Science Zhejiang University, Hangzhou , China",AAAI,2015,https://cdn.aaai.org/ojs/9783/9783-13-13311-1-2-20201228.pdf,Affiliation parsed from local first-page text extracted from paper PDF
AAAI-2015-A000115,Johannes Lederer,United States,"EECS Department University of California Berkeley, CA",AAAI,2015,https://cdn.aaai.org/ojs/9784/9784-13-13312-1-2-20201228.pdf,Affiliation parsed from local first-page text extracted from paper PDF
AAAI-2015-A000116,Sergio Guadarrama,United States,"EECS Department University of California Berkeley, CA",AAAI,2015,https://cdn.aaai.org/ojs/9784/9784-13-13312-1-2-20201228.pdf,Affiliation parsed from local first-page text extracted from paper PDF
AAAI-2015-A000117,Bo Jiang,China,"School of Computer Science and Technology, Anhui University, Hefei, China",AAAI,2015,https://cdn.aaai.org/ojs/9785/9785-13-13313-1-2-20201228.pdf,Affiliation parsed from local first-page text extracted from paper PDF
AAAI-2015-A000118,Jin Tang,China,"School of Computer Science and Technology, Anhui University, Hefei, China",AAAI,2015,https://cdn.aaai.org/ojs/9785/9785-13-13313-1-2-20201228.pdf,Affiliation parsed from local first-page text extracted from paper PDF
AAAI-2015-A000119,Chris Ding,United States | China,"CSE Department, University of Texas at Arlington, Arlington, TX , USA | School of Computer Science and Technology, Anhui University, Hefei, China",AAAI,2015,https://cdn.aaai.org/ojs/9785/9785-13-13313-1-2-20201228.pdf,Affiliation parsed from local first-page text extracted from paper PDF
AAAI-2015-A000120,Bin Luo,China,"School of Computer Science and Technology, Anhui University, Hefei, China",AAAI,2015,https://cdn.aaai.org/ojs/9785/9785-13-13313-1-2-20201228.pdf,Affiliation parsed from local first-page text extracted from paper PDF
AAAI-2015-A000121,Yan Yan,Italy,"University of Trento, Italy",AAAI,2015,https://cdn.aaai.org/ojs/9787/9787-13-13315-1-2-20201228.pdf,Affiliation parsed from local first-page text extracted from paper PDF
AAAI-2015-A000122,Yi Yang,Australia,"University of Technology Sydney, Australia",AAAI,2015,https://cdn.aaai.org/ojs/9787/9787-13-13315-1-2-20201228.pdf,Affiliation parsed from local first-page text extracted from paper PDF
AAAI-2015-A000123,Haoquan Shen,Australia,"University of Technology Sydney, Australia",AAAI,2015,https://cdn.aaai.org/ojs/9787/9787-13-13315-1-2-20201228.pdf,Affiliation parsed from local first-page text extracted from paper PDF
AAAI-2015-A000124,Deyu Meng,UNKNOWN,UNKNOWN,AAAI,2015,https://aaai.org/papers/9787-complex-event-detection-via-event-oriented-dictionary-learning/,Parsed from AAAI track pages or OJS issues; affiliation enrichment pending from PDF first pages
AAAI-2015-A000125,Gaowen Liu,Italy,"University of Trento, Italy",AAAI,2015,https://cdn.aaai.org/ojs/9787/9787-13-13315-1-2-20201228.pdf,Affiliation parsed from local first-page text extracted from paper PDF
AAAI-2015-A000126,Alex Hauptmann,United States,"Carnegie Mellon University, USA",AAAI,2015,https://cdn.aaai.org/ojs/9787/9787-13-13315-1-2-20201228.pdf,Affiliation parsed from local first-page text extracted from paper PDF
AAAI-2015-A000127,Nicu Sebe,Italy,"University of Trento, Italy",AAAI,2015,https://cdn.aaai.org/ojs/9787/9787-13-13315-1-2-20201228.pdf,Affiliation parsed from local first-page text extracted from paper PDF
AAAI-2015-A000128,Matt Barnes,United States,UNKNOWN,AAAI,2015,https://aaai.org/papers/9746-leveraging-common-structure-to-improve-prediction-across-related-datasets/,Parsed from AAAI track pages or OJS issues; affiliation enrichment pending from PDF first pages; Country inferred from full first-page text using local Ollama model
AAAI-2015-A000129,Nick Gisolfi,United States,UNKNOWN,AAAI,2015,https://aaai.org/papers/9746-leveraging-common-structure-to-improve-prediction-across-related-datasets/,Parsed from AAAI track pages or OJS issues; affiliation enrichment pending from PDF first pages; Country inferred from full first-page text using local Ollama model
AAAI-2015-A000130,Madalina Fiterau,United States,UNKNOWN,AAAI,2015,https://aaai.org/papers/9746-leveraging-common-structure-to-improve-prediction-across-related-datasets/,Parsed from AAAI track pages or OJS issues; affiliation enrichment pending from PDF first pages; Country inferred from full first-page text using local Ollama model
AAAI-2015-A000131,Artur Dubrawski,United States,UNKNOWN,AAAI,2015,https://aaai.org/papers/9746-leveraging-common-structure-to-improve-prediction-across-related-datasets/,Parsed from AAAI track pages or OJS issues; affiliation enrichment pending from PDF first pages; Country inferred from full first-page text using local Ollama model
AAAI-2015-A000132,Nick Gisolfi,United States,UNKNOWN,AAAI,2015,https://aaai.org/papers/9748-finding-meaningful-gaps-to-guide-data-acquisition-for-a-radiation-adjudication-system/,Parsed from AAAI track pages or OJS issues; affiliation enrichment pending from PDF first pages; Country inferred from full first-page text using local Ollama model
AAAI-2015-A000133,Madalina Fiterau,United States,UNKNOWN,AAAI,2015,https://aaai.org/papers/9748-finding-meaningful-gaps-to-guide-data-acquisition-for-a-radiation-adjudication-system/,Parsed from AAAI track pages or OJS issues; affiliation enrichment pending from PDF first pages; Country inferred from full first-page text using local Ollama model
AAAI-2015-A000134,Artur Dubrawski,United States,UNKNOWN,AAAI,2015,https://aaai.org/papers/9748-finding-meaningful-gaps-to-guide-data-acquisition-for-a-radiation-adjudication-system/,Parsed from AAAI track pages or OJS issues; affiliation enrichment pending from PDF first pages; Country inferred from full first-page text using local Ollama model
AAAI-2015-A000135,David Cohen,United Kingdom,University of London,AAAI,2015,https://cdn.aaai.org/ojs/9749/9749-13-13277-1-2-20201228.pdf,Affiliation parsed from local first-page text extracted from paper PDF; Country inferred from institution using local Ollama model
AAAI-2015-A000136,Martin Cooper,United Kingdom,University of London,AAAI,2015,https://cdn.aaai.org/ojs/9749/9749-13-13277-1-2-20201228.pdf,Affiliation parsed from local first-page text extracted from paper PDF; Country inferred from institution using local Ollama model
AAAI-2015-A000137,Peter Jeavons,United Kingdom,University of London,AAAI,2015,https://cdn.aaai.org/ojs/9749/9749-13-13277-1-2-20201228.pdf,Affiliation parsed from local first-page text extracted from paper PDF; Country inferred from institution using local Ollama model
AAAI-2015-A000138,Stanislav Zivny,United Kingdom,University of London,AAAI,2015,https://cdn.aaai.org/ojs/9749/9749-13-13277-1-2-20201228.pdf,Affiliation parsed from local first-page text extracted from paper PDF; Country inferred from institution using local Ollama model
AAAI-2015-A000139,Valeriy Balabanov,Taiwan,"GIEE, National Taiwan University, Taipei, Taiwan",AAAI,2015,https://cdn.aaai.org/ojs/9750/9750-13-13278-1-2-20201228.pdf,Affiliation parsed from local first-page text extracted from paper PDF
AAAI-2015-A000140,Jie-Hong Jiang,UNKNOWN,UNKNOWN,AAAI,2015,https://aaai.org/papers/9750-efficient-extraction-of-qbf-countermodels-from-long-distance-resolution-proofs/,Parsed from AAAI track pages or OJS issues; affiliation enrichment pending from PDF first pages
AAAI-2015-A000141,Mikolas Janota,UNKNOWN,UNKNOWN,AAAI,2015,https://aaai.org/papers/9750-efficient-extraction-of-qbf-countermodels-from-long-distance-resolution-proofs/,Parsed from AAAI track pages or OJS issues; affiliation enrichment pending from PDF first pages
AAAI-2015-A000142,Magdalena Widl,Austria,"Vienna University of Technology, Austria",AAAI,2015,https://cdn.aaai.org/ojs/9750/9750-13-13278-1-2-20201228.pdf,Affiliation parsed from local first-page text extracted from paper PDF; Country inferred from institution using local Ollama model
AAAI-2015-A000143,Philippe Besnard,France,UNKNOWN,AAAI,2015,https://aaai.org/papers/9751-on-computing-maximal-subsets-of-clauses-that-must-be-satisfiable-with-possibly-mutually-contradictory-assumptive-contexts/,Parsed from AAAI track pages or OJS issues; affiliation enrichment pending from PDF first pages; Country inferred from full first-page text using local Ollama model
AAAI-2015-A000144,Eric Grégoire,France,UNKNOWN,AAAI,2015,https://aaai.org/papers/9751-on-computing-maximal-subsets-of-clauses-that-must-be-satisfiable-with-possibly-mutually-contradictory-assumptive-contexts/,Parsed from AAAI track pages or OJS issues; affiliation enrichment pending from PDF first pages; Country inferred from full first-page text using local Ollama model
AAAI-2015-A000145,Jean-Marie Lagniez,France,UNKNOWN,AAAI,2015,https://aaai.org/papers/9751-on-computing-maximal-subsets-of-clauses-that-must-be-satisfiable-with-possibly-mutually-contradictory-assumptive-contexts/,Parsed from AAAI track pages or OJS issues; affiliation enrichment pending from PDF first pages; Country inferred from full first-page text using local Ollama model
AAAI-2015-A000146,Niklas Een,United States,UNKNOWN,AAAI,2015,https://aaai.org/papers/9752-sat-based-strategy-extraction-in-reachability-games/,Parsed from AAAI track pages or OJS issues; affiliation enrichment pending from PDF first pages; Country inferred from full first-page text using local Ollama model
AAAI-2015-A000147,Alexander Legg,UNKNOWN,UNKNOWN,AAAI,2015,https://aaai.org/papers/9752-sat-based-strategy-extraction-in-reachability-games/,Parsed from AAAI track pages or OJS issues; affiliation enrichment pending from PDF first pages
AAAI-2015-A000148,Nina Narodytska,UNKNOWN,UNKNOWN,AAAI,2015,https://aaai.org/papers/9752-sat-based-strategy-extraction-in-reachability-games/,Parsed from AAAI track pages or OJS issues; affiliation enrichment pending from PDF first pages
AAAI-2015-A000149,Leonid Ryzhyk,Australia | Canada | United States,UNKNOWN,AAAI,2015,https://aaai.org/papers/9752-sat-based-strategy-extraction-in-reachability-games/,Parsed from AAAI track pages or OJS issues; affiliation enrichment pending from PDF first pages; Country inferred from full first-page text using local Ollama model
AAAI-2015-A000150,Marco Bozzano,Italy,Fondazione Bruno Kessler – Italy,AAAI,2015,https://cdn.aaai.org/ojs/9753/9753-13-13281-1-2-20201228.pdf,Affiliation parsed from local first-page text extracted from paper PDF
AAAI-2015-A000151,Alessandro Cimatti,Italy,Fondazione Bruno Kessler – Italy,AAAI,2015,https://cdn.aaai.org/ojs/9753/9753-13-13281-1-2-20201228.pdf,Affiliation parsed from local first-page text extracted from paper PDF
AAAI-2015-A000152,Marco Gario,Italy,Fondazione Bruno Kessler – Italy,AAAI,2015,https://cdn.aaai.org/ojs/9753/9753-13-13281-1-2-20201228.pdf,Affiliation parsed from local first-page text extracted from paper PDF
AAAI-2015-A000153,Andrea Micheli,Italy,Fondazione Bruno Kessler – Italy,AAAI,2015,https://cdn.aaai.org/ojs/9753/9753-13-13281-1-2-20201228.pdf,Affiliation parsed from local first-page text extracted from paper PDF
AAAI-2015-A000154,Philippe Jégou,France,UNKNOWN,AAAI,2015,https://aaai.org/papers/9754-the-extendable-triple-property-a-new-csp-tractable-class-beyond-btp/,Parsed from AAAI track pages or OJS issues; affiliation enrichment pending from PDF first pages; Country inferred from full first-page text using local Ollama model
AAAI-2015-A000155,Cyril Terrioux,France,UNKNOWN,AAAI,2015,https://aaai.org/papers/9754-the-extendable-triple-property-a-new-csp-tractable-class-beyond-btp/,Parsed from AAAI track pages or OJS issues; affiliation enrichment pending from PDF first pages; Country inferred from full first-page text using local Ollama model
AAAI-2015-A000156,Sam Bayless,Canada,UNKNOWN,AAAI,2015,https://aaai.org/papers/9755-sat-modulo-monotonic-theories/,Parsed from AAAI track pages or OJS issues; affiliation enrichment pending from PDF first pages; Country inferred from full first-page text using local Ollama model
AAAI-2015-A000157,Noah Bayless,Canada,UNKNOWN,AAAI,2015,https://aaai.org/papers/9755-sat-modulo-monotonic-theories/,Parsed from AAAI track pages or OJS issues; affiliation enrichment pending from PDF first pages; Country inferred from full first-page text using local Ollama model
AAAI-2015-A000158,Holger Hoos,UNKNOWN,UNKNOWN,AAAI,2015,https://aaai.org/papers/9755-sat-modulo-monotonic-theories/,Parsed from AAAI track pages or OJS issues; affiliation enrichment pending from PDF first pages
AAAI-2015-A000159,Alan Hu,UNKNOWN,UNKNOWN,AAAI,2015,https://aaai.org/papers/9755-sat-modulo-monotonic-theories/,Parsed from AAAI track pages or OJS issues; affiliation enrichment pending from PDF first pages
AAAI-2015-A000160,Tuomas Sandholm,United States,UNKNOWN,AAAI,2015,https://aaai.org/papers/9757-abstraction-for-solving-large-incomplete-information-games/,Parsed from AAAI track pages or OJS issues; affiliation enrichment pending from PDF first pages; Country inferred from full first-page text using local Ollama model
AAAI-2015-A000161,Christian Bessiere,France,"CNRS, University of Montpellier",AAAI,2015,https://cdn.aaai.org/ojs/9756/9756-13-13284-1-2-20201228.pdf,Affiliation parsed from local first-page text extracted from paper PDF; Country inferred from institution using local Ollama model
AAAI-2015-A000162,Anastasia Paparrizou,France,"CNRS, University of Montpellier",AAAI,2015,https://cdn.aaai.org/ojs/9756/9756-13-13284-1-2-20201228.pdf,Affiliation parsed from local first-page text extracted from paper PDF; Country inferred from institution using local Ollama model
AAAI-2015-A000163,Kostas Stergiou,France,"CNRS, University of Montpellier",AAAI,2015,https://cdn.aaai.org/ojs/9756/9756-13-13284-1-2-20201228.pdf,Affiliation parsed from local first-page text extracted from paper PDF; Country inferred from institution using local Ollama model
AAAI-2015-A000164,Tuomas Sandholm,United States,Computer Science Department Carnegie Mellon University,AAAI,2015,https://cdn.aaai.org/ojs/9758/9758-13-13286-1-2-20201228.pdf,Affiliation parsed from local first-page text extracted from paper PDF
AAAI-2015-A000165,Jussi Rintanen,Finland,"Aalto University, Department of Information and Computer Science Helsinki, Finland",AAAI,2015,https://cdn.aaai.org/ojs/9760/9760-13-13288-1-2-20201228.pdf,Affiliation parsed from local first-page text extracted from paper PDF; Country inferred from institution using local Ollama model
AAAI-2015-A000166,Lenhart Schubert,United States,University of Rochester,AAAI,2015,https://cdn.aaai.org/ojs/9759/9759-13-13287-1-2-20201228.pdf,Affiliation parsed from local first-page text extracted from paper PDF; Country inferred from institution using local Ollama model
AAAI-2015-A000167,Oliver Niggemann,Germany,"inIT–Institute for Industrial IT, University of Applied Sciences OWL, Lemgo, Germany",AAAI,2015,https://cdn.aaai.org/ojs/9762/9762-13-13290-1-2-20201228.pdf,Affiliation parsed from local first-page text extracted from paper PDF
AAAI-2015-A000168,Volker Lohweg,Germany,"inIT–Institute for Industrial IT, University of Applied Sciences OWL, Lemgo, Germany",AAAI,2015,https://cdn.aaai.org/ojs/9762/9762-13-13290-1-2-20201228.pdf,Affiliation parsed from local first-page text extracted from paper PDF
AAAI-2015-A000169,Xiaojin Zhu,United States,"Department of Computer Sciences, University of Wisconsin–Madison",AAAI,2015,https://cdn.aaai.org/ojs/9761/9761-13-13289-1-2-20201228.pdf,Affiliation parsed from local first-page text extracted from paper PDF; Country inferred from institution using local Ollama model
AAAI-2015-A000170,Pierre Marquis,France,"CRIL-CNRS, Université d’Artois, France",AAAI,2015,https://cdn.aaai.org/ojs/9763/9763-13-13291-1-2-20201228.pdf,Affiliation parsed from local first-page text extracted from paper PDF
AAAI-2015-A000171,Jeffrey Siskind,United States,UNKNOWN,AAAI,2015,https://aaai.org/papers/9767-conducting-neuroscience-to-guide-the-development-of-ai/,Parsed from AAAI track pages or OJS issues; affiliation enrichment pending from PDF first pages; Country inferred from full first-page text using local Ollama model
AAAI-2015-A000172,Tie-Yan Liu,United States,Microsoft Research,AAAI,2015,https://cdn.aaai.org/ojs/9764/9764-13-13292-1-2-20201228.pdf,Affiliation parsed from local first-page text extracted from paper PDF; Country inferred from institution using local Ollama model
AAAI-2015-A000173,Wei Chen,United States,Microsoft Research,AAAI,2015,https://cdn.aaai.org/ojs/9764/9764-13-13292-1-2-20201228.pdf,Affiliation parsed from local first-page text extracted from paper PDF; Country inferred from institution using local Ollama model
AAAI-2015-A000174,Tao Qin,United States,Microsoft Research,AAAI,2015,https://cdn.aaai.org/ojs/9764/9764-13-13292-1-2-20201228.pdf,Affiliation parsed from local first-page text extracted from paper PDF; Country inferred from institution using local Ollama model
AAAI-2015-A000175,Howard Shrobe,United States,UNKNOWN,AAAI,2015,https://aaai.org/papers/9765-towards-a-programmers-apprentice-again/,Parsed from AAAI track pages or OJS issues; affiliation enrichment pending from PDF first pages; Country inferred from full first-page text using local Ollama model
AAAI-2015-A000176,Boris Katz,United States,UNKNOWN,AAAI,2015,https://aaai.org/papers/9765-towards-a-programmers-apprentice-again/,Parsed from AAAI track pages or OJS issues; affiliation enrichment pending from PDF first pages; Country inferred from full first-page text using local Ollama model
AAAI-2015-A000177,Randall Davis,United States,UNKNOWN,AAAI,2015,https://aaai.org/papers/9765-towards-a-programmers-apprentice-again/,Parsed from AAAI track pages or OJS issues; affiliation enrichment pending from PDF first pages; Country inferred from full first-page text using local Ollama model
AAAI-2015-A000178,Daniel Geschwender,United States,"Computer Science and Engineering, University of Nebraska-Lincoln, USA",AAAI,2015,https://cdn.aaai.org/ojs/9728/9728-13-13256-1-2-20201228.pdf,Affiliation parsed from local first-page text extracted from paper PDF
AAAI-2015-A000179,Robert Woodward,United States,"Computer Science and Engineering, University of Nebraska-Lincoln, USA",AAAI,2015,https://cdn.aaai.org/ojs/9728/9728-13-13256-1-2-20201228.pdf,Affiliation parsed from local first-page text extracted from paper PDF
AAAI-2015-A000180,Berthe Choueiry,United States,"Computer Science and Engineering, University of Nebraska-Lincoln, USA",AAAI,2015,https://cdn.aaai.org/ojs/9728/9728-13-13256-1-2-20201228.pdf,Affiliation parsed from local first-page text extracted from paper PDF
AAAI-2015-A000181,Niket Tandon,Germany,Max Planck Institute for Informatics,AAAI,2015,https://cdn.aaai.org/ojs/9727/9727-13-13255-1-2-20201228.pdf,Affiliation parsed from local first-page text extracted from paper PDF; Country inferred from institution using local Ollama model
AAAI-2015-A000182,Shekhar Sharma,Germany,Max Planck Institute for Informatics,AAAI,2015,https://cdn.aaai.org/ojs/9727/9727-13-13255-1-2-20201228.pdf,Affiliation parsed from local first-page text extracted from paper PDF; Country inferred from institution using local Ollama model
AAAI-2015-A000183,Tanima Makkad,Germany,Max Planck Institute for Informatics,AAAI,2015,https://cdn.aaai.org/ojs/9727/9727-13-13255-1-2-20201228.pdf,Affiliation parsed from local first-page text extracted from paper PDF; Country inferred from institution using local Ollama model
AAAI-2015-A000184,Jennifer D'Souza,UNKNOWN,UNKNOWN,AAAI,2015,https://aaai.org/papers/9729-a-multi-pass-sieve-for-name-normalization/,Parsed from AAAI track pages or OJS issues; affiliation enrichment pending from PDF first pages
AAAI-2015-A000185,Saad Alqithami,United States,"Department of Computer Science Southern Illinois University, Carbondale, IL",AAAI,2015,https://cdn.aaai.org/ojs/9730/9730-13-13258-1-2-20201228.pdf,Affiliation parsed from local first-page text extracted from paper PDF; Country inferred from institution using local Ollama model
AAAI-2015-A000186,Valentin Mayer-Eichberger,Australia,NICTA and University of New South Wales,AAAI,2015,https://cdn.aaai.org/ojs/9733/9733-13-13261-1-2-20201228.pdf,Affiliation parsed from local first-page text extracted from paper PDF; Country inferred from institution using local Ollama model
AAAI-2015-A000187,Yaowei Yan,United States,"Dept. of Electrical & Computer Engineering, University of Akron, Akron, OH, USA",AAAI,2015,https://cdn.aaai.org/ojs/9732/9732-13-13260-1-2-20201228.pdf,Affiliation parsed from local first-page text extracted from paper PDF
AAAI-2015-A000188,Chris Gutierrez,UNKNOWN,UNKNOWN,AAAI,2015,https://aaai.org/papers/9732-accelerating-sat-solving-by-common-subclause-elimination/,Parsed from AAAI track pages or OJS issues; affiliation enrichment pending from PDF first pages
AAAI-2015-A000189,Jeriah Jn-Charles,United States,"Dept. of Computer Science, Texas Tech University, Lubbock, TX, USA",AAAI,2015,https://cdn.aaai.org/ojs/9732/9732-13-13260-1-2-20201228.pdf,Affiliation parsed from local first-page text extracted from paper PDF
AAAI-2015-A000190,Forrest Bao,UNKNOWN,UNKNOWN,AAAI,2015,https://aaai.org/papers/9732-accelerating-sat-solving-by-common-subclause-elimination/,Parsed from AAAI track pages or OJS issues; affiliation enrichment pending from PDF first pages
AAAI-2015-A000191,Yuanlin Zhang,United States,"Dept. of Computer Science, Texas Tech University, Lubbock, TX, USA",AAAI,2015,https://cdn.aaai.org/ojs/9732/9732-13-13260-1-2-20201228.pdf,Affiliation parsed from local first-page text extracted from paper PDF
AAAI-2015-A000192,Julio Bahamon,United States,"North Carolina State University, Liquid Narrative Research Group",AAAI,2015,https://cdn.aaai.org/ojs/9731/9731-13-13259-1-2-20201228.pdf,Affiliation parsed from local first-page text extracted from paper PDF
AAAI-2015-A000193,Camille Barot,United States,"North Carolina State University, Liquid Narrative Research Group",AAAI,2015,https://cdn.aaai.org/ojs/9731/9731-13-13259-1-2-20201228.pdf,Affiliation parsed from local first-page text extracted from paper PDF
AAAI-2015-A000194,R. Michael Young,United States,"North Carolina State University, Liquid Narrative Research Group",AAAI,2015,https://cdn.aaai.org/ojs/9731/9731-13-13259-1-2-20201228.pdf,Affiliation parsed from local first-page text extracted from paper PDF
AAAI-2015-A000195,Mackenzie Leake,United States,Scripps College,AAAI,2015,https://cdn.aaai.org/ojs/9734/9734-13-13262-1-2-20201228.pdf,Affiliation parsed from local first-page text extracted from paper PDF; Country inferred from institution using local Ollama model
AAAI-2015-A000196,Liyu Xia,United States,Scripps College,AAAI,2015,https://cdn.aaai.org/ojs/9734/9734-13-13262-1-2-20201228.pdf,Affiliation parsed from local first-page text extracted from paper PDF; Country inferred from institution using local Ollama model
AAAI-2015-A000197,Kamil Rocki,United States,Scripps College,AAAI,2015,https://cdn.aaai.org/ojs/9734/9734-13-13262-1-2-20201228.pdf,Affiliation parsed from local first-page text extracted from paper PDF; Country inferred from institution using local Ollama model
AAAI-2015-A000198,Wayne Imaino,United States,Scripps College,AAAI,2015,https://cdn.aaai.org/ojs/9734/9734-13-13262-1-2-20201228.pdf,Affiliation parsed from local first-page text extracted from paper PDF; Country inferred from institution using local Ollama model
AAAI-2015-A000199,Kun Xu,China,"Institute of Computer Science & Technology, Peking University, Beijing, China",AAAI,2015,https://cdn.aaai.org/ojs/9735/9735-13-13263-1-2-20201228.pdf,Affiliation parsed from local first-page text extracted from paper PDF
AAAI-2015-A000200,Sheng Zhang,China,"Institute of Computer Science & Technology, Peking University, Beijing, China",AAAI,2015,https://cdn.aaai.org/ojs/9735/9735-13-13263-1-2-20201228.pdf,Affiliation parsed from local first-page text extracted from paper PDF
AAAI-2015-A000201,Yansong Feng,China,"Institute of Computer Science & Technology, Peking University, Beijing, China",AAAI,2015,https://cdn.aaai.org/ojs/9735/9735-13-13263-1-2-20201228.pdf,Affiliation parsed from local first-page text extracted from paper PDF
AAAI-2015-A000202,Songfang Huang,China,"IBM China Research Lab, Beijing, China",AAAI,2015,https://cdn.aaai.org/ojs/9735/9735-13-13263-1-2-20201228.pdf,Affiliation parsed from local first-page text extracted from paper PDF
AAAI-2015-A000203,Dongyan Zhao,China,"Institute of Computer Science & Technology, Peking University, Beijing, China",AAAI,2015,https://cdn.aaai.org/ojs/9735/9735-13-13263-1-2-20201228.pdf,Affiliation parsed from local first-page text extracted from paper PDF
AAAI-2015-A000204,Ruohan Zhang,United States,"Department of Computer Science, The University of Texas at Austin",AAAI,2015,https://cdn.aaai.org/ojs/9736/9736-13-13264-1-2-20201228.pdf,Affiliation parsed from local first-page text extracted from paper PDF; Country inferred from institution using local Ollama model
AAAI-2015-A000205,Zhao Song,United States,"Department of Computer Science, The University of Texas at Austin",AAAI,2015,https://cdn.aaai.org/ojs/9736/9736-13-13264-1-2-20201228.pdf,Affiliation parsed from local first-page text extracted from paper PDF; Country inferred from institution using local Ollama model
AAAI-2015-A000206,Dana Ballard,United States,"Department of Computer Science, The University of Texas at Austin",AAAI,2015,https://cdn.aaai.org/ojs/9736/9736-13-13264-1-2-20201228.pdf,Affiliation parsed from local first-page text extracted from paper PDF; Country inferred from institution using local Ollama model
AAAI-2015-A000207,Vaishnavh Nagarajan,India,UNKNOWN,AAAI,2015,https://aaai.org/papers/9737-every-team-deserves-a-second-chance-identifying-when-things-go-wrong-student-abstract-version/,Parsed from AAAI track pages or OJS issues; affiliation enrichment pending from PDF first pages; Country inferred from full first-page text using local Ollama model
AAAI-2015-A000208,Leandro Soriano Marcolino,United States,UNKNOWN,AAAI,2015,https://aaai.org/papers/9737-every-team-deserves-a-second-chance-identifying-when-things-go-wrong-student-abstract-version/,Parsed from AAAI track pages or OJS issues; affiliation enrichment pending from PDF first pages; Country inferred from full first-page text using local Ollama model
AAAI-2015-A000209,Milind Tambe,United States,UNKNOWN,AAAI,2015,https://aaai.org/papers/9737-every-team-deserves-a-second-chance-identifying-when-things-go-wrong-student-abstract-version/,Parsed from AAAI track pages or OJS issues; affiliation enrichment pending from PDF first pages; Country inferred from full first-page text using local Ollama model
AAAI-2015-A000210,Claudia Schulz,United Kingdom,UNKNOWN,AAAI,2015,https://aaai.org/papers/9738-graphical-representation-of-assumption-based-argumentation/,Parsed from AAAI track pages or OJS issues; affiliation enrichment pending from PDF first pages; Country inferred from full first-page text using local Ollama model
AAAI-2015-A000211,Chiara Piacentini,United Kingdom,"Informatics Department King’s College London London, UK",AAAI,2015,https://cdn.aaai.org/ojs/9739/9739-13-13267-1-2-20201228.pdf,Affiliation parsed from local first-page text extracted from paper PDF
AAAI-2015-A000212,Maria Fox,United Kingdom,"Informatics Department King’s College London London, UK",AAAI,2015,https://cdn.aaai.org/ojs/9739/9739-13-13267-1-2-20201228.pdf,Affiliation parsed from local first-page text extracted from paper PDF
AAAI-2015-A000213,Derek Long,United Kingdom,"Informatics Department King’s College London London, UK",AAAI,2015,https://cdn.aaai.org/ojs/9739/9739-13-13267-1-2-20201228.pdf,Affiliation parsed from local first-page text extracted from paper PDF
AAAI-2015-A000214,Madalina Fiterau,United States,UNKNOWN,AAAI,2015,https://aaai.org/papers/9742-active-learning-for-informative-projection-retrieval/,Parsed from AAAI track pages or OJS issues; affiliation enrichment pending from PDF first pages; Country inferred from full first-page text using local Ollama model
AAAI-2015-A000215,Artur Dubrawski,United States,UNKNOWN,AAAI,2015,https://aaai.org/papers/9742-active-learning-for-informative-projection-retrieval/,Parsed from AAAI track pages or OJS issues; affiliation enrichment pending from PDF first pages; Country inferred from full first-page text using local Ollama model
AAAI-2015-A000216,Tian Zhou,United States,"School of Industrial Engineering, Purdue University. West Lafayette, IN",AAAI,2015,https://cdn.aaai.org/ojs/9741/9741-13-13269-1-2-20201228.pdf,Affiliation parsed from local first-page text extracted from paper PDF; Country inferred from institution using local Ollama model
AAAI-2015-A000217,Maria Cabrera,United States,"School of Industrial Engineering, Purdue University. West Lafayette, IN",AAAI,2015,https://cdn.aaai.org/ojs/9741/9741-13-13269-1-2-20201228.pdf,Affiliation parsed from local first-page text extracted from paper PDF; Country inferred from institution using local Ollama model
AAAI-2015-A000218,Juan Wachs,United States,"School of Industrial Engineering, Purdue University. West Lafayette, IN",AAAI,2015,https://cdn.aaai.org/ojs/9741/9741-13-13269-1-2-20201228.pdf,Affiliation parsed from local first-page text extracted from paper PDF; Country inferred from institution using local Ollama model
AAAI-2015-A000219,Priya Donti,United States,"Harvey Mudd College, Claremont, CA",AAAI,2015,https://cdn.aaai.org/ojs/9740/9740-13-13268-1-2-20201228.pdf,Affiliation parsed from local first-page text extracted from paper PDF; Country inferred from institution using local Ollama model
AAAI-2015-A000220,Jacob Rosenbloom,United States,"Harvey Mudd College, Claremont, CA",AAAI,2015,https://cdn.aaai.org/ojs/9740/9740-13-13268-1-2-20201228.pdf,Affiliation parsed from local first-page text extracted from paper PDF; Country inferred from institution using local Ollama model
AAAI-2015-A000221,Alex Gruver,United States,"Harvey Mudd College, Claremont, CA",AAAI,2015,https://cdn.aaai.org/ojs/9740/9740-13-13268-1-2-20201228.pdf,Affiliation parsed from local first-page text extracted from paper PDF; Country inferred from institution using local Ollama model
AAAI-2015-A000222,James Jr Boerkoel,United States,"Harvey Mudd College, Claremont, CA",AAAI,2015,https://cdn.aaai.org/ojs/9740/9740-13-13268-1-2-20201228.pdf,Affiliation parsed from local first-page text extracted from paper PDF; Country inferred from institution using local Ollama model
AAAI-2015-A000223,Katie Genter,United States,"Department of Computer Science, University of Texas at Austin Austin, TX USA",AAAI,2015,https://cdn.aaai.org/ojs/9743/9743-13-13271-1-2-20201228.pdf,Affiliation parsed from local first-page text extracted from paper PDF
AAAI-2015-A000224,Peter Stone,United States,"Department of Computer Science, University of Texas at Austin Austin, TX USA",AAAI,2015,https://cdn.aaai.org/ojs/9743/9743-13-13271-1-2-20201228.pdf,Affiliation parsed from local first-page text extracted from paper PDF
AAAI-2015-A000225,Hadi Hosseini,Canada,"Cheriton School of Computer Science University of Waterloo Waterloo, Ontario, Canada",AAAI,2015,https://cdn.aaai.org/ojs/9744/9744-13-13272-1-2-20201228.pdf,Affiliation parsed from local first-page text extracted from paper PDF
AAAI-2015-A000226,Kate Larson,Canada,"Cheriton School of Computer Science University of Waterloo Waterloo, Ontario, Canada",AAAI,2015,https://cdn.aaai.org/ojs/9744/9744-13-13272-1-2-20201228.pdf,Affiliation parsed from local first-page text extracted from paper PDF
AAAI-2015-A000227,Robin Cohen,Canada,"Cheriton School of Computer Science University of Waterloo Waterloo, Ontario, Canada",AAAI,2015,https://cdn.aaai.org/ojs/9744/9744-13-13272-1-2-20201228.pdf,Affiliation parsed from local first-page text extracted from paper PDF
AAAI-2015-A000228,Jennifer D'Souza,United States,UNKNOWN,AAAI,2015,https://aaai.org/papers/9745-a-sequence-labeling-approach-to-deriving-word-variants/,Parsed from AAAI track pages or OJS issues; affiliation enrichment pending from PDF first pages; Country inferred from full first-page text using local Ollama model
AAAI-2015-A000229,Sherry Ruan,UNKNOWN,UNKNOWN,AAAI,2015,https://aaai.org/papers/9747-representation-discovery-for-mdps-using-bisimulation-metrics/,Parsed from AAAI track pages or OJS issues; affiliation enrichment pending from PDF first pages
AAAI-2015-A000230,Gheorghe Comanici,Canada,"School of Computer Science McGill University, Montreal, QC, Canada",AAAI,2015,https://cdn.aaai.org/ojs/9747/9747-13-13275-1-2-20201228.pdf,Affiliation parsed from local first-page text extracted from paper PDF
AAAI-2015-A000231,Prakash Panangaden,Canada,"School of Computer Science McGill University, Montreal, QC, Canada",AAAI,2015,https://cdn.aaai.org/ojs/9747/9747-13-13275-1-2-20201228.pdf,Affiliation parsed from local first-page text extracted from paper PDF
AAAI-2015-A000232,Doina Precup,Canada,"School of Computer Science McGill University, Montreal, QC, Canada",AAAI,2015,https://cdn.aaai.org/ojs/9747/9747-13-13275-1-2-20201228.pdf,Affiliation parsed from local first-page text extracted from paper PDF
AAAI-2015-A000233,Mayank Kejriwal,United States,University of Texas at Austin,AAAI,2015,https://cdn.aaai.org/ojs/9707/9707-13-13235-1-2-20201228.pdf,Affiliation parsed from local first-page text extracted from paper PDF; Country inferred from institution using local Ollama model
AAAI-2015-A000234,Jingyu Shao,Australia,"Advanced Analytics Institute, Faculty of Engineering and Information Technology University of Technology, Sydney, Broadway, Ultimo, NSW, AU, lbcao/publication/publications.htm",AAAI,2015,https://cdn.aaai.org/ojs/9708/9708-13-13236-1-2-20201228.pdf,Affiliation parsed from local first-page text extracted from paper PDF; Country inferred from institution using local Ollama model
AAAI-2015-A000235,Junfu Yin,Australia,"Advanced Analytics Institute, Faculty of Engineering and Information Technology University of Technology, Sydney, Broadway, Ultimo, NSW, AU, lbcao/publication/publications.htm",AAAI,2015,https://cdn.aaai.org/ojs/9708/9708-13-13236-1-2-20201228.pdf,Affiliation parsed from local first-page text extracted from paper PDF; Country inferred from institution using local Ollama model
AAAI-2015-A000236,Wei Liu,Australia,"Advanced Analytics Institute, Faculty of Engineering and Information Technology University of Technology, Sydney, Broadway, Ultimo, NSW, AU, lbcao/publication/publications.htm",AAAI,2015,https://cdn.aaai.org/ojs/9708/9708-13-13236-1-2-20201228.pdf,Affiliation parsed from local first-page text extracted from paper PDF; Country inferred from institution using local Ollama model
AAAI-2015-A000237,Longbing Cao,Australia,"Advanced Analytics Institute, Faculty of Engineering and Information Technology University of Technology, Sydney, Broadway, Ultimo, NSW, AU, lbcao/publication/publications.htm",AAAI,2015,https://cdn.aaai.org/ojs/9708/9708-13-13236-1-2-20201228.pdf,Affiliation parsed from local first-page text extracted from paper PDF; Country inferred from institution using local Ollama model
AAAI-2015-A000238,Zhanwei Du,China,"Jilin University Changchun, PRC",AAAI,2015,https://cdn.aaai.org/ojs/9709/9709-13-13237-1-2-20201228.pdf,Affiliation parsed from local first-page text extracted from paper PDF; Country inferred from institution using local Ollama model
AAAI-2015-A000239,Yongjian Yang,China,"Jilin University Changchun, PRC",AAAI,2015,https://cdn.aaai.org/ojs/9709/9709-13-13237-1-2-20201228.pdf,Affiliation parsed from local first-page text extracted from paper PDF; Country inferred from institution using local Ollama model
AAAI-2015-A000240,Chuang Ma,China,"Jilin University Changchun, PRC",AAAI,2015,https://cdn.aaai.org/ojs/9709/9709-13-13237-1-2-20201228.pdf,Affiliation parsed from local first-page text extracted from paper PDF; Country inferred from institution using local Ollama model
AAAI-2015-A000241,Yuan Bai,China,"Jilin University Changchun, PRC",AAAI,2015,https://cdn.aaai.org/ojs/9709/9709-13-13237-1-2-20201228.pdf,Affiliation parsed from local first-page text extracted from paper PDF; Country inferred from institution using local Ollama model
AAAI-2015-A000242,Swetasudha Panda,United States,"Electrical Engineering and Computer Science Vanderbilt University, Nashville, TN",AAAI,2015,https://cdn.aaai.org/ojs/9710/9710-13-13238-1-2-20201228.pdf,Affiliation parsed from local first-page text extracted from paper PDF; Country inferred from institution using local Ollama model
AAAI-2015-A000243,Yevgeniy Vorobeychik,United States,"Electrical Engineering and Computer Science Vanderbilt University, Nashville, TN",AAAI,2015,https://cdn.aaai.org/ojs/9710/9710-13-13238-1-2-20201228.pdf,Affiliation parsed from local first-page text extracted from paper PDF; Country inferred from institution using local Ollama model
AAAI-2015-A000244,Qun Luo,China,"Beijing University of Posts and Telecommunications, Xitucheng road, Beijing, China.",AAAI,2015,https://cdn.aaai.org/ojs/9711/9711-13-13239-1-2-20201228.pdf,Affiliation parsed from local first-page text extracted from paper PDF
AAAI-2015-A000245,Weiran Xu,China,"Beijing University of Posts and Telecommunications, Xitucheng road, Beijing, China.",AAAI,2015,https://cdn.aaai.org/ojs/9711/9711-13-13239-1-2-20201228.pdf,Affiliation parsed from local first-page text extracted from paper PDF
AAAI-2015-A000246,Chao Li,China,"Dalian University of Technology, Dalian, China, Microsoft Research, Beijing, China",AAAI,2015,https://cdn.aaai.org/ojs/9713/9713-13-13241-1-2-20201228.pdf,Affiliation parsed from local first-page text extracted from paper PDF
AAAI-2015-A000247,Lei Ji,China,"Dalian University of Technology, Dalian, China, Microsoft Research, Beijing, China",AAAI,2015,https://cdn.aaai.org/ojs/9713/9713-13-13241-1-2-20201228.pdf,Affiliation parsed from local first-page text extracted from paper PDF
AAAI-2015-A000248,Jun Yan,China,"Dalian University of Technology, Dalian, China, Microsoft Research, Beijing, China",AAAI,2015,https://cdn.aaai.org/ojs/9713/9713-13-13241-1-2-20201228.pdf,Affiliation parsed from local first-page text extracted from paper PDF
AAAI-2015-A000249,Samta Shukla,United States,Rensselaer Polytechnic Institute,AAAI,2015,https://cdn.aaai.org/ojs/9712/9712-13-13240-1-2-20201228.pdf,Affiliation parsed from local first-page text extracted from paper PDF; Country inferred from institution using local Ollama model
AAAI-2015-A000250,Aditya Telang,United States,Rensselaer Polytechnic Institute,AAAI,2015,https://cdn.aaai.org/ojs/9712/9712-13-13240-1-2-20201228.pdf,Affiliation parsed from local first-page text extracted from paper PDF; Country inferred from institution using local Ollama model
AAAI-2015-A000251,Salil Joshi,United States,Rensselaer Polytechnic Institute,AAAI,2015,https://cdn.aaai.org/ojs/9712/9712-13-13240-1-2-20201228.pdf,Affiliation parsed from local first-page text extracted from paper PDF; Country inferred from institution using local Ollama model
AAAI-2015-A000252,L. Subramaniam,United States,Rensselaer Polytechnic Institute,AAAI,2015,https://cdn.aaai.org/ojs/9712/9712-13-13240-1-2-20201228.pdf,Affiliation parsed from local first-page text extracted from paper PDF; Country inferred from institution using local Ollama model
AAAI-2015-A000253,Li Chen,United States,"Department of Applied Mathematics and Statistics Johns Hopkins University Baltimore, MD",AAAI,2015,https://cdn.aaai.org/ojs/9714/9714-13-13242-1-2-20201228.pdf,Affiliation parsed from local first-page text extracted from paper PDF; Country inferred from institution using local Ollama model
AAAI-2015-A000254,Matthew Patton,United States,"Department of Applied Mathematics and Statistics Johns Hopkins University Baltimore, MD",AAAI,2015,https://cdn.aaai.org/ojs/9714/9714-13-13242-1-2-20201228.pdf,Affiliation parsed from local first-page text extracted from paper PDF; Country inferred from institution using local Ollama model
AAAI-2015-A000255,Mahsa Chitsaz,Australia,"School of Information and Communication Technology, Griffith University, Australia",AAAI,2015,https://cdn.aaai.org/ojs/9717/9717-13-13245-1-2-20201228.pdf,Affiliation parsed from local first-page text extracted from paper PDF
AAAI-2015-A000256,Zhe Wang,Australia,"School of Information and Communication Technology, Griffith University, Australia",AAAI,2015,https://cdn.aaai.org/ojs/9717/9717-13-13245-1-2-20201228.pdf,Affiliation parsed from local first-page text extracted from paper PDF
AAAI-2015-A000257,Kewen Wang,Australia,"School of Information and Communication Technology, Griffith University, Australia",AAAI,2015,https://cdn.aaai.org/ojs/9717/9717-13-13245-1-2-20201228.pdf,Affiliation parsed from local first-page text extracted from paper PDF
AAAI-2015-A000258,Wenting Tu,Hong Kong,"Department of Computer Science, The University of Hong Kong, Pokfulam, Hong Kong",AAAI,2015,https://cdn.aaai.org/ojs/9716/9716-13-13244-1-2-20201228.pdf,Affiliation parsed from local first-page text extracted from paper PDF; Country inferred from institution using local Ollama model
AAAI-2015-A000259,David Cheung,Hong Kong,"Department of Computer Science, The University of Hong Kong, Pokfulam, Hong Kong",AAAI,2015,https://cdn.aaai.org/ojs/9716/9716-13-13244-1-2-20201228.pdf,Affiliation parsed from local first-page text extracted from paper PDF; Country inferred from institution using local Ollama model
AAAI-2015-A000260,Nikos Mamoulis,Hong Kong,"Department of Computer Science, The University of Hong Kong, Pokfulam, Hong Kong",AAAI,2015,https://cdn.aaai.org/ojs/9716/9716-13-13244-1-2-20201228.pdf,Affiliation parsed from local first-page text extracted from paper PDF; Country inferred from institution using local Ollama model
AAAI-2015-A000261,Wenting Tu,Hong Kong,"Department of Computer Science, The University of Hong Kong, Pokfulam, Hong Kong",AAAI,2015,https://cdn.aaai.org/ojs/9715/9715-13-13243-1-2-20201228.pdf,Affiliation parsed from local first-page text extracted from paper PDF; Country inferred from institution using local Ollama model
AAAI-2015-A000262,David Cheung,Hong Kong,"Department of Computer Science, The University of Hong Kong, Pokfulam, Hong Kong",AAAI,2015,https://cdn.aaai.org/ojs/9715/9715-13-13243-1-2-20201228.pdf,Affiliation parsed from local first-page text extracted from paper PDF; Country inferred from institution using local Ollama model
AAAI-2015-A000263,Nikos Mamoulis,Hong Kong,"Department of Computer Science, The University of Hong Kong, Pokfulam, Hong Kong",AAAI,2015,https://cdn.aaai.org/ojs/9715/9715-13-13243-1-2-20201228.pdf,Affiliation parsed from local first-page text extracted from paper PDF; Country inferred from institution using local Ollama model
AAAI-2015-A000264,Jedrzej Potoniec,Poland,"Institute of Computing Science, Poznan University of Technology ul. Piotrowo , - Poznan, Poland",AAAI,2015,https://cdn.aaai.org/ojs/9718/9718-13-13246-1-2-20201228.pdf,Affiliation parsed from local first-page text extracted from paper PDF; Country inferred from institution using local Ollama model
AAAI-2015-A000265,Agnieszka Ławrynowicz,Poland,"Institute of Computing Science, Poznan University of Technology ul. Piotrowo , - Poznan, Poland",AAAI,2015,https://cdn.aaai.org/ojs/9718/9718-13-13246-1-2-20201228.pdf,Affiliation parsed from local first-page text extracted from paper PDF; Country inferred from institution using local Ollama model
AAAI-2015-A000266,Young-Seob Jeong,South Korea,"Department of Computer Science, KAIST Daehak-ro, Yuseong-gu, Daejeon - , South Korea",AAAI,2015,https://cdn.aaai.org/ojs/9719/9719-13-13247-1-2-20201228.pdf,Affiliation parsed from local first-page text extracted from paper PDF
AAAI-2015-A000267,Ho-Jin Choi,South Korea,"Department of Computer Science, KAIST Daehak-ro, Yuseong-gu, Daejeon - , South Korea",AAAI,2015,https://cdn.aaai.org/ojs/9719/9719-13-13247-1-2-20201228.pdf,Affiliation parsed from local first-page text extracted from paper PDF
AAAI-2015-A000268,Gabriele Valentini,Belgium,UNKNOWN,AAAI,2015,https://aaai.org/papers/9720-self-organized-collective-decision-making-in-a-100-robot-swarm/,Parsed from AAAI track pages or OJS issues; affiliation enrichment pending from PDF first pages; Country inferred from full first-page text using local Ollama model
AAAI-2015-A000269,Heiko Hamann,Germany,UNKNOWN,AAAI,2015,https://aaai.org/papers/9720-self-organized-collective-decision-making-in-a-100-robot-swarm/,Parsed from AAAI track pages or OJS issues; affiliation enrichment pending from PDF first pages; Country inferred from full first-page text using local Ollama model
AAAI-2015-A000270,Marco Dorigo,Belgium,UNKNOWN,AAAI,2015,https://aaai.org/papers/9720-self-organized-collective-decision-making-in-a-100-robot-swarm/,Parsed from AAAI track pages or OJS issues; affiliation enrichment pending from PDF first pages; Country inferred from full first-page text using local Ollama model
AAAI-2015-A000271,Phillip Odom,United States,School of Informatics and Computing Indiana University Bloomington,AAAI,2015,https://cdn.aaai.org/ojs/9722/9722-13-13250-1-2-20201228.pdf,Affiliation parsed from local first-page text extracted from paper PDF; Country inferred from institution using local Ollama model
AAAI-2015-A000272,Sriraam Natarajan,United States,School of Informatics and Computing Indiana University Bloomington,AAAI,2015,https://cdn.aaai.org/ojs/9722/9722-13-13250-1-2-20201228.pdf,Affiliation parsed from local first-page text extracted from paper PDF; Country inferred from institution using local Ollama model
AAAI-2015-A000273,Charles Peabody,United States,"Department of Mathematics and Computer Science Rollins College, Winter Park, FL",AAAI,2015,https://cdn.aaai.org/ojs/9721/9721-13-13249-1-2-20201228.pdf,Affiliation parsed from local first-page text extracted from paper PDF; Country inferred from institution using local Ollama model
AAAI-2015-A000274,Jennifer Seitzer,United States,"Department of Mathematics and Computer Science Rollins College, Winter Park, FL",AAAI,2015,https://cdn.aaai.org/ojs/9721/9721-13-13249-1-2-20201228.pdf,Affiliation parsed from local first-page text extracted from paper PDF; Country inferred from institution using local Ollama model
AAAI-2015-A000275,Natalie Parde,UNKNOWN,UNKNOWN,AAAI,2015,https://aaai.org/papers/9723-is-it-rectangular-using-i-spy-as-an-interactive-game-based-approach-to-multimodal-robot-learning/,Parsed from AAAI track pages or OJS issues; affiliation enrichment pending from PDF first pages
AAAI-2015-A000276,Michalis Papakostas,UNKNOWN,UNKNOWN,AAAI,2015,https://aaai.org/papers/9723-is-it-rectangular-using-i-spy-as-an-interactive-game-based-approach-to-multimodal-robot-learning/,Parsed from AAAI track pages or OJS issues; affiliation enrichment pending from PDF first pages
AAAI-2015-A000277,Konstantinos Tsiakas,UNKNOWN,UNKNOWN,AAAI,2015,https://aaai.org/papers/9723-is-it-rectangular-using-i-spy-as-an-interactive-game-based-approach-to-multimodal-robot-learning/,Parsed from AAAI track pages or OJS issues; affiliation enrichment pending from PDF first pages
AAAI-2015-A000278,Rodney Nielsen,UNKNOWN,UNKNOWN,AAAI,2015,https://aaai.org/papers/9723-is-it-rectangular-using-i-spy-as-an-interactive-game-based-approach-to-multimodal-robot-learning/,Parsed from AAAI track pages or OJS issues; affiliation enrichment pending from PDF first pages
AAAI-2015-A000279,Sviatlana Höhn,Luxembourg,UNKNOWN,AAAI,2015,https://aaai.org/papers/9724-dealing-with-trouble-a-data-driven-model-of-a-repair-type-for-a-conversational-agent/,Parsed from AAAI track pages or OJS issues; affiliation enrichment pending from PDF first pages; Country inferred from full first-page text using local Ollama model
AAAI-2015-A000280,Heting Wu,United States | China,"School of Computer Science and Engineering, Beihang University, Beijing,China, Department of Computer Science, University of Illinois at Urbana-Champaign, United States",AAAI,2015,https://cdn.aaai.org/ojs/9725/9725-13-13253-1-2-20201228.pdf,Affiliation parsed from local first-page text extracted from paper PDF
AAAI-2015-A000281,Hailong Sun,United States | China,"School of Computer Science and Engineering, Beihang University, Beijing,China, Department of Computer Science, University of Illinois at Urbana-Champaign, United States",AAAI,2015,https://cdn.aaai.org/ojs/9725/9725-13-13253-1-2-20201228.pdf,Affiliation parsed from local first-page text extracted from paper PDF
AAAI-2015-A000282,Yili Fang,United States | China,"School of Computer Science and Engineering, Beihang University, Beijing,China, Department of Computer Science, University of Illinois at Urbana-Champaign, United States",AAAI,2015,https://cdn.aaai.org/ojs/9725/9725-13-13253-1-2-20201228.pdf,Affiliation parsed from local first-page text extracted from paper PDF
AAAI-2015-A000283,Kefan Hu,United States | China,"School of Computer Science and Engineering, Beihang University, Beijing,China, Department of Computer Science, University of Illinois at Urbana-Champaign, United States",AAAI,2015,https://cdn.aaai.org/ojs/9725/9725-13-13253-1-2-20201228.pdf,Affiliation parsed from local first-page text extracted from paper PDF
AAAI-2015-A000284,Yongqing Xie,United States | China,"School of Computer Science and Engineering, Beihang University, Beijing,China, Department of Computer Science, University of Illinois at Urbana-Champaign, United States",AAAI,2015,https://cdn.aaai.org/ojs/9725/9725-13-13253-1-2-20201228.pdf,Affiliation parsed from local first-page text extracted from paper PDF
AAAI-2015-A000285,Yangqiu Song,United States | China,"School of Computer Science and Engineering, Beihang University, Beijing,China, Department of Computer Science, University of Illinois at Urbana-Champaign, United States",AAAI,2015,https://cdn.aaai.org/ojs/9725/9725-13-13253-1-2-20201228.pdf,Affiliation parsed from local first-page text extracted from paper PDF
AAAI-2015-A000286,Xudong Liu,United States | China,"School of Computer Science and Engineering, Beihang University, Beijing,China, Department of Computer Science, University of Illinois at Urbana-Champaign, United States",AAAI,2015,https://cdn.aaai.org/ojs/9725/9725-13-13253-1-2-20201228.pdf,Affiliation parsed from local first-page text extracted from paper PDF
AAAI-2015-A000287,Yi Wang,United States,"School of Computing, Informatics, and Decision Systems Engineering Arizona State University, Tempe, USA",AAAI,2015,https://cdn.aaai.org/ojs/9726/9726-13-13254-1-2-20201228.pdf,Affiliation parsed from local first-page text extracted from paper PDF
AAAI-2015-A000288,Joohyung Lee,United States,"School of Computing, Informatics, and Decision Systems Engineering Arizona State University, Tempe, USA",AAAI,2015,https://cdn.aaai.org/ojs/9726/9726-13-13254-1-2-20201228.pdf,Affiliation parsed from local first-page text extracted from paper PDF
AAAI-2015-A000289,Ngo Anh Vien,Germany,"Machine Learning and Robotics Lab University of Stuttgart, Germany",AAAI,2015,https://cdn.aaai.org/ojs/9687/9687-13-13215-1-2-20201228.pdf,Affiliation parsed from local first-page text extracted from paper PDF
AAAI-2015-A000290,Marc Toussaint,Germany,"Machine Learning and Robotics Lab University of Stuttgart, Germany",AAAI,2015,https://cdn.aaai.org/ojs/9687/9687-13-13215-1-2-20201228.pdf,Affiliation parsed from local first-page text extracted from paper PDF
AAAI-2015-A000291,Alexander Shleyfman,Israel,UNKNOWN,AAAI,2015,https://aaai.org/papers/9688-on-interruptible-pure-exploration-in-multi-armed-bandits/,Parsed from AAAI track pages or OJS issues; affiliation enrichment pending from PDF first pages; Country inferred from full first-page text using local Ollama model
AAAI-2015-A000292,Antonín Komenda,Czech Republic,UNKNOWN,AAAI,2015,https://aaai.org/papers/9688-on-interruptible-pure-exploration-in-multi-armed-bandits/,Parsed from AAAI track pages or OJS issues; affiliation enrichment pending from PDF first pages; Country inferred from full first-page text using local Ollama model
AAAI-2015-A000293,Carmel Domshlak,Israel,UNKNOWN,AAAI,2015,https://aaai.org/papers/9688-on-interruptible-pure-exploration-in-multi-armed-bandits/,Parsed from AAAI track pages or OJS issues; affiliation enrichment pending from PDF first pages; Country inferred from full first-page text using local Ollama model
AAAI-2015-A000294,Xiannian Fan,United States,"Graduate Center and Queens College City University of New York Fifth Avenue, New York",AAAI,2015,https://cdn.aaai.org/ojs/9689/9689-13-13217-1-2-20201228.pdf,Affiliation parsed from local first-page text extracted from paper PDF; Country inferred from institution using local Ollama model
AAAI-2015-A000295,Changhe Yuan,United States,"Graduate Center and Queens College City University of New York Fifth Avenue, New York",AAAI,2015,https://cdn.aaai.org/ojs/9689/9689-13-13217-1-2-20201228.pdf,Affiliation parsed from local first-page text extracted from paper PDF; Country inferred from institution using local Ollama model
AAAI-2015-A000296,Rehan Aziz,UNKNOWN,UNKNOWN,AAAI,2015,https://aaai.org/papers/9691-stable-model-counting-and-its-application-in-probabilistic-logic-programming/,Parsed from AAAI track pages or OJS issues; affiliation enrichment pending from PDF first pages
AAAI-2015-A000297,Geoffrey Chu,UNKNOWN,UNKNOWN,AAAI,2015,https://aaai.org/papers/9691-stable-model-counting-and-its-application-in-probabilistic-logic-programming/,Parsed from AAAI track pages or OJS issues; affiliation enrichment pending from PDF first pages
AAAI-2015-A000298,Christian Muise,UNKNOWN,UNKNOWN,AAAI,2015,https://aaai.org/papers/9691-stable-model-counting-and-its-application-in-probabilistic-logic-programming/,Parsed from AAAI track pages or OJS issues; affiliation enrichment pending from PDF first pages
AAAI-2015-A000299,Peter Stuckey,UNKNOWN,UNKNOWN,AAAI,2015,https://aaai.org/papers/9691-stable-model-counting-and-its-application-in-probabilistic-logic-programming/,Parsed from AAAI track pages or OJS issues; affiliation enrichment pending from PDF first pages
AAAI-2015-A000300,Aaditya Ramdas,United States,UNKNOWN,AAAI,2015,https://aaai.org/papers/9692-on-the-decreasing-power-of-kernel-and-distance-based-nonparametric-hypothesis-tests-in-high-dimensions/,Parsed from AAAI track pages or OJS issues; affiliation enrichment pending from PDF first pages; Country inferred from full first-page text using local Ollama model
AAAI-2015-A000301,Sashank Jakkam Reddi,United States,UNKNOWN,AAAI,2015,https://aaai.org/papers/9692-on-the-decreasing-power-of-kernel-and-distance-based-nonparametric-hypothesis-tests-in-high-dimensions/,Parsed from AAAI track pages or OJS issues; affiliation enrichment pending from PDF first pages; Country inferred from full first-page text using local Ollama model
AAAI-2015-A000302,Barnabas Poczos,United States,UNKNOWN,AAAI,2015,https://aaai.org/papers/9692-on-the-decreasing-power-of-kernel-and-distance-based-nonparametric-hypothesis-tests-in-high-dimensions/,Parsed from AAAI track pages or OJS issues; affiliation enrichment pending from PDF first pages; Country inferred from full first-page text using local Ollama model
AAAI-2015-A000303,Aarti Singh,United States,UNKNOWN,AAAI,2015,https://aaai.org/papers/9692-on-the-decreasing-power-of-kernel-and-distance-based-nonparametric-hypothesis-tests-in-high-dimensions/,Parsed from AAAI track pages or OJS issues; affiliation enrichment pending from PDF first pages; Country inferred from full first-page text using local Ollama model
AAAI-2015-A000304,Larry Wasserman,United States,UNKNOWN,AAAI,2015,https://aaai.org/papers/9692-on-the-decreasing-power-of-kernel-and-distance-based-nonparametric-hypothesis-tests-in-high-dimensions/,Parsed from AAAI track pages or OJS issues; affiliation enrichment pending from PDF first pages; Country inferred from full first-page text using local Ollama model
AAAI-2015-A000305,Phillip Odom,United States,UNKNOWN,AAAI,2015,https://aaai.org/papers/9690-knowledge-based-probabilistic-logic-learning/,Parsed from AAAI track pages or OJS issues; affiliation enrichment pending from PDF first pages; Country inferred from full first-page text using local Ollama model
AAAI-2015-A000306,Tushar Khot,United States,UNKNOWN,AAAI,2015,https://aaai.org/papers/9690-knowledge-based-probabilistic-logic-learning/,Parsed from AAAI track pages or OJS issues; affiliation enrichment pending from PDF first pages; Country inferred from full first-page text using local Ollama model
AAAI-2015-A000307,Reid Porter,United States,UNKNOWN,AAAI,2015,https://aaai.org/papers/9690-knowledge-based-probabilistic-logic-learning/,Parsed from AAAI track pages or OJS issues; affiliation enrichment pending from PDF first pages; Country inferred from full first-page text using local Ollama model
AAAI-2015-A000308,Sriraam Natarajan,United States,UNKNOWN,AAAI,2015,https://aaai.org/papers/9690-knowledge-based-probabilistic-logic-learning/,Parsed from AAAI track pages or OJS issues; affiliation enrichment pending from PDF first pages; Country inferred from full first-page text using local Ollama model
AAAI-2015-A000309,Andrew Wang,United States,UNKNOWN,AAAI,2015,https://aaai.org/papers/9693-chance-constrained-scheduling-via-conflict-directed-risk-allocation/,Parsed from AAAI track pages or OJS issues; affiliation enrichment pending from PDF first pages; Country inferred from full first-page text using local Ollama model
AAAI-2015-A000310,Brian Williams,United States,UNKNOWN,AAAI,2015,https://aaai.org/papers/9693-chance-constrained-scheduling-via-conflict-directed-risk-allocation/,Parsed from AAAI track pages or OJS issues; affiliation enrichment pending from PDF first pages; Country inferred from full first-page text using local Ollama model
AAAI-2015-A000311,Yuxin Chen,Switzerland,UNKNOWN,AAAI,2015,https://aaai.org/papers/9694-submodular-surrogates-for-value-of-information/,Parsed from AAAI track pages or OJS issues; affiliation enrichment pending from PDF first pages; Country inferred from full first-page text using local Ollama model
AAAI-2015-A000312,Shervin Javdani,United States,UNKNOWN,AAAI,2015,https://aaai.org/papers/9694-submodular-surrogates-for-value-of-information/,Parsed from AAAI track pages or OJS issues; affiliation enrichment pending from PDF first pages; Country inferred from full first-page text using local Ollama model
AAAI-2015-A000313,Amin Karbasi,United States,UNKNOWN,AAAI,2015,https://aaai.org/papers/9694-submodular-surrogates-for-value-of-information/,Parsed from AAAI track pages or OJS issues; affiliation enrichment pending from PDF first pages; Country inferred from full first-page text using local Ollama model
AAAI-2015-A000314,J. Bagnell,United States,UNKNOWN,AAAI,2015,https://aaai.org/papers/9694-submodular-surrogates-for-value-of-information/,Parsed from AAAI track pages or OJS issues; affiliation enrichment pending from PDF first pages; Country inferred from full first-page text using local Ollama model
AAAI-2015-A000315,Siddhartha Srinivasa,United States,UNKNOWN,AAAI,2015,https://aaai.org/papers/9694-submodular-surrogates-for-value-of-information/,Parsed from AAAI track pages or OJS issues; affiliation enrichment pending from PDF first pages; Country inferred from full first-page text using local Ollama model
AAAI-2015-A000316,Andreas Krause,Switzerland,UNKNOWN,AAAI,2015,https://aaai.org/papers/9694-submodular-surrogates-for-value-of-information/,Parsed from AAAI track pages or OJS issues; affiliation enrichment pending from PDF first pages; Country inferred from full first-page text using local Ollama model
AAAI-2015-A000317,Yossiri Adulyasak,Singapore,"School of Information Systems, Singapore Management University Singapore-MIT Alliance for Research and Technology (SMART), Massachusetts Institute of Technology Department of Electrical Engineering and Computer Science, Massachusetts Institute of Technology",AAAI,2015,https://cdn.aaai.org/ojs/9695/9695-13-13223-1-2-20201228.pdf,Affiliation parsed from local first-page text extracted from paper PDF
AAAI-2015-A000318,Pradeep Varakantham,Singapore,"School of Information Systems, Singapore Management University Singapore-MIT Alliance for Research and Technology (SMART), Massachusetts Institute of Technology Department of Electrical Engineering and Computer Science, Massachusetts Institute of Technology",AAAI,2015,https://cdn.aaai.org/ojs/9695/9695-13-13223-1-2-20201228.pdf,Affiliation parsed from local first-page text extracted from paper PDF
AAAI-2015-A000319,Asrar Ahmed,Singapore,"School of Information Systems, Singapore Management University Singapore-MIT Alliance for Research and Technology (SMART), Massachusetts Institute of Technology Department of Electrical Engineering and Computer Science, Massachusetts Institute of Technology",AAAI,2015,https://cdn.aaai.org/ojs/9695/9695-13-13223-1-2-20201228.pdf,Affiliation parsed from local first-page text extracted from paper PDF
AAAI-2015-A000320,Patrick Jaillet,Singapore,"School of Information Systems, Singapore Management University Singapore-MIT Alliance for Research and Technology (SMART), Massachusetts Institute of Technology Department of Electrical Engineering and Computer Science, Massachusetts Institute of Technology",AAAI,2015,https://cdn.aaai.org/ojs/9695/9695-13-13223-1-2-20201228.pdf,Affiliation parsed from local first-page text extracted from paper PDF
AAAI-2015-A000321,Nahla Ben Amor,France,University of Toulouse,AAAI,2015,https://cdn.aaai.org/ojs/9697/9697-13-13225-1-2-20201228.pdf,Affiliation parsed from local first-page text extracted from paper PDF; Country inferred from institution using local Ollama model
AAAI-2015-A000322,Fatma Essghaier,France,University of Toulouse,AAAI,2015,https://cdn.aaai.org/ojs/9697/9697-13-13225-1-2-20201228.pdf,Affiliation parsed from local first-page text extracted from paper PDF; Country inferred from institution using local Ollama model
AAAI-2015-A000323,Helene Fargier,France,University of Toulouse,AAAI,2015,https://cdn.aaai.org/ojs/9697/9697-13-13225-1-2-20201228.pdf,Affiliation parsed from local first-page text extracted from paper PDF; Country inferred from institution using local Ollama model
AAAI-2015-A000324,Erik Zawadzki,United States,Carnegie Mellon University,AAAI,2015,https://cdn.aaai.org/ojs/9696/9696-13-13224-1-2-20201228.pdf,Affiliation parsed from local first-page text extracted from paper PDF
AAAI-2015-A000325,Sebastien Lahaie,United States,Carnegie Mellon University,AAAI,2015,https://cdn.aaai.org/ojs/9696/9696-13-13224-1-2-20201228.pdf,Affiliation parsed from local first-page text extracted from paper PDF
AAAI-2015-A000326,Thomas Keller,Germany,"University of Freiburg Freiburg, Germany",AAAI,2015,https://cdn.aaai.org/ojs/9698/9698-13-13226-1-2-20201228.pdf,Affiliation parsed from local first-page text extracted from paper PDF
AAAI-2015-A000327,Florian Geißer,Germany,"University of Freiburg Freiburg, Germany",AAAI,2015,https://cdn.aaai.org/ojs/9698/9698-13-13226-1-2-20201228.pdf,Affiliation parsed from local first-page text extracted from paper PDF
AAAI-2015-A000328,Chongjie Zhang,United States,UNKNOWN,AAAI,2015,https://aaai.org/papers/9699-on-fairness-in-decision-making-under-uncertainty-definitions-computation-and-comparison/,Parsed from AAAI track pages or OJS issues; affiliation enrichment pending from PDF first pages; Country inferred from full first-page text using local Ollama model
AAAI-2015-A000329,Julie Shah,United States,UNKNOWN,AAAI,2015,https://aaai.org/papers/9699-on-fairness-in-decision-making-under-uncertainty-definitions-computation-and-comparison/,Parsed from AAAI track pages or OJS issues; affiliation enrichment pending from PDF first pages; Country inferred from full first-page text using local Ollama model
AAAI-2015-A000330,Kanghoon Lee,South Korea,"Department of Computer Science Korea Advanced Institute of Science and Technology Daejeon - , Korea",AAAI,2015,https://cdn.aaai.org/ojs/9700/9700-13-13228-1-2-20201228.pdf,Affiliation parsed from local first-page text extracted from paper PDF
AAAI-2015-A000331,Kee-Eung Kim,South Korea,"Department of Computer Science Korea Advanced Institute of Science and Technology Daejeon - , Korea",AAAI,2015,https://cdn.aaai.org/ojs/9700/9700-13-13228-1-2-20201228.pdf,Affiliation parsed from local first-page text extracted from paper PDF
AAAI-2015-A000332,Hyeoneun Kim,South Korea,"Department of Computer Science Korea Advanced Institute of Science and Technology Daejeon - , Korea",AAAI,2015,https://cdn.aaai.org/ojs/9702/9702-13-13230-1-2-20201228.pdf,Affiliation parsed from local first-page text extracted from paper PDF
AAAI-2015-A000333,Woosang Lim,South Korea,"Department of Computer Science Korea Advanced Institute of Science and Technology Daejeon - , Korea",AAAI,2015,https://cdn.aaai.org/ojs/9702/9702-13-13230-1-2-20201228.pdf,Affiliation parsed from local first-page text extracted from paper PDF
AAAI-2015-A000334,Kanghoon Lee,South Korea,"Department of Computer Science Korea Advanced Institute of Science and Technology Daejeon - , Korea",AAAI,2015,https://cdn.aaai.org/ojs/9702/9702-13-13230-1-2-20201228.pdf,Affiliation parsed from local first-page text extracted from paper PDF
AAAI-2015-A000335,Yung-Kyun Noh,South Korea,"Department of Computer Science Korea Advanced Institute of Science and Technology Daejeon - , Korea",AAAI,2015,https://cdn.aaai.org/ojs/9702/9702-13-13230-1-2-20201228.pdf,Affiliation parsed from local first-page text extracted from paper PDF
AAAI-2015-A000336,Kee-Eung Kim,South Korea,"Department of Computer Science Korea Advanced Institute of Science and Technology Daejeon - , Korea",AAAI,2015,https://cdn.aaai.org/ojs/9702/9702-13-13230-1-2-20201228.pdf,Affiliation parsed from local first-page text extracted from paper PDF
AAAI-2015-A000337,Sherry Ruan,UNKNOWN,UNKNOWN,AAAI,2015,https://aaai.org/papers/9701-representation-discovery-for-mdps-using-bisimulation-metrics/,Parsed from AAAI track pages or OJS issues; affiliation enrichment pending from PDF first pages
AAAI-2015-A000338,Gheorghe Comanici,Canada,"School of Computer Science, McGill University, Montreal, QC, Canada",AAAI,2015,https://cdn.aaai.org/ojs/9701/9701-13-13229-1-2-20201228.pdf,Affiliation parsed from local first-page text extracted from paper PDF
AAAI-2015-A000339,Prakash Panangaden,Canada,"School of Computer Science, McGill University, Montreal, QC, Canada",AAAI,2015,https://cdn.aaai.org/ojs/9701/9701-13-13229-1-2-20201228.pdf,Affiliation parsed from local first-page text extracted from paper PDF
AAAI-2015-A000340,Doina Precup,Canada,"School of Computer Science, McGill University, Montreal, QC, Canada",AAAI,2015,https://cdn.aaai.org/ojs/9701/9701-13-13229-1-2-20201228.pdf,Affiliation parsed from local first-page text extracted from paper PDF
AAAI-2015-A000341,Darrell Hoy,United States,Northwestern University,AAAI,2015,https://cdn.aaai.org/ojs/9703/9703-13-13231-1-2-20201228.pdf,Affiliation parsed from local first-page text extracted from paper PDF; Country inferred from institution using local Ollama model
AAAI-2015-A000342,Evdokia Nikolova,United States,Northwestern University,AAAI,2015,https://cdn.aaai.org/ojs/9703/9703-13-13231-1-2-20201228.pdf,Affiliation parsed from local first-page text extracted from paper PDF; Country inferred from institution using local Ollama model
AAAI-2015-A000343,Mahboobeh Parsapoor,United Kingdom | Sweden,UNKNOWN,AAAI,2015,https://aaai.org/papers/9704-a-new-computational-intelligence-model-for-long-term-prediction-of-solar-and-geomagnetic-activity/,Parsed from AAAI track pages or OJS issues; affiliation enrichment pending from PDF first pages; Country inferred from full first-page text using local Ollama model
AAAI-2015-A000344,John Brooke,United Kingdom,UNKNOWN,AAAI,2015,https://aaai.org/papers/9704-a-new-computational-intelligence-model-for-long-term-prediction-of-solar-and-geomagnetic-activity/,Parsed from AAAI track pages or OJS issues; affiliation enrichment pending from PDF first pages; Country inferred from full first-page text using local Ollama model
AAAI-2015-A000345,Bertil Svensson,Sweden,UNKNOWN,AAAI,2015,https://aaai.org/papers/9704-a-new-computational-intelligence-model-for-long-term-prediction-of-solar-and-geomagnetic-activity/,Parsed from AAAI track pages or OJS issues; affiliation enrichment pending from PDF first pages; Country inferred from full first-page text using local Ollama model
AAAI-2015-A000346,Xinxin Jiang,Australia,"Faculty of Engineering and Information Technology, University of Technology Sydney,NSW , Australia",AAAI,2015,https://cdn.aaai.org/ojs/9705/9705-13-13233-1-2-20201228.pdf,Affiliation parsed from local first-page text extracted from paper PDF
AAAI-2015-A000347,Wei Liu,Australia,"Faculty of Engineering and Information Technology, University of Technology Sydney,NSW , Australia",AAAI,2015,https://cdn.aaai.org/ojs/9705/9705-13-13233-1-2-20201228.pdf,Affiliation parsed from local first-page text extracted from paper PDF
AAAI-2015-A000348,Longbing Cao,Australia,"Faculty of Engineering and Information Technology, University of Technology Sydney,NSW , Australia",AAAI,2015,https://cdn.aaai.org/ojs/9705/9705-13-13233-1-2-20201228.pdf,Affiliation parsed from local first-page text extracted from paper PDF
AAAI-2015-A000349,Guodong Long,Australia,"Faculty of Engineering and Information Technology, University of Technology Sydney,NSW , Australia",AAAI,2015,https://cdn.aaai.org/ojs/9705/9705-13-13233-1-2-20201228.pdf,Affiliation parsed from local first-page text extracted from paper PDF
AAAI-2015-A000350,Siting Ren,China,Beijing University of Posts and Telecommunications,AAAI,2015,https://cdn.aaai.org/ojs/9706/9706-13-13234-1-2-20201228.pdf,Affiliation parsed from local first-page text extracted from paper PDF; Country inferred from institution using local Ollama model
AAAI-2015-A000351,Sheng Gao,China,Beijing University of Posts and Telecommunications,AAAI,2015,https://cdn.aaai.org/ojs/9706/9706-13-13234-1-2-20201228.pdf,Affiliation parsed from local first-page text extracted from paper PDF; Country inferred from institution using local Ollama model
AAAI-2015-A000352,Jianxin Liao,China,Beijing University of Posts and Telecommunications,AAAI,2015,https://cdn.aaai.org/ojs/9706/9706-13-13234-1-2-20201228.pdf,Affiliation parsed from local first-page text extracted from paper PDF; Country inferred from institution using local Ollama model
AAAI-2015-A000353,Jun Guo,China,Beijing University of Posts and Telecommunications,AAAI,2015,https://cdn.aaai.org/ojs/9706/9706-13-13234-1-2-20201228.pdf,Affiliation parsed from local first-page text extracted from paper PDF; Country inferred from institution using local Ollama model
AAAI-2015-A000354,Hankz Zhuo,UNKNOWN,UNKNOWN,AAAI,2015,https://aaai.org/papers/9667-crowdsourced-action-model-acquisition-for-planning/,Parsed from AAAI track pages or OJS issues; affiliation enrichment pending from PDF first pages
AAAI-2015-A000355,Florian Pommerening,Switzerland,University of Basel,AAAI,2015,https://cdn.aaai.org/ojs/9668/9668-13-13196-1-2-20201228.pdf,Affiliation parsed from local first-page text extracted from paper PDF; Country inferred from institution using local Ollama model
AAAI-2015-A000356,Malte Helmert,Switzerland,University of Basel,AAAI,2015,https://cdn.aaai.org/ojs/9668/9668-13-13196-1-2-20201228.pdf,Affiliation parsed from local first-page text extracted from paper PDF; Country inferred from institution using local Ollama model
AAAI-2015-A000357,Gabriele Röger,Switzerland,University of Basel,AAAI,2015,https://cdn.aaai.org/ojs/9668/9668-13-13196-1-2-20201228.pdf,Affiliation parsed from local first-page text extracted from paper PDF; Country inferred from institution using local Ollama model
AAAI-2015-A000358,Jendrik Seipp,Switzerland,University of Basel,AAAI,2015,https://cdn.aaai.org/ojs/9668/9668-13-13196-1-2-20201228.pdf,Affiliation parsed from local first-page text extracted from paper PDF; Country inferred from institution using local Ollama model
AAAI-2015-A000359,Robert Goldman,United States,UNKNOWN,AAAI,2015,https://aaai.org/papers/9669-measuring-plan-diversity-pathologies-in-existing-approaches-and-a-new-plan-distance-metric/,Parsed from AAAI track pages or OJS issues; affiliation enrichment pending from PDF first pages; Country inferred from full first-page text using local Ollama model
AAAI-2015-A000360,Ugur Kuter,United States,UNKNOWN,AAAI,2015,https://aaai.org/papers/9669-measuring-plan-diversity-pathologies-in-existing-approaches-and-a-new-plan-distance-metric/,Parsed from AAAI track pages or OJS issues; affiliation enrichment pending from PDF first pages; Country inferred from full first-page text using local Ollama model
AAAI-2015-A000361,Morteza Lahijanian,United States,"Department of Computer Science at Rice University, Houston, TX, USA",AAAI,2015,https://cdn.aaai.org/ojs/9670/9670-13-13198-1-2-20201228.pdf,Affiliation parsed from local first-page text extracted from paper PDF
AAAI-2015-A000362,Shaull Almagor,United States,"Department of Computer Science at Rice University, Houston, TX, USA",AAAI,2015,https://cdn.aaai.org/ojs/9670/9670-13-13198-1-2-20201228.pdf,Affiliation parsed from local first-page text extracted from paper PDF
AAAI-2015-A000363,Dror Fried,United States,"Department of Computer Science at Rice University, Houston, TX, USA",AAAI,2015,https://cdn.aaai.org/ojs/9670/9670-13-13198-1-2-20201228.pdf,Affiliation parsed from local first-page text extracted from paper PDF
AAAI-2015-A000364,Lydia Kavraki,United States,"Department of Computer Science at Rice University, Houston, TX, USA",AAAI,2015,https://cdn.aaai.org/ojs/9670/9670-13-13198-1-2-20201228.pdf,Affiliation parsed from local first-page text extracted from paper PDF
AAAI-2015-A000365,Moshe Vardi,United States,"Department of Computer Science at Rice University, Houston, TX, USA",AAAI,2015,https://cdn.aaai.org/ojs/9670/9670-13-13198-1-2-20201228.pdf,Affiliation parsed from local first-page text extracted from paper PDF
AAAI-2015-A000366,Yezhou Yang,United States,University of Maryland,AAAI,2015,https://cdn.aaai.org/ojs/9671/9671-13-13199-1-2-20201228.pdf,Affiliation parsed from local first-page text extracted from paper PDF
AAAI-2015-A000367,Yi Li,United States,University of Maryland,AAAI,2015,https://cdn.aaai.org/ojs/9671/9671-13-13199-1-2-20201228.pdf,Affiliation parsed from local first-page text extracted from paper PDF
AAAI-2015-A000368,Cornelia Fermuller,United States,University of Maryland,AAAI,2015,https://cdn.aaai.org/ojs/9671/9671-13-13199-1-2-20201228.pdf,Affiliation parsed from local first-page text extracted from paper PDF
AAAI-2015-A000369,Yiannis Aloimonos,United States,University of Maryland,AAAI,2015,https://cdn.aaai.org/ojs/9671/9671-13-13199-1-2-20201228.pdf,Affiliation parsed from local first-page text extracted from paper PDF
AAAI-2015-A000370,Jose Bento,United States,Boston College,AAAI,2015,https://cdn.aaai.org/ojs/9672/9672-13-13200-1-2-20201228.pdf,Affiliation parsed from local first-page text extracted from paper PDF; Country inferred from institution using local Ollama model
AAAI-2015-A000371,Nate Derbinsky,United States,Boston College,AAAI,2015,https://cdn.aaai.org/ojs/9672/9672-13-13200-1-2-20201228.pdf,Affiliation parsed from local first-page text extracted from paper PDF; Country inferred from institution using local Ollama model
AAAI-2015-A000372,Charles Mathy,United States,Boston College,AAAI,2015,https://cdn.aaai.org/ojs/9672/9672-13-13200-1-2-20201228.pdf,Affiliation parsed from local first-page text extracted from paper PDF; Country inferred from institution using local Ollama model
AAAI-2015-A000373,Jonathan Yedidia,United States,Boston College,AAAI,2015,https://cdn.aaai.org/ojs/9672/9672-13-13200-1-2-20201228.pdf,Affiliation parsed from local first-page text extracted from paper PDF; Country inferred from institution using local Ollama model
AAAI-2015-A000374,David Thompson,UNKNOWN,UNKNOWN,AAAI,2015,https://aaai.org/papers/9673-spatio-spectral-exploration-combining-in-situ-and-remote-measurements/,Parsed from AAAI track pages or OJS issues; affiliation enrichment pending from PDF first pages
AAAI-2015-A000375,David Wettergreen,United States,"Jet Propulsion Laboratory California Institute of Technology Oak Grove Dr. Pasadena, CA",AAAI,2015,https://cdn.aaai.org/ojs/9673/9673-13-13201-1-2-20201228.pdf,Affiliation parsed from local first-page text extracted from paper PDF; Country inferred from institution using local Ollama model
AAAI-2015-A000376,Greydon Foil,United States,"Jet Propulsion Laboratory California Institute of Technology Oak Grove Dr. Pasadena, CA",AAAI,2015,https://cdn.aaai.org/ojs/9673/9673-13-13201-1-2-20201228.pdf,Affiliation parsed from local first-page text extracted from paper PDF; Country inferred from institution using local Ollama model
AAAI-2015-A000377,Michael Furlong,UNKNOWN,UNKNOWN,AAAI,2015,https://aaai.org/papers/9673-spatio-spectral-exploration-combining-in-situ-and-remote-measurements/,Parsed from AAAI track pages or OJS issues; affiliation enrichment pending from PDF first pages
AAAI-2015-A000378,Anatha Kiran,UNKNOWN,UNKNOWN,AAAI,2015,https://aaai.org/papers/9673-spatio-spectral-exploration-combining-in-situ-and-remote-measurements/,Parsed from AAAI track pages or OJS issues; affiliation enrichment pending from PDF first pages
AAAI-2015-A000379,Mathew Monfort,United States,UNKNOWN,AAAI,2015,https://aaai.org/papers/9674-intent-prediction-and-trajectory-forecasting-via-predictive-inverse-linear-quadratic-regulation/,Parsed from AAAI track pages or OJS issues; affiliation enrichment pending from PDF first pages; Country inferred from full first-page text using local Ollama model
AAAI-2015-A000380,Anqi Liu,United States,UNKNOWN,AAAI,2015,https://aaai.org/papers/9674-intent-prediction-and-trajectory-forecasting-via-predictive-inverse-linear-quadratic-regulation/,Parsed from AAAI track pages or OJS issues; affiliation enrichment pending from PDF first pages; Country inferred from full first-page text using local Ollama model
AAAI-2015-A000381,Brian Ziebart,UNKNOWN,UNKNOWN,AAAI,2015,https://aaai.org/papers/9674-intent-prediction-and-trajectory-forecasting-via-predictive-inverse-linear-quadratic-regulation/,Parsed from AAAI track pages or OJS issues; affiliation enrichment pending from PDF first pages
AAAI-2015-A000382,Michael Schofield,Australia,School of Computer Science and Engineering The University of New South Wales,AAAI,2015,https://cdn.aaai.org/ojs/9675/9675-13-13203-1-2-20201228.pdf,Affiliation parsed from local first-page text extracted from paper PDF; Country inferred from institution using local Ollama model
AAAI-2015-A000383,Michael Thielscher,Australia,School of Computer Science and Engineering The University of New South Wales,AAAI,2015,https://cdn.aaai.org/ojs/9675/9675-13-13203-1-2-20201228.pdf,Affiliation parsed from local first-page text extracted from paper PDF; Country inferred from institution using local Ollama model
AAAI-2015-A000384,Deepak Venugopal,United States,UNKNOWN,AAAI,2015,https://aaai.org/papers/9676-just-count-the-satisfied-groundings-scalable-local-search-and-sampling-based-inference-in-mlns/,Parsed from AAAI track pages or OJS issues; affiliation enrichment pending from PDF first pages; Country inferred from full first-page text using local Ollama model
AAAI-2015-A000385,Somdeb Sarkhel,United States,UNKNOWN,AAAI,2015,https://aaai.org/papers/9676-just-count-the-satisfied-groundings-scalable-local-search-and-sampling-based-inference-in-mlns/,Parsed from AAAI track pages or OJS issues; affiliation enrichment pending from PDF first pages; Country inferred from full first-page text using local Ollama model
AAAI-2015-A000386,Vibhav Gogate,United States,UNKNOWN,AAAI,2015,https://aaai.org/papers/9676-just-count-the-satisfied-groundings-scalable-local-search-and-sampling-based-inference-in-mlns/,Parsed from AAAI track pages or OJS issues; affiliation enrichment pending from PDF first pages; Country inferred from full first-page text using local Ollama model
AAAI-2015-A000387,David Buchman,Canada,"Department of Computer Science University of British Columbia Vancouver, BC, Canada",AAAI,2015,https://cdn.aaai.org/ojs/9677/9677-13-13205-1-2-20201228.pdf,Affiliation parsed from local first-page text extracted from paper PDF
AAAI-2015-A000388,David Poole,Canada,"Department of Computer Science University of British Columbia Vancouver, BC, Canada",AAAI,2015,https://cdn.aaai.org/ojs/9677/9677-13-13205-1-2-20201228.pdf,Affiliation parsed from local first-page text extracted from paper PDF
AAAI-2015-A000389,Guy Van den Broeck,Belgium,Department of Computer Science,AAAI,2015,https://cdn.aaai.org/ojs/9678/9678-13-13206-1-2-20201228.pdf,Affiliation parsed from local first-page text extracted from paper PDF; Country inferred from full first-page text using local Ollama model
AAAI-2015-A000390,Mathias Niepert,United States,Department of Computer Science,AAAI,2015,https://cdn.aaai.org/ojs/9678/9678-13-13206-1-2-20201228.pdf,Affiliation parsed from local first-page text extracted from paper PDF; Country inferred from full first-page text using local Ollama model
AAAI-2015-A000391,Elias Bareinboim,United States,"Computer Science Department University of California, Los Angeles Los Angeles, CA.",AAAI,2015,https://cdn.aaai.org/ojs/9679/9679-13-13207-1-2-20201228.pdf,Affiliation parsed from local first-page text extracted from paper PDF; Country inferred from institution using local Ollama model
AAAI-2015-A000392,Jin Tian,United States,"Computer Science Department University of California, Los Angeles Los Angeles, CA.",AAAI,2015,https://cdn.aaai.org/ojs/9679/9679-13-13207-1-2-20201228.pdf,Affiliation parsed from local first-page text extracted from paper PDF; Country inferred from institution using local Ollama model
AAAI-2015-A000393,Jeremy Weiss,United States,University of Wisconsin-Madison,AAAI,2015,https://cdn.aaai.org/ojs/9681/9681-13-13209-1-2-20201228.pdf,Affiliation parsed from local first-page text extracted from paper PDF; Country inferred from institution using local Ollama model
AAAI-2015-A000394,Sriraam Natarajan,United States,University of Wisconsin-Madison,AAAI,2015,https://cdn.aaai.org/ojs/9681/9681-13-13209-1-2-20201228.pdf,Affiliation parsed from local first-page text extracted from paper PDF; Country inferred from institution using local Ollama model
AAAI-2015-A000395,C. Page,United States,University of Wisconsin-Madison,AAAI,2015,https://cdn.aaai.org/ojs/9681/9681-13-13209-1-2-20201228.pdf,Affiliation parsed from local first-page text extracted from paper PDF; Country inferred from institution using local Ollama model
AAAI-2015-A000396,Fabio Cozman,Brazil,UNKNOWN,AAAI,2015,https://aaai.org/papers/9680-bayesian-networks-specified-using-propositional-and-relational-constructs-combined-data-and-domain-complexity/,Parsed from AAAI track pages or OJS issues; affiliation enrichment pending from PDF first pages; Country inferred from full first-page text using local Ollama model
AAAI-2015-A000397,Denis Maua,Brazil,UNKNOWN,AAAI,2015,https://aaai.org/papers/9680-bayesian-networks-specified-using-propositional-and-relational-constructs-combined-data-and-domain-complexity/,Parsed from AAAI track pages or OJS issues; affiliation enrichment pending from PDF first pages; Country inferred from full first-page text using local Ollama model
AAAI-2015-A000398,Hadi Afshar,Australia,UNKNOWN,AAAI,2015,https://aaai.org/papers/9682-linear-time-gibbs-sampling-in-piecewise-graphical-models/,Parsed from AAAI track pages or OJS issues; affiliation enrichment pending from PDF first pages; Country inferred from full first-page text using local Ollama model
AAAI-2015-A000399,Scott Sanner,Australia,UNKNOWN,AAAI,2015,https://aaai.org/papers/9682-linear-time-gibbs-sampling-in-piecewise-graphical-models/,Parsed from AAAI track pages or OJS issues; affiliation enrichment pending from PDF first pages; Country inferred from full first-page text using local Ollama model
AAAI-2015-A000400,Ehsan Abbasnejad,Australia,UNKNOWN,AAAI,2015,https://aaai.org/papers/9682-linear-time-gibbs-sampling-in-piecewise-graphical-models/,Parsed from AAAI track pages or OJS issues; affiliation enrichment pending from PDF first pages; Country inferred from full first-page text using local Ollama model
AAAI-2015-A000401,Krishnendu Chatterjee,Austria,UNKNOWN,AAAI,2015,https://aaai.org/papers/9683-optimal-cost-almost-sure-reachability-in-pomdps/,Parsed from AAAI track pages or OJS issues; affiliation enrichment pending from PDF first pages; Country inferred from full first-page text using local Ollama model
AAAI-2015-A000402,Martin Chmelik,Austria,UNKNOWN,AAAI,2015,https://aaai.org/papers/9683-optimal-cost-almost-sure-reachability-in-pomdps/,Parsed from AAAI track pages or OJS issues; affiliation enrichment pending from PDF first pages; Country inferred from full first-page text using local Ollama model
AAAI-2015-A000403,Raghav Gupta,India,UNKNOWN,AAAI,2015,https://aaai.org/papers/9683-optimal-cost-almost-sure-reachability-in-pomdps/,Parsed from AAAI track pages or OJS issues; affiliation enrichment pending from PDF first pages; Country inferred from full first-page text using local Ollama model
AAAI-2015-A000404,Ayush Kanodia,India,UNKNOWN,AAAI,2015,https://aaai.org/papers/9683-optimal-cost-almost-sure-reachability-in-pomdps/,Parsed from AAAI track pages or OJS issues; affiliation enrichment pending from PDF first pages; Country inferred from full first-page text using local Ollama model
AAAI-2015-A000405,Suming Chen,United States,"Computer Science Department University of California, Los Angeles",AAAI,2015,https://cdn.aaai.org/ojs/9684/9684-13-13212-1-2-20201228.pdf,Affiliation parsed from local first-page text extracted from paper PDF; Country inferred from institution using local Ollama model
AAAI-2015-A000406,Arthur Choi,United States,"Computer Science Department University of California, Los Angeles",AAAI,2015,https://cdn.aaai.org/ojs/9684/9684-13-13212-1-2-20201228.pdf,Affiliation parsed from local first-page text extracted from paper PDF; Country inferred from institution using local Ollama model
AAAI-2015-A000407,Adnan Darwiche,United States,"Computer Science Department University of California, Los Angeles",AAAI,2015,https://cdn.aaai.org/ojs/9684/9684-13-13212-1-2-20201228.pdf,Affiliation parsed from local first-page text extracted from paper PDF; Country inferred from institution using local Ollama model
AAAI-2015-A000408,Ehsan Abbasnejad,Australia,UNKNOWN,AAAI,2015,https://aaai.org/papers/9685-loss-calibrated-monte-carlo-action-selection/,Parsed from AAAI track pages or OJS issues; affiliation enrichment pending from PDF first pages; Country inferred from full first-page text using local Ollama model
AAAI-2015-A000409,Justin Domke,Australia,UNKNOWN,AAAI,2015,https://aaai.org/papers/9685-loss-calibrated-monte-carlo-action-selection/,Parsed from AAAI track pages or OJS issues; affiliation enrichment pending from PDF first pages; Country inferred from full first-page text using local Ollama model
AAAI-2015-A000410,Scott Sanner,Australia,UNKNOWN,AAAI,2015,https://aaai.org/papers/9685-loss-calibrated-monte-carlo-action-selection/,Parsed from AAAI track pages or OJS issues; affiliation enrichment pending from PDF first pages; Country inferred from full first-page text using local Ollama model
AAAI-2015-A000411,Xiaoyuan Zhu,United States,"Queens College, City University of New York - Kissena Blvd., Queens, NY",AAAI,2015,https://cdn.aaai.org/ojs/9686/9686-13-13214-1-2-20201228.pdf,Affiliation parsed from local first-page text extracted from paper PDF; Country inferred from institution using local Ollama model
AAAI-2015-A000412,Changhe Yuan,United States,"Queens College, City University of New York - Kissena Blvd., Queens, NY",AAAI,2015,https://cdn.aaai.org/ojs/9686/9686-13-13214-1-2-20201228.pdf,Affiliation parsed from local first-page text extracted from paper PDF; Country inferred from institution using local Ollama model
AAAI-2015-A000413,Daniel Bryce,UNKNOWN,UNKNOWN,AAAI,2015,https://aaai.org/papers/9646-smt-based-nonlinear-pddl-planning/,Parsed from AAAI track pages or OJS issues; affiliation enrichment pending from PDF first pages
AAAI-2015-A000414,Sicun Gao,UNKNOWN,UNKNOWN,AAAI,2015,https://aaai.org/papers/9646-smt-based-nonlinear-pddl-planning/,Parsed from AAAI track pages or OJS issues; affiliation enrichment pending from PDF first pages
AAAI-2015-A000415,David Musliner,UNKNOWN,UNKNOWN,AAAI,2015,https://aaai.org/papers/9646-smt-based-nonlinear-pddl-planning/,Parsed from AAAI track pages or OJS issues; affiliation enrichment pending from PDF first pages
AAAI-2015-A000416,Robert Goldman,UNKNOWN,UNKNOWN,AAAI,2015,https://aaai.org/papers/9646-smt-based-nonlinear-pddl-planning/,Parsed from AAAI track pages or OJS issues; affiliation enrichment pending from PDF first pages
AAAI-2015-A000417,Kyle Wray,UNKNOWN,UNKNOWN,AAAI,2015,https://aaai.org/papers/9647-multi-objective-mdps-with-conditional-lexicographic-reward-preferences/,Parsed from AAAI track pages or OJS issues; affiliation enrichment pending from PDF first pages
AAAI-2015-A000418,Shlomo Zilberstein,United States,"School of Computer Science, University of Massachusetts, Amherst, MA, USA",AAAI,2015,https://cdn.aaai.org/ojs/9647/9647-13-13175-1-2-20201228.pdf,Affiliation parsed from local first-page text extracted from paper PDF
AAAI-2015-A000419,Abdel-Illah Mouaddib,UNKNOWN,UNKNOWN,AAAI,2015,https://aaai.org/papers/9647-multi-objective-mdps-with-conditional-lexicographic-reward-preferences/,Parsed from AAAI track pages or OJS issues; affiliation enrichment pending from PDF first pages
AAAI-2015-A000420,Alexander Shleyfman,Switzerland,"University of Basel, Switzerland",AAAI,2015,https://cdn.aaai.org/ojs/9649/9649-13-13177-1-2-20201228.pdf,Affiliation parsed from local first-page text extracted from paper PDF
AAAI-2015-A000421,Michael Katz,Switzerland,"University of Basel, Switzerland",AAAI,2015,https://cdn.aaai.org/ojs/9649/9649-13-13177-1-2-20201228.pdf,Affiliation parsed from local first-page text extracted from paper PDF
AAAI-2015-A000422,Malte Helmert,Switzerland,"University of Basel, Switzerland",AAAI,2015,https://cdn.aaai.org/ojs/9649/9649-13-13177-1-2-20201228.pdf,Affiliation parsed from local first-page text extracted from paper PDF
AAAI-2015-A000423,Silvan Sievers,Switzerland,"University of Basel, Switzerland",AAAI,2015,https://cdn.aaai.org/ojs/9649/9649-13-13177-1-2-20201228.pdf,Affiliation parsed from local first-page text extracted from paper PDF
AAAI-2015-A000424,Martin Wehrle,Switzerland,"University of Basel, Switzerland",AAAI,2015,https://cdn.aaai.org/ojs/9649/9649-13-13177-1-2-20201228.pdf,Affiliation parsed from local first-page text extracted from paper PDF
AAAI-2015-A000425,Meysam Aghighi,UNKNOWN,UNKNOWN,AAAI,2015,https://aaai.org/papers/9650-tractable-cost-optimal-planning-over-restricted-polytree-causal-graphs/,Parsed from AAAI track pages or OJS issues; affiliation enrichment pending from PDF first pages
AAAI-2015-A000426,Peter Jonsson,Sweden,UNKNOWN,AAAI,2015,https://aaai.org/papers/9650-tractable-cost-optimal-planning-over-restricted-polytree-causal-graphs/,Parsed from AAAI track pages or OJS issues; affiliation enrichment pending from PDF first pages; Country inferred from full first-page text using local Ollama model
AAAI-2015-A000427,Simon Ståhlberg,Sweden,UNKNOWN,AAAI,2015,https://aaai.org/papers/9650-tractable-cost-optimal-planning-over-restricted-polytree-causal-graphs/,Parsed from AAAI track pages or OJS issues; affiliation enrichment pending from PDF first pages; Country inferred from full first-page text using local Ollama model
AAAI-2015-A000428,Luis Vianna,Brazil,UNKNOWN,AAAI,2015,https://aaai.org/papers/9651-real-time-symbolic-dynamic-programming/,Parsed from AAAI track pages or OJS issues; affiliation enrichment pending from PDF first pages; Country inferred from full first-page text using local Ollama model
AAAI-2015-A000429,Leliane de Barros,Brazil,UNKNOWN,AAAI,2015,https://aaai.org/papers/9651-real-time-symbolic-dynamic-programming/,Parsed from AAAI track pages or OJS issues; affiliation enrichment pending from PDF first pages; Country inferred from full first-page text using local Ollama model
AAAI-2015-A000430,Scott Sanner,Australia,UNKNOWN,AAAI,2015,https://aaai.org/papers/9651-real-time-symbolic-dynamic-programming/,Parsed from AAAI track pages or OJS issues; affiliation enrichment pending from PDF first pages; Country inferred from full first-page text using local Ollama model
AAAI-2015-A000431,Peng Yu,United States,"Massachusetts Institute of Technology Computer Science and Artificial Intelligence Laboratory Vassar Street, Cambridge, MA",AAAI,2015,https://cdn.aaai.org/ojs/9652/9652-13-13180-1-2-20201228.pdf,Affiliation parsed from local first-page text extracted from paper PDF; Country inferred from institution using local Ollama model
AAAI-2015-A000432,Cheng Fang,United States,"Massachusetts Institute of Technology Computer Science and Artificial Intelligence Laboratory Vassar Street, Cambridge, MA",AAAI,2015,https://cdn.aaai.org/ojs/9652/9652-13-13180-1-2-20201228.pdf,Affiliation parsed from local first-page text extracted from paper PDF; Country inferred from institution using local Ollama model
AAAI-2015-A000433,Brian Williams,United States,"Massachusetts Institute of Technology Computer Science and Artificial Intelligence Laboratory Vassar Street, Cambridge, MA",AAAI,2015,https://cdn.aaai.org/ojs/9652/9652-13-13180-1-2-20201228.pdf,Affiliation parsed from local first-page text extracted from paper PDF; Country inferred from institution using local Ollama model
AAAI-2015-A000434,Alessandro Cimatti,Italy,Fondazione Bruno Kessler – Italy,AAAI,2015,https://cdn.aaai.org/ojs/9653/9653-13-13181-1-2-20201228.pdf,Affiliation parsed from local first-page text extracted from paper PDF
AAAI-2015-A000435,Andrea Micheli,Italy,Fondazione Bruno Kessler – Italy,AAAI,2015,https://cdn.aaai.org/ojs/9653/9653-13-13181-1-2-20201228.pdf,Affiliation parsed from local first-page text extracted from paper PDF
AAAI-2015-A000436,Marco Roveri,Italy,Fondazione Bruno Kessler – Italy,AAAI,2015,https://cdn.aaai.org/ojs/9653/9653-13-13181-1-2-20201228.pdf,Affiliation parsed from local first-page text extracted from paper PDF
AAAI-2015-A000437,Meilun Li,China,"State Key Laboratory of Computer Science Institute of Software, Chinese Academy of Sciences Beijing, China",AAAI,2015,https://cdn.aaai.org/ojs/9654/9654-13-13182-1-2-20201228.pdf,Affiliation parsed from local first-page text extracted from paper PDF
AAAI-2015-A000438,Zhikun She,China,"State Key Laboratory of Computer Science Institute of Software, Chinese Academy of Sciences Beijing, China",AAAI,2015,https://cdn.aaai.org/ojs/9654/9654-13-13182-1-2-20201228.pdf,Affiliation parsed from local first-page text extracted from paper PDF
AAAI-2015-A000439,Andrea Turrini,China,"State Key Laboratory of Computer Science Institute of Software, Chinese Academy of Sciences Beijing, China",AAAI,2015,https://cdn.aaai.org/ojs/9654/9654-13-13182-1-2-20201228.pdf,Affiliation parsed from local first-page text extracted from paper PDF
AAAI-2015-A000440,Lijun Zhang,China,"State Key Laboratory of Computer Science Institute of Software, Chinese Academy of Sciences Beijing, China",AAAI,2015,https://cdn.aaai.org/ojs/9654/9654-13-13182-1-2-20201228.pdf,Affiliation parsed from local first-page text extracted from paper PDF
AAAI-2015-A000441,Pascal Poupart,Canada,UNKNOWN,AAAI,2015,https://aaai.org/papers/9655-approximate-linear-programming-for-constrained-partially-observable-markov-decision-processes/,Parsed from AAAI track pages or OJS issues; affiliation enrichment pending from PDF first pages; Country inferred from full first-page text using local Ollama model
AAAI-2015-A000442,Aarti Malhotra,Canada,UNKNOWN,AAAI,2015,https://aaai.org/papers/9655-approximate-linear-programming-for-constrained-partially-observable-markov-decision-processes/,Parsed from AAAI track pages or OJS issues; affiliation enrichment pending from PDF first pages; Country inferred from full first-page text using local Ollama model
AAAI-2015-A000443,Pei Pei,Canada,UNKNOWN,AAAI,2015,https://aaai.org/papers/9655-approximate-linear-programming-for-constrained-partially-observable-markov-decision-processes/,Parsed from AAAI track pages or OJS issues; affiliation enrichment pending from PDF first pages; Country inferred from full first-page text using local Ollama model
AAAI-2015-A000444,Kee-Eung Kim,South Korea,UNKNOWN,AAAI,2015,https://aaai.org/papers/9655-approximate-linear-programming-for-constrained-partially-observable-markov-decision-processes/,Parsed from AAAI track pages or OJS issues; affiliation enrichment pending from PDF first pages; Country inferred from full first-page text using local Ollama model
AAAI-2015-A000445,Bongseok Goh,South Korea,UNKNOWN,AAAI,2015,https://aaai.org/papers/9655-approximate-linear-programming-for-constrained-partially-observable-markov-decision-processes/,Parsed from AAAI track pages or OJS issues; affiliation enrichment pending from PDF first pages; Country inferred from full first-page text using local Ollama model
AAAI-2015-A000446,Michael Bowling,Canada,UNKNOWN,AAAI,2015,https://aaai.org/papers/9655-approximate-linear-programming-for-constrained-partially-observable-markov-decision-processes/,Parsed from AAAI track pages or OJS issues; affiliation enrichment pending from PDF first pages; Country inferred from full first-page text using local Ollama model
AAAI-2015-A000447,David Wang,United States,"Computer Science and Artificial Intelligence Laboratory Massachusetts Institute of Technology Cambridge, Massachusetts",AAAI,2015,https://cdn.aaai.org/ojs/9656/9656-13-13184-1-2-20201228.pdf,Affiliation parsed from local first-page text extracted from paper PDF; Country inferred from institution using local Ollama model
AAAI-2015-A000448,Brian Williams,United States,"Computer Science and Artificial Intelligence Laboratory Massachusetts Institute of Technology Cambridge, Massachusetts",AAAI,2015,https://cdn.aaai.org/ojs/9656/9656-13-13184-1-2-20201228.pdf,Affiliation parsed from local first-page text extracted from paper PDF; Country inferred from institution using local Ollama model
AAAI-2015-A000449,Zizhen Zhang,China,"Sun Yat-Sen University, China",AAAI,2015,https://cdn.aaai.org/ojs/9657/9657-13-13185-1-2-20201228.pdf,Affiliation parsed from local first-page text extracted from paper PDF
AAAI-2015-A000450,Huang He,China,"Sun Yat-Sen University, China",AAAI,2015,https://cdn.aaai.org/ojs/9657/9657-13-13185-1-2-20201228.pdf,Affiliation parsed from local first-page text extracted from paper PDF
AAAI-2015-A000451,Zhixing Luo,UNKNOWN,UNKNOWN,AAAI,2015,https://aaai.org/papers/9657-an-efficient-forest-based-tabu-search-algorithm-for-the-split-delivery-vehicle-routing-problem/,Parsed from AAAI track pages or OJS issues; affiliation enrichment pending from PDF first pages
AAAI-2015-A000452,Hu Qin,China,"Huazhong University of Science and Technology, China",AAAI,2015,https://cdn.aaai.org/ojs/9657/9657-13-13185-1-2-20201228.pdf,Affiliation parsed from local first-page text extracted from paper PDF
AAAI-2015-A000453,Songshan Guo,China,"Sun Yat-Sen University, China",AAAI,2015,https://cdn.aaai.org/ojs/9657/9657-13-13185-1-2-20201228.pdf,Affiliation parsed from local first-page text extracted from paper PDF
AAAI-2015-A000454,Siddharth Srivastava,United States,"Computer Science Division, University of California, Berkeley, CA",AAAI,2015,https://cdn.aaai.org/ojs/9658/9658-13-13186-1-2-20201228.pdf,Affiliation parsed from local first-page text extracted from paper PDF
AAAI-2015-A000455,Shlomo Zilberstein,United States,"School of Computer Science, University of Massachusetts, Amherst, MA",AAAI,2015,https://cdn.aaai.org/ojs/9658/9658-13-13186-1-2-20201228.pdf,Affiliation parsed from local first-page text extracted from paper PDF; Country inferred from institution using local Ollama model
AAAI-2015-A000456,Abhishek Gupta,United States,"Computer Science Division, University of California, Berkeley, CA",AAAI,2015,https://cdn.aaai.org/ojs/9658/9658-13-13186-1-2-20201228.pdf,Affiliation parsed from local first-page text extracted from paper PDF
AAAI-2015-A000457,Pieter Abbeel,United States,"Computer Science Division, University of California, Berkeley, CA",AAAI,2015,https://cdn.aaai.org/ojs/9658/9658-13-13186-1-2-20201228.pdf,Affiliation parsed from local first-page text extracted from paper PDF
AAAI-2015-A000458,Stuart Russell,United States,"Computer Science Division, University of California, Berkeley, CA",AAAI,2015,https://cdn.aaai.org/ojs/9658/9658-13-13186-1-2-20201228.pdf,Affiliation parsed from local first-page text extracted from paper PDF
AAAI-2015-A000459,Hang Ma,Canada,"School of Computer Science McGill University, Montreal, Canada",AAAI,2015,https://cdn.aaai.org/ojs/9659/9659-13-13187-1-2-20201228.pdf,Affiliation parsed from local first-page text extracted from paper PDF
AAAI-2015-A000460,Joelle Pineau,Canada,"School of Computer Science McGill University, Montreal, Canada",AAAI,2015,https://cdn.aaai.org/ojs/9659/9659-13-13187-1-2-20201228.pdf,Affiliation parsed from local first-page text extracted from paper PDF
AAAI-2015-A000461,Sriram Srinivasan,Canada,University of Alberta,AAAI,2015,https://cdn.aaai.org/ojs/9660/9660-13-13188-1-2-20201228.pdf,Affiliation parsed from local first-page text extracted from paper PDF; Country inferred from institution using local Ollama model
AAAI-2015-A000462,Erik Talvitie,Canada,University of Alberta,AAAI,2015,https://cdn.aaai.org/ojs/9660/9660-13-13188-1-2-20201228.pdf,Affiliation parsed from local first-page text extracted from paper PDF; Country inferred from institution using local Ollama model
AAAI-2015-A000463,Michael Bowling,Canada,University of Alberta,AAAI,2015,https://cdn.aaai.org/ojs/9660/9660-13-13188-1-2-20201228.pdf,Affiliation parsed from local first-page text extracted from paper PDF; Country inferred from institution using local Ollama model
AAAI-2015-A000464,Martin Kronegger,Austria,"Vienna University of Technology, Vienna, Austria",AAAI,2015,https://cdn.aaai.org/ojs/9662/9662-13-13190-1-2-20201228.pdf,Affiliation parsed from local first-page text extracted from paper PDF; Country inferred from institution using local Ollama model
AAAI-2015-A000465,Sebastian Ordyniak,Czech Republic,"Masaryk University, Brno, Czech Republic",AAAI,2015,https://cdn.aaai.org/ojs/9662/9662-13-13190-1-2-20201228.pdf,Affiliation parsed from local first-page text extracted from paper PDF; Country inferred from institution using local Ollama model
AAAI-2015-A000466,Andreas Pfandler,Germany,"Vienna University of Technology, Vienna, Austria | University of Siegen, Siegen, Germany",AAAI,2015,https://cdn.aaai.org/ojs/9662/9662-13-13190-1-2-20201228.pdf,Affiliation parsed from local first-page text extracted from paper PDF
AAAI-2015-A000467,Hao Cui,United States,"Department of Computer Science Tufts University Medford, MA , USA School of Electrical Engineering and Computer Science Oregon State University Corvallis, OR , USA",AAAI,2015,https://cdn.aaai.org/ojs/9661/9661-13-13189-1-2-20201228.pdf,Affiliation parsed from local first-page text extracted from paper PDF
AAAI-2015-A000468,Roni Khardon,United States,"Department of Computer Science Tufts University Medford, MA , USA School of Electrical Engineering and Computer Science Oregon State University Corvallis, OR , USA",AAAI,2015,https://cdn.aaai.org/ojs/9661/9661-13-13189-1-2-20201228.pdf,Affiliation parsed from local first-page text extracted from paper PDF
AAAI-2015-A000469,Alan Fern,United States,"Department of Computer Science Tufts University Medford, MA , USA School of Electrical Engineering and Computer Science Oregon State University Corvallis, OR , USA",AAAI,2015,https://cdn.aaai.org/ojs/9661/9661-13-13189-1-2-20201228.pdf,Affiliation parsed from local first-page text extracted from paper PDF
AAAI-2015-A000470,Prasad Tadepalli,United States,"Department of Computer Science Tufts University Medford, MA , USA School of Electrical Engineering and Computer Science Oregon State University Corvallis, OR , USA",AAAI,2015,https://cdn.aaai.org/ojs/9661/9661-13-13189-1-2-20201228.pdf,Affiliation parsed from local first-page text extracted from paper PDF
AAAI-2015-A000471,Jeb Brooks,United States,"Harvey Mudd College, Claremont, CA",AAAI,2015,https://cdn.aaai.org/ojs/9663/9663-13-13191-1-2-20201228.pdf,Affiliation parsed from local first-page text extracted from paper PDF; Country inferred from institution using local Ollama model
AAAI-2015-A000472,Emilia Reed,United States,"Harvey Mudd College, Claremont, CA",AAAI,2015,https://cdn.aaai.org/ojs/9663/9663-13-13191-1-2-20201228.pdf,Affiliation parsed from local first-page text extracted from paper PDF; Country inferred from institution using local Ollama model
AAAI-2015-A000473,Alexander Gruver,United States,"Harvey Mudd College, Claremont, CA",AAAI,2015,https://cdn.aaai.org/ojs/9663/9663-13-13191-1-2-20201228.pdf,Affiliation parsed from local first-page text extracted from paper PDF; Country inferred from institution using local Ollama model
AAAI-2015-A000474,James Boerkoel,United States,"Harvey Mudd College, Claremont, CA",AAAI,2015,https://cdn.aaai.org/ojs/9663/9663-13-13191-1-2-20201228.pdf,Affiliation parsed from local first-page text extracted from paper PDF; Country inferred from institution using local Ollama model
AAAI-2015-A000475,Nina Ghooshchi,UNKNOWN,UNKNOWN,AAAI,2015,https://aaai.org/papers/9664-transition-constraints-for-parallel-planning/,Parsed from AAAI track pages or OJS issues; affiliation enrichment pending from PDF first pages
AAAI-2015-A000476,Majid Namazi,Iran,"Computer Engineering Department, Urmia University, West Azarbaijan, Iran",AAAI,2015,https://cdn.aaai.org/ojs/9664/9664-13-13192-1-2-20201228.pdf,Affiliation parsed from local first-page text extracted from paper PDF; Country inferred from institution using local Ollama model
AAAI-2015-A000477,M A Hakim Newton,UNKNOWN,UNKNOWN,AAAI,2015,https://aaai.org/papers/9664-transition-constraints-for-parallel-planning/,Parsed from AAAI track pages or OJS issues; affiliation enrichment pending from PDF first pages
AAAI-2015-A000478,Abdul Sattar,Australia,"Computer Engineering Department, Urmia University, West Azarbaijan, Iran Institute for Integrated and Intelligent Systems (IIIS), Griffith University, Australia",AAAI,2015,https://cdn.aaai.org/ojs/9664/9664-13-13192-1-2-20201228.pdf,Affiliation parsed from local first-page text extracted from paper PDF
AAAI-2015-A000479,Yash Satsangi,Netherlands,"Informatics Institute, University of Amsterdam",AAAI,2015,https://cdn.aaai.org/ojs/9666/9666-13-13194-1-2-20201228.pdf,Affiliation parsed from local first-page text extracted from paper PDF
AAAI-2015-A000480,Shimon Whiteson,Netherlands,"Informatics Institute, University of Amsterdam",AAAI,2015,https://cdn.aaai.org/ojs/9666/9666-13-13194-1-2-20201228.pdf,Affiliation parsed from local first-page text extracted from paper PDF
AAAI-2015-A000481,Frans Oliehoek,Netherlands,"Informatics Institute, University of Amsterdam",AAAI,2015,https://cdn.aaai.org/ojs/9666/9666-13-13194-1-2-20201228.pdf,Affiliation parsed from local first-page text extracted from paper PDF
AAAI-2015-A000482,Christian Muise,Australia,UNKNOWN,AAAI,2015,https://aaai.org/papers/9665-planning-over-multi-agent-epistemic-states-a-classical-planning-approach/,Parsed from AAAI track pages or OJS issues; affiliation enrichment pending from PDF first pages; Country inferred from full first-page text using local Ollama model
AAAI-2015-A000483,Vaishak Belle,Canada,UNKNOWN,AAAI,2015,https://aaai.org/papers/9665-planning-over-multi-agent-epistemic-states-a-classical-planning-approach/,Parsed from AAAI track pages or OJS issues; affiliation enrichment pending from PDF first pages; Country inferred from full first-page text using local Ollama model
AAAI-2015-A000484,Paolo Felli,Australia,UNKNOWN,AAAI,2015,https://aaai.org/papers/9665-planning-over-multi-agent-epistemic-states-a-classical-planning-approach/,Parsed from AAAI track pages or OJS issues; affiliation enrichment pending from PDF first pages; Country inferred from full first-page text using local Ollama model
AAAI-2015-A000485,Sheila McIlraith,Canada,UNKNOWN,AAAI,2015,https://aaai.org/papers/9665-planning-over-multi-agent-epistemic-states-a-classical-planning-approach/,Parsed from AAAI track pages or OJS issues; affiliation enrichment pending from PDF first pages; Country inferred from full first-page text using local Ollama model
AAAI-2015-A000486,Tim Miller,Australia,UNKNOWN,AAAI,2015,https://aaai.org/papers/9665-planning-over-multi-agent-epistemic-states-a-classical-planning-approach/,Parsed from AAAI track pages or OJS issues; affiliation enrichment pending from PDF first pages; Country inferred from full first-page text using local Ollama model
AAAI-2015-A000487,Adrian Pearce,Australia,UNKNOWN,AAAI,2015,https://aaai.org/papers/9665-planning-over-multi-agent-epistemic-states-a-classical-planning-approach/,Parsed from AAAI track pages or OJS issues; affiliation enrichment pending from PDF first pages; Country inferred from full first-page text using local Ollama model
AAAI-2015-A000488,Liz Sonenberg,Australia,UNKNOWN,AAAI,2015,https://aaai.org/papers/9665-planning-over-multi-agent-epistemic-states-a-classical-planning-approach/,Parsed from AAAI track pages or OJS issues; affiliation enrichment pending from PDF first pages; Country inferred from full first-page text using local Ollama model
AAAI-2015-A000489,Gao Huang,China,"Tsinghua National Laboratory for Information Science and Technology (TNList) Department of Automation, Tsinghua University, Beijing , China Microsoft Research, Beijing",AAAI,2015,https://cdn.aaai.org/ojs/9627/9627-13-13155-1-2-20201228.pdf,Affiliation parsed from local first-page text extracted from paper PDF
AAAI-2015-A000490,Jianwen Zhang,China,"Tsinghua National Laboratory for Information Science and Technology (TNList) Department of Automation, Tsinghua University, Beijing , China Microsoft Research, Beijing",AAAI,2015,https://cdn.aaai.org/ojs/9627/9627-13-13155-1-2-20201228.pdf,Affiliation parsed from local first-page text extracted from paper PDF
AAAI-2015-A000491,Shiji Song,China,"Tsinghua National Laboratory for Information Science and Technology (TNList) Department of Automation, Tsinghua University, Beijing , China Microsoft Research, Beijing",AAAI,2015,https://cdn.aaai.org/ojs/9627/9627-13-13155-1-2-20201228.pdf,Affiliation parsed from local first-page text extracted from paper PDF
AAAI-2015-A000492,Zheng Chen,China,"Tsinghua National Laboratory for Information Science and Technology (TNList) Department of Automation, Tsinghua University, Beijing , China Microsoft Research, Beijing",AAAI,2015,https://cdn.aaai.org/ojs/9627/9627-13-13155-1-2-20201228.pdf,Affiliation parsed from local first-page text extracted from paper PDF
AAAI-2015-A000493,Anna Harutyunyan,Belgium,UNKNOWN,AAAI,2015,https://aaai.org/papers/9628-expressing-arbitrary-reward-functions-as-potential-based-advice/,Parsed from AAAI track pages or OJS issues; affiliation enrichment pending from PDF first pages; Country inferred from full first-page text using local Ollama model
AAAI-2015-A000494,Sam Devlin,United Kingdom,UNKNOWN,AAAI,2015,https://aaai.org/papers/9628-expressing-arbitrary-reward-functions-as-potential-based-advice/,Parsed from AAAI track pages or OJS issues; affiliation enrichment pending from PDF first pages; Country inferred from full first-page text using local Ollama model
AAAI-2015-A000495,Peter Vrancx,Belgium,UNKNOWN,AAAI,2015,https://aaai.org/papers/9628-expressing-arbitrary-reward-functions-as-potential-based-advice/,Parsed from AAAI track pages or OJS issues; affiliation enrichment pending from PDF first pages; Country inferred from full first-page text using local Ollama model
AAAI-2015-A000496,Ann Nowe,Belgium,UNKNOWN,AAAI,2015,https://aaai.org/papers/9628-expressing-arbitrary-reward-functions-as-potential-based-advice/,Parsed from AAAI track pages or OJS issues; affiliation enrichment pending from PDF first pages; Country inferred from full first-page text using local Ollama model
AAAI-2015-A000497,Kazuo Hara,Japan,UNKNOWN,AAAI,2015,https://aaai.org/papers/9629-localized-centering-reducing-hubness-in-large-sample-data/,Parsed from AAAI track pages or OJS issues; affiliation enrichment pending from PDF first pages; Country inferred from full first-page text using local Ollama model
AAAI-2015-A000498,Ikumi Suzuki,Japan,UNKNOWN,AAAI,2015,https://aaai.org/papers/9629-localized-centering-reducing-hubness-in-large-sample-data/,Parsed from AAAI track pages or OJS issues; affiliation enrichment pending from PDF first pages; Country inferred from full first-page text using local Ollama model
AAAI-2015-A000499,Masashi Shimbo,Japan,UNKNOWN,AAAI,2015,https://aaai.org/papers/9629-localized-centering-reducing-hubness-in-large-sample-data/,Parsed from AAAI track pages or OJS issues; affiliation enrichment pending from PDF first pages; Country inferred from full first-page text using local Ollama model
AAAI-2015-A000500,Kei Kobayashi,Japan,UNKNOWN,AAAI,2015,https://aaai.org/papers/9629-localized-centering-reducing-hubness-in-large-sample-data/,Parsed from AAAI track pages or OJS issues; affiliation enrichment pending from PDF first pages; Country inferred from full first-page text using local Ollama model
AAAI-2015-A000501,Kenji Fukumizu,Japan,UNKNOWN,AAAI,2015,https://aaai.org/papers/9629-localized-centering-reducing-hubness-in-large-sample-data/,Parsed from AAAI track pages or OJS issues; affiliation enrichment pending from PDF first pages; Country inferred from full first-page text using local Ollama model
AAAI-2015-A000502,Miloš Radovanović,Serbia,UNKNOWN,AAAI,2015,https://aaai.org/papers/9629-localized-centering-reducing-hubness-in-large-sample-data/,Parsed from AAAI track pages or OJS issues; affiliation enrichment pending from PDF first pages; Country inferred from full first-page text using local Ollama model
AAAI-2015-A000503,Haitham Bou Ammar,United States,UNKNOWN,AAAI,2015,https://aaai.org/papers/9631-unsupervised-cross-domain-transfer-in-policy-gradient-reinforcement-learning-via-manifold-alignment/,Parsed from AAAI track pages or OJS issues; affiliation enrichment pending from PDF first pages; Country inferred from full first-page text using local Ollama model
AAAI-2015-A000504,Eric Eaton,United States,UNKNOWN,AAAI,2015,https://aaai.org/papers/9631-unsupervised-cross-domain-transfer-in-policy-gradient-reinforcement-learning-via-manifold-alignment/,Parsed from AAAI track pages or OJS issues; affiliation enrichment pending from PDF first pages; Country inferred from full first-page text using local Ollama model
AAAI-2015-A000505,Paul Ruvolo,United States,UNKNOWN,AAAI,2015,https://aaai.org/papers/9631-unsupervised-cross-domain-transfer-in-policy-gradient-reinforcement-learning-via-manifold-alignment/,Parsed from AAAI track pages or OJS issues; affiliation enrichment pending from PDF first pages; Country inferred from full first-page text using local Ollama model
AAAI-2015-A000506,Matthew Taylor,UNKNOWN,UNKNOWN,AAAI,2015,https://aaai.org/papers/9631-unsupervised-cross-domain-transfer-in-policy-gradient-reinforcement-learning-via-manifold-alignment/,Parsed from AAAI track pages or OJS issues; affiliation enrichment pending from PDF first pages
AAAI-2015-A000507,Yuxin Peng,China,"Institute of Computer Science and Technology, Peking University, Beijing , China",AAAI,2015,https://cdn.aaai.org/ojs/9630/9630-13-13158-1-2-20201228.pdf,Affiliation parsed from local first-page text extracted from paper PDF
AAAI-2015-A000508,Hua Wang,United States,"Department of Electrical Engineering and Computer Science Colorado School of Mines, Golden, Colorado , USA Department of Computer Science and Engineering University of Texas at Arlington, Arlington, Texas , USA",AAAI,2015,https://cdn.aaai.org/ojs/9632/9632-13-13160-1-2-20201228.pdf,Affiliation parsed from local first-page text extracted from paper PDF
AAAI-2015-A000509,Feiping Nie,United States,"Department of Electrical Engineering and Computer Science Colorado School of Mines, Golden, Colorado , USA Department of Computer Science and Engineering University of Texas at Arlington, Arlington, Texas , USA",AAAI,2015,https://cdn.aaai.org/ojs/9632/9632-13-13160-1-2-20201228.pdf,Affiliation parsed from local first-page text extracted from paper PDF
AAAI-2015-A000510,Heng Huang,United States,"Department of Electrical Engineering and Computer Science Colorado School of Mines, Golden, Colorado , USA Department of Computer Science and Engineering University of Texas at Arlington, Arlington, Texas , USA",AAAI,2015,https://cdn.aaai.org/ojs/9632/9632-13-13160-1-2-20201228.pdf,Affiliation parsed from local first-page text extracted from paper PDF
AAAI-2015-A000511,Jaesik Choi,South Korea,UNKNOWN,AAAI,2015,https://aaai.org/papers/9633-learning-relational-kalman-filtering/,Parsed from AAAI track pages or OJS issues; affiliation enrichment pending from PDF first pages; Country inferred from full first-page text using local Ollama model
AAAI-2015-A000512,Eyal Amir,United States,UNKNOWN,AAAI,2015,https://aaai.org/papers/9633-learning-relational-kalman-filtering/,Parsed from AAAI track pages or OJS issues; affiliation enrichment pending from PDF first pages; Country inferred from full first-page text using local Ollama model
AAAI-2015-A000513,Tianfang Xu,United States,UNKNOWN,AAAI,2015,https://aaai.org/papers/9633-learning-relational-kalman-filtering/,Parsed from AAAI track pages or OJS issues; affiliation enrichment pending from PDF first pages; Country inferred from full first-page text using local Ollama model
AAAI-2015-A000514,Albert Valocchi,United States,UNKNOWN,AAAI,2015,https://aaai.org/papers/9633-learning-relational-kalman-filtering/,Parsed from AAAI track pages or OJS issues; affiliation enrichment pending from PDF first pages; Country inferred from full first-page text using local Ollama model
AAAI-2015-A000515,Ga Wu,Australia,Australian National University,AAAI,2015,https://cdn.aaai.org/ojs/9634/9634-13-13162-1-2-20201228.pdf,Affiliation parsed from local first-page text extracted from paper PDF
AAAI-2015-A000516,Scott Sanner,Australia,Australian National University,AAAI,2015,https://cdn.aaai.org/ojs/9634/9634-13-13162-1-2-20201228.pdf,Affiliation parsed from local first-page text extracted from paper PDF
AAAI-2015-A000517,Rodrigo Oliveira,Australia,Australian National University,AAAI,2015,https://cdn.aaai.org/ojs/9634/9634-13-13162-1-2-20201228.pdf,Affiliation parsed from local first-page text extracted from paper PDF
AAAI-2015-A000518,Alex Kulesza,United States,University of Michigan,AAAI,2015,https://cdn.aaai.org/ojs/9635/9635-13-13163-1-2-20201228.pdf,Affiliation parsed from local first-page text extracted from paper PDF
AAAI-2015-A000519,Nan Jiang,United States,University of Michigan,AAAI,2015,https://cdn.aaai.org/ojs/9635/9635-13-13163-1-2-20201228.pdf,Affiliation parsed from local first-page text extracted from paper PDF
AAAI-2015-A000520,Satinder Singh,United States,University of Michigan,AAAI,2015,https://cdn.aaai.org/ojs/9635/9635-13-13163-1-2-20201228.pdf,Affiliation parsed from local first-page text extracted from paper PDF
AAAI-2015-A000521,Itamar Katz,Israel,"Department of Electrical Engineering The Technion – Israel Institute of Technology Haifa, Israel",AAAI,2015,https://cdn.aaai.org/ojs/9637/9637-13-13165-1-2-20201228.pdf,Affiliation parsed from local first-page text extracted from paper PDF
AAAI-2015-A000522,Koby Crammer,Israel,"Department of Electrical Engineering The Technion – Israel Institute of Technology Haifa, Israel",AAAI,2015,https://cdn.aaai.org/ojs/9637/9637-13-13165-1-2-20201228.pdf,Affiliation parsed from local first-page text extracted from paper PDF
AAAI-2015-A000523,Maxim Grechkin,United States,University of Washington,AAAI,2015,https://cdn.aaai.org/ojs/9636/9636-13-13164-1-2-20201228.pdf,Affiliation parsed from local first-page text extracted from paper PDF; Country inferred from institution using local Ollama model
AAAI-2015-A000524,Maryam Fazel,United States,University of Washington,AAAI,2015,https://cdn.aaai.org/ojs/9636/9636-13-13164-1-2-20201228.pdf,Affiliation parsed from local first-page text extracted from paper PDF; Country inferred from institution using local Ollama model
AAAI-2015-A000525,Daniela Witten,United States,University of Washington,AAAI,2015,https://cdn.aaai.org/ojs/9636/9636-13-13164-1-2-20201228.pdf,Affiliation parsed from local first-page text extracted from paper PDF; Country inferred from institution using local Ollama model
AAAI-2015-A000526,Su-In Lee,United States,University of Washington,AAAI,2015,https://cdn.aaai.org/ojs/9636/9636-13-13164-1-2-20201228.pdf,Affiliation parsed from local first-page text extracted from paper PDF; Country inferred from institution using local Ollama model
AAAI-2015-A000527,Thomas Boucher,United States,UNKNOWN,AAAI,2015,https://aaai.org/papers/9638-aligning-mixed-manifolds/,Parsed from AAAI track pages or OJS issues; affiliation enrichment pending from PDF first pages; Country inferred from full first-page text using local Ollama model
AAAI-2015-A000528,CJ Carey,United States,UNKNOWN,AAAI,2015,https://aaai.org/papers/9638-aligning-mixed-manifolds/,Parsed from AAAI track pages or OJS issues; affiliation enrichment pending from PDF first pages; Country inferred from full first-page text using local Ollama model
AAAI-2015-A000529,Sridhar Mahadevan,United States,UNKNOWN,AAAI,2015,https://aaai.org/papers/9638-aligning-mixed-manifolds/,Parsed from AAAI track pages or OJS issues; affiliation enrichment pending from PDF first pages; Country inferred from full first-page text using local Ollama model
AAAI-2015-A000530,Melinda Dyar,United States,UNKNOWN,AAAI,2015,https://aaai.org/papers/9638-aligning-mixed-manifolds/,Parsed from AAAI track pages or OJS issues; affiliation enrichment pending from PDF first pages; Country inferred from full first-page text using local Ollama model
AAAI-2015-A000531,Wei Liu,United States,UNKNOWN,AAAI,2015,https://aaai.org/papers/9639-low-rank-similarity-metric-learning-in-high-dimensions/,Parsed from AAAI track pages or OJS issues; affiliation enrichment pending from PDF first pages; Country inferred from full first-page text using local Ollama model
AAAI-2015-A000532,Cun Mu,United States,UNKNOWN,AAAI,2015,https://aaai.org/papers/9639-low-rank-similarity-metric-learning-in-high-dimensions/,Parsed from AAAI track pages or OJS issues; affiliation enrichment pending from PDF first pages; Country inferred from full first-page text using local Ollama model
AAAI-2015-A000533,Rongrong Ji,China,UNKNOWN,AAAI,2015,https://aaai.org/papers/9639-low-rank-similarity-metric-learning-in-high-dimensions/,Parsed from AAAI track pages or OJS issues; affiliation enrichment pending from PDF first pages; Country inferred from full first-page text using local Ollama model
AAAI-2015-A000534,Shiqian Ma,Hong Kong,UNKNOWN,AAAI,2015,https://aaai.org/papers/9639-low-rank-similarity-metric-learning-in-high-dimensions/,Parsed from AAAI track pages or OJS issues; affiliation enrichment pending from PDF first pages; Country inferred from full first-page text using local Ollama model
AAAI-2015-A000535,John Smith,United States,UNKNOWN,AAAI,2015,https://aaai.org/papers/9639-low-rank-similarity-metric-learning-in-high-dimensions/,Parsed from AAAI track pages or OJS issues; affiliation enrichment pending from PDF first pages; Country inferred from full first-page text using local Ollama model
AAAI-2015-A000536,Shih-Fu Chang,United States,UNKNOWN,AAAI,2015,https://aaai.org/papers/9639-low-rank-similarity-metric-learning-in-high-dimensions/,Parsed from AAAI track pages or OJS issues; affiliation enrichment pending from PDF first pages; Country inferred from full first-page text using local Ollama model
AAAI-2015-A000537,Jendrik Seipp,Switzerland,University of Basel,AAAI,2015,https://cdn.aaai.org/ojs/9640/9640-13-13168-1-2-20201228.pdf,Affiliation parsed from local first-page text extracted from paper PDF; Country inferred from institution using local Ollama model
AAAI-2015-A000538,Silvan Sievers,Switzerland,University of Basel,AAAI,2015,https://cdn.aaai.org/ojs/9640/9640-13-13168-1-2-20201228.pdf,Affiliation parsed from local first-page text extracted from paper PDF; Country inferred from institution using local Ollama model
AAAI-2015-A000539,Malte Helmert,Switzerland,University of Basel,AAAI,2015,https://cdn.aaai.org/ojs/9640/9640-13-13168-1-2-20201228.pdf,Affiliation parsed from local first-page text extracted from paper PDF; Country inferred from institution using local Ollama model
AAAI-2015-A000540,Frank Hutter,Switzerland,University of Basel,AAAI,2015,https://cdn.aaai.org/ojs/9640/9640-13-13168-1-2-20201228.pdf,Affiliation parsed from local first-page text extracted from paper PDF; Country inferred from institution using local Ollama model
AAAI-2015-A000541,Silvan Sievers,Switzerland,UNKNOWN,AAAI,2015,https://aaai.org/papers/9642-factored-symmetries-for-merge-and-shrink-abstractions/,Parsed from AAAI track pages or OJS issues; affiliation enrichment pending from PDF first pages; Country inferred from full first-page text using local Ollama model
AAAI-2015-A000542,Martin Wehrle,Switzerland,UNKNOWN,AAAI,2015,https://aaai.org/papers/9642-factored-symmetries-for-merge-and-shrink-abstractions/,Parsed from AAAI track pages or OJS issues; affiliation enrichment pending from PDF first pages; Country inferred from full first-page text using local Ollama model
AAAI-2015-A000543,Malte Helmert,Switzerland,UNKNOWN,AAAI,2015,https://aaai.org/papers/9642-factored-symmetries-for-merge-and-shrink-abstractions/,Parsed from AAAI track pages or OJS issues; affiliation enrichment pending from PDF first pages; Country inferred from full first-page text using local Ollama model
AAAI-2015-A000544,Alexander Shleyfman,Israel,UNKNOWN,AAAI,2015,https://aaai.org/papers/9642-factored-symmetries-for-merge-and-shrink-abstractions/,Parsed from AAAI track pages or OJS issues; affiliation enrichment pending from PDF first pages; Country inferred from full first-page text using local Ollama model
AAAI-2015-A000545,Michael Katz,Israel,UNKNOWN,AAAI,2015,https://aaai.org/papers/9642-factored-symmetries-for-merge-and-shrink-abstractions/,Parsed from AAAI track pages or OJS issues; affiliation enrichment pending from PDF first pages; Country inferred from full first-page text using local Ollama model
AAAI-2015-A000546,Robert C. Holte,Canada,"University of Alberta, Canada",AAAI,2015,https://cdn.aaai.org/ojs/9641/9641-13-13169-1-2-20201228.pdf,Affiliation parsed from local first-page text extracted from paper PDF
AAAI-2015-A000547,Yusra Alkhazraji,Canada,"University of Alberta, Canada",AAAI,2015,https://cdn.aaai.org/ojs/9641/9641-13-13169-1-2-20201228.pdf,Affiliation parsed from local first-page text extracted from paper PDF
AAAI-2015-A000548,Martin Wehrle,Canada,"University of Alberta, Canada",AAAI,2015,https://cdn.aaai.org/ojs/9641/9641-13-13169-1-2-20201228.pdf,Affiliation parsed from local first-page text extracted from paper PDF
AAAI-2015-A000549,Eric Hansen,UNKNOWN,UNKNOWN,AAAI,2015,https://aaai.org/papers/9643-efficient-bounds-in-heuristic-search-algorithms-for-stochastic-shortest-path-problems/,Parsed from AAAI track pages or OJS issues; affiliation enrichment pending from PDF first pages
AAAI-2015-A000550,Ibrahim Abdoulahi,UNKNOWN,UNKNOWN,AAAI,2015,https://aaai.org/papers/9643-efficient-bounds-in-heuristic-search-algorithms-for-stochastic-shortest-path-problems/,Parsed from AAAI track pages or OJS issues; affiliation enrichment pending from PDF first pages
AAAI-2015-A000551,Jussi Rintanen,Finland,"Department of Information and Computer Science Aalto University, Helsinki, Finland",AAAI,2015,https://cdn.aaai.org/ojs/9644/9644-13-13172-1-2-20201228.pdf,Affiliation parsed from local first-page text extracted from paper PDF; Country inferred from institution using local Ollama model
AAAI-2015-A000552,Sarah Keren,Israel,UNKNOWN,AAAI,2015,https://aaai.org/papers/9645-goal-recognition-design-for-non-optimal-agents/,Parsed from AAAI track pages or OJS issues; affiliation enrichment pending from PDF first pages; Country inferred from full first-page text using local Ollama model
AAAI-2015-A000553,Avigdor Gal,Israel,UNKNOWN,AAAI,2015,https://aaai.org/papers/9645-goal-recognition-design-for-non-optimal-agents/,Parsed from AAAI track pages or OJS issues; affiliation enrichment pending from PDF first pages; Country inferred from full first-page text using local Ollama model
AAAI-2015-A000554,Erez Karpas,Israel | United States,UNKNOWN,AAAI,2015,https://aaai.org/papers/9645-goal-recognition-design-for-non-optimal-agents/,Parsed from AAAI track pages or OJS issues; affiliation enrichment pending from PDF first pages; Country inferred from full first-page text using local Ollama model
AAAI-2015-A000555,Christer Bäckström,Sweden,"Linköping University, SE- Linköping, Sweden.",AAAI,2015,https://cdn.aaai.org/ojs/9648/9648-13-13176-1-2-20201228.pdf,Affiliation parsed from local first-page text extracted from paper PDF; Country inferred from institution using local Ollama model
AAAI-2015-A000556,Boyu Wang,Canada,"School of Computer Science McGill University, Montreal, Canada",AAAI,2015,https://cdn.aaai.org/ojs/9607/9607-13-13135-1-2-20201228.pdf,Affiliation parsed from local first-page text extracted from paper PDF
AAAI-2015-A000557,Joelle Pineau,Canada,"School of Computer Science McGill University, Montreal, Canada",AAAI,2015,https://cdn.aaai.org/ojs/9607/9607-13-13135-1-2-20201228.pdf,Affiliation parsed from local first-page text extracted from paper PDF
AAAI-2015-A000558,Lu Jiang,United States,"School of Computer Science, Carnegie Mellon University, Pittsburgh, PA, USA",AAAI,2015,https://cdn.aaai.org/ojs/9608/9608-13-13136-1-2-20201228.pdf,Affiliation parsed from local first-page text extracted from paper PDF
AAAI-2015-A000559,Deyu Meng,United States | China,"School of Computer Science, Carnegie Mellon University, Pittsburgh, PA, USA, | School of Mathematics and Statistics, Xi’an Jiaotong University, Xi’an, Shaanxi, P. R. China",AAAI,2015,https://cdn.aaai.org/ojs/9608/9608-13-13136-1-2-20201228.pdf,Affiliation parsed from local first-page text extracted from paper PDF
AAAI-2015-A000560,Qian Zhao,United States | China,"School of Computer Science, Carnegie Mellon University, Pittsburgh, PA, USA, | School of Mathematics and Statistics, Xi’an Jiaotong University, Xi’an, Shaanxi, P. R. China",AAAI,2015,https://cdn.aaai.org/ojs/9608/9608-13-13136-1-2-20201228.pdf,Affiliation parsed from local first-page text extracted from paper PDF
AAAI-2015-A000561,Shiguang Shan,United States | China,"School of Computer Science, Carnegie Mellon University, Pittsburgh, PA, USA, | Institute of Computing Technology, Chinese Academy of Sciences, Beijing, P. R. China",AAAI,2015,https://cdn.aaai.org/ojs/9608/9608-13-13136-1-2-20201228.pdf,Affiliation parsed from local first-page text extracted from paper PDF
AAAI-2015-A000562,Alexander Hauptmann,UNKNOWN,UNKNOWN,AAAI,2015,https://aaai.org/papers/9608-self-paced-curriculum-learning/,Parsed from AAAI track pages or OJS issues; affiliation enrichment pending from PDF first pages
AAAI-2015-A000563,Anqi Liu,United States,UNKNOWN,AAAI,2015,https://aaai.org/papers/9609-shift-pessimistic-active-learning-using-robust-bias-aware-prediction/,Parsed from AAAI track pages or OJS issues; affiliation enrichment pending from PDF first pages; Country inferred from full first-page text using local Ollama model
AAAI-2015-A000564,Lev Reyzin,United States,UNKNOWN,AAAI,2015,https://aaai.org/papers/9609-shift-pessimistic-active-learning-using-robust-bias-aware-prediction/,Parsed from AAAI track pages or OJS issues; affiliation enrichment pending from PDF first pages; Country inferred from full first-page text using local Ollama model
AAAI-2015-A000565,Brian Ziebart,United States,UNKNOWN,AAAI,2015,https://aaai.org/papers/9609-shift-pessimistic-active-learning-using-robust-bias-aware-prediction/,Parsed from AAAI track pages or OJS issues; affiliation enrichment pending from PDF first pages; Country inferred from full first-page text using local Ollama model
AAAI-2015-A000566,Weiwei Liu,Australia,UNKNOWN,AAAI,2015,https://aaai.org/papers/9610-large-margin-metric-learning-for-multi-label-prediction/,Parsed from AAAI track pages or OJS issues; affiliation enrichment pending from PDF first pages; Country inferred from full first-page text using local Ollama model
AAAI-2015-A000567,Ivor Tsang,UNKNOWN,UNKNOWN,AAAI,2015,https://aaai.org/papers/9610-large-margin-metric-learning-for-multi-label-prediction/,Parsed from AAAI track pages or OJS issues; affiliation enrichment pending from PDF first pages
AAAI-2015-A000568,Bin Shen,United States,UNKNOWN,AAAI,2015,https://aaai.org/papers/9611-sp-svm-large-margin-classifier-for-data-on-multiple-manifolds/,Parsed from AAAI track pages or OJS issues; affiliation enrichment pending from PDF first pages; Country inferred from full first-page text using local Ollama model
AAAI-2015-A000569,Bao-Di Liu,China,UNKNOWN,AAAI,2015,https://aaai.org/papers/9611-sp-svm-large-margin-classifier-for-data-on-multiple-manifolds/,Parsed from AAAI track pages or OJS issues; affiliation enrichment pending from PDF first pages; Country inferred from full first-page text using local Ollama model
AAAI-2015-A000570,Qifan Wang,United States,UNKNOWN,AAAI,2015,https://aaai.org/papers/9611-sp-svm-large-margin-classifier-for-data-on-multiple-manifolds/,Parsed from AAAI track pages or OJS issues; affiliation enrichment pending from PDF first pages; Country inferred from full first-page text using local Ollama model
AAAI-2015-A000571,Yi Fang,United States,UNKNOWN,AAAI,2015,https://aaai.org/papers/9611-sp-svm-large-margin-classifier-for-data-on-multiple-manifolds/,Parsed from AAAI track pages or OJS issues; affiliation enrichment pending from PDF first pages; Country inferred from full first-page text using local Ollama model
AAAI-2015-A000572,Jan Allebach,UNKNOWN,UNKNOWN,AAAI,2015,https://aaai.org/papers/9611-sp-svm-large-margin-classifier-for-data-on-multiple-manifolds/,Parsed from AAAI track pages or OJS issues; affiliation enrichment pending from PDF first pages
AAAI-2015-A000573,Ujjwal Das Gupta,Canada,Department of Computing Science University of Alberta,AAAI,2015,https://cdn.aaai.org/ojs/9613/9613-13-13141-1-2-20201228.pdf,Affiliation parsed from local first-page text extracted from paper PDF; Country inferred from institution using local Ollama model
AAAI-2015-A000574,Erik Talvitie,Canada,Department of Computing Science University of Alberta,AAAI,2015,https://cdn.aaai.org/ojs/9613/9613-13-13141-1-2-20201228.pdf,Affiliation parsed from local first-page text extracted from paper PDF; Country inferred from institution using local Ollama model
AAAI-2015-A000575,Michael Bowling,Canada,Department of Computing Science University of Alberta,AAAI,2015,https://cdn.aaai.org/ojs/9613/9613-13-13141-1-2-20201228.pdf,Affiliation parsed from local first-page text extracted from paper PDF; Country inferred from institution using local Ollama model
AAAI-2015-A000576,Jun Du,China,"School of Computer Science China University of Geosciences Wuhan, P. R. China",AAAI,2015,https://cdn.aaai.org/ojs/9612/9612-13-13140-1-2-20201228.pdf,Affiliation parsed from local first-page text extracted from paper PDF
AAAI-2015-A000577,Zhihua Cai,China,"School of Computer Science China University of Geosciences Wuhan, P. R. China",AAAI,2015,https://cdn.aaai.org/ojs/9612/9612-13-13140-1-2-20201228.pdf,Affiliation parsed from local first-page text extracted from paper PDF
AAAI-2015-A000578,Martha White,Canada,"Department of Computing Science, University of Alberta, Edmonton AB T6G 2E8, Canada",AAAI,2015,https://cdn.aaai.org/ojs/9614/9614-13-13142-1-2-20201228.pdf,Affiliation parsed from local first-page text extracted from paper PDF
AAAI-2015-A000579,Junfeng Wen,Canada,"Department of Computing Science, University of Alberta, Edmonton AB T6G 2E8, Canada",AAAI,2015,https://cdn.aaai.org/ojs/9614/9614-13-13142-1-2-20201228.pdf,Affiliation parsed from local first-page text extracted from paper PDF
AAAI-2015-A000580,Michael Bowling,Canada,"Department of Computing Science, University of Alberta, Edmonton AB T6G 2E8, Canada",AAAI,2015,https://cdn.aaai.org/ojs/9614/9614-13-13142-1-2-20201228.pdf,Affiliation parsed from local first-page text extracted from paper PDF
AAAI-2015-A000581,Dale Schuurmans,Canada,"Department of Computing Science, University of Alberta, Edmonton AB T6G 2E8, Canada",AAAI,2015,https://cdn.aaai.org/ojs/9614/9614-13-13142-1-2-20201228.pdf,Affiliation parsed from local first-page text extracted from paper PDF
AAAI-2015-A000582,Erik Talvitie,United States,Franklin & Marshall College,AAAI,2015,https://cdn.aaai.org/ojs/9616/9616-13-13144-1-2-20201228.pdf,Affiliation parsed from local first-page text extracted from paper PDF; Country inferred from institution using local Ollama model
AAAI-2015-A000583,Yuya Yoshikawa,Japan,Nara Institute of Science and Technology,AAAI,2015,https://cdn.aaai.org/ojs/9615/9615-13-13143-1-2-20201228.pdf,Affiliation parsed from local first-page text extracted from paper PDF; Country inferred from institution using local Ollama model
AAAI-2015-A000584,Tomoharu Iwata,Japan,Nara Institute of Science and Technology,AAAI,2015,https://cdn.aaai.org/ojs/9615/9615-13-13143-1-2-20201228.pdf,Affiliation parsed from local first-page text extracted from paper PDF; Country inferred from institution using local Ollama model
AAAI-2015-A000585,Hiroshi Sawada,Japan,Nara Institute of Science and Technology,AAAI,2015,https://cdn.aaai.org/ojs/9615/9615-13-13143-1-2-20201228.pdf,Affiliation parsed from local first-page text extracted from paper PDF; Country inferred from institution using local Ollama model
AAAI-2015-A000586,Matteo Pirotta,Italy,"Department of Electronics, Information and Bioengineering, Politecnico di Milano, Piazza Leonardo da Vinci, Milan, Italy",AAAI,2015,https://cdn.aaai.org/ojs/9617/9617-13-13145-1-2-20201228.pdf,Affiliation parsed from local first-page text extracted from paper PDF
AAAI-2015-A000587,Simone Parisi,Italy,"Department of Electronics, Information and Bioengineering, Politecnico di Milano, Piazza Leonardo da Vinci, Milan, Italy",AAAI,2015,https://cdn.aaai.org/ojs/9617/9617-13-13145-1-2-20201228.pdf,Affiliation parsed from local first-page text extracted from paper PDF
AAAI-2015-A000588,Marcello Restelli,Italy,"Department of Electronics, Information and Bioengineering, Politecnico di Milano, Piazza Leonardo da Vinci, Milan, Italy",AAAI,2015,https://cdn.aaai.org/ojs/9617/9617-13-13145-1-2-20201228.pdf,Affiliation parsed from local first-page text extracted from paper PDF
AAAI-2015-A000589,Hanmo Wang,China,"State Key Laboratory of Computer Science | University of Chinese Academy of Sciences, Beijing , China",AAAI,2015,https://cdn.aaai.org/ojs/9618/9618-13-13146-1-2-20201228.pdf,Affiliation parsed from local first-page text extracted from paper PDF
AAAI-2015-A000590,Liang Du,UNKNOWN,State Key Laboratory of Computer Science,AAAI,2015,https://cdn.aaai.org/ojs/9618/9618-13-13146-1-2-20201228.pdf,Affiliation parsed from local first-page text extracted from paper PDF
AAAI-2015-A000591,Peng Zhou,China,"State Key Laboratory of Computer Science | University of Chinese Academy of Sciences, Beijing , China",AAAI,2015,https://cdn.aaai.org/ojs/9618/9618-13-13146-1-2-20201228.pdf,Affiliation parsed from local first-page text extracted from paper PDF
AAAI-2015-A000592,Lei Shi,China,"State Key Laboratory of Computer Science | University of Chinese Academy of Sciences, Beijing , China",AAAI,2015,https://cdn.aaai.org/ojs/9618/9618-13-13146-1-2-20201228.pdf,Affiliation parsed from local first-page text extracted from paper PDF
AAAI-2015-A000593,Yi-Dong Shen,UNKNOWN,State Key Laboratory of Computer Science,AAAI,2015,https://cdn.aaai.org/ojs/9618/9618-13-13146-1-2-20201228.pdf,Affiliation parsed from local first-page text extracted from paper PDF
AAAI-2015-A000594,Nathaniel Korda,United Kingdom,"MLRG, University of Oxford, UK.",AAAI,2015,https://cdn.aaai.org/ojs/9619/9619-13-13147-1-2-20201228.pdf,Affiliation parsed from local first-page text extracted from paper PDF
AAAI-2015-A000595,Prashanth L.A.,United Kingdom,"MLRG, University of Oxford, UK.",AAAI,2015,https://cdn.aaai.org/ojs/9619/9619-13-13147-1-2-20201228.pdf,Affiliation parsed from local first-page text extracted from paper PDF
AAAI-2015-A000596,Remi Munos,United Kingdom,"MLRG, University of Oxford, UK.",AAAI,2015,https://cdn.aaai.org/ojs/9619/9619-13-13147-1-2-20201228.pdf,Affiliation parsed from local first-page text extracted from paper PDF
AAAI-2015-A000597,Chandrashekar Lakshminarayanan,India,"Department Computer Science and Automation Indian Institute of Science, Bangalore- , India",AAAI,2015,https://cdn.aaai.org/ojs/9620/9620-13-13148-1-2-20201228.pdf,Affiliation parsed from local first-page text extracted from paper PDF; Country inferred from institution using local Ollama model
AAAI-2015-A000598,Shalabh Bhatnagar,India,"Department Computer Science and Automation Indian Institute of Science, Bangalore- , India",AAAI,2015,https://cdn.aaai.org/ojs/9620/9620-13-13148-1-2-20201228.pdf,Affiliation parsed from local first-page text extracted from paper PDF; Country inferred from institution using local Ollama model
AAAI-2015-A000599,Kareem Amin,United States,"University of Pennsylvania, Philadelphia, PA",AAAI,2015,https://cdn.aaai.org/ojs/9621/9621-13-13149-1-2-20201228.pdf,Affiliation parsed from local first-page text extracted from paper PDF; Country inferred from institution using local Ollama model
AAAI-2015-A000600,Satyen Kale,United States,"University of Pennsylvania, Philadelphia, PA",AAAI,2015,https://cdn.aaai.org/ojs/9621/9621-13-13149-1-2-20201228.pdf,Affiliation parsed from local first-page text extracted from paper PDF; Country inferred from institution using local Ollama model
AAAI-2015-A000601,Gerald Tesauro,United States,"University of Pennsylvania, Philadelphia, PA",AAAI,2015,https://cdn.aaai.org/ojs/9621/9621-13-13149-1-2-20201228.pdf,Affiliation parsed from local first-page text extracted from paper PDF; Country inferred from institution using local Ollama model
AAAI-2015-A000602,Deepak Turaga,United States,"University of Pennsylvania, Philadelphia, PA",AAAI,2015,https://cdn.aaai.org/ojs/9621/9621-13-13149-1-2-20201228.pdf,Affiliation parsed from local first-page text extracted from paper PDF; Country inferred from institution using local Ollama model
AAAI-2015-A000603,Olov Andersson,Sweden,UNKNOWN,AAAI,2015,https://aaai.org/papers/9623-model-based-reinforcement-learning-in-continuous-environments-using-real-time-constrained-optimization/,Parsed from AAAI track pages or OJS issues; affiliation enrichment pending from PDF first pages; Country inferred from full first-page text using local Ollama model
AAAI-2015-A000604,Fredrik Heintz,Sweden,UNKNOWN,AAAI,2015,https://aaai.org/papers/9623-model-based-reinforcement-learning-in-continuous-environments-using-real-time-constrained-optimization/,Parsed from AAAI track pages or OJS issues; affiliation enrichment pending from PDF first pages; Country inferred from full first-page text using local Ollama model
AAAI-2015-A000605,Patrick Doherty,Sweden,UNKNOWN,AAAI,2015,https://aaai.org/papers/9623-model-based-reinforcement-learning-in-continuous-environments-using-real-time-constrained-optimization/,Parsed from AAAI track pages or OJS issues; affiliation enrichment pending from PDF first pages; Country inferred from full first-page text using local Ollama model
AAAI-2015-A000606,Charles Mathy,United States,Disney Research,AAAI,2015,https://cdn.aaai.org/ojs/9622/9622-13-13150-1-2-20201228.pdf,Affiliation parsed from local first-page text extracted from paper PDF; Country inferred from institution using local Ollama model
AAAI-2015-A000607,Nate Derbinsky,United States,Disney Research,AAAI,2015,https://cdn.aaai.org/ojs/9622/9622-13-13150-1-2-20201228.pdf,Affiliation parsed from local first-page text extracted from paper PDF; Country inferred from institution using local Ollama model
AAAI-2015-A000608,Jose Bento,United States,Disney Research,AAAI,2015,https://cdn.aaai.org/ojs/9622/9622-13-13150-1-2-20201228.pdf,Affiliation parsed from local first-page text extracted from paper PDF; Country inferred from institution using local Ollama model
AAAI-2015-A000609,Jonathan Rosenthal,United States,Disney Research,AAAI,2015,https://cdn.aaai.org/ojs/9622/9622-13-13150-1-2-20201228.pdf,Affiliation parsed from local first-page text extracted from paper PDF; Country inferred from institution using local Ollama model
AAAI-2015-A000610,Jonathan Yedidia,United States,Disney Research,AAAI,2015,https://cdn.aaai.org/ojs/9622/9622-13-13150-1-2-20201228.pdf,Affiliation parsed from local first-page text extracted from paper PDF; Country inferred from institution using local Ollama model
AAAI-2015-A000611,Jan Van Haaren,Belgium,Department of Computer Science,AAAI,2015,https://cdn.aaai.org/ojs/9624/9624-13-13152-1-2-20201228.pdf,Affiliation parsed from local first-page text extracted from paper PDF; Country inferred from full first-page text using local Ollama model
AAAI-2015-A000612,Andrey Kolobov,United States,Department of Computer Science,AAAI,2015,https://cdn.aaai.org/ojs/9624/9624-13-13152-1-2-20201228.pdf,Affiliation parsed from local first-page text extracted from paper PDF; Country inferred from full first-page text using local Ollama model
AAAI-2015-A000613,Jesse Davis,Belgium,Department of Computer Science,AAAI,2015,https://cdn.aaai.org/ojs/9624/9624-13-13152-1-2-20201228.pdf,Affiliation parsed from local first-page text extracted from paper PDF; Country inferred from full first-page text using local Ollama model
AAAI-2015-A000614,Quan Zhou,China | United States,UNKNOWN,AAAI,2015,https://aaai.org/papers/9625-a-reduction-of-the-elastic-net-to-support-vector-machines-with-an-application-to-gpu-computing/,Parsed from AAAI track pages or OJS issues; affiliation enrichment pending from PDF first pages; Country inferred from full first-page text using local Ollama model
AAAI-2015-A000615,Wenlin Chen,United States,UNKNOWN,AAAI,2015,https://aaai.org/papers/9625-a-reduction-of-the-elastic-net-to-support-vector-machines-with-an-application-to-gpu-computing/,Parsed from AAAI track pages or OJS issues; affiliation enrichment pending from PDF first pages; Country inferred from full first-page text using local Ollama model
AAAI-2015-A000616,Shiji Song,China | United States,UNKNOWN,AAAI,2015,https://aaai.org/papers/9625-a-reduction-of-the-elastic-net-to-support-vector-machines-with-an-application-to-gpu-computing/,Parsed from AAAI track pages or OJS issues; affiliation enrichment pending from PDF first pages; Country inferred from full first-page text using local Ollama model
AAAI-2015-A000617,Jacob Gardner,United States,UNKNOWN,AAAI,2015,https://aaai.org/papers/9625-a-reduction-of-the-elastic-net-to-support-vector-machines-with-an-application-to-gpu-computing/,Parsed from AAAI track pages or OJS issues; affiliation enrichment pending from PDF first pages; Country inferred from full first-page text using local Ollama model
AAAI-2015-A000618,Kilian Weinberger,United States,UNKNOWN,AAAI,2015,https://aaai.org/papers/9625-a-reduction-of-the-elastic-net-to-support-vector-machines-with-an-application-to-gpu-computing/,Parsed from AAAI track pages or OJS issues; affiliation enrichment pending from PDF first pages; Country inferred from full first-page text using local Ollama model
AAAI-2015-A000619,Yixin Chen,United States,UNKNOWN,AAAI,2015,https://aaai.org/papers/9625-a-reduction-of-the-elastic-net-to-support-vector-machines-with-an-application-to-gpu-computing/,Parsed from AAAI track pages or OJS issues; affiliation enrichment pending from PDF first pages; Country inferred from full first-page text using local Ollama model
AAAI-2015-A000620,Zenglin Xu,United States | China,Dept. of Comp. Sci. & Eng. Michigan State University Dept. of Computer Science Purdue University Alibaba Group,AAAI,2015,https://cdn.aaai.org/ojs/9626/9626-13-13154-1-2-20201228.pdf,Affiliation parsed from local first-page text extracted from paper PDF; Country inferred from institution using local Ollama model
AAAI-2015-A000621,Rong Jin,United States | China,Dept. of Comp. Sci. & Eng. Michigan State University Dept. of Computer Science Purdue University Alibaba Group,AAAI,2015,https://cdn.aaai.org/ojs/9626/9626-13-13154-1-2-20201228.pdf,Affiliation parsed from local first-page text extracted from paper PDF; Country inferred from institution using local Ollama model
AAAI-2015-A000622,Bin Shen,United States | China,Dept. of Comp. Sci. & Eng. Michigan State University Dept. of Computer Science Purdue University Alibaba Group,AAAI,2015,https://cdn.aaai.org/ojs/9626/9626-13-13154-1-2-20201228.pdf,Affiliation parsed from local first-page text extracted from paper PDF; Country inferred from institution using local Ollama model
AAAI-2015-A000623,Shenghuo Zhu,United States | China,Dept. of Comp. Sci. & Eng. Michigan State University Dept. of Computer Science Purdue University Alibaba Group,AAAI,2015,https://cdn.aaai.org/ojs/9626/9626-13-13154-1-2-20201228.pdf,Affiliation parsed from local first-page text extracted from paper PDF; Country inferred from institution using local Ollama model
AAAI-2015-A000624,Brandon Parker,United States,University of Texas at Dallas,AAAI,2015,https://cdn.aaai.org/ojs/9588/9588-13-13116-1-2-20201228.pdf,Affiliation parsed from local first-page text extracted from paper PDF; Country inferred from institution using local Ollama model
AAAI-2015-A000625,Latifur Khan,United States,University of Texas at Dallas,AAAI,2015,https://cdn.aaai.org/ojs/9588/9588-13-13116-1-2-20201228.pdf,Affiliation parsed from local first-page text extracted from paper PDF; Country inferred from institution using local Ollama model
AAAI-2015-A000626,Junjie Hu,China,"Shenzhen Key Laboratory of Rich Media Big Data Analytics and Applications | Computer Science and Engineering, The Chinese University of Hong Kong, Hong Kong",AAAI,2015,https://cdn.aaai.org/ojs/9587/9587-13-13115-1-2-20201228.pdf,Affiliation parsed from local first-page text extracted from paper PDF; Country inferred from institution using local Ollama model
AAAI-2015-A000627,Haiqin Yang,China,"Shenzhen Key Laboratory of Rich Media Big Data Analytics and Applications | Computer Science and Engineering, The Chinese University of Hong Kong, Hong Kong",AAAI,2015,https://cdn.aaai.org/ojs/9587/9587-13-13115-1-2-20201228.pdf,Affiliation parsed from local first-page text extracted from paper PDF; Country inferred from institution using local Ollama model
AAAI-2015-A000628,Irwin King,China,"Shenzhen Key Laboratory of Rich Media Big Data Analytics and Applications | Computer Science and Engineering, The Chinese University of Hong Kong, Hong Kong",AAAI,2015,https://cdn.aaai.org/ojs/9587/9587-13-13115-1-2-20201228.pdf,Affiliation parsed from local first-page text extracted from paper PDF; Country inferred from institution using local Ollama model
AAAI-2015-A000629,Michael Lyu,UNKNOWN,UNKNOWN,AAAI,2015,https://aaai.org/papers/9587-kernelized-online-imbalanced-learning-with-fixed-budgets/,Parsed from AAAI track pages or OJS issues; affiliation enrichment pending from PDF first pages
AAAI-2015-A000630,Anthony Man-Cho So,China,"Systems Engineering and Engineering Management, The Chinese University of Hong Kong, Hong Kong",AAAI,2015,https://cdn.aaai.org/ojs/9587/9587-13-13115-1-2-20201228.pdf,Affiliation parsed from local first-page text extracted from paper PDF; Country inferred from institution using local Ollama model
AAAI-2015-A000631,Lijun Zhang,China,"National Key Laboratory for Novel Software Technology, Nanjing University, Nanjing , China",AAAI,2015,https://cdn.aaai.org/ojs/9589/9589-13-13117-1-2-20201228.pdf,Affiliation parsed from local first-page text extracted from paper PDF
AAAI-2015-A000632,Tianbao Yang,United States,"Department of Computer Science, the University of Iowa, Iowa City, IA , USA",AAAI,2015,https://cdn.aaai.org/ojs/9589/9589-13-13117-1-2-20201228.pdf,Affiliation parsed from local first-page text extracted from paper PDF
AAAI-2015-A000633,Rong Jin,United States,"Department of Computer Science and Engineering, Michigan State University, East Lansing, MI , USA",AAAI,2015,https://cdn.aaai.org/ojs/9589/9589-13-13117-1-2-20201228.pdf,Affiliation parsed from local first-page text extracted from paper PDF
AAAI-2015-A000634,Zhi-Hua Zhou,China,"National Key Laboratory for Novel Software Technology, Nanjing University, Nanjing , China",AAAI,2015,https://cdn.aaai.org/ojs/9589/9589-13-13117-1-2-20201228.pdf,Affiliation parsed from local first-page text extracted from paper PDF
AAAI-2015-A000635,Arun Venkatraman,United States,"Robotics Institute, Carnegie Mellon University, Pittsburgh, PA",AAAI,2015,https://cdn.aaai.org/ojs/9590/9590-13-13118-1-2-20201228.pdf,Affiliation parsed from local first-page text extracted from paper PDF
AAAI-2015-A000636,Martial Hebert,United States,"Robotics Institute, Carnegie Mellon University, Pittsburgh, PA",AAAI,2015,https://cdn.aaai.org/ojs/9590/9590-13-13118-1-2-20201228.pdf,Affiliation parsed from local first-page text extracted from paper PDF
AAAI-2015-A000637,J.. Bagnell,United States,"Robotics Institute, Carnegie Mellon University, Pittsburgh, PA",AAAI,2015,https://cdn.aaai.org/ojs/9590/9590-13-13118-1-2-20201228.pdf,Affiliation parsed from local first-page text extracted from paper PDF
AAAI-2015-A000638,Tengfei Ma,Japan,"The University of Tokyo - - Hongo, Bunkyo-ku, Tokyo, Japan",AAAI,2015,https://cdn.aaai.org/ojs/9591/9591-13-13119-1-2-20201228.pdf,Affiliation parsed from local first-page text extracted from paper PDF
AAAI-2015-A000639,Issei Sato,Japan,"The University of Tokyo - - Hongo, Bunkyo-ku, Tokyo, Japan",AAAI,2015,https://cdn.aaai.org/ojs/9591/9591-13-13119-1-2-20201228.pdf,Affiliation parsed from local first-page text extracted from paper PDF
AAAI-2015-A000640,Hiroshi Nakagawa,Japan,"The University of Tokyo - - Hongo, Bunkyo-ku, Tokyo, Japan",AAAI,2015,https://cdn.aaai.org/ojs/9591/9591-13-13119-1-2-20201228.pdf,Affiliation parsed from local first-page text extracted from paper PDF
AAAI-2015-A000641,Charanpal Dhanjal,France,UNKNOWN,AAAI,2015,https://aaai.org/papers/9592-collaborative-filtering-with-localised-ranking/,Parsed from AAAI track pages or OJS issues; affiliation enrichment pending from PDF first pages; Country inferred from full first-page text using local Ollama model
AAAI-2015-A000642,Romaric Gaudel,France,UNKNOWN,AAAI,2015,https://aaai.org/papers/9592-collaborative-filtering-with-localised-ranking/,Parsed from AAAI track pages or OJS issues; affiliation enrichment pending from PDF first pages; Country inferred from full first-page text using local Ollama model
AAAI-2015-A000643,Stéphan Clémençon,France,UNKNOWN,AAAI,2015,https://aaai.org/papers/9592-collaborative-filtering-with-localised-ranking/,Parsed from AAAI track pages or OJS issues; affiliation enrichment pending from PDF first pages; Country inferred from full first-page text using local Ollama model
AAAI-2015-A000644,April Liu,Hong Kong,UNKNOWN,AAAI,2015,https://aaai.org/papers/9593-unidimensional-clustering-of-discrete-data-using-latent-tree-models/,Parsed from AAAI track pages or OJS issues; affiliation enrichment pending from PDF first pages; Country inferred from full first-page text using local Ollama model
AAAI-2015-A000645,Leonard Poon,Hong Kong,UNKNOWN,AAAI,2015,https://aaai.org/papers/9593-unidimensional-clustering-of-discrete-data-using-latent-tree-models/,Parsed from AAAI track pages or OJS issues; affiliation enrichment pending from PDF first pages; Country inferred from full first-page text using local Ollama model
AAAI-2015-A000646,Nevin Zhang,Hong Kong,UNKNOWN,AAAI,2015,https://aaai.org/papers/9593-unidimensional-clustering-of-discrete-data-using-latent-tree-models/,Parsed from AAAI track pages or OJS issues; affiliation enrichment pending from PDF first pages; Country inferred from full first-page text using local Ollama model
AAAI-2015-A000647,David Martínez,Spain,UNKNOWN,AAAI,2015,https://aaai.org/papers/9596-v-min-efficient-reinforcement-learning-through-demonstrations-and-relaxed-reward-demands/,Parsed from AAAI track pages or OJS issues; affiliation enrichment pending from PDF first pages; Country inferred from full first-page text using local Ollama model
AAAI-2015-A000648,Guillem Alenyà,Spain,UNKNOWN,AAAI,2015,https://aaai.org/papers/9596-v-min-efficient-reinforcement-learning-through-demonstrations-and-relaxed-reward-demands/,Parsed from AAAI track pages or OJS issues; affiliation enrichment pending from PDF first pages; Country inferred from full first-page text using local Ollama model
AAAI-2015-A000649,Carme Torras,Spain,UNKNOWN,AAAI,2015,https://aaai.org/papers/9596-v-min-efficient-reinforcement-learning-through-demonstrations-and-relaxed-reward-demands/,Parsed from AAAI track pages or OJS issues; affiliation enrichment pending from PDF first pages; Country inferred from full first-page text using local Ollama model
AAAI-2015-A000650,Shengping Zhang,China,"School of Computer Science and Technology, Harbin Institute of Technology at Weihai, China | Department of Computer Science, Hong Kong Baptist University, Hong Kong",AAAI,2015,https://cdn.aaai.org/ojs/9595/9595-13-13123-1-2-20201228.pdf,Affiliation parsed from local first-page text extracted from paper PDF
AAAI-2015-A000651,Shiva Kasiviswanathan,United States,"General Electric Global Research, United States",AAAI,2015,https://cdn.aaai.org/ojs/9595/9595-13-13123-1-2-20201228.pdf,Affiliation parsed from local first-page text extracted from paper PDF
AAAI-2015-A000652,Pong Yuen,UNKNOWN,UNKNOWN,AAAI,2015,https://aaai.org/papers/9595-online-dictionary-learning-on-symmetric-positive-definite-manifolds-with-vision-applications/,Parsed from AAAI track pages or OJS issues; affiliation enrichment pending from PDF first pages
AAAI-2015-A000653,Mehrtash Harandi,Australia,"NICTA and Australian National University, Australia",AAAI,2015,https://cdn.aaai.org/ojs/9595/9595-13-13123-1-2-20201228.pdf,Affiliation parsed from local first-page text extracted from paper PDF
AAAI-2015-A000654,Yeqing Li,United States,"University of Texas at Arlington, Arlington, TX, USA",AAAI,2015,https://cdn.aaai.org/ojs/9598/9598-13-13126-1-2-20201228.pdf,Affiliation parsed from local first-page text extracted from paper PDF
AAAI-2015-A000655,Feiping Nie,United States,"University of Texas at Arlington, Arlington, TX, USA",AAAI,2015,https://cdn.aaai.org/ojs/9598/9598-13-13126-1-2-20201228.pdf,Affiliation parsed from local first-page text extracted from paper PDF
AAAI-2015-A000656,Heng Huang,United States,"University of Texas at Arlington, Arlington, TX, USA",AAAI,2015,https://cdn.aaai.org/ojs/9598/9598-13-13126-1-2-20201228.pdf,Affiliation parsed from local first-page text extracted from paper PDF
AAAI-2015-A000657,Junzhou Huang,United States,"University of Texas at Arlington, Arlington, TX, USA",AAAI,2015,https://cdn.aaai.org/ojs/9598/9598-13-13126-1-2-20201228.pdf,Affiliation parsed from local first-page text extracted from paper PDF
AAAI-2015-A000658,Han Zhao,China | Canada,"David R. Cheriton School of Computer Science, University of Waterloo, Canada Department of Computer Science and Technology, Tsinghua University, China Department of Statistics and Actuarial Science, University of Waterloo, Canada",AAAI,2015,https://cdn.aaai.org/ojs/9594/9594-13-13122-1-2-20201228.pdf,Affiliation parsed from local first-page text extracted from paper PDF
AAAI-2015-A000659,Pascal Poupart,China | Canada,"David R. Cheriton School of Computer Science, University of Waterloo, Canada Department of Computer Science and Technology, Tsinghua University, China Department of Statistics and Actuarial Science, University of Waterloo, Canada",AAAI,2015,https://cdn.aaai.org/ojs/9594/9594-13-13122-1-2-20201228.pdf,Affiliation parsed from local first-page text extracted from paper PDF
AAAI-2015-A000660,Yongfeng Zhang,China | Canada,"David R. Cheriton School of Computer Science, University of Waterloo, Canada Department of Computer Science and Technology, Tsinghua University, China Department of Statistics and Actuarial Science, University of Waterloo, Canada",AAAI,2015,https://cdn.aaai.org/ojs/9594/9594-13-13122-1-2-20201228.pdf,Affiliation parsed from local first-page text extracted from paper PDF
AAAI-2015-A000661,Martin Lysy,China | Canada,"David R. Cheriton School of Computer Science, University of Waterloo, Canada Department of Computer Science and Technology, Tsinghua University, China Department of Statistics and Actuarial Science, University of Waterloo, Canada",AAAI,2015,https://cdn.aaai.org/ojs/9594/9594-13-13122-1-2-20201228.pdf,Affiliation parsed from local first-page text extracted from paper PDF
AAAI-2015-A000662,Wei-Ning Hsu,Taiwan,"Department of Electrical Engineering, National Taiwan University",AAAI,2015,https://cdn.aaai.org/ojs/9597/9597-13-13125-1-2-20201228.pdf,Affiliation parsed from local first-page text extracted from paper PDF
AAAI-2015-A000663,Hsuan-Tien Lin,Taiwan,"Department of Electrical Engineering, National Taiwan University",AAAI,2015,https://cdn.aaai.org/ojs/9597/9597-13-13125-1-2-20201228.pdf,Affiliation parsed from local first-page text extracted from paper PDF
AAAI-2015-A000664,Yi Zhen,United States,Georgia Institute of Technology,AAAI,2015,https://cdn.aaai.org/ojs/9599/9599-13-13127-1-2-20201228.pdf,Affiliation parsed from local first-page text extracted from paper PDF; Country inferred from institution using local Ollama model
AAAI-2015-A000665,Piyush Rai,United States,Georgia Institute of Technology,AAAI,2015,https://cdn.aaai.org/ojs/9599/9599-13-13127-1-2-20201228.pdf,Affiliation parsed from local first-page text extracted from paper PDF; Country inferred from institution using local Ollama model
AAAI-2015-A000666,Hongyuan Zha,United States,Georgia Institute of Technology,AAAI,2015,https://cdn.aaai.org/ojs/9599/9599-13-13127-1-2-20201228.pdf,Affiliation parsed from local first-page text extracted from paper PDF; Country inferred from institution using local Ollama model
AAAI-2015-A000667,Lawrence Carin,United States,Georgia Institute of Technology,AAAI,2015,https://cdn.aaai.org/ojs/9599/9599-13-13127-1-2-20201228.pdf,Affiliation parsed from local first-page text extracted from paper PDF; Country inferred from institution using local Ollama model
AAAI-2015-A000668,Joel Veness,Australia,"Google DeepMind, Australian National University",AAAI,2015,https://cdn.aaai.org/ojs/9600/9600-13-13128-1-2-20201228.pdf,Affiliation parsed from local first-page text extracted from paper PDF
AAAI-2015-A000669,Marc Bellemare,Australia,"Google DeepMind, Australian National University",AAAI,2015,https://cdn.aaai.org/ojs/9600/9600-13-13128-1-2-20201228.pdf,Affiliation parsed from local first-page text extracted from paper PDF
AAAI-2015-A000670,Marcus Hutter,Australia,"Google DeepMind, Australian National University",AAAI,2015,https://cdn.aaai.org/ojs/9600/9600-13-13128-1-2-20201228.pdf,Affiliation parsed from local first-page text extracted from paper PDF
AAAI-2015-A000671,Alvin Chua,Australia,"Google DeepMind, Australian National University",AAAI,2015,https://cdn.aaai.org/ojs/9600/9600-13-13128-1-2-20201228.pdf,Affiliation parsed from local first-page text extracted from paper PDF
AAAI-2015-A000672,Guillaume Desjardins,Australia,"Google DeepMind, Australian National University",AAAI,2015,https://cdn.aaai.org/ojs/9600/9600-13-13128-1-2-20201228.pdf,Affiliation parsed from local first-page text extracted from paper PDF
AAAI-2015-A000673,Paul Szerlip,UNKNOWN,UNKNOWN,AAAI,2015,https://aaai.org/papers/9601-unsupervised-feature-learning-through-divergent-discriminative-feature-accumulation/,Parsed from AAAI track pages or OJS issues; affiliation enrichment pending from PDF first pages
AAAI-2015-A000674,Gregory Morse,UNKNOWN,UNKNOWN,AAAI,2015,https://aaai.org/papers/9601-unsupervised-feature-learning-through-divergent-discriminative-feature-accumulation/,Parsed from AAAI track pages or OJS issues; affiliation enrichment pending from PDF first pages
AAAI-2015-A000675,Justin Pugh,UNKNOWN,UNKNOWN,AAAI,2015,https://aaai.org/papers/9601-unsupervised-feature-learning-through-divergent-discriminative-feature-accumulation/,Parsed from AAAI track pages or OJS issues; affiliation enrichment pending from PDF first pages
AAAI-2015-A000676,Kenneth Stanley,UNKNOWN,UNKNOWN,AAAI,2015,https://aaai.org/papers/9601-unsupervised-feature-learning-through-divergent-discriminative-feature-accumulation/,Parsed from AAAI track pages or OJS issues; affiliation enrichment pending from PDF first pages
AAAI-2015-A000677,Mahdi Pakdaman Naeini,United States,"Intelligent Systems Program, University of Pittsburgh, PA, USA",AAAI,2015,https://cdn.aaai.org/ojs/9602/9602-13-13130-1-2-20201228.pdf,Affiliation parsed from local first-page text extracted from paper PDF
AAAI-2015-A000678,Gregory Cooper,UNKNOWN,UNKNOWN,AAAI,2015,https://aaai.org/papers/9602-obtaining-well-calibrated-probabilities-using-bayesian-binning/,Parsed from AAAI track pages or OJS issues; affiliation enrichment pending from PDF first pages
AAAI-2015-A000679,Milos Hauskrecht,United States,"Intelligent Systems Program, University of Pittsburgh, PA, USA | Computer Science Department, University of Pittsburgh, PA, USA",AAAI,2015,https://cdn.aaai.org/ojs/9602/9602-13-13130-1-2-20201228.pdf,Affiliation parsed from local first-page text extracted from paper PDF
AAAI-2015-A000680,Finale Doshi-Velez,United States,Harvard University,AAAI,2015,https://cdn.aaai.org/ojs/9603/9603-13-13131-1-2-20201228.pdf,Affiliation parsed from local first-page text extracted from paper PDF; Country inferred from institution using local Ollama model
AAAI-2015-A000681,Byron Wallace,United States,Harvard University,AAAI,2015,https://cdn.aaai.org/ojs/9603/9603-13-13131-1-2-20201228.pdf,Affiliation parsed from local first-page text extracted from paper PDF; Country inferred from institution using local Ollama model
AAAI-2015-A000682,Ryan Adams,United States,Harvard University,AAAI,2015,https://cdn.aaai.org/ojs/9603/9603-13-13131-1-2-20201228.pdf,Affiliation parsed from local first-page text extracted from paper PDF; Country inferred from institution using local Ollama model
AAAI-2015-A000683,Travis Mandel,United States,"Center for Game Science, Computer Science & Engineering, University of Washington",AAAI,2015,https://cdn.aaai.org/ojs/9604/9604-13-13132-1-2-20201228.pdf,Affiliation parsed from local first-page text extracted from paper PDF; Country inferred from institution using local Ollama model
AAAI-2015-A000684,Yun-En Liu,United States,"Center for Game Science, Computer Science & Engineering, University of Washington",AAAI,2015,https://cdn.aaai.org/ojs/9604/9604-13-13132-1-2-20201228.pdf,Affiliation parsed from local first-page text extracted from paper PDF; Country inferred from institution using local Ollama model
AAAI-2015-A000685,Emma Brunskill,United States,"School of Computer Science, Carnegie Mellon University",AAAI,2015,https://cdn.aaai.org/ojs/9604/9604-13-13132-1-2-20201228.pdf,Affiliation parsed from local first-page text extracted from paper PDF
AAAI-2015-A000686,Zoran Popović,UNKNOWN,UNKNOWN,AAAI,2015,https://aaai.org/papers/9604-the-queue-method-handling-delay-heuristics-prior-data-and-evaluation-in-bandits/,Parsed from AAAI track pages or OJS issues; affiliation enrichment pending from PDF first pages
AAAI-2015-A000687,De-An Huang,UNKNOWN,UNKNOWN,AAAI,2015,https://aaai.org/papers/9605-approximate-maxent-inverse-optimal-control-and-its-application-for-mental-simulation-of-human-interactions/,Parsed from AAAI track pages or OJS issues; affiliation enrichment pending from PDF first pages
AAAI-2015-A000688,Amir-massoud Farahmand,UNKNOWN,UNKNOWN,AAAI,2015,https://aaai.org/papers/9605-approximate-maxent-inverse-optimal-control-and-its-application-for-mental-simulation-of-human-interactions/,Parsed from AAAI track pages or OJS issues; affiliation enrichment pending from PDF first pages
AAAI-2015-A000689,Kris Kitani,UNKNOWN,UNKNOWN,AAAI,2015,https://aaai.org/papers/9605-approximate-maxent-inverse-optimal-control-and-its-application-for-mental-simulation-of-human-interactions/,Parsed from AAAI track pages or OJS issues; affiliation enrichment pending from PDF first pages
AAAI-2015-A000690,James Bagnell,UNKNOWN,UNKNOWN,AAAI,2015,https://aaai.org/papers/9605-approximate-maxent-inverse-optimal-control-and-its-application-for-mental-simulation-of-human-interactions/,Parsed from AAAI track pages or OJS issues; affiliation enrichment pending from PDF first pages
AAAI-2015-A000691,Xiaojun Chang,Australia,"Centre for Quantum Computation and Intelligent Systems, University of Technology Sydney, Australia.",AAAI,2015,https://cdn.aaai.org/ojs/9606/9606-13-13134-1-2-20201228.pdf,Affiliation parsed from local first-page text extracted from paper PDF
AAAI-2015-A000692,Feiping Nie,United States | China,"Center for OPTical IMagery Analysis and Learning, Northwestern Polytechnical University, Shaanxi, China. | Department of Computer Science and Engineering, University of Texas at Arlington, USA.",AAAI,2015,https://cdn.aaai.org/ojs/9606/9606-13-13134-1-2-20201228.pdf,Affiliation parsed from local first-page text extracted from paper PDF
AAAI-2015-A000693,Zhigang Ma,United States,"School of Computer Science, Carnegie Mellon University, USA.",AAAI,2015,https://cdn.aaai.org/ojs/9606/9606-13-13134-1-2-20201228.pdf,Affiliation parsed from local first-page text extracted from paper PDF
AAAI-2015-A000694,Yi Yang,Australia,"Centre for Quantum Computation and Intelligent Systems, University of Technology Sydney, Australia.",AAAI,2015,https://cdn.aaai.org/ojs/9606/9606-13-13134-1-2-20201228.pdf,Affiliation parsed from local first-page text extracted from paper PDF
AAAI-2015-A000695,Xiaofang Zhou,Australia,"School of Information Technology & Electrical Engineering, The University of Queensland, Australia.",AAAI,2015,https://cdn.aaai.org/ojs/9606/9606-13-13134-1-2-20201228.pdf,Affiliation parsed from local first-page text extracted from paper PDF
AAAI-2015-A000696,Robert Wright,United States,"Binghamton University1 Binghamton, NY",AAAI,2015,https://cdn.aaai.org/ojs/9568/9568-13-13096-1-2-20201228.pdf,Affiliation parsed from local first-page text extracted from paper PDF; Country inferred from institution using local Ollama model
AAAI-2015-A000697,Xingye Qiao,United States,"Binghamton University1 Binghamton, NY",AAAI,2015,https://cdn.aaai.org/ojs/9568/9568-13-13096-1-2-20201228.pdf,Affiliation parsed from local first-page text extracted from paper PDF; Country inferred from institution using local Ollama model
AAAI-2015-A000698,Steven Loscalzo,United States,"Binghamton University1 Binghamton, NY",AAAI,2015,https://cdn.aaai.org/ojs/9568/9568-13-13096-1-2-20201228.pdf,Affiliation parsed from local first-page text extracted from paper PDF; Country inferred from institution using local Ollama model
AAAI-2015-A000699,Lei Yu,United States,"Binghamton University1 Binghamton, NY",AAAI,2015,https://cdn.aaai.org/ojs/9568/9568-13-13096-1-2-20201228.pdf,Affiliation parsed from local first-page text extracted from paper PDF; Country inferred from institution using local Ollama model
AAAI-2015-A000700,Song Liu,Japan,UNKNOWN,AAAI,2015,https://aaai.org/papers/9566-support-consistency-of-direct-sparse-change-learning-in-markov-networks/,Parsed from AAAI track pages or OJS issues; affiliation enrichment pending from PDF first pages; Country inferred from full first-page text using local Ollama model
AAAI-2015-A000701,Taiji Suzuki,Japan,UNKNOWN,AAAI,2015,https://aaai.org/papers/9566-support-consistency-of-direct-sparse-change-learning-in-markov-networks/,Parsed from AAAI track pages or OJS issues; affiliation enrichment pending from PDF first pages; Country inferred from full first-page text using local Ollama model
AAAI-2015-A000702,Masashi Sugiyama,Japan,UNKNOWN,AAAI,2015,https://aaai.org/papers/9566-support-consistency-of-direct-sparse-change-learning-in-markov-networks/,Parsed from AAAI track pages or OJS issues; affiliation enrichment pending from PDF first pages; Country inferred from full first-page text using local Ollama model
AAAI-2015-A000703,Shike Mei,United States,"Department of Computer Sciences, University of Wisconsin-Madison, Madison WI , USA",AAAI,2015,https://cdn.aaai.org/ojs/9569/9569-13-13097-1-2-20201228.pdf,Affiliation parsed from local first-page text extracted from paper PDF
AAAI-2015-A000704,Xiaojin Zhu,United States,"Department of Computer Sciences, University of Wisconsin-Madison, Madison WI , USA",AAAI,2015,https://cdn.aaai.org/ojs/9569/9569-13-13097-1-2-20201228.pdf,Affiliation parsed from local first-page text extracted from paper PDF
AAAI-2015-A000705,Hongteng Xu,United States,"School of ECE, Georgia Institute of Technology, Atlanta, GA, USA",AAAI,2015,https://cdn.aaai.org/ojs/9570/9570-13-13098-1-2-20201228.pdf,Affiliation parsed from local first-page text extracted from paper PDF
AAAI-2015-A000706,Licheng Yu,United States,"Department of Computer Science, University of North Carolina at Chapel Hill, NC, USA",AAAI,2015,https://cdn.aaai.org/ojs/9570/9570-13-13098-1-2-20201228.pdf,Affiliation parsed from local first-page text extracted from paper PDF
AAAI-2015-A000707,Dixin Luo,China,"SEIEE, Shanghai Jiao Tong University, Shanghai, China",AAAI,2015,https://cdn.aaai.org/ojs/9570/9570-13-13098-1-2-20201228.pdf,Affiliation parsed from local first-page text extracted from paper PDF
AAAI-2015-A000708,Hongyuan Zha,United States | China,"Software Engineering Institute, East China Normal University, Shanghai, China | College of Computing, Georgia Institute of Technology, Atlanta, GA, USA",AAAI,2015,https://cdn.aaai.org/ojs/9570/9570-13-13098-1-2-20201228.pdf,Affiliation parsed from local first-page text extracted from paper PDF
AAAI-2015-A000709,Yi Xu,China,"SEIEE, Shanghai Jiao Tong University, Shanghai, China",AAAI,2015,https://cdn.aaai.org/ojs/9570/9570-13-13098-1-2-20201228.pdf,Affiliation parsed from local first-page text extracted from paper PDF
AAAI-2015-A000710,Tameem Adel,Canada,University of Waterloo,AAAI,2015,https://cdn.aaai.org/ojs/9572/9572-13-13100-1-2-20201228.pdf,Affiliation parsed from local first-page text extracted from paper PDF; Country inferred from institution using local Ollama model
AAAI-2015-A000711,Alexander Wong,Canada,University of Waterloo,AAAI,2015,https://cdn.aaai.org/ojs/9572/9572-13-13100-1-2-20201228.pdf,Affiliation parsed from local first-page text extracted from paper PDF; Country inferred from institution using local Ollama model
AAAI-2015-A000712,Hongteng Xu,United States,"School of ECE, Georgia Institute of Technology, Atlanta, GA, USA",AAAI,2015,https://cdn.aaai.org/ojs/9573/9573-13-13101-1-2-20201228.pdf,Affiliation parsed from local first-page text extracted from paper PDF
AAAI-2015-A000713,Hongyuan Zha,China,"Software Engineering Institute, East China Normal University, Shanghai, China",AAAI,2015,https://cdn.aaai.org/ojs/9573/9573-13-13101-1-2-20201228.pdf,Affiliation parsed from local first-page text extracted from paper PDF
AAAI-2015-A000714,Ren-Cang Li,United States,"Department of Mathematics, University of Texas at Arlington, Arlington, TX, USA",AAAI,2015,https://cdn.aaai.org/ojs/9573/9573-13-13101-1-2-20201228.pdf,Affiliation parsed from local first-page text extracted from paper PDF
AAAI-2015-A000715,Mark Davenport,UNKNOWN,UNKNOWN,AAAI,2015,https://aaai.org/papers/9573-active-manifold-learning-via-gershgorin-circle-guided-sample-selection/,Parsed from AAAI track pages or OJS issues; affiliation enrichment pending from PDF first pages
AAAI-2015-A000716,Hu Ding,United States,"Department of Computer Science and Engineering, State University of New York at Buffalo",AAAI,2015,https://cdn.aaai.org/ojs/9571/9571-13-13099-1-2-20201228.pdf,Affiliation parsed from local first-page text extracted from paper PDF; Country inferred from institution using local Ollama model
AAAI-2015-A000717,Jinhui Xu,United States,"Department of Computer Science and Engineering, State University of New York at Buffalo",AAAI,2015,https://cdn.aaai.org/ojs/9571/9571-13-13099-1-2-20201228.pdf,Affiliation parsed from local first-page text extracted from paper PDF; Country inferred from institution using local Ollama model
AAAI-2015-A000718,Kian Hsiang Low,United States | Singapore,"Department of Computer Science, National University of Singapore, Republic of Singapore∗ Singapore-MIT Alliance for Research and Technology, Republic of Singapore Massachusetts Institute of Technology, USA",AAAI,2015,https://cdn.aaai.org/ojs/9575/9575-13-13103-1-2-20201228.pdf,Affiliation parsed from local first-page text extracted from paper PDF
AAAI-2015-A000719,Jiangbo Yu,United States | Singapore,"Department of Computer Science, National University of Singapore, Republic of Singapore∗ Singapore-MIT Alliance for Research and Technology, Republic of Singapore Massachusetts Institute of Technology, USA",AAAI,2015,https://cdn.aaai.org/ojs/9575/9575-13-13103-1-2-20201228.pdf,Affiliation parsed from local first-page text extracted from paper PDF
AAAI-2015-A000720,Jie Chen,United States | Singapore,"Department of Computer Science, National University of Singapore, Republic of Singapore∗ Singapore-MIT Alliance for Research and Technology, Republic of Singapore Massachusetts Institute of Technology, USA",AAAI,2015,https://cdn.aaai.org/ojs/9575/9575-13-13103-1-2-20201228.pdf,Affiliation parsed from local first-page text extracted from paper PDF
AAAI-2015-A000721,Patrick Jaillet,United States | Singapore,"Department of Computer Science, National University of Singapore, Republic of Singapore∗ Singapore-MIT Alliance for Research and Technology, Republic of Singapore Massachusetts Institute of Technology, USA",AAAI,2015,https://cdn.aaai.org/ojs/9575/9575-13-13103-1-2-20201228.pdf,Affiliation parsed from local first-page text extracted from paper PDF
AAAI-2015-A000722,Leto Peel,United States,"Department of Computer Science University of Colorado Boulder, CO",AAAI,2015,https://cdn.aaai.org/ojs/9574/9574-13-13102-1-2-20201228.pdf,Affiliation parsed from local first-page text extracted from paper PDF; Country inferred from institution using local Ollama model
AAAI-2015-A000723,Aaron Clauset,United States,"Department of Computer Science University of Colorado Boulder, CO",AAAI,2015,https://cdn.aaai.org/ojs/9574/9574-13-13102-1-2-20201228.pdf,Affiliation parsed from local first-page text extracted from paper PDF; Country inferred from institution using local Ollama model
AAAI-2015-A000724,Sashank Reddi,United States,UNKNOWN,AAAI,2015,https://aaai.org/papers/9576-doubly-robust-covariate-shift-correction/,Parsed from AAAI track pages or OJS issues; affiliation enrichment pending from PDF first pages; Country inferred from full first-page text using local Ollama model
AAAI-2015-A000725,Barnabas Poczos,United States,UNKNOWN,AAAI,2015,https://aaai.org/papers/9576-doubly-robust-covariate-shift-correction/,Parsed from AAAI track pages or OJS issues; affiliation enrichment pending from PDF first pages; Country inferred from full first-page text using local Ollama model
AAAI-2015-A000726,Alex Smola,United States,UNKNOWN,AAAI,2015,https://aaai.org/papers/9576-doubly-robust-covariate-shift-correction/,Parsed from AAAI track pages or OJS issues; affiliation enrichment pending from PDF first pages; Country inferred from full first-page text using local Ollama model
AAAI-2015-A000727,Yi Ding,Singapore,"School of Computer Engineering, Nanyang Technological University, Singapore",AAAI,2015,https://cdn.aaai.org/ojs/9577/9577-13-13105-1-2-20201228.pdf,Affiliation parsed from local first-page text extracted from paper PDF
AAAI-2015-A000728,Peilin Zhao,Singapore,"School of Computer Engineering, Nanyang Technological University, Singapore Institute for Infocomm Research, Fusionopolis Way, # - Connexis, Singapore School of Information Systems, Singapore Management University, Singapore",AAAI,2015,https://cdn.aaai.org/ojs/9577/9577-13-13105-1-2-20201228.pdf,Affiliation parsed from local first-page text extracted from paper PDF
AAAI-2015-A000729,Steven Hoi,UNKNOWN,UNKNOWN,AAAI,2015,https://aaai.org/papers/9577-an-adaptive-gradient-method-for-online-auc-maximization/,Parsed from AAAI track pages or OJS issues; affiliation enrichment pending from PDF first pages
AAAI-2015-A000730,Yew-Soon Ong,Singapore,"School of Computer Engineering, Nanyang Technological University, Singapore",AAAI,2015,https://cdn.aaai.org/ojs/9577/9577-13-13105-1-2-20201228.pdf,Affiliation parsed from local first-page text extracted from paper PDF
AAAI-2015-A000731,Hongyang Zhang,Taiwan | China,"Key Lab. of Machine Perception (MOE), School of EECS, Peking University, China HTC Research, Taiwan",AAAI,2015,https://cdn.aaai.org/ojs/9578/9578-13-13106-1-2-20201228.pdf,Affiliation parsed from local first-page text extracted from paper PDF
AAAI-2015-A000732,Zhouchen Lin,Taiwan | China,"Key Lab. of Machine Perception (MOE), School of EECS, Peking University, China HTC Research, Taiwan",AAAI,2015,https://cdn.aaai.org/ojs/9578/9578-13-13106-1-2-20201228.pdf,Affiliation parsed from local first-page text extracted from paper PDF
AAAI-2015-A000733,Chao Zhang,Taiwan | China,"Key Lab. of Machine Perception (MOE), School of EECS, Peking University, China HTC Research, Taiwan",AAAI,2015,https://cdn.aaai.org/ojs/9578/9578-13-13106-1-2-20201228.pdf,Affiliation parsed from local first-page text extracted from paper PDF
AAAI-2015-A000734,Edward Chang,UNKNOWN,UNKNOWN,AAAI,2015,https://aaai.org/papers/9578-exact-recoverability-of-robust-pca-via-outlier-pursuit-with-tight-recovery-bounds/,Parsed from AAAI track pages or OJS issues; affiliation enrichment pending from PDF first pages
AAAI-2015-A000735,Chao Qian,China,"National Key Laboratory for Novel Software Technology, Nanjing University Collaborative Innovation Center of Novel Software Technology and Industrialization Nanjing , China",AAAI,2015,https://cdn.aaai.org/ojs/9579/9579-13-13107-1-2-20201228.pdf,Affiliation parsed from local first-page text extracted from paper PDF
AAAI-2015-A000736,Yang Yu,China,"National Key Laboratory for Novel Software Technology, Nanjing University Collaborative Innovation Center of Novel Software Technology and Industrialization Nanjing , China",AAAI,2015,https://cdn.aaai.org/ojs/9579/9579-13-13107-1-2-20201228.pdf,Affiliation parsed from local first-page text extracted from paper PDF
AAAI-2015-A000737,Zhi-Hua Zhou,China,"National Key Laboratory for Novel Software Technology, Nanjing University Collaborative Innovation Center of Novel Software Technology and Industrialization Nanjing , China",AAAI,2015,https://cdn.aaai.org/ojs/9579/9579-13-13107-1-2-20201228.pdf,Affiliation parsed from local first-page text extracted from paper PDF
AAAI-2015-A000738,Lei Han,Hong Kong,"Department of Computer Science, Hong Kong Baptist University, Hong Kong",AAAI,2015,https://cdn.aaai.org/ojs/9580/9580-13-13108-1-2-20201228.pdf,Affiliation parsed from local first-page text extracted from paper PDF; Country inferred from institution using local Ollama model
AAAI-2015-A000739,Yu Zhang,China | Hong Kong,"Department of Computer Science, Hong Kong Baptist University, Hong Kong | The Institute of Research and Continuing Education, Hong Kong Baptist University (Shenzhen)",AAAI,2015,https://cdn.aaai.org/ojs/9580/9580-13-13108-1-2-20201228.pdf,Affiliation parsed from local first-page text extracted from paper PDF; Country inferred from institution using local Ollama model
AAAI-2015-A000740,Lei Han,Hong Kong,"Department of Computer Science, Hong Kong Baptist University, Hong Kong",AAAI,2015,https://cdn.aaai.org/ojs/9581/9581-13-13109-1-2-20201228.pdf,Affiliation parsed from local first-page text extracted from paper PDF; Country inferred from institution using local Ollama model
AAAI-2015-A000741,Yu Zhang,China | Hong Kong,"Department of Computer Science, Hong Kong Baptist University, Hong Kong | The Institute of Research and Continuing Education, Hong Kong Baptist University (Shenzhen)",AAAI,2015,https://cdn.aaai.org/ojs/9581/9581-13-13109-1-2-20201228.pdf,Affiliation parsed from local first-page text extracted from paper PDF; Country inferred from institution using local Ollama model
AAAI-2015-A000742,Changying Du,China,"Key Lab of Intelligent Information Processing of Chinese Academy of Sciences (CAS) | University of Chinese Academy of Sciences, Beijing , China",AAAI,2015,https://cdn.aaai.org/ojs/9583/9583-13-13111-1-2-20201228.pdf,Affiliation parsed from local first-page text extracted from paper PDF
AAAI-2015-A000743,Shandian Zhe,United States,"Department of Computer Science, Purdue University, West Lafayette, IN , USA",AAAI,2015,https://cdn.aaai.org/ojs/9583/9583-13-13111-1-2-20201228.pdf,Affiliation parsed from local first-page text extracted from paper PDF
AAAI-2015-A000744,Fuzhen Zhuang,China,Key Lab of Intelligent Information Processing of Chinese Academy of Sciences (CAS),AAAI,2015,https://cdn.aaai.org/ojs/9583/9583-13-13111-1-2-20201228.pdf,Affiliation parsed from local first-page text extracted from paper PDF
AAAI-2015-A000745,Yuan Qi,United States,"Department of Computer Science, Purdue University, West Lafayette, IN , USA",AAAI,2015,https://cdn.aaai.org/ojs/9583/9583-13-13111-1-2-20201228.pdf,Affiliation parsed from local first-page text extracted from paper PDF
AAAI-2015-A000746,Qing He,China,Key Lab of Intelligent Information Processing of Chinese Academy of Sciences (CAS),AAAI,2015,https://cdn.aaai.org/ojs/9583/9583-13-13111-1-2-20201228.pdf,Affiliation parsed from local first-page text extracted from paper PDF
AAAI-2015-A000747,Zhongzhi Shi,China,Key Lab of Intelligent Information Processing of Chinese Academy of Sciences (CAS),AAAI,2015,https://cdn.aaai.org/ojs/9583/9583-13-13111-1-2-20201228.pdf,Affiliation parsed from local first-page text extracted from paper PDF
AAAI-2015-A000748,Piyush Rai,United States,UNKNOWN,AAAI,2015,https://aaai.org/papers/9582-leveraging-features-and-networks-for-probabilistic-tensor-decomposition/,Parsed from AAAI track pages or OJS issues; affiliation enrichment pending from PDF first pages; Country inferred from full first-page text using local Ollama model
AAAI-2015-A000749,Yingjian Wang,United States,UNKNOWN,AAAI,2015,https://aaai.org/papers/9582-leveraging-features-and-networks-for-probabilistic-tensor-decomposition/,Parsed from AAAI track pages or OJS issues; affiliation enrichment pending from PDF first pages; Country inferred from full first-page text using local Ollama model
AAAI-2015-A000750,Lawrence Carin,United States,UNKNOWN,AAAI,2015,https://aaai.org/papers/9582-leveraging-features-and-networks-for-probabilistic-tensor-decomposition/,Parsed from AAAI track pages or OJS issues; affiliation enrichment pending from PDF first pages; Country inferred from full first-page text using local Ollama model
AAAI-2015-A000751,Qian Zhao,China,"School of Mathematics and Statistics, Xi’an Jiaotong University",AAAI,2015,https://cdn.aaai.org/ojs/9584/9584-13-13112-1-2-20201228.pdf,Affiliation parsed from local first-page text extracted from paper PDF; Country inferred from institution using local Ollama model
AAAI-2015-A000752,Deyu Meng,China,"School of Mathematics and Statistics, Xi’an Jiaotong University",AAAI,2015,https://cdn.aaai.org/ojs/9584/9584-13-13112-1-2-20201228.pdf,Affiliation parsed from local first-page text extracted from paper PDF; Country inferred from institution using local Ollama model
AAAI-2015-A000753,Lu Jiang,United States,"School of Computer Science, Carnegie Mellon University",AAAI,2015,https://cdn.aaai.org/ojs/9584/9584-13-13112-1-2-20201228.pdf,Affiliation parsed from local first-page text extracted from paper PDF
AAAI-2015-A000754,Qi Xie,China,"School of Mathematics and Statistics, Xi’an Jiaotong University",AAAI,2015,https://cdn.aaai.org/ojs/9584/9584-13-13112-1-2-20201228.pdf,Affiliation parsed from local first-page text extracted from paper PDF; Country inferred from institution using local Ollama model
AAAI-2015-A000755,Zongben Xu,China,"School of Mathematics and Statistics, Xi’an Jiaotong University",AAAI,2015,https://cdn.aaai.org/ojs/9584/9584-13-13112-1-2-20201228.pdf,Affiliation parsed from local first-page text extracted from paper PDF; Country inferred from institution using local Ollama model
AAAI-2015-A000756,Alexander Hauptmann,UNKNOWN,UNKNOWN,AAAI,2015,https://aaai.org/papers/9584-self-paced-learning-for-matrix-factorization/,Parsed from AAAI track pages or OJS issues; affiliation enrichment pending from PDF first pages
AAAI-2015-A000757,Zhaohan Guo,United States,Carnegie Mellon University,AAAI,2015,https://cdn.aaai.org/ojs/9585/9585-13-13113-1-2-20201228.pdf,Affiliation parsed from local first-page text extracted from paper PDF
AAAI-2015-A000758,Emma Brunskill,United States,Carnegie Mellon University,AAAI,2015,https://cdn.aaai.org/ojs/9585/9585-13-13113-1-2-20201228.pdf,Affiliation parsed from local first-page text extracted from paper PDF
AAAI-2015-A000759,Wei Wang,China,". Science and Technology on Integrated Information System Laboratory . State Key Laboratory of Computer Science Institute of Software, Chinese Academy of Sciences, Beijing , China",AAAI,2015,https://cdn.aaai.org/ojs/9586/9586-13-13114-1-2-20201228.pdf,Affiliation parsed from local first-page text extracted from paper PDF
AAAI-2015-A000760,Hao Wang,China,". Science and Technology on Integrated Information System Laboratory . State Key Laboratory of Computer Science Institute of Software, Chinese Academy of Sciences, Beijing , China",AAAI,2015,https://cdn.aaai.org/ojs/9586/9586-13-13114-1-2-20201228.pdf,Affiliation parsed from local first-page text extracted from paper PDF
AAAI-2015-A000761,Chen Zhang,China,". Science and Technology on Integrated Information System Laboratory . State Key Laboratory of Computer Science Institute of Software, Chinese Academy of Sciences, Beijing , China",AAAI,2015,https://cdn.aaai.org/ojs/9586/9586-13-13114-1-2-20201228.pdf,Affiliation parsed from local first-page text extracted from paper PDF
AAAI-2015-A000762,Fanjiang Xu,China,". Science and Technology on Integrated Information System Laboratory . State Key Laboratory of Computer Science Institute of Software, Chinese Academy of Sciences, Beijing , China",AAAI,2015,https://cdn.aaai.org/ojs/9586/9586-13-13114-1-2-20201228.pdf,Affiliation parsed from local first-page text extracted from paper PDF
AAAI-2015-A000763,Meng Liu,China,UNKNOWN,AAAI,2015,https://aaai.org/papers/9547-low-rank-multi-view-learning-in-matrix-completion-for-multi-label-image-classification/,Parsed from AAAI track pages or OJS issues; affiliation enrichment pending from PDF first pages; Country inferred from full first-page text using local Ollama model
AAAI-2015-A000764,Yong Luo,Singapore | China,UNKNOWN,AAAI,2015,https://aaai.org/papers/9547-low-rank-multi-view-learning-in-matrix-completion-for-multi-label-image-classification/,Parsed from AAAI track pages or OJS issues; affiliation enrichment pending from PDF first pages; Country inferred from full first-page text using local Ollama model
AAAI-2015-A000765,Dacheng Tao,Australia,UNKNOWN,AAAI,2015,https://aaai.org/papers/9547-low-rank-multi-view-learning-in-matrix-completion-for-multi-label-image-classification/,Parsed from AAAI track pages or OJS issues; affiliation enrichment pending from PDF first pages; Country inferred from full first-page text using local Ollama model
AAAI-2015-A000766,Chao Xu,China,UNKNOWN,AAAI,2015,https://aaai.org/papers/9547-low-rank-multi-view-learning-in-matrix-completion-for-multi-label-image-classification/,Parsed from AAAI track pages or OJS issues; affiliation enrichment pending from PDF first pages; Country inferred from full first-page text using local Ollama model
AAAI-2015-A000767,Yonggang Wen,Singapore,UNKNOWN,AAAI,2015,https://aaai.org/papers/9547-low-rank-multi-view-learning-in-matrix-completion-for-multi-label-image-classification/,Parsed from AAAI track pages or OJS issues; affiliation enrichment pending from PDF first pages; Country inferred from full first-page text using local Ollama model
AAAI-2015-A000768,Hao Wang,Hong Kong,"Department of Computer Science and Engineering Hong Kong University of Science and Technology Clear Water Bay, Hong Kong",AAAI,2015,https://cdn.aaai.org/ojs/9548/9548-13-13076-1-2-20201228.pdf,Affiliation parsed from local first-page text extracted from paper PDF; Country inferred from institution using local Ollama model
AAAI-2015-A000769,Xingjian Shi,Hong Kong,"Department of Computer Science and Engineering Hong Kong University of Science and Technology Clear Water Bay, Hong Kong",AAAI,2015,https://cdn.aaai.org/ojs/9548/9548-13-13076-1-2-20201228.pdf,Affiliation parsed from local first-page text extracted from paper PDF; Country inferred from institution using local Ollama model
AAAI-2015-A000770,Dit-Yan Yeung,Hong Kong,"Department of Computer Science and Engineering Hong Kong University of Science and Technology Clear Water Bay, Hong Kong",AAAI,2015,https://cdn.aaai.org/ojs/9548/9548-13-13076-1-2-20201228.pdf,Affiliation parsed from local first-page text extracted from paper PDF; Country inferred from institution using local Ollama model
AAAI-2015-A000771,Wenzhao Lian,United States | United Kingdom,"ECE Department, Duke University Durham, NC",AAAI,2015,https://cdn.aaai.org/ojs/9549/9549-13-13077-1-2-20201228.pdf,Affiliation parsed from local first-page text extracted from paper PDF
AAAI-2015-A000772,Piyush Rai,United States | United Kingdom,"ECE Department, Duke University Durham, NC",AAAI,2015,https://cdn.aaai.org/ojs/9549/9549-13-13077-1-2-20201228.pdf,Affiliation parsed from local first-page text extracted from paper PDF
AAAI-2015-A000773,Esther Salazar,United States | United Kingdom,"ECE Department, Duke University Durham, NC",AAAI,2015,https://cdn.aaai.org/ojs/9549/9549-13-13077-1-2-20201228.pdf,Affiliation parsed from local first-page text extracted from paper PDF
AAAI-2015-A000774,Lawrence Carin,United States | United Kingdom,"ECE Department, Duke University Durham, NC",AAAI,2015,https://cdn.aaai.org/ojs/9549/9549-13-13077-1-2-20201228.pdf,Affiliation parsed from local first-page text extracted from paper PDF
AAAI-2015-A000775,Zhiwu Lu,China,"School of Information, Renmin University of China, Beijing , China",AAAI,2015,https://cdn.aaai.org/ojs/9551/9551-13-13079-1-2-20201228.pdf,Affiliation parsed from local first-page text extracted from paper PDF
AAAI-2015-A000776,Xin Gao,UNKNOWN,UNKNOWN,AAAI,2015,https://aaai.org/papers/9551-noise-robust-semi-supervised-learning-by-large-scale-sparse-coding/,Parsed from AAAI track pages or OJS issues; affiliation enrichment pending from PDF first pages
AAAI-2015-A000777,Liwei Wang,China,"Key Laboratory of Machine Perception (MOE), School of EECS, Peking University, Beijing , China",AAAI,2015,https://cdn.aaai.org/ojs/9551/9551-13-13079-1-2-20201228.pdf,Affiliation parsed from local first-page text extracted from paper PDF
AAAI-2015-A000778,Ji-Rong Wen,China,"School of Information, Renmin University of China, Beijing , China",AAAI,2015,https://cdn.aaai.org/ojs/9551/9551-13-13079-1-2-20201228.pdf,Affiliation parsed from local first-page text extracted from paper PDF
AAAI-2015-A000779,Songfang Huang,China,"IBM China Research Lab, Beijing, China",AAAI,2015,https://cdn.aaai.org/ojs/9551/9551-13-13079-1-2-20201228.pdf,Affiliation parsed from local first-page text extracted from paper PDF
AAAI-2015-A000780,Johannes Lederer,United States,UNKNOWN,AAAI,2015,https://aaai.org/papers/9550-dont-fall-for-tuning-parameters-tuning-free-variable-selection-in-high-dimensions-with-the-trex/,Parsed from AAAI track pages or OJS issues; affiliation enrichment pending from PDF first pages; Country inferred from full first-page text using local Ollama model
AAAI-2015-A000781,Christian Müller,United States,UNKNOWN,AAAI,2015,https://aaai.org/papers/9550-dont-fall-for-tuning-parameters-tuning-free-variable-selection-in-high-dimensions-with-the-trex/,Parsed from AAAI track pages or OJS issues; affiliation enrichment pending from PDF first pages; Country inferred from full first-page text using local Ollama model
AAAI-2015-A000782,Xianchao Zhang,China,"School of Software Dalian University of Technology, Dalian , China",AAAI,2015,https://cdn.aaai.org/ojs/9552/9552-13-13080-1-2-20201228.pdf,Affiliation parsed from local first-page text extracted from paper PDF
AAAI-2015-A000783,Linlin Zong,China,"School of Software Dalian University of Technology, Dalian , China",AAAI,2015,https://cdn.aaai.org/ojs/9552/9552-13-13080-1-2-20201228.pdf,Affiliation parsed from local first-page text extracted from paper PDF
AAAI-2015-A000784,Xinyue Liu,China,"School of Software Dalian University of Technology, Dalian , China",AAAI,2015,https://cdn.aaai.org/ojs/9552/9552-13-13080-1-2-20201228.pdf,Affiliation parsed from local first-page text extracted from paper PDF
AAAI-2015-A000785,Hong Yu,China,"School of Software Dalian University of Technology, Dalian , China",AAAI,2015,https://cdn.aaai.org/ojs/9552/9552-13-13080-1-2-20201228.pdf,Affiliation parsed from local first-page text extracted from paper PDF
AAAI-2015-A000786,Tu Nguyen,UNKNOWN,UNKNOWN,AAAI,2015,https://aaai.org/papers/9553-tensor-variate-restricted-boltzmann-machines/,Parsed from AAAI track pages or OJS issues; affiliation enrichment pending from PDF first pages
AAAI-2015-A000787,Truyen Tran,Australia,"Center for Pattern Recognition and Data Analytics School of Information Technology, Deakin University, Geelong, Australia | Institute for Multi-Sensor Processing and Content Analysis Curtin University, Australia",AAAI,2015,https://cdn.aaai.org/ojs/9553/9553-13-13081-1-2-20201228.pdf,Affiliation parsed from local first-page text extracted from paper PDF
AAAI-2015-A000788,Dinh Phung,Australia,"Center for Pattern Recognition and Data Analytics School of Information Technology, Deakin University, Geelong, Australia",AAAI,2015,https://cdn.aaai.org/ojs/9553/9553-13-13081-1-2-20201228.pdf,Affiliation parsed from local first-page text extracted from paper PDF
AAAI-2015-A000789,Svetha Venkatesh,Australia,"Center for Pattern Recognition and Data Analytics School of Information Technology, Deakin University, Geelong, Australia",AAAI,2015,https://cdn.aaai.org/ojs/9553/9553-13-13081-1-2-20201228.pdf,Affiliation parsed from local first-page text extracted from paper PDF
AAAI-2015-A000790,Yong Liu,China,"School of Computer Science and Technology, Tianjin University, Tianjin , P. R. China",AAAI,2015,https://cdn.aaai.org/ojs/9554/9554-13-13082-1-2-20201228.pdf,Affiliation parsed from local first-page text extracted from paper PDF
AAAI-2015-A000791,Shizhong Liao,China,"School of Computer Science and Technology, Tianjin University, Tianjin , P. R. China",AAAI,2015,https://cdn.aaai.org/ojs/9554/9554-13-13082-1-2-20201228.pdf,Affiliation parsed from local first-page text extracted from paper PDF
AAAI-2015-A000792,Yuto Yamaguchi,United States | United Kingdom,University of Tsukuba; Carnegie Mellon University,AAAI,2015,https://cdn.aaai.org/ojs/9555/9555-13-13083-1-2-20201228.pdf,Affiliation parsed from local first-page text extracted from paper PDF
AAAI-2015-A000793,Christos Faloutsos,United States | United Kingdom,University of Tsukuba; Carnegie Mellon University,AAAI,2015,https://cdn.aaai.org/ojs/9555/9555-13-13083-1-2-20201228.pdf,Affiliation parsed from local first-page text extracted from paper PDF
AAAI-2015-A000794,Hiroyuki Kitagawa,United States | United Kingdom,University of Tsukuba; Carnegie Mellon University,AAAI,2015,https://cdn.aaai.org/ojs/9555/9555-13-13083-1-2-20201228.pdf,Affiliation parsed from local first-page text extracted from paper PDF
AAAI-2015-A000795,Debarghya Ghoshdastidar,India,"Department of Computer Science & Automation Indian Institute of Science Bangalore – , India",AAAI,2015,https://cdn.aaai.org/ojs/9556/9556-13-13084-1-2-20201228.pdf,Affiliation parsed from local first-page text extracted from paper PDF; Country inferred from institution using local Ollama model
AAAI-2015-A000796,Ambedkar Dukkipati,India,"Department of Computer Science & Automation Indian Institute of Science Bangalore – , India",AAAI,2015,https://cdn.aaai.org/ojs/9556/9556-13-13084-1-2-20201228.pdf,Affiliation parsed from local first-page text extracted from paper PDF; Country inferred from institution using local Ollama model
AAAI-2015-A000797,Yu Zhang,Hong Kong,"Department of Computer Science, Hong Kong Baptist University The Institute of Research and Continuing Education, Hong Kong Baptist University (Shenzhen)",AAAI,2015,https://cdn.aaai.org/ojs/9558/9558-13-13086-1-2-20201228.pdf,Affiliation parsed from local first-page text extracted from paper PDF; Country inferred from full first-page text using local Ollama model
AAAI-2015-A000798,Qifan Wang,United States,"Computer Science Department, Purdue University West Lafayette, IN , US",AAAI,2015,https://cdn.aaai.org/ojs/9557/9557-13-13085-1-2-20201228.pdf,Affiliation parsed from local first-page text extracted from paper PDF; Country inferred from institution using local Ollama model
AAAI-2015-A000799,Luo Si,United States,"Computer Science Department, Purdue University West Lafayette, IN , US",AAAI,2015,https://cdn.aaai.org/ojs/9557/9557-13-13085-1-2-20201228.pdf,Affiliation parsed from local first-page text extracted from paper PDF; Country inferred from institution using local Ollama model
AAAI-2015-A000800,Bin Shen,United States,"Computer Science Department, Purdue University West Lafayette, IN , US",AAAI,2015,https://cdn.aaai.org/ojs/9557/9557-13-13085-1-2-20201228.pdf,Affiliation parsed from local first-page text extracted from paper PDF; Country inferred from institution using local Ollama model
AAAI-2015-A000801,Yangqiu Song,United States,UNKNOWN,AAAI,2015,https://aaai.org/papers/9560-spectral-label-refinement-for-noisy-and-missing-text-labels/,Parsed from AAAI track pages or OJS issues; affiliation enrichment pending from PDF first pages; Country inferred from full first-page text using local Ollama model
AAAI-2015-A000802,Chenguang Wang,China,UNKNOWN,AAAI,2015,https://aaai.org/papers/9560-spectral-label-refinement-for-noisy-and-missing-text-labels/,Parsed from AAAI track pages or OJS issues; affiliation enrichment pending from PDF first pages; Country inferred from full first-page text using local Ollama model
AAAI-2015-A000803,Ming Zhang,China,UNKNOWN,AAAI,2015,https://aaai.org/papers/9560-spectral-label-refinement-for-noisy-and-missing-text-labels/,Parsed from AAAI track pages or OJS issues; affiliation enrichment pending from PDF first pages; Country inferred from full first-page text using local Ollama model
AAAI-2015-A000804,Hailong Sun,China,UNKNOWN,AAAI,2015,https://aaai.org/papers/9560-spectral-label-refinement-for-noisy-and-missing-text-labels/,Parsed from AAAI track pages or OJS issues; affiliation enrichment pending from PDF first pages; Country inferred from full first-page text using local Ollama model
AAAI-2015-A000805,Qiang Yang,Hong Kong,UNKNOWN,AAAI,2015,https://aaai.org/papers/9560-spectral-label-refinement-for-noisy-and-missing-text-labels/,Parsed from AAAI track pages or OJS issues; affiliation enrichment pending from PDF first pages; Country inferred from full first-page text using local Ollama model
AAAI-2015-A000806,Aviv Tamar,Israel,"Electrical Engineering Department The Technion - Israel Institute of Technology Haifa, Israel",AAAI,2015,https://cdn.aaai.org/ojs/9561/9561-13-13089-1-2-20201228.pdf,Affiliation parsed from local first-page text extracted from paper PDF
AAAI-2015-A000807,Yonatan Glassner,Israel,"Electrical Engineering Department The Technion - Israel Institute of Technology Haifa, Israel",AAAI,2015,https://cdn.aaai.org/ojs/9561/9561-13-13089-1-2-20201228.pdf,Affiliation parsed from local first-page text extracted from paper PDF
AAAI-2015-A000808,Shie Mannor,Israel,"Electrical Engineering Department The Technion - Israel Institute of Technology Haifa, Israel",AAAI,2015,https://cdn.aaai.org/ojs/9561/9561-13-13089-1-2-20201228.pdf,Affiliation parsed from local first-page text extracted from paper PDF
AAAI-2015-A000809,Wei Cao,Australia,"Advanced Analytics Institute University of Technology, Sydney",AAAI,2015,https://cdn.aaai.org/ojs/9559/9559-13-13087-1-2-20201228.pdf,Affiliation parsed from local first-page text extracted from paper PDF; Country inferred from institution using local Ollama model
AAAI-2015-A000810,Liang Hu,Australia,"Advanced Analytics Institute University of Technology, Sydney",AAAI,2015,https://cdn.aaai.org/ojs/9559/9559-13-13087-1-2-20201228.pdf,Affiliation parsed from local first-page text extracted from paper PDF; Country inferred from institution using local Ollama model
AAAI-2015-A000811,Longbing Cao,Australia,"Advanced Analytics Institute University of Technology, Sydney",AAAI,2015,https://cdn.aaai.org/ojs/9559/9559-13-13087-1-2-20201228.pdf,Affiliation parsed from local first-page text extracted from paper PDF; Country inferred from institution using local Ollama model
AAAI-2015-A000812,Longwen Gao,China,"Shanghai Key Lab of Intelligent Information Processing, and School of Computer Science Fudan University, Shanghai , China",AAAI,2015,https://cdn.aaai.org/ojs/9562/9562-13-13090-1-2-20201228.pdf,Affiliation parsed from local first-page text extracted from paper PDF
AAAI-2015-A000813,Shuigeng Zhou,China,"Shanghai Key Lab of Intelligent Information Processing, and School of Computer Science Fudan University, Shanghai , China",AAAI,2015,https://cdn.aaai.org/ojs/9562/9562-13-13090-1-2-20201228.pdf,Affiliation parsed from local first-page text extracted from paper PDF
AAAI-2015-A000814,Ibrahim Alabdulmohsin,Saudi Arabia,King Abdullah University of Science & Technology (KAUST),AAAI,2015,https://cdn.aaai.org/ojs/9563/9563-13-13091-1-2-20201228.pdf,Affiliation parsed from local first-page text extracted from paper PDF; Country inferred from institution using local Ollama model
AAAI-2015-A000815,Xin Gao,Saudi Arabia,King Abdullah University of Science & Technology (KAUST),AAAI,2015,https://cdn.aaai.org/ojs/9563/9563-13-13091-1-2-20201228.pdf,Affiliation parsed from local first-page text extracted from paper PDF; Country inferred from institution using local Ollama model
AAAI-2015-A000816,Xiangliang Zhang,Saudi Arabia,King Abdullah University of Science & Technology (KAUST),AAAI,2015,https://cdn.aaai.org/ojs/9563/9563-13-13091-1-2-20201228.pdf,Affiliation parsed from local first-page text extracted from paper PDF; Country inferred from institution using local Ollama model
AAAI-2015-A000817,Feiyun Zhu,China,"Institute of Automation, Chinese Academy of Sciences",AAAI,2015,https://cdn.aaai.org/ojs/9565/9565-13-13093-1-2-20201228.pdf,Affiliation parsed from local first-page text extracted from paper PDF
AAAI-2015-A000818,Bin Fan,China,"Institute of Automation, Chinese Academy of Sciences",AAAI,2015,https://cdn.aaai.org/ojs/9565/9565-13-13093-1-2-20201228.pdf,Affiliation parsed from local first-page text extracted from paper PDF
AAAI-2015-A000819,Xinliang Zhu,China,"Institute of Automation, Chinese Academy of Sciences",AAAI,2015,https://cdn.aaai.org/ojs/9565/9565-13-13093-1-2-20201228.pdf,Affiliation parsed from local first-page text extracted from paper PDF
AAAI-2015-A000820,Ying Wang,China,"Institute of Automation, Chinese Academy of Sciences",AAAI,2015,https://cdn.aaai.org/ojs/9565/9565-13-13093-1-2-20201228.pdf,Affiliation parsed from local first-page text extracted from paper PDF
AAAI-2015-A000821,Shiming Xiang,China,"Institute of Automation, Chinese Academy of Sciences",AAAI,2015,https://cdn.aaai.org/ojs/9565/9565-13-13093-1-2-20201228.pdf,Affiliation parsed from local first-page text extracted from paper PDF
AAAI-2015-A000822,Chunhong Pan,China,"Institute of Automation, Chinese Academy of Sciences",AAAI,2015,https://cdn.aaai.org/ojs/9565/9565-13-13093-1-2-20201228.pdf,Affiliation parsed from local first-page text extracted from paper PDF
AAAI-2015-A000823,Takayuki Yoshizumi,Japan,IBM Research - Tokyo,AAAI,2015,https://cdn.aaai.org/ojs/9567/9567-13-13095-1-2-20201228.pdf,Affiliation parsed from local first-page text extracted from paper PDF; Country inferred from institution using local Ollama model
AAAI-2015-A000824,Chao Li,China | Japan,"Harbin Engineering University, Harbin, Heilongjiang, China RIKEN Brain Science Institute, Wako, Saitama, Japan Systems Research Institute, PAS, Warsaw, Poland",AAAI,2015,https://cdn.aaai.org/ojs/9564/9564-13-13092-1-2-20201228.pdf,Affiliation parsed from local first-page text extracted from paper PDF
AAAI-2015-A000825,Qibin Zhao,China | Japan,"Harbin Engineering University, Harbin, Heilongjiang, China RIKEN Brain Science Institute, Wako, Saitama, Japan Systems Research Institute, PAS, Warsaw, Poland",AAAI,2015,https://cdn.aaai.org/ojs/9564/9564-13-13092-1-2-20201228.pdf,Affiliation parsed from local first-page text extracted from paper PDF
AAAI-2015-A000826,Junhua Li,China | Japan,"Harbin Engineering University, Harbin, Heilongjiang, China RIKEN Brain Science Institute, Wako, Saitama, Japan Systems Research Institute, PAS, Warsaw, Poland",AAAI,2015,https://cdn.aaai.org/ojs/9564/9564-13-13092-1-2-20201228.pdf,Affiliation parsed from local first-page text extracted from paper PDF
AAAI-2015-A000827,Andrzej Cichocki,China | Japan,"Harbin Engineering University, Harbin, Heilongjiang, China RIKEN Brain Science Institute, Wako, Saitama, Japan Systems Research Institute, PAS, Warsaw, Poland",AAAI,2015,https://cdn.aaai.org/ojs/9564/9564-13-13092-1-2-20201228.pdf,Affiliation parsed from local first-page text extracted from paper PDF
AAAI-2015-A000828,Lili Guo,China | Japan,"Harbin Engineering University, Harbin, Heilongjiang, China RIKEN Brain Science Institute, Wako, Saitama, Japan Systems Research Institute, PAS, Warsaw, Poland",AAAI,2015,https://cdn.aaai.org/ojs/9564/9564-13-13092-1-2-20201228.pdf,Affiliation parsed from local first-page text extracted from paper PDF
AAAI-2015-A000829,Andrew Yates,United States,UNKNOWN,AAAI,2015,https://aaai.org/papers/9527-extracting-adverse-drug-reactions-from-social-media/,Parsed from AAAI track pages or OJS issues; affiliation enrichment pending from PDF first pages; Country inferred from full first-page text using local Ollama model
AAAI-2015-A000830,Nazli Goharian,United States,UNKNOWN,AAAI,2015,https://aaai.org/papers/9527-extracting-adverse-drug-reactions-from-social-media/,Parsed from AAAI track pages or OJS issues; affiliation enrichment pending from PDF first pages; Country inferred from full first-page text using local Ollama model
AAAI-2015-A000831,Ophir Frieder,United States,UNKNOWN,AAAI,2015,https://aaai.org/papers/9527-extracting-adverse-drug-reactions-from-social-media/,Parsed from AAAI track pages or OJS issues; affiliation enrichment pending from PDF first pages; Country inferred from full first-page text using local Ollama model
AAAI-2015-A000832,Wenyi Huang,United States,"Information Sciences and Technology, Computer Sciences and Engineering The Pennsylvania State University University Park, PA",AAAI,2015,https://cdn.aaai.org/ojs/9528/9528-13-13056-1-2-20201228.pdf,Affiliation parsed from local first-page text extracted from paper PDF; Country inferred from institution using local Ollama model
AAAI-2015-A000833,Zhaohui Wu,United States,"Information Sciences and Technology, Computer Sciences and Engineering The Pennsylvania State University University Park, PA",AAAI,2015,https://cdn.aaai.org/ojs/9528/9528-13-13056-1-2-20201228.pdf,Affiliation parsed from local first-page text extracted from paper PDF; Country inferred from institution using local Ollama model
AAAI-2015-A000834,Chen Liang,United States,"Information Sciences and Technology, Computer Sciences and Engineering The Pennsylvania State University University Park, PA",AAAI,2015,https://cdn.aaai.org/ojs/9528/9528-13-13056-1-2-20201228.pdf,Affiliation parsed from local first-page text extracted from paper PDF; Country inferred from institution using local Ollama model
AAAI-2015-A000835,Prasenjit Mitra,United States,"Information Sciences and Technology, Computer Sciences and Engineering The Pennsylvania State University University Park, PA",AAAI,2015,https://cdn.aaai.org/ojs/9528/9528-13-13056-1-2-20201228.pdf,Affiliation parsed from local first-page text extracted from paper PDF; Country inferred from institution using local Ollama model
AAAI-2015-A000836,C. Giles,UNKNOWN,UNKNOWN,AAAI,2015,https://aaai.org/papers/9528-a-neural-probabilistic-model-for-context-based-citation-recommendation/,Parsed from AAAI track pages or OJS issues; affiliation enrichment pending from PDF first pages
AAAI-2015-A000837,Xiao Ding,China,"Research Center for Social Computing and Information Retrieval Harbin Institute of Technology, China",AAAI,2015,https://cdn.aaai.org/ojs/9529/9529-13-13057-1-2-20201228.pdf,Affiliation parsed from local first-page text extracted from paper PDF
AAAI-2015-A000838,Ting Liu,China,"Research Center for Social Computing and Information Retrieval Harbin Institute of Technology, China",AAAI,2015,https://cdn.aaai.org/ojs/9529/9529-13-13057-1-2-20201228.pdf,Affiliation parsed from local first-page text extracted from paper PDF
AAAI-2015-A000839,Junwen Duan,China,"Research Center for Social Computing and Information Retrieval Harbin Institute of Technology, China",AAAI,2015,https://cdn.aaai.org/ojs/9529/9529-13-13057-1-2-20201228.pdf,Affiliation parsed from local first-page text extracted from paper PDF
AAAI-2015-A000840,Jian-Yun Nie,China,"Research Center for Social Computing and Information Retrieval Harbin Institute of Technology, China",AAAI,2015,https://cdn.aaai.org/ojs/9529/9529-13-13057-1-2-20201228.pdf,Affiliation parsed from local first-page text extracted from paper PDF
AAAI-2015-A000841,Jiwei Tan,China,"Institute of Computer Science and Technology, Peking University, Beijing , China The MOE Key Laboratory of Computational Linguistics, Peking University, Beijing , China",AAAI,2015,https://cdn.aaai.org/ojs/9530/9530-13-13058-1-2-20201228.pdf,Affiliation parsed from local first-page text extracted from paper PDF
AAAI-2015-A000842,Xiaojun Wan,China,"Institute of Computer Science and Technology, Peking University, Beijing , China The MOE Key Laboratory of Computational Linguistics, Peking University, Beijing , China",AAAI,2015,https://cdn.aaai.org/ojs/9530/9530-13-13058-1-2-20201228.pdf,Affiliation parsed from local first-page text extracted from paper PDF
AAAI-2015-A000843,Jianguo Xiao,China,"Institute of Computer Science and Technology, Peking University, Beijing , China The MOE Key Laboratory of Computational Linguistics, Peking University, Beijing , China",AAAI,2015,https://cdn.aaai.org/ojs/9530/9530-13-13058-1-2-20201228.pdf,Affiliation parsed from local first-page text extracted from paper PDF
AAAI-2015-A000844,Hadi Amiri,United States,Computational Linguistics and Information Processing (CLIP) Lab Institute for Advanced Computer Studies University of Maryland,AAAI,2015,https://cdn.aaai.org/ojs/9532/9532-13-13060-1-2-20201228.pdf,Affiliation parsed from local first-page text extracted from paper PDF
AAAI-2015-A000845,Hal Daume III,United States,Computational Linguistics and Information Processing (CLIP) Lab Institute for Advanced Computer Studies University of Maryland,AAAI,2015,https://cdn.aaai.org/ojs/9532/9532-13-13060-1-2-20201228.pdf,Affiliation parsed from local first-page text extracted from paper PDF
AAAI-2015-A000846,Chikara Hashimoto,Japan,"National Institute of Information and Communications Technology, Kyoto, - , Japan",AAAI,2015,https://cdn.aaai.org/ojs/9533/9533-13-13061-1-2-20201228.pdf,Affiliation parsed from local first-page text extracted from paper PDF
AAAI-2015-A000847,Kentaro Torisawa,Japan,"National Institute of Information and Communications Technology, Kyoto, - , Japan",AAAI,2015,https://cdn.aaai.org/ojs/9533/9533-13-13061-1-2-20201228.pdf,Affiliation parsed from local first-page text extracted from paper PDF
AAAI-2015-A000848,Julien Kloetzer,Japan,"National Institute of Information and Communications Technology, Kyoto, - , Japan",AAAI,2015,https://cdn.aaai.org/ojs/9533/9533-13-13061-1-2-20201228.pdf,Affiliation parsed from local first-page text extracted from paper PDF
AAAI-2015-A000849,Jong-Hoon Oh,Japan,"National Institute of Information and Communications Technology, Kyoto, - , Japan",AAAI,2015,https://cdn.aaai.org/ojs/9533/9533-13-13061-1-2-20201228.pdf,Affiliation parsed from local first-page text extracted from paper PDF
AAAI-2015-A000850,Grant DeLozier,United States,University of Texas at Austin Austin TX,AAAI,2015,https://cdn.aaai.org/ojs/9531/9531-13-13059-1-2-20201228.pdf,Affiliation parsed from local first-page text extracted from paper PDF; Country inferred from institution using local Ollama model
AAAI-2015-A000851,Jason Baldridge,United States,University of Texas at Austin Austin TX,AAAI,2015,https://cdn.aaai.org/ojs/9531/9531-13-13059-1-2-20201228.pdf,Affiliation parsed from local first-page text extracted from paper PDF; Country inferred from institution using local Ollama model
AAAI-2015-A000852,Loretta London,United States,University of Texas at Austin Austin TX,AAAI,2015,https://cdn.aaai.org/ojs/9531/9531-13-13059-1-2-20201228.pdf,Affiliation parsed from local first-page text extracted from paper PDF; Country inferred from institution using local Ollama model
AAAI-2015-A000853,Wei-Te Chen,United States,Department of Computer Science University of Colorado at Boulder,AAAI,2015,https://cdn.aaai.org/ojs/9534/9534-13-13062-1-2-20201228.pdf,Affiliation parsed from local first-page text extracted from paper PDF; Country inferred from institution using local Ollama model
AAAI-2015-A000854,Claire Bonial,United States,Department of Computer Science University of Colorado at Boulder,AAAI,2015,https://cdn.aaai.org/ojs/9534/9534-13-13062-1-2-20201228.pdf,Affiliation parsed from local first-page text extracted from paper PDF; Country inferred from institution using local Ollama model
AAAI-2015-A000855,Martha Palmer,United States,Department of Computer Science University of Colorado at Boulder,AAAI,2015,https://cdn.aaai.org/ojs/9534/9534-13-13062-1-2-20201228.pdf,Affiliation parsed from local first-page text extracted from paper PDF; Country inferred from institution using local Ollama model
AAAI-2015-A000856,Kai-Wei Chang,United States,Department of Computer Science University of Illinois at Urbana-Champaign,AAAI,2015,https://cdn.aaai.org/ojs/9535/9535-13-13063-1-2-20201228.pdf,Affiliation parsed from local first-page text extracted from paper PDF
AAAI-2015-A000857,Shyam Upadhyay,United States,Department of Computer Science University of Illinois at Urbana-Champaign,AAAI,2015,https://cdn.aaai.org/ojs/9535/9535-13-13063-1-2-20201228.pdf,Affiliation parsed from local first-page text extracted from paper PDF
AAAI-2015-A000858,Gourab Kundu,United States,Department of Computer Science University of Illinois at Urbana-Champaign,AAAI,2015,https://cdn.aaai.org/ojs/9535/9535-13-13063-1-2-20201228.pdf,Affiliation parsed from local first-page text extracted from paper PDF
AAAI-2015-A000859,Dan Roth,United States,Department of Computer Science University of Illinois at Urbana-Champaign,AAAI,2015,https://cdn.aaai.org/ojs/9535/9535-13-13063-1-2-20201228.pdf,Affiliation parsed from local first-page text extracted from paper PDF
AAAI-2015-A000860,Peter Schulam,United States,"Department of Computer Science Johns Hopkins University N. Charles St. Baltimore, MD",AAAI,2015,https://cdn.aaai.org/ojs/9537/9537-13-13065-1-2-20201228.pdf,Affiliation parsed from local first-page text extracted from paper PDF; Country inferred from institution using local Ollama model
AAAI-2015-A000861,Fredrick Wigley,United States,"Department of Computer Science Johns Hopkins University N. Charles St. Baltimore, MD",AAAI,2015,https://cdn.aaai.org/ojs/9537/9537-13-13065-1-2-20201228.pdf,Affiliation parsed from local first-page text extracted from paper PDF; Country inferred from institution using local Ollama model
AAAI-2015-A000862,Suchi Saria,United States,"Department of Computer Science Johns Hopkins University N. Charles St. Baltimore, MD",AAAI,2015,https://cdn.aaai.org/ojs/9537/9537-13-13065-1-2-20201228.pdf,Affiliation parsed from local first-page text extracted from paper PDF; Country inferred from institution using local Ollama model
AAAI-2015-A000863,Cheng Wan,China,"School of Software, Tsinghua University, Beijing, China Baidu Corporation, Beijing, China",AAAI,2015,https://cdn.aaai.org/ojs/9536/9536-13-13064-1-2-20201228.pdf,Affiliation parsed from local first-page text extracted from paper PDF
AAAI-2015-A000864,Xiaoming Jin,China,"School of Software, Tsinghua University, Beijing, China Baidu Corporation, Beijing, China",AAAI,2015,https://cdn.aaai.org/ojs/9536/9536-13-13064-1-2-20201228.pdf,Affiliation parsed from local first-page text extracted from paper PDF
AAAI-2015-A000865,Guiguang Ding,China,"School of Software, Tsinghua University, Beijing, China Baidu Corporation, Beijing, China",AAAI,2015,https://cdn.aaai.org/ojs/9536/9536-13-13064-1-2-20201228.pdf,Affiliation parsed from local first-page text extracted from paper PDF
AAAI-2015-A000866,Dou Shen,China,"School of Software, Tsinghua University, Beijing, China Baidu Corporation, Beijing, China",AAAI,2015,https://cdn.aaai.org/ojs/9536/9536-13-13064-1-2-20201228.pdf,Affiliation parsed from local first-page text extracted from paper PDF
AAAI-2015-A000867,Aniruddh Nath,United States,"Department of Computer Science and Engineering University of Washington Seattle, WA - , U.S.A.",AAAI,2015,https://cdn.aaai.org/ojs/9538/9538-13-13066-1-2-20201228.pdf,Affiliation parsed from local first-page text extracted from paper PDF; Country inferred from institution using local Ollama model
AAAI-2015-A000868,Pedro Domingos,United States,"Department of Computer Science and Engineering University of Washington Seattle, WA - , U.S.A.",AAAI,2015,https://cdn.aaai.org/ojs/9538/9538-13-13066-1-2-20201228.pdf,Affiliation parsed from local first-page text extracted from paper PDF; Country inferred from institution using local Ollama model
AAAI-2015-A000869,Zhouyu Fu,Australia,"School of Computing, Engineering & Mathematics, University of Western Sydney, NSW, Australia",AAAI,2015,https://cdn.aaai.org/ojs/9539/9539-13-13067-1-2-20201228.pdf,Affiliation parsed from local first-page text extracted from paper PDF
AAAI-2015-A000870,Feifei Pan,United States,"New York Institute of Technology, New York, NY, USA",AAAI,2015,https://cdn.aaai.org/ojs/9539/9539-13-13067-1-2-20201228.pdf,Affiliation parsed from local first-page text extracted from paper PDF
AAAI-2015-A000871,Cheng Deng,China,"School of Electronic Engineering, Xidian University, Xi’an, China",AAAI,2015,https://cdn.aaai.org/ojs/9539/9539-13-13067-1-2-20201228.pdf,Affiliation parsed from local first-page text extracted from paper PDF
AAAI-2015-A000872,Wei Liu,United States,"IBM T. J. Watson Research Center, Yorktown Heights, NY, USA",AAAI,2015,https://cdn.aaai.org/ojs/9539/9539-13-13067-1-2-20201228.pdf,Affiliation parsed from local first-page text extracted from paper PDF
AAAI-2015-A000873,Patrick MacAlpine,United States,"Department of Computer Science The University of Texas at Austin Austin, TX , USA",AAAI,2015,https://cdn.aaai.org/ojs/9540/9540-13-13068-1-2-20201228.pdf,Affiliation parsed from local first-page text extracted from paper PDF
AAAI-2015-A000874,Mike Depinet,United States,"Department of Computer Science The University of Texas at Austin Austin, TX , USA",AAAI,2015,https://cdn.aaai.org/ojs/9540/9540-13-13068-1-2-20201228.pdf,Affiliation parsed from local first-page text extracted from paper PDF
AAAI-2015-A000875,Peter Stone,United States,"Department of Computer Science The University of Texas at Austin Austin, TX , USA",AAAI,2015,https://cdn.aaai.org/ojs/9540/9540-13-13068-1-2-20201228.pdf,Affiliation parsed from local first-page text extracted from paper PDF
AAAI-2015-A000876,Philip Thomas,United States | France,"Adobe Research, University of Massachusetts Amherst, INRIA Lille",AAAI,2015,https://cdn.aaai.org/ojs/9541/9541-13-13069-1-2-20201228.pdf,Affiliation parsed from local first-page text extracted from paper PDF; Country inferred from institution using local Ollama model
AAAI-2015-A000877,Georgios Theocharous,United States | France,"Adobe Research, University of Massachusetts Amherst, INRIA Lille",AAAI,2015,https://cdn.aaai.org/ojs/9541/9541-13-13069-1-2-20201228.pdf,Affiliation parsed from local first-page text extracted from paper PDF; Country inferred from institution using local Ollama model
AAAI-2015-A000878,Mohammad Ghavamzadeh,United States | France,"Adobe Research, University of Massachusetts Amherst, INRIA Lille",AAAI,2015,https://cdn.aaai.org/ojs/9541/9541-13-13069-1-2-20201228.pdf,Affiliation parsed from local first-page text extracted from paper PDF; Country inferred from institution using local Ollama model
AAAI-2015-A000879,Kun Zhang,Germany,UNKNOWN,AAAI,2015,https://aaai.org/papers/9542-multi-source-domain-adaptation-a-causal-view/,Parsed from AAAI track pages or OJS issues; affiliation enrichment pending from PDF first pages; Country inferred from full first-page text using local Ollama model
AAAI-2015-A000880,Mingming Gong,Australia,UNKNOWN,AAAI,2015,https://aaai.org/papers/9542-multi-source-domain-adaptation-a-causal-view/,Parsed from AAAI track pages or OJS issues; affiliation enrichment pending from PDF first pages; Country inferred from full first-page text using local Ollama model
AAAI-2015-A000881,Bernhard Schoelkopf,Germany,UNKNOWN,AAAI,2015,https://aaai.org/papers/9542-multi-source-domain-adaptation-a-causal-view/,Parsed from AAAI track pages or OJS issues; affiliation enrichment pending from PDF first pages; Country inferred from full first-page text using local Ollama model
AAAI-2015-A000882,Mingdong Ou,UNKNOWN,UNKNOWN,AAAI,2015,https://aaai.org/papers/9543-probabilistic-attributed-hashing/,Parsed from AAAI track pages or OJS issues; affiliation enrichment pending from PDF first pages
AAAI-2015-A000883,Peng Cui,UNKNOWN,UNKNOWN,AAAI,2015,https://aaai.org/papers/9543-probabilistic-attributed-hashing/,Parsed from AAAI track pages or OJS issues; affiliation enrichment pending from PDF first pages
AAAI-2015-A000884,Jun Wang,United States,"Data Science, Alibaba Group, Seattle, WA, USA.",AAAI,2015,https://cdn.aaai.org/ojs/9543/9543-13-13071-1-2-20201228.pdf,Affiliation parsed from local first-page text extracted from paper PDF
AAAI-2015-A000885,Fei Wang,United States,"Department of Computer Science and Engineering, University of Connecticut. Storrs, CT. USA.",AAAI,2015,https://cdn.aaai.org/ojs/9543/9543-13-13071-1-2-20201228.pdf,Affiliation parsed from local first-page text extracted from paper PDF
AAAI-2015-A000886,Wenwu Zhu,UNKNOWN,UNKNOWN,AAAI,2015,https://aaai.org/papers/9543-probabilistic-attributed-hashing/,Parsed from AAAI track pages or OJS issues; affiliation enrichment pending from PDF first pages
AAAI-2015-A000887,Kibok Lee,South Korea,"Department of Electrical Engineering, KAIST, Daejeon, Korea | Samsung Electronics DMC R&D Center, Suwon, Korea",AAAI,2015,https://cdn.aaai.org/ojs/9544/9544-13-13072-1-2-20201228.pdf,Affiliation parsed from local first-page text extracted from paper PDF
AAAI-2015-A000888,Junmo Kim,South Korea,"Department of Electrical Engineering, KAIST, Daejeon, Korea",AAAI,2015,https://cdn.aaai.org/ojs/9544/9544-13-13072-1-2-20201228.pdf,Affiliation parsed from local first-page text extracted from paper PDF
AAAI-2015-A000889,Xinwang Liu,China,UNKNOWN,AAAI,2015,https://aaai.org/papers/9545-absent-multiple-kernel-learning/,Parsed from AAAI track pages or OJS issues; affiliation enrichment pending from PDF first pages; Country inferred from full first-page text using local Ollama model
AAAI-2015-A000890,Lei Wang,Australia,UNKNOWN,AAAI,2015,https://aaai.org/papers/9545-absent-multiple-kernel-learning/,Parsed from AAAI track pages or OJS issues; affiliation enrichment pending from PDF first pages; Country inferred from full first-page text using local Ollama model
AAAI-2015-A000891,Jianping Yin,China,UNKNOWN,AAAI,2015,https://aaai.org/papers/9545-absent-multiple-kernel-learning/,Parsed from AAAI track pages or OJS issues; affiliation enrichment pending from PDF first pages; Country inferred from full first-page text using local Ollama model
AAAI-2015-A000892,Yong Dou,Australia,UNKNOWN,AAAI,2015,https://aaai.org/papers/9545-absent-multiple-kernel-learning/,Parsed from AAAI track pages or OJS issues; affiliation enrichment pending from PDF first pages; Country inferred from full first-page text using local Ollama model
AAAI-2015-A000893,Jian Zhang,Australia,UNKNOWN,AAAI,2015,https://aaai.org/papers/9545-absent-multiple-kernel-learning/,Parsed from AAAI track pages or OJS issues; affiliation enrichment pending from PDF first pages; Country inferred from full first-page text using local Ollama model
AAAI-2015-A000894,Rui Huang,Hong Kong,UNKNOWN,AAAI,2015,https://aaai.org/papers/9546-the-dynamic-chinese-restaurant-process-via-birth-and-death-processes/,Parsed from AAAI track pages or OJS issues; affiliation enrichment pending from PDF first pages; Country inferred from full first-page text using local Ollama model
AAAI-2015-A000895,Fengyuan Zhu,Hong Kong,UNKNOWN,AAAI,2015,https://aaai.org/papers/9546-the-dynamic-chinese-restaurant-process-via-birth-and-death-processes/,Parsed from AAAI track pages or OJS issues; affiliation enrichment pending from PDF first pages; Country inferred from full first-page text using local Ollama model
AAAI-2015-A000896,Pheng-Ann Heng,Hong Kong,UNKNOWN,AAAI,2015,https://aaai.org/papers/9546-the-dynamic-chinese-restaurant-process-via-birth-and-death-processes/,Parsed from AAAI track pages or OJS issues; affiliation enrichment pending from PDF first pages; Country inferred from full first-page text using local Ollama model
AAAI-2015-A000897,Svitlana Volkova,United States,"Center for Language and Speech Processing, Johns Hopkins University, Baltimore MD , USA",AAAI,2015,https://cdn.aaai.org/ojs/9507/9507-13-13035-1-2-20201228.pdf,Affiliation parsed from local first-page text extracted from paper PDF
AAAI-2015-A000898,Benjamin Van Durme,United States,"Center for Language and Speech Processing, Johns Hopkins University, Baltimore MD , USA",AAAI,2015,https://cdn.aaai.org/ojs/9507/9507-13-13035-1-2-20201228.pdf,Affiliation parsed from local first-page text extracted from paper PDF
AAAI-2015-A000899,Yang Liu,China,UNKNOWN,AAAI,2015,https://aaai.org/papers/9508-contrastive-unsupervised-word-alignment-with-non-local-features/,Parsed from AAAI track pages or OJS issues; affiliation enrichment pending from PDF first pages; Country inferred from full first-page text using local Ollama model
AAAI-2015-A000900,Maosong Sun,China,UNKNOWN,AAAI,2015,https://aaai.org/papers/9508-contrastive-unsupervised-word-alignment-with-non-local-features/,Parsed from AAAI track pages or OJS issues; affiliation enrichment pending from PDF first pages; Country inferred from full first-page text using local Ollama model
AAAI-2015-A000901,Emmanuel Lassalle,France,UNKNOWN,AAAI,2015,https://aaai.org/papers/9510-joint-anaphoricity-detection-and-coreference-resolution-with-constrained-latent-structures/,Parsed from AAAI track pages or OJS issues; affiliation enrichment pending from PDF first pages; Country inferred from full first-page text using local Ollama model
AAAI-2015-A000902,Pascal Denis,France,UNKNOWN,AAAI,2015,https://aaai.org/papers/9510-joint-anaphoricity-detection-and-coreference-resolution-with-constrained-latent-structures/,Parsed from AAAI track pages or OJS issues; affiliation enrichment pending from PDF first pages; Country inferred from full first-page text using local Ollama model
AAAI-2015-A000903,Jun Xie,United States,"School of Electrical Engineering and Computer Science, Oregon State University",AAAI,2015,https://cdn.aaai.org/ojs/9509/9509-13-13037-1-2-20201228.pdf,Affiliation parsed from local first-page text extracted from paper PDF; Country inferred from institution using local Ollama model
AAAI-2015-A000904,Chao Ma,United States,"School of Electrical Engineering and Computer Science, Oregon State University",AAAI,2015,https://cdn.aaai.org/ojs/9509/9509-13-13037-1-2-20201228.pdf,Affiliation parsed from local first-page text extracted from paper PDF; Country inferred from institution using local Ollama model
AAAI-2015-A000905,Janardhan Rao Doppa,United States,"School of Electrical Engineering and Computer Science, Oregon State University",AAAI,2015,https://cdn.aaai.org/ojs/9509/9509-13-13037-1-2-20201228.pdf,Affiliation parsed from local first-page text extracted from paper PDF; Country inferred from institution using local Ollama model
AAAI-2015-A000906,Prashanth Mannem,United States,"School of Electrical Engineering and Computer Science, Oregon State University",AAAI,2015,https://cdn.aaai.org/ojs/9509/9509-13-13037-1-2-20201228.pdf,Affiliation parsed from local first-page text extracted from paper PDF; Country inferred from institution using local Ollama model
AAAI-2015-A000907,Xiaoli Fern,United States,"School of Electrical Engineering and Computer Science, Oregon State University",AAAI,2015,https://cdn.aaai.org/ojs/9509/9509-13-13037-1-2-20201228.pdf,Affiliation parsed from local first-page text extracted from paper PDF; Country inferred from institution using local Ollama model
AAAI-2015-A000908,Thomas G. Dietterich,United States,"School of Electrical Engineering and Computer Science, Oregon State University",AAAI,2015,https://cdn.aaai.org/ojs/9509/9509-13-13037-1-2-20201228.pdf,Affiliation parsed from local first-page text extracted from paper PDF; Country inferred from institution using local Ollama model
AAAI-2015-A000909,Prasad Tadepalli,United States,"School of Electrical Engineering and Computer Science, Oregon State University",AAAI,2015,https://cdn.aaai.org/ojs/9509/9509-13-13037-1-2-20201228.pdf,Affiliation parsed from local first-page text extracted from paper PDF; Country inferred from institution using local Ollama model
AAAI-2015-A000910,Devendra Chaplot,South Korea,UNKNOWN,AAAI,2015,https://aaai.org/papers/9511-unsupervised-word-sense-disambiguation-using-markov-random-field-and-dependency-parser/,Parsed from AAAI track pages or OJS issues; affiliation enrichment pending from PDF first pages; Country inferred from full first-page text using local Ollama model
AAAI-2015-A000911,Pushpak Bhattacharyya,India,UNKNOWN,AAAI,2015,https://aaai.org/papers/9511-unsupervised-word-sense-disambiguation-using-markov-random-field-and-dependency-parser/,Parsed from AAAI track pages or OJS issues; affiliation enrichment pending from PDF first pages; Country inferred from full first-page text using local Ollama model
AAAI-2015-A000912,Ashwin Paranjape,United States,UNKNOWN,AAAI,2015,https://aaai.org/papers/9511-unsupervised-word-sense-disambiguation-using-markov-random-field-and-dependency-parser/,Parsed from AAAI track pages or OJS issues; affiliation enrichment pending from PDF first pages; Country inferred from full first-page text using local Ollama model
AAAI-2015-A000913,Ran Xu,United States,Dept. of Computer Science,AAAI,2015,https://cdn.aaai.org/ojs/9512/9512-13-13040-1-2-20201228.pdf,Affiliation parsed from local first-page text extracted from paper PDF; Country inferred from full first-page text using local Ollama model
AAAI-2015-A000914,Caiming Xiong,United States,Dept. of Computer Science,AAAI,2015,https://cdn.aaai.org/ojs/9512/9512-13-13040-1-2-20201228.pdf,Affiliation parsed from local first-page text extracted from paper PDF; Country inferred from full first-page text using local Ollama model
AAAI-2015-A000915,Wei Chen,United States,Dept. of Computer Science,AAAI,2015,https://cdn.aaai.org/ojs/9512/9512-13-13040-1-2-20201228.pdf,Affiliation parsed from local first-page text extracted from paper PDF; Country inferred from full first-page text using local Ollama model
AAAI-2015-A000916,Jason Corso,United States,Dept. of Computer Science,AAAI,2015,https://cdn.aaai.org/ojs/9512/9512-13-13040-1-2-20201228.pdf,Affiliation parsed from local first-page text extracted from paper PDF; Country inferred from full first-page text using local Ollama model
AAAI-2015-A000917,Siwei Lai,China,"National Laboratory of Pattern Recognition (NLPR) Institute of Automation, Chinese Academy of Sciences, China",AAAI,2015,https://cdn.aaai.org/ojs/9513/9513-13-13041-1-2-20201228.pdf,Affiliation parsed from local first-page text extracted from paper PDF
AAAI-2015-A000918,Liheng Xu,China,"National Laboratory of Pattern Recognition (NLPR) Institute of Automation, Chinese Academy of Sciences, China",AAAI,2015,https://cdn.aaai.org/ojs/9513/9513-13-13041-1-2-20201228.pdf,Affiliation parsed from local first-page text extracted from paper PDF
AAAI-2015-A000919,Kang Liu,China,"National Laboratory of Pattern Recognition (NLPR) Institute of Automation, Chinese Academy of Sciences, China",AAAI,2015,https://cdn.aaai.org/ojs/9513/9513-13-13041-1-2-20201228.pdf,Affiliation parsed from local first-page text extracted from paper PDF
AAAI-2015-A000920,Jun Zhao,China,"National Laboratory of Pattern Recognition (NLPR) Institute of Automation, Chinese Academy of Sciences, China",AAAI,2015,https://cdn.aaai.org/ojs/9513/9513-13-13041-1-2-20201228.pdf,Affiliation parsed from local first-page text extracted from paper PDF
AAAI-2015-A000921,Zsolt Bitvai,United Kingdom,University of Shefﬁeld,AAAI,2015,https://cdn.aaai.org/ojs/9515/9515-13-13043-1-2-20201228.pdf,Affiliation parsed from local first-page text extracted from paper PDF; Country inferred from institution using local Ollama model
AAAI-2015-A000922,Trevor Cohn,United Kingdom,University of Shefﬁeld,AAAI,2015,https://cdn.aaai.org/ojs/9515/9515-13-13043-1-2-20201228.pdf,Affiliation parsed from local first-page text extracted from paper PDF; Country inferred from institution using local Ollama model
AAAI-2015-A000923,Andrei Simion,United States,UNKNOWN,AAAI,2015,https://aaai.org/papers/9514-a-family-of-latent-variable-convex-relaxations-for-ibm-model-2/,Parsed from AAAI track pages or OJS issues; affiliation enrichment pending from PDF first pages; Country inferred from full first-page text using local Ollama model
AAAI-2015-A000924,Michael Collins,United States,UNKNOWN,AAAI,2015,https://aaai.org/papers/9514-a-family-of-latent-variable-convex-relaxations-for-ibm-model-2/,Parsed from AAAI track pages or OJS issues; affiliation enrichment pending from PDF first pages; Country inferred from full first-page text using local Ollama model
AAAI-2015-A000925,Cliff Stein,United States,UNKNOWN,AAAI,2015,https://aaai.org/papers/9514-a-family-of-latent-variable-convex-relaxations-for-ibm-model-2/,Parsed from AAAI track pages or OJS issues; affiliation enrichment pending from PDF first pages; Country inferred from full first-page text using local Ollama model
AAAI-2015-A000926,Junyi Li,United States,University of Pennsylvania,AAAI,2015,https://cdn.aaai.org/ojs/9517/9517-13-13045-1-2-20201228.pdf,Affiliation parsed from local first-page text extracted from paper PDF; Country inferred from institution using local Ollama model
AAAI-2015-A000927,Ani Nenkova,United States,University of Pennsylvania,AAAI,2015,https://cdn.aaai.org/ojs/9517/9517-13-13045-1-2-20201228.pdf,Affiliation parsed from local first-page text extracted from paper PDF; Country inferred from institution using local Ollama model
AAAI-2015-A000928,Dan Garrette,United States,UNKNOWN,AAAI,2015,https://aaai.org/papers/9516-weakly-supervised-grammar-informed-bayesian-ccg-parser-learning/,Parsed from AAAI track pages or OJS issues; affiliation enrichment pending from PDF first pages; Country inferred from full first-page text using local Ollama model
AAAI-2015-A000929,Chris Dyer,United States,UNKNOWN,AAAI,2015,https://aaai.org/papers/9516-weakly-supervised-grammar-informed-bayesian-ccg-parser-learning/,Parsed from AAAI track pages or OJS issues; affiliation enrichment pending from PDF first pages; Country inferred from full first-page text using local Ollama model
AAAI-2015-A000930,Jason Baldridge,United States,UNKNOWN,AAAI,2015,https://aaai.org/papers/9516-weakly-supervised-grammar-informed-bayesian-ccg-parser-learning/,Parsed from AAAI track pages or OJS issues; affiliation enrichment pending from PDF first pages; Country inferred from full first-page text using local Ollama model
AAAI-2015-A000931,Noah Smith,United States,UNKNOWN,AAAI,2015,https://aaai.org/papers/9516-weakly-supervised-grammar-informed-bayesian-ccg-parser-learning/,Parsed from AAAI track pages or OJS issues; affiliation enrichment pending from PDF first pages; Country inferred from full first-page text using local Ollama model
AAAI-2015-A000932,Seungyeon Kim,United States,"∗ College of Computing, Georgia Institute of Technology, Atlanta, GA, USA Amazon, Seattle, WA, USA",AAAI,2015,https://cdn.aaai.org/ojs/9518/9518-13-13046-1-2-20201228.pdf,Affiliation parsed from local first-page text extracted from paper PDF
AAAI-2015-A000933,Joonseok Lee,United States,"∗ College of Computing, Georgia Institute of Technology, Atlanta, GA, USA Amazon, Seattle, WA, USA",AAAI,2015,https://cdn.aaai.org/ojs/9518/9518-13-13046-1-2-20201228.pdf,Affiliation parsed from local first-page text extracted from paper PDF
AAAI-2015-A000934,Guy Lebanon,United States,"∗ College of Computing, Georgia Institute of Technology, Atlanta, GA, USA Amazon, Seattle, WA, USA",AAAI,2015,https://cdn.aaai.org/ojs/9518/9518-13-13046-1-2-20201228.pdf,Affiliation parsed from local first-page text extracted from paper PDF
AAAI-2015-A000935,Haesun Park,United States,"∗ College of Computing, Georgia Institute of Technology, Atlanta, GA, USA Amazon, Seattle, WA, USA",AAAI,2015,https://cdn.aaai.org/ojs/9518/9518-13-13046-1-2-20201228.pdf,Affiliation parsed from local first-page text extracted from paper PDF
AAAI-2015-A000936,Ashequl Qadir,United States,University of Utah,AAAI,2015,https://cdn.aaai.org/ojs/9519/9519-13-13047-1-2-20201228.pdf,Affiliation parsed from local first-page text extracted from paper PDF; Country inferred from institution using local Ollama model
AAAI-2015-A000937,Pablo Mendes,United States,University of Utah,AAAI,2015,https://cdn.aaai.org/ojs/9519/9519-13-13047-1-2-20201228.pdf,Affiliation parsed from local first-page text extracted from paper PDF; Country inferred from institution using local Ollama model
AAAI-2015-A000938,Daniel Gruhl,United States,University of Utah,AAAI,2015,https://cdn.aaai.org/ojs/9519/9519-13-13047-1-2-20201228.pdf,Affiliation parsed from local first-page text extracted from paper PDF; Country inferred from institution using local Ollama model
AAAI-2015-A000939,Neal Lewis,United States,University of Utah,AAAI,2015,https://cdn.aaai.org/ojs/9519/9519-13-13047-1-2-20201228.pdf,Affiliation parsed from local first-page text extracted from paper PDF; Country inferred from institution using local Ollama model
AAAI-2015-A000940,Chen Chen,China,UNKNOWN,AAAI,2015,https://aaai.org/papers/9520-chinese-common-noun-phrase-resolution-an-unsupervised-probabilistic-model-rivaling-supervised-resolvers/,Parsed from AAAI track pages or OJS issues; affiliation enrichment pending from PDF first pages; Country inferred from full first-page text using local Ollama model
AAAI-2015-A000941,Vincent Ng,United States,UNKNOWN,AAAI,2015,https://aaai.org/papers/9520-chinese-common-noun-phrase-resolution-an-unsupervised-probabilistic-model-rivaling-supervised-resolvers/,Parsed from AAAI track pages or OJS issues; affiliation enrichment pending from PDF first pages; Country inferred from full first-page text using local Ollama model
AAAI-2015-A000942,Yassine Mrabet,Luxembourg,UNKNOWN,AAAI,2015,https://aaai.org/papers/9521-towards-knowledge-driven-annotation/,Parsed from AAAI track pages or OJS issues; affiliation enrichment pending from PDF first pages; Country inferred from full first-page text using local Ollama model
AAAI-2015-A000943,Claire Gardent,France,UNKNOWN,AAAI,2015,https://aaai.org/papers/9521-towards-knowledge-driven-annotation/,Parsed from AAAI track pages or OJS issues; affiliation enrichment pending from PDF first pages; Country inferred from full first-page text using local Ollama model
AAAI-2015-A000944,Muriel Foulonneau,Luxembourg,UNKNOWN,AAAI,2015,https://aaai.org/papers/9521-towards-knowledge-driven-annotation/,Parsed from AAAI track pages or OJS issues; affiliation enrichment pending from PDF first pages; Country inferred from full first-page text using local Ollama model
AAAI-2015-A000945,Elena Simperl,United Kingdom,UNKNOWN,AAAI,2015,https://aaai.org/papers/9521-towards-knowledge-driven-annotation/,Parsed from AAAI track pages or OJS issues; affiliation enrichment pending from PDF first pages; Country inferred from full first-page text using local Ollama model
AAAI-2015-A000946,Eric Ras,Luxembourg,UNKNOWN,AAAI,2015,https://aaai.org/papers/9521-towards-knowledge-driven-annotation/,Parsed from AAAI track pages or OJS issues; affiliation enrichment pending from PDF first pages; Country inferred from full first-page text using local Ollama model
AAAI-2015-A000947,Yang Liu,China,"Department of Computer Science and Technology, State Key Lab on Intelligent Technology and Systems",AAAI,2015,https://cdn.aaai.org/ojs/9522/9522-13-13050-1-2-20201228.pdf,Affiliation parsed from local first-page text extracted from paper PDF; Country inferred from institution using local Ollama model
AAAI-2015-A000948,Zhiyuan Liu,China,"Department of Computer Science and Technology, State Key Lab on Intelligent Technology and Systems",AAAI,2015,https://cdn.aaai.org/ojs/9522/9522-13-13050-1-2-20201228.pdf,Affiliation parsed from local first-page text extracted from paper PDF; Country inferred from institution using local Ollama model
AAAI-2015-A000949,Tat-Seng Chua,Singapore,"School of Computing, National University of Singapore, Singapore",AAAI,2015,https://cdn.aaai.org/ojs/9522/9522-13-13050-1-2-20201228.pdf,Affiliation parsed from local first-page text extracted from paper PDF
AAAI-2015-A000950,Maosong Sun,China,"Department of Computer Science and Technology, State Key Lab on Intelligent Technology and Systems | Jiangsu Collaborative Innovation Center for Language Competence, Jiangsu , China",AAAI,2015,https://cdn.aaai.org/ojs/9522/9522-13-13050-1-2-20201228.pdf,Affiliation parsed from local first-page text extracted from paper PDF
AAAI-2015-A000951,Likun Qiu,Singapore,"Singapore University of Technology and Design Dover Drive, Singapore",AAAI,2015,https://cdn.aaai.org/ojs/9523/9523-13-13051-1-2-20201228.pdf,Affiliation parsed from local first-page text extracted from paper PDF
AAAI-2015-A000952,Yue Zhang,Singapore,"Singapore University of Technology and Design Dover Drive, Singapore",AAAI,2015,https://cdn.aaai.org/ojs/9523/9523-13-13051-1-2-20201228.pdf,Affiliation parsed from local first-page text extracted from paper PDF
AAAI-2015-A000953,Anders Søgaard,Denmark,"Center for Language Technology, University of Copenhagen, Denmark",AAAI,2015,https://cdn.aaai.org/ojs/9524/9524-13-13052-1-2-20201228.pdf,Affiliation parsed from local first-page text extracted from paper PDF; Country inferred from institution using local Ollama model
AAAI-2015-A000954,Barbara Plank,Denmark,"Center for Language Technology, University of Copenhagen, Denmark",AAAI,2015,https://cdn.aaai.org/ojs/9524/9524-13-13052-1-2-20201228.pdf,Affiliation parsed from local first-page text extracted from paper PDF; Country inferred from institution using local Ollama model
AAAI-2015-A000955,Hector Alonso,Denmark,"Center for Language Technology, University of Copenhagen, Denmark",AAAI,2015,https://cdn.aaai.org/ojs/9524/9524-13-13052-1-2-20201228.pdf,Affiliation parsed from local first-page text extracted from paper PDF; Country inferred from institution using local Ollama model
AAAI-2015-A000956,Deyu Zhou,China,"School of Computer Science and Engineering Southeast University, China",AAAI,2015,https://cdn.aaai.org/ojs/9526/9526-13-13054-1-2-20201228.pdf,Affiliation parsed from local first-page text extracted from paper PDF
AAAI-2015-A000957,Liangyu Chen,China,"School of Computer Science and Engineering Southeast University, China",AAAI,2015,https://cdn.aaai.org/ojs/9526/9526-13-13054-1-2-20201228.pdf,Affiliation parsed from local first-page text extracted from paper PDF
AAAI-2015-A000958,Yulan He,China,"School of Computer Science and Engineering Southeast University, China",AAAI,2015,https://cdn.aaai.org/ojs/9526/9526-13-13054-1-2-20201228.pdf,Affiliation parsed from local first-page text extracted from paper PDF
AAAI-2015-A000959,Huayi Li,United States | Singapore,"Department of Computer Science University of Illinois at Chicago, IL, USA Department of Computer Science University of Houston, TX, USA Institute for Infocomm Research, Singapore",AAAI,2015,https://cdn.aaai.org/ojs/9525/9525-13-13053-1-2-20201228.pdf,Affiliation parsed from local first-page text extracted from paper PDF
AAAI-2015-A000960,Arjun Mukherjee,United States | Singapore,"Department of Computer Science University of Illinois at Chicago, IL, USA Department of Computer Science University of Houston, TX, USA Institute for Infocomm Research, Singapore",AAAI,2015,https://cdn.aaai.org/ojs/9525/9525-13-13053-1-2-20201228.pdf,Affiliation parsed from local first-page text extracted from paper PDF
AAAI-2015-A000961,Jianfeng Si,United States | Singapore,"Department of Computer Science University of Illinois at Chicago, IL, USA Department of Computer Science University of Houston, TX, USA Institute for Infocomm Research, Singapore",AAAI,2015,https://cdn.aaai.org/ojs/9525/9525-13-13053-1-2-20201228.pdf,Affiliation parsed from local first-page text extracted from paper PDF
AAAI-2015-A000962,Bing Liu,United States | Singapore,"Department of Computer Science University of Illinois at Chicago, IL, USA Department of Computer Science University of Houston, TX, USA Institute for Infocomm Research, Singapore",AAAI,2015,https://cdn.aaai.org/ojs/9525/9525-13-13053-1-2-20201228.pdf,Affiliation parsed from local first-page text extracted from paper PDF
AAAI-2015-A000963,Jimmy Ren,China,Lenovo Research & Technology,AAAI,2015,https://cdn.aaai.org/ojs/9488/9488-13-13016-1-2-20201228.pdf,Affiliation parsed from local first-page text extracted from paper PDF; Country inferred from institution using local Ollama model
AAAI-2015-A000964,Li Xu,China,Lenovo Research & Technology,AAAI,2015,https://cdn.aaai.org/ojs/9488/9488-13-13016-1-2-20201228.pdf,Affiliation parsed from local first-page text extracted from paper PDF; Country inferred from institution using local Ollama model
AAAI-2015-A000965,Baharan Mirzasoleiman,Switzerland,UNKNOWN,AAAI,2015,https://aaai.org/papers/9486-lazier-than-lazy-greedy/,Parsed from AAAI track pages or OJS issues; affiliation enrichment pending from PDF first pages; Country inferred from full first-page text using local Ollama model
AAAI-2015-A000966,Ashwinkumar Badanidiyuru,United States,UNKNOWN,AAAI,2015,https://aaai.org/papers/9486-lazier-than-lazy-greedy/,Parsed from AAAI track pages or OJS issues; affiliation enrichment pending from PDF first pages; Country inferred from full first-page text using local Ollama model
AAAI-2015-A000967,Amin Karbasi,United States,UNKNOWN,AAAI,2015,https://aaai.org/papers/9486-lazier-than-lazy-greedy/,Parsed from AAAI track pages or OJS issues; affiliation enrichment pending from PDF first pages; Country inferred from full first-page text using local Ollama model
AAAI-2015-A000968,Jan Vondrak,United States,UNKNOWN,AAAI,2015,https://aaai.org/papers/9486-lazier-than-lazy-greedy/,Parsed from AAAI track pages or OJS issues; affiliation enrichment pending from PDF first pages; Country inferred from full first-page text using local Ollama model
AAAI-2015-A000969,Andreas Krause,Switzerland,UNKNOWN,AAAI,2015,https://aaai.org/papers/9486-lazier-than-lazy-greedy/,Parsed from AAAI track pages or OJS issues; affiliation enrichment pending from PDF first pages; Country inferred from full first-page text using local Ollama model
AAAI-2015-A000970,Song Feng,UNKNOWN,UNKNOWN,AAAI,2015,https://aaai.org/papers/9489-refer-to-as-relations-as-semantic-knowledge/,Parsed from AAAI track pages or OJS issues; affiliation enrichment pending from PDF first pages
AAAI-2015-A000971,Sujith Ravi,United States,"IBM T. J. Watson Research Center & Google Stony Brook University Mountain View, CA",AAAI,2015,https://cdn.aaai.org/ojs/9489/9489-13-13017-1-2-20201228.pdf,Affiliation parsed from local first-page text extracted from paper PDF; Country inferred from institution using local Ollama model
AAAI-2015-A000972,Ravi Kumar,United States,"IBM T. J. Watson Research Center & Google Stony Brook University Mountain View, CA",AAAI,2015,https://cdn.aaai.org/ojs/9489/9489-13-13017-1-2-20201228.pdf,Affiliation parsed from local first-page text extracted from paper PDF; Country inferred from institution using local Ollama model
AAAI-2015-A000973,Polina Kuznetsova,UNKNOWN,UNKNOWN,AAAI,2015,https://aaai.org/papers/9489-refer-to-as-relations-as-semantic-knowledge/,Parsed from AAAI track pages or OJS issues; affiliation enrichment pending from PDF first pages
AAAI-2015-A000974,Wei Liu,UNKNOWN,UNKNOWN,AAAI,2015,https://aaai.org/papers/9489-refer-to-as-relations-as-semantic-knowledge/,Parsed from AAAI track pages or OJS issues; affiliation enrichment pending from PDF first pages
AAAI-2015-A000975,Alexander Berg,UNKNOWN,UNKNOWN,AAAI,2015,https://aaai.org/papers/9489-refer-to-as-relations-as-semantic-knowledge/,Parsed from AAAI track pages or OJS issues; affiliation enrichment pending from PDF first pages
AAAI-2015-A000976,Tamara Berg,UNKNOWN,UNKNOWN,AAAI,2015,https://aaai.org/papers/9489-refer-to-as-relations-as-semantic-knowledge/,Parsed from AAAI track pages or OJS issues; affiliation enrichment pending from PDF first pages
AAAI-2015-A000977,Yejin Choi,UNKNOWN,UNKNOWN,AAAI,2015,https://aaai.org/papers/9489-refer-to-as-relations-as-semantic-knowledge/,Parsed from AAAI track pages or OJS issues; affiliation enrichment pending from PDF first pages
AAAI-2015-A000978,Ziqiang Cao,China,"Key Laboratory of Computational Linguistics, Peking University, MOE, China",AAAI,2015,https://cdn.aaai.org/ojs/9490/9490-13-13018-1-2-20201228.pdf,Affiliation parsed from local first-page text extracted from paper PDF
AAAI-2015-A000979,Furu Wei,China,"Microsoft Research, Beijing, China",AAAI,2015,https://cdn.aaai.org/ojs/9490/9490-13-13018-1-2-20201228.pdf,Affiliation parsed from local first-page text extracted from paper PDF
AAAI-2015-A000980,Li Dong,China,"Beihang University, Beijing, China",AAAI,2015,https://cdn.aaai.org/ojs/9490/9490-13-13018-1-2-20201228.pdf,Affiliation parsed from local first-page text extracted from paper PDF
AAAI-2015-A000981,Sujian Li,China,"Key Laboratory of Computational Linguistics, Peking University, MOE, China",AAAI,2015,https://cdn.aaai.org/ojs/9490/9490-13-13018-1-2-20201228.pdf,Affiliation parsed from local first-page text extracted from paper PDF
AAAI-2015-A000982,Ming Zhou,China,"Microsoft Research, Beijing, China",AAAI,2015,https://cdn.aaai.org/ojs/9490/9490-13-13018-1-2-20201228.pdf,Affiliation parsed from local first-page text extracted from paper PDF
AAAI-2015-A000983,Khang Lam,UNKNOWN,UNKNOWN,AAAI,2015,https://aaai.org/papers/9493-automatically-creating-a-large-number-of-new-bilingual-dictionaries/,Parsed from AAAI track pages or OJS issues; affiliation enrichment pending from PDF first pages
AAAI-2015-A000984,Feras Al Tarouti,United States,"Computer Science Department University of Colorado, USA",AAAI,2015,https://cdn.aaai.org/ojs/9493/9493-13-13021-1-2-20201228.pdf,Affiliation parsed from local first-page text extracted from paper PDF
AAAI-2015-A000985,Jugal Kalita,United States,"Computer Science Department University of Colorado, USA",AAAI,2015,https://cdn.aaai.org/ojs/9493/9493-13-13021-1-2-20201228.pdf,Affiliation parsed from local first-page text extracted from paper PDF
AAAI-2015-A000986,Yu Zhao,China,"Department of Computer Science and Technology, State Key Lab on Intelligent Technology and Systems",AAAI,2015,https://cdn.aaai.org/ojs/9492/9492-13-13020-1-2-20201228.pdf,Affiliation parsed from local first-page text extracted from paper PDF; Country inferred from institution using local Ollama model
AAAI-2015-A000987,Zhiyuan Liu,China,"Department of Computer Science and Technology, State Key Lab on Intelligent Technology and Systems",AAAI,2015,https://cdn.aaai.org/ojs/9492/9492-13-13020-1-2-20201228.pdf,Affiliation parsed from local first-page text extracted from paper PDF; Country inferred from institution using local Ollama model
AAAI-2015-A000988,Maosong Sun,China,"Department of Computer Science and Technology, State Key Lab on Intelligent Technology and Systems | Jiangsu Collaborative Innovation Center for Language Competence, Jiangsu , China",AAAI,2015,https://cdn.aaai.org/ojs/9492/9492-13-13020-1-2-20201228.pdf,Affiliation parsed from local first-page text extracted from paper PDF
AAAI-2015-A000989,Yankai Lin,China,"Department of Computer Science and Technology, State Key Lab on Intelligent Technology and Systems",AAAI,2015,https://cdn.aaai.org/ojs/9491/9491-13-13019-1-2-20201228.pdf,Affiliation parsed from local first-page text extracted from paper PDF; Country inferred from institution using local Ollama model
AAAI-2015-A000990,Zhiyuan Liu,China,"Department of Computer Science and Technology, State Key Lab on Intelligent Technology and Systems",AAAI,2015,https://cdn.aaai.org/ojs/9491/9491-13-13019-1-2-20201228.pdf,Affiliation parsed from local first-page text extracted from paper PDF; Country inferred from institution using local Ollama model
AAAI-2015-A000991,Maosong Sun,China,"Department of Computer Science and Technology, State Key Lab on Intelligent Technology and Systems | Jiangsu Collaborative Innovation Center for Language Competence, Jiangsu, China",AAAI,2015,https://cdn.aaai.org/ojs/9491/9491-13-13019-1-2-20201228.pdf,Affiliation parsed from local first-page text extracted from paper PDF
AAAI-2015-A000992,Yang Liu,China,"Samsung R&D Institute of China, Beijing, China",AAAI,2015,https://cdn.aaai.org/ojs/9491/9491-13-13019-1-2-20201228.pdf,Affiliation parsed from local first-page text extracted from paper PDF
AAAI-2015-A000993,Xuan Zhu,China,"Samsung R&D Institute of China, Beijing, China",AAAI,2015,https://cdn.aaai.org/ojs/9491/9491-13-13019-1-2-20201228.pdf,Affiliation parsed from local first-page text extracted from paper PDF
AAAI-2015-A000994,Danushka Bollegala,United Kingdom,UNKNOWN,AAAI,2015,https://aaai.org/papers/9494-learning-word-representations-from-relational-graphs/,Parsed from AAAI track pages or OJS issues; affiliation enrichment pending from PDF first pages; Country inferred from full first-page text using local Ollama model
AAAI-2015-A000995,Takanori Maehara,Japan,UNKNOWN,AAAI,2015,https://aaai.org/papers/9494-learning-word-representations-from-relational-graphs/,Parsed from AAAI track pages or OJS issues; affiliation enrichment pending from PDF first pages; Country inferred from full first-page text using local Ollama model
AAAI-2015-A000996,Yuichi Yoshida,Japan,UNKNOWN,AAAI,2015,https://aaai.org/papers/9494-learning-word-representations-from-relational-graphs/,Parsed from AAAI track pages or OJS issues; affiliation enrichment pending from PDF first pages; Country inferred from full first-page text using local Ollama model
AAAI-2015-A000997,Ken-ichi Kawarabayashi,Japan | United Kingdom,UNKNOWN,AAAI,2015,https://aaai.org/papers/9494-learning-word-representations-from-relational-graphs/,Parsed from AAAI track pages or OJS issues; affiliation enrichment pending from PDF first pages; Country inferred from full first-page text using local Ollama model
AAAI-2015-A000998,Rahul Jha,United States,"Department of EECS University of Michigan Ann Arbor, MI, Department of EECS & School of Information University of Michigan Ann Arbor, MI",AAAI,2015,https://cdn.aaai.org/ojs/9495/9495-13-13023-1-2-20201228.pdf,Affiliation parsed from local first-page text extracted from paper PDF
AAAI-2015-A000999,Reed Coke,United States,"Department of EECS University of Michigan Ann Arbor, MI, Department of EECS & School of Information University of Michigan Ann Arbor, MI",AAAI,2015,https://cdn.aaai.org/ojs/9495/9495-13-13023-1-2-20201228.pdf,Affiliation parsed from local first-page text extracted from paper PDF
AAAI-2015-A001000,Dragomir Radev,United States,"Department of EECS University of Michigan Ann Arbor, MI, Department of EECS & School of Information University of Michigan Ann Arbor, MI",AAAI,2015,https://cdn.aaai.org/ojs/9495/9495-13-13023-1-2-20201228.pdf,Affiliation parsed from local first-page text extracted from paper PDF
AAAI-2015-A001001,Zhaohui Wu,United States,"Pennsylvania State University, University Park, PA , USA",AAAI,2015,https://cdn.aaai.org/ojs/9496/9496-13-13024-1-2-20201228.pdf,Affiliation parsed from local first-page text extracted from paper PDF
AAAI-2015-A001002,C. Giles,United States,"Pennsylvania State University, University Park, PA , USA",AAAI,2015,https://cdn.aaai.org/ojs/9496/9496-13-13024-1-2-20201228.pdf,Affiliation parsed from local first-page text extracted from paper PDF
AAAI-2015-A001003,Changsong Liu,United States,UNKNOWN,AAAI,2015,https://aaai.org/papers/9497-learning-to-mediate-perceptual-differences-in-situated-human-robot-dialogue/,Parsed from AAAI track pages or OJS issues; affiliation enrichment pending from PDF first pages; Country inferred from full first-page text using local Ollama model
AAAI-2015-A001004,Joyce Chai,United States,UNKNOWN,AAAI,2015,https://aaai.org/papers/9497-learning-to-mediate-perceptual-differences-in-situated-human-robot-dialogue/,Parsed from AAAI track pages or OJS issues; affiliation enrichment pending from PDF first pages; Country inferred from full first-page text using local Ollama model
AAAI-2015-A001005,Tom Mitchell,UNKNOWN,UNKNOWN,AAAI,2015,https://aaai.org/papers/9498-never-ending-learning/,Parsed from AAAI track pages or OJS issues; affiliation enrichment pending from PDF first pages
AAAI-2015-A001006,William Cohen,UNKNOWN,UNKNOWN,AAAI,2015,https://aaai.org/papers/9498-never-ending-learning/,Parsed from AAAI track pages or OJS issues; affiliation enrichment pending from PDF first pages
AAAI-2015-A001007,Estevam Hruschka,UNKNOWN,UNKNOWN,AAAI,2015,https://aaai.org/papers/9498-never-ending-learning/,Parsed from AAAI track pages or OJS issues; affiliation enrichment pending from PDF first pages
AAAI-2015-A001008,Partha Talukdar,UNKNOWN,UNKNOWN,AAAI,2015,https://aaai.org/papers/9498-never-ending-learning/,Parsed from AAAI track pages or OJS issues; affiliation enrichment pending from PDF first pages
AAAI-2015-A001009,Justin Betteridge,UNKNOWN,UNKNOWN,AAAI,2015,https://aaai.org/papers/9498-never-ending-learning/,Parsed from AAAI track pages or OJS issues; affiliation enrichment pending from PDF first pages
AAAI-2015-A001010,Andrew Carlson,UNKNOWN,UNKNOWN,AAAI,2015,https://aaai.org/papers/9498-never-ending-learning/,Parsed from AAAI track pages or OJS issues; affiliation enrichment pending from PDF first pages
AAAI-2015-A001011,Bhavana Dalvi Mishra,UNKNOWN,UNKNOWN,AAAI,2015,https://aaai.org/papers/9498-never-ending-learning/,Parsed from AAAI track pages or OJS issues; affiliation enrichment pending from PDF first pages
AAAI-2015-A001012,Matthew Gardner,UNKNOWN,UNKNOWN,AAAI,2015,https://aaai.org/papers/9498-never-ending-learning/,Parsed from AAAI track pages or OJS issues; affiliation enrichment pending from PDF first pages
AAAI-2015-A001013,Bryan Kisiel,UNKNOWN,UNKNOWN,AAAI,2015,https://aaai.org/papers/9498-never-ending-learning/,Parsed from AAAI track pages or OJS issues; affiliation enrichment pending from PDF first pages
AAAI-2015-A001014,Jayant Krishnamurthy,UNKNOWN,UNKNOWN,AAAI,2015,https://aaai.org/papers/9498-never-ending-learning/,Parsed from AAAI track pages or OJS issues; affiliation enrichment pending from PDF first pages
AAAI-2015-A001015,Ni Lao,UNKNOWN,UNKNOWN,AAAI,2015,https://aaai.org/papers/9498-never-ending-learning/,Parsed from AAAI track pages or OJS issues; affiliation enrichment pending from PDF first pages
AAAI-2015-A001016,Kathryn Mazaitis,UNKNOWN,UNKNOWN,AAAI,2015,https://aaai.org/papers/9498-never-ending-learning/,Parsed from AAAI track pages or OJS issues; affiliation enrichment pending from PDF first pages
AAAI-2015-A001017,Thahir Mohamed,UNKNOWN,UNKNOWN,AAAI,2015,https://aaai.org/papers/9498-never-ending-learning/,Parsed from AAAI track pages or OJS issues; affiliation enrichment pending from PDF first pages
AAAI-2015-A001018,Ndapa Nakashole,UNKNOWN,UNKNOWN,AAAI,2015,https://aaai.org/papers/9498-never-ending-learning/,Parsed from AAAI track pages or OJS issues; affiliation enrichment pending from PDF first pages
AAAI-2015-A001019,Emmanouil Platanios,UNKNOWN,UNKNOWN,AAAI,2015,https://aaai.org/papers/9498-never-ending-learning/,Parsed from AAAI track pages or OJS issues; affiliation enrichment pending from PDF first pages
AAAI-2015-A001020,Alan Ritter,UNKNOWN,UNKNOWN,AAAI,2015,https://aaai.org/papers/9498-never-ending-learning/,Parsed from AAAI track pages or OJS issues; affiliation enrichment pending from PDF first pages
AAAI-2015-A001021,Mehdi Samadi,UNKNOWN,UNKNOWN,AAAI,2015,https://aaai.org/papers/9498-never-ending-learning/,Parsed from AAAI track pages or OJS issues; affiliation enrichment pending from PDF first pages
AAAI-2015-A001022,Burr Settles,UNKNOWN,UNKNOWN,AAAI,2015,https://aaai.org/papers/9498-never-ending-learning/,Parsed from AAAI track pages or OJS issues; affiliation enrichment pending from PDF first pages
AAAI-2015-A001023,Richard Wang,UNKNOWN,UNKNOWN,AAAI,2015,https://aaai.org/papers/9498-never-ending-learning/,Parsed from AAAI track pages or OJS issues; affiliation enrichment pending from PDF first pages
AAAI-2015-A001024,Derry Wijaya,UNKNOWN,UNKNOWN,AAAI,2015,https://aaai.org/papers/9498-never-ending-learning/,Parsed from AAAI track pages or OJS issues; affiliation enrichment pending from PDF first pages
AAAI-2015-A001025,Abhinav Gupta,UNKNOWN,UNKNOWN,AAAI,2015,https://aaai.org/papers/9498-never-ending-learning/,Parsed from AAAI track pages or OJS issues; affiliation enrichment pending from PDF first pages
AAAI-2015-A001026,Xinlei Chen,UNKNOWN,UNKNOWN,AAAI,2015,https://aaai.org/papers/9498-never-ending-learning/,Parsed from AAAI track pages or OJS issues; affiliation enrichment pending from PDF first pages
AAAI-2015-A001027,Abulhair Saparov,UNKNOWN,UNKNOWN,AAAI,2015,https://aaai.org/papers/9498-never-ending-learning/,Parsed from AAAI track pages or OJS issues; affiliation enrichment pending from PDF first pages
AAAI-2015-A001028,Malcolm Greaves,UNKNOWN,UNKNOWN,AAAI,2015,https://aaai.org/papers/9498-never-ending-learning/,Parsed from AAAI track pages or OJS issues; affiliation enrichment pending from PDF first pages
AAAI-2015-A001029,Joel Welling,UNKNOWN,UNKNOWN,AAAI,2015,https://aaai.org/papers/9498-never-ending-learning/,Parsed from AAAI track pages or OJS issues; affiliation enrichment pending from PDF first pages
AAAI-2015-A001030,Ziqiang Cao,China,"Key Laboratory of Computational Linguistics, Peking University, MOE, China",AAAI,2015,https://cdn.aaai.org/ojs/9499/9499-13-13027-1-2-20201228.pdf,Affiliation parsed from local first-page text extracted from paper PDF
AAAI-2015-A001031,Sujian Li,China,"Key Laboratory of Computational Linguistics, Peking University, MOE, China",AAAI,2015,https://cdn.aaai.org/ojs/9499/9499-13-13027-1-2-20201228.pdf,Affiliation parsed from local first-page text extracted from paper PDF
AAAI-2015-A001032,Yang Liu,China,"Key Laboratory of Computational Linguistics, Peking University, MOE, China",AAAI,2015,https://cdn.aaai.org/ojs/9499/9499-13-13027-1-2-20201228.pdf,Affiliation parsed from local first-page text extracted from paper PDF
AAAI-2015-A001033,Wenjie Li,Hong Kong,"Computing Department, Hong Kong Polytechnic University, Hong Kong",AAAI,2015,https://cdn.aaai.org/ojs/9499/9499-13-13027-1-2-20201228.pdf,Affiliation parsed from local first-page text extracted from paper PDF; Country inferred from institution using local Ollama model
AAAI-2015-A001034,Heng Ji,United States,"Computer Science Department, Rensselaer Polytechnic Institute, USA",AAAI,2015,https://cdn.aaai.org/ojs/9499/9499-13-13027-1-2-20201228.pdf,Affiliation parsed from local first-page text extracted from paper PDF
AAAI-2015-A001035,Yanchuan Sim,United States,UNKNOWN,AAAI,2015,https://aaai.org/papers/9500-the-utility-of-text-the-case-of-amicus-briefs-and-the-supreme-court/,Parsed from AAAI track pages or OJS issues; affiliation enrichment pending from PDF first pages; Country inferred from full first-page text using local Ollama model
AAAI-2015-A001036,Bryan Routledge,United States,UNKNOWN,AAAI,2015,https://aaai.org/papers/9500-the-utility-of-text-the-case-of-amicus-briefs-and-the-supreme-court/,Parsed from AAAI track pages or OJS issues; affiliation enrichment pending from PDF first pages; Country inferred from full first-page text using local Ollama model
AAAI-2015-A001037,Noah Smith,United States,UNKNOWN,AAAI,2015,https://aaai.org/papers/9500-the-utility-of-text-the-case-of-amicus-briefs-and-the-supreme-court/,Parsed from AAAI track pages or OJS issues; affiliation enrichment pending from PDF first pages; Country inferred from full first-page text using local Ollama model
AAAI-2015-A001038,Min Yang,Hong Kong,The University of Hong Kong,AAAI,2015,https://cdn.aaai.org/ojs/9501/9501-13-13029-1-2-20201228.pdf,Affiliation parsed from local first-page text extracted from paper PDF; Country inferred from institution using local Ollama model
AAAI-2015-A001039,Tianyi Cui,Hong Kong,The University of Hong Kong,AAAI,2015,https://cdn.aaai.org/ojs/9501/9501-13-13029-1-2-20201228.pdf,Affiliation parsed from local first-page text extracted from paper PDF; Country inferred from institution using local Ollama model
AAAI-2015-A001040,Wenting Tu,Hong Kong,The University of Hong Kong,AAAI,2015,https://cdn.aaai.org/ojs/9501/9501-13-13029-1-2-20201228.pdf,Affiliation parsed from local first-page text extracted from paper PDF; Country inferred from institution using local Ollama model
AAAI-2015-A001041,Lan Du,Australia,"Department of Computing, Macquarie University",AAAI,2015,https://cdn.aaai.org/ojs/9502/9502-13-13030-1-2-20201228.pdf,Affiliation parsed from local first-page text extracted from paper PDF; Country inferred from institution using local Ollama model
AAAI-2015-A001042,John Pate,Australia,"Department of Computing, Macquarie University",AAAI,2015,https://cdn.aaai.org/ojs/9502/9502-13-13030-1-2-20201228.pdf,Affiliation parsed from local first-page text extracted from paper PDF; Country inferred from institution using local Ollama model
AAAI-2015-A001043,Mark Johnson,Australia,"Department of Computing, Macquarie University",AAAI,2015,https://cdn.aaai.org/ojs/9502/9502-13-13030-1-2-20201228.pdf,Affiliation parsed from local first-page text extracted from paper PDF; Country inferred from institution using local Ollama model
AAAI-2015-A001044,Fangzhao Wu,United States | China,"Tsinghua National Laboratory for Information Science and Technology, Department of Electronic Engineering, Tsinghua University, Beijing, China University of Illinois at Urbana-Champaign, Urbana, IL, USA",AAAI,2015,https://cdn.aaai.org/ojs/9503/9503-13-13031-1-2-20201228.pdf,Affiliation parsed from local first-page text extracted from paper PDF
AAAI-2015-A001045,Yangqiu Song,United States | China,"Tsinghua National Laboratory for Information Science and Technology, Department of Electronic Engineering, Tsinghua University, Beijing, China University of Illinois at Urbana-Champaign, Urbana, IL, USA",AAAI,2015,https://cdn.aaai.org/ojs/9503/9503-13-13031-1-2-20201228.pdf,Affiliation parsed from local first-page text extracted from paper PDF
AAAI-2015-A001046,Yongfeng Huang,United States | China,"Tsinghua National Laboratory for Information Science and Technology, Department of Electronic Engineering, Tsinghua University, Beijing, China University of Illinois at Urbana-Champaign, Urbana, IL, USA",AAAI,2015,https://cdn.aaai.org/ojs/9503/9503-13-13031-1-2-20201228.pdf,Affiliation parsed from local first-page text extracted from paper PDF
AAAI-2015-A001047,Dishan Gupta,United States,UNKNOWN,AAAI,2015,https://aaai.org/papers/9504-unsupervised-phrasal-near-synonym-generation-from-text-corpora/,Parsed from AAAI track pages or OJS issues; affiliation enrichment pending from PDF first pages; Country inferred from full first-page text using local Ollama model
AAAI-2015-A001048,Jaime Carbonell,United States,UNKNOWN,AAAI,2015,https://aaai.org/papers/9504-unsupervised-phrasal-near-synonym-generation-from-text-corpora/,Parsed from AAAI track pages or OJS issues; affiliation enrichment pending from PDF first pages; Country inferred from full first-page text using local Ollama model
AAAI-2015-A001049,Anatole Gershman,United States,UNKNOWN,AAAI,2015,https://aaai.org/papers/9504-unsupervised-phrasal-near-synonym-generation-from-text-corpora/,Parsed from AAAI track pages or OJS issues; affiliation enrichment pending from PDF first pages; Country inferred from full first-page text using local Ollama model
AAAI-2015-A001050,Steve Klein,UNKNOWN,UNKNOWN,AAAI,2015,https://aaai.org/papers/9504-unsupervised-phrasal-near-synonym-generation-from-text-corpora/,Parsed from AAAI track pages or OJS issues; affiliation enrichment pending from PDF first pages
AAAI-2015-A001051,David Miller,UNKNOWN,UNKNOWN,AAAI,2015,https://aaai.org/papers/9504-unsupervised-phrasal-near-synonym-generation-from-text-corpora/,Parsed from AAAI track pages or OJS issues; affiliation enrichment pending from PDF first pages
AAAI-2015-A001052,Simone Filice,Italy,"( ) Dept. of Civil Engineering and Computer Science Engineering ( ) Dept. of Enterprise Engineering University of Roma, Tor Vergata, Italy",AAAI,2015,https://cdn.aaai.org/ojs/9505/9505-13-13033-1-2-20201228.pdf,Affiliation parsed from local first-page text extracted from paper PDF
AAAI-2015-A001053,Danilo Croce,Italy,"( ) Dept. of Civil Engineering and Computer Science Engineering ( ) Dept. of Enterprise Engineering University of Roma, Tor Vergata, Italy",AAAI,2015,https://cdn.aaai.org/ojs/9505/9505-13-13033-1-2-20201228.pdf,Affiliation parsed from local first-page text extracted from paper PDF
AAAI-2015-A001054,Roberto Basili,Italy,"( ) Dept. of Civil Engineering and Computer Science Engineering ( ) Dept. of Enterprise Engineering University of Roma, Tor Vergata, Italy",AAAI,2015,https://cdn.aaai.org/ojs/9505/9505-13-13033-1-2-20201228.pdf,Affiliation parsed from local first-page text extracted from paper PDF
AAAI-2015-A001055,Xingyuan Chen,China,"School of Computer Science, Leshan Normal University, Leshan , China",AAAI,2015,https://cdn.aaai.org/ojs/9506/9506-13-13034-1-2-20201228.pdf,Affiliation parsed from local first-page text extracted from paper PDF
AAAI-2015-A001056,Yunqing Xia,China,"School of Computer Science, Leshan Normal University, Leshan , China",AAAI,2015,https://cdn.aaai.org/ojs/9506/9506-13-13034-1-2-20201228.pdf,Affiliation parsed from local first-page text extracted from paper PDF
AAAI-2015-A001057,Peng Jin,China,"School of Computer Science, Leshan Normal University, Leshan , China",AAAI,2015,https://cdn.aaai.org/ojs/9506/9506-13-13034-1-2-20201228.pdf,Affiliation parsed from local first-page text extracted from paper PDF
AAAI-2015-A001058,John Carroll,China,"School of Computer Science, Leshan Normal University, Leshan , China",AAAI,2015,https://cdn.aaai.org/ojs/9506/9506-13-13034-1-2-20201228.pdf,Affiliation parsed from local first-page text extracted from paper PDF
AAAI-2015-A001059,Pengtao Xie,United States,UNKNOWN,AAAI,2015,https://aaai.org/papers/9467-mining-user-interests-from-personal-photos/,Parsed from AAAI track pages or OJS issues; affiliation enrichment pending from PDF first pages; Country inferred from full first-page text using local Ollama model
AAAI-2015-A001060,Yulong Pei,United States,UNKNOWN,AAAI,2015,https://aaai.org/papers/9467-mining-user-interests-from-personal-photos/,Parsed from AAAI track pages or OJS issues; affiliation enrichment pending from PDF first pages; Country inferred from full first-page text using local Ollama model
AAAI-2015-A001061,Yuan Xie,United States,UNKNOWN,AAAI,2015,https://aaai.org/papers/9467-mining-user-interests-from-personal-photos/,Parsed from AAAI track pages or OJS issues; affiliation enrichment pending from PDF first pages; Country inferred from full first-page text using local Ollama model
AAAI-2015-A001062,Eric Xing,United States,UNKNOWN,AAAI,2015,https://aaai.org/papers/9467-mining-user-interests-from-personal-photos/,Parsed from AAAI track pages or OJS issues; affiliation enrichment pending from PDF first pages; Country inferred from full first-page text using local Ollama model
AAAI-2015-A001063,Zheng Chen,United States | China,"Institute for Systems Biology, Jianghan University, Wuhan, Hubei , China. | Department of Computer Science and Engineering, Washington University in St. Louis, St. Louis, MO , USA.",AAAI,2015,https://cdn.aaai.org/ojs/9468/9468-13-12996-1-2-20201228.pdf,Affiliation parsed from local first-page text extracted from paper PDF
AAAI-2015-A001064,Minmin Chen,United States,"Criteo Lab, Palo Alto, CA, USA",AAAI,2015,https://cdn.aaai.org/ojs/9468/9468-13-12996-1-2-20201228.pdf,Affiliation parsed from local first-page text extracted from paper PDF
AAAI-2015-A001065,Kilian Weinberger,UNKNOWN,UNKNOWN,AAAI,2015,https://aaai.org/papers/9468-marginalized-denoising-for-link-prediction-and-multi-label-learning/,Parsed from AAAI track pages or OJS issues; affiliation enrichment pending from PDF first pages
AAAI-2015-A001066,Weixiong Zhang,United States | China,"Department of Computer Science and Engineering, Washington University in St. Louis, St. Louis, MO , USA. | Institute for Systems Biology, Jianghan University, Wuhan, Hubei , China.",AAAI,2015,https://cdn.aaai.org/ojs/9468/9468-13-12996-1-2-20201228.pdf,Affiliation parsed from local first-page text extracted from paper PDF
AAAI-2015-A001067,Zitao Liu,United States,"Computer Science Department University of Pittsburgh South Bouquet St., Pittsburgh, PA, USA",AAAI,2015,https://cdn.aaai.org/ojs/9469/9469-13-12997-1-2-20201228.pdf,Affiliation parsed from local first-page text extracted from paper PDF
AAAI-2015-A001068,Milos Hauskrecht,United States,"Computer Science Department University of Pittsburgh South Bouquet St., Pittsburgh, PA, USA",AAAI,2015,https://cdn.aaai.org/ojs/9469/9469-13-12997-1-2-20201228.pdf,Affiliation parsed from local first-page text extracted from paper PDF
AAAI-2015-A001069,Sarah Brown,United States,Charles Stark Draper Laboratory,AAAI,2015,https://cdn.aaai.org/ojs/9470/9470-13-12998-1-2-20201228.pdf,Affiliation parsed from local first-page text extracted from paper PDF; Country inferred from institution using local Ollama model
AAAI-2015-A001070,Andrea Webb,United States,Charles Stark Draper Laboratory,AAAI,2015,https://cdn.aaai.org/ojs/9470/9470-13-12998-1-2-20201228.pdf,Affiliation parsed from local first-page text extracted from paper PDF; Country inferred from institution using local Ollama model
AAAI-2015-A001071,Rami Mangoubi,United States,Charles Stark Draper Laboratory,AAAI,2015,https://cdn.aaai.org/ojs/9470/9470-13-12998-1-2-20201228.pdf,Affiliation parsed from local first-page text extracted from paper PDF; Country inferred from institution using local Ollama model
AAAI-2015-A001072,Jennifer Dy,United States,Charles Stark Draper Laboratory,AAAI,2015,https://cdn.aaai.org/ojs/9470/9470-13-12998-1-2-20201228.pdf,Affiliation parsed from local first-page text extracted from paper PDF; Country inferred from institution using local Ollama model
AAAI-2015-A001073,Jiazhen He,UNKNOWN,UNKNOWN,AAAI,2015,https://aaai.org/papers/9471-identifying-at-risk-students-in-massive-open-online-courses/,Parsed from AAAI track pages or OJS issues; affiliation enrichment pending from PDF first pages
AAAI-2015-A001074,James Bailey,UNKNOWN,UNKNOWN,AAAI,2015,https://aaai.org/papers/9471-identifying-at-risk-students-in-massive-open-online-courses/,Parsed from AAAI track pages or OJS issues; affiliation enrichment pending from PDF first pages
AAAI-2015-A001075,Benjamin Rubinstein,UNKNOWN,UNKNOWN,AAAI,2015,https://aaai.org/papers/9471-identifying-at-risk-students-in-massive-open-online-courses/,Parsed from AAAI track pages or OJS issues; affiliation enrichment pending from PDF first pages
AAAI-2015-A001076,Rui Zhang,Australia,"Department of Computing and Information Systems, The University of Melbourne, Australia ? Victoria Research Laboratory, National ICT Australia",AAAI,2015,https://cdn.aaai.org/ojs/9471/9471-13-12999-1-2-20201228.pdf,Affiliation parsed from local first-page text extracted from paper PDF
AAAI-2015-A001077,Shandian Zhe,United States,Department of Computer Science Purdue University Eli Lilly and Company,AAAI,2015,https://cdn.aaai.org/ojs/9473/9473-13-13001-1-2-20201228.pdf,Affiliation parsed from local first-page text extracted from paper PDF; Country inferred from institution using local Ollama model
AAAI-2015-A001078,Zenglin Xu,United States,Department of Computer Science Purdue University Eli Lilly and Company,AAAI,2015,https://cdn.aaai.org/ojs/9473/9473-13-13001-1-2-20201228.pdf,Affiliation parsed from local first-page text extracted from paper PDF; Country inferred from institution using local Ollama model
AAAI-2015-A001079,Yuan Qi,United States,Department of Computer Science Purdue University Eli Lilly and Company,AAAI,2015,https://cdn.aaai.org/ojs/9473/9473-13-13001-1-2-20201228.pdf,Affiliation parsed from local first-page text extracted from paper PDF; Country inferred from institution using local Ollama model
AAAI-2015-A001080,Peng Yu,United States,Department of Computer Science Purdue University Eli Lilly and Company,AAAI,2015,https://cdn.aaai.org/ojs/9473/9473-13-13001-1-2-20201228.pdf,Affiliation parsed from local first-page text extracted from paper PDF; Country inferred from institution using local Ollama model
AAAI-2015-A001081,Eric Wong,United States,School of Computer Science Carnegie Mellon University,AAAI,2015,https://cdn.aaai.org/ojs/9472/9472-13-13000-1-2-20201228.pdf,Affiliation parsed from local first-page text extracted from paper PDF
AAAI-2015-A001082,J. Zico Kolter,United States,School of Computer Science Carnegie Mellon University,AAAI,2015,https://cdn.aaai.org/ojs/9472/9472-13-13000-1-2-20201228.pdf,Affiliation parsed from local first-page text extracted from paper PDF
AAAI-2015-A001083,Been Kim,United States,"Massachusetts Institute of Technology, Google",AAAI,2015,https://cdn.aaai.org/ojs/9474/9474-13-13002-1-2-20201228.pdf,Affiliation parsed from local first-page text extracted from paper PDF; Country inferred from institution using local Ollama model
AAAI-2015-A001084,Kayur Patel,UNKNOWN,UNKNOWN,AAAI,2015,https://aaai.org/papers/9474-scalable-and-interpretable-data-representation-for-high-dimensional-complex-data/,Parsed from AAAI track pages or OJS issues; affiliation enrichment pending from PDF first pages
AAAI-2015-A001085,Afshin Rostamizadeh,UNKNOWN,UNKNOWN,AAAI,2015,https://aaai.org/papers/9474-scalable-and-interpretable-data-representation-for-high-dimensional-complex-data/,Parsed from AAAI track pages or OJS issues; affiliation enrichment pending from PDF first pages
AAAI-2015-A001086,Julie Shah,United States,"Massachusetts Institute of Technology, Google",AAAI,2015,https://cdn.aaai.org/ojs/9474/9474-13-13002-1-2-20201228.pdf,Affiliation parsed from local first-page text extracted from paper PDF; Country inferred from institution using local Ollama model
AAAI-2015-A001087,Pengtao Xie,United States,UNKNOWN,AAAI,2015,https://aaai.org/papers/9475-integrating-image-clustering-and-codebook-learning/,Parsed from AAAI track pages or OJS issues; affiliation enrichment pending from PDF first pages; Country inferred from full first-page text using local Ollama model
AAAI-2015-A001088,Eric P. Xing,United States,UNKNOWN,AAAI,2015,https://aaai.org/papers/9475-integrating-image-clustering-and-codebook-learning/,Parsed from AAAI track pages or OJS issues; affiliation enrichment pending from PDF first pages; Country inferred from full first-page text using local Ollama model
AAAI-2015-A001089,Phillip Kirlin,United States,UNKNOWN,AAAI,2015,https://aaai.org/papers/9476-learning-to-uncover-deep-musical-structure/,Parsed from AAAI track pages or OJS issues; affiliation enrichment pending from PDF first pages; Country inferred from full first-page text using local Ollama model
AAAI-2015-A001090,David Jensen,United States,UNKNOWN,AAAI,2015,https://aaai.org/papers/9476-learning-to-uncover-deep-musical-structure/,Parsed from AAAI track pages or OJS issues; affiliation enrichment pending from PDF first pages; Country inferred from full first-page text using local Ollama model
AAAI-2015-A001091,Bo Xin,China,"National Engineering Laboratory for Video Technology, Key Laboratory of Machine Perception, School of EECS, Peking University, Beijing, China Yanjing Medical College, Capital Medical University, Beijing, China the model. (These perturbations include the often used Jacknife, bootstrap and cross-validation.) This unstable behavior of the lasso model is critical in high dimensional data analysis. The resulting irreproducibility of the feature selection are especially undesirable in neuroimage analysis/diagnosis. However, unlike the problems such as registration and classiﬁcation, the stability issue of feature selection is much less studied in this ﬁeld. In this paper we propose a model to induce more stable feature selection from high dimensional brain structural Magnetic Resonance Imaging (sMRI) images. Besides sparsity, the proposed model harnesses two important additional pathological priors in brain sMRI: (i) the spatial cohesion of lesion voxels (via inducing fusion terms) and (ii) the positive correlation between the features and the disease labels. The correlation prior is based on the observation that in many brain image analysis problems (such as AD, frontotemporal dementia, corticobasal degeneration, etc), there exist strong correlations between the features and the labels. For example, gray matter of AD is degenerated/atrophied. Therefore, the gray matter values (indicating the volume) are positively correlated with the cognitive scores or disease labels - , . That is, the less gray matter, the lower the cognitive score. Accordingly, we propose nonnegative constraints on the variables to enforce the prior and name the model as “non-negative Generalized Fused Lasso” (n2 GFL). It extends the popular generalized fused lasso and enables it to explore the intrinsic structure of data via selecting stable features. To measure feature stability, we introduce the “Estimation Stability” recently proposed in (Yu ) and the (multi-set) Dice coefﬁcient (Dice ). Experiments demonstrate that compared with existing models, our model selects much more stable (and pathological-prior consistent) voxels. It is worth mentioning that the non-negativeness per se is a very important prior of many practical problems, e.g. (Lee and Seung ). Although n2 GFL is proposed to solve the diagnosis of AD in this work, the model can be applied to more general problems. Incorporating these priors makes the problem novel w.r.t the lasso or generalized fused lasso from an optimization standpoint. Although off-the-shelf convex solvers such as CVX (Grant and Boyd ) can be applied to solve the optimization, it hardly scales to high-dimensional problems in feasible time. In this regard, we propose an efﬁcient algo-",AAAI,2015,https://cdn.aaai.org/ojs/9477/9477-13-13005-1-2-20201228.pdf,Affiliation parsed from local first-page text extracted from paper PDF
AAAI-2015-A001092,Lingjing Hu,China,"National Engineering Laboratory for Video Technology, Key Laboratory of Machine Perception, School of EECS, Peking University, Beijing, China Yanjing Medical College, Capital Medical University, Beijing, China the model. (These perturbations include the often used Jacknife, bootstrap and cross-validation.) This unstable behavior of the lasso model is critical in high dimensional data analysis. The resulting irreproducibility of the feature selection are especially undesirable in neuroimage analysis/diagnosis. However, unlike the problems such as registration and classiﬁcation, the stability issue of feature selection is much less studied in this ﬁeld. In this paper we propose a model to induce more stable feature selection from high dimensional brain structural Magnetic Resonance Imaging (sMRI) images. Besides sparsity, the proposed model harnesses two important additional pathological priors in brain sMRI: (i) the spatial cohesion of lesion voxels (via inducing fusion terms) and (ii) the positive correlation between the features and the disease labels. The correlation prior is based on the observation that in many brain image analysis problems (such as AD, frontotemporal dementia, corticobasal degeneration, etc), there exist strong correlations between the features and the labels. For example, gray matter of AD is degenerated/atrophied. Therefore, the gray matter values (indicating the volume) are positively correlated with the cognitive scores or disease labels - , . That is, the less gray matter, the lower the cognitive score. Accordingly, we propose nonnegative constraints on the variables to enforce the prior and name the model as “non-negative Generalized Fused Lasso” (n2 GFL). It extends the popular generalized fused lasso and enables it to explore the intrinsic structure of data via selecting stable features. To measure feature stability, we introduce the “Estimation Stability” recently proposed in (Yu ) and the (multi-set) Dice coefﬁcient (Dice ). Experiments demonstrate that compared with existing models, our model selects much more stable (and pathological-prior consistent) voxels. It is worth mentioning that the non-negativeness per se is a very important prior of many practical problems, e.g. (Lee and Seung ). Although n2 GFL is proposed to solve the diagnosis of AD in this work, the model can be applied to more general problems. Incorporating these priors makes the problem novel w.r.t the lasso or generalized fused lasso from an optimization standpoint. Although off-the-shelf convex solvers such as CVX (Grant and Boyd ) can be applied to solve the optimization, it hardly scales to high-dimensional problems in feasible time. In this regard, we propose an efﬁcient algo-",AAAI,2015,https://cdn.aaai.org/ojs/9477/9477-13-13005-1-2-20201228.pdf,Affiliation parsed from local first-page text extracted from paper PDF
AAAI-2015-A001093,Yizhou Wang,China,"National Engineering Laboratory for Video Technology, Key Laboratory of Machine Perception, School of EECS, Peking University, Beijing, China Yanjing Medical College, Capital Medical University, Beijing, China the model. (These perturbations include the often used Jacknife, bootstrap and cross-validation.) This unstable behavior of the lasso model is critical in high dimensional data analysis. The resulting irreproducibility of the feature selection are especially undesirable in neuroimage analysis/diagnosis. However, unlike the problems such as registration and classiﬁcation, the stability issue of feature selection is much less studied in this ﬁeld. In this paper we propose a model to induce more stable feature selection from high dimensional brain structural Magnetic Resonance Imaging (sMRI) images. Besides sparsity, the proposed model harnesses two important additional pathological priors in brain sMRI: (i) the spatial cohesion of lesion voxels (via inducing fusion terms) and (ii) the positive correlation between the features and the disease labels. The correlation prior is based on the observation that in many brain image analysis problems (such as AD, frontotemporal dementia, corticobasal degeneration, etc), there exist strong correlations between the features and the labels. For example, gray matter of AD is degenerated/atrophied. Therefore, the gray matter values (indicating the volume) are positively correlated with the cognitive scores or disease labels - , . That is, the less gray matter, the lower the cognitive score. Accordingly, we propose nonnegative constraints on the variables to enforce the prior and name the model as “non-negative Generalized Fused Lasso” (n2 GFL). It extends the popular generalized fused lasso and enables it to explore the intrinsic structure of data via selecting stable features. To measure feature stability, we introduce the “Estimation Stability” recently proposed in (Yu ) and the (multi-set) Dice coefﬁcient (Dice ). Experiments demonstrate that compared with existing models, our model selects much more stable (and pathological-prior consistent) voxels. It is worth mentioning that the non-negativeness per se is a very important prior of many practical problems, e.g. (Lee and Seung ). Although n2 GFL is proposed to solve the diagnosis of AD in this work, the model can be applied to more general problems. Incorporating these priors makes the problem novel w.r.t the lasso or generalized fused lasso from an optimization standpoint. Although off-the-shelf convex solvers such as CVX (Grant and Boyd ) can be applied to solve the optimization, it hardly scales to high-dimensional problems in feasible time. In this regard, we propose an efﬁcient algo-",AAAI,2015,https://cdn.aaai.org/ojs/9477/9477-13-13005-1-2-20201228.pdf,Affiliation parsed from local first-page text extracted from paper PDF
AAAI-2015-A001094,Wen Gao,China,"National Engineering Laboratory for Video Technology, Key Laboratory of Machine Perception, School of EECS, Peking University, Beijing, China Yanjing Medical College, Capital Medical University, Beijing, China the model. (These perturbations include the often used Jacknife, bootstrap and cross-validation.) This unstable behavior of the lasso model is critical in high dimensional data analysis. The resulting irreproducibility of the feature selection are especially undesirable in neuroimage analysis/diagnosis. However, unlike the problems such as registration and classiﬁcation, the stability issue of feature selection is much less studied in this ﬁeld. In this paper we propose a model to induce more stable feature selection from high dimensional brain structural Magnetic Resonance Imaging (sMRI) images. Besides sparsity, the proposed model harnesses two important additional pathological priors in brain sMRI: (i) the spatial cohesion of lesion voxels (via inducing fusion terms) and (ii) the positive correlation between the features and the disease labels. The correlation prior is based on the observation that in many brain image analysis problems (such as AD, frontotemporal dementia, corticobasal degeneration, etc), there exist strong correlations between the features and the labels. For example, gray matter of AD is degenerated/atrophied. Therefore, the gray matter values (indicating the volume) are positively correlated with the cognitive scores or disease labels - , . That is, the less gray matter, the lower the cognitive score. Accordingly, we propose nonnegative constraints on the variables to enforce the prior and name the model as “non-negative Generalized Fused Lasso” (n2 GFL). It extends the popular generalized fused lasso and enables it to explore the intrinsic structure of data via selecting stable features. To measure feature stability, we introduce the “Estimation Stability” recently proposed in (Yu ) and the (multi-set) Dice coefﬁcient (Dice ). Experiments demonstrate that compared with existing models, our model selects much more stable (and pathological-prior consistent) voxels. It is worth mentioning that the non-negativeness per se is a very important prior of many practical problems, e.g. (Lee and Seung ). Although n2 GFL is proposed to solve the diagnosis of AD in this work, the model can be applied to more general problems. Incorporating these priors makes the problem novel w.r.t the lasso or generalized fused lasso from an optimization standpoint. Although off-the-shelf convex solvers such as CVX (Grant and Boyd ) can be applied to solve the optimization, it hardly scales to high-dimensional problems in feasible time. In this regard, we propose an efﬁcient algo-",AAAI,2015,https://cdn.aaai.org/ojs/9477/9477-13-13005-1-2-20201228.pdf,Affiliation parsed from local first-page text extracted from paper PDF
AAAI-2015-A001095,Mohamed Ibrahim,Canada,"Department of Computer and Software Engineering, École Polytechnique Montréal",AAAI,2015,https://cdn.aaai.org/ojs/9478/9478-13-13006-1-2-20201228.pdf,Affiliation parsed from local first-page text extracted from paper PDF; Country inferred from institution using local Ollama model
AAAI-2015-A001096,Christopher Pal,Canada,"Department of Computer and Software Engineering, École Polytechnique Montréal",AAAI,2015,https://cdn.aaai.org/ojs/9478/9478-13-13006-1-2-20201228.pdf,Affiliation parsed from local first-page text extracted from paper PDF; Country inferred from institution using local Ollama model
AAAI-2015-A001097,Gilles Pesant,Canada,"Department of Computer and Software Engineering, École Polytechnique Montréal",AAAI,2015,https://cdn.aaai.org/ojs/9478/9478-13-13006-1-2-20201228.pdf,Affiliation parsed from local first-page text extracted from paper PDF; Country inferred from institution using local Ollama model
AAAI-2015-A001098,Quanming Yao,UNKNOWN,UNKNOWN,AAAI,2015,https://aaai.org/papers/9479-colorization-by-patch-based-local-low-rank-matrix-completion/,Parsed from AAAI track pages or OJS issues; affiliation enrichment pending from PDF first pages
AAAI-2015-A001099,T. Kwok James,Hong Kong,UNKNOWN,AAAI,2015,https://aaai.org/papers/9479-colorization-by-patch-based-local-low-rank-matrix-completion/,Parsed from AAAI track pages or OJS issues; affiliation enrichment pending from PDF first pages; Country inferred from full first-page text using local Ollama model
AAAI-2015-A001100,Can Wang,Australia,"Digital Productivity Flagship, CSIRO, Australia",AAAI,2015,https://cdn.aaai.org/ojs/9480/9480-13-13008-1-2-20201228.pdf,Affiliation parsed from local first-page text extracted from paper PDF
AAAI-2015-A001101,Chi-Hung Chi,Australia,"Digital Productivity Flagship, CSIRO, Australia",AAAI,2015,https://cdn.aaai.org/ojs/9480/9480-13-13008-1-2-20201228.pdf,Affiliation parsed from local first-page text extracted from paper PDF
AAAI-2015-A001102,Wei Zhou,Australia,"Digital Productivity Flagship, CSIRO, Australia",AAAI,2015,https://cdn.aaai.org/ojs/9480/9480-13-13008-1-2-20201228.pdf,Affiliation parsed from local first-page text extracted from paper PDF
AAAI-2015-A001103,Raymond Wong,Australia,"Digital Productivity Flagship, CSIRO, Australia",AAAI,2015,https://cdn.aaai.org/ojs/9480/9480-13-13008-1-2-20201228.pdf,Affiliation parsed from local first-page text extracted from paper PDF
AAAI-2015-A001104,Linli Xu,China,School of Computer Science and Technology University of Science and Technology of China,AAAI,2015,https://cdn.aaai.org/ojs/9481/9481-13-13009-1-2-20201228.pdf,Affiliation parsed from local first-page text extracted from paper PDF
AAAI-2015-A001105,Yitan Li,China,School of Computer Science and Technology University of Science and Technology of China,AAAI,2015,https://cdn.aaai.org/ojs/9481/9481-13-13009-1-2-20201228.pdf,Affiliation parsed from local first-page text extracted from paper PDF
AAAI-2015-A001106,Yubo Wang,China,School of Computer Science and Technology University of Science and Technology of China,AAAI,2015,https://cdn.aaai.org/ojs/9481/9481-13-13009-1-2-20201228.pdf,Affiliation parsed from local first-page text extracted from paper PDF
AAAI-2015-A001107,Enhong Chen,China,School of Computer Science and Technology University of Science and Technology of China,AAAI,2015,https://cdn.aaai.org/ojs/9481/9481-13-13009-1-2-20201228.pdf,Affiliation parsed from local first-page text extracted from paper PDF
AAAI-2015-A001108,Xiaowei Zhong,China,"School of Computer Science and Technology University of Science and Technology of China, Hefei, China",AAAI,2015,https://cdn.aaai.org/ojs/9482/9482-13-13010-1-2-20201228.pdf,Affiliation parsed from local first-page text extracted from paper PDF
AAAI-2015-A001109,Linli Xu,China,"School of Computer Science and Technology University of Science and Technology of China, Hefei, China",AAAI,2015,https://cdn.aaai.org/ojs/9482/9482-13-13010-1-2-20201228.pdf,Affiliation parsed from local first-page text extracted from paper PDF
AAAI-2015-A001110,Yitan Li,China,"School of Computer Science and Technology University of Science and Technology of China, Hefei, China",AAAI,2015,https://cdn.aaai.org/ojs/9482/9482-13-13010-1-2-20201228.pdf,Affiliation parsed from local first-page text extracted from paper PDF
AAAI-2015-A001111,Zhiyuan Liu,China,"School of Computer Science and Technology University of Science and Technology of China, Hefei, China",AAAI,2015,https://cdn.aaai.org/ojs/9482/9482-13-13010-1-2-20201228.pdf,Affiliation parsed from local first-page text extracted from paper PDF
AAAI-2015-A001112,Enhong Chen,China,"School of Computer Science and Technology University of Science and Technology of China, Hefei, China",AAAI,2015,https://cdn.aaai.org/ojs/9482/9482-13-13010-1-2-20201228.pdf,Affiliation parsed from local first-page text extracted from paper PDF
AAAI-2015-A001113,Linli Xu,United States | China,"School of Computer Science and Technology University of Science and Technology of China, Hefei, Anhui , China Yahoo Labs, Sunnyvale, CA , USA",AAAI,2015,https://cdn.aaai.org/ojs/9483/9483-13-13011-1-2-20201228.pdf,Affiliation parsed from local first-page text extracted from paper PDF
AAAI-2015-A001114,Aiqing Huang,United States | China,"School of Computer Science and Technology University of Science and Technology of China, Hefei, Anhui , China Yahoo Labs, Sunnyvale, CA , USA",AAAI,2015,https://cdn.aaai.org/ojs/9483/9483-13-13011-1-2-20201228.pdf,Affiliation parsed from local first-page text extracted from paper PDF
AAAI-2015-A001115,Jianhui Chen,United States | China,"School of Computer Science and Technology University of Science and Technology of China, Hefei, Anhui , China Yahoo Labs, Sunnyvale, CA , USA",AAAI,2015,https://cdn.aaai.org/ojs/9483/9483-13-13011-1-2-20201228.pdf,Affiliation parsed from local first-page text extracted from paper PDF
AAAI-2015-A001116,Enhong Chen,United States | China,"School of Computer Science and Technology University of Science and Technology of China, Hefei, Anhui , China Yahoo Labs, Sunnyvale, CA , USA",AAAI,2015,https://cdn.aaai.org/ojs/9483/9483-13-13011-1-2-20201228.pdf,Affiliation parsed from local first-page text extracted from paper PDF
AAAI-2015-A001117,Nils Hammerla,United Kingdom,UNKNOWN,AAAI,2015,https://aaai.org/papers/9484-pd-disease-state-assessment-in-naturalistic-environments-using-deep-learning/,Parsed from AAAI track pages or OJS issues; affiliation enrichment pending from PDF first pages; Country inferred from full first-page text using local Ollama model
AAAI-2015-A001118,James Fisher,United Kingdom,UNKNOWN,AAAI,2015,https://aaai.org/papers/9484-pd-disease-state-assessment-in-naturalistic-environments-using-deep-learning/,Parsed from AAAI track pages or OJS issues; affiliation enrichment pending from PDF first pages; Country inferred from full first-page text using local Ollama model
AAAI-2015-A001119,Peter Andras,United Kingdom,UNKNOWN,AAAI,2015,https://aaai.org/papers/9484-pd-disease-state-assessment-in-naturalistic-environments-using-deep-learning/,Parsed from AAAI track pages or OJS issues; affiliation enrichment pending from PDF first pages; Country inferred from full first-page text using local Ollama model
AAAI-2015-A001120,Lynn Rochester,United Kingdom,UNKNOWN,AAAI,2015,https://aaai.org/papers/9484-pd-disease-state-assessment-in-naturalistic-environments-using-deep-learning/,Parsed from AAAI track pages or OJS issues; affiliation enrichment pending from PDF first pages; Country inferred from full first-page text using local Ollama model
AAAI-2015-A001121,Richard Walker,United Kingdom,UNKNOWN,AAAI,2015,https://aaai.org/papers/9484-pd-disease-state-assessment-in-naturalistic-environments-using-deep-learning/,Parsed from AAAI track pages or OJS issues; affiliation enrichment pending from PDF first pages; Country inferred from full first-page text using local Ollama model
AAAI-2015-A001122,Thomas Ploetz,United Kingdom,UNKNOWN,AAAI,2015,https://aaai.org/papers/9484-pd-disease-state-assessment-in-naturalistic-environments-using-deep-learning/,Parsed from AAAI track pages or OJS issues; affiliation enrichment pending from PDF first pages; Country inferred from full first-page text using local Ollama model
AAAI-2015-A001123,Matthew Gingerich,Canada,University of British Columbia,AAAI,2015,https://cdn.aaai.org/ojs/9485/9485-13-13013-1-2-20201228.pdf,Affiliation parsed from local first-page text extracted from paper PDF; Country inferred from institution using local Ollama model
AAAI-2015-A001124,Cristina Conati,Canada,University of British Columbia,AAAI,2015,https://cdn.aaai.org/ojs/9485/9485-13-13013-1-2-20201228.pdf,Affiliation parsed from local first-page text extracted from paper PDF; Country inferred from institution using local Ollama model
AAAI-2015-A001125,Anshul Gupta,United States,"Department of Computer Science and Engineering, Texas A&M University Initiative for Digital Humanities, Media, and Culture, Texas A&M University Illinois Informatics Institute, University of Illinois at Urbana-Champaign",AAAI,2015,https://cdn.aaai.org/ojs/9487/9487-13-13015-1-2-20201228.pdf,Affiliation parsed from local first-page text extracted from paper PDF
AAAI-2015-A001126,Ricardo Gutierrez-Osuna,United States,"Department of Computer Science and Engineering, Texas A&M University Initiative for Digital Humanities, Media, and Culture, Texas A&M University Illinois Informatics Institute, University of Illinois at Urbana-Champaign",AAAI,2015,https://cdn.aaai.org/ojs/9487/9487-13-13015-1-2-20201228.pdf,Affiliation parsed from local first-page text extracted from paper PDF
AAAI-2015-A001127,Matthew Christy,United States,"Department of Computer Science and Engineering, Texas A&M University Initiative for Digital Humanities, Media, and Culture, Texas A&M University Illinois Informatics Institute, University of Illinois at Urbana-Champaign",AAAI,2015,https://cdn.aaai.org/ojs/9487/9487-13-13015-1-2-20201228.pdf,Affiliation parsed from local first-page text extracted from paper PDF
AAAI-2015-A001128,Boris Capitanu,United States,"Department of Computer Science and Engineering, Texas A&M University Initiative for Digital Humanities, Media, and Culture, Texas A&M University Illinois Informatics Institute, University of Illinois at Urbana-Champaign",AAAI,2015,https://cdn.aaai.org/ojs/9487/9487-13-13015-1-2-20201228.pdf,Affiliation parsed from local first-page text extracted from paper PDF
AAAI-2015-A001129,Loretta Auvil,United States,"Department of Computer Science and Engineering, Texas A&M University Initiative for Digital Humanities, Media, and Culture, Texas A&M University Illinois Informatics Institute, University of Illinois at Urbana-Champaign",AAAI,2015,https://cdn.aaai.org/ojs/9487/9487-13-13015-1-2-20201228.pdf,Affiliation parsed from local first-page text extracted from paper PDF
AAAI-2015-A001130,Liz Grumbach,United States,"Department of Computer Science and Engineering, Texas A&M University Initiative for Digital Humanities, Media, and Culture, Texas A&M University Illinois Informatics Institute, University of Illinois at Urbana-Champaign",AAAI,2015,https://cdn.aaai.org/ojs/9487/9487-13-13015-1-2-20201228.pdf,Affiliation parsed from local first-page text extracted from paper PDF
AAAI-2015-A001131,Richard Furuta,United States,"Department of Computer Science and Engineering, Texas A&M University Initiative for Digital Humanities, Media, and Culture, Texas A&M University Illinois Informatics Institute, University of Illinois at Urbana-Champaign",AAAI,2015,https://cdn.aaai.org/ojs/9487/9487-13-13015-1-2-20201228.pdf,Affiliation parsed from local first-page text extracted from paper PDF
AAAI-2015-A001132,Laura Mandell,United States,"Department of Computer Science and Engineering, Texas A&M University Initiative for Digital Humanities, Media, and Culture, Texas A&M University Illinois Informatics Institute, University of Illinois at Urbana-Champaign",AAAI,2015,https://cdn.aaai.org/ojs/9487/9487-13-13015-1-2-20201228.pdf,Affiliation parsed from local first-page text extracted from paper PDF
AAAI-2015-A001133,Bo Yang,China,"School of Computer Science and Technology, Jilin University, Changchun, China Key Laboratory of Symbolic Computation and Knowledge Engineering of Ministry of Education, China",AAAI,2015,https://cdn.aaai.org/ojs/9448/9448-13-12976-1-2-20201228.pdf,Affiliation parsed from local first-page text extracted from paper PDF
AAAI-2015-A001134,Xuehua Zhao,China,"School of Computer Science and Technology, Jilin University, Changchun, China Key Laboratory of Symbolic Computation and Knowledge Engineering of Ministry of Education, China",AAAI,2015,https://cdn.aaai.org/ojs/9448/9448-13-12976-1-2-20201228.pdf,Affiliation parsed from local first-page text extracted from paper PDF
AAAI-2015-A001135,Xueyan Liu,China,"School of Computer Science and Technology, Jilin University, Changchun, China Key Laboratory of Symbolic Computation and Knowledge Engineering of Ministry of Education, China",AAAI,2015,https://cdn.aaai.org/ojs/9448/9448-13-12976-1-2-20201228.pdf,Affiliation parsed from local first-page text extracted from paper PDF
AAAI-2015-A001136,Xin Xin,China,School of Computer Science Beijing Institute of Tech.,AAAI,2015,https://cdn.aaai.org/ojs/9447/9447-13-12975-1-2-20201228.pdf,Affiliation parsed from local first-page text extracted from paper PDF; Country inferred from institution using local Ollama model
AAAI-2015-A001137,Chunwei Lu,China,School of Computer Science Beijing Institute of Tech.,AAAI,2015,https://cdn.aaai.org/ojs/9447/9447-13-12975-1-2-20201228.pdf,Affiliation parsed from local first-page text extracted from paper PDF; Country inferred from institution using local Ollama model
AAAI-2015-A001138,Yashen Wang,China,School of Computer Science Beijing Institute of Tech.,AAAI,2015,https://cdn.aaai.org/ojs/9447/9447-13-12975-1-2-20201228.pdf,Affiliation parsed from local first-page text extracted from paper PDF; Country inferred from institution using local Ollama model
AAAI-2015-A001139,Heyan Huang,China,School of Computer Science Beijing Institute of Tech.,AAAI,2015,https://cdn.aaai.org/ojs/9447/9447-13-12975-1-2-20201228.pdf,Affiliation parsed from local first-page text extracted from paper PDF; Country inferred from institution using local Ollama model
AAAI-2015-A001140,Xin-Yu Dai,China,"National Key Laboratory for Novel Software Technology Nanjing University, Nanjing , China",AAAI,2015,https://cdn.aaai.org/ojs/9449/9449-13-12977-1-2-20201228.pdf,Affiliation parsed from local first-page text extracted from paper PDF
AAAI-2015-A001141,Jian-Bing Zhang,China,"National Key Laboratory for Novel Software Technology Nanjing University, Nanjing , China",AAAI,2015,https://cdn.aaai.org/ojs/9449/9449-13-12977-1-2-20201228.pdf,Affiliation parsed from local first-page text extracted from paper PDF
AAAI-2015-A001142,Shu-Jian Huang,China,"National Key Laboratory for Novel Software Technology Nanjing University, Nanjing , China",AAAI,2015,https://cdn.aaai.org/ojs/9449/9449-13-12977-1-2-20201228.pdf,Affiliation parsed from local first-page text extracted from paper PDF
AAAI-2015-A001143,Jia-Jun Chen,China,"National Key Laboratory for Novel Software Technology Nanjing University, Nanjing , China",AAAI,2015,https://cdn.aaai.org/ojs/9449/9449-13-12977-1-2-20201228.pdf,Affiliation parsed from local first-page text extracted from paper PDF
AAAI-2015-A001144,Zhi-Hua Zhou,China,"National Key Laboratory for Novel Software Technology Nanjing University, Nanjing , China",AAAI,2015,https://cdn.aaai.org/ojs/9449/9449-13-12977-1-2-20201228.pdf,Affiliation parsed from local first-page text extracted from paper PDF
AAAI-2015-A001145,Chang Xu,China | Australia,"Key Lab. of Machine Perception (Ministry of Education), Peking University, Beijing , China Centre for Quantum Computation and Intelligent Systems, University of Technology, Sydney , Australia",AAAI,2015,https://cdn.aaai.org/ojs/9450/9450-13-12978-1-2-20201228.pdf,Affiliation parsed from local first-page text extracted from paper PDF
AAAI-2015-A001146,Dacheng Tao,China | Australia,"Key Lab. of Machine Perception (Ministry of Education), Peking University, Beijing , China Centre for Quantum Computation and Intelligent Systems, University of Technology, Sydney , Australia",AAAI,2015,https://cdn.aaai.org/ojs/9450/9450-13-12978-1-2-20201228.pdf,Affiliation parsed from local first-page text extracted from paper PDF
AAAI-2015-A001147,Chao Xu,China | Australia,"Key Lab. of Machine Perception (Ministry of Education), Peking University, Beijing , China Centre for Quantum Computation and Intelligent Systems, University of Technology, Sydney , Australia",AAAI,2015,https://cdn.aaai.org/ojs/9450/9450-13-12978-1-2-20201228.pdf,Affiliation parsed from local first-page text extracted from paper PDF
AAAI-2015-A001148,Buyue Qian,United States,IBM T. J. Watson Research,AAAI,2015,https://cdn.aaai.org/ojs/9451/9451-13-12979-1-2-20201228.pdf,Affiliation parsed from local first-page text extracted from paper PDF; Country inferred from institution using local Ollama model
AAAI-2015-A001149,Xiang Wang,United States,IBM T. J. Watson Research,AAAI,2015,https://cdn.aaai.org/ojs/9451/9451-13-12979-1-2-20201228.pdf,Affiliation parsed from local first-page text extracted from paper PDF; Country inferred from institution using local Ollama model
AAAI-2015-A001150,Ian Davidson,United States,IBM T. J. Watson Research,AAAI,2015,https://cdn.aaai.org/ojs/9451/9451-13-12979-1-2-20201228.pdf,Affiliation parsed from local first-page text extracted from paper PDF; Country inferred from institution using local Ollama model
AAAI-2015-A001151,Weiwei Shen,United States,"GE Global Research Center, Niskayuna, NY, USA Institute of Data Science and Technology, Alibaba Group, Seattle, WA, USA",AAAI,2015,https://cdn.aaai.org/ojs/9453/9453-13-12981-1-2-20201228.pdf,Affiliation parsed from local first-page text extracted from paper PDF
AAAI-2015-A001152,Jun Wang,United States,"GE Global Research Center, Niskayuna, NY, USA Institute of Data Science and Technology, Alibaba Group, Seattle, WA, USA",AAAI,2015,https://cdn.aaai.org/ojs/9453/9453-13-12981-1-2-20201228.pdf,Affiliation parsed from local first-page text extracted from paper PDF
AAAI-2015-A001153,Qing Li,China,UNKNOWN,AAAI,2015,https://aaai.org/papers/9452-tensor-based-learning-for-predicting-stock-movements/,Parsed from AAAI track pages or OJS issues; affiliation enrichment pending from PDF first pages; Country inferred from full first-page text using local Ollama model
AAAI-2015-A001154,LiLing Jiang,China,UNKNOWN,AAAI,2015,https://aaai.org/papers/9452-tensor-based-learning-for-predicting-stock-movements/,Parsed from AAAI track pages or OJS issues; affiliation enrichment pending from PDF first pages; Country inferred from full first-page text using local Ollama model
AAAI-2015-A001155,Ping Li,China,UNKNOWN,AAAI,2015,https://aaai.org/papers/9452-tensor-based-learning-for-predicting-stock-movements/,Parsed from AAAI track pages or OJS issues; affiliation enrichment pending from PDF first pages; Country inferred from full first-page text using local Ollama model
AAAI-2015-A001156,Hsinchun Chen,United States,"Management Information Systems Department, University of Arizona E. Helen St. Tucson, Arizona, - , USA affects stock markets, they believe that information shapes stock movements. Financial information can be roughly categorized into quantiﬁed data and qualitative descriptions of ﬁrms. Stock analysts, whether the technician or the fundamentalist, rely heavily on the quantiﬁed information. In traditional ﬁnance, a number of literature examines the effect of quantiﬁed market data like ﬁrm size, cash ﬂow, book-to-market equity, past return, on stock movements. For example, Dechow ( ) shows that accounting earnings and cash ﬂows help measure the ﬁrm performance, as reﬂected in stock returns. Jegadeesh and Titman ( ) ﬁnd that stocks with higher returns in the previous twelve months tend to have higher future returns. Chen and Ng ( ) document that there is a stable relations between stock price dynamics and ﬁrm size (ME, stock price times number of shares) but the strengths of the relationships change over time. Fama and French ( ) identify three risk factors in the returns on stocks, i.e., overall market, ﬁrm size, book-to-market equity (BE/ME, the ratio of the book value of common equity to its market value). However, the quantiﬁed data cannot entirely convey the limitless variety of ﬁrms’ ﬁnancial standings. Qualitative information, hidden in the textual descriptions of conventional news and social media, is complementary to quantiﬁed data to enrich investors’ information environment, especially in social media era. Social media including blogs, tweets/micro-blogs, and discussion boards is updated rapidly and spreads virally at an unprecedented speed, providing ﬁrst-hand information to investors ahead of formal statistical reports (Luo, Zhang, and Duan ). Meanwhile, the adaption of user engagement in social media, such as comments, ratings, votes, and so forth, enables vibrant information creation, sharing, and collaboration among investors. With such rapid information inﬂux and user interactions, decisions of investors tend to be inﬂuenced by the emotion of peers and the public. It may well lead to a herd behavior in investment. This is evidenced by the recent behavior ﬁnance studies. For instance, Frank and Antweiler ( ) extract the bullish and bearish sentiments of Yahoo! Finance postings, concluding that the effect of ﬁnancial discussion boards on stocks is statistically signiﬁcant. Gilbert and Karahalios ( ) report that an increase of anxiety, worry, and fear emotions produces down-",AAAI,2015,https://cdn.aaai.org/ojs/9452/9452-13-12980-1-2-20201228.pdf,Affiliation parsed from local first-page text extracted from paper PDF
AAAI-2015-A001157,Lan Wei,China,"Department of Electronic Engineering, Beijing Institute of Technology, Beijing , China",AAAI,2015,https://cdn.aaai.org/ojs/9454/9454-13-12982-1-2-20201228.pdf,Affiliation parsed from local first-page text extracted from paper PDF
AAAI-2015-A001158,Yonghong Tian,China,"Department of Electronic Engineering, Beijing Institute of Technology, Beijing , China",AAAI,2015,https://cdn.aaai.org/ojs/9454/9454-13-12982-1-2-20201228.pdf,Affiliation parsed from local first-page text extracted from paper PDF
AAAI-2015-A001159,Yaowei Wang,China,"School of EE & CS, Peking University, Beijing , China",AAAI,2015,https://cdn.aaai.org/ojs/9454/9454-13-12982-1-2-20201228.pdf,Affiliation parsed from local first-page text extracted from paper PDF
AAAI-2015-A001160,Tiejun Huang,China,"Department of Electronic Engineering, Beijing Institute of Technology, Beijing , China",AAAI,2015,https://cdn.aaai.org/ojs/9454/9454-13-12982-1-2-20201228.pdf,Affiliation parsed from local first-page text extracted from paper PDF
AAAI-2015-A001161,Junchi Yan,China | United States,UNKNOWN,AAAI,2015,https://aaai.org/papers/9455-on-machine-learning-towards-predictive-sales-pipeline-analytics/,Parsed from AAAI track pages or OJS issues; affiliation enrichment pending from PDF first pages; Country inferred from full first-page text using local Ollama model
AAAI-2015-A001162,Chao Zhang,China,UNKNOWN,AAAI,2015,https://aaai.org/papers/9455-on-machine-learning-towards-predictive-sales-pipeline-analytics/,Parsed from AAAI track pages or OJS issues; affiliation enrichment pending from PDF first pages; Country inferred from full first-page text using local Ollama model
AAAI-2015-A001163,Hongyuan Zha,China | United States,UNKNOWN,AAAI,2015,https://aaai.org/papers/9455-on-machine-learning-towards-predictive-sales-pipeline-analytics/,Parsed from AAAI track pages or OJS issues; affiliation enrichment pending from PDF first pages; Country inferred from full first-page text using local Ollama model
AAAI-2015-A001164,Min Gong,China,UNKNOWN,AAAI,2015,https://aaai.org/papers/9455-on-machine-learning-towards-predictive-sales-pipeline-analytics/,Parsed from AAAI track pages or OJS issues; affiliation enrichment pending from PDF first pages; Country inferred from full first-page text using local Ollama model
AAAI-2015-A001165,Changhua Sun,China,UNKNOWN,AAAI,2015,https://aaai.org/papers/9455-on-machine-learning-towards-predictive-sales-pipeline-analytics/,Parsed from AAAI track pages or OJS issues; affiliation enrichment pending from PDF first pages; Country inferred from full first-page text using local Ollama model
AAAI-2015-A001166,Jin Huang,China,UNKNOWN,AAAI,2015,https://aaai.org/papers/9455-on-machine-learning-towards-predictive-sales-pipeline-analytics/,Parsed from AAAI track pages or OJS issues; affiliation enrichment pending from PDF first pages; Country inferred from full first-page text using local Ollama model
AAAI-2015-A001167,Stephen Chu,China,UNKNOWN,AAAI,2015,https://aaai.org/papers/9455-on-machine-learning-towards-predictive-sales-pipeline-analytics/,Parsed from AAAI track pages or OJS issues; affiliation enrichment pending from PDF first pages; Country inferred from full first-page text using local Ollama model
AAAI-2015-A001168,Xiaokang Yang,China | United States,UNKNOWN,AAAI,2015,https://aaai.org/papers/9455-on-machine-learning-towards-predictive-sales-pipeline-analytics/,Parsed from AAAI track pages or OJS issues; affiliation enrichment pending from PDF first pages; Country inferred from full first-page text using local Ollama model
AAAI-2015-A001169,Thomas Lasko,UNKNOWN,UNKNOWN,AAAI,2015,https://aaai.org/papers/9456-nonstationary-gaussian-process-regression-for-evaluating-repeated-clinical-laboratory-tests/,Parsed from AAAI track pages or OJS issues; affiliation enrichment pending from PDF first pages
AAAI-2015-A001170,Pedro Santana,United States,"∗ Massachusetts Institute of Technology, Computer Science and Artificial Intelligence Laboratory, MERS",AAAI,2015,https://cdn.aaai.org/ojs/9458/9458-13-12986-1-2-20201228.pdf,Affiliation parsed from local first-page text extracted from paper PDF; Country inferred from institution using local Ollama model
AAAI-2015-A001171,Spencer Lane,United States,"∗ Massachusetts Institute of Technology, Computer Science and Artificial Intelligence Laboratory, MERS",AAAI,2015,https://cdn.aaai.org/ojs/9458/9458-13-12986-1-2-20201228.pdf,Affiliation parsed from local first-page text extracted from paper PDF; Country inferred from institution using local Ollama model
AAAI-2015-A001172,Eric Timmons,United States,"∗ Massachusetts Institute of Technology, Computer Science and Artificial Intelligence Laboratory, MERS",AAAI,2015,https://cdn.aaai.org/ojs/9458/9458-13-12986-1-2-20201228.pdf,Affiliation parsed from local first-page text extracted from paper PDF; Country inferred from institution using local Ollama model
AAAI-2015-A001173,Brian Williams,United States,"∗ Massachusetts Institute of Technology, Computer Science and Artificial Intelligence Laboratory, MERS",AAAI,2015,https://cdn.aaai.org/ojs/9458/9458-13-12986-1-2-20201228.pdf,Affiliation parsed from local first-page text extracted from paper PDF; Country inferred from institution using local Ollama model
AAAI-2015-A001174,Carlos Forster,United States,"∗ Massachusetts Institute of Technology, Computer Science and Artificial Intelligence Laboratory, MERS",AAAI,2015,https://cdn.aaai.org/ojs/9458/9458-13-12986-1-2-20201228.pdf,Affiliation parsed from local first-page text extracted from paper PDF; Country inferred from institution using local Ollama model
AAAI-2015-A001175,George Montanez,United States,UNKNOWN,AAAI,2015,https://aaai.org/papers/9457-inertial-hidden-markov-models-modeling-change-in-multivariate-time-series/,Parsed from AAAI track pages or OJS issues; affiliation enrichment pending from PDF first pages; Country inferred from full first-page text using local Ollama model
AAAI-2015-A001176,Saeed Amizadeh,United States,UNKNOWN,AAAI,2015,https://aaai.org/papers/9457-inertial-hidden-markov-models-modeling-change-in-multivariate-time-series/,Parsed from AAAI track pages or OJS issues; affiliation enrichment pending from PDF first pages; Country inferred from full first-page text using local Ollama model
AAAI-2015-A001177,Nikolay Laptev,United States,UNKNOWN,AAAI,2015,https://aaai.org/papers/9457-inertial-hidden-markov-models-modeling-change-in-multivariate-time-series/,Parsed from AAAI track pages or OJS issues; affiliation enrichment pending from PDF first pages; Country inferred from full first-page text using local Ollama model
AAAI-2015-A001178,Ying Wang,China,"College of Computer Science and Technology, Jilin University, Changchun , China",AAAI,2015,https://cdn.aaai.org/ojs/9460/9460-13-12988-1-2-20201228.pdf,Affiliation parsed from local first-page text extracted from paper PDF
AAAI-2015-A001179,Xin Wang,China,"College of Computer Science and Technology, Jilin University, Changchun , China | School of Computer Technology and Engineering, Changchun Institute of Technology, Changchun , China",AAAI,2015,https://cdn.aaai.org/ojs/9460/9460-13-12988-1-2-20201228.pdf,Affiliation parsed from local first-page text extracted from paper PDF
AAAI-2015-A001180,Jiliang Tang,United States,"College of Computer Science and Engineering, Arizona State University, Tempe, AZ , USA",AAAI,2015,https://cdn.aaai.org/ojs/9460/9460-13-12988-1-2-20201228.pdf,Affiliation parsed from local first-page text extracted from paper PDF
AAAI-2015-A001181,Wanli Zuo,China,"College of Computer Science and Technology, Jilin University, Changchun , China",AAAI,2015,https://cdn.aaai.org/ojs/9460/9460-13-12988-1-2-20201228.pdf,Affiliation parsed from local first-page text extracted from paper PDF
AAAI-2015-A001182,Guoyong Cai,China,"Guangxi Key Lab of Trusted Software, Guilin University of Electronic Technology, Guilin , China",AAAI,2015,https://cdn.aaai.org/ojs/9460/9460-13-12988-1-2-20201228.pdf,Affiliation parsed from local first-page text extracted from paper PDF
AAAI-2015-A001183,Zhe Lim,Australia,UNKNOWN,AAAI,2015,https://aaai.org/papers/459-9459-sub-merge-diving-down-to-the-attribute-value-level-in-statistical-schema-matching/,Parsed from AAAI track pages or OJS issues; affiliation enrichment pending from PDF first pages; Country inferred from full first-page text using local Ollama model
AAAI-2015-A001184,Benjamin Rubinstein,Australia,UNKNOWN,AAAI,2015,https://aaai.org/papers/459-9459-sub-merge-diving-down-to-the-attribute-value-level-in-statistical-schema-matching/,Parsed from AAAI track pages or OJS issues; affiliation enrichment pending from PDF first pages; Country inferred from full first-page text using local Ollama model
AAAI-2015-A001185,Xin Wang,China,"College of Computer Science and Technology, Jilin University, Changchun , China | School of Computer Technology and Engineering, Changchun Institute of Technology, Changchun , China",AAAI,2015,https://cdn.aaai.org/ojs/9463/9463-13-12991-1-2-20201228.pdf,Affiliation parsed from local first-page text extracted from paper PDF
AAAI-2015-A001186,Ying Wang,China,"College of Computer Science and Technology, Jilin University, Changchun , China",AAAI,2015,https://cdn.aaai.org/ojs/9463/9463-13-12991-1-2-20201228.pdf,Affiliation parsed from local first-page text extracted from paper PDF
AAAI-2015-A001187,Wanli Zuo,China,"College of Computer Science and Technology, Jilin University, Changchun , China",AAAI,2015,https://cdn.aaai.org/ojs/9463/9463-13-12991-1-2-20201228.pdf,Affiliation parsed from local first-page text extracted from paper PDF
AAAI-2015-A001188,Guoyong Cai,China,"Guangxi Key Lab of Trusted Software, Guilin University of Electronic Technology, Guilin , China",AAAI,2015,https://cdn.aaai.org/ojs/9463/9463-13-12991-1-2-20201228.pdf,Affiliation parsed from local first-page text extracted from paper PDF
AAAI-2015-A001189,Huiji Gao,United States,Computer Science and Engineering Arizona State University,AAAI,2015,https://cdn.aaai.org/ojs/9462/9462-13-12990-1-2-20201228.pdf,Affiliation parsed from local first-page text extracted from paper PDF; Country inferred from institution using local Ollama model
AAAI-2015-A001190,Jiliang Tang,United States,Computer Science and Engineering Arizona State University,AAAI,2015,https://cdn.aaai.org/ojs/9462/9462-13-12990-1-2-20201228.pdf,Affiliation parsed from local first-page text extracted from paper PDF; Country inferred from institution using local Ollama model
AAAI-2015-A001191,Xia Hu,United States,Computer Science and Engineering Arizona State University,AAAI,2015,https://cdn.aaai.org/ojs/9462/9462-13-12990-1-2-20201228.pdf,Affiliation parsed from local first-page text extracted from paper PDF; Country inferred from institution using local Ollama model
AAAI-2015-A001192,Huan Liu,United States,Computer Science and Engineering Arizona State University,AAAI,2015,https://cdn.aaai.org/ojs/9462/9462-13-12990-1-2-20201228.pdf,Affiliation parsed from local first-page text extracted from paper PDF; Country inferred from institution using local Ollama model
AAAI-2015-A001193,Shuai Zheng,United States,"Department of Computer Science and Engineering University of Texas at Arlington, TX, USA",AAAI,2015,https://cdn.aaai.org/ojs/9461/9461-13-12989-1-2-20201228.pdf,Affiliation parsed from local first-page text extracted from paper PDF
AAAI-2015-A001194,Xiao Cai,United States,"Department of Computer Science and Engineering University of Texas at Arlington, TX, USA",AAAI,2015,https://cdn.aaai.org/ojs/9461/9461-13-12989-1-2-20201228.pdf,Affiliation parsed from local first-page text extracted from paper PDF
AAAI-2015-A001195,Chris Ding,United States,"Department of Computer Science and Engineering University of Texas at Arlington, TX, USA",AAAI,2015,https://cdn.aaai.org/ojs/9461/9461-13-12989-1-2-20201228.pdf,Affiliation parsed from local first-page text extracted from paper PDF
AAAI-2015-A001196,Feiping Nie,United States,"Department of Computer Science and Engineering University of Texas at Arlington, TX, USA",AAAI,2015,https://cdn.aaai.org/ojs/9461/9461-13-12989-1-2-20201228.pdf,Affiliation parsed from local first-page text extracted from paper PDF
AAAI-2015-A001197,Heng Huang,United States,"Department of Computer Science and Engineering University of Texas at Arlington, TX, USA",AAAI,2015,https://cdn.aaai.org/ojs/9461/9461-13-12989-1-2-20201228.pdf,Affiliation parsed from local first-page text extracted from paper PDF
AAAI-2015-A001198,Canyi Lu,Singapore,"Department of Electrical and Computer Engineering, National University of Singapore",AAAI,2015,https://cdn.aaai.org/ojs/9464/9464-13-12992-1-2-20201228.pdf,Affiliation parsed from local first-page text extracted from paper PDF
AAAI-2015-A001199,Changbo Zhu,Singapore,"Department of Electrical and Computer Engineering, National University of Singapore",AAAI,2015,https://cdn.aaai.org/ojs/9464/9464-13-12992-1-2-20201228.pdf,Affiliation parsed from local first-page text extracted from paper PDF
AAAI-2015-A001200,Chunyan Xu,UNKNOWN,UNKNOWN,AAAI,2015,https://aaai.org/papers/9464-generalized-singular-value-thresholding/,Parsed from AAAI track pages or OJS issues; affiliation enrichment pending from PDF first pages
AAAI-2015-A001201,Shuicheng Yan,Singapore,"Department of Electrical and Computer Engineering, National University of Singapore",AAAI,2015,https://cdn.aaai.org/ojs/9464/9464-13-12992-1-2-20201228.pdf,Affiliation parsed from local first-page text extracted from paper PDF
AAAI-2015-A001202,Zhouchen Lin,China,"Key Laboratory of Machine Perception (MOE), School of EECS, Peking University",AAAI,2015,https://cdn.aaai.org/ojs/9464/9464-13-12992-1-2-20201228.pdf,Affiliation parsed from local first-page text extracted from paper PDF; Country inferred from institution using local Ollama model
AAAI-2015-A001203,Sachinthaka Abeywardana,Australia,"School of Information Technologies University of Sydney NSW , Australia",AAAI,2015,https://cdn.aaai.org/ojs/9465/9465-13-12993-1-2-20201228.pdf,Affiliation parsed from local first-page text extracted from paper PDF
AAAI-2015-A001204,Fabio Ramos,Australia,"School of Information Technologies University of Sydney NSW , Australia",AAAI,2015,https://cdn.aaai.org/ojs/9465/9465-13-12993-1-2-20201228.pdf,Affiliation parsed from local first-page text extracted from paper PDF
AAAI-2015-A001205,Richard Oentaryo,UNKNOWN,UNKNOWN,AAAI,2015,https://aaai.org/papers/9466-algorithm-selection-via-ranking/,Parsed from AAAI track pages or OJS issues; affiliation enrichment pending from PDF first pages
AAAI-2015-A001206,Stephanus Daniel Handoko,Singapore,"Living Analytics Research Centre, School of Information Systems Singapore Management University, Singapore",AAAI,2015,https://cdn.aaai.org/ojs/9466/9466-13-12994-1-2-20201228.pdf,Affiliation parsed from local first-page text extracted from paper PDF
AAAI-2015-A001207,Hoong Chuin Lau,Singapore,"Living Analytics Research Centre, School of Information Systems Singapore Management University, Singapore",AAAI,2015,https://cdn.aaai.org/ojs/9466/9466-13-12994-1-2-20201228.pdf,Affiliation parsed from local first-page text extracted from paper PDF
AAAI-2015-A001208,Ofra Amir,United States,School of Engineering and Applied Sciences Harvard University,AAAI,2015,https://cdn.aaai.org/ojs/9427/9427-13-12955-1-2-20201228.pdf,Affiliation parsed from local first-page text extracted from paper PDF; Country inferred from institution using local Ollama model
AAAI-2015-A001209,Guni Sharon,United States,School of Engineering and Applied Sciences Harvard University,AAAI,2015,https://cdn.aaai.org/ojs/9427/9427-13-12955-1-2-20201228.pdf,Affiliation parsed from local first-page text extracted from paper PDF; Country inferred from institution using local Ollama model
AAAI-2015-A001210,Roni Stern,United States,School of Engineering and Applied Sciences Harvard University,AAAI,2015,https://cdn.aaai.org/ojs/9427/9427-13-12955-1-2-20201228.pdf,Affiliation parsed from local first-page text extracted from paper PDF; Country inferred from institution using local Ollama model
AAAI-2015-A001211,Samuel Barrett,United States,"Kiva Systems North Reading, MA USA",AAAI,2015,https://cdn.aaai.org/ojs/9428/9428-13-12956-1-2-20201228.pdf,Affiliation parsed from local first-page text extracted from paper PDF
AAAI-2015-A001212,Peter Stone,United States,"Kiva Systems North Reading, MA USA",AAAI,2015,https://cdn.aaai.org/ojs/9428/9428-13-12956-1-2-20201228.pdf,Affiliation parsed from local first-page text extracted from paper PDF
AAAI-2015-A001213,Adi Botea,Ireland | Czech Republic,"IBM Research Dublin, Ireland Faculty of Mathematics and Physics Charles University Prague Malostranské náměstı́, Praha",AAAI,2015,https://cdn.aaai.org/ojs/9430/9430-13-12958-1-2-20201228.pdf,Affiliation parsed from local first-page text extracted from paper PDF; Country inferred from institution using local Ollama model
AAAI-2015-A001214,Pavel Surynek,Ireland | Czech Republic,"IBM Research Dublin, Ireland Faculty of Mathematics and Physics Charles University Prague Malostranské náměstı́, Praha",AAAI,2015,https://cdn.aaai.org/ojs/9430/9430-13-12958-1-2-20201228.pdf,Affiliation parsed from local first-page text extracted from paper PDF; Country inferred from institution using local Ollama model
AAAI-2015-A001215,Jiehua Chen,Germany,"TU Berlin, Berlin, Germany",AAAI,2015,https://cdn.aaai.org/ojs/9429/9429-13-12957-1-2-20201228.pdf,Affiliation parsed from local first-page text extracted from paper PDF
AAAI-2015-A001216,Piotr Faliszewski,Germany,"TU Berlin, Berlin, Germany",AAAI,2015,https://cdn.aaai.org/ojs/9429/9429-13-12957-1-2-20201228.pdf,Affiliation parsed from local first-page text extracted from paper PDF
AAAI-2015-A001217,Rolf Niedermeier,Germany,"TU Berlin, Berlin, Germany",AAAI,2015,https://cdn.aaai.org/ojs/9429/9429-13-12957-1-2-20201228.pdf,Affiliation parsed from local first-page text extracted from paper PDF
AAAI-2015-A001218,Nimrod Talmon,Germany,"TU Berlin, Berlin, Germany",AAAI,2015,https://cdn.aaai.org/ojs/9429/9429-13-12957-1-2-20201228.pdf,Affiliation parsed from local first-page text extracted from paper PDF
AAAI-2015-A001219,Piotr Skowron,Poland,"University of Warsaw, Poland",AAAI,2015,https://cdn.aaai.org/ojs/9431/9431-13-12959-1-2-20201228.pdf,Affiliation parsed from local first-page text extracted from paper PDF; Country inferred from institution using local Ollama model
AAAI-2015-A001220,Piotr Faliszewski,Poland,"University of Warsaw, Poland",AAAI,2015,https://cdn.aaai.org/ojs/9431/9431-13-12959-1-2-20201228.pdf,Affiliation parsed from local first-page text extracted from paper PDF; Country inferred from institution using local Ollama model
AAAI-2015-A001221,Jerome Lang,Poland,"University of Warsaw, Poland",AAAI,2015,https://cdn.aaai.org/ojs/9431/9431-13-12959-1-2-20201228.pdf,Affiliation parsed from local first-page text extracted from paper PDF; Country inferred from institution using local Ollama model
AAAI-2015-A001222,Piotr Skowron,Poland,"AGH University, Poland",AAAI,2015,https://cdn.aaai.org/ojs/9432/9432-13-12960-1-2-20201228.pdf,Affiliation parsed from local first-page text extracted from paper PDF; Country inferred from institution using local Ollama model
AAAI-2015-A001223,Piotr Faliszewski,Poland,"AGH University, Poland",AAAI,2015,https://cdn.aaai.org/ojs/9432/9432-13-12960-1-2-20201228.pdf,Affiliation parsed from local first-page text extracted from paper PDF; Country inferred from institution using local Ollama model
AAAI-2015-A001224,Luke Riley,United Kingdom,"Department of Computer Science University of Liverpool Liverpool, UK",AAAI,2015,https://cdn.aaai.org/ojs/9433/9433-13-12961-1-2-20201228.pdf,Affiliation parsed from local first-page text extracted from paper PDF
AAAI-2015-A001225,Katie Atkinson,United Kingdom,"Department of Computer Science University of Liverpool Liverpool, UK",AAAI,2015,https://cdn.aaai.org/ojs/9433/9433-13-12961-1-2-20201228.pdf,Affiliation parsed from local first-page text extracted from paper PDF
AAAI-2015-A001226,Paul Dunne,UNKNOWN,UNKNOWN,AAAI,2015,https://aaai.org/papers/9433-distributing-coalition-value-calculations-to-coalition-members/,Parsed from AAAI track pages or OJS issues; affiliation enrichment pending from PDF first pages
AAAI-2015-A001227,Terry Payne,UNKNOWN,UNKNOWN,AAAI,2015,https://aaai.org/papers/9433-distributing-coalition-value-calculations-to-coalition-members/,Parsed from AAAI track pages or OJS issues; affiliation enrichment pending from PDF first pages
AAAI-2015-A001228,Reshef Meir,United States,Harvard University,AAAI,2015,https://cdn.aaai.org/ojs/9435/9435-13-12963-1-2-20201228.pdf,Affiliation parsed from local first-page text extracted from paper PDF; Country inferred from institution using local Ollama model
AAAI-2015-A001229,Mohammad Hasan,United States,University of Nebraska-Lincoln,AAAI,2015,https://cdn.aaai.org/ojs/9434/9434-13-12962-1-2-20201228.pdf,Affiliation parsed from local first-page text extracted from paper PDF; Country inferred from institution using local Ollama model
AAAI-2015-A001230,Anita Raja,United States,University of Nebraska-Lincoln,AAAI,2015,https://cdn.aaai.org/ojs/9434/9434-13-12962-1-2-20201228.pdf,Affiliation parsed from local first-page text extracted from paper PDF; Country inferred from institution using local Ollama model
AAAI-2015-A001231,Ana Bazzan,United States,University of Nebraska-Lincoln,AAAI,2015,https://cdn.aaai.org/ojs/9434/9434-13-12962-1-2-20201228.pdf,Affiliation parsed from local first-page text extracted from paper PDF; Country inferred from institution using local Ollama model
AAAI-2015-A001232,Haifang Li,China,"Academy of Mathematics and Systems Science, Chinese Academy of Sciences, Beijing, P.R.China",AAAI,2015,https://cdn.aaai.org/ojs/9436/9436-13-12964-1-2-20201228.pdf,Affiliation parsed from local first-page text extracted from paper PDF
AAAI-2015-A001233,Fei Tian,China,"University of Science and Technology of China, Hefei, P.R.China",AAAI,2015,https://cdn.aaai.org/ojs/9436/9436-13-12964-1-2-20201228.pdf,Affiliation parsed from local first-page text extracted from paper PDF
AAAI-2015-A001234,Wei Chen,China,"Microsoft Research, Building , No.",AAAI,2015,https://cdn.aaai.org/ojs/9436/9436-13-12964-1-2-20201228.pdf,Affiliation parsed from local first-page text extracted from paper PDF; Country inferred from full first-page text using local Ollama model
AAAI-2015-A001235,Tao Qin,China,"Microsoft Research, Building , No.",AAAI,2015,https://cdn.aaai.org/ojs/9436/9436-13-12964-1-2-20201228.pdf,Affiliation parsed from local first-page text extracted from paper PDF; Country inferred from full first-page text using local Ollama model
AAAI-2015-A001236,Zhi-Ming Ma,China,"Academy of Mathematics and Systems Science, Chinese Academy of Sciences, Beijing, P.R.China",AAAI,2015,https://cdn.aaai.org/ojs/9436/9436-13-12964-1-2-20201228.pdf,Affiliation parsed from local first-page text extracted from paper PDF
AAAI-2015-A001237,Tie-Yan Liu,China,"Microsoft Research, Building , No.",AAAI,2015,https://cdn.aaai.org/ojs/9436/9436-13-12964-1-2-20201228.pdf,Affiliation parsed from local first-page text extracted from paper PDF; Country inferred from full first-page text using local Ollama model
AAAI-2015-A001238,Akın Günay,Singapore,"School of Computer Engineering, Nanyang Technological University, Singapore",AAAI,2015,https://cdn.aaai.org/ojs/9437/9437-13-12965-1-2-20201228.pdf,Affiliation parsed from local first-page text extracted from paper PDF
AAAI-2015-A001239,Song Songzheng,Singapore,"School of Computer Engineering, Nanyang Technological University, Singapore",AAAI,2015,https://cdn.aaai.org/ojs/9437/9437-13-12965-1-2-20201228.pdf,Affiliation parsed from local first-page text extracted from paper PDF
AAAI-2015-A001240,Yang Liu,Singapore,"School of Computer Engineering, Nanyang Technological University, Singapore",AAAI,2015,https://cdn.aaai.org/ojs/9437/9437-13-12965-1-2-20201228.pdf,Affiliation parsed from local first-page text extracted from paper PDF
AAAI-2015-A001241,Jie Zhang,Singapore,"School of Computer Engineering, Nanyang Technological University, Singapore",AAAI,2015,https://cdn.aaai.org/ojs/9437/9437-13-12965-1-2-20201228.pdf,Affiliation parsed from local first-page text extracted from paper PDF
AAAI-2015-A001242,Diego Calvanese,Italy,University of Genova,AAAI,2015,https://cdn.aaai.org/ojs/9438/9438-13-12966-1-2-20201228.pdf,Affiliation parsed from local first-page text extracted from paper PDF; Country inferred from institution using local Ollama model
AAAI-2015-A001243,Giorgio Delzanno,Italy,University of Genova,AAAI,2015,https://cdn.aaai.org/ojs/9438/9438-13-12966-1-2-20201228.pdf,Affiliation parsed from local first-page text extracted from paper PDF; Country inferred from institution using local Ollama model
AAAI-2015-A001244,Marco Montali,Italy,University of Genova,AAAI,2015,https://cdn.aaai.org/ojs/9438/9438-13-12966-1-2-20201228.pdf,Affiliation parsed from local first-page text extracted from paper PDF; Country inferred from institution using local Ollama model
AAAI-2015-A001245,Christopher Amato,United States,UNKNOWN,AAAI,2015,https://aaai.org/papers/9439-scalable-planning-and-learning-for-multiagent-pomdps/,Parsed from AAAI track pages or OJS issues; affiliation enrichment pending from PDF first pages; Country inferred from full first-page text using local Ollama model
AAAI-2015-A001246,Frans Oliehoek,United Kingdom | Netherlands,UNKNOWN,AAAI,2015,https://aaai.org/papers/9439-scalable-planning-and-learning-for-multiagent-pomdps/,Parsed from AAAI track pages or OJS issues; affiliation enrichment pending from PDF first pages; Country inferred from full first-page text using local Ollama model
AAAI-2015-A001247,Ernesto Nunes,United States,"Department of Computer Science and Engineering University of Minnesota Union St SE, Minneapolis, MN",AAAI,2015,https://cdn.aaai.org/ojs/9440/9440-13-12968-1-2-20201228.pdf,Affiliation parsed from local first-page text extracted from paper PDF; Country inferred from institution using local Ollama model
AAAI-2015-A001248,Maria Gini,United States,"Department of Computer Science and Engineering University of Minnesota Union St SE, Minneapolis, MN",AAAI,2015,https://cdn.aaai.org/ojs/9440/9440-13-12968-1-2-20201228.pdf,Affiliation parsed from local first-page text extracted from paper PDF; Country inferred from institution using local Ollama model
AAAI-2015-A001249,Rahmatollah Beheshti,United States,"Department of EECS University of Central Florida Orlando, FL",AAAI,2015,https://cdn.aaai.org/ojs/9441/9441-13-12969-1-2-20201228.pdf,Affiliation parsed from local first-page text extracted from paper PDF; Country inferred from institution using local Ollama model
AAAI-2015-A001250,Awrad Mohammed Ali,United States,"Department of EECS University of Central Florida Orlando, FL",AAAI,2015,https://cdn.aaai.org/ojs/9441/9441-13-12969-1-2-20201228.pdf,Affiliation parsed from local first-page text extracted from paper PDF; Country inferred from institution using local Ollama model
AAAI-2015-A001251,Gita Sukthankar,United States,"Department of EECS University of Central Florida Orlando, FL",AAAI,2015,https://cdn.aaai.org/ojs/9441/9441-13-12969-1-2-20201228.pdf,Affiliation parsed from local first-page text extracted from paper PDF; Country inferred from institution using local Ollama model
AAAI-2015-A001252,Panagiotis Kouvaros,United Kingdom,UNKNOWN,AAAI,2015,https://aaai.org/papers/9442-a-counter-abstraction-technique-for-the-verification-of-robot-swarms/,Parsed from AAAI track pages or OJS issues; affiliation enrichment pending from PDF first pages; Country inferred from full first-page text using local Ollama model
AAAI-2015-A001253,Alessio Lomuscio,United Kingdom,UNKNOWN,AAAI,2015,https://aaai.org/papers/9442-a-counter-abstraction-technique-for-the-verification-of-robot-swarms/,Parsed from AAAI track pages or OJS issues; affiliation enrichment pending from PDF first pages; Country inferred from full first-page text using local Ollama model
AAAI-2015-A001254,Amit Chopra,United Kingdom,Lancaster University,AAAI,2015,https://cdn.aaai.org/ojs/9443/9443-13-12971-1-2-20201228.pdf,Affiliation parsed from local first-page text extracted from paper PDF; Country inferred from institution using local Ollama model
AAAI-2015-A001255,Munindar Singh,United Kingdom,Lancaster University,AAAI,2015,https://cdn.aaai.org/ojs/9443/9443-13-12971-1-2-20201228.pdf,Affiliation parsed from local first-page text extracted from paper PDF; Country inferred from institution using local Ollama model
AAAI-2015-A001256,Petr Čermák,United Kingdom,"Imperial College London, UK",AAAI,2015,https://cdn.aaai.org/ojs/9444/9444-13-12972-1-2-20201228.pdf,Affiliation parsed from local first-page text extracted from paper PDF
AAAI-2015-A001257,Alessio Lomuscio,United Kingdom,"Imperial College London, UK",AAAI,2015,https://cdn.aaai.org/ojs/9444/9444-13-12972-1-2-20201228.pdf,Affiliation parsed from local first-page text extracted from paper PDF
AAAI-2015-A001258,Aniello Murano,United Kingdom,"Imperial College London, UK",AAAI,2015,https://cdn.aaai.org/ojs/9444/9444-13-12972-1-2-20201228.pdf,Affiliation parsed from local first-page text extracted from paper PDF
AAAI-2015-A001259,Kevin Waugh,United States,UNKNOWN,AAAI,2015,https://aaai.org/papers/9445-solving-games-with-functional-regret-estimation/,Parsed from AAAI track pages or OJS issues; affiliation enrichment pending from PDF first pages; Country inferred from full first-page text using local Ollama model
AAAI-2015-A001260,Dustin Morrill,Canada,UNKNOWN,AAAI,2015,https://aaai.org/papers/9445-solving-games-with-functional-regret-estimation/,Parsed from AAAI track pages or OJS issues; affiliation enrichment pending from PDF first pages; Country inferred from full first-page text using local Ollama model
AAAI-2015-A001261,James Bagnell,United States,UNKNOWN,AAAI,2015,https://aaai.org/papers/9445-solving-games-with-functional-regret-estimation/,Parsed from AAAI track pages or OJS issues; affiliation enrichment pending from PDF first pages; Country inferred from full first-page text using local Ollama model
AAAI-2015-A001262,Michael Bowling,Canada,UNKNOWN,AAAI,2015,https://aaai.org/papers/9445-solving-games-with-functional-regret-estimation/,Parsed from AAAI track pages or OJS issues; affiliation enrichment pending from PDF first pages; Country inferred from full first-page text using local Ollama model
AAAI-2015-A001263,Ognjen Arandjelovic,Australia,"Centre for Pattern Recognition and Data Analytics Deakin University, Australia",AAAI,2015,https://cdn.aaai.org/ojs/9446/9446-13-12974-1-2-20201228.pdf,Affiliation parsed from local first-page text extracted from paper PDF
AAAI-2015-A001264,Christoph Schwering,Germany,Knowledge-Based Systems Group RWTH Aachen University,AAAI,2015,https://cdn.aaai.org/ojs/9407/9407-13-12935-1-2-20201228.pdf,Affiliation parsed from local first-page text extracted from paper PDF; Country inferred from institution using local Ollama model
AAAI-2015-A001265,Gerhard Lakemeyer,Germany,Knowledge-Based Systems Group RWTH Aachen University,AAAI,2015,https://cdn.aaai.org/ojs/9407/9407-13-12935-1-2-20201228.pdf,Affiliation parsed from local first-page text extracted from paper PDF; Country inferred from institution using local Ollama model
AAAI-2015-A001266,Harald Beck,Austria,"Institute of Information Systems, Vienna University of Technology Favoritenstraße - , A- Vienna, Austria",AAAI,2015,https://cdn.aaai.org/ojs/9408/9408-13-12936-1-2-20201228.pdf,Affiliation parsed from local first-page text extracted from paper PDF; Country inferred from institution using local Ollama model
AAAI-2015-A001267,Minh Dao-Tran,Austria,"Institute of Information Systems, Vienna University of Technology Favoritenstraße - , A- Vienna, Austria",AAAI,2015,https://cdn.aaai.org/ojs/9408/9408-13-12936-1-2-20201228.pdf,Affiliation parsed from local first-page text extracted from paper PDF; Country inferred from institution using local Ollama model
AAAI-2015-A001268,Thomas Eiter,Austria,"Institute of Information Systems, Vienna University of Technology Favoritenstraße - , A- Vienna, Austria",AAAI,2015,https://cdn.aaai.org/ojs/9408/9408-13-12936-1-2-20201228.pdf,Affiliation parsed from local first-page text extracted from paper PDF; Country inferred from institution using local Ollama model
AAAI-2015-A001269,Michael Fink,Austria,"Institute of Information Systems, Vienna University of Technology Favoritenstraße - , A- Vienna, Austria",AAAI,2015,https://cdn.aaai.org/ojs/9408/9408-13-12936-1-2-20201228.pdf,Affiliation parsed from local first-page text extracted from paper PDF; Country inferred from institution using local Ollama model
AAAI-2015-A001270,Boris Motik,United Kingdom,"Department of Computer Science, Oxford University Oxford, United Kingdom",AAAI,2015,https://cdn.aaai.org/ojs/9409/9409-13-12937-1-2-20201228.pdf,Affiliation parsed from local first-page text extracted from paper PDF
AAAI-2015-A001271,Yavor Nenov,United Kingdom,"Department of Computer Science, Oxford University Oxford, United Kingdom",AAAI,2015,https://cdn.aaai.org/ojs/9409/9409-13-12937-1-2-20201228.pdf,Affiliation parsed from local first-page text extracted from paper PDF
AAAI-2015-A001272,Robert Piro,United Kingdom,"Department of Computer Science, Oxford University Oxford, United Kingdom",AAAI,2015,https://cdn.aaai.org/ojs/9409/9409-13-12937-1-2-20201228.pdf,Affiliation parsed from local first-page text extracted from paper PDF
AAAI-2015-A001273,Ian Horrocks,United Kingdom,"Department of Computer Science, Oxford University Oxford, United Kingdom",AAAI,2015,https://cdn.aaai.org/ojs/9409/9409-13-12937-1-2-20201228.pdf,Affiliation parsed from local first-page text extracted from paper PDF
AAAI-2015-A001274,Anika Schumann,Ireland,IBM Research - Ireland,AAAI,2015,https://cdn.aaai.org/ojs/9410/9410-13-12938-1-2-20201228.pdf,Affiliation parsed from local first-page text extracted from paper PDF; Country inferred from institution using local Ollama model
AAAI-2015-A001275,Freddy Lecue,Ireland,IBM Research - Ireland,AAAI,2015,https://cdn.aaai.org/ojs/9410/9410-13-12938-1-2-20201228.pdf,Affiliation parsed from local first-page text extracted from paper PDF; Country inferred from institution using local Ollama model
AAAI-2015-A001276,Alexander Bochman,Israel,"Computer Science Department Holon Institute of Technology, Israel",AAAI,2015,https://cdn.aaai.org/ojs/9411/9411-13-12939-1-2-20201228.pdf,Affiliation parsed from local first-page text extracted from paper PDF
AAAI-2015-A001277,Vladimir Lifschitz,Israel,"Computer Science Department Holon Institute of Technology, Israel",AAAI,2015,https://cdn.aaai.org/ojs/9411/9411-13-12939-1-2-20201228.pdf,Affiliation parsed from local first-page text extracted from paper PDF
AAAI-2015-A001278,Zhe Wang,China,"School of Computer Science and Engineering, Southeast University, China State Key Lab for Novel Software Technology, Nanjing University, Nanjing, China",AAAI,2015,https://cdn.aaai.org/ojs/9413/9413-13-12941-1-2-20201228.pdf,Affiliation parsed from local first-page text extracted from paper PDF
AAAI-2015-A001279,Kewen Wang,China,"School of Computer Science and Engineering, Southeast University, China State Key Lab for Novel Software Technology, Nanjing University, Nanjing, China",AAAI,2015,https://cdn.aaai.org/ojs/9413/9413-13-12941-1-2-20201228.pdf,Affiliation parsed from local first-page text extracted from paper PDF
AAAI-2015-A001280,Zhiqiang Zhuang,China,"School of Computer Science and Engineering, Southeast University, China State Key Lab for Novel Software Technology, Nanjing University, Nanjing, China",AAAI,2015,https://cdn.aaai.org/ojs/9413/9413-13-12941-1-2-20201228.pdf,Affiliation parsed from local first-page text extracted from paper PDF
AAAI-2015-A001281,Guilin Qi,China,"School of Computer Science and Engineering, Southeast University, China State Key Lab for Novel Software Technology, Nanjing University, Nanjing, China",AAAI,2015,https://cdn.aaai.org/ojs/9413/9413-13-12941-1-2-20201228.pdf,Affiliation parsed from local first-page text extracted from paper PDF
AAAI-2015-A001282,Sebastian Binnewies,Australia,"School of Information and Communication Technology Griffith University, QLD, Australia",AAAI,2015,https://cdn.aaai.org/ojs/9412/9412-13-12940-1-2-20201228.pdf,Affiliation parsed from local first-page text extracted from paper PDF
AAAI-2015-A001283,Zhiqiang Zhuang,Australia,"School of Information and Communication Technology Griffith University, QLD, Australia",AAAI,2015,https://cdn.aaai.org/ojs/9412/9412-13-12940-1-2-20201228.pdf,Affiliation parsed from local first-page text extracted from paper PDF
AAAI-2015-A001284,Kewen Wang,Australia,"School of Information and Communication Technology Griffith University, QLD, Australia",AAAI,2015,https://cdn.aaai.org/ojs/9412/9412-13-12940-1-2-20201228.pdf,Affiliation parsed from local first-page text extracted from paper PDF
AAAI-2015-A001285,Nicolas Schwind,UNKNOWN,UNKNOWN,AAAI,2015,https://aaai.org/papers/9415-belief-revision-games/,Parsed from AAAI track pages or OJS issues; affiliation enrichment pending from PDF first pages
AAAI-2015-A001286,Katsumi Inoue,Japan,UNKNOWN,AAAI,2015,https://aaai.org/papers/9415-belief-revision-games/,Parsed from AAAI track pages or OJS issues; affiliation enrichment pending from PDF first pages; Country inferred from full first-page text using local Ollama model
AAAI-2015-A001287,Gauvain Bourgne,France,UNKNOWN,AAAI,2015,https://aaai.org/papers/9415-belief-revision-games/,Parsed from AAAI track pages or OJS issues; affiliation enrichment pending from PDF first pages; Country inferred from full first-page text using local Ollama model
AAAI-2015-A001288,Sébastien Konieczny,France,UNKNOWN,AAAI,2015,https://aaai.org/papers/9415-belief-revision-games/,Parsed from AAAI track pages or OJS issues; affiliation enrichment pending from PDF first pages; Country inferred from full first-page text using local Ollama model
AAAI-2015-A001289,Pierre Marquis,France,UNKNOWN,AAAI,2015,https://aaai.org/papers/9415-belief-revision-games/,Parsed from AAAI track pages or OJS issues; affiliation enrichment pending from PDF first pages; Country inferred from full first-page text using local Ollama model
AAAI-2015-A001290,Thomas Lukasiewicz,United Kingdom,"Department of Computer Science, University of Oxford, UK",AAAI,2015,https://cdn.aaai.org/ojs/9414/9414-13-12942-1-2-20201228.pdf,Affiliation parsed from local first-page text extracted from paper PDF
AAAI-2015-A001291,Maria Vanina Martinez,UNKNOWN,UNKNOWN,AAAI,2015,https://aaai.org/papers/9414-from-classical-to-consistent-query-answering-under-existential-rules/,Parsed from AAAI track pages or OJS issues; affiliation enrichment pending from PDF first pages
AAAI-2015-A001292,Andreas Pieris,Austria,"Institute of Information Systems, Vienna University of Technology, Austria",AAAI,2015,https://cdn.aaai.org/ojs/9414/9414-13-12942-1-2-20201228.pdf,Affiliation parsed from local first-page text extracted from paper PDF; Country inferred from institution using local Ollama model
AAAI-2015-A001293,Gerardo Simari,UNKNOWN,UNKNOWN,AAAI,2015,https://aaai.org/papers/9414-from-classical-to-consistent-query-answering-under-existential-rules/,Parsed from AAAI track pages or OJS issues; affiliation enrichment pending from PDF first pages
AAAI-2015-A001294,Dongmo Zhang,Australia,The University of Western Sydney,AAAI,2015,https://cdn.aaai.org/ojs/9416/9416-13-12944-1-2-20201228.pdf,Affiliation parsed from local first-page text extracted from paper PDF; Country inferred from institution using local Ollama model
AAAI-2015-A001295,Michael Thielscher,Australia,The University of Western Sydney,AAAI,2015,https://cdn.aaai.org/ojs/9416/9416-13-12944-1-2-20201228.pdf,Affiliation parsed from local first-page text extracted from paper PDF; Country inferred from institution using local Ollama model
AAAI-2015-A001296,Ana Armas Romero,United Kingdom,"Department of Computer Science, University of Oxford, UK",AAAI,2015,https://cdn.aaai.org/ojs/9418/9418-13-12946-1-2-20201228.pdf,Affiliation parsed from local first-page text extracted from paper PDF
AAAI-2015-A001297,Mark Kaminski,United Kingdom,"Department of Computer Science, University of Oxford, UK",AAAI,2015,https://cdn.aaai.org/ojs/9418/9418-13-12946-1-2-20201228.pdf,Affiliation parsed from local first-page text extracted from paper PDF
AAAI-2015-A001298,Bernardo Cuenca Grau,United Kingdom,"Department of Computer Science, University of Oxford, UK",AAAI,2015,https://cdn.aaai.org/ojs/9418/9418-13-12946-1-2-20201228.pdf,Affiliation parsed from local first-page text extracted from paper PDF
AAAI-2015-A001299,Ian Horrocks,United Kingdom,"Department of Computer Science, University of Oxford, UK",AAAI,2015,https://cdn.aaai.org/ojs/9418/9418-13-12946-1-2-20201228.pdf,Affiliation parsed from local first-page text extracted from paper PDF
AAAI-2015-A001300,Claudia Schulz,United Kingdom,UNKNOWN,AAAI,2015,https://aaai.org/papers/9417-logic-programming-in-assumption-based-argumentation-revisited-semantics-and-graphical-representation/,Parsed from AAAI track pages or OJS issues; affiliation enrichment pending from PDF first pages; Country inferred from full first-page text using local Ollama model
AAAI-2015-A001301,Francesca Toni,United Kingdom,UNKNOWN,AAAI,2015,https://aaai.org/papers/9417-logic-programming-in-assumption-based-argumentation-revisited-semantics-and-graphical-representation/,Parsed from AAAI track pages or OJS issues; affiliation enrichment pending from PDF first pages; Country inferred from full first-page text using local Ollama model
AAAI-2015-A001302,Xiuyi Fan,United Kingdom,UNKNOWN,AAAI,2015,https://aaai.org/papers/9420-on-computing-explanations-in-argumentation/,Parsed from AAAI track pages or OJS issues; affiliation enrichment pending from PDF first pages; Country inferred from full first-page text using local Ollama model
AAAI-2015-A001303,Francesca Toni,United Kingdom,UNKNOWN,AAAI,2015,https://aaai.org/papers/9420-on-computing-explanations-in-argumentation/,Parsed from AAAI track pages or OJS issues; affiliation enrichment pending from PDF first pages; Country inferred from full first-page text using local Ollama model
AAAI-2015-A001304,Yisong Wang,China | Australia,"Department of Computer Science, Guizhou University, China School of Information and Communication Technology, Griffith University, QLD , Australia",AAAI,2015,https://cdn.aaai.org/ojs/9419/9419-13-12947-1-2-20201228.pdf,Affiliation parsed from local first-page text extracted from paper PDF
AAAI-2015-A001305,Kewen Wang,China | Australia,"Department of Computer Science, Guizhou University, China School of Information and Communication Technology, Griffith University, QLD , Australia",AAAI,2015,https://cdn.aaai.org/ojs/9419/9419-13-12947-1-2-20201228.pdf,Affiliation parsed from local first-page text extracted from paper PDF
AAAI-2015-A001306,Zhe Wang,China | Australia,"Department of Computer Science, Guizhou University, China School of Information and Communication Technology, Griffith University, QLD , Australia",AAAI,2015,https://cdn.aaai.org/ojs/9419/9419-13-12947-1-2-20201228.pdf,Affiliation parsed from local first-page text extracted from paper PDF
AAAI-2015-A001307,Zhiqiang Zhuang,China | Australia,"Department of Computer Science, Guizhou University, China School of Information and Communication Technology, Griffith University, QLD , Australia",AAAI,2015,https://cdn.aaai.org/ojs/9419/9419-13-12947-1-2-20201228.pdf,Affiliation parsed from local first-page text extracted from paper PDF
AAAI-2015-A001308,Roni Stern,United States | Israel,"Ben Gurion University of the Negev Be’er Sheva, Israel Palo Alto Research Center Palo Alto, CA, USA",AAAI,2015,https://cdn.aaai.org/ojs/9422/9422-13-12950-1-2-20201228.pdf,Affiliation parsed from local first-page text extracted from paper PDF
AAAI-2015-A001309,Meir Kalech,United States | Israel,"Ben Gurion University of the Negev Be’er Sheva, Israel Palo Alto Research Center Palo Alto, CA, USA",AAAI,2015,https://cdn.aaai.org/ojs/9422/9422-13-12950-1-2-20201228.pdf,Affiliation parsed from local first-page text extracted from paper PDF
AAAI-2015-A001310,Shelly Rogov,United States | Israel,"Ben Gurion University of the Negev Be’er Sheva, Israel Palo Alto Research Center Palo Alto, CA, USA",AAAI,2015,https://cdn.aaai.org/ojs/9422/9422-13-12950-1-2-20201228.pdf,Affiliation parsed from local first-page text extracted from paper PDF
AAAI-2015-A001311,Alexander Feldman,United States | Israel,"Ben Gurion University of the Negev Be’er Sheva, Israel Palo Alto Research Center Palo Alto, CA, USA",AAAI,2015,https://cdn.aaai.org/ojs/9422/9422-13-12950-1-2-20201228.pdf,Affiliation parsed from local first-page text extracted from paper PDF
AAAI-2015-A001312,Guy Van den Broeck,United States,"Computer Science Department University of California, Los Angeles",AAAI,2015,https://cdn.aaai.org/ojs/9423/9423-13-12951-1-2-20201228.pdf,Affiliation parsed from local first-page text extracted from paper PDF; Country inferred from institution using local Ollama model
AAAI-2015-A001313,Adnan Darwiche,United States,"Computer Science Department University of California, Los Angeles",AAAI,2015,https://cdn.aaai.org/ojs/9423/9423-13-12951-1-2-20201228.pdf,Affiliation parsed from local first-page text extracted from paper PDF; Country inferred from institution using local Ollama model
AAAI-2015-A001314,Akshaya Thippur,Sweden,UNKNOWN,AAAI,2015,https://aaai.org/papers/9421-a-comparison-of-qualitative-and-metric-spatial-relation-models-for-scene-understanding/,Parsed from AAAI track pages or OJS issues; affiliation enrichment pending from PDF first pages; Country inferred from full first-page text using local Ollama model
AAAI-2015-A001315,Chris Burbridge,United Kingdom,UNKNOWN,AAAI,2015,https://aaai.org/papers/9421-a-comparison-of-qualitative-and-metric-spatial-relation-models-for-scene-understanding/,Parsed from AAAI track pages or OJS issues; affiliation enrichment pending from PDF first pages; Country inferred from full first-page text using local Ollama model
AAAI-2015-A001316,Lars Kunze,United Kingdom,UNKNOWN,AAAI,2015,https://aaai.org/papers/9421-a-comparison-of-qualitative-and-metric-spatial-relation-models-for-scene-understanding/,Parsed from AAAI track pages or OJS issues; affiliation enrichment pending from PDF first pages; Country inferred from full first-page text using local Ollama model
AAAI-2015-A001317,Marina Alberti,Sweden,UNKNOWN,AAAI,2015,https://aaai.org/papers/9421-a-comparison-of-qualitative-and-metric-spatial-relation-models-for-scene-understanding/,Parsed from AAAI track pages or OJS issues; affiliation enrichment pending from PDF first pages; Country inferred from full first-page text using local Ollama model
AAAI-2015-A001318,John Folkesson,Sweden,UNKNOWN,AAAI,2015,https://aaai.org/papers/9421-a-comparison-of-qualitative-and-metric-spatial-relation-models-for-scene-understanding/,Parsed from AAAI track pages or OJS issues; affiliation enrichment pending from PDF first pages; Country inferred from full first-page text using local Ollama model
AAAI-2015-A001319,Patric Jensfelt,Sweden,UNKNOWN,AAAI,2015,https://aaai.org/papers/9421-a-comparison-of-qualitative-and-metric-spatial-relation-models-for-scene-understanding/,Parsed from AAAI track pages or OJS issues; affiliation enrichment pending from PDF first pages; Country inferred from full first-page text using local Ollama model
AAAI-2015-A001320,Nick Hawes,United Kingdom,UNKNOWN,AAAI,2015,https://aaai.org/papers/9421-a-comparison-of-qualitative-and-metric-spatial-relation-models-for-scene-understanding/,Parsed from AAAI track pages or OJS issues; affiliation enrichment pending from PDF first pages; Country inferred from full first-page text using local Ollama model
AAAI-2015-A001321,Patrick MacAlpine,United States,"Department of Computer Science The University of Texas at Austin Austin, TX , USA",AAAI,2015,https://cdn.aaai.org/ojs/9424/9424-13-12952-1-2-20201228.pdf,Affiliation parsed from local first-page text extracted from paper PDF
AAAI-2015-A001322,Eric Price,United States,"Department of Computer Science The University of Texas at Austin Austin, TX , USA",AAAI,2015,https://cdn.aaai.org/ojs/9424/9424-13-12952-1-2-20201228.pdf,Affiliation parsed from local first-page text extracted from paper PDF
AAAI-2015-A001323,Peter Stone,United States,"Department of Computer Science The University of Texas at Austin Austin, TX , USA",AAAI,2015,https://cdn.aaai.org/ojs/9424/9424-13-12952-1-2-20201228.pdf,Affiliation parsed from local first-page text extracted from paper PDF
AAAI-2015-A001324,Daisuke Hatano,Japan,National Institute of Informatics,AAAI,2015,https://cdn.aaai.org/ojs/9425/9425-13-12953-1-2-20201228.pdf,Affiliation parsed from local first-page text extracted from paper PDF; Country inferred from institution using local Ollama model
AAAI-2015-A001325,Yuichi Yoshida,Japan,National Institute of Informatics,AAAI,2015,https://cdn.aaai.org/ojs/9425/9425-13-12953-1-2-20201228.pdf,Affiliation parsed from local first-page text extracted from paper PDF; Country inferred from institution using local Ollama model
AAAI-2015-A001326,Stefano Albrecht,United Kingdom,The University of Edinburgh,AAAI,2015,https://cdn.aaai.org/ojs/9426/9426-13-12954-1-2-20201228.pdf,Affiliation parsed from local first-page text extracted from paper PDF; Country inferred from institution using local Ollama model
AAAI-2015-A001327,Jacob Crandall,United Kingdom,The University of Edinburgh,AAAI,2015,https://cdn.aaai.org/ojs/9426/9426-13-12954-1-2-20201228.pdf,Affiliation parsed from local first-page text extracted from paper PDF; Country inferred from institution using local Ollama model
AAAI-2015-A001328,Subramanian Ramamoorthy,United Kingdom,The University of Edinburgh,AAAI,2015,https://cdn.aaai.org/ojs/9426/9426-13-12954-1-2-20201228.pdf,Affiliation parsed from local first-page text extracted from paper PDF; Country inferred from institution using local Ollama model
AAAI-2015-A001329,Bart Bogaerts,Belgium,Department of Computer Science,AAAI,2015,https://cdn.aaai.org/ojs/9388/9388-13-12916-1-2-20201228.pdf,Affiliation parsed from local first-page text extracted from paper PDF; Country inferred from full first-page text using local Ollama model
AAAI-2015-A001330,Joost Vennekens,Belgium,Department of Computer Science,AAAI,2015,https://cdn.aaai.org/ojs/9388/9388-13-12916-1-2-20201228.pdf,Affiliation parsed from local first-page text extracted from paper PDF; Country inferred from full first-page text using local Ollama model
AAAI-2015-A001331,Marc Denecker,Belgium,Department of Computer Science,AAAI,2015,https://cdn.aaai.org/ojs/9388/9388-13-12916-1-2-20201228.pdf,Affiliation parsed from local first-page text extracted from paper PDF; Country inferred from full first-page text using local Ollama model
AAAI-2015-A001332,Shiqi Zhang,United States,"Department of Computer Science, The University of Texas at Austin Austin, TX USA",AAAI,2015,https://cdn.aaai.org/ojs/9385/9385-13-12913-1-2-20201228.pdf,Affiliation parsed from local first-page text extracted from paper PDF
AAAI-2015-A001333,Peter Stone,United States,"Department of Computer Science, The University of Texas at Austin Austin, TX USA",AAAI,2015,https://cdn.aaai.org/ojs/9385/9385-13-12913-1-2-20201228.pdf,Affiliation parsed from local first-page text extracted from paper PDF
AAAI-2015-A001334,Dietmar Jannach,Germany,"a TU Dortmund, Germany Alpen-Adria Universität Klagenfurt, Austria",AAAI,2015,https://cdn.aaai.org/ojs/9389/9389-13-12917-1-2-20201228.pdf,Affiliation parsed from local first-page text extracted from paper PDF
AAAI-2015-A001335,Thomas Schmitz,Germany,"a TU Dortmund, Germany Alpen-Adria Universität Klagenfurt, Austria",AAAI,2015,https://cdn.aaai.org/ojs/9389/9389-13-12917-1-2-20201228.pdf,Affiliation parsed from local first-page text extracted from paper PDF
AAAI-2015-A001336,Kostyantyn Shchekotykhin,Germany,"a TU Dortmund, Germany Alpen-Adria Universität Klagenfurt, Austria",AAAI,2015,https://cdn.aaai.org/ojs/9389/9389-13-12917-1-2-20201228.pdf,Affiliation parsed from local first-page text extracted from paper PDF
AAAI-2015-A001337,Yuliya Lierler,United States,UNKNOWN,AAAI,2015,https://aaai.org/papers/9390-an-abstract-view-on-modularity-in-knowledge-representation/,Parsed from AAAI track pages or OJS issues; affiliation enrichment pending from PDF first pages; Country inferred from full first-page text using local Ollama model
AAAI-2015-A001338,Miroslaw Truszczynski,United States,UNKNOWN,AAAI,2015,https://aaai.org/papers/9390-an-abstract-view-on-modularity-in-knowledge-representation/,Parsed from AAAI track pages or OJS issues; affiliation enrichment pending from PDF first pages; Country inferred from full first-page text using local Ollama model
AAAI-2015-A001339,Fei Wu,China,"Department of Information Science and Electronic Engineering Zhejiang University, China College of Computer Science Zhejiang University, China",AAAI,2015,https://cdn.aaai.org/ojs/9391/9391-13-12919-1-2-20201228.pdf,Affiliation parsed from local first-page text extracted from paper PDF
AAAI-2015-A001340,Jun Song,China,"Department of Information Science and Electronic Engineering Zhejiang University, China College of Computer Science Zhejiang University, China",AAAI,2015,https://cdn.aaai.org/ojs/9391/9391-13-12919-1-2-20201228.pdf,Affiliation parsed from local first-page text extracted from paper PDF
AAAI-2015-A001341,Yi Yang,China,"Department of Information Science and Electronic Engineering Zhejiang University, China College of Computer Science Zhejiang University, China",AAAI,2015,https://cdn.aaai.org/ojs/9391/9391-13-12919-1-2-20201228.pdf,Affiliation parsed from local first-page text extracted from paper PDF
AAAI-2015-A001342,Xi Li,China,"Department of Information Science and Electronic Engineering Zhejiang University, China College of Computer Science Zhejiang University, China",AAAI,2015,https://cdn.aaai.org/ojs/9391/9391-13-12919-1-2-20201228.pdf,Affiliation parsed from local first-page text extracted from paper PDF
AAAI-2015-A001343,Zhongfei Zhang,China,"Department of Information Science and Electronic Engineering Zhejiang University, China College of Computer Science Zhejiang University, China",AAAI,2015,https://cdn.aaai.org/ojs/9391/9391-13-12919-1-2-20201228.pdf,Affiliation parsed from local first-page text extracted from paper PDF
AAAI-2015-A001344,Yueting Zhuang,China,"Department of Information Science and Electronic Engineering Zhejiang University, China College of Computer Science Zhejiang University, China",AAAI,2015,https://cdn.aaai.org/ojs/9391/9391-13-12919-1-2-20201228.pdf,Affiliation parsed from local first-page text extracted from paper PDF
AAAI-2015-A001345,Jianfeng Du,China,Guangdong University of,AAAI,2015,https://cdn.aaai.org/ojs/9393/9393-13-12921-1-2-20201228.pdf,Affiliation parsed from local first-page text extracted from paper PDF; Country inferred from institution using local Ollama model
AAAI-2015-A001346,Kewen Wang,China,Guangdong University of,AAAI,2015,https://cdn.aaai.org/ojs/9393/9393-13-12921-1-2-20201228.pdf,Affiliation parsed from local first-page text extracted from paper PDF; Country inferred from institution using local Ollama model
AAAI-2015-A001347,Yi-Dong Shen,China,Guangdong University of,AAAI,2015,https://cdn.aaai.org/ojs/9393/9393-13-12921-1-2-20201228.pdf,Affiliation parsed from local first-page text extracted from paper PDF; Country inferred from institution using local Ollama model
AAAI-2015-A001348,Hannes Strass,Germany,UNKNOWN,AAAI,2015,https://aaai.org/papers/9392-the-relative-expressiveness-of-abstract-argumentation-and-logic-programming/,Parsed from AAAI track pages or OJS issues; affiliation enrichment pending from PDF first pages; Country inferred from full first-page text using local Ollama model
AAAI-2015-A001349,Egor Kostylev,United Kingdom,University of Oxford,AAAI,2015,https://cdn.aaai.org/ojs/9396/9396-13-12924-1-2-20201228.pdf,Affiliation parsed from local first-page text extracted from paper PDF; Country inferred from institution using local Ollama model
AAAI-2015-A001350,Juan Reutter,United Kingdom,University of Oxford,AAAI,2015,https://cdn.aaai.org/ojs/9396/9396-13-12924-1-2-20201228.pdf,Affiliation parsed from local first-page text extracted from paper PDF; Country inferred from institution using local Ollama model
AAAI-2015-A001351,Domagoj Vrgoc,United Kingdom,University of Oxford,AAAI,2015,https://cdn.aaai.org/ojs/9396/9396-13-12924-1-2-20201228.pdf,Affiliation parsed from local first-page text extracted from paper PDF; Country inferred from institution using local Ollama model
AAAI-2015-A001352,Kostyantyn Shchekotykhin,Austria,"Alpen-Adria University, Klagenfurt, Austria",AAAI,2015,https://cdn.aaai.org/ojs/9394/9394-13-12922-1-2-20201228.pdf,Affiliation parsed from local first-page text extracted from paper PDF; Country inferred from institution using local Ollama model
AAAI-2015-A001353,Gerhard Brewka,Germany,UNKNOWN,AAAI,2015,https://aaai.org/papers/9398-asprin-customizing-answer-set-preferences-without-a-headache/,Parsed from AAAI track pages or OJS issues; affiliation enrichment pending from PDF first pages; Country inferred from full first-page text using local Ollama model
AAAI-2015-A001354,James Delgrande,Canada,UNKNOWN,AAAI,2015,https://aaai.org/papers/9398-asprin-customizing-answer-set-preferences-without-a-headache/,Parsed from AAAI track pages or OJS issues; affiliation enrichment pending from PDF first pages; Country inferred from full first-page text using local Ollama model
AAAI-2015-A001355,Javier Romero,Germany,UNKNOWN,AAAI,2015,https://aaai.org/papers/9398-asprin-customizing-answer-set-preferences-without-a-headache/,Parsed from AAAI track pages or OJS issues; affiliation enrichment pending from PDF first pages; Country inferred from full first-page text using local Ollama model
AAAI-2015-A001356,Torsten Schaub,Germany | France | Canada,UNKNOWN,AAAI,2015,https://aaai.org/papers/9398-asprin-customizing-answer-set-preferences-without-a-headache/,Parsed from AAAI track pages or OJS issues; affiliation enrichment pending from PDF first pages; Country inferred from full first-page text using local Ollama model
AAAI-2015-A001357,Jianmin Ji,China,"School of Computer Science and Technology University of Science and Technology of China Hefei , China",AAAI,2015,https://cdn.aaai.org/ojs/9397/9397-13-12925-1-2-20201228.pdf,Affiliation parsed from local first-page text extracted from paper PDF
AAAI-2015-A001358,Hai Wan,China,"School of Computer Science and Technology University of Science and Technology of China Hefei , China",AAAI,2015,https://cdn.aaai.org/ojs/9397/9397-13-12925-1-2-20201228.pdf,Affiliation parsed from local first-page text extracted from paper PDF
AAAI-2015-A001359,Peng Xiao,China,"School of Computer Science and Technology University of Science and Technology of China Hefei , China",AAAI,2015,https://cdn.aaai.org/ojs/9397/9397-13-12925-1-2-20201228.pdf,Affiliation parsed from local first-page text extracted from paper PDF
AAAI-2015-A001360,Federico Cerutti,United Kingdom,UNKNOWN,AAAI,2015,https://aaai.org/papers/9395-exploiting-parallelism-for-hard-problems-in-abstract-argumentation/,Parsed from AAAI track pages or OJS issues; affiliation enrichment pending from PDF first pages; Country inferred from full first-page text using local Ollama model
AAAI-2015-A001361,Ilias Tachmazidis,United Kingdom,UNKNOWN,AAAI,2015,https://aaai.org/papers/9395-exploiting-parallelism-for-hard-problems-in-abstract-argumentation/,Parsed from AAAI track pages or OJS issues; affiliation enrichment pending from PDF first pages; Country inferred from full first-page text using local Ollama model
AAAI-2015-A001362,Mauro Vallati,United Kingdom,UNKNOWN,AAAI,2015,https://aaai.org/papers/9395-exploiting-parallelism-for-hard-problems-in-abstract-argumentation/,Parsed from AAAI track pages or OJS issues; affiliation enrichment pending from PDF first pages; Country inferred from full first-page text using local Ollama model
AAAI-2015-A001363,Sotirios Batsakis,United Kingdom,UNKNOWN,AAAI,2015,https://aaai.org/papers/9395-exploiting-parallelism-for-hard-problems-in-abstract-argumentation/,Parsed from AAAI track pages or OJS issues; affiliation enrichment pending from PDF first pages; Country inferred from full first-page text using local Ollama model
AAAI-2015-A001364,Massimiliano Giacomin,Italy,UNKNOWN,AAAI,2015,https://aaai.org/papers/9395-exploiting-parallelism-for-hard-problems-in-abstract-argumentation/,Parsed from AAAI track pages or OJS issues; affiliation enrichment pending from PDF first pages; Country inferred from full first-page text using local Ollama model
AAAI-2015-A001365,Grigoris Antoniou,United Kingdom,UNKNOWN,AAAI,2015,https://aaai.org/papers/9395-exploiting-parallelism-for-hard-problems-in-abstract-argumentation/,Parsed from AAAI track pages or OJS issues; affiliation enrichment pending from PDF first pages; Country inferred from full first-page text using local Ollama model
AAAI-2015-A001366,Jianmin Ji,China,"School of Computer Science and Technology University of Science and Technology of China Hefei , China",AAAI,2015,https://cdn.aaai.org/ojs/9399/9399-13-12927-1-2-20201228.pdf,Affiliation parsed from local first-page text extracted from paper PDF
AAAI-2015-A001367,Hai Wan,China,"School of Computer Science and Technology University of Science and Technology of China Hefei , China",AAAI,2015,https://cdn.aaai.org/ojs/9399/9399-13-12927-1-2-20201228.pdf,Affiliation parsed from local first-page text extracted from paper PDF
AAAI-2015-A001368,Ziwei Huo,China,"School of Computer Science and Technology University of Science and Technology of China Hefei , China",AAAI,2015,https://cdn.aaai.org/ojs/9399/9399-13-12927-1-2-20201228.pdf,Affiliation parsed from local first-page text extracted from paper PDF
AAAI-2015-A001369,Zhenfeng Yuan,China,"School of Computer Science and Technology University of Science and Technology of China Hefei , China",AAAI,2015,https://cdn.aaai.org/ojs/9399/9399-13-12927-1-2-20201228.pdf,Affiliation parsed from local first-page text extracted from paper PDF
AAAI-2015-A001370,Tran Son,UNKNOWN,UNKNOWN,AAAI,2015,https://aaai.org/papers/9401-exploring-the-kd45-property-of-a-kripke-model-after-the-execution-of-an-action-sequence/,Parsed from AAAI track pages or OJS issues; affiliation enrichment pending from PDF first pages
AAAI-2015-A001371,Enrico Pontelli,UNKNOWN,UNKNOWN,AAAI,2015,https://aaai.org/papers/9401-exploring-the-kd45-property-of-a-kripke-model-after-the-execution-of-an-action-sequence/,Parsed from AAAI track pages or OJS issues; affiliation enrichment pending from PDF first pages
AAAI-2015-A001372,Chitta Baral,UNKNOWN,UNKNOWN,AAAI,2015,https://aaai.org/papers/9401-exploring-the-kd45-property-of-a-kripke-model-after-the-execution-of-an-action-sequence/,Parsed from AAAI track pages or OJS issues; affiliation enrichment pending from PDF first pages
AAAI-2015-A001373,Gregory Gelfond,UNKNOWN,UNKNOWN,AAAI,2015,https://aaai.org/papers/9401-exploring-the-kd45-property-of-a-kripke-model-after-the-execution-of-an-action-sequence/,Parsed from AAAI track pages or OJS issues; affiliation enrichment pending from PDF first pages
AAAI-2015-A001374,Adrian Boteanu,United States,"Worcester Polytechnic Institute Institute Road Worcester, MA",AAAI,2015,https://cdn.aaai.org/ojs/9400/9400-13-12928-1-2-20201228.pdf,Affiliation parsed from local first-page text extracted from paper PDF; Country inferred from institution using local Ollama model
AAAI-2015-A001375,Sonia Chernova,United States,"Worcester Polytechnic Institute Institute Road Worcester, MA",AAAI,2015,https://cdn.aaai.org/ojs/9400/9400-13-12928-1-2-20201228.pdf,Affiliation parsed from local first-page text extracted from paper PDF; Country inferred from institution using local Ollama model
AAAI-2015-A001376,James Delgrande,Canada,UNKNOWN,AAAI,2015,https://aaai.org/papers/9402-a-syntax-independent-approach-to-forgetting-in-disjunctive-logic-programs/,Parsed from AAAI track pages or OJS issues; affiliation enrichment pending from PDF first pages; Country inferred from full first-page text using local Ollama model
AAAI-2015-A001377,Kewen Wang,Australia,UNKNOWN,AAAI,2015,https://aaai.org/papers/9402-a-syntax-independent-approach-to-forgetting-in-disjunctive-logic-programs/,Parsed from AAAI track pages or OJS issues; affiliation enrichment pending from PDF first pages; Country inferred from full first-page text using local Ollama model
AAAI-2015-A001378,Xudong Liu,United States,"Department of Computer Science University of Kentucky Lexington, KY USA",AAAI,2015,https://cdn.aaai.org/ojs/9403/9403-13-12931-1-2-20201228.pdf,Affiliation parsed from local first-page text extracted from paper PDF
AAAI-2015-A001379,Miroslaw Truszczynski,United States,"Department of Computer Science University of Kentucky Lexington, KY USA",AAAI,2015,https://cdn.aaai.org/ojs/9403/9403-13-12931-1-2-20201228.pdf,Affiliation parsed from local first-page text extracted from paper PDF
AAAI-2015-A001380,Joseph Babb,United States,"School of Computing, Informatics, and Decision Systems Engineering Arizona State University Tempe, AZ, USA",AAAI,2015,https://cdn.aaai.org/ojs/9405/9405-13-12933-1-2-20201228.pdf,Affiliation parsed from local first-page text extracted from paper PDF
AAAI-2015-A001381,Joohyung Lee,United States,"School of Computing, Informatics, and Decision Systems Engineering Arizona State University Tempe, AZ, USA",AAAI,2015,https://cdn.aaai.org/ojs/9405/9405-13-12933-1-2-20201228.pdf,Affiliation parsed from local first-page text extracted from paper PDF
AAAI-2015-A001382,Heng Zhang,Australia,"School of Computing, Engineering and Mathematics, University of Western Sydney, Penrith, NSW , Australia",AAAI,2015,https://cdn.aaai.org/ojs/9404/9404-13-12932-1-2-20201228.pdf,Affiliation parsed from local first-page text extracted from paper PDF
AAAI-2015-A001383,Yan Zhang,Australia,"School of Computing, Engineering and Mathematics, University of Western Sydney, Penrith, NSW , Australia",AAAI,2015,https://cdn.aaai.org/ojs/9404/9404-13-12932-1-2-20201228.pdf,Affiliation parsed from local first-page text extracted from paper PDF
AAAI-2015-A001384,Jia-Huai You,Canada,"Department of Computing Science, University of Alberta, Edmonton, AB T6G 2E8, Canada",AAAI,2015,https://cdn.aaai.org/ojs/9404/9404-13-12932-1-2-20201228.pdf,Affiliation parsed from local first-page text extracted from paper PDF
AAAI-2015-A001385,Alessandro Artale,Italy,UNKNOWN,AAAI,2015,https://aaai.org/papers/9406-tractable-interval-temporal-propositional-and-description-logics/,Parsed from AAAI track pages or OJS issues; affiliation enrichment pending from PDF first pages; Country inferred from full first-page text using local Ollama model
AAAI-2015-A001386,Roman Kontchakov,United Kingdom,UNKNOWN,AAAI,2015,https://aaai.org/papers/9406-tractable-interval-temporal-propositional-and-description-logics/,Parsed from AAAI track pages or OJS issues; affiliation enrichment pending from PDF first pages; Country inferred from full first-page text using local Ollama model
AAAI-2015-A001387,Vladislav Ryzhikov,Italy,UNKNOWN,AAAI,2015,https://aaai.org/papers/9406-tractable-interval-temporal-propositional-and-description-logics/,Parsed from AAAI track pages or OJS issues; affiliation enrichment pending from PDF first pages; Country inferred from full first-page text using local Ollama model
AAAI-2015-A001388,Michael Zakharyaschev,United Kingdom,UNKNOWN,AAAI,2015,https://aaai.org/papers/9406-tractable-interval-temporal-propositional-and-description-logics/,Parsed from AAAI track pages or OJS issues; affiliation enrichment pending from PDF first pages; Country inferred from full first-page text using local Ollama model
AAAI-2015-A001389,Yichao Zhou,China,"Institute for Interdisciplinary Information Sciences Tsinghua University, Beijing, P. R. China",AAAI,2015,https://cdn.aaai.org/ojs/9367/9367-13-12895-1-2-20201228.pdf,Affiliation parsed from local first-page text extracted from paper PDF
AAAI-2015-A001390,Jianyang Zeng,China,"Institute for Interdisciplinary Information Sciences Tsinghua University, Beijing, P. R. China",AAAI,2015,https://cdn.aaai.org/ojs/9367/9367-13-12895-1-2-20201228.pdf,Affiliation parsed from local first-page text extracted from paper PDF
AAAI-2015-A001391,Adi Botea,Germany | Australia,IBM Research Ireland Karlsruhe Institute of Technology Germany NICTA Australia,AAAI,2015,https://cdn.aaai.org/ojs/9368/9368-13-12896-1-2-20201228.pdf,Affiliation parsed from local first-page text extracted from paper PDF
AAAI-2015-A001392,Ben Strasser,Germany | Australia,IBM Research Ireland Karlsruhe Institute of Technology Germany NICTA Australia,AAAI,2015,https://cdn.aaai.org/ojs/9368/9368-13-12896-1-2-20201228.pdf,Affiliation parsed from local first-page text extracted from paper PDF
AAAI-2015-A001393,Daniel Harabor,Germany | Australia,IBM Research Ireland Karlsruhe Institute of Technology Germany NICTA Australia,AAAI,2015,https://cdn.aaai.org/ojs/9368/9368-13-12896-1-2-20201228.pdf,Affiliation parsed from local first-page text extracted from paper PDF
AAAI-2015-A001394,Caroline Even,Australia,"National ICT Australia (NICTA), Melbourne, Australia",AAAI,2015,https://cdn.aaai.org/ojs/9370/9370-13-12898-1-2-20201228.pdf,Affiliation parsed from local first-page text extracted from paper PDF
AAAI-2015-A001395,Victor Pillac,Australia,"National ICT Australia (NICTA), Melbourne, Australia",AAAI,2015,https://cdn.aaai.org/ojs/9370/9370-13-12898-1-2-20201228.pdf,Affiliation parsed from local first-page text extracted from paper PDF
AAAI-2015-A001396,Pascal Van Hentenryck,Australia,"National ICT Australia (NICTA), Melbourne, Australia | Australian National University (ANU), Canberra, Australia",AAAI,2015,https://cdn.aaai.org/ojs/9370/9370-13-12898-1-2-20201228.pdf,Affiliation parsed from local first-page text extracted from paper PDF
AAAI-2015-A001397,Emre Yamangil,United States,Rutgers University,AAAI,2015,https://cdn.aaai.org/ojs/9369/9369-13-12897-1-2-20201228.pdf,Affiliation parsed from local first-page text extracted from paper PDF; Country inferred from institution using local Ollama model
AAAI-2015-A001398,Russell Bent,United States,Rutgers University,AAAI,2015,https://cdn.aaai.org/ojs/9369/9369-13-12897-1-2-20201228.pdf,Affiliation parsed from local first-page text extracted from paper PDF; Country inferred from institution using local Ollama model
AAAI-2015-A001399,Scott Backhaus,United States,Rutgers University,AAAI,2015,https://cdn.aaai.org/ojs/9369/9369-13-12897-1-2-20201228.pdf,Affiliation parsed from local first-page text extracted from paper PDF; Country inferred from institution using local Ollama model
AAAI-2015-A001400,Bojun Huang,United States,Microsoft Research,AAAI,2015,https://cdn.aaai.org/ojs/9371/9371-13-12899-1-2-20201228.pdf,Affiliation parsed from local first-page text extracted from paper PDF; Country inferred from institution using local Ollama model
AAAI-2015-A001401,Andreas Fröhlich,UNKNOWN,UNKNOWN,AAAI,2015,https://aaai.org/papers/9372-stochastic-local-search-for-satisfiability-modulo-theories/,Parsed from AAAI track pages or OJS issues; affiliation enrichment pending from PDF first pages
AAAI-2015-A001402,Armin Biere,Austria,UNKNOWN,AAAI,2015,https://aaai.org/papers/9372-stochastic-local-search-for-satisfiability-modulo-theories/,Parsed from AAAI track pages or OJS issues; affiliation enrichment pending from PDF first pages; Country inferred from full first-page text using local Ollama model
AAAI-2015-A001403,Christoph Wintersteiger,UNKNOWN,UNKNOWN,AAAI,2015,https://aaai.org/papers/9372-stochastic-local-search-for-satisfiability-modulo-theories/,Parsed from AAAI track pages or OJS issues; affiliation enrichment pending from PDF first pages
AAAI-2015-A001404,Youssef Hamadi,UNKNOWN,UNKNOWN,AAAI,2015,https://aaai.org/papers/9372-stochastic-local-search-for-satisfiability-modulo-theories/,Parsed from AAAI track pages or OJS issues; affiliation enrichment pending from PDF first pages
AAAI-2015-A001405,Masaaki Nishino,Japan,"NTT Communication Science Laboratories, NTT Corporation ERATO Minato Discrete Structure Manipulation System Project, Japan Science and Technology Agency Graduate School of Information Science and Technology, Hokkaido University",AAAI,2015,https://cdn.aaai.org/ojs/9373/9373-13-12901-1-2-20201228.pdf,Affiliation parsed from local first-page text extracted from paper PDF
AAAI-2015-A001406,Norihito Yasuda,Japan,"NTT Communication Science Laboratories, NTT Corporation ERATO Minato Discrete Structure Manipulation System Project, Japan Science and Technology Agency Graduate School of Information Science and Technology, Hokkaido University",AAAI,2015,https://cdn.aaai.org/ojs/9373/9373-13-12901-1-2-20201228.pdf,Affiliation parsed from local first-page text extracted from paper PDF
AAAI-2015-A001407,Shin-ichi Minato,Japan,"NTT Communication Science Laboratories, NTT Corporation ERATO Minato Discrete Structure Manipulation System Project, Japan Science and Technology Agency Graduate School of Information Science and Technology, Hokkaido University",AAAI,2015,https://cdn.aaai.org/ojs/9373/9373-13-12901-1-2-20201228.pdf,Affiliation parsed from local first-page text extracted from paper PDF
AAAI-2015-A001408,Masaaki Nagata,Japan,"NTT Communication Science Laboratories, NTT Corporation ERATO Minato Discrete Structure Manipulation System Project, Japan Science and Technology Agency Graduate School of Information Science and Technology, Hokkaido University",AAAI,2015,https://cdn.aaai.org/ojs/9373/9373-13-12901-1-2-20201228.pdf,Affiliation parsed from local first-page text extracted from paper PDF
AAAI-2015-A001409,Katharina Eggensperger,Germany,University of Freiburg,AAAI,2015,https://cdn.aaai.org/ojs/9375/9375-13-12903-1-2-20201228.pdf,Affiliation parsed from local first-page text extracted from paper PDF; Country inferred from institution using local Ollama model
AAAI-2015-A001410,Frank Hutter,Germany,University of Freiburg,AAAI,2015,https://cdn.aaai.org/ojs/9375/9375-13-12903-1-2-20201228.pdf,Affiliation parsed from local first-page text extracted from paper PDF; Country inferred from institution using local Ollama model
AAAI-2015-A001411,Holger Hoos,Germany,University of Freiburg,AAAI,2015,https://cdn.aaai.org/ojs/9375/9375-13-12903-1-2-20201228.pdf,Affiliation parsed from local first-page text extracted from paper PDF; Country inferred from institution using local Ollama model
AAAI-2015-A001412,Kevin Leyton-Brown,Germany,University of Freiburg,AAAI,2015,https://cdn.aaai.org/ojs/9375/9375-13-12903-1-2-20201228.pdf,Affiliation parsed from local first-page text extracted from paper PDF; Country inferred from institution using local Ollama model
AAAI-2015-A001413,Joseph Barker,UNKNOWN,UNKNOWN,AAAI,2015,https://aaai.org/papers/9374-limitations-of-front-to-end-bidirectional-heuristic-search/,Parsed from AAAI track pages or OJS issues; affiliation enrichment pending from PDF first pages
AAAI-2015-A001414,Richard Korf,UNKNOWN,UNKNOWN,AAAI,2015,https://aaai.org/papers/9374-limitations-of-front-to-end-bidirectional-heuristic-search/,Parsed from AAAI track pages or OJS issues; affiliation enrichment pending from PDF first pages
AAAI-2015-A001415,Tom Williams,United States,"Human-Robot Interaction Laboratory Tufts University, Medford, MA, USA",AAAI,2015,https://cdn.aaai.org/ojs/9377/9377-13-12905-1-2-20201228.pdf,Affiliation parsed from local first-page text extracted from paper PDF
AAAI-2015-A001416,Gordon Briggs,United States,"Human-Robot Interaction Laboratory Tufts University, Medford, MA, USA",AAAI,2015,https://cdn.aaai.org/ojs/9377/9377-13-12905-1-2-20201228.pdf,Affiliation parsed from local first-page text extracted from paper PDF
AAAI-2015-A001417,Bradley Oosterveld,United States,"Human-Robot Interaction Laboratory Tufts University, Medford, MA, USA",AAAI,2015,https://cdn.aaai.org/ojs/9377/9377-13-12905-1-2-20201228.pdf,Affiliation parsed from local first-page text extracted from paper PDF
AAAI-2015-A001418,Matthias Scheutz,United States,"Human-Robot Interaction Laboratory Tufts University, Medford, MA, USA",AAAI,2015,https://cdn.aaai.org/ojs/9377/9377-13-12905-1-2-20201228.pdf,Affiliation parsed from local first-page text extracted from paper PDF
AAAI-2015-A001419,Goren Gordon,United States,"Personal Robots Group, MIT Media Lab, Ames Street E15- Cambridge, MA",AAAI,2015,https://cdn.aaai.org/ojs/9376/9376-13-12904-1-2-20201228.pdf,Affiliation parsed from local first-page text extracted from paper PDF
AAAI-2015-A001420,Cynthia Breazeal,United States,"Personal Robots Group, MIT Media Lab, Ames Street E15- Cambridge, MA",AAAI,2015,https://cdn.aaai.org/ojs/9376/9376-13-12904-1-2-20201228.pdf,Affiliation parsed from local first-page text extracted from paper PDF
AAAI-2015-A001421,Abdeslam Boularias,United States,"The Robotics Institute, Carnegie Mellon University, Pittsburgh, PA USA",AAAI,2015,https://cdn.aaai.org/ojs/9378/9378-13-12906-1-2-20201228.pdf,Affiliation parsed from local first-page text extracted from paper PDF
AAAI-2015-A001422,James Bagnell,United States,"The Robotics Institute, Carnegie Mellon University, Pittsburgh, PA USA",AAAI,2015,https://cdn.aaai.org/ojs/9378/9378-13-12906-1-2-20201228.pdf,Affiliation parsed from local first-page text extracted from paper PDF
AAAI-2015-A001423,Anthony Stentz,United States,"The Robotics Institute, Carnegie Mellon University, Pittsburgh, PA USA",AAAI,2015,https://cdn.aaai.org/ojs/9378/9378-13-12906-1-2-20201228.pdf,Affiliation parsed from local first-page text extracted from paper PDF
AAAI-2015-A001424,Geun Jo,UNKNOWN,UNKNOWN,AAAI,2015,https://aaai.org/papers/9379-ransac-versus-cs-ransac/,Parsed from AAAI track pages or OJS issues; affiliation enrichment pending from PDF first pages
AAAI-2015-A001425,Kee-Sung Lee,South Korea,"Department of Computer & Information Engineering INHA University Incheon, Korea",AAAI,2015,https://cdn.aaai.org/ojs/9379/9379-13-12907-1-2-20201228.pdf,Affiliation parsed from local first-page text extracted from paper PDF
AAAI-2015-A001426,Devy Chandra,South Korea,"Department of Computer & Information Engineering INHA University Incheon, Korea",AAAI,2015,https://cdn.aaai.org/ojs/9379/9379-13-12907-1-2-20201228.pdf,Affiliation parsed from local first-page text extracted from paper PDF
AAAI-2015-A001427,Chol-Hee Jang,South Korea,"Department of Computer & Information Engineering INHA University Incheon, Korea",AAAI,2015,https://cdn.aaai.org/ojs/9379/9379-13-12907-1-2-20201228.pdf,Affiliation parsed from local first-page text extracted from paper PDF
AAAI-2015-A001428,Myung-Hyun Ga,South Korea,"Department of Computer & Information Engineering INHA University Incheon, Korea",AAAI,2015,https://cdn.aaai.org/ojs/9379/9379-13-12907-1-2-20201228.pdf,Affiliation parsed from local first-page text extracted from paper PDF
AAAI-2015-A001429,Dawei Zhou,United States,University of Rochester,AAAI,2015,https://cdn.aaai.org/ojs/9381/9381-13-12909-1-2-20201228.pdf,Affiliation parsed from local first-page text extracted from paper PDF; Country inferred from institution using local Ollama model
AAAI-2015-A001430,Jiebo Luo,United States,University of Rochester,AAAI,2015,https://cdn.aaai.org/ojs/9381/9381-13-12909-1-2-20201228.pdf,Affiliation parsed from local first-page text extracted from paper PDF; Country inferred from institution using local Ollama model
AAAI-2015-A001431,Vincent Silenzio,United States,University of Rochester,AAAI,2015,https://cdn.aaai.org/ojs/9381/9381-13-12909-1-2-20201228.pdf,Affiliation parsed from local first-page text extracted from paper PDF; Country inferred from institution using local Ollama model
AAAI-2015-A001432,Yun Zhou,United States,University of Rochester,AAAI,2015,https://cdn.aaai.org/ojs/9381/9381-13-12909-1-2-20201228.pdf,Affiliation parsed from local first-page text extracted from paper PDF; Country inferred from institution using local Ollama model
AAAI-2015-A001433,Jile Hu,United States,University of Rochester,AAAI,2015,https://cdn.aaai.org/ojs/9381/9381-13-12909-1-2-20201228.pdf,Affiliation parsed from local first-page text extracted from paper PDF; Country inferred from institution using local Ollama model
AAAI-2015-A001434,Glenn Currier,United States,University of Rochester,AAAI,2015,https://cdn.aaai.org/ojs/9381/9381-13-12909-1-2-20201228.pdf,Affiliation parsed from local first-page text extracted from paper PDF; Country inferred from institution using local Ollama model
AAAI-2015-A001435,Henry Kautz,United States,University of Rochester,AAAI,2015,https://cdn.aaai.org/ojs/9381/9381-13-12909-1-2-20201228.pdf,Affiliation parsed from local first-page text extracted from paper PDF; Country inferred from institution using local Ollama model
AAAI-2015-A001436,Carlotta Schatten,Germany,"Information Systems and Machine Learning Lab, University of Hildesheim",AAAI,2015,https://cdn.aaai.org/ojs/9380/9380-13-12908-1-2-20201228.pdf,Affiliation parsed from local first-page text extracted from paper PDF; Country inferred from institution using local Ollama model
AAAI-2015-A001437,Ruth Janning,Germany,"Information Systems and Machine Learning Lab, University of Hildesheim",AAAI,2015,https://cdn.aaai.org/ojs/9380/9380-13-12908-1-2-20201228.pdf,Affiliation parsed from local first-page text extracted from paper PDF; Country inferred from institution using local Ollama model
AAAI-2015-A001438,Lars Schmidt-Thieme,Germany,"Information Systems and Machine Learning Lab, University of Hildesheim",AAAI,2015,https://cdn.aaai.org/ojs/9380/9380-13-12908-1-2-20201228.pdf,Affiliation parsed from local first-page text extracted from paper PDF; Country inferred from institution using local Ollama model
AAAI-2015-A001439,KinMing Kam,UNKNOWN,UNKNOWN,AAAI,2015,https://aaai.org/papers/9382-pattern-based-variant-best-neighbors-respiratory-motion-prediction-using-orthogonal-polynomials-approximation/,Parsed from AAAI track pages or OJS issues; affiliation enrichment pending from PDF first pages
AAAI-2015-A001440,Shouyi Wang,UNKNOWN,UNKNOWN,AAAI,2015,https://aaai.org/papers/9382-pattern-based-variant-best-neighbors-respiratory-motion-prediction-using-orthogonal-polynomials-approximation/,Parsed from AAAI track pages or OJS issues; affiliation enrichment pending from PDF first pages
AAAI-2015-A001441,Stephen Bowen,United States,UNKNOWN,AAAI,2015,https://aaai.org/papers/9382-pattern-based-variant-best-neighbors-respiratory-motion-prediction-using-orthogonal-polynomials-approximation/,Parsed from AAAI track pages or OJS issues; affiliation enrichment pending from PDF first pages; Country inferred from full first-page text using local Ollama model
AAAI-2015-A001442,Wanpracha Chaovalitwongse,United States,UNKNOWN,AAAI,2015,https://aaai.org/papers/9382-pattern-based-variant-best-neighbors-respiratory-motion-prediction-using-orthogonal-polynomials-approximation/,Parsed from AAAI track pages or OJS issues; affiliation enrichment pending from PDF first pages; Country inferred from full first-page text using local Ollama model
AAAI-2015-A001443,Jean Oh,United States,UNKNOWN,AAAI,2015,https://aaai.org/papers/9383-toward-mobile-robots-reasoning-like-humans/,Parsed from AAAI track pages or OJS issues; affiliation enrichment pending from PDF first pages; Country inferred from full first-page text using local Ollama model
AAAI-2015-A001444,Arne Suppé,United States,UNKNOWN,AAAI,2015,https://aaai.org/papers/9383-toward-mobile-robots-reasoning-like-humans/,Parsed from AAAI track pages or OJS issues; affiliation enrichment pending from PDF first pages; Country inferred from full first-page text using local Ollama model
AAAI-2015-A001445,Felix Duvallet,United States,UNKNOWN,AAAI,2015,https://aaai.org/papers/9383-toward-mobile-robots-reasoning-like-humans/,Parsed from AAAI track pages or OJS issues; affiliation enrichment pending from PDF first pages; Country inferred from full first-page text using local Ollama model
AAAI-2015-A001446,Abdeslam Boularias,United States,UNKNOWN,AAAI,2015,https://aaai.org/papers/9383-toward-mobile-robots-reasoning-like-humans/,Parsed from AAAI track pages or OJS issues; affiliation enrichment pending from PDF first pages; Country inferred from full first-page text using local Ollama model
AAAI-2015-A001447,Luis Navarro-Serment,United States,UNKNOWN,AAAI,2015,https://aaai.org/papers/9383-toward-mobile-robots-reasoning-like-humans/,Parsed from AAAI track pages or OJS issues; affiliation enrichment pending from PDF first pages; Country inferred from full first-page text using local Ollama model
AAAI-2015-A001448,Martial Hebert,United States,UNKNOWN,AAAI,2015,https://aaai.org/papers/9383-toward-mobile-robots-reasoning-like-humans/,Parsed from AAAI track pages or OJS issues; affiliation enrichment pending from PDF first pages; Country inferred from full first-page text using local Ollama model
AAAI-2015-A001449,Anthony Stentz,United States,UNKNOWN,AAAI,2015,https://aaai.org/papers/9383-toward-mobile-robots-reasoning-like-humans/,Parsed from AAAI track pages or OJS issues; affiliation enrichment pending from PDF first pages; Country inferred from full first-page text using local Ollama model
AAAI-2015-A001450,Jerry Vinokurov,United States,UNKNOWN,AAAI,2015,https://aaai.org/papers/9383-toward-mobile-robots-reasoning-like-humans/,Parsed from AAAI track pages or OJS issues; affiliation enrichment pending from PDF first pages; Country inferred from full first-page text using local Ollama model
AAAI-2015-A001451,Oscar Romero,United States,UNKNOWN,AAAI,2015,https://aaai.org/papers/9383-toward-mobile-robots-reasoning-like-humans/,Parsed from AAAI track pages or OJS issues; affiliation enrichment pending from PDF first pages; Country inferred from full first-page text using local Ollama model
AAAI-2015-A001452,Christian Lebiere,United States,UNKNOWN,AAAI,2015,https://aaai.org/papers/9383-toward-mobile-robots-reasoning-like-humans/,Parsed from AAAI track pages or OJS issues; affiliation enrichment pending from PDF first pages; Country inferred from full first-page text using local Ollama model
AAAI-2015-A001453,Robert Dean,United States,UNKNOWN,AAAI,2015,https://aaai.org/papers/9383-toward-mobile-robots-reasoning-like-humans/,Parsed from AAAI track pages or OJS issues; affiliation enrichment pending from PDF first pages; Country inferred from full first-page text using local Ollama model
AAAI-2015-A001454,Jaume Jordán,Spain,UNKNOWN,AAAI,2015,https://aaai.org/papers/9384-game-theoretic-approach-for-non-cooperative-planning/,Parsed from AAAI track pages or OJS issues; affiliation enrichment pending from PDF first pages; Country inferred from full first-page text using local Ollama model
AAAI-2015-A001455,Eva Onaindia,Spain,UNKNOWN,AAAI,2015,https://aaai.org/papers/9384-game-theoretic-approach-for-non-cooperative-planning/,Parsed from AAAI track pages or OJS issues; affiliation enrichment pending from PDF first pages; Country inferred from full first-page text using local Ollama model
AAAI-2015-A001456,Giorgio Stefanoni,United Kingdom,"Department of Computer Science, University of Oxford",AAAI,2015,https://cdn.aaai.org/ojs/9386/9386-13-12914-1-2-20201228.pdf,Affiliation parsed from local first-page text extracted from paper PDF; Country inferred from institution using local Ollama model
AAAI-2015-A001457,Boris Motik,United Kingdom,"Department of Computer Science, University of Oxford",AAAI,2015,https://cdn.aaai.org/ojs/9386/9386-13-12914-1-2-20201228.pdf,Affiliation parsed from local first-page text extracted from paper PDF; Country inferred from institution using local Ollama model
AAAI-2015-A001458,Hua Meng,China,School of Mathematics Southwest Jiaotong University,AAAI,2015,https://cdn.aaai.org/ojs/9387/9387-13-12915-1-2-20201228.pdf,Affiliation parsed from local first-page text extracted from paper PDF; Country inferred from institution using local Ollama model
AAAI-2015-A001459,Hui Kou,China,School of Mathematics Southwest Jiaotong University,AAAI,2015,https://cdn.aaai.org/ojs/9387/9387-13-12915-1-2-20201228.pdf,Affiliation parsed from local first-page text extracted from paper PDF; Country inferred from institution using local Ollama model
AAAI-2015-A001460,Sanjiang Li,China,School of Mathematics Southwest Jiaotong University,AAAI,2015,https://cdn.aaai.org/ojs/9387/9387-13-12915-1-2-20201228.pdf,Affiliation parsed from local first-page text extracted from paper PDF; Country inferred from institution using local Ollama model
AAAI-2015-A001461,Jochen Renz,Australia,Research School of Computer Science The Australian National University,AAAI,2015,https://cdn.aaai.org/ojs/9347/9347-13-12875-1-2-20201228.pdf,Affiliation parsed from local first-page text extracted from paper PDF
AAAI-2015-A001462,Marijn Heule,United States,"The University of Texas at Austin, United States",AAAI,2015,https://cdn.aaai.org/ojs/9348/9348-13-12876-1-2-20201228.pdf,Affiliation parsed from local first-page text extracted from paper PDF
AAAI-2015-A001463,Torsten Schaub,United States,"The University of Texas at Austin, United States",AAAI,2015,https://cdn.aaai.org/ojs/9348/9348-13-12876-1-2-20201228.pdf,Affiliation parsed from local first-page text extracted from paper PDF
AAAI-2015-A001464,Stefan Edelkamp,Germany,UNKNOWN,AAAI,2015,https://aaai.org/papers/9349-bdds-strike-back-in-ai-planning/,Parsed from AAAI track pages or OJS issues; affiliation enrichment pending from PDF first pages; Country inferred from full first-page text using local Ollama model
AAAI-2015-A001465,Peter Kissmann,UNKNOWN,UNKNOWN,AAAI,2015,https://aaai.org/papers/9349-bdds-strike-back-in-ai-planning/,Parsed from AAAI track pages or OJS issues; affiliation enrichment pending from PDF first pages
AAAI-2015-A001466,Alvaro Torralba,UNKNOWN,UNKNOWN,AAAI,2015,https://aaai.org/papers/9349-bdds-strike-back-in-ai-planning/,Parsed from AAAI track pages or OJS issues; affiliation enrichment pending from PDF first pages
AAAI-2015-A001467,Sven Wachsmuth,Germany,Bielefeld University Germany,AAAI,2015,https://cdn.aaai.org/ojs/9350/9350-13-12878-1-2-20201228.pdf,Affiliation parsed from local first-page text extracted from paper PDF
AAAI-2015-A001468,Dirk Holz,Germany,Bielefeld University Germany,AAAI,2015,https://cdn.aaai.org/ojs/9350/9350-13-12878-1-2-20201228.pdf,Affiliation parsed from local first-page text extracted from paper PDF
AAAI-2015-A001469,Maja Rudinac,Germany,Bielefeld University Germany,AAAI,2015,https://cdn.aaai.org/ojs/9350/9350-13-12878-1-2-20201228.pdf,Affiliation parsed from local first-page text extracted from paper PDF
AAAI-2015-A001470,Javier Ruiz-del-Solar,Germany,Bielefeld University Germany,AAAI,2015,https://cdn.aaai.org/ojs/9350/9350-13-12878-1-2-20201228.pdf,Affiliation parsed from local first-page text extracted from paper PDF
AAAI-2015-A001471,Wei Wang,United States,"Department of Computer Science, University of California, Los Angeles",AAAI,2015,https://cdn.aaai.org/ojs/9351/9351-13-12879-1-2-20201228.pdf,Affiliation parsed from local first-page text extracted from paper PDF; Country inferred from institution using local Ollama model
AAAI-2015-A001472,Matthew Hatem,United States,UNKNOWN,AAAI,2015,https://aaai.org/papers/9352-recursive-best-first-search-with-bounded-overhead/,Parsed from AAAI track pages or OJS issues; affiliation enrichment pending from PDF first pages; Country inferred from full first-page text using local Ollama model
AAAI-2015-A001473,Scott Kiesel,United States,UNKNOWN,AAAI,2015,https://aaai.org/papers/9352-recursive-best-first-search-with-bounded-overhead/,Parsed from AAAI track pages or OJS issues; affiliation enrichment pending from PDF first pages; Country inferred from full first-page text using local Ollama model
AAAI-2015-A001474,Wheeler Ruml,United States,UNKNOWN,AAAI,2015,https://aaai.org/papers/9352-recursive-best-first-search-with-bounded-overhead/,Parsed from AAAI track pages or OJS issues; affiliation enrichment pending from PDF first pages; Country inferred from full first-page text using local Ollama model
AAAI-2015-A001475,Hiromasa Arai,United States,The University of Texas at Dallas,AAAI,2015,https://cdn.aaai.org/ojs/9353/9353-13-12881-1-2-20201228.pdf,Affiliation parsed from local first-page text extracted from paper PDF; Country inferred from institution using local Ollama model
AAAI-2015-A001476,Crystal Maung,United States,The University of Texas at Dallas,AAAI,2015,https://cdn.aaai.org/ojs/9353/9353-13-12881-1-2-20201228.pdf,Affiliation parsed from local first-page text extracted from paper PDF; Country inferred from institution using local Ollama model
AAAI-2015-A001477,Haim Schweitzer,United States,The University of Texas at Dallas,AAAI,2015,https://cdn.aaai.org/ojs/9353/9353-13-12881-1-2-20201228.pdf,Affiliation parsed from local first-page text extracted from paper PDF; Country inferred from institution using local Ollama model
AAAI-2015-A001478,Matthias Feurer,Germany,UNKNOWN,AAAI,2015,https://aaai.org/papers/9354-initializing-bayesian-hyperparameter-optimization-via-meta-learning/,Parsed from AAAI track pages or OJS issues; affiliation enrichment pending from PDF first pages; Country inferred from full first-page text using local Ollama model
AAAI-2015-A001479,Jost Springenberg,Germany,UNKNOWN,AAAI,2015,https://aaai.org/papers/9354-initializing-bayesian-hyperparameter-optimization-via-meta-learning/,Parsed from AAAI track pages or OJS issues; affiliation enrichment pending from PDF first pages; Country inferred from full first-page text using local Ollama model
AAAI-2015-A001480,Frank Hutter,Germany,UNKNOWN,AAAI,2015,https://aaai.org/papers/9354-initializing-bayesian-hyperparameter-optimization-via-meta-learning/,Parsed from AAAI track pages or OJS issues; affiliation enrichment pending from PDF first pages; Country inferred from full first-page text using local Ollama model
AAAI-2015-A001481,Carlos Hernandez,Chile,UNKNOWN,AAAI,2015,https://aaai.org/papers/9355-reusing-previously-found-a-paths-for-fast-goal-directed-navigation-in-dynamic-terrain/,Parsed from AAAI track pages or OJS issues; affiliation enrichment pending from PDF first pages; Country inferred from full first-page text using local Ollama model
AAAI-2015-A001482,Roberto Asin,Chile,UNKNOWN,AAAI,2015,https://aaai.org/papers/9355-reusing-previously-found-a-paths-for-fast-goal-directed-navigation-in-dynamic-terrain/,Parsed from AAAI track pages or OJS issues; affiliation enrichment pending from PDF first pages; Country inferred from full first-page text using local Ollama model
AAAI-2015-A001483,Jorge Baier,Chile,UNKNOWN,AAAI,2015,https://aaai.org/papers/9355-reusing-previously-found-a-paths-for-fast-goal-directed-navigation-in-dynamic-terrain/,Parsed from AAAI track pages or OJS issues; affiliation enrichment pending from PDF first pages; Country inferred from full first-page text using local Ollama model
AAAI-2015-A001484,Hossein Mobahi,UNKNOWN,UNKNOWN,AAAI,2015,https://aaai.org/papers/9356-a-theoretical-analysis-of-optimization-by-gaussian-continuation/,Parsed from AAAI track pages or OJS issues; affiliation enrichment pending from PDF first pages
AAAI-2015-A001485,John Fisher III,United States,UNKNOWN,AAAI,2015,https://aaai.org/papers/9356-a-theoretical-analysis-of-optimization-by-gaussian-continuation/,Parsed from AAAI track pages or OJS issues; affiliation enrichment pending from PDF first pages; Country inferred from full first-page text using local Ollama model
AAAI-2015-A001486,Shaowei Cai,China,"State Key Laboratory of Computer Science, Institute of Software, Chinese Academy of Sciences, Beijing, China",AAAI,2015,https://cdn.aaai.org/ojs/9357/9357-13-12885-1-2-20201228.pdf,Affiliation parsed from local first-page text extracted from paper PDF
AAAI-2015-A001487,Jinkun Lin,China,"Key Laboratory of High Confidence Software Technologies, Peking University, Beijing, China",AAAI,2015,https://cdn.aaai.org/ojs/9357/9357-13-12885-1-2-20201228.pdf,Affiliation parsed from local first-page text extracted from paper PDF
AAAI-2015-A001488,Kaile Su,Australia,"Institute for Integrated and Intelligent Systems, Griffith University, Brisbane, Australia",AAAI,2015,https://cdn.aaai.org/ojs/9357/9357-13-12885-1-2-20201228.pdf,Affiliation parsed from local first-page text extracted from paper PDF
AAAI-2015-A001489,Daisuke Hatano,Japan,National Institute of Informatics,AAAI,2015,https://cdn.aaai.org/ojs/9358/9358-13-12886-1-2-20201228.pdf,Affiliation parsed from local first-page text extracted from paper PDF; Country inferred from institution using local Ollama model
AAAI-2015-A001490,Takuro Fukunaga,Japan,National Institute of Informatics,AAAI,2015,https://cdn.aaai.org/ojs/9358/9358-13-12886-1-2-20201228.pdf,Affiliation parsed from local first-page text extracted from paper PDF; Country inferred from institution using local Ollama model
AAAI-2015-A001491,Takanori Maehara,Japan,National Institute of Informatics,AAAI,2015,https://cdn.aaai.org/ojs/9358/9358-13-12886-1-2-20201228.pdf,Affiliation parsed from local first-page text extracted from paper PDF; Country inferred from institution using local Ollama model
AAAI-2015-A001492,Ken-ichi Kawarabayashi,Japan,National Institute of Informatics,AAAI,2015,https://cdn.aaai.org/ojs/9358/9358-13-12886-1-2-20201228.pdf,Affiliation parsed from local first-page text extracted from paper PDF; Country inferred from institution using local Ollama model
AAAI-2015-A001493,Jincheng Mei,China,UNKNOWN,AAAI,2015,https://aaai.org/papers/9359-on-unconstrained-quasi-submodular-function-optimization/,Parsed from AAAI track pages or OJS issues; affiliation enrichment pending from PDF first pages; Country inferred from full first-page text using local Ollama model
AAAI-2015-A001494,Kang Zhao,China,UNKNOWN,AAAI,2015,https://aaai.org/papers/9359-on-unconstrained-quasi-submodular-function-optimization/,Parsed from AAAI track pages or OJS issues; affiliation enrichment pending from PDF first pages; Country inferred from full first-page text using local Ollama model
AAAI-2015-A001495,Bao-Liang Lu,China,UNKNOWN,AAAI,2015,https://aaai.org/papers/9359-on-unconstrained-quasi-submodular-function-optimization/,Parsed from AAAI track pages or OJS issues; affiliation enrichment pending from PDF first pages; Country inferred from full first-page text using local Ollama model
AAAI-2015-A001496,Seyed Hamid Mirisaee,France,"Univ. Grenoble Alps/CNRS Grenoble, France",AAAI,2015,https://cdn.aaai.org/ojs/9361/9361-13-12889-1-2-20201228.pdf,Affiliation parsed from local first-page text extracted from paper PDF
AAAI-2015-A001497,Eric Gaussier,France,"Univ. Grenoble Alps/CNRS Grenoble, France",AAAI,2015,https://cdn.aaai.org/ojs/9361/9361-13-12889-1-2-20201228.pdf,Affiliation parsed from local first-page text extracted from paper PDF
AAAI-2015-A001498,Alexandre Termier,France,"Univ. Grenoble Alps/CNRS Grenoble, France",AAAI,2015,https://cdn.aaai.org/ojs/9361/9361-13-12889-1-2-20201228.pdf,Affiliation parsed from local first-page text extracted from paper PDF
AAAI-2015-A001499,Danny Munera,France,University Paris /CRI,AAAI,2015,https://cdn.aaai.org/ojs/9360/9360-13-12888-1-2-20201228.pdf,Affiliation parsed from local first-page text extracted from paper PDF; Country inferred from institution using local Ollama model
AAAI-2015-A001500,Daniel Diaz,France,University Paris /CRI,AAAI,2015,https://cdn.aaai.org/ojs/9360/9360-13-12888-1-2-20201228.pdf,Affiliation parsed from local first-page text extracted from paper PDF; Country inferred from institution using local Ollama model
AAAI-2015-A001501,Salvador Abreu,France,University Paris /CRI,AAAI,2015,https://cdn.aaai.org/ojs/9360/9360-13-12888-1-2-20201228.pdf,Affiliation parsed from local first-page text extracted from paper PDF; Country inferred from institution using local Ollama model
AAAI-2015-A001502,Francesca Rossi,France,University Paris /CRI,AAAI,2015,https://cdn.aaai.org/ojs/9360/9360-13-12888-1-2-20201228.pdf,Affiliation parsed from local first-page text extracted from paper PDF; Country inferred from institution using local Ollama model
AAAI-2015-A001503,Vijay Saraswat,France,University Paris /CRI,AAAI,2015,https://cdn.aaai.org/ojs/9360/9360-13-12888-1-2-20201228.pdf,Affiliation parsed from local first-page text extracted from paper PDF; Country inferred from institution using local Ollama model
AAAI-2015-A001504,Philippe Codognet,France,University Paris /CRI,AAAI,2015,https://cdn.aaai.org/ojs/9360/9360-13-12888-1-2-20201228.pdf,Affiliation parsed from local first-page text extracted from paper PDF; Country inferred from institution using local Ollama model
AAAI-2015-A001505,Nawal Benabbou,France,"Sorbonne Universites, UPMC Univ Paris , UMR , LIP6 CNRS, UMR , LIP6, F- , Paris, France Place Jussieu, Paris, France",AAAI,2015,https://cdn.aaai.org/ojs/9362/9362-13-12890-1-2-20201228.pdf,Affiliation parsed from local first-page text extracted from paper PDF
AAAI-2015-A001506,Patrice Perny,France,"Sorbonne Universites, UPMC Univ Paris , UMR , LIP6 CNRS, UMR , LIP6, F- , Paris, France Place Jussieu, Paris, France",AAAI,2015,https://cdn.aaai.org/ojs/9362/9362-13-12890-1-2-20201228.pdf,Affiliation parsed from local first-page text extracted from paper PDF
AAAI-2015-A001507,Yeqin Zhang,Canada,"Computing Science, University of Alberta",AAAI,2015,https://cdn.aaai.org/ojs/9363/9363-13-12891-1-2-20201228.pdf,Affiliation parsed from local first-page text extracted from paper PDF; Country inferred from institution using local Ollama model
AAAI-2015-A001508,Martin Müller,Canada,"Computing Science, University of Alberta",AAAI,2015,https://cdn.aaai.org/ojs/9363/9363-13-12891-1-2-20201228.pdf,Affiliation parsed from local first-page text extracted from paper PDF; Country inferred from institution using local Ollama model
AAAI-2015-A001509,Tyler Lu,Canada,Department of Computer Science University of Toronto,AAAI,2015,https://cdn.aaai.org/ojs/9364/9364-13-12892-1-2-20201228.pdf,Affiliation parsed from local first-page text extracted from paper PDF; Country inferred from institution using local Ollama model
AAAI-2015-A001510,Craig Boutilier,Canada,Department of Computer Science University of Toronto,AAAI,2015,https://cdn.aaai.org/ojs/9364/9364-13-12892-1-2-20201228.pdf,Affiliation parsed from local first-page text extracted from paper PDF; Country inferred from institution using local Ollama model
AAAI-2015-A001511,Tiep Le,United States,Department of Computer Science New Mexico State University,AAAI,2015,https://cdn.aaai.org/ojs/9365/9365-13-12893-1-2-20201228.pdf,Affiliation parsed from local first-page text extracted from paper PDF; Country inferred from institution using local Ollama model
AAAI-2015-A001512,Tran Son,UNKNOWN,UNKNOWN,AAAI,2015,https://aaai.org/papers/9365-solving-distributed-constraint-optimization-problems-using-logic-programming/,Parsed from AAAI track pages or OJS issues; affiliation enrichment pending from PDF first pages
AAAI-2015-A001513,Enrico Pontelli,United States,Department of Computer Science New Mexico State University,AAAI,2015,https://cdn.aaai.org/ojs/9365/9365-13-12893-1-2-20201228.pdf,Affiliation parsed from local first-page text extracted from paper PDF; Country inferred from institution using local Ollama model
AAAI-2015-A001514,William Yeoh,United States,Department of Computer Science New Mexico State University,AAAI,2015,https://cdn.aaai.org/ojs/9365/9365-13-12893-1-2-20201228.pdf,Affiliation parsed from local first-page text extracted from paper PDF; Country inferred from institution using local Ollama model
AAAI-2015-A001515,Shunji Umetani,Japan,"Graduate School of Information Science and Technology, Osaka University",AAAI,2015,https://cdn.aaai.org/ojs/9366/9366-13-12894-1-2-20201228.pdf,Affiliation parsed from local first-page text extracted from paper PDF; Country inferred from institution using local Ollama model
AAAI-2015-A001516,Aron Laszka,United States,UNKNOWN,AAAI,2015,https://aaai.org/papers/9327-optimal-personalized-filtering-against-spear-phishing-attacks/,Parsed from AAAI track pages or OJS issues; affiliation enrichment pending from PDF first pages; Country inferred from full first-page text using local Ollama model
AAAI-2015-A001517,Yevgeniy Vorobeychik,United States,UNKNOWN,AAAI,2015,https://aaai.org/papers/9327-optimal-personalized-filtering-against-spear-phishing-attacks/,Parsed from AAAI track pages or OJS issues; affiliation enrichment pending from PDF first pages; Country inferred from full first-page text using local Ollama model
AAAI-2015-A001518,Xenofon Koutsoukos,United States,UNKNOWN,AAAI,2015,https://aaai.org/papers/9327-optimal-personalized-filtering-against-spear-phishing-attacks/,Parsed from AAAI track pages or OJS issues; affiliation enrichment pending from PDF first pages; Country inferred from full first-page text using local Ollama model
AAAI-2015-A001519,Zinovi Rabinovich,Israel,UNKNOWN,AAAI,2015,https://aaai.org/papers/9328-analysis-of-equilibria-in-iterative-voting-schemes/,Parsed from AAAI track pages or OJS issues; affiliation enrichment pending from PDF first pages; Country inferred from full first-page text using local Ollama model
AAAI-2015-A001520,Svetlana Obraztsova,Greece | Israel,UNKNOWN,AAAI,2015,https://aaai.org/papers/9328-analysis-of-equilibria-in-iterative-voting-schemes/,Parsed from AAAI track pages or OJS issues; affiliation enrichment pending from PDF first pages; Country inferred from full first-page text using local Ollama model
AAAI-2015-A001521,Omer Lev,Israel,UNKNOWN,AAAI,2015,https://aaai.org/papers/9328-analysis-of-equilibria-in-iterative-voting-schemes/,Parsed from AAAI track pages or OJS issues; affiliation enrichment pending from PDF first pages; Country inferred from full first-page text using local Ollama model
AAAI-2015-A001522,Evangelos Markakis,Greece,UNKNOWN,AAAI,2015,https://aaai.org/papers/9328-analysis-of-equilibria-in-iterative-voting-schemes/,Parsed from AAAI track pages or OJS issues; affiliation enrichment pending from PDF first pages; Country inferred from full first-page text using local Ollama model
AAAI-2015-A001523,Jeffrey Rosenschein,Israel,UNKNOWN,AAAI,2015,https://aaai.org/papers/9328-analysis-of-equilibria-in-iterative-voting-schemes/,Parsed from AAAI track pages or OJS issues; affiliation enrichment pending from PDF first pages; Country inferred from full first-page text using local Ollama model
AAAI-2015-A001524,Hadi Hosseini,Canada,"Cheriton School of Computer Science University of Waterloo Waterloo, ON, Canada",AAAI,2015,https://cdn.aaai.org/ojs/9329/9329-13-12857-1-2-20201228.pdf,Affiliation parsed from local first-page text extracted from paper PDF
AAAI-2015-A001525,Kate Larson,Canada,"Cheriton School of Computer Science University of Waterloo Waterloo, ON, Canada",AAAI,2015,https://cdn.aaai.org/ojs/9329/9329-13-12857-1-2-20201228.pdf,Affiliation parsed from local first-page text extracted from paper PDF
AAAI-2015-A001526,Robin Cohen,Canada,"Cheriton School of Computer Science University of Waterloo Waterloo, ON, Canada",AAAI,2015,https://cdn.aaai.org/ojs/9329/9329-13-12857-1-2-20201228.pdf,Affiliation parsed from local first-page text extracted from paper PDF
AAAI-2015-A001527,Markus Brill,United States | United Kingdom,"Department of Computer Science Duke University Durham, NC , USA",AAAI,2015,https://cdn.aaai.org/ojs/9330/9330-13-12858-1-2-20201228.pdf,Affiliation parsed from local first-page text extracted from paper PDF
AAAI-2015-A001528,Vincent Conitzer,United States | United Kingdom,"Department of Computer Science Duke University Durham, NC , USA",AAAI,2015,https://cdn.aaai.org/ojs/9330/9330-13-12858-1-2-20201228.pdf,Affiliation parsed from local first-page text extracted from paper PDF
AAAI-2015-A001529,Svetlana Obraztsova,UNKNOWN,UNKNOWN,AAAI,2015,https://aaai.org/papers/9331-on-the-convergence-of-iterative-voting-how-restrictive-should-restricted-dynamics-be/,Parsed from AAAI track pages or OJS issues; affiliation enrichment pending from PDF first pages
AAAI-2015-A001530,Evangelos Markakis,UNKNOWN,UNKNOWN,AAAI,2015,https://aaai.org/papers/9331-on-the-convergence-of-iterative-voting-how-restrictive-should-restricted-dynamics-be/,Parsed from AAAI track pages or OJS issues; affiliation enrichment pending from PDF first pages
AAAI-2015-A001531,Maria Polukarov,UNKNOWN,UNKNOWN,AAAI,2015,https://aaai.org/papers/9331-on-the-convergence-of-iterative-voting-how-restrictive-should-restricted-dynamics-be/,Parsed from AAAI track pages or OJS issues; affiliation enrichment pending from PDF first pages
AAAI-2015-A001532,Zinovi Rabinovich,Israel,UNKNOWN,AAAI,2015,https://aaai.org/papers/9331-on-the-convergence-of-iterative-voting-how-restrictive-should-restricted-dynamics-be/,Parsed from AAAI track pages or OJS issues; affiliation enrichment pending from PDF first pages; Country inferred from full first-page text using local Ollama model
AAAI-2015-A001533,Nicholas Jennings,United Kingdom,UNKNOWN,AAAI,2015,https://aaai.org/papers/9331-on-the-convergence-of-iterative-voting-how-restrictive-should-restricted-dynamics-be/,Parsed from AAAI track pages or OJS issues; affiliation enrichment pending from PDF first pages; Country inferred from full first-page text using local Ollama model
AAAI-2015-A001534,Kareem Amin,United States,Computer and Information Science University of Pennsylvania,AAAI,2015,https://cdn.aaai.org/ojs/9332/9332-13-12860-1-2-20201228.pdf,Affiliation parsed from local first-page text extracted from paper PDF; Country inferred from institution using local Ollama model
AAAI-2015-A001535,Rachel Cummings,United States,Computer and Information Science University of Pennsylvania,AAAI,2015,https://cdn.aaai.org/ojs/9332/9332-13-12860-1-2-20201228.pdf,Affiliation parsed from local first-page text extracted from paper PDF; Country inferred from institution using local Ollama model
AAAI-2015-A001536,Lili Dworkin,United States,Computer and Information Science University of Pennsylvania,AAAI,2015,https://cdn.aaai.org/ojs/9332/9332-13-12860-1-2-20201228.pdf,Affiliation parsed from local first-page text extracted from paper PDF; Country inferred from institution using local Ollama model
AAAI-2015-A001537,Michael Kearns,United States,Computer and Information Science University of Pennsylvania,AAAI,2015,https://cdn.aaai.org/ojs/9332/9332-13-12860-1-2-20201228.pdf,Affiliation parsed from local first-page text extracted from paper PDF; Country inferred from institution using local Ollama model
AAAI-2015-A001538,Aaron Roth,United States,Computer and Information Science University of Pennsylvania,AAAI,2015,https://cdn.aaai.org/ojs/9332/9332-13-12860-1-2-20201228.pdf,Affiliation parsed from local first-page text extracted from paper PDF; Country inferred from institution using local Ollama model
AAAI-2015-A001539,Ariel Rosenfeld,Israel,"Department of Computer Science Bar-Ilan University, Ramat-Gan, Israel",AAAI,2015,https://cdn.aaai.org/ojs/9333/9333-13-12861-1-2-20201228.pdf,Affiliation parsed from local first-page text extracted from paper PDF
AAAI-2015-A001540,Sarit Kraus,Israel,"Department of Computer Science Bar-Ilan University, Ramat-Gan, Israel",AAAI,2015,https://cdn.aaai.org/ojs/9333/9333-13-12861-1-2-20201228.pdf,Affiliation parsed from local first-page text extracted from paper PDF
AAAI-2015-A001541,Nihar Shah,United States,UNKNOWN,AAAI,2015,https://aaai.org/papers/9336-on-the-impossibility-of-convex-inference-in-human-computation/,Parsed from AAAI track pages or OJS issues; affiliation enrichment pending from PDF first pages; Country inferred from full first-page text using local Ollama model
AAAI-2015-A001542,Dengyong Zhou,United States,UNKNOWN,AAAI,2015,https://aaai.org/papers/9336-on-the-impossibility-of-convex-inference-in-human-computation/,Parsed from AAAI track pages or OJS issues; affiliation enrichment pending from PDF first pages; Country inferred from full first-page text using local Ollama model
AAAI-2015-A001543,Biqiao Zhang,United States,"University of Michigan, Ann Arbor",AAAI,2015,https://cdn.aaai.org/ojs/9334/9334-13-12862-1-2-20201228.pdf,Affiliation parsed from local first-page text extracted from paper PDF
AAAI-2015-A001544,Emily Mower Provost,United States,"University of Michigan, Ann Arbor",AAAI,2015,https://cdn.aaai.org/ojs/9334/9334-13-12862-1-2-20201228.pdf,Affiliation parsed from local first-page text extracted from paper PDF
AAAI-2015-A001545,Robert Swedberg,United States,"University of Michigan, Ann Arbor",AAAI,2015,https://cdn.aaai.org/ojs/9334/9334-13-12862-1-2-20201228.pdf,Affiliation parsed from local first-page text extracted from paper PDF
AAAI-2015-A001546,Georg Essl,United States,"University of Michigan, Ann Arbor",AAAI,2015,https://cdn.aaai.org/ojs/9334/9334-13-12862-1-2-20201228.pdf,Affiliation parsed from local first-page text extracted from paper PDF
AAAI-2015-A001547,Han Yu,Singapore,"School of Computer Engineering, Nanyang Technological University, Singapore",AAAI,2015,https://cdn.aaai.org/ojs/9337/9337-13-12865-1-2-20201228.pdf,Affiliation parsed from local first-page text extracted from paper PDF
AAAI-2015-A001548,Chunyan Miao,Singapore,"School of Computer Engineering, Nanyang Technological University, Singapore",AAAI,2015,https://cdn.aaai.org/ojs/9337/9337-13-12865-1-2-20201228.pdf,Affiliation parsed from local first-page text extracted from paper PDF
AAAI-2015-A001549,Zhiqi Shen,Singapore,"School of Computer Engineering, Nanyang Technological University, Singapore",AAAI,2015,https://cdn.aaai.org/ojs/9337/9337-13-12865-1-2-20201228.pdf,Affiliation parsed from local first-page text extracted from paper PDF
AAAI-2015-A001550,Cyril Leung,Singapore,"School of Computer Engineering, Nanyang Technological University, Singapore",AAAI,2015,https://cdn.aaai.org/ojs/9337/9337-13-12865-1-2-20201228.pdf,Affiliation parsed from local first-page text extracted from paper PDF
AAAI-2015-A001551,Yiqiang Chen,China,"Institute of Computing Technology, Chinese Academy of Sciences, Beijing, China",AAAI,2015,https://cdn.aaai.org/ojs/9337/9337-13-12865-1-2-20201228.pdf,Affiliation parsed from local first-page text extracted from paper PDF
AAAI-2015-A001552,Qiang Yang,Hong Kong,"Department of Computer Science and Engineering, Hong Kong University of Science and Technology, Hong Kong",AAAI,2015,https://cdn.aaai.org/ojs/9337/9337-13-12865-1-2-20201228.pdf,Affiliation parsed from local first-page text extracted from paper PDF; Country inferred from institution using local Ollama model
AAAI-2015-A001553,Avshalom Elmalech,Israel,Bar-Ilan University,AAAI,2015,https://cdn.aaai.org/ojs/9335/9335-13-12863-1-2-20201228.pdf,Affiliation parsed from local first-page text extracted from paper PDF; Country inferred from institution using local Ollama model
AAAI-2015-A001554,David Sarne,Israel,Bar-Ilan University,AAAI,2015,https://cdn.aaai.org/ojs/9335/9335-13-12863-1-2-20201228.pdf,Affiliation parsed from local first-page text extracted from paper PDF; Country inferred from institution using local Ollama model
AAAI-2015-A001555,Avi Rosenfeld,Israel,Bar-Ilan University,AAAI,2015,https://cdn.aaai.org/ojs/9335/9335-13-12863-1-2-20201228.pdf,Affiliation parsed from local first-page text extracted from paper PDF; Country inferred from institution using local Ollama model
AAAI-2015-A001556,Eden Erez,Israel,Bar-Ilan University,AAAI,2015,https://cdn.aaai.org/ojs/9335/9335-13-12863-1-2-20201228.pdf,Affiliation parsed from local first-page text extracted from paper PDF; Country inferred from institution using local Ollama model
AAAI-2015-A001557,Long Tran-Thanh,United Kingdom,"University of Southampton, UK",AAAI,2015,https://cdn.aaai.org/ojs/9338/9338-13-12866-1-2-20201228.pdf,Affiliation parsed from local first-page text extracted from paper PDF
AAAI-2015-A001558,Trung Dong Huynh,United Kingdom,"University of Southampton, UK",AAAI,2015,https://cdn.aaai.org/ojs/9338/9338-13-12866-1-2-20201228.pdf,Affiliation parsed from local first-page text extracted from paper PDF
AAAI-2015-A001559,Avi Rosenfeld,United Kingdom,"University of Southampton, UK",AAAI,2015,https://cdn.aaai.org/ojs/9338/9338-13-12866-1-2-20201228.pdf,Affiliation parsed from local first-page text extracted from paper PDF
AAAI-2015-A001560,Sarvapali Ramchurn,United Kingdom,"University of Southampton, UK",AAAI,2015,https://cdn.aaai.org/ojs/9338/9338-13-12866-1-2-20201228.pdf,Affiliation parsed from local first-page text extracted from paper PDF
AAAI-2015-A001561,Nicholas Jennings,United Kingdom,"University of Southampton, UK",AAAI,2015,https://cdn.aaai.org/ojs/9338/9338-13-12866-1-2-20201228.pdf,Affiliation parsed from local first-page text extracted from paper PDF
AAAI-2015-A001562,David Sanchez-Charles,Spain,UNKNOWN,AAAI,2015,https://aaai.org/papers/9339-crowdwon-a-modelling-language-for-crowd-processes-based-on-workflow-nets/,Parsed from AAAI track pages or OJS issues; affiliation enrichment pending from PDF first pages; Country inferred from full first-page text using local Ollama model
AAAI-2015-A001563,Victor Muntes-Mulero,Spain,UNKNOWN,AAAI,2015,https://aaai.org/papers/9339-crowdwon-a-modelling-language-for-crowd-processes-based-on-workflow-nets/,Parsed from AAAI track pages or OJS issues; affiliation enrichment pending from PDF first pages; Country inferred from full first-page text using local Ollama model
AAAI-2015-A001564,Marc Sole,Spain,UNKNOWN,AAAI,2015,https://aaai.org/papers/9339-crowdwon-a-modelling-language-for-crowd-processes-based-on-workflow-nets/,Parsed from AAAI track pages or OJS issues; affiliation enrichment pending from PDF first pages; Country inferred from full first-page text using local Ollama model
AAAI-2015-A001565,Jordi Nin,Spain,UNKNOWN,AAAI,2015,https://aaai.org/papers/9339-crowdwon-a-modelling-language-for-crowd-processes-based-on-workflow-nets/,Parsed from AAAI track pages or OJS issues; affiliation enrichment pending from PDF first pages; Country inferred from full first-page text using local Ollama model
AAAI-2015-A001566,Yuezhou Lv,China,Tsinghua University,AAAI,2015,https://cdn.aaai.org/ojs/9341/9341-13-12869-1-2-20201228.pdf,Affiliation parsed from local first-page text extracted from paper PDF; Country inferred from institution using local Ollama model
AAAI-2015-A001567,Thomas Moscibroda,China,Tsinghua University,AAAI,2015,https://cdn.aaai.org/ojs/9341/9341-13-12869-1-2-20201228.pdf,Affiliation parsed from local first-page text extracted from paper PDF; Country inferred from institution using local Ollama model
AAAI-2015-A001568,Praphul Chandra,India,"Indian Institute of Science, Bangalore, India | Hewlett Packard, Bangalore, India",AAAI,2015,https://cdn.aaai.org/ojs/9340/9340-13-12868-1-2-20201228.pdf,Affiliation parsed from local first-page text extracted from paper PDF; Country inferred from institution using local Ollama model
AAAI-2015-A001569,Yadati Narahari,India,"Indian Institute of Science, Bangalore, India",AAAI,2015,https://cdn.aaai.org/ojs/9340/9340-13-12868-1-2-20201228.pdf,Affiliation parsed from local first-page text extracted from paper PDF; Country inferred from institution using local Ollama model
AAAI-2015-A001570,Debmalya Mandal,United States,"SEAS, Harvard University, Cambrige, MA, USA",AAAI,2015,https://cdn.aaai.org/ojs/9340/9340-13-12868-1-2-20201228.pdf,Affiliation parsed from local first-page text extracted from paper PDF
AAAI-2015-A001571,Prasenjit Dey,India,"IBM Research, Bangalore, India",AAAI,2015,https://cdn.aaai.org/ojs/9340/9340-13-12868-1-2-20201228.pdf,Affiliation parsed from local first-page text extracted from paper PDF; Country inferred from institution using local Ollama model
AAAI-2015-A001572,Diego Noble,Brazil,"Institute of Informatics, Federal University of Rio Grande do Sul - Porto Alegre, - , Brazil",AAAI,2015,https://cdn.aaai.org/ojs/9342/9342-13-12870-1-2-20201228.pdf,Affiliation parsed from local first-page text extracted from paper PDF; Country inferred from institution using local Ollama model
AAAI-2015-A001573,Marcelo Prates,Brazil,"Institute of Informatics, Federal University of Rio Grande do Sul - Porto Alegre, - , Brazil",AAAI,2015,https://cdn.aaai.org/ojs/9342/9342-13-12870-1-2-20201228.pdf,Affiliation parsed from local first-page text extracted from paper PDF; Country inferred from institution using local Ollama model
AAAI-2015-A001574,Daniel Bossle,Brazil,"Institute of Informatics, Federal University of Rio Grande do Sul - Porto Alegre, - , Brazil",AAAI,2015,https://cdn.aaai.org/ojs/9342/9342-13-12870-1-2-20201228.pdf,Affiliation parsed from local first-page text extracted from paper PDF; Country inferred from institution using local Ollama model
AAAI-2015-A001575,Luís Lamb,Brazil,"Institute of Informatics, Federal University of Rio Grande do Sul - Porto Alegre, - , Brazil",AAAI,2015,https://cdn.aaai.org/ojs/9342/9342-13-12870-1-2-20201228.pdf,Affiliation parsed from local first-page text extracted from paper PDF; Country inferred from institution using local Ollama model
AAAI-2015-A001576,Preethi Jyothi,United States,"Beckman Institute for Advanced Science and Technology University of Illinois at Urbana-Champaign N. Mathews, Urbana, Illinois people alike. On the face of it, recovering the original text from mismatched transcriptions seems like a very hard problem as crucial information about the original text is lost in such a transcription. However, even though no single individual can provide sufficient information to recover the foreign language transcriptions, using a crowd of workers might allow us to do so. We initiate a systematic inquiry into this question. We formalize the problem of decoding from mismatched transcriptions as follows. We are given a corpus of speech in a foreign language and access to a crowd unfamiliar with that language. The crowd workers can be requested to listen to segments of this speech and provide us with English letter sequences that most closely match what they hear. The problem then is to recover a transcription of the original speech from these letter sequences. Our main contributions in this work are:",AAAI,2015,https://cdn.aaai.org/ojs/9343/9343-13-12871-1-2-20201228.pdf,Affiliation parsed from local first-page text extracted from paper PDF
AAAI-2015-A001577,Mark Hasegawa-Johnson,United States,"Beckman Institute for Advanced Science and Technology University of Illinois at Urbana-Champaign N. Mathews, Urbana, Illinois people alike. On the face of it, recovering the original text from mismatched transcriptions seems like a very hard problem as crucial information about the original text is lost in such a transcription. However, even though no single individual can provide sufficient information to recover the foreign language transcriptions, using a crowd of workers might allow us to do so. We initiate a systematic inquiry into this question. We formalize the problem of decoding from mismatched transcriptions as follows. We are given a corpus of speech in a foreign language and access to a crowd unfamiliar with that language. The crowd workers can be requested to listen to segments of this speech and provide us with English letter sequences that most closely match what they hear. The problem then is to recover a transcription of the original speech from these letter sequences. Our main contributions in this work are:",AAAI,2015,https://cdn.aaai.org/ojs/9343/9343-13-12871-1-2-20201228.pdf,Affiliation parsed from local first-page text extracted from paper PDF
AAAI-2015-A001578,Chitta Baral,United States,Arizona State University,AAAI,2015,https://cdn.aaai.org/ojs/9344/9344-13-12872-1-2-20201228.pdf,Affiliation parsed from local first-page text extracted from paper PDF; Country inferred from institution using local Ollama model
AAAI-2015-A001579,Giuseppe De Giacomo,United States,Arizona State University,AAAI,2015,https://cdn.aaai.org/ojs/9344/9344-13-12872-1-2-20201228.pdf,Affiliation parsed from local first-page text extracted from paper PDF; Country inferred from institution using local Ollama model
AAAI-2015-A001580,Jeffrey Bigham,United States,Carnegie Mellon University,AAAI,2015,https://cdn.aaai.org/ojs/9346/9346-13-12874-1-2-20201228.pdf,Affiliation parsed from local first-page text extracted from paper PDF
AAAI-2015-A001581,Wei Li,Canada,"Autodesk Research, Toronto, Canada",AAAI,2015,https://cdn.aaai.org/ojs/9345/9345-13-12873-1-2-20201228.pdf,Affiliation parsed from local first-page text extracted from paper PDF
AAAI-2015-A001582,Elliot Anshelevich,United States,"Rensselaer Polytechnic Institute 8th Street, Troy NY",AAAI,2015,https://cdn.aaai.org/ojs/9308/9308-13-12836-1-2-20201228.pdf,Affiliation parsed from local first-page text extracted from paper PDF; Country inferred from institution using local Ollama model
AAAI-2015-A001583,Onkar Bhardwaj,United States,"Rensselaer Polytechnic Institute 8th Street, Troy NY",AAAI,2015,https://cdn.aaai.org/ojs/9308/9308-13-12836-1-2-20201228.pdf,Affiliation parsed from local first-page text extracted from paper PDF; Country inferred from institution using local Ollama model
AAAI-2015-A001584,John Postl,United States,"Rensselaer Polytechnic Institute 8th Street, Troy NY",AAAI,2015,https://cdn.aaai.org/ojs/9308/9308-13-12836-1-2-20201228.pdf,Affiliation parsed from local first-page text extracted from paper PDF; Country inferred from institution using local Ollama model
AAAI-2015-A001585,Paolo Serafino,United Kingdom,School of Computing Teesside University,AAAI,2015,https://cdn.aaai.org/ojs/9307/9307-13-12835-1-2-20201228.pdf,Affiliation parsed from local first-page text extracted from paper PDF; Country inferred from institution using local Ollama model
AAAI-2015-A001586,Carmine Ventre,United Kingdom,School of Computing Teesside University,AAAI,2015,https://cdn.aaai.org/ojs/9307/9307-13-12835-1-2-20201228.pdf,Affiliation parsed from local first-page text extracted from paper PDF; Country inferred from institution using local Ollama model
AAAI-2015-A001587,Erel Segal-Halevi,Israel,Bar-Ilan University,AAAI,2015,https://cdn.aaai.org/ojs/9309/9309-13-12837-1-2-20201228.pdf,Affiliation parsed from local first-page text extracted from paper PDF; Country inferred from institution using local Ollama model
AAAI-2015-A001588,Avinatan Hassidim,Israel,Bar-Ilan University,AAAI,2015,https://cdn.aaai.org/ojs/9309/9309-13-12837-1-2-20201228.pdf,Affiliation parsed from local first-page text extracted from paper PDF; Country inferred from institution using local Ollama model
AAAI-2015-A001589,Yonatan Aumann,Israel,Bar-Ilan University,AAAI,2015,https://cdn.aaai.org/ojs/9309/9309-13-12837-1-2-20201228.pdf,Affiliation parsed from local first-page text extracted from paper PDF; Country inferred from institution using local Ollama model
AAAI-2015-A001590,Michal Feldman,Israel,Tel Aviv University,AAAI,2015,https://cdn.aaai.org/ojs/9310/9310-13-12838-1-2-20201228.pdf,Affiliation parsed from local first-page text extracted from paper PDF; Country inferred from institution using local Ollama model
AAAI-2015-A001591,Ofir Geri,Israel,Tel Aviv University,AAAI,2015,https://cdn.aaai.org/ojs/9310/9310-13-12838-1-2-20201228.pdf,Affiliation parsed from local first-page text extracted from paper PDF; Country inferred from institution using local Ollama model
AAAI-2015-A001592,Mithun Chakraborty,United States,UNKNOWN,AAAI,2015,https://aaai.org/papers/9313-price-evolution-in-a-continuous-double-auction-prediction-market-with-a-scoring-rule-based-market-maker/,Parsed from AAAI track pages or OJS issues; affiliation enrichment pending from PDF first pages; Country inferred from full first-page text using local Ollama model
AAAI-2015-A001593,Sanmay Das,United States,UNKNOWN,AAAI,2015,https://aaai.org/papers/9313-price-evolution-in-a-continuous-double-auction-prediction-market-with-a-scoring-rule-based-market-maker/,Parsed from AAAI track pages or OJS issues; affiliation enrichment pending from PDF first pages; Country inferred from full first-page text using local Ollama model
AAAI-2015-A001594,Justin Peabody,United States,UNKNOWN,AAAI,2015,https://aaai.org/papers/9313-price-evolution-in-a-continuous-double-auction-prediction-market-with-a-scoring-rule-based-market-maker/,Parsed from AAAI track pages or OJS issues; affiliation enrichment pending from PDF first pages; Country inferred from full first-page text using local Ollama model
AAAI-2015-A001595,Anna Karlin,UNKNOWN,UNKNOWN,AAAI,2015,https://aaai.org/papers/9312-on-a-competitive-secretary-problem/,Parsed from AAAI track pages or OJS issues; affiliation enrichment pending from PDF first pages
AAAI-2015-A001596,Eric Lei,UNKNOWN,UNKNOWN,AAAI,2015,https://aaai.org/papers/9312-on-a-competitive-secretary-problem/,Parsed from AAAI track pages or OJS issues; affiliation enrichment pending from PDF first pages
AAAI-2015-A001597,Goran Radanovic,United States | Switzerland,"Ecole Polytechnique Federale de Lausanne (EPFL) Artificial Intelligence Laboratory CH- Lausanne, Switzerland",AAAI,2015,https://cdn.aaai.org/ojs/9311/9311-13-12839-1-2-20201228.pdf,Affiliation parsed from local first-page text extracted from paper PDF
AAAI-2015-A001598,Boi Faltings,United States | Switzerland,"Ecole Polytechnique Federale de Lausanne (EPFL) Artificial Intelligence Laboratory CH- Lausanne, Switzerland",AAAI,2015,https://cdn.aaai.org/ojs/9311/9311-13-12839-1-2-20201228.pdf,Affiliation parsed from local first-page text extracted from paper PDF
AAAI-2015-A001599,Uriel Feige,Israel,Weizmann Institute of Science,AAAI,2015,https://cdn.aaai.org/ojs/9314/9314-13-12842-1-2-20201228.pdf,Affiliation parsed from local first-page text extracted from paper PDF; Country inferred from institution using local Ollama model
AAAI-2015-A001600,Michal Feldman,Israel,Weizmann Institute of Science,AAAI,2015,https://cdn.aaai.org/ojs/9314/9314-13-12842-1-2-20201228.pdf,Affiliation parsed from local first-page text extracted from paper PDF; Country inferred from institution using local Ollama model
AAAI-2015-A001601,Nicole Immorlica,Israel,Weizmann Institute of Science,AAAI,2015,https://cdn.aaai.org/ojs/9314/9314-13-12842-1-2-20201228.pdf,Affiliation parsed from local first-page text extracted from paper PDF; Country inferred from institution using local Ollama model
AAAI-2015-A001602,Rani Izsak,Israel,Weizmann Institute of Science,AAAI,2015,https://cdn.aaai.org/ojs/9314/9314-13-12842-1-2-20201228.pdf,Affiliation parsed from local first-page text extracted from paper PDF; Country inferred from institution using local Ollama model
AAAI-2015-A001603,Brendan Lucier,Israel,Weizmann Institute of Science,AAAI,2015,https://cdn.aaai.org/ojs/9314/9314-13-12842-1-2-20201228.pdf,Affiliation parsed from local first-page text extracted from paper PDF; Country inferred from institution using local Ollama model
AAAI-2015-A001604,Vasilis Syrgkanis,Israel,Weizmann Institute of Science,AAAI,2015,https://cdn.aaai.org/ojs/9314/9314-13-12842-1-2-20201228.pdf,Affiliation parsed from local first-page text extracted from paper PDF; Country inferred from institution using local Ollama model
AAAI-2015-A001605,Yiling Chen,United States,UNKNOWN,AAAI,2015,https://aaai.org/papers/9316-fair-information-sharing-for-treasure-hunting/,Parsed from AAAI track pages or OJS issues; affiliation enrichment pending from PDF first pages; Country inferred from full first-page text using local Ollama model
AAAI-2015-A001606,Kobbi Nissim,Israel | United States,UNKNOWN,AAAI,2015,https://aaai.org/papers/9316-fair-information-sharing-for-treasure-hunting/,Parsed from AAAI track pages or OJS issues; affiliation enrichment pending from PDF first pages; Country inferred from full first-page text using local Ollama model
AAAI-2015-A001607,Bo Waggoner,United States,UNKNOWN,AAAI,2015,https://aaai.org/papers/9316-fair-information-sharing-for-treasure-hunting/,Parsed from AAAI track pages or OJS issues; affiliation enrichment pending from PDF first pages; Country inferred from full first-page text using local Ollama model
AAAI-2015-A001608,Rafael Frongillo,United States,Harvard University,AAAI,2015,https://cdn.aaai.org/ojs/9315/9315-13-12843-1-2-20201228.pdf,Affiliation parsed from local first-page text extracted from paper PDF; Country inferred from institution using local Ollama model
AAAI-2015-A001609,Yiling Chen,United States,Harvard University,AAAI,2015,https://cdn.aaai.org/ojs/9315/9315-13-12843-1-2-20201228.pdf,Affiliation parsed from local first-page text extracted from paper PDF; Country inferred from institution using local Ollama model
AAAI-2015-A001610,Ian Kash,United States,Harvard University,AAAI,2015,https://cdn.aaai.org/ojs/9315/9315-13-12843-1-2-20201228.pdf,Affiliation parsed from local first-page text extracted from paper PDF; Country inferred from institution using local Ollama model
AAAI-2015-A001611,Jeremiah Blocki,United States,UNKNOWN,AAAI,2015,https://aaai.org/papers/9317-audit-games-with-multiple-defender-resources/,Parsed from AAAI track pages or OJS issues; affiliation enrichment pending from PDF first pages; Country inferred from full first-page text using local Ollama model
AAAI-2015-A001612,Nicolas Christin,United States,UNKNOWN,AAAI,2015,https://aaai.org/papers/9317-audit-games-with-multiple-defender-resources/,Parsed from AAAI track pages or OJS issues; affiliation enrichment pending from PDF first pages; Country inferred from full first-page text using local Ollama model
AAAI-2015-A001613,Anupam Datta,United States,UNKNOWN,AAAI,2015,https://aaai.org/papers/9317-audit-games-with-multiple-defender-resources/,Parsed from AAAI track pages or OJS issues; affiliation enrichment pending from PDF first pages; Country inferred from full first-page text using local Ollama model
AAAI-2015-A001614,Ariel Procaccia,United States,UNKNOWN,AAAI,2015,https://aaai.org/papers/9317-audit-games-with-multiple-defender-resources/,Parsed from AAAI track pages or OJS issues; affiliation enrichment pending from PDF first pages; Country inferred from full first-page text using local Ollama model
AAAI-2015-A001615,Arunesh Sinha,United States,UNKNOWN,AAAI,2015,https://aaai.org/papers/9317-audit-games-with-multiple-defender-resources/,Parsed from AAAI track pages or OJS issues; affiliation enrichment pending from PDF first pages; Country inferred from full first-page text using local Ollama model
AAAI-2015-A001616,Etsushi Fujita,Japan,Kyushu University,AAAI,2015,https://cdn.aaai.org/ojs/9318/9318-13-12846-1-2-20201228.pdf,Affiliation parsed from local first-page text extracted from paper PDF; Country inferred from institution using local Ollama model
AAAI-2015-A001617,Julien Lesca,Japan,Kyushu University,AAAI,2015,https://cdn.aaai.org/ojs/9318/9318-13-12846-1-2-20201228.pdf,Affiliation parsed from local first-page text extracted from paper PDF; Country inferred from institution using local Ollama model
AAAI-2015-A001618,Akihisa Sonoda,Japan,Kyushu University,AAAI,2015,https://cdn.aaai.org/ojs/9318/9318-13-12846-1-2-20201228.pdf,Affiliation parsed from local first-page text extracted from paper PDF; Country inferred from institution using local Ollama model
AAAI-2015-A001619,Taiki Todo,Japan,Kyushu University,AAAI,2015,https://cdn.aaai.org/ojs/9318/9318-13-12846-1-2-20201228.pdf,Affiliation parsed from local first-page text extracted from paper PDF; Country inferred from institution using local Ollama model
AAAI-2015-A001620,Makoto Yokoo,Japan,Kyushu University,AAAI,2015,https://cdn.aaai.org/ojs/9318/9318-13-12846-1-2-20201228.pdf,Affiliation parsed from local first-page text extracted from paper PDF; Country inferred from institution using local Ollama model
AAAI-2015-A001621,Branislav Bosansky,Czech Republic | Denmark,UNKNOWN,AAAI,2015,https://aaai.org/papers/9319-combining-compact-representation-and-incremental-generation-in-large-games-with-sequential-strategies/,Parsed from AAAI track pages or OJS issues; affiliation enrichment pending from PDF first pages; Country inferred from full first-page text using local Ollama model
AAAI-2015-A001622,Albert Xin Jiang,United States,"Department of Computer Science, Trinity University, San Antonio, Texas",AAAI,2015,https://cdn.aaai.org/ojs/9319/9319-13-12847-1-2-20201228.pdf,Affiliation parsed from local first-page text extracted from paper PDF; Country inferred from institution using local Ollama model
AAAI-2015-A001623,Milind Tambe,United States,"Computer Science Department, University of Southern California, Los Angeles",AAAI,2015,https://cdn.aaai.org/ojs/9319/9319-13-12847-1-2-20201228.pdf,Affiliation parsed from local first-page text extracted from paper PDF; Country inferred from institution using local Ollama model
AAAI-2015-A001624,Christopher Kiekintveld,United States,"Computer Science Department, University of Texas at El Paso",AAAI,2015,https://cdn.aaai.org/ojs/9319/9319-13-12847-1-2-20201228.pdf,Affiliation parsed from local first-page text extracted from paper PDF; Country inferred from institution using local Ollama model
AAAI-2015-A001625,Ryoji Kurata,United Kingdom | Japan,": Kyushu University, Motooka , Fukuoka, Japan",AAAI,2015,https://cdn.aaai.org/ojs/9320/9320-13-12848-1-2-20201228.pdf,Affiliation parsed from local first-page text extracted from paper PDF
AAAI-2015-A001626,Masahiro Goto,United Kingdom | Japan,": Kyushu University, Motooka , Fukuoka, Japan",AAAI,2015,https://cdn.aaai.org/ojs/9320/9320-13-12848-1-2-20201228.pdf,Affiliation parsed from local first-page text extracted from paper PDF
AAAI-2015-A001627,Atsushi Iwasaki,United Kingdom | Japan,": Kyushu University, Motooka , Fukuoka, Japan",AAAI,2015,https://cdn.aaai.org/ojs/9320/9320-13-12848-1-2-20201228.pdf,Affiliation parsed from local first-page text extracted from paper PDF
AAAI-2015-A001628,Makoto Yokoo,United Kingdom | Japan,": Kyushu University, Motooka , Fukuoka, Japan",AAAI,2015,https://cdn.aaai.org/ojs/9320/9320-13-12848-1-2-20201228.pdf,Affiliation parsed from local first-page text extracted from paper PDF
AAAI-2015-A001629,Edith Elkind,UNKNOWN,UNKNOWN,AAAI,2015,https://aaai.org/papers/9321-the-complexity-of-recognizing-incomplete-single-crossing-preferences/,Parsed from AAAI track pages or OJS issues; affiliation enrichment pending from PDF first pages
AAAI-2015-A001630,Piotr Faliszewski,Poland,UNKNOWN,AAAI,2015,https://aaai.org/papers/9321-the-complexity-of-recognizing-incomplete-single-crossing-preferences/,Parsed from AAAI track pages or OJS issues; affiliation enrichment pending from PDF first pages; Country inferred from full first-page text using local Ollama model
AAAI-2015-A001631,Martin Lackner,Austria,UNKNOWN,AAAI,2015,https://aaai.org/papers/9321-the-complexity-of-recognizing-incomplete-single-crossing-preferences/,Parsed from AAAI track pages or OJS issues; affiliation enrichment pending from PDF first pages; Country inferred from full first-page text using local Ollama model
AAAI-2015-A001632,Svetlana Obraztsova,Israel | Greece,UNKNOWN,AAAI,2015,https://aaai.org/papers/9321-the-complexity-of-recognizing-incomplete-single-crossing-preferences/,Parsed from AAAI track pages or OJS issues; affiliation enrichment pending from PDF first pages; Country inferred from full first-page text using local Ollama model
AAAI-2015-A001633,Chen Hajaj,Israel,Bar-Ilan University,AAAI,2015,https://cdn.aaai.org/ojs/9322/9322-13-12850-1-2-20201228.pdf,Affiliation parsed from local first-page text extracted from paper PDF; Country inferred from institution using local Ollama model
AAAI-2015-A001634,John Dickerson,Israel,Bar-Ilan University,AAAI,2015,https://cdn.aaai.org/ojs/9322/9322-13-12850-1-2-20201228.pdf,Affiliation parsed from local first-page text extracted from paper PDF; Country inferred from institution using local Ollama model
AAAI-2015-A001635,Avinatan Hassidim,Israel,Bar-Ilan University,AAAI,2015,https://cdn.aaai.org/ojs/9322/9322-13-12850-1-2-20201228.pdf,Affiliation parsed from local first-page text extracted from paper PDF; Country inferred from institution using local Ollama model
AAAI-2015-A001636,Tuomas Sandholm,Israel,Bar-Ilan University,AAAI,2015,https://cdn.aaai.org/ojs/9322/9322-13-12850-1-2-20201228.pdf,Affiliation parsed from local first-page text extracted from paper PDF; Country inferred from institution using local Ollama model
AAAI-2015-A001637,David Sarne,Israel,Bar-Ilan University,AAAI,2015,https://cdn.aaai.org/ojs/9322/9322-13-12850-1-2-20201228.pdf,Affiliation parsed from local first-page text extracted from paper PDF; Country inferred from institution using local Ollama model
AAAI-2015-A001638,Jiarui Gan,China | Taiwan,UNKNOWN,AAAI,2015,https://aaai.org/papers/9323-security-games-with-protection-externalities/,Parsed from AAAI track pages or OJS issues; affiliation enrichment pending from PDF first pages; Country inferred from full first-page text using local Ollama model
AAAI-2015-A001639,Bo An,Singapore | China,UNKNOWN,AAAI,2015,https://aaai.org/papers/9323-security-games-with-protection-externalities/,Parsed from AAAI track pages or OJS issues; affiliation enrichment pending from PDF first pages; Country inferred from full first-page text using local Ollama model
AAAI-2015-A001640,Yevgeniy Vorobeychik,United States,UNKNOWN,AAAI,2015,https://aaai.org/papers/9323-security-games-with-protection-externalities/,Parsed from AAAI track pages or OJS issues; affiliation enrichment pending from PDF first pages; Country inferred from full first-page text using local Ollama model
AAAI-2015-A001641,Haris Aziz,United States | United Kingdom | Australia,"University of Oxford Oxford OX1 3QD, UK Duke University Durham, NC , USA NICTA and UNSW, Sydney , Australia",AAAI,2015,https://cdn.aaai.org/ojs/9324/9324-13-12852-1-2-20201228.pdf,Affiliation parsed from local first-page text extracted from paper PDF
AAAI-2015-A001642,Markus Brill,United States | United Kingdom | Australia,"University of Oxford Oxford OX1 3QD, UK Duke University Durham, NC , USA NICTA and UNSW, Sydney , Australia",AAAI,2015,https://cdn.aaai.org/ojs/9324/9324-13-12852-1-2-20201228.pdf,Affiliation parsed from local first-page text extracted from paper PDF
AAAI-2015-A001643,Vincent Conitzer,United States | United Kingdom | Australia,"University of Oxford Oxford OX1 3QD, UK Duke University Durham, NC , USA NICTA and UNSW, Sydney , Australia",AAAI,2015,https://cdn.aaai.org/ojs/9324/9324-13-12852-1-2-20201228.pdf,Affiliation parsed from local first-page text extracted from paper PDF
AAAI-2015-A001644,Edith Elkind,United States | United Kingdom | Australia,"University of Oxford Oxford OX1 3QD, UK Duke University Durham, NC , USA NICTA and UNSW, Sydney , Australia",AAAI,2015,https://cdn.aaai.org/ojs/9324/9324-13-12852-1-2-20201228.pdf,Affiliation parsed from local first-page text extracted from paper PDF
AAAI-2015-A001645,Rupert Freeman,United States | United Kingdom | Australia,"University of Oxford Oxford OX1 3QD, UK Duke University Durham, NC , USA NICTA and UNSW, Sydney , Australia",AAAI,2015,https://cdn.aaai.org/ojs/9324/9324-13-12852-1-2-20201228.pdf,Affiliation parsed from local first-page text extracted from paper PDF
AAAI-2015-A001646,Toby Walsh,United States | United Kingdom | Australia,"University of Oxford Oxford OX1 3QD, UK Duke University Durham, NC , USA NICTA and UNSW, Sydney , Australia",AAAI,2015,https://cdn.aaai.org/ojs/9324/9324-13-12852-1-2-20201228.pdf,Affiliation parsed from local first-page text extracted from paper PDF
AAAI-2015-A001647,Dengji Zhao,United Kingdom,University of Southampton,AAAI,2015,https://cdn.aaai.org/ojs/9325/9325-13-12853-1-2-20201228.pdf,Affiliation parsed from local first-page text extracted from paper PDF; Country inferred from institution using local Ollama model
AAAI-2015-A001648,Sarvapali Ramchurn,United Kingdom,University of Southampton,AAAI,2015,https://cdn.aaai.org/ojs/9325/9325-13-12853-1-2-20201228.pdf,Affiliation parsed from local first-page text extracted from paper PDF; Country inferred from institution using local Ollama model
AAAI-2015-A001649,Enrico Gerding,United Kingdom,University of Southampton,AAAI,2015,https://cdn.aaai.org/ojs/9325/9325-13-12853-1-2-20201228.pdf,Affiliation parsed from local first-page text extracted from paper PDF; Country inferred from institution using local Ollama model
AAAI-2015-A001650,Nicholas Jennings,United Kingdom,University of Southampton,AAAI,2015,https://cdn.aaai.org/ojs/9325/9325-13-12853-1-2-20201228.pdf,Affiliation parsed from local first-page text extracted from paper PDF; Country inferred from institution using local Ollama model
AAAI-2015-A001651,Mason Wright,United States,University of Michigan,AAAI,2015,https://cdn.aaai.org/ojs/9326/9326-13-12854-1-2-20201228.pdf,Affiliation parsed from local first-page text extracted from paper PDF
AAAI-2015-A001652,Yevgeniy Vorobeychik,United States,University of Michigan,AAAI,2015,https://cdn.aaai.org/ojs/9326/9326-13-12854-1-2-20201228.pdf,Affiliation parsed from local first-page text extracted from paper PDF
AAAI-2015-A001653,Noam Brown,United States,Computer Science Department Carnegie Mellon University,AAAI,2015,https://cdn.aaai.org/ojs/9285/9285-13-12813-1-2-20201228.pdf,Affiliation parsed from local first-page text extracted from paper PDF
AAAI-2015-A001654,Sam Ganzfried,United States,Computer Science Department Carnegie Mellon University,AAAI,2015,https://cdn.aaai.org/ojs/9285/9285-13-12813-1-2-20201228.pdf,Affiliation parsed from local first-page text extracted from paper PDF
AAAI-2015-A001655,Tuomas Sandholm,United States,Computer Science Department Carnegie Mellon University,AAAI,2015,https://cdn.aaai.org/ojs/9285/9285-13-12813-1-2-20201228.pdf,Affiliation parsed from local first-page text extracted from paper PDF
AAAI-2015-A001656,Umair Ahmed,India,UNKNOWN,AAAI,2015,https://aaai.org/papers/9287-automatic-generation-of-alternative-starting-positions-for-simple-traditional-board-games/,Parsed from AAAI track pages or OJS issues; affiliation enrichment pending from PDF first pages; Country inferred from full first-page text using local Ollama model
AAAI-2015-A001657,Krishnendu Chatterjee,Austria,UNKNOWN,AAAI,2015,https://aaai.org/papers/9287-automatic-generation-of-alternative-starting-positions-for-simple-traditional-board-games/,Parsed from AAAI track pages or OJS issues; affiliation enrichment pending from PDF first pages; Country inferred from full first-page text using local Ollama model
AAAI-2015-A001658,Sumit Gulwani,United States,UNKNOWN,AAAI,2015,https://aaai.org/papers/9287-automatic-generation-of-alternative-starting-positions-for-simple-traditional-board-games/,Parsed from AAAI track pages or OJS issues; affiliation enrichment pending from PDF first pages; Country inferred from full first-page text using local Ollama model
AAAI-2015-A001659,Benedikt Bünz,United States,UNKNOWN,AAAI,2015,https://aaai.org/papers/9289-a-faster-core-constraint-generation-algorithm-for-combinatorial-auctions/,Parsed from AAAI track pages or OJS issues; affiliation enrichment pending from PDF first pages; Country inferred from full first-page text using local Ollama model
AAAI-2015-A001660,Sven Seuken,Switzerland,UNKNOWN,AAAI,2015,https://aaai.org/papers/9289-a-faster-core-constraint-generation-algorithm-for-combinatorial-auctions/,Parsed from AAAI track pages or OJS issues; affiliation enrichment pending from PDF first pages; Country inferred from full first-page text using local Ollama model
AAAI-2015-A001661,Benjamin Lubin,United States,UNKNOWN,AAAI,2015,https://aaai.org/papers/9289-a-faster-core-constraint-generation-algorithm-for-combinatorial-auctions/,Parsed from AAAI track pages or OJS issues; affiliation enrichment pending from PDF first pages; Country inferred from full first-page text using local Ollama model
AAAI-2015-A001662,Haifeng Xu,United States,"University of Southern California, Los Angeles, CA , USA",AAAI,2015,https://cdn.aaai.org/ojs/9290/9290-13-12818-1-2-20201228.pdf,Affiliation parsed from local first-page text extracted from paper PDF
AAAI-2015-A001663,Zinovi Rabinovich,United States,"University of Southern California, Los Angeles, CA , USA",AAAI,2015,https://cdn.aaai.org/ojs/9290/9290-13-12818-1-2-20201228.pdf,Affiliation parsed from local first-page text extracted from paper PDF
AAAI-2015-A001664,Shaddin Dughmi,United States,"University of Southern California, Los Angeles, CA , USA",AAAI,2015,https://cdn.aaai.org/ojs/9290/9290-13-12818-1-2-20201228.pdf,Affiliation parsed from local first-page text extracted from paper PDF
AAAI-2015-A001665,Milind Tambe,United States,"University of Southern California, Los Angeles, CA , USA",AAAI,2015,https://cdn.aaai.org/ojs/9290/9290-13-12818-1-2-20201228.pdf,Affiliation parsed from local first-page text extracted from paper PDF
AAAI-2015-A001666,Reshef Meir,United States,Harvard University,AAAI,2015,https://cdn.aaai.org/ojs/9291/9291-13-12819-1-2-20201228.pdf,Affiliation parsed from local first-page text extracted from paper PDF; Country inferred from institution using local Ollama model
AAAI-2015-A001667,David Parkes,United States,Harvard University,AAAI,2015,https://cdn.aaai.org/ojs/9291/9291-13-12819-1-2-20201228.pdf,Affiliation parsed from local first-page text extracted from paper PDF; Country inferred from institution using local Ollama model
AAAI-2015-A001668,Michael Albert,United States,"The Ohio State University Fisher School of Business Neil Ave., Fisher Hall Columbus, OH , USA",AAAI,2015,https://cdn.aaai.org/ojs/9293/9293-13-12821-1-2-20201228.pdf,Affiliation parsed from local first-page text extracted from paper PDF
AAAI-2015-A001669,Vincent Conitzer,United States,"The Ohio State University Fisher School of Business Neil Ave., Fisher Hall Columbus, OH , USA",AAAI,2015,https://cdn.aaai.org/ojs/9293/9293-13-12821-1-2-20201228.pdf,Affiliation parsed from local first-page text extracted from paper PDF
AAAI-2015-A001670,Giuseppe Lopomo,United States,"The Ohio State University Fisher School of Business Neil Ave., Fisher Hall Columbus, OH , USA",AAAI,2015,https://cdn.aaai.org/ojs/9293/9293-13-12821-1-2-20201228.pdf,Affiliation parsed from local first-page text extracted from paper PDF
AAAI-2015-A001671,Ariel Procaccia,United States,Carnegie Mellon University,AAAI,2015,https://cdn.aaai.org/ojs/9292/9292-13-12820-1-2-20201228.pdf,Affiliation parsed from local first-page text extracted from paper PDF
AAAI-2015-A001672,Nisarg Shah,United States,Carnegie Mellon University,AAAI,2015,https://cdn.aaai.org/ojs/9292/9292-13-12820-1-2-20201228.pdf,Affiliation parsed from local first-page text extracted from paper PDF
AAAI-2015-A001673,Yair Zick,United States,Carnegie Mellon University,AAAI,2015,https://cdn.aaai.org/ojs/9292/9292-13-12820-1-2-20201228.pdf,Affiliation parsed from local first-page text extracted from paper PDF
AAAI-2015-A001674,John Doucette,UNKNOWN,UNKNOWN,AAAI,2015,https://aaai.org/papers/9294-conventional-machine-learning-for-social-choice/,Parsed from AAAI track pages or OJS issues; affiliation enrichment pending from PDF first pages
AAAI-2015-A001675,Kate Larson,Canada,UNKNOWN,AAAI,2015,https://aaai.org/papers/9294-conventional-machine-learning-for-social-choice/,Parsed from AAAI track pages or OJS issues; affiliation enrichment pending from PDF first pages; Country inferred from full first-page text using local Ollama model
AAAI-2015-A001676,Robin Cohen,Canada,UNKNOWN,AAAI,2015,https://aaai.org/papers/9294-conventional-machine-learning-for-social-choice/,Parsed from AAAI track pages or OJS issues; affiliation enrichment pending from PDF first pages; Country inferred from full first-page text using local Ollama model
AAAI-2015-A001677,Hooyeon Lee,UNKNOWN,UNKNOWN,AAAI,2015,https://aaai.org/papers/9296-stable-invitations/,Parsed from AAAI track pages or OJS issues; affiliation enrichment pending from PDF first pages
AAAI-2015-A001678,Yoav Shoham,United States,UNKNOWN,AAAI,2015,https://aaai.org/papers/9296-stable-invitations/,Parsed from AAAI track pages or OJS issues; affiliation enrichment pending from PDF first pages; Country inferred from full first-page text using local Ollama model
AAAI-2015-A001679,Aris Filos-Ratsikas,Denmark,"Aarhus University, Denmark",AAAI,2015,https://cdn.aaai.org/ojs/9297/9297-13-12825-1-2-20201228.pdf,Affiliation parsed from local first-page text extracted from paper PDF; Country inferred from institution using local Ollama model
AAAI-2015-A001680,Minming Li,Denmark,"Aarhus University, Denmark",AAAI,2015,https://cdn.aaai.org/ojs/9297/9297-13-12825-1-2-20201228.pdf,Affiliation parsed from local first-page text extracted from paper PDF; Country inferred from institution using local Ollama model
AAAI-2015-A001681,Jie Zhang,Denmark,"Aarhus University, Denmark",AAAI,2015,https://cdn.aaai.org/ojs/9297/9297-13-12825-1-2-20201228.pdf,Affiliation parsed from local first-page text extracted from paper PDF; Country inferred from institution using local Ollama model
AAAI-2015-A001682,Qiang Zhang,Denmark,"Aarhus University, Denmark",AAAI,2015,https://cdn.aaai.org/ojs/9297/9297-13-12825-1-2-20201228.pdf,Affiliation parsed from local first-page text extracted from paper PDF; Country inferred from institution using local Ollama model
AAAI-2015-A001683,Song Zuo,China,"Institute for Interdisciplinary Information Sciences, Tsinghua University, Beijing, China",AAAI,2015,https://cdn.aaai.org/ojs/9295/9295-13-12823-1-2-20201228.pdf,Affiliation parsed from local first-page text extracted from paper PDF
AAAI-2015-A001684,Pingzhong Tang,China,"Institute for Interdisciplinary Information Sciences, Tsinghua University, Beijing, China",AAAI,2015,https://cdn.aaai.org/ojs/9295/9295-13-12823-1-2-20201228.pdf,Affiliation parsed from local first-page text extracted from paper PDF
AAAI-2015-A001685,Diodato Ferraioli,Italy,"DI, Università degli Studi di Salerno, Italy",AAAI,2015,https://cdn.aaai.org/ojs/9298/9298-13-12826-1-2-20201228.pdf,Affiliation parsed from local first-page text extracted from paper PDF
AAAI-2015-A001686,Carmine Ventre,Italy,"DI, Università degli Studi di Salerno, Italy",AAAI,2015,https://cdn.aaai.org/ojs/9298/9298-13-12826-1-2-20201228.pdf,Affiliation parsed from local first-page text extracted from paper PDF
AAAI-2015-A001687,Gabor Aranyi,Italy,"DI, Università degli Studi di Salerno, Italy",AAAI,2015,https://cdn.aaai.org/ojs/9298/9298-13-12826-1-2-20201228.pdf,Affiliation parsed from local first-page text extracted from paper PDF
AAAI-2015-A001688,Yuqian Li,United States | United Kingdom,Department of Computer Science Duke University,AAAI,2015,https://cdn.aaai.org/ojs/9300/9300-13-12828-1-2-20201228.pdf,Affiliation parsed from local first-page text extracted from paper PDF
AAAI-2015-A001689,Vincent Conitzer,United States | United Kingdom,Department of Computer Science Duke University,AAAI,2015,https://cdn.aaai.org/ojs/9300/9300-13-12828-1-2-20201228.pdf,Affiliation parsed from local first-page text extracted from paper PDF
AAAI-2015-A001690,Hau Chan,United States,"Department of Computer Science, Stony Brook University",AAAI,2015,https://cdn.aaai.org/ojs/9302/9302-13-12830-1-2-20201228.pdf,Affiliation parsed from local first-page text extracted from paper PDF; Country inferred from institution using local Ollama model
AAAI-2015-A001691,Luis Ortiz,United States,"Department of Computer Science, Stony Brook University",AAAI,2015,https://cdn.aaai.org/ojs/9302/9302-13-12830-1-2-20201228.pdf,Affiliation parsed from local first-page text extracted from paper PDF; Country inferred from institution using local Ollama model
AAAI-2015-A001692,Avrim Blum,United States,UNKNOWN,AAAI,2015,https://aaai.org/papers/9301-learning-valuation-distributions-from-partial-observation/,Parsed from AAAI track pages or OJS issues; affiliation enrichment pending from PDF first pages; Country inferred from full first-page text using local Ollama model
AAAI-2015-A001693,Yishay Mansour,Israel | United States,UNKNOWN,AAAI,2015,https://aaai.org/papers/9301-learning-valuation-distributions-from-partial-observation/,Parsed from AAAI track pages or OJS issues; affiliation enrichment pending from PDF first pages; Country inferred from full first-page text using local Ollama model
AAAI-2015-A001694,Jame Morgenstern,UNKNOWN,UNKNOWN,AAAI,2015,https://aaai.org/papers/9301-learning-valuation-distributions-from-partial-observation/,Parsed from AAAI track pages or OJS issues; affiliation enrichment pending from PDF first pages
AAAI-2015-A001695,Rohith Vallam,UNKNOWN,UNKNOWN,AAAI,2015,https://aaai.org/papers/9299-a-stackelberg-game-approach-for-incentivizing-participation-in-online-educational-forums-with-heterogeneous-student-population/,Parsed from AAAI track pages or OJS issues; affiliation enrichment pending from PDF first pages
AAAI-2015-A001696,Priyanka Bhatt,India,"Department of Computer Science and Automation, Indian Institute of Science, Bengaluru, India",AAAI,2015,https://cdn.aaai.org/ojs/9299/9299-13-12827-1-2-20201228.pdf,Affiliation parsed from local first-page text extracted from paper PDF; Country inferred from institution using local Ollama model
AAAI-2015-A001697,Debmalya Mandal,India,"Department of Computer Science and Automation, Indian Institute of Science, Bengaluru, India",AAAI,2015,https://cdn.aaai.org/ojs/9299/9299-13-12827-1-2-20201228.pdf,Affiliation parsed from local first-page text extracted from paper PDF; Country inferred from institution using local Ollama model
AAAI-2015-A001698,Narahari Y.,UNKNOWN,UNKNOWN,AAAI,2015,https://aaai.org/papers/9299-a-stackelberg-game-approach-for-incentivizing-participation-in-online-educational-forums-with-heterogeneous-student-population/,Parsed from AAAI track pages or OJS issues; affiliation enrichment pending from PDF first pages
AAAI-2015-A001699,Omer Lev,United States,Hebrew University of Jerusalem,AAAI,2015,https://cdn.aaai.org/ojs/9303/9303-13-12831-1-2-20201228.pdf,Affiliation parsed from local first-page text extracted from paper PDF
AAAI-2015-A001700,Joel Oren,United States,Hebrew University of Jerusalem,AAAI,2015,https://cdn.aaai.org/ojs/9303/9303-13-12831-1-2-20201228.pdf,Affiliation parsed from local first-page text extracted from paper PDF
AAAI-2015-A001701,Craig Boutilier,United States,Hebrew University of Jerusalem,AAAI,2015,https://cdn.aaai.org/ojs/9303/9303-13-12831-1-2-20201228.pdf,Affiliation parsed from local first-page text extracted from paper PDF
AAAI-2015-A001702,Jeffrey Rosenschein,United States,Hebrew University of Jerusalem,AAAI,2015,https://cdn.aaai.org/ojs/9303/9303-13-12831-1-2-20201228.pdf,Affiliation parsed from local first-page text extracted from paper PDF
AAAI-2015-A001703,Branislav Bosansky,Czech Republic | Denmark,UNKNOWN,AAAI,2015,https://aaai.org/papers/9304-sequence-form-algorithm-for-computing-stackelberg-equilibria-in-extensive-form-games/,Parsed from AAAI track pages or OJS issues; affiliation enrichment pending from PDF first pages; Country inferred from full first-page text using local Ollama model
AAAI-2015-A001704,Jiri Cermak,Czech Republic,UNKNOWN,AAAI,2015,https://aaai.org/papers/9304-sequence-form-algorithm-for-computing-stackelberg-equilibria-in-extensive-form-games/,Parsed from AAAI track pages or OJS issues; affiliation enrichment pending from PDF first pages; Country inferred from full first-page text using local Ollama model
AAAI-2015-A001705,Martin Hoefer,Germany,Saarland University,AAAI,2015,https://cdn.aaai.org/ojs/9305/9305-13-12833-1-2-20201228.pdf,Affiliation parsed from local first-page text extracted from paper PDF; Country inferred from institution using local Ollama model
AAAI-2015-A001706,Daniel Vaz,Germany,Saarland University,AAAI,2015,https://cdn.aaai.org/ojs/9305/9305-13-12833-1-2-20201228.pdf,Affiliation parsed from local first-page text extracted from paper PDF; Country inferred from institution using local Ollama model
AAAI-2015-A001707,Lisa Wagner,Germany,Saarland University,AAAI,2015,https://cdn.aaai.org/ojs/9305/9305-13-12833-1-2-20201228.pdf,Affiliation parsed from local first-page text extracted from paper PDF; Country inferred from institution using local Ollama model
AAAI-2015-A001708,Oskar Skibski,Japan,"Department of Informatics, Kyushu University, Japan",AAAI,2015,https://cdn.aaai.org/ojs/9306/9306-13-12834-1-2-20201228.pdf,Affiliation parsed from local first-page text extracted from paper PDF
AAAI-2015-A001709,Tomasz Michalak,UNKNOWN,UNKNOWN,AAAI,2015,https://aaai.org/papers/9306-a-graphical-representation-for-games-in-partition-function-form/,Parsed from AAAI track pages or OJS issues; affiliation enrichment pending from PDF first pages
AAAI-2015-A001710,Yuko Sakurai,Japan,"Department of Informatics, Kyushu University, Japan | JST PRESTO, Japan",AAAI,2015,https://cdn.aaai.org/ojs/9306/9306-13-12834-1-2-20201228.pdf,Affiliation parsed from local first-page text extracted from paper PDF
AAAI-2015-A001711,Michael Wooldridge,United Kingdom,"Department of Computer Science, University of Oxford, UK",AAAI,2015,https://cdn.aaai.org/ojs/9306/9306-13-12834-1-2-20201228.pdf,Affiliation parsed from local first-page text extracted from paper PDF
AAAI-2015-A001712,Makoto Yokoo,Japan,"Department of Informatics, Kyushu University, Japan",AAAI,2015,https://cdn.aaai.org/ojs/9306/9306-13-12834-1-2-20201228.pdf,Affiliation parsed from local first-page text extracted from paper PDF
AAAI-2015-A001713,Scott Kiesel,United States,University of New Hampshire,AAAI,2015,https://cdn.aaai.org/ojs/9267/9267-13-12795-1-2-20201228.pdf,Affiliation parsed from local first-page text extracted from paper PDF; Country inferred from institution using local Ollama model
AAAI-2015-A001714,Jaimie Murdock,United States,Program in Cognitive Science Indiana University,AAAI,2015,https://cdn.aaai.org/ojs/9268/9268-13-12796-1-2-20201228.pdf,Affiliation parsed from local first-page text extracted from paper PDF; Country inferred from institution using local Ollama model
AAAI-2015-A001715,Colin Allen,United States,Program in Cognitive Science Indiana University,AAAI,2015,https://cdn.aaai.org/ojs/9268/9268-13-12796-1-2-20201228.pdf,Affiliation parsed from local first-page text extracted from paper PDF; Country inferred from institution using local Ollama model
AAAI-2015-A001716,Vasile Rus,UNKNOWN,UNKNOWN,AAAI,2015,https://aaai.org/papers/9269-deeptutor-an-effective-online-intelligent-tutoring-system-that-promotes-deep-learning/,Parsed from AAAI track pages or OJS issues; affiliation enrichment pending from PDF first pages
AAAI-2015-A001717,Nobal Niraula,UNKNOWN,UNKNOWN,AAAI,2015,https://aaai.org/papers/9269-deeptutor-an-effective-online-intelligent-tutoring-system-that-promotes-deep-learning/,Parsed from AAAI track pages or OJS issues; affiliation enrichment pending from PDF first pages
AAAI-2015-A001718,Rajendra Banjade,UNKNOWN,UNKNOWN,AAAI,2015,https://aaai.org/papers/9269-deeptutor-an-effective-online-intelligent-tutoring-system-that-promotes-deep-learning/,Parsed from AAAI track pages or OJS issues; affiliation enrichment pending from PDF first pages
AAAI-2015-A001719,Svitlana Volkova,United States,"Center for Language and Speech Processing, Johns Hopkins University, Baltimore MD , USA",AAAI,2015,https://cdn.aaai.org/ojs/9271/9271-13-12799-1-2-20201228.pdf,Affiliation parsed from local first-page text extracted from paper PDF
AAAI-2015-A001720,Yoram Bachrach,United States,"Center for Language and Speech Processing, Johns Hopkins University, Baltimore MD , USA",AAAI,2015,https://cdn.aaai.org/ojs/9271/9271-13-12799-1-2-20201228.pdf,Affiliation parsed from local first-page text extracted from paper PDF
AAAI-2015-A001721,Michael Armstrong,United States,"Center for Language and Speech Processing, Johns Hopkins University, Baltimore MD , USA",AAAI,2015,https://cdn.aaai.org/ojs/9271/9271-13-12799-1-2-20201228.pdf,Affiliation parsed from local first-page text extracted from paper PDF
AAAI-2015-A001722,Vijay Sharma,United States,"Center for Language and Speech Processing, Johns Hopkins University, Baltimore MD , USA",AAAI,2015,https://cdn.aaai.org/ojs/9271/9271-13-12799-1-2-20201228.pdf,Affiliation parsed from local first-page text extracted from paper PDF
AAAI-2015-A001723,Xinfeng Zhang,China,UNKNOWN,AAAI,2015,https://aaai.org/papers/9270-crowd-motion-monitoring-with-thermodynamics-inspired-feature/,Parsed from AAAI track pages or OJS issues; affiliation enrichment pending from PDF first pages; Country inferred from full first-page text using local Ollama model
AAAI-2015-A001724,Su Yang,China,UNKNOWN,AAAI,2015,https://aaai.org/papers/9270-crowd-motion-monitoring-with-thermodynamics-inspired-feature/,Parsed from AAAI track pages or OJS issues; affiliation enrichment pending from PDF first pages; Country inferred from full first-page text using local Ollama model
AAAI-2015-A001725,Yuan Yan Tang,China,UNKNOWN,AAAI,2015,https://aaai.org/papers/9270-crowd-motion-monitoring-with-thermodynamics-inspired-feature/,Parsed from AAAI track pages or OJS issues; affiliation enrichment pending from PDF first pages; Country inferred from full first-page text using local Ollama model
AAAI-2015-A001726,Weishan Zhang,China,"Department of Software Engineering, China University of Petroleum, Qingdao , China",AAAI,2015,https://cdn.aaai.org/ojs/9270/9270-13-12798-1-2-20201228.pdf,Affiliation parsed from local first-page text extracted from paper PDF
AAAI-2015-A001727,Jun Chen,China,"School of Software, Tsinghua University, Beijing , P.R. China",AAAI,2015,https://cdn.aaai.org/ojs/9272/9272-13-12800-1-2-20201228.pdf,Affiliation parsed from local first-page text extracted from paper PDF
AAAI-2015-A001728,Chaokun Wang,China,"School of Software, Tsinghua University, Beijing , P.R. China",AAAI,2015,https://cdn.aaai.org/ojs/9272/9272-13-12800-1-2-20201228.pdf,Affiliation parsed from local first-page text extracted from paper PDF
AAAI-2015-A001729,Yiyuan Bai,China,"School of Software, Tsinghua University, Beijing , P.R. China",AAAI,2015,https://cdn.aaai.org/ojs/9272/9272-13-12800-1-2-20201228.pdf,Affiliation parsed from local first-page text extracted from paper PDF
AAAI-2015-A001730,Henry Lieberman,United States,MIT Media Lab,AAAI,2015,https://cdn.aaai.org/ojs/9273/9273-13-12801-1-2-20201228.pdf,Affiliation parsed from local first-page text extracted from paper PDF
AAAI-2015-A001731,Joe Henke,United States,MIT Media Lab,AAAI,2015,https://cdn.aaai.org/ojs/9273/9273-13-12801-1-2-20201228.pdf,Affiliation parsed from local first-page text extracted from paper PDF
AAAI-2015-A001732,Pascal Bercher,Germany,"Ulm University, Germany",AAAI,2015,https://cdn.aaai.org/ojs/9274/9274-13-12802-1-2-20201228.pdf,Affiliation parsed from local first-page text extracted from paper PDF
AAAI-2015-A001733,Felix Richter,Germany,"Ulm University, Germany",AAAI,2015,https://cdn.aaai.org/ojs/9274/9274-13-12802-1-2-20201228.pdf,Affiliation parsed from local first-page text extracted from paper PDF
AAAI-2015-A001734,Thilo Hörnle,Germany,"Ulm University, Germany",AAAI,2015,https://cdn.aaai.org/ojs/9274/9274-13-12802-1-2-20201228.pdf,Affiliation parsed from local first-page text extracted from paper PDF
AAAI-2015-A001735,Thomas Geier,Germany,"Ulm University, Germany",AAAI,2015,https://cdn.aaai.org/ojs/9274/9274-13-12802-1-2-20201228.pdf,Affiliation parsed from local first-page text extracted from paper PDF
AAAI-2015-A001736,Daniel Höller,Germany,"Ulm University, Germany",AAAI,2015,https://cdn.aaai.org/ojs/9274/9274-13-12802-1-2-20201228.pdf,Affiliation parsed from local first-page text extracted from paper PDF
AAAI-2015-A001737,Gregor Behnke,Germany,"Ulm University, Germany",AAAI,2015,https://cdn.aaai.org/ojs/9274/9274-13-12802-1-2-20201228.pdf,Affiliation parsed from local first-page text extracted from paper PDF
AAAI-2015-A001738,Florian Nothdurft,Germany,"Ulm University, Germany",AAAI,2015,https://cdn.aaai.org/ojs/9274/9274-13-12802-1-2-20201228.pdf,Affiliation parsed from local first-page text extracted from paper PDF
AAAI-2015-A001739,Frank Honold,Germany,"Ulm University, Germany",AAAI,2015,https://cdn.aaai.org/ojs/9274/9274-13-12802-1-2-20201228.pdf,Affiliation parsed from local first-page text extracted from paper PDF
AAAI-2015-A001740,Wolfgang Minker,Germany,"Ulm University, Germany",AAAI,2015,https://cdn.aaai.org/ojs/9274/9274-13-12802-1-2-20201228.pdf,Affiliation parsed from local first-page text extracted from paper PDF
AAAI-2015-A001741,Michael Weber,Germany,"Ulm University, Germany",AAAI,2015,https://cdn.aaai.org/ojs/9274/9274-13-12802-1-2-20201228.pdf,Affiliation parsed from local first-page text extracted from paper PDF
AAAI-2015-A001742,Susanne Biundo,Germany,"Ulm University, Germany",AAAI,2015,https://cdn.aaai.org/ojs/9274/9274-13-12802-1-2-20201228.pdf,Affiliation parsed from local first-page text extracted from paper PDF
AAAI-2015-A001743,Tobias Linnenberg,Germany,UNKNOWN,AAAI,2015,https://aaai.org/papers/9275-bottom-up-demand-response-by-following-local-energy-generation-voluntarily/,Parsed from AAAI track pages or OJS issues; affiliation enrichment pending from PDF first pages; Country inferred from full first-page text using local Ollama model
AAAI-2015-A001744,Alexander Fay,Germany,UNKNOWN,AAAI,2015,https://aaai.org/papers/9275-bottom-up-demand-response-by-following-local-energy-generation-voluntarily/,Parsed from AAAI track pages or OJS issues; affiliation enrichment pending from PDF first pages; Country inferred from full first-page text using local Ollama model
AAAI-2015-A001745,Michael Kaisers,Netherlands,UNKNOWN,AAAI,2015,https://aaai.org/papers/9275-bottom-up-demand-response-by-following-local-energy-generation-voluntarily/,Parsed from AAAI track pages or OJS issues; affiliation enrichment pending from PDF first pages; Country inferred from full first-page text using local Ollama model
AAAI-2015-A001746,Hanumant Redkar,India,"Center for Indian Language Technology, Indian Institute of Technology Bombay, Mumbai, India",AAAI,2015,https://cdn.aaai.org/ojs/9276/9276-13-12804-1-2-20201228.pdf,Affiliation parsed from local first-page text extracted from paper PDF; Country inferred from institution using local Ollama model
AAAI-2015-A001747,Sudha Bhingardive,India,"Center for Indian Language Technology, Indian Institute of Technology Bombay, Mumbai, India",AAAI,2015,https://cdn.aaai.org/ojs/9276/9276-13-12804-1-2-20201228.pdf,Affiliation parsed from local first-page text extracted from paper PDF; Country inferred from institution using local Ollama model
AAAI-2015-A001748,Diptesh Kanojia,India,"Center for Indian Language Technology, Indian Institute of Technology Bombay, Mumbai, India",AAAI,2015,https://cdn.aaai.org/ojs/9276/9276-13-12804-1-2-20201228.pdf,Affiliation parsed from local first-page text extracted from paper PDF; Country inferred from institution using local Ollama model
AAAI-2015-A001749,Pushpak Bhattacharyya,India,"Center for Indian Language Technology, Indian Institute of Technology Bombay, Mumbai, India",AAAI,2015,https://cdn.aaai.org/ojs/9276/9276-13-12804-1-2-20201228.pdf,Affiliation parsed from local first-page text extracted from paper PDF; Country inferred from institution using local Ollama model
AAAI-2015-A001750,Raghu Krishnapuram,United States,"1IBM TJ Watson Research Center, 2IBM Watson Group",AAAI,2015,https://cdn.aaai.org/ojs/9278/9278-13-12806-1-2-20201228.pdf,Affiliation parsed from local first-page text extracted from paper PDF; Country inferred from institution using local Ollama model
AAAI-2015-A001751,Luis Lastras,United States,"1IBM TJ Watson Research Center, 2IBM Watson Group",AAAI,2015,https://cdn.aaai.org/ojs/9278/9278-13-12806-1-2-20201228.pdf,Affiliation parsed from local first-page text extracted from paper PDF; Country inferred from institution using local Ollama model
AAAI-2015-A001752,Satya Nitta,United States,"1IBM TJ Watson Research Center, 2IBM Watson Group",AAAI,2015,https://cdn.aaai.org/ojs/9278/9278-13-12806-1-2-20201228.pdf,Affiliation parsed from local first-page text extracted from paper PDF; Country inferred from institution using local Ollama model
AAAI-2015-A001753,Ryan Rossi,United States,UNKNOWN,AAAI,2015,https://aaai.org/papers/9277-the-network-data-repository-with-interactive-graph-analytics-and-visualization/,Parsed from AAAI track pages or OJS issues; affiliation enrichment pending from PDF first pages; Country inferred from full first-page text using local Ollama model
AAAI-2015-A001754,Nesreen Ahmed,United States,UNKNOWN,AAAI,2015,https://aaai.org/papers/9277-the-network-data-repository-with-interactive-graph-analytics-and-visualization/,Parsed from AAAI track pages or OJS issues; affiliation enrichment pending from PDF first pages; Country inferred from full first-page text using local Ollama model
AAAI-2015-A001755,Tam Nguyen,United Kingdom,"Department for Technology, Innovation and Enterprise",AAAI,2015,https://cdn.aaai.org/ojs/9279/9279-13-12807-1-2-20201228.pdf,Affiliation parsed from local first-page text extracted from paper PDF; Country inferred from institution using local Ollama model
AAAI-2015-A001756,Maxime Guériau,France,"LIRIS Laboratory, F- , Lyon",AAAI,2015,https://cdn.aaai.org/ojs/9280/9280-13-12808-1-2-20201228.pdf,Affiliation parsed from local first-page text extracted from paper PDF; Country inferred from institution using local Ollama model
AAAI-2015-A001757,Romain Billot,France,"LIRIS Laboratory, F- , Lyon",AAAI,2015,https://cdn.aaai.org/ojs/9280/9280-13-12808-1-2-20201228.pdf,Affiliation parsed from local first-page text extracted from paper PDF; Country inferred from institution using local Ollama model
AAAI-2015-A001758,Nour-Eddin El Faouzi,France,"LIRIS Laboratory, F- , Lyon",AAAI,2015,https://cdn.aaai.org/ojs/9280/9280-13-12808-1-2-20201228.pdf,Affiliation parsed from local first-page text extracted from paper PDF; Country inferred from institution using local Ollama model
AAAI-2015-A001759,Salima Hassas,France,"LIRIS Laboratory, F- , Lyon",AAAI,2015,https://cdn.aaai.org/ojs/9280/9280-13-12808-1-2-20201228.pdf,Affiliation parsed from local first-page text extracted from paper PDF; Country inferred from institution using local Ollama model
AAAI-2015-A001760,Frédéric Armetta,France,"LIRIS Laboratory, F- , Lyon",AAAI,2015,https://cdn.aaai.org/ojs/9280/9280-13-12808-1-2-20201228.pdf,Affiliation parsed from local first-page text extracted from paper PDF; Country inferred from institution using local Ollama model
AAAI-2015-A001761,Alain Biem,United States,UNKNOWN,AAAI,2015,https://aaai.org/papers/9281-towards-cognitive-automation-of-data-science/,Parsed from AAAI track pages or OJS issues; affiliation enrichment pending from PDF first pages; Country inferred from full first-page text using local Ollama model
AAAI-2015-A001762,Maria Butrico,United States,UNKNOWN,AAAI,2015,https://aaai.org/papers/9281-towards-cognitive-automation-of-data-science/,Parsed from AAAI track pages or OJS issues; affiliation enrichment pending from PDF first pages; Country inferred from full first-page text using local Ollama model
AAAI-2015-A001763,Mark Feblowitz,United States,UNKNOWN,AAAI,2015,https://aaai.org/papers/9281-towards-cognitive-automation-of-data-science/,Parsed from AAAI track pages or OJS issues; affiliation enrichment pending from PDF first pages; Country inferred from full first-page text using local Ollama model
AAAI-2015-A001764,Tim Klinger,United States,UNKNOWN,AAAI,2015,https://aaai.org/papers/9281-towards-cognitive-automation-of-data-science/,Parsed from AAAI track pages or OJS issues; affiliation enrichment pending from PDF first pages; Country inferred from full first-page text using local Ollama model
AAAI-2015-A001765,Yuri Malitsky,United States,UNKNOWN,AAAI,2015,https://aaai.org/papers/9281-towards-cognitive-automation-of-data-science/,Parsed from AAAI track pages or OJS issues; affiliation enrichment pending from PDF first pages; Country inferred from full first-page text using local Ollama model
AAAI-2015-A001766,Kenney Ng,United States,UNKNOWN,AAAI,2015,https://aaai.org/papers/9281-towards-cognitive-automation-of-data-science/,Parsed from AAAI track pages or OJS issues; affiliation enrichment pending from PDF first pages; Country inferred from full first-page text using local Ollama model
AAAI-2015-A001767,Adam Perer,United States,UNKNOWN,AAAI,2015,https://aaai.org/papers/9281-towards-cognitive-automation-of-data-science/,Parsed from AAAI track pages or OJS issues; affiliation enrichment pending from PDF first pages; Country inferred from full first-page text using local Ollama model
AAAI-2015-A001768,Chandra Reddy,United States,UNKNOWN,AAAI,2015,https://aaai.org/papers/9281-towards-cognitive-automation-of-data-science/,Parsed from AAAI track pages or OJS issues; affiliation enrichment pending from PDF first pages; Country inferred from full first-page text using local Ollama model
AAAI-2015-A001769,Anton Riabov,United States,UNKNOWN,AAAI,2015,https://aaai.org/papers/9281-towards-cognitive-automation-of-data-science/,Parsed from AAAI track pages or OJS issues; affiliation enrichment pending from PDF first pages; Country inferred from full first-page text using local Ollama model
AAAI-2015-A001770,Horst Samulowitz,United States,UNKNOWN,AAAI,2015,https://aaai.org/papers/9281-towards-cognitive-automation-of-data-science/,Parsed from AAAI track pages or OJS issues; affiliation enrichment pending from PDF first pages; Country inferred from full first-page text using local Ollama model
AAAI-2015-A001771,Daby Sow,United States,UNKNOWN,AAAI,2015,https://aaai.org/papers/9281-towards-cognitive-automation-of-data-science/,Parsed from AAAI track pages or OJS issues; affiliation enrichment pending from PDF first pages; Country inferred from full first-page text using local Ollama model
AAAI-2015-A001772,Gerald Tesauro,United States,UNKNOWN,AAAI,2015,https://aaai.org/papers/9281-towards-cognitive-automation-of-data-science/,Parsed from AAAI track pages or OJS issues; affiliation enrichment pending from PDF first pages; Country inferred from full first-page text using local Ollama model
AAAI-2015-A001773,Deepak Turaga,United States,UNKNOWN,AAAI,2015,https://aaai.org/papers/9281-towards-cognitive-automation-of-data-science/,Parsed from AAAI track pages or OJS issues; affiliation enrichment pending from PDF first pages; Country inferred from full first-page text using local Ollama model
AAAI-2015-A001774,Abhijit Bhole,India,"Microsoft Research Lavelle Road, Bangalore -",AAAI,2015,https://cdn.aaai.org/ojs/9282/9282-13-12810-1-2-20201228.pdf,Affiliation parsed from local first-page text extracted from paper PDF; Country inferred from institution using local Ollama model
AAAI-2015-A001775,Raghavendra Udupa,India,"Microsoft Research Lavelle Road, Bangalore -",AAAI,2015,https://cdn.aaai.org/ojs/9282/9282-13-12810-1-2-20201228.pdf,Affiliation parsed from local first-page text extracted from paper PDF; Country inferred from institution using local Ollama model
AAAI-2015-A001776,Yamuna Prasad,India,"Indian Institute of Technology Delhi New Delhi, India",AAAI,2015,https://cdn.aaai.org/ojs/9283/9283-13-12811-1-2-20201228.pdf,Affiliation parsed from local first-page text extracted from paper PDF; Country inferred from institution using local Ollama model
AAAI-2015-A001777,K. Biswas,India,"Indian Institute of Technology Delhi New Delhi, India",AAAI,2015,https://cdn.aaai.org/ojs/9283/9283-13-12811-1-2-20201228.pdf,Affiliation parsed from local first-page text extracted from paper PDF; Country inferred from institution using local Ollama model
AAAI-2015-A001778,Stefan Witwicki,United States | Switzerland,"Laboratoire de Systèmes Robotiques (LSRO) Swiss Federal Institute of Technology (EPFL) CH- Lausanne, Switzerland",AAAI,2015,https://cdn.aaai.org/ojs/9286/9286-13-12814-1-2-20201228.pdf,Affiliation parsed from local first-page text extracted from paper PDF
AAAI-2015-A001779,Francesco Mondada,United States | Switzerland,"Laboratoire de Systèmes Robotiques (LSRO) Swiss Federal Institute of Technology (EPFL) CH- Lausanne, Switzerland",AAAI,2015,https://cdn.aaai.org/ojs/9286/9286-13-12814-1-2-20201228.pdf,Affiliation parsed from local first-page text extracted from paper PDF
AAAI-2015-A001780,Sheng Gao,China,Beijing University of Posts and Telecommunications,AAAI,2015,https://cdn.aaai.org/ojs/9284/9284-13-12812-1-2-20201228.pdf,Affiliation parsed from local first-page text extracted from paper PDF; Country inferred from institution using local Ollama model
AAAI-2015-A001781,Dai Zhang,China,Beijing University of Posts and Telecommunications,AAAI,2015,https://cdn.aaai.org/ojs/9284/9284-13-12812-1-2-20201228.pdf,Affiliation parsed from local first-page text extracted from paper PDF; Country inferred from institution using local Ollama model
AAAI-2015-A001782,Honggang Zhang,China,Beijing University of Posts and Telecommunications,AAAI,2015,https://cdn.aaai.org/ojs/9284/9284-13-12812-1-2-20201228.pdf,Affiliation parsed from local first-page text extracted from paper PDF; Country inferred from institution using local Ollama model
AAAI-2015-A001783,Chao Huang,China,DOCOMO Beijing Communication Labs.,AAAI,2015,https://cdn.aaai.org/ojs/9284/9284-13-12812-1-2-20201228.pdf,Affiliation parsed from local first-page text extracted from paper PDF; Country inferred from institution using local Ollama model
AAAI-2015-A001784,Yongsheng Zhang,China,DOCOMO Beijing Communication Labs.,AAAI,2015,https://cdn.aaai.org/ojs/9284/9284-13-12812-1-2-20201228.pdf,Affiliation parsed from local first-page text extracted from paper PDF; Country inferred from institution using local Ollama model
AAAI-2015-A001785,Jianxin Liao,China,Beijing University of Posts and Telecommunications,AAAI,2015,https://cdn.aaai.org/ojs/9284/9284-13-12812-1-2-20201228.pdf,Affiliation parsed from local first-page text extracted from paper PDF; Country inferred from institution using local Ollama model
AAAI-2015-A001786,Jun Guo,China,Beijing University of Posts and Telecommunications,AAAI,2015,https://cdn.aaai.org/ojs/9284/9284-13-12812-1-2-20201228.pdf,Affiliation parsed from local first-page text extracted from paper PDF; Country inferred from institution using local Ollama model
AAAI-2015-A001787,Quentin Galvane,France,University of Rennes I,AAAI,2015,https://cdn.aaai.org/ojs/9288/9288-13-12816-1-2-20201228.pdf,Affiliation parsed from local first-page text extracted from paper PDF; Country inferred from institution using local Ollama model
AAAI-2015-A001788,Rémi Ronfard,France,University of Rennes I,AAAI,2015,https://cdn.aaai.org/ojs/9288/9288-13-12816-1-2-20201228.pdf,Affiliation parsed from local first-page text extracted from paper PDF; Country inferred from institution using local Ollama model
AAAI-2015-A001789,Christophe Lino,France,University of Rennes I,AAAI,2015,https://cdn.aaai.org/ojs/9288/9288-13-12816-1-2-20201228.pdf,Affiliation parsed from local first-page text extracted from paper PDF; Country inferred from institution using local Ollama model
AAAI-2015-A001790,Marc Christie,France,University of Rennes I,AAAI,2015,https://cdn.aaai.org/ojs/9288/9288-13-12816-1-2-20201228.pdf,Affiliation parsed from local first-page text extracted from paper PDF; Country inferred from institution using local Ollama model
AAAI-2015-A001791,Stefano Ermon,United States,Stanford University,AAAI,2015,https://cdn.aaai.org/ojs/9248/9248-13-12776-1-2-20201228.pdf,Affiliation parsed from local first-page text extracted from paper PDF; Country inferred from institution using local Ollama model
AAAI-2015-A001792,Yexiang Xue,United States,Stanford University,AAAI,2015,https://cdn.aaai.org/ojs/9248/9248-13-12776-1-2-20201228.pdf,Affiliation parsed from local first-page text extracted from paper PDF; Country inferred from institution using local Ollama model
AAAI-2015-A001793,Russell Toth,United States,Stanford University,AAAI,2015,https://cdn.aaai.org/ojs/9248/9248-13-12776-1-2-20201228.pdf,Affiliation parsed from local first-page text extracted from paper PDF; Country inferred from institution using local Ollama model
AAAI-2015-A001794,Bistra Dilkina,United States,Stanford University,AAAI,2015,https://cdn.aaai.org/ojs/9248/9248-13-12776-1-2-20201228.pdf,Affiliation parsed from local first-page text extracted from paper PDF; Country inferred from institution using local Ollama model
AAAI-2015-A001795,Richard Bernstein,United States,Stanford University,AAAI,2015,https://cdn.aaai.org/ojs/9248/9248-13-12776-1-2-20201228.pdf,Affiliation parsed from local first-page text extracted from paper PDF; Country inferred from institution using local Ollama model
AAAI-2015-A001796,Theodoros Damoulas,United States,Stanford University,AAAI,2015,https://cdn.aaai.org/ojs/9248/9248-13-12776-1-2-20201228.pdf,Affiliation parsed from local first-page text extracted from paper PDF; Country inferred from institution using local Ollama model
AAAI-2015-A001797,Patrick Clark,United States,Stanford University,AAAI,2015,https://cdn.aaai.org/ojs/9248/9248-13-12776-1-2-20201228.pdf,Affiliation parsed from local first-page text extracted from paper PDF; Country inferred from institution using local Ollama model
AAAI-2015-A001798,Steve DeGloria,United States,Stanford University,AAAI,2015,https://cdn.aaai.org/ojs/9248/9248-13-12776-1-2-20201228.pdf,Affiliation parsed from local first-page text extracted from paper PDF; Country inferred from institution using local Ollama model
AAAI-2015-A001799,Andrew Mude,United States,Stanford University,AAAI,2015,https://cdn.aaai.org/ojs/9248/9248-13-12776-1-2-20201228.pdf,Affiliation parsed from local first-page text extracted from paper PDF; Country inferred from institution using local Ollama model
AAAI-2015-A001800,Christopher Barrett,United States,Stanford University,AAAI,2015,https://cdn.aaai.org/ojs/9248/9248-13-12776-1-2-20201228.pdf,Affiliation parsed from local first-page text extracted from paper PDF; Country inferred from institution using local Ollama model
AAAI-2015-A001801,Carla Gomes,United States,Stanford University,AAAI,2015,https://cdn.aaai.org/ojs/9248/9248-13-12776-1-2-20201228.pdf,Affiliation parsed from local first-page text extracted from paper PDF; Country inferred from institution using local Ollama model
AAAI-2015-A001802,Hermann Schichl,Austria | United States,"Faculty of Mathematics University of Vienna, Austria IBM Research Yorktown Heights, NY, U.S.A.",AAAI,2015,https://cdn.aaai.org/ojs/9247/9247-13-12775-1-2-20201228.pdf,Affiliation parsed from local first-page text extracted from paper PDF; Country inferred from institution using local Ollama model
AAAI-2015-A001803,Meinolf Sellmann,Austria | United States,"Faculty of Mathematics University of Vienna, Austria IBM Research Yorktown Heights, NY, U.S.A.",AAAI,2015,https://cdn.aaai.org/ojs/9247/9247-13-12775-1-2-20201228.pdf,Affiliation parsed from local first-page text extracted from paper PDF; Country inferred from institution using local Ollama model
AAAI-2015-A001804,Micha Kahlen,Netherlands,"Erasmus University Rotterdam Burgemeester Oudlaan , The Netherlands",AAAI,2015,https://cdn.aaai.org/ojs/9250/9250-13-12778-1-2-20201228.pdf,Affiliation parsed from local first-page text extracted from paper PDF
AAAI-2015-A001805,Wolfgang Ketter,Netherlands,"Erasmus University Rotterdam Burgemeester Oudlaan , The Netherlands",AAAI,2015,https://cdn.aaai.org/ojs/9250/9250-13-12778-1-2-20201228.pdf,Affiliation parsed from local first-page text extracted from paper PDF
AAAI-2015-A001806,Ehsan Elhamifar,United States,"Electrical Engineering and Computer Sciences Department University of California, Berkeley",AAAI,2015,https://cdn.aaai.org/ojs/9249/9249-13-12777-1-2-20201228.pdf,Affiliation parsed from local first-page text extracted from paper PDF
AAAI-2015-A001807,Shankar Sastry,United States,"Electrical Engineering and Computer Sciences Department University of California, Berkeley",AAAI,2015,https://cdn.aaai.org/ojs/9249/9249-13-12777-1-2-20201228.pdf,Affiliation parsed from local first-page text extracted from paper PDF
AAAI-2015-A001808,Ping Hou,United States,"Department of Computer Science New Mexico State University Las Cruces, NM , USA",AAAI,2015,https://cdn.aaai.org/ojs/9252/9252-13-12780-1-2-20201228.pdf,Affiliation parsed from local first-page text extracted from paper PDF
AAAI-2015-A001809,Guni Sharon,UNKNOWN,UNKNOWN,AAAI,2015,https://aaai.org/papers/9253-optimal-multi-agent-pathfinding-algorithms/,Parsed from AAAI track pages or OJS issues; affiliation enrichment pending from PDF first pages
AAAI-2015-A001810,Adish Singla,UNKNOWN,UNKNOWN,AAAI,2015,https://aaai.org/papers/9251-incentivizing-users-for-balancing-bike-sharing-systems/,Parsed from AAAI track pages or OJS issues; affiliation enrichment pending from PDF first pages
AAAI-2015-A001811,Marco Santoni,UNKNOWN,UNKNOWN,AAAI,2015,https://aaai.org/papers/9251-incentivizing-users-for-balancing-bike-sharing-systems/,Parsed from AAAI track pages or OJS issues; affiliation enrichment pending from PDF first pages
AAAI-2015-A001812,Gábor Bartók,UNKNOWN,UNKNOWN,AAAI,2015,https://aaai.org/papers/9251-incentivizing-users-for-balancing-bike-sharing-systems/,Parsed from AAAI track pages or OJS issues; affiliation enrichment pending from PDF first pages
AAAI-2015-A001813,Pratik Mukerji,UNKNOWN,UNKNOWN,AAAI,2015,https://aaai.org/papers/9251-incentivizing-users-for-balancing-bike-sharing-systems/,Parsed from AAAI track pages or OJS issues; affiliation enrichment pending from PDF first pages
AAAI-2015-A001814,Moritz Meenen,UNKNOWN,UNKNOWN,AAAI,2015,https://aaai.org/papers/9251-incentivizing-users-for-balancing-bike-sharing-systems/,Parsed from AAAI track pages or OJS issues; affiliation enrichment pending from PDF first pages
AAAI-2015-A001815,Andreas Krause,UNKNOWN,UNKNOWN,AAAI,2015,https://aaai.org/papers/9251-incentivizing-users-for-balancing-bike-sharing-systems/,Parsed from AAAI track pages or OJS issues; affiliation enrichment pending from PDF first pages
AAAI-2015-A001816,Boon-Ping Lim,UNKNOWN,UNKNOWN,AAAI,2015,https://aaai.org/papers/9254-hvac-aware-occupancy-scheduling-extended-abstract/,Parsed from AAAI track pages or OJS issues; affiliation enrichment pending from PDF first pages
AAAI-2015-A001817,Ferdinando Fioretto,United States,"Dept. of Computer Science Dept. of Mathematics & Computer Science New Mexico State University, NM , USA University of Udine, UD , IT",AAAI,2015,https://cdn.aaai.org/ojs/9255/9255-13-12783-1-2-20201228.pdf,Affiliation parsed from local first-page text extracted from paper PDF
AAAI-2015-A001818,Leandro Soriano Marcolino,United States,"University of Southern California, Los Angeles, CA, USA",AAAI,2015,https://cdn.aaai.org/ojs/9257/9257-13-12785-1-2-20201228.pdf,Affiliation parsed from local first-page text extracted from paper PDF
AAAI-2015-A001819,Mayank Kejriwal,United States,University of Texas at Austin,AAAI,2015,https://cdn.aaai.org/ojs/9256/9256-13-12784-1-2-20201228.pdf,Affiliation parsed from local first-page text extracted from paper PDF; Country inferred from institution using local Ollama model
AAAI-2015-A001820,Andrew Wang,UNKNOWN,UNKNOWN,AAAI,2015,https://aaai.org/papers/9258-risk-aware-scheduling-throughout-planning-and-execution/,Parsed from AAAI track pages or OJS issues; affiliation enrichment pending from PDF first pages
AAAI-2015-A001821,Maria Barrett,Denmark,UNKNOWN,AAAI,2015,https://aaai.org/papers/9259-modeling-eye-movements-when-reading-microblogs/,Parsed from AAAI track pages or OJS issues; affiliation enrichment pending from PDF first pages; Country inferred from full first-page text using local Ollama model
AAAI-2015-A001822,Anders Soegaard,UNKNOWN,UNKNOWN,AAAI,2015,https://aaai.org/papers/9259-modeling-eye-movements-when-reading-microblogs/,Parsed from AAAI track pages or OJS issues; affiliation enrichment pending from PDF first pages
AAAI-2015-A001823,Zack Fitzsimmons,United States,"College of Computing and Information Sciences Rochester Institute of Technology Rochester, NY , USA",AAAI,2015,https://cdn.aaai.org/ojs/9260/9260-13-12788-1-2-20201228.pdf,Affiliation parsed from local first-page text extracted from paper PDF
AAAI-2015-A001824,Deepak Venugopal,United States,Department of Computer Science The University of Texas at Dallas,AAAI,2015,https://cdn.aaai.org/ojs/9262/9262-13-12790-1-2-20201228.pdf,Affiliation parsed from local first-page text extracted from paper PDF; Country inferred from institution using local Ollama model
AAAI-2015-A001825,Charmgil Hong,United States,"Computer Science Department University of Pittsburgh Pittsburgh, PA",AAAI,2015,https://cdn.aaai.org/ojs/9263/9263-13-12791-1-2-20201228.pdf,Affiliation parsed from local first-page text extracted from paper PDF
AAAI-2015-A001826,Milos Hauskrecht,United States,"Computer Science Department University of Pittsburgh Pittsburgh, PA",AAAI,2015,https://cdn.aaai.org/ojs/9263/9263-13-12791-1-2-20201228.pdf,Affiliation parsed from local first-page text extracted from paper PDF
AAAI-2015-A001827,Wei Kuang,United States,"Department of Computer Science, Michigan Technological University, Houghton, MI",AAAI,2015,https://cdn.aaai.org/ojs/9261/9261-13-12789-1-2-20201228.pdf,Affiliation parsed from local first-page text extracted from paper PDF; Country inferred from institution using local Ollama model
AAAI-2015-A001828,Laura Brown,United States,"Department of Computer Science, Michigan Technological University, Houghton, MI",AAAI,2015,https://cdn.aaai.org/ojs/9261/9261-13-12789-1-2-20201228.pdf,Affiliation parsed from local first-page text extracted from paper PDF; Country inferred from institution using local Ollama model
AAAI-2015-A001829,Zhenlin Wang,United States,"Department of Computer Science, Michigan Technological University, Houghton, MI",AAAI,2015,https://cdn.aaai.org/ojs/9261/9261-13-12789-1-2-20201228.pdf,Affiliation parsed from local first-page text extracted from paper PDF; Country inferred from institution using local Ollama model
AAAI-2015-A001830,Claudia Schulz,United Kingdom,UNKNOWN,AAAI,2015,https://aaai.org/papers/9264-explaining-answer-set-programming-in-argumentative-terms/,Parsed from AAAI track pages or OJS issues; affiliation enrichment pending from PDF first pages; Country inferred from full first-page text using local Ollama model
AAAI-2015-A001831,Bradley Hayes,United States,Department of Computer Science Yale University,AAAI,2015,https://cdn.aaai.org/ojs/9266/9266-13-12794-1-2-20201228.pdf,Affiliation parsed from local first-page text extracted from paper PDF; Country inferred from institution using local Ollama model
AAAI-2015-A001832,Carrie Rebhuhn,United States,Oregon State University,AAAI,2015,https://cdn.aaai.org/ojs/9265/9265-13-12793-1-2-20201228.pdf,Affiliation parsed from local first-page text extracted from paper PDF; Country inferred from institution using local Ollama model
AAAI-2015-A001833,Matthew McLure,United States,Northwestern University,AAAI,2015,https://cdn.aaai.org/ojs/9228/9228-13-12756-1-2-20201228.pdf,Affiliation parsed from local first-page text extracted from paper PDF; Country inferred from institution using local Ollama model
AAAI-2015-A001834,Scott Friedman,United States,Northwestern University,AAAI,2015,https://cdn.aaai.org/ojs/9228/9228-13-12756-1-2-20201228.pdf,Affiliation parsed from local first-page text extracted from paper PDF; Country inferred from institution using local Ollama model
AAAI-2015-A001835,Kenneth Forbus,United States,Northwestern University,AAAI,2015,https://cdn.aaai.org/ojs/9228/9228-13-12756-1-2-20201228.pdf,Affiliation parsed from local first-page text extracted from paper PDF; Country inferred from institution using local Ollama model
AAAI-2015-A001836,Peter Lindes,United States,Brigham Young University,AAAI,2015,https://cdn.aaai.org/ojs/9227/9227-13-12755-1-2-20201228.pdf,Affiliation parsed from local first-page text extracted from paper PDF; Country inferred from institution using local Ollama model
AAAI-2015-A001837,Deryle Lonsdale,United States,Brigham Young University,AAAI,2015,https://cdn.aaai.org/ojs/9227/9227-13-12755-1-2-20201228.pdf,Affiliation parsed from local first-page text extracted from paper PDF; Country inferred from institution using local Ollama model
AAAI-2015-A001838,David Embley,United States,Brigham Young University,AAAI,2015,https://cdn.aaai.org/ojs/9227/9227-13-12755-1-2-20201228.pdf,Affiliation parsed from local first-page text extracted from paper PDF; Country inferred from institution using local Ollama model
AAAI-2015-A001839,Daniel Schlegel,UNKNOWN,UNKNOWN,AAAI,2015,https://aaai.org/papers/9229-inference-graphs-combining-natural-deduction-and-subsumption-inference-in-a-concurrent-reasoner/,Parsed from AAAI track pages or OJS issues; affiliation enrichment pending from PDF first pages
AAAI-2015-A001840,Stuart Shapiro,UNKNOWN,UNKNOWN,AAAI,2015,https://aaai.org/papers/9229-inference-graphs-combining-natural-deduction-and-subsumption-inference-in-a-concurrent-reasoner/,Parsed from AAAI track pages or OJS issues; affiliation enrichment pending from PDF first pages
AAAI-2015-A001841,Erik Cambria,Singapore,School of Computer Engineering,AAAI,2015,https://cdn.aaai.org/ojs/9230/9230-13-12758-1-2-20201228.pdf,Affiliation parsed from local first-page text extracted from paper PDF; Country inferred from full first-page text using local Ollama model
AAAI-2015-A001842,Jie Fu,Singapore,School of Computer Engineering,AAAI,2015,https://cdn.aaai.org/ojs/9230/9230-13-12758-1-2-20201228.pdf,Affiliation parsed from local first-page text extracted from paper PDF; Country inferred from full first-page text using local Ollama model
AAAI-2015-A001843,Federica Bisio,Italy,School of Computer Engineering,AAAI,2015,https://cdn.aaai.org/ojs/9230/9230-13-12758-1-2-20201228.pdf,Affiliation parsed from local first-page text extracted from paper PDF; Country inferred from full first-page text using local Ollama model
AAAI-2015-A001844,Soujanya Poria,Singapore,School of Computer Engineering,AAAI,2015,https://cdn.aaai.org/ojs/9230/9230-13-12758-1-2-20201228.pdf,Affiliation parsed from local first-page text extracted from paper PDF; Country inferred from full first-page text using local Ollama model
AAAI-2015-A001845,Alfredo Gabaldon,United States,"Silicon Valley Campus Carnegie Mellon University Moffett Field, CA USA",AAAI,2015,https://cdn.aaai.org/ojs/9231/9231-13-12759-1-2-20201228.pdf,Affiliation parsed from local first-page text extracted from paper PDF
AAAI-2015-A001846,Pat Langley,United States,"Silicon Valley Campus Carnegie Mellon University Moffett Field, CA USA",AAAI,2015,https://cdn.aaai.org/ojs/9231/9231-13-12759-1-2-20201228.pdf,Affiliation parsed from local first-page text extracted from paper PDF
AAAI-2015-A001847,Stefano Ermon,United States,UNKNOWN,AAAI,2015,https://aaai.org/papers/9233-pattern-decomposition-with-complex-combinatorial-constraints-application-to-materials-discovery/,Parsed from AAAI track pages or OJS issues; affiliation enrichment pending from PDF first pages; Country inferred from full first-page text using local Ollama model
AAAI-2015-A001848,Ronan Le Bras,United States,UNKNOWN,AAAI,2015,https://aaai.org/papers/9233-pattern-decomposition-with-complex-combinatorial-constraints-application-to-materials-discovery/,Parsed from AAAI track pages or OJS issues; affiliation enrichment pending from PDF first pages; Country inferred from full first-page text using local Ollama model
AAAI-2015-A001849,Santosh Suram,United States,UNKNOWN,AAAI,2015,https://aaai.org/papers/9233-pattern-decomposition-with-complex-combinatorial-constraints-application-to-materials-discovery/,Parsed from AAAI track pages or OJS issues; affiliation enrichment pending from PDF first pages; Country inferred from full first-page text using local Ollama model
AAAI-2015-A001850,John Gregoire,United States,UNKNOWN,AAAI,2015,https://aaai.org/papers/9233-pattern-decomposition-with-complex-combinatorial-constraints-application-to-materials-discovery/,Parsed from AAAI track pages or OJS issues; affiliation enrichment pending from PDF first pages; Country inferred from full first-page text using local Ollama model
AAAI-2015-A001851,Carla Gomes,United States,UNKNOWN,AAAI,2015,https://aaai.org/papers/9233-pattern-decomposition-with-complex-combinatorial-constraints-application-to-materials-discovery/,Parsed from AAAI track pages or OJS issues; affiliation enrichment pending from PDF first pages; Country inferred from full first-page text using local Ollama model
AAAI-2015-A001852,Bart Selman,United States,UNKNOWN,AAAI,2015,https://aaai.org/papers/9233-pattern-decomposition-with-complex-combinatorial-constraints-application-to-materials-discovery/,Parsed from AAAI track pages or OJS issues; affiliation enrichment pending from PDF first pages; Country inferred from full first-page text using local Ollama model
AAAI-2015-A001853,Robert van Dover,United States,UNKNOWN,AAAI,2015,https://aaai.org/papers/9233-pattern-decomposition-with-complex-combinatorial-constraints-application-to-materials-discovery/,Parsed from AAAI track pages or OJS issues; affiliation enrichment pending from PDF first pages; Country inferred from full first-page text using local Ollama model
AAAI-2015-A001854,Alexander Styler,UNKNOWN,UNKNOWN,AAAI,2015,https://aaai.org/papers/9232-real-time-predictive-optimization-for-energy-management-in-a-hybrid-electric-vehicle/,Parsed from AAAI track pages or OJS issues; affiliation enrichment pending from PDF first pages
AAAI-2015-A001855,Illah Nourbakhsh,UNKNOWN,UNKNOWN,AAAI,2015,https://aaai.org/papers/9232-real-time-predictive-optimization-for-energy-management-in-a-hybrid-electric-vehicle/,Parsed from AAAI track pages or OJS issues; affiliation enrichment pending from PDF first pages
AAAI-2015-A001856,Frits de Nijs,Netherlands,UNKNOWN,AAAI,2015,https://aaai.org/papers/9234-best-response-planning-of-thermostatically-controlled-loads-under-power-constraints/,Parsed from AAAI track pages or OJS issues; affiliation enrichment pending from PDF first pages; Country inferred from full first-page text using local Ollama model
AAAI-2015-A001857,Matthijs Spaan,Netherlands,UNKNOWN,AAAI,2015,https://aaai.org/papers/9234-best-response-planning-of-thermostatically-controlled-loads-under-power-constraints/,Parsed from AAAI track pages or OJS issues; affiliation enrichment pending from PDF first pages; Country inferred from full first-page text using local Ollama model
AAAI-2015-A001858,Mathijs de Weerdt,Netherlands,UNKNOWN,AAAI,2015,https://aaai.org/papers/9234-best-response-planning-of-thermostatically-controlled-loads-under-power-constraints/,Parsed from AAAI track pages or OJS issues; affiliation enrichment pending from PDF first pages; Country inferred from full first-page text using local Ollama model
AAAI-2015-A001859,Saima Aman,United States,UNKNOWN,AAAI,2015,https://aaai.org/papers/9235-influence-driven-model-for-time-series-prediction-from-partial-observations/,Parsed from AAAI track pages or OJS issues; affiliation enrichment pending from PDF first pages; Country inferred from full first-page text using local Ollama model
AAAI-2015-A001860,Charalampos Chelmis,United States,UNKNOWN,AAAI,2015,https://aaai.org/papers/9235-influence-driven-model-for-time-series-prediction-from-partial-observations/,Parsed from AAAI track pages or OJS issues; affiliation enrichment pending from PDF first pages; Country inferred from full first-page text using local Ollama model
AAAI-2015-A001861,Viktor Prasanna,UNKNOWN,UNKNOWN,AAAI,2015,https://aaai.org/papers/9235-influence-driven-model-for-time-series-prediction-from-partial-observations/,Parsed from AAAI track pages or OJS issues; affiliation enrichment pending from PDF first pages
AAAI-2015-A001862,Xuan Song,China | Japan,"Center for Spatial Information Science, The University of Tokyo, Japan 2Microsoft Research, P.R. China",AAAI,2015,https://cdn.aaai.org/ojs/9237/9237-13-12765-1-2-20201228.pdf,Affiliation parsed from local first-page text extracted from paper PDF
AAAI-2015-A001863,Quanshi Zhang,China | Japan,"Center for Spatial Information Science, The University of Tokyo, Japan 2Microsoft Research, P.R. China",AAAI,2015,https://cdn.aaai.org/ojs/9237/9237-13-12765-1-2-20201228.pdf,Affiliation parsed from local first-page text extracted from paper PDF
AAAI-2015-A001864,Yoshihide Sekimoto,China | Japan,"Center for Spatial Information Science, The University of Tokyo, Japan 2Microsoft Research, P.R. China",AAAI,2015,https://cdn.aaai.org/ojs/9237/9237-13-12765-1-2-20201228.pdf,Affiliation parsed from local first-page text extracted from paper PDF
AAAI-2015-A001865,Ryosuke Shibasaki,China | Japan,"Center for Spatial Information Science, The University of Tokyo, Japan 2Microsoft Research, P.R. China",AAAI,2015,https://cdn.aaai.org/ojs/9237/9237-13-12765-1-2-20201228.pdf,Affiliation parsed from local first-page text extracted from paper PDF
AAAI-2015-A001866,Nicholas Jing Yuan,China | Japan,"Center for Spatial Information Science, The University of Tokyo, Japan 2Microsoft Research, P.R. China",AAAI,2015,https://cdn.aaai.org/ojs/9237/9237-13-12765-1-2-20201228.pdf,Affiliation parsed from local first-page text extracted from paper PDF
AAAI-2015-A001867,Xing Xie,China | Japan,"Center for Spatial Information Science, The University of Tokyo, Japan 2Microsoft Research, P.R. China",AAAI,2015,https://cdn.aaai.org/ojs/9237/9237-13-12765-1-2-20201228.pdf,Affiliation parsed from local first-page text extracted from paper PDF
AAAI-2015-A001868,BoonPing Lim,United States,Los Alamos National Laboratory,AAAI,2015,https://cdn.aaai.org/ojs/9236/9236-13-12764-1-2-20201228.pdf,Affiliation parsed from local first-page text extracted from paper PDF; Country inferred from institution using local Ollama model
AAAI-2015-A001869,Menkes van den Briel,United States,Los Alamos National Laboratory,AAAI,2015,https://cdn.aaai.org/ojs/9236/9236-13-12764-1-2-20201228.pdf,Affiliation parsed from local first-page text extracted from paper PDF; Country inferred from institution using local Ollama model
AAAI-2015-A001870,Sylvie Thiebaux,United States,Los Alamos National Laboratory,AAAI,2015,https://cdn.aaai.org/ojs/9236/9236-13-12764-1-2-20201228.pdf,Affiliation parsed from local first-page text extracted from paper PDF; Country inferred from institution using local Ollama model
AAAI-2015-A001871,Scott Backhaus,United States,Los Alamos National Laboratory,AAAI,2015,https://cdn.aaai.org/ojs/9236/9236-13-12764-1-2-20201228.pdf,Affiliation parsed from local first-page text extracted from paper PDF; Country inferred from institution using local Ollama model
AAAI-2015-A001872,Russell Bent,United States,Los Alamos National Laboratory,AAAI,2015,https://cdn.aaai.org/ojs/9236/9236-13-12764-1-2-20201228.pdf,Affiliation parsed from local first-page text extracted from paper PDF; Country inferred from institution using local Ollama model
AAAI-2015-A001873,Sandhya Saisubramanian,Singapore,"School of Information Systems, Singapore Management University Stamford Road, Singapore",AAAI,2015,https://cdn.aaai.org/ojs/9238/9238-13-12766-1-2-20201228.pdf,Affiliation parsed from local first-page text extracted from paper PDF
AAAI-2015-A001874,Pradeep Varakantham,Singapore,"School of Information Systems, Singapore Management University Stamford Road, Singapore",AAAI,2015,https://cdn.aaai.org/ojs/9238/9238-13-12766-1-2-20201228.pdf,Affiliation parsed from local first-page text extracted from paper PDF
AAAI-2015-A001875,Hoong Chuin Lau,Singapore,"School of Information Systems, Singapore Management University Stamford Road, Singapore",AAAI,2015,https://cdn.aaai.org/ojs/9238/9238-13-12766-1-2-20201228.pdf,Affiliation parsed from local first-page text extracted from paper PDF
AAAI-2015-A001876,John Dickerson,United States,Carnegie Mellon University,AAAI,2015,https://cdn.aaai.org/ojs/9239/9239-13-12767-1-2-20201228.pdf,Affiliation parsed from local first-page text extracted from paper PDF
AAAI-2015-A001877,Tuomas Sandholm,United States,Carnegie Mellon University,AAAI,2015,https://cdn.aaai.org/ojs/9239/9239-13-12767-1-2-20201228.pdf,Affiliation parsed from local first-page text extracted from paper PDF
AAAI-2015-A001878,Hassan Hijazi,Australia,"NICTA and Australian National University London Circuit, Canberra, ACT , Australia",AAAI,2015,https://cdn.aaai.org/ojs/9241/9241-13-12769-1-2-20201228.pdf,Affiliation parsed from local first-page text extracted from paper PDF
AAAI-2015-A001879,Terrence W.K. Mak,Australia,"NICTA and Australian National University London Circuit, Canberra, ACT , Australia",AAAI,2015,https://cdn.aaai.org/ojs/9241/9241-13-12769-1-2-20201228.pdf,Affiliation parsed from local first-page text extracted from paper PDF
AAAI-2015-A001880,Pascal Van Hentenryck,Australia,"NICTA and Australian National University London Circuit, Canberra, ACT , Australia",AAAI,2015,https://cdn.aaai.org/ojs/9241/9241-13-12769-1-2-20201228.pdf,Affiliation parsed from local first-page text extracted from paper PDF
AAAI-2015-A001881,Liangda Li,United States | China,"Software Engineering Institute, East China Normal University, Shanghai, China | College of Computing, Georgia Institute of Technology, Atlanta, GA, USA",AAAI,2015,https://cdn.aaai.org/ojs/9243/9243-13-12771-1-2-20201228.pdf,Affiliation parsed from local first-page text extracted from paper PDF
AAAI-2015-A001882,Hongyuan Zha,United States | China,"Software Engineering Institute, East China Normal University, Shanghai, China | College of Computing, Georgia Institute of Technology, Atlanta, GA, USA",AAAI,2015,https://cdn.aaai.org/ojs/9243/9243-13-12771-1-2-20201228.pdf,Affiliation parsed from local first-page text extracted from paper PDF
AAAI-2015-A001883,Bochao Shen,United States,Northeastern University,AAAI,2015,https://cdn.aaai.org/ojs/9240/9240-13-12768-1-2-20201228.pdf,Affiliation parsed from local first-page text extracted from paper PDF
AAAI-2015-A001884,Balakrishnan Narayanaswamy,United States,Northeastern University,AAAI,2015,https://cdn.aaai.org/ojs/9240/9240-13-12768-1-2-20201228.pdf,Affiliation parsed from local first-page text extracted from paper PDF
AAAI-2015-A001885,Ravi Sundaram,United States,Northeastern University,AAAI,2015,https://cdn.aaai.org/ojs/9240/9240-13-12768-1-2-20201228.pdf,Affiliation parsed from local first-page text extracted from paper PDF
AAAI-2015-A001886,Filippo Bistaffa,Italy,"Sarvapali D. Ramchurn Department of Computer Science University of Verona Verona, Italy",AAAI,2015,https://cdn.aaai.org/ojs/9242/9242-13-12770-1-2-20201228.pdf,Affiliation parsed from local first-page text extracted from paper PDF
AAAI-2015-A001887,Alessandro Farinelli,Italy,"Sarvapali D. Ramchurn Department of Computer Science University of Verona Verona, Italy",AAAI,2015,https://cdn.aaai.org/ojs/9242/9242-13-12770-1-2-20201228.pdf,Affiliation parsed from local first-page text extracted from paper PDF
AAAI-2015-A001888,Sarvapali Ramchurn,United Kingdom | Italy,UNKNOWN,AAAI,2015,https://aaai.org/papers/9242-sharing-rides-with-friends-a-coalition-formation-algorithm-for-ridesharing/,Parsed from AAAI track pages or OJS issues; affiliation enrichment pending from PDF first pages; Country inferred from full first-page text using local Ollama model
AAAI-2015-A001889,Eoin O'Mahony,UNKNOWN,UNKNOWN,AAAI,2015,https://aaai.org/papers/9245-data-analysis-and-optimization-for-citibike-sharing/,Parsed from AAAI track pages or OJS issues; affiliation enrichment pending from PDF first pages
AAAI-2015-A001890,David Shmoys,UNKNOWN,UNKNOWN,AAAI,2015,https://aaai.org/papers/9245-data-analysis-and-optimization-for-citibike-sharing/,Parsed from AAAI track pages or OJS issues; affiliation enrichment pending from PDF first pages
AAAI-2015-A001891,Athanasios Aris Panagopoulos,United Kingdom,"University of Southampton, UK",AAAI,2015,https://cdn.aaai.org/ojs/9244/9244-13-12772-1-2-20201228.pdf,Affiliation parsed from local first-page text extracted from paper PDF
AAAI-2015-A001892,Georgios Chalkiadakis,United Kingdom,"University of Southampton, UK",AAAI,2015,https://cdn.aaai.org/ojs/9244/9244-13-12772-1-2-20201228.pdf,Affiliation parsed from local first-page text extracted from paper PDF
AAAI-2015-A001893,Nicholas Jennings,United Kingdom,"University of Southampton, UK",AAAI,2015,https://cdn.aaai.org/ojs/9244/9244-13-12772-1-2-20201228.pdf,Affiliation parsed from local first-page text extracted from paper PDF
AAAI-2015-A001894,Vitor Guizilini,Australia,National ICT Australia (NICTA),AAAI,2015,https://cdn.aaai.org/ojs/9246/9246-13-12774-1-2-20201228.pdf,Affiliation parsed from local first-page text extracted from paper PDF
AAAI-2015-A001895,Fabio Ramos,Australia,"National ICT Australia (NICTA) | School of Information Technologies, The University of Sydney, Australia.",AAAI,2015,https://cdn.aaai.org/ojs/9246/9246-13-12774-1-2-20201228.pdf,Affiliation parsed from local first-page text extracted from paper PDF
AAAI-2015-A001896,Sarah M. Erfani,Australia,"NICTA Victoria Research Laboratory Department of Computing and Information Systems, The University of Melbourne, Australia",AAAI,2015,https://cdn.aaai.org/ojs/9208/9208-13-12736-1-2-20201228.pdf,Affiliation parsed from local first-page text extracted from paper PDF
AAAI-2015-A001897,Mahsa Baktashmotlagh,Australia,"NICTA Victoria Research Laboratory Department of Computing and Information Systems, The University of Melbourne, Australia",AAAI,2015,https://cdn.aaai.org/ojs/9208/9208-13-12736-1-2-20201228.pdf,Affiliation parsed from local first-page text extracted from paper PDF
AAAI-2015-A001898,Sutharshan Rajasegarar,Australia,"NICTA Victoria Research Laboratory Department of Computing and Information Systems, The University of Melbourne, Australia",AAAI,2015,https://cdn.aaai.org/ojs/9208/9208-13-12736-1-2-20201228.pdf,Affiliation parsed from local first-page text extracted from paper PDF
AAAI-2015-A001899,Shanika Karunasekera,Australia,"NICTA Victoria Research Laboratory Department of Computing and Information Systems, The University of Melbourne, Australia",AAAI,2015,https://cdn.aaai.org/ojs/9208/9208-13-12736-1-2-20201228.pdf,Affiliation parsed from local first-page text extracted from paper PDF
AAAI-2015-A001900,Chris Leckie,Australia,"NICTA Victoria Research Laboratory Department of Computing and Information Systems, The University of Melbourne, Australia",AAAI,2015,https://cdn.aaai.org/ojs/9208/9208-13-12736-1-2-20201228.pdf,Affiliation parsed from local first-page text extracted from paper PDF
AAAI-2015-A001901,Stephen Mussmann,United States,"Purdue University, West Lafayette, IN",AAAI,2015,https://cdn.aaai.org/ojs/9207/9207-13-12735-1-2-20201228.pdf,Affiliation parsed from local first-page text extracted from paper PDF; Country inferred from institution using local Ollama model
AAAI-2015-A001902,John Moore,United States,"Purdue University, West Lafayette, IN",AAAI,2015,https://cdn.aaai.org/ojs/9207/9207-13-12735-1-2-20201228.pdf,Affiliation parsed from local first-page text extracted from paper PDF; Country inferred from institution using local Ollama model
AAAI-2015-A001903,Joseph Pfeiffer,United States,"Purdue University, West Lafayette, IN",AAAI,2015,https://cdn.aaai.org/ojs/9207/9207-13-12735-1-2-20201228.pdf,Affiliation parsed from local first-page text extracted from paper PDF; Country inferred from institution using local Ollama model
AAAI-2015-A001904,Jennifer Neville,United States,"Purdue University, West Lafayette, IN",AAAI,2015,https://cdn.aaai.org/ojs/9207/9207-13-12735-1-2-20201228.pdf,Affiliation parsed from local first-page text extracted from paper PDF; Country inferred from institution using local Ollama model
AAAI-2015-A001905,Marzyeh Ghassemi,UNKNOWN,UNKNOWN,AAAI,2015,https://aaai.org/papers/9209-a-multivariate-timeseries-modeling-approach-to-severity-of-illness-assessment-and-forecasting-in-icu-with-sparse-heterogeneous-clinical-data/,Parsed from AAAI track pages or OJS issues; affiliation enrichment pending from PDF first pages
AAAI-2015-A001906,Marco Pimentel,United Kingdom | United States,UNKNOWN,AAAI,2015,https://aaai.org/papers/9209-a-multivariate-timeseries-modeling-approach-to-severity-of-illness-assessment-and-forecasting-in-icu-with-sparse-heterogeneous-clinical-data/,Parsed from AAAI track pages or OJS issues; affiliation enrichment pending from PDF first pages; Country inferred from full first-page text using local Ollama model
AAAI-2015-A001907,Tristan Naumann,United States,"Computer Science MIT Cambridge, MA USA",AAAI,2015,https://cdn.aaai.org/ojs/9209/9209-13-12737-1-2-20201228.pdf,Affiliation parsed from local first-page text extracted from paper PDF
AAAI-2015-A001908,Thomas Brennan,UNKNOWN,UNKNOWN,AAAI,2015,https://aaai.org/papers/9209-a-multivariate-timeseries-modeling-approach-to-severity-of-illness-assessment-and-forecasting-in-icu-with-sparse-heterogeneous-clinical-data/,Parsed from AAAI track pages or OJS issues; affiliation enrichment pending from PDF first pages
AAAI-2015-A001909,David Clifton,United Kingdom | United States,UNKNOWN,AAAI,2015,https://aaai.org/papers/9209-a-multivariate-timeseries-modeling-approach-to-severity-of-illness-assessment-and-forecasting-in-icu-with-sparse-heterogeneous-clinical-data/,Parsed from AAAI track pages or OJS issues; affiliation enrichment pending from PDF first pages; Country inferred from full first-page text using local Ollama model
AAAI-2015-A001910,Peter Szolovits,United States,UNKNOWN,AAAI,2015,https://aaai.org/papers/9209-a-multivariate-timeseries-modeling-approach-to-severity-of-illness-assessment-and-forecasting-in-icu-with-sparse-heterogeneous-clinical-data/,Parsed from AAAI track pages or OJS issues; affiliation enrichment pending from PDF first pages; Country inferred from full first-page text using local Ollama model
AAAI-2015-A001911,Mengling Feng,United States | United Kingdom,UNKNOWN,AAAI,2015,https://aaai.org/papers/9209-a-multivariate-timeseries-modeling-approach-to-severity-of-illness-assessment-and-forecasting-in-icu-with-sparse-heterogeneous-clinical-data/,Parsed from AAAI track pages or OJS issues; affiliation enrichment pending from PDF first pages; Country inferred from full first-page text using local Ollama model
AAAI-2015-A001912,Fei Mi,Hong Kong,Department of Computer Science and Engineering Hong Kong University of Science and Technology Hong Kong,AAAI,2015,https://cdn.aaai.org/ojs/9210/9210-13-12738-1-2-20201228.pdf,Affiliation parsed from local first-page text extracted from paper PDF; Country inferred from institution using local Ollama model
AAAI-2015-A001913,Dit-Yan Yeung,Hong Kong,Department of Computer Science and Engineering Hong Kong University of Science and Technology Hong Kong,AAAI,2015,https://cdn.aaai.org/ojs/9210/9210-13-12738-1-2-20201228.pdf,Affiliation parsed from local first-page text extracted from paper PDF; Country inferred from institution using local Ollama model
AAAI-2015-A001914,Suhang Wang,United States,"School of Computing, Informatics, and Decision Systems Engineering Arizona State University, USA",AAAI,2015,https://cdn.aaai.org/ojs/9211/9211-13-12739-1-2-20201228.pdf,Affiliation parsed from local first-page text extracted from paper PDF
AAAI-2015-A001915,Jiliang Tang,United States,"School of Computing, Informatics, and Decision Systems Engineering Arizona State University, USA",AAAI,2015,https://cdn.aaai.org/ojs/9211/9211-13-12739-1-2-20201228.pdf,Affiliation parsed from local first-page text extracted from paper PDF
AAAI-2015-A001916,Huan Liu,United States,"School of Computing, Informatics, and Decision Systems Engineering Arizona State University, USA",AAAI,2015,https://cdn.aaai.org/ojs/9211/9211-13-12739-1-2-20201228.pdf,Affiliation parsed from local first-page text extracted from paper PDF
AAAI-2015-A001917,Virginia Andersson,Brazil,PPGC - Federal University of Pelotas,AAAI,2015,https://cdn.aaai.org/ojs/9212/9212-13-12740-1-2-20201228.pdf,Affiliation parsed from local first-page text extracted from paper PDF; Country inferred from institution using local Ollama model
AAAI-2015-A001918,Ricardo Araujo,Brazil,PPGC - Federal University of Pelotas,AAAI,2015,https://cdn.aaai.org/ojs/9212/9212-13-12740-1-2-20201228.pdf,Affiliation parsed from local first-page text extracted from paper PDF; Country inferred from institution using local Ollama model
AAAI-2015-A001919,Yongqing Wang,China,"CAS Key Laboratory of Network Data Science and Technology, Institute of Computing Technology, Chinese Academy of Sciences, Beijing , China ∗",AAAI,2015,https://cdn.aaai.org/ojs/9213/9213-13-12741-1-2-20201228.pdf,Affiliation parsed from local first-page text extracted from paper PDF
AAAI-2015-A001920,Huawei Shen,China,"CAS Key Laboratory of Network Data Science and Technology, Institute of Computing Technology, Chinese Academy of Sciences, Beijing , China ∗",AAAI,2015,https://cdn.aaai.org/ojs/9213/9213-13-12741-1-2-20201228.pdf,Affiliation parsed from local first-page text extracted from paper PDF
AAAI-2015-A001921,Shenghua Liu,China,"CAS Key Laboratory of Network Data Science and Technology, Institute of Computing Technology, Chinese Academy of Sciences, Beijing , China ∗",AAAI,2015,https://cdn.aaai.org/ojs/9213/9213-13-12741-1-2-20201228.pdf,Affiliation parsed from local first-page text extracted from paper PDF
AAAI-2015-A001922,Xueqi Cheng,China,"CAS Key Laboratory of Network Data Science and Technology, Institute of Computing Technology, Chinese Academy of Sciences, Beijing , China ∗",AAAI,2015,https://cdn.aaai.org/ojs/9213/9213-13-12741-1-2-20201228.pdf,Affiliation parsed from local first-page text extracted from paper PDF
AAAI-2015-A001923,Xiaomin Fang,China,"Department of Computer Science Sun Yat-sen University Guangzhou, China",AAAI,2015,https://cdn.aaai.org/ojs/9214/9214-13-12742-1-2-20201228.pdf,Affiliation parsed from local first-page text extracted from paper PDF
AAAI-2015-A001924,Rong Pan,China,"Department of Computer Science Sun Yat-sen University Guangzhou, China",AAAI,2015,https://cdn.aaai.org/ojs/9214/9214-13-12742-1-2-20201228.pdf,Affiliation parsed from local first-page text extracted from paper PDF
AAAI-2015-A001925,Guoxiang Cao,China,"Department of Computer Science Sun Yat-sen University Guangzhou, China",AAAI,2015,https://cdn.aaai.org/ojs/9214/9214-13-12742-1-2-20201228.pdf,Affiliation parsed from local first-page text extracted from paper PDF
AAAI-2015-A001926,Xiuqiang He,China,"Department of Computer Science Sun Yat-sen University Guangzhou, China",AAAI,2015,https://cdn.aaai.org/ojs/9214/9214-13-12742-1-2-20201228.pdf,Affiliation parsed from local first-page text extracted from paper PDF
AAAI-2015-A001927,Wenyuan Dai,China,"Department of Computer Science Sun Yat-sen University Guangzhou, China",AAAI,2015,https://cdn.aaai.org/ojs/9214/9214-13-12742-1-2-20201228.pdf,Affiliation parsed from local first-page text extracted from paper PDF
AAAI-2015-A001928,David Balduzzi,New Zealand,UNKNOWN,AAAI,2015,https://aaai.org/papers/9217-kickback-cuts-backprops-red-tape-biologically-plausible-credit-assignment-in-neural-networks/,Parsed from AAAI track pages or OJS issues; affiliation enrichment pending from PDF first pages; Country inferred from full first-page text using local Ollama model
AAAI-2015-A001929,Hastagiri Vanchinathan,Switzerland,UNKNOWN,AAAI,2015,https://aaai.org/papers/9217-kickback-cuts-backprops-red-tape-biologically-plausible-credit-assignment-in-neural-networks/,Parsed from AAAI track pages or OJS issues; affiliation enrichment pending from PDF first pages; Country inferred from full first-page text using local Ollama model
AAAI-2015-A001930,Joachim Buhmann,Switzerland,UNKNOWN,AAAI,2015,https://aaai.org/papers/9217-kickback-cuts-backprops-red-tape-biologically-plausible-credit-assignment-in-neural-networks/,Parsed from AAAI track pages or OJS issues; affiliation enrichment pending from PDF first pages; Country inferred from full first-page text using local Ollama model
AAAI-2015-A001931,Josefina Sierra-Santibanez,Spain,"Technical University of Catalonia, Campus Nord, Ed. Omega",AAAI,2015,https://cdn.aaai.org/ojs/9216/9216-13-12744-1-2-20201228.pdf,Affiliation parsed from local first-page text extracted from paper PDF; Country inferred from institution using local Ollama model
AAAI-2015-A001932,Piotr Szczepański,Poland | United Kingdom,UNKNOWN,AAAI,2015,https://aaai.org/papers/9215-efficient-computation-of-semivalues-for-game-theoretic-network-centrality/,Parsed from AAAI track pages or OJS issues; affiliation enrichment pending from PDF first pages; Country inferred from full first-page text using local Ollama model
AAAI-2015-A001933,Mateusz Tarkowski,Poland | United Kingdom,UNKNOWN,AAAI,2015,https://aaai.org/papers/9215-efficient-computation-of-semivalues-for-game-theoretic-network-centrality/,Parsed from AAAI track pages or OJS issues; affiliation enrichment pending from PDF first pages; Country inferred from full first-page text using local Ollama model
AAAI-2015-A001934,Tomasz Michalak,United Kingdom | Poland,UNKNOWN,AAAI,2015,https://aaai.org/papers/9215-efficient-computation-of-semivalues-for-game-theoretic-network-centrality/,Parsed from AAAI track pages or OJS issues; affiliation enrichment pending from PDF first pages; Country inferred from full first-page text using local Ollama model
AAAI-2015-A001935,Paul Harrenstein,United Kingdom,"University of Oxford, United Kingdom",AAAI,2015,https://cdn.aaai.org/ojs/9215/9215-13-12743-1-2-20201228.pdf,Affiliation parsed from local first-page text extracted from paper PDF
AAAI-2015-A001936,Michael Wooldridge,United Kingdom,"University of Oxford, United Kingdom",AAAI,2015,https://cdn.aaai.org/ojs/9215/9215-13-12743-1-2-20201228.pdf,Affiliation parsed from local first-page text extracted from paper PDF
AAAI-2015-A001937,Chen Liang,United States,"Qualitative Reasoning Group, Northwestern University",AAAI,2015,https://cdn.aaai.org/ojs/9218/9218-13-12746-1-2-20201228.pdf,Affiliation parsed from local first-page text extracted from paper PDF; Country inferred from institution using local Ollama model
AAAI-2015-A001938,Kenneth Forbus,United States,"Qualitative Reasoning Group, Northwestern University",AAAI,2015,https://cdn.aaai.org/ojs/9218/9218-13-12746-1-2-20201228.pdf,Affiliation parsed from local first-page text extracted from paper PDF; Country inferred from institution using local Ollama model
AAAI-2015-A001939,Pat Langley,New Zealand,"Department of Computer Science, University of Auckland",AAAI,2015,https://cdn.aaai.org/ojs/9219/9219-13-12747-1-2-20201228.pdf,Affiliation parsed from local first-page text extracted from paper PDF; Country inferred from institution using local Ollama model
AAAI-2015-A001940,Adam Arvay,New Zealand,"Department of Computer Science, University of Auckland",AAAI,2015,https://cdn.aaai.org/ojs/9219/9219-13-12747-1-2-20201228.pdf,Affiliation parsed from local first-page text extracted from paper PDF; Country inferred from institution using local Ollama model
AAAI-2015-A001941,Miaolong Yuan,China | Singapore,"Institute for Infocomm Research, Agency for Science, Technology and Research (A*STAR), Singapore College of Computer Science, Sichuan University, Chengdu, China",AAAI,2015,https://cdn.aaai.org/ojs/9221/9221-13-12749-1-2-20201228.pdf,Affiliation parsed from local first-page text extracted from paper PDF
AAAI-2015-A001942,Bo Tian,China | Singapore,"Institute for Infocomm Research, Agency for Science, Technology and Research (A*STAR), Singapore College of Computer Science, Sichuan University, Chengdu, China",AAAI,2015,https://cdn.aaai.org/ojs/9221/9221-13-12749-1-2-20201228.pdf,Affiliation parsed from local first-page text extracted from paper PDF
AAAI-2015-A001943,Vui Ann Shim,China | Singapore,"Institute for Infocomm Research, Agency for Science, Technology and Research (A*STAR), Singapore College of Computer Science, Sichuan University, Chengdu, China",AAAI,2015,https://cdn.aaai.org/ojs/9221/9221-13-12749-1-2-20201228.pdf,Affiliation parsed from local first-page text extracted from paper PDF
AAAI-2015-A001944,Huajin Tang,China | Singapore,"Institute for Infocomm Research, Agency for Science, Technology and Research (A*STAR), Singapore College of Computer Science, Sichuan University, Chengdu, China",AAAI,2015,https://cdn.aaai.org/ojs/9221/9221-13-12749-1-2-20201228.pdf,Affiliation parsed from local first-page text extracted from paper PDF
AAAI-2015-A001945,Haizhou Li,China | Singapore,"Institute for Infocomm Research, Agency for Science, Technology and Research (A*STAR), Singapore College of Computer Science, Sichuan University, Chengdu, China",AAAI,2015,https://cdn.aaai.org/ojs/9221/9221-13-12749-1-2-20201228.pdf,Affiliation parsed from local first-page text extracted from paper PDF
AAAI-2015-A001946,Keyang Zhang,China,"Shanghai Jiao Tong University, Shanghai, China",AAAI,2015,https://cdn.aaai.org/ojs/9220/9220-13-12748-1-2-20201228.pdf,Affiliation parsed from local first-page text extracted from paper PDF
AAAI-2015-A001947,Kenny Zhu,China,"Shanghai Jiao Tong University, Shanghai, China",AAAI,2015,https://cdn.aaai.org/ojs/9220/9220-13-12748-1-2-20201228.pdf,Affiliation parsed from local first-page text extracted from paper PDF
AAAI-2015-A001948,Seung-won Hwang,China,"Shanghai Jiao Tong University, Shanghai, China",AAAI,2015,https://cdn.aaai.org/ojs/9220/9220-13-12748-1-2-20201228.pdf,Affiliation parsed from local first-page text extracted from paper PDF
AAAI-2015-A001949,Marjorie McShane,United States,Rensselaer Polytechnic Institute,AAAI,2015,https://cdn.aaai.org/ojs/9223/9223-13-12751-1-2-20201228.pdf,Affiliation parsed from local first-page text extracted from paper PDF; Country inferred from institution using local Ollama model
AAAI-2015-A001950,Petr Babkin,United States,Rensselaer Polytechnic Institute,AAAI,2015,https://cdn.aaai.org/ojs/9223/9223-13-12751-1-2-20201228.pdf,Affiliation parsed from local first-page text extracted from paper PDF; Country inferred from institution using local Ollama model
AAAI-2015-A001951,Jesse Hoey,Canada,UNKNOWN,AAAI,2015,https://aaai.org/papers/9222-bayesian-affect-control-theory-of-self/,Parsed from AAAI track pages or OJS issues; affiliation enrichment pending from PDF first pages; Country inferred from full first-page text using local Ollama model
AAAI-2015-A001952,Tobias Schroeder,Germany,UNKNOWN,AAAI,2015,https://aaai.org/papers/9222-bayesian-affect-control-theory-of-self/,Parsed from AAAI track pages or OJS issues; affiliation enrichment pending from PDF first pages; Country inferred from full first-page text using local Ollama model
AAAI-2015-A001953,Justin Li,United States,"University of Michigan Hayward Street Ann Arbor, MI -",AAAI,2015,https://cdn.aaai.org/ojs/9224/9224-13-12752-1-2-20201228.pdf,Affiliation parsed from local first-page text extracted from paper PDF
AAAI-2015-A001954,John Laird,United States,"University of Michigan Hayward Street Ann Arbor, MI -",AAAI,2015,https://cdn.aaai.org/ojs/9224/9224-13-12752-1-2-20201228.pdf,Affiliation parsed from local first-page text extracted from paper PDF
AAAI-2015-A001955,Joseph Blass,United States,"Qualitative Reasoning Group, Northwestern University",AAAI,2015,https://cdn.aaai.org/ojs/9226/9226-13-12754-1-2-20201228.pdf,Affiliation parsed from local first-page text extracted from paper PDF; Country inferred from institution using local Ollama model
AAAI-2015-A001956,Kenneth Forbus,United States,"Qualitative Reasoning Group, Northwestern University",AAAI,2015,https://cdn.aaai.org/ojs/9226/9226-13-12754-1-2-20201228.pdf,Affiliation parsed from local first-page text extracted from paper PDF; Country inferred from institution using local Ollama model
AAAI-2015-A001957,Jung-Woo Ha,South Korea,"School of Computer Science and Engineering & Institute for Cognitive Science Seoul National University, Seoul - , Korea",AAAI,2015,https://cdn.aaai.org/ojs/9225/9225-13-12753-1-2-20201228.pdf,Affiliation parsed from local first-page text extracted from paper PDF
AAAI-2015-A001958,Kyung-Min Kim,South Korea,"School of Computer Science and Engineering & Institute for Cognitive Science Seoul National University, Seoul - , Korea",AAAI,2015,https://cdn.aaai.org/ojs/9225/9225-13-12753-1-2-20201228.pdf,Affiliation parsed from local first-page text extracted from paper PDF
AAAI-2015-A001959,Byoung-Tak Zhang,South Korea,"School of Computer Science and Engineering & Institute for Cognitive Science Seoul National University, Seoul - , Korea",AAAI,2015,https://cdn.aaai.org/ojs/9225/9225-13-12753-1-2-20201228.pdf,Affiliation parsed from local first-page text extracted from paper PDF
AAAI-2015-A001960,Sigal Sina,Israel,"Bar-Ilan University, Israel",AAAI,2015,https://cdn.aaai.org/ojs/9185/9185-13-12713-1-2-20201228.pdf,Affiliation parsed from local first-page text extracted from paper PDF
AAAI-2015-A001961,Avi Rosenfeld,Israel,"Bar-Ilan University, Israel",AAAI,2015,https://cdn.aaai.org/ojs/9185/9185-13-12713-1-2-20201228.pdf,Affiliation parsed from local first-page text extracted from paper PDF
AAAI-2015-A001962,Sarit Kraus,Israel,"Bar-Ilan University, Israel",AAAI,2015,https://cdn.aaai.org/ojs/9185/9185-13-12713-1-2-20201228.pdf,Affiliation parsed from local first-page text extracted from paper PDF
AAAI-2015-A001963,Navot Akiva,Israel,"Bar-Ilan University, Israel",AAAI,2015,https://cdn.aaai.org/ojs/9185/9185-13-12713-1-2-20201228.pdf,Affiliation parsed from local first-page text extracted from paper PDF
AAAI-2015-A001964,Valeria Fionda,Italy,"DeMaCS, University of Calabria, Italy",AAAI,2015,https://cdn.aaai.org/ojs/9188/9188-13-12716-1-2-20201228.pdf,Affiliation parsed from local first-page text extracted from paper PDF
AAAI-2015-A001965,Giuseppe Pirrò,Germany,UNKNOWN,AAAI,2015,https://aaai.org/papers/9188-extended-property-paths-writing-more-sparql-queries-in-a-succinct-way/,Parsed from AAAI track pages or OJS issues; affiliation enrichment pending from PDF first pages; Country inferred from full first-page text using local Ollama model
AAAI-2015-A001966,Mariano Consens,Canada,UNKNOWN,AAAI,2015,https://aaai.org/papers/9188-extended-property-paths-writing-more-sparql-queries-in-a-succinct-way/,Parsed from AAAI track pages or OJS issues; affiliation enrichment pending from PDF first pages; Country inferred from full first-page text using local Ollama model
AAAI-2015-A001967,Sara Cohen,United States | Israel,"Rachel and Selim Benin School of Computer Science and Engineering, Hebrew University of Jerusalem, Jerusalem, Israel",AAAI,2015,https://cdn.aaai.org/ojs/9189/9189-13-12717-1-2-20201228.pdf,Affiliation parsed from local first-page text extracted from paper PDF
AAAI-2015-A001968,Aviv Zohar,United States | Israel,"Rachel and Selim Benin School of Computer Science and Engineering, Hebrew University of Jerusalem, Jerusalem, Israel",AAAI,2015,https://cdn.aaai.org/ojs/9189/9189-13-12717-1-2-20201228.pdf,Affiliation parsed from local first-page text extracted from paper PDF
AAAI-2015-A001969,Seungyeon Kim,United States,"∗ College of Computing, Georgia Institute of Technology, Atlanta, GA, USA Amazon, Seattle, WA, USA",AAAI,2015,https://cdn.aaai.org/ojs/9190/9190-13-12718-1-2-20201228.pdf,Affiliation parsed from local first-page text extracted from paper PDF
AAAI-2015-A001970,Joonseok Lee,United States,"∗ College of Computing, Georgia Institute of Technology, Atlanta, GA, USA Amazon, Seattle, WA, USA",AAAI,2015,https://cdn.aaai.org/ojs/9190/9190-13-12718-1-2-20201228.pdf,Affiliation parsed from local first-page text extracted from paper PDF
AAAI-2015-A001971,Guy Lebanon,United States,"∗ College of Computing, Georgia Institute of Technology, Atlanta, GA, USA Amazon, Seattle, WA, USA",AAAI,2015,https://cdn.aaai.org/ojs/9190/9190-13-12718-1-2-20201228.pdf,Affiliation parsed from local first-page text extracted from paper PDF
AAAI-2015-A001972,Haesun Park,United States,"∗ College of Computing, Georgia Institute of Technology, Atlanta, GA, USA Amazon, Seattle, WA, USA",AAAI,2015,https://cdn.aaai.org/ojs/9190/9190-13-12718-1-2-20201228.pdf,Affiliation parsed from local first-page text extracted from paper PDF
AAAI-2015-A001973,Xuefeng Chen,China,"School of Computer Science and Engineering, University of Electronic Science and Technology of China, China",AAAI,2015,https://cdn.aaai.org/ojs/9191/9191-13-12719-1-2-20201228.pdf,Affiliation parsed from local first-page text extracted from paper PDF
AAAI-2015-A001974,Yifeng Zeng,China,"School of Computer Science and Engineering, University of Electronic Science and Technology of China, China",AAAI,2015,https://cdn.aaai.org/ojs/9191/9191-13-12719-1-2-20201228.pdf,Affiliation parsed from local first-page text extracted from paper PDF
AAAI-2015-A001975,Gao Cong,China,"School of Computer Science and Engineering, University of Electronic Science and Technology of China, China",AAAI,2015,https://cdn.aaai.org/ojs/9191/9191-13-12719-1-2-20201228.pdf,Affiliation parsed from local first-page text extracted from paper PDF
AAAI-2015-A001976,Shengchao Qin,China,"School of Computer Science and Engineering, University of Electronic Science and Technology of China, China",AAAI,2015,https://cdn.aaai.org/ojs/9191/9191-13-12719-1-2-20201228.pdf,Affiliation parsed from local first-page text extracted from paper PDF
AAAI-2015-A001977,Yanping Xiang,China,"School of Computer Science and Engineering, University of Electronic Science and Technology of China, China",AAAI,2015,https://cdn.aaai.org/ojs/9191/9191-13-12719-1-2-20201228.pdf,Affiliation parsed from local first-page text extracted from paper PDF
AAAI-2015-A001978,Yuanshun Dai,China,"School of Computer Science and Engineering, University of Electronic Science and Technology of China, China",AAAI,2015,https://cdn.aaai.org/ojs/9191/9191-13-12719-1-2-20201228.pdf,Affiliation parsed from local first-page text extracted from paper PDF
AAAI-2015-A001979,Birte Glimm,Germany,"University of Ulm, Germany",AAAI,2015,https://cdn.aaai.org/ojs/9192/9192-13-12720-1-2-20201228.pdf,Affiliation parsed from local first-page text extracted from paper PDF
AAAI-2015-A001980,Yevgeny Kazakov,Germany,"University of Ulm, Germany",AAAI,2015,https://cdn.aaai.org/ojs/9192/9192-13-12720-1-2-20201228.pdf,Affiliation parsed from local first-page text extracted from paper PDF
AAAI-2015-A001981,Ilianna Kollia,Germany,"University of Ulm, Germany",AAAI,2015,https://cdn.aaai.org/ojs/9192/9192-13-12720-1-2-20201228.pdf,Affiliation parsed from local first-page text extracted from paper PDF
AAAI-2015-A001982,Giorgos Stamou,Germany,"University of Ulm, Germany",AAAI,2015,https://cdn.aaai.org/ojs/9192/9192-13-12720-1-2-20201228.pdf,Affiliation parsed from local first-page text extracted from paper PDF
AAAI-2015-A001983,Wei-Nan Zhang,China,"Research Center for Social Computing and Information Retrieval, Harbin Institute of Technology",AAAI,2015,https://cdn.aaai.org/ojs/9193/9193-13-12721-1-2-20201228.pdf,Affiliation parsed from local first-page text extracted from paper PDF; Country inferred from institution using local Ollama model
AAAI-2015-A001984,Zhao-Yan Ming,United States,"Department of Computer Science, Digipen Institute of Technology",AAAI,2015,https://cdn.aaai.org/ojs/9193/9193-13-12721-1-2-20201228.pdf,Affiliation parsed from local first-page text extracted from paper PDF; Country inferred from institution using local Ollama model
AAAI-2015-A001985,Yu Zhang,China,"Research Center for Social Computing and Information Retrieval, Harbin Institute of Technology",AAAI,2015,https://cdn.aaai.org/ojs/9193/9193-13-12721-1-2-20201228.pdf,Affiliation parsed from local first-page text extracted from paper PDF; Country inferred from institution using local Ollama model
AAAI-2015-A001986,Ting Liu,China,"Research Center for Social Computing and Information Retrieval, Harbin Institute of Technology",AAAI,2015,https://cdn.aaai.org/ojs/9193/9193-13-12721-1-2-20201228.pdf,Affiliation parsed from local first-page text extracted from paper PDF; Country inferred from institution using local Ollama model
AAAI-2015-A001987,Tat-Seng Chua,Singapore,"School of Computing, National University of Singapore",AAAI,2015,https://cdn.aaai.org/ojs/9193/9193-13-12721-1-2-20201228.pdf,Affiliation parsed from local first-page text extracted from paper PDF
AAAI-2015-A001988,Xinjie Zhou,China,"Institute of Computer Science and Technology, Peking University, Beijing , China The MOE Key Laboratory of Computational Linguistics, Peking University, Beijing , China",AAAI,2015,https://cdn.aaai.org/ojs/9194/9194-13-12722-1-2-20201228.pdf,Affiliation parsed from local first-page text extracted from paper PDF
AAAI-2015-A001989,Xiaojun Wan,China,"Institute of Computer Science and Technology, Peking University, Beijing , China The MOE Key Laboratory of Computational Linguistics, Peking University, Beijing , China",AAAI,2015,https://cdn.aaai.org/ojs/9194/9194-13-12722-1-2-20201228.pdf,Affiliation parsed from local first-page text extracted from paper PDF
AAAI-2015-A001990,Jianguo Xiao,China,"Institute of Computer Science and Technology, Peking University, Beijing , China The MOE Key Laboratory of Computational Linguistics, Peking University, Beijing , China",AAAI,2015,https://cdn.aaai.org/ojs/9194/9194-13-12722-1-2-20201228.pdf,Affiliation parsed from local first-page text extracted from paper PDF
AAAI-2015-A001991,Wei Dai,United States,"School of Computer Science, Carnegie Mellon University *Institute for Infocomm Research, A*STAR",AAAI,2015,https://cdn.aaai.org/ojs/9195/9195-13-12723-1-2-20201228.pdf,Affiliation parsed from local first-page text extracted from paper PDF
AAAI-2015-A001992,Abhimanu Kumar,United States,"School of Computer Science, Carnegie Mellon University *Institute for Infocomm Research, A*STAR",AAAI,2015,https://cdn.aaai.org/ojs/9195/9195-13-12723-1-2-20201228.pdf,Affiliation parsed from local first-page text extracted from paper PDF
AAAI-2015-A001993,Jinliang Wei,United States,"School of Computer Science, Carnegie Mellon University *Institute for Infocomm Research, A*STAR",AAAI,2015,https://cdn.aaai.org/ojs/9195/9195-13-12723-1-2-20201228.pdf,Affiliation parsed from local first-page text extracted from paper PDF
AAAI-2015-A001994,Qirong Ho,United States,"School of Computer Science, Carnegie Mellon University *Institute for Infocomm Research, A*STAR",AAAI,2015,https://cdn.aaai.org/ojs/9195/9195-13-12723-1-2-20201228.pdf,Affiliation parsed from local first-page text extracted from paper PDF
AAAI-2015-A001995,Garth Gibson,United States,"School of Computer Science, Carnegie Mellon University *Institute for Infocomm Research, A*STAR",AAAI,2015,https://cdn.aaai.org/ojs/9195/9195-13-12723-1-2-20201228.pdf,Affiliation parsed from local first-page text extracted from paper PDF
AAAI-2015-A001996,Eric Xing,UNKNOWN,UNKNOWN,AAAI,2015,https://aaai.org/papers/9195-high-performance-distributed-ml-at-scale-through-parameter-server-consistency-models/,Parsed from AAAI track pages or OJS issues; affiliation enrichment pending from PDF first pages
AAAI-2015-A001997,Jinpeng Wang,China | Singapore,"Department of Computer Science and Technology, Peking University, China, School of Computer Engineering, Nanyang Technological University, Singapore School of Information, Renmin University of China, China",AAAI,2015,https://cdn.aaai.org/ojs/9196/9196-13-12724-1-2-20201228.pdf,Affiliation parsed from local first-page text extracted from paper PDF
AAAI-2015-A001998,Gao Cong,China | Singapore,"Department of Computer Science and Technology, Peking University, China, School of Computer Engineering, Nanyang Technological University, Singapore School of Information, Renmin University of China, China",AAAI,2015,https://cdn.aaai.org/ojs/9196/9196-13-12724-1-2-20201228.pdf,Affiliation parsed from local first-page text extracted from paper PDF
AAAI-2015-A001999,Xin Zhao,China | Singapore,"Department of Computer Science and Technology, Peking University, China, School of Computer Engineering, Nanyang Technological University, Singapore School of Information, Renmin University of China, China",AAAI,2015,https://cdn.aaai.org/ojs/9196/9196-13-12724-1-2-20201228.pdf,Affiliation parsed from local first-page text extracted from paper PDF
AAAI-2015-A002000,Xiaoming Li,China | Singapore,"Department of Computer Science and Technology, Peking University, China, School of Computer Engineering, Nanyang Technological University, Singapore School of Information, Renmin University of China, China",AAAI,2015,https://cdn.aaai.org/ojs/9196/9196-13-12724-1-2-20201228.pdf,Affiliation parsed from local first-page text extracted from paper PDF
AAAI-2015-A002001,Weiwei Liu,UNKNOWN,UNKNOWN,AAAI,2015,https://aaai.org/papers/9197-effectively-predicting-whether-and-when-a-topic-will-become-prevalent-in-a-social-network/,Parsed from AAAI track pages or OJS issues; affiliation enrichment pending from PDF first pages
AAAI-2015-A002002,Zhi-Hong Deng,China,Key Laboratory of Machine Perception (Ministry of Education),AAAI,2015,https://cdn.aaai.org/ojs/9197/9197-13-12725-1-2-20201228.pdf,Affiliation parsed from local first-page text extracted from paper PDF; Country inferred from institution using local Ollama model
AAAI-2015-A002003,Xiuwen Gong,China,"School of Mathematics and Computer Science, Anhui Normal University, Wuhu, China",AAAI,2015,https://cdn.aaai.org/ojs/9197/9197-13-12725-1-2-20201228.pdf,Affiliation parsed from local first-page text extracted from paper PDF
AAAI-2015-A002004,Frank Jiang,Australia,"School of Engineering and IT, University of New South Wales, Australia",AAAI,2015,https://cdn.aaai.org/ojs/9197/9197-13-12725-1-2-20201228.pdf,Affiliation parsed from local first-page text extracted from paper PDF
AAAI-2015-A002005,Ivor Tsang,Australia,UNKNOWN,AAAI,2015,https://aaai.org/papers/9197-effectively-predicting-whether-and-when-a-topic-will-become-prevalent-in-a-social-network/,Parsed from AAAI track pages or OJS issues; affiliation enrichment pending from PDF first pages; Country inferred from full first-page text using local Ollama model
AAAI-2015-A002006,Jiwei Ding,China,"National Key Laboratory for Novel Software Technology, Nanjing University, Nanjing , China",AAAI,2015,https://cdn.aaai.org/ojs/9198/9198-13-12726-1-2-20201228.pdf,Affiliation parsed from local first-page text extracted from paper PDF
AAAI-2015-A002007,Wentao Ding,China,"National Key Laboratory for Novel Software Technology, Nanjing University, Nanjing , China",AAAI,2015,https://cdn.aaai.org/ojs/9198/9198-13-12726-1-2-20201228.pdf,Affiliation parsed from local first-page text extracted from paper PDF
AAAI-2015-A002008,Wei Hu,China,"National Key Laboratory for Novel Software Technology, Nanjing University, Nanjing , China",AAAI,2015,https://cdn.aaai.org/ojs/9198/9198-13-12726-1-2-20201228.pdf,Affiliation parsed from local first-page text extracted from paper PDF
AAAI-2015-A002009,Yuzhong Qu,China,"National Key Laboratory for Novel Software Technology, Nanjing University, Nanjing , China",AAAI,2015,https://cdn.aaai.org/ojs/9198/9198-13-12726-1-2-20201228.pdf,Affiliation parsed from local first-page text extracted from paper PDF
AAAI-2015-A002010,Xiaohui Yan,China,"Institute of Computing Technology, Chinese Academy of Science",AAAI,2015,https://cdn.aaai.org/ojs/9199/9199-13-12727-1-2-20201228.pdf,Affiliation parsed from local first-page text extracted from paper PDF
AAAI-2015-A002011,Jiafeng Guo,China,"Institute of Computing Technology, Chinese Academy of Science",AAAI,2015,https://cdn.aaai.org/ojs/9199/9199-13-12727-1-2-20201228.pdf,Affiliation parsed from local first-page text extracted from paper PDF
AAAI-2015-A002012,Yanyan Lan,China,"Institute of Computing Technology, Chinese Academy of Science",AAAI,2015,https://cdn.aaai.org/ojs/9199/9199-13-12727-1-2-20201228.pdf,Affiliation parsed from local first-page text extracted from paper PDF
AAAI-2015-A002013,Jun Xu,China,"Institute of Computing Technology, Chinese Academy of Science",AAAI,2015,https://cdn.aaai.org/ojs/9199/9199-13-12727-1-2-20201228.pdf,Affiliation parsed from local first-page text extracted from paper PDF
AAAI-2015-A002014,Xueqi Cheng,China,"Institute of Computing Technology, Chinese Academy of Science",AAAI,2015,https://cdn.aaai.org/ojs/9199/9199-13-12727-1-2-20201228.pdf,Affiliation parsed from local first-page text extracted from paper PDF
AAAI-2015-A002015,Di Jin,China,UNKNOWN,AAAI,2015,https://aaai.org/papers/9201-modeling-with-node-degree-preservation-can-accurately-find-communities/,Parsed from AAAI track pages or OJS issues; affiliation enrichment pending from PDF first pages; Country inferred from full first-page text using local Ollama model
AAAI-2015-A002016,Zheng Chen,United States | China,UNKNOWN,AAAI,2015,https://aaai.org/papers/9201-modeling-with-node-degree-preservation-can-accurately-find-communities/,Parsed from AAAI track pages or OJS issues; affiliation enrichment pending from PDF first pages; Country inferred from full first-page text using local Ollama model
AAAI-2015-A002017,Dongxiao He,China,UNKNOWN,AAAI,2015,https://aaai.org/papers/9201-modeling-with-node-degree-preservation-can-accurately-find-communities/,Parsed from AAAI track pages or OJS issues; affiliation enrichment pending from PDF first pages; Country inferred from full first-page text using local Ollama model
AAAI-2015-A002018,Weixiong Zhang,United States | China,UNKNOWN,AAAI,2015,https://aaai.org/papers/9201-modeling-with-node-degree-preservation-can-accurately-find-communities/,Parsed from AAAI track pages or OJS issues; affiliation enrichment pending from PDF first pages; Country inferred from full first-page text using local Ollama model
AAAI-2015-A002019,Miao Xie,China,UNKNOWN,AAAI,2015,https://aaai.org/papers/9203-dynadiffuse-a-dynamic-diffusion-model-for-continuous-time-constrained-influence-maximization/,Parsed from AAAI track pages or OJS issues; affiliation enrichment pending from PDF first pages; Country inferred from full first-page text using local Ollama model
AAAI-2015-A002020,Qiusong Yang,China,UNKNOWN,AAAI,2015,https://aaai.org/papers/9203-dynadiffuse-a-dynamic-diffusion-model-for-continuous-time-constrained-influence-maximization/,Parsed from AAAI track pages or OJS issues; affiliation enrichment pending from PDF first pages; Country inferred from full first-page text using local Ollama model
AAAI-2015-A002021,Qing Wang,China,UNKNOWN,AAAI,2015,https://aaai.org/papers/9203-dynadiffuse-a-dynamic-diffusion-model-for-continuous-time-constrained-influence-maximization/,Parsed from AAAI track pages or OJS issues; affiliation enrichment pending from PDF first pages; Country inferred from full first-page text using local Ollama model
AAAI-2015-A002022,Gao Cong,Singapore,UNKNOWN,AAAI,2015,https://aaai.org/papers/9203-dynadiffuse-a-dynamic-diffusion-model-for-continuous-time-constrained-influence-maximization/,Parsed from AAAI track pages or OJS issues; affiliation enrichment pending from PDF first pages; Country inferred from full first-page text using local Ollama model
AAAI-2015-A002023,Gerard Melo,China,UNKNOWN,AAAI,2015,https://aaai.org/papers/9203-dynadiffuse-a-dynamic-diffusion-model-for-continuous-time-constrained-influence-maximization/,Parsed from AAAI track pages or OJS issues; affiliation enrichment pending from PDF first pages; Country inferred from full first-page text using local Ollama model
AAAI-2015-A002024,Guilin Qi,China | Australia,"School of Computer Science and Engineering, Southeast University, China State Key Lab for Novel Software Technology, Nanjing University, Nanjing, China School of Information and Communication Technology, Griffith University, Australia",AAAI,2015,https://cdn.aaai.org/ojs/9200/9200-13-12728-1-2-20201228.pdf,Affiliation parsed from local first-page text extracted from paper PDF
AAAI-2015-A002025,Zhe Wang,China | Australia,"School of Computer Science and Engineering, Southeast University, China State Key Lab for Novel Software Technology, Nanjing University, Nanjing, China School of Information and Communication Technology, Griffith University, Australia",AAAI,2015,https://cdn.aaai.org/ojs/9200/9200-13-12728-1-2-20201228.pdf,Affiliation parsed from local first-page text extracted from paper PDF
AAAI-2015-A002026,Kewen Wang,China | Australia,"School of Computer Science and Engineering, Southeast University, China State Key Lab for Novel Software Technology, Nanjing University, Nanjing, China School of Information and Communication Technology, Griffith University, Australia",AAAI,2015,https://cdn.aaai.org/ojs/9200/9200-13-12728-1-2-20201228.pdf,Affiliation parsed from local first-page text extracted from paper PDF
AAAI-2015-A002027,Xuefeng Fu,China | Australia,"School of Computer Science and Engineering, Southeast University, China State Key Lab for Novel Software Technology, Nanjing University, Nanjing, China School of Information and Communication Technology, Griffith University, Australia",AAAI,2015,https://cdn.aaai.org/ojs/9200/9200-13-12728-1-2-20201228.pdf,Affiliation parsed from local first-page text extracted from paper PDF
AAAI-2015-A002028,Zhiqiang Zhuang,China | Australia,"School of Computer Science and Engineering, Southeast University, China State Key Lab for Novel Software Technology, Nanjing University, Nanjing, China School of Information and Communication Technology, Griffith University, Australia",AAAI,2015,https://cdn.aaai.org/ojs/9200/9200-13-12728-1-2-20201228.pdf,Affiliation parsed from local first-page text extracted from paper PDF
AAAI-2015-A002029,Jie Tang,China,"Department of Computer Science and Technology, Tsinghua University Tsinghua National Laboratory for Information Science and Technology (TNList) IBM, China Research Lab",AAAI,2015,https://cdn.aaai.org/ojs/9202/9202-13-12730-1-2-20201228.pdf,Affiliation parsed from local first-page text extracted from paper PDF
AAAI-2015-A002030,Chenhui Zhang,China,"Department of Computer Science and Technology, Tsinghua University Tsinghua National Laboratory for Information Science and Technology (TNList) IBM, China Research Lab",AAAI,2015,https://cdn.aaai.org/ojs/9202/9202-13-12730-1-2-20201228.pdf,Affiliation parsed from local first-page text extracted from paper PDF
AAAI-2015-A002031,Keke Cai,China,"Department of Computer Science and Technology, Tsinghua University Tsinghua National Laboratory for Information Science and Technology (TNList) IBM, China Research Lab",AAAI,2015,https://cdn.aaai.org/ojs/9202/9202-13-12730-1-2-20201228.pdf,Affiliation parsed from local first-page text extracted from paper PDF
AAAI-2015-A002032,Li Zhang,China,"Department of Computer Science and Technology, Tsinghua University Tsinghua National Laboratory for Information Science and Technology (TNList) IBM, China Research Lab",AAAI,2015,https://cdn.aaai.org/ojs/9202/9202-13-12730-1-2-20201228.pdf,Affiliation parsed from local first-page text extracted from paper PDF
AAAI-2015-A002033,Zhong Su,China,"Department of Computer Science and Technology, Tsinghua University Tsinghua National Laboratory for Information Science and Technology (TNList) IBM, China Research Lab",AAAI,2015,https://cdn.aaai.org/ojs/9202/9202-13-12730-1-2-20201228.pdf,Affiliation parsed from local first-page text extracted from paper PDF
AAAI-2015-A002034,Aron Culotta,United States,"Department of Computer Science Illinois Institute of Technology Chicago, IL",AAAI,2015,https://cdn.aaai.org/ojs/9204/9204-13-12732-1-2-20201228.pdf,Affiliation parsed from local first-page text extracted from paper PDF; Country inferred from institution using local Ollama model
AAAI-2015-A002035,Nirmal Kumar,United States,"Department of Computer Science Illinois Institute of Technology Chicago, IL",AAAI,2015,https://cdn.aaai.org/ojs/9204/9204-13-12732-1-2-20201228.pdf,Affiliation parsed from local first-page text extracted from paper PDF; Country inferred from institution using local Ollama model
AAAI-2015-A002036,Jennifer Cutler,United States,"Department of Computer Science Illinois Institute of Technology Chicago, IL",AAAI,2015,https://cdn.aaai.org/ojs/9204/9204-13-12732-1-2-20201228.pdf,Affiliation parsed from local first-page text extracted from paper PDF; Country inferred from institution using local Ollama model
AAAI-2015-A002037,Virgile Landeiro Dos Reis,United States,"Department of Computer Science Illinois Institute of Technology Chicago, IL",AAAI,2015,https://cdn.aaai.org/ojs/9205/9205-13-12733-1-2-20201228.pdf,Affiliation parsed from local first-page text extracted from paper PDF; Country inferred from institution using local Ollama model
AAAI-2015-A002038,Aron Culotta,United States,"Department of Computer Science Illinois Institute of Technology Chicago, IL",AAAI,2015,https://cdn.aaai.org/ojs/9205/9205-13-12733-1-2-20201228.pdf,Affiliation parsed from local first-page text extracted from paper PDF; Country inferred from institution using local Ollama model
AAAI-2015-A002039,Patrick Koopmann,United Kingdom,"School of Computer Science, The University of Manchester",AAAI,2015,https://cdn.aaai.org/ojs/9206/9206-13-12734-1-2-20201228.pdf,Affiliation parsed from local first-page text extracted from paper PDF; Country inferred from institution using local Ollama model
AAAI-2015-A002040,Renate Schmidt,United Kingdom,"School of Computer Science, The University of Manchester",AAAI,2015,https://cdn.aaai.org/ojs/9206/9206-13-12734-1-2-20201228.pdf,Affiliation parsed from local first-page text extracted from paper PDF; Country inferred from institution using local Ollama model
AAAI-2015-A002041,Yang Yang,China,UNKNOWN,AAAI,2015,https://aaai.org/papers/9164-rain-social-role-aware-information-diffusion/,Parsed from AAAI track pages or OJS issues; affiliation enrichment pending from PDF first pages; Country inferred from full first-page text using local Ollama model
AAAI-2015-A002042,Jie Tang,China,UNKNOWN,AAAI,2015,https://aaai.org/papers/9164-rain-social-role-aware-information-diffusion/,Parsed from AAAI track pages or OJS issues; affiliation enrichment pending from PDF first pages; Country inferred from full first-page text using local Ollama model
AAAI-2015-A002043,Cane Leung,Hong Kong,UNKNOWN,AAAI,2015,https://aaai.org/papers/9164-rain-social-role-aware-information-diffusion/,Parsed from AAAI track pages or OJS issues; affiliation enrichment pending from PDF first pages; Country inferred from full first-page text using local Ollama model
AAAI-2015-A002044,Yizhou Sun,United States,UNKNOWN,AAAI,2015,https://aaai.org/papers/9164-rain-social-role-aware-information-diffusion/,Parsed from AAAI track pages or OJS issues; affiliation enrichment pending from PDF first pages; Country inferred from full first-page text using local Ollama model
AAAI-2015-A002045,Qicong Chen,China,UNKNOWN,AAAI,2015,https://aaai.org/papers/9164-rain-social-role-aware-information-diffusion/,Parsed from AAAI track pages or OJS issues; affiliation enrichment pending from PDF first pages; Country inferred from full first-page text using local Ollama model
AAAI-2015-A002046,Juanzi Li,China,UNKNOWN,AAAI,2015,https://aaai.org/papers/9164-rain-social-role-aware-information-diffusion/,Parsed from AAAI track pages or OJS issues; affiliation enrichment pending from PDF first pages; Country inferred from full first-page text using local Ollama model
AAAI-2015-A002047,Qiang Yang,Hong Kong,UNKNOWN,AAAI,2015,https://aaai.org/papers/9164-rain-social-role-aware-information-diffusion/,Parsed from AAAI track pages or OJS issues; affiliation enrichment pending from PDF first pages; Country inferred from full first-page text using local Ollama model
AAAI-2015-A002048,Dongjin Song,United States,"Department of Electrical and Computer Engineering,University of California, San Diego",AAAI,2015,https://cdn.aaai.org/ojs/9167/9167-13-12695-1-2-20201228.pdf,Affiliation parsed from local first-page text extracted from paper PDF
AAAI-2015-A002049,David Meyer,United States,"Department of Electrical and Computer Engineering,University of California, San Diego",AAAI,2015,https://cdn.aaai.org/ojs/9167/9167-13-12695-1-2-20201228.pdf,Affiliation parsed from local first-page text extracted from paper PDF
AAAI-2015-A002050,Valeria Fionda,Italy,"Department of Mathematics and Computer Science, University of Calabria, Italy",AAAI,2015,https://cdn.aaai.org/ojs/9169/9169-13-12697-1-2-20201228.pdf,Affiliation parsed from local first-page text extracted from paper PDF
AAAI-2015-A002051,Gianluigi Greco,Italy,"Department of Mathematics and Computer Science, University of Calabria, Italy",AAAI,2015,https://cdn.aaai.org/ojs/9169/9169-13-12697-1-2-20201228.pdf,Affiliation parsed from local first-page text extracted from paper PDF
AAAI-2015-A002052,Suhas Ranganath,United States,UNKNOWN,AAAI,2015,https://aaai.org/papers/9170-leveraging-social-foci-for-information-seeking-in-social-media/,Parsed from AAAI track pages or OJS issues; affiliation enrichment pending from PDF first pages; Country inferred from full first-page text using local Ollama model
AAAI-2015-A002053,Jiliang Tang,United States,UNKNOWN,AAAI,2015,https://aaai.org/papers/9170-leveraging-social-foci-for-information-seeking-in-social-media/,Parsed from AAAI track pages or OJS issues; affiliation enrichment pending from PDF first pages; Country inferred from full first-page text using local Ollama model
AAAI-2015-A002054,Xia Hu,United States,UNKNOWN,AAAI,2015,https://aaai.org/papers/9170-leveraging-social-foci-for-information-seeking-in-social-media/,Parsed from AAAI track pages or OJS issues; affiliation enrichment pending from PDF first pages; Country inferred from full first-page text using local Ollama model
AAAI-2015-A002055,Hari Sundaram,United States,UNKNOWN,AAAI,2015,https://aaai.org/papers/9170-leveraging-social-foci-for-information-seeking-in-social-media/,Parsed from AAAI track pages or OJS issues; affiliation enrichment pending from PDF first pages; Country inferred from full first-page text using local Ollama model
AAAI-2015-A002056,Huan Liu,United States | China,UNKNOWN,AAAI,2015,https://aaai.org/papers/9170-leveraging-social-foci-for-information-seeking-in-social-media/,Parsed from AAAI track pages or OJS issues; affiliation enrichment pending from PDF first pages; Country inferred from full first-page text using local Ollama model
AAAI-2015-A002057,Jun Chen,China,"School of Software, Tsinghua University, Beijing , P.R. China.",AAAI,2015,https://cdn.aaai.org/ojs/9172/9172-13-12700-1-2-20201228.pdf,Affiliation parsed from local first-page text extracted from paper PDF
AAAI-2015-A002058,Chaokun Wang,China,"School of Software, Tsinghua University, Beijing , P.R. China.",AAAI,2015,https://cdn.aaai.org/ojs/9172/9172-13-12700-1-2-20201228.pdf,Affiliation parsed from local first-page text extracted from paper PDF
AAAI-2015-A002059,Jianmin Wang,China,"School of Software, Tsinghua University, Beijing , P.R. China.",AAAI,2015,https://cdn.aaai.org/ojs/9172/9172-13-12700-1-2-20201228.pdf,Affiliation parsed from local first-page text extracted from paper PDF
AAAI-2015-A002060,Goutham Tholpadi,India,Indian Institute of Science,AAAI,2015,https://cdn.aaai.org/ojs/9173/9173-13-12701-1-2-20201228.pdf,Affiliation parsed from local first-page text extracted from paper PDF; Country inferred from institution using local Ollama model
AAAI-2015-A002061,Mrinal Das,India,Indian Institute of Science,AAAI,2015,https://cdn.aaai.org/ojs/9173/9173-13-12701-1-2-20201228.pdf,Affiliation parsed from local first-page text extracted from paper PDF; Country inferred from institution using local Ollama model
AAAI-2015-A002062,Trapit Bansal,India,Indian Institute of Science,AAAI,2015,https://cdn.aaai.org/ojs/9173/9173-13-12701-1-2-20201228.pdf,Affiliation parsed from local first-page text extracted from paper PDF; Country inferred from institution using local Ollama model
AAAI-2015-A002063,Chiranjib Bhattacharyya,India,Indian Institute of Science,AAAI,2015,https://cdn.aaai.org/ojs/9173/9173-13-12701-1-2-20201228.pdf,Affiliation parsed from local first-page text extracted from paper PDF; Country inferred from institution using local Ollama model
AAAI-2015-A002064,Peng Cui,China,UNKNOWN,AAAI,2015,https://aaai.org/papers/9171-perceiving-group-themes-from-collective-social-and-behavioral-information/,Parsed from AAAI track pages or OJS issues; affiliation enrichment pending from PDF first pages; Country inferred from full first-page text using local Ollama model
AAAI-2015-A002065,Tianyang Zhang,United States,UNKNOWN,AAAI,2015,https://aaai.org/papers/9171-perceiving-group-themes-from-collective-social-and-behavioral-information/,Parsed from AAAI track pages or OJS issues; affiliation enrichment pending from PDF first pages; Country inferred from full first-page text using local Ollama model
AAAI-2015-A002066,Fei Wang,China,UNKNOWN,AAAI,2015,https://aaai.org/papers/9171-perceiving-group-themes-from-collective-social-and-behavioral-information/,Parsed from AAAI track pages or OJS issues; affiliation enrichment pending from PDF first pages; Country inferred from full first-page text using local Ollama model
AAAI-2015-A002067,Peng He,China,UNKNOWN,AAAI,2015,https://aaai.org/papers/9171-perceiving-group-themes-from-collective-social-and-behavioral-information/,Parsed from AAAI track pages or OJS issues; affiliation enrichment pending from PDF first pages; Country inferred from full first-page text using local Ollama model
AAAI-2015-A002068,Mustafa Al-Bakri,France,"Univ. Grenoble Alpes, LIG, Grenoble, France | CNRS, LIG, Grenoble, France",AAAI,2015,https://cdn.aaai.org/ojs/9174/9174-13-12702-1-2-20201228.pdf,Affiliation parsed from local first-page text extracted from paper PDF
AAAI-2015-A002069,Manuel Atencia,France,"Univ. Grenoble Alpes, LIG, Grenoble, France | CNRS, LIG, Grenoble, France | Inria, Montbonnot-Saint-Martin, France",AAAI,2015,https://cdn.aaai.org/ojs/9174/9174-13-12702-1-2-20201228.pdf,Affiliation parsed from local first-page text extracted from paper PDF
AAAI-2015-A002070,Steffen Lalande,France,"Institut National de l’Audiovisuel, Bry-sur-Marne, France",AAAI,2015,https://cdn.aaai.org/ojs/9174/9174-13-12702-1-2-20201228.pdf,Affiliation parsed from local first-page text extracted from paper PDF
AAAI-2015-A002071,Marie-Christine Rousset,France,"Univ. Grenoble Alpes, LIG, Grenoble, France | CNRS, LIG, Grenoble, France | Institut Universitaire de France, Paris, France",AAAI,2015,https://cdn.aaai.org/ojs/9174/9174-13-12702-1-2-20201228.pdf,Affiliation parsed from local first-page text extracted from paper PDF
AAAI-2015-A002072,Freddy Lecue,Ireland,"IBM Dublin Research Center, Ireland",AAAI,2015,https://cdn.aaai.org/ojs/9175/9175-13-12703-1-2-20201228.pdf,Affiliation parsed from local first-page text extracted from paper PDF; Country inferred from institution using local Ollama model
AAAI-2015-A002073,Jeff Pan,Ireland,"IBM Dublin Research Center, Ireland",AAAI,2015,https://cdn.aaai.org/ojs/9175/9175-13-12703-1-2-20201228.pdf,Affiliation parsed from local first-page text extracted from paper PDF; Country inferred from institution using local Ollama model
AAAI-2015-A002074,Marie-Christine Rousset,France,"Univ. Grenoble Alpes CNRS, LIG, Grenoble, France IUF (Institut Universitaire de France)",AAAI,2015,https://cdn.aaai.org/ojs/9176/9176-13-12704-1-2-20201228.pdf,Affiliation parsed from local first-page text extracted from paper PDF
AAAI-2015-A002075,Federico Ulliana,France,"Univ. Grenoble Alpes CNRS, LIG, Grenoble, France IUF (Institut Universitaire de France)",AAAI,2015,https://cdn.aaai.org/ojs/9176/9176-13-12704-1-2-20201228.pdf,Affiliation parsed from local first-page text extracted from paper PDF
AAAI-2015-A002076,Peter Patel-Schneider,UNKNOWN,UNKNOWN,AAAI,2015,https://aaai.org/papers/9177-using-description-logics-for-rdf-constraint-checking-and-closed-world-recognition/,Parsed from AAAI track pages or OJS issues; affiliation enrichment pending from PDF first pages
AAAI-2015-A002077,Yikang Shen,China,"] Sino-French Engineer School, Beihang University, Beijing , China School of Computer Science and Engineering, Beihang University, Beijing , China Research Institute of Beihang University in Shenzhen, Shenzhen , China",AAAI,2015,https://cdn.aaai.org/ojs/9178/9178-13-12706-1-2-20201228.pdf,Affiliation parsed from local first-page text extracted from paper PDF
AAAI-2015-A002078,Wenge Rong,UNKNOWN,UNKNOWN,AAAI,2015,https://aaai.org/papers/9178-questionanswer-matching-for-cqa-system-via-combining-lexical-and-sequential-information/,Parsed from AAAI track pages or OJS issues; affiliation enrichment pending from PDF first pages
AAAI-2015-A002079,Zhiwei Sun,UNKNOWN,UNKNOWN,AAAI,2015,https://aaai.org/papers/9178-questionanswer-matching-for-cqa-system-via-combining-lexical-and-sequential-information/,Parsed from AAAI track pages or OJS issues; affiliation enrichment pending from PDF first pages
AAAI-2015-A002080,Yuanxin Ouyang,UNKNOWN,UNKNOWN,AAAI,2015,https://aaai.org/papers/9178-questionanswer-matching-for-cqa-system-via-combining-lexical-and-sequential-information/,Parsed from AAAI track pages or OJS issues; affiliation enrichment pending from PDF first pages
AAAI-2015-A002081,Zhang Xiong,UNKNOWN,UNKNOWN,AAAI,2015,https://aaai.org/papers/9178-questionanswer-matching-for-cqa-system-via-combining-lexical-and-sequential-information/,Parsed from AAAI track pages or OJS issues; affiliation enrichment pending from PDF first pages
AAAI-2015-A002082,Kalpa Gunaratna,United States,"Kno.e.sis, Wright State University, Dayton OH, USA",AAAI,2015,https://cdn.aaai.org/ojs/9180/9180-13-12708-1-2-20201228.pdf,Affiliation parsed from local first-page text extracted from paper PDF
AAAI-2015-A002083,Krishnaparasad Thirunarayan,United States,"Kno.e.sis, Wright State University, Dayton OH, USA",AAAI,2015,https://cdn.aaai.org/ojs/9180/9180-13-12708-1-2-20201228.pdf,Affiliation parsed from local first-page text extracted from paper PDF
AAAI-2015-A002084,Amit Sheth,United States,"Kno.e.sis, Wright State University, Dayton OH, USA",AAAI,2015,https://cdn.aaai.org/ojs/9180/9180-13-12708-1-2-20201228.pdf,Affiliation parsed from local first-page text extracted from paper PDF
AAAI-2015-A002085,Cheng Jin,China,"School of Computer Science, Shanghai Key Laboratory of Intelligent Information Processing, Fudan University, Shanghai, China",AAAI,2015,https://cdn.aaai.org/ojs/9181/9181-13-12709-1-2-20201228.pdf,Affiliation parsed from local first-page text extracted from paper PDF
AAAI-2015-A002086,Wenhui Mao,China,"School of Computer Science, Shanghai Key Laboratory of Intelligent Information Processing, Fudan University, Shanghai, China",AAAI,2015,https://cdn.aaai.org/ojs/9181/9181-13-12709-1-2-20201228.pdf,Affiliation parsed from local first-page text extracted from paper PDF
AAAI-2015-A002087,Ruiqi Zhang,China,"School of Computer Science, Shanghai Key Laboratory of Intelligent Information Processing, Fudan University, Shanghai, China",AAAI,2015,https://cdn.aaai.org/ojs/9181/9181-13-12709-1-2-20201228.pdf,Affiliation parsed from local first-page text extracted from paper PDF
AAAI-2015-A002088,Yuejie Zhang,China,"School of Computer Science, Shanghai Key Laboratory of Intelligent Information Processing, Fudan University, Shanghai, China",AAAI,2015,https://cdn.aaai.org/ojs/9181/9181-13-12709-1-2-20201228.pdf,Affiliation parsed from local first-page text extracted from paper PDF
AAAI-2015-A002089,Xiangyang Xue,China,"School of Computer Science, Shanghai Key Laboratory of Intelligent Information Processing, Fudan University, Shanghai, China",AAAI,2015,https://cdn.aaai.org/ojs/9181/9181-13-12709-1-2-20201228.pdf,Affiliation parsed from local first-page text extracted from paper PDF
AAAI-2015-A002090,Quanzeng You,United States,"Department of Computer Science University of Rochester Rochester, NY",AAAI,2015,https://cdn.aaai.org/ojs/9179/9179-13-12707-1-2-20201228.pdf,Affiliation parsed from local first-page text extracted from paper PDF; Country inferred from institution using local Ollama model
AAAI-2015-A002091,Jiebo Luo,United States,"Department of Computer Science University of Rochester Rochester, NY",AAAI,2015,https://cdn.aaai.org/ojs/9179/9179-13-12707-1-2-20201228.pdf,Affiliation parsed from local first-page text extracted from paper PDF; Country inferred from institution using local Ollama model
AAAI-2015-A002092,Hailin Jin,United States,"Department of Computer Science University of Rochester Rochester, NY",AAAI,2015,https://cdn.aaai.org/ojs/9179/9179-13-12707-1-2-20201228.pdf,Affiliation parsed from local first-page text extracted from paper PDF; Country inferred from institution using local Ollama model
AAAI-2015-A002093,Jianchao Yang,United States,"Department of Computer Science University of Rochester Rochester, NY",AAAI,2015,https://cdn.aaai.org/ojs/9179/9179-13-12707-1-2-20201228.pdf,Affiliation parsed from local first-page text extracted from paper PDF; Country inferred from institution using local Ollama model
AAAI-2015-A002094,Zongyang Ma,Singapore,"School of Computer Engineering, Nanyang Technological University, Singapore",AAAI,2015,https://cdn.aaai.org/ojs/9182/9182-13-12710-1-2-20201228.pdf,Affiliation parsed from local first-page text extracted from paper PDF
AAAI-2015-A002095,Aixin Sun,Singapore,"School of Computer Engineering, Nanyang Technological University, Singapore",AAAI,2015,https://cdn.aaai.org/ojs/9182/9182-13-12710-1-2-20201228.pdf,Affiliation parsed from local first-page text extracted from paper PDF
AAAI-2015-A002096,Quan Yuan,Singapore,"School of Computer Engineering, Nanyang Technological University, Singapore",AAAI,2015,https://cdn.aaai.org/ojs/9182/9182-13-12710-1-2-20201228.pdf,Affiliation parsed from local first-page text extracted from paper PDF
AAAI-2015-A002097,Gao Cong,Singapore,"School of Computer Engineering, Nanyang Technological University, Singapore",AAAI,2015,https://cdn.aaai.org/ojs/9182/9182-13-12710-1-2-20201228.pdf,Affiliation parsed from local first-page text extracted from paper PDF
AAAI-2015-A002098,Zhongqi Lu,China,"Hong Kong University of Science and Technology, Hong Kong ∗ Renmin University of China, Beijing, China Microsoft Research, Beijing, China",AAAI,2015,https://cdn.aaai.org/ojs/9183/9183-13-12711-1-2-20201228.pdf,Affiliation parsed from local first-page text extracted from paper PDF
AAAI-2015-A002099,Zhicheng Dou,China,"Hong Kong University of Science and Technology, Hong Kong ∗ Renmin University of China, Beijing, China Microsoft Research, Beijing, China",AAAI,2015,https://cdn.aaai.org/ojs/9183/9183-13-12711-1-2-20201228.pdf,Affiliation parsed from local first-page text extracted from paper PDF
AAAI-2015-A002100,Jianxun Lian,China,"Hong Kong University of Science and Technology, Hong Kong ∗ Renmin University of China, Beijing, China Microsoft Research, Beijing, China",AAAI,2015,https://cdn.aaai.org/ojs/9183/9183-13-12711-1-2-20201228.pdf,Affiliation parsed from local first-page text extracted from paper PDF
AAAI-2015-A002101,Xing Xie,China,"Hong Kong University of Science and Technology, Hong Kong ∗ Renmin University of China, Beijing, China Microsoft Research, Beijing, China",AAAI,2015,https://cdn.aaai.org/ojs/9183/9183-13-12711-1-2-20201228.pdf,Affiliation parsed from local first-page text extracted from paper PDF
AAAI-2015-A002102,Qiang Yang,China,"Hong Kong University of Science and Technology, Hong Kong ∗ Renmin University of China, Beijing, China Microsoft Research, Beijing, China",AAAI,2015,https://cdn.aaai.org/ojs/9183/9183-13-12711-1-2-20201228.pdf,Affiliation parsed from local first-page text extracted from paper PDF
AAAI-2015-A002103,Yan-Ying Chen,United States | Taiwan,"National Taiwan University, Taipei, Taiwan FX Palo Alto Laboratory, Inc., California, USA",AAAI,2015,https://cdn.aaai.org/ojs/9184/9184-13-12712-1-2-20201228.pdf,Affiliation parsed from local first-page text extracted from paper PDF
AAAI-2015-A002104,Yin-Hsi Kuo,United States | Taiwan,"National Taiwan University, Taipei, Taiwan FX Palo Alto Laboratory, Inc., California, USA",AAAI,2015,https://cdn.aaai.org/ojs/9184/9184-13-12712-1-2-20201228.pdf,Affiliation parsed from local first-page text extracted from paper PDF
AAAI-2015-A002105,Chun-Che Wu,United States | Taiwan,"National Taiwan University, Taipei, Taiwan FX Palo Alto Laboratory, Inc., California, USA",AAAI,2015,https://cdn.aaai.org/ojs/9184/9184-13-12712-1-2-20201228.pdf,Affiliation parsed from local first-page text extracted from paper PDF
AAAI-2015-A002106,Winston Hsu,UNKNOWN,UNKNOWN,AAAI,2015,https://aaai.org/papers/9184-visually-interpreting-names-as-demographic-attributes-by-exploiting-click-through-data/,Parsed from AAAI track pages or OJS issues; affiliation enrichment pending from PDF first pages
AAAI-2015-A002107,Xian-Sheng Hua,United States,"Microsoft Research, One Microsoft Way, Redmond, WA , USA",AAAI,2015,https://cdn.aaai.org/ojs/9186/9186-13-12714-1-2-20201228.pdf,Affiliation parsed from local first-page text extracted from paper PDF
AAAI-2015-A002108,Jin Li,United States,"Microsoft Research, One Microsoft Way, Redmond, WA , USA",AAAI,2015,https://cdn.aaai.org/ojs/9186/9186-13-12714-1-2-20201228.pdf,Affiliation parsed from local first-page text extracted from paper PDF
AAAI-2015-A002109,Boris Motik,United Kingdom,"Department of Computer Science, Oxford University Oxford, United Kingdom",AAAI,2015,https://cdn.aaai.org/ojs/9187/9187-13-12715-1-2-20201228.pdf,Affiliation parsed from local first-page text extracted from paper PDF
AAAI-2015-A002110,Yavor Nenov,United Kingdom,"Department of Computer Science, Oxford University Oxford, United Kingdom",AAAI,2015,https://cdn.aaai.org/ojs/9187/9187-13-12715-1-2-20201228.pdf,Affiliation parsed from local first-page text extracted from paper PDF
AAAI-2015-A002111,Robert Piro,United Kingdom,"Department of Computer Science, Oxford University Oxford, United Kingdom",AAAI,2015,https://cdn.aaai.org/ojs/9187/9187-13-12715-1-2-20201228.pdf,Affiliation parsed from local first-page text extracted from paper PDF
AAAI-2015-A002112,Ian Horrocks,United Kingdom,"Department of Computer Science, Oxford University Oxford, United Kingdom",AAAI,2015,https://cdn.aaai.org/ojs/9187/9187-13-12715-1-2-20201228.pdf,Affiliation parsed from local first-page text extracted from paper PDF
AAAI-2015-A002113,Mans Hulden,United States,University of Colorado Boulder,AAAI,2015,https://cdn.aaai.org/ojs/9149/9149-13-12677-1-2-20201228.pdf,Affiliation parsed from local first-page text extracted from paper PDF; Country inferred from institution using local Ollama model
AAAI-2015-A002114,Miikka Silfverberg,United States,University of Colorado Boulder,AAAI,2015,https://cdn.aaai.org/ojs/9149/9149-13-12677-1-2-20201228.pdf,Affiliation parsed from local first-page text extracted from paper PDF; Country inferred from institution using local Ollama model
AAAI-2015-A002115,Jerid Francom,United States,University of Colorado Boulder,AAAI,2015,https://cdn.aaai.org/ojs/9149/9149-13-12677-1-2-20201228.pdf,Affiliation parsed from local first-page text extracted from paper PDF; Country inferred from institution using local Ollama model
AAAI-2015-A002116,Chenyi Zhang,China,"College of Computer Science, Zhejiang University",AAAI,2015,https://cdn.aaai.org/ojs/9150/9150-13-12678-1-2-20201228.pdf,Affiliation parsed from local first-page text extracted from paper PDF; Country inferred from institution using local Ollama model
AAAI-2015-A002117,Ke Wang,UNKNOWN,UNKNOWN,AAAI,2015,https://aaai.org/papers/9150-are-features-equally-representative-a-feature-centric-recommendation/,Parsed from AAAI track pages or OJS issues; affiliation enrichment pending from PDF first pages
AAAI-2015-A002118,Ee-peng Lim,Singapore,"School of Information Systems, Singapore Management University",AAAI,2015,https://cdn.aaai.org/ojs/9150/9150-13-12678-1-2-20201228.pdf,Affiliation parsed from local first-page text extracted from paper PDF
AAAI-2015-A002119,Qinneng Xu,Hong Kong,"Department of Systems Engineering and Engineering Management, City University of Hong kong",AAAI,2015,https://cdn.aaai.org/ojs/9150/9150-13-12678-1-2-20201228.pdf,Affiliation parsed from local first-page text extracted from paper PDF; Country inferred from institution using local Ollama model
AAAI-2015-A002120,Jianling Sun,China,"College of Computer Science, Zhejiang University",AAAI,2015,https://cdn.aaai.org/ojs/9150/9150-13-12678-1-2-20201228.pdf,Affiliation parsed from local first-page text extracted from paper PDF; Country inferred from institution using local Ollama model
AAAI-2015-A002121,Hongkun Yu,United States,"Department of Computer Science, University of Illinois at Urbana-Champaign",AAAI,2015,https://cdn.aaai.org/ojs/9150/9150-13-12678-1-2-20201228.pdf,Affiliation parsed from local first-page text extracted from paper PDF
AAAI-2015-A002122,Qi Zhang,China,"Shanghai Key Laboratory of Intelligent Information Processing School of Computer Science, Fudan University Zhangheng Road, Shanghai, P.R.China",AAAI,2015,https://cdn.aaai.org/ojs/9152/9152-13-12680-1-2-20201228.pdf,Affiliation parsed from local first-page text extracted from paper PDF
AAAI-2015-A002123,Yeyun Gong,UNKNOWN,UNKNOWN,AAAI,2015,https://aaai.org/papers/9152-retweet-behavior-prediction-using-hierarchical-dirichlet-process/,Parsed from AAAI track pages or OJS issues; affiliation enrichment pending from PDF first pages
AAAI-2015-A002124,Ya Guo,UNKNOWN,UNKNOWN,AAAI,2015,https://aaai.org/papers/9152-retweet-behavior-prediction-using-hierarchical-dirichlet-process/,Parsed from AAAI track pages or OJS issues; affiliation enrichment pending from PDF first pages
AAAI-2015-A002125,Xuanjing Huang,UNKNOWN,UNKNOWN,AAAI,2015,https://aaai.org/papers/9152-retweet-behavior-prediction-using-hierarchical-dirichlet-process/,Parsed from AAAI track pages or OJS issues; affiliation enrichment pending from PDF first pages
AAAI-2015-A002126,Guibing Guo,Singapore,UNKNOWN,AAAI,2015,https://aaai.org/papers/9153-trustsvd-collaborative-filtering-with-both-the-explicit-and-implicit-influence-of-user-trust-and-of-item-ratings/,Parsed from AAAI track pages or OJS issues; affiliation enrichment pending from PDF first pages; Country inferred from full first-page text using local Ollama model
AAAI-2015-A002127,Jie Zhang,Singapore,UNKNOWN,AAAI,2015,https://aaai.org/papers/9153-trustsvd-collaborative-filtering-with-both-the-explicit-and-implicit-influence-of-user-trust-and-of-item-ratings/,Parsed from AAAI track pages or OJS issues; affiliation enrichment pending from PDF first pages; Country inferred from full first-page text using local Ollama model
AAAI-2015-A002128,Neil Yorke-Smith,Singapore | Lebanon | United Kingdom,UNKNOWN,AAAI,2015,https://aaai.org/papers/9153-trustsvd-collaborative-filtering-with-both-the-explicit-and-implicit-influence-of-user-trust-and-of-item-ratings/,Parsed from AAAI track pages or OJS issues; affiliation enrichment pending from PDF first pages; Country inferred from full first-page text using local Ollama model
AAAI-2015-A002129,Weilong Yao,UNKNOWN,UNKNOWN,AAAI,2015,https://aaai.org/papers/9151-collaborative-topic-ranking-leveraging-item-meta-data-for-sparsity-reduction/,Parsed from AAAI track pages or OJS issues; affiliation enrichment pending from PDF first pages
AAAI-2015-A002130,Jing He,China,"University of Chinese Academy of Sciences, Beijing, China",AAAI,2015,https://cdn.aaai.org/ojs/9151/9151-13-12679-1-2-20201228.pdf,Affiliation parsed from local first-page text extracted from paper PDF
AAAI-2015-A002131,Hua Wang,China,"University of Chinese Academy of Sciences, Beijing, China",AAAI,2015,https://cdn.aaai.org/ojs/9151/9151-13-12679-1-2-20201228.pdf,Affiliation parsed from local first-page text extracted from paper PDF
AAAI-2015-A002132,Yanchun Zhang,China,"University of Chinese Academy of Sciences, Beijing, China | Fudan University, Shanghai, China",AAAI,2015,https://cdn.aaai.org/ojs/9151/9151-13-12679-1-2-20201228.pdf,Affiliation parsed from local first-page text extracted from paper PDF
AAAI-2015-A002133,Jie Cao,China,"Nanjing University of Finance and Economics, Nanjing, China",AAAI,2015,https://cdn.aaai.org/ojs/9151/9151-13-12679-1-2-20201228.pdf,Affiliation parsed from local first-page text extracted from paper PDF
AAAI-2015-A002134,Hongyi Zhang,China,Shenzhen Key Laboratory of Rich Media Big Data Analytics and Applications | Department of Computer Science and Engineering,AAAI,2015,https://cdn.aaai.org/ojs/9155/9155-13-12683-1-2-20201228.pdf,Affiliation parsed from local first-page text extracted from paper PDF; Country inferred from institution using local Ollama model
AAAI-2015-A002135,Irwin King,China,Shenzhen Key Laboratory of Rich Media Big Data Analytics and Applications | Department of Computer Science and Engineering,AAAI,2015,https://cdn.aaai.org/ojs/9155/9155-13-12683-1-2-20201228.pdf,Affiliation parsed from local first-page text extracted from paper PDF; Country inferred from institution using local Ollama model
AAAI-2015-A002136,Michael Lyu,UNKNOWN,UNKNOWN,AAAI,2015,https://aaai.org/papers/9155-incorporating-implicit-link-preference-into-overlapping-community-detection/,Parsed from AAAI track pages or OJS issues; affiliation enrichment pending from PDF first pages
AAAI-2015-A002137,Takuya Akiba,Japan,"The University of Tokyo, - , Tokyo, Japan Kyoto University, - , Kyoto, Japan National Institute of Informatics, - , Tokyo, Japan kPreferred Infrastructure, Inc., - , Tokyo, Japan",AAAI,2015,https://cdn.aaai.org/ojs/9154/9154-13-12682-1-2-20201228.pdf,Affiliation parsed from local first-page text extracted from paper PDF
AAAI-2015-A002138,Takanori Hayashi,Japan,"The University of Tokyo, - , Tokyo, Japan Kyoto University, - , Kyoto, Japan National Institute of Informatics, - , Tokyo, Japan kPreferred Infrastructure, Inc., - , Tokyo, Japan",AAAI,2015,https://cdn.aaai.org/ojs/9154/9154-13-12682-1-2-20201228.pdf,Affiliation parsed from local first-page text extracted from paper PDF
AAAI-2015-A002139,Nozomi Nori,Japan,"The University of Tokyo, - , Tokyo, Japan Kyoto University, - , Kyoto, Japan National Institute of Informatics, - , Tokyo, Japan kPreferred Infrastructure, Inc., - , Tokyo, Japan",AAAI,2015,https://cdn.aaai.org/ojs/9154/9154-13-12682-1-2-20201228.pdf,Affiliation parsed from local first-page text extracted from paper PDF
AAAI-2015-A002140,Yoichi Iwata,Japan,"The University of Tokyo, - , Tokyo, Japan Kyoto University, - , Kyoto, Japan National Institute of Informatics, - , Tokyo, Japan kPreferred Infrastructure, Inc., - , Tokyo, Japan",AAAI,2015,https://cdn.aaai.org/ojs/9154/9154-13-12682-1-2-20201228.pdf,Affiliation parsed from local first-page text extracted from paper PDF
AAAI-2015-A002141,Yuichi Yoshida,Japan,"The University of Tokyo, - , Tokyo, Japan Kyoto University, - , Kyoto, Japan National Institute of Informatics, - , Tokyo, Japan kPreferred Infrastructure, Inc., - , Tokyo, Japan",AAAI,2015,https://cdn.aaai.org/ojs/9154/9154-13-12682-1-2-20201228.pdf,Affiliation parsed from local first-page text extracted from paper PDF
AAAI-2015-A002142,Wei Sun,United States,UNKNOWN,AAAI,2015,https://aaai.org/papers/9156-causal-inference-via-sparse-additive-models-with-application-to-online-advertising/,Parsed from AAAI track pages or OJS issues; affiliation enrichment pending from PDF first pages; Country inferred from full first-page text using local Ollama model
AAAI-2015-A002143,Pengyuan Wang,United States,UNKNOWN,AAAI,2015,https://aaai.org/papers/9156-causal-inference-via-sparse-additive-models-with-application-to-online-advertising/,Parsed from AAAI track pages or OJS issues; affiliation enrichment pending from PDF first pages; Country inferred from full first-page text using local Ollama model
AAAI-2015-A002144,Dawei Yin,United States,UNKNOWN,AAAI,2015,https://aaai.org/papers/9156-causal-inference-via-sparse-additive-models-with-application-to-online-advertising/,Parsed from AAAI track pages or OJS issues; affiliation enrichment pending from PDF first pages; Country inferred from full first-page text using local Ollama model
AAAI-2015-A002145,Jian Yang,United States,UNKNOWN,AAAI,2015,https://aaai.org/papers/9156-causal-inference-via-sparse-additive-models-with-application-to-online-advertising/,Parsed from AAAI track pages or OJS issues; affiliation enrichment pending from PDF first pages; Country inferred from full first-page text using local Ollama model
AAAI-2015-A002146,Yi Chang,United States,UNKNOWN,AAAI,2015,https://aaai.org/papers/9156-causal-inference-via-sparse-additive-models-with-application-to-online-advertising/,Parsed from AAAI track pages or OJS issues; affiliation enrichment pending from PDF first pages; Country inferred from full first-page text using local Ollama model
AAAI-2015-A002147,Senzhang Wang,United States | China,"? State Key Laboratory of Software Development Environment, Beihang University, Beijing, China Arizona State University, Tempe, AZ , USA University of Illinois at Chicago, Chicago, IL , USA",AAAI,2015,https://cdn.aaai.org/ojs/9157/9157-13-12685-1-2-20201228.pdf,Affiliation parsed from local first-page text extracted from paper PDF
AAAI-2015-A002148,Zhao Yan,United States | China,"? State Key Laboratory of Software Development Environment, Beihang University, Beijing, China Arizona State University, Tempe, AZ , USA University of Illinois at Chicago, Chicago, IL , USA",AAAI,2015,https://cdn.aaai.org/ojs/9157/9157-13-12685-1-2-20201228.pdf,Affiliation parsed from local first-page text extracted from paper PDF
AAAI-2015-A002149,Xia Hu,United States | China,"? State Key Laboratory of Software Development Environment, Beihang University, Beijing, China Arizona State University, Tempe, AZ , USA University of Illinois at Chicago, Chicago, IL , USA",AAAI,2015,https://cdn.aaai.org/ojs/9157/9157-13-12685-1-2-20201228.pdf,Affiliation parsed from local first-page text extracted from paper PDF
AAAI-2015-A002150,Philip S. Yu,United States | China,"? State Key Laboratory of Software Development Environment, Beihang University, Beijing, China Arizona State University, Tempe, AZ , USA University of Illinois at Chicago, Chicago, IL , USA",AAAI,2015,https://cdn.aaai.org/ojs/9157/9157-13-12685-1-2-20201228.pdf,Affiliation parsed from local first-page text extracted from paper PDF
AAAI-2015-A002151,Zhoujun Li,United States | China,"? State Key Laboratory of Software Development Environment, Beihang University, Beijing, China Arizona State University, Tempe, AZ , USA University of Illinois at Chicago, Chicago, IL , USA",AAAI,2015,https://cdn.aaai.org/ojs/9157/9157-13-12685-1-2-20201228.pdf,Affiliation parsed from local first-page text extracted from paper PDF
AAAI-2015-A002152,Qiang Liu,China,"Center for Research on Intelligent Perception and Computing, National Laboratory of Pattern Recognition Institute of Automation, Chinese Academy of Sciences, China",AAAI,2015,https://cdn.aaai.org/ojs/9158/9158-13-12686-1-2-20201228.pdf,Affiliation parsed from local first-page text extracted from paper PDF
AAAI-2015-A002153,Shu Wu,China,"Center for Research on Intelligent Perception and Computing, National Laboratory of Pattern Recognition Institute of Automation, Chinese Academy of Sciences, China",AAAI,2015,https://cdn.aaai.org/ojs/9158/9158-13-12686-1-2-20201228.pdf,Affiliation parsed from local first-page text extracted from paper PDF
AAAI-2015-A002154,Liang Wang,China,"Center for Research on Intelligent Perception and Computing, National Laboratory of Pattern Recognition Institute of Automation, Chinese Academy of Sciences, China",AAAI,2015,https://cdn.aaai.org/ojs/9158/9158-13-12686-1-2-20201228.pdf,Affiliation parsed from local first-page text extracted from paper PDF
AAAI-2015-A002155,Dongxiao He,China,"School of Computer Science and Technology, Tianjin University, Tianjin , China, 2College of Computer Science and Technology",AAAI,2015,https://cdn.aaai.org/ojs/9159/9159-13-12687-1-2-20201228.pdf,Affiliation parsed from local first-page text extracted from paper PDF
AAAI-2015-A002156,Dayou Liu,UNKNOWN,UNKNOWN,AAAI,2015,https://aaai.org/papers/9159-a-stochastic-model-for-detecting-heterogeneous-link-communities-in-complex-networks/,Parsed from AAAI track pages or OJS issues; affiliation enrichment pending from PDF first pages
AAAI-2015-A002157,Di Jin,China,"School of Computer Science and Technology, Tianjin University, Tianjin , China, 2College of Computer Science and Technology",AAAI,2015,https://cdn.aaai.org/ojs/9159/9159-13-12687-1-2-20201228.pdf,Affiliation parsed from local first-page text extracted from paper PDF
AAAI-2015-A002158,Weixiong Zhang,United States | China,UNKNOWN,AAAI,2015,https://aaai.org/papers/9159-a-stochastic-model-for-detecting-heterogeneous-link-communities-in-complex-networks/,Parsed from AAAI track pages or OJS issues; affiliation enrichment pending from PDF first pages; Country inferred from full first-page text using local Ollama model
AAAI-2015-A002159,Bo Yang,China,"School of Computer Science and Technology, Jilin University, Changchun, China Key Laboratory of Symbolic Computation and Knowledge Engineering of Ministry of Education, China",AAAI,2015,https://cdn.aaai.org/ojs/9160/9160-13-12688-1-2-20201228.pdf,Affiliation parsed from local first-page text extracted from paper PDF
AAAI-2015-A002160,Xuehua Zhao,China,"School of Computer Science and Technology, Jilin University, Changchun, China Key Laboratory of Symbolic Computation and Knowledge Engineering of Ministry of Education, China",AAAI,2015,https://cdn.aaai.org/ojs/9160/9160-13-12688-1-2-20201228.pdf,Affiliation parsed from local first-page text extracted from paper PDF
AAAI-2015-A002161,Xiangyu Wang,United States,Department of Computer Science and Engineering State University of New York at Buffalo,AAAI,2015,https://cdn.aaai.org/ojs/9162/9162-13-12690-1-2-20201228.pdf,Affiliation parsed from local first-page text extracted from paper PDF; Country inferred from institution using local Ollama model
AAAI-2015-A002162,Dayu He,United States,Department of Computer Science and Engineering State University of New York at Buffalo,AAAI,2015,https://cdn.aaai.org/ojs/9162/9162-13-12690-1-2-20201228.pdf,Affiliation parsed from local first-page text extracted from paper PDF; Country inferred from institution using local Ollama model
AAAI-2015-A002163,Danyang Chen,United States,Department of Computer Science and Engineering State University of New York at Buffalo,AAAI,2015,https://cdn.aaai.org/ojs/9162/9162-13-12690-1-2-20201228.pdf,Affiliation parsed from local first-page text extracted from paper PDF; Country inferred from institution using local Ollama model
AAAI-2015-A002164,Jinhui Xu,United States,Department of Computer Science and Engineering State University of New York at Buffalo,AAAI,2015,https://cdn.aaai.org/ojs/9162/9162-13-12690-1-2-20201228.pdf,Affiliation parsed from local first-page text extracted from paper PDF; Country inferred from institution using local Ollama model
AAAI-2015-A002165,He Liu,China,"Key Laboratory of Machine Perception (Ministry of Education), School of Electronics Engineering and Computer Science, Peking University, Beijing , China",AAAI,2015,https://cdn.aaai.org/ojs/9161/9161-13-12689-1-2-20201228.pdf,Affiliation parsed from local first-page text extracted from paper PDF
AAAI-2015-A002166,Hongliang Yu,China,"Key Laboratory of Machine Perception (Ministry of Education), School of Electronics Engineering and Computer Science, Peking University, Beijing , China",AAAI,2015,https://cdn.aaai.org/ojs/9161/9161-13-12689-1-2-20201228.pdf,Affiliation parsed from local first-page text extracted from paper PDF
AAAI-2015-A002167,Zhi-Hong Deng,China,"Key Laboratory of Machine Perception (Ministry of Education), School of Electronics Engineering and Computer Science, Peking University, Beijing , China",AAAI,2015,https://cdn.aaai.org/ojs/9161/9161-13-12689-1-2-20201228.pdf,Affiliation parsed from local first-page text extracted from paper PDF
AAAI-2015-A002168,Belkacem Chikhaoui,Canada,"Prospectus Laboratory, Department of Computer Science University of Sherbrooke, Canada",AAAI,2015,https://cdn.aaai.org/ojs/9163/9163-13-12691-1-2-20201228.pdf,Affiliation parsed from local first-page text extracted from paper PDF
AAAI-2015-A002169,Mauricio Chiazzaro,Canada,"Prospectus Laboratory, Department of Computer Science University of Sherbrooke, Canada",AAAI,2015,https://cdn.aaai.org/ojs/9163/9163-13-12691-1-2-20201228.pdf,Affiliation parsed from local first-page text extracted from paper PDF
AAAI-2015-A002170,Shengrui Wang,Canada,"Prospectus Laboratory, Department of Computer Science University of Sherbrooke, Canada",AAAI,2015,https://cdn.aaai.org/ojs/9163/9163-13-12691-1-2-20201228.pdf,Affiliation parsed from local first-page text extracted from paper PDF
AAAI-2015-A002171,Yu Wu,China,"State Key Lab of Software Development Environment, Beihang University, Beijing, China Microsoft Research, Beijing, China",AAAI,2015,https://cdn.aaai.org/ojs/9166/9166-13-12694-1-2-20201228.pdf,Affiliation parsed from local first-page text extracted from paper PDF
AAAI-2015-A002172,Wei Wu,China,"State Key Lab of Software Development Environment, Beihang University, Beijing, China Microsoft Research, Beijing, China",AAAI,2015,https://cdn.aaai.org/ojs/9166/9166-13-12694-1-2-20201228.pdf,Affiliation parsed from local first-page text extracted from paper PDF
AAAI-2015-A002173,Zhoujun Li,China,"State Key Lab of Software Development Environment, Beihang University, Beijing, China Microsoft Research, Beijing, China",AAAI,2015,https://cdn.aaai.org/ojs/9166/9166-13-12694-1-2-20201228.pdf,Affiliation parsed from local first-page text extracted from paper PDF
AAAI-2015-A002174,Ming Zhou,China,"State Key Lab of Software Development Environment, Beihang University, Beijing, China Microsoft Research, Beijing, China",AAAI,2015,https://cdn.aaai.org/ojs/9166/9166-13-12694-1-2-20201228.pdf,Affiliation parsed from local first-page text extracted from paper PDF
AAAI-2015-A002175,Jun Chen,China,"School of Software, Tsinghua University, Beijing , P.R. China.",AAAI,2015,https://cdn.aaai.org/ojs/9165/9165-13-12693-1-2-20201228.pdf,Affiliation parsed from local first-page text extracted from paper PDF
AAAI-2015-A002176,Chaokun Wang,China,"School of Software, Tsinghua University, Beijing , P.R. China.",AAAI,2015,https://cdn.aaai.org/ojs/9165/9165-13-12693-1-2-20201228.pdf,Affiliation parsed from local first-page text extracted from paper PDF
AAAI-2015-A002177,Jianmin Wang,China,"School of Software, Tsinghua University, Beijing , P.R. China.",AAAI,2015,https://cdn.aaai.org/ojs/9165/9165-13-12693-1-2-20201228.pdf,Affiliation parsed from local first-page text extracted from paper PDF
AAAI-2015-A002178,Tao Chen,Singapore,"School of Computing, National University of Singapore",AAAI,2015,https://cdn.aaai.org/ojs/9168/9168-13-12696-1-2-20201228.pdf,Affiliation parsed from local first-page text extracted from paper PDF
AAAI-2015-A002179,Hany SalahEldeen,UNKNOWN,UNKNOWN,AAAI,2015,https://aaai.org/papers/9168-velda-relating-an-image-tweets-text-and-images/,Parsed from AAAI track pages or OJS issues; affiliation enrichment pending from PDF first pages
AAAI-2015-A002180,Xiangnan He,Singapore,"School of Computing, National University of Singapore",AAAI,2015,https://cdn.aaai.org/ojs/9168/9168-13-12696-1-2-20201228.pdf,Affiliation parsed from local first-page text extracted from paper PDF
AAAI-2015-A002181,Min-Yen Kan,Singapore,"School of Computing, National University of Singapore | NUS Interactive and Digital Media Institute, Singapore",AAAI,2015,https://cdn.aaai.org/ojs/9168/9168-13-12696-1-2-20201228.pdf,Affiliation parsed from local first-page text extracted from paper PDF
AAAI-2015-A002182,Dongyuan Lu,Singapore,"School of Computing, National University of Singapore",AAAI,2015,https://cdn.aaai.org/ojs/9168/9168-13-12696-1-2-20201228.pdf,Affiliation parsed from local first-page text extracted from paper PDF
