paper_id,author_id,author_name,selected_variant,selection_reason,institution_raw,candidate_score,first_page_text_path,source_url
ICML-2015-P0001,ICML-2015-A000001,Peilin Zhao,numbered,no_viable_candidate,UNKNOWN,-1000,data/raw/icml/2015/first_pages/ICML-2015-P0001.txt,http://proceedings.mlr.press/v37/zhaoa15.pdf
ICML-2015-P0001,ICML-2015-A000002,Tong Zhang,numbered,no_viable_candidate,UNKNOWN,-1000,data/raw/icml/2015/first_pages/ICML-2015-P0001.txt,http://proceedings.mlr.press/v37/zhaoa15.pdf
ICML-2015-P0002,ICML-2015-A000003,Nihar Shah,stacked,no_viable_candidate,UNKNOWN,-1000,data/raw/icml/2015/first_pages/ICML-2015-P0002.txt,http://proceedings.mlr.press/v37/shaha15.pdf
ICML-2015-P0002,ICML-2015-A000004,Dengyong Zhou,stacked,no_viable_candidate,UNKNOWN,-1000,data/raw/icml/2015/first_pages/ICML-2015-P0002.txt,http://proceedings.mlr.press/v37/shaha15.pdf
ICML-2015-P0002,ICML-2015-A000005,Yuval Peres,stacked,no_viable_candidate,UNKNOWN,-1000,data/raw/icml/2015/first_pages/ICML-2015-P0002.txt,http://proceedings.mlr.press/v37/shaha15.pdf
ICML-2015-P0003,ICML-2015-A000006,Wacha Bounliphone,stacked,no_viable_candidate,UNKNOWN,-1000,data/raw/icml/2015/first_pages/ICML-2015-P0003.txt,http://proceedings.mlr.press/v37/bounliphone15.pdf
ICML-2015-P0003,ICML-2015-A000007,Arthur Gretton,stacked,no_viable_candidate,UNKNOWN,-1000,data/raw/icml/2015/first_pages/ICML-2015-P0003.txt,http://proceedings.mlr.press/v37/bounliphone15.pdf
ICML-2015-P0003,ICML-2015-A000008,Arthur Tenenhaus,stacked,no_viable_candidate,UNKNOWN,-1000,data/raw/icml/2015/first_pages/ICML-2015-P0003.txt,http://proceedings.mlr.press/v37/bounliphone15.pdf
ICML-2015-P0003,ICML-2015-A000009,Matthew Blaschko,stacked,no_viable_candidate,UNKNOWN,-1000,data/raw/icml/2015/first_pages/ICML-2015-P0003.txt,http://proceedings.mlr.press/v37/bounliphone15.pdf
ICML-2015-P0004,ICML-2015-A000010,Lu Bai,stacked,no_viable_candidate,UNKNOWN,-1000,data/raw/icml/2015/first_pages/ICML-2015-P0004.txt,http://proceedings.mlr.press/v37/bai15.pdf
ICML-2015-P0004,ICML-2015-A000011,Luca Rossi,stacked,no_viable_candidate,UNKNOWN,-1000,data/raw/icml/2015/first_pages/ICML-2015-P0004.txt,http://proceedings.mlr.press/v37/bai15.pdf
ICML-2015-P0004,ICML-2015-A000012,Zhihong Zhang,stacked,no_viable_candidate,UNKNOWN,-1000,data/raw/icml/2015/first_pages/ICML-2015-P0004.txt,http://proceedings.mlr.press/v37/bai15.pdf
ICML-2015-P0004,ICML-2015-A000013,Edwin Hancock,stacked,no_viable_candidate,UNKNOWN,-1000,data/raw/icml/2015/first_pages/ICML-2015-P0004.txt,http://proceedings.mlr.press/v37/bai15.pdf
ICML-2015-P0005,ICML-2015-A000014,Christos Boutsidis,stacked,no_viable_candidate,UNKNOWN,-1000,data/raw/icml/2015/first_pages/ICML-2015-P0005.txt,http://proceedings.mlr.press/v37/boutsidis15.pdf
ICML-2015-P0005,ICML-2015-A000015,Prabhanjan Kambadur,stacked,no_viable_candidate,UNKNOWN,-1000,data/raw/icml/2015/first_pages/ICML-2015-P0005.txt,http://proceedings.mlr.press/v37/boutsidis15.pdf
ICML-2015-P0005,ICML-2015-A000016,Alex Gittens,stacked,no_viable_candidate,UNKNOWN,-1000,data/raw/icml/2015/first_pages/ICML-2015-P0005.txt,http://proceedings.mlr.press/v37/boutsidis15.pdf
ICML-2015-P0006,ICML-2015-A000017,Ke Sun,stacked,no_viable_candidate,UNKNOWN,-1000,data/raw/icml/2015/first_pages/ICML-2015-P0006.txt,http://proceedings.mlr.press/v37/suna15.pdf
ICML-2015-P0006,ICML-2015-A000018,Jun Wang,stacked,no_viable_candidate,UNKNOWN,-1000,data/raw/icml/2015/first_pages/ICML-2015-P0006.txt,http://proceedings.mlr.press/v37/suna15.pdf
ICML-2015-P0006,ICML-2015-A000019,Alexandros Kalousis,stacked,no_viable_candidate,UNKNOWN,-1000,data/raw/icml/2015/first_pages/ICML-2015-P0006.txt,http://proceedings.mlr.press/v37/suna15.pdf
ICML-2015-P0006,ICML-2015-A000020,Stephan Marchand-Maillet,stacked,no_viable_candidate,UNKNOWN,-1000,data/raw/icml/2015/first_pages/ICML-2015-P0006.txt,http://proceedings.mlr.press/v37/suna15.pdf
ICML-2015-P0007,ICML-2015-A000021,Jean-Baptiste Tristan,symbol,no_viable_candidate,UNKNOWN,-1000,data/raw/icml/2015/first_pages/ICML-2015-P0007.txt,http://proceedings.mlr.press/v37/tristan15.pdf
ICML-2015-P0007,ICML-2015-A000022,Joseph Tassarotti,symbol,no_viable_candidate,UNKNOWN,-1000,data/raw/icml/2015/first_pages/ICML-2015-P0007.txt,http://proceedings.mlr.press/v37/tristan15.pdf
ICML-2015-P0007,ICML-2015-A000023,Guy Steele,symbol,no_viable_candidate,UNKNOWN,-1000,data/raw/icml/2015/first_pages/ICML-2015-P0007.txt,http://proceedings.mlr.press/v37/tristan15.pdf
ICML-2015-P0008,ICML-2015-A000024,Peilin Zhao,numbered,no_viable_candidate,UNKNOWN,-1000,data/raw/icml/2015/first_pages/ICML-2015-P0008.txt,http://proceedings.mlr.press/v37/zhaob15.pdf
ICML-2015-P0008,ICML-2015-A000025,Jinwei Yang,numbered,no_viable_candidate,UNKNOWN,-1000,data/raw/icml/2015/first_pages/ICML-2015-P0008.txt,http://proceedings.mlr.press/v37/zhaob15.pdf
ICML-2015-P0008,ICML-2015-A000026,Tong Zhang,numbered,no_viable_candidate,UNKNOWN,-1000,data/raw/icml/2015/first_pages/ICML-2015-P0008.txt,http://proceedings.mlr.press/v37/zhaob15.pdf
ICML-2015-P0008,ICML-2015-A000027,Ping Li,numbered,no_viable_candidate,UNKNOWN,-1000,data/raw/icml/2015/first_pages/ICML-2015-P0008.txt,http://proceedings.mlr.press/v37/zhaob15.pdf
ICML-2015-P0009,ICML-2015-A000028,Alekh Agarwal,numbered,no_viable_candidate,UNKNOWN,-1000,data/raw/icml/2015/first_pages/ICML-2015-P0009.txt,http://proceedings.mlr.press/v37/agarwal15.pdf
ICML-2015-P0009,ICML-2015-A000029,Leon Bottou,numbered,no_viable_candidate,UNKNOWN,-1000,data/raw/icml/2015/first_pages/ICML-2015-P0009.txt,http://proceedings.mlr.press/v37/agarwal15.pdf
ICML-2015-P0010,ICML-2015-A000030,Dani Yogatama,numbered,no_viable_candidate,UNKNOWN,-1000,data/raw/icml/2015/first_pages/ICML-2015-P0010.txt,http://proceedings.mlr.press/v37/yogatama15.pdf
ICML-2015-P0010,ICML-2015-A000031,Manaal Faruqui,numbered,no_viable_candidate,UNKNOWN,-1000,data/raw/icml/2015/first_pages/ICML-2015-P0010.txt,http://proceedings.mlr.press/v37/yogatama15.pdf
ICML-2015-P0010,ICML-2015-A000032,Chris Dyer,numbered,no_viable_candidate,UNKNOWN,-1000,data/raw/icml/2015/first_pages/ICML-2015-P0010.txt,http://proceedings.mlr.press/v37/yogatama15.pdf
ICML-2015-P0010,ICML-2015-A000033,Noah Smith,numbered,no_viable_candidate,UNKNOWN,-1000,data/raw/icml/2015/first_pages/ICML-2015-P0010.txt,http://proceedings.mlr.press/v37/yogatama15.pdf
ICML-2015-P0011,ICML-2015-A000034,Mingsheng Long,symbol,no_viable_candidate,UNKNOWN,-1000,data/raw/icml/2015/first_pages/ICML-2015-P0011.txt,http://proceedings.mlr.press/v37/long15.pdf
ICML-2015-P0011,ICML-2015-A000035,Yue Cao,symbol,no_viable_candidate,UNKNOWN,-1000,data/raw/icml/2015/first_pages/ICML-2015-P0011.txt,http://proceedings.mlr.press/v37/long15.pdf
ICML-2015-P0011,ICML-2015-A000036,Jianmin Wang,symbol,no_viable_candidate,UNKNOWN,-1000,data/raw/icml/2015/first_pages/ICML-2015-P0011.txt,http://proceedings.mlr.press/v37/long15.pdf
ICML-2015-P0011,ICML-2015-A000037,Michael Jordan,symbol,no_viable_candidate,UNKNOWN,-1000,data/raw/icml/2015/first_pages/ICML-2015-P0011.txt,http://proceedings.mlr.press/v37/long15.pdf
ICML-2015-P0012,ICML-2015-A000038,Takayuki Osogami,stacked,no_viable_candidate,UNKNOWN,-1000,data/raw/icml/2015/first_pages/ICML-2015-P0012.txt,http://proceedings.mlr.press/v37/osogami15.pdf
ICML-2015-P0013,ICML-2015-A000039,Han Zhao,numbered,no_viable_candidate,UNKNOWN,-1000,data/raw/icml/2015/first_pages/ICML-2015-P0013.txt,http://proceedings.mlr.press/v37/zhaoc15.pdf
ICML-2015-P0013,ICML-2015-A000040,Mazen Melibari,numbered,no_viable_candidate,UNKNOWN,-1000,data/raw/icml/2015/first_pages/ICML-2015-P0013.txt,http://proceedings.mlr.press/v37/zhaoc15.pdf
ICML-2015-P0013,ICML-2015-A000041,Pascal Poupart,numbered,no_viable_candidate,UNKNOWN,-1000,data/raw/icml/2015/first_pages/ICML-2015-P0013.txt,http://proceedings.mlr.press/v37/zhaoc15.pdf
ICML-2015-P0014,ICML-2015-A000042,Aditya Menon,symbol,no_viable_candidate,UNKNOWN,-1000,data/raw/icml/2015/first_pages/ICML-2015-P0014.txt,http://proceedings.mlr.press/v37/menon15.pdf
ICML-2015-P0014,ICML-2015-A000043,Brendan Van Rooyen,symbol,no_viable_candidate,UNKNOWN,-1000,data/raw/icml/2015/first_pages/ICML-2015-P0014.txt,http://proceedings.mlr.press/v37/menon15.pdf
ICML-2015-P0014,ICML-2015-A000044,Cheng Soon Ong,symbol,no_viable_candidate,UNKNOWN,-1000,data/raw/icml/2015/first_pages/ICML-2015-P0014.txt,http://proceedings.mlr.press/v37/menon15.pdf
ICML-2015-P0014,ICML-2015-A000045,Bob Williamson,symbol,no_viable_candidate,UNKNOWN,-1000,data/raw/icml/2015/first_pages/ICML-2015-P0014.txt,http://proceedings.mlr.press/v37/menon15.pdf
ICML-2015-P0015,ICML-2015-A000046,Tianbao Yang,symbol,no_viable_candidate,UNKNOWN,-1000,data/raw/icml/2015/first_pages/ICML-2015-P0015.txt,http://proceedings.mlr.press/v37/yanga15.pdf
ICML-2015-P0015,ICML-2015-A000047,Lijun Zhang,symbol,no_viable_candidate,UNKNOWN,-1000,data/raw/icml/2015/first_pages/ICML-2015-P0015.txt,http://proceedings.mlr.press/v37/yanga15.pdf
ICML-2015-P0015,ICML-2015-A000048,Rong Jin,symbol,no_viable_candidate,UNKNOWN,-1000,data/raw/icml/2015/first_pages/ICML-2015-P0015.txt,http://proceedings.mlr.press/v37/yanga15.pdf
ICML-2015-P0015,ICML-2015-A000049,Shenghuo Zhu,symbol,no_viable_candidate,UNKNOWN,-1000,data/raw/icml/2015/first_pages/ICML-2015-P0015.txt,http://proceedings.mlr.press/v37/yanga15.pdf
ICML-2015-P0016,ICML-2015-A000050,Ohad Shamir,numbered,no_viable_candidate,UNKNOWN,-1000,data/raw/icml/2015/first_pages/ICML-2015-P0016.txt,http://proceedings.mlr.press/v37/shamir15.pdf
ICML-2015-P0017,ICML-2015-A000051,Doron Kukliansky,stacked,no_viable_candidate,UNKNOWN,-1000,data/raw/icml/2015/first_pages/ICML-2015-P0017.txt,http://proceedings.mlr.press/v37/kukliansky15.pdf
ICML-2015-P0017,ICML-2015-A000052,Ohad Shamir,stacked,no_viable_candidate,UNKNOWN,-1000,data/raw/icml/2015/first_pages/ICML-2015-P0017.txt,http://proceedings.mlr.press/v37/kukliansky15.pdf
ICML-2015-P0018,ICML-2015-A000053,Ethan Fetaya,stacked,no_viable_candidate,UNKNOWN,-1000,data/raw/icml/2015/first_pages/ICML-2015-P0018.txt,http://proceedings.mlr.press/v37/fetaya15.pdf
ICML-2015-P0018,ICML-2015-A000054,Shimon Ullman,stacked,no_viable_candidate,UNKNOWN,-1000,data/raw/icml/2015/first_pages/ICML-2015-P0018.txt,http://proceedings.mlr.press/v37/fetaya15.pdf
ICML-2015-P0019,ICML-2015-A000055,Zhuang Ma,numbered,no_viable_candidate,UNKNOWN,-1000,data/raw/icml/2015/first_pages/ICML-2015-P0019.txt,http://proceedings.mlr.press/v37/maa15.pdf
ICML-2015-P0019,ICML-2015-A000056,Yichao Lu,numbered,no_viable_candidate,UNKNOWN,-1000,data/raw/icml/2015/first_pages/ICML-2015-P0019.txt,http://proceedings.mlr.press/v37/maa15.pdf
ICML-2015-P0019,ICML-2015-A000057,Dean Foster,numbered,no_viable_candidate,UNKNOWN,-1000,data/raw/icml/2015/first_pages/ICML-2015-P0019.txt,http://proceedings.mlr.press/v37/maa15.pdf
ICML-2015-P0020,ICML-2015-A000058,Nan Jiang,stacked,no_viable_candidate,UNKNOWN,-1000,data/raw/icml/2015/first_pages/ICML-2015-P0020.txt,http://proceedings.mlr.press/v37/jiang15.pdf
ICML-2015-P0020,ICML-2015-A000059,Alex Kulesza,stacked,no_viable_candidate,UNKNOWN,-1000,data/raw/icml/2015/first_pages/ICML-2015-P0020.txt,http://proceedings.mlr.press/v37/jiang15.pdf
ICML-2015-P0020,ICML-2015-A000060,Satinder Singh,stacked,no_viable_candidate,UNKNOWN,-1000,data/raw/icml/2015/first_pages/ICML-2015-P0020.txt,http://proceedings.mlr.press/v37/jiang15.pdf
ICML-2015-P0021,ICML-2015-A000061,Purushottam Kar,symbol,no_viable_candidate,UNKNOWN,-1000,data/raw/icml/2015/first_pages/ICML-2015-P0021.txt,http://proceedings.mlr.press/v37/kar15.pdf
ICML-2015-P0021,ICML-2015-A000062,Harikrishna Narasimhan,symbol,no_viable_candidate,UNKNOWN,-1000,data/raw/icml/2015/first_pages/ICML-2015-P0021.txt,http://proceedings.mlr.press/v37/kar15.pdf
ICML-2015-P0021,ICML-2015-A000063,Prateek Jain,symbol,no_viable_candidate,UNKNOWN,-1000,data/raw/icml/2015/first_pages/ICML-2015-P0021.txt,http://proceedings.mlr.press/v37/kar15.pdf
ICML-2015-P0022,ICML-2015-A000064,Harikrishna Narasimhan,symbol,no_viable_candidate,UNKNOWN,-1000,data/raw/icml/2015/first_pages/ICML-2015-P0022.txt,http://proceedings.mlr.press/v37/narasimhana15.pdf
ICML-2015-P0022,ICML-2015-A000065,Purushottam Kar,symbol,no_viable_candidate,UNKNOWN,-1000,data/raw/icml/2015/first_pages/ICML-2015-P0022.txt,http://proceedings.mlr.press/v37/narasimhana15.pdf
ICML-2015-P0022,ICML-2015-A000066,Prateek Jain,symbol,no_viable_candidate,UNKNOWN,-1000,data/raw/icml/2015/first_pages/ICML-2015-P0022.txt,http://proceedings.mlr.press/v37/narasimhana15.pdf
ICML-2015-P0023,ICML-2015-A000067,Olivier Bachem,stacked,no_viable_candidate,UNKNOWN,-1000,data/raw/icml/2015/first_pages/ICML-2015-P0023.txt,http://proceedings.mlr.press/v37/bachem15.pdf
ICML-2015-P0023,ICML-2015-A000068,Mario Lucic,stacked,no_viable_candidate,UNKNOWN,-1000,data/raw/icml/2015/first_pages/ICML-2015-P0023.txt,http://proceedings.mlr.press/v37/bachem15.pdf
ICML-2015-P0023,ICML-2015-A000069,Andreas Krause,stacked,no_viable_candidate,UNKNOWN,-1000,data/raw/icml/2015/first_pages/ICML-2015-P0023.txt,http://proceedings.mlr.press/v37/bachem15.pdf
ICML-2015-P0024,ICML-2015-A000070,Pratik Gajane,stacked,no_viable_candidate,UNKNOWN,-1000,data/raw/icml/2015/first_pages/ICML-2015-P0024.txt,http://proceedings.mlr.press/v37/gajane15.pdf
ICML-2015-P0024,ICML-2015-A000071,Tanguy Urvoy,stacked,no_viable_candidate,UNKNOWN,-1000,data/raw/icml/2015/first_pages/ICML-2015-P0024.txt,http://proceedings.mlr.press/v37/gajane15.pdf
ICML-2015-P0024,ICML-2015-A000072,Fabrice Clérot,stacked,no_viable_candidate,UNKNOWN,-1000,data/raw/icml/2015/first_pages/ICML-2015-P0024.txt,http://proceedings.mlr.press/v37/gajane15.pdf
ICML-2015-P0025,ICML-2015-A000073,Mohammad Taha Bahadori,symbol,no_viable_candidate,UNKNOWN,-1000,data/raw/icml/2015/first_pages/ICML-2015-P0025.txt,http://proceedings.mlr.press/v37/bahadori15.pdf
ICML-2015-P0025,ICML-2015-A000074,David Kale,symbol,no_viable_candidate,UNKNOWN,-1000,data/raw/icml/2015/first_pages/ICML-2015-P0025.txt,http://proceedings.mlr.press/v37/bahadori15.pdf
ICML-2015-P0025,ICML-2015-A000075,Yingying Fan,symbol,no_viable_candidate,UNKNOWN,-1000,data/raw/icml/2015/first_pages/ICML-2015-P0025.txt,http://proceedings.mlr.press/v37/bahadori15.pdf
ICML-2015-P0025,ICML-2015-A000076,Yan Liu,symbol,no_viable_candidate,UNKNOWN,-1000,data/raw/icml/2015/first_pages/ICML-2015-P0025.txt,http://proceedings.mlr.press/v37/bahadori15.pdf
ICML-2015-P0026,ICML-2015-A000077,Rose Yu,stacked,no_viable_candidate,UNKNOWN,-1000,data/raw/icml/2015/first_pages/ICML-2015-P0026.txt,http://proceedings.mlr.press/v37/yua15.pdf
ICML-2015-P0026,ICML-2015-A000078,Dehua Cheng,stacked,no_viable_candidate,UNKNOWN,-1000,data/raw/icml/2015/first_pages/ICML-2015-P0026.txt,http://proceedings.mlr.press/v37/yua15.pdf
ICML-2015-P0026,ICML-2015-A000079,Yan Liu,stacked,no_viable_candidate,UNKNOWN,-1000,data/raw/icml/2015/first_pages/ICML-2015-P0026.txt,http://proceedings.mlr.press/v37/yua15.pdf
ICML-2015-P0027,ICML-2015-A000080,Sean Jewell,stacked,no_viable_candidate,UNKNOWN,-1000,data/raw/icml/2015/first_pages/ICML-2015-P0027.txt,http://proceedings.mlr.press/v37/jewell15.pdf
ICML-2015-P0027,ICML-2015-A000081,Neil Spencer,stacked,no_viable_candidate,UNKNOWN,-1000,data/raw/icml/2015/first_pages/ICML-2015-P0027.txt,http://proceedings.mlr.press/v37/jewell15.pdf
ICML-2015-P0027,ICML-2015-A000082,Alexandre Bouchard-Côté,stacked,no_viable_candidate,UNKNOWN,-1000,data/raw/icml/2015/first_pages/ICML-2015-P0027.txt,http://proceedings.mlr.press/v37/jewell15.pdf
ICML-2015-P0028,ICML-2015-A000083,Elad Hazan,stacked,no_viable_candidate,UNKNOWN,-1000,data/raw/icml/2015/first_pages/ICML-2015-P0028.txt,http://proceedings.mlr.press/v37/hazan15.pdf
ICML-2015-P0028,ICML-2015-A000084,Roi Livni,stacked,no_viable_candidate,UNKNOWN,-1000,data/raw/icml/2015/first_pages/ICML-2015-P0028.txt,http://proceedings.mlr.press/v37/hazan15.pdf
ICML-2015-P0028,ICML-2015-A000085,Yishay Mansour,stacked,no_viable_candidate,UNKNOWN,-1000,data/raw/icml/2015/first_pages/ICML-2015-P0028.txt,http://proceedings.mlr.press/v37/hazan15.pdf
ICML-2015-P0029,ICML-2015-A000086,Oran Richman,stacked,no_viable_candidate,UNKNOWN,-1000,data/raw/icml/2015/first_pages/ICML-2015-P0029.txt,http://proceedings.mlr.press/v37/richman15.pdf
ICML-2015-P0029,ICML-2015-A000087,Shie Mannor,stacked,no_viable_candidate,UNKNOWN,-1000,data/raw/icml/2015/first_pages/ICML-2015-P0029.txt,http://proceedings.mlr.press/v37/richman15.pdf
ICML-2015-P0030,ICML-2015-A000088,Pinghua Gong,stacked,no_viable_candidate,UNKNOWN,-1000,data/raw/icml/2015/first_pages/ICML-2015-P0030.txt,http://proceedings.mlr.press/v37/gonga15.pdf
ICML-2015-P0030,ICML-2015-A000089,Jieping Ye,stacked,no_viable_candidate,UNKNOWN,-1000,data/raw/icml/2015/first_pages/ICML-2015-P0030.txt,http://proceedings.mlr.press/v37/gonga15.pdf
ICML-2015-P0031,ICML-2015-A000090,Naji Shajarisales,numbered,no_viable_candidate,UNKNOWN,-1000,data/raw/icml/2015/first_pages/ICML-2015-P0031.txt,http://proceedings.mlr.press/v37/shajarisales15.pdf
ICML-2015-P0031,ICML-2015-A000091,Dominik Janzing,numbered,no_viable_candidate,UNKNOWN,-1000,data/raw/icml/2015/first_pages/ICML-2015-P0031.txt,http://proceedings.mlr.press/v37/shajarisales15.pdf
ICML-2015-P0031,ICML-2015-A000092,Bernhard Schoelkopf,numbered,no_viable_candidate,UNKNOWN,-1000,data/raw/icml/2015/first_pages/ICML-2015-P0031.txt,http://proceedings.mlr.press/v37/shajarisales15.pdf
ICML-2015-P0031,ICML-2015-A000093,Michel Besserve,stacked,best_scoring_candidate,"MPI for Intelligent Systems, Tuebingen, Germany MPI for Biological Cybernetics , Tuebingen, Germany",2,data/raw/icml/2015/first_pages/ICML-2015-P0031.txt,http://proceedings.mlr.press/v37/shajarisales15.pdf
ICML-2015-P0032,ICML-2015-A000094,Kirthevasan Kandasamy,stacked,no_viable_candidate,UNKNOWN,-1000,data/raw/icml/2015/first_pages/ICML-2015-P0032.txt,http://proceedings.mlr.press/v37/kandasamy15.pdf
ICML-2015-P0032,ICML-2015-A000095,Jeff Schneider,stacked,no_viable_candidate,UNKNOWN,-1000,data/raw/icml/2015/first_pages/ICML-2015-P0032.txt,http://proceedings.mlr.press/v37/kandasamy15.pdf
ICML-2015-P0032,ICML-2015-A000096,Barnabas Poczos,stacked,no_viable_candidate,UNKNOWN,-1000,data/raw/icml/2015/first_pages/ICML-2015-P0032.txt,http://proceedings.mlr.press/v37/kandasamy15.pdf
ICML-2015-P0033,ICML-2015-A000097,Tianbao Yang,stacked,no_viable_candidate,UNKNOWN,-1000,data/raw/icml/2015/first_pages/ICML-2015-P0033.txt,http://proceedings.mlr.press/v37/yangb15.pdf
ICML-2015-P0033,ICML-2015-A000098,Lijun Zhang,stacked,no_viable_candidate,UNKNOWN,-1000,data/raw/icml/2015/first_pages/ICML-2015-P0033.txt,http://proceedings.mlr.press/v37/yangb15.pdf
ICML-2015-P0033,ICML-2015-A000099,Rong Jin,stacked,no_viable_candidate,UNKNOWN,-1000,data/raw/icml/2015/first_pages/ICML-2015-P0033.txt,http://proceedings.mlr.press/v37/yangb15.pdf
ICML-2015-P0033,ICML-2015-A000100,Shenghuo Zhu,stacked,no_viable_candidate,UNKNOWN,-1000,data/raw/icml/2015/first_pages/ICML-2015-P0033.txt,http://proceedings.mlr.press/v37/yangb15.pdf
ICML-2015-P0034,ICML-2015-A000101,Ambuj Tewari,stacked,no_viable_candidate,UNKNOWN,-1000,data/raw/icml/2015/first_pages/ICML-2015-P0034.txt,http://proceedings.mlr.press/v37/tewari15.pdf
ICML-2015-P0034,ICML-2015-A000102,Sougata Chaudhuri,stacked,no_viable_candidate,UNKNOWN,-1000,data/raw/icml/2015/first_pages/ICML-2015-P0034.txt,http://proceedings.mlr.press/v37/tewari15.pdf
ICML-2015-P0035,ICML-2015-A000103,Toby Hocking,stacked,no_viable_candidate,UNKNOWN,-1000,data/raw/icml/2015/first_pages/ICML-2015-P0035.txt,http://proceedings.mlr.press/v37/hocking15.pdf
ICML-2015-P0035,ICML-2015-A000104,Guillem Rigaill,stacked,no_viable_candidate,UNKNOWN,-1000,data/raw/icml/2015/first_pages/ICML-2015-P0035.txt,http://proceedings.mlr.press/v37/hocking15.pdf
ICML-2015-P0035,ICML-2015-A000105,Guillaume Bourque,stacked,no_viable_candidate,UNKNOWN,-1000,data/raw/icml/2015/first_pages/ICML-2015-P0035.txt,http://proceedings.mlr.press/v37/hocking15.pdf
ICML-2015-P0036,ICML-2015-A000106,Olivier Fercoq,stacked,no_viable_candidate,UNKNOWN,-1000,data/raw/icml/2015/first_pages/ICML-2015-P0036.txt,http://proceedings.mlr.press/v37/fercoq15.pdf
ICML-2015-P0036,ICML-2015-A000107,Alexandre Gramfort,stacked,no_viable_candidate,UNKNOWN,-1000,data/raw/icml/2015/first_pages/ICML-2015-P0036.txt,http://proceedings.mlr.press/v37/fercoq15.pdf
ICML-2015-P0036,ICML-2015-A000108,Joseph Salmon,stacked,no_viable_candidate,UNKNOWN,-1000,data/raw/icml/2015/first_pages/ICML-2015-P0036.txt,http://proceedings.mlr.press/v37/fercoq15.pdf
ICML-2015-P0037,ICML-2015-A000109,Robert Nishihara,numbered,no_viable_candidate,UNKNOWN,-1000,data/raw/icml/2015/first_pages/ICML-2015-P0037.txt,http://proceedings.mlr.press/v37/nishihara15.pdf
ICML-2015-P0037,ICML-2015-A000110,Laurent Lessard,numbered,no_viable_candidate,UNKNOWN,-1000,data/raw/icml/2015/first_pages/ICML-2015-P0037.txt,http://proceedings.mlr.press/v37/nishihara15.pdf
ICML-2015-P0037,ICML-2015-A000111,Ben Recht,numbered,no_viable_candidate,UNKNOWN,-1000,data/raw/icml/2015/first_pages/ICML-2015-P0037.txt,http://proceedings.mlr.press/v37/nishihara15.pdf
ICML-2015-P0037,ICML-2015-A000112,Andrew Packard,numbered,no_viable_candidate,UNKNOWN,-1000,data/raw/icml/2015/first_pages/ICML-2015-P0037.txt,http://proceedings.mlr.press/v37/nishihara15.pdf
ICML-2015-P0037,ICML-2015-A000113,Michael Jordan,numbered,no_viable_candidate,UNKNOWN,-1000,data/raw/icml/2015/first_pages/ICML-2015-P0037.txt,http://proceedings.mlr.press/v37/nishihara15.pdf
ICML-2015-P0038,ICML-2015-A000114,Yuchen Zhang,numbered,no_viable_candidate,UNKNOWN,-1000,data/raw/icml/2015/first_pages/ICML-2015-P0038.txt,http://proceedings.mlr.press/v37/zhanga15.pdf
ICML-2015-P0038,ICML-2015-A000115,Xiao Lin,numbered,no_viable_candidate,UNKNOWN,-1000,data/raw/icml/2015/first_pages/ICML-2015-P0038.txt,http://proceedings.mlr.press/v37/zhanga15.pdf
ICML-2015-P0039,ICML-2015-A000116,Yuchen Zhang,numbered,no_viable_candidate,UNKNOWN,-1000,data/raw/icml/2015/first_pages/ICML-2015-P0039.txt,http://proceedings.mlr.press/v37/zhangb15.pdf
ICML-2015-P0039,ICML-2015-A000117,Xiao Lin,numbered,no_viable_candidate,UNKNOWN,-1000,data/raw/icml/2015/first_pages/ICML-2015-P0039.txt,http://proceedings.mlr.press/v37/zhangb15.pdf
ICML-2015-P0040,ICML-2015-A000118,Yuxin Chen,stacked,no_viable_candidate,UNKNOWN,-1000,data/raw/icml/2015/first_pages/ICML-2015-P0040.txt,http://proceedings.mlr.press/v37/chena15.pdf
ICML-2015-P0040,ICML-2015-A000119,Changho Suh,stacked,no_viable_candidate,UNKNOWN,-1000,data/raw/icml/2015/first_pages/ICML-2015-P0040.txt,http://proceedings.mlr.press/v37/chena15.pdf
ICML-2015-P0041,ICML-2015-A000120,Stephen Bach,symbol,no_viable_candidate,UNKNOWN,-1000,data/raw/icml/2015/first_pages/ICML-2015-P0041.txt,http://proceedings.mlr.press/v37/bach15.pdf
ICML-2015-P0041,ICML-2015-A000121,Bert Huang,symbol,no_viable_candidate,UNKNOWN,-1000,data/raw/icml/2015/first_pages/ICML-2015-P0041.txt,http://proceedings.mlr.press/v37/bach15.pdf
ICML-2015-P0041,ICML-2015-A000122,Jordan Boyd-Graber,symbol,no_viable_candidate,UNKNOWN,-1000,data/raw/icml/2015/first_pages/ICML-2015-P0041.txt,http://proceedings.mlr.press/v37/bach15.pdf
ICML-2015-P0041,ICML-2015-A000123,Lise Getoor,symbol,no_viable_candidate,UNKNOWN,-1000,data/raw/icml/2015/first_pages/ICML-2015-P0041.txt,http://proceedings.mlr.press/v37/bach15.pdf
ICML-2015-P0042,ICML-2015-A000124,Corinna Cortes,stacked,no_viable_candidate,UNKNOWN,-1000,data/raw/icml/2015/first_pages/ICML-2015-P0042.txt,http://proceedings.mlr.press/v37/cortes15.pdf
ICML-2015-P0042,ICML-2015-A000125,Vitaly Kuznetsov,stacked,no_viable_candidate,UNKNOWN,-1000,data/raw/icml/2015/first_pages/ICML-2015-P0042.txt,http://proceedings.mlr.press/v37/cortes15.pdf
ICML-2015-P0042,ICML-2015-A000126,Mehryar Mohri,stacked,no_viable_candidate,UNKNOWN,-1000,data/raw/icml/2015/first_pages/ICML-2015-P0042.txt,http://proceedings.mlr.press/v37/cortes15.pdf
ICML-2015-P0042,ICML-2015-A000127,Umar Syed,stacked,no_viable_candidate,UNKNOWN,-1000,data/raw/icml/2015/first_pages/ICML-2015-P0042.txt,http://proceedings.mlr.press/v37/cortes15.pdf
ICML-2015-P0043,ICML-2015-A000128,Debarghya Ghoshdastidar,stacked,no_viable_candidate,UNKNOWN,-1000,data/raw/icml/2015/first_pages/ICML-2015-P0043.txt,http://proceedings.mlr.press/v37/ghoshdastidar15.pdf
ICML-2015-P0043,ICML-2015-A000129,Ambedkar Dukkipati,stacked,no_viable_candidate,UNKNOWN,-1000,data/raw/icml/2015/first_pages/ICML-2015-P0043.txt,http://proceedings.mlr.press/v37/ghoshdastidar15.pdf
ICML-2015-P0044,ICML-2015-A000130,Ben London,stacked,complete_stacked_variant,"University of Maryland, College Park, MD USA",6,data/raw/icml/2015/first_pages/ICML-2015-P0044.txt,http://proceedings.mlr.press/v37/london15.pdf
ICML-2015-P0044,ICML-2015-A000131,Bert Huang,stacked,complete_stacked_variant,"Virginia Tech, Blacksburg, VA USA",2,data/raw/icml/2015/first_pages/ICML-2015-P0044.txt,http://proceedings.mlr.press/v37/london15.pdf
ICML-2015-P0044,ICML-2015-A000132,Lise Getoor,stacked,complete_stacked_variant,"University of California, Santa Cruz, CA USA",4,data/raw/icml/2015/first_pages/ICML-2015-P0044.txt,http://proceedings.mlr.press/v37/london15.pdf
ICML-2015-P0045,ICML-2015-A000133,Bo Xin,stacked,no_viable_candidate,UNKNOWN,-1000,data/raw/icml/2015/first_pages/ICML-2015-P0045.txt,http://proceedings.mlr.press/v37/xin15.pdf
ICML-2015-P0045,ICML-2015-A000134,David Wipf,stacked,no_viable_candidate,UNKNOWN,-1000,data/raw/icml/2015/first_pages/ICML-2015-P0045.txt,http://proceedings.mlr.press/v37/xin15.pdf
ICML-2015-P0046,ICML-2015-A000135,Takanori Maehara,numbered,no_viable_candidate,UNKNOWN,-1000,data/raw/icml/2015/first_pages/ICML-2015-P0046.txt,http://proceedings.mlr.press/v37/maehara15.pdf
ICML-2015-P0046,ICML-2015-A000136,Akihiro Yabe,numbered,no_viable_candidate,UNKNOWN,-1000,data/raw/icml/2015/first_pages/ICML-2015-P0046.txt,http://proceedings.mlr.press/v37/maehara15.pdf
ICML-2015-P0046,ICML-2015-A000137,Ken-ichi Kawarabayashi,numbered,no_viable_candidate,UNKNOWN,-1000,data/raw/icml/2015/first_pages/ICML-2015-P0046.txt,http://proceedings.mlr.press/v37/maehara15.pdf
ICML-2015-P0047,ICML-2015-A000138,Katharina Blechschmidt,stacked,no_viable_candidate,UNKNOWN,-1000,data/raw/icml/2015/first_pages/ICML-2015-P0047.txt,http://proceedings.mlr.press/v37/blechschmidt15.pdf
ICML-2015-P0047,ICML-2015-A000139,Joachim Giesen,stacked,no_viable_candidate,UNKNOWN,-1000,data/raw/icml/2015/first_pages/ICML-2015-P0047.txt,http://proceedings.mlr.press/v37/blechschmidt15.pdf
ICML-2015-P0047,ICML-2015-A000140,Soeren Laue,stacked,no_viable_candidate,UNKNOWN,-1000,data/raw/icml/2015/first_pages/ICML-2015-P0047.txt,http://proceedings.mlr.press/v37/blechschmidt15.pdf
ICML-2015-P0048,ICML-2015-A000141,Sergey Ioffe,numbered,no_viable_candidate,UNKNOWN,-1000,data/raw/icml/2015/first_pages/ICML-2015-P0048.txt,http://proceedings.mlr.press/v37/ioffe15.pdf
ICML-2015-P0048,ICML-2015-A000142,Christian Szegedy,numbered,no_viable_candidate,UNKNOWN,-1000,data/raw/icml/2015/first_pages/ICML-2015-P0048.txt,http://proceedings.mlr.press/v37/ioffe15.pdf
ICML-2015-P0049,ICML-2015-A000143,Yuchen Zhang,numbered,no_viable_candidate,UNKNOWN,-1000,data/raw/icml/2015/first_pages/ICML-2015-P0049.txt,http://proceedings.mlr.press/v37/zhangc15.pdf
ICML-2015-P0049,ICML-2015-A000144,Martin Wainwright,numbered,no_viable_candidate,UNKNOWN,-1000,data/raw/icml/2015/first_pages/ICML-2015-P0049.txt,http://proceedings.mlr.press/v37/zhangc15.pdf
ICML-2015-P0049,ICML-2015-A000145,Michael Jordan,numbered,no_viable_candidate,UNKNOWN,-1000,data/raw/icml/2015/first_pages/ICML-2015-P0049.txt,http://proceedings.mlr.press/v37/zhangc15.pdf
ICML-2015-P0050,ICML-2015-A000146,Dawen Liang,stacked,no_viable_candidate,UNKNOWN,-1000,data/raw/icml/2015/first_pages/ICML-2015-P0050.txt,http://proceedings.mlr.press/v37/liang15.pdf
ICML-2015-P0050,ICML-2015-A000147,John Paisley,stacked,no_viable_candidate,UNKNOWN,-1000,data/raw/icml/2015/first_pages/ICML-2015-P0050.txt,http://proceedings.mlr.press/v37/liang15.pdf
ICML-2015-P0051,ICML-2015-A000148,Aonan Zhang,stacked,no_viable_candidate,UNKNOWN,-1000,data/raw/icml/2015/first_pages/ICML-2015-P0051.txt,http://proceedings.mlr.press/v37/zhangd15.pdf
ICML-2015-P0051,ICML-2015-A000149,John Paisley,stacked,no_viable_candidate,UNKNOWN,-1000,data/raw/icml/2015/first_pages/ICML-2015-P0051.txt,http://proceedings.mlr.press/v37/zhangd15.pdf
ICML-2015-P0052,ICML-2015-A000150,Wenzhuo Yang,stacked,no_viable_candidate,UNKNOWN,-1000,data/raw/icml/2015/first_pages/ICML-2015-P0052.txt,http://proceedings.mlr.press/v37/yangc15.pdf
ICML-2015-P0052,ICML-2015-A000151,Huan Xu,stacked,no_viable_candidate,UNKNOWN,-1000,data/raw/icml/2015/first_pages/ICML-2015-P0052.txt,http://proceedings.mlr.press/v37/yangc15.pdf
ICML-2015-P0053,ICML-2015-A000152,Wenzhuo Yang,stacked,no_viable_candidate,UNKNOWN,-1000,data/raw/icml/2015/first_pages/ICML-2015-P0053.txt,http://proceedings.mlr.press/v37/yangd15.pdf
ICML-2015-P0053,ICML-2015-A000153,Huan Xu,stacked,no_viable_candidate,UNKNOWN,-1000,data/raw/icml/2015/first_pages/ICML-2015-P0053.txt,http://proceedings.mlr.press/v37/yangd15.pdf
ICML-2015-P0054,ICML-2015-A000154,Wenzhuo Yang,stacked,no_viable_candidate,UNKNOWN,-1000,data/raw/icml/2015/first_pages/ICML-2015-P0054.txt,http://proceedings.mlr.press/v37/yange15.pdf
ICML-2015-P0054,ICML-2015-A000155,Huan Xu,stacked,no_viable_candidate,UNKNOWN,-1000,data/raw/icml/2015/first_pages/ICML-2015-P0054.txt,http://proceedings.mlr.press/v37/yange15.pdf
ICML-2015-P0055,ICML-2015-A000156,Senjian An,stacked,no_viable_candidate,UNKNOWN,-1000,data/raw/icml/2015/first_pages/ICML-2015-P0055.txt,http://proceedings.mlr.press/v37/an15.pdf
ICML-2015-P0055,ICML-2015-A000157,Farid Boussaid,stacked,no_viable_candidate,UNKNOWN,-1000,data/raw/icml/2015/first_pages/ICML-2015-P0055.txt,http://proceedings.mlr.press/v37/an15.pdf
ICML-2015-P0055,ICML-2015-A000158,Mohammed Bennamoun,stacked,no_viable_candidate,UNKNOWN,-1000,data/raw/icml/2015/first_pages/ICML-2015-P0055.txt,http://proceedings.mlr.press/v37/an15.pdf
ICML-2015-P0056,ICML-2015-A000159,K. Lakshmanan,stacked,no_viable_candidate,UNKNOWN,-1000,data/raw/icml/2015/first_pages/ICML-2015-P0056.txt,http://proceedings.mlr.press/v37/lakshmanan15.pdf
ICML-2015-P0056,ICML-2015-A000160,Ronald Ortner,stacked,no_viable_candidate,UNKNOWN,-1000,data/raw/icml/2015/first_pages/ICML-2015-P0056.txt,http://proceedings.mlr.press/v37/lakshmanan15.pdf
ICML-2015-P0056,ICML-2015-A000161,Daniil Ryabko,stacked,no_viable_candidate,UNKNOWN,-1000,data/raw/icml/2015/first_pages/ICML-2015-P0056.txt,http://proceedings.mlr.press/v37/lakshmanan15.pdf
ICML-2015-P0057,ICML-2015-A000162,Michael Betancourt,symbol,no_viable_candidate,UNKNOWN,-1000,data/raw/icml/2015/first_pages/ICML-2015-P0057.txt,http://proceedings.mlr.press/v37/betancourt15.pdf
ICML-2015-P0058,ICML-2015-A000163,Dan Garber,stacked,no_viable_candidate,UNKNOWN,-1000,data/raw/icml/2015/first_pages/ICML-2015-P0058.txt,http://proceedings.mlr.press/v37/garbera15.pdf
ICML-2015-P0058,ICML-2015-A000164,Elad Hazan,stacked,no_viable_candidate,UNKNOWN,-1000,data/raw/icml/2015/first_pages/ICML-2015-P0058.txt,http://proceedings.mlr.press/v37/garbera15.pdf
ICML-2015-P0059,ICML-2015-A000165,Mrinal Das,symbol,complete_symbol_variant,"Department of Computer Science and Automation, Indian Institute of Science, Bangalore, India",4,data/raw/icml/2015/first_pages/ICML-2015-P0059.txt,http://proceedings.mlr.press/v37/das15.pdf
ICML-2015-P0059,ICML-2015-A000166,Trapit Bansal,symbol,complete_symbol_variant,"Department of Computer Science and Automation, Indian Institute of Science, Bangalore, India",4,data/raw/icml/2015/first_pages/ICML-2015-P0059.txt,http://proceedings.mlr.press/v37/das15.pdf
ICML-2015-P0059,ICML-2015-A000167,Chiranjib Bhattacharyya,symbol,complete_symbol_variant,"Department of Computer Science and Automation, Indian Institute of Science, Bangalore, India",4,data/raw/icml/2015/first_pages/ICML-2015-P0059.txt,http://proceedings.mlr.press/v37/das15.pdf
ICML-2015-P0060,ICML-2015-A000168,Dan Garber,stacked,no_viable_candidate,UNKNOWN,-1000,data/raw/icml/2015/first_pages/ICML-2015-P0060.txt,http://proceedings.mlr.press/v37/garberb15.pdf
ICML-2015-P0060,ICML-2015-A000169,Elad Hazan,stacked,no_viable_candidate,UNKNOWN,-1000,data/raw/icml/2015/first_pages/ICML-2015-P0060.txt,http://proceedings.mlr.press/v37/garberb15.pdf
ICML-2015-P0060,ICML-2015-A000170,Tengyu Ma,stacked,no_viable_candidate,UNKNOWN,-1000,data/raw/icml/2015/first_pages/ICML-2015-P0060.txt,http://proceedings.mlr.press/v37/garberb15.pdf
ICML-2015-P0061,ICML-2015-A000171,Trong Nghia Hoang,symbol,no_viable_candidate,UNKNOWN,-1000,data/raw/icml/2015/first_pages/ICML-2015-P0061.txt,http://proceedings.mlr.press/v37/hoang15.pdf
ICML-2015-P0061,ICML-2015-A000172,Quang Minh Hoang,symbol,no_viable_candidate,UNKNOWN,-1000,data/raw/icml/2015/first_pages/ICML-2015-P0061.txt,http://proceedings.mlr.press/v37/hoang15.pdf
ICML-2015-P0061,ICML-2015-A000173,Bryan Kian Hsiang Low,symbol,no_viable_candidate,UNKNOWN,-1000,data/raw/icml/2015/first_pages/ICML-2015-P0061.txt,http://proceedings.mlr.press/v37/hoang15.pdf
ICML-2015-P0062,ICML-2015-A000174,Yufei Ding,stacked,no_viable_candidate,UNKNOWN,-1000,data/raw/icml/2015/first_pages/ICML-2015-P0062.txt,http://proceedings.mlr.press/v37/ding15.pdf
ICML-2015-P0062,ICML-2015-A000175,Yue Zhao,stacked,no_viable_candidate,UNKNOWN,-1000,data/raw/icml/2015/first_pages/ICML-2015-P0062.txt,http://proceedings.mlr.press/v37/ding15.pdf
ICML-2015-P0062,ICML-2015-A000176,Xipeng Shen,stacked,no_viable_candidate,UNKNOWN,-1000,data/raw/icml/2015/first_pages/ICML-2015-P0062.txt,http://proceedings.mlr.press/v37/ding15.pdf
ICML-2015-P0062,ICML-2015-A000177,Madanlal Musuvathi,stacked,no_viable_candidate,UNKNOWN,-1000,data/raw/icml/2015/first_pages/ICML-2015-P0062.txt,http://proceedings.mlr.press/v37/ding15.pdf
ICML-2015-P0062,ICML-2015-A000178,Todd Mytkowicz,stacked,no_viable_candidate,UNKNOWN,-1000,data/raw/icml/2015/first_pages/ICML-2015-P0062.txt,http://proceedings.mlr.press/v37/ding15.pdf
ICML-2015-P0063,ICML-2015-A000179,Seppo Virtanen,shared,complete_shared_variant,presents significant methodological research challenges necessitating the development of proper statistical models and,2,data/raw/icml/2015/first_pages/ICML-2015-P0063.txt,http://proceedings.mlr.press/v37/virtanen15.pdf
ICML-2015-P0063,ICML-2015-A000180,Mark Girolami,shared,complete_shared_variant,presents significant methodological research challenges necessitating the development of proper statistical models and,2,data/raw/icml/2015/first_pages/ICML-2015-P0063.txt,http://proceedings.mlr.press/v37/virtanen15.pdf
ICML-2015-P0064,ICML-2015-A000181,Seunghoon Hong,numbered,no_viable_candidate,UNKNOWN,-1000,data/raw/icml/2015/first_pages/ICML-2015-P0064.txt,http://proceedings.mlr.press/v37/hong15.pdf
ICML-2015-P0064,ICML-2015-A000182,Tackgeun You,numbered,no_viable_candidate,UNKNOWN,-1000,data/raw/icml/2015/first_pages/ICML-2015-P0064.txt,http://proceedings.mlr.press/v37/hong15.pdf
ICML-2015-P0064,ICML-2015-A000183,Suha Kwak,numbered,no_viable_candidate,UNKNOWN,-1000,data/raw/icml/2015/first_pages/ICML-2015-P0064.txt,http://proceedings.mlr.press/v37/hong15.pdf
ICML-2015-P0064,ICML-2015-A000184,Bohyung Han,numbered,no_viable_candidate,UNKNOWN,-1000,data/raw/icml/2015/first_pages/ICML-2015-P0064.txt,http://proceedings.mlr.press/v37/hong15.pdf
ICML-2015-P0065,ICML-2015-A000185,Seth Flaxman,numbered,no_viable_candidate,UNKNOWN,-1000,data/raw/icml/2015/first_pages/ICML-2015-P0065.txt,http://proceedings.mlr.press/v37/flaxman15.pdf
ICML-2015-P0065,ICML-2015-A000186,Andrew Wilson,numbered,no_viable_candidate,UNKNOWN,-1000,data/raw/icml/2015/first_pages/ICML-2015-P0065.txt,http://proceedings.mlr.press/v37/flaxman15.pdf
ICML-2015-P0065,ICML-2015-A000187,Daniel Neill,numbered,no_viable_candidate,UNKNOWN,-1000,data/raw/icml/2015/first_pages/ICML-2015-P0065.txt,http://proceedings.mlr.press/v37/flaxman15.pdf
ICML-2015-P0065,ICML-2015-A000188,Hannes Nickisch,numbered,no_viable_candidate,UNKNOWN,-1000,data/raw/icml/2015/first_pages/ICML-2015-P0065.txt,http://proceedings.mlr.press/v37/flaxman15.pdf
ICML-2015-P0065,ICML-2015-A000189,Alex Smola,numbered,no_viable_candidate,UNKNOWN,-1000,data/raw/icml/2015/first_pages/ICML-2015-P0065.txt,http://proceedings.mlr.press/v37/flaxman15.pdf
ICML-2015-P0066,ICML-2015-A000190,Garvesh Raskutti,stacked,no_viable_candidate,UNKNOWN,-1000,data/raw/icml/2015/first_pages/ICML-2015-P0066.txt,http://proceedings.mlr.press/v37/raskutti15.pdf
ICML-2015-P0066,ICML-2015-A000191,Michael Mahoney,stacked,no_viable_candidate,UNKNOWN,-1000,data/raw/icml/2015/first_pages/ICML-2015-P0066.txt,http://proceedings.mlr.press/v37/raskutti15.pdf
ICML-2015-P0067,ICML-2015-A000192,Nathaniel Korda,symbol,no_viable_candidate,UNKNOWN,-1000,data/raw/icml/2015/first_pages/ICML-2015-P0067.txt,http://proceedings.mlr.press/v37/korda15.pdf
ICML-2015-P0067,ICML-2015-A000193,Prashanth La,symbol,no_viable_candidate,UNKNOWN,-1000,data/raw/icml/2015/first_pages/ICML-2015-P0067.txt,http://proceedings.mlr.press/v37/korda15.pdf
ICML-2015-P0068,ICML-2015-A000194,Roi Weiss,stacked,no_viable_candidate,UNKNOWN,-1000,data/raw/icml/2015/first_pages/ICML-2015-P0068.txt,http://proceedings.mlr.press/v37/weiss15.pdf
ICML-2015-P0068,ICML-2015-A000195,Boaz Nadler,stacked,no_viable_candidate,UNKNOWN,-1000,data/raw/icml/2015/first_pages/ICML-2015-P0068.txt,http://proceedings.mlr.press/v37/weiss15.pdf
ICML-2015-P0069,ICML-2015-A000196,Yarin Gal,numbered,no_viable_candidate,UNKNOWN,-1000,data/raw/icml/2015/first_pages/ICML-2015-P0069.txt,http://proceedings.mlr.press/v37/gala15.pdf
ICML-2015-P0069,ICML-2015-A000197,Yutian Chen,numbered,no_viable_candidate,UNKNOWN,-1000,data/raw/icml/2015/first_pages/ICML-2015-P0069.txt,http://proceedings.mlr.press/v37/gala15.pdf
ICML-2015-P0069,ICML-2015-A000198,Zoubin Ghahramani,numbered,no_viable_candidate,UNKNOWN,-1000,data/raw/icml/2015/first_pages/ICML-2015-P0069.txt,http://proceedings.mlr.press/v37/gala15.pdf
ICML-2015-P0070,ICML-2015-A000199,Yarin Gal,numbered,no_viable_candidate,UNKNOWN,-1000,data/raw/icml/2015/first_pages/ICML-2015-P0070.txt,http://proceedings.mlr.press/v37/galb15.pdf
ICML-2015-P0070,ICML-2015-A000200,Richard Turner,numbered,no_viable_candidate,UNKNOWN,-1000,data/raw/icml/2015/first_pages/ICML-2015-P0070.txt,http://proceedings.mlr.press/v37/galb15.pdf
ICML-2015-P0071,ICML-2015-A000201,Arun Rajkumar,stacked,no_viable_candidate,UNKNOWN,-1000,data/raw/icml/2015/first_pages/ICML-2015-P0071.txt,http://proceedings.mlr.press/v37/rajkumar15.pdf
ICML-2015-P0071,ICML-2015-A000202,Suprovat Ghoshal,stacked,best_scoring_candidate,Indian Institute of Science,2,data/raw/icml/2015/first_pages/ICML-2015-P0071.txt,http://proceedings.mlr.press/v37/rajkumar15.pdf
ICML-2015-P0071,ICML-2015-A000203,Lek-Heng Lim,stacked,best_scoring_candidate,University of Chicago,2,data/raw/icml/2015/first_pages/ICML-2015-P0071.txt,http://proceedings.mlr.press/v37/rajkumar15.pdf
ICML-2015-P0071,ICML-2015-A000204,Shivani Agarwal,stacked,no_viable_candidate,UNKNOWN,-1000,data/raw/icml/2015/first_pages/ICML-2015-P0071.txt,http://proceedings.mlr.press/v37/rajkumar15.pdf
ICML-2015-P0072,ICML-2015-A000205,Dominik Csiba,stacked,no_viable_candidate,UNKNOWN,-1000,data/raw/icml/2015/first_pages/ICML-2015-P0072.txt,http://proceedings.mlr.press/v37/csiba15.pdf
ICML-2015-P0072,ICML-2015-A000206,Zheng Qu,stacked,no_viable_candidate,UNKNOWN,-1000,data/raw/icml/2015/first_pages/ICML-2015-P0072.txt,http://proceedings.mlr.press/v37/csiba15.pdf
ICML-2015-P0072,ICML-2015-A000207,Peter Richtarik,stacked,no_viable_candidate,UNKNOWN,-1000,data/raw/icml/2015/first_pages/ICML-2015-P0072.txt,http://proceedings.mlr.press/v37/csiba15.pdf
ICML-2015-P0073,ICML-2015-A000208,Wesley Tansey,stacked,no_viable_candidate,UNKNOWN,-1000,data/raw/icml/2015/first_pages/ICML-2015-P0073.txt,http://proceedings.mlr.press/v37/tansey15.pdf
ICML-2015-P0073,ICML-2015-A000209,Oscar Hernan Madrid Padilla,stacked,no_viable_candidate,UNKNOWN,-1000,data/raw/icml/2015/first_pages/ICML-2015-P0073.txt,http://proceedings.mlr.press/v37/tansey15.pdf
ICML-2015-P0073,ICML-2015-A000210,Arun Sai Suggala,stacked,no_viable_candidate,UNKNOWN,-1000,data/raw/icml/2015/first_pages/ICML-2015-P0073.txt,http://proceedings.mlr.press/v37/tansey15.pdf
ICML-2015-P0073,ICML-2015-A000211,Pradeep Ravikumar,stacked,no_viable_candidate,UNKNOWN,-1000,data/raw/icml/2015/first_pages/ICML-2015-P0073.txt,http://proceedings.mlr.press/v37/tansey15.pdf
ICML-2015-P0074,ICML-2015-A000212,Jonathan Huggins,symbol,no_viable_candidate,UNKNOWN,-1000,data/raw/icml/2015/first_pages/ICML-2015-P0074.txt,http://proceedings.mlr.press/v37/hugginsa15.pdf
ICML-2015-P0074,ICML-2015-A000213,Karthik Narasimhan,symbol,no_viable_candidate,UNKNOWN,0,data/raw/icml/2015/first_pages/ICML-2015-P0074.txt,http://proceedings.mlr.press/v37/hugginsa15.pdf
ICML-2015-P0074,ICML-2015-A000214,Ardavan Saeedi,symbol,no_viable_candidate,UNKNOWN,0,data/raw/icml/2015/first_pages/ICML-2015-P0074.txt,http://proceedings.mlr.press/v37/hugginsa15.pdf
ICML-2015-P0074,ICML-2015-A000215,Vikash Mansinghka,symbol,no_viable_candidate,UNKNOWN,-1000,data/raw/icml/2015/first_pages/ICML-2015-P0074.txt,http://proceedings.mlr.press/v37/hugginsa15.pdf
ICML-2015-P0075,ICML-2015-A000216,Shashanka Ubaru,symbol,no_viable_candidate,UNKNOWN,-1000,data/raw/icml/2015/first_pages/ICML-2015-P0075.txt,http://proceedings.mlr.press/v37/ubaru15.pdf
ICML-2015-P0075,ICML-2015-A000217,Arya Mazumdar,symbol,no_viable_candidate,UNKNOWN,-1000,data/raw/icml/2015/first_pages/ICML-2015-P0075.txt,http://proceedings.mlr.press/v37/ubaru15.pdf
ICML-2015-P0075,ICML-2015-A000218,Yousef Saad,symbol,no_viable_candidate,UNKNOWN,-1000,data/raw/icml/2015/first_pages/ICML-2015-P0075.txt,http://proceedings.mlr.press/v37/ubaru15.pdf
ICML-2015-P0076,ICML-2015-A000219,Assaf Hallak,stacked,no_viable_candidate,UNKNOWN,-4,data/raw/icml/2015/first_pages/ICML-2015-P0076.txt,http://proceedings.mlr.press/v37/hallak15.pdf
ICML-2015-P0076,ICML-2015-A000220,Francois Schnitzler,stacked,no_viable_candidate,UNKNOWN,-1000,data/raw/icml/2015/first_pages/ICML-2015-P0076.txt,http://proceedings.mlr.press/v37/hallak15.pdf
ICML-2015-P0076,ICML-2015-A000221,Timothy Mann,stacked,no_viable_candidate,UNKNOWN,-1000,data/raw/icml/2015/first_pages/ICML-2015-P0076.txt,http://proceedings.mlr.press/v37/hallak15.pdf
ICML-2015-P0076,ICML-2015-A000222,Shie Mannor,stacked,best_scoring_candidate,"Technion, Haifa, Israel",2,data/raw/icml/2015/first_pages/ICML-2015-P0076.txt,http://proceedings.mlr.press/v37/hallak15.pdf
ICML-2015-P0077,ICML-2015-A000223,Zhiwu Huang,symbol,no_viable_candidate,UNKNOWN,-1000,data/raw/icml/2015/first_pages/ICML-2015-P0077.txt,http://proceedings.mlr.press/v37/huanga15.pdf
ICML-2015-P0077,ICML-2015-A000224,Ruiping Wang,symbol,no_viable_candidate,UNKNOWN,-1000,data/raw/icml/2015/first_pages/ICML-2015-P0077.txt,http://proceedings.mlr.press/v37/huanga15.pdf
ICML-2015-P0077,ICML-2015-A000225,Shiguang Shan,symbol,no_viable_candidate,UNKNOWN,-1000,data/raw/icml/2015/first_pages/ICML-2015-P0077.txt,http://proceedings.mlr.press/v37/huanga15.pdf
ICML-2015-P0077,ICML-2015-A000226,Xianqiu Li,symbol,no_viable_candidate,UNKNOWN,-1000,data/raw/icml/2015/first_pages/ICML-2015-P0077.txt,http://proceedings.mlr.press/v37/huanga15.pdf
ICML-2015-P0077,ICML-2015-A000227,Xilin Chen,symbol,no_viable_candidate,UNKNOWN,-1000,data/raw/icml/2015/first_pages/ICML-2015-P0077.txt,http://proceedings.mlr.press/v37/huanga15.pdf
ICML-2015-P0078,ICML-2015-A000228,Melih Kandemir,stacked,no_viable_candidate,UNKNOWN,-1000,data/raw/icml/2015/first_pages/ICML-2015-P0078.txt,http://proceedings.mlr.press/v37/kandemir15.pdf
ICML-2015-P0079,ICML-2015-A000229,Rongda Zhu,numbered,no_viable_candidate,UNKNOWN,-1000,data/raw/icml/2015/first_pages/ICML-2015-P0079.txt,http://proceedings.mlr.press/v37/zhua15.pdf
ICML-2015-P0079,ICML-2015-A000230,Quanquan Gu,numbered,no_viable_candidate,UNKNOWN,-1000,data/raw/icml/2015/first_pages/ICML-2015-P0079.txt,http://proceedings.mlr.press/v37/zhua15.pdf
ICML-2015-P0080,ICML-2015-A000231,Stephan Gouws,stacked,no_viable_candidate,UNKNOWN,-1000,data/raw/icml/2015/first_pages/ICML-2015-P0080.txt,http://proceedings.mlr.press/v37/gouws15.pdf
ICML-2015-P0080,ICML-2015-A000232,Yoshua Bengio,stacked,no_viable_candidate,UNKNOWN,-1000,data/raw/icml/2015/first_pages/ICML-2015-P0080.txt,http://proceedings.mlr.press/v37/gouws15.pdf
ICML-2015-P0080,ICML-2015-A000233,Greg Corrado,stacked,no_viable_candidate,UNKNOWN,-1000,data/raw/icml/2015/first_pages/ICML-2015-P0080.txt,http://proceedings.mlr.press/v37/gouws15.pdf
ICML-2015-P0081,ICML-2015-A000234,Jiangwen Sun,stacked,no_viable_candidate,UNKNOWN,-1000,data/raw/icml/2015/first_pages/ICML-2015-P0081.txt,http://proceedings.mlr.press/v37/sunb15.pdf
ICML-2015-P0081,ICML-2015-A000235,Jin Lu,stacked,no_viable_candidate,UNKNOWN,-1000,data/raw/icml/2015/first_pages/ICML-2015-P0081.txt,http://proceedings.mlr.press/v37/sunb15.pdf
ICML-2015-P0081,ICML-2015-A000236,Tingyang Xu,stacked,no_viable_candidate,UNKNOWN,-1000,data/raw/icml/2015/first_pages/ICML-2015-P0081.txt,http://proceedings.mlr.press/v37/sunb15.pdf
ICML-2015-P0081,ICML-2015-A000237,Jinbo Bi,stacked,no_viable_candidate,UNKNOWN,-1000,data/raw/icml/2015/first_pages/ICML-2015-P0081.txt,http://proceedings.mlr.press/v37/sunb15.pdf
ICML-2015-P0082,ICML-2015-A000238,Branislav Kveton,stacked,no_viable_candidate,UNKNOWN,-1000,data/raw/icml/2015/first_pages/ICML-2015-P0082.txt,http://proceedings.mlr.press/v37/kveton15.pdf
ICML-2015-P0082,ICML-2015-A000239,Csaba Szepesvari,stacked,no_viable_candidate,UNKNOWN,-1000,data/raw/icml/2015/first_pages/ICML-2015-P0082.txt,http://proceedings.mlr.press/v37/kveton15.pdf
ICML-2015-P0082,ICML-2015-A000240,Zheng Wen,stacked,no_viable_candidate,UNKNOWN,-1000,data/raw/icml/2015/first_pages/ICML-2015-P0082.txt,http://proceedings.mlr.press/v37/kveton15.pdf
ICML-2015-P0082,ICML-2015-A000241,Azin Ashkan,stacked,no_viable_candidate,UNKNOWN,-1000,data/raw/icml/2015/first_pages/ICML-2015-P0082.txt,http://proceedings.mlr.press/v37/kveton15.pdf
ICML-2015-P0083,ICML-2015-A000242,James Foulds,stacked,no_viable_candidate,UNKNOWN,-1000,data/raw/icml/2015/first_pages/ICML-2015-P0083.txt,http://proceedings.mlr.press/v37/foulds15.pdf
ICML-2015-P0083,ICML-2015-A000243,Shachi Kumar,stacked,no_viable_candidate,UNKNOWN,-1000,data/raw/icml/2015/first_pages/ICML-2015-P0083.txt,http://proceedings.mlr.press/v37/foulds15.pdf
ICML-2015-P0083,ICML-2015-A000244,Lise Getoor,stacked,no_viable_candidate,UNKNOWN,-1000,data/raw/icml/2015/first_pages/ICML-2015-P0083.txt,http://proceedings.mlr.press/v37/foulds15.pdf
ICML-2015-P0084,ICML-2015-A000245,Alina Ene,stacked,no_viable_candidate,UNKNOWN,-1000,data/raw/icml/2015/first_pages/ICML-2015-P0084.txt,http://proceedings.mlr.press/v37/ene15.pdf
ICML-2015-P0084,ICML-2015-A000246,Huy Nguyen,stacked,no_viable_candidate,UNKNOWN,-1000,data/raw/icml/2015/first_pages/ICML-2015-P0084.txt,http://proceedings.mlr.press/v37/ene15.pdf
ICML-2015-P0085,ICML-2015-A000247,Karthik Narayan,stacked,no_viable_candidate,UNKNOWN,-1000,data/raw/icml/2015/first_pages/ICML-2015-P0085.txt,http://proceedings.mlr.press/v37/narayan15.pdf
ICML-2015-P0085,ICML-2015-A000248,Ali Punjani,stacked,no_viable_candidate,UNKNOWN,-1000,data/raw/icml/2015/first_pages/ICML-2015-P0085.txt,http://proceedings.mlr.press/v37/narayan15.pdf
ICML-2015-P0085,ICML-2015-A000249,Pieter Abbeel,stacked,no_viable_candidate,UNKNOWN,-1000,data/raw/icml/2015/first_pages/ICML-2015-P0085.txt,http://proceedings.mlr.press/v37/narayan15.pdf
ICML-2015-P0086,ICML-2015-A000250,Johannes Heinrich,shared,complete_shared_variant,"substantial discussion and research on how Nash equilibria could be realized in practice (Brown, ; Fudenberg, ; Hofbauer & Sandholm, ; Leslie & Collins",2,data/raw/icml/2015/first_pages/ICML-2015-P0086.txt,http://proceedings.mlr.press/v37/heinrich15.pdf
ICML-2015-P0086,ICML-2015-A000251,Marc Lanctot,shared,complete_shared_variant,"substantial discussion and research on how Nash equilibria could be realized in practice (Brown, ; Fudenberg, ; Hofbauer & Sandholm, ; Leslie & Collins",2,data/raw/icml/2015/first_pages/ICML-2015-P0086.txt,http://proceedings.mlr.press/v37/heinrich15.pdf
ICML-2015-P0086,ICML-2015-A000252,David Silver,shared,complete_shared_variant,"substantial discussion and research on how Nash equilibria could be realized in practice (Brown, ; Fudenberg, ; Hofbauer & Sandholm, ; Leslie & Collins",2,data/raw/icml/2015/first_pages/ICML-2015-P0086.txt,http://proceedings.mlr.press/v37/heinrich15.pdf
ICML-2015-P0087,ICML-2015-A000253,Adith Swaminathan,stacked,no_viable_candidate,UNKNOWN,-1000,data/raw/icml/2015/first_pages/ICML-2015-P0087.txt,http://proceedings.mlr.press/v37/swaminathan15.pdf
ICML-2015-P0087,ICML-2015-A000254,Thorsten Joachims,stacked,no_viable_candidate,UNKNOWN,-1000,data/raw/icml/2015/first_pages/ICML-2015-P0087.txt,http://proceedings.mlr.press/v37/swaminathan15.pdf
ICML-2015-P0088,ICML-2015-A000255,Walid Krichene,numbered,no_viable_candidate,UNKNOWN,-1000,data/raw/icml/2015/first_pages/ICML-2015-P0088.txt,http://proceedings.mlr.press/v37/krichene15.pdf
ICML-2015-P0088,ICML-2015-A000256,Maximilian Balandat,numbered,no_viable_candidate,UNKNOWN,-1000,data/raw/icml/2015/first_pages/ICML-2015-P0088.txt,http://proceedings.mlr.press/v37/krichene15.pdf
ICML-2015-P0088,ICML-2015-A000257,Claire Tomlin,numbered,no_viable_candidate,UNKNOWN,-1000,data/raw/icml/2015/first_pages/ICML-2015-P0088.txt,http://proceedings.mlr.press/v37/krichene15.pdf
ICML-2015-P0088,ICML-2015-A000258,Alexandre Bayen,numbered,no_viable_candidate,UNKNOWN,-1000,data/raw/icml/2015/first_pages/ICML-2015-P0088.txt,http://proceedings.mlr.press/v37/krichene15.pdf
ICML-2015-P0089,ICML-2015-A000259,David Belanger,stacked,no_viable_candidate,UNKNOWN,-1000,data/raw/icml/2015/first_pages/ICML-2015-P0089.txt,http://proceedings.mlr.press/v37/belanger15.pdf
ICML-2015-P0089,ICML-2015-A000260,Sham Kakade,stacked,no_viable_candidate,UNKNOWN,-1000,data/raw/icml/2015/first_pages/ICML-2015-P0089.txt,http://proceedings.mlr.press/v37/belanger15.pdf
ICML-2015-P0090,ICML-2015-A000261,Nitish Srivastava,numbered,no_viable_candidate,UNKNOWN,-1000,data/raw/icml/2015/first_pages/ICML-2015-P0090.txt,http://proceedings.mlr.press/v37/srivastava15.pdf
ICML-2015-P0090,ICML-2015-A000262,Elman Mansimov,numbered,no_viable_candidate,UNKNOWN,-1000,data/raw/icml/2015/first_pages/ICML-2015-P0090.txt,http://proceedings.mlr.press/v37/srivastava15.pdf
ICML-2015-P0090,ICML-2015-A000263,Ruslan Salakhudinov,numbered,no_viable_candidate,UNKNOWN,-1000,data/raw/icml/2015/first_pages/ICML-2015-P0090.txt,http://proceedings.mlr.press/v37/srivastava15.pdf
ICML-2015-P0091,ICML-2015-A000264,Tao Sun,numbered,no_viable_candidate,UNKNOWN,-1000,data/raw/icml/2015/first_pages/ICML-2015-P0091.txt,http://proceedings.mlr.press/v37/sunc15.pdf
ICML-2015-P0091,ICML-2015-A000265,Dan Sheldon,numbered,no_viable_candidate,UNKNOWN,-1000,data/raw/icml/2015/first_pages/ICML-2015-P0091.txt,http://proceedings.mlr.press/v37/sunc15.pdf
ICML-2015-P0091,ICML-2015-A000266,Akshat Kumar,numbered,no_viable_candidate,UNKNOWN,-1000,data/raw/icml/2015/first_pages/ICML-2015-P0091.txt,http://proceedings.mlr.press/v37/sunc15.pdf
ICML-2015-P0092,ICML-2015-A000267,Yining Wang,stacked,no_viable_candidate,UNKNOWN,-1000,data/raw/icml/2015/first_pages/ICML-2015-P0092.txt,http://proceedings.mlr.press/v37/wanga15.pdf
ICML-2015-P0092,ICML-2015-A000268,Jun Zhu,stacked,no_viable_candidate,UNKNOWN,-1000,data/raw/icml/2015/first_pages/ICML-2015-P0092.txt,http://proceedings.mlr.press/v37/wanga15.pdf
ICML-2015-P0093,ICML-2015-A000269,Xinran He,numbered,no_viable_candidate,UNKNOWN,-1000,data/raw/icml/2015/first_pages/ICML-2015-P0093.txt,http://proceedings.mlr.press/v37/he15.pdf
ICML-2015-P0093,ICML-2015-A000270,Theodoros Rekatsinas,numbered,no_viable_candidate,UNKNOWN,-1000,data/raw/icml/2015/first_pages/ICML-2015-P0093.txt,http://proceedings.mlr.press/v37/he15.pdf
ICML-2015-P0093,ICML-2015-A000271,James Foulds,numbered,no_viable_candidate,UNKNOWN,-1000,data/raw/icml/2015/first_pages/ICML-2015-P0093.txt,http://proceedings.mlr.press/v37/he15.pdf
ICML-2015-P0093,ICML-2015-A000272,Lise Getoor,numbered,no_viable_candidate,UNKNOWN,-1000,data/raw/icml/2015/first_pages/ICML-2015-P0093.txt,http://proceedings.mlr.press/v37/he15.pdf
ICML-2015-P0093,ICML-2015-A000273,Yan Liu,numbered,no_viable_candidate,UNKNOWN,-1000,data/raw/icml/2015/first_pages/ICML-2015-P0093.txt,http://proceedings.mlr.press/v37/he15.pdf
ICML-2015-P0094,ICML-2015-A000274,Mathieu Germain,stacked,best_scoring_candidate,"Université de Sherbrooke, Canada",2,data/raw/icml/2015/first_pages/ICML-2015-P0094.txt,http://proceedings.mlr.press/v37/germain15.pdf
ICML-2015-P0094,ICML-2015-A000275,Karol Gregor,stacked,best_scoring_candidate,Google DeepMind,2,data/raw/icml/2015/first_pages/ICML-2015-P0094.txt,http://proceedings.mlr.press/v37/germain15.pdf
ICML-2015-P0094,ICML-2015-A000276,Iain Murray,stacked,no_viable_candidate,UNKNOWN,-1000,data/raw/icml/2015/first_pages/ICML-2015-P0094.txt,http://proceedings.mlr.press/v37/germain15.pdf
ICML-2015-P0094,ICML-2015-A000277,Hugo Larochelle,stacked,no_viable_candidate,UNKNOWN,-1000,data/raw/icml/2015/first_pages/ICML-2015-P0094.txt,http://proceedings.mlr.press/v37/germain15.pdf
ICML-2015-P0095,ICML-2015-A000278,Yuanbin Wu,stacked,no_viable_candidate,UNKNOWN,-1000,data/raw/icml/2015/first_pages/ICML-2015-P0095.txt,http://proceedings.mlr.press/v37/wua15.pdf
ICML-2015-P0095,ICML-2015-A000279,Shiliang Sun,stacked,no_viable_candidate,UNKNOWN,-1000,data/raw/icml/2015/first_pages/ICML-2015-P0095.txt,http://proceedings.mlr.press/v37/wua15.pdf
ICML-2015-P0096,ICML-2015-A000280,Georgios Papachristoudis,stacked,no_viable_candidate,UNKNOWN,-1000,data/raw/icml/2015/first_pages/ICML-2015-P0096.txt,http://proceedings.mlr.press/v37/papachristoudis15.pdf
ICML-2015-P0096,ICML-2015-A000281,John Fisher,stacked,no_viable_candidate,UNKNOWN,-1000,data/raw/icml/2015/first_pages/ICML-2015-P0096.txt,http://proceedings.mlr.press/v37/papachristoudis15.pdf
ICML-2015-P0097,ICML-2015-A000282,Insu Han,stacked,no_viable_candidate,UNKNOWN,-1000,data/raw/icml/2015/first_pages/ICML-2015-P0097.txt,http://proceedings.mlr.press/v37/hana15.pdf
ICML-2015-P0097,ICML-2015-A000283,Dmitry Malioutov,stacked,no_viable_candidate,UNKNOWN,-1000,data/raw/icml/2015/first_pages/ICML-2015-P0097.txt,http://proceedings.mlr.press/v37/hana15.pdf
ICML-2015-P0097,ICML-2015-A000284,Jinwoo Shin,stacked,no_viable_candidate,UNKNOWN,-1000,data/raw/icml/2015/first_pages/ICML-2015-P0097.txt,http://proceedings.mlr.press/v37/hana15.pdf
ICML-2015-P0098,ICML-2015-A000285,Matt Kusner,numbered,no_viable_candidate,UNKNOWN,-1000,data/raw/icml/2015/first_pages/ICML-2015-P0098.txt,http://proceedings.mlr.press/v37/kusnera15.pdf
ICML-2015-P0098,ICML-2015-A000286,Jacob Gardner,numbered,no_viable_candidate,UNKNOWN,-1000,data/raw/icml/2015/first_pages/ICML-2015-P0098.txt,http://proceedings.mlr.press/v37/kusnera15.pdf
ICML-2015-P0098,ICML-2015-A000287,Roman Garnett,numbered,no_viable_candidate,UNKNOWN,-1000,data/raw/icml/2015/first_pages/ICML-2015-P0098.txt,http://proceedings.mlr.press/v37/kusnera15.pdf
ICML-2015-P0098,ICML-2015-A000288,Kilian Weinberger,numbered,no_viable_candidate,UNKNOWN,-1000,data/raw/icml/2015/first_pages/ICML-2015-P0098.txt,http://proceedings.mlr.press/v37/kusnera15.pdf
ICML-2015-P0099,ICML-2015-A000289,Chinmay Hegde,symbol,no_viable_candidate,UNKNOWN,-1000,data/raw/icml/2015/first_pages/ICML-2015-P0099.txt,http://proceedings.mlr.press/v37/hegde15.pdf
ICML-2015-P0099,ICML-2015-A000290,Piotr Indyk,symbol,no_viable_candidate,UNKNOWN,-1000,data/raw/icml/2015/first_pages/ICML-2015-P0099.txt,http://proceedings.mlr.press/v37/hegde15.pdf
ICML-2015-P0099,ICML-2015-A000291,Ludwig Schmidt,symbol,no_viable_candidate,UNKNOWN,-1000,data/raw/icml/2015/first_pages/ICML-2015-P0099.txt,http://proceedings.mlr.press/v37/hegde15.pdf
ICML-2015-P0100,ICML-2015-A000292,Luo Luo,stacked,no_viable_candidate,UNKNOWN,-1000,data/raw/icml/2015/first_pages/ICML-2015-P0100.txt,http://proceedings.mlr.press/v37/luo15.pdf
ICML-2015-P0100,ICML-2015-A000293,Yubo Xie,stacked,no_viable_candidate,UNKNOWN,-1000,data/raw/icml/2015/first_pages/ICML-2015-P0100.txt,http://proceedings.mlr.press/v37/luo15.pdf
ICML-2015-P0100,ICML-2015-A000294,Zhihua Zhang,stacked,no_viable_candidate,UNKNOWN,-1000,data/raw/icml/2015/first_pages/ICML-2015-P0100.txt,http://proceedings.mlr.press/v37/luo15.pdf
ICML-2015-P0100,ICML-2015-A000295,Wu-Jun Li,stacked,no_viable_candidate,UNKNOWN,-1000,data/raw/icml/2015/first_pages/ICML-2015-P0100.txt,http://proceedings.mlr.press/v37/luo15.pdf
ICML-2015-P0101,ICML-2015-A000296,Richard Nock,symbol,no_viable_candidate,UNKNOWN,-1000,data/raw/icml/2015/first_pages/ICML-2015-P0101.txt,http://proceedings.mlr.press/v37/nock15.pdf
ICML-2015-P0101,ICML-2015-A000297,Giorgio Patrini,symbol,no_viable_candidate,UNKNOWN,-1000,data/raw/icml/2015/first_pages/ICML-2015-P0101.txt,http://proceedings.mlr.press/v37/nock15.pdf
ICML-2015-P0101,ICML-2015-A000298,Arik Friedman,symbol,no_viable_candidate,UNKNOWN,-1000,data/raw/icml/2015/first_pages/ICML-2015-P0101.txt,http://proceedings.mlr.press/v37/nock15.pdf
ICML-2015-P0102,ICML-2015-A000299,Matt Kusner,numbered,no_viable_candidate,UNKNOWN,-1000,data/raw/icml/2015/first_pages/ICML-2015-P0102.txt,http://proceedings.mlr.press/v37/kusnerb15.pdf
ICML-2015-P0102,ICML-2015-A000300,Yu Sun,numbered,no_viable_candidate,UNKNOWN,-1000,data/raw/icml/2015/first_pages/ICML-2015-P0102.txt,http://proceedings.mlr.press/v37/kusnerb15.pdf
ICML-2015-P0102,ICML-2015-A000301,Nicholas Kolkin,numbered,no_viable_candidate,UNKNOWN,-1000,data/raw/icml/2015/first_pages/ICML-2015-P0102.txt,http://proceedings.mlr.press/v37/kusnerb15.pdf
ICML-2015-P0102,ICML-2015-A000302,Kilian Weinberger,numbered,no_viable_candidate,UNKNOWN,-1000,data/raw/icml/2015/first_pages/ICML-2015-P0102.txt,http://proceedings.mlr.press/v37/kusnerb15.pdf
ICML-2015-P0103,ICML-2015-A000303,Taddy Matthew,stacked,no_viable_candidate,UNKNOWN,-1000,data/raw/icml/2015/first_pages/ICML-2015-P0103.txt,http://proceedings.mlr.press/v37/matthew15.pdf
ICML-2015-P0103,ICML-2015-A000304,Chun-Sheng Chen,stacked,no_viable_candidate,UNKNOWN,-1000,data/raw/icml/2015/first_pages/ICML-2015-P0103.txt,http://proceedings.mlr.press/v37/matthew15.pdf
ICML-2015-P0103,ICML-2015-A000305,Jun Yu,stacked,no_viable_candidate,UNKNOWN,-1000,data/raw/icml/2015/first_pages/ICML-2015-P0103.txt,http://proceedings.mlr.press/v37/matthew15.pdf
ICML-2015-P0103,ICML-2015-A000306,Mitch Wyle,stacked,no_viable_candidate,UNKNOWN,-1000,data/raw/icml/2015/first_pages/ICML-2015-P0103.txt,http://proceedings.mlr.press/v37/matthew15.pdf
ICML-2015-P0104,ICML-2015-A000307,Jean Pouget-Abadie,stacked,no_viable_candidate,UNKNOWN,-1000,data/raw/icml/2015/first_pages/ICML-2015-P0104.txt,http://proceedings.mlr.press/v37/pouget-abadie15.pdf
ICML-2015-P0104,ICML-2015-A000308,Thibaut Horel,stacked,no_viable_candidate,UNKNOWN,-1000,data/raw/icml/2015/first_pages/ICML-2015-P0104.txt,http://proceedings.mlr.press/v37/pouget-abadie15.pdf
ICML-2015-P0105,ICML-2015-A000309,Ching-Pei Lee,numbered,no_viable_candidate,UNKNOWN,-1000,data/raw/icml/2015/first_pages/ICML-2015-P0105.txt,http://proceedings.mlr.press/v37/leea15.pdf
ICML-2015-P0105,ICML-2015-A000310,Dan Roth,numbered,no_viable_candidate,UNKNOWN,-1000,data/raw/icml/2015/first_pages/ICML-2015-P0105.txt,http://proceedings.mlr.press/v37/leea15.pdf
ICML-2015-P0106,ICML-2015-A000311,Yanan Sui,stacked,no_viable_candidate,UNKNOWN,-1000,data/raw/icml/2015/first_pages/ICML-2015-P0106.txt,http://proceedings.mlr.press/v37/sui15.pdf
ICML-2015-P0106,ICML-2015-A000312,Alkis Gotovos,stacked,no_viable_candidate,UNKNOWN,-1000,data/raw/icml/2015/first_pages/ICML-2015-P0106.txt,http://proceedings.mlr.press/v37/sui15.pdf
ICML-2015-P0106,ICML-2015-A000313,Joel Burdick,stacked,no_viable_candidate,UNKNOWN,-1000,data/raw/icml/2015/first_pages/ICML-2015-P0106.txt,http://proceedings.mlr.press/v37/sui15.pdf
ICML-2015-P0106,ICML-2015-A000314,Andreas Krause,stacked,no_viable_candidate,UNKNOWN,-1000,data/raw/icml/2015/first_pages/ICML-2015-P0106.txt,http://proceedings.mlr.press/v37/sui15.pdf
ICML-2015-P0107,ICML-2015-A000315,Avrim Blum,stacked,no_viable_candidate,UNKNOWN,-1000,data/raw/icml/2015/first_pages/ICML-2015-P0107.txt,http://proceedings.mlr.press/v37/blum15.pdf
ICML-2015-P0107,ICML-2015-A000316,Moritz Hardt,stacked,no_viable_candidate,UNKNOWN,-1000,data/raw/icml/2015/first_pages/ICML-2015-P0107.txt,http://proceedings.mlr.press/v37/blum15.pdf
ICML-2015-P0108,ICML-2015-A000317,Maurizio Filippone,stacked,no_viable_candidate,UNKNOWN,-1000,data/raw/icml/2015/first_pages/ICML-2015-P0108.txt,http://proceedings.mlr.press/v37/filippone15.pdf
ICML-2015-P0108,ICML-2015-A000318,Raphael Engler,stacked,no_viable_candidate,UNKNOWN,-1000,data/raw/icml/2015/first_pages/ICML-2015-P0108.txt,http://proceedings.mlr.press/v37/filippone15.pdf
ICML-2015-P0109,ICML-2015-A000319,Roman Garnett,numbered,no_viable_candidate,UNKNOWN,-1000,data/raw/icml/2015/first_pages/ICML-2015-P0109.txt,http://proceedings.mlr.press/v37/garnett15.pdf
ICML-2015-P0109,ICML-2015-A000320,Shirley Ho,numbered,no_viable_candidate,UNKNOWN,-1000,data/raw/icml/2015/first_pages/ICML-2015-P0109.txt,http://proceedings.mlr.press/v37/garnett15.pdf
ICML-2015-P0109,ICML-2015-A000321,Jeff Schneider,numbered,no_viable_candidate,UNKNOWN,-1000,data/raw/icml/2015/first_pages/ICML-2015-P0109.txt,http://proceedings.mlr.press/v37/garnett15.pdf
ICML-2015-P0110,ICML-2015-A000322,Alon Cohen,stacked,no_viable_candidate,UNKNOWN,-1000,data/raw/icml/2015/first_pages/ICML-2015-P0110.txt,http://proceedings.mlr.press/v37/cohena15.pdf
ICML-2015-P0110,ICML-2015-A000323,Tamir Hazan,stacked,no_viable_candidate,UNKNOWN,-1000,data/raw/icml/2015/first_pages/ICML-2015-P0110.txt,http://proceedings.mlr.press/v37/cohena15.pdf
ICML-2015-P0111,ICML-2015-A000324,Jacob Steinhardt,symbol,no_viable_candidate,UNKNOWN,-1000,data/raw/icml/2015/first_pages/ICML-2015-P0111.txt,http://proceedings.mlr.press/v37/steinhardta15.pdf
ICML-2015-P0111,ICML-2015-A000325,Percy Liang,symbol,no_viable_candidate,UNKNOWN,-1000,data/raw/icml/2015/first_pages/ICML-2015-P0111.txt,http://proceedings.mlr.press/v37/steinhardta15.pdf
ICML-2015-P0112,ICML-2015-A000326,Yasin Abbasi-Yadkori,numbered,no_viable_candidate,UNKNOWN,-1000,data/raw/icml/2015/first_pages/ICML-2015-P0112.txt,http://proceedings.mlr.press/v37/abbasi-yadkori15.pdf
ICML-2015-P0112,ICML-2015-A000327,Peter Bartlett,numbered,no_viable_candidate,UNKNOWN,-1000,data/raw/icml/2015/first_pages/ICML-2015-P0112.txt,http://proceedings.mlr.press/v37/abbasi-yadkori15.pdf
ICML-2015-P0112,ICML-2015-A000328,Xi Chen,numbered,no_viable_candidate,UNKNOWN,-1000,data/raw/icml/2015/first_pages/ICML-2015-P0112.txt,http://proceedings.mlr.press/v37/abbasi-yadkori15.pdf
ICML-2015-P0112,ICML-2015-A000329,Alan Malek,numbered,no_viable_candidate,UNKNOWN,-1000,data/raw/icml/2015/first_pages/ICML-2015-P0112.txt,http://proceedings.mlr.press/v37/abbasi-yadkori15.pdf
ICML-2015-P0113,ICML-2015-A000330,Jacob Steinhardt,stacked,no_viable_candidate,UNKNOWN,-1000,data/raw/icml/2015/first_pages/ICML-2015-P0113.txt,http://proceedings.mlr.press/v37/steinhardtb15.pdf
ICML-2015-P0113,ICML-2015-A000331,Percy Liang,stacked,no_viable_candidate,UNKNOWN,-1000,data/raw/icml/2015/first_pages/ICML-2015-P0113.txt,http://proceedings.mlr.press/v37/steinhardtb15.pdf
ICML-2015-P0114,ICML-2015-A000332,Daniel Hernandez-Lobato,stacked,no_viable_candidate,UNKNOWN,-1000,data/raw/icml/2015/first_pages/ICML-2015-P0114.txt,http://proceedings.mlr.press/v37/hernandez-lobatoa15.pdf
ICML-2015-P0114,ICML-2015-A000333,Jose Miguel Hernandez-Lobato,stacked,no_viable_candidate,UNKNOWN,-1000,data/raw/icml/2015/first_pages/ICML-2015-P0114.txt,http://proceedings.mlr.press/v37/hernandez-lobatoa15.pdf
ICML-2015-P0114,ICML-2015-A000334,Zoubin Ghahramani,stacked,no_viable_candidate,UNKNOWN,-1000,data/raw/icml/2015/first_pages/ICML-2015-P0114.txt,http://proceedings.mlr.press/v37/hernandez-lobatoa15.pdf
ICML-2015-P0115,ICML-2015-A000335,Weiran Wang,stacked,no_viable_candidate,UNKNOWN,-1000,data/raw/icml/2015/first_pages/ICML-2015-P0115.txt,http://proceedings.mlr.press/v37/wangb15.pdf
ICML-2015-P0115,ICML-2015-A000336,Raman Arora,stacked,no_viable_candidate,UNKNOWN,-1000,data/raw/icml/2015/first_pages/ICML-2015-P0115.txt,http://proceedings.mlr.press/v37/wangb15.pdf
ICML-2015-P0115,ICML-2015-A000337,Karen Livescu,stacked,no_viable_candidate,UNKNOWN,-1000,data/raw/icml/2015/first_pages/ICML-2015-P0115.txt,http://proceedings.mlr.press/v37/wangb15.pdf
ICML-2015-P0115,ICML-2015-A000338,Jeff Bilmes,stacked,no_viable_candidate,UNKNOWN,-1000,data/raw/icml/2015/first_pages/ICML-2015-P0115.txt,http://proceedings.mlr.press/v37/wangb15.pdf
ICML-2015-P0116,ICML-2015-A000339,Chris Piech,stacked,no_viable_candidate,UNKNOWN,-1000,data/raw/icml/2015/first_pages/ICML-2015-P0116.txt,http://proceedings.mlr.press/v37/piech15.pdf
ICML-2015-P0116,ICML-2015-A000340,Jonathan Huang,stacked,no_viable_candidate,UNKNOWN,-1000,data/raw/icml/2015/first_pages/ICML-2015-P0116.txt,http://proceedings.mlr.press/v37/piech15.pdf
ICML-2015-P0116,ICML-2015-A000341,Andy Nguyen,stacked,no_viable_candidate,UNKNOWN,-1000,data/raw/icml/2015/first_pages/ICML-2015-P0116.txt,http://proceedings.mlr.press/v37/piech15.pdf
ICML-2015-P0116,ICML-2015-A000342,Mike Phulsuksombati,stacked,no_viable_candidate,UNKNOWN,-1000,data/raw/icml/2015/first_pages/ICML-2015-P0116.txt,http://proceedings.mlr.press/v37/piech15.pdf
ICML-2015-P0116,ICML-2015-A000343,Mehran Sahami,stacked,no_viable_candidate,UNKNOWN,-1000,data/raw/icml/2015/first_pages/ICML-2015-P0116.txt,http://proceedings.mlr.press/v37/piech15.pdf
ICML-2015-P0116,ICML-2015-A000344,Leonidas Guibas,stacked,no_viable_candidate,UNKNOWN,-1000,data/raw/icml/2015/first_pages/ICML-2015-P0116.txt,http://proceedings.mlr.press/v37/piech15.pdf
ICML-2015-P0117,ICML-2015-A000345,Qiang Zhou,symbol,no_viable_candidate,UNKNOWN,-1000,data/raw/icml/2015/first_pages/ICML-2015-P0117.txt,http://proceedings.mlr.press/v37/zhoua15.pdf
ICML-2015-P0117,ICML-2015-A000346,Qi Zhao,symbol,no_viable_candidate,UNKNOWN,-1000,data/raw/icml/2015/first_pages/ICML-2015-P0117.txt,http://proceedings.mlr.press/v37/zhoua15.pdf
ICML-2015-P0118,ICML-2015-A000347,Zheng Wen,stacked,complete_stacked_variant,"Yahoo Labs, Sunnyvale, CA",2,data/raw/icml/2015/first_pages/ICML-2015-P0118.txt,http://proceedings.mlr.press/v37/wen15.pdf
ICML-2015-P0118,ICML-2015-A000348,Branislav Kveton,stacked,complete_stacked_variant,"Adobe Research, San Jose, CA",2,data/raw/icml/2015/first_pages/ICML-2015-P0118.txt,http://proceedings.mlr.press/v37/wen15.pdf
ICML-2015-P0118,ICML-2015-A000349,Azin Ashkan,stacked,complete_stacked_variant,"Technicolor Research, Los Altos, CA",2,data/raw/icml/2015/first_pages/ICML-2015-P0118.txt,http://proceedings.mlr.press/v37/wen15.pdf
ICML-2015-P0119,ICML-2015-A000350,Andre Manoel,numbered,no_viable_candidate,UNKNOWN,-1000,data/raw/icml/2015/first_pages/ICML-2015-P0119.txt,http://proceedings.mlr.press/v37/manoel15.pdf
ICML-2015-P0119,ICML-2015-A000351,Florent Krzakala,numbered,no_viable_candidate,UNKNOWN,-1000,data/raw/icml/2015/first_pages/ICML-2015-P0119.txt,http://proceedings.mlr.press/v37/manoel15.pdf
ICML-2015-P0119,ICML-2015-A000352,Eric Tramel,numbered,no_viable_candidate,UNKNOWN,-1000,data/raw/icml/2015/first_pages/ICML-2015-P0119.txt,http://proceedings.mlr.press/v37/manoel15.pdf
ICML-2015-P0119,ICML-2015-A000353,Lenka Zdeborovà,numbered,no_viable_candidate,UNKNOWN,-1000,data/raw/icml/2015/first_pages/ICML-2015-P0119.txt,http://proceedings.mlr.press/v37/manoel15.pdf
ICML-2015-P0120,ICML-2015-A000354,Alexandra Carpentier,symbol,no_viable_candidate,UNKNOWN,-1000,data/raw/icml/2015/first_pages/ICML-2015-P0120.txt,http://proceedings.mlr.press/v37/carpentier15.pdf
ICML-2015-P0120,ICML-2015-A000355,Michal Valko,symbol,no_viable_candidate,UNKNOWN,-1000,data/raw/icml/2015/first_pages/ICML-2015-P0120.txt,http://proceedings.mlr.press/v37/carpentier15.pdf
ICML-2015-P0121,ICML-2015-A000356,Wei-Lun Chao,numbered,no_viable_candidate,UNKNOWN,-1000,data/raw/icml/2015/first_pages/ICML-2015-P0121.txt,http://proceedings.mlr.press/v37/chao15.pdf
ICML-2015-P0121,ICML-2015-A000357,Justin Solomon,numbered,no_viable_candidate,UNKNOWN,-1000,data/raw/icml/2015/first_pages/ICML-2015-P0121.txt,http://proceedings.mlr.press/v37/chao15.pdf
ICML-2015-P0121,ICML-2015-A000358,Dominik Michels,numbered,no_viable_candidate,UNKNOWN,-1000,data/raw/icml/2015/first_pages/ICML-2015-P0121.txt,http://proceedings.mlr.press/v37/chao15.pdf
ICML-2015-P0121,ICML-2015-A000359,Fei Sha,numbered,no_viable_candidate,UNKNOWN,-1000,data/raw/icml/2015/first_pages/ICML-2015-P0121.txt,http://proceedings.mlr.press/v37/chao15.pdf
ICML-2015-P0122,ICML-2015-A000360,Junpei Komiyama,stacked,no_viable_candidate,UNKNOWN,-1000,data/raw/icml/2015/first_pages/ICML-2015-P0122.txt,http://proceedings.mlr.press/v37/komiyama15.pdf
ICML-2015-P0122,ICML-2015-A000361,Junya Honda,stacked,no_viable_candidate,UNKNOWN,-1000,data/raw/icml/2015/first_pages/ICML-2015-P0122.txt,http://proceedings.mlr.press/v37/komiyama15.pdf
ICML-2015-P0122,ICML-2015-A000362,Hiroshi Nakagawa,stacked,no_viable_candidate,UNKNOWN,-1000,data/raw/icml/2015/first_pages/ICML-2015-P0122.txt,http://proceedings.mlr.press/v37/komiyama15.pdf
ICML-2015-P0123,ICML-2015-A000363,Mike Izbicki,stacked,no_viable_candidate,UNKNOWN,-1000,data/raw/icml/2015/first_pages/ICML-2015-P0123.txt,http://proceedings.mlr.press/v37/izbicki15.pdf
ICML-2015-P0123,ICML-2015-A000364,Christian Shelton,stacked,no_viable_candidate,UNKNOWN,-1000,data/raw/icml/2015/first_pages/ICML-2015-P0123.txt,http://proceedings.mlr.press/v37/izbicki15.pdf
ICML-2015-P0124,ICML-2015-A000365,Tyler Johnson,stacked,no_viable_candidate,UNKNOWN,-1000,data/raw/icml/2015/first_pages/ICML-2015-P0124.txt,http://proceedings.mlr.press/v37/johnson15.pdf
ICML-2015-P0124,ICML-2015-A000366,Carlos Guestrin,stacked,no_viable_candidate,UNKNOWN,-1000,data/raw/icml/2015/first_pages/ICML-2015-P0124.txt,http://proceedings.mlr.press/v37/johnson15.pdf
ICML-2015-P0125,ICML-2015-A000367,Yaroslav Ganin,stacked,no_viable_candidate,UNKNOWN,-1000,data/raw/icml/2015/first_pages/ICML-2015-P0125.txt,http://proceedings.mlr.press/v37/ganin15.pdf
ICML-2015-P0125,ICML-2015-A000368,Victor Lempitsky,stacked,no_viable_candidate,UNKNOWN,-1000,data/raw/icml/2015/first_pages/ICML-2015-P0125.txt,http://proceedings.mlr.press/v37/ganin15.pdf
ICML-2015-P0126,ICML-2015-A000369,Yan-Fu Liu,numbered,no_viable_candidate,UNKNOWN,-1000,data/raw/icml/2015/first_pages/ICML-2015-P0126.txt,http://proceedings.mlr.press/v37/liua15.pdf
ICML-2015-P0126,ICML-2015-A000370,Cheng-Yu Hsu,numbered,no_viable_candidate,UNKNOWN,-1000,data/raw/icml/2015/first_pages/ICML-2015-P0126.txt,http://proceedings.mlr.press/v37/liua15.pdf
ICML-2015-P0126,ICML-2015-A000371,Shan-Hung Wu,numbered,no_viable_candidate,UNKNOWN,-1000,data/raw/icml/2015/first_pages/ICML-2015-P0126.txt,http://proceedings.mlr.press/v37/liua15.pdf
ICML-2015-P0127,ICML-2015-A000372,Hyunwoo Kim,symbol,no_viable_candidate,UNKNOWN,-1000,data/raw/icml/2015/first_pages/ICML-2015-P0127.txt,http://proceedings.mlr.press/v37/kim15.pdf
ICML-2015-P0127,ICML-2015-A000373,Jia Xu,symbol,no_viable_candidate,UNKNOWN,-1000,data/raw/icml/2015/first_pages/ICML-2015-P0127.txt,http://proceedings.mlr.press/v37/kim15.pdf
ICML-2015-P0127,ICML-2015-A000374,Baba Vemuri,symbol,no_viable_candidate,UNKNOWN,-1000,data/raw/icml/2015/first_pages/ICML-2015-P0127.txt,http://proceedings.mlr.press/v37/kim15.pdf
ICML-2015-P0127,ICML-2015-A000375,Vikas Singh,stacked,best_scoring_candidate,"University of Wisconsin-Madison, Madison, WI , USA University of Florida, Gainesville, FL , USA",4,data/raw/icml/2015/first_pages/ICML-2015-P0127.txt,http://proceedings.mlr.press/v37/kim15.pdf
ICML-2015-P0128,ICML-2015-A000376,Yu Wang,symbol,best_scoring_candidate,"Computer Laboratory, University of Cambridge, Cambridge, UK",8,data/raw/icml/2015/first_pages/ICML-2015-P0128.txt,http://proceedings.mlr.press/v37/wangc15.pdf
ICML-2015-P0128,ICML-2015-A000377,David Wipf,symbol,best_scoring_candidate,"Microsoft Research, Beijing, China ♯ University of Science and Technology of China, Hefei, Anhui, China",8,data/raw/icml/2015/first_pages/ICML-2015-P0128.txt,http://proceedings.mlr.press/v37/wangc15.pdf
ICML-2015-P0128,ICML-2015-A000378,Qing Ling,symbol,no_viable_candidate,UNKNOWN,-1000,data/raw/icml/2015/first_pages/ICML-2015-P0128.txt,http://proceedings.mlr.press/v37/wangc15.pdf
ICML-2015-P0128,ICML-2015-A000379,Wei Chen,symbol,best_scoring_candidate,"Computer Laboratory, University of Cambridge, Cambridge, UK",8,data/raw/icml/2015/first_pages/ICML-2015-P0128.txt,http://proceedings.mlr.press/v37/wangc15.pdf
ICML-2015-P0128,ICML-2015-A000380,Ian Wassell,symbol,best_scoring_candidate,"Computer Laboratory, University of Cambridge, Cambridge, UK",8,data/raw/icml/2015/first_pages/ICML-2015-P0128.txt,http://proceedings.mlr.press/v37/wangc15.pdf
ICML-2015-P0129,ICML-2015-A000381,Tim Salimans,stacked,no_viable_candidate,UNKNOWN,-1000,data/raw/icml/2015/first_pages/ICML-2015-P0129.txt,http://proceedings.mlr.press/v37/salimans15.pdf
ICML-2015-P0129,ICML-2015-A000382,Diederik Kingma,stacked,no_viable_candidate,UNKNOWN,-1000,data/raw/icml/2015/first_pages/ICML-2015-P0129.txt,http://proceedings.mlr.press/v37/salimans15.pdf
ICML-2015-P0129,ICML-2015-A000383,Max Welling,stacked,no_viable_candidate,UNKNOWN,-1000,data/raw/icml/2015/first_pages/ICML-2015-P0129.txt,http://proceedings.mlr.press/v37/salimans15.pdf
ICML-2015-P0130,ICML-2015-A000384,Chunchen Liu,symbol,no_viable_candidate,UNKNOWN,-1000,data/raw/icml/2015/first_pages/ICML-2015-P0130.txt,http://proceedings.mlr.press/v37/liub15.pdf
ICML-2015-P0130,ICML-2015-A000385,Lu Feng,stacked,best_scoring_candidate,NEC Laboratories China,4,data/raw/icml/2015/first_pages/ICML-2015-P0130.txt,http://proceedings.mlr.press/v37/liub15.pdf
ICML-2015-P0130,ICML-2015-A000386,Ryohei Fujimaki,symbol,no_viable_candidate,UNKNOWN,-1000,data/raw/icml/2015/first_pages/ICML-2015-P0130.txt,http://proceedings.mlr.press/v37/liub15.pdf
ICML-2015-P0130,ICML-2015-A000387,Yusuke Muraoka,stacked,best_scoring_candidate,NEC Knowledge Discovery Research Laboratories,4,data/raw/icml/2015/first_pages/ICML-2015-P0130.txt,http://proceedings.mlr.press/v37/liub15.pdf
ICML-2015-P0131,ICML-2015-A000388,Rafael Barbosa,numbered,no_viable_candidate,UNKNOWN,-1000,data/raw/icml/2015/first_pages/ICML-2015-P0131.txt,http://proceedings.mlr.press/v37/barbosa15.pdf
ICML-2015-P0131,ICML-2015-A000389,Alina Ene,numbered,no_viable_candidate,UNKNOWN,-1000,data/raw/icml/2015/first_pages/ICML-2015-P0131.txt,http://proceedings.mlr.press/v37/barbosa15.pdf
ICML-2015-P0131,ICML-2015-A000390,Huy Nguyen,numbered,no_viable_candidate,UNKNOWN,-1000,data/raw/icml/2015/first_pages/ICML-2015-P0131.txt,http://proceedings.mlr.press/v37/barbosa15.pdf
ICML-2015-P0131,ICML-2015-A000391,Justin Ward,numbered,no_viable_candidate,UNKNOWN,-1000,data/raw/icml/2015/first_pages/ICML-2015-P0131.txt,http://proceedings.mlr.press/v37/barbosa15.pdf
ICML-2015-P0132,ICML-2015-A000392,Ralf Eggeling,stacked,no_viable_candidate,UNKNOWN,-1000,data/raw/icml/2015/first_pages/ICML-2015-P0132.txt,http://proceedings.mlr.press/v37/eggeling15.pdf
ICML-2015-P0132,ICML-2015-A000393,Mikko Koivisto,stacked,no_viable_candidate,UNKNOWN,-1000,data/raw/icml/2015/first_pages/ICML-2015-P0132.txt,http://proceedings.mlr.press/v37/eggeling15.pdf
ICML-2015-P0132,ICML-2015-A000394,Ivo Grosse,stacked,no_viable_candidate,UNKNOWN,-1000,data/raw/icml/2015/first_pages/ICML-2015-P0132.txt,http://proceedings.mlr.press/v37/eggeling15.pdf
ICML-2015-P0133,ICML-2015-A000395,Xin Yuan,symbol,no_viable_candidate,UNKNOWN,-1000,data/raw/icml/2015/first_pages/ICML-2015-P0133.txt,http://proceedings.mlr.press/v37/yuan15.pdf
ICML-2015-P0133,ICML-2015-A000396,Ricardo Henao,symbol,no_viable_candidate,UNKNOWN,-1000,data/raw/icml/2015/first_pages/ICML-2015-P0133.txt,http://proceedings.mlr.press/v37/yuan15.pdf
ICML-2015-P0133,ICML-2015-A000397,Ephraim Tsalik,symbol,no_viable_candidate,UNKNOWN,-1000,data/raw/icml/2015/first_pages/ICML-2015-P0133.txt,http://proceedings.mlr.press/v37/yuan15.pdf
ICML-2015-P0133,ICML-2015-A000398,Raymond Langley,symbol,no_viable_candidate,UNKNOWN,-1000,data/raw/icml/2015/first_pages/ICML-2015-P0133.txt,http://proceedings.mlr.press/v37/yuan15.pdf
ICML-2015-P0133,ICML-2015-A000399,Lawrence Carin,symbol,no_viable_candidate,UNKNOWN,-1000,data/raw/icml/2015/first_pages/ICML-2015-P0133.txt,http://proceedings.mlr.press/v37/yuan15.pdf
ICML-2015-P0134,ICML-2015-A000400,Alessio Benavoli,stacked,no_viable_candidate,UNKNOWN,-1000,data/raw/icml/2015/first_pages/ICML-2015-P0134.txt,http://proceedings.mlr.press/v37/benavoli15.pdf
ICML-2015-P0134,ICML-2015-A000401,Giorgio Corani,stacked,no_viable_candidate,UNKNOWN,-1000,data/raw/icml/2015/first_pages/ICML-2015-P0134.txt,http://proceedings.mlr.press/v37/benavoli15.pdf
ICML-2015-P0134,ICML-2015-A000402,Francesca Mangili,stacked,no_viable_candidate,UNKNOWN,-1000,data/raw/icml/2015/first_pages/ICML-2015-P0134.txt,http://proceedings.mlr.press/v37/benavoli15.pdf
ICML-2015-P0134,ICML-2015-A000403,Marco Zaffalon,stacked,no_viable_candidate,UNKNOWN,-1000,data/raw/icml/2015/first_pages/ICML-2015-P0134.txt,http://proceedings.mlr.press/v37/benavoli15.pdf
ICML-2015-P0135,ICML-2015-A000404,Taiji Suzuki,symbol,no_viable_candidate,UNKNOWN,-1000,data/raw/icml/2015/first_pages/ICML-2015-P0135.txt,http://proceedings.mlr.press/v37/suzuki15.pdf
ICML-2015-P0136,ICML-2015-A000405,Yifan Wu,numbered,no_viable_candidate,UNKNOWN,-1000,data/raw/icml/2015/first_pages/ICML-2015-P0136.txt,http://proceedings.mlr.press/v37/wub15.pdf
ICML-2015-P0136,ICML-2015-A000406,Andras Gyorgy,numbered,no_viable_candidate,UNKNOWN,-1000,data/raw/icml/2015/first_pages/ICML-2015-P0136.txt,http://proceedings.mlr.press/v37/wub15.pdf
ICML-2015-P0136,ICML-2015-A000407,Csaba Szepesvari,numbered,no_viable_candidate,UNKNOWN,-1000,data/raw/icml/2015/first_pages/ICML-2015-P0136.txt,http://proceedings.mlr.press/v37/wub15.pdf
ICML-2015-P0137,ICML-2015-A000408,Christian Naesseth,numbered,no_viable_candidate,UNKNOWN,-1000,data/raw/icml/2015/first_pages/ICML-2015-P0137.txt,http://proceedings.mlr.press/v37/naesseth15.pdf
ICML-2015-P0137,ICML-2015-A000409,Fredrik Lindsten,numbered,no_viable_candidate,UNKNOWN,-1000,data/raw/icml/2015/first_pages/ICML-2015-P0137.txt,http://proceedings.mlr.press/v37/naesseth15.pdf
ICML-2015-P0137,ICML-2015-A000410,Thomas Schon,numbered,no_viable_candidate,UNKNOWN,-1000,data/raw/icml/2015/first_pages/ICML-2015-P0137.txt,http://proceedings.mlr.press/v37/naesseth15.pdf
ICML-2015-P0138,ICML-2015-A000411,Rishit Sheth,numbered,no_viable_candidate,UNKNOWN,-1000,data/raw/icml/2015/first_pages/ICML-2015-P0138.txt,http://proceedings.mlr.press/v37/sheth15.pdf
ICML-2015-P0138,ICML-2015-A000412,Yuyang Wang,numbered,no_viable_candidate,UNKNOWN,-1000,data/raw/icml/2015/first_pages/ICML-2015-P0138.txt,http://proceedings.mlr.press/v37/sheth15.pdf
ICML-2015-P0138,ICML-2015-A000413,Roni Khardon,numbered,no_viable_candidate,UNKNOWN,-1000,data/raw/icml/2015/first_pages/ICML-2015-P0138.txt,http://proceedings.mlr.press/v37/sheth15.pdf
ICML-2015-P0139,ICML-2015-A000414,Tom Schaul,numbered,no_viable_candidate,UNKNOWN,-1000,data/raw/icml/2015/first_pages/ICML-2015-P0139.txt,http://proceedings.mlr.press/v37/schaul15.pdf
ICML-2015-P0139,ICML-2015-A000415,Daniel Horgan,numbered,no_viable_candidate,UNKNOWN,-1000,data/raw/icml/2015/first_pages/ICML-2015-P0139.txt,http://proceedings.mlr.press/v37/schaul15.pdf
ICML-2015-P0139,ICML-2015-A000416,Karol Gregor,numbered,no_viable_candidate,UNKNOWN,-1000,data/raw/icml/2015/first_pages/ICML-2015-P0139.txt,http://proceedings.mlr.press/v37/schaul15.pdf
ICML-2015-P0139,ICML-2015-A000417,David Silver,stacked,best_scoring_candidate,"Google DeepMind, New Street Square, EC4A 3TW London",2,data/raw/icml/2015/first_pages/ICML-2015-P0139.txt,http://proceedings.mlr.press/v37/schaul15.pdf
ICML-2015-P0140,ICML-2015-A000418,Julien Perolat,stacked,no_viable_candidate,UNKNOWN,-1000,data/raw/icml/2015/first_pages/ICML-2015-P0140.txt,http://proceedings.mlr.press/v37/perolat15.pdf
ICML-2015-P0140,ICML-2015-A000419,Bruno Scherrer,stacked,no_viable_candidate,UNKNOWN,-1000,data/raw/icml/2015/first_pages/ICML-2015-P0140.txt,http://proceedings.mlr.press/v37/perolat15.pdf
ICML-2015-P0140,ICML-2015-A000420,Bilal Piot,stacked,no_viable_candidate,UNKNOWN,-1000,data/raw/icml/2015/first_pages/ICML-2015-P0140.txt,http://proceedings.mlr.press/v37/perolat15.pdf
ICML-2015-P0140,ICML-2015-A000421,Olivier Pietquin,stacked,no_viable_candidate,UNKNOWN,-1000,data/raw/icml/2015/first_pages/ICML-2015-P0140.txt,http://proceedings.mlr.press/v37/perolat15.pdf
ICML-2015-P0141,ICML-2015-A000422,Dravyansh Sharma,stacked,no_viable_candidate,UNKNOWN,-1000,data/raw/icml/2015/first_pages/ICML-2015-P0141.txt,http://proceedings.mlr.press/v37/sharma15.pdf
ICML-2015-P0141,ICML-2015-A000423,Ashish Kapoor,stacked,no_viable_candidate,UNKNOWN,-1000,data/raw/icml/2015/first_pages/ICML-2015-P0141.txt,http://proceedings.mlr.press/v37/sharma15.pdf
ICML-2015-P0141,ICML-2015-A000424,Amit Deshpande,stacked,no_viable_candidate,UNKNOWN,-1000,data/raw/icml/2015/first_pages/ICML-2015-P0141.txt,http://proceedings.mlr.press/v37/sharma15.pdf
ICML-2015-P0142,ICML-2015-A000425,Yi Wang,shared,complete_shared_variant,from the same university are more likely to become friends,2,data/raw/icml/2015/first_pages/ICML-2015-P0142.txt,http://proceedings.mlr.press/v37/wangd15.pdf
ICML-2015-P0142,ICML-2015-A000426,Bin Li,shared,complete_shared_variant,from the same university are more likely to become friends,2,data/raw/icml/2015/first_pages/ICML-2015-P0142.txt,http://proceedings.mlr.press/v37/wangd15.pdf
ICML-2015-P0142,ICML-2015-A000427,Yang Wang,shared,complete_shared_variant,from the same university are more likely to become friends,2,data/raw/icml/2015/first_pages/ICML-2015-P0142.txt,http://proceedings.mlr.press/v37/wangd15.pdf
ICML-2015-P0142,ICML-2015-A000428,Fang Chen,shared,complete_shared_variant,from the same university are more likely to become friends,2,data/raw/icml/2015/first_pages/ICML-2015-P0142.txt,http://proceedings.mlr.press/v37/wangd15.pdf
ICML-2015-P0143,ICML-2015-A000429,Xiaojun Chang,stacked,no_viable_candidate,UNKNOWN,-1000,data/raw/icml/2015/first_pages/ICML-2015-P0143.txt,http://proceedings.mlr.press/v37/changa15.pdf
ICML-2015-P0143,ICML-2015-A000430,Yi Yang,stacked,no_viable_candidate,UNKNOWN,-1000,data/raw/icml/2015/first_pages/ICML-2015-P0143.txt,http://proceedings.mlr.press/v37/changa15.pdf
ICML-2015-P0143,ICML-2015-A000431,Eric Xing,stacked,no_viable_candidate,UNKNOWN,-1000,data/raw/icml/2015/first_pages/ICML-2015-P0143.txt,http://proceedings.mlr.press/v37/changa15.pdf
ICML-2015-P0143,ICML-2015-A000432,Yaoliang Yu,stacked,no_viable_candidate,UNKNOWN,-1000,data/raw/icml/2015/first_pages/ICML-2015-P0143.txt,http://proceedings.mlr.press/v37/changa15.pdf
ICML-2015-P0144,ICML-2015-A000433,Kohei Hayashi,stacked,no_viable_candidate,UNKNOWN,-1000,data/raw/icml/2015/first_pages/ICML-2015-P0144.txt,http://proceedings.mlr.press/v37/hayashi15.pdf
ICML-2015-P0144,ICML-2015-A000434,Shin-ichi Maeda,stacked,no_viable_candidate,UNKNOWN,-1000,data/raw/icml/2015/first_pages/ICML-2015-P0144.txt,http://proceedings.mlr.press/v37/hayashi15.pdf
ICML-2015-P0144,ICML-2015-A000435,Ryohei Fujimaki,stacked,no_viable_candidate,UNKNOWN,-1000,data/raw/icml/2015/first_pages/ICML-2015-P0144.txt,http://proceedings.mlr.press/v37/hayashi15.pdf
ICML-2015-P0145,ICML-2015-A000436,Woosang Lim,stacked,best_scoring_candidate,"School of Computing, KAIST, Daejeon, Korea",6,data/raw/icml/2015/first_pages/ICML-2015-P0145.txt,http://proceedings.mlr.press/v37/lima15.pdf
ICML-2015-P0145,ICML-2015-A000437,Minhwan Kim,stacked,best_scoring_candidate,"LG Electronics, Seoul, Korea",2,data/raw/icml/2015/first_pages/ICML-2015-P0145.txt,http://proceedings.mlr.press/v37/lima15.pdf
ICML-2015-P0145,ICML-2015-A000438,Haesun Park,stacked,no_viable_candidate,UNKNOWN,-1000,data/raw/icml/2015/first_pages/ICML-2015-P0145.txt,http://proceedings.mlr.press/v37/lima15.pdf
ICML-2015-P0145,ICML-2015-A000439,Kyomin Jung,stacked,no_viable_candidate,UNKNOWN,-1000,data/raw/icml/2015/first_pages/ICML-2015-P0145.txt,http://proceedings.mlr.press/v37/lima15.pdf
ICML-2015-P0146,ICML-2015-A000440,Peter Kairouz,stacked,no_viable_candidate,UNKNOWN,-1000,data/raw/icml/2015/first_pages/ICML-2015-P0146.txt,http://proceedings.mlr.press/v37/kairouz15.pdf
ICML-2015-P0146,ICML-2015-A000441,Sewoong Oh,stacked,no_viable_candidate,UNKNOWN,-1000,data/raw/icml/2015/first_pages/ICML-2015-P0146.txt,http://proceedings.mlr.press/v37/kairouz15.pdf
ICML-2015-P0146,ICML-2015-A000442,Pramod Viswanath,stacked,no_viable_candidate,UNKNOWN,-1000,data/raw/icml/2015/first_pages/ICML-2015-P0146.txt,http://proceedings.mlr.press/v37/kairouz15.pdf
ICML-2015-P0147,ICML-2015-A000443,Marthinus Du Plessis,numbered,no_viable_candidate,UNKNOWN,-1000,data/raw/icml/2015/first_pages/ICML-2015-P0147.txt,http://proceedings.mlr.press/v37/plessis15.pdf
ICML-2015-P0147,ICML-2015-A000444,Gang Niu,numbered,no_viable_candidate,UNKNOWN,-1000,data/raw/icml/2015/first_pages/ICML-2015-P0147.txt,http://proceedings.mlr.press/v37/plessis15.pdf
ICML-2015-P0147,ICML-2015-A000445,Masashi Sugiyama,numbered,no_viable_candidate,UNKNOWN,-1000,data/raw/icml/2015/first_pages/ICML-2015-P0147.txt,http://proceedings.mlr.press/v37/plessis15.pdf
ICML-2015-P0148,ICML-2015-A000446,Atsushi Miyauchi,stacked,no_viable_candidate,UNKNOWN,-1000,data/raw/icml/2015/first_pages/ICML-2015-P0148.txt,http://proceedings.mlr.press/v37/miyauchi15.pdf
ICML-2015-P0148,ICML-2015-A000447,Yuni Iwamasa,stacked,no_viable_candidate,UNKNOWN,-1000,data/raw/icml/2015/first_pages/ICML-2015-P0148.txt,http://proceedings.mlr.press/v37/miyauchi15.pdf
ICML-2015-P0148,ICML-2015-A000448,Takuro Fukunaga,stacked,no_viable_candidate,UNKNOWN,-1000,data/raw/icml/2015/first_pages/ICML-2015-P0148.txt,http://proceedings.mlr.press/v37/miyauchi15.pdf
ICML-2015-P0148,ICML-2015-A000449,Naonori Kakimura,stacked,no_viable_candidate,UNKNOWN,-1000,data/raw/icml/2015/first_pages/ICML-2015-P0148.txt,http://proceedings.mlr.press/v37/miyauchi15.pdf
ICML-2015-P0149,ICML-2015-A000450,Amit Daniely,numbered,no_viable_candidate,UNKNOWN,-1000,data/raw/icml/2015/first_pages/ICML-2015-P0149.txt,http://proceedings.mlr.press/v37/daniely15.pdf
ICML-2015-P0149,ICML-2015-A000451,Alon Gonen,numbered,no_viable_candidate,UNKNOWN,-1000,data/raw/icml/2015/first_pages/ICML-2015-P0149.txt,http://proceedings.mlr.press/v37/daniely15.pdf
ICML-2015-P0149,ICML-2015-A000452,Shai Shalev-Shwartz,numbered,no_viable_candidate,UNKNOWN,-1000,data/raw/icml/2015/first_pages/ICML-2015-P0149.txt,http://proceedings.mlr.press/v37/daniely15.pdf
ICML-2015-P0150,ICML-2015-A000453,Miao Xu,stacked,no_viable_candidate,UNKNOWN,-1000,data/raw/icml/2015/first_pages/ICML-2015-P0150.txt,http://proceedings.mlr.press/v37/xua15.pdf
ICML-2015-P0150,ICML-2015-A000454,Rong Jin,stacked,no_viable_candidate,UNKNOWN,-1000,data/raw/icml/2015/first_pages/ICML-2015-P0150.txt,http://proceedings.mlr.press/v37/xua15.pdf
ICML-2015-P0150,ICML-2015-A000455,Zhi-Hua Zhou,stacked,no_viable_candidate,UNKNOWN,-1000,data/raw/icml/2015/first_pages/ICML-2015-P0150.txt,http://proceedings.mlr.press/v37/xua15.pdf
ICML-2015-P0151,ICML-2015-A000456,Yining Wang,stacked,no_viable_candidate,UNKNOWN,-1000,data/raw/icml/2015/first_pages/ICML-2015-P0151.txt,http://proceedings.mlr.press/v37/wange15.pdf
ICML-2015-P0151,ICML-2015-A000457,Yu-Xiang Wang,stacked,no_viable_candidate,UNKNOWN,-1000,data/raw/icml/2015/first_pages/ICML-2015-P0151.txt,http://proceedings.mlr.press/v37/wange15.pdf
ICML-2015-P0151,ICML-2015-A000458,Aarti Singh,stacked,no_viable_candidate,UNKNOWN,-1000,data/raw/icml/2015/first_pages/ICML-2015-P0151.txt,http://proceedings.mlr.press/v37/wange15.pdf
ICML-2015-P0152,ICML-2015-A000459,Eric Sibony,stacked,no_viable_candidate,UNKNOWN,-1000,data/raw/icml/2015/first_pages/ICML-2015-P0152.txt,http://proceedings.mlr.press/v37/sibony15.pdf
ICML-2015-P0152,ICML-2015-A000460,Stéphan Clemençon,stacked,no_viable_candidate,UNKNOWN,-1000,data/raw/icml/2015/first_pages/ICML-2015-P0152.txt,http://proceedings.mlr.press/v37/sibony15.pdf
ICML-2015-P0152,ICML-2015-A000461,Jérémie Jakubowicz,stacked,no_viable_candidate,UNKNOWN,-1000,data/raw/icml/2015/first_pages/ICML-2015-P0152.txt,http://proceedings.mlr.press/v37/sibony15.pdf
ICML-2015-P0153,ICML-2015-A000462,Jonathan Huggins,stacked,no_viable_candidate,UNKNOWN,-1000,data/raw/icml/2015/first_pages/ICML-2015-P0153.txt,http://proceedings.mlr.press/v37/hugginsb15.pdf
ICML-2015-P0153,ICML-2015-A000463,Josh Tenenbaum,stacked,no_viable_candidate,UNKNOWN,-1000,data/raw/icml/2015/first_pages/ICML-2015-P0153.txt,http://proceedings.mlr.press/v37/hugginsb15.pdf
ICML-2015-P0154,ICML-2015-A000464,David Lopez-Paz,numbered,no_viable_candidate,UNKNOWN,-1000,data/raw/icml/2015/first_pages/ICML-2015-P0154.txt,http://proceedings.mlr.press/v37/lopez-paz15.pdf
ICML-2015-P0154,ICML-2015-A000465,Krikamol Muandet,numbered,no_viable_candidate,UNKNOWN,-1000,data/raw/icml/2015/first_pages/ICML-2015-P0154.txt,http://proceedings.mlr.press/v37/lopez-paz15.pdf
ICML-2015-P0154,ICML-2015-A000466,Bernhard Schölkopf,numbered,no_viable_candidate,UNKNOWN,-1000,data/raw/icml/2015/first_pages/ICML-2015-P0154.txt,http://proceedings.mlr.press/v37/lopez-paz15.pdf
ICML-2015-P0154,ICML-2015-A000467,Iliya Tolstikhin,numbered,no_viable_candidate,UNKNOWN,-1000,data/raw/icml/2015/first_pages/ICML-2015-P0154.txt,http://proceedings.mlr.press/v37/lopez-paz15.pdf
ICML-2015-P0155,ICML-2015-A000468,Karol Gregor,stacked,no_viable_candidate,UNKNOWN,-1000,data/raw/icml/2015/first_pages/ICML-2015-P0155.txt,http://proceedings.mlr.press/v37/gregor15.pdf
ICML-2015-P0155,ICML-2015-A000469,Ivo Danihelka,stacked,no_viable_candidate,UNKNOWN,-1000,data/raw/icml/2015/first_pages/ICML-2015-P0155.txt,http://proceedings.mlr.press/v37/gregor15.pdf
ICML-2015-P0155,ICML-2015-A000470,Alex Graves,stacked,no_viable_candidate,UNKNOWN,-4,data/raw/icml/2015/first_pages/ICML-2015-P0155.txt,http://proceedings.mlr.press/v37/gregor15.pdf
ICML-2015-P0155,ICML-2015-A000471,Danilo Rezende,stacked,no_viable_candidate,UNKNOWN,-1000,data/raw/icml/2015/first_pages/ICML-2015-P0155.txt,http://proceedings.mlr.press/v37/gregor15.pdf
ICML-2015-P0155,ICML-2015-A000472,Daan Wierstra,stacked,best_scoring_candidate,Google DeepMind,2,data/raw/icml/2015/first_pages/ICML-2015-P0155.txt,http://proceedings.mlr.press/v37/gregor15.pdf
ICML-2015-P0156,ICML-2015-A000473,Ehsan Amid,stacked,no_viable_candidate,UNKNOWN,-1000,data/raw/icml/2015/first_pages/ICML-2015-P0156.txt,http://proceedings.mlr.press/v37/amid15.pdf
ICML-2015-P0156,ICML-2015-A000474,Antti Ukkonen,stacked,no_viable_candidate,UNKNOWN,-1000,data/raw/icml/2015/first_pages/ICML-2015-P0156.txt,http://proceedings.mlr.press/v37/amid15.pdf
ICML-2015-P0157,ICML-2015-A000475,Marc Deisenroth,stacked,no_viable_candidate,UNKNOWN,-1000,data/raw/icml/2015/first_pages/ICML-2015-P0157.txt,http://proceedings.mlr.press/v37/deisenroth15.pdf
ICML-2015-P0157,ICML-2015-A000476,Jun Wei Ng,stacked,no_viable_candidate,UNKNOWN,-1000,data/raw/icml/2015/first_pages/ICML-2015-P0157.txt,http://proceedings.mlr.press/v37/deisenroth15.pdf
ICML-2015-P0158,ICML-2015-A000477,Gongguo Tang,stacked,complete_stacked_variant,"Colorado School of Mines, Illinois Street, Golden, CO, USA",4,data/raw/icml/2015/first_pages/ICML-2015-P0158.txt,http://proceedings.mlr.press/v37/tanga15.pdf
ICML-2015-P0158,ICML-2015-A000478,Parikshit Shah,stacked,complete_stacked_variant,"Yahoo! Labs, First Ave, Sunnyvale CA, USA",4,data/raw/icml/2015/first_pages/ICML-2015-P0158.txt,http://proceedings.mlr.press/v37/tanga15.pdf
ICML-2015-P0159,ICML-2015-A000479,Zirui Zhou,stacked,no_viable_candidate,UNKNOWN,-1000,data/raw/icml/2015/first_pages/ICML-2015-P0159.txt,http://proceedings.mlr.press/v37/zhoub15.pdf
ICML-2015-P0159,ICML-2015-A000480,Qi Zhang,stacked,no_viable_candidate,UNKNOWN,-1000,data/raw/icml/2015/first_pages/ICML-2015-P0159.txt,http://proceedings.mlr.press/v37/zhoub15.pdf
ICML-2015-P0159,ICML-2015-A000481,Anthony Man-Cho So,stacked,no_viable_candidate,UNKNOWN,-1000,data/raw/icml/2015/first_pages/ICML-2015-P0159.txt,http://proceedings.mlr.press/v37/zhoub15.pdf
ICML-2015-P0160,ICML-2015-A000482,Qiuyi Han,stacked,no_viable_candidate,UNKNOWN,-1000,data/raw/icml/2015/first_pages/ICML-2015-P0160.txt,http://proceedings.mlr.press/v37/hanb15.pdf
ICML-2015-P0160,ICML-2015-A000483,Kevin Xu,stacked,no_viable_candidate,UNKNOWN,-1000,data/raw/icml/2015/first_pages/ICML-2015-P0160.txt,http://proceedings.mlr.press/v37/hanb15.pdf
ICML-2015-P0160,ICML-2015-A000484,Edoardo Airoldi,stacked,no_viable_candidate,UNKNOWN,-1000,data/raw/icml/2015/first_pages/ICML-2015-P0160.txt,http://proceedings.mlr.press/v37/hanb15.pdf
ICML-2015-P0161,ICML-2015-A000485,Manel Tagorti,numbered,no_viable_candidate,UNKNOWN,-1000,data/raw/icml/2015/first_pages/ICML-2015-P0161.txt,http://proceedings.mlr.press/v37/tagorti15.pdf
ICML-2015-P0161,ICML-2015-A000486,Bruno Scherrer,numbered,no_viable_candidate,UNKNOWN,-1000,data/raw/icml/2015/first_pages/ICML-2015-P0161.txt,http://proceedings.mlr.press/v37/tagorti15.pdf
ICML-2015-P0162,ICML-2015-A000487,Danilo Rezende,stacked,no_viable_candidate,UNKNOWN,-1000,data/raw/icml/2015/first_pages/ICML-2015-P0162.txt,http://proceedings.mlr.press/v37/rezende15.pdf
ICML-2015-P0162,ICML-2015-A000488,Shakir Mohamed,stacked,no_viable_candidate,UNKNOWN,-1000,data/raw/icml/2015/first_pages/ICML-2015-P0162.txt,http://proceedings.mlr.press/v37/rezende15.pdf
ICML-2015-P0163,ICML-2015-A000489,Benn Macdonald,stacked,no_viable_candidate,UNKNOWN,-1000,data/raw/icml/2015/first_pages/ICML-2015-P0163.txt,http://proceedings.mlr.press/v37/macdonald15.pdf
ICML-2015-P0163,ICML-2015-A000490,Catherine Higham,stacked,no_viable_candidate,UNKNOWN,-1000,data/raw/icml/2015/first_pages/ICML-2015-P0163.txt,http://proceedings.mlr.press/v37/macdonald15.pdf
ICML-2015-P0163,ICML-2015-A000491,Dirk Husmeier,stacked,no_viable_candidate,UNKNOWN,-1000,data/raw/icml/2015/first_pages/ICML-2015-P0163.txt,http://proceedings.mlr.press/v37/macdonald15.pdf
ICML-2015-P0164,ICML-2015-A000492,Carlo Ciliberto,numbered,no_viable_candidate,UNKNOWN,-1000,data/raw/icml/2015/first_pages/ICML-2015-P0164.txt,http://proceedings.mlr.press/v37/ciliberto15.pdf
ICML-2015-P0164,ICML-2015-A000493,Youssef Mroueh,numbered,no_viable_candidate,UNKNOWN,-1000,data/raw/icml/2015/first_pages/ICML-2015-P0164.txt,http://proceedings.mlr.press/v37/ciliberto15.pdf
ICML-2015-P0164,ICML-2015-A000494,Tomaso Poggio,numbered,no_viable_candidate,UNKNOWN,-1000,data/raw/icml/2015/first_pages/ICML-2015-P0164.txt,http://proceedings.mlr.press/v37/ciliberto15.pdf
ICML-2015-P0164,ICML-2015-A000495,Lorenzo Rosasco,numbered,no_viable_candidate,UNKNOWN,-1000,data/raw/icml/2015/first_pages/ICML-2015-P0164.txt,http://proceedings.mlr.press/v37/ciliberto15.pdf
ICML-2015-P0165,ICML-2015-A000496,Margarita Osadchy,stacked,no_viable_candidate,UNKNOWN,-1000,data/raw/icml/2015/first_pages/ICML-2015-P0165.txt,http://proceedings.mlr.press/v37/osadchy15.pdf
ICML-2015-P0165,ICML-2015-A000497,Tamir Hazan,stacked,no_viable_candidate,UNKNOWN,-1000,data/raw/icml/2015/first_pages/ICML-2015-P0165.txt,http://proceedings.mlr.press/v37/osadchy15.pdf
ICML-2015-P0165,ICML-2015-A000498,Daniel Keren,stacked,no_viable_candidate,UNKNOWN,-1000,data/raw/icml/2015/first_pages/ICML-2015-P0165.txt,http://proceedings.mlr.press/v37/osadchy15.pdf
ICML-2015-P0166,ICML-2015-A000499,Boris Lesner,stacked,no_viable_candidate,UNKNOWN,-1000,data/raw/icml/2015/first_pages/ICML-2015-P0166.txt,http://proceedings.mlr.press/v37/lesner15.pdf
ICML-2015-P0166,ICML-2015-A000500,Bruno Scherrer,stacked,no_viable_candidate,UNKNOWN,-1000,data/raw/icml/2015/first_pages/ICML-2015-P0166.txt,http://proceedings.mlr.press/v37/lesner15.pdf
ICML-2015-P0167,ICML-2015-A000501,Mathieu Serrurier,stacked,no_viable_candidate,UNKNOWN,-1000,data/raw/icml/2015/first_pages/ICML-2015-P0167.txt,http://proceedings.mlr.press/v37/serrurier15.pdf
ICML-2015-P0167,ICML-2015-A000502,Henri Prade,stacked,no_viable_candidate,UNKNOWN,-1000,data/raw/icml/2015/first_pages/ICML-2015-P0167.txt,http://proceedings.mlr.press/v37/serrurier15.pdf
ICML-2015-P0168,ICML-2015-A000503,Chong You,stacked,no_viable_candidate,UNKNOWN,-1000,data/raw/icml/2015/first_pages/ICML-2015-P0168.txt,http://proceedings.mlr.press/v37/you15.pdf
ICML-2015-P0168,ICML-2015-A000504,Rene Vidal,stacked,no_viable_candidate,UNKNOWN,-1000,data/raw/icml/2015/first_pages/ICML-2015-P0168.txt,http://proceedings.mlr.press/v37/you15.pdf
ICML-2015-P0169,ICML-2015-A000505,Amar Shah,symbol,no_viable_candidate,UNKNOWN,-1000,data/raw/icml/2015/first_pages/ICML-2015-P0169.txt,http://proceedings.mlr.press/v37/shahb15.pdf
ICML-2015-P0169,ICML-2015-A000506,David Knowles,symbol,no_viable_candidate,UNKNOWN,-1000,data/raw/icml/2015/first_pages/ICML-2015-P0169.txt,http://proceedings.mlr.press/v37/shahb15.pdf
ICML-2015-P0169,ICML-2015-A000507,Zoubin Ghahramani,symbol,no_viable_candidate,UNKNOWN,-1000,data/raw/icml/2015/first_pages/ICML-2015-P0169.txt,http://proceedings.mlr.press/v37/shahb15.pdf
ICML-2015-P0170,ICML-2015-A000508,Xiaodan Zhu,stacked,no_viable_candidate,UNKNOWN,-1000,data/raw/icml/2015/first_pages/ICML-2015-P0170.txt,http://proceedings.mlr.press/v37/zhub15.pdf
ICML-2015-P0170,ICML-2015-A000509,Parinaz Sobihani,stacked,no_viable_candidate,UNKNOWN,-1000,data/raw/icml/2015/first_pages/ICML-2015-P0170.txt,http://proceedings.mlr.press/v37/zhub15.pdf
ICML-2015-P0170,ICML-2015-A000510,Hongyu Guo,stacked,no_viable_candidate,UNKNOWN,-1000,data/raw/icml/2015/first_pages/ICML-2015-P0170.txt,http://proceedings.mlr.press/v37/zhub15.pdf
ICML-2015-P0171,ICML-2015-A000511,Charles Blundell,stacked,no_viable_candidate,UNKNOWN,-1000,data/raw/icml/2015/first_pages/ICML-2015-P0171.txt,http://proceedings.mlr.press/v37/blundell15.pdf
ICML-2015-P0171,ICML-2015-A000512,Julien Cornebise,stacked,no_viable_candidate,UNKNOWN,-1000,data/raw/icml/2015/first_pages/ICML-2015-P0171.txt,http://proceedings.mlr.press/v37/blundell15.pdf
ICML-2015-P0171,ICML-2015-A000513,Koray Kavukcuoglu,stacked,no_viable_candidate,UNKNOWN,-1000,data/raw/icml/2015/first_pages/ICML-2015-P0171.txt,http://proceedings.mlr.press/v37/blundell15.pdf
ICML-2015-P0171,ICML-2015-A000514,Daan Wierstra,stacked,no_viable_candidate,UNKNOWN,-1000,data/raw/icml/2015/first_pages/ICML-2015-P0171.txt,http://proceedings.mlr.press/v37/blundell15.pdf
ICML-2015-P0172,ICML-2015-A000515,Jiaqian Yu,stacked,no_viable_candidate,UNKNOWN,-1000,data/raw/icml/2015/first_pages/ICML-2015-P0172.txt,http://proceedings.mlr.press/v37/yub15.pdf
ICML-2015-P0172,ICML-2015-A000516,Matthew Blaschko,stacked,no_viable_candidate,UNKNOWN,-1000,data/raw/icml/2015/first_pages/ICML-2015-P0172.txt,http://proceedings.mlr.press/v37/yub15.pdf
ICML-2015-P0173,ICML-2015-A000517,Julie Nutini,stacked,no_viable_candidate,UNKNOWN,-1000,data/raw/icml/2015/first_pages/ICML-2015-P0173.txt,http://proceedings.mlr.press/v37/nutini15.pdf
ICML-2015-P0173,ICML-2015-A000518,Mark Schmidt,stacked,no_viable_candidate,UNKNOWN,-1000,data/raw/icml/2015/first_pages/ICML-2015-P0173.txt,http://proceedings.mlr.press/v37/nutini15.pdf
ICML-2015-P0173,ICML-2015-A000519,Issam Laradji,stacked,no_viable_candidate,UNKNOWN,-1000,data/raw/icml/2015/first_pages/ICML-2015-P0173.txt,http://proceedings.mlr.press/v37/nutini15.pdf
ICML-2015-P0173,ICML-2015-A000520,Michael Friedlander,stacked,no_viable_candidate,UNKNOWN,-1000,data/raw/icml/2015/first_pages/ICML-2015-P0173.txt,http://proceedings.mlr.press/v37/nutini15.pdf
ICML-2015-P0173,ICML-2015-A000521,Hoyt Koepke,stacked,no_viable_candidate,UNKNOWN,-1000,data/raw/icml/2015/first_pages/ICML-2015-P0173.txt,http://proceedings.mlr.press/v37/nutini15.pdf
ICML-2015-P0174,ICML-2015-A000522,Cong Leng,symbol,no_viable_candidate,UNKNOWN,-1000,data/raw/icml/2015/first_pages/ICML-2015-P0174.txt,http://proceedings.mlr.press/v37/leng15.pdf
ICML-2015-P0174,ICML-2015-A000523,Jiaxiang Wu,symbol,no_viable_candidate,UNKNOWN,-1000,data/raw/icml/2015/first_pages/ICML-2015-P0174.txt,http://proceedings.mlr.press/v37/leng15.pdf
ICML-2015-P0174,ICML-2015-A000524,Jian Cheng,symbol,no_viable_candidate,UNKNOWN,-1000,data/raw/icml/2015/first_pages/ICML-2015-P0174.txt,http://proceedings.mlr.press/v37/leng15.pdf
ICML-2015-P0174,ICML-2015-A000525,Xi Zhang,symbol,no_viable_candidate,UNKNOWN,-1000,data/raw/icml/2015/first_pages/ICML-2015-P0174.txt,http://proceedings.mlr.press/v37/leng15.pdf
ICML-2015-P0174,ICML-2015-A000526,Hanqing Lu,symbol,no_viable_candidate,UNKNOWN,-1000,data/raw/icml/2015/first_pages/ICML-2015-P0174.txt,http://proceedings.mlr.press/v37/leng15.pdf
ICML-2015-P0175,ICML-2015-A000527,Zhiting Hu,symbol,no_viable_candidate,UNKNOWN,-1000,data/raw/icml/2015/first_pages/ICML-2015-P0175.txt,http://proceedings.mlr.press/v37/hu15.pdf
ICML-2015-P0175,ICML-2015-A000528,Ho Qirong,symbol,no_viable_candidate,UNKNOWN,-1000,data/raw/icml/2015/first_pages/ICML-2015-P0175.txt,http://proceedings.mlr.press/v37/hu15.pdf
ICML-2015-P0175,ICML-2015-A000529,Avinava Dubey,symbol,no_viable_candidate,UNKNOWN,-1000,data/raw/icml/2015/first_pages/ICML-2015-P0175.txt,http://proceedings.mlr.press/v37/hu15.pdf
ICML-2015-P0175,ICML-2015-A000530,Eric Xing,symbol,no_viable_candidate,UNKNOWN,-1000,data/raw/icml/2015/first_pages/ICML-2015-P0175.txt,http://proceedings.mlr.press/v37/hu15.pdf
ICML-2015-P0176,ICML-2015-A000531,Balazs Szorenyi,numbered,no_viable_candidate,UNKNOWN,-1000,data/raw/icml/2015/first_pages/ICML-2015-P0176.txt,http://proceedings.mlr.press/v37/szorenyi15.pdf
ICML-2015-P0176,ICML-2015-A000532,Robert Busa-Fekete,numbered,no_viable_candidate,UNKNOWN,-1000,data/raw/icml/2015/first_pages/ICML-2015-P0176.txt,http://proceedings.mlr.press/v37/szorenyi15.pdf
ICML-2015-P0176,ICML-2015-A000533,Paul Weng,numbered,no_viable_candidate,UNKNOWN,-1000,data/raw/icml/2015/first_pages/ICML-2015-P0176.txt,http://proceedings.mlr.press/v37/szorenyi15.pdf
ICML-2015-P0176,ICML-2015-A000534,Eyke Hüllermeier,numbered,no_viable_candidate,UNKNOWN,-1000,data/raw/icml/2015/first_pages/ICML-2015-P0176.txt,http://proceedings.mlr.press/v37/szorenyi15.pdf
ICML-2015-P0177,ICML-2015-A000535,Li Xu,stacked,no_viable_candidate,UNKNOWN,0,data/raw/icml/2015/first_pages/ICML-2015-P0177.txt,http://proceedings.mlr.press/v37/xub15.pdf
ICML-2015-P0177,ICML-2015-A000536,Jimmy Ren,stacked,no_viable_candidate,UNKNOWN,-1000,data/raw/icml/2015/first_pages/ICML-2015-P0177.txt,http://proceedings.mlr.press/v37/xub15.pdf
ICML-2015-P0177,ICML-2015-A000537,Qiong Yan,stacked,no_viable_candidate,UNKNOWN,0,data/raw/icml/2015/first_pages/ICML-2015-P0177.txt,http://proceedings.mlr.press/v37/xub15.pdf
ICML-2015-P0177,ICML-2015-A000538,Renjie Liao,stacked,no_viable_candidate,UNKNOWN,-1000,data/raw/icml/2015/first_pages/ICML-2015-P0177.txt,http://proceedings.mlr.press/v37/xub15.pdf
ICML-2015-P0177,ICML-2015-A000539,Jiaya Jia,stacked,best_scoring_candidate,The Chinese University of Hong Kong,2,data/raw/icml/2015/first_pages/ICML-2015-P0177.txt,http://proceedings.mlr.press/v37/xub15.pdf
ICML-2015-P0178,ICML-2015-A000540,Shiau Hong Lim,stacked,best_scoring_candidate,"National University of Singapore, Engineering Drive , Singapore",4,data/raw/icml/2015/first_pages/ICML-2015-P0178.txt,http://proceedings.mlr.press/v37/limb15.pdf
ICML-2015-P0178,ICML-2015-A000541,Yudong Chen,stacked,best_scoring_candidate,"University of California, Berkeley, CA , USA",4,data/raw/icml/2015/first_pages/ICML-2015-P0178.txt,http://proceedings.mlr.press/v37/limb15.pdf
ICML-2015-P0178,ICML-2015-A000542,Huan Xu,numbered,no_viable_candidate,UNKNOWN,-1000,data/raw/icml/2015/first_pages/ICML-2015-P0178.txt,http://proceedings.mlr.press/v37/limb15.pdf
ICML-2015-P0179,ICML-2015-A000543,Huang Xiao,stacked,no_viable_candidate,UNKNOWN,-1000,data/raw/icml/2015/first_pages/ICML-2015-P0179.txt,http://proceedings.mlr.press/v37/xiao15.pdf
ICML-2015-P0179,ICML-2015-A000544,Battista Biggio,stacked,no_viable_candidate,UNKNOWN,-1000,data/raw/icml/2015/first_pages/ICML-2015-P0179.txt,http://proceedings.mlr.press/v37/xiao15.pdf
ICML-2015-P0179,ICML-2015-A000545,Gavin Brown,stacked,no_viable_candidate,UNKNOWN,-1000,data/raw/icml/2015/first_pages/ICML-2015-P0179.txt,http://proceedings.mlr.press/v37/xiao15.pdf
ICML-2015-P0179,ICML-2015-A000546,Giorgio Fumera,stacked,no_viable_candidate,UNKNOWN,-1000,data/raw/icml/2015/first_pages/ICML-2015-P0179.txt,http://proceedings.mlr.press/v37/xiao15.pdf
ICML-2015-P0179,ICML-2015-A000547,Claudia Eckert,stacked,no_viable_candidate,UNKNOWN,-1000,data/raw/icml/2015/first_pages/ICML-2015-P0179.txt,http://proceedings.mlr.press/v37/xiao15.pdf
ICML-2015-P0179,ICML-2015-A000548,Fabio Roli,stacked,no_viable_candidate,UNKNOWN,-1000,data/raw/icml/2015/first_pages/ICML-2015-P0179.txt,http://proceedings.mlr.press/v37/xiao15.pdf
ICML-2015-P0180,ICML-2015-A000549,Jose Miguel Hernandez-Lobato,numbered,no_viable_candidate,UNKNOWN,-1000,data/raw/icml/2015/first_pages/ICML-2015-P0180.txt,http://proceedings.mlr.press/v37/hernandez-lobatob15.pdf
ICML-2015-P0180,ICML-2015-A000550,Michael Gelbart,numbered,no_viable_candidate,UNKNOWN,-1000,data/raw/icml/2015/first_pages/ICML-2015-P0180.txt,http://proceedings.mlr.press/v37/hernandez-lobatob15.pdf
ICML-2015-P0180,ICML-2015-A000551,Matthew Hoffman,numbered,no_viable_candidate,UNKNOWN,-1000,data/raw/icml/2015/first_pages/ICML-2015-P0180.txt,http://proceedings.mlr.press/v37/hernandez-lobatob15.pdf
ICML-2015-P0180,ICML-2015-A000552,Ryan Adams,numbered,no_viable_candidate,UNKNOWN,-1000,data/raw/icml/2015/first_pages/ICML-2015-P0180.txt,http://proceedings.mlr.press/v37/hernandez-lobatob15.pdf
ICML-2015-P0180,ICML-2015-A000553,Zoubin Ghahramani,numbered,no_viable_candidate,UNKNOWN,-1000,data/raw/icml/2015/first_pages/ICML-2015-P0180.txt,http://proceedings.mlr.press/v37/hernandez-lobatob15.pdf
ICML-2015-P0181,ICML-2015-A000554,Michaël Perrot,stacked,no_viable_candidate,UNKNOWN,-1000,data/raw/icml/2015/first_pages/ICML-2015-P0181.txt,http://proceedings.mlr.press/v37/perrot15.pdf
ICML-2015-P0181,ICML-2015-A000555,Amaury Habrard,stacked,no_viable_candidate,UNKNOWN,-1000,data/raw/icml/2015/first_pages/ICML-2015-P0181.txt,http://proceedings.mlr.press/v37/perrot15.pdf
ICML-2015-P0182,ICML-2015-A000556,Yujia Li,numbered,no_viable_candidate,UNKNOWN,-1000,data/raw/icml/2015/first_pages/ICML-2015-P0182.txt,http://proceedings.mlr.press/v37/li15.pdf
ICML-2015-P0182,ICML-2015-A000557,Kevin Swersky,numbered,no_viable_candidate,UNKNOWN,-1000,data/raw/icml/2015/first_pages/ICML-2015-P0182.txt,http://proceedings.mlr.press/v37/li15.pdf
ICML-2015-P0182,ICML-2015-A000558,Rich Zemel,numbered,no_viable_candidate,UNKNOWN,-1000,data/raw/icml/2015/first_pages/ICML-2015-P0182.txt,http://proceedings.mlr.press/v37/li15.pdf
ICML-2015-P0183,ICML-2015-A000559,Megasthenis Asteris,stacked,no_viable_candidate,UNKNOWN,-1000,data/raw/icml/2015/first_pages/ICML-2015-P0183.txt,http://proceedings.mlr.press/v37/asteris15.pdf
ICML-2015-P0183,ICML-2015-A000560,Anastasios Kyrillidis,stacked,no_viable_candidate,UNKNOWN,-1000,data/raw/icml/2015/first_pages/ICML-2015-P0183.txt,http://proceedings.mlr.press/v37/asteris15.pdf
ICML-2015-P0183,ICML-2015-A000561,Alex Dimakis,stacked,no_viable_candidate,UNKNOWN,-1000,data/raw/icml/2015/first_pages/ICML-2015-P0183.txt,http://proceedings.mlr.press/v37/asteris15.pdf
ICML-2015-P0183,ICML-2015-A000562,Han-Gyol Yi,stacked,no_viable_candidate,UNKNOWN,-1000,data/raw/icml/2015/first_pages/ICML-2015-P0183.txt,http://proceedings.mlr.press/v37/asteris15.pdf
ICML-2015-P0183,ICML-2015-A000563,Bharath Chandrasekaran,stacked,no_viable_candidate,UNKNOWN,-1000,data/raw/icml/2015/first_pages/ICML-2015-P0183.txt,http://proceedings.mlr.press/v37/asteris15.pdf
ICML-2015-P0184,ICML-2015-A000564,Suyog Gupta,stacked,no_viable_candidate,UNKNOWN,-1000,data/raw/icml/2015/first_pages/ICML-2015-P0184.txt,http://proceedings.mlr.press/v37/gupta15.pdf
ICML-2015-P0184,ICML-2015-A000565,Ankur Agrawal,stacked,no_viable_candidate,UNKNOWN,-1000,data/raw/icml/2015/first_pages/ICML-2015-P0184.txt,http://proceedings.mlr.press/v37/gupta15.pdf
ICML-2015-P0184,ICML-2015-A000566,Kailash Gopalakrishnan,stacked,best_scoring_candidate,"IBM T. J. Watson Research Center, Yorktown Heights, NY",4,data/raw/icml/2015/first_pages/ICML-2015-P0184.txt,http://proceedings.mlr.press/v37/gupta15.pdf
ICML-2015-P0184,ICML-2015-A000567,Pritish Narayanan,stacked,best_scoring_candidate,"IBM Almaden Research Center, San Jose, CA",4,data/raw/icml/2015/first_pages/ICML-2015-P0184.txt,http://proceedings.mlr.press/v37/gupta15.pdf
ICML-2015-P0185,ICML-2015-A000568,Jie Wang,numbered,no_viable_candidate,UNKNOWN,-1000,data/raw/icml/2015/first_pages/ICML-2015-P0185.txt,http://proceedings.mlr.press/v37/wangf15.pdf
ICML-2015-P0185,ICML-2015-A000569,Jieping Ye,numbered,no_viable_candidate,UNKNOWN,-1000,data/raw/icml/2015/first_pages/ICML-2015-P0185.txt,http://proceedings.mlr.press/v37/wangf15.pdf
ICML-2015-P0186,ICML-2015-A000570,Taco Cohen,stacked,no_viable_candidate,UNKNOWN,-1000,data/raw/icml/2015/first_pages/ICML-2015-P0186.txt,http://proceedings.mlr.press/v37/cohenb15.pdf
ICML-2015-P0186,ICML-2015-A000571,Max Welling,stacked,no_viable_candidate,UNKNOWN,-1000,data/raw/icml/2015/first_pages/ICML-2015-P0186.txt,http://proceedings.mlr.press/v37/cohenb15.pdf
ICML-2015-P0187,ICML-2015-A000572,Christopher Clark,shared,complete_shared_variant,Work completed at the University of Edinburgh,2,data/raw/icml/2015/first_pages/ICML-2015-P0187.txt,http://proceedings.mlr.press/v37/clark15.pdf
ICML-2015-P0187,ICML-2015-A000573,Amos Storkey,shared,complete_shared_variant,Work completed at the University of Edinburgh,2,data/raw/icml/2015/first_pages/ICML-2015-P0187.txt,http://proceedings.mlr.press/v37/clark15.pdf
ICML-2015-P0188,ICML-2015-A000574,Andrew Wilson,stacked,no_viable_candidate,UNKNOWN,-1000,data/raw/icml/2015/first_pages/ICML-2015-P0188.txt,http://proceedings.mlr.press/v37/wilson15.pdf
ICML-2015-P0188,ICML-2015-A000575,Hannes Nickisch,stacked,no_viable_candidate,UNKNOWN,-1000,data/raw/icml/2015/first_pages/ICML-2015-P0188.txt,http://proceedings.mlr.press/v37/wilson15.pdf
ICML-2015-P0189,ICML-2015-A000576,Liang-Chieh Chen,symbol,no_viable_candidate,UNKNOWN,-1000,data/raw/icml/2015/first_pages/ICML-2015-P0189.txt,http://proceedings.mlr.press/v37/chenb15.pdf
ICML-2015-P0189,ICML-2015-A000577,Alexander Schwing,symbol,no_viable_candidate,UNKNOWN,-1000,data/raw/icml/2015/first_pages/ICML-2015-P0189.txt,http://proceedings.mlr.press/v37/chenb15.pdf
ICML-2015-P0189,ICML-2015-A000578,Alan Yuille,symbol,no_viable_candidate,UNKNOWN,-1000,data/raw/icml/2015/first_pages/ICML-2015-P0189.txt,http://proceedings.mlr.press/v37/chenb15.pdf
ICML-2015-P0189,ICML-2015-A000579,Raquel Urtasun,stacked,best_scoring_candidate,"University of Toronto, King’s College Rd., Toronto, Canada",6,data/raw/icml/2015/first_pages/ICML-2015-P0189.txt,http://proceedings.mlr.press/v37/chenb15.pdf
ICML-2015-P0190,ICML-2015-A000580,Haim Avron,stacked,no_viable_candidate,UNKNOWN,-1000,data/raw/icml/2015/first_pages/ICML-2015-P0190.txt,http://proceedings.mlr.press/v37/avron15.pdf
ICML-2015-P0190,ICML-2015-A000581,Lior Horesh,stacked,no_viable_candidate,UNKNOWN,-1000,data/raw/icml/2015/first_pages/ICML-2015-P0190.txt,http://proceedings.mlr.press/v37/avron15.pdf
ICML-2015-P0191,ICML-2015-A000582,Josip Djolonga,stacked,no_viable_candidate,UNKNOWN,-1000,data/raw/icml/2015/first_pages/ICML-2015-P0191.txt,http://proceedings.mlr.press/v37/djolonga15.pdf
ICML-2015-P0191,ICML-2015-A000583,Andreas Krause,stacked,no_viable_candidate,UNKNOWN,-1000,data/raw/icml/2015/first_pages/ICML-2015-P0191.txt,http://proceedings.mlr.press/v37/djolonga15.pdf
ICML-2015-P0192,ICML-2015-A000584,Chris Lloyd,symbol,no_viable_candidate,UNKNOWN,0,data/raw/icml/2015/first_pages/ICML-2015-P0192.txt,http://proceedings.mlr.press/v37/lloyd15.pdf
ICML-2015-P0192,ICML-2015-A000585,Tom Gunter,symbol,no_viable_candidate,UNKNOWN,0,data/raw/icml/2015/first_pages/ICML-2015-P0192.txt,http://proceedings.mlr.press/v37/lloyd15.pdf
ICML-2015-P0192,ICML-2015-A000586,Michael Osborne,symbol,no_viable_candidate,UNKNOWN,-1000,data/raw/icml/2015/first_pages/ICML-2015-P0192.txt,http://proceedings.mlr.press/v37/lloyd15.pdf
ICML-2015-P0192,ICML-2015-A000587,Stephen Roberts,symbol,no_viable_candidate,UNKNOWN,-1000,data/raw/icml/2015/first_pages/ICML-2015-P0192.txt,http://proceedings.mlr.press/v37/lloyd15.pdf
ICML-2015-P0193,ICML-2015-A000588,Zhe Gan,stacked,no_viable_candidate,UNKNOWN,-1000,data/raw/icml/2015/first_pages/ICML-2015-P0193.txt,http://proceedings.mlr.press/v37/gan15.pdf
ICML-2015-P0193,ICML-2015-A000589,Changyou Chen,stacked,no_viable_candidate,UNKNOWN,-1000,data/raw/icml/2015/first_pages/ICML-2015-P0193.txt,http://proceedings.mlr.press/v37/gan15.pdf
ICML-2015-P0193,ICML-2015-A000590,Ricardo Henao,stacked,no_viable_candidate,UNKNOWN,-1000,data/raw/icml/2015/first_pages/ICML-2015-P0193.txt,http://proceedings.mlr.press/v37/gan15.pdf
ICML-2015-P0193,ICML-2015-A000591,David Carlson,stacked,no_viable_candidate,UNKNOWN,-1000,data/raw/icml/2015/first_pages/ICML-2015-P0193.txt,http://proceedings.mlr.press/v37/gan15.pdf
ICML-2015-P0193,ICML-2015-A000592,Lawrence Carin,stacked,no_viable_candidate,UNKNOWN,-1000,data/raw/icml/2015/first_pages/ICML-2015-P0193.txt,http://proceedings.mlr.press/v37/gan15.pdf
ICML-2015-P0194,ICML-2015-A000593,Nico Goernitz,stacked,no_viable_candidate,UNKNOWN,-1000,data/raw/icml/2015/first_pages/ICML-2015-P0194.txt,http://proceedings.mlr.press/v37/goernitz15.pdf
ICML-2015-P0194,ICML-2015-A000594,Mikio Braun,stacked,no_viable_candidate,UNKNOWN,-1000,data/raw/icml/2015/first_pages/ICML-2015-P0194.txt,http://proceedings.mlr.press/v37/goernitz15.pdf
ICML-2015-P0194,ICML-2015-A000595,Marius Kloft,stacked,no_viable_candidate,UNKNOWN,-1000,data/raw/icml/2015/first_pages/ICML-2015-P0194.txt,http://proceedings.mlr.press/v37/goernitz15.pdf
ICML-2015-P0195,ICML-2015-A000596,Huitong Qiu,numbered,no_viable_candidate,UNKNOWN,-1000,data/raw/icml/2015/first_pages/ICML-2015-P0195.txt,http://proceedings.mlr.press/v37/qiu15.pdf
ICML-2015-P0195,ICML-2015-A000597,Sheng Xu,numbered,no_viable_candidate,UNKNOWN,-1000,data/raw/icml/2015/first_pages/ICML-2015-P0195.txt,http://proceedings.mlr.press/v37/qiu15.pdf
ICML-2015-P0195,ICML-2015-A000598,Fang Han,numbered,no_viable_candidate,UNKNOWN,-1000,data/raw/icml/2015/first_pages/ICML-2015-P0195.txt,http://proceedings.mlr.press/v37/qiu15.pdf
ICML-2015-P0195,ICML-2015-A000599,Han Liu,numbered,no_viable_candidate,UNKNOWN,-1000,data/raw/icml/2015/first_pages/ICML-2015-P0195.txt,http://proceedings.mlr.press/v37/qiu15.pdf
ICML-2015-P0195,ICML-2015-A000600,Brian Caffo,numbered,no_viable_candidate,UNKNOWN,-1000,data/raw/icml/2015/first_pages/ICML-2015-P0195.txt,http://proceedings.mlr.press/v37/qiu15.pdf
ICML-2015-P0196,ICML-2015-A000601,Harish Ramaswamy,stacked,no_viable_candidate,UNKNOWN,-1000,data/raw/icml/2015/first_pages/ICML-2015-P0196.txt,http://proceedings.mlr.press/v37/ramaswamy15.pdf
ICML-2015-P0196,ICML-2015-A000602,Ambuj Tewari,stacked,no_viable_candidate,UNKNOWN,-1000,data/raw/icml/2015/first_pages/ICML-2015-P0196.txt,http://proceedings.mlr.press/v37/ramaswamy15.pdf
ICML-2015-P0196,ICML-2015-A000603,Shivani Agarwal,stacked,no_viable_candidate,UNKNOWN,-1000,data/raw/icml/2015/first_pages/ICML-2015-P0196.txt,http://proceedings.mlr.press/v37/ramaswamy15.pdf
ICML-2015-P0197,ICML-2015-A000604,Jose Miguel Hernandez-Lobato,stacked,no_viable_candidate,UNKNOWN,-1000,data/raw/icml/2015/first_pages/ICML-2015-P0197.txt,http://proceedings.mlr.press/v37/hernandez-lobatoc15.pdf
ICML-2015-P0197,ICML-2015-A000605,Ryan Adams,stacked,no_viable_candidate,UNKNOWN,-1000,data/raw/icml/2015/first_pages/ICML-2015-P0197.txt,http://proceedings.mlr.press/v37/hernandez-lobatoc15.pdf
ICML-2015-P0198,ICML-2015-A000606,Christopher Berlind,stacked,no_viable_candidate,UNKNOWN,-1000,data/raw/icml/2015/first_pages/ICML-2015-P0198.txt,http://proceedings.mlr.press/v37/berlind15.pdf
ICML-2015-P0198,ICML-2015-A000607,Ruth Urner,stacked,no_viable_candidate,UNKNOWN,-1000,data/raw/icml/2015/first_pages/ICML-2015-P0198.txt,http://proceedings.mlr.press/v37/berlind15.pdf
ICML-2015-P0199,ICML-2015-A000608,Hanxiao Liu,stacked,no_viable_candidate,UNKNOWN,-1000,data/raw/icml/2015/first_pages/ICML-2015-P0199.txt,http://proceedings.mlr.press/v37/liuc15.pdf
ICML-2015-P0199,ICML-2015-A000609,Yiming Yang,stacked,no_viable_candidate,UNKNOWN,-1000,data/raw/icml/2015/first_pages/ICML-2015-P0199.txt,http://proceedings.mlr.press/v37/liuc15.pdf
ICML-2015-P0200,ICML-2015-A000610,John Schulman,numbered,no_viable_candidate,UNKNOWN,-1000,data/raw/icml/2015/first_pages/ICML-2015-P0200.txt,http://proceedings.mlr.press/v37/schulman15.pdf
ICML-2015-P0200,ICML-2015-A000611,Sergey Levine,numbered,no_viable_candidate,UNKNOWN,-1000,data/raw/icml/2015/first_pages/ICML-2015-P0200.txt,http://proceedings.mlr.press/v37/schulman15.pdf
ICML-2015-P0200,ICML-2015-A000612,Pieter Abbeel,numbered,no_viable_candidate,UNKNOWN,-1000,data/raw/icml/2015/first_pages/ICML-2015-P0200.txt,http://proceedings.mlr.press/v37/schulman15.pdf
ICML-2015-P0200,ICML-2015-A000613,Michael Jordan,numbered,no_viable_candidate,UNKNOWN,-1000,data/raw/icml/2015/first_pages/ICML-2015-P0200.txt,http://proceedings.mlr.press/v37/schulman15.pdf
ICML-2015-P0200,ICML-2015-A000614,Philipp Moritz,numbered,no_viable_candidate,UNKNOWN,-1000,data/raw/icml/2015/first_pages/ICML-2015-P0200.txt,http://proceedings.mlr.press/v37/schulman15.pdf
ICML-2015-P0201,ICML-2015-A000615,Mingming Gong,numbered,no_viable_candidate,UNKNOWN,-1000,data/raw/icml/2015/first_pages/ICML-2015-P0201.txt,http://proceedings.mlr.press/v37/gongb15.pdf
ICML-2015-P0201,ICML-2015-A000616,Kun Zhang,numbered,no_viable_candidate,UNKNOWN,-1000,data/raw/icml/2015/first_pages/ICML-2015-P0201.txt,http://proceedings.mlr.press/v37/gongb15.pdf
ICML-2015-P0201,ICML-2015-A000617,Bernhard Schoelkopf,numbered,no_viable_candidate,UNKNOWN,-1000,data/raw/icml/2015/first_pages/ICML-2015-P0201.txt,http://proceedings.mlr.press/v37/gongb15.pdf
ICML-2015-P0201,ICML-2015-A000618,Dacheng Tao,numbered,no_viable_candidate,UNKNOWN,-1000,data/raw/icml/2015/first_pages/ICML-2015-P0201.txt,http://proceedings.mlr.press/v37/gongb15.pdf
ICML-2015-P0201,ICML-2015-A000619,Philipp Geiger,numbered,no_viable_candidate,UNKNOWN,-1000,data/raw/icml/2015/first_pages/ICML-2015-P0201.txt,http://proceedings.mlr.press/v37/gongb15.pdf
ICML-2015-P0202,ICML-2015-A000620,Dohyung Park,stacked,no_viable_candidate,UNKNOWN,-1000,data/raw/icml/2015/first_pages/ICML-2015-P0202.txt,http://proceedings.mlr.press/v37/park15.pdf
ICML-2015-P0202,ICML-2015-A000621,Joe Neeman,stacked,no_viable_candidate,UNKNOWN,-1000,data/raw/icml/2015/first_pages/ICML-2015-P0202.txt,http://proceedings.mlr.press/v37/park15.pdf
ICML-2015-P0202,ICML-2015-A000622,Jin Zhang,stacked,no_viable_candidate,UNKNOWN,-1000,data/raw/icml/2015/first_pages/ICML-2015-P0202.txt,http://proceedings.mlr.press/v37/park15.pdf
ICML-2015-P0202,ICML-2015-A000623,Sujay Sanghavi,stacked,no_viable_candidate,UNKNOWN,-1000,data/raw/icml/2015/first_pages/ICML-2015-P0202.txt,http://proceedings.mlr.press/v37/park15.pdf
ICML-2015-P0202,ICML-2015-A000624,Inderjit Dhillon,stacked,no_viable_candidate,UNKNOWN,-1000,data/raw/icml/2015/first_pages/ICML-2015-P0202.txt,http://proceedings.mlr.press/v37/park15.pdf
ICML-2015-P0203,ICML-2015-A000625,Philipp Geiger,stacked,no_viable_candidate,UNKNOWN,-1000,data/raw/icml/2015/first_pages/ICML-2015-P0203.txt,http://proceedings.mlr.press/v37/geiger15.pdf
ICML-2015-P0203,ICML-2015-A000626,Kun Zhang,stacked,no_viable_candidate,UNKNOWN,-1000,data/raw/icml/2015/first_pages/ICML-2015-P0203.txt,http://proceedings.mlr.press/v37/geiger15.pdf
ICML-2015-P0203,ICML-2015-A000627,Bernhard Schoelkopf,stacked,no_viable_candidate,UNKNOWN,-1000,data/raw/icml/2015/first_pages/ICML-2015-P0203.txt,http://proceedings.mlr.press/v37/geiger15.pdf
ICML-2015-P0203,ICML-2015-A000628,Mingming Gong,stacked,no_viable_candidate,UNKNOWN,-1000,data/raw/icml/2015/first_pages/ICML-2015-P0203.txt,http://proceedings.mlr.press/v37/geiger15.pdf
ICML-2015-P0203,ICML-2015-A000629,Dominik Janzing,stacked,no_viable_candidate,UNKNOWN,-1000,data/raw/icml/2015/first_pages/ICML-2015-P0203.txt,http://proceedings.mlr.press/v37/geiger15.pdf
ICML-2015-P0204,ICML-2015-A000630,Behnam Neyshabur,stacked,no_viable_candidate,UNKNOWN,-1000,data/raw/icml/2015/first_pages/ICML-2015-P0204.txt,http://proceedings.mlr.press/v37/neyshabur15.pdf
ICML-2015-P0204,ICML-2015-A000631,Nathan Srebro,stacked,no_viable_candidate,UNKNOWN,-1000,data/raw/icml/2015/first_pages/ICML-2015-P0204.txt,http://proceedings.mlr.press/v37/neyshabur15.pdf
ICML-2015-P0205,ICML-2015-A000632,Yunlong Jiao,stacked,no_viable_candidate,UNKNOWN,-1000,data/raw/icml/2015/first_pages/ICML-2015-P0205.txt,http://proceedings.mlr.press/v37/jiao15.pdf
ICML-2015-P0205,ICML-2015-A000633,Jean-Philippe Vert,stacked,no_viable_candidate,UNKNOWN,-1000,data/raw/icml/2015/first_pages/ICML-2015-P0205.txt,http://proceedings.mlr.press/v37/jiao15.pdf
ICML-2015-P0206,ICML-2015-A000634,Purnima Rajan,stacked,no_viable_candidate,UNKNOWN,-1000,data/raw/icml/2015/first_pages/ICML-2015-P0206.txt,http://proceedings.mlr.press/v37/rajan15.pdf
ICML-2015-P0206,ICML-2015-A000635,Weidong Han,stacked,no_viable_candidate,UNKNOWN,-1000,data/raw/icml/2015/first_pages/ICML-2015-P0206.txt,http://proceedings.mlr.press/v37/rajan15.pdf
ICML-2015-P0206,ICML-2015-A000636,Raphael Sznitman,stacked,no_viable_candidate,UNKNOWN,-1000,data/raw/icml/2015/first_pages/ICML-2015-P0206.txt,http://proceedings.mlr.press/v37/rajan15.pdf
ICML-2015-P0206,ICML-2015-A000637,Peter Frazier,stacked,no_viable_candidate,UNKNOWN,-1000,data/raw/icml/2015/first_pages/ICML-2015-P0206.txt,http://proceedings.mlr.press/v37/rajan15.pdf
ICML-2015-P0206,ICML-2015-A000638,Bruno Jedynak,stacked,no_viable_candidate,UNKNOWN,-1000,data/raw/icml/2015/first_pages/ICML-2015-P0206.txt,http://proceedings.mlr.press/v37/rajan15.pdf
ICML-2015-P0207,ICML-2015-A000639,Kai Wei,numbered,no_viable_candidate,UNKNOWN,-1000,data/raw/icml/2015/first_pages/ICML-2015-P0207.txt,http://proceedings.mlr.press/v37/wei15.pdf
ICML-2015-P0207,ICML-2015-A000640,Rishabh Iyer,numbered,no_viable_candidate,UNKNOWN,-1000,data/raw/icml/2015/first_pages/ICML-2015-P0207.txt,http://proceedings.mlr.press/v37/wei15.pdf
ICML-2015-P0207,ICML-2015-A000641,Jeff Bilmes,numbered,no_viable_candidate,UNKNOWN,-1000,data/raw/icml/2015/first_pages/ICML-2015-P0207.txt,http://proceedings.mlr.press/v37/wei15.pdf
ICML-2015-P0208,ICML-2015-A000642,Philip Bachman,numbered,no_viable_candidate,UNKNOWN,-1000,data/raw/icml/2015/first_pages/ICML-2015-P0208.txt,http://proceedings.mlr.press/v37/bachman15.pdf
ICML-2015-P0208,ICML-2015-A000643,Doina Precup,numbered,no_viable_candidate,UNKNOWN,-1000,data/raw/icml/2015/first_pages/ICML-2015-P0208.txt,http://proceedings.mlr.press/v37/bachman15.pdf
ICML-2015-P0209,ICML-2015-A000644,Chenxin Ma,symbol,no_viable_candidate,UNKNOWN,-1000,data/raw/icml/2015/first_pages/ICML-2015-P0209.txt,http://proceedings.mlr.press/v37/mab15.pdf
ICML-2015-P0209,ICML-2015-A000645,Virginia Smith,symbol,no_viable_candidate,UNKNOWN,-1000,data/raw/icml/2015/first_pages/ICML-2015-P0209.txt,http://proceedings.mlr.press/v37/mab15.pdf
ICML-2015-P0209,ICML-2015-A000646,Martin Jaggi,symbol,no_viable_candidate,UNKNOWN,-1000,data/raw/icml/2015/first_pages/ICML-2015-P0209.txt,http://proceedings.mlr.press/v37/mab15.pdf
ICML-2015-P0209,ICML-2015-A000647,Michael Jordan,symbol,no_viable_candidate,UNKNOWN,-1000,data/raw/icml/2015/first_pages/ICML-2015-P0209.txt,http://proceedings.mlr.press/v37/mab15.pdf
ICML-2015-P0209,ICML-2015-A000648,Peter Richtarik,symbol,no_viable_candidate,UNKNOWN,-1000,data/raw/icml/2015/first_pages/ICML-2015-P0209.txt,http://proceedings.mlr.press/v37/mab15.pdf
ICML-2015-P0209,ICML-2015-A000649,Martin Takac,symbol,no_viable_candidate,UNKNOWN,-1000,data/raw/icml/2015/first_pages/ICML-2015-P0209.txt,http://proceedings.mlr.press/v37/mab15.pdf
ICML-2015-P0210,ICML-2015-A000650,Feng Nan,numbered,no_viable_candidate,UNKNOWN,-1000,data/raw/icml/2015/first_pages/ICML-2015-P0210.txt,http://proceedings.mlr.press/v37/nan15.pdf
ICML-2015-P0210,ICML-2015-A000651,Joseph Wang,numbered,no_viable_candidate,UNKNOWN,-1000,data/raw/icml/2015/first_pages/ICML-2015-P0210.txt,http://proceedings.mlr.press/v37/nan15.pdf
ICML-2015-P0210,ICML-2015-A000652,Venkatesh Saligrama,numbered,no_viable_candidate,UNKNOWN,-1000,data/raw/icml/2015/first_pages/ICML-2015-P0210.txt,http://proceedings.mlr.press/v37/nan15.pdf
ICML-2015-P0211,ICML-2015-A000653,Maxwell Libbrecht,numbered,no_viable_candidate,UNKNOWN,-1000,data/raw/icml/2015/first_pages/ICML-2015-P0211.txt,http://proceedings.mlr.press/v37/libbrecht15.pdf
ICML-2015-P0211,ICML-2015-A000654,Michael Hoffman,numbered,no_viable_candidate,UNKNOWN,-1000,data/raw/icml/2015/first_pages/ICML-2015-P0211.txt,http://proceedings.mlr.press/v37/libbrecht15.pdf
ICML-2015-P0211,ICML-2015-A000655,Jeff Bilmes,numbered,no_viable_candidate,UNKNOWN,-1000,data/raw/icml/2015/first_pages/ICML-2015-P0211.txt,http://proceedings.mlr.press/v37/libbrecht15.pdf
ICML-2015-P0211,ICML-2015-A000656,William Noble,numbered,no_viable_candidate,UNKNOWN,-1000,data/raw/icml/2015/first_pages/ICML-2015-P0211.txt,http://proceedings.mlr.press/v37/libbrecht15.pdf
ICML-2015-P0212,ICML-2015-A000657,Tam Le,symbol,no_viable_candidate,UNKNOWN,-1000,data/raw/icml/2015/first_pages/ICML-2015-P0212.txt,http://proceedings.mlr.press/v37/le15.pdf
ICML-2015-P0212,ICML-2015-A000658,Marco Cuturi,symbol,no_viable_candidate,UNKNOWN,-1000,data/raw/icml/2015/first_pages/ICML-2015-P0212.txt,http://proceedings.mlr.press/v37/le15.pdf
ICML-2015-P0213,ICML-2015-A000659,Or Zuk,stacked,no_viable_candidate,UNKNOWN,-1000,data/raw/icml/2015/first_pages/ICML-2015-P0213.txt,http://proceedings.mlr.press/v37/zuk15.pdf
ICML-2015-P0213,ICML-2015-A000660,Avishai Wagner,stacked,no_viable_candidate,UNKNOWN,-1000,data/raw/icml/2015/first_pages/ICML-2015-P0213.txt,http://proceedings.mlr.press/v37/zuk15.pdf
ICML-2015-P0214,ICML-2015-A000661,Sébastien Giguère,numbered,no_viable_candidate,UNKNOWN,-1000,data/raw/icml/2015/first_pages/ICML-2015-P0214.txt,http://proceedings.mlr.press/v37/giguere15.pdf
ICML-2015-P0214,ICML-2015-A000662,Amélie Rolland,numbered,no_viable_candidate,UNKNOWN,-1000,data/raw/icml/2015/first_pages/ICML-2015-P0214.txt,http://proceedings.mlr.press/v37/giguere15.pdf
ICML-2015-P0214,ICML-2015-A000663,Francois Laviolette,numbered,no_viable_candidate,UNKNOWN,-1000,data/raw/icml/2015/first_pages/ICML-2015-P0214.txt,http://proceedings.mlr.press/v37/giguere15.pdf
ICML-2015-P0214,ICML-2015-A000664,Mario Marchand,numbered,no_viable_candidate,UNKNOWN,-1000,data/raw/icml/2015/first_pages/ICML-2015-P0214.txt,http://proceedings.mlr.press/v37/giguere15.pdf
ICML-2015-P0215,ICML-2015-A000665,Wenzhao Lian,numbered,no_viable_candidate,UNKNOWN,-1000,data/raw/icml/2015/first_pages/ICML-2015-P0215.txt,http://proceedings.mlr.press/v37/lian15.pdf
ICML-2015-P0215,ICML-2015-A000666,Ricardo Henao,numbered,no_viable_candidate,UNKNOWN,-1000,data/raw/icml/2015/first_pages/ICML-2015-P0215.txt,http://proceedings.mlr.press/v37/lian15.pdf
ICML-2015-P0215,ICML-2015-A000667,Vinayak Rao,numbered,no_viable_candidate,UNKNOWN,-1000,data/raw/icml/2015/first_pages/ICML-2015-P0215.txt,http://proceedings.mlr.press/v37/lian15.pdf
ICML-2015-P0215,ICML-2015-A000668,Joseph Lucas,numbered,no_viable_candidate,UNKNOWN,-1000,data/raw/icml/2015/first_pages/ICML-2015-P0215.txt,http://proceedings.mlr.press/v37/lian15.pdf
ICML-2015-P0215,ICML-2015-A000669,Lawrence Carin,numbered,no_viable_candidate,UNKNOWN,-1000,data/raw/icml/2015/first_pages/ICML-2015-P0215.txt,http://proceedings.mlr.press/v37/lian15.pdf
ICML-2015-P0216,ICML-2015-A000670,Michael Zhu,stacked,no_viable_candidate,UNKNOWN,-1000,data/raw/icml/2015/first_pages/ICML-2015-P0216.txt,http://proceedings.mlr.press/v37/zhuc15.pdf
ICML-2015-P0216,ICML-2015-A000671,Stefano Ermon,stacked,no_viable_candidate,UNKNOWN,-1000,data/raw/icml/2015/first_pages/ICML-2015-P0216.txt,http://proceedings.mlr.press/v37/zhuc15.pdf
ICML-2015-P0217,ICML-2015-A000672,Kelvin Xu,shared,complete_shared_variant,machine learning and AI research.,2,data/raw/icml/2015/first_pages/ICML-2015-P0217.txt,http://proceedings.mlr.press/v37/xuc15.pdf
ICML-2015-P0217,ICML-2015-A000673,Jimmy Ba,shared,complete_shared_variant,machine learning and AI research.,2,data/raw/icml/2015/first_pages/ICML-2015-P0217.txt,http://proceedings.mlr.press/v37/xuc15.pdf
ICML-2015-P0217,ICML-2015-A000674,Ryan Kiros,shared,complete_shared_variant,machine learning and AI research.,2,data/raw/icml/2015/first_pages/ICML-2015-P0217.txt,http://proceedings.mlr.press/v37/xuc15.pdf
ICML-2015-P0217,ICML-2015-A000675,Kyunghyun Cho,shared,complete_shared_variant,machine learning and AI research.,2,data/raw/icml/2015/first_pages/ICML-2015-P0217.txt,http://proceedings.mlr.press/v37/xuc15.pdf
ICML-2015-P0217,ICML-2015-A000676,Aaron Courville,shared,complete_shared_variant,machine learning and AI research.,2,data/raw/icml/2015/first_pages/ICML-2015-P0217.txt,http://proceedings.mlr.press/v37/xuc15.pdf
ICML-2015-P0217,ICML-2015-A000677,Ruslan Salakhudinov,shared,complete_shared_variant,machine learning and AI research.,2,data/raw/icml/2015/first_pages/ICML-2015-P0217.txt,http://proceedings.mlr.press/v37/xuc15.pdf
ICML-2015-P0217,ICML-2015-A000678,Rich Zemel,shared,complete_shared_variant,machine learning and AI research.,2,data/raw/icml/2015/first_pages/ICML-2015-P0217.txt,http://proceedings.mlr.press/v37/xuc15.pdf
ICML-2015-P0217,ICML-2015-A000679,Yoshua Bengio,shared,complete_shared_variant,machine learning and AI research.,2,data/raw/icml/2015/first_pages/ICML-2015-P0217.txt,http://proceedings.mlr.press/v37/xuc15.pdf
ICML-2015-P0218,ICML-2015-A000680,Kai-Wei Chang,numbered,no_viable_candidate,UNKNOWN,-1000,data/raw/icml/2015/first_pages/ICML-2015-P0218.txt,http://proceedings.mlr.press/v37/changb15.pdf
ICML-2015-P0218,ICML-2015-A000681,Akshay Krishnamurthy,numbered,no_viable_candidate,UNKNOWN,-1000,data/raw/icml/2015/first_pages/ICML-2015-P0218.txt,http://proceedings.mlr.press/v37/changb15.pdf
ICML-2015-P0218,ICML-2015-A000682,Alekh Agarwal,numbered,no_viable_candidate,UNKNOWN,-1000,data/raw/icml/2015/first_pages/ICML-2015-P0218.txt,http://proceedings.mlr.press/v37/changb15.pdf
ICML-2015-P0218,ICML-2015-A000683,Hal Daumé III,numbered,no_viable_candidate,UNKNOWN,-1000,data/raw/icml/2015/first_pages/ICML-2015-P0218.txt,http://proceedings.mlr.press/v37/changb15.pdf
ICML-2015-P0218,ICML-2015-A000684,John Langford,numbered,no_viable_candidate,UNKNOWN,-1000,data/raw/icml/2015/first_pages/ICML-2015-P0218.txt,http://proceedings.mlr.press/v37/changb15.pdf
ICML-2015-P0219,ICML-2015-A000685,Junyoung Chung,symbol,no_viable_candidate,UNKNOWN,-1000,data/raw/icml/2015/first_pages/ICML-2015-P0219.txt,http://proceedings.mlr.press/v37/chung15.pdf
ICML-2015-P0219,ICML-2015-A000686,Caglar Gulcehre,symbol,no_viable_candidate,UNKNOWN,-1000,data/raw/icml/2015/first_pages/ICML-2015-P0219.txt,http://proceedings.mlr.press/v37/chung15.pdf
ICML-2015-P0219,ICML-2015-A000687,Kyunghyun Cho,symbol,no_viable_candidate,UNKNOWN,-1000,data/raw/icml/2015/first_pages/ICML-2015-P0219.txt,http://proceedings.mlr.press/v37/chung15.pdf
ICML-2015-P0219,ICML-2015-A000688,Yoshua Bengio,symbol,no_viable_candidate,UNKNOWN,-1000,data/raw/icml/2015/first_pages/ICML-2015-P0219.txt,http://proceedings.mlr.press/v37/chung15.pdf
ICML-2015-P0220,ICML-2015-A000689,Erfan Soltanmohammadi,stacked,no_viable_candidate,UNKNOWN,-1000,data/raw/icml/2015/first_pages/ICML-2015-P0220.txt,http://proceedings.mlr.press/v37/soltanmohammadi15.pdf
ICML-2015-P0220,ICML-2015-A000690,Mort Naraghi-Pour,stacked,no_viable_candidate,UNKNOWN,-1000,data/raw/icml/2015/first_pages/ICML-2015-P0220.txt,http://proceedings.mlr.press/v37/soltanmohammadi15.pdf
ICML-2015-P0220,ICML-2015-A000691,Mihaela Schaar,stacked,no_viable_candidate,UNKNOWN,-1000,data/raw/icml/2015/first_pages/ICML-2015-P0220.txt,http://proceedings.mlr.press/v37/soltanmohammadi15.pdf
ICML-2015-P0221,ICML-2015-A000692,Remi Lebret,symbol,no_viable_candidate,UNKNOWN,-1000,data/raw/icml/2015/first_pages/ICML-2015-P0221.txt,http://proceedings.mlr.press/v37/lebret15.pdf
ICML-2015-P0221,ICML-2015-A000693,Pedro Pinheiro,symbol,no_viable_candidate,UNKNOWN,-1000,data/raw/icml/2015/first_pages/ICML-2015-P0221.txt,http://proceedings.mlr.press/v37/lebret15.pdf
ICML-2015-P0221,ICML-2015-A000694,Ronan Collobert,symbol,no_viable_candidate,UNKNOWN,-1000,data/raw/icml/2015/first_pages/ICML-2015-P0221.txt,http://proceedings.mlr.press/v37/lebret15.pdf
ICML-2015-P0222,ICML-2015-A000695,Jeffrey Regier,shared,complete_shared_variant,show that much interesting research remains to be done.,2,data/raw/icml/2015/first_pages/ICML-2015-P0222.txt,http://proceedings.mlr.press/v37/regier15.pdf
ICML-2015-P0222,ICML-2015-A000696,Andrew Miller,shared,complete_shared_variant,show that much interesting research remains to be done.,2,data/raw/icml/2015/first_pages/ICML-2015-P0222.txt,http://proceedings.mlr.press/v37/regier15.pdf
ICML-2015-P0222,ICML-2015-A000697,Jon McAuliffe,shared,complete_shared_variant,show that much interesting research remains to be done.,2,data/raw/icml/2015/first_pages/ICML-2015-P0222.txt,http://proceedings.mlr.press/v37/regier15.pdf
ICML-2015-P0222,ICML-2015-A000698,Ryan Adams,shared,complete_shared_variant,show that much interesting research remains to be done.,2,data/raw/icml/2015/first_pages/ICML-2015-P0222.txt,http://proceedings.mlr.press/v37/regier15.pdf
ICML-2015-P0222,ICML-2015-A000699,Matt Hoffman,shared,complete_shared_variant,show that much interesting research remains to be done.,2,data/raw/icml/2015/first_pages/ICML-2015-P0222.txt,http://proceedings.mlr.press/v37/regier15.pdf
ICML-2015-P0222,ICML-2015-A000700,Dustin Lang,shared,complete_shared_variant,show that much interesting research remains to be done.,2,data/raw/icml/2015/first_pages/ICML-2015-P0222.txt,http://proceedings.mlr.press/v37/regier15.pdf
ICML-2015-P0222,ICML-2015-A000701,David Schlegel,shared,complete_shared_variant,show that much interesting research remains to be done.,2,data/raw/icml/2015/first_pages/ICML-2015-P0222.txt,http://proceedings.mlr.press/v37/regier15.pdf
ICML-2015-P0222,ICML-2015-A000702,Mr Prabhat,shared,complete_shared_variant,show that much interesting research remains to be done.,2,data/raw/icml/2015/first_pages/ICML-2015-P0222.txt,http://proceedings.mlr.press/v37/regier15.pdf
ICML-2015-P0223,ICML-2015-A000703,Adarsh Prasad,symbol,no_viable_candidate,UNKNOWN,-1000,data/raw/icml/2015/first_pages/ICML-2015-P0223.txt,http://proceedings.mlr.press/v37/prasad15.pdf
ICML-2015-P0223,ICML-2015-A000704,Harsh Pareek,symbol,no_viable_candidate,UNKNOWN,-1000,data/raw/icml/2015/first_pages/ICML-2015-P0223.txt,http://proceedings.mlr.press/v37/prasad15.pdf
ICML-2015-P0223,ICML-2015-A000705,Pradeep Ravikumar,symbol,no_viable_candidate,UNKNOWN,-1000,data/raw/icml/2015/first_pages/ICML-2015-P0223.txt,http://proceedings.mlr.press/v37/prasad15.pdf
ICML-2015-P0224,ICML-2015-A000706,Dougal Maclaurin,numbered,no_viable_candidate,UNKNOWN,-1000,data/raw/icml/2015/first_pages/ICML-2015-P0224.txt,http://proceedings.mlr.press/v37/maclaurin15.pdf
ICML-2015-P0224,ICML-2015-A000707,David Duvenaud,numbered,no_viable_candidate,UNKNOWN,-1000,data/raw/icml/2015/first_pages/ICML-2015-P0224.txt,http://proceedings.mlr.press/v37/maclaurin15.pdf
ICML-2015-P0224,ICML-2015-A000708,Ryan Adams,numbered,no_viable_candidate,UNKNOWN,-1000,data/raw/icml/2015/first_pages/ICML-2015-P0224.txt,http://proceedings.mlr.press/v37/maclaurin15.pdf
ICML-2015-P0225,ICML-2015-A000709,Miltos Allamanis,symbol,no_viable_candidate,UNKNOWN,-1000,data/raw/icml/2015/first_pages/ICML-2015-P0225.txt,http://proceedings.mlr.press/v37/allamanis15.pdf
ICML-2015-P0225,ICML-2015-A000710,Daniel Tarlow,symbol,no_viable_candidate,UNKNOWN,-1000,data/raw/icml/2015/first_pages/ICML-2015-P0225.txt,http://proceedings.mlr.press/v37/allamanis15.pdf
ICML-2015-P0225,ICML-2015-A000711,Andrew Gordon,symbol,no_viable_candidate,UNKNOWN,-1000,data/raw/icml/2015/first_pages/ICML-2015-P0225.txt,http://proceedings.mlr.press/v37/allamanis15.pdf
ICML-2015-P0225,ICML-2015-A000712,Yi Wei,stacked,best_scoring_candidate,"Microsoft Research, Station Road, Cambridge, CB1 2FB, United Kingdom",6,data/raw/icml/2015/first_pages/ICML-2015-P0225.txt,http://proceedings.mlr.press/v37/allamanis15.pdf
ICML-2015-P0226,ICML-2015-A000713,Manjesh Hanawal,stacked,no_viable_candidate,UNKNOWN,-1000,data/raw/icml/2015/first_pages/ICML-2015-P0226.txt,http://proceedings.mlr.press/v37/hanawal15.pdf
ICML-2015-P0226,ICML-2015-A000714,Venkatesh Saligrama,stacked,no_viable_candidate,UNKNOWN,-1000,data/raw/icml/2015/first_pages/ICML-2015-P0226.txt,http://proceedings.mlr.press/v37/hanawal15.pdf
ICML-2015-P0226,ICML-2015-A000715,Michal Valko,stacked,no_viable_candidate,UNKNOWN,-1000,data/raw/icml/2015/first_pages/ICML-2015-P0226.txt,http://proceedings.mlr.press/v37/hanawal15.pdf
ICML-2015-P0226,ICML-2015-A000716,Remi Munos,stacked,no_viable_candidate,UNKNOWN,-1000,data/raw/icml/2015/first_pages/ICML-2015-P0226.txt,http://proceedings.mlr.press/v37/hanawal15.pdf
ICML-2015-P0227,ICML-2015-A000717,Frederic Chazal,stacked,no_viable_candidate,UNKNOWN,-1000,data/raw/icml/2015/first_pages/ICML-2015-P0227.txt,http://proceedings.mlr.press/v37/chazal15.pdf
ICML-2015-P0227,ICML-2015-A000718,Brittany Fasy,stacked,no_viable_candidate,UNKNOWN,-1000,data/raw/icml/2015/first_pages/ICML-2015-P0227.txt,http://proceedings.mlr.press/v37/chazal15.pdf
ICML-2015-P0227,ICML-2015-A000719,Fabrizio Lecci,stacked,no_viable_candidate,UNKNOWN,-1000,data/raw/icml/2015/first_pages/ICML-2015-P0227.txt,http://proceedings.mlr.press/v37/chazal15.pdf
ICML-2015-P0227,ICML-2015-A000720,Bertrand Michel,stacked,no_viable_candidate,UNKNOWN,-1000,data/raw/icml/2015/first_pages/ICML-2015-P0227.txt,http://proceedings.mlr.press/v37/chazal15.pdf
ICML-2015-P0227,ICML-2015-A000721,Alessandro Rinaldo,stacked,no_viable_candidate,UNKNOWN,-1000,data/raw/icml/2015/first_pages/ICML-2015-P0227.txt,http://proceedings.mlr.press/v37/chazal15.pdf
ICML-2015-P0227,ICML-2015-A000722,Larry Wasserman,stacked,no_viable_candidate,UNKNOWN,-1000,data/raw/icml/2015/first_pages/ICML-2015-P0227.txt,http://proceedings.mlr.press/v37/chazal15.pdf
ICML-2015-P0228,ICML-2015-A000723,Bernardino Romera-Paredes,stacked,no_viable_candidate,UNKNOWN,-1000,data/raw/icml/2015/first_pages/ICML-2015-P0228.txt,http://proceedings.mlr.press/v37/romera-paredes15.pdf
ICML-2015-P0228,ICML-2015-A000724,Philip Torr,stacked,no_viable_candidate,UNKNOWN,-1000,data/raw/icml/2015/first_pages/ICML-2015-P0228.txt,http://proceedings.mlr.press/v37/romera-paredes15.pdf
ICML-2015-P0229,ICML-2015-A000725,Xinyang Yi,stacked,no_viable_candidate,UNKNOWN,-1000,data/raw/icml/2015/first_pages/ICML-2015-P0229.txt,http://proceedings.mlr.press/v37/yi15.pdf
ICML-2015-P0229,ICML-2015-A000726,Constantine Caramanis,stacked,no_viable_candidate,UNKNOWN,-1000,data/raw/icml/2015/first_pages/ICML-2015-P0229.txt,http://proceedings.mlr.press/v37/yi15.pdf
ICML-2015-P0229,ICML-2015-A000727,Eric Price,stacked,no_viable_candidate,UNKNOWN,-1000,data/raw/icml/2015/first_pages/ICML-2015-P0229.txt,http://proceedings.mlr.press/v37/yi15.pdf
ICML-2015-P0230,ICML-2015-A000728,Jasper Snoek,symbol,no_viable_candidate,UNKNOWN,-1000,data/raw/icml/2015/first_pages/ICML-2015-P0230.txt,http://proceedings.mlr.press/v37/snoek15.pdf
ICML-2015-P0230,ICML-2015-A000729,Oren Rippel,symbol,no_viable_candidate,UNKNOWN,-1000,data/raw/icml/2015/first_pages/ICML-2015-P0230.txt,http://proceedings.mlr.press/v37/snoek15.pdf
ICML-2015-P0230,ICML-2015-A000730,Kevin Swersky,symbol,no_viable_candidate,UNKNOWN,-1000,data/raw/icml/2015/first_pages/ICML-2015-P0230.txt,http://proceedings.mlr.press/v37/snoek15.pdf
ICML-2015-P0230,ICML-2015-A000731,Ryan Kiros,symbol,no_viable_candidate,UNKNOWN,-1000,data/raw/icml/2015/first_pages/ICML-2015-P0230.txt,http://proceedings.mlr.press/v37/snoek15.pdf
ICML-2015-P0230,ICML-2015-A000732,Nadathur Satish,symbol,no_viable_candidate,UNKNOWN,-1000,data/raw/icml/2015/first_pages/ICML-2015-P0230.txt,http://proceedings.mlr.press/v37/snoek15.pdf
ICML-2015-P0230,ICML-2015-A000733,Narayanan Sundaram,symbol,no_viable_candidate,UNKNOWN,-1000,data/raw/icml/2015/first_pages/ICML-2015-P0230.txt,http://proceedings.mlr.press/v37/snoek15.pdf
ICML-2015-P0230,ICML-2015-A000734,Mostofa Patwary,symbol,no_viable_candidate,UNKNOWN,-1000,data/raw/icml/2015/first_pages/ICML-2015-P0230.txt,http://proceedings.mlr.press/v37/snoek15.pdf
ICML-2015-P0230,ICML-2015-A000735,Mr Prabhat,symbol,no_viable_candidate,UNKNOWN,-1000,data/raw/icml/2015/first_pages/ICML-2015-P0230.txt,http://proceedings.mlr.press/v37/snoek15.pdf
ICML-2015-P0230,ICML-2015-A000736,Ryan Adams,symbol,no_viable_candidate,UNKNOWN,-1000,data/raw/icml/2015/first_pages/ICML-2015-P0230.txt,http://proceedings.mlr.press/v37/snoek15.pdf
ICML-2015-P0231,ICML-2015-A000737,Amir Globerson,stacked,no_viable_candidate,UNKNOWN,-1000,data/raw/icml/2015/first_pages/ICML-2015-P0231.txt,http://proceedings.mlr.press/v37/globerson15.pdf
ICML-2015-P0231,ICML-2015-A000738,Tim Roughgarden,stacked,no_viable_candidate,UNKNOWN,-1000,data/raw/icml/2015/first_pages/ICML-2015-P0231.txt,http://proceedings.mlr.press/v37/globerson15.pdf
ICML-2015-P0231,ICML-2015-A000739,David Sontag,stacked,no_viable_candidate,UNKNOWN,-1000,data/raw/icml/2015/first_pages/ICML-2015-P0231.txt,http://proceedings.mlr.press/v37/globerson15.pdf
ICML-2015-P0231,ICML-2015-A000740,Cafer Yildirim,stacked,no_viable_candidate,UNKNOWN,-1000,data/raw/icml/2015/first_pages/ICML-2015-P0231.txt,http://proceedings.mlr.press/v37/globerson15.pdf
ICML-2015-P0232,ICML-2015-A000741,Oren Anava,numbered,no_viable_candidate,UNKNOWN,-1000,data/raw/icml/2015/first_pages/ICML-2015-P0232.txt,http://proceedings.mlr.press/v37/anava15.pdf
ICML-2015-P0232,ICML-2015-A000742,Elad Hazan,numbered,no_viable_candidate,UNKNOWN,-1000,data/raw/icml/2015/first_pages/ICML-2015-P0232.txt,http://proceedings.mlr.press/v37/anava15.pdf
ICML-2015-P0232,ICML-2015-A000743,Assaf Zeevi,numbered,no_viable_candidate,UNKNOWN,-1000,data/raw/icml/2015/first_pages/ICML-2015-P0232.txt,http://proceedings.mlr.press/v37/anava15.pdf
ICML-2015-P0233,ICML-2015-A000744,Jason Pacheco,stacked,no_viable_candidate,UNKNOWN,-1000,data/raw/icml/2015/first_pages/ICML-2015-P0233.txt,http://proceedings.mlr.press/v37/pacheco15.pdf
ICML-2015-P0233,ICML-2015-A000745,Erik Sudderth,stacked,no_viable_candidate,UNKNOWN,-1000,data/raw/icml/2015/first_pages/ICML-2015-P0233.txt,http://proceedings.mlr.press/v37/pacheco15.pdf
ICML-2015-P0234,ICML-2015-A000746,Yacine Jernite,stacked,best_scoring_candidate,"CIMS, New York University, Mercer Street, New York, NY , USA Alexander M. Rush Facebook AI Research, Broadway, New York, NY , USA",2,data/raw/icml/2015/first_pages/ICML-2015-P0234.txt,http://proceedings.mlr.press/v37/jernite15.pdf
ICML-2015-P0234,ICML-2015-A000747,Alexander Rush,stacked,no_viable_candidate,UNKNOWN,-1000,data/raw/icml/2015/first_pages/ICML-2015-P0234.txt,http://proceedings.mlr.press/v37/jernite15.pdf
ICML-2015-P0234,ICML-2015-A000748,David Sontag,stacked,best_scoring_candidate,"CIMS, New York University, Mercer Street, New York, NY , USA",4,data/raw/icml/2015/first_pages/ICML-2015-P0234.txt,http://proceedings.mlr.press/v37/jernite15.pdf
ICML-2015-P0235,ICML-2015-A000749,Bernhard Schölkopf,stacked,no_viable_candidate,UNKNOWN,-1000,data/raw/icml/2015/first_pages/ICML-2015-P0235.txt,http://proceedings.mlr.press/v37/scholkopf15.pdf
ICML-2015-P0235,ICML-2015-A000750,David Hogg,stacked,no_viable_candidate,UNKNOWN,-1000,data/raw/icml/2015/first_pages/ICML-2015-P0235.txt,http://proceedings.mlr.press/v37/scholkopf15.pdf
ICML-2015-P0235,ICML-2015-A000751,Dun Wang,stacked,no_viable_candidate,UNKNOWN,-1000,data/raw/icml/2015/first_pages/ICML-2015-P0235.txt,http://proceedings.mlr.press/v37/scholkopf15.pdf
ICML-2015-P0235,ICML-2015-A000752,Dan Foreman-Mackey,stacked,no_viable_candidate,UNKNOWN,-1000,data/raw/icml/2015/first_pages/ICML-2015-P0235.txt,http://proceedings.mlr.press/v37/scholkopf15.pdf
ICML-2015-P0235,ICML-2015-A000753,Dominik Janzing,stacked,no_viable_candidate,UNKNOWN,-1000,data/raw/icml/2015/first_pages/ICML-2015-P0235.txt,http://proceedings.mlr.press/v37/scholkopf15.pdf
ICML-2015-P0235,ICML-2015-A000754,Carl-Johann Simon-Gabriel,stacked,no_viable_candidate,UNKNOWN,-1000,data/raw/icml/2015/first_pages/ICML-2015-P0235.txt,http://proceedings.mlr.press/v37/scholkopf15.pdf
ICML-2015-P0235,ICML-2015-A000755,Jonas Peters,stacked,no_viable_candidate,UNKNOWN,-1000,data/raw/icml/2015/first_pages/ICML-2015-P0235.txt,http://proceedings.mlr.press/v37/scholkopf15.pdf
ICML-2015-P0236,ICML-2015-A000756,Yves-Laurent Kom Samo,stacked,no_viable_candidate,UNKNOWN,-1000,data/raw/icml/2015/first_pages/ICML-2015-P0236.txt,http://proceedings.mlr.press/v37/samo15.pdf
ICML-2015-P0236,ICML-2015-A000757,Stephen Roberts,stacked,no_viable_candidate,UNKNOWN,-1000,data/raw/icml/2015/first_pages/ICML-2015-P0236.txt,http://proceedings.mlr.press/v37/samo15.pdf
ICML-2015-P0237,ICML-2015-A000758,KookJin Ahn,shared,complete_shared_variant,"Currently at Google, Inc. Email:",4,data/raw/icml/2015/first_pages/ICML-2015-P0237.txt,http://proceedings.mlr.press/v37/ahn15.pdf
ICML-2015-P0237,ICML-2015-A000759,Graham Cormode,shared,complete_shared_variant,"Currently at Google, Inc. Email:",4,data/raw/icml/2015/first_pages/ICML-2015-P0237.txt,http://proceedings.mlr.press/v37/ahn15.pdf
ICML-2015-P0237,ICML-2015-A000760,Sudipto Guha,shared,complete_shared_variant,"Currently at Google, Inc. Email:",4,data/raw/icml/2015/first_pages/ICML-2015-P0237.txt,http://proceedings.mlr.press/v37/ahn15.pdf
ICML-2015-P0237,ICML-2015-A000761,Andrew McGregor,shared,complete_shared_variant,"Currently at Google, Inc. Email:",4,data/raw/icml/2015/first_pages/ICML-2015-P0237.txt,http://proceedings.mlr.press/v37/ahn15.pdf
ICML-2015-P0237,ICML-2015-A000762,Anthony Wirth,shared,complete_shared_variant,"Currently at Google, Inc. Email:",4,data/raw/icml/2015/first_pages/ICML-2015-P0237.txt,http://proceedings.mlr.press/v37/ahn15.pdf
ICML-2015-P0238,ICML-2015-A000763,Qingming Tang,numbered,no_viable_candidate,UNKNOWN,-1000,data/raw/icml/2015/first_pages/ICML-2015-P0238.txt,http://proceedings.mlr.press/v37/tangb15.pdf
ICML-2015-P0238,ICML-2015-A000764,Siqi Sun,numbered,no_viable_candidate,UNKNOWN,-1000,data/raw/icml/2015/first_pages/ICML-2015-P0238.txt,http://proceedings.mlr.press/v37/tangb15.pdf
ICML-2015-P0238,ICML-2015-A000765,Jinbo Xu,numbered,no_viable_candidate,UNKNOWN,-1000,data/raw/icml/2015/first_pages/ICML-2015-P0238.txt,http://proceedings.mlr.press/v37/tangb15.pdf
ICML-2015-P0239,ICML-2015-A000766,Jascha Sohl-Dickstein,numbered,no_viable_candidate,UNKNOWN,-1000,data/raw/icml/2015/first_pages/ICML-2015-P0239.txt,http://proceedings.mlr.press/v37/sohl-dickstein15.pdf
ICML-2015-P0239,ICML-2015-A000767,Eric Weiss,numbered,no_viable_candidate,UNKNOWN,-1000,data/raw/icml/2015/first_pages/ICML-2015-P0239.txt,http://proceedings.mlr.press/v37/sohl-dickstein15.pdf
ICML-2015-P0239,ICML-2015-A000768,Niru Maheswaranathan,numbered,no_viable_candidate,UNKNOWN,-1000,data/raw/icml/2015/first_pages/ICML-2015-P0239.txt,http://proceedings.mlr.press/v37/sohl-dickstein15.pdf
ICML-2015-P0239,ICML-2015-A000769,Surya Ganguli,numbered,no_viable_candidate,UNKNOWN,-1000,data/raw/icml/2015/first_pages/ICML-2015-P0239.txt,http://proceedings.mlr.press/v37/sohl-dickstein15.pdf
ICML-2015-P0240,ICML-2015-A000770,Andrew Trask,stacked,no_viable_candidate,UNKNOWN,-1000,data/raw/icml/2015/first_pages/ICML-2015-P0240.txt,http://proceedings.mlr.press/v37/trask15.pdf
ICML-2015-P0240,ICML-2015-A000771,David Gilmore,stacked,no_viable_candidate,UNKNOWN,-1000,data/raw/icml/2015/first_pages/ICML-2015-P0240.txt,http://proceedings.mlr.press/v37/trask15.pdf
ICML-2015-P0240,ICML-2015-A000772,Matthew Russell,stacked,no_viable_candidate,UNKNOWN,-1000,data/raw/icml/2015/first_pages/ICML-2015-P0240.txt,http://proceedings.mlr.press/v37/trask15.pdf
ICML-2015-P0241,ICML-2015-A000773,Hong Ge,stacked,no_viable_candidate,UNKNOWN,-1000,data/raw/icml/2015/first_pages/ICML-2015-P0241.txt,http://proceedings.mlr.press/v37/gea15.pdf
ICML-2015-P0241,ICML-2015-A000774,Yutian Chen,stacked,no_viable_candidate,UNKNOWN,-1000,data/raw/icml/2015/first_pages/ICML-2015-P0241.txt,http://proceedings.mlr.press/v37/gea15.pdf
ICML-2015-P0241,ICML-2015-A000775,Moquan Wan,stacked,no_viable_candidate,UNKNOWN,-1000,data/raw/icml/2015/first_pages/ICML-2015-P0241.txt,http://proceedings.mlr.press/v37/gea15.pdf
ICML-2015-P0241,ICML-2015-A000776,Zoubin Ghahramani,stacked,no_viable_candidate,UNKNOWN,-1000,data/raw/icml/2015/first_pages/ICML-2015-P0241.txt,http://proceedings.mlr.press/v37/gea15.pdf
ICML-2015-P0242,ICML-2015-A000777,Wenlin Chen,numbered,no_viable_candidate,UNKNOWN,-1000,data/raw/icml/2015/first_pages/ICML-2015-P0242.txt,http://proceedings.mlr.press/v37/chenc15.pdf
ICML-2015-P0242,ICML-2015-A000778,James Wilson,numbered,no_viable_candidate,UNKNOWN,-1000,data/raw/icml/2015/first_pages/ICML-2015-P0242.txt,http://proceedings.mlr.press/v37/chenc15.pdf
ICML-2015-P0242,ICML-2015-A000779,Stephen Tyree,numbered,no_viable_candidate,UNKNOWN,-1000,data/raw/icml/2015/first_pages/ICML-2015-P0242.txt,http://proceedings.mlr.press/v37/chenc15.pdf
ICML-2015-P0242,ICML-2015-A000780,Kilian Weinberger,numbered,no_viable_candidate,UNKNOWN,-1000,data/raw/icml/2015/first_pages/ICML-2015-P0242.txt,http://proceedings.mlr.press/v37/chenc15.pdf
ICML-2015-P0242,ICML-2015-A000781,Yixin Chen,numbered,no_viable_candidate,UNKNOWN,-1000,data/raw/icml/2015/first_pages/ICML-2015-P0242.txt,http://proceedings.mlr.press/v37/chenc15.pdf
ICML-2015-P0243,ICML-2015-A000782,Rong Ge,stacked,no_viable_candidate,UNKNOWN,-1000,data/raw/icml/2015/first_pages/ICML-2015-P0243.txt,http://proceedings.mlr.press/v37/geb15.pdf
ICML-2015-P0243,ICML-2015-A000783,James Zou,stacked,no_viable_candidate,UNKNOWN,-1000,data/raw/icml/2015/first_pages/ICML-2015-P0243.txt,http://proceedings.mlr.press/v37/geb15.pdf
ICML-2015-P0244,ICML-2015-A000784,Roger Grosse,stacked,no_viable_candidate,UNKNOWN,-1000,data/raw/icml/2015/first_pages/ICML-2015-P0244.txt,http://proceedings.mlr.press/v37/grosse15.pdf
ICML-2015-P0244,ICML-2015-A000785,Ruslan Salakhudinov,stacked,no_viable_candidate,UNKNOWN,-1000,data/raw/icml/2015/first_pages/ICML-2015-P0244.txt,http://proceedings.mlr.press/v37/grosse15.pdf
ICML-2015-P0245,ICML-2015-A000786,Harm Vanseijen,stacked,no_viable_candidate,UNKNOWN,-1000,data/raw/icml/2015/first_pages/ICML-2015-P0245.txt,http://proceedings.mlr.press/v37/vanseijen15.pdf
ICML-2015-P0245,ICML-2015-A000787,Rich Sutton,stacked,no_viable_candidate,UNKNOWN,-1000,data/raw/icml/2015/first_pages/ICML-2015-P0245.txt,http://proceedings.mlr.press/v37/vanseijen15.pdf
ICML-2015-P0246,ICML-2015-A000788,Alina Beygelzimer,numbered,no_viable_candidate,UNKNOWN,-1000,data/raw/icml/2015/first_pages/ICML-2015-P0246.txt,http://proceedings.mlr.press/v37/beygelzimer15.pdf
ICML-2015-P0246,ICML-2015-A000789,Satyen Kale,numbered,no_viable_candidate,UNKNOWN,-1000,data/raw/icml/2015/first_pages/ICML-2015-P0246.txt,http://proceedings.mlr.press/v37/beygelzimer15.pdf
ICML-2015-P0246,ICML-2015-A000790,Haipeng Luo,numbered,no_viable_candidate,UNKNOWN,-1000,data/raw/icml/2015/first_pages/ICML-2015-P0246.txt,http://proceedings.mlr.press/v37/beygelzimer15.pdf
ICML-2015-P0247,ICML-2015-A000791,Christopher De Sa,numbered,no_viable_candidate,UNKNOWN,-1000,data/raw/icml/2015/first_pages/ICML-2015-P0247.txt,http://proceedings.mlr.press/v37/sa15.pdf
ICML-2015-P0247,ICML-2015-A000792,Christopher Re,numbered,no_viable_candidate,UNKNOWN,-1000,data/raw/icml/2015/first_pages/ICML-2015-P0247.txt,http://proceedings.mlr.press/v37/sa15.pdf
ICML-2015-P0247,ICML-2015-A000793,Kunle Olukotun,numbered,no_viable_candidate,UNKNOWN,-1000,data/raw/icml/2015/first_pages/ICML-2015-P0247.txt,http://proceedings.mlr.press/v37/sa15.pdf
ICML-2015-P0248,ICML-2015-A000794,Rafal Jozefowicz,shared,complete_shared_variant,Work done while the author was at Google.,2,data/raw/icml/2015/first_pages/ICML-2015-P0248.txt,http://proceedings.mlr.press/v37/jozefowicz15.pdf
ICML-2015-P0248,ICML-2015-A000795,Wojciech Zaremba,shared,complete_shared_variant,Work done while the author was at Google.,2,data/raw/icml/2015/first_pages/ICML-2015-P0248.txt,http://proceedings.mlr.press/v37/jozefowicz15.pdf
ICML-2015-P0248,ICML-2015-A000796,Ilya Sutskever,shared,complete_shared_variant,Work done while the author was at Google.,2,data/raw/icml/2015/first_pages/ICML-2015-P0248.txt,http://proceedings.mlr.press/v37/jozefowicz15.pdf
ICML-2015-P0249,ICML-2015-A000797,Ju Sun,numbered,no_viable_candidate,UNKNOWN,-1000,data/raw/icml/2015/first_pages/ICML-2015-P0249.txt,http://proceedings.mlr.press/v37/sund15.pdf
ICML-2015-P0249,ICML-2015-A000798,Qing Qu,numbered,no_viable_candidate,UNKNOWN,-1000,data/raw/icml/2015/first_pages/ICML-2015-P0249.txt,http://proceedings.mlr.press/v37/sund15.pdf
ICML-2015-P0249,ICML-2015-A000799,John Wright,numbered,no_viable_candidate,UNKNOWN,-1000,data/raw/icml/2015/first_pages/ICML-2015-P0249.txt,http://proceedings.mlr.press/v37/sund15.pdf
ICML-2015-P0250,ICML-2015-A000800,Haitham Bou Ammar,stacked,no_viable_candidate,UNKNOWN,-1000,data/raw/icml/2015/first_pages/ICML-2015-P0250.txt,http://proceedings.mlr.press/v37/ammar15.pdf
ICML-2015-P0250,ICML-2015-A000801,Rasul Tutunov,stacked,no_viable_candidate,UNKNOWN,-1000,data/raw/icml/2015/first_pages/ICML-2015-P0250.txt,http://proceedings.mlr.press/v37/ammar15.pdf
ICML-2015-P0250,ICML-2015-A000802,Eric Eaton,stacked,no_viable_candidate,UNKNOWN,-1000,data/raw/icml/2015/first_pages/ICML-2015-P0250.txt,http://proceedings.mlr.press/v37/ammar15.pdf
ICML-2015-P0251,ICML-2015-A000803,Cho-Jui Hsieh,numbered,no_viable_candidate,UNKNOWN,-1000,data/raw/icml/2015/first_pages/ICML-2015-P0251.txt,http://proceedings.mlr.press/v37/hsieha15.pdf
ICML-2015-P0251,ICML-2015-A000804,Hsiang-Fu Yu,numbered,no_viable_candidate,UNKNOWN,-1000,data/raw/icml/2015/first_pages/ICML-2015-P0251.txt,http://proceedings.mlr.press/v37/hsieha15.pdf
ICML-2015-P0251,ICML-2015-A000805,Inderjit Dhillon,numbered,no_viable_candidate,UNKNOWN,-1000,data/raw/icml/2015/first_pages/ICML-2015-P0251.txt,http://proceedings.mlr.press/v37/hsieha15.pdf
ICML-2015-P0252,ICML-2015-A000806,Philip Thomas,numbered,no_viable_candidate,UNKNOWN,-1000,data/raw/icml/2015/first_pages/ICML-2015-P0252.txt,http://proceedings.mlr.press/v37/thomas15.pdf
ICML-2015-P0252,ICML-2015-A000807,Georgios Theocharous,numbered,no_viable_candidate,UNKNOWN,-1000,data/raw/icml/2015/first_pages/ICML-2015-P0252.txt,http://proceedings.mlr.press/v37/thomas15.pdf
ICML-2015-P0252,ICML-2015-A000808,Mohammad Ghavamzadeh,numbered,no_viable_candidate,UNKNOWN,-1000,data/raw/icml/2015/first_pages/ICML-2015-P0252.txt,http://proceedings.mlr.press/v37/thomas15.pdf
ICML-2015-P0253,ICML-2015-A000809,Zelda Mariet,numbered,no_viable_candidate,UNKNOWN,-1000,data/raw/icml/2015/first_pages/ICML-2015-P0253.txt,http://proceedings.mlr.press/v37/mariet15.pdf
ICML-2015-P0253,ICML-2015-A000810,Suvrit Sra,numbered,no_viable_candidate,UNKNOWN,-1000,data/raw/icml/2015/first_pages/ICML-2015-P0253.txt,http://proceedings.mlr.press/v37/mariet15.pdf
ICML-2015-P0254,ICML-2015-A000811,Harikrishna Narasimhan,symbol,no_viable_candidate,UNKNOWN,-1000,data/raw/icml/2015/first_pages/ICML-2015-P0254.txt,http://proceedings.mlr.press/v37/narasimhanb15.pdf
ICML-2015-P0254,ICML-2015-A000812,Harish Ramaswamy,symbol,no_viable_candidate,UNKNOWN,-1000,data/raw/icml/2015/first_pages/ICML-2015-P0254.txt,http://proceedings.mlr.press/v37/narasimhanb15.pdf
ICML-2015-P0254,ICML-2015-A000813,Aadirupa Saha,symbol,no_viable_candidate,UNKNOWN,-1000,data/raw/icml/2015/first_pages/ICML-2015-P0254.txt,http://proceedings.mlr.press/v37/narasimhanb15.pdf
ICML-2015-P0254,ICML-2015-A000814,Shivani Agarwal,stacked,best_scoring_candidate,"Indian Institute of Science, Bangalore , INDIA",2,data/raw/icml/2015/first_pages/ICML-2015-P0254.txt,http://proceedings.mlr.press/v37/narasimhanb15.pdf
ICML-2015-P0255,ICML-2015-A000815,James Martens,stacked,no_viable_candidate,UNKNOWN,-1000,data/raw/icml/2015/first_pages/ICML-2015-P0255.txt,http://proceedings.mlr.press/v37/martens15.pdf
ICML-2015-P0255,ICML-2015-A000816,Roger Grosse,stacked,no_viable_candidate,UNKNOWN,-1000,data/raw/icml/2015/first_pages/ICML-2015-P0255.txt,http://proceedings.mlr.press/v37/martens15.pdf
ICML-2015-P0256,ICML-2015-A000817,En-Hsu Yen,numbered,no_viable_candidate,UNKNOWN,-1000,data/raw/icml/2015/first_pages/ICML-2015-P0256.txt,http://proceedings.mlr.press/v37/yen15.pdf
ICML-2015-P0256,ICML-2015-A000818,Xin Lin,numbered,no_viable_candidate,UNKNOWN,-1000,data/raw/icml/2015/first_pages/ICML-2015-P0256.txt,http://proceedings.mlr.press/v37/yen15.pdf
ICML-2015-P0256,ICML-2015-A000819,Kai Zhong,numbered,no_viable_candidate,UNKNOWN,-1000,data/raw/icml/2015/first_pages/ICML-2015-P0256.txt,http://proceedings.mlr.press/v37/yen15.pdf
ICML-2015-P0256,ICML-2015-A000820,Pradeep Ravikumar,numbered,no_viable_candidate,UNKNOWN,-1000,data/raw/icml/2015/first_pages/ICML-2015-P0256.txt,http://proceedings.mlr.press/v37/yen15.pdf
ICML-2015-P0256,ICML-2015-A000821,Inderjit Dhillon,numbered,no_viable_candidate,UNKNOWN,-1000,data/raw/icml/2015/first_pages/ICML-2015-P0256.txt,http://proceedings.mlr.press/v37/yen15.pdf
ICML-2015-P0257,ICML-2015-A000822,Anh Pham,stacked,no_viable_candidate,UNKNOWN,-1000,data/raw/icml/2015/first_pages/ICML-2015-P0257.txt,http://proceedings.mlr.press/v37/pham15.pdf
ICML-2015-P0257,ICML-2015-A000823,Raviv Raich,stacked,no_viable_candidate,UNKNOWN,-1000,data/raw/icml/2015/first_pages/ICML-2015-P0257.txt,http://proceedings.mlr.press/v37/pham15.pdf
ICML-2015-P0257,ICML-2015-A000824,Xiaoli Fern,stacked,no_viable_candidate,UNKNOWN,-1000,data/raw/icml/2015/first_pages/ICML-2015-P0257.txt,http://proceedings.mlr.press/v37/pham15.pdf
ICML-2015-P0257,ICML-2015-A000825,Jesús Pérez Arriaga,stacked,no_viable_candidate,UNKNOWN,-1000,data/raw/icml/2015/first_pages/ICML-2015-P0257.txt,http://proceedings.mlr.press/v37/pham15.pdf
ICML-2015-P0258,ICML-2015-A000826,Liva Ralaivola,stacked,no_viable_candidate,UNKNOWN,-1000,data/raw/icml/2015/first_pages/ICML-2015-P0258.txt,http://proceedings.mlr.press/v37/ralaivola15.pdf
ICML-2015-P0258,ICML-2015-A000827,Massih-Reza Amini,stacked,no_viable_candidate,UNKNOWN,-1000,data/raw/icml/2015/first_pages/ICML-2015-P0258.txt,http://proceedings.mlr.press/v37/ralaivola15.pdf
ICML-2015-P0259,ICML-2015-A000828,Cho-Jui Hsieh,stacked,no_viable_candidate,UNKNOWN,-1000,data/raw/icml/2015/first_pages/ICML-2015-P0259.txt,http://proceedings.mlr.press/v37/hsiehb15.pdf
ICML-2015-P0259,ICML-2015-A000829,Nagarajan Natarajan,stacked,no_viable_candidate,UNKNOWN,-1000,data/raw/icml/2015/first_pages/ICML-2015-P0259.txt,http://proceedings.mlr.press/v37/hsiehb15.pdf
ICML-2015-P0259,ICML-2015-A000830,Inderjit Dhillon,stacked,no_viable_candidate,UNKNOWN,-1000,data/raw/icml/2015/first_pages/ICML-2015-P0259.txt,http://proceedings.mlr.press/v37/hsiehb15.pdf
ICML-2015-P0260,ICML-2015-A000831,Necdet Aybat,numbered,no_viable_candidate,UNKNOWN,-1000,data/raw/icml/2015/first_pages/ICML-2015-P0260.txt,http://proceedings.mlr.press/v37/aybat15.pdf
ICML-2015-P0260,ICML-2015-A000832,Zi Wang,numbered,no_viable_candidate,UNKNOWN,-1000,data/raw/icml/2015/first_pages/ICML-2015-P0260.txt,http://proceedings.mlr.press/v37/aybat15.pdf
ICML-2015-P0260,ICML-2015-A000833,Garud Iyengar,numbered,no_viable_candidate,UNKNOWN,-1000,data/raw/icml/2015/first_pages/ICML-2015-P0260.txt,http://proceedings.mlr.press/v37/aybat15.pdf
ICML-2015-P0261,ICML-2015-A000834,Congyuan Yang,stacked,no_viable_candidate,UNKNOWN,-1000,data/raw/icml/2015/first_pages/ICML-2015-P0261.txt,http://proceedings.mlr.press/v37/yangf15.pdf
ICML-2015-P0261,ICML-2015-A000835,Daniel Robinson,stacked,no_viable_candidate,UNKNOWN,-1000,data/raw/icml/2015/first_pages/ICML-2015-P0261.txt,http://proceedings.mlr.press/v37/yangf15.pdf
ICML-2015-P0261,ICML-2015-A000836,Rene Vidal,stacked,no_viable_candidate,UNKNOWN,-1000,data/raw/icml/2015/first_pages/ICML-2015-P0261.txt,http://proceedings.mlr.press/v37/yangf15.pdf
ICML-2015-P0262,ICML-2015-A000837,Jinyan Guan,numbered,no_viable_candidate,UNKNOWN,-1000,data/raw/icml/2015/first_pages/ICML-2015-P0262.txt,http://proceedings.mlr.press/v37/guan15.pdf
ICML-2015-P0262,ICML-2015-A000838,Kyle Simek,numbered,no_viable_candidate,UNKNOWN,-1000,data/raw/icml/2015/first_pages/ICML-2015-P0262.txt,http://proceedings.mlr.press/v37/guan15.pdf
ICML-2015-P0262,ICML-2015-A000839,Ernesto Brau,numbered,no_viable_candidate,UNKNOWN,-1000,data/raw/icml/2015/first_pages/ICML-2015-P0262.txt,http://proceedings.mlr.press/v37/guan15.pdf
ICML-2015-P0262,ICML-2015-A000840,Clayton Morrison,numbered,no_viable_candidate,UNKNOWN,-1000,data/raw/icml/2015/first_pages/ICML-2015-P0262.txt,http://proceedings.mlr.press/v37/guan15.pdf
ICML-2015-P0262,ICML-2015-A000841,Emily Butler,numbered,no_viable_candidate,UNKNOWN,-1000,data/raw/icml/2015/first_pages/ICML-2015-P0262.txt,http://proceedings.mlr.press/v37/guan15.pdf
ICML-2015-P0262,ICML-2015-A000842,Kobus Barnard,numbered,no_viable_candidate,UNKNOWN,-1000,data/raw/icml/2015/first_pages/ICML-2015-P0262.txt,http://proceedings.mlr.press/v37/guan15.pdf
ICML-2015-P0263,ICML-2015-A000843,Taehoon Lee,numbered,no_viable_candidate,UNKNOWN,-1000,data/raw/icml/2015/first_pages/ICML-2015-P0263.txt,http://proceedings.mlr.press/v37/leeb15.pdf
ICML-2015-P0263,ICML-2015-A000844,Sungroh Yoon,numbered,no_viable_candidate,UNKNOWN,-1000,data/raw/icml/2015/first_pages/ICML-2015-P0263.txt,http://proceedings.mlr.press/v37/leeb15.pdf
ICML-2015-P0264,ICML-2015-A000845,Yu-Xiang Wang,numbered,no_viable_candidate,UNKNOWN,-1000,data/raw/icml/2015/first_pages/ICML-2015-P0264.txt,http://proceedings.mlr.press/v37/wangg15.pdf
ICML-2015-P0264,ICML-2015-A000846,Stephen Fienberg,numbered,no_viable_candidate,UNKNOWN,-1000,data/raw/icml/2015/first_pages/ICML-2015-P0264.txt,http://proceedings.mlr.press/v37/wangg15.pdf
ICML-2015-P0264,ICML-2015-A000847,Alex Smola,numbered,no_viable_candidate,UNKNOWN,-1000,data/raw/icml/2015/first_pages/ICML-2015-P0264.txt,http://proceedings.mlr.press/v37/wangg15.pdf
ICML-2015-P0265,ICML-2015-A000848,Lucas Theis,stacked,no_viable_candidate,UNKNOWN,-1000,data/raw/icml/2015/first_pages/ICML-2015-P0265.txt,http://proceedings.mlr.press/v37/theis15.pdf
ICML-2015-P0265,ICML-2015-A000849,Matt Hoffman,stacked,no_viable_candidate,UNKNOWN,-1000,data/raw/icml/2015/first_pages/ICML-2015-P0265.txt,http://proceedings.mlr.press/v37/theis15.pdf
ICML-2015-P0266,ICML-2015-A000850,Kevin Winner,numbered,no_viable_candidate,UNKNOWN,-1000,data/raw/icml/2015/first_pages/ICML-2015-P0266.txt,http://proceedings.mlr.press/v37/winner15.pdf
ICML-2015-P0266,ICML-2015-A000851,Garrett Bernstein,numbered,no_viable_candidate,UNKNOWN,-1000,data/raw/icml/2015/first_pages/ICML-2015-P0266.txt,http://proceedings.mlr.press/v37/winner15.pdf
ICML-2015-P0266,ICML-2015-A000852,Dan Sheldon,numbered,no_viable_candidate,UNKNOWN,-1000,data/raw/icml/2015/first_pages/ICML-2015-P0266.txt,http://proceedings.mlr.press/v37/winner15.pdf
ICML-2015-P0267,ICML-2015-A000853,Ruitong Huang,stacked,no_viable_candidate,UNKNOWN,-1000,data/raw/icml/2015/first_pages/ICML-2015-P0267.txt,http://proceedings.mlr.press/v37/huangb15.pdf
ICML-2015-P0267,ICML-2015-A000854,Andras Gyorgy,stacked,no_viable_candidate,UNKNOWN,-1000,data/raw/icml/2015/first_pages/ICML-2015-P0267.txt,http://proceedings.mlr.press/v37/huangb15.pdf
ICML-2015-P0267,ICML-2015-A000855,Csaba Szepesvári,stacked,no_viable_candidate,UNKNOWN,-1000,data/raw/icml/2015/first_pages/ICML-2015-P0267.txt,http://proceedings.mlr.press/v37/huangb15.pdf
ICML-2015-P0268,ICML-2015-A000856,Maxime Gasse,stacked,no_viable_candidate,UNKNOWN,-4,data/raw/icml/2015/first_pages/ICML-2015-P0268.txt,http://proceedings.mlr.press/v37/gasse15.pdf
ICML-2015-P0268,ICML-2015-A000857,Alexandre Aussem,stacked,no_viable_candidate,UNKNOWN,-1000,data/raw/icml/2015/first_pages/ICML-2015-P0268.txt,http://proceedings.mlr.press/v37/gasse15.pdf
ICML-2015-P0268,ICML-2015-A000858,Haytham Elghazel,stacked,best_scoring_candidate,"LIRIS, UMR , University of Lyon , Lyon, France",4,data/raw/icml/2015/first_pages/ICML-2015-P0268.txt,http://proceedings.mlr.press/v37/gasse15.pdf
ICML-2015-P0269,ICML-2015-A000859,Roy Frostig,stacked,no_viable_candidate,UNKNOWN,-1000,data/raw/icml/2015/first_pages/ICML-2015-P0269.txt,http://proceedings.mlr.press/v37/frostig15.pdf
ICML-2015-P0269,ICML-2015-A000860,Rong Ge,stacked,no_viable_candidate,UNKNOWN,-1000,data/raw/icml/2015/first_pages/ICML-2015-P0269.txt,http://proceedings.mlr.press/v37/frostig15.pdf
ICML-2015-P0269,ICML-2015-A000861,Sham Kakade,stacked,no_viable_candidate,UNKNOWN,-1000,data/raw/icml/2015/first_pages/ICML-2015-P0269.txt,http://proceedings.mlr.press/v37/frostig15.pdf
ICML-2015-P0269,ICML-2015-A000862,Aaron Sidford,stacked,no_viable_candidate,UNKNOWN,-1000,data/raw/icml/2015/first_pages/ICML-2015-P0269.txt,http://proceedings.mlr.press/v37/frostig15.pdf
ICML-2015-P0270,ICML-2015-A000863,Bin Gu,numbered,no_viable_candidate,UNKNOWN,-1000,data/raw/icml/2015/first_pages/ICML-2015-P0270.txt,http://proceedings.mlr.press/v37/gu15.pdf
ICML-2015-P0270,ICML-2015-A000864,Charles Ling,numbered,no_viable_candidate,UNKNOWN,-1000,data/raw/icml/2015/first_pages/ICML-2015-P0270.txt,http://proceedings.mlr.press/v37/gu15.pdf
