paper_id,title,author_ids,conference,year,source_url
ICCV-2021-P0001,C2N: Practical Generative Noise Modeling for Real-World Denoising,ICCV-2021-A000001|ICCV-2021-A000002|ICCV-2021-A000003|ICCV-2021-A000004,ICCV,2021,https://openaccess.thecvf.com/content/ICCV2021/html/Jang_C2N_Practical_Generative_Noise_Modeling_for_Real-World_Denoising_ICCV_2021_paper.html
ICCV-2021-P0002,Continual Learning on Noisy Data Streams via Self-Purified Replay,ICCV-2021-A000005|ICCV-2021-A000006|ICCV-2021-A000007|ICCV-2021-A000008,ICCV,2021,https://openaccess.thecvf.com/content/ICCV2021/html/Kim_Continual_Learning_on_Noisy_Data_Streams_via_Self-Purified_Replay_ICCV_2021_paper.html
ICCV-2021-P0003,PlenOctrees for Real-Time Rendering of Neural Radiance Fields,ICCV-2021-A000009|ICCV-2021-A000010|ICCV-2021-A000011|ICCV-2021-A000012|ICCV-2021-A000013|ICCV-2021-A000014,ICCV,2021,https://openaccess.thecvf.com/content/ICCV2021/html/Yu_PlenOctrees_for_Real-Time_Rendering_of_Neural_Radiance_Fields_ICCV_2021_paper.html
ICCV-2021-P0004,Entropy Maximization and Meta Classification for Out-of-Distribution Detection in Semantic Segmentation,ICCV-2021-A000015|ICCV-2021-A000016|ICCV-2021-A000017,ICCV,2021,https://openaccess.thecvf.com/content/ICCV2021/html/Chan_Entropy_Maximization_and_Meta_Classification_for_Out-of-Distribution_Detection_in_Semantic_ICCV_2021_paper.html
ICCV-2021-P0005,Specificity-Preserving RGB-D Saliency Detection,ICCV-2021-A000018|ICCV-2021-A000019|ICCV-2021-A000020|ICCV-2021-A000021|ICCV-2021-A000022|ICCV-2021-A000023,ICCV,2021,https://openaccess.thecvf.com/content/ICCV2021/html/Zhou_Specificity-Preserving_RGB-D_Saliency_Detection_ICCV_2021_paper.html
ICCV-2021-P0006,3DVG-Transformer: Relation Modeling for Visual Grounding on Point Clouds,ICCV-2021-A000024|ICCV-2021-A000025|ICCV-2021-A000026|ICCV-2021-A000027,ICCV,2021,https://openaccess.thecvf.com/content/ICCV2021/html/Zhao_3DVG-Transformer_Relation_Modeling_for_Visual_Grounding_on_Point_Clouds_ICCV_2021_paper.html
ICCV-2021-P0007,Patch Craft: Video Denoising by Deep Modeling and Patch Matching,ICCV-2021-A000028|ICCV-2021-A000029|ICCV-2021-A000030,ICCV,2021,https://openaccess.thecvf.com/content/ICCV2021/html/Vaksman_Patch_Craft_Video_Denoising_by_Deep_Modeling_and_Patch_Matching_ICCV_2021_paper.html
ICCV-2021-P0008,Ask&Confirm: Active Detail Enriching for Cross-Modal Retrieval With Partial Query,ICCV-2021-A000031|ICCV-2021-A000032|ICCV-2021-A000033|ICCV-2021-A000034|ICCV-2021-A000035|ICCV-2021-A000036|ICCV-2021-A000037|ICCV-2021-A000038|ICCV-2021-A000039|ICCV-2021-A000040,ICCV,2021,https://openaccess.thecvf.com/content/ICCV2021/html/Cai_AskConfirm_Active_Detail_Enriching_for_Cross-Modal_Retrieval_With_Partial_Query_ICCV_2021_paper.html
ICCV-2021-P0009,Exploiting Explanations for Model Inversion Attacks,ICCV-2021-A000041|ICCV-2021-A000042|ICCV-2021-A000043|ICCV-2021-A000044,ICCV,2021,https://openaccess.thecvf.com/content/ICCV2021/html/Zhao_Exploiting_Explanations_for_Model_Inversion_Attacks_ICCV_2021_paper.html
ICCV-2021-P0010,Semantic Diversity Learning for Zero-Shot Multi-Label Classification,ICCV-2021-A000045|ICCV-2021-A000046|ICCV-2021-A000047|ICCV-2021-A000048|ICCV-2021-A000049,ICCV,2021,https://openaccess.thecvf.com/content/ICCV2021/html/Ben-Cohen_Semantic_Diversity_Learning_for_Zero-Shot_Multi-Label_Classification_ICCV_2021_paper.html
ICCV-2021-P0011,Describing and Localizing Multiple Changes With Transformers,ICCV-2021-A000050|ICCV-2021-A000051|ICCV-2021-A000052|ICCV-2021-A000053|ICCV-2021-A000054|ICCV-2021-A000055|ICCV-2021-A000056,ICCV,2021,https://openaccess.thecvf.com/content/ICCV2021/html/Qiu_Describing_and_Localizing_Multiple_Changes_With_Transformers_ICCV_2021_paper.html
ICCV-2021-P0012,Score-Based Point Cloud Denoising,ICCV-2021-A000057|ICCV-2021-A000058,ICCV,2021,https://openaccess.thecvf.com/content/ICCV2021/html/Luo_Score-Based_Point_Cloud_Denoising_ICCV_2021_paper.html
ICCV-2021-P0013,Panoptic Segmentation of Satellite Image Time Series With Convolutional Temporal Attention Networks,ICCV-2021-A000059|ICCV-2021-A000060,ICCV,2021,https://openaccess.thecvf.com/content/ICCV2021/html/Garnot_Panoptic_Segmentation_of_Satellite_Image_Time_Series_With_Convolutional_Temporal_ICCV_2021_paper.html
ICCV-2021-P0014,Pyramid Vision Transformer: A Versatile Backbone for Dense Prediction Without Convolutions,ICCV-2021-A000061|ICCV-2021-A000062|ICCV-2021-A000063|ICCV-2021-A000064|ICCV-2021-A000065|ICCV-2021-A000066|ICCV-2021-A000067|ICCV-2021-A000068|ICCV-2021-A000069,ICCV,2021,https://openaccess.thecvf.com/content/ICCV2021/html/Wang_Pyramid_Vision_Transformer_A_Versatile_Backbone_for_Dense_Prediction_Without_ICCV_2021_paper.html
ICCV-2021-P0015,Light Source Guided Single-Image Flare Removal From Unpaired Data,ICCV-2021-A000070|ICCV-2021-A000071|ICCV-2021-A000072,ICCV,2021,https://openaccess.thecvf.com/content/ICCV2021/html/Qiao_Light_Source_Guided_Single-Image_Flare_Removal_From_Unpaired_Data_ICCV_2021_paper.html
ICCV-2021-P0016,RDI-Net: Relational Dynamic Inference Networks,ICCV-2021-A000073|ICCV-2021-A000074|ICCV-2021-A000075|ICCV-2021-A000076|ICCV-2021-A000077,ICCV,2021,https://openaccess.thecvf.com/content/ICCV2021/html/Wang_RDI-Net_Relational_Dynamic_Inference_Networks_ICCV_2021_paper.html
ICCV-2021-P0017,ARAPReg: An As-Rigid-As Possible Regularization Loss for Learning Deformable Shape Generators,ICCV-2021-A000078|ICCV-2021-A000079|ICCV-2021-A000080|ICCV-2021-A000081|ICCV-2021-A000082|ICCV-2021-A000083,ICCV,2021,https://openaccess.thecvf.com/content/ICCV2021/html/Huang_ARAPReg_An_As-Rigid-As_Possible_Regularization_Loss_for_Learning_Deformable_Shape_ICCV_2021_paper.html
ICCV-2021-P0018,Online Refinement of Low-Level Feature Based Activation Map for Weakly Supervised Object Localization,ICCV-2021-A000084|ICCV-2021-A000085|ICCV-2021-A000086|ICCV-2021-A000087|ICCV-2021-A000088|ICCV-2021-A000089,ICCV,2021,https://openaccess.thecvf.com/content/ICCV2021/html/Xie_Online_Refinement_of_Low-Level_Feature_Based_Activation_Map_for_Weakly_ICCV_2021_paper.html
ICCV-2021-P0019,Long-Term Temporally Consistent Unpaired Video Translation From Simulated Surgical 3D Data,ICCV-2021-A000090|ICCV-2021-A000091|ICCV-2021-A000092|ICCV-2021-A000093|ICCV-2021-A000094|ICCV-2021-A000095|ICCV-2021-A000096,ICCV,2021,https://openaccess.thecvf.com/content/ICCV2021/html/Rivoir_Long-Term_Temporally_Consistent_Unpaired_Video_Translation_From_Simulated_Surgical_3D_ICCV_2021_paper.html
ICCV-2021-P0020,TempNet: Online Semantic Segmentation on Large-Scale Point Cloud Series,ICCV-2021-A000097|ICCV-2021-A000098|ICCV-2021-A000099|ICCV-2021-A000100|ICCV-2021-A000101|ICCV-2021-A000102,ICCV,2021,https://openaccess.thecvf.com/content/ICCV2021/html/Zhou_TempNet_Online_Semantic_Segmentation_on_Large-Scale_Point_Cloud_Series_ICCV_2021_paper.html
ICCV-2021-P0021,Query Adaptive Few-Shot Object Detection With Heterogeneous Graph Convolutional Networks,ICCV-2021-A000103|ICCV-2021-A000104|ICCV-2021-A000105|ICCV-2021-A000106|ICCV-2021-A000107,ICCV,2021,https://openaccess.thecvf.com/content/ICCV2021/html/Han_Query_Adaptive_Few-Shot_Object_Detection_With_Heterogeneous_Graph_Convolutional_Networks_ICCV_2021_paper.html
ICCV-2021-P0022,ResRep: Lossless CNN Pruning via Decoupling Remembering and Forgetting,ICCV-2021-A000108|ICCV-2021-A000109|ICCV-2021-A000110|ICCV-2021-A000111|ICCV-2021-A000112|ICCV-2021-A000113|ICCV-2021-A000114,ICCV,2021,https://openaccess.thecvf.com/content/ICCV2021/html/Ding_ResRep_Lossless_CNN_Pruning_via_Decoupling_Remembering_and_Forgetting_ICCV_2021_paper.html
ICCV-2021-P0023,Generalize Then Adapt: Source-Free Domain Adaptive Semantic Segmentation,ICCV-2021-A000115|ICCV-2021-A000116|ICCV-2021-A000117|ICCV-2021-A000118|ICCV-2021-A000119,ICCV,2021,https://openaccess.thecvf.com/content/ICCV2021/html/Kundu_Generalize_Then_Adapt_Source-Free_Domain_Adaptive_Semantic_Segmentation_ICCV_2021_paper.html
ICCV-2021-P0024,T-Net: Effective Permutation-Equivariant Network for Two-View Correspondence Learning,ICCV-2021-A000120|ICCV-2021-A000121|ICCV-2021-A000122|ICCV-2021-A000123|ICCV-2021-A000124,ICCV,2021,https://openaccess.thecvf.com/content/ICCV2021/html/Zhong_T-Net_Effective_Permutation-Equivariant_Network_for_Two-View_Correspondence_Learning_ICCV_2021_paper.html
ICCV-2021-P0025,Temporal Cue Guided Video Highlight Detection With Low-Rank Audio-Visual Fusion,ICCV-2021-A000125|ICCV-2021-A000126|ICCV-2021-A000127|ICCV-2021-A000128|ICCV-2021-A000129|ICCV-2021-A000130|ICCV-2021-A000131,ICCV,2021,https://openaccess.thecvf.com/content/ICCV2021/html/Ye_Temporal_Cue_Guided_Video_Highlight_Detection_With_Low-Rank_Audio-Visual_Fusion_ICCV_2021_paper.html
ICCV-2021-P0026,Adversarial VQA: A New Benchmark for Evaluating the Robustness of VQA Models,ICCV-2021-A000132|ICCV-2021-A000133|ICCV-2021-A000134|ICCV-2021-A000135,ICCV,2021,https://openaccess.thecvf.com/content/ICCV2021/html/Li_Adversarial_VQA_A_New_Benchmark_for_Evaluating_the_Robustness_of_ICCV_2021_paper.html
ICCV-2021-P0027,S3VAADA: Submodular Subset Selection for Virtual Adversarial Active Domain Adaptation,ICCV-2021-A000136|ICCV-2021-A000137|ICCV-2021-A000138|ICCV-2021-A000139,ICCV,2021,https://openaccess.thecvf.com/content/ICCV2021/html/Rangwani_S3VAADA_Submodular_Subset_Selection_for_Virtual_Adversarial_Active_Domain_Adaptation_ICCV_2021_paper.html
ICCV-2021-P0028,Cross-Sentence Temporal and Semantic Relations in Video Activity Localisation,ICCV-2021-A000140|ICCV-2021-A000141|ICCV-2021-A000142|ICCV-2021-A000143,ICCV,2021,https://openaccess.thecvf.com/content/ICCV2021/html/Huang_Cross-Sentence_Temporal_and_Semantic_Relations_in_Video_Activity_Localisation_ICCV_2021_paper.html
ICCV-2021-P0029,Feature Interactive Representation for Point Cloud Registration,ICCV-2021-A000144|ICCV-2021-A000145|ICCV-2021-A000146|ICCV-2021-A000147,ICCV,2021,https://openaccess.thecvf.com/content/ICCV2021/html/Wu_Feature_Interactive_Representation_for_Point_Cloud_Registration_ICCV_2021_paper.html
ICCV-2021-P0030,Walk in the Cloud: Learning Curves for Point Clouds Shape Analysis,ICCV-2021-A000148|ICCV-2021-A000149|ICCV-2021-A000150|ICCV-2021-A000151|ICCV-2021-A000152,ICCV,2021,https://openaccess.thecvf.com/content/ICCV2021/html/Xiang_Walk_in_the_Cloud_Learning_Curves_for_Point_Clouds_Shape_ICCV_2021_paper.html
ICCV-2021-P0031,Self-Supervised Neural Networks for Spectral Snapshot Compressive Imaging,ICCV-2021-A000153|ICCV-2021-A000154|ICCV-2021-A000155|ICCV-2021-A000156,ICCV,2021,https://openaccess.thecvf.com/content/ICCV2021/html/Meng_Self-Supervised_Neural_Networks_for_Spectral_Snapshot_Compressive_Imaging_ICCV_2021_paper.html
ICCV-2021-P0032,Group-Aware Contrastive Regression for Action Quality Assessment,ICCV-2021-A000157|ICCV-2021-A000158|ICCV-2021-A000159|ICCV-2021-A000160|ICCV-2021-A000161,ICCV,2021,https://openaccess.thecvf.com/content/ICCV2021/html/Yu_Group-Aware_Contrastive_Regression_for_Action_Quality_Assessment_ICCV_2021_paper.html
ICCV-2021-P0033,The Road To Know-Where: An Object-and-Room Informed Sequential BERT for Indoor Vision-Language Navigation,ICCV-2021-A000162|ICCV-2021-A000163|ICCV-2021-A000164|ICCV-2021-A000165|ICCV-2021-A000166|ICCV-2021-A000167,ICCV,2021,https://openaccess.thecvf.com/content/ICCV2021/html/Qi_The_Road_To_Know-Where_An_Object-and-Room_Informed_Sequential_BERT_for_ICCV_2021_paper.html
ICCV-2021-P0034,Sampling Network Guided Cross-Entropy Method for Unsupervised Point Cloud Registration,ICCV-2021-A000168|ICCV-2021-A000169|ICCV-2021-A000170|ICCV-2021-A000171|ICCV-2021-A000172|ICCV-2021-A000173,ICCV,2021,https://openaccess.thecvf.com/content/ICCV2021/html/Jiang_Sampling_Network_Guided_Cross-Entropy_Method_for_Unsupervised_Point_Cloud_Registration_ICCV_2021_paper.html
ICCV-2021-P0035,OadTR: Online Action Detection With Transformers,ICCV-2021-A000174|ICCV-2021-A000175|ICCV-2021-A000176|ICCV-2021-A000177|ICCV-2021-A000178|ICCV-2021-A000179|ICCV-2021-A000180,ICCV,2021,https://openaccess.thecvf.com/content/ICCV2021/html/Wang_OadTR_Online_Action_Detection_With_Transformers_ICCV_2021_paper.html
ICCV-2021-P0036,Mutual-Complementing Framework for Nuclei Detection and Segmentation in Pathology Image,ICCV-2021-A000181|ICCV-2021-A000182|ICCV-2021-A000183|ICCV-2021-A000184|ICCV-2021-A000185|ICCV-2021-A000186|ICCV-2021-A000187|ICCV-2021-A000188,ICCV,2021,https://openaccess.thecvf.com/content/ICCV2021/html/Feng_Mutual-Complementing_Framework_for_Nuclei_Detection_and_Segmentation_in_Pathology_Image_ICCV_2021_paper.html
ICCV-2021-P0037,Graph Constrained Data Representation Learning for Human Motion Segmentation,ICCV-2021-A000189|ICCV-2021-A000190|ICCV-2021-A000191|ICCV-2021-A000192,ICCV,2021,https://openaccess.thecvf.com/content/ICCV2021/html/Dimiccoli_Graph_Constrained_Data_Representation_Learning_for_Human_Motion_Segmentation_ICCV_2021_paper.html
ICCV-2021-P0038,Spatial and Semantic Consistency Regularizations for Pedestrian Attribute Recognition,ICCV-2021-A000193|ICCV-2021-A000194|ICCV-2021-A000195,ICCV,2021,https://openaccess.thecvf.com/content/ICCV2021/html/Jia_Spatial_and_Semantic_Consistency_Regularizations_for_Pedestrian_Attribute_Recognition_ICCV_2021_paper.html
ICCV-2021-P0039,Morphable Detector for Object Detection on Demand,ICCV-2021-A000196|ICCV-2021-A000197|ICCV-2021-A000198,ICCV,2021,https://openaccess.thecvf.com/content/ICCV2021/html/Zhao_Morphable_Detector_for_Object_Detection_on_Demand_ICCV_2021_paper.html
ICCV-2021-P0040,Stacked Homography Transformations for Multi-View Pedestrian Detection,ICCV-2021-A000199|ICCV-2021-A000200|ICCV-2021-A000201|ICCV-2021-A000202|ICCV-2021-A000203|ICCV-2021-A000204,ICCV,2021,https://openaccess.thecvf.com/content/ICCV2021/html/Song_Stacked_Homography_Transformations_for_Multi-View_Pedestrian_Detection_ICCV_2021_paper.html
ICCV-2021-P0041,Env-QA: A Video Question Answering Benchmark for Comprehensive Understanding of Dynamic Environments,ICCV-2021-A000205|ICCV-2021-A000206|ICCV-2021-A000207|ICCV-2021-A000208,ICCV,2021,https://openaccess.thecvf.com/content/ICCV2021/html/Gao_Env-QA_A_Video_Question_Answering_Benchmark_for_Comprehensive_Understanding_of_ICCV_2021_paper.html
ICCV-2021-P0042,Image Retrieval on Real-Life Images With Pre-Trained Vision-and-Language Models,ICCV-2021-A000209|ICCV-2021-A000210|ICCV-2021-A000211|ICCV-2021-A000212,ICCV,2021,https://openaccess.thecvf.com/content/ICCV2021/html/Liu_Image_Retrieval_on_Real-Life_Images_With_Pre-Trained_Vision-and-Language_Models_ICCV_2021_paper.html
ICCV-2021-P0043,Feature Importance-Aware Transferable Adversarial Attacks,ICCV-2021-A000213|ICCV-2021-A000214|ICCV-2021-A000215|ICCV-2021-A000216|ICCV-2021-A000217|ICCV-2021-A000218,ICCV,2021,https://openaccess.thecvf.com/content/ICCV2021/html/Wang_Feature_Importance-Aware_Transferable_Adversarial_Attacks_ICCV_2021_paper.html
ICCV-2021-P0044,Exploring Classification Equilibrium in Long-Tailed Object Detection,ICCV-2021-A000219|ICCV-2021-A000220|ICCV-2021-A000221,ICCV,2021,https://openaccess.thecvf.com/content/ICCV2021/html/Feng_Exploring_Classification_Equilibrium_in_Long-Tailed_Object_Detection_ICCV_2021_paper.html
ICCV-2021-P0045,Meta Gradient Adversarial Attack,ICCV-2021-A000222|ICCV-2021-A000223|ICCV-2021-A000224|ICCV-2021-A000225|ICCV-2021-A000226|ICCV-2021-A000227,ICCV,2021,https://openaccess.thecvf.com/content/ICCV2021/html/Yuan_Meta_Gradient_Adversarial_Attack_ICCV_2021_paper.html
ICCV-2021-P0046,Differentiable Convolution Search for Point Cloud Processing,ICCV-2021-A000228|ICCV-2021-A000229|ICCV-2021-A000230|ICCV-2021-A000231|ICCV-2021-A000232|ICCV-2021-A000233|ICCV-2021-A000234|ICCV-2021-A000235|ICCV-2021-A000236,ICCV,2021,https://openaccess.thecvf.com/content/ICCV2021/html/Nie_Differentiable_Convolution_Search_for_Point_Cloud_Processing_ICCV_2021_paper.html
ICCV-2021-P0047,Zero-Shot Day-Night Domain Adaptation With a Physics Prior,ICCV-2021-A000237|ICCV-2021-A000238|ICCV-2021-A000239|ICCV-2021-A000240,ICCV,2021,https://openaccess.thecvf.com/content/ICCV2021/html/Lengyel_Zero-Shot_Day-Night_Domain_Adaptation_With_a_Physics_Prior_ICCV_2021_paper.html
ICCV-2021-P0048,Minimal Solutions for Panoramic Stitching Given Gravity Prior,ICCV-2021-A000241|ICCV-2021-A000242|ICCV-2021-A000243,ICCV,2021,https://openaccess.thecvf.com/content/ICCV2021/html/Ding_Minimal_Solutions_for_Panoramic_Stitching_Given_Gravity_Prior_ICCV_2021_paper.html
ICCV-2021-P0049,Vi2CLR: Video and Image for Visual Contrastive Learning of Representation,ICCV-2021-A000244|ICCV-2021-A000245|ICCV-2021-A000246|ICCV-2021-A000247|ICCV-2021-A000248|ICCV-2021-A000249|ICCV-2021-A000250,ICCV,2021,https://openaccess.thecvf.com/content/ICCV2021/html/Diba_Vi2CLR_Video_and_Image_for_Visual_Contrastive_Learning_of_Representation_ICCV_2021_paper.html
ICCV-2021-P0050,G-DetKD: Towards General Distillation Framework for Object Detectors via Contrastive and Semantic-Guided Feature Imitation,ICCV-2021-A000251|ICCV-2021-A000252|ICCV-2021-A000253|ICCV-2021-A000254|ICCV-2021-A000255|ICCV-2021-A000256,ICCV,2021,https://openaccess.thecvf.com/content/ICCV2021/html/Yao_G-DetKD_Towards_General_Distillation_Framework_for_Object_Detectors_via_Contrastive_ICCV_2021_paper.html
ICCV-2021-P0051,Normalization Matters in Weakly Supervised Object Localization,ICCV-2021-A000257|ICCV-2021-A000258|ICCV-2021-A000259|ICCV-2021-A000260,ICCV,2021,https://openaccess.thecvf.com/content/ICCV2021/html/Kim_Normalization_Matters_in_Weakly_Supervised_Object_Localization_ICCV_2021_paper.html
ICCV-2021-P0052,Contrast and Order Representations for Video Self-Supervised Learning,ICCV-2021-A000261|ICCV-2021-A000262|ICCV-2021-A000263|ICCV-2021-A000264|ICCV-2021-A000265|ICCV-2021-A000266,ICCV,2021,https://openaccess.thecvf.com/content/ICCV2021/html/Hu_Contrast_and_Order_Representations_for_Video_Self-Supervised_Learning_ICCV_2021_paper.html
ICCV-2021-P0053,Out-of-Core Surface Reconstruction via Global TGV Minimization,ICCV-2021-A000267,ICCV,2021,https://openaccess.thecvf.com/content/ICCV2021/html/Poliarnyi_Out-of-Core_Surface_Reconstruction_via_Global_TGV_Minimization_ICCV_2021_paper.html
ICCV-2021-P0054,Extensions of Karger's Algorithm: Why They Fail in Theory and How They Are Useful in Practice,ICCV-2021-A000268|ICCV-2021-A000269|ICCV-2021-A000270,ICCV,2021,https://openaccess.thecvf.com/content/ICCV2021/html/Jenner_Extensions_of_Kargers_Algorithm_Why_They_Fail_in_Theory_and_ICCV_2021_paper.html
ICCV-2021-P0055,Scaling-Up Disentanglement for Image Translation,ICCV-2021-A000271|ICCV-2021-A000272,ICCV,2021,https://openaccess.thecvf.com/content/ICCV2021/html/Gabbay_Scaling-Up_Disentanglement_for_Image_Translation_ICCV_2021_paper.html
ICCV-2021-P0056,MeshTalk: 3D Face Animation From Speech Using Cross-Modality Disentanglement,ICCV-2021-A000273|ICCV-2021-A000274|ICCV-2021-A000275|ICCV-2021-A000276|ICCV-2021-A000277,ICCV,2021,https://openaccess.thecvf.com/content/ICCV2021/html/Richard_MeshTalk_3D_Face_Animation_From_Speech_Using_Cross-Modality_Disentanglement_ICCV_2021_paper.html
ICCV-2021-P0057,Learning a Single Network for Scale-Arbitrary Super-Resolution,ICCV-2021-A000278|ICCV-2021-A000279|ICCV-2021-A000280|ICCV-2021-A000281|ICCV-2021-A000282|ICCV-2021-A000283,ICCV,2021,https://openaccess.thecvf.com/content/ICCV2021/html/Wang_Learning_a_Single_Network_for_Scale-Arbitrary_Super-Resolution_ICCV_2021_paper.html
ICCV-2021-P0058,Paint Transformer: Feed Forward Neural Painting With Stroke Prediction,ICCV-2021-A000284|ICCV-2021-A000285|ICCV-2021-A000286|ICCV-2021-A000287|ICCV-2021-A000288|ICCV-2021-A000289|ICCV-2021-A000290|ICCV-2021-A000291,ICCV,2021,https://openaccess.thecvf.com/content/ICCV2021/html/Liu_Paint_Transformer_Feed_Forward_Neural_Painting_With_Stroke_Prediction_ICCV_2021_paper.html
ICCV-2021-P0059,PR-RRN: Pairwise-Regularized Residual-Recursive Networks for Non-Rigid Structure-From-Motion,ICCV-2021-A000292|ICCV-2021-A000293|ICCV-2021-A000294|ICCV-2021-A000295|ICCV-2021-A000296,ICCV,2021,https://openaccess.thecvf.com/content/ICCV2021/html/Zeng_PR-RRN_Pairwise-Regularized_Residual-Recursive_Networks_for_Non-Rigid_Structure-From-Motion_ICCV_2021_paper.html
ICCV-2021-P0060,YouRefIt: Embodied Reference Understanding With Language and Gesture,ICCV-2021-A000297|ICCV-2021-A000298|ICCV-2021-A000299|ICCV-2021-A000300|ICCV-2021-A000301|ICCV-2021-A000302|ICCV-2021-A000303|ICCV-2021-A000304,ICCV,2021,https://openaccess.thecvf.com/content/ICCV2021/html/Chen_YouRefIt_Embodied_Reference_Understanding_With_Language_and_Gesture_ICCV_2021_paper.html
ICCV-2021-P0061,Omniscient Video Super-Resolution,ICCV-2021-A000305|ICCV-2021-A000306|ICCV-2021-A000307|ICCV-2021-A000308|ICCV-2021-A000309|ICCV-2021-A000310|ICCV-2021-A000311,ICCV,2021,https://openaccess.thecvf.com/content/ICCV2021/html/Yi_Omniscient_Video_Super-Resolution_ICCV_2021_paper.html
ICCV-2021-P0062,A Lazy Approach to Long-Horizon Gradient-Based Meta-Learning,ICCV-2021-A000312|ICCV-2021-A000313|ICCV-2021-A000314,ICCV,2021,https://openaccess.thecvf.com/content/ICCV2021/html/Jamal_A_Lazy_Approach_to_Long-Horizon_Gradient-Based_Meta-Learning_ICCV_2021_paper.html
ICCV-2021-P0063,Representative Color Transform for Image Enhancement,ICCV-2021-A000315|ICCV-2021-A000316|ICCV-2021-A000317|ICCV-2021-A000318,ICCV,2021,https://openaccess.thecvf.com/content/ICCV2021/html/Kim_Representative_Color_Transform_for_Image_Enhancement_ICCV_2021_paper.html
ICCV-2021-P0064,Multi-Scale Vision Longformer: A New Vision Transformer for High-Resolution Image Encoding,ICCV-2021-A000319|ICCV-2021-A000320|ICCV-2021-A000321|ICCV-2021-A000322|ICCV-2021-A000323|ICCV-2021-A000324|ICCV-2021-A000325,ICCV,2021,https://openaccess.thecvf.com/content/ICCV2021/html/Zhang_Multi-Scale_Vision_Longformer_A_New_Vision_Transformer_for_High-Resolution_Image_ICCV_2021_paper.html
ICCV-2021-P0065,Viewing Graph Solvability via Cycle Consistency,ICCV-2021-A000326|ICCV-2021-A000327|ICCV-2021-A000328|ICCV-2021-A000329,ICCV,2021,https://openaccess.thecvf.com/content/ICCV2021/html/Arrigoni_Viewing_Graph_Solvability_via_Cycle_Consistency_ICCV_2021_paper.html
ICCV-2021-P0066,SACoD: Sensor Algorithm Co-Design Towards Efficient CNN-Powered Intelligent PhlatCam,ICCV-2021-A000330|ICCV-2021-A000331|ICCV-2021-A000332|ICCV-2021-A000333|ICCV-2021-A000334|ICCV-2021-A000335|ICCV-2021-A000336,ICCV,2021,https://openaccess.thecvf.com/content/ICCV2021/html/Fu_SACoD_Sensor_Algorithm_Co-Design_Towards_Efficient_CNN-Powered_Intelligent_PhlatCam_ICCV_2021_paper.html
ICCV-2021-P0067,SnowflakeNet: Point Cloud Completion by Snowflake Point Deconvolution With Skip-Transformer,ICCV-2021-A000337|ICCV-2021-A000338|ICCV-2021-A000339|ICCV-2021-A000340|ICCV-2021-A000341|ICCV-2021-A000342|ICCV-2021-A000343,ICCV,2021,https://openaccess.thecvf.com/content/ICCV2021/html/Xiang_SnowflakeNet_Point_Cloud_Completion_by_Snowflake_Point_Deconvolution_With_Skip-Transformer_ICCV_2021_paper.html
ICCV-2021-P0068,AdaMML: Adaptive Multi-Modal Learning for Efficient Video Recognition,ICCV-2021-A000344|ICCV-2021-A000345|ICCV-2021-A000346|ICCV-2021-A000347|ICCV-2021-A000348|ICCV-2021-A000349|ICCV-2021-A000350,ICCV,2021,https://openaccess.thecvf.com/content/ICCV2021/html/Panda_AdaMML_Adaptive_Multi-Modal_Learning_for_Efficient_Video_Recognition_ICCV_2021_paper.html
ICCV-2021-P0069,An End-to-End Transformer Model for 3D Object Detection,ICCV-2021-A000351|ICCV-2021-A000352|ICCV-2021-A000353,ICCV,2021,https://openaccess.thecvf.com/content/ICCV2021/html/Misra_An_End-to-End_Transformer_Model_for_3D_Object_Detection_ICCV_2021_paper.html
ICCV-2021-P0070,Mixed SIGNals: Sign Language Production via a Mixture of Motion Primitives,ICCV-2021-A000354|ICCV-2021-A000355|ICCV-2021-A000356,ICCV,2021,https://openaccess.thecvf.com/content/ICCV2021/html/Saunders_Mixed_SIGNals_Sign_Language_Production_via_a_Mixture_of_Motion_ICCV_2021_paper.html
ICCV-2021-P0071,DocFormer: End-to-End Transformer for Document Understanding,ICCV-2021-A000357|ICCV-2021-A000358|ICCV-2021-A000359|ICCV-2021-A000360|ICCV-2021-A000361,ICCV,2021,https://openaccess.thecvf.com/content/ICCV2021/html/Appalaraju_DocFormer_End-to-End_Transformer_for_Document_Understanding_ICCV_2021_paper.html
ICCV-2021-P0072,Spatially-Adaptive Image Restoration Using Distortion-Guided Networks,ICCV-2021-A000362|ICCV-2021-A000363|ICCV-2021-A000364|ICCV-2021-A000365,ICCV,2021,https://openaccess.thecvf.com/content/ICCV2021/html/Purohit_Spatially-Adaptive_Image_Restoration_Using_Distortion-Guided_Networks_ICCV_2021_paper.html
ICCV-2021-P0073,Exploiting Sample Correlation for Crowd Counting With Multi-Expert Network,ICCV-2021-A000366|ICCV-2021-A000367|ICCV-2021-A000368|ICCV-2021-A000369|ICCV-2021-A000370|ICCV-2021-A000371|ICCV-2021-A000372,ICCV,2021,https://openaccess.thecvf.com/content/ICCV2021/html/Liu_Exploiting_Sample_Correlation_for_Crowd_Counting_With_Multi-Expert_Network_ICCV_2021_paper.html
ICCV-2021-P0074,Multi-Scale Matching Networks for Semantic Correspondence,ICCV-2021-A000373|ICCV-2021-A000374|ICCV-2021-A000375|ICCV-2021-A000376|ICCV-2021-A000377|ICCV-2021-A000378,ICCV,2021,https://openaccess.thecvf.com/content/ICCV2021/html/Zhao_Multi-Scale_Matching_Networks_for_Semantic_Correspondence_ICCV_2021_paper.html
ICCV-2021-P0075,Towards Better Explanations of Class Activation Mapping,ICCV-2021-A000379|ICCV-2021-A000380,ICCV,2021,https://openaccess.thecvf.com/content/ICCV2021/html/Jung_Towards_Better_Explanations_of_Class_Activation_Mapping_ICCV_2021_paper.html
ICCV-2021-P0076,Domain Adaptive Video Segmentation via Temporal Consistency Regularization,ICCV-2021-A000381|ICCV-2021-A000382|ICCV-2021-A000383|ICCV-2021-A000384,ICCV,2021,https://openaccess.thecvf.com/content/ICCV2021/html/Guan_Domain_Adaptive_Video_Segmentation_via_Temporal_Consistency_Regularization_ICCV_2021_paper.html
ICCV-2021-P0077,PR-Net: Preference Reasoning for Personalized Video Highlight Detection,ICCV-2021-A000385|ICCV-2021-A000386|ICCV-2021-A000387|ICCV-2021-A000388|ICCV-2021-A000389|ICCV-2021-A000390|ICCV-2021-A000391,ICCV,2021,https://openaccess.thecvf.com/content/ICCV2021/html/Chen_PR-Net_Preference_Reasoning_for_Personalized_Video_Highlight_Detection_ICCV_2021_paper.html
ICCV-2021-P0078,Improving Low-Precision Network Quantization via Bin Regularization,ICCV-2021-A000392|ICCV-2021-A000393|ICCV-2021-A000394|ICCV-2021-A000395|ICCV-2021-A000396,ICCV,2021,https://openaccess.thecvf.com/content/ICCV2021/html/Han_Improving_Low-Precision_Network_Quantization_via_Bin_Regularization_ICCV_2021_paper.html
ICCV-2021-P0079,Distilling Virtual Examples for Long-Tailed Recognition,ICCV-2021-A000397|ICCV-2021-A000398|ICCV-2021-A000399,ICCV,2021,https://openaccess.thecvf.com/content/ICCV2021/html/He_Distilling_Virtual_Examples_for_Long-Tailed_Recognition_ICCV_2021_paper.html
ICCV-2021-P0080,Large Scale Multi-Illuminant (LSMI) Dataset for Developing White Balance Algorithm Under Mixed Illumination,ICCV-2021-A000400|ICCV-2021-A000401|ICCV-2021-A000402|ICCV-2021-A000403|ICCV-2021-A000404|ICCV-2021-A000405|ICCV-2021-A000406|ICCV-2021-A000407|ICCV-2021-A000408|ICCV-2021-A000409,ICCV,2021,https://openaccess.thecvf.com/content/ICCV2021/html/Kim_Large_Scale_Multi-Illuminant_LSMI_Dataset_for_Developing_White_Balance_Algorithm_ICCV_2021_paper.html
ICCV-2021-P0081,A Robust Loss for Point Cloud Registration,ICCV-2021-A000410|ICCV-2021-A000411|ICCV-2021-A000412|ICCV-2021-A000413,ICCV,2021,https://openaccess.thecvf.com/content/ICCV2021/html/Deng_A_Robust_Loss_for_Point_Cloud_Registration_ICCV_2021_paper.html
ICCV-2021-P0082,PICCOLO: Point Cloud-Centric Omnidirectional Localization,ICCV-2021-A000414|ICCV-2021-A000415|ICCV-2021-A000416|ICCV-2021-A000417,ICCV,2021,https://openaccess.thecvf.com/content/ICCV2021/html/Kim_PICCOLO_Point_Cloud-Centric_Omnidirectional_Localization_ICCV_2021_paper.html
ICCV-2021-P0083,NGC: A Unified Framework for Learning With Open-World Noisy Data,ICCV-2021-A000418|ICCV-2021-A000419|ICCV-2021-A000420|ICCV-2021-A000421|ICCV-2021-A000422|ICCV-2021-A000423,ICCV,2021,https://openaccess.thecvf.com/content/ICCV2021/html/Wu_NGC_A_Unified_Framework_for_Learning_With_Open-World_Noisy_Data_ICCV_2021_paper.html
ICCV-2021-P0084,Superpoint Network for Point Cloud Oversegmentation,ICCV-2021-A000424|ICCV-2021-A000425|ICCV-2021-A000426|ICCV-2021-A000427|ICCV-2021-A000428|ICCV-2021-A000429,ICCV,2021,https://openaccess.thecvf.com/content/ICCV2021/html/Hui_Superpoint_Network_for_Point_Cloud_Oversegmentation_ICCV_2021_paper.html
ICCV-2021-P0085,Looking Here or There? Gaze Following in 360-Degree Images,ICCV-2021-A000430|ICCV-2021-A000431|ICCV-2021-A000432|ICCV-2021-A000433|ICCV-2021-A000434|ICCV-2021-A000435,ICCV,2021,https://openaccess.thecvf.com/content/ICCV2021/html/Li_Looking_Here_or_There_Gaze_Following_in_360-Degree_Images_ICCV_2021_paper.html
ICCV-2021-P0086,How To Train Neural Networks for Flare Removal,ICCV-2021-A000436|ICCV-2021-A000437|ICCV-2021-A000438|ICCV-2021-A000439|ICCV-2021-A000440|ICCV-2021-A000441|ICCV-2021-A000442,ICCV,2021,https://openaccess.thecvf.com/content/ICCV2021/html/Wu_How_To_Train_Neural_Networks_for_Flare_Removal_ICCV_2021_paper.html
ICCV-2021-P0087,DeepMultiCap: Performance Capture of Multiple Characters Using Sparse Multiview Cameras,ICCV-2021-A000443|ICCV-2021-A000444|ICCV-2021-A000445|ICCV-2021-A000446|ICCV-2021-A000447|ICCV-2021-A000448|ICCV-2021-A000449,ICCV,2021,https://openaccess.thecvf.com/content/ICCV2021/html/Zheng_DeepMultiCap_Performance_Capture_of_Multiple_Characters_Using_Sparse_Multiview_Cameras_ICCV_2021_paper.html
ICCV-2021-P0088,Batch Normalization Increases Adversarial Vulnerability and Decreases Adversarial Transferability: A Non-Robust Feature Perspective,ICCV-2021-A000450|ICCV-2021-A000451|ICCV-2021-A000452,ICCV,2021,https://openaccess.thecvf.com/content/ICCV2021/html/Benz_Batch_Normalization_Increases_Adversarial_Vulnerability_and_Decreases_Adversarial_Transferability_A_ICCV_2021_paper.html
ICCV-2021-P0089,Foreground Activation Maps for Weakly Supervised Object Localization,ICCV-2021-A000453|ICCV-2021-A000454|ICCV-2021-A000455|ICCV-2021-A000456|ICCV-2021-A000457,ICCV,2021,https://openaccess.thecvf.com/content/ICCV2021/html/Meng_Foreground_Activation_Maps_for_Weakly_Supervised_Object_Localization_ICCV_2021_paper.html
ICCV-2021-P0090,GLiT: Neural Architecture Search for Global and Local Image Transformer,ICCV-2021-A000458|ICCV-2021-A000459|ICCV-2021-A000460|ICCV-2021-A000461|ICCV-2021-A000462|ICCV-2021-A000463|ICCV-2021-A000464|ICCV-2021-A000465|ICCV-2021-A000466,ICCV,2021,https://openaccess.thecvf.com/content/ICCV2021/html/Chen_GLiT_Neural_Architecture_Search_for_Global_and_Local_Image_Transformer_ICCV_2021_paper.html
ICCV-2021-P0091,DeepCAD: A Deep Generative Network for Computer-Aided Design Models,ICCV-2021-A000467|ICCV-2021-A000468|ICCV-2021-A000469,ICCV,2021,https://openaccess.thecvf.com/content/ICCV2021/html/Wu_DeepCAD_A_Deep_Generative_Network_for_Computer-Aided_Design_Models_ICCV_2021_paper.html
ICCV-2021-P0092,Learning Canonical View Representation for 3D Shape Recognition With Arbitrary Views,ICCV-2021-A000470|ICCV-2021-A000471|ICCV-2021-A000472|ICCV-2021-A000473|ICCV-2021-A000474,ICCV,2021,https://openaccess.thecvf.com/content/ICCV2021/html/Wei_Learning_Canonical_View_Representation_for_3D_Shape_Recognition_With_Arbitrary_ICCV_2021_paper.html
ICCV-2021-P0093,Fourier Space Losses for Efficient Perceptual Image Super-Resolution,ICCV-2021-A000475|ICCV-2021-A000476|ICCV-2021-A000477,ICCV,2021,https://openaccess.thecvf.com/content/ICCV2021/html/Fuoli_Fourier_Space_Losses_for_Efficient_Perceptual_Image_Super-Resolution_ICCV_2021_paper.html
ICCV-2021-P0094,A Backdoor Attack Against 3D Point Cloud Classifiers,ICCV-2021-A000478|ICCV-2021-A000479|ICCV-2021-A000480|ICCV-2021-A000481|ICCV-2021-A000482,ICCV,2021,https://openaccess.thecvf.com/content/ICCV2021/html/Xiang_A_Backdoor_Attack_Against_3D_Point_Cloud_Classifiers_ICCV_2021_paper.html
ICCV-2021-P0095,Guided Point Contrastive Learning for Semi-Supervised Point Cloud Semantic Segmentation,ICCV-2021-A000483|ICCV-2021-A000484|ICCV-2021-A000485|ICCV-2021-A000486|ICCV-2021-A000487|ICCV-2021-A000488|ICCV-2021-A000489,ICCV,2021,https://openaccess.thecvf.com/content/ICCV2021/html/Jiang_Guided_Point_Contrastive_Learning_for_Semi-Supervised_Point_Cloud_Semantic_Segmentation_ICCV_2021_paper.html
ICCV-2021-P0096,Location-Aware Single Image Reflection Removal,ICCV-2021-A000490|ICCV-2021-A000491|ICCV-2021-A000492|ICCV-2021-A000493|ICCV-2021-A000494|ICCV-2021-A000495,ICCV,2021,https://openaccess.thecvf.com/content/ICCV2021/html/Dong_Location-Aware_Single_Image_Reflection_Removal_ICCV_2021_paper.html
ICCV-2021-P0097,Better Aggregation in Test-Time Augmentation,ICCV-2021-A000496|ICCV-2021-A000497|ICCV-2021-A000498|ICCV-2021-A000499,ICCV,2021,https://openaccess.thecvf.com/content/ICCV2021/html/Shanmugam_Better_Aggregation_in_Test-Time_Augmentation_ICCV_2021_paper.html
ICCV-2021-P0098,Self-Born Wiring for Neural Trees,ICCV-2021-A000500|ICCV-2021-A000501|ICCV-2021-A000502|ICCV-2021-A000503|ICCV-2021-A000504|ICCV-2021-A000505,ICCV,2021,https://openaccess.thecvf.com/content/ICCV2021/html/Chen_Self-Born_Wiring_for_Neural_Trees_ICCV_2021_paper.html
ICCV-2021-P0099,Detector-Free Weakly Supervised Grounding by Separation,ICCV-2021-A000506|ICCV-2021-A000507|ICCV-2021-A000508|ICCV-2021-A000509|ICCV-2021-A000510|ICCV-2021-A000511|ICCV-2021-A000512|ICCV-2021-A000513|ICCV-2021-A000514|ICCV-2021-A000515|ICCV-2021-A000516|ICCV-2021-A000517|ICCV-2021-A000518|ICCV-2021-A000519|ICCV-2021-A000520|ICCV-2021-A000521|ICCV-2021-A000522,ICCV,2021,https://openaccess.thecvf.com/content/ICCV2021/html/Arbelle_Detector-Free_Weakly_Supervised_Grounding_by_Separation_ICCV_2021_paper.html
ICCV-2021-P0100,CrossCLR: Cross-Modal Contrastive Learning for Multi-Modal Video Representations,ICCV-2021-A000523|ICCV-2021-A000524|ICCV-2021-A000525|ICCV-2021-A000526,ICCV,2021,https://openaccess.thecvf.com/content/ICCV2021/html/Zolfaghari_CrossCLR_Cross-Modal_Contrastive_Learning_for_Multi-Modal_Video_Representations_ICCV_2021_paper.html
ICCV-2021-P0101,Single Image Defocus Deblurring Using Kernel-Sharing Parallel Atrous Convolutions,ICCV-2021-A000527|ICCV-2021-A000528|ICCV-2021-A000529|ICCV-2021-A000530,ICCV,2021,https://openaccess.thecvf.com/content/ICCV2021/html/Son_Single_Image_Defocus_Deblurring_Using_Kernel-Sharing_Parallel_Atrous_Convolutions_ICCV_2021_paper.html
ICCV-2021-P0102,Time-Multiplexed Coded Aperture Imaging: Learned Coded Aperture and Pixel Exposures for Compressive Imaging Systems,ICCV-2021-A000531|ICCV-2021-A000532|ICCV-2021-A000533|ICCV-2021-A000534,ICCV,2021,https://openaccess.thecvf.com/content/ICCV2021/html/Vargas_Time-Multiplexed_Coded_Aperture_Imaging_Learned_Coded_Aperture_and_Pixel_Exposures_ICCV_2021_paper.html
ICCV-2021-P0103,Learning Hierarchical Graph Neural Networks for Image Clustering,ICCV-2021-A000535|ICCV-2021-A000536|ICCV-2021-A000537|ICCV-2021-A000538|ICCV-2021-A000539|ICCV-2021-A000540|ICCV-2021-A000541|ICCV-2021-A000542|ICCV-2021-A000543,ICCV,2021,https://openaccess.thecvf.com/content/ICCV2021/html/Xing_Learning_Hierarchical_Graph_Neural_Networks_for_Image_Clustering_ICCV_2021_paper.html
ICCV-2021-P0104,Adaptive Unfolding Total Variation Network for Low-Light Image Enhancement,ICCV-2021-A000544|ICCV-2021-A000545|ICCV-2021-A000546,ICCV,2021,https://openaccess.thecvf.com/content/ICCV2021/html/Zheng_Adaptive_Unfolding_Total_Variation_Network_for_Low-Light_Image_Enhancement_ICCV_2021_paper.html
ICCV-2021-P0105,"TransView: Inside, Outside, and Across the Cropping View Boundaries",ICCV-2021-A000547|ICCV-2021-A000548|ICCV-2021-A000549|ICCV-2021-A000550|ICCV-2021-A000551,ICCV,2021,https://openaccess.thecvf.com/content/ICCV2021/html/Pan_TransView_Inside_Outside_and_Across_the_Cropping_View_Boundaries_ICCV_2021_paper.html
ICCV-2021-P0106,Vis2Mesh: Efficient Mesh Reconstruction From Unstructured Point Clouds of Large Scenes With Learned Virtual View Visibility,ICCV-2021-A000552|ICCV-2021-A000553|ICCV-2021-A000554,ICCV,2021,https://openaccess.thecvf.com/content/ICCV2021/html/Song_Vis2Mesh_Efficient_Mesh_Reconstruction_From_Unstructured_Point_Clouds_of_Large_ICCV_2021_paper.html
ICCV-2021-P0107,Relating Adversarially Robust Generalization to Flat Minima,ICCV-2021-A000555|ICCV-2021-A000556|ICCV-2021-A000557,ICCV,2021,https://openaccess.thecvf.com/content/ICCV2021/html/Stutz_Relating_Adversarially_Robust_Generalization_to_Flat_Minima_ICCV_2021_paper.html
ICCV-2021-P0108,COMISR: Compression-Informed Video Super-Resolution,ICCV-2021-A000558|ICCV-2021-A000559|ICCV-2021-A000560|ICCV-2021-A000561|ICCV-2021-A000562|ICCV-2021-A000563,ICCV,2021,https://openaccess.thecvf.com/content/ICCV2021/html/Li_COMISR_Compression-Informed_Video_Super-Resolution_ICCV_2021_paper.html
ICCV-2021-P0109,Bit-Mixer: Mixed-Precision Networks With Runtime Bit-Width Selection,ICCV-2021-A000564|ICCV-2021-A000565,ICCV,2021,https://openaccess.thecvf.com/content/ICCV2021/html/Bulat_Bit-Mixer_Mixed-Precision_Networks_With_Runtime_Bit-Width_Selection_ICCV_2021_paper.html
ICCV-2021-P0110,Light Field Saliency Detection With Dual Local Graph Learning and Reciprocative Guidance,ICCV-2021-A000566|ICCV-2021-A000567|ICCV-2021-A000568|ICCV-2021-A000569|ICCV-2021-A000570,ICCV,2021,https://openaccess.thecvf.com/content/ICCV2021/html/Liu_Light_Field_Saliency_Detection_With_Dual_Local_Graph_Learning_and_ICCV_2021_paper.html
ICCV-2021-P0111,Finding Representative Interpretations on Convolutional Neural Networks,ICCV-2021-A000571|ICCV-2021-A000572|ICCV-2021-A000573|ICCV-2021-A000574|ICCV-2021-A000575|ICCV-2021-A000576,ICCV,2021,https://openaccess.thecvf.com/content/ICCV2021/html/Lam_Finding_Representative_Interpretations_on_Convolutional_Neural_Networks_ICCV_2021_paper.html
ICCV-2021-P0112,AINet: Association Implantation for Superpixel Segmentation,ICCV-2021-A000577|ICCV-2021-A000578|ICCV-2021-A000579|ICCV-2021-A000580|ICCV-2021-A000581,ICCV,2021,https://openaccess.thecvf.com/content/ICCV2021/html/Wang_AINet_Association_Implantation_for_Superpixel_Segmentation_ICCV_2021_paper.html
ICCV-2021-P0113,An Asynchronous Kalman Filter for Hybrid Event Cameras,ICCV-2021-A000582|ICCV-2021-A000583|ICCV-2021-A000584|ICCV-2021-A000585,ICCV,2021,https://openaccess.thecvf.com/content/ICCV2021/html/Wang_An_Asynchronous_Kalman_Filter_for_Hybrid_Event_Cameras_ICCV_2021_paper.html
ICCV-2021-P0114,Achieving On-Mobile Real-Time Super-Resolution With Neural Architecture and Pruning Search,ICCV-2021-A000586|ICCV-2021-A000587|ICCV-2021-A000588|ICCV-2021-A000589|ICCV-2021-A000590|ICCV-2021-A000591|ICCV-2021-A000592|ICCV-2021-A000593|ICCV-2021-A000594|ICCV-2021-A000595|ICCV-2021-A000596|ICCV-2021-A000597,ICCV,2021,https://openaccess.thecvf.com/content/ICCV2021/html/Zhan_Achieving_On-Mobile_Real-Time_Super-Resolution_With_Neural_Architecture_and_Pruning_Search_ICCV_2021_paper.html
ICCV-2021-P0115,"Z-Score Normalization, Hubness, and Few-Shot Learning",ICCV-2021-A000598|ICCV-2021-A000599|ICCV-2021-A000600|ICCV-2021-A000601,ICCV,2021,https://openaccess.thecvf.com/content/ICCV2021/html/Fei_Z-Score_Normalization_Hubness_and_Few-Shot_Learning_ICCV_2021_paper.html
ICCV-2021-P0116,Dense Interaction Learning for Video-Based Person Re-Identification,ICCV-2021-A000602|ICCV-2021-A000603|ICCV-2021-A000604|ICCV-2021-A000605|ICCV-2021-A000606|ICCV-2021-A000607,ICCV,2021,https://openaccess.thecvf.com/content/ICCV2021/html/He_Dense_Interaction_Learning_for_Video-Based_Person_Re-Identification_ICCV_2021_paper.html
ICCV-2021-P0117,Explanations for Occluded Images,ICCV-2021-A000608|ICCV-2021-A000609|ICCV-2021-A000610,ICCV,2021,https://openaccess.thecvf.com/content/ICCV2021/html/Chockler_Explanations_for_Occluded_Images_ICCV_2021_paper.html
ICCV-2021-P0118,Designing a Practical Degradation Model for Deep Blind Image Super-Resolution,ICCV-2021-A000611|ICCV-2021-A000612|ICCV-2021-A000613|ICCV-2021-A000614,ICCV,2021,https://openaccess.thecvf.com/content/ICCV2021/html/Zhang_Designing_a_Practical_Degradation_Model_for_Deep_Blind_Image_Super-Resolution_ICCV_2021_paper.html
ICCV-2021-P0119,Unshuffling Data for Improved Generalization in Visual Question Answering,ICCV-2021-A000615|ICCV-2021-A000616|ICCV-2021-A000617,ICCV,2021,https://openaccess.thecvf.com/content/ICCV2021/html/Teney_Unshuffling_Data_for_Improved_Generalization_in_Visual_Question_Answering_ICCV_2021_paper.html
ICCV-2021-P0120,Architecture Disentanglement for Deep Neural Networks,ICCV-2021-A000618|ICCV-2021-A000619|ICCV-2021-A000620|ICCV-2021-A000621|ICCV-2021-A000622|ICCV-2021-A000623|ICCV-2021-A000624|ICCV-2021-A000625|ICCV-2021-A000626,ICCV,2021,https://openaccess.thecvf.com/content/ICCV2021/html/Hu_Architecture_Disentanglement_for_Deep_Neural_Networks_ICCV_2021_paper.html
ICCV-2021-P0121,Instances As Queries,ICCV-2021-A000627|ICCV-2021-A000628|ICCV-2021-A000629|ICCV-2021-A000630|ICCV-2021-A000631|ICCV-2021-A000632|ICCV-2021-A000633|ICCV-2021-A000634,ICCV,2021,https://openaccess.thecvf.com/content/ICCV2021/html/Fang_Instances_As_Queries_ICCV_2021_paper.html
ICCV-2021-P0122,Improving De-Raining Generalization via Neural Reorganization,ICCV-2021-A000635|ICCV-2021-A000636|ICCV-2021-A000637|ICCV-2021-A000638|ICCV-2021-A000639,ICCV,2021,https://openaccess.thecvf.com/content/ICCV2021/html/Xiao_Improving_De-Raining_Generalization_via_Neural_Reorganization_ICCV_2021_paper.html
ICCV-2021-P0123,3D Shape Generation and Completion Through Point-Voxel Diffusion,ICCV-2021-A000640|ICCV-2021-A000641|ICCV-2021-A000642,ICCV,2021,https://openaccess.thecvf.com/content/ICCV2021/html/Zhou_3D_Shape_Generation_and_Completion_Through_Point-Voxel_Diffusion_ICCV_2021_paper.html
ICCV-2021-P0124,Self-Conditioned Probabilistic Learning of Video Rescaling,ICCV-2021-A000643|ICCV-2021-A000644|ICCV-2021-A000645|ICCV-2021-A000646|ICCV-2021-A000647|ICCV-2021-A000648|ICCV-2021-A000649,ICCV,2021,https://openaccess.thecvf.com/content/ICCV2021/html/Tian_Self-Conditioned_Probabilistic_Learning_of_Video_Rescaling_ICCV_2021_paper.html
ICCV-2021-P0125,SGPA: Structure-Guided Prior Adaptation for Category-Level 6D Object Pose Estimation,ICCV-2021-A000650|ICCV-2021-A000651,ICCV,2021,https://openaccess.thecvf.com/content/ICCV2021/html/Chen_SGPA_Structure-Guided_Prior_Adaptation_for_Category-Level_6D_Object_Pose_Estimation_ICCV_2021_paper.html
ICCV-2021-P0126,Rethinking Deep Image Prior for Denoising,ICCV-2021-A000652|ICCV-2021-A000653|ICCV-2021-A000654,ICCV,2021,https://openaccess.thecvf.com/content/ICCV2021/html/Jo_Rethinking_Deep_Image_Prior_for_Denoising_ICCV_2021_paper.html
ICCV-2021-P0127,The Way to My Heart Is Through Contrastive Learning: Remote Photoplethysmography From Unlabelled Video,ICCV-2021-A000655|ICCV-2021-A000656,ICCV,2021,https://openaccess.thecvf.com/content/ICCV2021/html/Gideon_The_Way_to_My_Heart_Is_Through_Contrastive_Learning_Remote_ICCV_2021_paper.html
ICCV-2021-P0128,IICNet: A Generic Framework for Reversible Image Conversion,ICCV-2021-A000657|ICCV-2021-A000658|ICCV-2021-A000659,ICCV,2021,https://openaccess.thecvf.com/content/ICCV2021/html/Cheng_IICNet_A_Generic_Framework_for_Reversible_Image_Conversion_ICCV_2021_paper.html
ICCV-2021-P0129,Scribble-Supervised Semantic Segmentation by Uncertainty Reduction on Neural Representation and Self-Supervision on Neural Eigenspace,ICCV-2021-A000660|ICCV-2021-A000661|ICCV-2021-A000662|ICCV-2021-A000663|ICCV-2021-A000664,ICCV,2021,https://openaccess.thecvf.com/content/ICCV2021/html/Pan_Scribble-Supervised_Semantic_Segmentation_by_Uncertainty_Reduction_on_Neural_Representation_and_ICCV_2021_paper.html
ICCV-2021-P0130,Predicting With Confidence on Unseen Distributions,ICCV-2021-A000665|ICCV-2021-A000666|ICCV-2021-A000667|ICCV-2021-A000668|ICCV-2021-A000669,ICCV,2021,https://openaccess.thecvf.com/content/ICCV2021/html/Guillory_Predicting_With_Confidence_on_Unseen_Distributions_ICCV_2021_paper.html
ICCV-2021-P0131,TRAR: Routing the Attention Spans in Transformer for Visual Question Answering,ICCV-2021-A000670|ICCV-2021-A000671|ICCV-2021-A000672|ICCV-2021-A000673|ICCV-2021-A000674|ICCV-2021-A000675|ICCV-2021-A000676|ICCV-2021-A000677,ICCV,2021,https://openaccess.thecvf.com/content/ICCV2021/html/Zhou_TRAR_Routing_the_Attention_Spans_in_Transformer_for_Visual_Question_ICCV_2021_paper.html
ICCV-2021-P0132,Embed Me if You Can: A Geometric Perceptron,ICCV-2021-A000678|ICCV-2021-A000679|ICCV-2021-A000680,ICCV,2021,https://openaccess.thecvf.com/content/ICCV2021/html/Melnyk_Embed_Me_if_You_Can_A_Geometric_Perceptron_ICCV_2021_paper.html
ICCV-2021-P0133,Persistent Homology Based Graph Convolution Network for Fine-Grained 3D Shape Segmentation,ICCV-2021-A000681|ICCV-2021-A000682,ICCV,2021,https://openaccess.thecvf.com/content/ICCV2021/html/Wong_Persistent_Homology_Based_Graph_Convolution_Network_for_Fine-Grained_3D_Shape_ICCV_2021_paper.html
ICCV-2021-P0134,Hybrid Neural Fusion for Full-Frame Video Stabilization,ICCV-2021-A000683|ICCV-2021-A000684|ICCV-2021-A000685|ICCV-2021-A000686|ICCV-2021-A000687,ICCV,2021,https://openaccess.thecvf.com/content/ICCV2021/html/Liu_Hybrid_Neural_Fusion_for_Full-Frame_Video_Stabilization_ICCV_2021_paper.html
ICCV-2021-P0135,HIRE-SNN: Harnessing the Inherent Robustness of Energy-Efficient Deep Spiking Neural Networks by Training With Crafted Input Noise,ICCV-2021-A000688|ICCV-2021-A000689|ICCV-2021-A000690,ICCV,2021,https://openaccess.thecvf.com/content/ICCV2021/html/Kundu_HIRE-SNN_Harnessing_the_Inherent_Robustness_of_Energy-Efficient_Deep_Spiking_Neural_ICCV_2021_paper.html
ICCV-2021-P0136,CDNet: Centripetal Direction Network for Nuclear Instance Segmentation,ICCV-2021-A000691|ICCV-2021-A000692|ICCV-2021-A000693|ICCV-2021-A000694|ICCV-2021-A000695|ICCV-2021-A000696|ICCV-2021-A000697|ICCV-2021-A000698|ICCV-2021-A000699,ICCV,2021,https://openaccess.thecvf.com/content/ICCV2021/html/He_CDNet_Centripetal_Direction_Network_for_Nuclear_Instance_Segmentation_ICCV_2021_paper.html
ICCV-2021-P0137,Group-Free 3D Object Detection via Transformers,ICCV-2021-A000700|ICCV-2021-A000701|ICCV-2021-A000702|ICCV-2021-A000703|ICCV-2021-A000704,ICCV,2021,https://openaccess.thecvf.com/content/ICCV2021/html/Liu_Group-Free_3D_Object_Detection_via_Transformers_ICCV_2021_paper.html
ICCV-2021-P0138,Learn To Cluster Faces via Pairwise Classification,ICCV-2021-A000705|ICCV-2021-A000706|ICCV-2021-A000707|ICCV-2021-A000708,ICCV,2021,https://openaccess.thecvf.com/content/ICCV2021/html/Liu_Learn_To_Cluster_Faces_via_Pairwise_Classification_ICCV_2021_paper.html
ICCV-2021-P0139,Towards Memory-Efficient Neural Networks via Multi-Level In Situ Generation,ICCV-2021-A000709|ICCV-2021-A000710|ICCV-2021-A000711|ICCV-2021-A000712|ICCV-2021-A000713|ICCV-2021-A000714|ICCV-2021-A000715,ICCV,2021,https://openaccess.thecvf.com/content/ICCV2021/html/Gu_Towards_Memory-Efficient_Neural_Networks_via_Multi-Level_In_Situ_Generation_ICCV_2021_paper.html
ICCV-2021-P0140,Greedy Gradient Ensemble for Robust Visual Question Answering,ICCV-2021-A000716|ICCV-2021-A000717|ICCV-2021-A000718|ICCV-2021-A000719|ICCV-2021-A000720,ICCV,2021,https://openaccess.thecvf.com/content/ICCV2021/html/Han_Greedy_Gradient_Ensemble_for_Robust_Visual_Question_Answering_ICCV_2021_paper.html
ICCV-2021-P0141,On the Hidden Treasure of Dialog in Video Question Answering,ICCV-2021-A000721|ICCV-2021-A000722|ICCV-2021-A000723|ICCV-2021-A000724,ICCV,2021,https://openaccess.thecvf.com/content/ICCV2021/html/Engin_On_the_Hidden_Treasure_of_Dialog_in_Video_Question_Answering_ICCV_2021_paper.html
ICCV-2021-P0142,From Culture to Clothing: Discovering the World Events Behind a Century of Fashion Images,ICCV-2021-A000725|ICCV-2021-A000726,ICCV,2021,https://openaccess.thecvf.com/content/ICCV2021/html/Hsiao_From_Culture_to_Clothing_Discovering_the_World_Events_Behind_a_ICCV_2021_paper.html
ICCV-2021-P0143,BN-NAS: Neural Architecture Search With Batch Normalization,ICCV-2021-A000727|ICCV-2021-A000728|ICCV-2021-A000729|ICCV-2021-A000730|ICCV-2021-A000731|ICCV-2021-A000732|ICCV-2021-A000733|ICCV-2021-A000734,ICCV,2021,https://openaccess.thecvf.com/content/ICCV2021/html/Chen_BN-NAS_Neural_Architecture_Search_With_Batch_Normalization_ICCV_2021_paper.html
ICCV-2021-P0144,The Benefit of Distraction: Denoising Camera-Based Physiological Measurements Using Inverse Attention,ICCV-2021-A000735|ICCV-2021-A000736|ICCV-2021-A000737,ICCV,2021,https://openaccess.thecvf.com/content/ICCV2021/html/Nowara_The_Benefit_of_Distraction_Denoising_Camera-Based_Physiological_Measurements_Using_Inverse_ICCV_2021_paper.html
ICCV-2021-P0145,Collaborative and Adversarial Learning of Focused and Dispersive Representations for Semi-Supervised Polyp Segmentation,ICCV-2021-A000738|ICCV-2021-A000739|ICCV-2021-A000740|ICCV-2021-A000741,ICCV,2021,https://openaccess.thecvf.com/content/ICCV2021/html/Wu_Collaborative_and_Adversarial_Learning_of_Focused_and_Dispersive_Representations_for_ICCV_2021_paper.html
ICCV-2021-P0146,Event Stream Super-Resolution via Spatiotemporal Constraint Learning,ICCV-2021-A000742|ICCV-2021-A000743|ICCV-2021-A000744|ICCV-2021-A000745|ICCV-2021-A000746|ICCV-2021-A000747,ICCV,2021,https://openaccess.thecvf.com/content/ICCV2021/html/Li_Event_Stream_Super-Resolution_via_Spatiotemporal_Constraint_Learning_ICCV_2021_paper.html
ICCV-2021-P0147,FASA: Feature Augmentation and Sampling Adaptation for Long-Tailed Instance Segmentation,ICCV-2021-A000748|ICCV-2021-A000749|ICCV-2021-A000750,ICCV,2021,https://openaccess.thecvf.com/content/ICCV2021/html/Zang_FASA_Feature_Augmentation_and_Sampling_Adaptation_for_Long-Tailed_Instance_Segmentation_ICCV_2021_paper.html
ICCV-2021-P0148,Online-Trained Upsampler for Deep Low Complexity Video Compression,ICCV-2021-A000751|ICCV-2021-A000752|ICCV-2021-A000753|ICCV-2021-A000754,ICCV,2021,https://openaccess.thecvf.com/content/ICCV2021/html/Klopp_Online-Trained_Upsampler_for_Deep_Low_Complexity_Video_Compression_ICCV_2021_paper.html
ICCV-2021-P0149,DTMNet: A Discrete Tchebichef Moments-Based Deep Neural Network for Multi-Focus Image Fusion,ICCV-2021-A000755|ICCV-2021-A000756|ICCV-2021-A000757,ICCV,2021,https://openaccess.thecvf.com/content/ICCV2021/html/Xiao_DTMNet_A_Discrete_Tchebichef_Moments-Based_Deep_Neural_Network_for_Multi-Focus_ICCV_2021_paper.html
ICCV-2021-P0150,Interactive Prototype Learning for Egocentric Action Recognition,ICCV-2021-A000758|ICCV-2021-A000759|ICCV-2021-A000760|ICCV-2021-A000761,ICCV,2021,https://openaccess.thecvf.com/content/ICCV2021/html/Wang_Interactive_Prototype_Learning_for_Egocentric_Action_Recognition_ICCV_2021_paper.html
ICCV-2021-P0151,MBA-VO: Motion Blur Aware Visual Odometry,ICCV-2021-A000762|ICCV-2021-A000763|ICCV-2021-A000764|ICCV-2021-A000765,ICCV,2021,https://openaccess.thecvf.com/content/ICCV2021/html/Liu_MBA-VO_Motion_Blur_Aware_Visual_Odometry_ICCV_2021_paper.html
ICCV-2021-P0152,STR-GQN: Scene Representation and Rendering for Unknown Cameras Based on Spatial Transformation Routing,ICCV-2021-A000766|ICCV-2021-A000767|ICCV-2021-A000768,ICCV,2021,https://openaccess.thecvf.com/content/ICCV2021/html/Chen_STR-GQN_Scene_Representation_and_Rendering_for_Unknown_Cameras_Based_on_ICCV_2021_paper.html
ICCV-2021-P0153,Continual Learning for Image-Based Camera Localization,ICCV-2021-A000769|ICCV-2021-A000770|ICCV-2021-A000771|ICCV-2021-A000772|ICCV-2021-A000773,ICCV,2021,https://openaccess.thecvf.com/content/ICCV2021/html/Wang_Continual_Learning_for_Image-Based_Camera_Localization_ICCV_2021_paper.html
ICCV-2021-P0154,Visual-Textual Attentive Semantic Consistency for Medical Report Generation,ICCV-2021-A000774|ICCV-2021-A000775|ICCV-2021-A000776|ICCV-2021-A000777|ICCV-2021-A000778,ICCV,2021,https://openaccess.thecvf.com/content/ICCV2021/html/Zhou_Visual-Textual_Attentive_Semantic_Consistency_for_Medical_Report_Generation_ICCV_2021_paper.html
ICCV-2021-P0155,Revisiting Stereo Depth Estimation From a Sequence-to-Sequence Perspective With Transformers,ICCV-2021-A000779|ICCV-2021-A000780|ICCV-2021-A000781|ICCV-2021-A000782|ICCV-2021-A000783|ICCV-2021-A000784|ICCV-2021-A000785,ICCV,2021,https://openaccess.thecvf.com/content/ICCV2021/html/Li_Revisiting_Stereo_Depth_Estimation_From_a_Sequence-to-Sequence_Perspective_With_Transformers_ICCV_2021_paper.html
ICCV-2021-P0156,Augmenting Depth Estimation With Geospatial Context,ICCV-2021-A000786|ICCV-2021-A000787,ICCV,2021,https://openaccess.thecvf.com/content/ICCV2021/html/Workman_Augmenting_Depth_Estimation_With_Geospatial_Context_ICCV_2021_paper.html
ICCV-2021-P0157,"Explaining Local, Global, and Higher-Order Interactions in Deep Learning",ICCV-2021-A000788|ICCV-2021-A000789|ICCV-2021-A000790|ICCV-2021-A000791,ICCV,2021,https://openaccess.thecvf.com/content/ICCV2021/html/Lerman_Explaining_Local_Global_and_Higher-Order_Interactions_in_Deep_Learning_ICCV_2021_paper.html
ICCV-2021-P0158,Bias Loss for Mobile Neural Networks,ICCV-2021-A000792|ICCV-2021-A000793|ICCV-2021-A000794|ICCV-2021-A000795,ICCV,2021,https://openaccess.thecvf.com/content/ICCV2021/html/Abrahamyan_Bias_Loss_for_Mobile_Neural_Networks_ICCV_2021_paper.html
ICCV-2021-P0159,Visual Scene Graphs for Audio Source Separation,ICCV-2021-A000796|ICCV-2021-A000797|ICCV-2021-A000798|ICCV-2021-A000799,ICCV,2021,https://openaccess.thecvf.com/content/ICCV2021/html/Chatterjee_Visual_Scene_Graphs_for_Audio_Source_Separation_ICCV_2021_paper.html
ICCV-2021-P0160,Beyond Trivial Counterfactual Explanations With Diverse Valuable Explanations,ICCV-2021-A000800|ICCV-2021-A000801|ICCV-2021-A000802|ICCV-2021-A000803|ICCV-2021-A000804|ICCV-2021-A000805|ICCV-2021-A000806,ICCV,2021,https://openaccess.thecvf.com/content/ICCV2021/html/Rodriguez_Beyond_Trivial_Counterfactual_Explanations_With_Diverse_Valuable_Explanations_ICCV_2021_paper.html
ICCV-2021-P0161,RePOSE: Fast 6D Object Pose Refinement via Deep Texture Rendering,ICCV-2021-A000807|ICCV-2021-A000808|ICCV-2021-A000809|ICCV-2021-A000810|ICCV-2021-A000811,ICCV,2021,https://openaccess.thecvf.com/content/ICCV2021/html/Iwase_RePOSE_Fast_6D_Object_Pose_Refinement_via_Deep_Texture_Rendering_ICCV_2021_paper.html
ICCV-2021-P0162,How To Design a Three-Stage Architecture for Audio-Visual Active Speaker Detection in the Wild,ICCV-2021-A000812|ICCV-2021-A000813|ICCV-2021-A000814,ICCV,2021,https://openaccess.thecvf.com/content/ICCV2021/html/Kopuklu_How_To_Design_a_Three-Stage_Architecture_for_Audio-Visual_Active_Speaker_ICCV_2021_paper.html
ICCV-2021-P0163,Just Ask: Learning To Answer Questions From Millions of Narrated Videos,ICCV-2021-A000815|ICCV-2021-A000816|ICCV-2021-A000817|ICCV-2021-A000818|ICCV-2021-A000819,ICCV,2021,https://openaccess.thecvf.com/content/ICCV2021/html/Yang_Just_Ask_Learning_To_Answer_Questions_From_Millions_of_Narrated_ICCV_2021_paper.html
ICCV-2021-P0164,Towards Face Encryption by Generating Adversarial Identity Masks,ICCV-2021-A000820|ICCV-2021-A000821|ICCV-2021-A000822|ICCV-2021-A000823|ICCV-2021-A000824|ICCV-2021-A000825|ICCV-2021-A000826,ICCV,2021,https://openaccess.thecvf.com/content/ICCV2021/html/Yang_Towards_Face_Encryption_by_Generating_Adversarial_Identity_Masks_ICCV_2021_paper.html
ICCV-2021-P0165,UniT: Multimodal Multitask Learning With a Unified Transformer,ICCV-2021-A000827|ICCV-2021-A000828,ICCV,2021,https://openaccess.thecvf.com/content/ICCV2021/html/Hu_UniT_Multimodal_Multitask_Learning_With_a_Unified_Transformer_ICCV_2021_paper.html
ICCV-2021-P0166,Compressing Visual-Linguistic Model via Knowledge Distillation,ICCV-2021-A000829|ICCV-2021-A000830|ICCV-2021-A000831|ICCV-2021-A000832|ICCV-2021-A000833|ICCV-2021-A000834,ICCV,2021,https://openaccess.thecvf.com/content/ICCV2021/html/Fang_Compressing_Visual-Linguistic_Model_via_Knowledge_Distillation_ICCV_2021_paper.html
ICCV-2021-P0167,Full-Duplex Strategy for Video Object Segmentation,ICCV-2021-A000835|ICCV-2021-A000836|ICCV-2021-A000837|ICCV-2021-A000838|ICCV-2021-A000839|ICCV-2021-A000840,ICCV,2021,https://openaccess.thecvf.com/content/ICCV2021/html/Ji_Full-Duplex_Strategy_for_Video_Object_Segmentation_ICCV_2021_paper.html
ICCV-2021-P0168,Unsupervised Non-Rigid Image Distortion Removal via Grid Deformation,ICCV-2021-A000841|ICCV-2021-A000842|ICCV-2021-A000843|ICCV-2021-A000844|ICCV-2021-A000845|ICCV-2021-A000846,ICCV,2021,https://openaccess.thecvf.com/content/ICCV2021/html/Li_Unsupervised_Non-Rigid_Image_Distortion_Removal_via_Grid_Deformation_ICCV_2021_paper.html
ICCV-2021-P0169,BlockCopy: High-Resolution Video Processing With Block-Sparse Feature Propagation and Online Policies,ICCV-2021-A000847|ICCV-2021-A000848,ICCV,2021,https://openaccess.thecvf.com/content/ICCV2021/html/Verelst_BlockCopy_High-Resolution_Video_Processing_With_Block-Sparse_Feature_Propagation_and_Online_ICCV_2021_paper.html
ICCV-2021-P0170,SS-IL: Separated Softmax for Incremental Learning,ICCV-2021-A000849|ICCV-2021-A000850|ICCV-2021-A000851|ICCV-2021-A000852|ICCV-2021-A000853|ICCV-2021-A000854,ICCV,2021,https://openaccess.thecvf.com/content/ICCV2021/html/Ahn_SS-IL_Separated_Softmax_for_Incremental_Learning_ICCV_2021_paper.html
ICCV-2021-P0171,Multiple Pairwise Ranking Networks for Personalized Video Summarization,ICCV-2021-A000855|ICCV-2021-A000856|ICCV-2021-A000857|ICCV-2021-A000858|ICCV-2021-A000859,ICCV,2021,https://openaccess.thecvf.com/content/ICCV2021/html/Saquil_Multiple_Pairwise_Ranking_Networks_for_Personalized_Video_Summarization_ICCV_2021_paper.html
ICCV-2021-P0172,Robust Trust Region for Weakly Supervised Segmentation,ICCV-2021-A000860|ICCV-2021-A000861,ICCV,2021,https://openaccess.thecvf.com/content/ICCV2021/html/Marin_Robust_Trust_Region_for_Weakly_Supervised_Segmentation_ICCV_2021_paper.html
ICCV-2021-P0173,imGHUM: Implicit Generative Models of 3D Human Shape and Articulated Pose,ICCV-2021-A000862|ICCV-2021-A000863|ICCV-2021-A000864,ICCV,2021,https://openaccess.thecvf.com/content/ICCV2021/html/Alldieck_imGHUM_Implicit_Generative_Models_of_3D_Human_Shape_and_Articulated_ICCV_2021_paper.html
ICCV-2021-P0174,Dynamic High-Pass Filtering and Multi-Spectral Attention for Image Super-Resolution,ICCV-2021-A000865|ICCV-2021-A000866|ICCV-2021-A000867|ICCV-2021-A000868|ICCV-2021-A000869|ICCV-2021-A000870|ICCV-2021-A000871,ICCV,2021,https://openaccess.thecvf.com/content/ICCV2021/html/Magid_Dynamic_High-Pass_Filtering_and_Multi-Spectral_Attention_for_Image_Super-Resolution_ICCV_2021_paper.html
ICCV-2021-P0175,Self-Knowledge Distillation With Progressive Refinement of Targets,ICCV-2021-A000872|ICCV-2021-A000873|ICCV-2021-A000874|ICCV-2021-A000875,ICCV,2021,https://openaccess.thecvf.com/content/ICCV2021/html/Kim_Self-Knowledge_Distillation_With_Progressive_Refinement_of_Targets_ICCV_2021_paper.html
ICCV-2021-P0176,Towards Flexible Blind JPEG Artifacts Removal,ICCV-2021-A000876|ICCV-2021-A000877|ICCV-2021-A000878,ICCV,2021,https://openaccess.thecvf.com/content/ICCV2021/html/Jiang_Towards_Flexible_Blind_JPEG_Artifacts_Removal_ICCV_2021_paper.html
ICCV-2021-P0177,HPNet: Deep Primitive Segmentation Using Hybrid Representations,ICCV-2021-A000879|ICCV-2021-A000880|ICCV-2021-A000881|ICCV-2021-A000882|ICCV-2021-A000883|ICCV-2021-A000884,ICCV,2021,https://openaccess.thecvf.com/content/ICCV2021/html/Yan_HPNet_Deep_Primitive_Segmentation_Using_Hybrid_Representations_ICCV_2021_paper.html
ICCV-2021-P0178,Fusion Moves for Graph Matching,ICCV-2021-A000885|ICCV-2021-A000886|ICCV-2021-A000887|ICCV-2021-A000888|ICCV-2021-A000889|ICCV-2021-A000890,ICCV,2021,https://openaccess.thecvf.com/content/ICCV2021/html/Hutschenreiter_Fusion_Moves_for_Graph_Matching_ICCV_2021_paper.html
ICCV-2021-P0179,Fast Video Moment Retrieval,ICCV-2021-A000891|ICCV-2021-A000892,ICCV,2021,https://openaccess.thecvf.com/content/ICCV2021/html/Gao_Fast_Video_Moment_Retrieval_ICCV_2021_paper.html
ICCV-2021-P0180,Self-Supervised Geometric Features Discovery via Interpretable Attention for Vehicle Re-Identification and Beyond,ICCV-2021-A000893|ICCV-2021-A000894|ICCV-2021-A000895,ICCV,2021,https://openaccess.thecvf.com/content/ICCV2021/html/Li_Self-Supervised_Geometric_Features_Discovery_via_Interpretable_Attention_for_Vehicle_Re-Identification_ICCV_2021_paper.html
ICCV-2021-P0181,Motion-Focused Contrastive Learning of Video Representations,ICCV-2021-A000896|ICCV-2021-A000897|ICCV-2021-A000898|ICCV-2021-A000899|ICCV-2021-A000900|ICCV-2021-A000901,ICCV,2021,https://openaccess.thecvf.com/content/ICCV2021/html/Li_Motion-Focused_Contrastive_Learning_of_Video_Representations_ICCV_2021_paper.html
ICCV-2021-P0182,Motion Guided Region Message Passing for Video Captioning,ICCV-2021-A000902|ICCV-2021-A000903,ICCV,2021,https://openaccess.thecvf.com/content/ICCV2021/html/Chen_Motion_Guided_Region_Message_Passing_for_Video_Captioning_ICCV_2021_paper.html
ICCV-2021-P0183,Super-Resolving Cross-Domain Face Miniatures by Peeking at One-Shot Exemplar,ICCV-2021-A000904|ICCV-2021-A000905|ICCV-2021-A000906,ICCV,2021,https://openaccess.thecvf.com/content/ICCV2021/html/Li_Super-Resolving_Cross-Domain_Face_Miniatures_by_Peeking_at_One-Shot_Exemplar_ICCV_2021_paper.html
ICCV-2021-P0184,Instance Segmentation in 3D Scenes Using Semantic Superpoint Tree Networks,ICCV-2021-A000907|ICCV-2021-A000908|ICCV-2021-A000909|ICCV-2021-A000910|ICCV-2021-A000911,ICCV,2021,https://openaccess.thecvf.com/content/ICCV2021/html/Liang_Instance_Segmentation_in_3D_Scenes_Using_Semantic_Superpoint_Tree_Networks_ICCV_2021_paper.html
ICCV-2021-P0185,Exploring Cross-Image Pixel Contrast for Semantic Segmentation,ICCV-2021-A000912|ICCV-2021-A000913|ICCV-2021-A000914|ICCV-2021-A000915|ICCV-2021-A000916|ICCV-2021-A000917,ICCV,2021,https://openaccess.thecvf.com/content/ICCV2021/html/Wang_Exploring_Cross-Image_Pixel_Contrast_for_Semantic_Segmentation_ICCV_2021_paper.html
ICCV-2021-P0186,Pixel Difference Networks for Efficient Edge Detection,ICCV-2021-A000918|ICCV-2021-A000919|ICCV-2021-A000920|ICCV-2021-A000921|ICCV-2021-A000922|ICCV-2021-A000923|ICCV-2021-A000924|ICCV-2021-A000925,ICCV,2021,https://openaccess.thecvf.com/content/ICCV2021/html/Su_Pixel_Difference_Networks_for_Efficient_Edge_Detection_ICCV_2021_paper.html
ICCV-2021-P0187,Towards Understanding the Generative Capability of Adversarially Robust Classifiers,ICCV-2021-A000926|ICCV-2021-A000927|ICCV-2021-A000928|ICCV-2021-A000929|ICCV-2021-A000930|ICCV-2021-A000931|ICCV-2021-A000932,ICCV,2021,https://openaccess.thecvf.com/content/ICCV2021/html/Zhu_Towards_Understanding_the_Generative_Capability_of_Adversarially_Robust_Classifiers_ICCV_2021_paper.html
ICCV-2021-P0188,Learning Efficient Photometric Feature Transform for Multi-View Stereo,ICCV-2021-A000933|ICCV-2021-A000934|ICCV-2021-A000935|ICCV-2021-A000936|ICCV-2021-A000937|ICCV-2021-A000938|ICCV-2021-A000939,ICCV,2021,https://openaccess.thecvf.com/content/ICCV2021/html/Kang_Learning_Efficient_Photometric_Feature_Transform_for_Multi-View_Stereo_ICCV_2021_paper.html
ICCV-2021-P0189,Fast Light-Field Disparity Estimation With Multi-Disparity-Scale Cost Aggregation,ICCV-2021-A000940|ICCV-2021-A000941|ICCV-2021-A000942|ICCV-2021-A000943|ICCV-2021-A000944,ICCV,2021,https://openaccess.thecvf.com/content/ICCV2021/html/Huang_Fast_Light-Field_Disparity_Estimation_With_Multi-Disparity-Scale_Cost_Aggregation_ICCV_2021_paper.html
ICCV-2021-P0190,Transformer-Based Dual Relation Graph for Multi-Label Image Recognition,ICCV-2021-A000945|ICCV-2021-A000946|ICCV-2021-A000947|ICCV-2021-A000948|ICCV-2021-A000949|ICCV-2021-A000950,ICCV,2021,https://openaccess.thecvf.com/content/ICCV2021/html/Zhao_Transformer-Based_Dual_Relation_Graph_for_Multi-Label_Image_Recognition_ICCV_2021_paper.html
ICCV-2021-P0191,Faster Multi-Object Segmentation Using Parallel Quadratic Pseudo-Boolean Optimization,ICCV-2021-A000951|ICCV-2021-A000952|ICCV-2021-A000953|ICCV-2021-A000954|ICCV-2021-A000955,ICCV,2021,https://openaccess.thecvf.com/content/ICCV2021/html/Jeppesen_Faster_Multi-Object_Segmentation_Using_Parallel_Quadratic_Pseudo-Boolean_Optimization_ICCV_2021_paper.html
ICCV-2021-P0192,Partial Off-Policy Learning: Balance Accuracy and Diversity for Human-Oriented Image Captioning,ICCV-2021-A000956|ICCV-2021-A000957|ICCV-2021-A000958,ICCV,2021,https://openaccess.thecvf.com/content/ICCV2021/html/Shi_Partial_Off-Policy_Learning_Balance_Accuracy_and_Diversity_for_Human-Oriented_Image_ICCV_2021_paper.html
ICCV-2021-P0193,Prior to Segment: Foreground Cues for Weakly Annotated Classes in Partially Supervised Instance Segmentation,ICCV-2021-A000959|ICCV-2021-A000960|ICCV-2021-A000961|ICCV-2021-A000962,ICCV,2021,https://openaccess.thecvf.com/content/ICCV2021/html/Biertimpel_Prior_to_Segment_Foreground_Cues_for_Weakly_Annotated_Classes_in_ICCV_2021_paper.html
ICCV-2021-P0194,A Dark Flash Normal Camera,ICCV-2021-A000963|ICCV-2021-A000964|ICCV-2021-A000965,ICCV,2021,https://openaccess.thecvf.com/content/ICCV2021/html/Xia_A_Dark_Flash_Normal_Camera_ICCV_2021_paper.html
ICCV-2021-P0195,Dynamic CT Reconstruction From Limited Views With Implicit Neural Representations and Parametric Motion Fields,ICCV-2021-A000966|ICCV-2021-A000967|ICCV-2021-A000968|ICCV-2021-A000969|ICCV-2021-A000970|ICCV-2021-A000971|ICCV-2021-A000972,ICCV,2021,https://openaccess.thecvf.com/content/ICCV2021/html/Reed_Dynamic_CT_Reconstruction_From_Limited_Views_With_Implicit_Neural_Representations_ICCV_2021_paper.html
ICCV-2021-P0196,Pri3D: Can 3D Priors Help 2D Representation Learning?,ICCV-2021-A000973|ICCV-2021-A000974|ICCV-2021-A000975|ICCV-2021-A000976|ICCV-2021-A000977,ICCV,2021,https://openaccess.thecvf.com/content/ICCV2021/html/Hou_Pri3D_Can_3D_Priors_Help_2D_Representation_Learning_ICCV_2021_paper.html
ICCV-2021-P0197,PoGO-Net: Pose Graph Optimization With Graph Neural Networks,ICCV-2021-A000978|ICCV-2021-A000979,ICCV,2021,https://openaccess.thecvf.com/content/ICCV2021/html/Li_PoGO-Net_Pose_Graph_Optimization_With_Graph_Neural_Networks_ICCV_2021_paper.html
ICCV-2021-P0198,Federated Learning for Non-IID Data via Unified Feature Learning and Optimization Objective Alignment,ICCV-2021-A000980|ICCV-2021-A000981|ICCV-2021-A000982|ICCV-2021-A000983|ICCV-2021-A000984,ICCV,2021,https://openaccess.thecvf.com/content/ICCV2021/html/Zhang_Federated_Learning_for_Non-IID_Data_via_Unified_Feature_Learning_and_ICCV_2021_paper.html
ICCV-2021-P0199,Self-Supervised Video Object Segmentation by Motion Grouping,ICCV-2021-A000985|ICCV-2021-A000986|ICCV-2021-A000987|ICCV-2021-A000988|ICCV-2021-A000989,ICCV,2021,https://openaccess.thecvf.com/content/ICCV2021/html/Yang_Self-Supervised_Video_Object_Segmentation_by_Motion_Grouping_ICCV_2021_paper.html
ICCV-2021-P0200,End-to-End Piece-Wise Unwarping of Document Images,ICCV-2021-A000990|ICCV-2021-A000991|ICCV-2021-A000992|ICCV-2021-A000993|ICCV-2021-A000994|ICCV-2021-A000995|ICCV-2021-A000996,ICCV,2021,https://openaccess.thecvf.com/content/ICCV2021/html/Das_End-to-End_Piece-Wise_Unwarping_of_Document_Images_ICCV_2021_paper.html
ICCV-2021-P0201,4D Cloud Scattering Tomography,ICCV-2021-A000997|ICCV-2021-A000998|ICCV-2021-A000999,ICCV,2021,https://openaccess.thecvf.com/content/ICCV2021/html/Ronen_4D_Cloud_Scattering_Tomography_ICCV_2021_paper.html
ICCV-2021-P0202,De-Rendering Stylized Texts,ICCV-2021-A001000|ICCV-2021-A001001|ICCV-2021-A001002|ICCV-2021-A001003,ICCV,2021,https://openaccess.thecvf.com/content/ICCV2021/html/Shimoda_De-Rendering_Stylized_Texts_ICCV_2021_paper.html
ICCV-2021-P0203,AD-NeRF: Audio Driven Neural Radiance Fields for Talking Head Synthesis,ICCV-2021-A001004|ICCV-2021-A001005|ICCV-2021-A001006|ICCV-2021-A001007|ICCV-2021-A001008|ICCV-2021-A001009,ICCV,2021,https://openaccess.thecvf.com/content/ICCV2021/html/Guo_AD-NeRF_Audio_Driven_Neural_Radiance_Fields_for_Talking_Head_Synthesis_ICCV_2021_paper.html
ICCV-2021-P0204,Graph-Based Asynchronous Event Processing for Rapid Object Recognition,ICCV-2021-A001010|ICCV-2021-A001011|ICCV-2021-A001012|ICCV-2021-A001013|ICCV-2021-A001014|ICCV-2021-A001015|ICCV-2021-A001016,ICCV,2021,https://openaccess.thecvf.com/content/ICCV2021/html/Li_Graph-Based_Asynchronous_Event_Processing_for_Rapid_Object_Recognition_ICCV_2021_paper.html
ICCV-2021-P0205,Learning With Noisy Labels via Sparse Regularization,ICCV-2021-A001017|ICCV-2021-A001018|ICCV-2021-A001019|ICCV-2021-A001020|ICCV-2021-A001021|ICCV-2021-A001022,ICCV,2021,https://openaccess.thecvf.com/content/ICCV2021/html/Zhou_Learning_With_Noisy_Labels_via_Sparse_Regularization_ICCV_2021_paper.html
ICCV-2021-P0206,Leveraging Auxiliary Tasks With Affinity Learning for Weakly Supervised Semantic Segmentation,ICCV-2021-A001023|ICCV-2021-A001024|ICCV-2021-A001025|ICCV-2021-A001026|ICCV-2021-A001027|ICCV-2021-A001028,ICCV,2021,https://openaccess.thecvf.com/content/ICCV2021/html/Xu_Leveraging_Auxiliary_Tasks_With_Affinity_Learning_for_Weakly_Supervised_Semantic_ICCV_2021_paper.html
ICCV-2021-P0207,Improving 3D Object Detection With Channel-Wise Transformer,ICCV-2021-A001029|ICCV-2021-A001030|ICCV-2021-A001031|ICCV-2021-A001032|ICCV-2021-A001033|ICCV-2021-A001034|ICCV-2021-A001035,ICCV,2021,https://openaccess.thecvf.com/content/ICCV2021/html/Sheng_Improving_3D_Object_Detection_With_Channel-Wise_Transformer_ICCV_2021_paper.html
ICCV-2021-P0208,CanvasVAE: Learning To Generate Vector Graphic Documents,ICCV-2021-A001036,ICCV,2021,https://openaccess.thecvf.com/content/ICCV2021/html/Yamaguchi_CanvasVAE_Learning_To_Generate_Vector_Graphic_Documents_ICCV_2021_paper.html
ICCV-2021-P0209,OMNet: Learning Overlapping Mask for Partial-to-Partial Point Cloud Registration,ICCV-2021-A001037|ICCV-2021-A001038|ICCV-2021-A001039|ICCV-2021-A001040|ICCV-2021-A001041,ICCV,2021,https://openaccess.thecvf.com/content/ICCV2021/html/Xu_OMNet_Learning_Overlapping_Mask_for_Partial-to-Partial_Point_Cloud_Registration_ICCV_2021_paper.html
ICCV-2021-P0210,Recursively Conditional Gaussian for Ordinal Unsupervised Domain Adaptation,ICCV-2021-A001042|ICCV-2021-A001043|ICCV-2021-A001044|ICCV-2021-A001045|ICCV-2021-A001046|ICCV-2021-A001047,ICCV,2021,https://openaccess.thecvf.com/content/ICCV2021/html/Liu_Recursively_Conditional_Gaussian_for_Ordinal_Unsupervised_Domain_Adaptation_ICCV_2021_paper.html
ICCV-2021-P0211,Geometry Uncertainty Projection Network for Monocular 3D Object Detection,ICCV-2021-A001048|ICCV-2021-A001049|ICCV-2021-A001050|ICCV-2021-A001051|ICCV-2021-A001052|ICCV-2021-A001053|ICCV-2021-A001054|ICCV-2021-A001055,ICCV,2021,https://openaccess.thecvf.com/content/ICCV2021/html/Lu_Geometry_Uncertainty_Projection_Network_for_Monocular_3D_Object_Detection_ICCV_2021_paper.html
ICCV-2021-P0212,A Hybrid Frequency-Spatial Domain Model for Sparse Image Reconstruction in Scanning Transmission Electron Microscopy,ICCV-2021-A001056|ICCV-2021-A001057|ICCV-2021-A001058|ICCV-2021-A001059,ICCV,2021,https://openaccess.thecvf.com/content/ICCV2021/html/He_A_Hybrid_Frequency-Spatial_Domain_Model_for_Sparse_Image_Reconstruction_in_ICCV_2021_paper.html
ICCV-2021-P0213,Attentional Pyramid Pooling of Salient Visual Residuals for Place Recognition,ICCV-2021-A001060|ICCV-2021-A001061|ICCV-2021-A001062|ICCV-2021-A001063,ICCV,2021,https://openaccess.thecvf.com/content/ICCV2021/html/Peng_Attentional_Pyramid_Pooling_of_Salient_Visual_Residuals_for_Place_Recognition_ICCV_2021_paper.html
ICCV-2021-P0214,Learning With Noisy Labels for Robust Point Cloud Segmentation,ICCV-2021-A001064|ICCV-2021-A001065|ICCV-2021-A001066|ICCV-2021-A001067,ICCV,2021,https://openaccess.thecvf.com/content/ICCV2021/html/Ye_Learning_With_Noisy_Labels_for_Robust_Point_Cloud_Segmentation_ICCV_2021_paper.html
ICCV-2021-P0215,Where Are You Heading? Dynamic Trajectory Prediction With Expert Goal Examples,ICCV-2021-A001068|ICCV-2021-A001069,ICCV,2021,https://openaccess.thecvf.com/content/ICCV2021/html/Zhao_Where_Are_You_Heading_Dynamic_Trajectory_Prediction_With_Expert_Goal_ICCV_2021_paper.html
ICCV-2021-P0216,Dynamic Divide-and-Conquer Adversarial Training for Robust Semantic Segmentation,ICCV-2021-A001070|ICCV-2021-A001071|ICCV-2021-A001072,ICCV,2021,https://openaccess.thecvf.com/content/ICCV2021/html/Xu_Dynamic_Divide-and-Conquer_Adversarial_Training_for_Robust_Semantic_Segmentation_ICCV_2021_paper.html
ICCV-2021-P0217,MixMix: All You Need for Data-Free Compression Are Feature and Data Mixing,ICCV-2021-A001073|ICCV-2021-A001074|ICCV-2021-A001075|ICCV-2021-A001076|ICCV-2021-A001077|ICCV-2021-A001078|ICCV-2021-A001079|ICCV-2021-A001080,ICCV,2021,https://openaccess.thecvf.com/content/ICCV2021/html/Li_MixMix_All_You_Need_for_Data-Free_Compression_Are_Feature_and_ICCV_2021_paper.html
ICCV-2021-P0218,LocTex: Learning Data-Efficient Visual Representations From Localized Textual Supervision,ICCV-2021-A001081|ICCV-2021-A001082|ICCV-2021-A001083|ICCV-2021-A001084|ICCV-2021-A001085,ICCV,2021,https://openaccess.thecvf.com/content/ICCV2021/html/Liu_LocTex_Learning_Data-Efficient_Visual_Representations_From_Localized_Textual_Supervision_ICCV_2021_paper.html
ICCV-2021-P0219,Weakly Supervised Segmentation of Small Buildings With Point Labels,ICCV-2021-A001086|ICCV-2021-A001087|ICCV-2021-A001088,ICCV,2021,https://openaccess.thecvf.com/content/ICCV2021/html/Lee_Weakly_Supervised_Segmentation_of_Small_Buildings_With_Point_Labels_ICCV_2021_paper.html
ICCV-2021-P0220,Efficient Large Scale Inlier Voting for Geometric Vision Problems,ICCV-2021-A001089|ICCV-2021-A001090|ICCV-2021-A001091|ICCV-2021-A001092,ICCV,2021,https://openaccess.thecvf.com/content/ICCV2021/html/Aiger_Efficient_Large_Scale_Inlier_Voting_for_Geometric_Vision_Problems_ICCV_2021_paper.html
ICCV-2021-P0221,DiscoBox: Weakly Supervised Instance Segmentation and Semantic Correspondence From Box Supervision,ICCV-2021-A001093|ICCV-2021-A001094|ICCV-2021-A001095|ICCV-2021-A001096|ICCV-2021-A001097|ICCV-2021-A001098|ICCV-2021-A001099|ICCV-2021-A001100,ICCV,2021,https://openaccess.thecvf.com/content/ICCV2021/html/Lan_DiscoBox_Weakly_Supervised_Instance_Segmentation_and_Semantic_Correspondence_From_Box_ICCV_2021_paper.html
ICCV-2021-P0222,VENet: Voting Enhancement Network for 3D Object Detection,ICCV-2021-A001101|ICCV-2021-A001102|ICCV-2021-A001103|ICCV-2021-A001104|ICCV-2021-A001105|ICCV-2021-A001106|ICCV-2021-A001107,ICCV,2021,https://openaccess.thecvf.com/content/ICCV2021/html/Xie_VENet_Voting_Enhancement_Network_for_3D_Object_Detection_ICCV_2021_paper.html
ICCV-2021-P0223,Aggregation With Feature Detection,ICCV-2021-A001108|ICCV-2021-A001109|ICCV-2021-A001110|ICCV-2021-A001111|ICCV-2021-A001112|ICCV-2021-A001113,ICCV,2021,https://openaccess.thecvf.com/content/ICCV2021/html/Sun_Aggregation_With_Feature_Detection_ICCV_2021_paper.html
ICCV-2021-P0224,Multi-Echo LiDAR for 3D Object Detection,ICCV-2021-A001114|ICCV-2021-A001115|ICCV-2021-A001116|ICCV-2021-A001117|ICCV-2021-A001118,ICCV,2021,https://openaccess.thecvf.com/content/ICCV2021/html/Man_Multi-Echo_LiDAR_for_3D_Object_Detection_ICCV_2021_paper.html
ICCV-2021-P0225,Self-Regulation for Semantic Segmentation,ICCV-2021-A001119|ICCV-2021-A001120|ICCV-2021-A001121|ICCV-2021-A001122|ICCV-2021-A001123,ICCV,2021,https://openaccess.thecvf.com/content/ICCV2021/html/Zhang_Self-Regulation_for_Semantic_Segmentation_ICCV_2021_paper.html
ICCV-2021-P0226,ReCU: Reviving the Dead Weights in Binary Neural Networks,ICCV-2021-A001124|ICCV-2021-A001125|ICCV-2021-A001126|ICCV-2021-A001127|ICCV-2021-A001128|ICCV-2021-A001129|ICCV-2021-A001130|ICCV-2021-A001131,ICCV,2021,https://openaccess.thecvf.com/content/ICCV2021/html/Xu_ReCU_Reviving_the_Dead_Weights_in_Binary_Neural_Networks_ICCV_2021_paper.html
ICCV-2021-P0227,Semantic-Embedded Unsupervised Spectral Reconstruction From Single RGB Images in the Wild,ICCV-2021-A001132|ICCV-2021-A001133|ICCV-2021-A001134|ICCV-2021-A001135|ICCV-2021-A001136,ICCV,2021,https://openaccess.thecvf.com/content/ICCV2021/html/Zhu_Semantic-Embedded_Unsupervised_Spectral_Reconstruction_From_Single_RGB_Images_in_the_ICCV_2021_paper.html
ICCV-2021-P0228,Foreground-Action Consistency Network for Weakly Supervised Temporal Action Localization,ICCV-2021-A001137|ICCV-2021-A001138|ICCV-2021-A001139,ICCV,2021,https://openaccess.thecvf.com/content/ICCV2021/html/Huang_Foreground-Action_Consistency_Network_for_Weakly_Supervised_Temporal_Action_Localization_ICCV_2021_paper.html
ICCV-2021-P0229,MixMo: Mixing Multiple Inputs for Multiple Outputs via Deep Subnetworks,ICCV-2021-A001140|ICCV-2021-A001141|ICCV-2021-A001142,ICCV,2021,https://openaccess.thecvf.com/content/ICCV2021/html/Rame_MixMo_Mixing_Multiple_Inputs_for_Multiple_Outputs_via_Deep_Subnetworks_ICCV_2021_paper.html
ICCV-2021-P0230,PnP-DETR: Towards Efficient Visual Analysis With Transformers,ICCV-2021-A001143|ICCV-2021-A001144|ICCV-2021-A001145|ICCV-2021-A001146|ICCV-2021-A001147,ICCV,2021,https://openaccess.thecvf.com/content/ICCV2021/html/Wang_PnP-DETR_Towards_Efficient_Visual_Analysis_With_Transformers_ICCV_2021_paper.html
ICCV-2021-P0231,PlaneTR: Structure-Guided Transformers for 3D Plane Recovery,ICCV-2021-A001148|ICCV-2021-A001149|ICCV-2021-A001150|ICCV-2021-A001151|ICCV-2021-A001152,ICCV,2021,https://openaccess.thecvf.com/content/ICCV2021/html/Tan_PlaneTR_Structure-Guided_Transformers_for_3D_Plane_Recovery_ICCV_2021_paper.html
ICCV-2021-P0232,Unsupervised Segmentation Incorporating Shape Prior via Generative Adversarial Networks,ICCV-2021-A001153|ICCV-2021-A001154,ICCV,2021,https://openaccess.thecvf.com/content/ICCV2021/html/Kim_Unsupervised_Segmentation_Incorporating_Shape_Prior_via_Generative_Adversarial_Networks_ICCV_2021_paper.html
ICCV-2021-P0233,DRB-GAN: A Dynamic ResBlock Generative Adversarial Network for Artistic Style Transfer,ICCV-2021-A001155|ICCV-2021-A001156|ICCV-2021-A001157|ICCV-2021-A001158,ICCV,2021,https://openaccess.thecvf.com/content/ICCV2021/html/Xu_DRB-GAN_A_Dynamic_ResBlock_Generative_Adversarial_Network_for_Artistic_Style_ICCV_2021_paper.html
ICCV-2021-P0234,DCT-SNN: Using DCT To Distribute Spatial Information Over Time for Low-Latency Spiking Neural Networks,ICCV-2021-A001159|ICCV-2021-A001160|ICCV-2021-A001161,ICCV,2021,https://openaccess.thecvf.com/content/ICCV2021/html/Garg_DCT-SNN_Using_DCT_To_Distribute_Spatial_Information_Over_Time_for_ICCV_2021_paper.html
ICCV-2021-P0235,Learning To Resize Images for Computer Vision Tasks,ICCV-2021-A001162|ICCV-2021-A001163,ICCV,2021,https://openaccess.thecvf.com/content/ICCV2021/html/Talebi_Learning_To_Resize_Images_for_Computer_Vision_Tasks_ICCV_2021_paper.html
ICCV-2021-P0236,Self-Supervised Cryo-Electron Tomography Volumetric Image Restoration From Single Noisy Volume With Sparsity Constraint,ICCV-2021-A001164|ICCV-2021-A001165|ICCV-2021-A001166,ICCV,2021,https://openaccess.thecvf.com/content/ICCV2021/html/Yang_Self-Supervised_Cryo-Electron_Tomography_Volumetric_Image_Restoration_From_Single_Noisy_Volume_ICCV_2021_paper.html
ICCV-2021-P0237,Field of Junctions: Extracting Boundary Structure at Low SNR,ICCV-2021-A001167|ICCV-2021-A001168,ICCV,2021,https://openaccess.thecvf.com/content/ICCV2021/html/Verbin_Field_of_Junctions_Extracting_Boundary_Structure_at_Low_SNR_ICCV_2021_paper.html
ICCV-2021-P0238,LSD-StructureNet: Modeling Levels of Structural Detail in 3D Part Hierarchies,ICCV-2021-A001169|ICCV-2021-A001170|ICCV-2021-A001171|ICCV-2021-A001172|ICCV-2021-A001173,ICCV,2021,https://openaccess.thecvf.com/content/ICCV2021/html/Roberts_LSD-StructureNet_Modeling_Levels_of_Structural_Detail_in_3D_Part_Hierarchies_ICCV_2021_paper.html
ICCV-2021-P0239,Weakly Supervised Temporal Anomaly Segmentation With Dynamic Time Warping,ICCV-2021-A001174|ICCV-2021-A001175|ICCV-2021-A001176|ICCV-2021-A001177,ICCV,2021,https://openaccess.thecvf.com/content/ICCV2021/html/Lee_Weakly_Supervised_Temporal_Anomaly_Segmentation_With_Dynamic_Time_Warping_ICCV_2021_paper.html
ICCV-2021-P0240,Re-Distributing Biased Pseudo Labels for Semi-Supervised Semantic Segmentation: A Baseline Investigation,ICCV-2021-A001178|ICCV-2021-A001179|ICCV-2021-A001180,ICCV,2021,https://openaccess.thecvf.com/content/ICCV2021/html/He_Re-Distributing_Biased_Pseudo_Labels_for_Semi-Supervised_Semantic_Segmentation_A_Baseline_ICCV_2021_paper.html
ICCV-2021-P0241,Visformer: The Vision-Friendly Transformer,ICCV-2021-A001181|ICCV-2021-A001182|ICCV-2021-A001183|ICCV-2021-A001184|ICCV-2021-A001185|ICCV-2021-A001186,ICCV,2021,https://openaccess.thecvf.com/content/ICCV2021/html/Chen_Visformer_The_Vision-Friendly_Transformer_ICCV_2021_paper.html
ICCV-2021-P0242,OpenGAN: Open-Set Recognition via Open Data Generation,ICCV-2021-A001187|ICCV-2021-A001188,ICCV,2021,https://openaccess.thecvf.com/content/ICCV2021/html/Kong_OpenGAN_Open-Set_Recognition_via_Open_Data_Generation_ICCV_2021_paper.html
ICCV-2021-P0243,Learning To Reduce Defocus Blur by Realistically Modeling Dual-Pixel Data,ICCV-2021-A001189|ICCV-2021-A001190|ICCV-2021-A001191|ICCV-2021-A001192|ICCV-2021-A001193,ICCV,2021,https://openaccess.thecvf.com/content/ICCV2021/html/Abuolaim_Learning_To_Reduce_Defocus_Blur_by_Realistically_Modeling_Dual-Pixel_Data_ICCV_2021_paper.html
ICCV-2021-P0244,Mining Contextual Information Beyond Image for Semantic Segmentation,ICCV-2021-A001194|ICCV-2021-A001195|ICCV-2021-A001196|ICCV-2021-A001197|ICCV-2021-A001198|ICCV-2021-A001199|ICCV-2021-A001200,ICCV,2021,https://openaccess.thecvf.com/content/ICCV2021/html/Jin_Mining_Contextual_Information_Beyond_Image_for_Semantic_Segmentation_ICCV_2021_paper.html
ICCV-2021-P0245,Dynamic Dual Gating Neural Networks,ICCV-2021-A001201|ICCV-2021-A001202|ICCV-2021-A001203|ICCV-2021-A001204,ICCV,2021,https://openaccess.thecvf.com/content/ICCV2021/html/Li_Dynamic_Dual_Gating_Neural_Networks_ICCV_2021_paper.html
ICCV-2021-P0246,Going Deeper With Image Transformers,ICCV-2021-A001205|ICCV-2021-A001206|ICCV-2021-A001207|ICCV-2021-A001208|ICCV-2021-A001209,ICCV,2021,https://openaccess.thecvf.com/content/ICCV2021/html/Touvron_Going_Deeper_With_Image_Transformers_ICCV_2021_paper.html
ICCV-2021-P0247,MFNet: Multi-Filter Directive Network for Weakly Supervised Salient Object Detection,ICCV-2021-A001210|ICCV-2021-A001211|ICCV-2021-A001212|ICCV-2021-A001213,ICCV,2021,https://openaccess.thecvf.com/content/ICCV2021/html/Piao_MFNet_Multi-Filter_Directive_Network_for_Weakly_Supervised_Salient_Object_Detection_ICCV_2021_paper.html
ICCV-2021-P0248,DRIVE: Deep Reinforced Accident Anticipation With Visual Explanation,ICCV-2021-A001214|ICCV-2021-A001215|ICCV-2021-A001216,ICCV,2021,https://openaccess.thecvf.com/content/ICCV2021/html/Bao_DRIVE_Deep_Reinforced_Accident_Anticipation_With_Visual_Explanation_ICCV_2021_paper.html
ICCV-2021-P0249,Zero-Shot Natural Language Video Localization,ICCV-2021-A001217|ICCV-2021-A001218|ICCV-2021-A001219|ICCV-2021-A001220|ICCV-2021-A001221,ICCV,2021,https://openaccess.thecvf.com/content/ICCV2021/html/Nam_Zero-Shot_Natural_Language_Video_Localization_ICCV_2021_paper.html
ICCV-2021-P0250,FFT-OT: A Fast Algorithm for Optimal Transportation,ICCV-2021-A001222|ICCV-2021-A001223,ICCV,2021,https://openaccess.thecvf.com/content/ICCV2021/html/Lei_FFT-OT_A_Fast_Algorithm_for_Optimal_Transportation_ICCV_2021_paper.html
ICCV-2021-P0251,Progressive Correspondence Pruning by Consensus Learning,ICCV-2021-A001224|ICCV-2021-A001225|ICCV-2021-A001226|ICCV-2021-A001227|ICCV-2021-A001228|ICCV-2021-A001229,ICCV,2021,https://openaccess.thecvf.com/content/ICCV2021/html/Zhao_Progressive_Correspondence_Pruning_by_Consensus_Learning_ICCV_2021_paper.html
ICCV-2021-P0252,Multiscale Vision Transformers,ICCV-2021-A001230|ICCV-2021-A001231|ICCV-2021-A001232|ICCV-2021-A001233|ICCV-2021-A001234|ICCV-2021-A001235|ICCV-2021-A001236,ICCV,2021,https://openaccess.thecvf.com/content/ICCV2021/html/Fan_Multiscale_Vision_Transformers_ICCV_2021_paper.html
ICCV-2021-P0253,Just a Few Points Are All You Need for Multi-View Stereo: A Novel Semi-Supervised Learning Method for Multi-View Stereo,ICCV-2021-A001237|ICCV-2021-A001238|ICCV-2021-A001239|ICCV-2021-A001240|ICCV-2021-A001241,ICCV,2021,https://openaccess.thecvf.com/content/ICCV2021/html/Kim_Just_a_Few_Points_Are_All_You_Need_for_Multi-View_ICCV_2021_paper.html
ICCV-2021-P0254,Multispectral Illumination Estimation Using Deep Unrolling Network,ICCV-2021-A001242|ICCV-2021-A001243|ICCV-2021-A001244,ICCV,2021,https://openaccess.thecvf.com/content/ICCV2021/html/Li_Multispectral_Illumination_Estimation_Using_Deep_Unrolling_Network_ICCV_2021_paper.html
ICCV-2021-P0255,Conditional DETR for Fast Training Convergence,ICCV-2021-A001245|ICCV-2021-A001246|ICCV-2021-A001247|ICCV-2021-A001248|ICCV-2021-A001249|ICCV-2021-A001250|ICCV-2021-A001251|ICCV-2021-A001252,ICCV,2021,https://openaccess.thecvf.com/content/ICCV2021/html/Meng_Conditional_DETR_for_Fast_Training_Convergence_ICCV_2021_paper.html
ICCV-2021-P0256,Distilling Global and Local Logits With Densely Connected Relations,ICCV-2021-A001253|ICCV-2021-A001254|ICCV-2021-A001255|ICCV-2021-A001256|ICCV-2021-A001257|ICCV-2021-A001258,ICCV,2021,https://openaccess.thecvf.com/content/ICCV2021/html/Kim_Distilling_Global_and_Local_Logits_With_Densely_Connected_Relations_ICCV_2021_paper.html
ICCV-2021-P0257,MVTN: Multi-View Transformation Network for 3D Shape Recognition,ICCV-2021-A001259|ICCV-2021-A001260|ICCV-2021-A001261,ICCV,2021,https://openaccess.thecvf.com/content/ICCV2021/html/Hamdi_MVTN_Multi-View_Transformation_Network_for_3D_Shape_Recognition_ICCV_2021_paper.html
ICCV-2021-P0258,GNeRF: GAN-Based Neural Radiance Field Without Posed Camera,ICCV-2021-A001262|ICCV-2021-A001263|ICCV-2021-A001264|ICCV-2021-A001265|ICCV-2021-A001266|ICCV-2021-A001267|ICCV-2021-A001268|ICCV-2021-A001269,ICCV,2021,https://openaccess.thecvf.com/content/ICCV2021/html/Meng_GNeRF_GAN-Based_Neural_Radiance_Field_Without_Posed_Camera_ICCV_2021_paper.html
ICCV-2021-P0259,"ODAM: Object Detection, Association, and Mapping Using Posed RGB Video",ICCV-2021-A001270|ICCV-2021-A001271|ICCV-2021-A001272|ICCV-2021-A001273|ICCV-2021-A001274|ICCV-2021-A001275|ICCV-2021-A001276|ICCV-2021-A001277|ICCV-2021-A001278,ICCV,2021,https://openaccess.thecvf.com/content/ICCV2021/html/Li_ODAM_Object_Detection_Association_and_Mapping_Using_Posed_RGB_Video_ICCV_2021_paper.html
ICCV-2021-P0260,Dual Contrastive Loss and Attention for GANs,ICCV-2021-A001279|ICCV-2021-A001280|ICCV-2021-A001281|ICCV-2021-A001282|ICCV-2021-A001283|ICCV-2021-A001284|ICCV-2021-A001285,ICCV,2021,https://openaccess.thecvf.com/content/ICCV2021/html/Yu_Dual_Contrastive_Loss_and_Attention_for_GANs_ICCV_2021_paper.html
ICCV-2021-P0261,DualPoseNet: Category-Level 6D Object Pose and Size Estimation Using Dual Pose Network With Refined Learning of Pose Consistency,ICCV-2021-A001286|ICCV-2021-A001287|ICCV-2021-A001288|ICCV-2021-A001289|ICCV-2021-A001290|ICCV-2021-A001291,ICCV,2021,https://openaccess.thecvf.com/content/ICCV2021/html/Lin_DualPoseNet_Category-Level_6D_Object_Pose_and_Size_Estimation_Using_Dual_ICCV_2021_paper.html
ICCV-2021-P0262,MDETR - Modulated Detection for End-to-End Multi-Modal Understanding,ICCV-2021-A001292|ICCV-2021-A001293|ICCV-2021-A001294|ICCV-2021-A001295|ICCV-2021-A001296|ICCV-2021-A001297,ICCV,2021,https://openaccess.thecvf.com/content/ICCV2021/html/Kamath_MDETR_-_Modulated_Detection_for_End-to-End_Multi-Modal_Understanding_ICCV_2021_paper.html
ICCV-2021-P0263,Calibrated and Partially Calibrated Semi-Generalized Homographies,ICCV-2021-A001298|ICCV-2021-A001299|ICCV-2021-A001300|ICCV-2021-A001301|ICCV-2021-A001302|ICCV-2021-A001303,ICCV,2021,https://openaccess.thecvf.com/content/ICCV2021/html/Bhayani_Calibrated_and_Partially_Calibrated_Semi-Generalized_Homographies_ICCV_2021_paper.html
ICCV-2021-P0264,The Surprising Impact of Mask-Head Architecture on Novel Class Segmentation,ICCV-2021-A001304|ICCV-2021-A001305|ICCV-2021-A001306|ICCV-2021-A001307|ICCV-2021-A001308,ICCV,2021,https://openaccess.thecvf.com/content/ICCV2021/html/Birodkar_The_Surprising_Impact_of_Mask-Head_Architecture_on_Novel_Class_Segmentation_ICCV_2021_paper.html
ICCV-2021-P0265,Collaborative Optimization and Aggregation for Decentralized Domain Generalization and Adaptation,ICCV-2021-A001309|ICCV-2021-A001310,ICCV,2021,https://openaccess.thecvf.com/content/ICCV2021/html/Wu_Collaborative_Optimization_and_Aggregation_for_Decentralized_Domain_Generalization_and_Adaptation_ICCV_2021_paper.html
ICCV-2021-P0266,Causal Attention for Unbiased Visual Recognition,ICCV-2021-A001311|ICCV-2021-A001312|ICCV-2021-A001313|ICCV-2021-A001314,ICCV,2021,https://openaccess.thecvf.com/content/ICCV2021/html/Wang_Causal_Attention_for_Unbiased_Visual_Recognition_ICCV_2021_paper.html
ICCV-2021-P0267,Detecting Persuasive Atypicality by Modeling Contextual Compatibility,ICCV-2021-A001315|ICCV-2021-A001316|ICCV-2021-A001317,ICCV,2021,https://openaccess.thecvf.com/content/ICCV2021/html/Guo_Detecting_Persuasive_Atypicality_by_Modeling_Contextual_Compatibility_ICCV_2021_paper.html
ICCV-2021-P0268,STVGBert: A Visual-Linguistic Transformer Based Framework for Spatio-Temporal Video Grounding,ICCV-2021-A001318|ICCV-2021-A001319|ICCV-2021-A001320,ICCV,2021,https://openaccess.thecvf.com/content/ICCV2021/html/Su_STVGBert_A_Visual-Linguistic_Transformer_Based_Framework_for_Spatio-Temporal_Video_Grounding_ICCV_2021_paper.html
ICCV-2021-P0269,Learning Dual Priors for JPEG Compression Artifacts Removal,ICCV-2021-A001321|ICCV-2021-A001322|ICCV-2021-A001323|ICCV-2021-A001324|ICCV-2021-A001325,ICCV,2021,https://openaccess.thecvf.com/content/ICCV2021/html/Fu_Learning_Dual_Priors_for_JPEG_Compression_Artifacts_Removal_ICCV_2021_paper.html
ICCV-2021-P0270,Searching for Two-Stream Models in Multivariate Space for Video Recognition,ICCV-2021-A001326|ICCV-2021-A001327|ICCV-2021-A001328|ICCV-2021-A001329|ICCV-2021-A001330|ICCV-2021-A001331,ICCV,2021,https://openaccess.thecvf.com/content/ICCV2021/html/Gong_Searching_for_Two-Stream_Models_in_Multivariate_Space_for_Video_Recognition_ICCV_2021_paper.html
ICCV-2021-P0271,Learning Multiple Pixelwise Tasks Based on Loss Scale Balancing,ICCV-2021-A001332|ICCV-2021-A001333|ICCV-2021-A001334,ICCV,2021,https://openaccess.thecvf.com/content/ICCV2021/html/Lee_Learning_Multiple_Pixelwise_Tasks_Based_on_Loss_Scale_Balancing_ICCV_2021_paper.html
ICCV-2021-P0272,MLVSNet: Multi-Level Voting Siamese Network for 3D Visual Tracking,ICCV-2021-A001335|ICCV-2021-A001336|ICCV-2021-A001337|ICCV-2021-A001338|ICCV-2021-A001339|ICCV-2021-A001340,ICCV,2021,https://openaccess.thecvf.com/content/ICCV2021/html/Wang_MLVSNet_Multi-Level_Voting_Siamese_Network_for_3D_Visual_Tracking_ICCV_2021_paper.html
ICCV-2021-P0273,ACE: Ally Complementary Experts for Solving Long-Tailed Recognition in One-Shot,ICCV-2021-A001341|ICCV-2021-A001342|ICCV-2021-A001343,ICCV,2021,https://openaccess.thecvf.com/content/ICCV2021/html/Cai_ACE_Ally_Complementary_Experts_for_Solving_Long-Tailed_Recognition_in_One-Shot_ICCV_2021_paper.html
ICCV-2021-P0274,Hyperspectral Image Denoising With Realistic Data,ICCV-2021-A001344|ICCV-2021-A001345|ICCV-2021-A001346,ICCV,2021,https://openaccess.thecvf.com/content/ICCV2021/html/Zhang_Hyperspectral_Image_Denoising_With_Realistic_Data_ICCV_2021_paper.html
ICCV-2021-P0275,Rethinking Noise Synthesis and Modeling in Raw Denoising,ICCV-2021-A001347|ICCV-2021-A001348|ICCV-2021-A001349|ICCV-2021-A001350,ICCV,2021,https://openaccess.thecvf.com/content/ICCV2021/html/Zhang_Rethinking_Noise_Synthesis_and_Modeling_in_Raw_Denoising_ICCV_2021_paper.html
ICCV-2021-P0276,Disentangled Representation for Age-Invariant Face Recognition: A Mutual Information Minimization Perspective,ICCV-2021-A001351|ICCV-2021-A001352|ICCV-2021-A001353,ICCV,2021,https://openaccess.thecvf.com/content/ICCV2021/html/Hou_Disentangled_Representation_for_Age-Invariant_Face_Recognition_A_Mutual_Information_Minimization_ICCV_2021_paper.html
ICCV-2021-P0277,FATNN: Fast and Accurate Ternary Neural Networks,ICCV-2021-A001354|ICCV-2021-A001355|ICCV-2021-A001356,ICCV,2021,https://openaccess.thecvf.com/content/ICCV2021/html/Chen_FATNN_Fast_and_Accurate_Ternary_Neural_Networks_ICCV_2021_paper.html
ICCV-2021-P0278,Multitask AET With Orthogonal Tangent Regularity for Dark Object Detection,ICCV-2021-A001357|ICCV-2021-A001358|ICCV-2021-A001359|ICCV-2021-A001360|ICCV-2021-A001361|ICCV-2021-A001362,ICCV,2021,https://openaccess.thecvf.com/content/ICCV2021/html/Cui_Multitask_AET_With_Orthogonal_Tangent_Regularity_for_Dark_Object_Detection_ICCV_2021_paper.html
ICCV-2021-P0279,Contrastive Attention Maps for Self-Supervised Co-Localization,ICCV-2021-A001363|ICCV-2021-A001364|ICCV-2021-A001365|ICCV-2021-A001366,ICCV,2021,https://openaccess.thecvf.com/content/ICCV2021/html/Ki_Contrastive_Attention_Maps_for_Self-Supervised_Co-Localization_ICCV_2021_paper.html
ICCV-2021-P0280,Domain Generalization via Gradient Surgery,ICCV-2021-A001367|ICCV-2021-A001368|ICCV-2021-A001369|ICCV-2021-A001370,ICCV,2021,https://openaccess.thecvf.com/content/ICCV2021/html/Mansilla_Domain_Generalization_via_Gradient_Surgery_ICCV_2021_paper.html
ICCV-2021-P0281,Personalized and Invertible Face De-Identification by Disentangled Identity Information Manipulation,ICCV-2021-A001371|ICCV-2021-A001372|ICCV-2021-A001373|ICCV-2021-A001374|ICCV-2021-A001375,ICCV,2021,https://openaccess.thecvf.com/content/ICCV2021/html/Cao_Personalized_and_Invertible_Face_De-Identification_by_Disentangled_Identity_Information_Manipulation_ICCV_2021_paper.html
ICCV-2021-P0282,Explain Me the Painting: Multi-Topic Knowledgeable Art Description Generation,ICCV-2021-A001376|ICCV-2021-A001377|ICCV-2021-A001378,ICCV,2021,https://openaccess.thecvf.com/content/ICCV2021/html/Bai_Explain_Me_the_Painting_Multi-Topic_Knowledgeable_Art_Description_Generation_ICCV_2021_paper.html
ICCV-2021-P0283,Unsupervised Curriculum Domain Adaptation for No-Reference Video Quality Assessment,ICCV-2021-A001379|ICCV-2021-A001380|ICCV-2021-A001381|ICCV-2021-A001382|ICCV-2021-A001383,ICCV,2021,https://openaccess.thecvf.com/content/ICCV2021/html/Chen_Unsupervised_Curriculum_Domain_Adaptation_for_No-Reference_Video_Quality_Assessment_ICCV_2021_paper.html
ICCV-2021-P0284,GTT-Net: Learned Generalized Trajectory Triangulation,ICCV-2021-A001384|ICCV-2021-A001385,ICCV,2021,https://openaccess.thecvf.com/content/ICCV2021/html/Xu_GTT-Net_Learned_Generalized_Trajectory_Triangulation_ICCV_2021_paper.html
ICCV-2021-P0285,Learning To Remove Refractive Distortions From Underwater Images,ICCV-2021-A001386|ICCV-2021-A001387|ICCV-2021-A001388,ICCV,2021,https://openaccess.thecvf.com/content/ICCV2021/html/Thapa_Learning_To_Remove_Refractive_Distortions_From_Underwater_Images_ICCV_2021_paper.html
ICCV-2021-P0286,BARF: Bundle-Adjusting Neural Radiance Fields,ICCV-2021-A001389|ICCV-2021-A001390|ICCV-2021-A001391|ICCV-2021-A001392,ICCV,2021,https://openaccess.thecvf.com/content/ICCV2021/html/Lin_BARF_Bundle-Adjusting_Neural_Radiance_Fields_ICCV_2021_paper.html
ICCV-2021-P0287,LapsCore: Language-Guided Person Search via Color Reasoning,ICCV-2021-A001393|ICCV-2021-A001394|ICCV-2021-A001395|ICCV-2021-A001396|ICCV-2021-A001397|ICCV-2021-A001398,ICCV,2021,https://openaccess.thecvf.com/content/ICCV2021/html/Wu_LapsCore_Language-Guided_Person_Search_via_Color_Reasoning_ICCV_2021_paper.html
ICCV-2021-P0288,Deep Permutation Equivariant Structure From Motion,ICCV-2021-A001399|ICCV-2021-A001400|ICCV-2021-A001401|ICCV-2021-A001402|ICCV-2021-A001403|ICCV-2021-A001404,ICCV,2021,https://openaccess.thecvf.com/content/ICCV2021/html/Moran_Deep_Permutation_Equivariant_Structure_From_Motion_ICCV_2021_paper.html
ICCV-2021-P0289,Collaborative Unsupervised Visual Representation Learning From Decentralized Data,ICCV-2021-A001405|ICCV-2021-A001406|ICCV-2021-A001407|ICCV-2021-A001408|ICCV-2021-A001409,ICCV,2021,https://openaccess.thecvf.com/content/ICCV2021/html/Zhuang_Collaborative_Unsupervised_Visual_Representation_Learning_From_Decentralized_Data_ICCV_2021_paper.html
ICCV-2021-P0290,DeepPRO: Deep Partial Point Cloud Registration of Objects,ICCV-2021-A001410|ICCV-2021-A001411|ICCV-2021-A001412|ICCV-2021-A001413|ICCV-2021-A001414,ICCV,2021,https://openaccess.thecvf.com/content/ICCV2021/html/Lee_DeepPRO_Deep_Partial_Point_Cloud_Registration_of_Objects_ICCV_2021_paper.html
ICCV-2021-P0291,RECALL: Replay-Based Continual Learning in Semantic Segmentation,ICCV-2021-A001415|ICCV-2021-A001416|ICCV-2021-A001417|ICCV-2021-A001418,ICCV,2021,https://openaccess.thecvf.com/content/ICCV2021/html/Maracani_RECALL_Replay-Based_Continual_Learning_in_Semantic_Segmentation_ICCV_2021_paper.html
ICCV-2021-P0292,Extending Neural P-Frame Codecs for B-Frame Coding,ICCV-2021-A001419|ICCV-2021-A001420,ICCV,2021,https://openaccess.thecvf.com/content/ICCV2021/html/Pourreza_Extending_Neural_P-Frame_Codecs_for_B-Frame_Coding_ICCV_2021_paper.html
ICCV-2021-P0293,HAIR: Hierarchical Visual-Semantic Relational Reasoning for Video Question Answering,ICCV-2021-A001421|ICCV-2021-A001422|ICCV-2021-A001423|ICCV-2021-A001424,ICCV,2021,https://openaccess.thecvf.com/content/ICCV2021/html/Liu_HAIR_Hierarchical_Visual-Semantic_Relational_Reasoning_for_Video_Question_Answering_ICCV_2021_paper.html
ICCV-2021-P0294,Voxel Transformer for 3D Object Detection,ICCV-2021-A001425|ICCV-2021-A001426|ICCV-2021-A001427|ICCV-2021-A001428|ICCV-2021-A001429|ICCV-2021-A001430|ICCV-2021-A001431|ICCV-2021-A001432,ICCV,2021,https://openaccess.thecvf.com/content/ICCV2021/html/Mao_Voxel_Transformer_for_3D_Object_Detection_ICCV_2021_paper.html
ICCV-2021-P0295,Out-of-Boundary View Synthesis Towards Full-Frame Video Stabilization,ICCV-2021-A001433|ICCV-2021-A001434|ICCV-2021-A001435,ICCV,2021,https://openaccess.thecvf.com/content/ICCV2021/html/Xu_Out-of-Boundary_View_Synthesis_Towards_Full-Frame_Video_Stabilization_ICCV_2021_paper.html
ICCV-2021-P0296,Multimodal Clustering Networks for Self-Supervised Learning From Unlabeled Videos,ICCV-2021-A001436|ICCV-2021-A001437|ICCV-2021-A001438|ICCV-2021-A001439|ICCV-2021-A001440|ICCV-2021-A001441|ICCV-2021-A001442|ICCV-2021-A001443|ICCV-2021-A001444|ICCV-2021-A001445|ICCV-2021-A001446|ICCV-2021-A001447|ICCV-2021-A001448,ICCV,2021,https://openaccess.thecvf.com/content/ICCV2021/html/Chen_Multimodal_Clustering_Networks_for_Self-Supervised_Learning_From_Unlabeled_Videos_ICCV_2021_paper.html
ICCV-2021-P0297,Towards a Universal Model for Cross-Dataset Crowd Counting,ICCV-2021-A001449|ICCV-2021-A001450|ICCV-2021-A001451|ICCV-2021-A001452|ICCV-2021-A001453,ICCV,2021,https://openaccess.thecvf.com/content/ICCV2021/html/Ma_Towards_a_Universal_Model_for_Cross-Dataset_Crowd_Counting_ICCV_2021_paper.html
ICCV-2021-P0298,Learning RAW-to-sRGB Mappings With Inaccurately Aligned Supervision,ICCV-2021-A001454|ICCV-2021-A001455|ICCV-2021-A001456|ICCV-2021-A001457|ICCV-2021-A001458|ICCV-2021-A001459,ICCV,2021,https://openaccess.thecvf.com/content/ICCV2021/html/Zhang_Learning_RAW-to-sRGB_Mappings_With_Inaccurately_Aligned_Supervision_ICCV_2021_paper.html
ICCV-2021-P0299,Context Reasoning Attention Network for Image Super-Resolution,ICCV-2021-A001460|ICCV-2021-A001461|ICCV-2021-A001462|ICCV-2021-A001463|ICCV-2021-A001464|ICCV-2021-A001465,ICCV,2021,https://openaccess.thecvf.com/content/ICCV2021/html/Zhang_Context_Reasoning_Attention_Network_for_Image_Super-Resolution_ICCV_2021_paper.html
ICCV-2021-P0300,3DeepCT: Learning Volumetric Scattering Tomography of Clouds,ICCV-2021-A001466|ICCV-2021-A001467|ICCV-2021-A001468|ICCV-2021-A001469,ICCV,2021,https://openaccess.thecvf.com/content/ICCV2021/html/Sde-Chen_3DeepCT_Learning_Volumetric_Scattering_Tomography_of_Clouds_ICCV_2021_paper.html
ICCV-2021-P0301,EvIntSR-Net: Event Guided Multiple Latent Frames Reconstruction and Super-Resolution,ICCV-2021-A001470|ICCV-2021-A001471|ICCV-2021-A001472|ICCV-2021-A001473|ICCV-2021-A001474,ICCV,2021,https://openaccess.thecvf.com/content/ICCV2021/html/Han_EvIntSR-Net_Event_Guided_Multiple_Latent_Frames_Reconstruction_and_Super-Resolution_ICCV_2021_paper.html
ICCV-2021-P0302,Deep Structured Instance Graph for Distilling Object Detectors,ICCV-2021-A001475|ICCV-2021-A001476|ICCV-2021-A001477|ICCV-2021-A001478|ICCV-2021-A001479,ICCV,2021,https://openaccess.thecvf.com/content/ICCV2021/html/Chen_Deep_Structured_Instance_Graph_for_Distilling_Object_Detectors_ICCV_2021_paper.html
ICCV-2021-P0303,Adversarial Attacks Are Reversible With Natural Supervision,ICCV-2021-A001480|ICCV-2021-A001481|ICCV-2021-A001482|ICCV-2021-A001483|ICCV-2021-A001484,ICCV,2021,https://openaccess.thecvf.com/content/ICCV2021/html/Mao_Adversarial_Attacks_Are_Reversible_With_Natural_Supervision_ICCV_2021_paper.html
ICCV-2021-P0304,Hierarchical Graph Attention Network for Few-Shot Visual-Semantic Learning,ICCV-2021-A001485|ICCV-2021-A001486|ICCV-2021-A001487|ICCV-2021-A001488|ICCV-2021-A001489|ICCV-2021-A001490,ICCV,2021,https://openaccess.thecvf.com/content/ICCV2021/html/Yin_Hierarchical_Graph_Attention_Network_for_Few-Shot_Visual-Semantic_Learning_ICCV_2021_paper.html
ICCV-2021-P0305,(Just) A Spoonful of Refinements Helps the Registration Error Go Down,ICCV-2021-A001491|ICCV-2021-A001492|ICCV-2021-A001493|ICCV-2021-A001494,ICCV,2021,https://openaccess.thecvf.com/content/ICCV2021/html/Agostinho_Just_A_Spoonful_of_Refinements_Helps_the_Registration_Error_Go_ICCV_2021_paper.html
ICCV-2021-P0306,ECS-Net: Improving Weakly Supervised Semantic Segmentation by Using Connections Between Class Activation Maps,ICCV-2021-A001495|ICCV-2021-A001496|ICCV-2021-A001497|ICCV-2021-A001498,ICCV,2021,https://openaccess.thecvf.com/content/ICCV2021/html/Sun_ECS-Net_Improving_Weakly_Supervised_Semantic_Segmentation_by_Using_Connections_Between_ICCV_2021_paper.html
ICCV-2021-P0307,Heterogeneous Relational Complement for Vehicle Re-Identification,ICCV-2021-A001499|ICCV-2021-A001500|ICCV-2021-A001501|ICCV-2021-A001502|ICCV-2021-A001503,ICCV,2021,https://openaccess.thecvf.com/content/ICCV2021/html/Zhao_Heterogeneous_Relational_Complement_for_Vehicle_Re-Identification_ICCV_2021_paper.html
ICCV-2021-P0308,Transfusion: A Novel SLAM Method Focused on Transparent Objects,ICCV-2021-A001504|ICCV-2021-A001505|ICCV-2021-A001506,ICCV,2021,https://openaccess.thecvf.com/content/ICCV2021/html/Zhu_Transfusion_A_Novel_SLAM_Method_Focused_on_Transparent_Objects_ICCV_2021_paper.html
ICCV-2021-P0309,Removing Adversarial Noise in Class Activation Feature Space,ICCV-2021-A001507|ICCV-2021-A001508|ICCV-2021-A001509|ICCV-2021-A001510|ICCV-2021-A001511|ICCV-2021-A001512|ICCV-2021-A001513,ICCV,2021,https://openaccess.thecvf.com/content/ICCV2021/html/Zhou_Removing_Adversarial_Noise_in_Class_Activation_Feature_Space_ICCV_2021_paper.html
ICCV-2021-P0310,Mutual Affine Network for Spatially Variant Kernel Estimation in Blind Image Super-Resolution,ICCV-2021-A001514|ICCV-2021-A001515|ICCV-2021-A001516|ICCV-2021-A001517|ICCV-2021-A001518,ICCV,2021,https://openaccess.thecvf.com/content/ICCV2021/html/Liang_Mutual_Affine_Network_for_Spatially_Variant_Kernel_Estimation_in_Blind_ICCV_2021_paper.html
ICCV-2021-P0311,Scene Synthesis via Uncertainty-Driven Attribute Synchronization,ICCV-2021-A001519|ICCV-2021-A001520|ICCV-2021-A001521|ICCV-2021-A001522|ICCV-2021-A001523|ICCV-2021-A001524|ICCV-2021-A001525|ICCV-2021-A001526,ICCV,2021,https://openaccess.thecvf.com/content/ICCV2021/html/Yang_Scene_Synthesis_via_Uncertainty-Driven_Attribute_Synchronization_ICCV_2021_paper.html
ICCV-2021-P0312,Adversarial Example Detection Using Latent Neighborhood Graph,ICCV-2021-A001527|ICCV-2021-A001528|ICCV-2021-A001529|ICCV-2021-A001530|ICCV-2021-A001531|ICCV-2021-A001532|ICCV-2021-A001533,ICCV,2021,https://openaccess.thecvf.com/content/ICCV2021/html/Abusnaina_Adversarial_Example_Detection_Using_Latent_Neighborhood_Graph_ICCV_2021_paper.html
ICCV-2021-P0313,Dynamic View Synthesis From Dynamic Monocular Video,ICCV-2021-A001534|ICCV-2021-A001535|ICCV-2021-A001536|ICCV-2021-A001537,ICCV,2021,https://openaccess.thecvf.com/content/ICCV2021/html/Gao_Dynamic_View_Synthesis_From_Dynamic_Monocular_Video_ICCV_2021_paper.html
ICCV-2021-P0314,Learning To Match Features With Seeded Graph Matching Network,ICCV-2021-A001538|ICCV-2021-A001539|ICCV-2021-A001540|ICCV-2021-A001541|ICCV-2021-A001542|ICCV-2021-A001543|ICCV-2021-A001544|ICCV-2021-A001545,ICCV,2021,https://openaccess.thecvf.com/content/ICCV2021/html/Chen_Learning_To_Match_Features_With_Seeded_Graph_Matching_Network_ICCV_2021_paper.html
ICCV-2021-P0315,Anonymizing Egocentric Videos,ICCV-2021-A001546|ICCV-2021-A001547|ICCV-2021-A001548,ICCV,2021,https://openaccess.thecvf.com/content/ICCV2021/html/Thapar_Anonymizing_Egocentric_Videos_ICCV_2021_paper.html
ICCV-2021-P0316,PreDet: Large-Scale Weakly Supervised Pre-Training for Detection,ICCV-2021-A001549|ICCV-2021-A001550|ICCV-2021-A001551,ICCV,2021,https://openaccess.thecvf.com/content/ICCV2021/html/Ramanathan_PreDet_Large-Scale_Weakly_Supervised_Pre-Training_for_Detection_ICCV_2021_paper.html
ICCV-2021-P0317,Real-Time Video Inference on Edge Devices via Adaptive Model Streaming,ICCV-2021-A001552|ICCV-2021-A001553|ICCV-2021-A001554|ICCV-2021-A001555,ICCV,2021,https://openaccess.thecvf.com/content/ICCV2021/html/Khani_Real-Time_Video_Inference_on_Edge_Devices_via_Adaptive_Model_Streaming_ICCV_2021_paper.html
ICCV-2021-P0318,Multi-Modality Associative Bridging Through Memory: Speech Sound Recollected From Face Video,ICCV-2021-A001556|ICCV-2021-A001557|ICCV-2021-A001558|ICCV-2021-A001559,ICCV,2021,https://openaccess.thecvf.com/content/ICCV2021/html/Kim_Multi-Modality_Associative_Bridging_Through_Memory_Speech_Sound_Recollected_From_Face_ICCV_2021_paper.html
ICCV-2021-P0319,Towards Rotation Invariance in Object Detection,ICCV-2021-A001560|ICCV-2021-A001561|ICCV-2021-A001562|ICCV-2021-A001563|ICCV-2021-A001564,ICCV,2021,https://openaccess.thecvf.com/content/ICCV2021/html/Kalra_Towards_Rotation_Invariance_in_Object_Detection_ICCV_2021_paper.html
ICCV-2021-P0320,Unlocking the Potential of Ordinary Classifier: Class-Specific Adversarial Erasing Framework for Weakly Supervised Semantic Segmentation,ICCV-2021-A001565|ICCV-2021-A001566|ICCV-2021-A001567|ICCV-2021-A001568|ICCV-2021-A001569,ICCV,2021,https://openaccess.thecvf.com/content/ICCV2021/html/Kweon_Unlocking_the_Potential_of_Ordinary_Classifier_Class-Specific_Adversarial_Erasing_Framework_ICCV_2021_paper.html
ICCV-2021-P0321,Sparse-to-Dense Feature Matching: Intra and Inter Domain Cross-Modal Learning in Domain Adaptation for 3D Semantic Segmentation,ICCV-2021-A001570|ICCV-2021-A001571|ICCV-2021-A001572|ICCV-2021-A001573|ICCV-2021-A001574,ICCV,2021,https://openaccess.thecvf.com/content/ICCV2021/html/Peng_Sparse-to-Dense_Feature_Matching_Intra_and_Inter_Domain_Cross-Modal_Learning_in_ICCV_2021_paper.html
ICCV-2021-P0322,ReconfigISP: Reconfigurable Camera Image Processing Pipeline,ICCV-2021-A001575|ICCV-2021-A001576|ICCV-2021-A001577|ICCV-2021-A001578|ICCV-2021-A001579,ICCV,2021,https://openaccess.thecvf.com/content/ICCV2021/html/Yu_ReconfigISP_Reconfigurable_Camera_Image_Processing_Pipeline_ICCV_2021_paper.html
ICCV-2021-P0323,Video Instance Segmentation With a Propose-Reduce Paradigm,ICCV-2021-A001580|ICCV-2021-A001581|ICCV-2021-A001582|ICCV-2021-A001583|ICCV-2021-A001584,ICCV,2021,https://openaccess.thecvf.com/content/ICCV2021/html/Lin_Video_Instance_Segmentation_With_a_Propose-Reduce_Paradigm_ICCV_2021_paper.html
ICCV-2021-P0324,Dense Deep Unfolding Network With 3D-CNN Prior for Snapshot Compressive Imaging,ICCV-2021-A001585|ICCV-2021-A001586|ICCV-2021-A001587,ICCV,2021,https://openaccess.thecvf.com/content/ICCV2021/html/Wu_Dense_Deep_Unfolding_Network_With_3D-CNN_Prior_for_Snapshot_Compressive_ICCV_2021_paper.html
ICCV-2021-P0325,SA-ConvONet: Sign-Agnostic Optimization of Convolutional Occupancy Networks,ICCV-2021-A001588|ICCV-2021-A001589|ICCV-2021-A001590|ICCV-2021-A001591|ICCV-2021-A001592|ICCV-2021-A001593,ICCV,2021,https://openaccess.thecvf.com/content/ICCV2021/html/Tang_SA-ConvONet_Sign-Agnostic_Optimization_of_Convolutional_Occupancy_Networks_ICCV_2021_paper.html
ICCV-2021-P0326,Move2Hear: Active Audio-Visual Source Separation,ICCV-2021-A001594|ICCV-2021-A001595|ICCV-2021-A001596,ICCV,2021,https://openaccess.thecvf.com/content/ICCV2021/html/Majumder_Move2Hear_Active_Audio-Visual_Source_Separation_ICCV_2021_paper.html
ICCV-2021-P0327,AA-RMVSNet: Adaptive Aggregation Recurrent Multi-View Stereo Network,ICCV-2021-A001597|ICCV-2021-A001598|ICCV-2021-A001599|ICCV-2021-A001600|ICCV-2021-A001601,ICCV,2021,https://openaccess.thecvf.com/content/ICCV2021/html/Wei_AA-RMVSNet_Adaptive_Aggregation_Recurrent_Multi-View_Stereo_Network_ICCV_2021_paper.html
ICCV-2021-P0328,Orthogonal Jacobian Regularization for Unsupervised Disentanglement in Image Generation,ICCV-2021-A001602|ICCV-2021-A001603|ICCV-2021-A001604|ICCV-2021-A001605|ICCV-2021-A001606|ICCV-2021-A001607|ICCV-2021-A001608,ICCV,2021,https://openaccess.thecvf.com/content/ICCV2021/html/Wei_Orthogonal_Jacobian_Regularization_for_Unsupervised_Disentanglement_in_Image_Generation_ICCV_2021_paper.html
ICCV-2021-P0329,SSH: A Self-Supervised Framework for Image Harmonization,ICCV-2021-A001609|ICCV-2021-A001610|ICCV-2021-A001611|ICCV-2021-A001612|ICCV-2021-A001613|ICCV-2021-A001614|ICCV-2021-A001615|ICCV-2021-A001616|ICCV-2021-A001617|ICCV-2021-A001618,ICCV,2021,https://openaccess.thecvf.com/content/ICCV2021/html/Jiang_SSH_A_Self-Supervised_Framework_for_Image_Harmonization_ICCV_2021_paper.html
ICCV-2021-P0330,Learning Multi-Scene Absolute Pose Regression With Transformers,ICCV-2021-A001619|ICCV-2021-A001620|ICCV-2021-A001621,ICCV,2021,https://openaccess.thecvf.com/content/ICCV2021/html/Shavit_Learning_Multi-Scene_Absolute_Pose_Regression_With_Transformers_ICCV_2021_paper.html
ICCV-2021-P0331,Training Multi-Object Detector by Estimating Bounding Box Distribution for Input Image,ICCV-2021-A001622|ICCV-2021-A001623|ICCV-2021-A001624|ICCV-2021-A001625|ICCV-2021-A001626,ICCV,2021,https://openaccess.thecvf.com/content/ICCV2021/html/Yoo_Training_Multi-Object_Detector_by_Estimating_Bounding_Box_Distribution_for_Input_ICCV_2021_paper.html
ICCV-2021-P0332,Defocus Map Estimation and Deblurring From a Single Dual-Pixel Image,ICCV-2021-A001627|ICCV-2021-A001628|ICCV-2021-A001629|ICCV-2021-A001630|ICCV-2021-A001631|ICCV-2021-A001632|ICCV-2021-A001633|ICCV-2021-A001634,ICCV,2021,https://openaccess.thecvf.com/content/ICCV2021/html/Xin_Defocus_Map_Estimation_and_Deblurring_From_a_Single_Dual-Pixel_Image_ICCV_2021_paper.html
ICCV-2021-P0333,DivAug: Plug-In Automated Data Augmentation With Explicit Diversity Maximization,ICCV-2021-A001635|ICCV-2021-A001636|ICCV-2021-A001637|ICCV-2021-A001638|ICCV-2021-A001639,ICCV,2021,https://openaccess.thecvf.com/content/ICCV2021/html/Liu_DivAug_Plug-In_Automated_Data_Augmentation_With_Explicit_Diversity_Maximization_ICCV_2021_paper.html
ICCV-2021-P0334,FMODetect: Robust Detection of Fast Moving Objects,ICCV-2021-A001640|ICCV-2021-A001641|ICCV-2021-A001642|ICCV-2021-A001643|ICCV-2021-A001644,ICCV,2021,https://openaccess.thecvf.com/content/ICCV2021/html/Rozumnyi_FMODetect_Robust_Detection_of_Fast_Moving_Objects_ICCV_2021_paper.html
ICCV-2021-P0335,VideoLT: Large-Scale Long-Tailed Video Recognition,ICCV-2021-A001645|ICCV-2021-A001646|ICCV-2021-A001647|ICCV-2021-A001648|ICCV-2021-A001649|ICCV-2021-A001650|ICCV-2021-A001651,ICCV,2021,https://openaccess.thecvf.com/content/ICCV2021/html/Zhang_VideoLT_Large-Scale_Long-Tailed_Video_Recognition_ICCV_2021_paper.html
ICCV-2021-P0336,RangeDet: In Defense of Range View for LiDAR-Based 3D Object Detection,ICCV-2021-A001652|ICCV-2021-A001653|ICCV-2021-A001654|ICCV-2021-A001655|ICCV-2021-A001656,ICCV,2021,https://openaccess.thecvf.com/content/ICCV2021/html/Fan_RangeDet_In_Defense_of_Range_View_for_LiDAR-Based_3D_Object_ICCV_2021_paper.html
ICCV-2021-P0337,Data-Free Universal Adversarial Perturbation and Black-Box Attack,ICCV-2021-A001657|ICCV-2021-A001658|ICCV-2021-A001659|ICCV-2021-A001660,ICCV,2021,https://openaccess.thecvf.com/content/ICCV2021/html/Zhang_Data-Free_Universal_Adversarial_Perturbation_and_Black-Box_Attack_ICCV_2021_paper.html
ICCV-2021-P0338,Single-Shot Hyperspectral-Depth Imaging With Learned Diffractive Optics,ICCV-2021-A001661|ICCV-2021-A001662|ICCV-2021-A001663|ICCV-2021-A001664|ICCV-2021-A001665|ICCV-2021-A001666|ICCV-2021-A001667,ICCV,2021,https://openaccess.thecvf.com/content/ICCV2021/html/Baek_Single-Shot_Hyperspectral-Depth_Imaging_With_Learned_Diffractive_Optics_ICCV_2021_paper.html
ICCV-2021-P0339,FaPN: Feature-Aligned Pyramid Network for Dense Image Prediction,ICCV-2021-A001668|ICCV-2021-A001669|ICCV-2021-A001670|ICCV-2021-A001671,ICCV,2021,https://openaccess.thecvf.com/content/ICCV2021/html/Huang_FaPN_Feature-Aligned_Pyramid_Network_for_Dense_Image_Prediction_ICCV_2021_paper.html
ICCV-2021-P0340,On the Robustness of Vision Transformers to Adversarial Examples,ICCV-2021-A001672|ICCV-2021-A001673|ICCV-2021-A001674,ICCV,2021,https://openaccess.thecvf.com/content/ICCV2021/html/Mahmood_On_the_Robustness_of_Vision_Transformers_to_Adversarial_Examples_ICCV_2021_paper.html
ICCV-2021-P0341,Tokens-to-Token ViT: Training Vision Transformers From Scratch on ImageNet,ICCV-2021-A001675|ICCV-2021-A001676|ICCV-2021-A001677|ICCV-2021-A001678|ICCV-2021-A001679|ICCV-2021-A001680|ICCV-2021-A001681|ICCV-2021-A001682|ICCV-2021-A001683,ICCV,2021,https://openaccess.thecvf.com/content/ICCV2021/html/Yuan_Tokens-to-Token_ViT_Training_Vision_Transformers_From_Scratch_on_ImageNet_ICCV_2021_paper.html
ICCV-2021-P0342,Teacher-Student Adversarial Depth Hallucination To Improve Face Recognition,ICCV-2021-A001684|ICCV-2021-A001685|ICCV-2021-A001686|ICCV-2021-A001687,ICCV,2021,https://openaccess.thecvf.com/content/ICCV2021/html/Uppal_Teacher-Student_Adversarial_Depth_Hallucination_To_Improve_Face_Recognition_ICCV_2021_paper.html
ICCV-2021-P0343,Online Multi-Granularity Distillation for GAN Compression,ICCV-2021-A001688|ICCV-2021-A001689|ICCV-2021-A001690|ICCV-2021-A001691,ICCV,2021,https://openaccess.thecvf.com/content/ICCV2021/html/Ren_Online_Multi-Granularity_Distillation_for_GAN_Compression_ICCV_2021_paper.html
ICCV-2021-P0344,Influence-Balanced Loss for Imbalanced Visual Classification,ICCV-2021-A001692|ICCV-2021-A001693|ICCV-2021-A001694|ICCV-2021-A001695,ICCV,2021,https://openaccess.thecvf.com/content/ICCV2021/html/Park_Influence-Balanced_Loss_for_Imbalanced_Visual_Classification_ICCV_2021_paper.html
ICCV-2021-P0345,Where2Act: From Pixels to Actions for Articulated 3D Objects,ICCV-2021-A001696|ICCV-2021-A001697|ICCV-2021-A001698|ICCV-2021-A001699|ICCV-2021-A001700,ICCV,2021,https://openaccess.thecvf.com/content/ICCV2021/html/Mo_Where2Act_From_Pixels_to_Actions_for_Articulated_3D_Objects_ICCV_2021_paper.html
ICCV-2021-P0346,"Towers of Babel: Combining Images, Language, and 3D Geometry for Learning Multimodal Vision",ICCV-2021-A001701|ICCV-2021-A001702|ICCV-2021-A001703|ICCV-2021-A001704,ICCV,2021,https://openaccess.thecvf.com/content/ICCV2021/html/Wu_Towers_of_Babel_Combining_Images_Language_and_3D_Geometry_for_ICCV_2021_paper.html
ICCV-2021-P0347,End-to-End Unsupervised Document Image Blind Denoising,ICCV-2021-A001705|ICCV-2021-A001706|ICCV-2021-A001707|ICCV-2021-A001708,ICCV,2021,https://openaccess.thecvf.com/content/ICCV2021/html/Gangeh_End-to-End_Unsupervised_Document_Image_Blind_Denoising_ICCV_2021_paper.html
ICCV-2021-P0348,Differentiable Dynamic Wirings for Neural Networks,ICCV-2021-A001709|ICCV-2021-A001710|ICCV-2021-A001711|ICCV-2021-A001712|ICCV-2021-A001713|ICCV-2021-A001714|ICCV-2021-A001715,ICCV,2021,https://openaccess.thecvf.com/content/ICCV2021/html/Yuan_Differentiable_Dynamic_Wirings_for_Neural_Networks_ICCV_2021_paper.html
ICCV-2021-P0349,A Simple Framework for 3D Lensless Imaging With Programmable Masks,ICCV-2021-A001716|ICCV-2021-A001717|ICCV-2021-A001718|ICCV-2021-A001719,ICCV,2021,https://openaccess.thecvf.com/content/ICCV2021/html/Zheng_A_Simple_Framework_for_3D_Lensless_Imaging_With_Programmable_Masks_ICCV_2021_paper.html
ICCV-2021-P0350,JEM++: Improved Techniques for Training JEM,ICCV-2021-A001720|ICCV-2021-A001721,ICCV,2021,https://openaccess.thecvf.com/content/ICCV2021/html/Yang_JEM_Improved_Techniques_for_Training_JEM_ICCV_2021_paper.html
ICCV-2021-P0351,Contrast and Classify: Training Robust VQA Models,ICCV-2021-A001722|ICCV-2021-A001723|ICCV-2021-A001724|ICCV-2021-A001725|ICCV-2021-A001726,ICCV,2021,https://openaccess.thecvf.com/content/ICCV2021/html/Kant_Contrast_and_Classify_Training_Robust_VQA_Models_ICCV_2021_paper.html
ICCV-2021-P0352,Photon-Starved Scene Inference Using Single Photon Cameras,ICCV-2021-A001727|ICCV-2021-A001728,ICCV,2021,https://openaccess.thecvf.com/content/ICCV2021/html/Goyal_Photon-Starved_Scene_Inference_Using_Single_Photon_Cameras_ICCV_2021_paper.html
ICCV-2021-P0353,Towards Learning Spatially Discriminative Feature Representations,ICCV-2021-A001729|ICCV-2021-A001730|ICCV-2021-A001731|ICCV-2021-A001732|ICCV-2021-A001733|ICCV-2021-A001734,ICCV,2021,https://openaccess.thecvf.com/content/ICCV2021/html/Wang_Towards_Learning_Spatially_Discriminative_Feature_Representations_ICCV_2021_paper.html
ICCV-2021-P0354,Context Decoupling Augmentation for Weakly Supervised Semantic Segmentation,ICCV-2021-A001735|ICCV-2021-A001736|ICCV-2021-A001737|ICCV-2021-A001738,ICCV,2021,https://openaccess.thecvf.com/content/ICCV2021/html/Su_Context_Decoupling_Augmentation_for_Weakly_Supervised_Semantic_Segmentation_ICCV_2021_paper.html
ICCV-2021-P0355,Temporal Action Detection With Multi-Level Supervision,ICCV-2021-A001739|ICCV-2021-A001740|ICCV-2021-A001741|ICCV-2021-A001742|ICCV-2021-A001743|ICCV-2021-A001744,ICCV,2021,https://openaccess.thecvf.com/content/ICCV2021/html/Shi_Temporal_Action_Detection_With_Multi-Level_Supervision_ICCV_2021_paper.html
ICCV-2021-P0356,FACIAL: Synthesizing Dynamic Talking Face With Implicit Attribute Learning,ICCV-2021-A001745|ICCV-2021-A001746|ICCV-2021-A001747|ICCV-2021-A001748|ICCV-2021-A001749|ICCV-2021-A001750|ICCV-2021-A001751,ICCV,2021,https://openaccess.thecvf.com/content/ICCV2021/html/Zhang_FACIAL_Synthesizing_Dynamic_Talking_Face_With_Implicit_Attribute_Learning_ICCV_2021_paper.html
ICCV-2021-P0357,Unsupervised Deep Video Denoising,ICCV-2021-A001752|ICCV-2021-A001753|ICCV-2021-A001754|ICCV-2021-A001755|ICCV-2021-A001756|ICCV-2021-A001757|ICCV-2021-A001758|ICCV-2021-A001759,ICCV,2021,https://openaccess.thecvf.com/content/ICCV2021/html/Sheth_Unsupervised_Deep_Video_Denoising_ICCV_2021_paper.html
ICCV-2021-P0358,Making Higher Order MOT Scalable: An Efficient Approximate Solver for Lifted Disjoint Paths,ICCV-2021-A001760|ICCV-2021-A001761|ICCV-2021-A001762|ICCV-2021-A001763|ICCV-2021-A001764|ICCV-2021-A001765,ICCV,2021,https://openaccess.thecvf.com/content/ICCV2021/html/Hornakova_Making_Higher_Order_MOT_Scalable_An_Efficient_Approximate_Solver_for_ICCV_2021_paper.html
ICCV-2021-P0359,TMCOSS: Thresholded Multi-Criteria Online Subset Selection for Data-Efficient Autonomous Driving,ICCV-2021-A001766|ICCV-2021-A001767|ICCV-2021-A001768|ICCV-2021-A001769|ICCV-2021-A001770|ICCV-2021-A001771,ICCV,2021,https://openaccess.thecvf.com/content/ICCV2021/html/Das_TMCOSS_Thresholded_Multi-Criteria_Online_Subset_Selection_for_Data-Efficient_Autonomous_Driving_ICCV_2021_paper.html
ICCV-2021-P0360,TF-Blender: Temporal Feature Blender for Video Object Detection,ICCV-2021-A001772|ICCV-2021-A001773|ICCV-2021-A001774|ICCV-2021-A001775,ICCV,2021,https://openaccess.thecvf.com/content/ICCV2021/html/Cui_TF-Blender_Temporal_Feature_Blender_for_Video_Object_Detection_ICCV_2021_paper.html
ICCV-2021-P0361,MAAS: Multi-Modal Assignation for Active Speaker Detection,ICCV-2021-A001776|ICCV-2021-A001777|ICCV-2021-A001778|ICCV-2021-A001779,ICCV,2021,https://openaccess.thecvf.com/content/ICCV2021/html/Alcazar_MAAS_Multi-Modal_Assignation_for_Active_Speaker_Detection_ICCV_2021_paper.html
ICCV-2021-P0362,Multi-Source Domain Adaptation for Object Detection,ICCV-2021-A001780|ICCV-2021-A001781|ICCV-2021-A001782|ICCV-2021-A001783,ICCV,2021,https://openaccess.thecvf.com/content/ICCV2021/html/Yao_Multi-Source_Domain_Adaptation_for_Object_Detection_ICCV_2021_paper.html
ICCV-2021-P0363,ShapeConv: Shape-Aware Convolutional Layer for Indoor RGB-D Semantic Segmentation,ICCV-2021-A001784|ICCV-2021-A001785|ICCV-2021-A001786|ICCV-2021-A001787|ICCV-2021-A001788|ICCV-2021-A001789,ICCV,2021,https://openaccess.thecvf.com/content/ICCV2021/html/Cao_ShapeConv_Shape-Aware_Convolutional_Layer_for_Indoor_RGB-D_Semantic_Segmentation_ICCV_2021_paper.html
ICCV-2021-P0364,GLoRIA: A Multimodal Global-Local Representation Learning Framework for Label-Efficient Medical Image Recognition,ICCV-2021-A001790|ICCV-2021-A001791|ICCV-2021-A001792|ICCV-2021-A001793,ICCV,2021,https://openaccess.thecvf.com/content/ICCV2021/html/Huang_GLoRIA_A_Multimodal_Global-Local_Representation_Learning_Framework_for_Label-Efficient_Medical_ICCV_2021_paper.html
ICCV-2021-P0365,Summarize and Search: Learning Consensus-Aware Dynamic Convolution for Co-Saliency Detection,ICCV-2021-A001794|ICCV-2021-A001795|ICCV-2021-A001796|ICCV-2021-A001797,ICCV,2021,https://openaccess.thecvf.com/content/ICCV2021/html/Zhang_Summarize_and_Search_Learning_Consensus-Aware_Dynamic_Convolution_for_Co-Saliency_Detection_ICCV_2021_paper.html
ICCV-2021-P0366,Viewpoint-Agnostic Change Captioning With Cycle Consistency,ICCV-2021-A001798|ICCV-2021-A001799|ICCV-2021-A001800|ICCV-2021-A001801|ICCV-2021-A001802,ICCV,2021,https://openaccess.thecvf.com/content/ICCV2021/html/Kim_Viewpoint-Agnostic_Change_Captioning_With_Cycle_Consistency_ICCV_2021_paper.html
ICCV-2021-P0367,Neural Video Portrait Relighting in Real-Time via Consistency Modeling,ICCV-2021-A001803|ICCV-2021-A001804|ICCV-2021-A001805|ICCV-2021-A001806|ICCV-2021-A001807,ICCV,2021,https://openaccess.thecvf.com/content/ICCV2021/html/Zhang_Neural_Video_Portrait_Relighting_in_Real-Time_via_Consistency_Modeling_ICCV_2021_paper.html
ICCV-2021-P0368,Few-Shot Semantic Segmentation With Cyclic Memory Network,ICCV-2021-A001808|ICCV-2021-A001809|ICCV-2021-A001810|ICCV-2021-A001811|ICCV-2021-A001812,ICCV,2021,https://openaccess.thecvf.com/content/ICCV2021/html/Xie_Few-Shot_Semantic_Segmentation_With_Cyclic_Memory_Network_ICCV_2021_paper.html
ICCV-2021-P0369,Weakly-Supervised Action Segmentation and Alignment via Transcript-Aware Union-of-Subspaces Learning,ICCV-2021-A001813|ICCV-2021-A001814,ICCV,2021,https://openaccess.thecvf.com/content/ICCV2021/html/Lu_Weakly-Supervised_Action_Segmentation_and_Alignment_via_Transcript-Aware_Union-of-Subspaces_Learning_ICCV_2021_paper.html
ICCV-2021-P0370,SOTR: Segmenting Objects With Transformers,ICCV-2021-A001815|ICCV-2021-A001816|ICCV-2021-A001817|ICCV-2021-A001818,ICCV,2021,https://openaccess.thecvf.com/content/ICCV2021/html/Guo_SOTR_Segmenting_Objects_With_Transformers_ICCV_2021_paper.html
ICCV-2021-P0371,Hypergraph Neural Networks for Hypergraph Matching,ICCV-2021-A001819|ICCV-2021-A001820|ICCV-2021-A001821,ICCV,2021,https://openaccess.thecvf.com/content/ICCV2021/html/Liao_Hypergraph_Neural_Networks_for_Hypergraph_Matching_ICCV_2021_paper.html
ICCV-2021-P0372,Gaussian Fusion: Accurate 3D Reconstruction via Geometry-Guided Displacement Interpolation,ICCV-2021-A001822|ICCV-2021-A001823|ICCV-2021-A001824|ICCV-2021-A001825|ICCV-2021-A001826,ICCV,2021,https://openaccess.thecvf.com/content/ICCV2021/html/Chen_Gaussian_Fusion_Accurate_3D_Reconstruction_via_Geometry-Guided_Displacement_Interpolation_ICCV_2021_paper.html
ICCV-2021-P0373,Frequency-Aware Spatiotemporal Transformers for Video Inpainting Detection,ICCV-2021-A001827|ICCV-2021-A001828|ICCV-2021-A001829|ICCV-2021-A001830|ICCV-2021-A001831,ICCV,2021,https://openaccess.thecvf.com/content/ICCV2021/html/Yu_Frequency-Aware_Spatiotemporal_Transformers_for_Video_Inpainting_Detection_ICCV_2021_paper.html
ICCV-2021-P0374,Virtual Multi-Modality Self-Supervised Foreground Matting for Human-Object Interaction,ICCV-2021-A001832|ICCV-2021-A001833|ICCV-2021-A001834|ICCV-2021-A001835|ICCV-2021-A001836,ICCV,2021,https://openaccess.thecvf.com/content/ICCV2021/html/Xu_Virtual_Multi-Modality_Self-Supervised_Foreground_Matting_for_Human-Object_Interaction_ICCV_2021_paper.html
ICCV-2021-P0375,Mutual Supervision for Dense Object Detection,ICCV-2021-A001837|ICCV-2021-A001838|ICCV-2021-A001839,ICCV,2021,https://openaccess.thecvf.com/content/ICCV2021/html/Gao_Mutual_Supervision_for_Dense_Object_Detection_ICCV_2021_paper.html
ICCV-2021-P0376,Orthographic-Perspective Epipolar Geometry,ICCV-2021-A001840|ICCV-2021-A001841|ICCV-2021-A001842,ICCV,2021,https://openaccess.thecvf.com/content/ICCV2021/html/Larsson_Orthographic-Perspective_Epipolar_Geometry_ICCV_2021_paper.html
ICCV-2021-P0377,Seminar Learning for Click-Level Weakly Supervised Semantic Segmentation,ICCV-2021-A001843|ICCV-2021-A001844|ICCV-2021-A001845|ICCV-2021-A001846|ICCV-2021-A001847|ICCV-2021-A001848|ICCV-2021-A001849,ICCV,2021,https://openaccess.thecvf.com/content/ICCV2021/html/Chen_Seminar_Learning_for_Click-Level_Weakly_Supervised_Semantic_Segmentation_ICCV_2021_paper.html
ICCV-2021-P0378,Retrieve in Style: Unsupervised Facial Feature Transfer and Retrieval,ICCV-2021-A001850|ICCV-2021-A001851|ICCV-2021-A001852|ICCV-2021-A001853,ICCV,2021,https://openaccess.thecvf.com/content/ICCV2021/html/Chong_Retrieve_in_Style_Unsupervised_Facial_Feature_Transfer_and_Retrieval_ICCV_2021_paper.html
ICCV-2021-P0379,Meta-Aggregator: Learning To Aggregate for 1-Bit Graph Neural Networks,ICCV-2021-A001854|ICCV-2021-A001855|ICCV-2021-A001856|ICCV-2021-A001857|ICCV-2021-A001858,ICCV,2021,https://openaccess.thecvf.com/content/ICCV2021/html/Jing_Meta-Aggregator_Learning_To_Aggregate_for_1-Bit_Graph_Neural_Networks_ICCV_2021_paper.html
ICCV-2021-P0380,Disentangled High Quality Salient Object Detection,ICCV-2021-A001859|ICCV-2021-A001860|ICCV-2021-A001861|ICCV-2021-A001862|ICCV-2021-A001863,ICCV,2021,https://openaccess.thecvf.com/content/ICCV2021/html/Tang_Disentangled_High_Quality_Salient_Object_Detection_ICCV_2021_paper.html
ICCV-2021-P0381,FREE: Feature Refinement for Generalized Zero-Shot Learning,ICCV-2021-A001864|ICCV-2021-A001865|ICCV-2021-A001866|ICCV-2021-A001867|ICCV-2021-A001868|ICCV-2021-A001869|ICCV-2021-A001870,ICCV,2021,https://openaccess.thecvf.com/content/ICCV2021/html/Chen_FREE_Feature_Refinement_for_Generalized_Zero-Shot_Learning_ICCV_2021_paper.html
ICCV-2021-P0382,Why Approximate Matrix Square Root Outperforms Accurate SVD in Global Covariance Pooling?,ICCV-2021-A001871|ICCV-2021-A001872|ICCV-2021-A001873,ICCV,2021,https://openaccess.thecvf.com/content/ICCV2021/html/Song_Why_Approximate_Matrix_Square_Root_Outperforms_Accurate_SVD_in_Global_ICCV_2021_paper.html
ICCV-2021-P0383,SUNet: Symmetric Undistortion Network for Rolling Shutter Correction,ICCV-2021-A001874|ICCV-2021-A001875|ICCV-2021-A001876,ICCV,2021,https://openaccess.thecvf.com/content/ICCV2021/html/Fan_SUNet_Symmetric_Undistortion_Network_for_Rolling_Shutter_Correction_ICCV_2021_paper.html
ICCV-2021-P0384,DWKS: A Local Descriptor of Deformations Between Meshes and Point Clouds,ICCV-2021-A001877|ICCV-2021-A001878,ICCV,2021,https://openaccess.thecvf.com/content/ICCV2021/html/Magnet_DWKS_A_Local_Descriptor_of_Deformations_Between_Meshes_and_Point_ICCV_2021_paper.html
ICCV-2021-P0385,PixelPyramids: Exact Inference Models From Lossless Image Pyramids,ICCV-2021-A001879|ICCV-2021-A001880,ICCV,2021,https://openaccess.thecvf.com/content/ICCV2021/html/Mahajan_PixelPyramids_Exact_Inference_Models_From_Lossless_Image_Pyramids_ICCV_2021_paper.html
ICCV-2021-P0386,Deep Blind Video Super-Resolution,ICCV-2021-A001881|ICCV-2021-A001882|ICCV-2021-A001883|ICCV-2021-A001884|ICCV-2021-A001885,ICCV,2021,https://openaccess.thecvf.com/content/ICCV2021/html/Pan_Deep_Blind_Video_Super-Resolution_ICCV_2021_paper.html
ICCV-2021-P0387,SAT: 2D Semantics Assisted Training for 3D Visual Grounding,ICCV-2021-A001886|ICCV-2021-A001887|ICCV-2021-A001888|ICCV-2021-A001889,ICCV,2021,https://openaccess.thecvf.com/content/ICCV2021/html/Yang_SAT_2D_Semantics_Assisted_Training_for_3D_Visual_Grounding_ICCV_2021_paper.html
ICCV-2021-P0388,Sample Efficient Detection and Classification of Adversarial Attacks via Self-Supervised Embeddings,ICCV-2021-A001890|ICCV-2021-A001891,ICCV,2021,https://openaccess.thecvf.com/content/ICCV2021/html/Moayeri_Sample_Efficient_Detection_and_Classification_of_Adversarial_Attacks_via_Self-Supervised_ICCV_2021_paper.html
ICCV-2021-P0389,Toward a Visual Concept Vocabulary for GAN Latent Space,ICCV-2021-A001892|ICCV-2021-A001893|ICCV-2021-A001894|ICCV-2021-A001895|ICCV-2021-A001896|ICCV-2021-A001897,ICCV,2021,https://openaccess.thecvf.com/content/ICCV2021/html/Schwettmann_Toward_a_Visual_Concept_Vocabulary_for_GAN_Latent_Space_ICCV_2021_paper.html
ICCV-2021-P0390,Weakly Supervised 3D Semantic Segmentation Using Cross-Image Consensus and Inter-Voxel Affinity Relations,ICCV-2021-A001898|ICCV-2021-A001899|ICCV-2021-A001900|ICCV-2021-A001901|ICCV-2021-A001902|ICCV-2021-A001903|ICCV-2021-A001904|ICCV-2021-A001905,ICCV,2021,https://openaccess.thecvf.com/content/ICCV2021/html/Zhu_Weakly_Supervised_3D_Semantic_Segmentation_Using_Cross-Image_Consensus_and_Inter-Voxel_ICCV_2021_paper.html
ICCV-2021-P0391,Bootstrap Your Own Correspondences,ICCV-2021-A001906|ICCV-2021-A001907,ICCV,2021,https://openaccess.thecvf.com/content/ICCV2021/html/Banani_Bootstrap_Your_Own_Correspondences_ICCV_2021_paper.html
ICCV-2021-P0392,Detecting Human-Object Relationships in Videos,ICCV-2021-A001908|ICCV-2021-A001909|ICCV-2021-A001910,ICCV,2021,https://openaccess.thecvf.com/content/ICCV2021/html/Ji_Detecting_Human-Object_Relationships_in_Videos_ICCV_2021_paper.html
ICCV-2021-P0393,Adaptive Curriculum Learning,ICCV-2021-A001911|ICCV-2021-A001912|ICCV-2021-A001913|ICCV-2021-A001914,ICCV,2021,https://openaccess.thecvf.com/content/ICCV2021/html/Kong_Adaptive_Curriculum_Learning_ICCV_2021_paper.html
ICCV-2021-P0394,TkML-AP: Adversarial Attacks to Top-k Multi-Label Learning,ICCV-2021-A001915|ICCV-2021-A001916|ICCV-2021-A001917|ICCV-2021-A001918,ICCV,2021,https://openaccess.thecvf.com/content/ICCV2021/html/Hu_TkML-AP_Adversarial_Attacks_to_Top-k_Multi-Label_Learning_ICCV_2021_paper.html
ICCV-2021-P0395,Sparse-Shot Learning With Exclusive Cross-Entropy for Extremely Many Localisations,ICCV-2021-A001919|ICCV-2021-A001920|ICCV-2021-A001921|ICCV-2021-A001922,ICCV,2021,https://openaccess.thecvf.com/content/ICCV2021/html/Panteli_Sparse-Shot_Learning_With_Exclusive_Cross-Entropy_for_Extremely_Many_Localisations_ICCV_2021_paper.html
ICCV-2021-P0396,Motion Deblurring With Real Events,ICCV-2021-A001923|ICCV-2021-A001924|ICCV-2021-A001925|ICCV-2021-A001926|ICCV-2021-A001927|ICCV-2021-A001928|ICCV-2021-A001929|ICCV-2021-A001930,ICCV,2021,https://openaccess.thecvf.com/content/ICCV2021/html/Xu_Motion_Deblurring_With_Real_Events_ICCV_2021_paper.html
ICCV-2021-P0397,Visual Saliency Transformer,ICCV-2021-A001931|ICCV-2021-A001932|ICCV-2021-A001933|ICCV-2021-A001934|ICCV-2021-A001935,ICCV,2021,https://openaccess.thecvf.com/content/ICCV2021/html/Liu_Visual_Saliency_Transformer_ICCV_2021_paper.html
ICCV-2021-P0398,Event-Based Video Reconstruction Using Transformer,ICCV-2021-A001936|ICCV-2021-A001937|ICCV-2021-A001938,ICCV,2021,https://openaccess.thecvf.com/content/ICCV2021/html/Weng_Event-Based_Video_Reconstruction_Using_Transformer_ICCV_2021_paper.html
ICCV-2021-P0399,Naturalistic Physical Adversarial Patch for Object Detectors,ICCV-2021-A001939|ICCV-2021-A001940|ICCV-2021-A001941|ICCV-2021-A001942|ICCV-2021-A001943|ICCV-2021-A001944,ICCV,2021,https://openaccess.thecvf.com/content/ICCV2021/html/Hu_Naturalistic_Physical_Adversarial_Patch_for_Object_Detectors_ICCV_2021_paper.html
ICCV-2021-P0400,Attentive and Contrastive Learning for Joint Depth and Motion Field Estimation,ICCV-2021-A001945|ICCV-2021-A001946|ICCV-2021-A001947|ICCV-2021-A001948,ICCV,2021,https://openaccess.thecvf.com/content/ICCV2021/html/Lee_Attentive_and_Contrastive_Learning_for_Joint_Depth_and_Motion_Field_ICCV_2021_paper.html
ICCV-2021-P0401,Gradient Normalization for Generative Adversarial Networks,ICCV-2021-A001949|ICCV-2021-A001950|ICCV-2021-A001951|ICCV-2021-A001952,ICCV,2021,https://openaccess.thecvf.com/content/ICCV2021/html/Wu_Gradient_Normalization_for_Generative_Adversarial_Networks_ICCV_2021_paper.html
ICCV-2021-P0402,Free-Form Description Guided 3D Visual Graph Network for Object Grounding in Point Cloud,ICCV-2021-A001953|ICCV-2021-A001954|ICCV-2021-A001955|ICCV-2021-A001956|ICCV-2021-A001957|ICCV-2021-A001958|ICCV-2021-A001959|ICCV-2021-A001960|ICCV-2021-A001961,ICCV,2021,https://openaccess.thecvf.com/content/ICCV2021/html/Feng_Free-Form_Description_Guided_3D_Visual_Graph_Network_for_Object_Grounding_ICCV_2021_paper.html
ICCV-2021-P0403,The Devil Is in the Task: Exploiting Reciprocal Appearance-Localization Features for Monocular 3D Object Detection,ICCV-2021-A001962|ICCV-2021-A001963|ICCV-2021-A001964|ICCV-2021-A001965|ICCV-2021-A001966|ICCV-2021-A001967|ICCV-2021-A001968|ICCV-2021-A001969|ICCV-2021-A001970,ICCV,2021,https://openaccess.thecvf.com/content/ICCV2021/html/Zou_The_Devil_Is_in_the_Task_Exploiting_Reciprocal_Appearance-Localization_Features_ICCV_2021_paper.html
ICCV-2021-P0404,SimROD: A Simple Adaptation Method for Robust Object Detection,ICCV-2021-A001971|ICCV-2021-A001972|ICCV-2021-A001973|ICCV-2021-A001974|ICCV-2021-A001975,ICCV,2021,https://openaccess.thecvf.com/content/ICCV2021/html/Ramamonjison_SimROD_A_Simple_Adaptation_Method_for_Robust_Object_Detection_ICCV_2021_paper.html
ICCV-2021-P0405,Gated3D: Monocular 3D Object Detection From Temporal Illumination Cues,ICCV-2021-A001976|ICCV-2021-A001977|ICCV-2021-A001978|ICCV-2021-A001979|ICCV-2021-A001980|ICCV-2021-A001981,ICCV,2021,https://openaccess.thecvf.com/content/ICCV2021/html/Julca-Aguilar_Gated3D_Monocular_3D_Object_Detection_From_Temporal_Illumination_Cues_ICCV_2021_paper.html
ICCV-2021-P0406,iMAP: Implicit Mapping and Positioning in Real-Time,ICCV-2021-A001982|ICCV-2021-A001983|ICCV-2021-A001984|ICCV-2021-A001985,ICCV,2021,https://openaccess.thecvf.com/content/ICCV2021/html/Sucar_iMAP_Implicit_Mapping_and_Positioning_in_Real-Time_ICCV_2021_paper.html
ICCV-2021-P0407,Conditional Diffusion for Interactive Segmentation,ICCV-2021-A001986|ICCV-2021-A001987|ICCV-2021-A001988|ICCV-2021-A001989|ICCV-2021-A001990,ICCV,2021,https://openaccess.thecvf.com/content/ICCV2021/html/Chen_Conditional_Diffusion_for_Interactive_Segmentation_ICCV_2021_paper.html
ICCV-2021-P0408,Semi-Supervised Active Learning for Semi-Supervised Models: Exploit Adversarial Examples With Graph-Based Virtual Labels,ICCV-2021-A001991|ICCV-2021-A001992|ICCV-2021-A001993|ICCV-2021-A001994|ICCV-2021-A001995|ICCV-2021-A001996|ICCV-2021-A001997|ICCV-2021-A001998|ICCV-2021-A001999,ICCV,2021,https://openaccess.thecvf.com/content/ICCV2021/html/Guo_Semi-Supervised_Active_Learning_for_Semi-Supervised_Models_Exploit_Adversarial_Examples_With_ICCV_2021_paper.html
ICCV-2021-P0409,Conditional Variational Capsule Network for Open Set Recognition,ICCV-2021-A002000|ICCV-2021-A002001|ICCV-2021-A002002|ICCV-2021-A002003|ICCV-2021-A002004,ICCV,2021,https://openaccess.thecvf.com/content/ICCV2021/html/Guo_Conditional_Variational_Capsule_Network_for_Open_Set_Recognition_ICCV_2021_paper.html
ICCV-2021-P0410,Towards Real-World Prohibited Item Detection: A Large-Scale X-Ray Benchmark,ICCV-2021-A002005|ICCV-2021-A002006|ICCV-2021-A002007|ICCV-2021-A002008|ICCV-2021-A002009,ICCV,2021,https://openaccess.thecvf.com/content/ICCV2021/html/Wang_Towards_Real-World_Prohibited_Item_Detection_A_Large-Scale_X-Ray_Benchmark_ICCV_2021_paper.html
ICCV-2021-P0411,Let's See Clearly: Contaminant Artifact Removal for Moving Cameras,ICCV-2021-A002010|ICCV-2021-A002011|ICCV-2021-A002012|ICCV-2021-A002013,ICCV,2021,https://openaccess.thecvf.com/content/ICCV2021/html/Li_Lets_See_Clearly_Contaminant_Artifact_Removal_for_Moving_Cameras_ICCV_2021_paper.html
ICCV-2021-P0412,Generating Attribution Maps With Disentangled Masked Backpropagation,ICCV-2021-A002014|ICCV-2021-A002015|ICCV-2021-A002016,ICCV,2021,https://openaccess.thecvf.com/content/ICCV2021/html/Ruiz_Generating_Attribution_Maps_With_Disentangled_Masked_Backpropagation_ICCV_2021_paper.html
ICCV-2021-P0413,Self-Supervised Vessel Segmentation via Adversarial Learning,ICCV-2021-A002017|ICCV-2021-A002018|ICCV-2021-A002019|ICCV-2021-A002020|ICCV-2021-A002021|ICCV-2021-A002022|ICCV-2021-A002023|ICCV-2021-A002024|ICCV-2021-A002025,ICCV,2021,https://openaccess.thecvf.com/content/ICCV2021/html/Ma_Self-Supervised_Vessel_Segmentation_via_Adversarial_Learning_ICCV_2021_paper.html
ICCV-2021-P0414,Deep Hybrid Self-Prior for Full 3D Mesh Generation,ICCV-2021-A002026|ICCV-2021-A002027|ICCV-2021-A002028|ICCV-2021-A002029|ICCV-2021-A002030,ICCV,2021,https://openaccess.thecvf.com/content/ICCV2021/html/Wei_Deep_Hybrid_Self-Prior_for_Full_3D_Mesh_Generation_ICCV_2021_paper.html
ICCV-2021-P0415,Super Resolve Dynamic Scene From Continuous Spike Streams,ICCV-2021-A002031|ICCV-2021-A002032|ICCV-2021-A002033|ICCV-2021-A002034|ICCV-2021-A002035|ICCV-2021-A002036,ICCV,2021,https://openaccess.thecvf.com/content/ICCV2021/html/Zhao_Super_Resolve_Dynamic_Scene_From_Continuous_Spike_Streams_ICCV_2021_paper.html
ICCV-2021-P0416,Harnessing the Conditioning Sensorium for Improved Image Translation,ICCV-2021-A002037|ICCV-2021-A002038|ICCV-2021-A002039|ICCV-2021-A002040,ICCV,2021,https://openaccess.thecvf.com/content/ICCV2021/html/Nederhood_Harnessing_the_Conditioning_Sensorium_for_Improved_Image_Translation_ICCV_2021_paper.html
ICCV-2021-P0417,DRINet: A Dual-Representation Iterative Learning Network for Point Cloud Segmentation,ICCV-2021-A002041|ICCV-2021-A002042|ICCV-2021-A002043|ICCV-2021-A002044,ICCV,2021,https://openaccess.thecvf.com/content/ICCV2021/html/Ye_DRINet_A_Dual-Representation_Iterative_Learning_Network_for_Point_Cloud_Segmentation_ICCV_2021_paper.html
ICCV-2021-P0418,Spectral Leakage and Rethinking the Kernel Size in CNNs,ICCV-2021-A002045|ICCV-2021-A002046,ICCV,2021,https://openaccess.thecvf.com/content/ICCV2021/html/Tomen_Spectral_Leakage_and_Rethinking_the_Kernel_Size_in_CNNs_ICCV_2021_paper.html
ICCV-2021-P0419,High-Fidelity Pluralistic Image Completion With Transformers,ICCV-2021-A002047|ICCV-2021-A002048|ICCV-2021-A002049|ICCV-2021-A002050,ICCV,2021,https://openaccess.thecvf.com/content/ICCV2021/html/Wan_High-Fidelity_Pluralistic_Image_Completion_With_Transformers_ICCV_2021_paper.html
ICCV-2021-P0420,Dance With Self-Attention: A New Look of Conditional Random Fields on Anomaly Detection in Videos,ICCV-2021-A002051|ICCV-2021-A002052|ICCV-2021-A002053,ICCV,2021,https://openaccess.thecvf.com/content/ICCV2021/html/Purwanto_Dance_With_Self-Attention_A_New_Look_of_Conditional_Random_Fields_ICCV_2021_paper.html
ICCV-2021-P0421,"Text Is Text, No Matter What: Unifying Text Recognition Using Knowledge Distillation",ICCV-2021-A002054|ICCV-2021-A002055|ICCV-2021-A002056|ICCV-2021-A002057,ICCV,2021,https://openaccess.thecvf.com/content/ICCV2021/html/Bhunia_Text_Is_Text_No_Matter_What_Unifying_Text_Recognition_Using_ICCV_2021_paper.html
ICCV-2021-P0422,What You Can Learn by Staring at a Blank Wall,ICCV-2021-A002058|ICCV-2021-A002059|ICCV-2021-A002060|ICCV-2021-A002061|ICCV-2021-A002062|ICCV-2021-A002063|ICCV-2021-A002064,ICCV,2021,https://openaccess.thecvf.com/content/ICCV2021/html/Sharma_What_You_Can_Learn_by_Staring_at_a_Blank_Wall_ICCV_2021_paper.html
ICCV-2021-P0423,Complementary Patch for Weakly Supervised Semantic Segmentation,ICCV-2021-A002065|ICCV-2021-A002066|ICCV-2021-A002067|ICCV-2021-A002068,ICCV,2021,https://openaccess.thecvf.com/content/ICCV2021/html/Zhang_Complementary_Patch_for_Weakly_Supervised_Semantic_Segmentation_ICCV_2021_paper.html
ICCV-2021-P0424,Hypercorrelation Squeeze for Few-Shot Segmentation,ICCV-2021-A002069|ICCV-2021-A002070|ICCV-2021-A002071,ICCV,2021,https://openaccess.thecvf.com/content/ICCV2021/html/Min_Hypercorrelation_Squeeze_for_Few-Shot_Segmentation_ICCV_2021_paper.html
ICCV-2021-P0425,Digging Into Uncertainty in Self-Supervised Multi-View Stereo,ICCV-2021-A002072|ICCV-2021-A002073|ICCV-2021-A002074|ICCV-2021-A002075|ICCV-2021-A002076|ICCV-2021-A002077|ICCV-2021-A002078,ICCV,2021,https://openaccess.thecvf.com/content/ICCV2021/html/Xu_Digging_Into_Uncertainty_in_Self-Supervised_Multi-View_Stereo_ICCV_2021_paper.html
ICCV-2021-P0426,Rethinking Transformer-Based Set Prediction for Object Detection,ICCV-2021-A002079|ICCV-2021-A002080|ICCV-2021-A002081|ICCV-2021-A002082,ICCV,2021,https://openaccess.thecvf.com/content/ICCV2021/html/Sun_Rethinking_Transformer-Based_Set_Prediction_for_Object_Detection_ICCV_2021_paper.html
ICCV-2021-P0427,Unpaired Learning for Deep Image Deraining With Rain Direction Regularizer,ICCV-2021-A002083|ICCV-2021-A002084|ICCV-2021-A002085|ICCV-2021-A002086,ICCV,2021,https://openaccess.thecvf.com/content/ICCV2021/html/Liu_Unpaired_Learning_for_Deep_Image_Deraining_With_Rain_Direction_Regularizer_ICCV_2021_paper.html
ICCV-2021-P0428,Self-Supervised Image Prior Learning With GMM From a Single Noisy Image,ICCV-2021-A002087|ICCV-2021-A002088|ICCV-2021-A002089|ICCV-2021-A002090,ICCV,2021,https://openaccess.thecvf.com/content/ICCV2021/html/Liu_Self-Supervised_Image_Prior_Learning_With_GMM_From_a_Single_Noisy_ICCV_2021_paper.html
ICCV-2021-P0429,MultiSiam: Self-Supervised Multi-Instance Siamese Representation Learning for Autonomous Driving,ICCV-2021-A002091|ICCV-2021-A002092|ICCV-2021-A002093|ICCV-2021-A002094|ICCV-2021-A002095,ICCV,2021,https://openaccess.thecvf.com/content/ICCV2021/html/Chen_MultiSiam_Self-Supervised_Multi-Instance_Siamese_Representation_Learning_for_Autonomous_Driving_ICCV_2021_paper.html
ICCV-2021-P0430,Pano-AVQA: Grounded Audio-Visual Question Answering on 360deg Videos,ICCV-2021-A002096|ICCV-2021-A002097|ICCV-2021-A002098|ICCV-2021-A002099|ICCV-2021-A002100,ICCV,2021,https://openaccess.thecvf.com/content/ICCV2021/html/Yun_Pano-AVQA_Grounded_Audio-Visual_Question_Answering_on_360deg_Videos_ICCV_2021_paper.html
ICCV-2021-P0431,Broaden Your Views for Self-Supervised Video Learning,ICCV-2021-A002101|ICCV-2021-A002102|ICCV-2021-A002103|ICCV-2021-A002104|ICCV-2021-A002105|ICCV-2021-A002106|ICCV-2021-A002107|ICCV-2021-A002108|ICCV-2021-A002109|ICCV-2021-A002110|ICCV-2021-A002111|ICCV-2021-A002112|ICCV-2021-A002113,ICCV,2021,https://openaccess.thecvf.com/content/ICCV2021/html/Recasens_Broaden_Your_Views_for_Self-Supervised_Video_Learning_ICCV_2021_paper.html
ICCV-2021-P0432,Boundary-Sensitive Pre-Training for Temporal Localization in Videos,ICCV-2021-A002114|ICCV-2021-A002115|ICCV-2021-A002116|ICCV-2021-A002117|ICCV-2021-A002118|ICCV-2021-A002119|ICCV-2021-A002120|ICCV-2021-A002121,ICCV,2021,https://openaccess.thecvf.com/content/ICCV2021/html/Xu_Boundary-Sensitive_Pre-Training_for_Temporal_Localization_in_Videos_ICCV_2021_paper.html
ICCV-2021-P0433,Explainable Video Entailment With Grounded Visual Evidence,ICCV-2021-A002122|ICCV-2021-A002123,ICCV,2021,https://openaccess.thecvf.com/content/ICCV2021/html/Chen_Explainable_Video_Entailment_With_Grounded_Visual_Evidence_ICCV_2021_paper.html
ICCV-2021-P0434,"PatchMatch-RL: Deep MVS With Pixelwise Depth, Normal, and Visibility",ICCV-2021-A002124|ICCV-2021-A002125|ICCV-2021-A002126|ICCV-2021-A002127,ICCV,2021,https://openaccess.thecvf.com/content/ICCV2021/html/Lee_PatchMatch-RL_Deep_MVS_With_Pixelwise_Depth_Normal_and_Visibility_ICCV_2021_paper.html
ICCV-2021-P0435,Distinctiveness Oriented Positional Equilibrium for Point Cloud Registration,ICCV-2021-A002128|ICCV-2021-A002129|ICCV-2021-A002130|ICCV-2021-A002131,ICCV,2021,https://openaccess.thecvf.com/content/ICCV2021/html/Min_Distinctiveness_Oriented_Positional_Equilibrium_for_Point_Cloud_Registration_ICCV_2021_paper.html
ICCV-2021-P0436,ELSD: Efficient Line Segment Detector and Descriptor,ICCV-2021-A002132|ICCV-2021-A002133|ICCV-2021-A002134|ICCV-2021-A002135|ICCV-2021-A002136,ICCV,2021,https://openaccess.thecvf.com/content/ICCV2021/html/Zhang_ELSD_Efficient_Line_Segment_Detector_and_Descriptor_ICCV_2021_paper.html
ICCV-2021-P0437,V-DESIRR: Very Fast Deep Embedded Single Image Reflection Removal,ICCV-2021-A002137|ICCV-2021-A002138|ICCV-2021-A002139|ICCV-2021-A002140|ICCV-2021-A002141,ICCV,2021,https://openaccess.thecvf.com/content/ICCV2021/html/Prasad_V-DESIRR_Very_Fast_Deep_Embedded_Single_Image_Reflection_Removal_ICCV_2021_paper.html
ICCV-2021-P0438,CrackFormer: Transformer Network for Fine-Grained Crack Detection,ICCV-2021-A002142|ICCV-2021-A002143|ICCV-2021-A002144|ICCV-2021-A002145|ICCV-2021-A002146,ICCV,2021,https://openaccess.thecvf.com/content/ICCV2021/html/Liu_CrackFormer_Transformer_Network_for_Fine-Grained_Crack_Detection_ICCV_2021_paper.html
ICCV-2021-P0439,Factorizing Perception and Policy for Interactive Instruction Following,ICCV-2021-A002147|ICCV-2021-A002148|ICCV-2021-A002149|ICCV-2021-A002150|ICCV-2021-A002151,ICCV,2021,https://openaccess.thecvf.com/content/ICCV2021/html/Singh_Factorizing_Perception_and_Policy_for_Interactive_Instruction_Following_ICCV_2021_paper.html
ICCV-2021-P0440,Detecting Invisible People,ICCV-2021-A002152|ICCV-2021-A002153|ICCV-2021-A002154,ICCV,2021,https://openaccess.thecvf.com/content/ICCV2021/html/Khurana_Detecting_Invisible_People_ICCV_2021_paper.html
ICCV-2021-P0441,Boosting Weakly Supervised Object Detection via Learning Bounding Box Adjusters,ICCV-2021-A002155|ICCV-2021-A002156|ICCV-2021-A002157|ICCV-2021-A002158|ICCV-2021-A002159|ICCV-2021-A002160,ICCV,2021,https://openaccess.thecvf.com/content/ICCV2021/html/Dong_Boosting_Weakly_Supervised_Object_Detection_via_Learning_Bounding_Box_Adjusters_ICCV_2021_paper.html
ICCV-2021-P0442,Group-Wise Inhibition Based Feature Regularization for Robust Classification,ICCV-2021-A002161|ICCV-2021-A002162|ICCV-2021-A002163|ICCV-2021-A002164|ICCV-2021-A002165,ICCV,2021,https://openaccess.thecvf.com/content/ICCV2021/html/Liu_Group-Wise_Inhibition_Based_Feature_Regularization_for_Robust_Classification_ICCV_2021_paper.html
ICCV-2021-P0443,Incorporating Convolution Designs Into Visual Transformers,ICCV-2021-A002166|ICCV-2021-A002167|ICCV-2021-A002168|ICCV-2021-A002169|ICCV-2021-A002170|ICCV-2021-A002171,ICCV,2021,https://openaccess.thecvf.com/content/ICCV2021/html/Yuan_Incorporating_Convolution_Designs_Into_Visual_Transformers_ICCV_2021_paper.html
ICCV-2021-P0444,CaT: Weakly Supervised Object Detection With Category Transfer,ICCV-2021-A002172|ICCV-2021-A002173|ICCV-2021-A002174|ICCV-2021-A002175|ICCV-2021-A002176|ICCV-2021-A002177,ICCV,2021,https://openaccess.thecvf.com/content/ICCV2021/html/Cao_CaT_Weakly_Supervised_Object_Detection_With_Category_Transfer_ICCV_2021_paper.html
ICCV-2021-P0445,Scaling Semantic Segmentation Beyond 1K Classes on a Single GPU,ICCV-2021-A002178|ICCV-2021-A002179|ICCV-2021-A002180|ICCV-2021-A002181,ICCV,2021,https://openaccess.thecvf.com/content/ICCV2021/html/Jain_Scaling_Semantic_Segmentation_Beyond_1K_Classes_on_a_Single_GPU_ICCV_2021_paper.html
ICCV-2021-P0446,Searching for Robustness: Loss Learning for Noisy Classification Tasks,ICCV-2021-A002182|ICCV-2021-A002183|ICCV-2021-A002184,ICCV,2021,https://openaccess.thecvf.com/content/ICCV2021/html/Gao_Searching_for_Robustness_Loss_Learning_for_Noisy_Classification_Tasks_ICCV_2021_paper.html
ICCV-2021-P0447,Handwriting Transformers,ICCV-2021-A002185|ICCV-2021-A002186|ICCV-2021-A002187|ICCV-2021-A002188|ICCV-2021-A002189|ICCV-2021-A002190,ICCV,2021,https://openaccess.thecvf.com/content/ICCV2021/html/Bhunia_Handwriting_Transformers_ICCV_2021_paper.html
ICCV-2021-P0448,Dynamic DETR: End-to-End Object Detection With Dynamic Attention,ICCV-2021-A002191|ICCV-2021-A002192|ICCV-2021-A002193|ICCV-2021-A002194|ICCV-2021-A002195|ICCV-2021-A002196,ICCV,2021,https://openaccess.thecvf.com/content/ICCV2021/html/Dai_Dynamic_DETR_End-to-End_Object_Detection_With_Dynamic_Attention_ICCV_2021_paper.html
ICCV-2021-P0449,Watch Only Once: An End-to-End Video Action Detection Framework,ICCV-2021-A002197|ICCV-2021-A002198|ICCV-2021-A002199|ICCV-2021-A002200|ICCV-2021-A002201|ICCV-2021-A002202|ICCV-2021-A002203|ICCV-2021-A002204,ICCV,2021,https://openaccess.thecvf.com/content/ICCV2021/html/Chen_Watch_Only_Once_An_End-to-End_Video_Action_Detection_Framework_ICCV_2021_paper.html
ICCV-2021-P0450,Spatial-Temporal Consistency Network for Low-Latency Trajectory Forecasting,ICCV-2021-A002205|ICCV-2021-A002206|ICCV-2021-A002207|ICCV-2021-A002208,ICCV,2021,https://openaccess.thecvf.com/content/ICCV2021/html/Li_Spatial-Temporal_Consistency_Network_for_Low-Latency_Trajectory_Forecasting_ICCV_2021_paper.html
ICCV-2021-P0451,Point Cloud Augmentation With Weighted Local Transformations,ICCV-2021-A002209|ICCV-2021-A002210|ICCV-2021-A002211|ICCV-2021-A002212|ICCV-2021-A002213|ICCV-2021-A002214,ICCV,2021,https://openaccess.thecvf.com/content/ICCV2021/html/Kim_Point_Cloud_Augmentation_With_Weighted_Local_Transformations_ICCV_2021_paper.html
ICCV-2021-P0452,Explaining in Style: Training a GAN To Explain a Classifier in StyleSpace,ICCV-2021-A002215|ICCV-2021-A002216|ICCV-2021-A002217|ICCV-2021-A002218|ICCV-2021-A002219|ICCV-2021-A002220|ICCV-2021-A002221|ICCV-2021-A002222|ICCV-2021-A002223|ICCV-2021-A002224|ICCV-2021-A002225,ICCV,2021,https://openaccess.thecvf.com/content/ICCV2021/html/Lang_Explaining_in_Style_Training_a_GAN_To_Explain_a_Classifier_ICCV_2021_paper.html
ICCV-2021-P0453,Exploring Visual Engagement Signals for Representation Learning,ICCV-2021-A002226|ICCV-2021-A002227|ICCV-2021-A002228|ICCV-2021-A002229|ICCV-2021-A002230|ICCV-2021-A002231,ICCV,2021,https://openaccess.thecvf.com/content/ICCV2021/html/Jia_Exploring_Visual_Engagement_Signals_for_Representation_Learning_ICCV_2021_paper.html
ICCV-2021-P0454,MUSIQ: Multi-Scale Image Quality Transformer,ICCV-2021-A002232|ICCV-2021-A002233|ICCV-2021-A002234|ICCV-2021-A002235|ICCV-2021-A002236,ICCV,2021,https://openaccess.thecvf.com/content/ICCV2021/html/Ke_MUSIQ_Multi-Scale_Image_Quality_Transformer_ICCV_2021_paper.html
ICCV-2021-P0455,FcaNet: Frequency Channel Attention Networks,ICCV-2021-A002237|ICCV-2021-A002238|ICCV-2021-A002239|ICCV-2021-A002240,ICCV,2021,https://openaccess.thecvf.com/content/ICCV2021/html/Qin_FcaNet_Frequency_Channel_Attention_Networks_ICCV_2021_paper.html
ICCV-2021-P0456,Matching in the Dark: A Dataset for Matching Image Pairs of Low-Light Scenes,ICCV-2021-A002241|ICCV-2021-A002242|ICCV-2021-A002243|ICCV-2021-A002244|ICCV-2021-A002245|ICCV-2021-A002246,ICCV,2021,https://openaccess.thecvf.com/content/ICCV2021/html/Song_Matching_in_the_Dark_A_Dataset_for_Matching_Image_Pairs_ICCV_2021_paper.html
ICCV-2021-P0457,Self-Motivated Communication Agent for Real-World Vision-Dialog Navigation,ICCV-2021-A002247|ICCV-2021-A002248|ICCV-2021-A002249|ICCV-2021-A002250|ICCV-2021-A002251|ICCV-2021-A002252|ICCV-2021-A002253,ICCV,2021,https://openaccess.thecvf.com/content/ICCV2021/html/Zhu_Self-Motivated_Communication_Agent_for_Real-World_Vision-Dialog_Navigation_ICCV_2021_paper.html
ICCV-2021-P0458,Learning Motion-Appearance Co-Attention for Zero-Shot Video Object Segmentation,ICCV-2021-A002254|ICCV-2021-A002255|ICCV-2021-A002256|ICCV-2021-A002257|ICCV-2021-A002258|ICCV-2021-A002259,ICCV,2021,https://openaccess.thecvf.com/content/ICCV2021/html/Yang_Learning_Motion-Appearance_Co-Attention_for_Zero-Shot_Video_Object_Segmentation_ICCV_2021_paper.html
ICCV-2021-P0459,Putting NeRF on a Diet: Semantically Consistent Few-Shot View Synthesis,ICCV-2021-A002260|ICCV-2021-A002261|ICCV-2021-A002262,ICCV,2021,https://openaccess.thecvf.com/content/ICCV2021/html/Jain_Putting_NeRF_on_a_Diet_Semantically_Consistent_Few-Shot_View_Synthesis_ICCV_2021_paper.html
ICCV-2021-P0460,CrossDet: Crossline Representation for Object Detection,ICCV-2021-A002263|ICCV-2021-A002264|ICCV-2021-A002265|ICCV-2021-A002266|ICCV-2021-A002267|ICCV-2021-A002268|ICCV-2021-A002269,ICCV,2021,https://openaccess.thecvf.com/content/ICCV2021/html/Qiu_CrossDet_Crossline_Representation_for_Object_Detection_ICCV_2021_paper.html
ICCV-2021-P0461,Universal and Flexible Optical Aberration Correction Using Deep-Prior Based Deconvolution,ICCV-2021-A002270|ICCV-2021-A002271|ICCV-2021-A002272|ICCV-2021-A002273|ICCV-2021-A002274,ICCV,2021,https://openaccess.thecvf.com/content/ICCV2021/html/Li_Universal_and_Flexible_Optical_Aberration_Correction_Using_Deep-Prior_Based_Deconvolution_ICCV_2021_paper.html
ICCV-2021-P0462,E-ViL: A Dataset and Benchmark for Natural Language Explanations in Vision-Language Tasks,ICCV-2021-A002275|ICCV-2021-A002276|ICCV-2021-A002277|ICCV-2021-A002278|ICCV-2021-A002279|ICCV-2021-A002280|ICCV-2021-A002281,ICCV,2021,https://openaccess.thecvf.com/content/ICCV2021/html/Kayser_E-ViL_A_Dataset_and_Benchmark_for_Natural_Language_Explanations_in_ICCV_2021_paper.html
ICCV-2021-P0463,Learning Unsupervised Metaformer for Anomaly Detection,ICCV-2021-A002282|ICCV-2021-A002283|ICCV-2021-A002284|ICCV-2021-A002285,ICCV,2021,https://openaccess.thecvf.com/content/ICCV2021/html/Wu_Learning_Unsupervised_Metaformer_for_Anomaly_Detection_ICCV_2021_paper.html
ICCV-2021-P0464,HighlightMe: Detecting Highlights From Human-Centric Videos,ICCV-2021-A002286|ICCV-2021-A002287|ICCV-2021-A002288|ICCV-2021-A002289|ICCV-2021-A002290,ICCV,2021,https://openaccess.thecvf.com/content/ICCV2021/html/Bhattacharya_HighlightMe_Detecting_Highlights_From_Human-Centric_Videos_ICCV_2021_paper.html
ICCV-2021-P0465,Variable-Rate Deep Image Compression Through Spatially-Adaptive Feature Transform,ICCV-2021-A002291|ICCV-2021-A002292|ICCV-2021-A002293,ICCV,2021,https://openaccess.thecvf.com/content/ICCV2021/html/Song_Variable-Rate_Deep_Image_Compression_Through_Spatially-Adaptive_Feature_Transform_ICCV_2021_paper.html
ICCV-2021-P0466,DeePSD: Automatic Deep Skinning and Pose Space Deformation for 3D Garment Animation,ICCV-2021-A002294|ICCV-2021-A002295|ICCV-2021-A002296|ICCV-2021-A002297,ICCV,2021,https://openaccess.thecvf.com/content/ICCV2021/html/Bertiche_DeePSD_Automatic_Deep_Skinning_and_Pose_Space_Deformation_for_3D_ICCV_2021_paper.html
ICCV-2021-P0467,Rethinking Coarse-To-Fine Approach in Single Image Deblurring,ICCV-2021-A002298|ICCV-2021-A002299|ICCV-2021-A002300|ICCV-2021-A002301|ICCV-2021-A002302,ICCV,2021,https://openaccess.thecvf.com/content/ICCV2021/html/Cho_Rethinking_Coarse-To-Fine_Approach_in_Single_Image_Deblurring_ICCV_2021_paper.html
ICCV-2021-P0468,Multi-Instance Pose Networks: Rethinking Top-Down Pose Estimation,ICCV-2021-A002303|ICCV-2021-A002304|ICCV-2021-A002305|ICCV-2021-A002306,ICCV,2021,https://openaccess.thecvf.com/content/ICCV2021/html/Khirodkar_Multi-Instance_Pose_Networks_Rethinking_Top-Down_Pose_Estimation_ICCV_2021_paper.html
ICCV-2021-P0469,Rational Polynomial Camera Model Warping for Deep Learning Based Satellite Multi-View Stereo Matching,ICCV-2021-A002307|ICCV-2021-A002308|ICCV-2021-A002309,ICCV,2021,https://openaccess.thecvf.com/content/ICCV2021/html/Gao_Rational_Polynomial_Camera_Model_Warping_for_Deep_Learning_Based_Satellite_ICCV_2021_paper.html
ICCV-2021-P0470,A New Journey From SDRTV to HDRTV,ICCV-2021-A002310|ICCV-2021-A002311|ICCV-2021-A002312|ICCV-2021-A002313|ICCV-2021-A002314|ICCV-2021-A002315,ICCV,2021,https://openaccess.thecvf.com/content/ICCV2021/html/Chen_A_New_Journey_From_SDRTV_to_HDRTV_ICCV_2021_paper.html
ICCV-2021-P0471,ELLIPSDF: Joint Object Pose and Shape Optimization With a Bi-Level Ellipsoid and Signed Distance Function Description,ICCV-2021-A002316|ICCV-2021-A002317|ICCV-2021-A002318|ICCV-2021-A002319,ICCV,2021,https://openaccess.thecvf.com/content/ICCV2021/html/Shan_ELLIPSDF_Joint_Object_Pose_and_Shape_Optimization_With_a_Bi-Level_ICCV_2021_paper.html
ICCV-2021-P0472,SCOUTER: Slot Attention-Based Classifier for Explainable Image Recognition,ICCV-2021-A002320|ICCV-2021-A002321|ICCV-2021-A002322|ICCV-2021-A002323|ICCV-2021-A002324|ICCV-2021-A002325,ICCV,2021,https://openaccess.thecvf.com/content/ICCV2021/html/Li_SCOUTER_Slot_Attention-Based_Classifier_for_Explainable_Image_Recognition_ICCV_2021_paper.html
ICCV-2021-P0473,Spatio-Temporal Self-Supervised Representation Learning for 3D Point Clouds,ICCV-2021-A002326|ICCV-2021-A002327|ICCV-2021-A002328|ICCV-2021-A002329,ICCV,2021,https://openaccess.thecvf.com/content/ICCV2021/html/Huang_Spatio-Temporal_Self-Supervised_Representation_Learning_for_3D_Point_Clouds_ICCV_2021_paper.html
ICCV-2021-P0474,Vision-Language Navigation With Random Environmental Mixup,ICCV-2021-A002330|ICCV-2021-A002331|ICCV-2021-A002332|ICCV-2021-A002333|ICCV-2021-A002334|ICCV-2021-A002335,ICCV,2021,https://openaccess.thecvf.com/content/ICCV2021/html/Liu_Vision-Language_Navigation_With_Random_Environmental_Mixup_ICCV_2021_paper.html
ICCV-2021-P0475,Learning To Generate Scene Graph From Natural Language Supervision,ICCV-2021-A002336|ICCV-2021-A002337|ICCV-2021-A002338|ICCV-2021-A002339|ICCV-2021-A002340,ICCV,2021,https://openaccess.thecvf.com/content/ICCV2021/html/Zhong_Learning_To_Generate_Scene_Graph_From_Natural_Language_Supervision_ICCV_2021_paper.html
ICCV-2021-P0476,Editing Conditional Radiance Fields,ICCV-2021-A002341|ICCV-2021-A002342|ICCV-2021-A002343|ICCV-2021-A002344|ICCV-2021-A002345|ICCV-2021-A002346,ICCV,2021,https://openaccess.thecvf.com/content/ICCV2021/html/Liu_Editing_Conditional_Radiance_Fields_ICCV_2021_paper.html
ICCV-2021-P0477,"Global Pooling, More Than Meets the Eye: Position Information Is Encoded Channel-Wise in CNNs",ICCV-2021-A002347|ICCV-2021-A002348|ICCV-2021-A002349|ICCV-2021-A002350|ICCV-2021-A002351,ICCV,2021,https://openaccess.thecvf.com/content/ICCV2021/html/Islam_Global_Pooling_More_Than_Meets_the_Eye_Position_Information_Is_ICCV_2021_paper.html
ICCV-2021-P0478,CvT: Introducing Convolutions to Vision Transformers,ICCV-2021-A002352|ICCV-2021-A002353|ICCV-2021-A002354|ICCV-2021-A002355|ICCV-2021-A002356|ICCV-2021-A002357|ICCV-2021-A002358,ICCV,2021,https://openaccess.thecvf.com/content/ICCV2021/html/Wu_CvT_Introducing_Convolutions_to_Vision_Transformers_ICCV_2021_paper.html
ICCV-2021-P0479,Pseudo-Mask Matters in Weakly-Supervised Semantic Segmentation,ICCV-2021-A002359|ICCV-2021-A002360|ICCV-2021-A002361|ICCV-2021-A002362|ICCV-2021-A002363,ICCV,2021,https://openaccess.thecvf.com/content/ICCV2021/html/Li_Pseudo-Mask_Matters_in_Weakly-Supervised_Semantic_Segmentation_ICCV_2021_paper.html
ICCV-2021-P0480,COTR: Correspondence Transformer for Matching Across Images,ICCV-2021-A002364|ICCV-2021-A002365|ICCV-2021-A002366|ICCV-2021-A002367|ICCV-2021-A002368,ICCV,2021,https://openaccess.thecvf.com/content/ICCV2021/html/Jiang_COTR_Correspondence_Transformer_for_Matching_Across_Images_ICCV_2021_paper.html
ICCV-2021-P0481,End-to-End Semi-Supervised Object Detection With Soft Teacher,ICCV-2021-A002369|ICCV-2021-A002370|ICCV-2021-A002371|ICCV-2021-A002372|ICCV-2021-A002373|ICCV-2021-A002374|ICCV-2021-A002375|ICCV-2021-A002376,ICCV,2021,https://openaccess.thecvf.com/content/ICCV2021/html/Xu_End-to-End_Semi-Supervised_Object_Detection_With_Soft_Teacher_ICCV_2021_paper.html
ICCV-2021-P0482,Zen-NAS: A Zero-Shot NAS for High-Performance Image Recognition,ICCV-2021-A002377|ICCV-2021-A002378|ICCV-2021-A002379|ICCV-2021-A002380|ICCV-2021-A002381|ICCV-2021-A002382|ICCV-2021-A002383|ICCV-2021-A002384,ICCV,2021,https://openaccess.thecvf.com/content/ICCV2021/html/Lin_Zen-NAS_A_Zero-Shot_NAS_for_High-Performance_Image_Recognition_ICCV_2021_paper.html
ICCV-2021-P0483,Virtual Light Transport Matrices for Non-Line-of-Sight Imaging,ICCV-2021-A002385|ICCV-2021-A002386|ICCV-2021-A002387|ICCV-2021-A002388|ICCV-2021-A002389|ICCV-2021-A002390|ICCV-2021-A002391,ICCV,2021,https://openaccess.thecvf.com/content/ICCV2021/html/Marco_Virtual_Light_Transport_Matrices_for_Non-Line-of-Sight_Imaging_ICCV_2021_paper.html
ICCV-2021-P0484,DecentLaM: Decentralized Momentum SGD for Large-Batch Deep Training,ICCV-2021-A002392|ICCV-2021-A002393|ICCV-2021-A002394|ICCV-2021-A002395|ICCV-2021-A002396|ICCV-2021-A002397|ICCV-2021-A002398,ICCV,2021,https://openaccess.thecvf.com/content/ICCV2021/html/Yuan_DecentLaM_Decentralized_Momentum_SGD_for_Large-Batch_Deep_Training_ICCV_2021_paper.html
ICCV-2021-P0485,Video Object Segmentation With Dynamic Memory Networks and Adaptive Object Alignment,ICCV-2021-A002399|ICCV-2021-A002400|ICCV-2021-A002401|ICCV-2021-A002402,ICCV,2021,https://openaccess.thecvf.com/content/ICCV2021/html/Liang_Video_Object_Segmentation_With_Dynamic_Memory_Networks_and_Adaptive_Object_ICCV_2021_paper.html
ICCV-2021-P0486,Augmented Lagrangian Adversarial Attacks,ICCV-2021-A002403|ICCV-2021-A002404|ICCV-2021-A002405|ICCV-2021-A002406,ICCV,2021,https://openaccess.thecvf.com/content/ICCV2021/html/Rony_Augmented_Lagrangian_Adversarial_Attacks_ICCV_2021_paper.html
ICCV-2021-P0487,Contrastive Multimodal Fusion With TupleInfoNCE,ICCV-2021-A002407|ICCV-2021-A002408|ICCV-2021-A002409|ICCV-2021-A002410|ICCV-2021-A002411|ICCV-2021-A002412,ICCV,2021,https://openaccess.thecvf.com/content/ICCV2021/html/Liu_Contrastive_Multimodal_Fusion_With_TupleInfoNCE_ICCV_2021_paper.html
ICCV-2021-P0488,Deep Reparametrization of Multi-Frame Super-Resolution and Denoising,ICCV-2021-A002413|ICCV-2021-A002414|ICCV-2021-A002415|ICCV-2021-A002416|ICCV-2021-A002417,ICCV,2021,https://openaccess.thecvf.com/content/ICCV2021/html/Bhat_Deep_Reparametrization_of_Multi-Frame_Super-Resolution_and_Denoising_ICCV_2021_paper.html
ICCV-2021-P0489,ViViT: A Video Vision Transformer,ICCV-2021-A002418|ICCV-2021-A002419|ICCV-2021-A002420|ICCV-2021-A002421|ICCV-2021-A002422|ICCV-2021-A002423,ICCV,2021,https://openaccess.thecvf.com/content/ICCV2021/html/Arnab_ViViT_A_Video_Vision_Transformer_ICCV_2021_paper.html
ICCV-2021-P0490,StyleCLIP: Text-Driven Manipulation of StyleGAN Imagery,ICCV-2021-A002424|ICCV-2021-A002425|ICCV-2021-A002426|ICCV-2021-A002427|ICCV-2021-A002428,ICCV,2021,https://openaccess.thecvf.com/content/ICCV2021/html/Patashnik_StyleCLIP_Text-Driven_Manipulation_of_StyleGAN_Imagery_ICCV_2021_paper.html
ICCV-2021-P0491,Meta-Attack: Class-Agnostic and Model-Agnostic Physical Adversarial Attack,ICCV-2021-A002429|ICCV-2021-A002430|ICCV-2021-A002431|ICCV-2021-A002432|ICCV-2021-A002433,ICCV,2021,https://openaccess.thecvf.com/content/ICCV2021/html/Feng_Meta-Attack_Class-Agnostic_and_Model-Agnostic_Physical_Adversarial_Attack_ICCV_2021_paper.html
ICCV-2021-P0492,Lucas-Kanade Reloaded: End-to-End Super-Resolution From Raw Image Bursts,ICCV-2021-A002434|ICCV-2021-A002435|ICCV-2021-A002436,ICCV,2021,https://openaccess.thecvf.com/content/ICCV2021/html/Lecouat_Lucas-Kanade_Reloaded_End-to-End_Super-Resolution_From_Raw_Image_Bursts_ICCV_2021_paper.html
ICCV-2021-P0493,PR-GCN: A Deep Graph Convolutional Network With Point Refinement for 6D Pose Estimation,ICCV-2021-A002437|ICCV-2021-A002438|ICCV-2021-A002439|ICCV-2021-A002440,ICCV,2021,https://openaccess.thecvf.com/content/ICCV2021/html/Zhou_PR-GCN_A_Deep_Graph_Convolutional_Network_With_Point_Refinement_for_ICCV_2021_paper.html
ICCV-2021-P0494,"RINDNet: Edge Detection for Discontinuity in Reflectance, Illumination, Normal and Depth",ICCV-2021-A002441|ICCV-2021-A002442|ICCV-2021-A002443|ICCV-2021-A002444,ICCV,2021,https://openaccess.thecvf.com/content/ICCV2021/html/Pu_RINDNet_Edge_Detection_for_Discontinuity_in_Reflectance_Illumination_Normal_and_ICCV_2021_paper.html
ICCV-2021-P0495,Are We Missing Confidence in Pseudo-LiDAR Methods for Monocular 3D Object Detection?,ICCV-2021-A002445|ICCV-2021-A002446|ICCV-2021-A002447|ICCV-2021-A002448|ICCV-2021-A002449,ICCV,2021,https://openaccess.thecvf.com/content/ICCV2021/html/Simonelli_Are_We_Missing_Confidence_in_Pseudo-LiDAR_Methods_for_Monocular_3D_ICCV_2021_paper.html
ICCV-2021-P0496,On the Limits of Pseudo Ground Truth in Visual Camera Re-Localisation,ICCV-2021-A002450|ICCV-2021-A002451|ICCV-2021-A002452|ICCV-2021-A002453,ICCV,2021,https://openaccess.thecvf.com/content/ICCV2021/html/Brachmann_On_the_Limits_of_Pseudo_Ground_Truth_in_Visual_Camera_ICCV_2021_paper.html
ICCV-2021-P0497,An Elastica Geodesic Approach With Convexity Shape Prior,ICCV-2021-A002454|ICCV-2021-A002455|ICCV-2021-A002456|ICCV-2021-A002457,ICCV,2021,https://openaccess.thecvf.com/content/ICCV2021/html/Chen_An_Elastica_Geodesic_Approach_With_Convexity_Shape_Prior_ICCV_2021_paper.html
ICCV-2021-P0498,AdaAttN: Revisit Attention Mechanism in Arbitrary Neural Style Transfer,ICCV-2021-A002458|ICCV-2021-A002459|ICCV-2021-A002460|ICCV-2021-A002461|ICCV-2021-A002462|ICCV-2021-A002463|ICCV-2021-A002464|ICCV-2021-A002465|ICCV-2021-A002466,ICCV,2021,https://openaccess.thecvf.com/content/ICCV2021/html/Liu_AdaAttN_Revisit_Attention_Mechanism_in_Arbitrary_Neural_Style_Transfer_ICCV_2021_paper.html
ICCV-2021-P0499,Adaptive Boundary Proposal Network for Arbitrary Shape Text Detection,ICCV-2021-A002467|ICCV-2021-A002468|ICCV-2021-A002469|ICCV-2021-A002470|ICCV-2021-A002471,ICCV,2021,https://openaccess.thecvf.com/content/ICCV2021/html/Zhang_Adaptive_Boundary_Proposal_Network_for_Arbitrary_Shape_Text_Detection_ICCV_2021_paper.html
ICCV-2021-P0500,Video Matting via Consistency-Regularized Graph Neural Networks,ICCV-2021-A002472|ICCV-2021-A002473|ICCV-2021-A002474|ICCV-2021-A002475|ICCV-2021-A002476,ICCV,2021,https://openaccess.thecvf.com/content/ICCV2021/html/Wang_Video_Matting_via_Consistency-Regularized_Graph_Neural_Networks_ICCV_2021_paper.html
ICCV-2021-P0501,Inverting a Rolling Shutter Camera: Bring Rolling Shutter Images to High Framerate Global Shutter Video,ICCV-2021-A002477|ICCV-2021-A002478,ICCV,2021,https://openaccess.thecvf.com/content/ICCV2021/html/Fan_Inverting_a_Rolling_Shutter_Camera_Bring_Rolling_Shutter_Images_to_ICCV_2021_paper.html
ICCV-2021-P0502,Human Detection and Segmentation via Multi-View Consensus,ICCV-2021-A002479|ICCV-2021-A002480|ICCV-2021-A002481|ICCV-2021-A002482|ICCV-2021-A002483,ICCV,2021,https://openaccess.thecvf.com/content/ICCV2021/html/Katircioglu_Human_Detection_and_Segmentation_via_Multi-View_Consensus_ICCV_2021_paper.html
ICCV-2021-P0503,GDP: Stabilized Neural Network Pruning via Gates With Differentiable Polarization,ICCV-2021-A002484|ICCV-2021-A002485|ICCV-2021-A002486|ICCV-2021-A002487|ICCV-2021-A002488|ICCV-2021-A002489,ICCV,2021,https://openaccess.thecvf.com/content/ICCV2021/html/Guo_GDP_Stabilized_Neural_Network_Pruning_via_Gates_With_Differentiable_Polarization_ICCV_2021_paper.html
ICCV-2021-P0504,Multimodal Knowledge Expansion,ICCV-2021-A002490|ICCV-2021-A002491|ICCV-2021-A002492|ICCV-2021-A002493,ICCV,2021,https://openaccess.thecvf.com/content/ICCV2021/html/Xue_Multimodal_Knowledge_Expansion_ICCV_2021_paper.html
ICCV-2021-P0505,Learning To Bundle-Adjust: A Graph Network Approach to Faster Optimization of Bundle Adjustment for Vehicular SLAM,ICCV-2021-A002494|ICCV-2021-A002495|ICCV-2021-A002496,ICCV,2021,https://openaccess.thecvf.com/content/ICCV2021/html/Tanaka_Learning_To_Bundle-Adjust_A_Graph_Network_Approach_to_Faster_Optimization_ICCV_2021_paper.html
ICCV-2021-P0506,MosaicOS: A Simple and Effective Use of Object-Centric Images for Long-Tailed Object Detection,ICCV-2021-A002497|ICCV-2021-A002498|ICCV-2021-A002499|ICCV-2021-A002500|ICCV-2021-A002501|ICCV-2021-A002502|ICCV-2021-A002503|ICCV-2021-A002504,ICCV,2021,https://openaccess.thecvf.com/content/ICCV2021/html/Zhang_MosaicOS_A_Simple_and_Effective_Use_of_Object-Centric_Images_for_ICCV_2021_paper.html
ICCV-2021-P0507,Bringing Events Into Video Deblurring With Non-Consecutively Blurry Frames,ICCV-2021-A002505|ICCV-2021-A002506|ICCV-2021-A002507|ICCV-2021-A002508|ICCV-2021-A002509|ICCV-2021-A002510,ICCV,2021,https://openaccess.thecvf.com/content/ICCV2021/html/Shang_Bringing_Events_Into_Video_Deblurring_With_Non-Consecutively_Blurry_Frames_ICCV_2021_paper.html
ICCV-2021-P0508,Extreme-Quality Computational Imaging via Degradation Framework,ICCV-2021-A002511|ICCV-2021-A002512|ICCV-2021-A002513|ICCV-2021-A002514|ICCV-2021-A002515,ICCV,2021,https://openaccess.thecvf.com/content/ICCV2021/html/Chen_Extreme-Quality_Computational_Imaging_via_Degradation_Framework_ICCV_2021_paper.html
ICCV-2021-P0509,Attack-Guided Perceptual Data Generation for Real-World Re-Identification,ICCV-2021-A002516|ICCV-2021-A002517|ICCV-2021-A002518,ICCV,2021,https://openaccess.thecvf.com/content/ICCV2021/html/Huang_Attack-Guided_Perceptual_Data_Generation_for_Real-World_Re-Identification_ICCV_2021_paper.html
ICCV-2021-P0510,Joint Topology-Preserving and Feature-Refinement Network for Curvilinear Structure Segmentation,ICCV-2021-A002519|ICCV-2021-A002520|ICCV-2021-A002521|ICCV-2021-A002522|ICCV-2021-A002523,ICCV,2021,https://openaccess.thecvf.com/content/ICCV2021/html/Cheng_Joint_Topology-Preserving_and_Feature-Refinement_Network_for_Curvilinear_Structure_Segmentation_ICCV_2021_paper.html
ICCV-2021-P0511,Weakly Supervised Human-Object Interaction Detection in Video via Contrastive Spatiotemporal Regions,ICCV-2021-A002524|ICCV-2021-A002525|ICCV-2021-A002526|ICCV-2021-A002527|ICCV-2021-A002528,ICCV,2021,https://openaccess.thecvf.com/content/ICCV2021/html/Li_Weakly_Supervised_Human-Object_Interaction_Detection_in_Video_via_Contrastive_Spatiotemporal_ICCV_2021_paper.html
ICCV-2021-P0512,Generative Layout Modeling Using Constraint Graphs,ICCV-2021-A002529|ICCV-2021-A002530|ICCV-2021-A002531|ICCV-2021-A002532|ICCV-2021-A002533,ICCV,2021,https://openaccess.thecvf.com/content/ICCV2021/html/Para_Generative_Layout_Modeling_Using_Constraint_Graphs_ICCV_2021_paper.html
ICCV-2021-P0513,ZFlow: Gated Appearance Flow-Based Virtual Try-On With 3D Priors,ICCV-2021-A002534|ICCV-2021-A002535|ICCV-2021-A002536|ICCV-2021-A002537,ICCV,2021,https://openaccess.thecvf.com/content/ICCV2021/html/Chopra_ZFlow_Gated_Appearance_Flow-Based_Virtual_Try-On_With_3D_Priors_ICCV_2021_paper.html
ICCV-2021-P0514,Overfitting the Data: Compact Neural Video Delivery via Content-Aware Feature Modulation,ICCV-2021-A002538|ICCV-2021-A002539|ICCV-2021-A002540|ICCV-2021-A002541|ICCV-2021-A002542|ICCV-2021-A002543|ICCV-2021-A002544|ICCV-2021-A002545|ICCV-2021-A002546|ICCV-2021-A002547,ICCV,2021,https://openaccess.thecvf.com/content/ICCV2021/html/Liu_Overfitting_the_Data_Compact_Neural_Video_Delivery_via_Content-Aware_Feature_ICCV_2021_paper.html
ICCV-2021-P0515,Weakly Supervised Relative Spatial Reasoning for Visual Question Answering,ICCV-2021-A002548|ICCV-2021-A002549|ICCV-2021-A002550|ICCV-2021-A002551,ICCV,2021,https://openaccess.thecvf.com/content/ICCV2021/html/Banerjee_Weakly_Supervised_Relative_Spatial_Reasoning_for_Visual_Question_Answering_ICCV_2021_paper.html
ICCV-2021-P0516,Cascade Image Matting With Deformable Graph Refinement,ICCV-2021-A002552|ICCV-2021-A002553|ICCV-2021-A002554|ICCV-2021-A002555|ICCV-2021-A002556,ICCV,2021,https://openaccess.thecvf.com/content/ICCV2021/html/Yu_Cascade_Image_Matting_With_Deformable_Graph_Refinement_ICCV_2021_paper.html
ICCV-2021-P0517,Preservational Learning Improves Self-Supervised Medical Image Models by Reconstructing Diverse Contexts,ICCV-2021-A002557|ICCV-2021-A002558|ICCV-2021-A002559|ICCV-2021-A002560|ICCV-2021-A002561,ICCV,2021,https://openaccess.thecvf.com/content/ICCV2021/html/Zhou_Preservational_Learning_Improves_Self-Supervised_Medical_Image_Models_by_Reconstructing_Diverse_ICCV_2021_paper.html
ICCV-2021-P0518,Rethinking Counting and Localization in Crowds: A Purely Point-Based Framework,ICCV-2021-A002562|ICCV-2021-A002563|ICCV-2021-A002564|ICCV-2021-A002565|ICCV-2021-A002566|ICCV-2021-A002567|ICCV-2021-A002568|ICCV-2021-A002569|ICCV-2021-A002570,ICCV,2021,https://openaccess.thecvf.com/content/ICCV2021/html/Song_Rethinking_Counting_and_Localization_in_Crowds_A_Purely_Point-Based_Framework_ICCV_2021_paper.html
ICCV-2021-P0519,The Right To Talk: An Audio-Visual Transformer Approach,ICCV-2021-A002571|ICCV-2021-A002572|ICCV-2021-A002573|ICCV-2021-A002574|ICCV-2021-A002575|ICCV-2021-A002576|ICCV-2021-A002577,ICCV,2021,https://openaccess.thecvf.com/content/ICCV2021/html/Truong_The_Right_To_Talk_An_Audio-Visual_Transformer_Approach_ICCV_2021_paper.html
ICCV-2021-P0520,Unsupervised Real-World Super-Resolution: A Domain Adaptation Perspective,ICCV-2021-A002578|ICCV-2021-A002579|ICCV-2021-A002580|ICCV-2021-A002581,ICCV,2021,https://openaccess.thecvf.com/content/ICCV2021/html/Wang_Unsupervised_Real-World_Super-Resolution_A_Domain_Adaptation_Perspective_ICCV_2021_paper.html
ICCV-2021-P0521,Consistency-Sensitivity Guided Ensemble Black-Box Adversarial Attacks in Low-Dimensional Spaces,ICCV-2021-A002582|ICCV-2021-A002583,ICCV,2021,https://openaccess.thecvf.com/content/ICCV2021/html/Yuan_Consistency-Sensitivity_Guided_Ensemble_Black-Box_Adversarial_Attacks_in_Low-Dimensional_Spaces_ICCV_2021_paper.html
ICCV-2021-P0522,Vision Transformer With Progressive Sampling,ICCV-2021-A002584|ICCV-2021-A002585|ICCV-2021-A002586|ICCV-2021-A002587|ICCV-2021-A002588|ICCV-2021-A002589|ICCV-2021-A002590,ICCV,2021,https://openaccess.thecvf.com/content/ICCV2021/html/Yue_Vision_Transformer_With_Progressive_Sampling_ICCV_2021_paper.html
ICCV-2021-P0523,ICON: Learning Regular Maps Through Inverse Consistency,ICCV-2021-A002591|ICCV-2021-A002592|ICCV-2021-A002593|ICCV-2021-A002594,ICCV,2021,https://openaccess.thecvf.com/content/ICCV2021/html/Greer_ICON_Learning_Regular_Maps_Through_Inverse_Consistency_ICCV_2021_paper.html
ICCV-2021-P0524,Structure-Preserving Deraining With Residue Channel Prior Guidance,ICCV-2021-A002595|ICCV-2021-A002596|ICCV-2021-A002597|ICCV-2021-A002598|ICCV-2021-A002599|ICCV-2021-A002600,ICCV,2021,https://openaccess.thecvf.com/content/ICCV2021/html/Yi_Structure-Preserving_Deraining_With_Residue_Channel_Prior_Guidance_ICCV_2021_paper.html
ICCV-2021-P0525,Fast and Efficient DNN Deployment via Deep Gaussian Transfer Learning,ICCV-2021-A002601|ICCV-2021-A002602|ICCV-2021-A002603|ICCV-2021-A002604|ICCV-2021-A002605|ICCV-2021-A002606|ICCV-2021-A002607,ICCV,2021,https://openaccess.thecvf.com/content/ICCV2021/html/Sun_Fast_and_Efficient_DNN_Deployment_via_Deep_Gaussian_Transfer_Learning_ICCV_2021_paper.html
ICCV-2021-P0526,RGB-D Saliency Detection via Cascaded Mutual Information Minimization,ICCV-2021-A002608|ICCV-2021-A002609|ICCV-2021-A002610|ICCV-2021-A002611|ICCV-2021-A002612|ICCV-2021-A002613|ICCV-2021-A002614,ICCV,2021,https://openaccess.thecvf.com/content/ICCV2021/html/Zhang_RGB-D_Saliency_Detection_via_Cascaded_Mutual_Information_Minimization_ICCV_2021_paper.html
ICCV-2021-P0527,A Weakly Supervised Amodal Segmenter With Boundary Uncertainty Estimation,ICCV-2021-A002615|ICCV-2021-A002616,ICCV,2021,https://openaccess.thecvf.com/content/ICCV2021/html/Nguyen_A_Weakly_Supervised_Amodal_Segmenter_With_Boundary_Uncertainty_Estimation_ICCV_2021_paper.html
ICCV-2021-P0528,Cross-Camera Convolutional Color Constancy,ICCV-2021-A002617|ICCV-2021-A002618|ICCV-2021-A002619|ICCV-2021-A002620|ICCV-2021-A002621,ICCV,2021,https://openaccess.thecvf.com/content/ICCV2021/html/Afifi_Cross-Camera_Convolutional_Color_Constancy_ICCV_2021_paper.html
ICCV-2021-P0529,"N-ImageNet: Towards Robust, Fine-Grained Object Recognition With Event Cameras",ICCV-2021-A002622|ICCV-2021-A002623|ICCV-2021-A002624|ICCV-2021-A002625|ICCV-2021-A002626,ICCV,2021,https://openaccess.thecvf.com/content/ICCV2021/html/Kim_N-ImageNet_Towards_Robust_Fine-Grained_Object_Recognition_With_Event_Cameras_ICCV_2021_paper.html
ICCV-2021-P0530,Who's Waldo? Linking People Across Text and Images,ICCV-2021-A002627|ICCV-2021-A002628|ICCV-2021-A002629|ICCV-2021-A002630|ICCV-2021-A002631,ICCV,2021,https://openaccess.thecvf.com/content/ICCV2021/html/Cui_Whos_Waldo_Linking_People_Across_Text_and_Images_ICCV_2021_paper.html
ICCV-2021-P0531,Switchable K-Class Hyperplanes for Noise-Robust Representation Learning,ICCV-2021-A002632|ICCV-2021-A002633|ICCV-2021-A002634|ICCV-2021-A002635|ICCV-2021-A002636,ICCV,2021,https://openaccess.thecvf.com/content/ICCV2021/html/Liu_Switchable_K-Class_Hyperplanes_for_Noise-Robust_Representation_Learning_ICCV_2021_paper.html
ICCV-2021-P0532,BlockPlanner: City Block Generation With Vectorized Graph Representation,ICCV-2021-A002637|ICCV-2021-A002638|ICCV-2021-A002639|ICCV-2021-A002640|ICCV-2021-A002641|ICCV-2021-A002642|ICCV-2021-A002643,ICCV,2021,https://openaccess.thecvf.com/content/ICCV2021/html/Xu_BlockPlanner_City_Block_Generation_With_Vectorized_Graph_Representation_ICCV_2021_paper.html
ICCV-2021-P0533,VLGrammar: Grounded Grammar Induction of Vision and Language,ICCV-2021-A002644|ICCV-2021-A002645|ICCV-2021-A002646|ICCV-2021-A002647,ICCV,2021,https://openaccess.thecvf.com/content/ICCV2021/html/Hong_VLGrammar_Grounded_Grammar_Induction_of_Vision_and_Language_ICCV_2021_paper.html
ICCV-2021-P0534,CPFN: Cascaded Primitive Fitting Networks for High-Resolution Point Clouds,ICCV-2021-A002648|ICCV-2021-A002649|ICCV-2021-A002650|ICCV-2021-A002651|ICCV-2021-A002652|ICCV-2021-A002653,ICCV,2021,https://openaccess.thecvf.com/content/ICCV2021/html/Le_CPFN_Cascaded_Primitive_Fitting_Networks_for_High-Resolution_Point_Clouds_ICCV_2021_paper.html
ICCV-2021-P0535,Learning Signed Distance Field for Multi-View Surface Reconstruction,ICCV-2021-A002654|ICCV-2021-A002655|ICCV-2021-A002656,ICCV,2021,https://openaccess.thecvf.com/content/ICCV2021/html/Zhang_Learning_Signed_Distance_Field_for_Multi-View_Surface_Reconstruction_ICCV_2021_paper.html
ICCV-2021-P0536,Linguistically Routing Capsule Network for Out-of-Distribution Visual Question Answering,ICCV-2021-A002657|ICCV-2021-A002658|ICCV-2021-A002659|ICCV-2021-A002660|ICCV-2021-A002661,ICCV,2021,https://openaccess.thecvf.com/content/ICCV2021/html/Cao_Linguistically_Routing_Capsule_Network_for_Out-of-Distribution_Visual_Question_Answering_ICCV_2021_paper.html
ICCV-2021-P0537,Neural Articulated Radiance Field,ICCV-2021-A002662|ICCV-2021-A002663|ICCV-2021-A002664|ICCV-2021-A002665,ICCV,2021,https://openaccess.thecvf.com/content/ICCV2021/html/Noguchi_Neural_Articulated_Radiance_Field_ICCV_2021_paper.html
ICCV-2021-P0538,Student Customized Knowledge Distillation: Bridging the Gap Between Student and Teacher,ICCV-2021-A002666|ICCV-2021-A002667,ICCV,2021,https://openaccess.thecvf.com/content/ICCV2021/html/Zhu_Student_Customized_Knowledge_Distillation_Bridging_the_Gap_Between_Student_and_ICCV_2021_paper.html
ICCV-2021-P0539,A Machine Teaching Framework for Scalable Recognition,ICCV-2021-A002668|ICCV-2021-A002669,ICCV,2021,https://openaccess.thecvf.com/content/ICCV2021/html/Wang_A_Machine_Teaching_Framework_for_Scalable_Recognition_ICCV_2021_paper.html
ICCV-2021-P0540,Real-World Video Super-Resolution: A Benchmark Dataset and a Decomposition Based Learning Scheme,ICCV-2021-A002670|ICCV-2021-A002671|ICCV-2021-A002672|ICCV-2021-A002673,ICCV,2021,https://openaccess.thecvf.com/content/ICCV2021/html/Yang_Real-World_Video_Super-Resolution_A_Benchmark_Dataset_and_a_Decomposition_Based_ICCV_2021_paper.html
ICCV-2021-P0541,ASCNet: Self-Supervised Video Representation Learning With Appearance-Speed Consistency,ICCV-2021-A002674|ICCV-2021-A002675|ICCV-2021-A002676|ICCV-2021-A002677|ICCV-2021-A002678|ICCV-2021-A002679|ICCV-2021-A002680|ICCV-2021-A002681|ICCV-2021-A002682,ICCV,2021,https://openaccess.thecvf.com/content/ICCV2021/html/Huang_ASCNet_Self-Supervised_Video_Representation_Learning_With_Appearance-Speed_Consistency_ICCV_2021_paper.html
ICCV-2021-P0542,Improving Generalization of Batch Whitening by Convolutional Unit Optimization,ICCV-2021-A002683|ICCV-2021-A002684|ICCV-2021-A002685|ICCV-2021-A002686,ICCV,2021,https://openaccess.thecvf.com/content/ICCV2021/html/Cho_Improving_Generalization_of_Batch_Whitening_by_Convolutional_Unit_Optimization_ICCV_2021_paper.html
ICCV-2021-P0543,Statistically Consistent Saliency Estimation,ICCV-2021-A002687|ICCV-2021-A002688|ICCV-2021-A002689,ICCV,2021,https://openaccess.thecvf.com/content/ICCV2021/html/Luo_Statistically_Consistent_Saliency_Estimation_ICCV_2021_paper.html
ICCV-2021-P0544,From Contexts to Locality: Ultra-High Resolution Image Segmentation via Locality-Aware Contextual Correlation,ICCV-2021-A002690|ICCV-2021-A002691|ICCV-2021-A002692|ICCV-2021-A002693|ICCV-2021-A002694,ICCV,2021,https://openaccess.thecvf.com/content/ICCV2021/html/Li_From_Contexts_to_Locality_Ultra-High_Resolution_Image_Segmentation_via_Locality-Aware_ICCV_2021_paper.html
ICCV-2021-P0545,Channel-Wise Knowledge Distillation for Dense Prediction,ICCV-2021-A002695|ICCV-2021-A002696|ICCV-2021-A002697|ICCV-2021-A002698|ICCV-2021-A002699,ICCV,2021,https://openaccess.thecvf.com/content/ICCV2021/html/Shu_Channel-Wise_Knowledge_Distillation_for_Dense_Prediction_ICCV_2021_paper.html
ICCV-2021-P0546,Multi-View 3D Reconstruction With Transformers,ICCV-2021-A002700|ICCV-2021-A002701|ICCV-2021-A002702|ICCV-2021-A002703|ICCV-2021-A002704|ICCV-2021-A002705|ICCV-2021-A002706|ICCV-2021-A002707,ICCV,2021,https://openaccess.thecvf.com/content/ICCV2021/html/Wang_Multi-View_3D_Reconstruction_With_Transformers_ICCV_2021_paper.html
ICCV-2021-P0547,Q-Match: Iterative Shape Matching via Quantum Annealing,ICCV-2021-A002708|ICCV-2021-A002709|ICCV-2021-A002710|ICCV-2021-A002711|ICCV-2021-A002712|ICCV-2021-A002713,ICCV,2021,https://openaccess.thecvf.com/content/ICCV2021/html/Benkner_Q-Match_Iterative_Shape_Matching_via_Quantum_Annealing_ICCV_2021_paper.html
ICCV-2021-P0548,Fast Convergence of DETR With Spatially Modulated Co-Attention,ICCV-2021-A002714|ICCV-2021-A002715|ICCV-2021-A002716|ICCV-2021-A002717|ICCV-2021-A002718,ICCV,2021,https://openaccess.thecvf.com/content/ICCV2021/html/Gao_Fast_Convergence_of_DETR_With_Spatially_Modulated_Co-Attention_ICCV_2021_paper.html
ICCV-2021-P0549,T-AutoML: Automated Machine Learning for Lesion Segmentation Using Transformers in 3D Medical Imaging,ICCV-2021-A002719|ICCV-2021-A002720|ICCV-2021-A002721|ICCV-2021-A002722|ICCV-2021-A002723|ICCV-2021-A002724,ICCV,2021,https://openaccess.thecvf.com/content/ICCV2021/html/Yang_T-AutoML_Automated_Machine_Learning_for_Lesion_Segmentation_Using_Transformers_in_ICCV_2021_paper.html
ICCV-2021-P0550,Learning To Better Segment Objects From Unseen Classes With Unlabeled Videos,ICCV-2021-A002725|ICCV-2021-A002726|ICCV-2021-A002727,ICCV,2021,https://openaccess.thecvf.com/content/ICCV2021/html/Du_Learning_To_Better_Segment_Objects_From_Unseen_Classes_With_Unlabeled_ICCV_2021_paper.html
ICCV-2021-P0551,Unsupervised Point Cloud Object Co-Segmentation by Co-Contrastive Learning and Mutual Attention Sampling,ICCV-2021-A002728|ICCV-2021-A002729|ICCV-2021-A002730,ICCV,2021,https://openaccess.thecvf.com/content/ICCV2021/html/Yang_Unsupervised_Point_Cloud_Object_Co-Segmentation_by_Co-Contrastive_Learning_and_Mutual_ICCV_2021_paper.html
ICCV-2021-P0552,Meta Pairwise Relationship Distillation for Unsupervised Person Re-Identification,ICCV-2021-A002731|ICCV-2021-A002732|ICCV-2021-A002733|ICCV-2021-A002734|ICCV-2021-A002735|ICCV-2021-A002736,ICCV,2021,https://openaccess.thecvf.com/content/ICCV2021/html/Ji_Meta_Pairwise_Relationship_Distillation_for_Unsupervised_Person_Re-Identification_ICCV_2021_paper.html
ICCV-2021-P0553,Robustness Certification for Point Cloud Models,ICCV-2021-A002737|ICCV-2021-A002738|ICCV-2021-A002739|ICCV-2021-A002740|ICCV-2021-A002741,ICCV,2021,https://openaccess.thecvf.com/content/ICCV2021/html/Lorenz_Robustness_Certification_for_Point_Cloud_Models_ICCV_2021_paper.html
ICCV-2021-P0554,Hierarchical Conditional Flow: A Unified Framework for Image Super-Resolution and Image Rescaling,ICCV-2021-A002742|ICCV-2021-A002743|ICCV-2021-A002744|ICCV-2021-A002745|ICCV-2021-A002746|ICCV-2021-A002747,ICCV,2021,https://openaccess.thecvf.com/content/ICCV2021/html/Liang_Hierarchical_Conditional_Flow_A_Unified_Framework_for_Image_Super-Resolution_and_ICCV_2021_paper.html
ICCV-2021-P0555,Syncretic Modality Collaborative Learning for Visible Infrared Person Re-Identification,ICCV-2021-A002748|ICCV-2021-A002749|ICCV-2021-A002750|ICCV-2021-A002751,ICCV,2021,https://openaccess.thecvf.com/content/ICCV2021/html/Wei_Syncretic_Modality_Collaborative_Learning_for_Visible_Infrared_Person_Re-Identification_ICCV_2021_paper.html
ICCV-2021-P0556,Re-Aging GAN: Toward Personalized Face Age Transformation,ICCV-2021-A002752|ICCV-2021-A002753|ICCV-2021-A002754,ICCV,2021,https://openaccess.thecvf.com/content/ICCV2021/html/Makhmudkhujaev_Re-Aging_GAN_Toward_Personalized_Face_Age_Transformation_ICCV_2021_paper.html
ICCV-2021-P0557,SeLFVi: Self-Supervised Light-Field Video Reconstruction From Stereo Video,ICCV-2021-A002755|ICCV-2021-A002756|ICCV-2021-A002757|ICCV-2021-A002758|ICCV-2021-A002759,ICCV,2021,https://openaccess.thecvf.com/content/ICCV2021/html/Shedligeri_SeLFVi_Self-Supervised_Light-Field_Video_Reconstruction_From_Stereo_Video_ICCV_2021_paper.html
ICCV-2021-P0558,Cross-Encoder for Unsupervised Gaze Representation Learning,ICCV-2021-A002760|ICCV-2021-A002761|ICCV-2021-A002762|ICCV-2021-A002763,ICCV,2021,https://openaccess.thecvf.com/content/ICCV2021/html/Sun_Cross-Encoder_for_Unsupervised_Gaze_Representation_Learning_ICCV_2021_paper.html
ICCV-2021-P0559,Event-Intensity Stereo: Estimating Depth by the Best of Both Worlds,ICCV-2021-A002764|ICCV-2021-A002765|ICCV-2021-A002766,ICCV,2021,https://openaccess.thecvf.com/content/ICCV2021/html/Mostafavi_Event-Intensity_Stereo_Estimating_Depth_by_the_Best_of_Both_Worlds_ICCV_2021_paper.html
ICCV-2021-P0560,When Do GANs Replicate? On the Choice of Dataset Size,ICCV-2021-A002767|ICCV-2021-A002768|ICCV-2021-A002769|ICCV-2021-A002770,ICCV,2021,https://openaccess.thecvf.com/content/ICCV2021/html/Feng_When_Do_GANs_Replicate_On_the_Choice_of_Dataset_Size_ICCV_2021_paper.html
ICCV-2021-P0561,Just One Moment: Structural Vulnerability of Deep Action Recognition Against One Frame Attack,ICCV-2021-A002771|ICCV-2021-A002772|ICCV-2021-A002773|ICCV-2021-A002774,ICCV,2021,https://openaccess.thecvf.com/content/ICCV2021/html/Hwang_Just_One_Moment_Structural_Vulnerability_of_Deep_Action_Recognition_Against_ICCV_2021_paper.html
ICCV-2021-P0562,Big Self-Supervised Models Advance Medical Image Classification,ICCV-2021-A002775|ICCV-2021-A002776|ICCV-2021-A002777|ICCV-2021-A002778|ICCV-2021-A002779|ICCV-2021-A002780|ICCV-2021-A002781|ICCV-2021-A002782|ICCV-2021-A002783|ICCV-2021-A002784|ICCV-2021-A002785|ICCV-2021-A002786,ICCV,2021,https://openaccess.thecvf.com/content/ICCV2021/html/Azizi_Big_Self-Supervised_Models_Advance_Medical_Image_Classification_ICCV_2021_paper.html
ICCV-2021-P0563,Scene Context-Aware Salient Object Detection,ICCV-2021-A002787|ICCV-2021-A002788|ICCV-2021-A002789|ICCV-2021-A002790|ICCV-2021-A002791,ICCV,2021,https://openaccess.thecvf.com/content/ICCV2021/html/Siris_Scene_Context-Aware_Salient_Object_Detection_ICCV_2021_paper.html
ICCV-2021-P0564,Learning Frequency-Aware Dynamic Network for Efficient Super-Resolution,ICCV-2021-A002792|ICCV-2021-A002793|ICCV-2021-A002794|ICCV-2021-A002795|ICCV-2021-A002796|ICCV-2021-A002797,ICCV,2021,https://openaccess.thecvf.com/content/ICCV2021/html/Xie_Learning_Frequency-Aware_Dynamic_Network_for_Efficient_Super-Resolution_ICCV_2021_paper.html
ICCV-2021-P0565,Residual Attention: A Simple but Effective Method for Multi-Label Recognition,ICCV-2021-A002798|ICCV-2021-A002799,ICCV,2021,https://openaccess.thecvf.com/content/ICCV2021/html/Zhu_Residual_Attention_A_Simple_but_Effective_Method_for_Multi-Label_Recognition_ICCV_2021_paper.html
ICCV-2021-P0566,On Generating Transferable Targeted Perturbations,ICCV-2021-A002800|ICCV-2021-A002801|ICCV-2021-A002802|ICCV-2021-A002803|ICCV-2021-A002804,ICCV,2021,https://openaccess.thecvf.com/content/ICCV2021/html/Naseer_On_Generating_Transferable_Targeted_Perturbations_ICCV_2021_paper.html
ICCV-2021-P0567,GraphFPN: Graph Feature Pyramid Network for Object Detection,ICCV-2021-A002805|ICCV-2021-A002806|ICCV-2021-A002807,ICCV,2021,https://openaccess.thecvf.com/content/ICCV2021/html/Zhao_GraphFPN_Graph_Feature_Pyramid_Network_for_Object_Detection_ICCV_2021_paper.html
ICCV-2021-P0568,NeuSpike-Net: High Speed Video Reconstruction via Bio-Inspired Neuromorphic Cameras,ICCV-2021-A002808|ICCV-2021-A002809|ICCV-2021-A002810|ICCV-2021-A002811|ICCV-2021-A002812,ICCV,2021,https://openaccess.thecvf.com/content/ICCV2021/html/Zhu_NeuSpike-Net_High_Speed_Video_Reconstruction_via_Bio-Inspired_Neuromorphic_Cameras_ICCV_2021_paper.html
ICCV-2021-P0569,Local Temperature Scaling for Probability Calibration,ICCV-2021-A002813|ICCV-2021-A002814|ICCV-2021-A002815|ICCV-2021-A002816,ICCV,2021,https://openaccess.thecvf.com/content/ICCV2021/html/Ding_Local_Temperature_Scaling_for_Probability_Calibration_ICCV_2021_paper.html
ICCV-2021-P0570,WarpedGANSpace: Finding Non-Linear RBF Paths in GAN Latent Space,ICCV-2021-A002817|ICCV-2021-A002818|ICCV-2021-A002819,ICCV,2021,https://openaccess.thecvf.com/content/ICCV2021/html/Tzelepis_WarpedGANSpace_Finding_Non-Linear_RBF_Paths_in_GAN_Latent_Space_ICCV_2021_paper.html
ICCV-2021-P0571,Generic Attention-Model Explainability for Interpreting Bi-Modal and Encoder-Decoder Transformers,ICCV-2021-A002820|ICCV-2021-A002821|ICCV-2021-A002822,ICCV,2021,https://openaccess.thecvf.com/content/ICCV2021/html/Chefer_Generic_Attention-Model_Explainability_for_Interpreting_Bi-Modal_and_Encoder-Decoder_Transformers_ICCV_2021_paper.html
ICCV-2021-P0572,Real-Time Image Enhancer via Learnable Spatial-Aware 3D Lookup Tables,ICCV-2021-A002823|ICCV-2021-A002824|ICCV-2021-A002825|ICCV-2021-A002826|ICCV-2021-A002827|ICCV-2021-A002828|ICCV-2021-A002829,ICCV,2021,https://openaccess.thecvf.com/content/ICCV2021/html/Wang_Real-Time_Image_Enhancer_via_Learnable_Spatial-Aware_3D_Lookup_Tables_ICCV_2021_paper.html
ICCV-2021-P0573,STAR: A Structure-Aware Lightweight Transformer for Real-Time Image Enhancement,ICCV-2021-A002830|ICCV-2021-A002831|ICCV-2021-A002832|ICCV-2021-A002833|ICCV-2021-A002834|ICCV-2021-A002835,ICCV,2021,https://openaccess.thecvf.com/content/ICCV2021/html/Zhang_STAR_A_Structure-Aware_Lightweight_Transformer_for_Real-Time_Image_Enhancement_ICCV_2021_paper.html
ICCV-2021-P0574,Reconcile Prediction Consistency for Balanced Object Detection,ICCV-2021-A002836|ICCV-2021-A002837,ICCV,2021,https://openaccess.thecvf.com/content/ICCV2021/html/Wang_Reconcile_Prediction_Consistency_for_Balanced_Object_Detection_ICCV_2021_paper.html
ICCV-2021-P0575,A Confidence-Based Iterative Solver of Depths and Surface Normals for Deep Multi-View Stereo,ICCV-2021-A002838|ICCV-2021-A002839|ICCV-2021-A002840|ICCV-2021-A002841|ICCV-2021-A002842,ICCV,2021,https://openaccess.thecvf.com/content/ICCV2021/html/Zhao_A_Confidence-Based_Iterative_Solver_of_Depths_and_Surface_Normals_for_ICCV_2021_paper.html
ICCV-2021-P0576,Frozen in Time: A Joint Video and Image Encoder for End-to-End Retrieval,ICCV-2021-A002843|ICCV-2021-A002844|ICCV-2021-A002845|ICCV-2021-A002846,ICCV,2021,https://openaccess.thecvf.com/content/ICCV2021/html/Bain_Frozen_in_Time_A_Joint_Video_and_Image_Encoder_for_ICCV_2021_paper.html
ICCV-2021-P0577,Towards Mixed-Precision Quantization of Neural Networks via Constrained Optimization,ICCV-2021-A002847|ICCV-2021-A002848|ICCV-2021-A002849,ICCV,2021,https://openaccess.thecvf.com/content/ICCV2021/html/Chen_Towards_Mixed-Precision_Quantization_of_Neural_Networks_via_Constrained_Optimization_ICCV_2021_paper.html
ICCV-2021-P0578,Dual-Camera Super-Resolution With Aligned Attention Modules,ICCV-2021-A002850|ICCV-2021-A002851|ICCV-2021-A002852|ICCV-2021-A002853|ICCV-2021-A002854,ICCV,2021,https://openaccess.thecvf.com/content/ICCV2021/html/Wang_Dual-Camera_Super-Resolution_With_Aligned_Attention_Modules_ICCV_2021_paper.html
ICCV-2021-P0579,NASOA: Towards Faster Task-Oriented Online Fine-Tuning With a Zoo of Models,ICCV-2021-A002855|ICCV-2021-A002856|ICCV-2021-A002857|ICCV-2021-A002858|ICCV-2021-A002859|ICCV-2021-A002860,ICCV,2021,https://openaccess.thecvf.com/content/ICCV2021/html/Xu_NASOA_Towards_Faster_Task-Oriented_Online_Fine-Tuning_With_a_Zoo_of_ICCV_2021_paper.html
ICCV-2021-P0580,RandomRooms: Unsupervised Pre-Training From Synthetic Shapes and Randomized Layouts for 3D Object Detection,ICCV-2021-A002861|ICCV-2021-A002862|ICCV-2021-A002863|ICCV-2021-A002864|ICCV-2021-A002865|ICCV-2021-A002866,ICCV,2021,https://openaccess.thecvf.com/content/ICCV2021/html/Rao_RandomRooms_Unsupervised_Pre-Training_From_Synthetic_Shapes_and_Randomized_Layouts_for_ICCV_2021_paper.html
ICCV-2021-P0581,Integer-Arithmetic-Only Certified Robustness for Quantized Neural Networks,ICCV-2021-A002867|ICCV-2021-A002868|ICCV-2021-A002869|ICCV-2021-A002870,ICCV,2021,https://openaccess.thecvf.com/content/ICCV2021/html/Lin_Integer-Arithmetic-Only_Certified_Robustness_for_Quantized_Neural_Networks_ICCV_2021_paper.html
ICCV-2021-P0582,Conformer: Local Features Coupling Global Representations for Visual Recognition,ICCV-2021-A002871|ICCV-2021-A002872|ICCV-2021-A002873|ICCV-2021-A002874|ICCV-2021-A002875|ICCV-2021-A002876|ICCV-2021-A002877,ICCV,2021,https://openaccess.thecvf.com/content/ICCV2021/html/Peng_Conformer_Local_Features_Coupling_Global_Representations_for_Visual_Recognition_ICCV_2021_paper.html
ICCV-2021-P0583,Lightweight Multi-Person Total Motion Capture Using Sparse Multi-View Cameras,ICCV-2021-A002878|ICCV-2021-A002879|ICCV-2021-A002880|ICCV-2021-A002881|ICCV-2021-A002882|ICCV-2021-A002883,ICCV,2021,https://openaccess.thecvf.com/content/ICCV2021/html/Zhang_Lightweight_Multi-Person_Total_Motion_Capture_Using_Sparse_Multi-View_Cameras_ICCV_2021_paper.html
ICCV-2021-P0584,AGKD-BML: Defense Against Adversarial Attack by Attention Guided Knowledge Distillation and Bi-Directional Metric Learning,ICCV-2021-A002884|ICCV-2021-A002885|ICCV-2021-A002886|ICCV-2021-A002887|ICCV-2021-A002888,ICCV,2021,https://openaccess.thecvf.com/content/ICCV2021/html/Wang_AGKD-BML_Defense_Against_Adversarial_Attack_by_Attention_Guided_Knowledge_Distillation_ICCV_2021_paper.html
ICCV-2021-P0585,MGSampler: An Explainable Sampling Strategy for Video Action Recognition,ICCV-2021-A002889|ICCV-2021-A002890|ICCV-2021-A002891|ICCV-2021-A002892,ICCV,2021,https://openaccess.thecvf.com/content/ICCV2021/html/Zhi_MGSampler_An_Explainable_Sampling_Strategy_for_Video_Action_Recognition_ICCV_2021_paper.html
ICCV-2021-P0586,Recurrent Mask Refinement for Few-Shot Medical Image Segmentation,ICCV-2021-A002893|ICCV-2021-A002894|ICCV-2021-A002895|ICCV-2021-A002896|ICCV-2021-A002897,ICCV,2021,https://openaccess.thecvf.com/content/ICCV2021/html/Tang_Recurrent_Mask_Refinement_for_Few-Shot_Medical_Image_Segmentation_ICCV_2021_paper.html
ICCV-2021-P0587,Prototypical Matching and Open Set Rejection for Zero-Shot Semantic Segmentation,ICCV-2021-A002898|ICCV-2021-A002899,ICCV,2021,https://openaccess.thecvf.com/content/ICCV2021/html/Zhang_Prototypical_Matching_and_Open_Set_Rejection_for_Zero-Shot_Semantic_Segmentation_ICCV_2021_paper.html
ICCV-2021-P0588,GarmentNets: Category-Level Pose Estimation for Garments via Canonical Space Shape Completion,ICCV-2021-A002900|ICCV-2021-A002901,ICCV,2021,https://openaccess.thecvf.com/content/ICCV2021/html/Chi_GarmentNets_Category-Level_Pose_Estimation_for_Garments_via_Canonical_Space_Shape_ICCV_2021_paper.html
ICCV-2021-P0589,Reliably Fast Adversarial Training via Latent Adversarial Perturbation,ICCV-2021-A002902|ICCV-2021-A002903,ICCV,2021,https://openaccess.thecvf.com/content/ICCV2021/html/Park_Reliably_Fast_Adversarial_Training_via_Latent_Adversarial_Perturbation_ICCV_2021_paper.html
ICCV-2021-P0590,R-SLAM: Optimizing Eye Tracking From Rolling Shutter Video of the Retina,ICCV-2021-A002904|ICCV-2021-A002905|ICCV-2021-A002906|ICCV-2021-A002907|ICCV-2021-A002908,ICCV,2021,https://openaccess.thecvf.com/content/ICCV2021/html/Shenoy_R-SLAM_Optimizing_Eye_Tracking_From_Rolling_Shutter_Video_of_the_ICCV_2021_paper.html
ICCV-2021-P0591,Inference of Black Hole Fluid-Dynamics From Sparse Interferometric Measurements,ICCV-2021-A002909|ICCV-2021-A002910|ICCV-2021-A002911|ICCV-2021-A002912|ICCV-2021-A002913,ICCV,2021,https://openaccess.thecvf.com/content/ICCV2021/html/Levis_Inference_of_Black_Hole_Fluid-Dynamics_From_Sparse_Interferometric_Measurements_ICCV_2021_paper.html
ICCV-2021-P0592,Beyond Question-Based Biases: Assessing Multimodal Shortcut Learning in Visual Question Answering,ICCV-2021-A002914|ICCV-2021-A002915|ICCV-2021-A002916|ICCV-2021-A002917,ICCV,2021,https://openaccess.thecvf.com/content/ICCV2021/html/Dancette_Beyond_Question-Based_Biases_Assessing_Multimodal_Shortcut_Learning_in_Visual_Question_ICCV_2021_paper.html
ICCV-2021-P0593,H3D-Net: Few-Shot High-Fidelity 3D Head Reconstruction,ICCV-2021-A002918|ICCV-2021-A002919|ICCV-2021-A002920|ICCV-2021-A002921|ICCV-2021-A002922|ICCV-2021-A002923|ICCV-2021-A002924,ICCV,2021,https://openaccess.thecvf.com/content/ICCV2021/html/Ramon_H3D-Net_Few-Shot_High-Fidelity_3D_Head_Reconstruction_ICCV_2021_paper.html
ICCV-2021-P0594,Video Question Answering Using Language-Guided Deep Compressed-Domain Video Feature,ICCV-2021-A002925|ICCV-2021-A002926|ICCV-2021-A002927,ICCV,2021,https://openaccess.thecvf.com/content/ICCV2021/html/Kim_Video_Question_Answering_Using_Language-Guided_Deep_Compressed-Domain_Video_Feature_ICCV_2021_paper.html
ICCV-2021-P0595,Image2Reverb: Cross-Modal Reverb Impulse Response Synthesis,ICCV-2021-A002928|ICCV-2021-A002929|ICCV-2021-A002930|ICCV-2021-A002931|ICCV-2021-A002932,ICCV,2021,https://openaccess.thecvf.com/content/ICCV2021/html/Singh_Image2Reverb_Cross-Modal_Reverb_Impulse_Response_Synthesis_ICCV_2021_paper.html
ICCV-2021-P0596,Spatio-Temporal Dynamic Inference Network for Group Activity Recognition,ICCV-2021-A002933|ICCV-2021-A002934|ICCV-2021-A002935,ICCV,2021,https://openaccess.thecvf.com/content/ICCV2021/html/Yuan_Spatio-Temporal_Dynamic_Inference_Network_for_Group_Activity_Recognition_ICCV_2021_paper.html
ICCV-2021-P0597,High Quality Disparity Remapping With Two-Stage Warping,ICCV-2021-A002936|ICCV-2021-A002937|ICCV-2021-A002938|ICCV-2021-A002939|ICCV-2021-A002940|ICCV-2021-A002941|ICCV-2021-A002942,ICCV,2021,https://openaccess.thecvf.com/content/ICCV2021/html/Li_High_Quality_Disparity_Remapping_With_Two-Stage_Warping_ICCV_2021_paper.html
ICCV-2021-P0598,TrivialAugment: Tuning-Free Yet State-of-the-Art Data Augmentation,ICCV-2021-A002943|ICCV-2021-A002944,ICCV,2021,https://openaccess.thecvf.com/content/ICCV2021/html/Muller_TrivialAugment_Tuning-Free_Yet_State-of-the-Art_Data_Augmentation_ICCV_2021_paper.html
ICCV-2021-P0599,Learning To Discover Reflection Symmetry via Polar Matching Convolution,ICCV-2021-A002945|ICCV-2021-A002946|ICCV-2021-A002947,ICCV,2021,https://openaccess.thecvf.com/content/ICCV2021/html/Seo_Learning_To_Discover_Reflection_Symmetry_via_Polar_Matching_Convolution_ICCV_2021_paper.html
ICCV-2021-P0600,Crossover Learning for Fast Online Video Instance Segmentation,ICCV-2021-A002948|ICCV-2021-A002949|ICCV-2021-A002950|ICCV-2021-A002951|ICCV-2021-A002952|ICCV-2021-A002953|ICCV-2021-A002954|ICCV-2021-A002955,ICCV,2021,https://openaccess.thecvf.com/content/ICCV2021/html/Yang_Crossover_Learning_for_Fast_Online_Video_Instance_Segmentation_ICCV_2021_paper.html
ICCV-2021-P0601,Multiview Pseudo-Labeling for Semi-Supervised Learning From Video,ICCV-2021-A002956|ICCV-2021-A002957|ICCV-2021-A002958|ICCV-2021-A002959,ICCV,2021,https://openaccess.thecvf.com/content/ICCV2021/html/Xiong_Multiview_Pseudo-Labeling_for_Semi-Supervised_Learning_From_Video_ICCV_2021_paper.html
ICCV-2021-P0602,SketchLattice: Latticed Representation for Sketch Manipulation,ICCV-2021-A002960|ICCV-2021-A002961|ICCV-2021-A002962|ICCV-2021-A002963|ICCV-2021-A002964,ICCV,2021,https://openaccess.thecvf.com/content/ICCV2021/html/Qi_SketchLattice_Latticed_Representation_for_Sketch_Manipulation_ICCV_2021_paper.html
ICCV-2021-P0603,End-to-End Trainable Trident Person Search Network Using Adaptive Gradient Propagation,ICCV-2021-A002965|ICCV-2021-A002966|ICCV-2021-A002967,ICCV,2021,https://openaccess.thecvf.com/content/ICCV2021/html/Han_End-to-End_Trainable_Trident_Person_Search_Network_Using_Adaptive_Gradient_Propagation_ICCV_2021_paper.html
ICCV-2021-P0604,Polarimetric Helmholtz Stereopsis,ICCV-2021-A002968|ICCV-2021-A002969|ICCV-2021-A002970|ICCV-2021-A002971|ICCV-2021-A002972,ICCV,2021,https://openaccess.thecvf.com/content/ICCV2021/html/Ding_Polarimetric_Helmholtz_Stereopsis_ICCV_2021_paper.html
ICCV-2021-P0605,Self-Mutating Network for Domain Adaptive Segmentation in Aerial Images,ICCV-2021-A002973|ICCV-2021-A002974|ICCV-2021-A002975,ICCV,2021,https://openaccess.thecvf.com/content/ICCV2021/html/Lee_Self-Mutating_Network_for_Domain_Adaptive_Segmentation_in_Aerial_Images_ICCV_2021_paper.html
ICCV-2021-P0606,Baking Neural Radiance Fields for Real-Time View Synthesis,ICCV-2021-A002976|ICCV-2021-A002977|ICCV-2021-A002978|ICCV-2021-A002979|ICCV-2021-A002980,ICCV,2021,https://openaccess.thecvf.com/content/ICCV2021/html/Hedman_Baking_Neural_Radiance_Fields_for_Real-Time_View_Synthesis_ICCV_2021_paper.html
ICCV-2021-P0607,Parallel Rectangle Flip Attack: A Query-Based Black-Box Attack Against Object Detection,ICCV-2021-A002981|ICCV-2021-A002982|ICCV-2021-A002983|ICCV-2021-A002984|ICCV-2021-A002985,ICCV,2021,https://openaccess.thecvf.com/content/ICCV2021/html/Liang_Parallel_Rectangle_Flip_Attack_A_Query-Based_Black-Box_Attack_Against_Object_ICCV_2021_paper.html
ICCV-2021-P0608,A Light Stage on Every Desk,ICCV-2021-A002986|ICCV-2021-A002987|ICCV-2021-A002988|ICCV-2021-A002989,ICCV,2021,https://openaccess.thecvf.com/content/ICCV2021/html/Sengupta_A_Light_Stage_on_Every_Desk_ICCV_2021_paper.html
ICCV-2021-P0609,Multi-Level Curriculum for Training a Distortion-Aware Barrel Distortion Rectification Model,ICCV-2021-A002990|ICCV-2021-A002991|ICCV-2021-A002992|ICCV-2021-A002993|ICCV-2021-A002994,ICCV,2021,https://openaccess.thecvf.com/content/ICCV2021/html/Liao_Multi-Level_Curriculum_for_Training_a_Distortion-Aware_Barrel_Distortion_Rectification_Model_ICCV_2021_paper.html
ICCV-2021-P0610,DepthInSpace: Exploitation and Fusion of Multiple Video Frames for Structured-Light Depth Estimation,ICCV-2021-A002995|ICCV-2021-A002996|ICCV-2021-A002997,ICCV,2021,https://openaccess.thecvf.com/content/ICCV2021/html/Johari_DepthInSpace_Exploitation_and_Fusion_of_Multiple_Video_Frames_for_Structured-Light_ICCV_2021_paper.html
ICCV-2021-P0611,Learning Dynamic Interpolation for Extremely Sparse Light Fields With Wide Baselines,ICCV-2021-A002998|ICCV-2021-A002999|ICCV-2021-A003000|ICCV-2021-A003001,ICCV,2021,https://openaccess.thecvf.com/content/ICCV2021/html/Guo_Learning_Dynamic_Interpolation_for_Extremely_Sparse_Light_Fields_With_Wide_ICCV_2021_paper.html
ICCV-2021-P0612,Ultra-High-Definition Image HDR Reconstruction via Collaborative Bilateral Learning,ICCV-2021-A003002|ICCV-2021-A003003|ICCV-2021-A003004|ICCV-2021-A003005|ICCV-2021-A003006,ICCV,2021,https://openaccess.thecvf.com/content/ICCV2021/html/Zheng_Ultra-High-Definition_Image_HDR_Reconstruction_via_Collaborative_Bilateral_Learning_ICCV_2021_paper.html
ICCV-2021-P0613,Visual Relationship Detection Using Part-and-Sum Transformers With Composite Queries,ICCV-2021-A003007|ICCV-2021-A003008|ICCV-2021-A003009|ICCV-2021-A003010|ICCV-2021-A003011|ICCV-2021-A003012,ICCV,2021,https://openaccess.thecvf.com/content/ICCV2021/html/Dong_Visual_Relationship_Detection_Using_Part-and-Sum_Transformers_With_Composite_Queries_ICCV_2021_paper.html
ICCV-2021-P0614,Learning To Diversify for Single Domain Generalization,ICCV-2021-A003013|ICCV-2021-A003014|ICCV-2021-A003015|ICCV-2021-A003016|ICCV-2021-A003017,ICCV,2021,https://openaccess.thecvf.com/content/ICCV2021/html/Wang_Learning_To_Diversify_for_Single_Domain_Generalization_ICCV_2021_paper.html
ICCV-2021-P0615,Sensor-Guided Optical Flow,ICCV-2021-A003018|ICCV-2021-A003019|ICCV-2021-A003020,ICCV,2021,https://openaccess.thecvf.com/content/ICCV2021/html/Poggi_Sensor-Guided_Optical_Flow_ICCV_2021_paper.html
ICCV-2021-P0616,Wasserstein Coupled Graph Learning for Cross-Modal Retrieval,ICCV-2021-A003021|ICCV-2021-A003022|ICCV-2021-A003023|ICCV-2021-A003024|ICCV-2021-A003025|ICCV-2021-A003026|ICCV-2021-A003027|ICCV-2021-A003028,ICCV,2021,https://openaccess.thecvf.com/content/ICCV2021/html/Wang_Wasserstein_Coupled_Graph_Learning_for_Cross-Modal_Retrieval_ICCV_2021_paper.html
ICCV-2021-P0617,ADNet: Leveraging Error-Bias Towards Normal Direction in Face Alignment,ICCV-2021-A003029|ICCV-2021-A003030|ICCV-2021-A003031|ICCV-2021-A003032|ICCV-2021-A003033,ICCV,2021,https://openaccess.thecvf.com/content/ICCV2021/html/Huang_ADNet_Leveraging_Error-Bias_Towards_Normal_Direction_in_Face_Alignment_ICCV_2021_paper.html
ICCV-2021-P0618,Pixel-Perfect Structure-From-Motion With Featuremetric Refinement,ICCV-2021-A003034|ICCV-2021-A003035|ICCV-2021-A003036|ICCV-2021-A003037,ICCV,2021,https://openaccess.thecvf.com/content/ICCV2021/html/Lindenberger_Pixel-Perfect_Structure-From-Motion_With_Featuremetric_Refinement_ICCV_2021_paper.html
ICCV-2021-P0619,Distance-Aware Quantization,ICCV-2021-A003038|ICCV-2021-A003039|ICCV-2021-A003040,ICCV,2021,https://openaccess.thecvf.com/content/ICCV2021/html/Kim_Distance-Aware_Quantization_ICCV_2021_paper.html
ICCV-2021-P0620,Shape-Biased Domain Generalization via Shock Graph Embeddings,ICCV-2021-A003041|ICCV-2021-A003042|ICCV-2021-A003043,ICCV,2021,https://openaccess.thecvf.com/content/ICCV2021/html/Narayanan_Shape-Biased_Domain_Generalization_via_Shock_Graph_Embeddings_ICCV_2021_paper.html
ICCV-2021-P0621,Learning To Cut by Watching Movies,ICCV-2021-A003044|ICCV-2021-A003045|ICCV-2021-A003046|ICCV-2021-A003047|ICCV-2021-A003048,ICCV,2021,https://openaccess.thecvf.com/content/ICCV2021/html/Pardo_Learning_To_Cut_by_Watching_Movies_ICCV_2021_paper.html
ICCV-2021-P0622,Generic Event Boundary Detection: A Benchmark for Event Segmentation,ICCV-2021-A003049|ICCV-2021-A003050|ICCV-2021-A003051|ICCV-2021-A003052|ICCV-2021-A003053,ICCV,2021,https://openaccess.thecvf.com/content/ICCV2021/html/Shou_Generic_Event_Boundary_Detection_A_Benchmark_for_Event_Segmentation_ICCV_2021_paper.html
ICCV-2021-P0623,How Shift Equivariance Impacts Metric Learning for Instance Segmentation,ICCV-2021-A003054|ICCV-2021-A003055|ICCV-2021-A003056|ICCV-2021-A003057|ICCV-2021-A003058|ICCV-2021-A003059|ICCV-2021-A003060|ICCV-2021-A003061|ICCV-2021-A003062,ICCV,2021,https://openaccess.thecvf.com/content/ICCV2021/html/Rumberger_How_Shift_Equivariance_Impacts_Metric_Learning_for_Instance_Segmentation_ICCV_2021_paper.html
ICCV-2021-P0624,Calibrated Adversarial Refinement for Stochastic Semantic Segmentation,ICCV-2021-A003063|ICCV-2021-A003064|ICCV-2021-A003065|ICCV-2021-A003066,ICCV,2021,https://openaccess.thecvf.com/content/ICCV2021/html/Kassapis_Calibrated_Adversarial_Refinement_for_Stochastic_Semantic_Segmentation_ICCV_2021_paper.html
ICCV-2021-P0625,Fooling LiDAR Perception via Adversarial Trajectory Perturbation,ICCV-2021-A003067|ICCV-2021-A003068|ICCV-2021-A003069|ICCV-2021-A003070,ICCV,2021,https://openaccess.thecvf.com/content/ICCV2021/html/Li_Fooling_LiDAR_Perception_via_Adversarial_Trajectory_Perturbation_ICCV_2021_paper.html
ICCV-2021-P0626,Extreme Structure From Motion for Indoor Panoramas Without Visual Overlaps,ICCV-2021-A003071|ICCV-2021-A003072|ICCV-2021-A003073|ICCV-2021-A003074|ICCV-2021-A003075,ICCV,2021,https://openaccess.thecvf.com/content/ICCV2021/html/Shabani_Extreme_Structure_From_Motion_for_Indoor_Panoramas_Without_Visual_Overlaps_ICCV_2021_paper.html
ICCV-2021-P0627,Dynamic Context-Sensitive Filtering Network for Video Salient Object Detection,ICCV-2021-A003076|ICCV-2021-A003077|ICCV-2021-A003078|ICCV-2021-A003079|ICCV-2021-A003080|ICCV-2021-A003081|ICCV-2021-A003082|ICCV-2021-A003083|ICCV-2021-A003084,ICCV,2021,https://openaccess.thecvf.com/content/ICCV2021/html/Zhang_Dynamic_Context-Sensitive_Filtering_Network_for_Video_Salient_Object_Detection_ICCV_2021_paper.html
ICCV-2021-P0628,Fake It Till You Make It: Face Analysis in the Wild Using Synthetic Data Alone,ICCV-2021-A003085|ICCV-2021-A003086|ICCV-2021-A003087|ICCV-2021-A003088|ICCV-2021-A003089|ICCV-2021-A003090,ICCV,2021,https://openaccess.thecvf.com/content/ICCV2021/html/Wood_Fake_It_Till_You_Make_It_Face_Analysis_in_the_ICCV_2021_paper.html
ICCV-2021-P0629,Predictive Feature Learning for Future Segmentation Prediction,ICCV-2021-A003091|ICCV-2021-A003092|ICCV-2021-A003093|ICCV-2021-A003094|ICCV-2021-A003095|ICCV-2021-A003096,ICCV,2021,https://openaccess.thecvf.com/content/ICCV2021/html/Lin_Predictive_Feature_Learning_for_Future_Segmentation_Prediction_ICCV_2021_paper.html
ICCV-2021-P0630,Semantic Aware Data Augmentation for Cell Nuclei Microscopical Images With Artificial Neural Networks,ICCV-2021-A003097|ICCV-2021-A003098|ICCV-2021-A003099|ICCV-2021-A003100|ICCV-2021-A003101,ICCV,2021,https://openaccess.thecvf.com/content/ICCV2021/html/Naghizadeh_Semantic_Aware_Data_Augmentation_for_Cell_Nuclei_Microscopical_Images_With_ICCV_2021_paper.html
ICCV-2021-P0631,NerfingMVS: Guided Optimization of Neural Radiance Fields for Indoor Multi-View Stereo,ICCV-2021-A003102|ICCV-2021-A003103|ICCV-2021-A003104|ICCV-2021-A003105|ICCV-2021-A003106|ICCV-2021-A003107,ICCV,2021,https://openaccess.thecvf.com/content/ICCV2021/html/Wei_NerfingMVS_Guided_Optimization_of_Neural_Radiance_Fields_for_Indoor_Multi-View_ICCV_2021_paper.html
ICCV-2021-P0632,When Pigs Fly: Contextual Reasoning in Synthetic and Natural Scenes,ICCV-2021-A003108|ICCV-2021-A003109|ICCV-2021-A003110|ICCV-2021-A003111|ICCV-2021-A003112|ICCV-2021-A003113,ICCV,2021,https://openaccess.thecvf.com/content/ICCV2021/html/Bomatter_When_Pigs_Fly_Contextual_Reasoning_in_Synthetic_and_Natural_Scenes_ICCV_2021_paper.html
ICCV-2021-P0633,You Don't Only Look Once: Constructing Spatial-Temporal Memory for Integrated 3D Object Detection and Tracking,ICCV-2021-A003114|ICCV-2021-A003115|ICCV-2021-A003116|ICCV-2021-A003117|ICCV-2021-A003118|ICCV-2021-A003119|ICCV-2021-A003120,ICCV,2021,https://openaccess.thecvf.com/content/ICCV2021/html/Sun_You_Dont_Only_Look_Once_Constructing_Spatial-Temporal_Memory_for_Integrated_ICCV_2021_paper.html
ICCV-2021-P0634,SPatchGAN: A Statistical Feature Based Discriminator for Unsupervised Image-to-Image Translation,ICCV-2021-A003121|ICCV-2021-A003122,ICCV,2021,https://openaccess.thecvf.com/content/ICCV2021/html/Shao_SPatchGAN_A_Statistical_Feature_Based_Discriminator_for_Unsupervised_Image-to-Image_Translation_ICCV_2021_paper.html
ICCV-2021-P0635,Sub-Bit Neural Networks: Learning To Compress and Accelerate Binary Neural Networks,ICCV-2021-A003123|ICCV-2021-A003124|ICCV-2021-A003125|ICCV-2021-A003126,ICCV,2021,https://openaccess.thecvf.com/content/ICCV2021/html/Wang_Sub-Bit_Neural_Networks_Learning_To_Compress_and_Accelerate_Binary_Neural_ICCV_2021_paper.html
ICCV-2021-P0636,CODEs: Chamfer Out-of-Distribution Examples Against Overconfidence Issue,ICCV-2021-A003127|ICCV-2021-A003128|ICCV-2021-A003129|ICCV-2021-A003130|ICCV-2021-A003131|ICCV-2021-A003132|ICCV-2021-A003133|ICCV-2021-A003134,ICCV,2021,https://openaccess.thecvf.com/content/ICCV2021/html/Tang_CODEs_Chamfer_Out-of-Distribution_Examples_Against_Overconfidence_Issue_ICCV_2021_paper.html
ICCV-2021-P0637,LayoutTransformer: Layout Generation and Completion With Self-Attention,ICCV-2021-A003135|ICCV-2021-A003136|ICCV-2021-A003137|ICCV-2021-A003138|ICCV-2021-A003139|ICCV-2021-A003140,ICCV,2021,https://openaccess.thecvf.com/content/ICCV2021/html/Gupta_LayoutTransformer_Layout_Generation_and_Completion_With_Self-Attention_ICCV_2021_paper.html
ICCV-2021-P0638,Physics-Enhanced Machine Learning for Virtual Fluorescence Microscopy,ICCV-2021-A003141|ICCV-2021-A003142|ICCV-2021-A003143|ICCV-2021-A003144|ICCV-2021-A003145|ICCV-2021-A003146|ICCV-2021-A003147|ICCV-2021-A003148|ICCV-2021-A003149|ICCV-2021-A003150,ICCV,2021,https://openaccess.thecvf.com/content/ICCV2021/html/Cooke_Physics-Enhanced_Machine_Learning_for_Virtual_Fluorescence_Microscopy_ICCV_2021_paper.html
ICCV-2021-P0639,Dynamic Attentive Graph Learning for Image Restoration,ICCV-2021-A003151|ICCV-2021-A003152|ICCV-2021-A003153,ICCV,2021,https://openaccess.thecvf.com/content/ICCV2021/html/Mou_Dynamic_Attentive_Graph_Learning_for_Image_Restoration_ICCV_2021_paper.html
ICCV-2021-P0640,Exploring Geometry-Aware Contrast and Clustering Harmonization for Self-Supervised 3D Object Detection,ICCV-2021-A003154|ICCV-2021-A003155|ICCV-2021-A003156|ICCV-2021-A003157|ICCV-2021-A003158|ICCV-2021-A003159|ICCV-2021-A003160|ICCV-2021-A003161|ICCV-2021-A003162,ICCV,2021,https://openaccess.thecvf.com/content/ICCV2021/html/Liang_Exploring_Geometry-Aware_Contrast_and_Clustering_Harmonization_for_Self-Supervised_3D_Object_ICCV_2021_paper.html
ICCV-2021-P0641,Learning Meta-Class Memory for Few-Shot Semantic Segmentation,ICCV-2021-A003163|ICCV-2021-A003164|ICCV-2021-A003165|ICCV-2021-A003166,ICCV,2021,https://openaccess.thecvf.com/content/ICCV2021/html/Wu_Learning_Meta-Class_Memory_for_Few-Shot_Semantic_Segmentation_ICCV_2021_paper.html
ICCV-2021-P0642,Semi-Supervised Active Learning With Temporal Output Discrepancy,ICCV-2021-A003167|ICCV-2021-A003168|ICCV-2021-A003169|ICCV-2021-A003170|ICCV-2021-A003171,ICCV,2021,https://openaccess.thecvf.com/content/ICCV2021/html/Huang_Semi-Supervised_Active_Learning_With_Temporal_Output_Discrepancy_ICCV_2021_paper.html
ICCV-2021-P0643,Large-Scale Robust Deep AUC Maximization: A New Surrogate Loss and Empirical Studies on Medical Image Classification,ICCV-2021-A003172|ICCV-2021-A003173|ICCV-2021-A003174|ICCV-2021-A003175,ICCV,2021,https://openaccess.thecvf.com/content/ICCV2021/html/Yuan_Large-Scale_Robust_Deep_AUC_Maximization_A_New_Surrogate_Loss_and_ICCV_2021_paper.html
ICCV-2021-P0644,Ground-Truth or DAER: Selective Re-Query of Secondary Information,ICCV-2021-A003176|ICCV-2021-A003177,ICCV,2021,https://openaccess.thecvf.com/content/ICCV2021/html/Lemmer_Ground-Truth_or_DAER_Selective_Re-Query_of_Secondary_Information_ICCV_2021_paper.html
ICCV-2021-P0645,End-to-End Dense Video Captioning With Parallel Decoding,ICCV-2021-A003178|ICCV-2021-A003179|ICCV-2021-A003180|ICCV-2021-A003181|ICCV-2021-A003182|ICCV-2021-A003183,ICCV,2021,https://openaccess.thecvf.com/content/ICCV2021/html/Wang_End-to-End_Dense_Video_Captioning_With_Parallel_Decoding_ICCV_2021_paper.html
ICCV-2021-P0646,StarEnhancer: Learning Real-Time and Style-Aware Image Enhancement,ICCV-2021-A003184|ICCV-2021-A003185|ICCV-2021-A003186,ICCV,2021,https://openaccess.thecvf.com/content/ICCV2021/html/Song_StarEnhancer_Learning_Real-Time_and_Style-Aware_Image_Enhancement_ICCV_2021_paper.html
ICCV-2021-P0647,Can Shape Structure Features Improve Model Robustness Under Diverse Adversarial Settings?,ICCV-2021-A003187|ICCV-2021-A003188|ICCV-2021-A003189|ICCV-2021-A003190|ICCV-2021-A003191|ICCV-2021-A003192|ICCV-2021-A003193,ICCV,2021,https://openaccess.thecvf.com/content/ICCV2021/html/Sun_Can_Shape_Structure_Features_Improve_Model_Robustness_Under_Diverse_Adversarial_ICCV_2021_paper.html
ICCV-2021-P0648,Multi-Class Cell Detection Using Spatial Context Representation,ICCV-2021-A003194|ICCV-2021-A003195|ICCV-2021-A003196|ICCV-2021-A003197|ICCV-2021-A003198|ICCV-2021-A003199|ICCV-2021-A003200|ICCV-2021-A003201|ICCV-2021-A003202|ICCV-2021-A003203,ICCV,2021,https://openaccess.thecvf.com/content/ICCV2021/html/Abousamra_Multi-Class_Cell_Detection_Using_Spatial_Context_Representation_ICCV_2021_paper.html
ICCV-2021-P0649,Localize to Binauralize: Audio Spatialization From Visual Sound Source Localization,ICCV-2021-A003204|ICCV-2021-A003205|ICCV-2021-A003206|ICCV-2021-A003207,ICCV,2021,https://openaccess.thecvf.com/content/ICCV2021/html/Rachavarapu_Localize_to_Binauralize_Audio_Spatialization_From_Visual_Sound_Source_Localization_ICCV_2021_paper.html
ICCV-2021-P0650,ALL Snow Removed: Single Image Desnowing Algorithm Using Hierarchical Dual-Tree Complex Wavelet Representation and Contradict Channel Loss,ICCV-2021-A003208|ICCV-2021-A003209|ICCV-2021-A003210|ICCV-2021-A003211|ICCV-2021-A003212|ICCV-2021-A003213|ICCV-2021-A003214,ICCV,2021,https://openaccess.thecvf.com/content/ICCV2021/html/Chen_ALL_Snow_Removed_Single_Image_Desnowing_Algorithm_Using_Hierarchical_Dual-Tree_ICCV_2021_paper.html
ICCV-2021-P0651,Grafit: Learning Fine-Grained Image Representations With Coarse Labels,ICCV-2021-A003215|ICCV-2021-A003216|ICCV-2021-A003217|ICCV-2021-A003218|ICCV-2021-A003219,ICCV,2021,https://openaccess.thecvf.com/content/ICCV2021/html/Touvron_Grafit_Learning_Fine-Grained_Image_Representations_With_Coarse_Labels_ICCV_2021_paper.html
ICCV-2021-P0652,Equivariant Imaging: Learning Beyond the Range Space,ICCV-2021-A003220|ICCV-2021-A003221|ICCV-2021-A003222,ICCV,2021,https://openaccess.thecvf.com/content/ICCV2021/html/Chen_Equivariant_Imaging_Learning_Beyond_the_Range_Space_ICCV_2021_paper.html
ICCV-2021-P0653,Mitigating Intensity Bias in Shadow Detection via Feature Decomposition and Reweighting,ICCV-2021-A003223|ICCV-2021-A003224|ICCV-2021-A003225|ICCV-2021-A003226,ICCV,2021,https://openaccess.thecvf.com/content/ICCV2021/html/Zhu_Mitigating_Intensity_Bias_in_Shadow_Detection_via_Feature_Decomposition_and_ICCV_2021_paper.html
ICCV-2021-P0654,Joint Representation Learning and Novel Category Discovery on Single- and Multi-Modal Data,ICCV-2021-A003227|ICCV-2021-A003228|ICCV-2021-A003229|ICCV-2021-A003230,ICCV,2021,https://openaccess.thecvf.com/content/ICCV2021/html/Jia_Joint_Representation_Learning_and_Novel_Category_Discovery_on_Single-_and_ICCV_2021_paper.html
ICCV-2021-P0655,CANet: A Context-Aware Network for Shadow Removal,ICCV-2021-A003231|ICCV-2021-A003232|ICCV-2021-A003233|ICCV-2021-A003234,ICCV,2021,https://openaccess.thecvf.com/content/ICCV2021/html/Chen_CANet_A_Context-Aware_Network_for_Shadow_Removal_ICCV_2021_paper.html
ICCV-2021-P0656,Semantic Perturbations With Normalizing Flows for Improved Generalization,ICCV-2021-A003235|ICCV-2021-A003236|ICCV-2021-A003237|ICCV-2021-A003238,ICCV,2021,https://openaccess.thecvf.com/content/ICCV2021/html/Yuksel_Semantic_Perturbations_With_Normalizing_Flows_for_Improved_Generalization_ICCV_2021_paper.html
ICCV-2021-P0657,Audio-Visual Floorplan Reconstruction,ICCV-2021-A003239|ICCV-2021-A003240|ICCV-2021-A003241|ICCV-2021-A003242|ICCV-2021-A003243|ICCV-2021-A003244|ICCV-2021-A003245,ICCV,2021,https://openaccess.thecvf.com/content/ICCV2021/html/Purushwalkam_Audio-Visual_Floorplan_Reconstruction_ICCV_2021_paper.html
ICCV-2021-P0658,TOOD: Task-Aligned One-Stage Object Detection,ICCV-2021-A003246|ICCV-2021-A003247|ICCV-2021-A003248|ICCV-2021-A003249|ICCV-2021-A003250,ICCV,2021,https://openaccess.thecvf.com/content/ICCV2021/html/Feng_TOOD_Task-Aligned_One-Stage_Object_Detection_ICCV_2021_paper.html
ICCV-2021-P0659,Generalizable Mixed-Precision Quantization via Attribution Rank Preservation,ICCV-2021-A003251|ICCV-2021-A003252|ICCV-2021-A003253|ICCV-2021-A003254,ICCV,2021,https://openaccess.thecvf.com/content/ICCV2021/html/Wang_Generalizable_Mixed-Precision_Quantization_via_Attribution_Rank_Preservation_ICCV_2021_paper.html
ICCV-2021-P0660,Towards Robustness of Deep Neural Networks via Regularization,ICCV-2021-A003255|ICCV-2021-A003256|ICCV-2021-A003257|ICCV-2021-A003258|ICCV-2021-A003259|ICCV-2021-A003260|ICCV-2021-A003261,ICCV,2021,https://openaccess.thecvf.com/content/ICCV2021/html/Li_Towards_Robustness_of_Deep_Neural_Networks_via_Regularization_ICCV_2021_paper.html
ICCV-2021-P0661,IntraTomo: Self-Supervised Learning-Based Tomography via Sinogram Synthesis and Prediction,ICCV-2021-A003262|ICCV-2021-A003263|ICCV-2021-A003264|ICCV-2021-A003265|ICCV-2021-A003266,ICCV,2021,https://openaccess.thecvf.com/content/ICCV2021/html/Zang_IntraTomo_Self-Supervised_Learning-Based_Tomography_via_Sinogram_Synthesis_and_Prediction_ICCV_2021_paper.html
ICCV-2021-P0662,Differentiable Surface Rendering via Non-Differentiable Sampling,ICCV-2021-A003267|ICCV-2021-A003268|ICCV-2021-A003269|ICCV-2021-A003270|ICCV-2021-A003271,ICCV,2021,https://openaccess.thecvf.com/content/ICCV2021/html/Cole_Differentiable_Surface_Rendering_via_Non-Differentiable_Sampling_ICCV_2021_paper.html
ICCV-2021-P0663,Distillation-Guided Image Inpainting,ICCV-2021-A003272|ICCV-2021-A003273|ICCV-2021-A003274,ICCV,2021,https://openaccess.thecvf.com/content/ICCV2021/html/Suin_Distillation-Guided_Image_Inpainting_ICCV_2021_paper.html
ICCV-2021-P0664,Real-Time Instance Segmentation With Discriminative Orientation Maps,ICCV-2021-A003275|ICCV-2021-A003276|ICCV-2021-A003277|ICCV-2021-A003278|ICCV-2021-A003279|ICCV-2021-A003280,ICCV,2021,https://openaccess.thecvf.com/content/ICCV2021/html/Du_Real-Time_Instance_Segmentation_With_Discriminative_Orientation_Maps_ICCV_2021_paper.html
ICCV-2021-P0665,Segmenter: Transformer for Semantic Segmentation,ICCV-2021-A003281|ICCV-2021-A003282|ICCV-2021-A003283|ICCV-2021-A003284,ICCV,2021,https://openaccess.thecvf.com/content/ICCV2021/html/Strudel_Segmenter_Transformer_for_Semantic_Segmentation_ICCV_2021_paper.html
ICCV-2021-P0666,IDARTS: Interactive Differentiable Architecture Search,ICCV-2021-A003285|ICCV-2021-A003286|ICCV-2021-A003287|ICCV-2021-A003288|ICCV-2021-A003289|ICCV-2021-A003290,ICCV,2021,https://openaccess.thecvf.com/content/ICCV2021/html/Xue_IDARTS_Interactive_Differentiable_Architecture_Search_ICCV_2021_paper.html
ICCV-2021-P0667,AutoSpace: Neural Architecture Search With Less Human Interference,ICCV-2021-A003291|ICCV-2021-A003292|ICCV-2021-A003293|ICCV-2021-A003294|ICCV-2021-A003295|ICCV-2021-A003296|ICCV-2021-A003297,ICCV,2021,https://openaccess.thecvf.com/content/ICCV2021/html/Zhou_AutoSpace_Neural_Architecture_Search_With_Less_Human_Interference_ICCV_2021_paper.html
ICCV-2021-P0668,Evolving Search Space for Neural Architecture Search,ICCV-2021-A003298|ICCV-2021-A003299|ICCV-2021-A003300|ICCV-2021-A003301|ICCV-2021-A003302|ICCV-2021-A003303,ICCV,2021,https://openaccess.thecvf.com/content/ICCV2021/html/Ci_Evolving_Search_Space_for_Neural_Architecture_Search_ICCV_2021_paper.html
ICCV-2021-P0669,Tripartite Information Mining and Integration for Image Matting,ICCV-2021-A003304|ICCV-2021-A003305|ICCV-2021-A003306|ICCV-2021-A003307|ICCV-2021-A003308|ICCV-2021-A003309|ICCV-2021-A003310,ICCV,2021,https://openaccess.thecvf.com/content/ICCV2021/html/Liu_Tripartite_Information_Mining_and_Integration_for_Image_Matting_ICCV_2021_paper.html
ICCV-2021-P0670,Stochastic Partial Swap: Enhanced Model Generalization and Interpretability for Fine-Grained Recognition,ICCV-2021-A003311|ICCV-2021-A003312|ICCV-2021-A003313,ICCV,2021,https://openaccess.thecvf.com/content/ICCV2021/html/Huang_Stochastic_Partial_Swap_Enhanced_Model_Generalization_and_Interpretability_for_Fine-Grained_ICCV_2021_paper.html
ICCV-2021-P0671,BEV-Net: Assessing Social Distancing Compliance by Joint People Localization and Geometric Reasoning,ICCV-2021-A003314|ICCV-2021-A003315|ICCV-2021-A003316|ICCV-2021-A003317|ICCV-2021-A003318|ICCV-2021-A003319,ICCV,2021,https://openaccess.thecvf.com/content/ICCV2021/html/Dai_BEV-Net_Assessing_Social_Distancing_Compliance_by_Joint_People_Localization_and_ICCV_2021_paper.html
ICCV-2021-P0672,Pyramid Architecture Search for Real-Time Image Deblurring,ICCV-2021-A003320|ICCV-2021-A003321|ICCV-2021-A003322|ICCV-2021-A003323|ICCV-2021-A003324|ICCV-2021-A003325|ICCV-2021-A003326,ICCV,2021,https://openaccess.thecvf.com/content/ICCV2021/html/Hu_Pyramid_Architecture_Search_for_Real-Time_Image_Deblurring_ICCV_2021_paper.html
ICCV-2021-P0673,Objects As Cameras: Estimating High-Frequency Illumination From Shadows,ICCV-2021-A003327|ICCV-2021-A003328|ICCV-2021-A003329,ICCV,2021,https://openaccess.thecvf.com/content/ICCV2021/html/Swedish_Objects_As_Cameras_Estimating_High-Frequency_Illumination_From_Shadows_ICCV_2021_paper.html
ICCV-2021-P0674,Dynamical Pose Estimation,ICCV-2021-A003330|ICCV-2021-A003331|ICCV-2021-A003332,ICCV,2021,https://openaccess.thecvf.com/content/ICCV2021/html/Yang_Dynamical_Pose_Estimation_ICCV_2021_paper.html
ICCV-2021-P0675,Learning Fast Sample Re-Weighting Without Reward Data,ICCV-2021-A003333|ICCV-2021-A003334,ICCV,2021,https://openaccess.thecvf.com/content/ICCV2021/html/Zhang_Learning_Fast_Sample_Re-Weighting_Without_Reward_Data_ICCV_2021_paper.html
ICCV-2021-P0676,C3-SemiSeg: Contrastive Semi-Supervised Segmentation via Cross-Set Learning and Dynamic Class-Balancing,ICCV-2021-A003335|ICCV-2021-A003336|ICCV-2021-A003337|ICCV-2021-A003338|ICCV-2021-A003339,ICCV,2021,https://openaccess.thecvf.com/content/ICCV2021/html/Zhou_C3-SemiSeg_Contrastive_Semi-Supervised_Segmentation_via_Cross-Set_Learning_and_Dynamic_Class-Balancing_ICCV_2021_paper.html
ICCV-2021-P0677,COOKIE: Contrastive Cross-Modal Knowledge Sharing Pre-Training for Vision-Language Representation,ICCV-2021-A003340|ICCV-2021-A003341|ICCV-2021-A003342|ICCV-2021-A003343|ICCV-2021-A003344|ICCV-2021-A003345,ICCV,2021,https://openaccess.thecvf.com/content/ICCV2021/html/Wen_COOKIE_Contrastive_Cross-Modal_Knowledge_Sharing_Pre-Training_for_Vision-Language_Representation_ICCV_2021_paper.html
ICCV-2021-P0678,Radial Distortion Invariant Factorization for Structure From Motion,ICCV-2021-A003346|ICCV-2021-A003347,ICCV,2021,https://openaccess.thecvf.com/content/ICCV2021/html/Iglesias_Radial_Distortion_Invariant_Factorization_for_Structure_From_Motion_ICCV_2021_paper.html
ICCV-2021-P0679,Learning Privacy-Preserving Optics for Human Pose Estimation,ICCV-2021-A003348|ICCV-2021-A003349|ICCV-2021-A003350,ICCV,2021,https://openaccess.thecvf.com/content/ICCV2021/html/Hinojosa_Learning_Privacy-Preserving_Optics_for_Human_Pose_Estimation_ICCV_2021_paper.html
ICCV-2021-P0680,EPP-MVSNet: Epipolar-Assembling Based Depth Prediction for Multi-View Stereo,ICCV-2021-A003351|ICCV-2021-A003352|ICCV-2021-A003353|ICCV-2021-A003354|ICCV-2021-A003355|ICCV-2021-A003356,ICCV,2021,https://openaccess.thecvf.com/content/ICCV2021/html/Ma_EPP-MVSNet_Epipolar-Assembling_Based_Depth_Prediction_for_Multi-View_Stereo_ICCV_2021_paper.html
ICCV-2021-P0681,Transforms Based Tensor Robust PCA: Corrupted Low-Rank Tensors Recovery via Convex Optimization,ICCV-2021-A003357,ICCV,2021,https://openaccess.thecvf.com/content/ICCV2021/html/Lu_Transforms_Based_Tensor_Robust_PCA_Corrupted_Low-Rank_Tensors_Recovery_via_ICCV_2021_paper.html
ICCV-2021-P0682,Mip-NeRF: A Multiscale Representation for Anti-Aliasing Neural Radiance Fields,ICCV-2021-A003358|ICCV-2021-A003359|ICCV-2021-A003360|ICCV-2021-A003361|ICCV-2021-A003362|ICCV-2021-A003363,ICCV,2021,https://openaccess.thecvf.com/content/ICCV2021/html/Barron_Mip-NeRF_A_Multiscale_Representation_for_Anti-Aliasing_Neural_Radiance_Fields_ICCV_2021_paper.html
ICCV-2021-P0683,Uniformity in Heterogeneity: Diving Deep Into Count Interval Partition for Crowd Counting,ICCV-2021-A003364|ICCV-2021-A003365|ICCV-2021-A003366|ICCV-2021-A003367|ICCV-2021-A003368|ICCV-2021-A003369|ICCV-2021-A003370|ICCV-2021-A003371|ICCV-2021-A003372|ICCV-2021-A003373,ICCV,2021,https://openaccess.thecvf.com/content/ICCV2021/html/Wang_Uniformity_in_Heterogeneity_Diving_Deep_Into_Count_Interval_Partition_for_ICCV_2021_paper.html
ICCV-2021-P0684,HDR Video Reconstruction: A Coarse-To-Fine Network and a Real-World Benchmark Dataset,ICCV-2021-A003374|ICCV-2021-A003375|ICCV-2021-A003376|ICCV-2021-A003377|ICCV-2021-A003378|ICCV-2021-A003379,ICCV,2021,https://openaccess.thecvf.com/content/ICCV2021/html/Chen_HDR_Video_Reconstruction_A_Coarse-To-Fine_Network_and_a_Real-World_Benchmark_ICCV_2021_paper.html
ICCV-2021-P0685,Self Supervision to Distillation for Long-Tailed Visual Recognition,ICCV-2021-A003380|ICCV-2021-A003381|ICCV-2021-A003382,ICCV,2021,https://openaccess.thecvf.com/content/ICCV2021/html/Li_Self_Supervision_to_Distillation_for_Long-Tailed_Visual_Recognition_ICCV_2021_paper.html
ICCV-2021-P0686,Uncertainty-Guided Transformer Reasoning for Camouflaged Object Detection,ICCV-2021-A003383|ICCV-2021-A003384|ICCV-2021-A003385|ICCV-2021-A003386|ICCV-2021-A003387|ICCV-2021-A003388|ICCV-2021-A003389,ICCV,2021,https://openaccess.thecvf.com/content/ICCV2021/html/Yang_Uncertainty-Guided_Transformer_Reasoning_for_Camouflaged_Object_Detection_ICCV_2021_paper.html
ICCV-2021-P0687,Synchronization of Group-Labelled Multi-Graphs,ICCV-2021-A003390|ICCV-2021-A003391|ICCV-2021-A003392|ICCV-2021-A003393|ICCV-2021-A003394,ICCV,2021,https://openaccess.thecvf.com/content/ICCV2021/html/Dal_Cin_Synchronization_of_Group-Labelled_Multi-Graphs_ICCV_2021_paper.html
ICCV-2021-P0688,UNISURF: Unifying Neural Implicit Surfaces and Radiance Fields for Multi-View Reconstruction,ICCV-2021-A003395|ICCV-2021-A003396|ICCV-2021-A003397,ICCV,2021,https://openaccess.thecvf.com/content/ICCV2021/html/Oechsle_UNISURF_Unifying_Neural_Implicit_Surfaces_and_Radiance_Fields_for_Multi-View_ICCV_2021_paper.html
ICCV-2021-P0689,Parsing Table Structures in the Wild,ICCV-2021-A003398|ICCV-2021-A003399|ICCV-2021-A003400|ICCV-2021-A003401|ICCV-2021-A003402|ICCV-2021-A003403|ICCV-2021-A003404,ICCV,2021,https://openaccess.thecvf.com/content/ICCV2021/html/Long_Parsing_Table_Structures_in_the_Wild_ICCV_2021_paper.html
ICCV-2021-P0690,Spatio-Temporal Representation Factorization for Video-Based Person Re-Identification,ICCV-2021-A003405|ICCV-2021-A003406|ICCV-2021-A003407|ICCV-2021-A003408|ICCV-2021-A003409|ICCV-2021-A003410,ICCV,2021,https://openaccess.thecvf.com/content/ICCV2021/html/Aich_Spatio-Temporal_Representation_Factorization_for_Video-Based_Person_Re-Identification_ICCV_2021_paper.html
ICCV-2021-P0691,CondLaneNet: A Top-To-Down Lane Detection Framework Based on Conditional Convolution,ICCV-2021-A003411|ICCV-2021-A003412|ICCV-2021-A003413|ICCV-2021-A003414,ICCV,2021,https://openaccess.thecvf.com/content/ICCV2021/html/Liu_CondLaneNet_A_Top-To-Down_Lane_Detection_Framework_Based_on_Conditional_Convolution_ICCV_2021_paper.html
ICCV-2021-P0692,Adversarial Attacks on Multi-Agent Communication,ICCV-2021-A003415|ICCV-2021-A003416|ICCV-2021-A003417|ICCV-2021-A003418|ICCV-2021-A003419|ICCV-2021-A003420,ICCV,2021,https://openaccess.thecvf.com/content/ICCV2021/html/Tu_Adversarial_Attacks_on_Multi-Agent_Communication_ICCV_2021_paper.html
ICCV-2021-P0693,Topologically Consistent Multi-View Face Inference Using Volumetric Sampling,ICCV-2021-A003421|ICCV-2021-A003422|ICCV-2021-A003423|ICCV-2021-A003424|ICCV-2021-A003425|ICCV-2021-A003426,ICCV,2021,https://openaccess.thecvf.com/content/ICCV2021/html/Li_Topologically_Consistent_Multi-View_Face_Inference_Using_Volumetric_Sampling_ICCV_2021_paper.html
ICCV-2021-P0694,Efficient Video Compression via Content-Adaptive Super-Resolution,ICCV-2021-A003427|ICCV-2021-A003428|ICCV-2021-A003429,ICCV,2021,https://openaccess.thecvf.com/content/ICCV2021/html/Khani_Efficient_Video_Compression_via_Content-Adaptive_Super-Resolution_ICCV_2021_paper.html
ICCV-2021-P0695,SaccadeCam: Adaptive Visual Attention for Monocular Depth Sensing,ICCV-2021-A003430|ICCV-2021-A003431,ICCV,2021,https://openaccess.thecvf.com/content/ICCV2021/html/Tilmon_SaccadeCam_Adaptive_Visual_Attention_for_Monocular_Depth_Sensing_ICCV_2021_paper.html
ICCV-2021-P0696,CrossNorm and SelfNorm for Generalization Under Distribution Shifts,ICCV-2021-A003432|ICCV-2021-A003433|ICCV-2021-A003434|ICCV-2021-A003435|ICCV-2021-A003436|ICCV-2021-A003437,ICCV,2021,https://openaccess.thecvf.com/content/ICCV2021/html/Tang_CrossNorm_and_SelfNorm_for_Generalization_Under_Distribution_Shifts_ICCV_2021_paper.html
ICCV-2021-P0697,Joint Visual and Audio Learning for Video Highlight Detection,ICCV-2021-A003438|ICCV-2021-A003439|ICCV-2021-A003440|ICCV-2021-A003441,ICCV,2021,https://openaccess.thecvf.com/content/ICCV2021/html/Badamdorj_Joint_Visual_and_Audio_Learning_for_Video_Highlight_Detection_ICCV_2021_paper.html
ICCV-2021-P0698,Shallow Bayesian Meta Learning for Real-World Few-Shot Recognition,ICCV-2021-A003442|ICCV-2021-A003443|ICCV-2021-A003444|ICCV-2021-A003445,ICCV,2021,https://openaccess.thecvf.com/content/ICCV2021/html/Zhang_Shallow_Bayesian_Meta_Learning_for_Real-World_Few-Shot_Recognition_ICCV_2021_paper.html
ICCV-2021-P0699,Learning Temporal Dynamics From Cycles in Narrated Video,ICCV-2021-A003446|ICCV-2021-A003447|ICCV-2021-A003448|ICCV-2021-A003449,ICCV,2021,https://openaccess.thecvf.com/content/ICCV2021/html/Epstein_Learning_Temporal_Dynamics_From_Cycles_in_Narrated_Video_ICCV_2021_paper.html
ICCV-2021-P0700,TransFER: Learning Relation-Aware Facial Expression Representations With Transformers,ICCV-2021-A003450|ICCV-2021-A003451|ICCV-2021-A003452,ICCV,2021,https://openaccess.thecvf.com/content/ICCV2021/html/Xue_TransFER_Learning_Relation-Aware_Facial_Expression_Representations_With_Transformers_ICCV_2021_paper.html
ICCV-2021-P0701,Manifold Matching via Deep Metric Learning for Generative Modeling,ICCV-2021-A003453|ICCV-2021-A003454,ICCV,2021,https://openaccess.thecvf.com/content/ICCV2021/html/Dai_Manifold_Matching_via_Deep_Metric_Learning_for_Generative_Modeling_ICCV_2021_paper.html
ICCV-2021-P0702,ProFlip: Targeted Trojan Attack With Progressive Bit Flips,ICCV-2021-A003455|ICCV-2021-A003456|ICCV-2021-A003457|ICCV-2021-A003458,ICCV,2021,https://openaccess.thecvf.com/content/ICCV2021/html/Chen_ProFlip_Targeted_Trojan_Attack_With_Progressive_Bit_Flips_ICCV_2021_paper.html
ICCV-2021-P0703,Cross-Category Video Highlight Detection via Set-Based Learning,ICCV-2021-A003459|ICCV-2021-A003460|ICCV-2021-A003461|ICCV-2021-A003462|ICCV-2021-A003463|ICCV-2021-A003464,ICCV,2021,https://openaccess.thecvf.com/content/ICCV2021/html/Xu_Cross-Category_Video_Highlight_Detection_via_Set-Based_Learning_ICCV_2021_paper.html
ICCV-2021-P0704,Attention Is Not Enough: Mitigating the Distribution Discrepancy in Asynchronous Multimodal Sequence Fusion,ICCV-2021-A003465|ICCV-2021-A003466|ICCV-2021-A003467|ICCV-2021-A003468|ICCV-2021-A003469,ICCV,2021,https://openaccess.thecvf.com/content/ICCV2021/html/Liang_Attention_Is_Not_Enough_Mitigating_the_Distribution_Discrepancy_in_Asynchronous_ICCV_2021_paper.html
ICCV-2021-P0705,Amplitude-Phase Recombination: Rethinking Robustness of Convolutional Neural Networks in Frequency Domain,ICCV-2021-A003470|ICCV-2021-A003471|ICCV-2021-A003472|ICCV-2021-A003473|ICCV-2021-A003474|ICCV-2021-A003475,ICCV,2021,https://openaccess.thecvf.com/content/ICCV2021/html/Chen_Amplitude-Phase_Recombination_Rethinking_Robustness_of_Convolutional_Neural_Networks_in_Frequency_ICCV_2021_paper.html
ICCV-2021-P0706,AdvDrop: Adversarial Attack to DNNs by Dropping Information,ICCV-2021-A003476|ICCV-2021-A003477|ICCV-2021-A003478|ICCV-2021-A003479|ICCV-2021-A003480|ICCV-2021-A003481,ICCV,2021,https://openaccess.thecvf.com/content/ICCV2021/html/Duan_AdvDrop_Adversarial_Attack_to_DNNs_by_Dropping_Information_ICCV_2021_paper.html
ICCV-2021-P0707,Adaptive Graph Convolution for Point Cloud Analysis,ICCV-2021-A003482|ICCV-2021-A003483|ICCV-2021-A003484|ICCV-2021-A003485|ICCV-2021-A003486|ICCV-2021-A003487,ICCV,2021,https://openaccess.thecvf.com/content/ICCV2021/html/Zhou_Adaptive_Graph_Convolution_for_Point_Cloud_Analysis_ICCV_2021_paper.html
ICCV-2021-P0708,Adversarial Attack on Deep Cross-Modal Hamming Retrieval,ICCV-2021-A003488|ICCV-2021-A003489|ICCV-2021-A003490|ICCV-2021-A003491|ICCV-2021-A003492,ICCV,2021,https://openaccess.thecvf.com/content/ICCV2021/html/Li_Adversarial_Attack_on_Deep_Cross-Modal_Hamming_Retrieval_ICCV_2021_paper.html
ICCV-2021-P0709,UASNet: Uncertainty Adaptive Sampling Network for Deep Stereo Matching,ICCV-2021-A003493|ICCV-2021-A003494|ICCV-2021-A003495|ICCV-2021-A003496|ICCV-2021-A003497|ICCV-2021-A003498|ICCV-2021-A003499,ICCV,2021,https://openaccess.thecvf.com/content/ICCV2021/html/Mao_UASNet_Uncertainty_Adaptive_Sampling_Network_for_Deep_Stereo_Matching_ICCV_2021_paper.html
ICCV-2021-P0710,Minimal Adversarial Examples for Deep Learning on 3D Point Clouds,ICCV-2021-A003500|ICCV-2021-A003501|ICCV-2021-A003502|ICCV-2021-A003503,ICCV,2021,https://openaccess.thecvf.com/content/ICCV2021/html/Kim_Minimal_Adversarial_Examples_for_Deep_Learning_on_3D_Point_Clouds_ICCV_2021_paper.html
ICCV-2021-P0711,Learning Icosahedral Spherical Probability Map Based on Bingham Mixture Model for Vanishing Point Estimation,ICCV-2021-A003504|ICCV-2021-A003505|ICCV-2021-A003506|ICCV-2021-A003507|ICCV-2021-A003508|ICCV-2021-A003509|ICCV-2021-A003510,ICCV,2021,https://openaccess.thecvf.com/content/ICCV2021/html/Li_Learning_Icosahedral_Spherical_Probability_Map_Based_on_Bingham_Mixture_Model_ICCV_2021_paper.html
ICCV-2021-P0712,Incorporating Learnable Membrane Time Constant To Enhance Learning of Spiking Neural Networks,ICCV-2021-A003511|ICCV-2021-A003512|ICCV-2021-A003513|ICCV-2021-A003514|ICCV-2021-A003515|ICCV-2021-A003516,ICCV,2021,https://openaccess.thecvf.com/content/ICCV2021/html/Fang_Incorporating_Learnable_Membrane_Time_Constant_To_Enhance_Learning_of_Spiking_ICCV_2021_paper.html
ICCV-2021-P0713,Real-Time Vanishing Point Detector Integrating Under-Parameterized RANSAC and Hough Transform,ICCV-2021-A003517|ICCV-2021-A003518|ICCV-2021-A003519|ICCV-2021-A003520,ICCV,2021,https://openaccess.thecvf.com/content/ICCV2021/html/Wu_Real-Time_Vanishing_Point_Detector_Integrating_Under-Parameterized_RANSAC_and_Hough_Transform_ICCV_2021_paper.html
ICCV-2021-P0714,ReStyle: A Residual-Based StyleGAN Encoder via Iterative Refinement,ICCV-2021-A003521|ICCV-2021-A003522|ICCV-2021-A003523,ICCV,2021,https://openaccess.thecvf.com/content/ICCV2021/html/Alaluf_ReStyle_A_Residual-Based_StyleGAN_Encoder_via_Iterative_Refinement_ICCV_2021_paper.html
ICCV-2021-P0715,Low-Rank Tensor Completion by Approximating the Tensor Average Rank,ICCV-2021-A003524|ICCV-2021-A003525|ICCV-2021-A003526|ICCV-2021-A003527,ICCV,2021,https://openaccess.thecvf.com/content/ICCV2021/html/Wang_Low-Rank_Tensor_Completion_by_Approximating_the_Tensor_Average_Rank_ICCV_2021_paper.html
ICCV-2021-P0716,Exploiting Multi-Object Relationships for Detecting Adversarial Attacks in Complex Scenes,ICCV-2021-A003528|ICCV-2021-A003529|ICCV-2021-A003530|ICCV-2021-A003531|ICCV-2021-A003532|ICCV-2021-A003533|ICCV-2021-A003534,ICCV,2021,https://openaccess.thecvf.com/content/ICCV2021/html/Yin_Exploiting_Multi-Object_Relationships_for_Detecting_Adversarial_Attacks_in_Complex_Scenes_ICCV_2021_paper.html
ICCV-2021-P0717,Pixel Contrastive-Consistent Semi-Supervised Semantic Segmentation,ICCV-2021-A003535|ICCV-2021-A003536|ICCV-2021-A003537|ICCV-2021-A003538|ICCV-2021-A003539|ICCV-2021-A003540,ICCV,2021,https://openaccess.thecvf.com/content/ICCV2021/html/Zhong_Pixel_Contrastive-Consistent_Semi-Supervised_Semantic_Segmentation_ICCV_2021_paper.html
ICCV-2021-P0718,Cross-Descriptor Visual Localization and Mapping,ICCV-2021-A003541|ICCV-2021-A003542|ICCV-2021-A003543|ICCV-2021-A003544,ICCV,2021,https://openaccess.thecvf.com/content/ICCV2021/html/Dusmanu_Cross-Descriptor_Visual_Localization_and_Mapping_ICCV_2021_paper.html
ICCV-2021-P0719,Panoptic Narrative Grounding,ICCV-2021-A003545|ICCV-2021-A003546|ICCV-2021-A003547|ICCV-2021-A003548|ICCV-2021-A003549|ICCV-2021-A003550,ICCV,2021,https://openaccess.thecvf.com/content/ICCV2021/html/Gonzalez_Panoptic_Narrative_Grounding_ICCV_2021_paper.html
ICCV-2021-P0720,Weakly-Supervised Video Anomaly Detection With Robust Temporal Feature Magnitude Learning,ICCV-2021-A003551|ICCV-2021-A003552|ICCV-2021-A003553|ICCV-2021-A003554|ICCV-2021-A003555|ICCV-2021-A003556,ICCV,2021,https://openaccess.thecvf.com/content/ICCV2021/html/Tian_Weakly-Supervised_Video_Anomaly_Detection_With_Robust_Temporal_Feature_Magnitude_Learning_ICCV_2021_paper.html
ICCV-2021-P0721,Deep Survival Analysis With Longitudinal X-Rays for COVID-19,ICCV-2021-A003557|ICCV-2021-A003558|ICCV-2021-A003559|ICCV-2021-A003560|ICCV-2021-A003561|ICCV-2021-A003562,ICCV,2021,https://openaccess.thecvf.com/content/ICCV2021/html/Shu_Deep_Survival_Analysis_With_Longitudinal_X-Rays_for_COVID-19_ICCV_2021_paper.html
ICCV-2021-P0722,Cluster-Promoting Quantization With Bit-Drop for Minimizing Network Quantization Loss,ICCV-2021-A003563|ICCV-2021-A003564|ICCV-2021-A003565|ICCV-2021-A003566,ICCV,2021,https://openaccess.thecvf.com/content/ICCV2021/html/Lee_Cluster-Promoting_Quantization_With_Bit-Drop_for_Minimizing_Network_Quantization_Loss_ICCV_2021_paper.html
ICCV-2021-P0723,Striking a Balance Between Stability and Plasticity for Class-Incremental Learning,ICCV-2021-A003567|ICCV-2021-A003568|ICCV-2021-A003569,ICCV,2021,https://openaccess.thecvf.com/content/ICCV2021/html/Wu_Striking_a_Balance_Between_Stability_and_Plasticity_for_Class-Incremental_Learning_ICCV_2021_paper.html
ICCV-2021-P0724,AdaFit: Rethinking Learning-Based Normal Estimation on Point Clouds,ICCV-2021-A003570|ICCV-2021-A003571|ICCV-2021-A003572|ICCV-2021-A003573|ICCV-2021-A003574|ICCV-2021-A003575|ICCV-2021-A003576,ICCV,2021,https://openaccess.thecvf.com/content/ICCV2021/html/Zhu_AdaFit_Rethinking_Learning-Based_Normal_Estimation_on_Point_Clouds_ICCV_2021_paper.html
ICCV-2021-P0725,Nerfies: Deformable Neural Radiance Fields,ICCV-2021-A003577|ICCV-2021-A003578|ICCV-2021-A003579|ICCV-2021-A003580|ICCV-2021-A003581|ICCV-2021-A003582|ICCV-2021-A003583,ICCV,2021,https://openaccess.thecvf.com/content/ICCV2021/html/Park_Nerfies_Deformable_Neural_Radiance_Fields_ICCV_2021_paper.html
ICCV-2021-P0726,Interpretable Visual Reasoning via Induced Symbolic Space,ICCV-2021-A003584|ICCV-2021-A003585|ICCV-2021-A003586|ICCV-2021-A003587|ICCV-2021-A003588|ICCV-2021-A003589|ICCV-2021-A003590,ICCV,2021,https://openaccess.thecvf.com/content/ICCV2021/html/Wang_Interpretable_Visual_Reasoning_via_Induced_Symbolic_Space_ICCV_2021_paper.html
ICCV-2021-P0727,Generalizing Gaze Estimation With Outlier-Guided Collaborative Adaptation,ICCV-2021-A003591|ICCV-2021-A003592|ICCV-2021-A003593|ICCV-2021-A003594,ICCV,2021,https://openaccess.thecvf.com/content/ICCV2021/html/Liu_Generalizing_Gaze_Estimation_With_Outlier-Guided_Collaborative_Adaptation_ICCV_2021_paper.html
ICCV-2021-P0728,Language-Guided Global Image Editing via Cross-Modal Cyclic Mechanism,ICCV-2021-A003595|ICCV-2021-A003596|ICCV-2021-A003597|ICCV-2021-A003598|ICCV-2021-A003599|ICCV-2021-A003600|ICCV-2021-A003601,ICCV,2021,https://openaccess.thecvf.com/content/ICCV2021/html/Jiang_Language-Guided_Global_Image_Editing_via_Cross-Modal_Cyclic_Mechanism_ICCV_2021_paper.html
ICCV-2021-P0729,DAM: Discrepancy Alignment Metric for Face Recognition,ICCV-2021-A003602|ICCV-2021-A003603|ICCV-2021-A003604|ICCV-2021-A003605|ICCV-2021-A003606|ICCV-2021-A003607|ICCV-2021-A003608,ICCV,2021,https://openaccess.thecvf.com/content/ICCV2021/html/Liu_DAM_Discrepancy_Alignment_Metric_for_Face_Recognition_ICCV_2021_paper.html
ICCV-2021-P0730,RMSMP: A Novel Deep Neural Network Quantization Framework With Row-Wise Mixed Schemes and Multiple Precisions,ICCV-2021-A003609|ICCV-2021-A003610|ICCV-2021-A003611|ICCV-2021-A003612|ICCV-2021-A003613|ICCV-2021-A003614|ICCV-2021-A003615,ICCV,2021,https://openaccess.thecvf.com/content/ICCV2021/html/Chang_RMSMP_A_Novel_Deep_Neural_Network_Quantization_Framework_With_Row-Wise_ICCV_2021_paper.html
ICCV-2021-P0731,Robust Small-Scale Pedestrian Detection With Cued Recall via Memory Learning,ICCV-2021-A003616|ICCV-2021-A003617|ICCV-2021-A003618,ICCV,2021,https://openaccess.thecvf.com/content/ICCV2021/html/Kim_Robust_Small-Scale_Pedestrian_Detection_With_Cued_Recall_via_Memory_Learning_ICCV_2021_paper.html
ICCV-2021-P0732,Multimodal Co-Attention Transformer for Survival Prediction in Gigapixel Whole Slide Images,ICCV-2021-A003619|ICCV-2021-A003620|ICCV-2021-A003621|ICCV-2021-A003622|ICCV-2021-A003623|ICCV-2021-A003624|ICCV-2021-A003625|ICCV-2021-A003626,ICCV,2021,https://openaccess.thecvf.com/content/ICCV2021/html/Chen_Multimodal_Co-Attention_Transformer_for_Survival_Prediction_in_Gigapixel_Whole_Slide_ICCV_2021_paper.html
ICCV-2021-P0733,Improving Neural Network Efficiency via Post-Training Quantization With Adaptive Floating-Point,ICCV-2021-A003627|ICCV-2021-A003628|ICCV-2021-A003629|ICCV-2021-A003630|ICCV-2021-A003631|ICCV-2021-A003632|ICCV-2021-A003633|ICCV-2021-A003634,ICCV,2021,https://openaccess.thecvf.com/content/ICCV2021/html/Liu_Improving_Neural_Network_Efficiency_via_Post-Training_Quantization_With_Adaptive_Floating-Point_ICCV_2021_paper.html
ICCV-2021-P0734,Interpretable Image Recognition by Constructing Transparent Embedding Space,ICCV-2021-A003635|ICCV-2021-A003636|ICCV-2021-A003637|ICCV-2021-A003638,ICCV,2021,https://openaccess.thecvf.com/content/ICCV2021/html/Wang_Interpretable_Image_Recognition_by_Constructing_Transparent_Embedding_Space_ICCV_2021_paper.html
ICCV-2021-P0735,Pyramid Point Cloud Transformer for Large-Scale Place Recognition,ICCV-2021-A003639|ICCV-2021-A003640|ICCV-2021-A003641|ICCV-2021-A003642|ICCV-2021-A003643,ICCV,2021,https://openaccess.thecvf.com/content/ICCV2021/html/Hui_Pyramid_Point_Cloud_Transformer_for_Large-Scale_Place_Recognition_ICCV_2021_paper.html
ICCV-2021-P0736,Interpreting Attributions and Interactions of Adversarial Attacks,ICCV-2021-A003644|ICCV-2021-A003645|ICCV-2021-A003646|ICCV-2021-A003647|ICCV-2021-A003648,ICCV,2021,https://openaccess.thecvf.com/content/ICCV2021/html/Wang_Interpreting_Attributions_and_Interactions_of_Adversarial_Attacks_ICCV_2021_paper.html
ICCV-2021-P0737,Neural Photofit: Gaze-Based Mental Image Reconstruction,ICCV-2021-A003649|ICCV-2021-A003650|ICCV-2021-A003651|ICCV-2021-A003652|ICCV-2021-A003653|ICCV-2021-A003654,ICCV,2021,https://openaccess.thecvf.com/content/ICCV2021/html/Strohm_Neural_Photofit_Gaze-Based_Mental_Image_Reconstruction_ICCV_2021_paper.html
ICCV-2021-P0738,Disentangled Lifespan Face Synthesis,ICCV-2021-A003655|ICCV-2021-A003656|ICCV-2021-A003657|ICCV-2021-A003658|ICCV-2021-A003659|ICCV-2021-A003660,ICCV,2021,https://openaccess.thecvf.com/content/ICCV2021/html/He_Disentangled_Lifespan_Face_Synthesis_ICCV_2021_paper.html
ICCV-2021-P0739,Dual Transfer Learning for Event-Based End-Task Prediction via Pluggable Event to Image Translation,ICCV-2021-A003661|ICCV-2021-A003662|ICCV-2021-A003663,ICCV,2021,https://openaccess.thecvf.com/content/ICCV2021/html/Wang_Dual_Transfer_Learning_for_Event-Based_End-Task_Prediction_via_Pluggable_Event_ICCV_2021_paper.html
ICCV-2021-P0740,Exploration and Estimation for Model Compression,ICCV-2021-A003664|ICCV-2021-A003665|ICCV-2021-A003666,ICCV,2021,https://openaccess.thecvf.com/content/ICCV2021/html/Zhang_Exploration_and_Estimation_for_Model_Compression_ICCV_2021_paper.html
ICCV-2021-P0741,Structure-From-Sherds: Incremental 3D Reassembly of Axially Symmetric Pots From Unordered and Mixed Fragment Collections,ICCV-2021-A003667|ICCV-2021-A003668|ICCV-2021-A003669|ICCV-2021-A003670|ICCV-2021-A003671,ICCV,2021,https://openaccess.thecvf.com/content/ICCV2021/html/Hong_Structure-From-Sherds_Incremental_3D_Reassembly_of_Axially_Symmetric_Pots_From_Unordered_ICCV_2021_paper.html
ICCV-2021-P0742,Asymmetric Loss for Multi-Label Classification,ICCV-2021-A003672|ICCV-2021-A003673|ICCV-2021-A003674|ICCV-2021-A003675|ICCV-2021-A003676|ICCV-2021-A003677|ICCV-2021-A003678,ICCV,2021,https://openaccess.thecvf.com/content/ICCV2021/html/Ridnik_Asymmetric_Loss_for_Multi-Label_Classification_ICCV_2021_paper.html
ICCV-2021-P0743,Unified Graph Structured Models for Video Understanding,ICCV-2021-A003679|ICCV-2021-A003680|ICCV-2021-A003681,ICCV,2021,https://openaccess.thecvf.com/content/ICCV2021/html/Arnab_Unified_Graph_Structured_Models_for_Video_Understanding_ICCV_2021_paper.html
ICCV-2021-P0744,Minimal Cases for Computing the Generalized Relative Pose Using Affine Correspondences,ICCV-2021-A003682|ICCV-2021-A003683|ICCV-2021-A003684|ICCV-2021-A003685,ICCV,2021,https://openaccess.thecvf.com/content/ICCV2021/html/Guan_Minimal_Cases_for_Computing_the_Generalized_Relative_Pose_Using_Affine_ICCV_2021_paper.html
ICCV-2021-P0745,Towards Efficient Graph Convolutional Networks for Point Cloud Handling,ICCV-2021-A003686|ICCV-2021-A003687|ICCV-2021-A003688|ICCV-2021-A003689|ICCV-2021-A003690|ICCV-2021-A003691|ICCV-2021-A003692,ICCV,2021,https://openaccess.thecvf.com/content/ICCV2021/html/Li_Towards_Efficient_Graph_Convolutional_Networks_for_Point_Cloud_Handling_ICCV_2021_paper.html
ICCV-2021-P0746,Auto Graph Encoder-Decoder for Neural Network Pruning,ICCV-2021-A003693|ICCV-2021-A003694|ICCV-2021-A003695,ICCV,2021,https://openaccess.thecvf.com/content/ICCV2021/html/Yu_Auto_Graph_Encoder-Decoder_for_Neural_Network_Pruning_ICCV_2021_paper.html
ICCV-2021-P0747,Adaptive Surface Reconstruction With Multiscale Convolutional Kernels,ICCV-2021-A003696|ICCV-2021-A003697,ICCV,2021,https://openaccess.thecvf.com/content/ICCV2021/html/Ummenhofer_Adaptive_Surface_Reconstruction_With_Multiscale_Convolutional_Kernels_ICCV_2021_paper.html
ICCV-2021-P0748,SmartShadow: Artistic Shadow Drawing Tool for Line Drawings,ICCV-2021-A003698|ICCV-2021-A003699|ICCV-2021-A003700|ICCV-2021-A003701,ICCV,2021,https://openaccess.thecvf.com/content/ICCV2021/html/Zhang_SmartShadow_Artistic_Shadow_Drawing_Tool_for_Line_Drawings_ICCV_2021_paper.html
ICCV-2021-P0749,TGRNet: A Table Graph Reconstruction Network for Table Structure Recognition,ICCV-2021-A003702|ICCV-2021-A003703|ICCV-2021-A003704|ICCV-2021-A003705|ICCV-2021-A003706,ICCV,2021,https://openaccess.thecvf.com/content/ICCV2021/html/Xue_TGRNet_A_Table_Graph_Reconstruction_Network_for_Table_Structure_Recognition_ICCV_2021_paper.html
ICCV-2021-P0750,MicroNet: Improving Image Recognition With Extremely Low FLOPs,ICCV-2021-A003707|ICCV-2021-A003708|ICCV-2021-A003709|ICCV-2021-A003710|ICCV-2021-A003711|ICCV-2021-A003712|ICCV-2021-A003713|ICCV-2021-A003714|ICCV-2021-A003715,ICCV,2021,https://openaccess.thecvf.com/content/ICCV2021/html/Li_MicroNet_Improving_Image_Recognition_With_Extremely_Low_FLOPs_ICCV_2021_paper.html
ICCV-2021-P0751,Learning Canonical 3D Object Representation for Fine-Grained Recognition,ICCV-2021-A003716|ICCV-2021-A003717|ICCV-2021-A003718|ICCV-2021-A003719|ICCV-2021-A003720,ICCV,2021,https://openaccess.thecvf.com/content/ICCV2021/html/Joung_Learning_Canonical_3D_Object_Representation_for_Fine-Grained_Recognition_ICCV_2021_paper.html
ICCV-2021-P0752,Multi-Class Multi-Instance Count Conditioned Adversarial Image Generation,ICCV-2021-A003721|ICCV-2021-A003722|ICCV-2021-A003723,ICCV,2021,https://openaccess.thecvf.com/content/ICCV2021/html/Saseendran_Multi-Class_Multi-Instance_Count_Conditioned_Adversarial_Image_Generation_ICCV_2021_paper.html
ICCV-2021-P0753,Specialize and Fuse: Pyramidal Output Representation for Semantic Segmentation,ICCV-2021-A003724|ICCV-2021-A003725|ICCV-2021-A003726|ICCV-2021-A003727,ICCV,2021,https://openaccess.thecvf.com/content/ICCV2021/html/Hsiao_Specialize_and_Fuse_Pyramidal_Output_Representation_for_Semantic_Segmentation_ICCV_2021_paper.html
ICCV-2021-P0754,DC-ShadowNet: Single-Image Hard and Soft Shadow Removal Using Unsupervised Domain-Classifier Guided Network,ICCV-2021-A003728|ICCV-2021-A003729|ICCV-2021-A003730,ICCV,2021,https://openaccess.thecvf.com/content/ICCV2021/html/Jin_DC-ShadowNet_Single-Image_Hard_and_Soft_Shadow_Removal_Using_Unsupervised_Domain-Classifier_ICCV_2021_paper.html
ICCV-2021-P0755,Scalable Vision Transformers With Hierarchical Pooling,ICCV-2021-A003731|ICCV-2021-A003732|ICCV-2021-A003733|ICCV-2021-A003734|ICCV-2021-A003735,ICCV,2021,https://openaccess.thecvf.com/content/ICCV2021/html/Pan_Scalable_Vision_Transformers_With_Hierarchical_Pooling_ICCV_2021_paper.html
ICCV-2021-P0756,Generative Adversarial Registration for Improved Conditional Deformable Templates,ICCV-2021-A003736|ICCV-2021-A003737|ICCV-2021-A003738|ICCV-2021-A003739,ICCV,2021,https://openaccess.thecvf.com/content/ICCV2021/html/Dey_Generative_Adversarial_Registration_for_Improved_Conditional_Deformable_Templates_ICCV_2021_paper.html
ICCV-2021-P0757,Auto-Parsing Network for Image Captioning and Visual Question Answering,ICCV-2021-A003740|ICCV-2021-A003741|ICCV-2021-A003742|ICCV-2021-A003743,ICCV,2021,https://openaccess.thecvf.com/content/ICCV2021/html/Yang_Auto-Parsing_Network_for_Image_Captioning_and_Visual_Question_Answering_ICCV_2021_paper.html
ICCV-2021-P0758,F-Drop&Match: GANs With a Dead Zone in the High-Frequency Domain,ICCV-2021-A003744|ICCV-2021-A003745,ICCV,2021,https://openaccess.thecvf.com/content/ICCV2021/html/Yamaguchi_F-DropMatch_GANs_With_a_Dead_Zone_in_the_High-Frequency_Domain_ICCV_2021_paper.html
ICCV-2021-P0759,CryoDRGN2: Ab Initio Neural Reconstruction of 3D Protein Structures From Real Cryo-EM Images,ICCV-2021-A003746|ICCV-2021-A003747|ICCV-2021-A003748|ICCV-2021-A003749,ICCV,2021,https://openaccess.thecvf.com/content/ICCV2021/html/Zhong_CryoDRGN2_Ab_Initio_Neural_Reconstruction_of_3D_Protein_Structures_From_ICCV_2021_paper.html
ICCV-2021-P0760,Generalized Shuffled Linear Regression,ICCV-2021-A003750|ICCV-2021-A003751|ICCV-2021-A003752|ICCV-2021-A003753,ICCV,2021,https://openaccess.thecvf.com/content/ICCV2021/html/Li_Generalized_Shuffled_Linear_Regression_ICCV_2021_paper.html
ICCV-2021-P0761,"AESOP: Abstract Encoding of Stories, Objects, and Pictures",ICCV-2021-A003754|ICCV-2021-A003755|ICCV-2021-A003756|ICCV-2021-A003757|ICCV-2021-A003758,ICCV,2021,https://openaccess.thecvf.com/content/ICCV2021/html/Ravi_AESOP_Abstract_Encoding_of_Stories_Objects_and_Pictures_ICCV_2021_paper.html
ICCV-2021-P0762,LFI-CAM: Learning Feature Importance for Better Visual Explanation,ICCV-2021-A003759|ICCV-2021-A003760|ICCV-2021-A003761|ICCV-2021-A003762,ICCV,2021,https://openaccess.thecvf.com/content/ICCV2021/html/Lee_LFI-CAM_Learning_Feature_Importance_for_Better_Visual_Explanation_ICCV_2021_paper.html
ICCV-2021-P0763,InstanceRefer: Cooperative Holistic Understanding for Visual Grounding on Point Clouds Through Instance Multi-Level Contextual Referring,ICCV-2021-A003763|ICCV-2021-A003764|ICCV-2021-A003765|ICCV-2021-A003766|ICCV-2021-A003767|ICCV-2021-A003768|ICCV-2021-A003769,ICCV,2021,https://openaccess.thecvf.com/content/ICCV2021/html/Yuan_InstanceRefer_Cooperative_Holistic_Understanding_for_Visual_Grounding_on_Point_Clouds_ICCV_2021_paper.html
ICCV-2021-P0764,Adaptive Hierarchical Graph Reasoning With Semantic Coherence for Video-and-Language Inference,ICCV-2021-A003770|ICCV-2021-A003771|ICCV-2021-A003772|ICCV-2021-A003773|ICCV-2021-A003774|ICCV-2021-A003775|ICCV-2021-A003776|ICCV-2021-A003777,ICCV,2021,https://openaccess.thecvf.com/content/ICCV2021/html/Li_Adaptive_Hierarchical_Graph_Reasoning_With_Semantic_Coherence_for_Video-and-Language_Inference_ICCV_2021_paper.html
ICCV-2021-P0765,iNAS: Integral NAS for Device-Aware Salient Object Detection,ICCV-2021-A003778|ICCV-2021-A003779|ICCV-2021-A003780|ICCV-2021-A003781|ICCV-2021-A003782|ICCV-2021-A003783,ICCV,2021,https://openaccess.thecvf.com/content/ICCV2021/html/Gu_iNAS_Integral_NAS_for_Device-Aware_Salient_Object_Detection_ICCV_2021_paper.html
ICCV-2021-P0766,Pyramid R-CNN: Towards Better Performance and Adaptability for 3D Object Detection,ICCV-2021-A003784|ICCV-2021-A003785|ICCV-2021-A003786|ICCV-2021-A003787|ICCV-2021-A003788|ICCV-2021-A003789,ICCV,2021,https://openaccess.thecvf.com/content/ICCV2021/html/Mao_Pyramid_R-CNN_Towards_Better_Performance_and_Adaptability_for_3D_Object_ICCV_2021_paper.html
ICCV-2021-P0767,Graph-BAS3Net: Boundary-Aware Semi-Supervised Segmentation Network With Bilateral Graph Convolution,ICCV-2021-A003790|ICCV-2021-A003791|ICCV-2021-A003792|ICCV-2021-A003793|ICCV-2021-A003794|ICCV-2021-A003795|ICCV-2021-A003796|ICCV-2021-A003797|ICCV-2021-A003798|ICCV-2021-A003799|ICCV-2021-A003800,ICCV,2021,https://openaccess.thecvf.com/content/ICCV2021/html/Huang_Graph-BAS3Net_Boundary-Aware_Semi-Supervised_Segmentation_Network_With_Bilateral_Graph_Convolution_ICCV_2021_paper.html
ICCV-2021-P0768,CrossViT: Cross-Attention Multi-Scale Vision Transformer for Image Classification,ICCV-2021-A003801|ICCV-2021-A003802|ICCV-2021-A003803,ICCV,2021,https://openaccess.thecvf.com/content/ICCV2021/html/Chen_CrossViT_Cross-Attention_Multi-Scale_Vision_Transformer_for_Image_Classification_ICCV_2021_paper.html
ICCV-2021-P0769,Geometry-Aware Self-Training for Unsupervised Domain Adaptation on Object Point Clouds,ICCV-2021-A003804|ICCV-2021-A003805|ICCV-2021-A003806|ICCV-2021-A003807,ICCV,2021,https://openaccess.thecvf.com/content/ICCV2021/html/Zou_Geometry-Aware_Self-Training_for_Unsupervised_Domain_Adaptation_on_Object_Point_Clouds_ICCV_2021_paper.html
ICCV-2021-P0770,Procrustean Training for Imbalanced Deep Learning,ICCV-2021-A003808|ICCV-2021-A003809|ICCV-2021-A003810,ICCV,2021,https://openaccess.thecvf.com/content/ICCV2021/html/Ye_Procrustean_Training_for_Imbalanced_Deep_Learning_ICCV_2021_paper.html
ICCV-2021-P0771,Dynamic Network Quantization for Efficient Video Inference,ICCV-2021-A003811|ICCV-2021-A003812|ICCV-2021-A003813|ICCV-2021-A003814|ICCV-2021-A003815|ICCV-2021-A003816,ICCV,2021,https://openaccess.thecvf.com/content/ICCV2021/html/Sun_Dynamic_Network_Quantization_for_Efficient_Video_Inference_ICCV_2021_paper.html
ICCV-2021-P0772,WB-DETR: Transformer-Based Detector Without Backbone,ICCV-2021-A003817|ICCV-2021-A003818|ICCV-2021-A003819|ICCV-2021-A003820|ICCV-2021-A003821|ICCV-2021-A003822,ICCV,2021,https://openaccess.thecvf.com/content/ICCV2021/html/Liu_WB-DETR_Transformer-Based_Detector_Without_Backbone_ICCV_2021_paper.html
ICCV-2021-P0773,Perceptual Variousness Motion Deblurring With Light Global Context Refinement,ICCV-2021-A003823|ICCV-2021-A003824|ICCV-2021-A003825,ICCV,2021,https://openaccess.thecvf.com/content/ICCV2021/html/Li_Perceptual_Variousness_Motion_Deblurring_With_Light_Global_Context_Refinement_ICCV_2021_paper.html
ICCV-2021-P0774,Self-Calibrating Neural Radiance Fields,ICCV-2021-A003826|ICCV-2021-A003827|ICCV-2021-A003828|ICCV-2021-A003829|ICCV-2021-A003830|ICCV-2021-A003831,ICCV,2021,https://openaccess.thecvf.com/content/ICCV2021/html/Jeong_Self-Calibrating_Neural_Radiance_Fields_ICCV_2021_paper.html
ICCV-2021-P0775,Robust Automatic Monocular Vehicle Speed Estimation for Traffic Surveillance,ICCV-2021-A003832|ICCV-2021-A003833,ICCV,2021,https://openaccess.thecvf.com/content/ICCV2021/html/Revaud_Robust_Automatic_Monocular_Vehicle_Speed_Estimation_for_Traffic_Surveillance_ICCV_2021_paper.html
ICCV-2021-P0776,RFNet: Region-Aware Fusion Network for Incomplete Multi-Modal Brain Tumor Segmentation,ICCV-2021-A003834|ICCV-2021-A003835|ICCV-2021-A003836,ICCV,2021,https://openaccess.thecvf.com/content/ICCV2021/html/Ding_RFNet_Region-Aware_Fusion_Network_for_Incomplete_Multi-Modal_Brain_Tumor_Segmentation_ICCV_2021_paper.html
ICCV-2021-P0777,In Defense of Scene Graphs for Image Captioning,ICCV-2021-A003837|ICCV-2021-A003838|ICCV-2021-A003839|ICCV-2021-A003840|ICCV-2021-A003841,ICCV,2021,https://openaccess.thecvf.com/content/ICCV2021/html/Nguyen_In_Defense_of_Scene_Graphs_for_Image_Captioning_ICCV_2021_paper.html
ICCV-2021-P0778,Rank & Sort Loss for Object Detection and Instance Segmentation,ICCV-2021-A003842|ICCV-2021-A003843|ICCV-2021-A003844|ICCV-2021-A003845,ICCV,2021,https://openaccess.thecvf.com/content/ICCV2021/html/Oksuz_Rank__Sort_Loss_for_Object_Detection_and_Instance_Segmentation_ICCV_2021_paper.html
ICCV-2021-P0779,Synthesis of Compositional Animations From Textual Descriptions,ICCV-2021-A003846|ICCV-2021-A003847|ICCV-2021-A003848|ICCV-2021-A003849|ICCV-2021-A003850,ICCV,2021,https://openaccess.thecvf.com/content/ICCV2021/html/Ghosh_Synthesis_of_Compositional_Animations_From_Textual_Descriptions_ICCV_2021_paper.html
ICCV-2021-P0780,Dual Bipartite Graph Learning: A General Approach for Domain Adaptive Object Detection,ICCV-2021-A003851|ICCV-2021-A003852|ICCV-2021-A003853|ICCV-2021-A003854|ICCV-2021-A003855|ICCV-2021-A003856,ICCV,2021,https://openaccess.thecvf.com/content/ICCV2021/html/Chen_Dual_Bipartite_Graph_Learning_A_General_Approach_for_Domain_Adaptive_ICCV_2021_paper.html
ICCV-2021-P0781,Parametric Contrastive Learning,ICCV-2021-A003857|ICCV-2021-A003858|ICCV-2021-A003859|ICCV-2021-A003860|ICCV-2021-A003861,ICCV,2021,https://openaccess.thecvf.com/content/ICCV2021/html/Cui_Parametric_Contrastive_Learning_ICCV_2021_paper.html
ICCV-2021-P0782,Visual Transformers: Where Do Transformers Really Belong in Vision Models?,ICCV-2021-A003862|ICCV-2021-A003863|ICCV-2021-A003864|ICCV-2021-A003865|ICCV-2021-A003866|ICCV-2021-A003867|ICCV-2021-A003868|ICCV-2021-A003869|ICCV-2021-A003870|ICCV-2021-A003871,ICCV,2021,https://openaccess.thecvf.com/content/ICCV2021/html/Wu_Visual_Transformers_Where_Do_Transformers_Really_Belong_in_Vision_Models_ICCV_2021_paper.html
ICCV-2021-P0783,Is Pseudo-Lidar Needed for Monocular 3D Object Detection?,ICCV-2021-A003872|ICCV-2021-A003873|ICCV-2021-A003874|ICCV-2021-A003875|ICCV-2021-A003876,ICCV,2021,https://openaccess.thecvf.com/content/ICCV2021/html/Park_Is_Pseudo-Lidar_Needed_for_Monocular_3D_Object_Detection_ICCV_2021_paper.html
ICCV-2021-P0784,TS-CAM: Token Semantic Coupled Attention Map for Weakly Supervised Object Localization,ICCV-2021-A003877|ICCV-2021-A003878|ICCV-2021-A003879|ICCV-2021-A003880|ICCV-2021-A003881|ICCV-2021-A003882|ICCV-2021-A003883|ICCV-2021-A003884,ICCV,2021,https://openaccess.thecvf.com/content/ICCV2021/html/Gao_TS-CAM_Token_Semantic_Coupled_Attention_Map_for_Weakly_Supervised_Object_ICCV_2021_paper.html
ICCV-2021-P0785,Deep 3D Mask Volume for View Synthesis of Dynamic Scenes,ICCV-2021-A003885|ICCV-2021-A003886|ICCV-2021-A003887|ICCV-2021-A003888|ICCV-2021-A003889,ICCV,2021,https://openaccess.thecvf.com/content/ICCV2021/html/Lin_Deep_3D_Mask_Volume_for_View_Synthesis_of_Dynamic_Scenes_ICCV_2021_paper.html
ICCV-2021-P0786,Unified Questioner Transformer for Descriptive Question Generation in Goal-Oriented Visual Dialogue,ICCV-2021-A003890|ICCV-2021-A003891|ICCV-2021-A003892|ICCV-2021-A003893|ICCV-2021-A003894|ICCV-2021-A003895,ICCV,2021,https://openaccess.thecvf.com/content/ICCV2021/html/Matsumori_Unified_Questioner_Transformer_for_Descriptive_Question_Generation_in_Goal-Oriented_Visual_ICCV_2021_paper.html
ICCV-2021-P0787,Counterfactual Attention Learning for Fine-Grained Visual Categorization and Re-Identification,ICCV-2021-A003896|ICCV-2021-A003897|ICCV-2021-A003898|ICCV-2021-A003899,ICCV,2021,https://openaccess.thecvf.com/content/ICCV2021/html/Rao_Counterfactual_Attention_Learning_for_Fine-Grained_Visual_Categorization_and_Re-Identification_ICCV_2021_paper.html
ICCV-2021-P0788,Effectively Leveraging Attributes for Visual Similarity,ICCV-2021-A003900|ICCV-2021-A003901|ICCV-2021-A003902|ICCV-2021-A003903|ICCV-2021-A003904|ICCV-2021-A003905,ICCV,2021,https://openaccess.thecvf.com/content/ICCV2021/html/Mishra_Effectively_Leveraging_Attributes_for_Visual_Similarity_ICCV_2021_paper.html
ICCV-2021-P0789,Progressive Seed Generation Auto-Encoder for Unsupervised Point Cloud Learning,ICCV-2021-A003906|ICCV-2021-A003907|ICCV-2021-A003908|ICCV-2021-A003909|ICCV-2021-A003910,ICCV,2021,https://openaccess.thecvf.com/content/ICCV2021/html/Yang_Progressive_Seed_Generation_Auto-Encoder_for_Unsupervised_Point_Cloud_Learning_ICCV_2021_paper.html
ICCV-2021-P0790,HiNet: Deep Image Hiding by Invertible Network,ICCV-2021-A003911|ICCV-2021-A003912|ICCV-2021-A003913|ICCV-2021-A003914|ICCV-2021-A003915,ICCV,2021,https://openaccess.thecvf.com/content/ICCV2021/html/Jing_HiNet_Deep_Image_Hiding_by_Invertible_Network_ICCV_2021_paper.html
ICCV-2021-P0791,Rotation Averaging in a Split Second: A Primal-Dual Method and a Closed-Form for Cycle Graphs,ICCV-2021-A003916|ICCV-2021-A003917|ICCV-2021-A003918,ICCV,2021,https://openaccess.thecvf.com/content/ICCV2021/html/Moreira_Rotation_Averaging_in_a_Split_Second_A_Primal-Dual_Method_and_ICCV_2021_paper.html
ICCV-2021-P0792,End-to-End Robust Joint Unsupervised Image Alignment and Clustering,ICCV-2021-A003919|ICCV-2021-A003920|ICCV-2021-A003921,ICCV,2021,https://openaccess.thecvf.com/content/ICCV2021/html/Zeng_End-to-End_Robust_Joint_Unsupervised_Image_Alignment_and_Clustering_ICCV_2021_paper.html
ICCV-2021-P0793,Cross-Patch Graph Convolutional Network for Image Denoising,ICCV-2021-A003922|ICCV-2021-A003923|ICCV-2021-A003924,ICCV,2021,https://openaccess.thecvf.com/content/ICCV2021/html/Li_Cross-Patch_Graph_Convolutional_Network_for_Image_Denoising_ICCV_2021_paper.html
ICCV-2021-P0794,ISNet: Integrate Image-Level and Semantic-Level Context for Semantic Segmentation,ICCV-2021-A003925|ICCV-2021-A003926|ICCV-2021-A003927|ICCV-2021-A003928,ICCV,2021,https://openaccess.thecvf.com/content/ICCV2021/html/Jin_ISNet_Integrate_Image-Level_and_Semantic-Level_Context_for_Semantic_Segmentation_ICCV_2021_paper.html
ICCV-2021-P0795,Body-Face Joint Detection via Embedding and Head Hook,ICCV-2021-A003929|ICCV-2021-A003930|ICCV-2021-A003931|ICCV-2021-A003932,ICCV,2021,https://openaccess.thecvf.com/content/ICCV2021/html/Wan_Body-Face_Joint_Detection_via_Embedding_and_Head_Hook_ICCV_2021_paper.html
ICCV-2021-P0796,Enhancing Self-Supervised Video Representation Learning via Multi-Level Feature Optimization,ICCV-2021-A003933|ICCV-2021-A003934|ICCV-2021-A003935|ICCV-2021-A003936|ICCV-2021-A003937|ICCV-2021-A003938|ICCV-2021-A003939|ICCV-2021-A003940,ICCV,2021,https://openaccess.thecvf.com/content/ICCV2021/html/Qian_Enhancing_Self-Supervised_Video_Representation_Learning_via_Multi-Level_Feature_Optimization_ICCV_2021_paper.html
ICCV-2021-P0797,LIGA-Stereo: Learning LiDAR Geometry Aware Representations for Stereo-Based 3D Detector,ICCV-2021-A003941|ICCV-2021-A003942|ICCV-2021-A003943|ICCV-2021-A003944,ICCV,2021,https://openaccess.thecvf.com/content/ICCV2021/html/Guo_LIGA-Stereo_Learning_LiDAR_Geometry_Aware_Representations_for_Stereo-Based_3D_Detector_ICCV_2021_paper.html
ICCV-2021-P0798,Interpolation-Aware Padding for 3D Sparse Convolutional Neural Networks,ICCV-2021-A003945|ICCV-2021-A003946|ICCV-2021-A003947,ICCV,2021,https://openaccess.thecvf.com/content/ICCV2021/html/Yang_Interpolation-Aware_Padding_for_3D_Sparse_Convolutional_Neural_Networks_ICCV_2021_paper.html
ICCV-2021-P0799,Once Quantization-Aware Training: High Performance Extremely Low-Bit Architecture Search,ICCV-2021-A003948|ICCV-2021-A003949|ICCV-2021-A003950|ICCV-2021-A003951|ICCV-2021-A003952|ICCV-2021-A003953|ICCV-2021-A003954|ICCV-2021-A003955|ICCV-2021-A003956,ICCV,2021,https://openaccess.thecvf.com/content/ICCV2021/html/Shen_Once_Quantization-Aware_Training_High_Performance_Extremely_Low-Bit_Architecture_Search_ICCV_2021_paper.html
ICCV-2021-P0800,Oriented R-CNN for Object Detection,ICCV-2021-A003957|ICCV-2021-A003958|ICCV-2021-A003959|ICCV-2021-A003960|ICCV-2021-A003961,ICCV,2021,https://openaccess.thecvf.com/content/ICCV2021/html/Xie_Oriented_R-CNN_for_Object_Detection_ICCV_2021_paper.html
ICCV-2021-P0801,TransVG: End-to-End Visual Grounding With Transformers,ICCV-2021-A003962|ICCV-2021-A003963|ICCV-2021-A003964|ICCV-2021-A003965|ICCV-2021-A003966,ICCV,2021,https://openaccess.thecvf.com/content/ICCV2021/html/Deng_TransVG_End-to-End_Visual_Grounding_With_Transformers_ICCV_2021_paper.html
ICCV-2021-P0802,Airbert: In-Domain Pretraining for Vision-and-Language Navigation,ICCV-2021-A003967|ICCV-2021-A003968|ICCV-2021-A003969|ICCV-2021-A003970|ICCV-2021-A003971,ICCV,2021,https://openaccess.thecvf.com/content/ICCV2021/html/Guhur_Airbert_In-Domain_Pretraining_for_Vision-and-Language_Navigation_ICCV_2021_paper.html
ICCV-2021-P0803,AdaSGN: Adapting Joint Number and Model Size for Efficient Skeleton-Based Action Recognition,ICCV-2021-A003972|ICCV-2021-A003973|ICCV-2021-A003974|ICCV-2021-A003975,ICCV,2021,https://openaccess.thecvf.com/content/ICCV2021/html/Shi_AdaSGN_Adapting_Joint_Number_and_Model_Size_for_Efficient_Skeleton-Based_ICCV_2021_paper.html
ICCV-2021-P0804,FOVEA: Foveated Image Magnification for Autonomous Navigation,ICCV-2021-A003976|ICCV-2021-A003977|ICCV-2021-A003978|ICCV-2021-A003979,ICCV,2021,https://openaccess.thecvf.com/content/ICCV2021/html/Thavamani_FOVEA_Foveated_Image_Magnification_for_Autonomous_Navigation_ICCV_2021_paper.html
ICCV-2021-P0805,4D-Net for Learned Multi-Modal Alignment,ICCV-2021-A003980|ICCV-2021-A003981|ICCV-2021-A003982|ICCV-2021-A003983,ICCV,2021,https://openaccess.thecvf.com/content/ICCV2021/html/Piergiovanni_4D-Net_for_Learned_Multi-Modal_Alignment_ICCV_2021_paper.html
ICCV-2021-P0806,Image Manipulation Detection by Multi-View Multi-Scale Supervision,ICCV-2021-A003984|ICCV-2021-A003985|ICCV-2021-A003986|ICCV-2021-A003987|ICCV-2021-A003988,ICCV,2021,https://openaccess.thecvf.com/content/ICCV2021/html/Chen_Image_Manipulation_Detection_by_Multi-View_Multi-Scale_Supervision_ICCV_2021_paper.html
ICCV-2021-P0807,Perturbed Self-Distillation: Weakly Supervised Large-Scale Point Cloud Semantic Segmentation,ICCV-2021-A003989|ICCV-2021-A003990|ICCV-2021-A003991|ICCV-2021-A003992|ICCV-2021-A003993|ICCV-2021-A003994,ICCV,2021,https://openaccess.thecvf.com/content/ICCV2021/html/Zhang_Perturbed_Self-Distillation_Weakly_Supervised_Large-Scale_Point_Cloud_Semantic_Segmentation_ICCV_2021_paper.html
ICCV-2021-P0808,Cherry-Picking Gradients: Learning Low-Rank Embeddings of Visual Data via Differentiable Cross-Approximation,ICCV-2021-A003995|ICCV-2021-A003996|ICCV-2021-A003997|ICCV-2021-A003998|ICCV-2021-A003999|ICCV-2021-A004000,ICCV,2021,https://openaccess.thecvf.com/content/ICCV2021/html/Usvyatsov_Cherry-Picking_Gradients_Learning_Low-Rank_Embeddings_of_Visual_Data_via_Differentiable_ICCV_2021_paper.html
ICCV-2021-P0809,EventHands: Real-Time Neural 3D Hand Pose Estimation From an Event Stream,ICCV-2021-A004001|ICCV-2021-A004002|ICCV-2021-A004003|ICCV-2021-A004004|ICCV-2021-A004005|ICCV-2021-A004006|ICCV-2021-A004007,ICCV,2021,https://openaccess.thecvf.com/content/ICCV2021/html/Rudnev_EventHands_Real-Time_Neural_3D_Hand_Pose_Estimation_From_an_Event_ICCV_2021_paper.html
ICCV-2021-P0810,Composable Augmentation Encoding for Video Representation Learning,ICCV-2021-A004008|ICCV-2021-A004009|ICCV-2021-A004010|ICCV-2021-A004011,ICCV,2021,https://openaccess.thecvf.com/content/ICCV2021/html/Sun_Composable_Augmentation_Encoding_for_Video_Representation_Learning_ICCV_2021_paper.html
ICCV-2021-P0811,Focus on the Positives: Self-Supervised Learning for Biodiversity Monitoring,ICCV-2021-A004012|ICCV-2021-A004013|ICCV-2021-A004014|ICCV-2021-A004015,ICCV,2021,https://openaccess.thecvf.com/content/ICCV2021/html/Pantazis_Focus_on_the_Positives_Self-Supervised_Learning_for_Biodiversity_Monitoring_ICCV_2021_paper.html
ICCV-2021-P0812,Bridging Unsupervised and Supervised Depth From Focus via All-in-Focus Supervision,ICCV-2021-A004016|ICCV-2021-A004017|ICCV-2021-A004018|ICCV-2021-A004019|ICCV-2021-A004020|ICCV-2021-A004021|ICCV-2021-A004022,ICCV,2021,https://openaccess.thecvf.com/content/ICCV2021/html/Wang_Bridging_Unsupervised_and_Supervised_Depth_From_Focus_via_All-in-Focus_Supervision_ICCV_2021_paper.html
ICCV-2021-P0813,DOLG: Single-Stage Image Retrieval With Deep Orthogonal Fusion of Local and Global Features,ICCV-2021-A004023|ICCV-2021-A004024|ICCV-2021-A004025|ICCV-2021-A004026|ICCV-2021-A004027|ICCV-2021-A004028|ICCV-2021-A004029|ICCV-2021-A004030,ICCV,2021,https://openaccess.thecvf.com/content/ICCV2021/html/Yang_DOLG_Single-Stage_Image_Retrieval_With_Deep_Orthogonal_Fusion_of_Local_ICCV_2021_paper.html
ICCV-2021-P0814,Learning Bias-Invariant Representation by Cross-Sample Mutual Information Minimization,ICCV-2021-A004031|ICCV-2021-A004032|ICCV-2021-A004033|ICCV-2021-A004034|ICCV-2021-A004035,ICCV,2021,https://openaccess.thecvf.com/content/ICCV2021/html/Zhu_Learning_Bias-Invariant_Representation_by_Cross-Sample_Mutual_Information_Minimization_ICCV_2021_paper.html
ICCV-2021-P0815,Selective Feature Compression for Efficient Activity Recognition Inference,ICCV-2021-A004036|ICCV-2021-A004037|ICCV-2021-A004038|ICCV-2021-A004039|ICCV-2021-A004040,ICCV,2021,https://openaccess.thecvf.com/content/ICCV2021/html/Liu_Selective_Feature_Compression_for_Efficient_Activity_Recognition_Inference_ICCV_2021_paper.html
ICCV-2021-P0816,Attention-Based Multi-Reference Learning for Image Super-Resolution,ICCV-2021-A004041|ICCV-2021-A004042|ICCV-2021-A004043,ICCV,2021,https://openaccess.thecvf.com/content/ICCV2021/html/Pesavento_Attention-Based_Multi-Reference_Learning_for_Image_Super-Resolution_ICCV_2021_paper.html
ICCV-2021-P0817,Spatial-Temporal Transformer for Dynamic Scene Graph Generation,ICCV-2021-A004044|ICCV-2021-A004045|ICCV-2021-A004046|ICCV-2021-A004047|ICCV-2021-A004048,ICCV,2021,https://openaccess.thecvf.com/content/ICCV2021/html/Cong_Spatial-Temporal_Transformer_for_Dynamic_Scene_Graph_Generation_ICCV_2021_paper.html
ICCV-2021-P0818,Deep Transport Network for Unsupervised Video Object Segmentation,ICCV-2021-A004049|ICCV-2021-A004050|ICCV-2021-A004051|ICCV-2021-A004052|ICCV-2021-A004053,ICCV,2021,https://openaccess.thecvf.com/content/ICCV2021/html/Zhang_Deep_Transport_Network_for_Unsupervised_Video_Object_Segmentation_ICCV_2021_paper.html
ICCV-2021-P0819,Densely Guided Knowledge Distillation Using Multiple Teacher Assistants,ICCV-2021-A004054|ICCV-2021-A004055|ICCV-2021-A004056|ICCV-2021-A004057,ICCV,2021,https://openaccess.thecvf.com/content/ICCV2021/html/Son_Densely_Guided_Knowledge_Distillation_Using_Multiple_Teacher_Assistants_ICCV_2021_paper.html
ICCV-2021-P0820,Pi-NAS: Improving Neural Architecture Search by Reducing Supernet Training Consistency Shift,ICCV-2021-A004058|ICCV-2021-A004059|ICCV-2021-A004060|ICCV-2021-A004061|ICCV-2021-A004062|ICCV-2021-A004063,ICCV,2021,https://openaccess.thecvf.com/content/ICCV2021/html/Peng_Pi-NAS_Improving_Neural_Architecture_Search_by_Reducing_Supernet_Training_Consistency_ICCV_2021_paper.html
ICCV-2021-P0821,Grounding Consistency: Distilling Spatial Common Sense for Precise Visual Relationship Detection,ICCV-2021-A004064|ICCV-2021-A004065|ICCV-2021-A004066|ICCV-2021-A004067,ICCV,2021,https://openaccess.thecvf.com/content/ICCV2021/html/Diomataris_Grounding_Consistency_Distilling_Spatial_Common_Sense_for_Precise_Visual_Relationship_ICCV_2021_paper.html
ICCV-2021-P0822,Bridging the Gap Between Label- and Reference-Based Synthesis in Multi-Attribute Image-to-Image Translation,ICCV-2021-A004068|ICCV-2021-A004069|ICCV-2021-A004070|ICCV-2021-A004071|ICCV-2021-A004072,ICCV,2021,https://openaccess.thecvf.com/content/ICCV2021/html/Huang_Bridging_the_Gap_Between_Label-_and_Reference-Based_Synthesis_in_Multi-Attribute_ICCV_2021_paper.html
ICCV-2021-P0823,A Broad Study on the Transferability of Visual Representations With Contrastive Learning,ICCV-2021-A004073|ICCV-2021-A004074|ICCV-2021-A004075|ICCV-2021-A004076|ICCV-2021-A004077|ICCV-2021-A004078,ICCV,2021,https://openaccess.thecvf.com/content/ICCV2021/html/Islam_A_Broad_Study_on_the_Transferability_of_Visual_Representations_With_ICCV_2021_paper.html
ICCV-2021-P0824,Bayesian Deep Basis Fitting for Depth Completion With Uncertainty,ICCV-2021-A004079|ICCV-2021-A004080|ICCV-2021-A004081,ICCV,2021,https://openaccess.thecvf.com/content/ICCV2021/html/Qu_Bayesian_Deep_Basis_Fitting_for_Depth_Completion_With_Uncertainty_ICCV_2021_paper.html
ICCV-2021-P0825,P2-Net: Joint Description and Detection of Local Features for Pixel and Point Matching,ICCV-2021-A004082|ICCV-2021-A004083|ICCV-2021-A004084|ICCV-2021-A004085|ICCV-2021-A004086|ICCV-2021-A004087|ICCV-2021-A004088|ICCV-2021-A004089|ICCV-2021-A004090|ICCV-2021-A004091|ICCV-2021-A004092,ICCV,2021,https://openaccess.thecvf.com/content/ICCV2021/html/Wang_P2-Net_Joint_Description_and_Detection_of_Local_Features_for_Pixel_ICCV_2021_paper.html
ICCV-2021-P0826,Cross-Modality Person Re-Identification via Modality Confusion and Center Aggregation,ICCV-2021-A004093|ICCV-2021-A004094|ICCV-2021-A004095|ICCV-2021-A004096,ICCV,2021,https://openaccess.thecvf.com/content/ICCV2021/html/Hao_Cross-Modality_Person_Re-Identification_via_Modality_Confusion_and_Center_Aggregation_ICCV_2021_paper.html
ICCV-2021-P0827,StructDepth: Leveraging the Structural Regularities for Self-Supervised Indoor Depth Estimation,ICCV-2021-A004097|ICCV-2021-A004098|ICCV-2021-A004099|ICCV-2021-A004100|ICCV-2021-A004101,ICCV,2021,https://openaccess.thecvf.com/content/ICCV2021/html/Li_StructDepth_Leveraging_the_Structural_Regularities_for_Self-Supervised_Indoor_Depth_Estimation_ICCV_2021_paper.html
ICCV-2021-P0828,LSG-CPD: Coherent Point Drift With Local Surface Geometry for Point Cloud Registration,ICCV-2021-A004102|ICCV-2021-A004103|ICCV-2021-A004104,ICCV,2021,https://openaccess.thecvf.com/content/ICCV2021/html/Liu_LSG-CPD_Coherent_Point_Drift_With_Local_Surface_Geometry_for_Point_ICCV_2021_paper.html
ICCV-2021-P0829,ISD: Self-Supervised Learning by Iterative Similarity Distillation,ICCV-2021-A004105|ICCV-2021-A004106|ICCV-2021-A004107|ICCV-2021-A004108|ICCV-2021-A004109,ICCV,2021,https://openaccess.thecvf.com/content/ICCV2021/html/Tejankar_ISD_Self-Supervised_Learning_by_Iterative_Similarity_Distillation_ICCV_2021_paper.html
ICCV-2021-P0830,An Empirical Study of the Collapsing Problem in Semi-Supervised 2D Human Pose Estimation,ICCV-2021-A004110|ICCV-2021-A004111|ICCV-2021-A004112|ICCV-2021-A004113,ICCV,2021,https://openaccess.thecvf.com/content/ICCV2021/html/Xie_An_Empirical_Study_of_the_Collapsing_Problem_in_Semi-Supervised_2D_ICCV_2021_paper.html
ICCV-2021-P0831,Support-Set Based Cross-Supervision for Video Grounding,ICCV-2021-A004114|ICCV-2021-A004115|ICCV-2021-A004116|ICCV-2021-A004117|ICCV-2021-A004118|ICCV-2021-A004119|ICCV-2021-A004120|ICCV-2021-A004121,ICCV,2021,https://openaccess.thecvf.com/content/ICCV2021/html/Ding_Support-Set_Based_Cross-Supervision_for_Video_Grounding_ICCV_2021_paper.html
ICCV-2021-P0832,Voxel-Based Network for Shape Completion by Leveraging Edge Generation,ICCV-2021-A004122|ICCV-2021-A004123|ICCV-2021-A004124,ICCV,2021,https://openaccess.thecvf.com/content/ICCV2021/html/Wang_Voxel-Based_Network_for_Shape_Completion_by_Leveraging_Edge_Generation_ICCV_2021_paper.html
ICCV-2021-P0833,THUNDR: Transformer-Based 3D Human Reconstruction With Markers,ICCV-2021-A004125|ICCV-2021-A004126|ICCV-2021-A004127|ICCV-2021-A004128|ICCV-2021-A004129|ICCV-2021-A004130,ICCV,2021,https://openaccess.thecvf.com/content/ICCV2021/html/Zanfir_THUNDR_Transformer-Based_3D_Human_Reconstruction_With_Markers_ICCV_2021_paper.html
ICCV-2021-P0834,Instance-Level Image Retrieval Using Reranking Transformers,ICCV-2021-A004131|ICCV-2021-A004132|ICCV-2021-A004133,ICCV,2021,https://openaccess.thecvf.com/content/ICCV2021/html/Tan_Instance-Level_Image_Retrieval_Using_Reranking_Transformers_ICCV_2021_paper.html
ICCV-2021-P0835,Accelerating Atmospheric Turbulence Simulation via Learned Phase-to-Space Transform,ICCV-2021-A004134|ICCV-2021-A004135|ICCV-2021-A004136,ICCV,2021,https://openaccess.thecvf.com/content/ICCV2021/html/Mao_Accelerating_Atmospheric_Turbulence_Simulation_via_Learned_Phase-to-Space_Transform_ICCV_2021_paper.html
ICCV-2021-P0836,Learning To Stylize Novel Views,ICCV-2021-A004137|ICCV-2021-A004138|ICCV-2021-A004139|ICCV-2021-A004140|ICCV-2021-A004141,ICCV,2021,https://openaccess.thecvf.com/content/ICCV2021/html/Huang_Learning_To_Stylize_Novel_Views_ICCV_2021_paper.html
ICCV-2021-P0837,Region-Aware Contrastive Learning for Semantic Segmentation,ICCV-2021-A004142|ICCV-2021-A004143|ICCV-2021-A004144,ICCV,2021,https://openaccess.thecvf.com/content/ICCV2021/html/Hu_Region-Aware_Contrastive_Learning_for_Semantic_Segmentation_ICCV_2021_paper.html
ICCV-2021-P0838,Self-Supervised Real-to-Sim Scene Generation,ICCV-2021-A004145|ICCV-2021-A004146|ICCV-2021-A004147|ICCV-2021-A004148|ICCV-2021-A004149|ICCV-2021-A004150|ICCV-2021-A004151,ICCV,2021,https://openaccess.thecvf.com/content/ICCV2021/html/Prakash_Self-Supervised_Real-to-Sim_Scene_Generation_ICCV_2021_paper.html
ICCV-2021-P0839,GP-S3Net: Graph-Based Panoptic Sparse Semantic Segmentation Network,ICCV-2021-A004152|ICCV-2021-A004153|ICCV-2021-A004154|ICCV-2021-A004155|ICCV-2021-A004156|ICCV-2021-A004157,ICCV,2021,https://openaccess.thecvf.com/content/ICCV2021/html/Razani_GP-S3Net_Graph-Based_Panoptic_Sparse_Semantic_Segmentation_Network_ICCV_2021_paper.html
ICCV-2021-P0840,Learning From Noisy Data With Robust Representation Learning,ICCV-2021-A004158|ICCV-2021-A004159|ICCV-2021-A004160,ICCV,2021,https://openaccess.thecvf.com/content/ICCV2021/html/Li_Learning_From_Noisy_Data_With_Robust_Representation_Learning_ICCV_2021_paper.html
ICCV-2021-P0841,Self-Supervised 3D Skeleton Action Representation Learning With Motion Consistency and Continuity,ICCV-2021-A004161|ICCV-2021-A004162|ICCV-2021-A004163,ICCV,2021,https://openaccess.thecvf.com/content/ICCV2021/html/Su_Self-Supervised_3D_Skeleton_Action_Representation_Learning_With_Motion_Consistency_and_ICCV_2021_paper.html
ICCV-2021-P0842,Sketch Your Own GAN,ICCV-2021-A004164|ICCV-2021-A004165|ICCV-2021-A004166,ICCV,2021,https://openaccess.thecvf.com/content/ICCV2021/html/Wang_Sketch_Your_Own_GAN_ICCV_2021_paper.html
ICCV-2021-P0843,iPOKE: Poking a Still Image for Controlled Stochastic Video Synthesis,ICCV-2021-A004167|ICCV-2021-A004168|ICCV-2021-A004169|ICCV-2021-A004170,ICCV,2021,https://openaccess.thecvf.com/content/ICCV2021/html/Blattmann_iPOKE_Poking_a_Still_Image_for_Controlled_Stochastic_Video_Synthesis_ICCV_2021_paper.html
ICCV-2021-P0844,Neural Radiance Flow for 4D View Synthesis and Video Processing,ICCV-2021-A004171|ICCV-2021-A004172|ICCV-2021-A004173|ICCV-2021-A004174|ICCV-2021-A004175,ICCV,2021,https://openaccess.thecvf.com/content/ICCV2021/html/Du_Neural_Radiance_Flow_for_4D_View_Synthesis_and_Video_Processing_ICCV_2021_paper.html
ICCV-2021-P0845,Assignment-Space-Based Multi-Object Tracking and Segmentation,ICCV-2021-A004176|ICCV-2021-A004177|ICCV-2021-A004178,ICCV,2021,https://openaccess.thecvf.com/content/ICCV2021/html/Choudhuri_Assignment-Space-Based_Multi-Object_Tracking_and_Segmentation_ICCV_2021_paper.html
ICCV-2021-P0846,R-MSFM: Recurrent Multi-Scale Feature Modulation for Monocular Depth Estimating,ICCV-2021-A004179|ICCV-2021-A004180|ICCV-2021-A004181|ICCV-2021-A004182,ICCV,2021,https://openaccess.thecvf.com/content/ICCV2021/html/Zhou_R-MSFM_Recurrent_Multi-Scale_Feature_Modulation_for_Monocular_Depth_Estimating_ICCV_2021_paper.html
ICCV-2021-P0847,Spatially Conditioned Graphs for Detecting Human-Object Interactions,ICCV-2021-A004183|ICCV-2021-A004184|ICCV-2021-A004185,ICCV,2021,https://openaccess.thecvf.com/content/ICCV2021/html/Zhang_Spatially_Conditioned_Graphs_for_Detecting_Human-Object_Interactions_ICCV_2021_paper.html
ICCV-2021-P0848,End-to-End Detection and Pose Estimation of Two Interacting Hands,ICCV-2021-A004186|ICCV-2021-A004187|ICCV-2021-A004188,ICCV,2021,https://openaccess.thecvf.com/content/ICCV2021/html/Kim_End-to-End_Detection_and_Pose_Estimation_of_Two_Interacting_Hands_ICCV_2021_paper.html
ICCV-2021-P0849,Fog Simulation on Real LiDAR Point Clouds for 3D Object Detection in Adverse Weather,ICCV-2021-A004189|ICCV-2021-A004190|ICCV-2021-A004191|ICCV-2021-A004192,ICCV,2021,https://openaccess.thecvf.com/content/ICCV2021/html/Hahner_Fog_Simulation_on_Real_LiDAR_Point_Clouds_for_3D_Object_ICCV_2021_paper.html
ICCV-2021-P0850,Revisiting Adversarial Robustness Distillation: Robust Soft Labels Make Student Better,ICCV-2021-A004193|ICCV-2021-A004194|ICCV-2021-A004195|ICCV-2021-A004196,ICCV,2021,https://openaccess.thecvf.com/content/ICCV2021/html/Zi_Revisiting_Adversarial_Robustness_Distillation_Robust_Soft_Labels_Make_Student_Better_ICCV_2021_paper.html
ICCV-2021-P0851,Joint Inductive and Transductive Learning for Video Object Segmentation,ICCV-2021-A004197|ICCV-2021-A004198|ICCV-2021-A004199|ICCV-2021-A004200,ICCV,2021,https://openaccess.thecvf.com/content/ICCV2021/html/Mao_Joint_Inductive_and_Transductive_Learning_for_Video_Object_Segmentation_ICCV_2021_paper.html
ICCV-2021-P0852,Skeleton Cloud Colorization for Unsupervised 3D Action Representation Learning,ICCV-2021-A004201|ICCV-2021-A004202|ICCV-2021-A004203|ICCV-2021-A004204|ICCV-2021-A004205,ICCV,2021,https://openaccess.thecvf.com/content/ICCV2021/html/Yang_Skeleton_Cloud_Colorization_for_Unsupervised_3D_Action_Representation_Learning_ICCV_2021_paper.html
ICCV-2021-P0853,Latent Transformations via NeuralODEs for GAN-Based Image Editing,ICCV-2021-A004206|ICCV-2021-A004207|ICCV-2021-A004208|ICCV-2021-A004209,ICCV,2021,https://openaccess.thecvf.com/content/ICCV2021/html/Khrulkov_Latent_Transformations_via_NeuralODEs_for_GAN-Based_Image_Editing_ICCV_2021_paper.html
ICCV-2021-P0854,DECA: Deep Viewpoint-Equivariant Human Pose Estimation Using Capsule Autoencoders,ICCV-2021-A004210|ICCV-2021-A004211|ICCV-2021-A004212|ICCV-2021-A004213,ICCV,2021,https://openaccess.thecvf.com/content/ICCV2021/html/Garau_DECA_Deep_Viewpoint-Equivariant_Human_Pose_Estimation_Using_Capsule_Autoencoders_ICCV_2021_paper.html
ICCV-2021-P0855,Geometry-Free View Synthesis: Transformers and No 3D Priors,ICCV-2021-A004214|ICCV-2021-A004215|ICCV-2021-A004216,ICCV,2021,https://openaccess.thecvf.com/content/ICCV2021/html/Rombach_Geometry-Free_View_Synthesis_Transformers_and_No_3D_Priors_ICCV_2021_paper.html
ICCV-2021-P0856,Salient Object Ranking With Position-Preserved Attention,ICCV-2021-A004217|ICCV-2021-A004218|ICCV-2021-A004219|ICCV-2021-A004220|ICCV-2021-A004221|ICCV-2021-A004222|ICCV-2021-A004223|ICCV-2021-A004224,ICCV,2021,https://openaccess.thecvf.com/content/ICCV2021/html/Fang_Salient_Object_Ranking_With_Position-Preserved_Attention_ICCV_2021_paper.html
ICCV-2021-P0857,DetCo: Unsupervised Contrastive Learning for Object Detection,ICCV-2021-A004225|ICCV-2021-A004226|ICCV-2021-A004227|ICCV-2021-A004228|ICCV-2021-A004229|ICCV-2021-A004230|ICCV-2021-A004231|ICCV-2021-A004232,ICCV,2021,https://openaccess.thecvf.com/content/ICCV2021/html/Xie_DetCo_Unsupervised_Contrastive_Learning_for_Object_Detection_ICCV_2021_paper.html
ICCV-2021-P0858,Clothing Status Awareness for Long-Term Person Re-Identification,ICCV-2021-A004233|ICCV-2021-A004234|ICCV-2021-A004235|ICCV-2021-A004236|ICCV-2021-A004237,ICCV,2021,https://openaccess.thecvf.com/content/ICCV2021/html/Huang_Clothing_Status_Awareness_for_Long-Term_Person_Re-Identification_ICCV_2021_paper.html
ICCV-2021-P0859,Exploring Temporal Coherence for More General Video Face Forgery Detection,ICCV-2021-A004238|ICCV-2021-A004239|ICCV-2021-A004240|ICCV-2021-A004241|ICCV-2021-A004242,ICCV,2021,https://openaccess.thecvf.com/content/ICCV2021/html/Zheng_Exploring_Temporal_Coherence_for_More_General_Video_Face_Forgery_Detection_ICCV_2021_paper.html
ICCV-2021-P0860,Image Synthesis via Semantic Composition,ICCV-2021-A004243|ICCV-2021-A004244|ICCV-2021-A004245|ICCV-2021-A004246|ICCV-2021-A004247,ICCV,2021,https://openaccess.thecvf.com/content/ICCV2021/html/Wang_Image_Synthesis_via_Semantic_Composition_ICCV_2021_paper.html
ICCV-2021-P0861,Temporally-Coherent Surface Reconstruction via Metric-Consistent Atlases,ICCV-2021-A004248|ICCV-2021-A004249|ICCV-2021-A004250|ICCV-2021-A004251|ICCV-2021-A004252|ICCV-2021-A004253|ICCV-2021-A004254,ICCV,2021,https://openaccess.thecvf.com/content/ICCV2021/html/Bednarik_Temporally-Coherent_Surface_Reconstruction_via_Metric-Consistent_Atlases_ICCV_2021_paper.html
ICCV-2021-P0862,Online Continual Learning With Natural Distribution Shifts: An Empirical Study With Visual Data,ICCV-2021-A004255|ICCV-2021-A004256|ICCV-2021-A004257,ICCV,2021,https://openaccess.thecvf.com/content/ICCV2021/html/Cai_Online_Continual_Learning_With_Natural_Distribution_Shifts_An_Empirical_Study_ICCV_2021_paper.html
ICCV-2021-P0863,Social Fabric: Tubelet Compositions for Video Relation Detection,ICCV-2021-A004258|ICCV-2021-A004259|ICCV-2021-A004260|ICCV-2021-A004261,ICCV,2021,https://openaccess.thecvf.com/content/ICCV2021/html/Chen_Social_Fabric_Tubelet_Compositions_for_Video_Relation_Detection_ICCV_2021_paper.html
ICCV-2021-P0864,On Feature Decorrelation in Self-Supervised Learning,ICCV-2021-A004262|ICCV-2021-A004263|ICCV-2021-A004264|ICCV-2021-A004265|ICCV-2021-A004266|ICCV-2021-A004267,ICCV,2021,https://openaccess.thecvf.com/content/ICCV2021/html/Hua_On_Feature_Decorrelation_in_Self-Supervised_Learning_ICCV_2021_paper.html
ICCV-2021-P0865,Low Curvature Activations Reduce Overfitting in Adversarial Training,ICCV-2021-A004268|ICCV-2021-A004269|ICCV-2021-A004270|ICCV-2021-A004271,ICCV,2021,https://openaccess.thecvf.com/content/ICCV2021/html/Singla_Low_Curvature_Activations_Reduce_Overfitting_in_Adversarial_Training_ICCV_2021_paper.html
ICCV-2021-P0866,Adaptive Focus for Efficient Video Recognition,ICCV-2021-A004272|ICCV-2021-A004273|ICCV-2021-A004274|ICCV-2021-A004275|ICCV-2021-A004276|ICCV-2021-A004277,ICCV,2021,https://openaccess.thecvf.com/content/ICCV2021/html/Wang_Adaptive_Focus_for_Efficient_Video_Recognition_ICCV_2021_paper.html
ICCV-2021-P0867,Audio2Gestures: Generating Diverse Gestures From Speech Audio With Conditional Variational Autoencoders,ICCV-2021-A004278|ICCV-2021-A004279|ICCV-2021-A004280|ICCV-2021-A004281|ICCV-2021-A004282|ICCV-2021-A004283|ICCV-2021-A004284,ICCV,2021,https://openaccess.thecvf.com/content/ICCV2021/html/Li_Audio2Gestures_Generating_Diverse_Gestures_From_Speech_Audio_With_Conditional_Variational_ICCV_2021_paper.html
ICCV-2021-P0868,LeViT: A Vision Transformer in ConvNet's Clothing for Faster Inference,ICCV-2021-A004285|ICCV-2021-A004286|ICCV-2021-A004287|ICCV-2021-A004288|ICCV-2021-A004289|ICCV-2021-A004290|ICCV-2021-A004291,ICCV,2021,https://openaccess.thecvf.com/content/ICCV2021/html/Graham_LeViT_A_Vision_Transformer_in_ConvNets_Clothing_for_Faster_Inference_ICCV_2021_paper.html
ICCV-2021-P0869,Active Universal Domain Adaptation,ICCV-2021-A004292|ICCV-2021-A004293|ICCV-2021-A004294,ICCV,2021,https://openaccess.thecvf.com/content/ICCV2021/html/Ma_Active_Universal_Domain_Adaptation_ICCV_2021_paper.html
ICCV-2021-P0870,FairNAS: Rethinking Evaluation Fairness of Weight Sharing Neural Architecture Search,ICCV-2021-A004295|ICCV-2021-A004296|ICCV-2021-A004297,ICCV,2021,https://openaccess.thecvf.com/content/ICCV2021/html/Chu_FairNAS_Rethinking_Evaluation_Fairness_of_Weight_Sharing_Neural_Architecture_Search_ICCV_2021_paper.html
ICCV-2021-P0871,Keep CALM and Improve Visual Feature Attribution,ICCV-2021-A004298|ICCV-2021-A004299|ICCV-2021-A004300|ICCV-2021-A004301,ICCV,2021,https://openaccess.thecvf.com/content/ICCV2021/html/Kim_Keep_CALM_and_Improve_Visual_Feature_Attribution_ICCV_2021_paper.html
ICCV-2021-P0872,Rethinking 360deg Image Visual Attention Modelling With Unsupervised Learning.,ICCV-2021-A004302|ICCV-2021-A004303|ICCV-2021-A004304|ICCV-2021-A004305,ICCV,2021,https://openaccess.thecvf.com/content/ICCV2021/html/Djilali_Rethinking_360deg_Image_Visual_Attention_Modelling_With_Unsupervised_Learning._ICCV_2021_paper.html
ICCV-2021-P0873,Lipschitz Continuity Guided Knowledge Distillation,ICCV-2021-A004306|ICCV-2021-A004307|ICCV-2021-A004308|ICCV-2021-A004309|ICCV-2021-A004310,ICCV,2021,https://openaccess.thecvf.com/content/ICCV2021/html/Shang_Lipschitz_Continuity_Guided_Knowledge_Distillation_ICCV_2021_paper.html
ICCV-2021-P0874,Instance Similarity Learning for Unsupervised Feature Representation,ICCV-2021-A004311|ICCV-2021-A004312|ICCV-2021-A004313|ICCV-2021-A004314|ICCV-2021-A004315,ICCV,2021,https://openaccess.thecvf.com/content/ICCV2021/html/Wang_Instance_Similarity_Learning_for_Unsupervised_Feature_Representation_ICCV_2021_paper.html
ICCV-2021-P0875,Unlimited Neighborhood Interaction for Heterogeneous Trajectory Prediction,ICCV-2021-A004316|ICCV-2021-A004317|ICCV-2021-A004318|ICCV-2021-A004319|ICCV-2021-A004320|ICCV-2021-A004321|ICCV-2021-A004322,ICCV,2021,https://openaccess.thecvf.com/content/ICCV2021/html/Zheng_Unlimited_Neighborhood_Interaction_for_Heterogeneous_Trajectory_Prediction_ICCV_2021_paper.html
ICCV-2021-P0876,LatentCLR: A Contrastive Learning Approach for Unsupervised Discovery of Interpretable Directions,ICCV-2021-A004323|ICCV-2021-A004324|ICCV-2021-A004325|ICCV-2021-A004326,ICCV,2021,https://openaccess.thecvf.com/content/ICCV2021/html/Yuksel_LatentCLR_A_Contrastive_Learning_Approach_for_Unsupervised_Discovery_of_Interpretable_ICCV_2021_paper.html
ICCV-2021-P0877,Few-Shot Visual Relationship Co-Localization,ICCV-2021-A004327|ICCV-2021-A004328|ICCV-2021-A004329|ICCV-2021-A004330,ICCV,2021,https://openaccess.thecvf.com/content/ICCV2021/html/Teotia_Few-Shot_Visual_Relationship_Co-Localization_ICCV_2021_paper.html
ICCV-2021-P0878,RFNet: Recurrent Forward Network for Dense Point Cloud Completion,ICCV-2021-A004331|ICCV-2021-A004332|ICCV-2021-A004333|ICCV-2021-A004334|ICCV-2021-A004335|ICCV-2021-A004336|ICCV-2021-A004337|ICCV-2021-A004338|ICCV-2021-A004339|ICCV-2021-A004340,ICCV,2021,https://openaccess.thecvf.com/content/ICCV2021/html/Huang_RFNet_Recurrent_Forward_Network_for_Dense_Point_Cloud_Completion_ICCV_2021_paper.html
ICCV-2021-P0879,PoinTr: Diverse Point Cloud Completion With Geometry-Aware Transformers,ICCV-2021-A004341|ICCV-2021-A004342|ICCV-2021-A004343|ICCV-2021-A004344|ICCV-2021-A004345|ICCV-2021-A004346,ICCV,2021,https://openaccess.thecvf.com/content/ICCV2021/html/Yu_PoinTr_Diverse_Point_Cloud_Completion_With_Geometry-Aware_Transformers_ICCV_2021_paper.html
ICCV-2021-P0880,Learn-To-Race: A Multimodal Control Environment for Autonomous Racing,ICCV-2021-A004347|ICCV-2021-A004348|ICCV-2021-A004349|ICCV-2021-A004350|ICCV-2021-A004351|ICCV-2021-A004352|ICCV-2021-A004353|ICCV-2021-A004354|ICCV-2021-A004355|ICCV-2021-A004356,ICCV,2021,https://openaccess.thecvf.com/content/ICCV2021/html/Herman_Learn-To-Race_A_Multimodal_Control_Environment_for_Autonomous_Racing_ICCV_2021_paper.html
ICCV-2021-P0881,SignBERT: Pre-Training of Hand-Model-Aware Representation for Sign Language Recognition,ICCV-2021-A004357|ICCV-2021-A004358|ICCV-2021-A004359|ICCV-2021-A004360|ICCV-2021-A004361,ICCV,2021,https://openaccess.thecvf.com/content/ICCV2021/html/Hu_SignBERT_Pre-Training_of_Hand-Model-Aware_Representation_for_Sign_Language_Recognition_ICCV_2021_paper.html
ICCV-2021-P0882,Probabilistic Modeling for Human Mesh Recovery,ICCV-2021-A004362|ICCV-2021-A004363|ICCV-2021-A004364|ICCV-2021-A004365,ICCV,2021,https://openaccess.thecvf.com/content/ICCV2021/html/Kolotouros_Probabilistic_Modeling_for_Human_Mesh_Recovery_ICCV_2021_paper.html
ICCV-2021-P0883,Understanding and Mitigating Annotation Bias in Facial Expression Recognition,ICCV-2021-A004366|ICCV-2021-A004367,ICCV,2021,https://openaccess.thecvf.com/content/ICCV2021/html/Chen_Understanding_and_Mitigating_Annotation_Bias_in_Facial_Expression_Recognition_ICCV_2021_paper.html
ICCV-2021-P0884,Reality Transform Adversarial Generators for Image Splicing Forgery Detection and Localization,ICCV-2021-A004368|ICCV-2021-A004369|ICCV-2021-A004370,ICCV,2021,https://openaccess.thecvf.com/content/ICCV2021/html/Bi_Reality_Transform_Adversarial_Generators_for_Image_Splicing_Forgery_Detection_and_ICCV_2021_paper.html
ICCV-2021-P0885,Learning To Regress Bodies From Images Using Differentiable Semantic Rendering,ICCV-2021-A004371|ICCV-2021-A004372|ICCV-2021-A004373|ICCV-2021-A004374,ICCV,2021,https://openaccess.thecvf.com/content/ICCV2021/html/Dwivedi_Learning_To_Regress_Bodies_From_Images_Using_Differentiable_Semantic_Rendering_ICCV_2021_paper.html
ICCV-2021-P0886,Bifold and Semantic Reasoning for Pedestrian Behavior Prediction,ICCV-2021-A004375|ICCV-2021-A004376|ICCV-2021-A004377,ICCV,2021,https://openaccess.thecvf.com/content/ICCV2021/html/Rasouli_Bifold_and_Semantic_Reasoning_for_Pedestrian_Behavior_Prediction_ICCV_2021_paper.html
ICCV-2021-P0887,Learning Target Candidate Association To Keep Track of What Not To Track,ICCV-2021-A004378|ICCV-2021-A004379|ICCV-2021-A004380|ICCV-2021-A004381,ICCV,2021,https://openaccess.thecvf.com/content/ICCV2021/html/Mayer_Learning_Target_Candidate_Association_To_Keep_Track_of_What_Not_ICCV_2021_paper.html
ICCV-2021-P0888,VolumeFusion: Deep Depth Fusion for 3D Scene Reconstruction,ICCV-2021-A004382|ICCV-2021-A004383|ICCV-2021-A004384|ICCV-2021-A004385|ICCV-2021-A004386,ICCV,2021,https://openaccess.thecvf.com/content/ICCV2021/html/Choe_VolumeFusion_Deep_Depth_Fusion_for_3D_Scene_Reconstruction_ICCV_2021_paper.html
ICCV-2021-P0889,Black-Box Detection of Backdoor Attacks With Limited Information and Data,ICCV-2021-A004387|ICCV-2021-A004388|ICCV-2021-A004389|ICCV-2021-A004390|ICCV-2021-A004391|ICCV-2021-A004392|ICCV-2021-A004393,ICCV,2021,https://openaccess.thecvf.com/content/ICCV2021/html/Dong_Black-Box_Detection_of_Backdoor_Attacks_With_Limited_Information_and_Data_ICCV_2021_paper.html
ICCV-2021-P0890,Semantic Concentration for Domain Adaptation,ICCV-2021-A004394|ICCV-2021-A004395|ICCV-2021-A004396|ICCV-2021-A004397|ICCV-2021-A004398|ICCV-2021-A004399|ICCV-2021-A004400,ICCV,2021,https://openaccess.thecvf.com/content/ICCV2021/html/Li_Semantic_Concentration_for_Domain_Adaptation_ICCV_2021_paper.html
ICCV-2021-P0891,Distributional Robustness Loss for Long-Tail Learning,ICCV-2021-A004401|ICCV-2021-A004402,ICCV,2021,https://openaccess.thecvf.com/content/ICCV2021/html/Samuel_Distributional_Robustness_Loss_for_Long-Tail_Learning_ICCV_2021_paper.html
ICCV-2021-P0892,Exploring Simple 3D Multi-Object Tracking for Autonomous Driving,ICCV-2021-A004403|ICCV-2021-A004404|ICCV-2021-A004405,ICCV,2021,https://openaccess.thecvf.com/content/ICCV2021/html/Luo_Exploring_Simple_3D_Multi-Object_Tracking_for_Autonomous_Driving_ICCV_2021_paper.html
ICCV-2021-P0893,LoOp: Looking for Optimal Hard Negative Embeddings for Deep Metric Learning,ICCV-2021-A004406|ICCV-2021-A004407|ICCV-2021-A004408|ICCV-2021-A004409|ICCV-2021-A004410,ICCV,2021,https://openaccess.thecvf.com/content/ICCV2021/html/Vasudeva_LoOp_Looking_for_Optimal_Hard_Negative_Embeddings_for_Deep_Metric_ICCV_2021_paper.html
ICCV-2021-P0894,Motion Basis Learning for Unsupervised Deep Homography Estimation With Subspace Projection,ICCV-2021-A004411|ICCV-2021-A004412|ICCV-2021-A004413|ICCV-2021-A004414,ICCV,2021,https://openaccess.thecvf.com/content/ICCV2021/html/Ye_Motion_Basis_Learning_for_Unsupervised_Deep_Homography_Estimation_With_Subspace_ICCV_2021_paper.html
ICCV-2021-P0895,AI Choreographer: Music Conditioned 3D Dance Generation With AIST++,ICCV-2021-A004415|ICCV-2021-A004416|ICCV-2021-A004417|ICCV-2021-A004418,ICCV,2021,https://openaccess.thecvf.com/content/ICCV2021/html/Li_AI_Choreographer_Music_Conditioned_3D_Dance_Generation_With_AIST_ICCV_2021_paper.html
ICCV-2021-P0896,PU-EVA: An Edge-Vector Based Approximation Solution for Flexible-Scale Point Cloud Upsampling,ICCV-2021-A004419|ICCV-2021-A004420|ICCV-2021-A004421|ICCV-2021-A004422|ICCV-2021-A004423,ICCV,2021,https://openaccess.thecvf.com/content/ICCV2021/html/Luo_PU-EVA_An_Edge-Vector_Based_Approximation_Solution_for_Flexible-Scale_Point_Cloud_ICCV_2021_paper.html
ICCV-2021-P0897,Spatial Uncertainty-Aware Semi-Supervised Crowd Counting,ICCV-2021-A004424|ICCV-2021-A004425|ICCV-2021-A004426|ICCV-2021-A004427|ICCV-2021-A004428|ICCV-2021-A004429|ICCV-2021-A004430,ICCV,2021,https://openaccess.thecvf.com/content/ICCV2021/html/Meng_Spatial_Uncertainty-Aware_Semi-Supervised_Crowd_Counting_ICCV_2021_paper.html
ICCV-2021-P0898,SurfGen: Adversarial 3D Shape Synthesis With Explicit Surface Discriminators,ICCV-2021-A004431|ICCV-2021-A004432|ICCV-2021-A004433|ICCV-2021-A004434,ICCV,2021,https://openaccess.thecvf.com/content/ICCV2021/html/Luo_SurfGen_Adversarial_3D_Shape_Synthesis_With_Explicit_Surface_Discriminators_ICCV_2021_paper.html
ICCV-2021-P0899,TransReID: Transformer-Based Object Re-Identification,ICCV-2021-A004435|ICCV-2021-A004436|ICCV-2021-A004437|ICCV-2021-A004438|ICCV-2021-A004439|ICCV-2021-A004440,ICCV,2021,https://openaccess.thecvf.com/content/ICCV2021/html/He_TransReID_Transformer-Based_Object_Re-Identification_ICCV_2021_paper.html
ICCV-2021-P0900,Self-Mutual Distillation Learning for Continuous Sign Language Recognition,ICCV-2021-A004441|ICCV-2021-A004442|ICCV-2021-A004443,ICCV,2021,https://openaccess.thecvf.com/content/ICCV2021/html/Hao_Self-Mutual_Distillation_Learning_for_Continuous_Sign_Language_Recognition_ICCV_2021_paper.html
ICCV-2021-P0901,SOMA: Solving Optical Marker-Based MoCap Automatically,ICCV-2021-A004444|ICCV-2021-A004445,ICCV,2021,https://openaccess.thecvf.com/content/ICCV2021/html/Ghorbani_SOMA_Solving_Optical_Marker-Based_MoCap_Automatically_ICCV_2021_paper.html
ICCV-2021-P0902,In-the-Wild Single Camera 3D Reconstruction Through Moving Water Surfaces,ICCV-2021-A004446|ICCV-2021-A004447,ICCV,2021,https://openaccess.thecvf.com/content/ICCV2021/html/Xiong_In-the-Wild_Single_Camera_3D_Reconstruction_Through_Moving_Water_Surfaces_ICCV_2021_paper.html
ICCV-2021-P0903,Understanding Robustness of Transformers for Image Classification,ICCV-2021-A004448|ICCV-2021-A004449|ICCV-2021-A004450|ICCV-2021-A004451|ICCV-2021-A004452|ICCV-2021-A004453,ICCV,2021,https://openaccess.thecvf.com/content/ICCV2021/html/Bhojanapalli_Understanding_Robustness_of_Transformers_for_Image_Classification_ICCV_2021_paper.html
ICCV-2021-P0904,DenseTNT: End-to-End Trajectory Prediction From Dense Goal Sets,ICCV-2021-A004454|ICCV-2021-A004455|ICCV-2021-A004456,ICCV,2021,https://openaccess.thecvf.com/content/ICCV2021/html/Gu_DenseTNT_End-to-End_Trajectory_Prediction_From_Dense_Goal_Sets_ICCV_2021_paper.html
ICCV-2021-P0905,Segmentation-Grounded Scene Graph Generation,ICCV-2021-A004457|ICCV-2021-A004458|ICCV-2021-A004459,ICCV,2021,https://openaccess.thecvf.com/content/ICCV2021/html/Khandelwal_Segmentation-Grounded_Scene_Graph_Generation_ICCV_2021_paper.html
ICCV-2021-P0906,Geography-Aware Self-Supervised Learning,ICCV-2021-A004460|ICCV-2021-A004461|ICCV-2021-A004462|ICCV-2021-A004463|ICCV-2021-A004464|ICCV-2021-A004465|ICCV-2021-A004466,ICCV,2021,https://openaccess.thecvf.com/content/ICCV2021/html/Ayush_Geography-Aware_Self-Supervised_Learning_ICCV_2021_paper.html
ICCV-2021-P0907,Shape-Aware Multi-Person Pose Estimation From Multi-View Images,ICCV-2021-A004467|ICCV-2021-A004468|ICCV-2021-A004469|ICCV-2021-A004470|ICCV-2021-A004471,ICCV,2021,https://openaccess.thecvf.com/content/ICCV2021/html/Dong_Shape-Aware_Multi-Person_Pose_Estimation_From_Multi-View_Images_ICCV_2021_paper.html
ICCV-2021-P0908,Motion-Aware Dynamic Architecture for Efficient Frame Interpolation,ICCV-2021-A004472|ICCV-2021-A004473|ICCV-2021-A004474|ICCV-2021-A004475,ICCV,2021,https://openaccess.thecvf.com/content/ICCV2021/html/Choi_Motion-Aware_Dynamic_Architecture_for_Efficient_Frame_Interpolation_ICCV_2021_paper.html
ICCV-2021-P0909,Contrasting Contrastive Self-Supervised Representation Learning Pipelines,ICCV-2021-A004476|ICCV-2021-A004477|ICCV-2021-A004478|ICCV-2021-A004479|ICCV-2021-A004480,ICCV,2021,https://openaccess.thecvf.com/content/ICCV2021/html/Kotar_Contrasting_Contrastive_Self-Supervised_Representation_Learning_Pipelines_ICCV_2021_paper.html
ICCV-2021-P0910,Normalized Human Pose Features for Human Action Video Alignment,ICCV-2021-A004481|ICCV-2021-A004482|ICCV-2021-A004483|ICCV-2021-A004484|ICCV-2021-A004485,ICCV,2021,https://openaccess.thecvf.com/content/ICCV2021/html/Liu_Normalized_Human_Pose_Features_for_Human_Action_Video_Alignment_ICCV_2021_paper.html
ICCV-2021-P0911,Indoor Scene Generation From a Collection of Semantic-Segmented Depth Images,ICCV-2021-A004486|ICCV-2021-A004487|ICCV-2021-A004488|ICCV-2021-A004489,ICCV,2021,https://openaccess.thecvf.com/content/ICCV2021/html/Yang_Indoor_Scene_Generation_From_a_Collection_of_Semantic-Segmented_Depth_Images_ICCV_2021_paper.html
ICCV-2021-P0912,Keypoint Communities,ICCV-2021-A004490|ICCV-2021-A004491|ICCV-2021-A004492,ICCV,2021,https://openaccess.thecvf.com/content/ICCV2021/html/Zauss_Keypoint_Communities_ICCV_2021_paper.html
ICCV-2021-P0913,Can Scale-Consistent Monocular Depth Be Learned in a Self-Supervised Scale-Invariant Manner?,ICCV-2021-A004493|ICCV-2021-A004494|ICCV-2021-A004495|ICCV-2021-A004496|ICCV-2021-A004497|ICCV-2021-A004498,ICCV,2021,https://openaccess.thecvf.com/content/ICCV2021/html/Wang_Can_Scale-Consistent_Monocular_Depth_Be_Learned_in_a_Self-Supervised_Scale-Invariant_ICCV_2021_paper.html
ICCV-2021-P0914,Multi-Task Self-Training for Learning General Representations,ICCV-2021-A004499|ICCV-2021-A004500|ICCV-2021-A004501|ICCV-2021-A004502|ICCV-2021-A004503,ICCV,2021,https://openaccess.thecvf.com/content/ICCV2021/html/Ghiasi_Multi-Task_Self-Training_for_Learning_General_Representations_ICCV_2021_paper.html
ICCV-2021-P0915,Training Weakly Supervised Video Frame Interpolation With Events,ICCV-2021-A004504|ICCV-2021-A004505|ICCV-2021-A004506|ICCV-2021-A004507|ICCV-2021-A004508|ICCV-2021-A004509|ICCV-2021-A004510,ICCV,2021,https://openaccess.thecvf.com/content/ICCV2021/html/Yu_Training_Weakly_Supervised_Video_Frame_Interpolation_With_Events_ICCV_2021_paper.html
ICCV-2021-P0916,ID-Reveal: Identity-Aware DeepFake Video Detection,ICCV-2021-A004511|ICCV-2021-A004512|ICCV-2021-A004513|ICCV-2021-A004514|ICCV-2021-A004515,ICCV,2021,https://openaccess.thecvf.com/content/ICCV2021/html/Cozzolino_ID-Reveal_Identity-Aware_DeepFake_Video_Detection_ICCV_2021_paper.html
ICCV-2021-P0917,GAN-Control: Explicitly Controllable GANs,ICCV-2021-A004516|ICCV-2021-A004517|ICCV-2021-A004518|ICCV-2021-A004519,ICCV,2021,https://openaccess.thecvf.com/content/ICCV2021/html/Shoshan_GAN-Control_Explicitly_Controllable_GANs_ICCV_2021_paper.html
ICCV-2021-P0918,A Closer Look at Rotation-Invariant Deep Point Cloud Analysis,ICCV-2021-A004520|ICCV-2021-A004521|ICCV-2021-A004522|ICCV-2021-A004523,ICCV,2021,https://openaccess.thecvf.com/content/ICCV2021/html/Li_A_Closer_Look_at_Rotation-Invariant_Deep_Point_Cloud_Analysis_ICCV_2021_paper.html
ICCV-2021-P0919,Re-Energizing Domain Discriminator With Sample Relabeling for Adversarial Domain Adaptation,ICCV-2021-A004524|ICCV-2021-A004525|ICCV-2021-A004526|ICCV-2021-A004527,ICCV,2021,https://openaccess.thecvf.com/content/ICCV2021/html/Jin_Re-Energizing_Domain_Discriminator_With_Sample_Relabeling_for_Adversarial_Domain_Adaptation_ICCV_2021_paper.html
ICCV-2021-P0920,Learning To Adversarially Blur Visual Object Tracking,ICCV-2021-A004528|ICCV-2021-A004529|ICCV-2021-A004530|ICCV-2021-A004531|ICCV-2021-A004532|ICCV-2021-A004533|ICCV-2021-A004534,ICCV,2021,https://openaccess.thecvf.com/content/ICCV2021/html/Guo_Learning_To_Adversarially_Blur_Visual_Object_Tracking_ICCV_2021_paper.html
ICCV-2021-P0921,Few-Shot Image Classification: Just Use a Library of Pre-Trained Feature Extractors and a Simple Classifier,ICCV-2021-A004535|ICCV-2021-A004536|ICCV-2021-A004537|ICCV-2021-A004538,ICCV,2021,https://openaccess.thecvf.com/content/ICCV2021/html/Chowdhury_Few-Shot_Image_Classification_Just_Use_a_Library_of_Pre-Trained_Feature_ICCV_2021_paper.html
ICCV-2021-P0922,Orthogonal Projection Loss,ICCV-2021-A004539|ICCV-2021-A004540|ICCV-2021-A004541|ICCV-2021-A004542|ICCV-2021-A004543,ICCV,2021,https://openaccess.thecvf.com/content/ICCV2021/html/Ranasinghe_Orthogonal_Projection_Loss_ICCV_2021_paper.html
ICCV-2021-P0923,Deep Virtual Markers for Articulated 3D Shapes,ICCV-2021-A004544|ICCV-2021-A004545|ICCV-2021-A004546|ICCV-2021-A004547|ICCV-2021-A004548,ICCV,2021,https://openaccess.thecvf.com/content/ICCV2021/html/Kim_Deep_Virtual_Markers_for_Articulated_3D_Shapes_ICCV_2021_paper.html
ICCV-2021-P0924,One-Pass Multi-View Clustering for Large-Scale Data,ICCV-2021-A004549|ICCV-2021-A004550|ICCV-2021-A004551|ICCV-2021-A004552|ICCV-2021-A004553|ICCV-2021-A004554|ICCV-2021-A004555,ICCV,2021,https://openaccess.thecvf.com/content/ICCV2021/html/Liu_One-Pass_Multi-View_Clustering_for_Large-Scale_Data_ICCV_2021_paper.html
ICCV-2021-P0925,Knowledge-Enriched Distributional Model Inversion Attacks,ICCV-2021-A004556|ICCV-2021-A004557|ICCV-2021-A004558|ICCV-2021-A004559,ICCV,2021,https://openaccess.thecvf.com/content/ICCV2021/html/Chen_Knowledge-Enriched_Distributional_Model_Inversion_Attacks_ICCV_2021_paper.html
ICCV-2021-P0926,M3D-VTON: A Monocular-to-3D Virtual Try-On Network,ICCV-2021-A004560|ICCV-2021-A004561|ICCV-2021-A004562|ICCV-2021-A004563|ICCV-2021-A004564|ICCV-2021-A004565|ICCV-2021-A004566|ICCV-2021-A004567,ICCV,2021,https://openaccess.thecvf.com/content/ICCV2021/html/Zhao_M3D-VTON_A_Monocular-to-3D_Virtual_Try-On_Network_ICCV_2021_paper.html
ICCV-2021-P0927,Omni-GAN: On the Secrets of cGANs and Beyond,ICCV-2021-A004568|ICCV-2021-A004569|ICCV-2021-A004570|ICCV-2021-A004571|ICCV-2021-A004572,ICCV,2021,https://openaccess.thecvf.com/content/ICCV2021/html/Zhou_Omni-GAN_On_the_Secrets_of_cGANs_and_Beyond_ICCV_2021_paper.html
ICCV-2021-P0928,ACDC: The Adverse Conditions Dataset With Correspondences for Semantic Driving Scene Understanding,ICCV-2021-A004573|ICCV-2021-A004574|ICCV-2021-A004575,ICCV,2021,https://openaccess.thecvf.com/content/ICCV2021/html/Sakaridis_ACDC_The_Adverse_Conditions_Dataset_With_Correspondences_for_Semantic_Driving_ICCV_2021_paper.html
ICCV-2021-P0929,Temporal Knowledge Consistency for Unsupervised Visual Representation Learning,ICCV-2021-A004576|ICCV-2021-A004577|ICCV-2021-A004578|ICCV-2021-A004579|ICCV-2021-A004580,ICCV,2021,https://openaccess.thecvf.com/content/ICCV2021/html/Feng_Temporal_Knowledge_Consistency_for_Unsupervised_Visual_Representation_Learning_ICCV_2021_paper.html
ICCV-2021-P0930,Unsupervised Image Generation With Infinite Generative Adversarial Networks,ICCV-2021-A004581|ICCV-2021-A004582|ICCV-2021-A004583|ICCV-2021-A004584|ICCV-2021-A004585,ICCV,2021,https://openaccess.thecvf.com/content/ICCV2021/html/Ying_Unsupervised_Image_Generation_With_Infinite_Generative_Adversarial_Networks_ICCV_2021_paper.html
ICCV-2021-P0931,Inferring High-Resolution Traffic Accident Risk Maps Based on Satellite Imagery and GPS Trajectories,ICCV-2021-A004586|ICCV-2021-A004587|ICCV-2021-A004588|ICCV-2021-A004589|ICCV-2021-A004590|ICCV-2021-A004591,ICCV,2021,https://openaccess.thecvf.com/content/ICCV2021/html/He_Inferring_High-Resolution_Traffic_Accident_Risk_Maps_Based_on_Satellite_Imagery_ICCV_2021_paper.html
ICCV-2021-P0932,Self-Supervised Product Quantization for Deep Unsupervised Image Retrieval,ICCV-2021-A004592|ICCV-2021-A004593,ICCV,2021,https://openaccess.thecvf.com/content/ICCV2021/html/Jang_Self-Supervised_Product_Quantization_for_Deep_Unsupervised_Image_Retrieval_ICCV_2021_paper.html
ICCV-2021-P0933,On Equivariant and Invariant Learning of Object Landmark Representations,ICCV-2021-A004594|ICCV-2021-A004595|ICCV-2021-A004596,ICCV,2021,https://openaccess.thecvf.com/content/ICCV2021/html/Cheng_On_Equivariant_and_Invariant_Learning_of_Object_Landmark_Representations_ICCV_2021_paper.html
ICCV-2021-P0934,VariTex: Variational Neural Face Textures,ICCV-2021-A004597|ICCV-2021-A004598|ICCV-2021-A004599|ICCV-2021-A004600|ICCV-2021-A004601,ICCV,2021,https://openaccess.thecvf.com/content/ICCV2021/html/Buhler_VariTex_Variational_Neural_Face_Textures_ICCV_2021_paper.html
ICCV-2021-P0935,Domain Adaptive Semantic Segmentation With Self-Supervised Depth Estimation,ICCV-2021-A004602|ICCV-2021-A004603|ICCV-2021-A004604|ICCV-2021-A004605|ICCV-2021-A004606,ICCV,2021,https://openaccess.thecvf.com/content/ICCV2021/html/Wang_Domain_Adaptive_Semantic_Segmentation_With_Self-Supervised_Depth_Estimation_ICCV_2021_paper.html
ICCV-2021-P0936,Deep Hough Voting for Robust Global Registration,ICCV-2021-A004607|ICCV-2021-A004608|ICCV-2021-A004609|ICCV-2021-A004610,ICCV,2021,https://openaccess.thecvf.com/content/ICCV2021/html/Lee_Deep_Hough_Voting_for_Robust_Global_Registration_ICCV_2021_paper.html
ICCV-2021-P0937,Image Synthesis From Layout With Locality-Aware Mask Adaption,ICCV-2021-A004611|ICCV-2021-A004612|ICCV-2021-A004613|ICCV-2021-A004614|ICCV-2021-A004615,ICCV,2021,https://openaccess.thecvf.com/content/ICCV2021/html/Li_Image_Synthesis_From_Layout_With_Locality-Aware_Mask_Adaption_ICCV_2021_paper.html
ICCV-2021-P0938,Generalized and Incremental Few-Shot Learning by Explicit Learning and Calibration Without Forgetting,ICCV-2021-A004616|ICCV-2021-A004617|ICCV-2021-A004618,ICCV,2021,https://openaccess.thecvf.com/content/ICCV2021/html/Kukleva_Generalized_and_Incremental_Few-Shot_Learning_by_Explicit_Learning_and_Calibration_ICCV_2021_paper.html
ICCV-2021-P0939,Unsupervised Domain Adaptive 3D Detection With Multi-Level Consistency,ICCV-2021-A004619|ICCV-2021-A004620|ICCV-2021-A004621|ICCV-2021-A004622|ICCV-2021-A004623|ICCV-2021-A004624|ICCV-2021-A004625|ICCV-2021-A004626|ICCV-2021-A004627|ICCV-2021-A004628,ICCV,2021,https://openaccess.thecvf.com/content/ICCV2021/html/Luo_Unsupervised_Domain_Adaptive_3D_Detection_With_Multi-Level_Consistency_ICCV_2021_paper.html
ICCV-2021-P0940,Transporting Causal Mechanisms for Unsupervised Domain Adaptation,ICCV-2021-A004629|ICCV-2021-A004630|ICCV-2021-A004631|ICCV-2021-A004632,ICCV,2021,https://openaccess.thecvf.com/content/ICCV2021/html/Yue_Transporting_Causal_Mechanisms_for_Unsupervised_Domain_Adaptation_ICCV_2021_paper.html
ICCV-2021-P0941,Learning To Estimate Hidden Motions With Global Motion Aggregation,ICCV-2021-A004633|ICCV-2021-A004634|ICCV-2021-A004635|ICCV-2021-A004636|ICCV-2021-A004637,ICCV,2021,https://openaccess.thecvf.com/content/ICCV2021/html/Jiang_Learning_To_Estimate_Hidden_Motions_With_Global_Motion_Aggregation_ICCV_2021_paper.html
ICCV-2021-P0942,TAM: Temporal Adaptive Module for Video Recognition,ICCV-2021-A004638|ICCV-2021-A004639|ICCV-2021-A004640|ICCV-2021-A004641|ICCV-2021-A004642,ICCV,2021,https://openaccess.thecvf.com/content/ICCV2021/html/Liu_TAM_Temporal_Adaptive_Module_for_Video_Recognition_ICCV_2021_paper.html
ICCV-2021-P0943,Generating Masks From Boxes by Mining Spatio-Temporal Consistencies in Videos,ICCV-2021-A004643|ICCV-2021-A004644|ICCV-2021-A004645|ICCV-2021-A004646|ICCV-2021-A004647,ICCV,2021,https://openaccess.thecvf.com/content/ICCV2021/html/Zhao_Generating_Masks_From_Boxes_by_Mining_Spatio-Temporal_Consistencies_in_Videos_ICCV_2021_paper.html
ICCV-2021-P0944,Learning Rare Category Classifiers on a Tight Labeling Budget,ICCV-2021-A004648|ICCV-2021-A004649|ICCV-2021-A004650|ICCV-2021-A004651|ICCV-2021-A004652,ICCV,2021,https://openaccess.thecvf.com/content/ICCV2021/html/Mullapudi_Learning_Rare_Category_Classifiers_on_a_Tight_Labeling_Budget_ICCV_2021_paper.html
ICCV-2021-P0945,3D Human Texture Estimation From a Single Image With Transformers,ICCV-2021-A004653|ICCV-2021-A004654,ICCV,2021,https://openaccess.thecvf.com/content/ICCV2021/html/Xu_3D_Human_Texture_Estimation_From_a_Single_Image_With_Transformers_ICCV_2021_paper.html
ICCV-2021-P0946,The Surprising Effectiveness of Visual Odometry Techniques for Embodied PointGoal Navigation,ICCV-2021-A004655|ICCV-2021-A004656|ICCV-2021-A004657|ICCV-2021-A004658,ICCV,2021,https://openaccess.thecvf.com/content/ICCV2021/html/Zhao_The_Surprising_Effectiveness_of_Visual_Odometry_Techniques_for_Embodied_PointGoal_ICCV_2021_paper.html
ICCV-2021-P0947,Rehearsal Revealed: The Limits and Merits of Revisiting Samples in Continual Learning,ICCV-2021-A004659|ICCV-2021-A004660|ICCV-2021-A004661,ICCV,2021,https://openaccess.thecvf.com/content/ICCV2021/html/Verwimp_Rehearsal_Revealed_The_Limits_and_Merits_of_Revisiting_Samples_in_ICCV_2021_paper.html
ICCV-2021-P0948,Discover the Unknown Biased Attribute of an Image Classifier,ICCV-2021-A004662|ICCV-2021-A004663,ICCV,2021,https://openaccess.thecvf.com/content/ICCV2021/html/Li_Discover_the_Unknown_Biased_Attribute_of_an_Image_Classifier_ICCV_2021_paper.html
ICCV-2021-P0949,DAE-GAN: Dynamic Aspect-Aware GAN for Text-to-Image Synthesis,ICCV-2021-A004664|ICCV-2021-A004665|ICCV-2021-A004666|ICCV-2021-A004667|ICCV-2021-A004668|ICCV-2021-A004669|ICCV-2021-A004670,ICCV,2021,https://openaccess.thecvf.com/content/ICCV2021/html/Ruan_DAE-GAN_Dynamic_Aspect-Aware_GAN_for_Text-to-Image_Synthesis_ICCV_2021_paper.html
ICCV-2021-P0950,Learning Facial Representations From the Cycle-Consistency of Face,ICCV-2021-A004671|ICCV-2021-A004672|ICCV-2021-A004673,ICCV,2021,https://openaccess.thecvf.com/content/ICCV2021/html/Chang_Learning_Facial_Representations_From_the_Cycle-Consistency_of_Face_ICCV_2021_paper.html
ICCV-2021-P0951,Influence Selection for Active Learning,ICCV-2021-A004674|ICCV-2021-A004675|ICCV-2021-A004676|ICCV-2021-A004677|ICCV-2021-A004678|ICCV-2021-A004679,ICCV,2021,https://openaccess.thecvf.com/content/ICCV2021/html/Liu_Influence_Selection_for_Active_Learning_ICCV_2021_paper.html
ICCV-2021-P0952,Visual Alignment Constraint for Continuous Sign Language Recognition,ICCV-2021-A004680|ICCV-2021-A004681|ICCV-2021-A004682|ICCV-2021-A004683,ICCV,2021,https://openaccess.thecvf.com/content/ICCV2021/html/Min_Visual_Alignment_Constraint_for_Continuous_Sign_Language_Recognition_ICCV_2021_paper.html
ICCV-2021-P0953,Contextually Plausible and Diverse 3D Human Motion Prediction,ICCV-2021-A004684|ICCV-2021-A004685|ICCV-2021-A004686|ICCV-2021-A004687|ICCV-2021-A004688,ICCV,2021,https://openaccess.thecvf.com/content/ICCV2021/html/Aliakbarian_Contextually_Plausible_and_Diverse_3D_Human_Motion_Prediction_ICCV_2021_paper.html
ICCV-2021-P0954,Condensing a Sequence to One Informative Frame for Video Recognition,ICCV-2021-A004689|ICCV-2021-A004690|ICCV-2021-A004691|ICCV-2021-A004692|ICCV-2021-A004693,ICCV,2021,https://openaccess.thecvf.com/content/ICCV2021/html/Qiu_Condensing_a_Sequence_to_One_Informative_Frame_for_Video_Recognition_ICCV_2021_paper.html
ICCV-2021-P0955,Active Domain Adaptation via Clustering Uncertainty-Weighted Embeddings,ICCV-2021-A004694|ICCV-2021-A004695|ICCV-2021-A004696|ICCV-2021-A004697,ICCV,2021,https://openaccess.thecvf.com/content/ICCV2021/html/Prabhu_Active_Domain_Adaptation_via_Clustering_Uncertainty-Weighted_Embeddings_ICCV_2021_paper.html
ICCV-2021-P0956,Detail Me More: Improving GAN's Photo-Realism of Complex Scenes,ICCV-2021-A004698|ICCV-2021-A004699|ICCV-2021-A004700,ICCV,2021,https://openaccess.thecvf.com/content/ICCV2021/html/Gadde_Detail_Me_More_Improving_GANs_Photo-Realism_of_Complex_Scenes_ICCV_2021_paper.html
ICCV-2021-P0957,Rethinking Self-Supervised Correspondence Learning: A Video Frame-Level Similarity Perspective,ICCV-2021-A004701|ICCV-2021-A004702,ICCV,2021,https://openaccess.thecvf.com/content/ICCV2021/html/Xu_Rethinking_Self-Supervised_Correspondence_Learning_A_Video_Frame-Level_Similarity_Perspective_ICCV_2021_paper.html
ICCV-2021-P0958,PrimitiveNet: Primitive Instance Segmentation With Local Primitive Embedding Under Adversarial Metric,ICCV-2021-A004703|ICCV-2021-A004704|ICCV-2021-A004705,ICCV,2021,https://openaccess.thecvf.com/content/ICCV2021/html/Huang_PrimitiveNet_Primitive_Instance_Segmentation_With_Local_Primitive_Embedding_Under_Adversarial_ICCV_2021_paper.html
ICCV-2021-P0959,FuseFormer: Fusing Fine-Grained Information in Transformers for Video Inpainting,ICCV-2021-A004706|ICCV-2021-A004707|ICCV-2021-A004708|ICCV-2021-A004709|ICCV-2021-A004710|ICCV-2021-A004711|ICCV-2021-A004712|ICCV-2021-A004713|ICCV-2021-A004714,ICCV,2021,https://openaccess.thecvf.com/content/ICCV2021/html/Liu_FuseFormer_Fusing_Fine-Grained_Information_in_Transformers_for_Video_Inpainting_ICCV_2021_paper.html
ICCV-2021-P0960,Co2L: Contrastive Continual Learning,ICCV-2021-A004715|ICCV-2021-A004716|ICCV-2021-A004717,ICCV,2021,https://openaccess.thecvf.com/content/ICCV2021/html/Cha_Co2L_Contrastive_Continual_Learning_ICCV_2021_paper.html
ICCV-2021-P0961,Unconstrained Scene Generation With Locally Conditioned Radiance Fields,ICCV-2021-A004718|ICCV-2021-A004719|ICCV-2021-A004720|ICCV-2021-A004721|ICCV-2021-A004722,ICCV,2021,https://openaccess.thecvf.com/content/ICCV2021/html/DeVries_Unconstrained_Scene_Generation_With_Locally_Conditioned_Radiance_Fields_ICCV_2021_paper.html
ICCV-2021-P0962,3D Human Pose Estimation With Spatial and Temporal Transformers,ICCV-2021-A004723|ICCV-2021-A004724|ICCV-2021-A004725|ICCV-2021-A004726|ICCV-2021-A004727|ICCV-2021-A004728,ICCV,2021,https://openaccess.thecvf.com/content/ICCV2021/html/Zheng_3D_Human_Pose_Estimation_With_Spatial_and_Temporal_Transformers_ICCV_2021_paper.html
ICCV-2021-P0963,Self-Supervised Representation Learning From Flow Equivariance,ICCV-2021-A004729|ICCV-2021-A004730|ICCV-2021-A004731|ICCV-2021-A004732,ICCV,2021,https://openaccess.thecvf.com/content/ICCV2021/html/Xiong_Self-Supervised_Representation_Learning_From_Flow_Equivariance_ICCV_2021_paper.html
ICCV-2021-P0964,Learning Attribute-Driven Disentangled Representations for Interactive Fashion Retrieval,ICCV-2021-A004733|ICCV-2021-A004734|ICCV-2021-A004735|ICCV-2021-A004736,ICCV,2021,https://openaccess.thecvf.com/content/ICCV2021/html/Hou_Learning_Attribute-Driven_Disentangled_Representations_for_Interactive_Fashion_Retrieval_ICCV_2021_paper.html
ICCV-2021-P0965,SemiHand: Semi-Supervised Hand Pose Estimation With Consistency,ICCV-2021-A004737|ICCV-2021-A004738|ICCV-2021-A004739,ICCV,2021,https://openaccess.thecvf.com/content/ICCV2021/html/Yang_SemiHand_Semi-Supervised_Hand_Pose_Estimation_With_Consistency_ICCV_2021_paper.html
ICCV-2021-P0966,Efficient Action Recognition via Dynamic Knowledge Propagation,ICCV-2021-A004740|ICCV-2021-A004741|ICCV-2021-A004742|ICCV-2021-A004743|ICCV-2021-A004744,ICCV,2021,https://openaccess.thecvf.com/content/ICCV2021/html/Kim_Efficient_Action_Recognition_via_Dynamic_Knowledge_Propagation_ICCV_2021_paper.html
ICCV-2021-P0967,Homogeneous Architecture Augmentation for Neural Predictor,ICCV-2021-A004745|ICCV-2021-A004746|ICCV-2021-A004747,ICCV,2021,https://openaccess.thecvf.com/content/ICCV2021/html/Liu_Homogeneous_Architecture_Augmentation_for_Neural_Predictor_ICCV_2021_paper.html
ICCV-2021-P0968,Co-Scale Conv-Attentional Image Transformers,ICCV-2021-A004748|ICCV-2021-A004749|ICCV-2021-A004750|ICCV-2021-A004751,ICCV,2021,https://openaccess.thecvf.com/content/ICCV2021/html/Xu_Co-Scale_Conv-Attentional_Image_Transformers_ICCV_2021_paper.html
ICCV-2021-P0969,Impact of Aliasing on Generalization in Deep Convolutional Networks,ICCV-2021-A004752|ICCV-2021-A004753|ICCV-2021-A004754|ICCV-2021-A004755|ICCV-2021-A004756|ICCV-2021-A004757,ICCV,2021,https://openaccess.thecvf.com/content/ICCV2021/html/Vasconcelos_Impact_of_Aliasing_on_Generalization_in_Deep_Convolutional_Networks_ICCV_2021_paper.html
ICCV-2021-P0970,PARE: Part Attention Regressor for 3D Human Body Estimation,ICCV-2021-A004758|ICCV-2021-A004759|ICCV-2021-A004760|ICCV-2021-A004761,ICCV,2021,https://openaccess.thecvf.com/content/ICCV2021/html/Kocabas_PARE_Part_Attention_Regressor_for_3D_Human_Body_Estimation_ICCV_2021_paper.html
ICCV-2021-P0971,Do Different Deep Metric Learning Losses Lead to Similar Learned Features?,ICCV-2021-A004762|ICCV-2021-A004763|ICCV-2021-A004764|ICCV-2021-A004765,ICCV,2021,https://openaccess.thecvf.com/content/ICCV2021/html/Kobs_Do_Different_Deep_Metric_Learning_Losses_Lead_to_Similar_Learned_ICCV_2021_paper.html
ICCV-2021-P0972,CSG-Stump: A Learning Friendly CSG-Like Representation for Interpretable Shape Parsing,ICCV-2021-A004766|ICCV-2021-A004767|ICCV-2021-A004768|ICCV-2021-A004769|ICCV-2021-A004770|ICCV-2021-A004771|ICCV-2021-A004772|ICCV-2021-A004773|ICCV-2021-A004774|ICCV-2021-A004775|ICCV-2021-A004776,ICCV,2021,https://openaccess.thecvf.com/content/ICCV2021/html/Ren_CSG-Stump_A_Learning_Friendly_CSG-Like_Representation_for_Interpretable_Shape_Parsing_ICCV_2021_paper.html
ICCV-2021-P0973,Semi-Supervised Learning of Visual Features by Non-Parametrically Predicting View Assignments With Support Samples,ICCV-2021-A004777|ICCV-2021-A004778|ICCV-2021-A004779|ICCV-2021-A004780|ICCV-2021-A004781|ICCV-2021-A004782|ICCV-2021-A004783,ICCV,2021,https://openaccess.thecvf.com/content/ICCV2021/html/Assran_Semi-Supervised_Learning_of_Visual_Features_by_Non-Parametrically_Predicting_View_Assignments_ICCV_2021_paper.html
ICCV-2021-P0974,Stochastic Transformer Networks With Linear Competing Units: Application To End-to-End SL Translation,ICCV-2021-A004784|ICCV-2021-A004785|ICCV-2021-A004786|ICCV-2021-A004787|ICCV-2021-A004788,ICCV,2021,https://openaccess.thecvf.com/content/ICCV2021/html/Voskou_Stochastic_Transformer_Networks_With_Linear_Competing_Units_Application_To_End-to-End_ICCV_2021_paper.html
ICCV-2021-P0975,Telling the What While Pointing to the Where: Multimodal Queries for Image Retrieval,ICCV-2021-A004789|ICCV-2021-A004790|ICCV-2021-A004791|ICCV-2021-A004792,ICCV,2021,https://openaccess.thecvf.com/content/ICCV2021/html/Changpinyo_Telling_the_What_While_Pointing_to_the_Where_Multimodal_Queries_ICCV_2021_paper.html
ICCV-2021-P0976,Unsupervised Learning of Fine Structure Generation for 3D Point Clouds by 2D Projections Matching,ICCV-2021-A004793|ICCV-2021-A004794|ICCV-2021-A004795|ICCV-2021-A004796,ICCV,2021,https://openaccess.thecvf.com/content/ICCV2021/html/Chen_Unsupervised_Learning_of_Fine_Structure_Generation_for_3D_Point_Clouds_ICCV_2021_paper.html
ICCV-2021-P0977,Domain-Invariant Disentangled Network for Generalizable Object Detection,ICCV-2021-A004797|ICCV-2021-A004798|ICCV-2021-A004799|ICCV-2021-A004800|ICCV-2021-A004801|ICCV-2021-A004802,ICCV,2021,https://openaccess.thecvf.com/content/ICCV2021/html/Lin_Domain-Invariant_Disentangled_Network_for_Generalizable_Object_Detection_ICCV_2021_paper.html
ICCV-2021-P0978,Social NCE: Contrastive Learning of Socially-Aware Motion Representations,ICCV-2021-A004803|ICCV-2021-A004804|ICCV-2021-A004805,ICCV,2021,https://openaccess.thecvf.com/content/ICCV2021/html/Liu_Social_NCE_Contrastive_Learning_of_Socially-Aware_Motion_Representations_ICCV_2021_paper.html
ICCV-2021-P0979,The Center of Attention: Center-Keypoint Grouping via Attention for Multi-Person Pose Estimation,ICCV-2021-A004806|ICCV-2021-A004807|ICCV-2021-A004808,ICCV,2021,https://openaccess.thecvf.com/content/ICCV2021/html/Braso_The_Center_of_Attention_Center-Keypoint_Grouping_via_Attention_for_Multi-Person_ICCV_2021_paper.html
ICCV-2021-P0980,FloW: A Dataset and Benchmark for Floating Waste Detection in Inland Waters,ICCV-2021-A004809|ICCV-2021-A004810|ICCV-2021-A004811|ICCV-2021-A004812|ICCV-2021-A004813|ICCV-2021-A004814|ICCV-2021-A004815|ICCV-2021-A004816|ICCV-2021-A004817|ICCV-2021-A004818|ICCV-2021-A004819,ICCV,2021,https://openaccess.thecvf.com/content/ICCV2021/html/Cheng_FloW_A_Dataset_and_Benchmark_for_Floating_Waste_Detection_in_ICCV_2021_paper.html
ICCV-2021-P0981,Channel-Wise Topology Refinement Graph Convolution for Skeleton-Based Action Recognition,ICCV-2021-A004820|ICCV-2021-A004821|ICCV-2021-A004822|ICCV-2021-A004823|ICCV-2021-A004824|ICCV-2021-A004825,ICCV,2021,https://openaccess.thecvf.com/content/ICCV2021/html/Chen_Channel-Wise_Topology_Refinement_Graph_Convolution_for_Skeleton-Based_Action_Recognition_ICCV_2021_paper.html
ICCV-2021-P0982,VSAC: Efficient and Accurate Estimator for H and F,ICCV-2021-A004826|ICCV-2021-A004827|ICCV-2021-A004828,ICCV,2021,https://openaccess.thecvf.com/content/ICCV2021/html/Ivashechkin_VSAC_Efficient_and_Accurate_Estimator_for_H_and_F_ICCV_2021_paper.html
ICCV-2021-P0983,Universal-Prototype Enhancing for Few-Shot Object Detection,ICCV-2021-A004829|ICCV-2021-A004830|ICCV-2021-A004831|ICCV-2021-A004832,ICCV,2021,https://openaccess.thecvf.com/content/ICCV2021/html/Wu_Universal-Prototype_Enhancing_for_Few-Shot_Object_Detection_ICCV_2021_paper.html
ICCV-2021-P0984,I2UV-HandNet: Image-to-UV Prediction Network for Accurate and High-Fidelity 3D Hand Mesh Modeling,ICCV-2021-A004833|ICCV-2021-A004834|ICCV-2021-A004835|ICCV-2021-A004836|ICCV-2021-A004837|ICCV-2021-A004838|ICCV-2021-A004839,ICCV,2021,https://openaccess.thecvf.com/content/ICCV2021/html/Chen_I2UV-HandNet_Image-to-UV_Prediction_Network_for_Accurate_and_High-Fidelity_3D_Hand_ICCV_2021_paper.html
ICCV-2021-P0985,With a Little Help From My Friends: Nearest-Neighbor Contrastive Learning of Visual Representations,ICCV-2021-A004840|ICCV-2021-A004841|ICCV-2021-A004842|ICCV-2021-A004843|ICCV-2021-A004844,ICCV,2021,https://openaccess.thecvf.com/content/ICCV2021/html/Dwibedi_With_a_Little_Help_From_My_Friends_Nearest-Neighbor_Contrastive_Learning_ICCV_2021_paper.html
ICCV-2021-P0986,Explainable Person Re-Identification With Attribute-Guided Metric Distillation,ICCV-2021-A004845|ICCV-2021-A004846|ICCV-2021-A004847|ICCV-2021-A004848|ICCV-2021-A004849|ICCV-2021-A004850,ICCV,2021,https://openaccess.thecvf.com/content/ICCV2021/html/Chen_Explainable_Person_Re-Identification_With_Attribute-Guided_Metric_Distillation_ICCV_2021_paper.html
ICCV-2021-P0987,Learning Causal Representation for Training Cross-Domain Pose Estimator via Generative Interventions,ICCV-2021-A004851|ICCV-2021-A004852|ICCV-2021-A004853|ICCV-2021-A004854|ICCV-2021-A004855|ICCV-2021-A004856|ICCV-2021-A004857,ICCV,2021,https://openaccess.thecvf.com/content/ICCV2021/html/Zhang_Learning_Causal_Representation_for_Training_Cross-Domain_Pose_Estimator_via_Generative_ICCV_2021_paper.html
ICCV-2021-P0988,Webly Supervised Fine-Grained Recognition: Benchmark Datasets and an Approach,ICCV-2021-A004858|ICCV-2021-A004859|ICCV-2021-A004860|ICCV-2021-A004861|ICCV-2021-A004862|ICCV-2021-A004863|ICCV-2021-A004864|ICCV-2021-A004865,ICCV,2021,https://openaccess.thecvf.com/content/ICCV2021/html/Sun_Webly_Supervised_Fine-Grained_Recognition_Benchmark_Datasets_and_an_Approach_ICCV_2021_paper.html
ICCV-2021-P0989,Towards Interpretable Deep Networks for Monocular Depth Estimation,ICCV-2021-A004866|ICCV-2021-A004867|ICCV-2021-A004868|ICCV-2021-A004869,ICCV,2021,https://openaccess.thecvf.com/content/ICCV2021/html/You_Towards_Interpretable_Deep_Networks_for_Monocular_Depth_Estimation_ICCV_2021_paper.html
ICCV-2021-P0990,Geometric Granularity Aware Pixel-To-Mesh,ICCV-2021-A004870|ICCV-2021-A004871|ICCV-2021-A004872|ICCV-2021-A004873|ICCV-2021-A004874|ICCV-2021-A004875,ICCV,2021,https://openaccess.thecvf.com/content/ICCV2021/html/Shi_Geometric_Granularity_Aware_Pixel-To-Mesh_ICCV_2021_paper.html
ICCV-2021-P0991,NEAT: Neural Attention Fields for End-to-End Autonomous Driving,ICCV-2021-A004876|ICCV-2021-A004877|ICCV-2021-A004878,ICCV,2021,https://openaccess.thecvf.com/content/ICCV2021/html/Chitta_NEAT_Neural_Attention_Fields_for_End-to-End_Autonomous_Driving_ICCV_2021_paper.html
ICCV-2021-P0992,Modulated Periodic Activations for Generalizable Local Functional Representations,ICCV-2021-A004879|ICCV-2021-A004880|ICCV-2021-A004881|ICCV-2021-A004882|ICCV-2021-A004883|ICCV-2021-A004884,ICCV,2021,https://openaccess.thecvf.com/content/ICCV2021/html/Mehta_Modulated_Periodic_Activations_for_Generalizable_Local_Functional_Representations_ICCV_2021_paper.html
ICCV-2021-P0993,Neural Architecture Search for Joint Human Parsing and Pose Estimation,ICCV-2021-A004885|ICCV-2021-A004886|ICCV-2021-A004887|ICCV-2021-A004888|ICCV-2021-A004889|ICCV-2021-A004890,ICCV,2021,https://openaccess.thecvf.com/content/ICCV2021/html/Zeng_Neural_Architecture_Search_for_Joint_Human_Parsing_and_Pose_Estimation_ICCV_2021_paper.html
ICCV-2021-P0994,SemIE: Semantically-Aware Image Extrapolation,ICCV-2021-A004891|ICCV-2021-A004892|ICCV-2021-A004893|ICCV-2021-A004894|ICCV-2021-A004895|ICCV-2021-A004896,ICCV,2021,https://openaccess.thecvf.com/content/ICCV2021/html/Khurana_SemIE_Semantically-Aware_Image_Extrapolation_ICCV_2021_paper.html
ICCV-2021-P0995,Self-Supervised Transfer Learning for Hand Mesh Recovery From Binocular Images,ICCV-2021-A004897|ICCV-2021-A004898|ICCV-2021-A004899|ICCV-2021-A004900,ICCV,2021,https://openaccess.thecvf.com/content/ICCV2021/html/Chen_Self-Supervised_Transfer_Learning_for_Hand_Mesh_Recovery_From_Binocular_Images_ICCV_2021_paper.html
ICCV-2021-P0996,Interpretation of Emergent Communication in Heterogeneous Collaborative Embodied Agents,ICCV-2021-A004901|ICCV-2021-A004902|ICCV-2021-A004903|ICCV-2021-A004904|ICCV-2021-A004905|ICCV-2021-A004906|ICCV-2021-A004907,ICCV,2021,https://openaccess.thecvf.com/content/ICCV2021/html/Patel_Interpretation_of_Emergent_Communication_in_Heterogeneous_Collaborative_Embodied_Agents_ICCV_2021_paper.html
ICCV-2021-P0997,Diverse Image Style Transfer via Invertible Cross-Space Mapping,ICCV-2021-A004908|ICCV-2021-A004909|ICCV-2021-A004910|ICCV-2021-A004911|ICCV-2021-A004912|ICCV-2021-A004913|ICCV-2021-A004914|ICCV-2021-A004915,ICCV,2021,https://openaccess.thecvf.com/content/ICCV2021/html/Chen_Diverse_Image_Style_Transfer_via_Invertible_Cross-Space_Mapping_ICCV_2021_paper.html
ICCV-2021-P0998,Variational Attention: Propagating Domain-Specific Knowledge for Multi-Domain Learning in Crowd Counting,ICCV-2021-A004916|ICCV-2021-A004917|ICCV-2021-A004918|ICCV-2021-A004919|ICCV-2021-A004920|ICCV-2021-A004921|ICCV-2021-A004922,ICCV,2021,https://openaccess.thecvf.com/content/ICCV2021/html/Chen_Variational_Attention_Propagating_Domain-Specific_Knowledge_for_Multi-Domain_Learning_in_Crowd_ICCV_2021_paper.html
ICCV-2021-P0999,Weakly Supervised Representation Learning With Coarse Labels,ICCV-2021-A004923|ICCV-2021-A004924|ICCV-2021-A004925|ICCV-2021-A004926|ICCV-2021-A004927,ICCV,2021,https://openaccess.thecvf.com/content/ICCV2021/html/Xu_Weakly_Supervised_Representation_Learning_With_Coarse_Labels_ICCV_2021_paper.html
ICCV-2021-P1000,Asymmetric Bilateral Motion Estimation for Video Frame Interpolation,ICCV-2021-A004928|ICCV-2021-A004929|ICCV-2021-A004930,ICCV,2021,https://openaccess.thecvf.com/content/ICCV2021/html/Park_Asymmetric_Bilateral_Motion_Estimation_for_Video_Frame_Interpolation_ICCV_2021_paper.html
ICCV-2021-P1001,LocalTrans: A Multiscale Local Transformer Network for Cross-Resolution Homography Estimation,ICCV-2021-A004931|ICCV-2021-A004932|ICCV-2021-A004933|ICCV-2021-A004934|ICCV-2021-A004935|ICCV-2021-A004936,ICCV,2021,https://openaccess.thecvf.com/content/ICCV2021/html/Shao_LocalTrans_A_Multiscale_Local_Transformer_Network_for_Cross-Resolution_Homography_Estimation_ICCV_2021_paper.html
ICCV-2021-P1002,HRegNet: A Hierarchical Network for Large-Scale Outdoor LiDAR Point Cloud Registration,ICCV-2021-A004937|ICCV-2021-A004938|ICCV-2021-A004939|ICCV-2021-A004940|ICCV-2021-A004941|ICCV-2021-A004942|ICCV-2021-A004943,ICCV,2021,https://openaccess.thecvf.com/content/ICCV2021/html/Lu_HRegNet_A_Hierarchical_Network_for_Large-Scale_Outdoor_LiDAR_Point_Cloud_ICCV_2021_paper.html
ICCV-2021-P1003,A Latent Transformer for Disentangled Face Editing in Images and Videos,ICCV-2021-A004944|ICCV-2021-A004945|ICCV-2021-A004946|ICCV-2021-A004947,ICCV,2021,https://openaccess.thecvf.com/content/ICCV2021/html/Yao_A_Latent_Transformer_for_Disentangled_Face_Editing_in_Images_and_ICCV_2021_paper.html
ICCV-2021-P1004,Flow-Guided Video Inpainting With Scene Templates,ICCV-2021-A004948|ICCV-2021-A004949|ICCV-2021-A004950|ICCV-2021-A004951,ICCV,2021,https://openaccess.thecvf.com/content/ICCV2021/html/Lao_Flow-Guided_Video_Inpainting_With_Scene_Templates_ICCV_2021_paper.html
ICCV-2021-P1005,Long Short View Feature Decomposition via Contrastive Video Representation Learning,ICCV-2021-A004952|ICCV-2021-A004953|ICCV-2021-A004954|ICCV-2021-A004955,ICCV,2021,https://openaccess.thecvf.com/content/ICCV2021/html/Behrmann_Long_Short_View_Feature_Decomposition_via_Contrastive_Video_Representation_Learning_ICCV_2021_paper.html
ICCV-2021-P1006,TACo: Token-Aware Cascade Contrastive Learning for Video-Text Alignment,ICCV-2021-A004956|ICCV-2021-A004957|ICCV-2021-A004958,ICCV,2021,https://openaccess.thecvf.com/content/ICCV2021/html/Yang_TACo_Token-Aware_Cascade_Contrastive_Learning_for_Video-Text_Alignment_ICCV_2021_paper.html
ICCV-2021-P1007,Meta Learning on a Sequence of Imbalanced Domains With Difficulty Awareness,ICCV-2021-A004959|ICCV-2021-A004960|ICCV-2021-A004961|ICCV-2021-A004962|ICCV-2021-A004963,ICCV,2021,https://openaccess.thecvf.com/content/ICCV2021/html/Wang_Meta_Learning_on_a_Sequence_of_Imbalanced_Domains_With_Difficulty_ICCV_2021_paper.html
ICCV-2021-P1008,Ranking Models in Unlabeled New Environments,ICCV-2021-A004964|ICCV-2021-A004965|ICCV-2021-A004966|ICCV-2021-A004967|ICCV-2021-A004968,ICCV,2021,https://openaccess.thecvf.com/content/ICCV2021/html/Sun_Ranking_Models_in_Unlabeled_New_Environments_ICCV_2021_paper.html
ICCV-2021-P1009,Adaptive Confidence Thresholding for Monocular Depth Estimation,ICCV-2021-A004969|ICCV-2021-A004970|ICCV-2021-A004971|ICCV-2021-A004972|ICCV-2021-A004973|ICCV-2021-A004974|ICCV-2021-A004975,ICCV,2021,https://openaccess.thecvf.com/content/ICCV2021/html/Choi_Adaptive_Confidence_Thresholding_for_Monocular_Depth_Estimation_ICCV_2021_paper.html
ICCV-2021-P1010,Embedding Novel Views in a Single JPEG Image,ICCV-2021-A004976|ICCV-2021-A004977|ICCV-2021-A004978,ICCV,2021,https://openaccess.thecvf.com/content/ICCV2021/html/Wu_Embedding_Novel_Views_in_a_Single_JPEG_Image_ICCV_2021_paper.html
ICCV-2021-P1011,Channel Augmented Joint Learning for Visible-Infrared Recognition,ICCV-2021-A004979|ICCV-2021-A004980|ICCV-2021-A004981|ICCV-2021-A004982,ICCV,2021,https://openaccess.thecvf.com/content/ICCV2021/html/Ye_Channel_Augmented_Joint_Learning_for_Visible-Infrared_Recognition_ICCV_2021_paper.html
ICCV-2021-P1012,Learning Skeletal Graph Neural Networks for Hard 3D Pose Estimation,ICCV-2021-A004983|ICCV-2021-A004984|ICCV-2021-A004985|ICCV-2021-A004986|ICCV-2021-A004987|ICCV-2021-A004988,ICCV,2021,https://openaccess.thecvf.com/content/ICCV2021/html/Zeng_Learning_Skeletal_Graph_Neural_Networks_for_Hard_3D_Pose_Estimation_ICCV_2021_paper.html
ICCV-2021-P1013,Learning Anchored Unsigned Distance Functions With Gradient Direction Alignment for Single-View Garment Reconstruction,ICCV-2021-A004989|ICCV-2021-A004990|ICCV-2021-A004991|ICCV-2021-A004992,ICCV,2021,https://openaccess.thecvf.com/content/ICCV2021/html/Zhao_Learning_Anchored_Unsigned_Distance_Functions_With_Gradient_Direction_Alignment_for_ICCV_2021_paper.html
ICCV-2021-P1014,TeachText: CrossModal Generalized Distillation for Text-Video Retrieval,ICCV-2021-A004993|ICCV-2021-A004994|ICCV-2021-A004995|ICCV-2021-A004996|ICCV-2021-A004997|ICCV-2021-A004998|ICCV-2021-A004999,ICCV,2021,https://openaccess.thecvf.com/content/ICCV2021/html/Croitoru_TeachText_CrossModal_Generalized_Distillation_for_Text-Video_Retrieval_ICCV_2021_paper.html
ICCV-2021-P1015,OVANet: One-vs-All Network for Universal Domain Adaptation,ICCV-2021-A005000|ICCV-2021-A005001,ICCV,2021,https://openaccess.thecvf.com/content/ICCV2021/html/Saito_OVANet_One-vs-All_Network_for_Universal_Domain_Adaptation_ICCV_2021_paper.html
ICCV-2021-P1016,Planar Surface Reconstruction From Sparse Views,ICCV-2021-A005002|ICCV-2021-A005003|ICCV-2021-A005004|ICCV-2021-A005005,ICCV,2021,https://openaccess.thecvf.com/content/ICCV2021/html/Jin_Planar_Surface_Reconstruction_From_Sparse_Views_ICCV_2021_paper.html
ICCV-2021-P1017,VidTr: Video Transformer Without Convolutions,ICCV-2021-A005006|ICCV-2021-A005007|ICCV-2021-A005008|ICCV-2021-A005009|ICCV-2021-A005010|ICCV-2021-A005011|ICCV-2021-A005012|ICCV-2021-A005013|ICCV-2021-A005014,ICCV,2021,https://openaccess.thecvf.com/content/ICCV2021/html/Zhang_VidTr_Video_Transformer_Without_Convolutions_ICCV_2021_paper.html
ICCV-2021-P1018,Online Knowledge Distillation for Efficient Pose Estimation,ICCV-2021-A005015|ICCV-2021-A005016|ICCV-2021-A005017|ICCV-2021-A005018|ICCV-2021-A005019,ICCV,2021,https://openaccess.thecvf.com/content/ICCV2021/html/Li_Online_Knowledge_Distillation_for_Efficient_Pose_Estimation_ICCV_2021_paper.html
ICCV-2021-P1019,HAA500: Human-Centric Atomic Action Dataset With Curated Videos,ICCV-2021-A005020|ICCV-2021-A005021|ICCV-2021-A005022|ICCV-2021-A005023|ICCV-2021-A005024,ICCV,2021,https://openaccess.thecvf.com/content/ICCV2021/html/Chung_HAA500_Human-Centric_Atomic_Action_Dataset_With_Curated_Videos_ICCV_2021_paper.html
ICCV-2021-P1020,"From Goals, Waypoints & Paths to Long Term Human Trajectory Forecasting",ICCV-2021-A005025|ICCV-2021-A005026|ICCV-2021-A005027|ICCV-2021-A005028,ICCV,2021,https://openaccess.thecvf.com/content/ICCV2021/html/Mangalam_From_Goals_Waypoints__Paths_to_Long_Term_Human_Trajectory_ICCV_2021_paper.html
ICCV-2021-P1021,Intrinsic-Extrinsic Preserved GANs for Unsupervised 3D Pose Transfer,ICCV-2021-A005029|ICCV-2021-A005030|ICCV-2021-A005031|ICCV-2021-A005032|ICCV-2021-A005033|ICCV-2021-A005034,ICCV,2021,https://openaccess.thecvf.com/content/ICCV2021/html/Chen_Intrinsic-Extrinsic_Preserved_GANs_for_Unsupervised_3D_Pose_Transfer_ICCV_2021_paper.html
ICCV-2021-P1022,Skeleton2Mesh: Kinematics Prior Injected Unsupervised Human Mesh Recovery,ICCV-2021-A005035|ICCV-2021-A005036|ICCV-2021-A005037|ICCV-2021-A005038|ICCV-2021-A005039|ICCV-2021-A005040|ICCV-2021-A005041,ICCV,2021,https://openaccess.thecvf.com/content/ICCV2021/html/Yu_Skeleton2Mesh_Kinematics_Prior_Injected_Unsupervised_Human_Mesh_Recovery_ICCV_2021_paper.html
ICCV-2021-P1023,Membership Inference Attacks Are Easier on Difficult Problems,ICCV-2021-A005042|ICCV-2021-A005043|ICCV-2021-A005044,ICCV,2021,https://openaccess.thecvf.com/content/ICCV2021/html/Shafran_Membership_Inference_Attacks_Are_Easier_on_Difficult_Problems_ICCV_2021_paper.html
ICCV-2021-P1024,Auxiliary Tasks and Exploration Enable ObjectGoal Navigation,ICCV-2021-A005045|ICCV-2021-A005046|ICCV-2021-A005047|ICCV-2021-A005048,ICCV,2021,https://openaccess.thecvf.com/content/ICCV2021/html/Ye_Auxiliary_Tasks_and_Exploration_Enable_ObjectGoal_Navigation_ICCV_2021_paper.html
ICCV-2021-P1025,CrowdDriven: A New Challenging Dataset for Outdoor Visual Localization,ICCV-2021-A005049|ICCV-2021-A005050|ICCV-2021-A005051|ICCV-2021-A005052|ICCV-2021-A005053|ICCV-2021-A005054|ICCV-2021-A005055,ICCV,2021,https://openaccess.thecvf.com/content/ICCV2021/html/Jafarzadeh_CrowdDriven_A_New_Challenging_Dataset_for_Outdoor_Visual_Localization_ICCV_2021_paper.html
ICCV-2021-P1026,Concept Generalization in Visual Representation Learning,ICCV-2021-A005056|ICCV-2021-A005057|ICCV-2021-A005058|ICCV-2021-A005059,ICCV,2021,https://openaccess.thecvf.com/content/ICCV2021/html/Sariyildiz_Concept_Generalization_in_Visual_Representation_Learning_ICCV_2021_paper.html
ICCV-2021-P1027,Act the Part: Learning Interaction Strategies for Articulated Object Part Discovery,ICCV-2021-A005060|ICCV-2021-A005061|ICCV-2021-A005062,ICCV,2021,https://openaccess.thecvf.com/content/ICCV2021/html/Gadre_Act_the_Part_Learning_Interaction_Strategies_for_Articulated_Object_Part_ICCV_2021_paper.html
ICCV-2021-P1028,The Many Faces of Robustness: A Critical Analysis of Out-of-Distribution Generalization,ICCV-2021-A005063|ICCV-2021-A005064|ICCV-2021-A005065|ICCV-2021-A005066|ICCV-2021-A005067|ICCV-2021-A005068|ICCV-2021-A005069|ICCV-2021-A005070|ICCV-2021-A005071|ICCV-2021-A005072|ICCV-2021-A005073|ICCV-2021-A005074|ICCV-2021-A005075,ICCV,2021,https://openaccess.thecvf.com/content/ICCV2021/html/Hendrycks_The_Many_Faces_of_Robustness_A_Critical_Analysis_of_Out-of-Distribution_ICCV_2021_paper.html
ICCV-2021-P1029,Crowd Counting With Partial Annotations in an Image,ICCV-2021-A005076|ICCV-2021-A005077|ICCV-2021-A005078|ICCV-2021-A005079|ICCV-2021-A005080|ICCV-2021-A005081|ICCV-2021-A005082,ICCV,2021,https://openaccess.thecvf.com/content/ICCV2021/html/Xu_Crowd_Counting_With_Partial_Annotations_in_an_Image_ICCV_2021_paper.html
ICCV-2021-P1030,Continual Neural Mapping: Learning an Implicit Scene Representation From Sequential Observations,ICCV-2021-A005083|ICCV-2021-A005084|ICCV-2021-A005085|ICCV-2021-A005086|ICCV-2021-A005087|ICCV-2021-A005088,ICCV,2021,https://openaccess.thecvf.com/content/ICCV2021/html/Yan_Continual_Neural_Mapping_Learning_an_Implicit_Scene_Representation_From_Sequential_ICCV_2021_paper.html
ICCV-2021-P1031,Adaptive Label Noise Cleaning With Meta-Supervision for Deep Face Recognition,ICCV-2021-A005089|ICCV-2021-A005090|ICCV-2021-A005091|ICCV-2021-A005092|ICCV-2021-A005093|ICCV-2021-A005094|ICCV-2021-A005095,ICCV,2021,https://openaccess.thecvf.com/content/ICCV2021/html/Zhang_Adaptive_Label_Noise_Cleaning_With_Meta-Supervision_for_Deep_Face_Recognition_ICCV_2021_paper.html
ICCV-2021-P1032,Unsupervised Dense Deformation Embedding Network for Template-Free Shape Correspondence,ICCV-2021-A005096|ICCV-2021-A005097|ICCV-2021-A005098,ICCV,2021,https://openaccess.thecvf.com/content/ICCV2021/html/Chen_Unsupervised_Dense_Deformation_Embedding_Network_for_Template-Free_Shape_Correspondence_ICCV_2021_paper.html
ICCV-2021-P1033,Learning Action Completeness From Points for Weakly-Supervised Temporal Action Localization,ICCV-2021-A005099|ICCV-2021-A005100,ICCV,2021,https://openaccess.thecvf.com/content/ICCV2021/html/Lee_Learning_Action_Completeness_From_Points_for_Weakly-Supervised_Temporal_Action_Localization_ICCV_2021_paper.html
ICCV-2021-P1034,Learning Indoor Inverse Rendering With 3D Spatially-Varying Lighting,ICCV-2021-A005101|ICCV-2021-A005102|ICCV-2021-A005103|ICCV-2021-A005104,ICCV,2021,https://openaccess.thecvf.com/content/ICCV2021/html/Wang_Learning_Indoor_Inverse_Rendering_With_3D_Spatially-Varying_Lighting_ICCV_2021_paper.html
ICCV-2021-P1035,DeepGaze IIE: Calibrated Prediction in and Out-of-Domain for State-of-the-Art Saliency Modeling,ICCV-2021-A005105|ICCV-2021-A005106|ICCV-2021-A005107|ICCV-2021-A005108,ICCV,2021,https://openaccess.thecvf.com/content/ICCV2021/html/Linardos_DeepGaze_IIE_Calibrated_Prediction_in_and_Out-of-Domain_for_State-of-the-Art_Saliency_ICCV_2021_paper.html
ICCV-2021-P1036,Learning To Drive From a World on Rails,ICCV-2021-A005109|ICCV-2021-A005110|ICCV-2021-A005111,ICCV,2021,https://openaccess.thecvf.com/content/ICCV2021/html/Chen_Learning_To_Drive_From_a_World_on_Rails_ICCV_2021_paper.html
ICCV-2021-P1037,Animatable Neural Radiance Fields for Modeling Dynamic Human Bodies,ICCV-2021-A005112|ICCV-2021-A005113|ICCV-2021-A005114|ICCV-2021-A005115|ICCV-2021-A005116|ICCV-2021-A005117|ICCV-2021-A005118,ICCV,2021,https://openaccess.thecvf.com/content/ICCV2021/html/Peng_Animatable_Neural_Radiance_Fields_for_Modeling_Dynamic_Human_Bodies_ICCV_2021_paper.html
ICCV-2021-P1038,Uncertainty-Aware Pseudo Label Refinery for Domain Adaptive Semantic Segmentation,ICCV-2021-A005119|ICCV-2021-A005120|ICCV-2021-A005121,ICCV,2021,https://openaccess.thecvf.com/content/ICCV2021/html/Wang_Uncertainty-Aware_Pseudo_Label_Refinery_for_Domain_Adaptive_Semantic_Segmentation_ICCV_2021_paper.html
ICCV-2021-P1039,A General Recurrent Tracking Framework Without Real Data,ICCV-2021-A005122|ICCV-2021-A005123|ICCV-2021-A005124|ICCV-2021-A005125|ICCV-2021-A005126,ICCV,2021,https://openaccess.thecvf.com/content/ICCV2021/html/Wang_A_General_Recurrent_Tracking_Framework_Without_Real_Data_ICCV_2021_paper.html
ICCV-2021-P1040,Knowledge Mining and Transferring for Domain Adaptive Object Detection,ICCV-2021-A005127|ICCV-2021-A005128|ICCV-2021-A005129|ICCV-2021-A005130|ICCV-2021-A005131,ICCV,2021,https://openaccess.thecvf.com/content/ICCV2021/html/Tian_Knowledge_Mining_and_Transferring_for_Domain_Adaptive_Object_Detection_ICCV_2021_paper.html
ICCV-2021-P1041,Cloud Transformers: A Universal Approach to Point Cloud Processing Tasks,ICCV-2021-A005132|ICCV-2021-A005133,ICCV,2021,https://openaccess.thecvf.com/content/ICCV2021/html/Mazur_Cloud_Transformers_A_Universal_Approach_to_Point_Cloud_Processing_Tasks_ICCV_2021_paper.html
ICCV-2021-P1042,TravelNet: Self-Supervised Physically Plausible Hand Motion Learning From Monocular Color Images,ICCV-2021-A005134|ICCV-2021-A005135|ICCV-2021-A005136,ICCV,2021,https://openaccess.thecvf.com/content/ICCV2021/html/Zhao_TravelNet_Self-Supervised_Physically_Plausible_Hand_Motion_Learning_From_Monocular_Color_ICCV_2021_paper.html
ICCV-2021-P1043,Joint Visual Semantic Reasoning: Multi-Stage Decoder for Text Recognition,ICCV-2021-A005137|ICCV-2021-A005138|ICCV-2021-A005139|ICCV-2021-A005140|ICCV-2021-A005141|ICCV-2021-A005142,ICCV,2021,https://openaccess.thecvf.com/content/ICCV2021/html/Bhunia_Joint_Visual_Semantic_Reasoning_Multi-Stage_Decoder_for_Text_Recognition_ICCV_2021_paper.html
ICCV-2021-P1044,Video Self-Stitching Graph Network for Temporal Action Localization,ICCV-2021-A005143|ICCV-2021-A005144|ICCV-2021-A005145,ICCV,2021,https://openaccess.thecvf.com/content/ICCV2021/html/Zhao_Video_Self-Stitching_Graph_Network_for_Temporal_Action_Localization_ICCV_2021_paper.html
ICCV-2021-P1045,Gravity-Aware Monocular 3D Human-Object Reconstruction,ICCV-2021-A005146|ICCV-2021-A005147|ICCV-2021-A005148|ICCV-2021-A005149|ICCV-2021-A005150,ICCV,2021,https://openaccess.thecvf.com/content/ICCV2021/html/Dabral_Gravity-Aware_Monocular_3D_Human-Object_Reconstruction_ICCV_2021_paper.html
ICCV-2021-P1046,Exploring Relational Context for Multi-Task Dense Prediction,ICCV-2021-A005151|ICCV-2021-A005152|ICCV-2021-A005153|ICCV-2021-A005154|ICCV-2021-A005155,ICCV,2021,https://openaccess.thecvf.com/content/ICCV2021/html/Bruggemann_Exploring_Relational_Context_for_Multi-Task_Dense_Prediction_ICCV_2021_paper.html
ICCV-2021-P1047,UltraPose: Synthesizing Dense Pose With 1 Billion Points by Human-Body Decoupling 3D Model,ICCV-2021-A005156|ICCV-2021-A005157|ICCV-2021-A005158|ICCV-2021-A005159|ICCV-2021-A005160|ICCV-2021-A005161|ICCV-2021-A005162,ICCV,2021,https://openaccess.thecvf.com/content/ICCV2021/html/Yan_UltraPose_Synthesizing_Dense_Pose_With_1_Billion_Points_by_Human-Body_ICCV_2021_paper.html
ICCV-2021-P1048,Hand Image Understanding via Deep Multi-Task Learning,ICCV-2021-A005163|ICCV-2021-A005164|ICCV-2021-A005165|ICCV-2021-A005166|ICCV-2021-A005167|ICCV-2021-A005168|ICCV-2021-A005169|ICCV-2021-A005170,ICCV,2021,https://openaccess.thecvf.com/content/ICCV2021/html/Zhang_Hand_Image_Understanding_via_Deep_Multi-Task_Learning_ICCV_2021_paper.html
ICCV-2021-P1049,On the Importance of Distractors for Few-Shot Classification,ICCV-2021-A005171|ICCV-2021-A005172|ICCV-2021-A005173,ICCV,2021,https://openaccess.thecvf.com/content/ICCV2021/html/Das_On_the_Importance_of_Distractors_for_Few-Shot_Classification_ICCV_2021_paper.html
ICCV-2021-P1050,Deep Halftoning With Reversible Binary Pattern,ICCV-2021-A005174|ICCV-2021-A005175|ICCV-2021-A005176|ICCV-2021-A005177,ICCV,2021,https://openaccess.thecvf.com/content/ICCV2021/html/Xia_Deep_Halftoning_With_Reversible_Binary_Pattern_ICCV_2021_paper.html
ICCV-2021-P1051,Robustness via Cross-Domain Ensembles,ICCV-2021-A005178|ICCV-2021-A005179|ICCV-2021-A005180,ICCV,2021,https://openaccess.thecvf.com/content/ICCV2021/html/Yeo_Robustness_via_Cross-Domain_Ensembles_ICCV_2021_paper.html
ICCV-2021-P1052,Topic Scene Graph Generation by Attention Distillation From Caption,ICCV-2021-A005181|ICCV-2021-A005182|ICCV-2021-A005183,ICCV,2021,https://openaccess.thecvf.com/content/ICCV2021/html/Wang_Topic_Scene_Graph_Generation_by_Attention_Distillation_From_Caption_ICCV_2021_paper.html
ICCV-2021-P1053,Contrastive Learning for Label Efficient Semantic Segmentation,ICCV-2021-A005184|ICCV-2021-A005185|ICCV-2021-A005186|ICCV-2021-A005187|ICCV-2021-A005188|ICCV-2021-A005189|ICCV-2021-A005190,ICCV,2021,https://openaccess.thecvf.com/content/ICCV2021/html/Zhao_Contrastive_Learning_for_Label_Efficient_Semantic_Segmentation_ICCV_2021_paper.html
ICCV-2021-P1054,BiMaL: Bijective Maximum Likelihood Approach to Domain Adaptation in Semantic Scene Segmentation,ICCV-2021-A005191|ICCV-2021-A005192|ICCV-2021-A005193|ICCV-2021-A005194|ICCV-2021-A005195|ICCV-2021-A005196,ICCV,2021,https://openaccess.thecvf.com/content/ICCV2021/html/Truong_BiMaL_Bijective_Maximum_Likelihood_Approach_to_Domain_Adaptation_in_Semantic_ICCV_2021_paper.html
ICCV-2021-P1055,Robust Small Object Detection on the Water Surface Through Fusion of Camera and Millimeter Wave Radar,ICCV-2021-A005197|ICCV-2021-A005198|ICCV-2021-A005199,ICCV,2021,https://openaccess.thecvf.com/content/ICCV2021/html/Cheng_Robust_Small_Object_Detection_on_the_Water_Surface_Through_Fusion_ICCV_2021_paper.html
ICCV-2021-P1056,GroupFormer: Group Activity Recognition With Clustered Spatial-Temporal Transformer,ICCV-2021-A005200|ICCV-2021-A005201|ICCV-2021-A005202|ICCV-2021-A005203|ICCV-2021-A005204|ICCV-2021-A005205|ICCV-2021-A005206,ICCV,2021,https://openaccess.thecvf.com/content/ICCV2021/html/Li_GroupFormer_Group_Activity_Recognition_With_Clustered_Spatial-Temporal_Transformer_ICCV_2021_paper.html
ICCV-2021-P1057,BAPA-Net: Boundary Adaptation and Prototype Alignment for Cross-Domain Semantic Segmentation,ICCV-2021-A005207|ICCV-2021-A005208|ICCV-2021-A005209|ICCV-2021-A005210|ICCV-2021-A005211,ICCV,2021,https://openaccess.thecvf.com/content/ICCV2021/html/Liu_BAPA-Net_Boundary_Adaptation_and_Prototype_Alignment_for_Cross-Domain_Semantic_Segmentation_ICCV_2021_paper.html
ICCV-2021-P1058,TRiPOD: Human Trajectory and Pose Dynamics Forecasting in the Wild,ICCV-2021-A005212|ICCV-2021-A005213|ICCV-2021-A005214|ICCV-2021-A005215|ICCV-2021-A005216|ICCV-2021-A005217|ICCV-2021-A005218,ICCV,2021,https://openaccess.thecvf.com/content/ICCV2021/html/Adeli_TRiPOD_Human_Trajectory_and_Pose_Dynamics_Forecasting_in_the_Wild_ICCV_2021_paper.html
ICCV-2021-P1059,A Hierarchical Transformation-Discriminating Generative Model for Few Shot Anomaly Detection,ICCV-2021-A005219|ICCV-2021-A005220|ICCV-2021-A005221,ICCV,2021,https://openaccess.thecvf.com/content/ICCV2021/html/Sheynin_A_Hierarchical_Transformation-Discriminating_Generative_Model_for_Few_Shot_Anomaly_Detection_ICCV_2021_paper.html
ICCV-2021-P1060,Learning Specialized Activation Functions With the Piecewise Linear Unit,ICCV-2021-A005222|ICCV-2021-A005223|ICCV-2021-A005224,ICCV,2021,https://openaccess.thecvf.com/content/ICCV2021/html/Zhou_Learning_Specialized_Activation_Functions_With_the_Piecewise_Linear_Unit_ICCV_2021_paper.html
ICCV-2021-P1061,Viewpoint Invariant Dense Matching for Visual Geolocalization,ICCV-2021-A005225|ICCV-2021-A005226|ICCV-2021-A005227|ICCV-2021-A005228,ICCV,2021,https://openaccess.thecvf.com/content/ICCV2021/html/Berton_Viewpoint_Invariant_Dense_Matching_for_Visual_Geolocalization_ICCV_2021_paper.html
ICCV-2021-P1062,Video Autoencoder: Self-Supervised Disentanglement of Static 3D Structure and Motion,ICCV-2021-A005229|ICCV-2021-A005230|ICCV-2021-A005231|ICCV-2021-A005232,ICCV,2021,https://openaccess.thecvf.com/content/ICCV2021/html/Lai_Video_Autoencoder_Self-Supervised_Disentanglement_of_Static_3D_Structure_and_Motion_ICCV_2021_paper.html
ICCV-2021-P1063,Adaptive Convolutions With Per-Pixel Dynamic Filter Atom,ICCV-2021-A005233|ICCV-2021-A005234|ICCV-2021-A005235|ICCV-2021-A005236,ICCV,2021,https://openaccess.thecvf.com/content/ICCV2021/html/Wang_Adaptive_Convolutions_With_Per-Pixel_Dynamic_Filter_Atom_ICCV_2021_paper.html
ICCV-2021-P1064,"Video Pose Distillation for Few-Shot, Fine-Grained Sports Action Recognition",ICCV-2021-A005237|ICCV-2021-A005238|ICCV-2021-A005239|ICCV-2021-A005240,ICCV,2021,https://openaccess.thecvf.com/content/ICCV2021/html/Hong_Video_Pose_Distillation_for_Few-Shot_Fine-Grained_Sports_Action_Recognition_ICCV_2021_paper.html
ICCV-2021-P1065,Else-Net: Elastic Semantic Network for Continual Action Recognition From Skeleton Data,ICCV-2021-A005241|ICCV-2021-A005242|ICCV-2021-A005243|ICCV-2021-A005244|ICCV-2021-A005245|ICCV-2021-A005246,ICCV,2021,https://openaccess.thecvf.com/content/ICCV2021/html/Li_Else-Net_Elastic_Semantic_Network_for_Continual_Action_Recognition_From_Skeleton_ICCV_2021_paper.html
ICCV-2021-P1066,Low-Shot Validation: Active Importance Sampling for Estimating Classifier Performance on Rare Categories,ICCV-2021-A005247|ICCV-2021-A005248|ICCV-2021-A005249|ICCV-2021-A005250|ICCV-2021-A005251|ICCV-2021-A005252|ICCV-2021-A005253,ICCV,2021,https://openaccess.thecvf.com/content/ICCV2021/html/Poms_Low-Shot_Validation_Active_Importance_Sampling_for_Estimating_Classifier_Performance_on_ICCV_2021_paper.html
ICCV-2021-P1067,Deep Matching Prior: Test-Time Optimization for Dense Correspondence,ICCV-2021-A005254|ICCV-2021-A005255,ICCV,2021,https://openaccess.thecvf.com/content/ICCV2021/html/Hong_Deep_Matching_Prior_Test-Time_Optimization_for_Dense_Correspondence_ICCV_2021_paper.html
ICCV-2021-P1068,End-to-End Video Instance Segmentation via Spatial-Temporal Graph Neural Networks,ICCV-2021-A005256|ICCV-2021-A005257|ICCV-2021-A005258|ICCV-2021-A005259,ICCV,2021,https://openaccess.thecvf.com/content/ICCV2021/html/Wang_End-to-End_Video_Instance_Segmentation_via_Spatial-Temporal_Graph_Neural_Networks_ICCV_2021_paper.html
ICCV-2021-P1069,The Spatio-Temporal Poisson Point Process: A Simple Model for the Alignment of Event Camera Data,ICCV-2021-A005260|ICCV-2021-A005261|ICCV-2021-A005262|ICCV-2021-A005263|ICCV-2021-A005264,ICCV,2021,https://openaccess.thecvf.com/content/ICCV2021/html/Gu_The_Spatio-Temporal_Poisson_Point_Process_A_Simple_Model_for_the_ICCV_2021_paper.html
ICCV-2021-P1070,Learning Self-Similarity in Space and Time As Generalized Motion for Video Action Recognition,ICCV-2021-A005265|ICCV-2021-A005266|ICCV-2021-A005267|ICCV-2021-A005268,ICCV,2021,https://openaccess.thecvf.com/content/ICCV2021/html/Kwon_Learning_Self-Similarity_in_Space_and_Time_As_Generalized_Motion_for_ICCV_2021_paper.html
ICCV-2021-P1071,CR-Fill: Generative Image Inpainting With Auxiliary Contextual Reconstruction,ICCV-2021-A005269|ICCV-2021-A005270|ICCV-2021-A005271|ICCV-2021-A005272,ICCV,2021,https://openaccess.thecvf.com/content/ICCV2021/html/Zeng_CR-Fill_Generative_Image_Inpainting_With_Auxiliary_Contextual_Reconstruction_ICCV_2021_paper.html
ICCV-2021-P1072,LookOut: Diverse Multi-Future Prediction and Planning for Self-Driving,ICCV-2021-A005273|ICCV-2021-A005274|ICCV-2021-A005275|ICCV-2021-A005276|ICCV-2021-A005277,ICCV,2021,https://openaccess.thecvf.com/content/ICCV2021/html/Cui_LookOut_Diverse_Multi-Future_Prediction_and_Planning_for_Self-Driving_ICCV_2021_paper.html
ICCV-2021-P1073,EC-DARTS: Inducing Equalized and Consistent Optimization Into DARTS,ICCV-2021-A005278|ICCV-2021-A005279|ICCV-2021-A005280|ICCV-2021-A005281|ICCV-2021-A005282|ICCV-2021-A005283|ICCV-2021-A005284|ICCV-2021-A005285|ICCV-2021-A005286,ICCV,2021,https://openaccess.thecvf.com/content/ICCV2021/html/Zhou_EC-DARTS_Inducing_Equalized_and_Consistent_Optimization_Into_DARTS_ICCV_2021_paper.html
ICCV-2021-P1074,Warp-Refine Propagation: Semi-Supervised Auto-Labeling via Cycle-Consistency,ICCV-2021-A005287|ICCV-2021-A005288|ICCV-2021-A005289|ICCV-2021-A005290|ICCV-2021-A005291|ICCV-2021-A005292|ICCV-2021-A005293|ICCV-2021-A005294,ICCV,2021,https://openaccess.thecvf.com/content/ICCV2021/html/Ganeshan_Warp-Refine_Propagation_Semi-Supervised_Auto-Labeling_via_Cycle-Consistency_ICCV_2021_paper.html
ICCV-2021-P1075,ILVR: Conditioning Method for Denoising Diffusion Probabilistic Models,ICCV-2021-A005295|ICCV-2021-A005296|ICCV-2021-A005297|ICCV-2021-A005298|ICCV-2021-A005299,ICCV,2021,https://openaccess.thecvf.com/content/ICCV2021/html/Choi_ILVR_Conditioning_Method_for_Denoising_Diffusion_Probabilistic_Models_ICCV_2021_paper.html
ICCV-2021-P1076,Universal Representation Learning From Multiple Domains for Few-Shot Classification,ICCV-2021-A005300|ICCV-2021-A005301|ICCV-2021-A005302,ICCV,2021,https://openaccess.thecvf.com/content/ICCV2021/html/Li_Universal_Representation_Learning_From_Multiple_Domains_for_Few-Shot_Classification_ICCV_2021_paper.html
ICCV-2021-P1077,Pseudo-Loss Confidence Metric for Semi-Supervised Few-Shot Learning,ICCV-2021-A005303|ICCV-2021-A005304|ICCV-2021-A005305|ICCV-2021-A005306|ICCV-2021-A005307,ICCV,2021,https://openaccess.thecvf.com/content/ICCV2021/html/Huang_Pseudo-Loss_Confidence_Metric_for_Semi-Supervised_Few-Shot_Learning_ICCV_2021_paper.html
ICCV-2021-P1078,Refining Activation Downsampling With SoftPool,ICCV-2021-A005308|ICCV-2021-A005309|ICCV-2021-A005310,ICCV,2021,https://openaccess.thecvf.com/content/ICCV2021/html/Stergiou_Refining_Activation_Downsampling_With_SoftPool_ICCV_2021_paper.html
ICCV-2021-P1079,Neural-GIF: Neural Generalized Implicit Functions for Animating People in Clothing,ICCV-2021-A005311|ICCV-2021-A005312|ICCV-2021-A005313|ICCV-2021-A005314,ICCV,2021,https://openaccess.thecvf.com/content/ICCV2021/html/Tiwari_Neural-GIF_Neural_Generalized_Implicit_Functions_for_Animating_People_in_Clothing_ICCV_2021_paper.html
ICCV-2021-P1080,Collaborative Learning With Disentangled Features for Zero-Shot Domain Adaptation,ICCV-2021-A005315|ICCV-2021-A005316,ICCV,2021,https://openaccess.thecvf.com/content/ICCV2021/html/Jhoo_Collaborative_Learning_With_Disentangled_Features_for_Zero-Shot_Domain_Adaptation_ICCV_2021_paper.html
ICCV-2021-P1081,Contact-Aware Retargeting of Skinned Motion,ICCV-2021-A005317|ICCV-2021-A005318|ICCV-2021-A005319|ICCV-2021-A005320|ICCV-2021-A005321,ICCV,2021,https://openaccess.thecvf.com/content/ICCV2021/html/Villegas_Contact-Aware_Retargeting_of_Skinned_Motion_ICCV_2021_paper.html
ICCV-2021-P1082,Box-Aware Feature Enhancement for Single Object Tracking on Point Clouds,ICCV-2021-A005322|ICCV-2021-A005323|ICCV-2021-A005324|ICCV-2021-A005325|ICCV-2021-A005326|ICCV-2021-A005327|ICCV-2021-A005328,ICCV,2021,https://openaccess.thecvf.com/content/ICCV2021/html/Zheng_Box-Aware_Feature_Enhancement_for_Single_Object_Tracking_on_Point_Clouds_ICCV_2021_paper.html
ICCV-2021-P1083,Field-Guide-Inspired Zero-Shot Learning,ICCV-2021-A005329|ICCV-2021-A005330|ICCV-2021-A005331,ICCV,2021,https://openaccess.thecvf.com/content/ICCV2021/html/Mall_Field-Guide-Inspired_Zero-Shot_Learning_ICCV_2021_paper.html
ICCV-2021-P1084,ORBIT: A Real-World Few-Shot Dataset for Teachable Object Recognition,ICCV-2021-A005332|ICCV-2021-A005333|ICCV-2021-A005334|ICCV-2021-A005335|ICCV-2021-A005336|ICCV-2021-A005337|ICCV-2021-A005338|ICCV-2021-A005339|ICCV-2021-A005340,ICCV,2021,https://openaccess.thecvf.com/content/ICCV2021/html/Massiceti_ORBIT_A_Real-World_Few-Shot_Dataset_for_Teachable_Object_Recognition_ICCV_2021_paper.html
ICCV-2021-P1085,Semi-Supervised Single-Stage Controllable GANs for Conditional Fine-Grained Image Generation,ICCV-2021-A005341|ICCV-2021-A005342|ICCV-2021-A005343|ICCV-2021-A005344|ICCV-2021-A005345|ICCV-2021-A005346|ICCV-2021-A005347,ICCV,2021,https://openaccess.thecvf.com/content/ICCV2021/html/Chen_Semi-Supervised_Single-Stage_Controllable_GANs_for_Conditional_Fine-Grained_Image_Generation_ICCV_2021_paper.html
ICCV-2021-P1086,Partner-Assisted Learning for Few-Shot Image Classification,ICCV-2021-A005348|ICCV-2021-A005349|ICCV-2021-A005350|ICCV-2021-A005351|ICCV-2021-A005352|ICCV-2021-A005353,ICCV,2021,https://openaccess.thecvf.com/content/ICCV2021/html/Ma_Partner-Assisted_Learning_for_Few-Shot_Image_Classification_ICCV_2021_paper.html
ICCV-2021-P1087,Contrastive Coding for Active Learning Under Class Distribution Mismatch,ICCV-2021-A005354|ICCV-2021-A005355|ICCV-2021-A005356|ICCV-2021-A005357|ICCV-2021-A005358|ICCV-2021-A005359,ICCV,2021,https://openaccess.thecvf.com/content/ICCV2021/html/Du_Contrastive_Coding_for_Active_Learning_Under_Class_Distribution_Mismatch_ICCV_2021_paper.html
ICCV-2021-P1088,Partial Video Domain Adaptation With Partial Adversarial Temporal Attentive Network,ICCV-2021-A005360|ICCV-2021-A005361|ICCV-2021-A005362|ICCV-2021-A005363|ICCV-2021-A005364|ICCV-2021-A005365,ICCV,2021,https://openaccess.thecvf.com/content/ICCV2021/html/Xu_Partial_Video_Domain_Adaptation_With_Partial_Adversarial_Temporal_Attentive_Network_ICCV_2021_paper.html
ICCV-2021-P1089,Learning Compatible Embeddings,ICCV-2021-A005366|ICCV-2021-A005367|ICCV-2021-A005368|ICCV-2021-A005369,ICCV,2021,https://openaccess.thecvf.com/content/ICCV2021/html/Meng_Learning_Compatible_Embeddings_ICCV_2021_paper.html
ICCV-2021-P1090,Seasonal Contrast: Unsupervised Pre-Training From Uncurated Remote Sensing Data,ICCV-2021-A005370|ICCV-2021-A005371|ICCV-2021-A005372|ICCV-2021-A005373|ICCV-2021-A005374,ICCV,2021,https://openaccess.thecvf.com/content/ICCV2021/html/Manas_Seasonal_Contrast_Unsupervised_Pre-Training_From_Uncurated_Remote_Sensing_Data_ICCV_2021_paper.html
ICCV-2021-P1091,Contrastive Learning of Image Representations With Cross-Video Cycle-Consistency,ICCV-2021-A005375|ICCV-2021-A005376,ICCV,2021,https://openaccess.thecvf.com/content/ICCV2021/html/Wu_Contrastive_Learning_of_Image_Representations_With_Cross-Video_Cycle-Consistency_ICCV_2021_paper.html
ICCV-2021-P1092,Seeking Similarities Over Differences: Similarity-Based Domain Alignment for Adaptive Object Detection,ICCV-2021-A005377|ICCV-2021-A005378|ICCV-2021-A005379|ICCV-2021-A005380|ICCV-2021-A005381|ICCV-2021-A005382,ICCV,2021,https://openaccess.thecvf.com/content/ICCV2021/html/Rezaeianaran_Seeking_Similarities_Over_Differences_Similarity-Based_Domain_Alignment_for_Adaptive_Object_ICCV_2021_paper.html
ICCV-2021-P1093,Ensemble Attention Distillation for Privacy-Preserving Federated Learning,ICCV-2021-A005383|ICCV-2021-A005384|ICCV-2021-A005385|ICCV-2021-A005386|ICCV-2021-A005387|ICCV-2021-A005388|ICCV-2021-A005389,ICCV,2021,https://openaccess.thecvf.com/content/ICCV2021/html/Gong_Ensemble_Attention_Distillation_for_Privacy-Preserving_Federated_Learning_ICCV_2021_paper.html
ICCV-2021-P1094,GAN Inversion for Out-of-Range Images With Geometric Transformations,ICCV-2021-A005390|ICCV-2021-A005391|ICCV-2021-A005392,ICCV,2021,https://openaccess.thecvf.com/content/ICCV2021/html/Kang_GAN_Inversion_for_Out-of-Range_Images_With_Geometric_Transformations_ICCV_2021_paper.html
ICCV-2021-P1095,Scaling Up Instance Annotation via Label Propagation,ICCV-2021-A005393|ICCV-2021-A005394|ICCV-2021-A005395,ICCV,2021,https://openaccess.thecvf.com/content/ICCV2021/html/Papadopoulos_Scaling_Up_Instance_Annotation_via_Label_Propagation_ICCV_2021_paper.html
ICCV-2021-P1096,FastNeRF: High-Fidelity Neural Rendering at 200FPS,ICCV-2021-A005396|ICCV-2021-A005397|ICCV-2021-A005398|ICCV-2021-A005399|ICCV-2021-A005400,ICCV,2021,https://openaccess.thecvf.com/content/ICCV2021/html/Garbin_FastNeRF_High-Fidelity_Neural_Rendering_at_200FPS_ICCV_2021_paper.html
ICCV-2021-P1097,Semantics Disentangling for Generalized Zero-Shot Learning,ICCV-2021-A005401|ICCV-2021-A005402|ICCV-2021-A005403|ICCV-2021-A005404|ICCV-2021-A005405|ICCV-2021-A005406|ICCV-2021-A005407,ICCV,2021,https://openaccess.thecvf.com/content/ICCV2021/html/Chen_Semantics_Disentangling_for_Generalized_Zero-Shot_Learning_ICCV_2021_paper.html
ICCV-2021-P1098,Space-Time-Separable Graph Convolutional Network for Pose Forecasting,ICCV-2021-A005408|ICCV-2021-A005409|ICCV-2021-A005410|ICCV-2021-A005411,ICCV,2021,https://openaccess.thecvf.com/content/ICCV2021/html/Sofianos_Space-Time-Separable_Graph_Convolutional_Network_for_Pose_Forecasting_ICCV_2021_paper.html
ICCV-2021-P1099,3D-FRONT: 3D Furnished Rooms With layOuts and semaNTics,ICCV-2021-A005412|ICCV-2021-A005413|ICCV-2021-A005414|ICCV-2021-A005415|ICCV-2021-A005416|ICCV-2021-A005417|ICCV-2021-A005418|ICCV-2021-A005419|ICCV-2021-A005420|ICCV-2021-A005421|ICCV-2021-A005422,ICCV,2021,https://openaccess.thecvf.com/content/ICCV2021/html/Fu_3D-FRONT_3D_Furnished_Rooms_With_layOuts_and_semaNTics_ICCV_2021_paper.html
ICCV-2021-P1100,Meta-Learning With Task-Adaptive Loss Function for Few-Shot Learning,ICCV-2021-A005423|ICCV-2021-A005424|ICCV-2021-A005425|ICCV-2021-A005426|ICCV-2021-A005427|ICCV-2021-A005428,ICCV,2021,https://openaccess.thecvf.com/content/ICCV2021/html/Baik_Meta-Learning_With_Task-Adaptive_Loss_Function_for_Few-Shot_Learning_ICCV_2021_paper.html
ICCV-2021-P1101,Learning To Track Objects From Unlabeled Videos,ICCV-2021-A005429|ICCV-2021-A005430|ICCV-2021-A005431|ICCV-2021-A005432,ICCV,2021,https://openaccess.thecvf.com/content/ICCV2021/html/Zheng_Learning_To_Track_Objects_From_Unlabeled_Videos_ICCV_2021_paper.html
ICCV-2021-P1102,H2O: A Benchmark for Visual Human-Human Object Handover Analysis,ICCV-2021-A005433|ICCV-2021-A005434|ICCV-2021-A005435|ICCV-2021-A005436|ICCV-2021-A005437|ICCV-2021-A005438,ICCV,2021,https://openaccess.thecvf.com/content/ICCV2021/html/Ye_H2O_A_Benchmark_for_Visual_Human-Human_Object_Handover_Analysis_ICCV_2021_paper.html
ICCV-2021-P1103,Hierarchical Object-to-Zone Graph for Object Navigation,ICCV-2021-A005439|ICCV-2021-A005440|ICCV-2021-A005441|ICCV-2021-A005442|ICCV-2021-A005443|ICCV-2021-A005444,ICCV,2021,https://openaccess.thecvf.com/content/ICCV2021/html/Zhang_Hierarchical_Object-to-Zone_Graph_for_Object_Navigation_ICCV_2021_paper.html
ICCV-2021-P1104,Information-Theoretic Regularization for Multi-Source Domain Adaptation,ICCV-2021-A005445|ICCV-2021-A005446,ICCV,2021,https://openaccess.thecvf.com/content/ICCV2021/html/Park_Information-Theoretic_Regularization_for_Multi-Source_Domain_Adaptation_ICCV_2021_paper.html
ICCV-2021-P1105,Beyond Road Extraction: A Dataset for Map Update Using Aerial Images,ICCV-2021-A005447|ICCV-2021-A005448,ICCV,2021,https://openaccess.thecvf.com/content/ICCV2021/html/Bastani_Beyond_Road_Extraction_A_Dataset_for_Map_Update_Using_Aerial_ICCV_2021_paper.html
ICCV-2021-P1106,Physics-Based Human Motion Estimation and Synthesis From Videos,ICCV-2021-A005449|ICCV-2021-A005450|ICCV-2021-A005451|ICCV-2021-A005452|ICCV-2021-A005453|ICCV-2021-A005454,ICCV,2021,https://openaccess.thecvf.com/content/ICCV2021/html/Xie_Physics-Based_Human_Motion_Estimation_and_Synthesis_From_Videos_ICCV_2021_paper.html
ICCV-2021-P1107,Hierarchical Memory Matching Network for Video Object Segmentation,ICCV-2021-A005455|ICCV-2021-A005456|ICCV-2021-A005457|ICCV-2021-A005458|ICCV-2021-A005459|ICCV-2021-A005460,ICCV,2021,https://openaccess.thecvf.com/content/ICCV2021/html/Seong_Hierarchical_Memory_Matching_Network_for_Video_Object_Segmentation_ICCV_2021_paper.html
ICCV-2021-P1108,Pathdreamer: A World Model for Indoor Navigation,ICCV-2021-A005461|ICCV-2021-A005462|ICCV-2021-A005463|ICCV-2021-A005464|ICCV-2021-A005465,ICCV,2021,https://openaccess.thecvf.com/content/ICCV2021/html/Koh_Pathdreamer_A_World_Model_for_Indoor_Navigation_ICCV_2021_paper.html
ICCV-2021-P1109,Saliency-Associated Object Tracking,ICCV-2021-A005466|ICCV-2021-A005467|ICCV-2021-A005468|ICCV-2021-A005469|ICCV-2021-A005470|ICCV-2021-A005471,ICCV,2021,https://openaccess.thecvf.com/content/ICCV2021/html/Zhou_Saliency-Associated_Object_Tracking_ICCV_2021_paper.html
ICCV-2021-P1110,Wanderlust: Online Continual Object Detection in the Real World,ICCV-2021-A005472|ICCV-2021-A005473|ICCV-2021-A005474|ICCV-2021-A005475,ICCV,2021,https://openaccess.thecvf.com/content/ICCV2021/html/Wang_Wanderlust_Online_Continual_Object_Detection_in_the_Real_World_ICCV_2021_paper.html
ICCV-2021-P1111,Distilling Optimal Neural Networks: Rapid Search in Diverse Spaces,ICCV-2021-A005476|ICCV-2021-A005477|ICCV-2021-A005478|ICCV-2021-A005479|ICCV-2021-A005480|ICCV-2021-A005481|ICCV-2021-A005482,ICCV,2021,https://openaccess.thecvf.com/content/ICCV2021/html/Moons_Distilling_Optimal_Neural_Networks_Rapid_Search_in_Diverse_Spaces_ICCV_2021_paper.html
ICCV-2021-P1112,Unifying Nonlocal Blocks for Neural Networks,ICCV-2021-A005483|ICCV-2021-A005484|ICCV-2021-A005485|ICCV-2021-A005486|ICCV-2021-A005487|ICCV-2021-A005488|ICCV-2021-A005489,ICCV,2021,https://openaccess.thecvf.com/content/ICCV2021/html/Zhu_Unifying_Nonlocal_Blocks_for_Neural_Networks_ICCV_2021_paper.html
ICCV-2021-P1113,"Learning Realistic Human Reposing Using Cyclic Self-Supervision With 3D Shape, Pose, and Appearance Consistency",ICCV-2021-A005490|ICCV-2021-A005491|ICCV-2021-A005492|ICCV-2021-A005493|ICCV-2021-A005494|ICCV-2021-A005495|ICCV-2021-A005496|ICCV-2021-A005497,ICCV,2021,https://openaccess.thecvf.com/content/ICCV2021/html/Sanyal_Learning_Realistic_Human_Reposing_Using_Cyclic_Self-Supervision_With_3D_Shape_ICCV_2021_paper.html
ICCV-2021-P1114,MEDIRL: Predicting the Visual Attention of Drivers via Maximum Entropy Deep Inverse Reinforcement Learning,ICCV-2021-A005498|ICCV-2021-A005499|ICCV-2021-A005500|ICCV-2021-A005501|ICCV-2021-A005502|ICCV-2021-A005503,ICCV,2021,https://openaccess.thecvf.com/content/ICCV2021/html/Baee_MEDIRL_Predicting_the_Visual_Attention_of_Drivers_via_Maximum_Entropy_ICCV_2021_paper.html
ICCV-2021-P1115,Simpler Is Better: Few-Shot Semantic Segmentation With Classifier Weight Transformer,ICCV-2021-A005504|ICCV-2021-A005505|ICCV-2021-A005506|ICCV-2021-A005507|ICCV-2021-A005508|ICCV-2021-A005509,ICCV,2021,https://openaccess.thecvf.com/content/ICCV2021/html/Lu_Simpler_Is_Better_Few-Shot_Semantic_Segmentation_With_Classifier_Weight_Transformer_ICCV_2021_paper.html
ICCV-2021-P1116,Prediction by Anticipation: An Action-Conditional Prediction Method Based on Interaction Learning,ICCV-2021-A005510|ICCV-2021-A005511|ICCV-2021-A005512|ICCV-2021-A005513|ICCV-2021-A005514,ICCV,2021,https://openaccess.thecvf.com/content/ICCV2021/html/Banijamali_Prediction_by_Anticipation_An_Action-Conditional_Prediction_Method_Based_on_Interaction_ICCV_2021_paper.html
ICCV-2021-P1117,Domain-Aware Universal Style Transfer,ICCV-2021-A005515|ICCV-2021-A005516|ICCV-2021-A005517|ICCV-2021-A005518|ICCV-2021-A005519,ICCV,2021,https://openaccess.thecvf.com/content/ICCV2021/html/Hong_Domain-Aware_Universal_Style_Transfer_ICCV_2021_paper.html
ICCV-2021-P1118,Online Pseudo Label Generation by Hierarchical Cluster Dynamics for Adaptive Person Re-Identification,ICCV-2021-A005520|ICCV-2021-A005521|ICCV-2021-A005522|ICCV-2021-A005523|ICCV-2021-A005524|ICCV-2021-A005525|ICCV-2021-A005526|ICCV-2021-A005527,ICCV,2021,https://openaccess.thecvf.com/content/ICCV2021/html/Zheng_Online_Pseudo_Label_Generation_by_Hierarchical_Cluster_Dynamics_for_Adaptive_ICCV_2021_paper.html
ICCV-2021-P1119,Aha! Adaptive History-Driven Attack for Decision-Based Black-Box Models,ICCV-2021-A005528|ICCV-2021-A005529|ICCV-2021-A005530|ICCV-2021-A005531|ICCV-2021-A005532|ICCV-2021-A005533|ICCV-2021-A005534|ICCV-2021-A005535|ICCV-2021-A005536|ICCV-2021-A005537,ICCV,2021,https://openaccess.thecvf.com/content/ICCV2021/html/Li_Aha_Adaptive_History-Driven_Attack_for_Decision-Based_Black-Box_Models_ICCV_2021_paper.html
ICCV-2021-P1120,Modulated Graph Convolutional Network for 3D Human Pose Estimation,ICCV-2021-A005538|ICCV-2021-A005539,ICCV,2021,https://openaccess.thecvf.com/content/ICCV2021/html/Zou_Modulated_Graph_Convolutional_Network_for_3D_Human_Pose_Estimation_ICCV_2021_paper.html
ICCV-2021-P1121,Learning Self-Consistency for Deepfake Detection,ICCV-2021-A005540|ICCV-2021-A005541|ICCV-2021-A005542|ICCV-2021-A005543|ICCV-2021-A005544|ICCV-2021-A005545,ICCV,2021,https://openaccess.thecvf.com/content/ICCV2021/html/Zhao_Learning_Self-Consistency_for_Deepfake_Detection_ICCV_2021_paper.html
ICCV-2021-P1122,Learning Generative Models of Textured 3D Meshes From Real-World Images,ICCV-2021-A005546|ICCV-2021-A005547|ICCV-2021-A005548|ICCV-2021-A005549,ICCV,2021,https://openaccess.thecvf.com/content/ICCV2021/html/Pavllo_Learning_Generative_Models_of_Textured_3D_Meshes_From_Real-World_Images_ICCV_2021_paper.html
ICCV-2021-P1123,Warp Consistency for Unsupervised Learning of Dense Correspondences,ICCV-2021-A005550|ICCV-2021-A005551|ICCV-2021-A005552|ICCV-2021-A005553,ICCV,2021,https://openaccess.thecvf.com/content/ICCV2021/html/Truong_Warp_Consistency_for_Unsupervised_Learning_of_Dense_Correspondences_ICCV_2021_paper.html
ICCV-2021-P1124,Toward Spatially Unbiased Generative Models,ICCV-2021-A005554|ICCV-2021-A005555|ICCV-2021-A005556|ICCV-2021-A005557,ICCV,2021,https://openaccess.thecvf.com/content/ICCV2021/html/Choi_Toward_Spatially_Unbiased_Generative_Models_ICCV_2021_paper.html
ICCV-2021-P1125,Multi-Expert Adversarial Attack Detection in Person Re-Identification Using Context Inconsistency,ICCV-2021-A005558|ICCV-2021-A005559|ICCV-2021-A005560|ICCV-2021-A005561|ICCV-2021-A005562,ICCV,2021,https://openaccess.thecvf.com/content/ICCV2021/html/Wang_Multi-Expert_Adversarial_Attack_Detection_in_Person_Re-Identification_Using_Context_Inconsistency_ICCV_2021_paper.html
ICCV-2021-P1126,Divide-and-Assemble: Learning Block-Wise Memory for Unsupervised Anomaly Detection,ICCV-2021-A005563|ICCV-2021-A005564|ICCV-2021-A005565|ICCV-2021-A005566|ICCV-2021-A005567|ICCV-2021-A005568,ICCV,2021,https://openaccess.thecvf.com/content/ICCV2021/html/Hou_Divide-and-Assemble_Learning_Block-Wise_Memory_for_Unsupervised_Anomaly_Detection_ICCV_2021_paper.html
ICCV-2021-P1127,SelfReg: Self-Supervised Contrastive Regularization for Domain Generalization,ICCV-2021-A005569|ICCV-2021-A005570|ICCV-2021-A005571|ICCV-2021-A005572|ICCV-2021-A005573,ICCV,2021,https://openaccess.thecvf.com/content/ICCV2021/html/Kim_SelfReg_Self-Supervised_Contrastive_Regularization_for_Domain_Generalization_ICCV_2021_paper.html
ICCV-2021-P1128,Towards the Unseen: Iterative Text Recognition by Distilling From Errors,ICCV-2021-A005574|ICCV-2021-A005575|ICCV-2021-A005576|ICCV-2021-A005577,ICCV,2021,https://openaccess.thecvf.com/content/ICCV2021/html/Bhunia_Towards_the_Unseen_Iterative_Text_Recognition_by_Distilling_From_Errors_ICCV_2021_paper.html
ICCV-2021-P1129,Rethinking Spatial Dimensions of Vision Transformers,ICCV-2021-A005578|ICCV-2021-A005579|ICCV-2021-A005580|ICCV-2021-A005581|ICCV-2021-A005582|ICCV-2021-A005583,ICCV,2021,https://openaccess.thecvf.com/content/ICCV2021/html/Heo_Rethinking_Spatial_Dimensions_of_Vision_Transformers_ICCV_2021_paper.html
ICCV-2021-P1130,VIL-100: A New Dataset and a Baseline Model for Video Instance Lane Detection,ICCV-2021-A005584|ICCV-2021-A005585|ICCV-2021-A005586|ICCV-2021-A005587|ICCV-2021-A005588|ICCV-2021-A005589|ICCV-2021-A005590|ICCV-2021-A005591,ICCV,2021,https://openaccess.thecvf.com/content/ICCV2021/html/Zhang_VIL-100_A_New_Dataset_and_a_Baseline_Model_for_Video_ICCV_2021_paper.html
ICCV-2021-P1131,Revitalizing Optimization for 3D Human Pose and Shape Estimation: A Sparse Constrained Formulation,ICCV-2021-A005592|ICCV-2021-A005593|ICCV-2021-A005594|ICCV-2021-A005595|ICCV-2021-A005596|ICCV-2021-A005597,ICCV,2021,https://openaccess.thecvf.com/content/ICCV2021/html/Fan_Revitalizing_Optimization_for_3D_Human_Pose_and_Shape_Estimation_A_ICCV_2021_paper.html
ICCV-2021-P1132,ME-PCN: Point Completion Conditioned on Mask Emptiness,ICCV-2021-A005598|ICCV-2021-A005599|ICCV-2021-A005600|ICCV-2021-A005601|ICCV-2021-A005602,ICCV,2021,https://openaccess.thecvf.com/content/ICCV2021/html/Gong_ME-PCN_Point_Completion_Conditioned_on_Mask_Emptiness_ICCV_2021_paper.html
ICCV-2021-P1133,Full-Body Motion From a Single Head-Mounted Device: Generating SMPL Poses From Partial Observations,ICCV-2021-A005603|ICCV-2021-A005604|ICCV-2021-A005605|ICCV-2021-A005606|ICCV-2021-A005607|ICCV-2021-A005608,ICCV,2021,https://openaccess.thecvf.com/content/ICCV2021/html/Dittadi_Full-Body_Motion_From_a_Single_Head-Mounted_Device_Generating_SMPL_Poses_ICCV_2021_paper.html
ICCV-2021-P1134,LOKI: Long Term and Key Intentions for Trajectory Prediction,ICCV-2021-A005609|ICCV-2021-A005610|ICCV-2021-A005611|ICCV-2021-A005612|ICCV-2021-A005613|ICCV-2021-A005614|ICCV-2021-A005615,ICCV,2021,https://openaccess.thecvf.com/content/ICCV2021/html/Girase_LOKI_Long_Term_and_Key_Intentions_for_Trajectory_Prediction_ICCV_2021_paper.html
ICCV-2021-P1135,"Three Steps to Multimodal Trajectory Prediction: Modality Clustering, Classification and Synthesis",ICCV-2021-A005616|ICCV-2021-A005617|ICCV-2021-A005618|ICCV-2021-A005619,ICCV,2021,https://openaccess.thecvf.com/content/ICCV2021/html/Sun_Three_Steps_to_Multimodal_Trajectory_Prediction_Modality_Clustering_Classification_and_ICCV_2021_paper.html
ICCV-2021-P1136,SGMNet: Learning Rotation-Invariant Point Cloud Representations via Sorted Gram Matrix,ICCV-2021-A005620|ICCV-2021-A005621|ICCV-2021-A005622|ICCV-2021-A005623|ICCV-2021-A005624,ICCV,2021,https://openaccess.thecvf.com/content/ICCV2021/html/Xu_SGMNet_Learning_Rotation-Invariant_Point_Cloud_Representations_via_Sorted_Gram_Matrix_ICCV_2021_paper.html
ICCV-2021-P1137,Instance-Wise Hard Negative Example Generation for Contrastive Learning in Unpaired Image-to-Image Translation,ICCV-2021-A005625|ICCV-2021-A005626|ICCV-2021-A005627|ICCV-2021-A005628|ICCV-2021-A005629,ICCV,2021,https://openaccess.thecvf.com/content/ICCV2021/html/Wang_Instance-Wise_Hard_Negative_Example_Generation_for_Contrastive_Learning_in_Unpaired_ICCV_2021_paper.html
ICCV-2021-P1138,Multi-Target Adversarial Frameworks for Domain Adaptation in Semantic Segmentation,ICCV-2021-A005630|ICCV-2021-A005631|ICCV-2021-A005632|ICCV-2021-A005633,ICCV,2021,https://openaccess.thecvf.com/content/ICCV2021/html/Saporta_Multi-Target_Adversarial_Frameworks_for_Domain_Adaptation_in_Semantic_Segmentation_ICCV_2021_paper.html
ICCV-2021-P1139,Context-Aware Scene Graph Generation With Seq2Seq Transformers,ICCV-2021-A005634|ICCV-2021-A005635|ICCV-2021-A005636|ICCV-2021-A005637|ICCV-2021-A005638|ICCV-2021-A005639|ICCV-2021-A005640|ICCV-2021-A005641,ICCV,2021,https://openaccess.thecvf.com/content/ICCV2021/html/Lu_Context-Aware_Scene_Graph_Generation_With_Seq2Seq_Transformers_ICCV_2021_paper.html
ICCV-2021-P1140,Rethinking the Backdoor Attacks' Triggers: A Frequency Perspective,ICCV-2021-A005642|ICCV-2021-A005643|ICCV-2021-A005644|ICCV-2021-A005645,ICCV,2021,https://openaccess.thecvf.com/content/ICCV2021/html/Zeng_Rethinking_the_Backdoor_Attacks_Triggers_A_Frequency_Perspective_ICCV_2021_paper.html
ICCV-2021-P1141,Self-Supervised 3D Face Reconstruction via Conditional Estimation,ICCV-2021-A005646|ICCV-2021-A005647|ICCV-2021-A005648|ICCV-2021-A005649,ICCV,2021,https://openaccess.thecvf.com/content/ICCV2021/html/Wen_Self-Supervised_3D_Face_Reconstruction_via_Conditional_Estimation_ICCV_2021_paper.html
ICCV-2021-P1142,VMNet: Voxel-Mesh Network for Geodesic-Aware 3D Semantic Segmentation,ICCV-2021-A005650|ICCV-2021-A005651|ICCV-2021-A005652|ICCV-2021-A005653|ICCV-2021-A005654|ICCV-2021-A005655|ICCV-2021-A005656|ICCV-2021-A005657|ICCV-2021-A005658,ICCV,2021,https://openaccess.thecvf.com/content/ICCV2021/html/Hu_VMNet_Voxel-Mesh_Network_for_Geodesic-Aware_3D_Semantic_Segmentation_ICCV_2021_paper.html
ICCV-2021-P1143,Self-Supervised Monocular Depth Estimation for All Day Images Using Domain Separation,ICCV-2021-A005659|ICCV-2021-A005660|ICCV-2021-A005661|ICCV-2021-A005662|ICCV-2021-A005663,ICCV,2021,https://openaccess.thecvf.com/content/ICCV2021/html/Liu_Self-Supervised_Monocular_Depth_Estimation_for_All_Day_Images_Using_Domain_ICCV_2021_paper.html
ICCV-2021-P1144,An Empirical Study of Training Self-Supervised Vision Transformers,ICCV-2021-A005664|ICCV-2021-A005665|ICCV-2021-A005666,ICCV,2021,https://openaccess.thecvf.com/content/ICCV2021/html/Chen_An_Empirical_Study_of_Training_Self-Supervised_Vision_Transformers_ICCV_2021_paper.html
ICCV-2021-P1145,Learning To Hallucinate Examples From Extrinsic and Intrinsic Supervision,ICCV-2021-A005667|ICCV-2021-A005668|ICCV-2021-A005669|ICCV-2021-A005670|ICCV-2021-A005671|ICCV-2021-A005672,ICCV,2021,https://openaccess.thecvf.com/content/ICCV2021/html/Gui_Learning_To_Hallucinate_Examples_From_Extrinsic_and_Intrinsic_Supervision_ICCV_2021_paper.html
ICCV-2021-P1146,Multiresolution Deep Implicit Functions for 3D Shape Representation,ICCV-2021-A005673|ICCV-2021-A005674|ICCV-2021-A005675|ICCV-2021-A005676|ICCV-2021-A005677|ICCV-2021-A005678|ICCV-2021-A005679|ICCV-2021-A005680|ICCV-2021-A005681|ICCV-2021-A005682,ICCV,2021,https://openaccess.thecvf.com/content/ICCV2021/html/Chen_Multiresolution_Deep_Implicit_Functions_for_3D_Shape_Representation_ICCV_2021_paper.html
ICCV-2021-P1147,Discriminative Region-Based Multi-Label Zero-Shot Learning,ICCV-2021-A005683|ICCV-2021-A005684|ICCV-2021-A005685|ICCV-2021-A005686|ICCV-2021-A005687|ICCV-2021-A005688,ICCV,2021,https://openaccess.thecvf.com/content/ICCV2021/html/Narayan_Discriminative_Region-Based_Multi-Label_Zero-Shot_Learning_ICCV_2021_paper.html
ICCV-2021-P1148,Personalized Trajectory Prediction via Distribution Discrimination,ICCV-2021-A005689|ICCV-2021-A005690|ICCV-2021-A005691|ICCV-2021-A005692|ICCV-2021-A005693,ICCV,2021,https://openaccess.thecvf.com/content/ICCV2021/html/Chen_Personalized_Trajectory_Prediction_via_Distribution_Discrimination_ICCV_2021_paper.html
ICCV-2021-P1149,GridToPix: Training Embodied Agents With Minimal Supervision,ICCV-2021-A005694|ICCV-2021-A005695|ICCV-2021-A005696|ICCV-2021-A005697|ICCV-2021-A005698|ICCV-2021-A005699,ICCV,2021,https://openaccess.thecvf.com/content/ICCV2021/html/Jain_GridToPix_Training_Embodied_Agents_With_Minimal_Supervision_ICCV_2021_paper.html
ICCV-2021-P1150,HiFT: Hierarchical Feature Transformer for Aerial Tracking,ICCV-2021-A005700|ICCV-2021-A005701|ICCV-2021-A005702|ICCV-2021-A005703|ICCV-2021-A005704,ICCV,2021,https://openaccess.thecvf.com/content/ICCV2021/html/Cao_HiFT_Hierarchical_Feature_Transformer_for_Aerial_Tracking_ICCV_2021_paper.html
ICCV-2021-P1151,Interaction via Bi-Directional Graph of Semantic Region Affinity for Scene Parsing,ICCV-2021-A005705|ICCV-2021-A005706|ICCV-2021-A005707|ICCV-2021-A005708|ICCV-2021-A005709|ICCV-2021-A005710,ICCV,2021,https://openaccess.thecvf.com/content/ICCV2021/html/Ding_Interaction_via_Bi-Directional_Graph_of_Semantic_Region_Affinity_for_Scene_ICCV_2021_paper.html
ICCV-2021-P1152,Consistency-Aware Graph Network for Human Interaction Understanding,ICCV-2021-A005711|ICCV-2021-A005712|ICCV-2021-A005713|ICCV-2021-A005714|ICCV-2021-A005715|ICCV-2021-A005716,ICCV,2021,https://openaccess.thecvf.com/content/ICCV2021/html/Wang_Consistency-Aware_Graph_Network_for_Human_Interaction_Understanding_ICCV_2021_paper.html
ICCV-2021-P1153,"Dressing in Order: Recurrent Person Image Generation for Pose Transfer, Virtual Try-On and Outfit Editing",ICCV-2021-A005717|ICCV-2021-A005718|ICCV-2021-A005719,ICCV,2021,https://openaccess.thecvf.com/content/ICCV2021/html/Cui_Dressing_in_Order_Recurrent_Person_Image_Generation_for_Pose_Transfer_ICCV_2021_paper.html
ICCV-2021-P1154,Attack As the Best Defense: Nullifying Image-to-Image Translation GANs via Limit-Aware Adversarial Attack,ICCV-2021-A005720|ICCV-2021-A005721|ICCV-2021-A005722|ICCV-2021-A005723|ICCV-2021-A005724,ICCV,2021,https://openaccess.thecvf.com/content/ICCV2021/html/Yeh_Attack_As_the_Best_Defense_Nullifying_Image-to-Image_Translation_GANs_via_ICCV_2021_paper.html
ICCV-2021-P1155,Benchmark Platform for Ultra-Fine-Grained Visual Categorization Beyond Human Performance,ICCV-2021-A005725|ICCV-2021-A005726|ICCV-2021-A005727|ICCV-2021-A005728|ICCV-2021-A005729,ICCV,2021,https://openaccess.thecvf.com/content/ICCV2021/html/Yu_Benchmark_Platform_for_Ultra-Fine-Grained_Visual_Categorization_Beyond_Human_Performance_ICCV_2021_paper.html
ICCV-2021-P1156,Pyramid Spatial-Temporal Aggregation for Video-Based Person Re-Identification,ICCV-2021-A005730|ICCV-2021-A005731|ICCV-2021-A005732|ICCV-2021-A005733|ICCV-2021-A005734|ICCV-2021-A005735,ICCV,2021,https://openaccess.thecvf.com/content/ICCV2021/html/Wang_Pyramid_Spatial-Temporal_Aggregation_for_Video-Based_Person_Re-Identification_ICCV_2021_paper.html
ICCV-2021-P1157,CAPTRA: CAtegory-Level Pose Tracking for Rigid and Articulated Objects From Point Clouds,ICCV-2021-A005736|ICCV-2021-A005737|ICCV-2021-A005738|ICCV-2021-A005739|ICCV-2021-A005740|ICCV-2021-A005741|ICCV-2021-A005742|ICCV-2021-A005743|ICCV-2021-A005744,ICCV,2021,https://openaccess.thecvf.com/content/ICCV2021/html/Weng_CAPTRA_CAtegory-Level_Pose_Tracking_for_Rigid_and_Articulated_Objects_From_ICCV_2021_paper.html
ICCV-2021-P1158,"X-World: Accessibility, Vision, and Autonomy Meet",ICCV-2021-A005745|ICCV-2021-A005746|ICCV-2021-A005747|ICCV-2021-A005748,ICCV,2021,https://openaccess.thecvf.com/content/ICCV2021/html/Zhang_X-World_Accessibility_Vision_and_Autonomy_Meet_ICCV_2021_paper.html
ICCV-2021-P1159,Target Adaptive Context Aggregation for Video Scene Graph Generation,ICCV-2021-A005749|ICCV-2021-A005750|ICCV-2021-A005751|ICCV-2021-A005752,ICCV,2021,https://openaccess.thecvf.com/content/ICCV2021/html/Teng_Target_Adaptive_Context_Aggregation_for_Video_Scene_Graph_Generation_ICCV_2021_paper.html
ICCV-2021-P1160,Learnable Boundary Guided Adversarial Training,ICCV-2021-A005753|ICCV-2021-A005754|ICCV-2021-A005755|ICCV-2021-A005756,ICCV,2021,https://openaccess.thecvf.com/content/ICCV2021/html/Cui_Learnable_Boundary_Guided_Adversarial_Training_ICCV_2021_paper.html
ICCV-2021-P1161,Memory-Augmented Dynamic Neural Relational Inference,ICCV-2021-A005757|ICCV-2021-A005758|ICCV-2021-A005759|ICCV-2021-A005760,ICCV,2021,https://openaccess.thecvf.com/content/ICCV2021/html/Gong_Memory-Augmented_Dynamic_Neural_Relational_Inference_ICCV_2021_paper.html
ICCV-2021-P1162,Physics-Based Differentiable Depth Sensor Simulation,ICCV-2021-A005761|ICCV-2021-A005762,ICCV,2021,https://openaccess.thecvf.com/content/ICCV2021/html/Planche_Physics-Based_Differentiable_Depth_Sensor_Simulation_ICCV_2021_paper.html
ICCV-2021-P1163,Efficient Visual Pretraining With Contrastive Detection,ICCV-2021-A005763|ICCV-2021-A005764|ICCV-2021-A005765|ICCV-2021-A005766|ICCV-2021-A005767|ICCV-2021-A005768,ICCV,2021,https://openaccess.thecvf.com/content/ICCV2021/html/Henaff_Efficient_Visual_Pretraining_With_Contrastive_Detection_ICCV_2021_paper.html
ICCV-2021-P1164,Exploiting Scene Graphs for Human-Object Interaction Detection,ICCV-2021-A005769|ICCV-2021-A005770|ICCV-2021-A005771|ICCV-2021-A005772,ICCV,2021,https://openaccess.thecvf.com/content/ICCV2021/html/He_Exploiting_Scene_Graphs_for_Human-Object_Interaction_Detection_ICCV_2021_paper.html
ICCV-2021-P1165,Multi-VAE: Learning Disentangled View-Common and View-Peculiar Visual Representations for Multi-View Clustering,ICCV-2021-A005773|ICCV-2021-A005774|ICCV-2021-A005775|ICCV-2021-A005776|ICCV-2021-A005777|ICCV-2021-A005778|ICCV-2021-A005779,ICCV,2021,https://openaccess.thecvf.com/content/ICCV2021/html/Xu_Multi-VAE_Learning_Disentangled_View-Common_and_View-Peculiar_Visual_Representations_for_Multi-View_ICCV_2021_paper.html
ICCV-2021-P1166,Adversarial Robustness for Unsupervised Domain Adaptation,ICCV-2021-A005780|ICCV-2021-A005781|ICCV-2021-A005782|ICCV-2021-A005783|ICCV-2021-A005784|ICCV-2021-A005785|ICCV-2021-A005786,ICCV,2021,https://openaccess.thecvf.com/content/ICCV2021/html/Awais_Adversarial_Robustness_for_Unsupervised_Domain_Adaptation_ICCV_2021_paper.html
ICCV-2021-P1167,Discovering 3D Parts From Image Collections,ICCV-2021-A005787|ICCV-2021-A005788|ICCV-2021-A005789|ICCV-2021-A005790,ICCV,2021,https://openaccess.thecvf.com/content/ICCV2021/html/Yao_Discovering_3D_Parts_From_Image_Collections_ICCV_2021_paper.html
ICCV-2021-P1168,ICE: Inter-Instance Contrastive Encoding for Unsupervised Person Re-Identification,ICCV-2021-A005791|ICCV-2021-A005792|ICCV-2021-A005793,ICCV,2021,https://openaccess.thecvf.com/content/ICCV2021/html/Chen_ICE_Inter-Instance_Contrastive_Encoding_for_Unsupervised_Person_Re-Identification_ICCV_2021_paper.html
ICCV-2021-P1169,PIRenderer: Controllable Portrait Image Generation via Semantic Neural Rendering,ICCV-2021-A005794|ICCV-2021-A005795|ICCV-2021-A005796|ICCV-2021-A005797|ICCV-2021-A005798,ICCV,2021,https://openaccess.thecvf.com/content/ICCV2021/html/Ren_PIRenderer_Controllable_Portrait_Image_Generation_via_Semantic_Neural_Rendering_ICCV_2021_paper.html
ICCV-2021-P1170,Toward Human-Like Grasp: Dexterous Grasping via Semantic Representation of Object-Hand,ICCV-2021-A005799|ICCV-2021-A005800|ICCV-2021-A005801|ICCV-2021-A005802,ICCV,2021,https://openaccess.thecvf.com/content/ICCV2021/html/Zhu_Toward_Human-Like_Grasp_Dexterous_Grasping_via_Semantic_Representation_of_Object-Hand_ICCV_2021_paper.html
ICCV-2021-P1171,Learning Conditional Knowledge Distillation for Degraded-Reference Image Quality Assessment,ICCV-2021-A005803|ICCV-2021-A005804|ICCV-2021-A005805|ICCV-2021-A005806|ICCV-2021-A005807,ICCV,2021,https://openaccess.thecvf.com/content/ICCV2021/html/Zheng_Learning_Conditional_Knowledge_Distillation_for_Degraded-Reference_Image_Quality_Assessment_ICCV_2021_paper.html
ICCV-2021-P1172,Visual Distant Supervision for Scene Graph Generation,ICCV-2021-A005808|ICCV-2021-A005809|ICCV-2021-A005810|ICCV-2021-A005811|ICCV-2021-A005812|ICCV-2021-A005813|ICCV-2021-A005814|ICCV-2021-A005815,ICCV,2021,https://openaccess.thecvf.com/content/ICCV2021/html/Yao_Visual_Distant_Supervision_for_Scene_Graph_Generation_ICCV_2021_paper.html
ICCV-2021-P1173,Image Shape Manipulation From a Single Augmented Training Sample,ICCV-2021-A005816|ICCV-2021-A005817|ICCV-2021-A005818|ICCV-2021-A005819,ICCV,2021,https://openaccess.thecvf.com/content/ICCV2021/html/Vinker_Image_Shape_Manipulation_From_a_Single_Augmented_Training_Sample_ICCV_2021_paper.html
ICCV-2021-P1174,SNARF: Differentiable Forward Skinning for Animating Non-Rigid Neural Implicit Shapes,ICCV-2021-A005820|ICCV-2021-A005821|ICCV-2021-A005822|ICCV-2021-A005823|ICCV-2021-A005824,ICCV,2021,https://openaccess.thecvf.com/content/ICCV2021/html/Chen_SNARF_Differentiable_Forward_Skinning_for_Animating_Non-Rigid_Neural_Implicit_Shapes_ICCV_2021_paper.html
ICCV-2021-P1175,Curvature Generation in Curved Spaces for Few-Shot Learning,ICCV-2021-A005825|ICCV-2021-A005826|ICCV-2021-A005827|ICCV-2021-A005828,ICCV,2021,https://openaccess.thecvf.com/content/ICCV2021/html/Gao_Curvature_Generation_in_Curved_Spaces_for_Few-Shot_Learning_ICCV_2021_paper.html
ICCV-2021-P1176,Single Image 3D Shape Retrieval via Cross-Modal Instance and Category Contrastive Learning,ICCV-2021-A005829|ICCV-2021-A005830|ICCV-2021-A005831|ICCV-2021-A005832|ICCV-2021-A005833|ICCV-2021-A005834|ICCV-2021-A005835,ICCV,2021,https://openaccess.thecvf.com/content/ICCV2021/html/Lin_Single_Image_3D_Shape_Retrieval_via_Cross-Modal_Instance_and_Category_ICCV_2021_paper.html
ICCV-2021-P1177,Omnidata: A Scalable Pipeline for Making Multi-Task Mid-Level Vision Datasets From 3D Scans,ICCV-2021-A005836|ICCV-2021-A005837|ICCV-2021-A005838|ICCV-2021-A005839,ICCV,2021,https://openaccess.thecvf.com/content/ICCV2021/html/Eftekhar_Omnidata_A_Scalable_Pipeline_for_Making_Multi-Task_Mid-Level_Vision_Datasets_ICCV_2021_paper.html
ICCV-2021-P1178,Single View Physical Distance Estimation Using Human Pose,ICCV-2021-A005840|ICCV-2021-A005841|ICCV-2021-A005842|ICCV-2021-A005843|ICCV-2021-A005844|ICCV-2021-A005845,ICCV,2021,https://openaccess.thecvf.com/content/ICCV2021/html/Fei_Single_View_Physical_Distance_Estimation_Using_Human_Pose_ICCV_2021_paper.html
ICCV-2021-P1179,Not All Operations Contribute Equally: Hierarchical Operation-Adaptive Predictor for Neural Architecture Search,ICCV-2021-A005846|ICCV-2021-A005847|ICCV-2021-A005848|ICCV-2021-A005849|ICCV-2021-A005850,ICCV,2021,https://openaccess.thecvf.com/content/ICCV2021/html/Chen_Not_All_Operations_Contribute_Equally_Hierarchical_Operation-Adaptive_Predictor_for_Neural_ICCV_2021_paper.html
ICCV-2021-P1180,Adaptive Surface Normal Constraint for Depth Estimation,ICCV-2021-A005851|ICCV-2021-A005852|ICCV-2021-A005853|ICCV-2021-A005854|ICCV-2021-A005855|ICCV-2021-A005856|ICCV-2021-A005857,ICCV,2021,https://openaccess.thecvf.com/content/ICCV2021/html/Long_Adaptive_Surface_Normal_Constraint_for_Depth_Estimation_ICCV_2021_paper.html
ICCV-2021-P1181,Enriching Local and Global Contexts for Temporal Action Localization,ICCV-2021-A005858|ICCV-2021-A005859|ICCV-2021-A005860|ICCV-2021-A005861|ICCV-2021-A005862,ICCV,2021,https://openaccess.thecvf.com/content/ICCV2021/html/Zhu_Enriching_Local_and_Global_Contexts_for_Temporal_Action_Localization_ICCV_2021_paper.html
ICCV-2021-P1182,DRAEM - A Discriminatively Trained Reconstruction Embedding for Surface Anomaly Detection,ICCV-2021-A005863|ICCV-2021-A005864|ICCV-2021-A005865,ICCV,2021,https://openaccess.thecvf.com/content/ICCV2021/html/Zavrtanik_DRAEM_-_A_Discriminatively_Trained_Reconstruction_Embedding_for_Surface_Anomaly_ICCV_2021_paper.html
ICCV-2021-P1183,Large Scale Interactive Motion Forecasting for Autonomous Driving: The Waymo Open Motion Dataset,ICCV-2021-A005866|ICCV-2021-A005867|ICCV-2021-A005868|ICCV-2021-A005869|ICCV-2021-A005870|ICCV-2021-A005871|ICCV-2021-A005872|ICCV-2021-A005873|ICCV-2021-A005874|ICCV-2021-A005875|ICCV-2021-A005876|ICCV-2021-A005877|ICCV-2021-A005878|ICCV-2021-A005879|ICCV-2021-A005880|ICCV-2021-A005881|ICCV-2021-A005882|ICCV-2021-A005883,ICCV,2021,https://openaccess.thecvf.com/content/ICCV2021/html/Ettinger_Large_Scale_Interactive_Motion_Forecasting_for_Autonomous_Driving_The_Waymo_ICCV_2021_paper.html
ICCV-2021-P1184,Rethinking and Improving Relative Position Encoding for Vision Transformer,ICCV-2021-A005884|ICCV-2021-A005885|ICCV-2021-A005886|ICCV-2021-A005887|ICCV-2021-A005888,ICCV,2021,https://openaccess.thecvf.com/content/ICCV2021/html/Wu_Rethinking_and_Improving_Relative_Position_Encoding_for_Vision_Transformer_ICCV_2021_paper.html
ICCV-2021-P1185,STRIVE: Scene Text Replacement in Videos,ICCV-2021-A005889|ICCV-2021-A005890|ICCV-2021-A005891|ICCV-2021-A005892|ICCV-2021-A005893|ICCV-2021-A005894|ICCV-2021-A005895,ICCV,2021,https://openaccess.thecvf.com/content/ICCV2021/html/G_STRIVE_Scene_Text_Replacement_in_Videos_ICCV_2021_paper.html
ICCV-2021-P1186,Hypersim: A Photorealistic Synthetic Dataset for Holistic Indoor Scene Understanding,ICCV-2021-A005896|ICCV-2021-A005897|ICCV-2021-A005898|ICCV-2021-A005899|ICCV-2021-A005900|ICCV-2021-A005901|ICCV-2021-A005902|ICCV-2021-A005903,ICCV,2021,https://openaccess.thecvf.com/content/ICCV2021/html/Roberts_Hypersim_A_Photorealistic_Synthetic_Dataset_for_Holistic_Indoor_Scene_Understanding_ICCV_2021_paper.html
ICCV-2021-P1187,Self-Supervised Object Detection via Generative Image Synthesis,ICCV-2021-A005904|ICCV-2021-A005905|ICCV-2021-A005906|ICCV-2021-A005907|ICCV-2021-A005908|ICCV-2021-A005909|ICCV-2021-A005910|ICCV-2021-A005911,ICCV,2021,https://openaccess.thecvf.com/content/ICCV2021/html/Mustikovela_Self-Supervised_Object_Detection_via_Generative_Image_Synthesis_ICCV_2021_paper.html
ICCV-2021-P1188,Action-Conditioned 3D Human Motion Synthesis With Transformer VAE,ICCV-2021-A005912|ICCV-2021-A005913|ICCV-2021-A005914,ICCV,2021,https://openaccess.thecvf.com/content/ICCV2021/html/Petrovich_Action-Conditioned_3D_Human_Motion_Synthesis_With_Transformer_VAE_ICCV_2021_paper.html
ICCV-2021-P1189,Deep Relational Metric Learning,ICCV-2021-A005915|ICCV-2021-A005916|ICCV-2021-A005917|ICCV-2021-A005918,ICCV,2021,https://openaccess.thecvf.com/content/ICCV2021/html/Zheng_Deep_Relational_Metric_Learning_ICCV_2021_paper.html
ICCV-2021-P1190,A Unified Objective for Novel Class Discovery,ICCV-2021-A005919|ICCV-2021-A005920|ICCV-2021-A005921|ICCV-2021-A005922|ICCV-2021-A005923|ICCV-2021-A005924,ICCV,2021,https://openaccess.thecvf.com/content/ICCV2021/html/Fini_A_Unified_Objective_for_Novel_Class_Discovery_ICCV_2021_paper.html
ICCV-2021-P1191,Provably Approximated Point Cloud Registration,ICCV-2021-A005925|ICCV-2021-A005926|ICCV-2021-A005927|ICCV-2021-A005928,ICCV,2021,https://openaccess.thecvf.com/content/ICCV2021/html/Jubran_Provably_Approximated_Point_Cloud_Registration_ICCV_2021_paper.html
ICCV-2021-P1192,Invisible Backdoor Attack With Sample-Specific Triggers,ICCV-2021-A005929|ICCV-2021-A005930|ICCV-2021-A005931|ICCV-2021-A005932|ICCV-2021-A005933|ICCV-2021-A005934,ICCV,2021,https://openaccess.thecvf.com/content/ICCV2021/html/Li_Invisible_Backdoor_Attack_With_Sample-Specific_Triggers_ICCV_2021_paper.html
ICCV-2021-P1193,A Multi-Mode Modulator for Multi-Domain Few-Shot Classification,ICCV-2021-A005935|ICCV-2021-A005936|ICCV-2021-A005937|ICCV-2021-A005938|ICCV-2021-A005939|ICCV-2021-A005940,ICCV,2021,https://openaccess.thecvf.com/content/ICCV2021/html/Liu_A_Multi-Mode_Modulator_for_Multi-Domain_Few-Shot_Classification_ICCV_2021_paper.html
ICCV-2021-P1194,SketchAA: Abstract Representation for Abstract Sketches,ICCV-2021-A005941|ICCV-2021-A005942|ICCV-2021-A005943|ICCV-2021-A005944,ICCV,2021,https://openaccess.thecvf.com/content/ICCV2021/html/Yang_SketchAA_Abstract_Representation_for_Abstract_Sketches_ICCV_2021_paper.html
ICCV-2021-P1195,SurfaceNet: Adversarial SVBRDF Estimation From a Single Image,ICCV-2021-A005945|ICCV-2021-A005946|ICCV-2021-A005947,ICCV,2021,https://openaccess.thecvf.com/content/ICCV2021/html/Vecchio_SurfaceNet_Adversarial_SVBRDF_Estimation_From_a_Single_Image_ICCV_2021_paper.html
ICCV-2021-P1196,FloorPlanCAD: A Large-Scale CAD Drawing Dataset for Panoptic Symbol Spotting,ICCV-2021-A005948|ICCV-2021-A005949|ICCV-2021-A005950|ICCV-2021-A005951|ICCV-2021-A005952|ICCV-2021-A005953,ICCV,2021,https://openaccess.thecvf.com/content/ICCV2021/html/Fan_FloorPlanCAD_A_Large-Scale_CAD_Drawing_Dataset_for_Panoptic_Symbol_Spotting_ICCV_2021_paper.html
ICCV-2021-P1197,Gradient Distribution Alignment Certificates Better Adversarial Domain Adaptation,ICCV-2021-A005954|ICCV-2021-A005955|ICCV-2021-A005956|ICCV-2021-A005957|ICCV-2021-A005958,ICCV,2021,https://openaccess.thecvf.com/content/ICCV2021/html/Gao_Gradient_Distribution_Alignment_Certificates_Better_Adversarial_Domain_Adaptation_ICCV_2021_paper.html
ICCV-2021-P1198,Learning Latent Architectural Distribution in Differentiable Neural Architecture Search via Variational Information Maximization,ICCV-2021-A005959|ICCV-2021-A005960|ICCV-2021-A005961|ICCV-2021-A005962|ICCV-2021-A005963|ICCV-2021-A005964,ICCV,2021,https://openaccess.thecvf.com/content/ICCV2021/html/Wang_Learning_Latent_Architectural_Distribution_in_Differentiable_Neural_Architecture_Search_via_ICCV_2021_paper.html
ICCV-2021-P1199,Episodic Transformer for Vision-and-Language Navigation,ICCV-2021-A005965|ICCV-2021-A005966|ICCV-2021-A005967,ICCV,2021,https://openaccess.thecvf.com/content/ICCV2021/html/Pashevich_Episodic_Transformer_for_Vision-and-Language_Navigation_ICCV_2021_paper.html
ICCV-2021-P1200,Change Is Everywhere: Single-Temporal Supervised Object Change Detection in Remote Sensing Imagery,ICCV-2021-A005968|ICCV-2021-A005969|ICCV-2021-A005970|ICCV-2021-A005971,ICCV,2021,https://openaccess.thecvf.com/content/ICCV2021/html/Zheng_Change_Is_Everywhere_Single-Temporal_Supervised_Object_Change_Detection_in_Remote_ICCV_2021_paper.html
ICCV-2021-P1201,Graspness Discovery in Clutters for Fast and Accurate Grasp Detection,ICCV-2021-A005972|ICCV-2021-A005973|ICCV-2021-A005974|ICCV-2021-A005975|ICCV-2021-A005976|ICCV-2021-A005977,ICCV,2021,https://openaccess.thecvf.com/content/ICCV2021/html/Wang_Graspness_Discovery_in_Clutters_for_Fast_and_Accurate_Grasp_Detection_ICCV_2021_paper.html
ICCV-2021-P1202,Clustering by Maximizing Mutual Information Across Views,ICCV-2021-A005978|ICCV-2021-A005979|ICCV-2021-A005980,ICCV,2021,https://openaccess.thecvf.com/content/ICCV2021/html/Do_Clustering_by_Maximizing_Mutual_Information_Across_Views_ICCV_2021_paper.html
ICCV-2021-P1203,SIGN: Spatial-Information Incorporated Generative Network for Generalized Zero-Shot Semantic Segmentation,ICCV-2021-A005981|ICCV-2021-A005982|ICCV-2021-A005983|ICCV-2021-A005984,ICCV,2021,https://openaccess.thecvf.com/content/ICCV2021/html/Cheng_SIGN_Spatial-Information_Incorporated_Generative_Network_for_Generalized_Zero-Shot_Semantic_Segmentation_ICCV_2021_paper.html
ICCV-2021-P1204,Learning With Privileged Tasks,ICCV-2021-A005985|ICCV-2021-A005986|ICCV-2021-A005987|ICCV-2021-A005988|ICCV-2021-A005989|ICCV-2021-A005990|ICCV-2021-A005991|ICCV-2021-A005992,ICCV,2021,https://openaccess.thecvf.com/content/ICCV2021/html/Song_Learning_With_Privileged_Tasks_ICCV_2021_paper.html
ICCV-2021-P1205,Modelling Neighbor Relation in Joint Space-Time Graph for Video Correspondence Learning,ICCV-2021-A005993|ICCV-2021-A005994|ICCV-2021-A005995,ICCV,2021,https://openaccess.thecvf.com/content/ICCV2021/html/Zhao_Modelling_Neighbor_Relation_in_Joint_Space-Time_Graph_for_Video_Correspondence_ICCV_2021_paper.html
ICCV-2021-P1206,DiagViB-6: A Diagnostic Benchmark Suite for Vision Models in the Presence of Shortcut and Generalization Opportunities,ICCV-2021-A005996|ICCV-2021-A005997|ICCV-2021-A005998|ICCV-2021-A005999|ICCV-2021-A006000|ICCV-2021-A006001|ICCV-2021-A006002,ICCV,2021,https://openaccess.thecvf.com/content/ICCV2021/html/Eulig_DiagViB-6_A_Diagnostic_Benchmark_Suite_for_Vision_Models_in_the_ICCV_2021_paper.html
ICCV-2021-P1207,ASMR: Learning Attribute-Based Person Search With Adaptive Semantic Margin Regularizer,ICCV-2021-A006003|ICCV-2021-A006004|ICCV-2021-A006005,ICCV,2021,https://openaccess.thecvf.com/content/ICCV2021/html/Jeong_ASMR_Learning_Attribute-Based_Person_Search_With_Adaptive_Semantic_Margin_Regularizer_ICCV_2021_paper.html
ICCV-2021-P1208,Learning Inner-Group Relations on Point Clouds,ICCV-2021-A006006|ICCV-2021-A006007|ICCV-2021-A006008|ICCV-2021-A006009,ICCV,2021,https://openaccess.thecvf.com/content/ICCV2021/html/Ran_Learning_Inner-Group_Relations_on_Point_Clouds_ICCV_2021_paper.html
ICCV-2021-P1209,Swin Transformer: Hierarchical Vision Transformer Using Shifted Windows,ICCV-2021-A006010|ICCV-2021-A006011|ICCV-2021-A006012|ICCV-2021-A006013|ICCV-2021-A006014|ICCV-2021-A006015|ICCV-2021-A006016|ICCV-2021-A006017,ICCV,2021,https://openaccess.thecvf.com/content/ICCV2021/html/Liu_Swin_Transformer_Hierarchical_Vision_Transformer_Using_Shifted_Windows_ICCV_2021_paper.html
ICCV-2021-P1210,Dynamic Cross Feature Fusion for Remote Sensing Pansharpening,ICCV-2021-A006018|ICCV-2021-A006019|ICCV-2021-A006020|ICCV-2021-A006021,ICCV,2021,https://openaccess.thecvf.com/content/ICCV2021/html/Wu_Dynamic_Cross_Feature_Fusion_for_Remote_Sensing_Pansharpening_ICCV_2021_paper.html
ICCV-2021-P1211,RobustNav: Towards Benchmarking Robustness in Embodied Navigation,ICCV-2021-A006022|ICCV-2021-A006023|ICCV-2021-A006024|ICCV-2021-A006025,ICCV,2021,https://openaccess.thecvf.com/content/ICCV2021/html/Chattopadhyay_RobustNav_Towards_Benchmarking_Robustness_in_Embodied_Navigation_ICCV_2021_paper.html
ICCV-2021-P1212,A Simple Baseline for Weakly-Supervised Scene Graph Generation,ICCV-2021-A006026|ICCV-2021-A006027|ICCV-2021-A006028|ICCV-2021-A006029|ICCV-2021-A006030,ICCV,2021,https://openaccess.thecvf.com/content/ICCV2021/html/Shi_A_Simple_Baseline_for_Weakly-Supervised_Scene_Graph_Generation_ICCV_2021_paper.html
ICCV-2021-P1213,3DStyleNet: Creating 3D Shapes With Geometric and Texture Style Variations,ICCV-2021-A006031|ICCV-2021-A006032|ICCV-2021-A006033|ICCV-2021-A006034|ICCV-2021-A006035,ICCV,2021,https://openaccess.thecvf.com/content/ICCV2021/html/Yin_3DStyleNet_Creating_3D_Shapes_With_Geometric_and_Texture_Style_Variations_ICCV_2021_paper.html
ICCV-2021-P1214,NeRD: Neural Reflectance Decomposition From Image Collections,ICCV-2021-A006036|ICCV-2021-A006037|ICCV-2021-A006038|ICCV-2021-A006039|ICCV-2021-A006040|ICCV-2021-A006041,ICCV,2021,https://openaccess.thecvf.com/content/ICCV2021/html/Boss_NeRD_Neural_Reflectance_Decomposition_From_Image_Collections_ICCV_2021_paper.html
ICCV-2021-P1215,MSR-GCN: Multi-Scale Residual Graph Convolution Networks for Human Motion Prediction,ICCV-2021-A006042|ICCV-2021-A006043|ICCV-2021-A006044|ICCV-2021-A006045|ICCV-2021-A006046,ICCV,2021,https://openaccess.thecvf.com/content/ICCV2021/html/Dang_MSR-GCN_Multi-Scale_Residual_Graph_Convolution_Networks_for_Human_Motion_Prediction_ICCV_2021_paper.html
ICCV-2021-P1216,Gait Recognition via Effective Global-Local Feature Representation and Local Temporal Aggregation,ICCV-2021-A006047|ICCV-2021-A006048|ICCV-2021-A006049,ICCV,2021,https://openaccess.thecvf.com/content/ICCV2021/html/Lin_Gait_Recognition_via_Effective_Global-Local_Feature_Representation_and_Local_Temporal_ICCV_2021_paper.html
ICCV-2021-P1217,Labels4Free: Unsupervised Segmentation Using StyleGAN,ICCV-2021-A006050|ICCV-2021-A006051|ICCV-2021-A006052|ICCV-2021-A006053,ICCV,2021,https://openaccess.thecvf.com/content/ICCV2021/html/Abdal_Labels4Free_Unsupervised_Segmentation_Using_StyleGAN_ICCV_2021_paper.html
ICCV-2021-P1218,Unsupervised 3D Pose Estimation for Hierarchical Dance Video Recognition,ICCV-2021-A006054|ICCV-2021-A006055,ICCV,2021,https://openaccess.thecvf.com/content/ICCV2021/html/Hu_Unsupervised_3D_Pose_Estimation_for_Hierarchical_Dance_Video_Recognition_ICCV_2021_paper.html
ICCV-2021-P1219,Improving Contrastive Learning by Visualizing Feature Transformation,ICCV-2021-A006056|ICCV-2021-A006057|ICCV-2021-A006058|ICCV-2021-A006059|ICCV-2021-A006060,ICCV,2021,https://openaccess.thecvf.com/content/ICCV2021/html/Zhu_Improving_Contrastive_Learning_by_Visualizing_Feature_Transformation_ICCV_2021_paper.html
ICCV-2021-P1220,Product1M: Towards Weakly Supervised Instance-Level Product Retrieval via Cross-Modal Pretraining,ICCV-2021-A006061|ICCV-2021-A006062|ICCV-2021-A006063|ICCV-2021-A006064|ICCV-2021-A006065|ICCV-2021-A006066|ICCV-2021-A006067|ICCV-2021-A006068,ICCV,2021,https://openaccess.thecvf.com/content/ICCV2021/html/Zhan_Product1M_Towards_Weakly_Supervised_Instance-Level_Product_Retrieval_via_Cross-Modal_Pretraining_ICCV_2021_paper.html
ICCV-2021-P1221,StyleFormer: Real-Time Arbitrary Style Transfer via Parametric Style Composition,ICCV-2021-A006069|ICCV-2021-A006070|ICCV-2021-A006071|ICCV-2021-A006072,ICCV,2021,https://openaccess.thecvf.com/content/ICCV2021/html/Wu_StyleFormer_Real-Time_Arbitrary_Style_Transfer_via_Parametric_Style_Composition_ICCV_2021_paper.html
ICCV-2021-P1222,A Style and Semantic Memory Mechanism for Domain Generalization,ICCV-2021-A006073|ICCV-2021-A006074|ICCV-2021-A006075|ICCV-2021-A006076|ICCV-2021-A006077|ICCV-2021-A006078,ICCV,2021,https://openaccess.thecvf.com/content/ICCV2021/html/Chen_A_Style_and_Semantic_Memory_Mechanism_for_Domain_Generalization_ICCV_2021_paper.html
ICCV-2021-P1223,EigenGAN: Layer-Wise Eigen-Learning for GANs,ICCV-2021-A006079|ICCV-2021-A006080|ICCV-2021-A006081,ICCV,2021,https://openaccess.thecvf.com/content/ICCV2021/html/He_EigenGAN_Layer-Wise_Eigen-Learning_for_GANs_ICCV_2021_paper.html
ICCV-2021-P1224,Uncertainty-Aware Human Mesh Recovery From Video by Learning Part-Based 3D Dynamics,ICCV-2021-A006082|ICCV-2021-A006083,ICCV,2021,https://openaccess.thecvf.com/content/ICCV2021/html/Lee_Uncertainty-Aware_Human_Mesh_Recovery_From_Video_by_Learning_Part-Based_3D_ICCV_2021_paper.html
ICCV-2021-P1225,Neural TMDlayer: Modeling Instantaneous Flow of Features via SDE Generators,ICCV-2021-A006084|ICCV-2021-A006085|ICCV-2021-A006086,ICCV,2021,https://openaccess.thecvf.com/content/ICCV2021/html/Meng_Neural_TMDlayer_Modeling_Instantaneous_Flow_of_Features_via_SDE_Generators_ICCV_2021_paper.html
ICCV-2021-P1226,FIERY: Future Instance Prediction in Bird's-Eye View From Surround Monocular Cameras,ICCV-2021-A006087|ICCV-2021-A006088|ICCV-2021-A006089|ICCV-2021-A006090|ICCV-2021-A006091|ICCV-2021-A006092|ICCV-2021-A006093|ICCV-2021-A006094,ICCV,2021,https://openaccess.thecvf.com/content/ICCV2021/html/Hu_FIERY_Future_Instance_Prediction_in_Birds-Eye_View_From_Surround_Monocular_ICCV_2021_paper.html
ICCV-2021-P1227,CLEAR: Clean-Up Sample-Targeted Backdoor in Neural Networks,ICCV-2021-A006095|ICCV-2021-A006096|ICCV-2021-A006097|ICCV-2021-A006098|ICCV-2021-A006099,ICCV,2021,https://openaccess.thecvf.com/content/ICCV2021/html/Zhu_CLEAR_Clean-Up_Sample-Targeted_Backdoor_in_Neural_Networks_ICCV_2021_paper.html
ICCV-2021-P1228,Motion-Augmented Self-Training for Video Recognition at Smaller Scale,ICCV-2021-A006100|ICCV-2021-A006101|ICCV-2021-A006102|ICCV-2021-A006103,ICCV,2021,https://openaccess.thecvf.com/content/ICCV2021/html/Gavrilyuk_Motion-Augmented_Self-Training_for_Video_Recognition_at_Smaller_Scale_ICCV_2021_paper.html
ICCV-2021-P1229,Generating Smooth Pose Sequences for Diverse Human Motion Prediction,ICCV-2021-A006104|ICCV-2021-A006105|ICCV-2021-A006106,ICCV,2021,https://openaccess.thecvf.com/content/ICCV2021/html/Mao_Generating_Smooth_Pose_Sequences_for_Diverse_Human_Motion_Prediction_ICCV_2021_paper.html
ICCV-2021-P1230,DensePose 3D: Lifting Canonical Surface Maps of Articulated Objects to the Third Dimension,ICCV-2021-A006107|ICCV-2021-A006108|ICCV-2021-A006109|ICCV-2021-A006110|ICCV-2021-A006111,ICCV,2021,https://openaccess.thecvf.com/content/ICCV2021/html/Shapovalov_DensePose_3D_Lifting_Canonical_Surface_Maps_of_Articulated_Objects_to_ICCV_2021_paper.html
ICCV-2021-P1231,Exploiting a Joint Embedding Space for Generalized Zero-Shot Semantic Segmentation,ICCV-2021-A006112|ICCV-2021-A006113|ICCV-2021-A006114,ICCV,2021,https://openaccess.thecvf.com/content/ICCV2021/html/Baek_Exploiting_a_Joint_Embedding_Space_for_Generalized_Zero-Shot_Semantic_Segmentation_ICCV_2021_paper.html
ICCV-2021-P1232,HeadGAN: One-Shot Neural Head Synthesis and Editing,ICCV-2021-A006115|ICCV-2021-A006116|ICCV-2021-A006117,ICCV,2021,https://openaccess.thecvf.com/content/ICCV2021/html/Doukas_HeadGAN_One-Shot_Neural_Head_Synthesis_and_Editing_ICCV_2021_paper.html
ICCV-2021-P1233,Aligning Subtitles in Sign Language Videos,ICCV-2021-A006118|ICCV-2021-A006119|ICCV-2021-A006120|ICCV-2021-A006121|ICCV-2021-A006122|ICCV-2021-A006123,ICCV,2021,https://openaccess.thecvf.com/content/ICCV2021/html/Bull_Aligning_Subtitles_in_Sign_Language_Videos_ICCV_2021_paper.html
ICCV-2021-P1234,Variational Feature Disentangling for Fine-Grained Few-Shot Classification,ICCV-2021-A006124|ICCV-2021-A006125|ICCV-2021-A006126|ICCV-2021-A006127|ICCV-2021-A006128,ICCV,2021,https://openaccess.thecvf.com/content/ICCV2021/html/Xu_Variational_Feature_Disentangling_for_Fine-Grained_Few-Shot_Classification_ICCV_2021_paper.html
ICCV-2021-P1235,Deep Implicit Surface Point Prediction Networks,ICCV-2021-A006129|ICCV-2021-A006130|ICCV-2021-A006131|ICCV-2021-A006132|ICCV-2021-A006133|ICCV-2021-A006134|ICCV-2021-A006135,ICCV,2021,https://openaccess.thecvf.com/content/ICCV2021/html/Venkatesh_Deep_Implicit_Surface_Point_Prediction_Networks_ICCV_2021_paper.html
ICCV-2021-P1236,Deep Metric Learning for Open World Semantic Segmentation,ICCV-2021-A006136|ICCV-2021-A006137|ICCV-2021-A006138|ICCV-2021-A006139|ICCV-2021-A006140,ICCV,2021,https://openaccess.thecvf.com/content/ICCV2021/html/Cen_Deep_Metric_Learning_for_Open_World_Semantic_Segmentation_ICCV_2021_paper.html
ICCV-2021-P1237,SO-Pose: Exploiting Self-Occlusion for Direct 6D Pose Estimation,ICCV-2021-A006141|ICCV-2021-A006142|ICCV-2021-A006143|ICCV-2021-A006144|ICCV-2021-A006145|ICCV-2021-A006146,ICCV,2021,https://openaccess.thecvf.com/content/ICCV2021/html/Di_SO-Pose_Exploiting_Self-Occlusion_for_Direct_6D_Pose_Estimation_ICCV_2021_paper.html
ICCV-2021-P1238,HiT: Hierarchical Transformer With Momentum Contrast for Video-Text Retrieval,ICCV-2021-A006147|ICCV-2021-A006148|ICCV-2021-A006149|ICCV-2021-A006150|ICCV-2021-A006151|ICCV-2021-A006152,ICCV,2021,https://openaccess.thecvf.com/content/ICCV2021/html/Liu_HiT_Hierarchical_Transformer_With_Momentum_Contrast_for_Video-Text_Retrieval_ICCV_2021_paper.html
ICCV-2021-P1239,Unsupervised Few-Shot Action Recognition via Action-Appearance Aligned Meta-Adaptation,ICCV-2021-A006153|ICCV-2021-A006154|ICCV-2021-A006155|ICCV-2021-A006156|ICCV-2021-A006157,ICCV,2021,https://openaccess.thecvf.com/content/ICCV2021/html/Patravali_Unsupervised_Few-Shot_Action_Recognition_via_Action-Appearance_Aligned_Meta-Adaptation_ICCV_2021_paper.html
ICCV-2021-P1240,Poly-NL: Linear Complexity Non-Local Layers With 3rd Order Polynomials,ICCV-2021-A006158|ICCV-2021-A006159|ICCV-2021-A006160|ICCV-2021-A006161|ICCV-2021-A006162|ICCV-2021-A006163,ICCV,2021,https://openaccess.thecvf.com/content/ICCV2021/html/Babiloni_Poly-NL_Linear_Complexity_Non-Local_Layers_With_3rd_Order_Polynomials_ICCV_2021_paper.html
ICCV-2021-P1241,Deep Edge-Aware Interactive Colorization Against Color-Bleeding Effects,ICCV-2021-A006164|ICCV-2021-A006165|ICCV-2021-A006166|ICCV-2021-A006167|ICCV-2021-A006168|ICCV-2021-A006169,ICCV,2021,https://openaccess.thecvf.com/content/ICCV2021/html/Kim_Deep_Edge-Aware_Interactive_Colorization_Against_Color-Bleeding_Effects_ICCV_2021_paper.html
ICCV-2021-P1242,Separable Flow: Learning Motion Cost Volumes for Optical Flow Estimation,ICCV-2021-A006170|ICCV-2021-A006171|ICCV-2021-A006172|ICCV-2021-A006173,ICCV,2021,https://openaccess.thecvf.com/content/ICCV2021/html/Zhang_Separable_Flow_Learning_Motion_Cost_Volumes_for_Optical_Flow_Estimation_ICCV_2021_paper.html
ICCV-2021-P1243,Learned Spatial Representations for Few-Shot Talking-Head Synthesis,ICCV-2021-A006174|ICCV-2021-A006175|ICCV-2021-A006176|ICCV-2021-A006177,ICCV,2021,https://openaccess.thecvf.com/content/ICCV2021/html/Meshry_Learned_Spatial_Representations_for_Few-Shot_Talking-Head_Synthesis_ICCV_2021_paper.html
ICCV-2021-P1244,Vision Transformers for Dense Prediction,ICCV-2021-A006178|ICCV-2021-A006179|ICCV-2021-A006180,ICCV,2021,https://openaccess.thecvf.com/content/ICCV2021/html/Ranftl_Vision_Transformers_for_Dense_Prediction_ICCV_2021_paper.html
ICCV-2021-P1245,GANcraft: Unsupervised 3D Neural Rendering of Minecraft Worlds,ICCV-2021-A006181|ICCV-2021-A006182|ICCV-2021-A006183|ICCV-2021-A006184,ICCV,2021,https://openaccess.thecvf.com/content/ICCV2021/html/Hao_GANcraft_Unsupervised_3D_Neural_Rendering_of_Minecraft_Worlds_ICCV_2021_paper.html
ICCV-2021-P1246,Talk-To-Edit: Fine-Grained Facial Editing via Dialog,ICCV-2021-A006185|ICCV-2021-A006186|ICCV-2021-A006187|ICCV-2021-A006188|ICCV-2021-A006189,ICCV,2021,https://openaccess.thecvf.com/content/ICCV2021/html/Jiang_Talk-To-Edit_Fine-Grained_Facial_Editing_via_Dialog_ICCV_2021_paper.html
ICCV-2021-P1247,AgentFormer: Agent-Aware Transformers for Socio-Temporal Multi-Agent Forecasting,ICCV-2021-A006190|ICCV-2021-A006191|ICCV-2021-A006192|ICCV-2021-A006193,ICCV,2021,https://openaccess.thecvf.com/content/ICCV2021/html/Yuan_AgentFormer_Agent-Aware_Transformers_for_Socio-Temporal_Multi-Agent_Forecasting_ICCV_2021_paper.html
ICCV-2021-P1248,Transparent Object Tracking Benchmark,ICCV-2021-A006194|ICCV-2021-A006195|ICCV-2021-A006196|ICCV-2021-A006197|ICCV-2021-A006198|ICCV-2021-A006199|ICCV-2021-A006200|ICCV-2021-A006201,ICCV,2021,https://openaccess.thecvf.com/content/ICCV2021/html/Fan_Transparent_Object_Tracking_Benchmark_ICCV_2021_paper.html
ICCV-2021-P1249,CDS: Cross-Domain Self-Supervised Pre-Training,ICCV-2021-A006202|ICCV-2021-A006203|ICCV-2021-A006204|ICCV-2021-A006205|ICCV-2021-A006206|ICCV-2021-A006207,ICCV,2021,https://openaccess.thecvf.com/content/ICCV2021/html/Kim_CDS_Cross-Domain_Self-Supervised_Pre-Training_ICCV_2021_paper.html
ICCV-2021-P1250,4DComplete: Non-Rigid Motion Estimation Beyond the Observable Surface,ICCV-2021-A006208|ICCV-2021-A006209|ICCV-2021-A006210|ICCV-2021-A006211|ICCV-2021-A006212,ICCV,2021,https://openaccess.thecvf.com/content/ICCV2021/html/Li_4DComplete_Non-Rigid_Motion_Estimation_Beyond_the_Observable_Surface_ICCV_2021_paper.html
ICCV-2021-P1251,On Compositions of Transformations in Contrastive Self-Supervised Learning,ICCV-2021-A006213|ICCV-2021-A006214|ICCV-2021-A006215|ICCV-2021-A006216|ICCV-2021-A006217|ICCV-2021-A006218|ICCV-2021-A006219,ICCV,2021,https://openaccess.thecvf.com/content/ICCV2021/html/Patrick_On_Compositions_of_Transformations_in_Contrastive_Self-Supervised_Learning_ICCV_2021_paper.html
ICCV-2021-P1252,BV-Person: A Large-Scale Dataset for Bird-View Person Re-Identification,ICCV-2021-A006220|ICCV-2021-A006221|ICCV-2021-A006222|ICCV-2021-A006223|ICCV-2021-A006224|ICCV-2021-A006225|ICCV-2021-A006226,ICCV,2021,https://openaccess.thecvf.com/content/ICCV2021/html/Yan_BV-Person_A_Large-Scale_Dataset_for_Bird-View_Person_Re-Identification_ICCV_2021_paper.html
ICCV-2021-P1253,Hierarchical Kinematic Probability Distributions for 3D Human Shape and Pose Estimation From Images in the Wild,ICCV-2021-A006227|ICCV-2021-A006228|ICCV-2021-A006229,ICCV,2021,https://openaccess.thecvf.com/content/ICCV2021/html/Sengupta_Hierarchical_Kinematic_Probability_Distributions_for_3D_Human_Shape_and_Pose_ICCV_2021_paper.html
ICCV-2021-P1254,DepthTrack: Unveiling the Power of RGBD Tracking,ICCV-2021-A006230|ICCV-2021-A006231|ICCV-2021-A006232|ICCV-2021-A006233|ICCV-2021-A006234|ICCV-2021-A006235,ICCV,2021,https://openaccess.thecvf.com/content/ICCV2021/html/Yan_DepthTrack_Unveiling_the_Power_of_RGBD_Tracking_ICCV_2021_paper.html
ICCV-2021-P1255,XVFI: eXtreme Video Frame Interpolation,ICCV-2021-A006236|ICCV-2021-A006237|ICCV-2021-A006238,ICCV,2021,https://openaccess.thecvf.com/content/ICCV2021/html/Sim_XVFI_eXtreme_Video_Frame_Interpolation_ICCV_2021_paper.html
ICCV-2021-P1256,Cortical Surface Shape Analysis Based on Alexandrov Polyhedra,ICCV-2021-A006239|ICCV-2021-A006240|ICCV-2021-A006241|ICCV-2021-A006242|ICCV-2021-A006243|ICCV-2021-A006244|ICCV-2021-A006245|ICCV-2021-A006246,ICCV,2021,https://openaccess.thecvf.com/content/ICCV2021/html/Zhang_Cortical_Surface_Shape_Analysis_Based_on_Alexandrov_Polyhedra_ICCV_2021_paper.html
ICCV-2021-P1257,Solving Inefficiency of Self-Supervised Representation Learning,ICCV-2021-A006247|ICCV-2021-A006248|ICCV-2021-A006249|ICCV-2021-A006250|ICCV-2021-A006251,ICCV,2021,https://openaccess.thecvf.com/content/ICCV2021/html/Wang_Solving_Inefficiency_of_Self-Supervised_Representation_Learning_ICCV_2021_paper.html
ICCV-2021-P1258,Stochastic Scene-Aware Motion Prediction,ICCV-2021-A006252|ICCV-2021-A006253|ICCV-2021-A006254|ICCV-2021-A006255|ICCV-2021-A006256|ICCV-2021-A006257|ICCV-2021-A006258,ICCV,2021,https://openaccess.thecvf.com/content/ICCV2021/html/Hassan_Stochastic_Scene-Aware_Motion_Prediction_ICCV_2021_paper.html
ICCV-2021-P1259,Estimating and Exploiting the Aleatoric Uncertainty in Surface Normal Estimation,ICCV-2021-A006259|ICCV-2021-A006260|ICCV-2021-A006261,ICCV,2021,https://openaccess.thecvf.com/content/ICCV2021/html/Bae_Estimating_and_Exploiting_the_Aleatoric_Uncertainty_in_Surface_Normal_Estimation_ICCV_2021_paper.html
ICCV-2021-P1260,ReDAL: Region-Based and Diversity-Aware Active Learning for Point Cloud Semantic Segmentation,ICCV-2021-A006262|ICCV-2021-A006263|ICCV-2021-A006264|ICCV-2021-A006265|ICCV-2021-A006266|ICCV-2021-A006267|ICCV-2021-A006268,ICCV,2021,https://openaccess.thecvf.com/content/ICCV2021/html/Wu_ReDAL_Region-Based_and_Diversity-Aware_Active_Learning_for_Point_Cloud_Semantic_ICCV_2021_paper.html
ICCV-2021-P1261,Point Transformer,ICCV-2021-A006269|ICCV-2021-A006270|ICCV-2021-A006271|ICCV-2021-A006272|ICCV-2021-A006273,ICCV,2021,https://openaccess.thecvf.com/content/ICCV2021/html/Zhao_Point_Transformer_ICCV_2021_paper.html
ICCV-2021-P1262,Graph-to-3D: End-to-End Generation and Manipulation of 3D Scenes Using Scene Graphs,ICCV-2021-A006274|ICCV-2021-A006275|ICCV-2021-A006276|ICCV-2021-A006277,ICCV,2021,https://openaccess.thecvf.com/content/ICCV2021/html/Dhamo_Graph-to-3D_End-to-End_Generation_and_Manipulation_of_3D_Scenes_Using_Scene_ICCV_2021_paper.html
ICCV-2021-P1263,Universal Cross-Domain Retrieval: Generalizing Across Classes and Domains,ICCV-2021-A006278|ICCV-2021-A006279|ICCV-2021-A006280,ICCV,2021,https://openaccess.thecvf.com/content/ICCV2021/html/Paul_Universal_Cross-Domain_Retrieval_Generalizing_Across_Classes_and_Domains_ICCV_2021_paper.html
ICCV-2021-P1264,Robust Object Detection via Instance-Level Temporal Cycle Confusion,ICCV-2021-A006281|ICCV-2021-A006282|ICCV-2021-A006283|ICCV-2021-A006284|ICCV-2021-A006285|ICCV-2021-A006286|ICCV-2021-A006287,ICCV,2021,https://openaccess.thecvf.com/content/ICCV2021/html/Wang_Robust_Object_Detection_via_Instance-Level_Temporal_Cycle_Confusion_ICCV_2021_paper.html
ICCV-2021-P1265,Procedure Planning in Instructional Videos via Contextual Modeling and Model-Based Policy Learning,ICCV-2021-A006288|ICCV-2021-A006289|ICCV-2021-A006290,ICCV,2021,https://openaccess.thecvf.com/content/ICCV2021/html/Bi_Procedure_Planning_in_Instructional_Videos_via_Contextual_Modeling_and_Model-Based_ICCV_2021_paper.html
ICCV-2021-P1266,Structured Outdoor Architecture Reconstruction by Exploration and Classification,ICCV-2021-A006291|ICCV-2021-A006292|ICCV-2021-A006293|ICCV-2021-A006294,ICCV,2021,https://openaccess.thecvf.com/content/ICCV2021/html/Zhang_Structured_Outdoor_Architecture_Reconstruction_by_Exploration_and_Classification_ICCV_2021_paper.html
ICCV-2021-P1267,MG-GAN: A Multi-Generator Model Preventing Out-of-Distribution Samples in Pedestrian Trajectory Prediction,ICCV-2021-A006295|ICCV-2021-A006296|ICCV-2021-A006297,ICCV,2021,https://openaccess.thecvf.com/content/ICCV2021/html/Dendorfer_MG-GAN_A_Multi-Generator_Model_Preventing_Out-of-Distribution_Samples_in_Pedestrian_Trajectory_ICCV_2021_paper.html
ICCV-2021-P1268,Point-Set Distances for Learning Representations of 3D Point Clouds,ICCV-2021-A006298|ICCV-2021-A006299|ICCV-2021-A006300|ICCV-2021-A006301|ICCV-2021-A006302|ICCV-2021-A006303,ICCV,2021,https://openaccess.thecvf.com/content/ICCV2021/html/Nguyen_Point-Set_Distances_for_Learning_Representations_of_3D_Point_Clouds_ICCV_2021_paper.html
ICCV-2021-P1269,ARCH++: Animation-Ready Clothed Human Reconstruction Revisited,ICCV-2021-A006304|ICCV-2021-A006305|ICCV-2021-A006306|ICCV-2021-A006307|ICCV-2021-A006308,ICCV,2021,https://openaccess.thecvf.com/content/ICCV2021/html/He_ARCH_Animation-Ready_Clothed_Human_Reconstruction_Revisited_ICCV_2021_paper.html
ICCV-2021-P1270,Vision-Language Transformer and Query Generation for Referring Segmentation,ICCV-2021-A006309|ICCV-2021-A006310|ICCV-2021-A006311|ICCV-2021-A006312,ICCV,2021,https://openaccess.thecvf.com/content/ICCV2021/html/Ding_Vision-Language_Transformer_and_Query_Generation_for_Referring_Segmentation_ICCV_2021_paper.html
ICCV-2021-P1271,Semantically Coherent Out-of-Distribution Detection,ICCV-2021-A006313|ICCV-2021-A006314|ICCV-2021-A006315|ICCV-2021-A006316|ICCV-2021-A006317|ICCV-2021-A006318|ICCV-2021-A006319,ICCV,2021,https://openaccess.thecvf.com/content/ICCV2021/html/Yang_Semantically_Coherent_Out-of-Distribution_Detection_ICCV_2021_paper.html
ICCV-2021-P1272,RetrievalFuse: Neural 3D Scene Reconstruction With a Database,ICCV-2021-A006320|ICCV-2021-A006321|ICCV-2021-A006322|ICCV-2021-A006323|ICCV-2021-A006324|ICCV-2021-A006325,ICCV,2021,https://openaccess.thecvf.com/content/ICCV2021/html/Siddiqui_RetrievalFuse_Neural_3D_Scene_Reconstruction_With_a_Database_ICCV_2021_paper.html
ICCV-2021-P1273,Learning To Know Where To See: A Visibility-Aware Approach for Occluded Person Re-Identification,ICCV-2021-A006326|ICCV-2021-A006327|ICCV-2021-A006328|ICCV-2021-A006329|ICCV-2021-A006330|ICCV-2021-A006331|ICCV-2021-A006332|ICCV-2021-A006333,ICCV,2021,https://openaccess.thecvf.com/content/ICCV2021/html/Yang_Learning_To_Know_Where_To_See_A_Visibility-Aware_Approach_for_ICCV_2021_paper.html
ICCV-2021-P1274,Focal Frequency Loss for Image Reconstruction and Synthesis,ICCV-2021-A006334|ICCV-2021-A006335|ICCV-2021-A006336|ICCV-2021-A006337,ICCV,2021,https://openaccess.thecvf.com/content/ICCV2021/html/Jiang_Focal_Frequency_Loss_for_Image_Reconstruction_and_Synthesis_ICCV_2021_paper.html
ICCV-2021-P1275,Calibrating Concepts and Operations: Towards Symbolic Reasoning on Real Images,ICCV-2021-A006338|ICCV-2021-A006339|ICCV-2021-A006340|ICCV-2021-A006341|ICCV-2021-A006342|ICCV-2021-A006343|ICCV-2021-A006344,ICCV,2021,https://openaccess.thecvf.com/content/ICCV2021/html/Li_Calibrating_Concepts_and_Operations_Towards_Symbolic_Reasoning_on_Real_Images_ICCV_2021_paper.html
ICCV-2021-P1276,Object Tracking by Jointly Exploiting Frame and Event Domain,ICCV-2021-A006345|ICCV-2021-A006346|ICCV-2021-A006347|ICCV-2021-A006348|ICCV-2021-A006349|ICCV-2021-A006350,ICCV,2021,https://openaccess.thecvf.com/content/ICCV2021/html/Zhang_Object_Tracking_by_Jointly_Exploiting_Frame_and_Event_Domain_ICCV_2021_paper.html
ICCV-2021-P1277,Testing Using Privileged Information by Adapting Features With Statistical Dependence,ICCV-2021-A006351|ICCV-2021-A006352,ICCV,2021,https://openaccess.thecvf.com/content/ICCV2021/html/Kim_Testing_Using_Privileged_Information_by_Adapting_Features_With_Statistical_Dependence_ICCV_2021_paper.html
ICCV-2021-P1278,Context-Sensitive Temporal Feature Learning for Gait Recognition,ICCV-2021-A006353|ICCV-2021-A006354|ICCV-2021-A006355|ICCV-2021-A006356|ICCV-2021-A006357|ICCV-2021-A006358|ICCV-2021-A006359|ICCV-2021-A006360,ICCV,2021,https://openaccess.thecvf.com/content/ICCV2021/html/Huang_Context-Sensitive_Temporal_Feature_Learning_for_Gait_Recognition_ICCV_2021_paper.html
ICCV-2021-P1279,CoMatch: Semi-Supervised Learning With Contrastive Graph Regularization,ICCV-2021-A006361|ICCV-2021-A006362|ICCV-2021-A006363,ICCV,2021,https://openaccess.thecvf.com/content/ICCV2021/html/Li_CoMatch_Semi-Supervised_Learning_With_Contrastive_Graph_Regularization_ICCV_2021_paper.html
ICCV-2021-P1280,Always Be Dreaming: A New Approach for Data-Free Class-Incremental Learning,ICCV-2021-A006364|ICCV-2021-A006365|ICCV-2021-A006366|ICCV-2021-A006367|ICCV-2021-A006368|ICCV-2021-A006369,ICCV,2021,https://openaccess.thecvf.com/content/ICCV2021/html/Smith_Always_Be_Dreaming_A_New_Approach_for_Data-Free_Class-Incremental_Learning_ICCV_2021_paper.html
ICCV-2021-P1281,Generative Compositional Augmentations for Scene Graph Prediction,ICCV-2021-A006370|ICCV-2021-A006371|ICCV-2021-A006372|ICCV-2021-A006373|ICCV-2021-A006374|ICCV-2021-A006375,ICCV,2021,https://openaccess.thecvf.com/content/ICCV2021/html/Knyazev_Generative_Compositional_Augmentations_for_Scene_Graph_Prediction_ICCV_2021_paper.html
ICCV-2021-P1282,Benchmarking Ultra-High-Definition Image Super-Resolution,ICCV-2021-A006376|ICCV-2021-A006377|ICCV-2021-A006378|ICCV-2021-A006379|ICCV-2021-A006380|ICCV-2021-A006381|ICCV-2021-A006382|ICCV-2021-A006383,ICCV,2021,https://openaccess.thecvf.com/content/ICCV2021/html/Zhang_Benchmarking_Ultra-High-Definition_Image_Super-Resolution_ICCV_2021_paper.html
ICCV-2021-P1283,3D Local Convolutional Neural Networks for Gait Recognition,ICCV-2021-A006384|ICCV-2021-A006385|ICCV-2021-A006386|ICCV-2021-A006387|ICCV-2021-A006388|ICCV-2021-A006389|ICCV-2021-A006390,ICCV,2021,https://openaccess.thecvf.com/content/ICCV2021/html/Huang_3D_Local_Convolutional_Neural_Networks_for_Gait_Recognition_ICCV_2021_paper.html
ICCV-2021-P1284,Learning Better Visual Data Similarities via New Grouplet Non-Euclidean Embedding,ICCV-2021-A006391|ICCV-2021-A006392|ICCV-2021-A006393|ICCV-2021-A006394,ICCV,2021,https://openaccess.thecvf.com/content/ICCV2021/html/Zhang_Learning_Better_Visual_Data_Similarities_via_New_Grouplet_Non-Euclidean_Embedding_ICCV_2021_paper.html
ICCV-2021-P1285,Learning High-Fidelity Face Texture Completion Without Complete Face Texture,ICCV-2021-A006395|ICCV-2021-A006396|ICCV-2021-A006397,ICCV,2021,https://openaccess.thecvf.com/content/ICCV2021/html/Kim_Learning_High-Fidelity_Face_Texture_Completion_Without_Complete_Face_Texture_ICCV_2021_paper.html
ICCV-2021-P1286,Product Quantizer Aware Inverted Index for Scalable Nearest Neighbor Search,ICCV-2021-A006398|ICCV-2021-A006399|ICCV-2021-A006400,ICCV,2021,https://openaccess.thecvf.com/content/ICCV2021/html/Noh_Product_Quantizer_Aware_Inverted_Index_for_Scalable_Nearest_Neighbor_Search_ICCV_2021_paper.html
ICCV-2021-P1287,Track Without Appearance: Learn Box and Tracklet Embedding With Local and Global Motion Patterns for Vehicle Tracking,ICCV-2021-A006401|ICCV-2021-A006402|ICCV-2021-A006403|ICCV-2021-A006404|ICCV-2021-A006405|ICCV-2021-A006406,ICCV,2021,https://openaccess.thecvf.com/content/ICCV2021/html/Wang_Track_Without_Appearance_Learn_Box_and_Tracklet_Embedding_With_Local_ICCV_2021_paper.html
ICCV-2021-P1288,PASS: Protected Attribute Suppression System for Mitigating Bias in Face Recognition,ICCV-2021-A006407|ICCV-2021-A006408|ICCV-2021-A006409|ICCV-2021-A006410|ICCV-2021-A006411,ICCV,2021,https://openaccess.thecvf.com/content/ICCV2021/html/Dhar_PASS_Protected_Attribute_Suppression_System_for_Mitigating_Bias_in_Face_ICCV_2021_paper.html
ICCV-2021-P1289,Probabilistic Monocular 3D Human Pose Estimation With Normalizing Flows,ICCV-2021-A006412|ICCV-2021-A006413|ICCV-2021-A006414|ICCV-2021-A006415,ICCV,2021,https://openaccess.thecvf.com/content/ICCV2021/html/Wehrbein_Probabilistic_Monocular_3D_Human_Pose_Estimation_With_Normalizing_Flows_ICCV_2021_paper.html
ICCV-2021-P1290,From Two to One: A New Scene Text Recognizer With Visual Language Modeling Network,ICCV-2021-A006416|ICCV-2021-A006417|ICCV-2021-A006418|ICCV-2021-A006419|ICCV-2021-A006420|ICCV-2021-A006421,ICCV,2021,https://openaccess.thecvf.com/content/ICCV2021/html/Wang_From_Two_to_One_A_New_Scene_Text_Recognizer_With_ICCV_2021_paper.html
ICCV-2021-P1291,GRF: Learning a General Radiance Field for 3D Representation and Rendering,ICCV-2021-A006422|ICCV-2021-A006423,ICCV,2021,https://openaccess.thecvf.com/content/ICCV2021/html/Trevithick_GRF_Learning_a_General_Radiance_Field_for_3D_Representation_and_ICCV_2021_paper.html
ICCV-2021-P1292,Neural Strokes: Stylized Line Drawing of 3D Shapes,ICCV-2021-A006424|ICCV-2021-A006425|ICCV-2021-A006426|ICCV-2021-A006427,ICCV,2021,https://openaccess.thecvf.com/content/ICCV2021/html/Liu_Neural_Strokes_Stylized_Line_Drawing_of_3D_Shapes_ICCV_2021_paper.html
ICCV-2021-P1293,SPG: Unsupervised Domain Adaptation for 3D Object Detection via Semantic Point Generation,ICCV-2021-A006428|ICCV-2021-A006429|ICCV-2021-A006430|ICCV-2021-A006431|ICCV-2021-A006432,ICCV,2021,https://openaccess.thecvf.com/content/ICCV2021/html/Xu_SPG_Unsupervised_Domain_Adaptation_for_3D_Object_Detection_via_Semantic_ICCV_2021_paper.html
ICCV-2021-P1294,Direct Differentiable Augmentation Search,ICCV-2021-A006433|ICCV-2021-A006434|ICCV-2021-A006435|ICCV-2021-A006436,ICCV,2021,https://openaccess.thecvf.com/content/ICCV2021/html/Liu_Direct_Differentiable_Augmentation_Search_ICCV_2021_paper.html
ICCV-2021-P1295,The Functional Correspondence Problem,ICCV-2021-A006437|ICCV-2021-A006438|ICCV-2021-A006439,ICCV,2021,https://openaccess.thecvf.com/content/ICCV2021/html/Lai_The_Functional_Correspondence_Problem_ICCV_2021_paper.html
ICCV-2021-P1296,Detection and Continual Learning of Novel Face Presentation Attacks,ICCV-2021-A006440|ICCV-2021-A006441|ICCV-2021-A006442|ICCV-2021-A006443|ICCV-2021-A006444,ICCV,2021,https://openaccess.thecvf.com/content/ICCV2021/html/Rostami_Detection_and_Continual_Learning_of_Novel_Face_Presentation_Attacks_ICCV_2021_paper.html
ICCV-2021-P1297,Adaptive Adversarial Network for Source-Free Domain Adaptation,ICCV-2021-A006445|ICCV-2021-A006446|ICCV-2021-A006447,ICCV,2021,https://openaccess.thecvf.com/content/ICCV2021/html/Xia_Adaptive_Adversarial_Network_for_Source-Free_Domain_Adaptation_ICCV_2021_paper.html
ICCV-2021-P1298,Painting From Part,ICCV-2021-A006448|ICCV-2021-A006449|ICCV-2021-A006450|ICCV-2021-A006451|ICCV-2021-A006452|ICCV-2021-A006453,ICCV,2021,https://openaccess.thecvf.com/content/ICCV2021/html/Guo_Painting_From_Part_ICCV_2021_paper.html
ICCV-2021-P1299,Parallel Multi-Resolution Fusion Network for Image Inpainting,ICCV-2021-A006454|ICCV-2021-A006455|ICCV-2021-A006456|ICCV-2021-A006457|ICCV-2021-A006458|ICCV-2021-A006459,ICCV,2021,https://openaccess.thecvf.com/content/ICCV2021/html/Wang_Parallel_Multi-Resolution_Fusion_Network_for_Image_Inpainting_ICCV_2021_paper.html
ICCV-2021-P1300,MT-ORL: Multi-Task Occlusion Relationship Learning,ICCV-2021-A006460|ICCV-2021-A006461|ICCV-2021-A006462|ICCV-2021-A006463|ICCV-2021-A006464|ICCV-2021-A006465|ICCV-2021-A006466|ICCV-2021-A006467|ICCV-2021-A006468|ICCV-2021-A006469,ICCV,2021,https://openaccess.thecvf.com/content/ICCV2021/html/Feng_MT-ORL_Multi-Task_Occlusion_Relationship_Learning_ICCV_2021_paper.html
ICCV-2021-P1301,"Unidentified Video Objects: A Benchmark for Dense, Open-World Segmentation",ICCV-2021-A006470|ICCV-2021-A006471|ICCV-2021-A006472|ICCV-2021-A006473,ICCV,2021,https://openaccess.thecvf.com/content/ICCV2021/html/Wang_Unidentified_Video_Objects_A_Benchmark_for_Dense_Open-World_Segmentation_ICCV_2021_paper.html
ICCV-2021-P1302,Task-Aware Part Mining Network for Few-Shot Learning,ICCV-2021-A006474|ICCV-2021-A006475|ICCV-2021-A006476|ICCV-2021-A006477,ICCV,2021,https://openaccess.thecvf.com/content/ICCV2021/html/Wu_Task-Aware_Part_Mining_Network_for_Few-Shot_Learning_ICCV_2021_paper.html
ICCV-2021-P1303,Geometric Unsupervised Domain Adaptation for Semantic Segmentation,ICCV-2021-A006478|ICCV-2021-A006479|ICCV-2021-A006480|ICCV-2021-A006481,ICCV,2021,https://openaccess.thecvf.com/content/ICCV2021/html/Guizilini_Geometric_Unsupervised_Domain_Adaptation_for_Semantic_Segmentation_ICCV_2021_paper.html
ICCV-2021-P1304,A Hierarchical Variational Neural Uncertainty Model for Stochastic Video Prediction,ICCV-2021-A006482|ICCV-2021-A006483|ICCV-2021-A006484,ICCV,2021,https://openaccess.thecvf.com/content/ICCV2021/html/Chatterjee_A_Hierarchical_Variational_Neural_Uncertainty_Model_for_Stochastic_Video_Prediction_ICCV_2021_paper.html
ICCV-2021-P1305,PX-NET: Simple and Efficient Pixel-Wise Training of Photometric Stereo Networks,ICCV-2021-A006485|ICCV-2021-A006486|ICCV-2021-A006487|ICCV-2021-A006488,ICCV,2021,https://openaccess.thecvf.com/content/ICCV2021/html/Logothetis_PX-NET_Simple_and_Efficient_Pixel-Wise_Training_of_Photometric_Stereo_Networks_ICCV_2021_paper.html
ICCV-2021-P1306,Dynamic Surface Function Networks for Clothed Human Bodies,ICCV-2021-A006489|ICCV-2021-A006490|ICCV-2021-A006491,ICCV,2021,https://openaccess.thecvf.com/content/ICCV2021/html/Burov_Dynamic_Surface_Function_Networks_for_Clothed_Human_Bodies_ICCV_2021_paper.html
ICCV-2021-P1307,Neural Image Compression via Attentional Multi-Scale Back Projection and Frequency Decomposition,ICCV-2021-A006492|ICCV-2021-A006493|ICCV-2021-A006494|ICCV-2021-A006495|ICCV-2021-A006496|ICCV-2021-A006497|ICCV-2021-A006498,ICCV,2021,https://openaccess.thecvf.com/content/ICCV2021/html/Gao_Neural_Image_Compression_via_Attentional_Multi-Scale_Back_Projection_and_Frequency_ICCV_2021_paper.html
ICCV-2021-P1308,Unpaired Learning for High Dynamic Range Image Tone Mapping,ICCV-2021-A006499|ICCV-2021-A006500|ICCV-2021-A006501,ICCV,2021,https://openaccess.thecvf.com/content/ICCV2021/html/Vinker_Unpaired_Learning_for_High_Dynamic_Range_Image_Tone_Mapping_ICCV_2021_paper.html
ICCV-2021-P1309,Unaligned Image-to-Image Translation by Learning to Reweight,ICCV-2021-A006502|ICCV-2021-A006503|ICCV-2021-A006504|ICCV-2021-A006505,ICCV,2021,https://openaccess.thecvf.com/content/ICCV2021/html/Xie_Unaligned_Image-to-Image_Translation_by_Learning_to_Reweight_ICCV_2021_paper.html
ICCV-2021-P1310,OSCAR-Net: Object-Centric Scene Graph Attention for Image Attribution,ICCV-2021-A006506|ICCV-2021-A006507|ICCV-2021-A006508|ICCV-2021-A006509,ICCV,2021,https://openaccess.thecvf.com/content/ICCV2021/html/Nguyen_OSCAR-Net_Object-Centric_Scene_Graph_Attention_for_Image_Attribution_ICCV_2021_paper.html
ICCV-2021-P1311,A-SDF: Learning Disentangled Signed Distance Functions for Articulated Shape Representation,ICCV-2021-A006510|ICCV-2021-A006511|ICCV-2021-A006512|ICCV-2021-A006513|ICCV-2021-A006514|ICCV-2021-A006515,ICCV,2021,https://openaccess.thecvf.com/content/ICCV2021/html/Mu_A-SDF_Learning_Disentangled_Signed_Distance_Functions_for_Articulated_Shape_Representation_ICCV_2021_paper.html
ICCV-2021-P1312,Exploring Long Tail Visual Relationship Recognition With Large Vocabulary,ICCV-2021-A006516|ICCV-2021-A006517|ICCV-2021-A006518|ICCV-2021-A006519|ICCV-2021-A006520|ICCV-2021-A006521|ICCV-2021-A006522|ICCV-2021-A006523,ICCV,2021,https://openaccess.thecvf.com/content/ICCV2021/html/Abdelkarim_Exploring_Long_Tail_Visual_Relationship_Recognition_With_Large_Vocabulary_ICCV_2021_paper.html
ICCV-2021-P1313,EM-POSE: 3D Human Pose Estimation From Sparse Electromagnetic Trackers,ICCV-2021-A006524|ICCV-2021-A006525|ICCV-2021-A006526|ICCV-2021-A006527|ICCV-2021-A006528|ICCV-2021-A006529|ICCV-2021-A006530|ICCV-2021-A006531,ICCV,2021,https://openaccess.thecvf.com/content/ICCV2021/html/Kaufmann_EM-POSE_3D_Human_Pose_Estimation_From_Sparse_Electromagnetic_Trackers_ICCV_2021_paper.html
ICCV-2021-P1314,On Exposing the Challenging Long Tail in Future Prediction of Traffic Actors,ICCV-2021-A006532|ICCV-2021-A006533|ICCV-2021-A006534|ICCV-2021-A006535,ICCV,2021,https://openaccess.thecvf.com/content/ICCV2021/html/Makansi_On_Exposing_the_Challenging_Long_Tail_in_Future_Prediction_of_ICCV_2021_paper.html
ICCV-2021-P1315,Video Geo-Localization Employing Geo-Temporal Feature Learning and GPS Trajectory Smoothing,ICCV-2021-A006536|ICCV-2021-A006537,ICCV,2021,https://openaccess.thecvf.com/content/ICCV2021/html/Regmi_Video_Geo-Localization_Employing_Geo-Temporal_Feature_Learning_and_GPS_Trajectory_Smoothing_ICCV_2021_paper.html
ICCV-2021-P1316,ELF-VC: Efficient Learned Flexible-Rate Video Coding,ICCV-2021-A006538|ICCV-2021-A006539|ICCV-2021-A006540|ICCV-2021-A006541|ICCV-2021-A006542|ICCV-2021-A006543,ICCV,2021,https://openaccess.thecvf.com/content/ICCV2021/html/Rippel_ELF-VC_Efficient_Learned_Flexible-Rate_Video_Coding_ICCV_2021_paper.html
ICCV-2021-P1317,Towards Complete Scene and Regular Shape for Distortion Rectification by Curve-Aware Extrapolation,ICCV-2021-A006544|ICCV-2021-A006545|ICCV-2021-A006546|ICCV-2021-A006547|ICCV-2021-A006548|ICCV-2021-A006549,ICCV,2021,https://openaccess.thecvf.com/content/ICCV2021/html/Liao_Towards_Complete_Scene_and_Regular_Shape_for_Distortion_Rectification_by_ICCV_2021_paper.html
ICCV-2021-P1318,ViewNet: Unsupervised Viewpoint Estimation From Conditional Generation,ICCV-2021-A006550|ICCV-2021-A006551|ICCV-2021-A006552,ICCV,2021,https://openaccess.thecvf.com/content/ICCV2021/html/Mariotti_ViewNet_Unsupervised_Viewpoint_Estimation_From_Conditional_Generation_ICCV_2021_paper.html
ICCV-2021-P1319,High-Resolution Optical Flow From 1D Attention and Correlation,ICCV-2021-A006553|ICCV-2021-A006554|ICCV-2021-A006555|ICCV-2021-A006556|ICCV-2021-A006557,ICCV,2021,https://openaccess.thecvf.com/content/ICCV2021/html/Xu_High-Resolution_Optical_Flow_From_1D_Attention_and_Correlation_ICCV_2021_paper.html
ICCV-2021-P1320,Kernel Methods in Hyperbolic Spaces,ICCV-2021-A006558|ICCV-2021-A006559|ICCV-2021-A006560,ICCV,2021,https://openaccess.thecvf.com/content/ICCV2021/html/Fang_Kernel_Methods_in_Hyperbolic_Spaces_ICCV_2021_paper.html
ICCV-2021-P1321,Towards Alleviating the Modeling Ambiguity of Unsupervised Monocular 3D Human Pose Estimation,ICCV-2021-A006561|ICCV-2021-A006562|ICCV-2021-A006563|ICCV-2021-A006564|ICCV-2021-A006565|ICCV-2021-A006566,ICCV,2021,https://openaccess.thecvf.com/content/ICCV2021/html/Yu_Towards_Alleviating_the_Modeling_Ambiguity_of_Unsupervised_Monocular_3D_Human_ICCV_2021_paper.html
ICCV-2021-P1322,Geometric Deep Neural Network Using Rigid and Non-Rigid Transformations for Human Action Recognition,ICCV-2021-A006567|ICCV-2021-A006568|ICCV-2021-A006569|ICCV-2021-A006570|ICCV-2021-A006571,ICCV,2021,https://openaccess.thecvf.com/content/ICCV2021/html/Friji_Geometric_Deep_Neural_Network_Using_Rigid_and_Non-Rigid_Transformations_for_ICCV_2021_paper.html
ICCV-2021-P1323,Enhanced Boundary Learning for Glass-Like Object Segmentation,ICCV-2021-A006572|ICCV-2021-A006573|ICCV-2021-A006574|ICCV-2021-A006575|ICCV-2021-A006576|ICCV-2021-A006577|ICCV-2021-A006578|ICCV-2021-A006579,ICCV,2021,https://openaccess.thecvf.com/content/ICCV2021/html/He_Enhanced_Boundary_Learning_for_Glass-Like_Object_Segmentation_ICCV_2021_paper.html
ICCV-2021-P1324,Self-Supervised Pretraining of 3D Features on Any Point-Cloud,ICCV-2021-A006580|ICCV-2021-A006581|ICCV-2021-A006582|ICCV-2021-A006583,ICCV,2021,https://openaccess.thecvf.com/content/ICCV2021/html/Zhang_Self-Supervised_Pretraining_of_3D_Features_on_Any_Point-Cloud_ICCV_2021_paper.html
ICCV-2021-P1325,Diagonal Attention and Style-Based GAN for Content-Style Disentanglement in Image Generation and Translation,ICCV-2021-A006584|ICCV-2021-A006585,ICCV,2021,https://openaccess.thecvf.com/content/ICCV2021/html/Kwon_Diagonal_Attention_and_Style-Based_GAN_for_Content-Style_Disentanglement_in_Image_ICCV_2021_paper.html
ICCV-2021-P1326,Transformer-Based Attention Networks for Continuous Pixel-Wise Prediction,ICCV-2021-A006586|ICCV-2021-A006587|ICCV-2021-A006588|ICCV-2021-A006589|ICCV-2021-A006590,ICCV,2021,https://openaccess.thecvf.com/content/ICCV2021/html/Yang_Transformer-Based_Attention_Networks_for_Continuous_Pixel-Wise_Prediction_ICCV_2021_paper.html
ICCV-2021-P1327,PCAM: Product of Cross-Attention Matrices for Rigid Registration of Point Clouds,ICCV-2021-A006591|ICCV-2021-A006592|ICCV-2021-A006593|ICCV-2021-A006594,ICCV,2021,https://openaccess.thecvf.com/content/ICCV2021/html/Cao_PCAM_Product_of_Cross-Attention_Matrices_for_Rigid_Registration_of_Point_ICCV_2021_paper.html
ICCV-2021-P1328,CCT-Net: Category-Invariant Cross-Domain Transfer for Medical Single-to-Multiple Disease Diagnosis,ICCV-2021-A006595|ICCV-2021-A006596|ICCV-2021-A006597|ICCV-2021-A006598,ICCV,2021,https://openaccess.thecvf.com/content/ICCV2021/html/Zhou_CCT-Net_Category-Invariant_Cross-Domain_Transfer_for_Medical_Single-to-Multiple_Disease_Diagnosis_ICCV_2021_paper.html
ICCV-2021-P1329,FLAR: A Unified Prototype Framework for Few-Sample Lifelong Active Recognition,ICCV-2021-A006599|ICCV-2021-A006600|ICCV-2021-A006601|ICCV-2021-A006602,ICCV,2021,https://openaccess.thecvf.com/content/ICCV2021/html/Fan_FLAR_A_Unified_Prototype_Framework_for_Few-Sample_Lifelong_Active_Recognition_ICCV_2021_paper.html
ICCV-2021-P1330,Meta-Baseline: Exploring Simple Meta-Learning for Few-Shot Learning,ICCV-2021-A006603|ICCV-2021-A006604|ICCV-2021-A006605|ICCV-2021-A006606|ICCV-2021-A006607,ICCV,2021,https://openaccess.thecvf.com/content/ICCV2021/html/Chen_Meta-Baseline_Exploring_Simple_Meta-Learning_for_Few-Shot_Learning_ICCV_2021_paper.html
ICCV-2021-P1331,"PARTS: Unsupervised Segmentation With Slots, Attention and Independence Maximization",ICCV-2021-A006608|ICCV-2021-A006609|ICCV-2021-A006610|ICCV-2021-A006611,ICCV,2021,https://openaccess.thecvf.com/content/ICCV2021/html/Zoran_PARTS_Unsupervised_Segmentation_With_Slots_Attention_and_Independence_Maximization_ICCV_2021_paper.html
ICCV-2021-P1332,Fine-Grained Semantics-Aware Representation Enhancement for Self-Supervised Monocular Depth Estimation,ICCV-2021-A006612|ICCV-2021-A006613|ICCV-2021-A006614,ICCV,2021,https://openaccess.thecvf.com/content/ICCV2021/html/Jung_Fine-Grained_Semantics-Aware_Representation_Enhancement_for_Self-Supervised_Monocular_Depth_Estimation_ICCV_2021_paper.html
ICCV-2021-P1333,Pose Correction for Highly Accurate Visual Localization in Large-Scale Indoor Spaces,ICCV-2021-A006615|ICCV-2021-A006616|ICCV-2021-A006617,ICCV,2021,https://openaccess.thecvf.com/content/ICCV2021/html/Hyeon_Pose_Correction_for_Highly_Accurate_Visual_Localization_in_Large-Scale_Indoor_ICCV_2021_paper.html
ICCV-2021-P1334,A Hybrid Video Anomaly Detection Framework via Memory-Augmented Flow Reconstruction and Flow-Guided Frame Prediction,ICCV-2021-A006618|ICCV-2021-A006619|ICCV-2021-A006620|ICCV-2021-A006621|ICCV-2021-A006622,ICCV,2021,https://openaccess.thecvf.com/content/ICCV2021/html/Liu_A_Hybrid_Video_Anomaly_Detection_Framework_via_Memory-Augmented_Flow_Reconstruction_ICCV_2021_paper.html
ICCV-2021-P1335,PointBA: Towards Backdoor Attacks in 3D Point Cloud,ICCV-2021-A006623|ICCV-2021-A006624|ICCV-2021-A006625|ICCV-2021-A006626|ICCV-2021-A006627|ICCV-2021-A006628|ICCV-2021-A006629,ICCV,2021,https://openaccess.thecvf.com/content/ICCV2021/html/Li_PointBA_Towards_Backdoor_Attacks_in_3D_Point_Cloud_ICCV_2021_paper.html
ICCV-2021-P1336,Region Similarity Representation Learning,ICCV-2021-A006630|ICCV-2021-A006631|ICCV-2021-A006632|ICCV-2021-A006633|ICCV-2021-A006634,ICCV,2021,https://openaccess.thecvf.com/content/ICCV2021/html/Xiao_Region_Similarity_Representation_Learning_ICCV_2021_paper.html
ICCV-2021-P1337,Learning of Visual Relations: The Devil Is in the Tails,ICCV-2021-A006635|ICCV-2021-A006636|ICCV-2021-A006637|ICCV-2021-A006638,ICCV,2021,https://openaccess.thecvf.com/content/ICCV2021/html/Desai_Learning_of_Visual_Relations_The_Devil_Is_in_the_Tails_ICCV_2021_paper.html
ICCV-2021-P1338,T-SVDNet: Exploring High-Order Prototypical Correlations for Multi-Source Domain Adaptation,ICCV-2021-A006639|ICCV-2021-A006640|ICCV-2021-A006641|ICCV-2021-A006642|ICCV-2021-A006643,ICCV,2021,https://openaccess.thecvf.com/content/ICCV2021/html/Li_T-SVDNet_Exploring_High-Order_Prototypical_Correlations_for_Multi-Source_Domain_Adaptation_ICCV_2021_paper.html
ICCV-2021-P1339,BuildingNet: Learning To Label 3D Buildings,ICCV-2021-A006644|ICCV-2021-A006645|ICCV-2021-A006646|ICCV-2021-A006647|ICCV-2021-A006648|ICCV-2021-A006649|ICCV-2021-A006650|ICCV-2021-A006651,ICCV,2021,https://openaccess.thecvf.com/content/ICCV2021/html/Selvaraju_BuildingNet_Learning_To_Label_3D_Buildings_ICCV_2021_paper.html
ICCV-2021-P1340,Divide and Conquer for Single-Frame Temporal Action Localization,ICCV-2021-A006652|ICCV-2021-A006653|ICCV-2021-A006654|ICCV-2021-A006655|ICCV-2021-A006656|ICCV-2021-A006657,ICCV,2021,https://openaccess.thecvf.com/content/ICCV2021/html/Ju_Divide_and_Conquer_for_Single-Frame_Temporal_Action_Localization_ICCV_2021_paper.html
ICCV-2021-P1341,Towards High Fidelity Monocular Face Reconstruction With Rich Reflectance Using Self-Supervised Learning and Ray Tracing,ICCV-2021-A006658|ICCV-2021-A006659|ICCV-2021-A006660|ICCV-2021-A006661|ICCV-2021-A006662|ICCV-2021-A006663,ICCV,2021,https://openaccess.thecvf.com/content/ICCV2021/html/Dib_Towards_High_Fidelity_Monocular_Face_Reconstruction_With_Rich_Reflectance_Using_ICCV_2021_paper.html
ICCV-2021-P1342,"Frequency Domain Image Translation: More Photo-Realistic, Better Identity-Preserving",ICCV-2021-A006664|ICCV-2021-A006665|ICCV-2021-A006666|ICCV-2021-A006667|ICCV-2021-A006668|ICCV-2021-A006669,ICCV,2021,https://openaccess.thecvf.com/content/ICCV2021/html/Cai_Frequency_Domain_Image_Translation_More_Photo-Realistic_Better_Identity-Preserving_ICCV_2021_paper.html
ICCV-2021-P1343,Motion Guided Attention Fusion To Recognize Interactions From Videos,ICCV-2021-A006670|ICCV-2021-A006671|ICCV-2021-A006672,ICCV,2021,https://openaccess.thecvf.com/content/ICCV2021/html/Kim_Motion_Guided_Attention_Fusion_To_Recognize_Interactions_From_Videos_ICCV_2021_paper.html
ICCV-2021-P1344,SLIDE: Single Image 3D Photography With Soft Layering and Depth-Aware Inpainting,ICCV-2021-A006673|ICCV-2021-A006674|ICCV-2021-A006675|ICCV-2021-A006676|ICCV-2021-A006677|ICCV-2021-A006678|ICCV-2021-A006679|ICCV-2021-A006680|ICCV-2021-A006681|ICCV-2021-A006682|ICCV-2021-A006683,ICCV,2021,https://openaccess.thecvf.com/content/ICCV2021/html/Jampani_SLIDE_Single_Image_3D_Photography_With_Soft_Layering_and_Depth-Aware_ICCV_2021_paper.html
ICCV-2021-P1345,Learning Spatio-Temporal Transformer for Visual Tracking,ICCV-2021-A006684|ICCV-2021-A006685|ICCV-2021-A006686|ICCV-2021-A006687|ICCV-2021-A006688,ICCV,2021,https://openaccess.thecvf.com/content/ICCV2021/html/Yan_Learning_Spatio-Temporal_Transformer_for_Visual_Tracking_ICCV_2021_paper.html
ICCV-2021-P1346,From General to Specific: Informative Scene Graph Generation via Balance Adjustment,ICCV-2021-A006689|ICCV-2021-A006690|ICCV-2021-A006691|ICCV-2021-A006692|ICCV-2021-A006693|ICCV-2021-A006694|ICCV-2021-A006695|ICCV-2021-A006696,ICCV,2021,https://openaccess.thecvf.com/content/ICCV2021/html/Guo_From_General_to_Specific_Informative_Scene_Graph_Generation_via_Balance_ICCV_2021_paper.html
ICCV-2021-P1347,Learning Object-Compositional Neural Radiance Field for Editable Scene Rendering,ICCV-2021-A006697|ICCV-2021-A006698|ICCV-2021-A006699|ICCV-2021-A006700|ICCV-2021-A006701|ICCV-2021-A006702|ICCV-2021-A006703|ICCV-2021-A006704,ICCV,2021,https://openaccess.thecvf.com/content/ICCV2021/html/Yang_Learning_Object-Compositional_Neural_Radiance_Field_for_Editable_Scene_Rendering_ICCV_2021_paper.html
ICCV-2021-P1348,Practical Relative Order Attack in Deep Ranking,ICCV-2021-A006705|ICCV-2021-A006706|ICCV-2021-A006707|ICCV-2021-A006708|ICCV-2021-A006709|ICCV-2021-A006710|ICCV-2021-A006711,ICCV,2021,https://openaccess.thecvf.com/content/ICCV2021/html/Zhou_Practical_Relative_Order_Attack_in_Deep_Ranking_ICCV_2021_paper.html
ICCV-2021-P1349,Unsupervised Layered Image Decomposition Into Object Prototypes,ICCV-2021-A006712|ICCV-2021-A006713|ICCV-2021-A006714|ICCV-2021-A006715,ICCV,2021,https://openaccess.thecvf.com/content/ICCV2021/html/Monnier_Unsupervised_Layered_Image_Decomposition_Into_Object_Prototypes_ICCV_2021_paper.html
ICCV-2021-P1350,Manifold Alignment for Semantically Aligned Style Transfer,ICCV-2021-A006716|ICCV-2021-A006717|ICCV-2021-A006718|ICCV-2021-A006719|ICCV-2021-A006720|ICCV-2021-A006721|ICCV-2021-A006722,ICCV,2021,https://openaccess.thecvf.com/content/ICCV2021/html/Huo_Manifold_Alignment_for_Semantically_Aligned_Style_Transfer_ICCV_2021_paper.html
ICCV-2021-P1351,Defending Against Universal Adversarial Patches by Clipping Feature Norms,ICCV-2021-A006723|ICCV-2021-A006724|ICCV-2021-A006725|ICCV-2021-A006726|ICCV-2021-A006727|ICCV-2021-A006728|ICCV-2021-A006729,ICCV,2021,https://openaccess.thecvf.com/content/ICCV2021/html/Yu_Defending_Against_Universal_Adversarial_Patches_by_Clipping_Feature_Norms_ICCV_2021_paper.html
ICCV-2021-P1352,Discovering Human Interactions With Large-Vocabulary Objects via Query and Multi-Scale Detection,ICCV-2021-A006730|ICCV-2021-A006731|ICCV-2021-A006732|ICCV-2021-A006733|ICCV-2021-A006734|ICCV-2021-A006735,ICCV,2021,https://openaccess.thecvf.com/content/ICCV2021/html/Wang_Discovering_Human_Interactions_With_Large-Vocabulary_Objects_via_Query_and_Multi-Scale_ICCV_2021_paper.html
ICCV-2021-P1353,CM-NAS: Cross-Modality Neural Architecture Search for Visible-Infrared Person Re-Identification,ICCV-2021-A006736|ICCV-2021-A006737|ICCV-2021-A006738|ICCV-2021-A006739|ICCV-2021-A006740|ICCV-2021-A006741,ICCV,2021,https://openaccess.thecvf.com/content/ICCV2021/html/Fu_CM-NAS_Cross-Modality_Neural_Architecture_Search_for_Visible-Infrared_Person_Re-Identification_ICCV_2021_paper.html
ICCV-2021-P1354,SENTRY: Selective Entropy Optimization via Committee Consistency for Unsupervised Domain Adaptation,ICCV-2021-A006742|ICCV-2021-A006743|ICCV-2021-A006744|ICCV-2021-A006745,ICCV,2021,https://openaccess.thecvf.com/content/ICCV2021/html/Prabhu_SENTRY_Selective_Entropy_Optimization_via_Committee_Consistency_for_Unsupervised_Domain_ICCV_2021_paper.html
ICCV-2021-P1355,Self-Supervised Domain Adaptation for Forgery Localization of JPEG Compressed Images,ICCV-2021-A006746|ICCV-2021-A006747,ICCV,2021,https://openaccess.thecvf.com/content/ICCV2021/html/Rao_Self-Supervised_Domain_Adaptation_for_Forgery_Localization_of_JPEG_Compressed_Images_ICCV_2021_paper.html
ICCV-2021-P1356,Relational Embedding for Few-Shot Classification,ICCV-2021-A006748|ICCV-2021-A006749|ICCV-2021-A006750|ICCV-2021-A006751,ICCV,2021,https://openaccess.thecvf.com/content/ICCV2021/html/Kang_Relational_Embedding_for_Few-Shot_Classification_ICCV_2021_paper.html
ICCV-2021-P1357,Globally Optimal and Efficient Manhattan Frame Estimation by Delimiting Rotation Search Space,ICCV-2021-A006752|ICCV-2021-A006753|ICCV-2021-A006754|ICCV-2021-A006755,ICCV,2021,https://openaccess.thecvf.com/content/ICCV2021/html/Ge_Globally_Optimal_and_Efficient_Manhattan_Frame_Estimation_by_Delimiting_Rotation_ICCV_2021_paper.html
ICCV-2021-P1358,Square Root Marginalization for Sliding-Window Bundle Adjustment,ICCV-2021-A006756|ICCV-2021-A006757|ICCV-2021-A006758|ICCV-2021-A006759|ICCV-2021-A006760,ICCV,2021,https://openaccess.thecvf.com/content/ICCV2021/html/Demmel_Square_Root_Marginalization_for_Sliding-Window_Bundle_Adjustment_ICCV_2021_paper.html
ICCV-2021-P1359,OpenForensics: Large-Scale Challenging Dataset for Multi-Face Forgery Detection and Segmentation In-the-Wild,ICCV-2021-A006761|ICCV-2021-A006762|ICCV-2021-A006763|ICCV-2021-A006764,ICCV,2021,https://openaccess.thecvf.com/content/ICCV2021/html/Le_OpenForensics_Large-Scale_Challenging_Dataset_for_Multi-Face_Forgery_Detection_and_Segmentation_ICCV_2021_paper.html
ICCV-2021-P1360,Deep Symmetric Network for Underexposed Image Enhancement With Recurrent Attentional Learning,ICCV-2021-A006765|ICCV-2021-A006766|ICCV-2021-A006767|ICCV-2021-A006768|ICCV-2021-A006769,ICCV,2021,https://openaccess.thecvf.com/content/ICCV2021/html/Zhao_Deep_Symmetric_Network_for_Underexposed_Image_Enhancement_With_Recurrent_Attentional_ICCV_2021_paper.html
ICCV-2021-P1361,Estimating Egocentric 3D Human Pose in Global Space,ICCV-2021-A006770|ICCV-2021-A006771|ICCV-2021-A006772|ICCV-2021-A006773|ICCV-2021-A006774,ICCV,2021,https://openaccess.thecvf.com/content/ICCV2021/html/Wang_Estimating_Egocentric_3D_Human_Pose_in_Global_Space_ICCV_2021_paper.html
ICCV-2021-P1362,Towards Discriminative Representation Learning for Unsupervised Person Re-Identification,ICCV-2021-A006775|ICCV-2021-A006776|ICCV-2021-A006777|ICCV-2021-A006778|ICCV-2021-A006779|ICCV-2021-A006780,ICCV,2021,https://openaccess.thecvf.com/content/ICCV2021/html/Isobe_Towards_Discriminative_Representation_Learning_for_Unsupervised_Person_Re-Identification_ICCV_2021_paper.html
ICCV-2021-P1363,Road Anomaly Detection by Partial Image Reconstruction With Segmentation Coupling,ICCV-2021-A006781|ICCV-2021-A006782|ICCV-2021-A006783|ICCV-2021-A006784|ICCV-2021-A006785|ICCV-2021-A006786,ICCV,2021,https://openaccess.thecvf.com/content/ICCV2021/html/Vojir_Road_Anomaly_Detection_by_Partial_Image_Reconstruction_With_Segmentation_Coupling_ICCV_2021_paper.html
ICCV-2021-P1364,BossNAS: Exploring Hybrid CNN-Transformers With Block-Wisely Self-Supervised Neural Architecture Search,ICCV-2021-A006787|ICCV-2021-A006788|ICCV-2021-A006789|ICCV-2021-A006790|ICCV-2021-A006791|ICCV-2021-A006792|ICCV-2021-A006793,ICCV,2021,https://openaccess.thecvf.com/content/ICCV2021/html/Li_BossNAS_Exploring_Hybrid_CNN-Transformers_With_Block-Wisely_Self-Supervised_Neural_Architecture_Search_ICCV_2021_paper.html
ICCV-2021-P1365,H2O: Two Hands Manipulating Objects for First Person Interaction Recognition,ICCV-2021-A006794|ICCV-2021-A006795|ICCV-2021-A006796|ICCV-2021-A006797|ICCV-2021-A006798,ICCV,2021,https://openaccess.thecvf.com/content/ICCV2021/html/Kwon_H2O_Two_Hands_Manipulating_Objects_for_First_Person_Interaction_Recognition_ICCV_2021_paper.html
ICCV-2021-P1366,TransferI2I: Transfer Learning for Image-to-Image Translation From Small Datasets,ICCV-2021-A006799|ICCV-2021-A006800|ICCV-2021-A006801|ICCV-2021-A006802|ICCV-2021-A006803,ICCV,2021,https://openaccess.thecvf.com/content/ICCV2021/html/Wang_TransferI2I_Transfer_Learning_for_Image-to-Image_Translation_From_Small_Datasets_ICCV_2021_paper.html
ICCV-2021-P1367,SynFace: Face Recognition With Synthetic Data,ICCV-2021-A006804|ICCV-2021-A006805|ICCV-2021-A006806|ICCV-2021-A006807|ICCV-2021-A006808|ICCV-2021-A006809,ICCV,2021,https://openaccess.thecvf.com/content/ICCV2021/html/Qiu_SynFace_Face_Recognition_With_Synthetic_Data_ICCV_2021_paper.html
ICCV-2021-P1368,Camera Distortion-Aware 3D Human Pose Estimation in Video With Optimization-Based Meta-Learning,ICCV-2021-A006810|ICCV-2021-A006811|ICCV-2021-A006812|ICCV-2021-A006813,ICCV,2021,https://openaccess.thecvf.com/content/ICCV2021/html/Cho_Camera_Distortion-Aware_3D_Human_Pose_Estimation_in_Video_With_Optimization-Based_ICCV_2021_paper.html
ICCV-2021-P1369,KiloNeRF: Speeding Up Neural Radiance Fields With Thousands of Tiny MLPs,ICCV-2021-A006814|ICCV-2021-A006815|ICCV-2021-A006816|ICCV-2021-A006817,ICCV,2021,https://openaccess.thecvf.com/content/ICCV2021/html/Reiser_KiloNeRF_Speeding_Up_Neural_Radiance_Fields_With_Thousands_of_Tiny_ICCV_2021_paper.html
ICCV-2021-P1370,Do Image Classifiers Generalize Across Time?,ICCV-2021-A006818|ICCV-2021-A006819|ICCV-2021-A006820|ICCV-2021-A006821|ICCV-2021-A006822|ICCV-2021-A006823,ICCV,2021,https://openaccess.thecvf.com/content/ICCV2021/html/Shankar_Do_Image_Classifiers_Generalize_Across_Time_ICCV_2021_paper.html
ICCV-2021-P1371,Refining Action Segmentation With Hierarchical Video Representations,ICCV-2021-A006824|ICCV-2021-A006825,ICCV,2021,https://openaccess.thecvf.com/content/ICCV2021/html/Ahn_Refining_Action_Segmentation_With_Hierarchical_Video_Representations_ICCV_2021_paper.html
ICCV-2021-P1372,Hierarchical Disentangled Representation Learning for Outdoor Illumination Estimation and Editing,ICCV-2021-A006826|ICCV-2021-A006827|ICCV-2021-A006828|ICCV-2021-A006829|ICCV-2021-A006830|ICCV-2021-A006831|ICCV-2021-A006832,ICCV,2021,https://openaccess.thecvf.com/content/ICCV2021/html/Yu_Hierarchical_Disentangled_Representation_Learning_for_Outdoor_Illumination_Estimation_and_Editing_ICCV_2021_paper.html
ICCV-2021-P1373,InSeGAN: A Generative Approach to Segmenting Identical Instances in Depth Images,ICCV-2021-A006833|ICCV-2021-A006834|ICCV-2021-A006835|ICCV-2021-A006836|ICCV-2021-A006837,ICCV,2021,https://openaccess.thecvf.com/content/ICCV2021/html/Cherian_InSeGAN_A_Generative_Approach_to_Segmenting_Identical_Instances_in_Depth_ICCV_2021_paper.html
ICCV-2021-P1374,High-Performance Discriminative Tracking With Transformers,ICCV-2021-A006838|ICCV-2021-A006839|ICCV-2021-A006840|ICCV-2021-A006841|ICCV-2021-A006842|ICCV-2021-A006843|ICCV-2021-A006844|ICCV-2021-A006845,ICCV,2021,https://openaccess.thecvf.com/content/ICCV2021/html/Yu_High-Performance_Discriminative_Tracking_With_Transformers_ICCV_2021_paper.html
ICCV-2021-P1375,Self-Supervised 3D Hand Pose Estimation From Monocular RGB via Contrastive Learning,ICCV-2021-A006846|ICCV-2021-A006847|ICCV-2021-A006848|ICCV-2021-A006849|ICCV-2021-A006850,ICCV,2021,https://openaccess.thecvf.com/content/ICCV2021/html/Spurr_Self-Supervised_3D_Hand_Pose_Estimation_From_Monocular_RGB_via_Contrastive_ICCV_2021_paper.html
ICCV-2021-P1376,Admix: Enhancing the Transferability of Adversarial Attacks,ICCV-2021-A006851|ICCV-2021-A006852|ICCV-2021-A006853|ICCV-2021-A006854,ICCV,2021,https://openaccess.thecvf.com/content/ICCV2021/html/Wang_Admix_Enhancing_the_Transferability_of_Adversarial_Attacks_ICCV_2021_paper.html
ICCV-2021-P1377,ACAV100M: Automatic Curation of Large-Scale Datasets for Audio-Visual Video Representation Learning,ICCV-2021-A006855|ICCV-2021-A006856|ICCV-2021-A006857|ICCV-2021-A006858|ICCV-2021-A006859|ICCV-2021-A006860|ICCV-2021-A006861,ICCV,2021,https://openaccess.thecvf.com/content/ICCV2021/html/Lee_ACAV100M_Automatic_Curation_of_Large-Scale_Datasets_for_Audio-Visual_Video_Representation_ICCV_2021_paper.html
ICCV-2021-P1378,RPVNet: A Deep and Efficient Range-Point-Voxel Fusion Network for LiDAR Point Cloud Segmentation,ICCV-2021-A006862|ICCV-2021-A006863|ICCV-2021-A006864|ICCV-2021-A006865|ICCV-2021-A006866|ICCV-2021-A006867,ICCV,2021,https://openaccess.thecvf.com/content/ICCV2021/html/Xu_RPVNet_A_Deep_and_Efficient_Range-Point-Voxel_Fusion_Network_for_LiDAR_ICCV_2021_paper.html
ICCV-2021-P1379,CodeNeRF: Disentangled Neural Radiance Fields for Object Categories,ICCV-2021-A006868|ICCV-2021-A006869,ICCV,2021,https://openaccess.thecvf.com/content/ICCV2021/html/Jang_CodeNeRF_Disentangled_Neural_Radiance_Fields_for_Object_Categories_ICCV_2021_paper.html
ICCV-2021-P1380,Infinite Nature: Perpetual View Generation of Natural Scenes From a Single Image,ICCV-2021-A006870|ICCV-2021-A006871|ICCV-2021-A006872|ICCV-2021-A006873|ICCV-2021-A006874|ICCV-2021-A006875,ICCV,2021,https://openaccess.thecvf.com/content/ICCV2021/html/Liu_Infinite_Nature_Perpetual_View_Generation_of_Natural_Scenes_From_a_ICCV_2021_paper.html
ICCV-2021-P1381,Continuous Copy-Paste for One-Stage Multi-Object Tracking and Segmentation,ICCV-2021-A006876|ICCV-2021-A006877|ICCV-2021-A006878|ICCV-2021-A006879|ICCV-2021-A006880|ICCV-2021-A006881,ICCV,2021,https://openaccess.thecvf.com/content/ICCV2021/html/Xu_Continuous_Copy-Paste_for_One-Stage_Multi-Object_Tracking_and_Segmentation_ICCV_2021_paper.html
ICCV-2021-P1382,Hand-Object Contact Consistency Reasoning for Human Grasps Generation,ICCV-2021-A006882|ICCV-2021-A006883|ICCV-2021-A006884|ICCV-2021-A006885,ICCV,2021,https://openaccess.thecvf.com/content/ICCV2021/html/Jiang_Hand-Object_Contact_Consistency_Reasoning_for_Human_Grasps_Generation_ICCV_2021_paper.html
ICCV-2021-P1383,FashionMirror: Co-Attention Feature-Remapping Virtual Try-On With Sequential Template Poses,ICCV-2021-A006886|ICCV-2021-A006887|ICCV-2021-A006888|ICCV-2021-A006889|ICCV-2021-A006890,ICCV,2021,https://openaccess.thecvf.com/content/ICCV2021/html/Chen_FashionMirror_Co-Attention_Feature-Remapping_Virtual_Try-On_With_Sequential_Template_Poses_ICCV_2021_paper.html
ICCV-2021-P1384,Confidence Calibration for Domain Generalization Under Covariate Shift,ICCV-2021-A006891|ICCV-2021-A006892|ICCV-2021-A006893|ICCV-2021-A006894|ICCV-2021-A006895|ICCV-2021-A006896,ICCV,2021,https://openaccess.thecvf.com/content/ICCV2021/html/Gong_Confidence_Calibration_for_Domain_Generalization_Under_Covariate_Shift_ICCV_2021_paper.html
ICCV-2021-P1385,Self-Supervised Video Representation Learning With Meta-Contrastive Network,ICCV-2021-A006897|ICCV-2021-A006898|ICCV-2021-A006899,ICCV,2021,https://openaccess.thecvf.com/content/ICCV2021/html/Lin_Self-Supervised_Video_Representation_Learning_With_Meta-Contrastive_Network_ICCV_2021_paper.html
ICCV-2021-P1386,Unsupervised Depth Completion With Calibrated Backprojection Layers,ICCV-2021-A006900|ICCV-2021-A006901,ICCV,2021,https://openaccess.thecvf.com/content/ICCV2021/html/Wong_Unsupervised_Depth_Completion_With_Calibrated_Backprojection_Layers_ICCV_2021_paper.html
ICCV-2021-P1387,"LIRA: Learnable, Imperceptible and Robust Backdoor Attacks",ICCV-2021-A006902|ICCV-2021-A006903|ICCV-2021-A006904|ICCV-2021-A006905,ICCV,2021,https://openaccess.thecvf.com/content/ICCV2021/html/Doan_LIRA_Learnable_Imperceptible_and_Robust_Backdoor_Attacks_ICCV_2021_paper.html
ICCV-2021-P1388,DnD: Dense Depth Estimation in Crowded Dynamic Indoor Scenes,ICCV-2021-A006906|ICCV-2021-A006907|ICCV-2021-A006908|ICCV-2021-A006909|ICCV-2021-A006910|ICCV-2021-A006911|ICCV-2021-A006912,ICCV,2021,https://openaccess.thecvf.com/content/ICCV2021/html/Jung_DnD_Dense_Depth_Estimation_in_Crowded_Dynamic_Indoor_Scenes_ICCV_2021_paper.html
ICCV-2021-P1389,Click To Move: Controlling Video Generation With Sparse Motion,ICCV-2021-A006913|ICCV-2021-A006914|ICCV-2021-A006915|ICCV-2021-A006916|ICCV-2021-A006917,ICCV,2021,https://openaccess.thecvf.com/content/ICCV2021/html/Ardino_Click_To_Move_Controlling_Video_Generation_With_Sparse_Motion_ICCV_2021_paper.html
ICCV-2021-P1390,From Continuity to Editability: Inverting GANs With Consecutive Images,ICCV-2021-A006918|ICCV-2021-A006919|ICCV-2021-A006920|ICCV-2021-A006921|ICCV-2021-A006922,ICCV,2021,https://openaccess.thecvf.com/content/ICCV2021/html/Xu_From_Continuity_to_Editability_Inverting_GANs_With_Consecutive_Images_ICCV_2021_paper.html
ICCV-2021-P1391,GyroFlow: Gyroscope-Guided Unsupervised Optical Flow Learning,ICCV-2021-A006923|ICCV-2021-A006924|ICCV-2021-A006925,ICCV,2021,https://openaccess.thecvf.com/content/ICCV2021/html/Li_GyroFlow_Gyroscope-Guided_Unsupervised_Optical_Flow_Learning_ICCV_2021_paper.html
ICCV-2021-P1392,Towards Discovery and Attribution of Open-World GAN Generated Images,ICCV-2021-A006926|ICCV-2021-A006927|ICCV-2021-A006928|ICCV-2021-A006929,ICCV,2021,https://openaccess.thecvf.com/content/ICCV2021/html/Girish_Towards_Discovery_and_Attribution_of_Open-World_GAN_Generated_Images_ICCV_2021_paper.html
ICCV-2021-P1393,Vector Neurons: A General Framework for SO(3)-Equivariant Networks,ICCV-2021-A006930|ICCV-2021-A006931|ICCV-2021-A006932|ICCV-2021-A006933|ICCV-2021-A006934|ICCV-2021-A006935,ICCV,2021,https://openaccess.thecvf.com/content/ICCV2021/html/Deng_Vector_Neurons_A_General_Framework_for_SO3-Equivariant_Networks_ICCV_2021_paper.html
ICCV-2021-P1394,Video-Based Person Re-Identification With Spatial and Temporal Memory Networks,ICCV-2021-A006936|ICCV-2021-A006937|ICCV-2021-A006938|ICCV-2021-A006939,ICCV,2021,https://openaccess.thecvf.com/content/ICCV2021/html/Eom_Video-Based_Person_Re-Identification_With_Spatial_and_Temporal_Memory_Networks_ICCV_2021_paper.html
ICCV-2021-P1395,Revealing the Reciprocal Relations Between Self-Supervised Stereo and Monocular Depth Estimation,ICCV-2021-A006940|ICCV-2021-A006941|ICCV-2021-A006942|ICCV-2021-A006943|ICCV-2021-A006944|ICCV-2021-A006945|ICCV-2021-A006946|ICCV-2021-A006947|ICCV-2021-A006948,ICCV,2021,https://openaccess.thecvf.com/content/ICCV2021/html/Chen_Revealing_the_Reciprocal_Relations_Between_Self-Supervised_Stereo_and_Monocular_Depth_ICCV_2021_paper.html
ICCV-2021-P1396,Robust 2D/3D Vehicle Parsing in Arbitrary Camera Views for CVIS,ICCV-2021-A006949|ICCV-2021-A006950|ICCV-2021-A006951|ICCV-2021-A006952|ICCV-2021-A006953|ICCV-2021-A006954,ICCV,2021,https://openaccess.thecvf.com/content/ICCV2021/html/Miao_Robust_2D3D_Vehicle_Parsing_in_Arbitrary_Camera_Views_for_CVIS_ICCV_2021_paper.html
ICCV-2021-P1397,ECACL: A Holistic Framework for Semi-Supervised Domain Adaptation,ICCV-2021-A006955|ICCV-2021-A006956|ICCV-2021-A006957|ICCV-2021-A006958|ICCV-2021-A006959,ICCV,2021,https://openaccess.thecvf.com/content/ICCV2021/html/Li_ECACL_A_Holistic_Framework_for_Semi-Supervised_Domain_Adaptation_ICCV_2021_paper.html
ICCV-2021-P1398,WaveFill: A Wavelet-Based Generation Network for Image Inpainting,ICCV-2021-A006960|ICCV-2021-A006961|ICCV-2021-A006962|ICCV-2021-A006963|ICCV-2021-A006964|ICCV-2021-A006965|ICCV-2021-A006966,ICCV,2021,https://openaccess.thecvf.com/content/ICCV2021/html/Yu_WaveFill_A_Wavelet-Based_Generation_Network_for_Image_Inpainting_ICCV_2021_paper.html
ICCV-2021-P1399,Egocentric Pose Estimation From Human Vision Span,ICCV-2021-A006967|ICCV-2021-A006968,ICCV,2021,https://openaccess.thecvf.com/content/ICCV2021/html/Jiang_Egocentric_Pose_Estimation_From_Human_Vision_Span_ICCV_2021_paper.html
ICCV-2021-P1400,"Monocular, One-Stage, Regression of Multiple 3D People",ICCV-2021-A006969|ICCV-2021-A006970|ICCV-2021-A006971|ICCV-2021-A006972|ICCV-2021-A006973|ICCV-2021-A006974,ICCV,2021,https://openaccess.thecvf.com/content/ICCV2021/html/Sun_Monocular_One-Stage_Regression_of_Multiple_3D_People_ICCV_2021_paper.html
ICCV-2021-P1401,PIT: Position-Invariant Transform for Cross-FoV Domain Adaptation,ICCV-2021-A006975|ICCV-2021-A006976|ICCV-2021-A006977|ICCV-2021-A006978|ICCV-2021-A006979|ICCV-2021-A006980|ICCV-2021-A006981|ICCV-2021-A006982,ICCV,2021,https://openaccess.thecvf.com/content/ICCV2021/html/Gu_PIT_Position-Invariant_Transform_for_Cross-FoV_Domain_Adaptation_ICCV_2021_paper.html
ICCV-2021-P1402,Image Harmonization With Transformer,ICCV-2021-A006983|ICCV-2021-A006984|ICCV-2021-A006985|ICCV-2021-A006986|ICCV-2021-A006987|ICCV-2021-A006988,ICCV,2021,https://openaccess.thecvf.com/content/ICCV2021/html/Guo_Image_Harmonization_With_Transformer_ICCV_2021_paper.html
ICCV-2021-P1403,Human Pose Regression With Residual Log-Likelihood Estimation,ICCV-2021-A006989|ICCV-2021-A006990|ICCV-2021-A006991|ICCV-2021-A006992|ICCV-2021-A006993|ICCV-2021-A006994|ICCV-2021-A006995,ICCV,2021,https://openaccess.thecvf.com/content/ICCV2021/html/Li_Human_Pose_Regression_With_Residual_Log-Likelihood_Estimation_ICCV_2021_paper.html
ICCV-2021-P1404,Boosting Monocular Depth Estimation With Lightweight 3D Point Fusion,ICCV-2021-A006996|ICCV-2021-A006997|ICCV-2021-A006998|ICCV-2021-A006999|ICCV-2021-A007000,ICCV,2021,https://openaccess.thecvf.com/content/ICCV2021/html/Huynh_Boosting_Monocular_Depth_Estimation_With_Lightweight_3D_Point_Fusion_ICCV_2021_paper.html
ICCV-2021-P1405,Removing the Bias of Integral Pose Regression,ICCV-2021-A007001|ICCV-2021-A007002|ICCV-2021-A007003,ICCV,2021,https://openaccess.thecvf.com/content/ICCV2021/html/Gu_Removing_the_Bias_of_Integral_Pose_Regression_ICCV_2021_paper.html
ICCV-2021-P1406,Holistic Pose Graph: Modeling Geometric Structure Among Objects in a Scene Using Graph Inference for 3D Object Prediction,ICCV-2021-A007004|ICCV-2021-A007005|ICCV-2021-A007006,ICCV,2021,https://openaccess.thecvf.com/content/ICCV2021/html/Xiao_Holistic_Pose_Graph_Modeling_Geometric_Structure_Among_Objects_in_a_ICCV_2021_paper.html
ICCV-2021-P1407,3DIAS: 3D Shape Reconstruction With Implicit Algebraic Surfaces,ICCV-2021-A007007|ICCV-2021-A007008|ICCV-2021-A007009|ICCV-2021-A007010,ICCV,2021,https://openaccess.thecvf.com/content/ICCV2021/html/Yavartanoo_3DIAS_3D_Shape_Reconstruction_With_Implicit_Algebraic_Surfaces_ICCV_2021_paper.html
ICCV-2021-P1408,DeFRCN: Decoupled Faster R-CNN for Few-Shot Object Detection,ICCV-2021-A007011|ICCV-2021-A007012|ICCV-2021-A007013|ICCV-2021-A007014|ICCV-2021-A007015|ICCV-2021-A007016,ICCV,2021,https://openaccess.thecvf.com/content/ICCV2021/html/Qiao_DeFRCN_Decoupled_Faster_R-CNN_for_Few-Shot_Object_Detection_ICCV_2021_paper.html
ICCV-2021-P1409,Aligning Latent and Image Spaces To Connect the Unconnectable,ICCV-2021-A007017|ICCV-2021-A007018|ICCV-2021-A007019,ICCV,2021,https://openaccess.thecvf.com/content/ICCV2021/html/Skorokhodov_Aligning_Latent_and_Image_Spaces_To_Connect_the_Unconnectable_ICCV_2021_paper.html
ICCV-2021-P1410,HandFoldingNet: A 3D Hand Pose Estimation Network Using Multiscale-Feature Guided Folding of a 2D Hand Skeleton,ICCV-2021-A007020|ICCV-2021-A007021|ICCV-2021-A007022,ICCV,2021,https://openaccess.thecvf.com/content/ICCV2021/html/Cheng_HandFoldingNet_A_3D_Hand_Pose_Estimation_Network_Using_Multiscale-Feature_Guided_ICCV_2021_paper.html
ICCV-2021-P1411,Learning Deep Local Features With Multiple Dynamic Attentions for Large-Scale Image Retrieval,ICCV-2021-A007023|ICCV-2021-A007024|ICCV-2021-A007025|ICCV-2021-A007026,ICCV,2021,https://openaccess.thecvf.com/content/ICCV2021/html/Wu_Learning_Deep_Local_Features_With_Multiple_Dynamic_Attentions_for_Large-Scale_ICCV_2021_paper.html
ICCV-2021-P1412,Motion Prediction Using Trajectory Cues,ICCV-2021-A007027|ICCV-2021-A007028|ICCV-2021-A007029|ICCV-2021-A007030|ICCV-2021-A007031|ICCV-2021-A007032|ICCV-2021-A007033,ICCV,2021,https://openaccess.thecvf.com/content/ICCV2021/html/Liu_Motion_Prediction_Using_Trajectory_Cues_ICCV_2021_paper.html
ICCV-2021-P1413,Generalized Source-Free Domain Adaptation,ICCV-2021-A007034|ICCV-2021-A007035|ICCV-2021-A007036|ICCV-2021-A007037|ICCV-2021-A007038,ICCV,2021,https://openaccess.thecvf.com/content/ICCV2021/html/Yang_Generalized_Source-Free_Domain_Adaptation_ICCV_2021_paper.html
ICCV-2021-P1414,DisUnknown: Distilling Unknown Factors for Disentanglement Learning,ICCV-2021-A007039|ICCV-2021-A007040|ICCV-2021-A007041|ICCV-2021-A007042|ICCV-2021-A007043|ICCV-2021-A007044|ICCV-2021-A007045,ICCV,2021,https://openaccess.thecvf.com/content/ICCV2021/html/Xiang_DisUnknown_Distilling_Unknown_Factors_for_Disentanglement_Learning_ICCV_2021_paper.html
ICCV-2021-P1415,3D Building Reconstruction From Monocular Remote Sensing Images,ICCV-2021-A007046|ICCV-2021-A007047|ICCV-2021-A007048|ICCV-2021-A007049|ICCV-2021-A007050|ICCV-2021-A007051,ICCV,2021,https://openaccess.thecvf.com/content/ICCV2021/html/Li_3D_Building_Reconstruction_From_Monocular_Remote_Sensing_Images_ICCV_2021_paper.html
ICCV-2021-P1416,Multi-Scale Separable Network for Ultra-High-Definition Video Deblurring,ICCV-2021-A007052|ICCV-2021-A007053|ICCV-2021-A007054|ICCV-2021-A007055|ICCV-2021-A007056|ICCV-2021-A007057,ICCV,2021,https://openaccess.thecvf.com/content/ICCV2021/html/Deng_Multi-Scale_Separable_Network_for_Ultra-High-Definition_Video_Deblurring_ICCV_2021_paper.html
ICCV-2021-P1417,ALADIN: All Layer Adaptive Instance Normalization for Fine-Grained Style Similarity,ICCV-2021-A007058|ICCV-2021-A007059|ICCV-2021-A007060|ICCV-2021-A007061|ICCV-2021-A007062|ICCV-2021-A007063|ICCV-2021-A007064|ICCV-2021-A007065,ICCV,2021,https://openaccess.thecvf.com/content/ICCV2021/html/Ruta_ALADIN_All_Layer_Adaptive_Instance_Normalization_for_Fine-Grained_Style_Similarity_ICCV_2021_paper.html
ICCV-2021-P1418,Visio-Temporal Attention for Multi-Camera Multi-Target Association,ICCV-2021-A007066|ICCV-2021-A007067|ICCV-2021-A007068|ICCV-2021-A007069,ICCV,2021,https://openaccess.thecvf.com/content/ICCV2021/html/Li_Visio-Temporal_Attention_for_Multi-Camera_Multi-Target_Association_ICCV_2021_paper.html
ICCV-2021-P1419,GeomNet: A Neural Network Based on Riemannian Geometries of SPD Matrix Space and Cholesky Space for 3D Skeleton-Based Interaction Recognition,ICCV-2021-A007070,ICCV,2021,https://openaccess.thecvf.com/content/ICCV2021/html/Nguyen_GeomNet_A_Neural_Network_Based_on_Riemannian_Geometries_of_SPD_ICCV_2021_paper.html
ICCV-2021-P1420,SLAMP: Stochastic Latent Appearance and Motion Prediction,ICCV-2021-A007071|ICCV-2021-A007072|ICCV-2021-A007073|ICCV-2021-A007074,ICCV,2021,https://openaccess.thecvf.com/content/ICCV2021/html/Akan_SLAMP_Stochastic_Latent_Appearance_and_Motion_Prediction_ICCV_2021_paper.html
ICCV-2021-P1421,CPF: Learning a Contact Potential Field To Model the Hand-Object Interaction,ICCV-2021-A007075|ICCV-2021-A007076|ICCV-2021-A007077|ICCV-2021-A007078|ICCV-2021-A007079|ICCV-2021-A007080,ICCV,2021,https://openaccess.thecvf.com/content/ICCV2021/html/Yang_CPF_Learning_a_Contact_Potential_Field_To_Model_the_Hand-Object_ICCV_2021_paper.html
ICCV-2021-P1422,BiaSwap: Removing Dataset Bias With Bias-Tailored Swapping Augmentation,ICCV-2021-A007081|ICCV-2021-A007082|ICCV-2021-A007083,ICCV,2021,https://openaccess.thecvf.com/content/ICCV2021/html/Kim_BiaSwap_Removing_Dataset_Bias_With_Bias-Tailored_Swapping_Augmentation_ICCV_2021_paper.html
ICCV-2021-P1423,GistNet: A Geometric Structure Transfer Network for Long-Tailed Recognition,ICCV-2021-A007084|ICCV-2021-A007085|ICCV-2021-A007086|ICCV-2021-A007087|ICCV-2021-A007088,ICCV,2021,https://openaccess.thecvf.com/content/ICCV2021/html/Liu_GistNet_A_Geometric_Structure_Transfer_Network_for_Long-Tailed_Recognition_ICCV_2021_paper.html
ICCV-2021-P1424,PixelSynth: Generating a 3D-Consistent Experience From a Single Image,ICCV-2021-A007089|ICCV-2021-A007090|ICCV-2021-A007091,ICCV,2021,https://openaccess.thecvf.com/content/ICCV2021/html/Rockwell_PixelSynth_Generating_a_3D-Consistent_Experience_From_a_Single_Image_ICCV_2021_paper.html
ICCV-2021-P1425,Non-Rigid Neural Radiance Fields: Reconstruction and Novel View Synthesis of a Dynamic Scene From Monocular Video,ICCV-2021-A007092|ICCV-2021-A007093|ICCV-2021-A007094|ICCV-2021-A007095|ICCV-2021-A007096|ICCV-2021-A007097,ICCV,2021,https://openaccess.thecvf.com/content/ICCV2021/html/Tretschk_Non-Rigid_Neural_Radiance_Fields_Reconstruction_and_Novel_View_Synthesis_of_ICCV_2021_paper.html
ICCV-2021-P1426,Sketch2Mesh: Reconstructing and Editing 3D Shapes From Sketches,ICCV-2021-A007098|ICCV-2021-A007099|ICCV-2021-A007100|ICCV-2021-A007101,ICCV,2021,https://openaccess.thecvf.com/content/ICCV2021/html/Guillard_Sketch2Mesh_Reconstructing_and_Editing_3D_Shapes_From_Sketches_ICCV_2021_paper.html
ICCV-2021-P1427,Self-Supervised Visual Representations Learning by Contrastive Mask Prediction,ICCV-2021-A007102|ICCV-2021-A007103|ICCV-2021-A007104|ICCV-2021-A007105|ICCV-2021-A007106,ICCV,2021,https://openaccess.thecvf.com/content/ICCV2021/html/Zhao_Self-Supervised_Visual_Representations_Learning_by_Contrastive_Mask_Prediction_ICCV_2021_paper.html
ICCV-2021-P1428,Personalized Image Semantic Segmentation,ICCV-2021-A007107|ICCV-2021-A007108|ICCV-2021-A007109|ICCV-2021-A007110|ICCV-2021-A007111,ICCV,2021,https://openaccess.thecvf.com/content/ICCV2021/html/Zhang_Personalized_Image_Semantic_Segmentation_ICCV_2021_paper.html
ICCV-2021-P1429,Boosting the Generalization Capability in Cross-Domain Few-Shot Learning via Noise-Enhanced Supervised Autoencoder,ICCV-2021-A007112|ICCV-2021-A007113|ICCV-2021-A007114|ICCV-2021-A007115,ICCV,2021,https://openaccess.thecvf.com/content/ICCV2021/html/Liang_Boosting_the_Generalization_Capability_in_Cross-Domain_Few-Shot_Learning_via_Noise-Enhanced_ICCV_2021_paper.html
ICCV-2021-P1430,StereOBJ-1M: Large-Scale Stereo Image Dataset for 6D Object Pose Estimation,ICCV-2021-A007116|ICCV-2021-A007117|ICCV-2021-A007118,ICCV,2021,https://openaccess.thecvf.com/content/ICCV2021/html/Liu_StereOBJ-1M_Large-Scale_Stereo_Image_Dataset_for_6D_Object_Pose_Estimation_ICCV_2021_paper.html
ICCV-2021-P1431,PIAP-DF: Pixel-Interested and Anti Person-Specific Facial Action Unit Detection Net With Discrete Feedback Learning,ICCV-2021-A007119|ICCV-2021-A007120|ICCV-2021-A007121|ICCV-2021-A007122,ICCV,2021,https://openaccess.thecvf.com/content/ICCV2021/html/Tang_PIAP-DF_Pixel-Interested_and_Anti_Person-Specific_Facial_Action_Unit_Detection_Net_ICCV_2021_paper.html
ICCV-2021-P1432,NPMs: Neural Parametric Models for 3D Deformable Shapes,ICCV-2021-A007123|ICCV-2021-A007124|ICCV-2021-A007125|ICCV-2021-A007126|ICCV-2021-A007127,ICCV,2021,https://openaccess.thecvf.com/content/ICCV2021/html/Palafox_NPMs_Neural_Parametric_Models_for_3D_Deformable_Shapes_ICCV_2021_paper.html
ICCV-2021-P1433,Learning With Memory-Based Virtual Classes for Deep Metric Learning,ICCV-2021-A007128|ICCV-2021-A007129|ICCV-2021-A007130,ICCV,2021,https://openaccess.thecvf.com/content/ICCV2021/html/Ko_Learning_With_Memory-Based_Virtual_Classes_for_Deep_Metric_Learning_ICCV_2021_paper.html
ICCV-2021-P1434,Excavating the Potential Capacity of Self-Supervised Monocular Depth Estimation,ICCV-2021-A007131|ICCV-2021-A007132|ICCV-2021-A007133|ICCV-2021-A007134|ICCV-2021-A007135,ICCV,2021,https://openaccess.thecvf.com/content/ICCV2021/html/Peng_Excavating_the_Potential_Capacity_of_Self-Supervised_Monocular_Depth_Estimation_ICCV_2021_paper.html
ICCV-2021-P1435,Interacting Two-Hand 3D Pose and Shape Reconstruction From Single Color Image,ICCV-2021-A007136|ICCV-2021-A007137|ICCV-2021-A007138|ICCV-2021-A007139|ICCV-2021-A007140|ICCV-2021-A007141|ICCV-2021-A007142,ICCV,2021,https://openaccess.thecvf.com/content/ICCV2021/html/Zhang_Interacting_Two-Hand_3D_Pose_and_Shape_Reconstruction_From_Single_Color_ICCV_2021_paper.html
ICCV-2021-P1436,Lifelong Infinite Mixture Model Based on Knowledge-Driven Dirichlet Process,ICCV-2021-A007143|ICCV-2021-A007144,ICCV,2021,https://openaccess.thecvf.com/content/ICCV2021/html/Ye_Lifelong_Infinite_Mixture_Model_Based_on_Knowledge-Driven_Dirichlet_Process_ICCV_2021_paper.html
ICCV-2021-P1437,The Power of Points for Modeling Humans in Clothing,ICCV-2021-A007145|ICCV-2021-A007146|ICCV-2021-A007147|ICCV-2021-A007148,ICCV,2021,https://openaccess.thecvf.com/content/ICCV2021/html/Ma_The_Power_of_Points_for_Modeling_Humans_in_Clothing_ICCV_2021_paper.html
ICCV-2021-P1438,"Adversarial Unsupervised Domain Adaptation With Conditional and Label Shift: Infer, Align and Iterate",ICCV-2021-A007149|ICCV-2021-A007150|ICCV-2021-A007151|ICCV-2021-A007152|ICCV-2021-A007153|ICCV-2021-A007154|ICCV-2021-A007155|ICCV-2021-A007156,ICCV,2021,https://openaccess.thecvf.com/content/ICCV2021/html/Liu_Adversarial_Unsupervised_Domain_Adaptation_With_Conditional_and_Label_Shift_Infer_ICCV_2021_paper.html
ICCV-2021-P1439,Learning Cross-Modal Contrastive Features for Video Domain Adaptation,ICCV-2021-A007157|ICCV-2021-A007158|ICCV-2021-A007159|ICCV-2021-A007160|ICCV-2021-A007161|ICCV-2021-A007162|ICCV-2021-A007163,ICCV,2021,https://openaccess.thecvf.com/content/ICCV2021/html/Kim_Learning_Cross-Modal_Contrastive_Features_for_Video_Domain_Adaptation_ICCV_2021_paper.html
ICCV-2021-P1440,Energy-Based Open-World Uncertainty Modeling for Confidence Calibration,ICCV-2021-A007164|ICCV-2021-A007165|ICCV-2021-A007166|ICCV-2021-A007167|ICCV-2021-A007168|ICCV-2021-A007169,ICCV,2021,https://openaccess.thecvf.com/content/ICCV2021/html/Wang_Energy-Based_Open-World_Uncertainty_Modeling_for_Confidence_Calibration_ICCV_2021_paper.html
ICCV-2021-P1441,Sat2Vid: Street-View Panoramic Video Synthesis From a Single Satellite Image,ICCV-2021-A007170|ICCV-2021-A007171|ICCV-2021-A007172|ICCV-2021-A007173|ICCV-2021-A007174|ICCV-2021-A007175,ICCV,2021,https://openaccess.thecvf.com/content/ICCV2021/html/Li_Sat2Vid_Street-View_Panoramic_Video_Synthesis_From_a_Single_Satellite_Image_ICCV_2021_paper.html
ICCV-2021-P1442,NAS-OoD: Neural Architecture Search for Out-of-Distribution Generalization,ICCV-2021-A007176|ICCV-2021-A007177|ICCV-2021-A007178|ICCV-2021-A007179|ICCV-2021-A007180|ICCV-2021-A007181,ICCV,2021,https://openaccess.thecvf.com/content/ICCV2021/html/Bai_NAS-OoD_Neural_Architecture_Search_for_Out-of-Distribution_Generalization_ICCV_2021_paper.html
ICCV-2021-P1443,Hierarchical Aggregation for 3D Instance Segmentation,ICCV-2021-A007182|ICCV-2021-A007183|ICCV-2021-A007184|ICCV-2021-A007185|ICCV-2021-A007186,ICCV,2021,https://openaccess.thecvf.com/content/ICCV2021/html/Chen_Hierarchical_Aggregation_for_3D_Instance_Segmentation_ICCV_2021_paper.html
ICCV-2021-P1444,A Simple Baseline for Semi-Supervised Semantic Segmentation With Strong Data Augmentation,ICCV-2021-A007187|ICCV-2021-A007188|ICCV-2021-A007189|ICCV-2021-A007190|ICCV-2021-A007191,ICCV,2021,https://openaccess.thecvf.com/content/ICCV2021/html/Yuan_A_Simple_Baseline_for_Semi-Supervised_Semantic_Segmentation_With_Strong_Data_ICCV_2021_paper.html
ICCV-2021-P1445,Evidential Deep Learning for Open Set Action Recognition,ICCV-2021-A007192|ICCV-2021-A007193|ICCV-2021-A007194,ICCV,2021,https://openaccess.thecvf.com/content/ICCV2021/html/Bao_Evidential_Deep_Learning_for_Open_Set_Action_Recognition_ICCV_2021_paper.html
ICCV-2021-P1446,Perception-Aware Multi-Sensor Fusion for 3D LiDAR Semantic Segmentation,ICCV-2021-A007195|ICCV-2021-A007196|ICCV-2021-A007197|ICCV-2021-A007198|ICCV-2021-A007199|ICCV-2021-A007200,ICCV,2021,https://openaccess.thecvf.com/content/ICCV2021/html/Zhuang_Perception-Aware_Multi-Sensor_Fusion_for_3D_LiDAR_Semantic_Segmentation_ICCV_2021_paper.html
ICCV-2021-P1447,UVStyle-Net: Unsupervised Few-Shot Learning of 3D Style Similarity Measure for B-Reps,ICCV-2021-A007201|ICCV-2021-A007202|ICCV-2021-A007203|ICCV-2021-A007204|ICCV-2021-A007205|ICCV-2021-A007206,ICCV,2021,https://openaccess.thecvf.com/content/ICCV2021/html/Meltzer_UVStyle-Net_Unsupervised_Few-Shot_Learning_of_3D_Style_Similarity_Measure_for_ICCV_2021_paper.html
ICCV-2021-P1448,Learning by Aligning: Visible-Infrared Person Re-Identification Using Cross-Modal Correspondences,ICCV-2021-A007207|ICCV-2021-A007208|ICCV-2021-A007209|ICCV-2021-A007210,ICCV,2021,https://openaccess.thecvf.com/content/ICCV2021/html/Park_Learning_by_Aligning_Visible-Infrared_Person_Re-Identification_Using_Cross-Modal_Correspondences_ICCV_2021_paper.html
ICCV-2021-P1449,MINE: Towards Continuous Depth MPI With NeRF for Novel View Synthesis,ICCV-2021-A007211|ICCV-2021-A007212|ICCV-2021-A007213|ICCV-2021-A007214|ICCV-2021-A007215|ICCV-2021-A007216,ICCV,2021,https://openaccess.thecvf.com/content/ICCV2021/html/Li_MINE_Towards_Continuous_Depth_MPI_With_NeRF_for_Novel_View_ICCV_2021_paper.html
ICCV-2021-P1450,LoFGAN: Fusing Local Representations for Few-Shot Image Generation,ICCV-2021-A007217|ICCV-2021-A007218|ICCV-2021-A007219|ICCV-2021-A007220|ICCV-2021-A007221,ICCV,2021,https://openaccess.thecvf.com/content/ICCV2021/html/Gu_LoFGAN_Fusing_Local_Representations_for_Few-Shot_Image_Generation_ICCV_2021_paper.html
ICCV-2021-P1451,Rethinking the Truly Unsupervised Image-to-Image Translation,ICCV-2021-A007222|ICCV-2021-A007223|ICCV-2021-A007224|ICCV-2021-A007225|ICCV-2021-A007226,ICCV,2021,https://openaccess.thecvf.com/content/ICCV2021/html/Baek_Rethinking_the_Truly_Unsupervised_Image-to-Image_Translation_ICCV_2021_paper.html
ICCV-2021-P1452,Point-Based Modeling of Human Clothing,ICCV-2021-A007227|ICCV-2021-A007228|ICCV-2021-A007229|ICCV-2021-A007230,ICCV,2021,https://openaccess.thecvf.com/content/ICCV2021/html/Zakharkin_Point-Based_Modeling_of_Human_Clothing_ICCV_2021_paper.html
ICCV-2021-P1453,Sparse Needlets for Lighting Estimation With Spherical Transport Loss,ICCV-2021-A007231|ICCV-2021-A007232|ICCV-2021-A007233|ICCV-2021-A007234|ICCV-2021-A007235|ICCV-2021-A007236|ICCV-2021-A007237,ICCV,2021,https://openaccess.thecvf.com/content/ICCV2021/html/Zhan_Sparse_Needlets_for_Lighting_Estimation_With_Spherical_Transport_Loss_ICCV_2021_paper.html
ICCV-2021-P1454,MonoIndoor: Towards Good Practice of Self-Supervised Monocular Depth Estimation for Indoor Environments,ICCV-2021-A007238|ICCV-2021-A007239|ICCV-2021-A007240|ICCV-2021-A007241,ICCV,2021,https://openaccess.thecvf.com/content/ICCV2021/html/Ji_MonoIndoor_Towards_Good_Practice_of_Self-Supervised_Monocular_Depth_Estimation_for_ICCV_2021_paper.html
ICCV-2021-P1455,Common Objects in 3D: Large-Scale Learning and Evaluation of Real-Life 3D Category Reconstruction,ICCV-2021-A007242|ICCV-2021-A007243|ICCV-2021-A007244|ICCV-2021-A007245|ICCV-2021-A007246|ICCV-2021-A007247,ICCV,2021,https://openaccess.thecvf.com/content/ICCV2021/html/Reizenstein_Common_Objects_in_3D_Large-Scale_Learning_and_Evaluation_of_Real-Life_ICCV_2021_paper.html
ICCV-2021-P1456,Reconstructing Hand-Object Interactions in the Wild,ICCV-2021-A007248|ICCV-2021-A007249|ICCV-2021-A007250|ICCV-2021-A007251,ICCV,2021,https://openaccess.thecvf.com/content/ICCV2021/html/Cao_Reconstructing_Hand-Object_Interactions_in_the_Wild_ICCV_2021_paper.html
ICCV-2021-P1457,LabOR: Labeling Only if Required for Domain Adaptive Semantic Segmentation,ICCV-2021-A007252|ICCV-2021-A007253|ICCV-2021-A007254|ICCV-2021-A007255|ICCV-2021-A007256|ICCV-2021-A007257,ICCV,2021,https://openaccess.thecvf.com/content/ICCV2021/html/Shin_LabOR_Labeling_Only_if_Required_for_Domain_Adaptive_Semantic_Segmentation_ICCV_2021_paper.html
ICCV-2021-P1458,SPEC: Seeing People in the Wild With an Estimated Camera,ICCV-2021-A007258|ICCV-2021-A007259|ICCV-2021-A007260|ICCV-2021-A007261|ICCV-2021-A007262|ICCV-2021-A007263,ICCV,2021,https://openaccess.thecvf.com/content/ICCV2021/html/Kocabas_SPEC_Seeing_People_in_the_Wild_With_an_Estimated_Camera_ICCV_2021_paper.html
ICCV-2021-P1459,Binocular Mutual Learning for Improving Few-Shot Classification,ICCV-2021-A007264|ICCV-2021-A007265|ICCV-2021-A007266|ICCV-2021-A007267|ICCV-2021-A007268,ICCV,2021,https://openaccess.thecvf.com/content/ICCV2021/html/Zhou_Binocular_Mutual_Learning_for_Improving_Few-Shot_Classification_ICCV_2021_paper.html
ICCV-2021-P1460,Distilling Holistic Knowledge With Graph Neural Networks,ICCV-2021-A007269|ICCV-2021-A007270|ICCV-2021-A007271|ICCV-2021-A007272|ICCV-2021-A007273|ICCV-2021-A007274|ICCV-2021-A007275,ICCV,2021,https://openaccess.thecvf.com/content/ICCV2021/html/Zhou_Distilling_Holistic_Knowledge_With_Graph_Neural_Networks_ICCV_2021_paper.html
ICCV-2021-P1461,STEM: An Approach to Multi-Source Domain Adaptation With Guarantees,ICCV-2021-A007276|ICCV-2021-A007277|ICCV-2021-A007278|ICCV-2021-A007279|ICCV-2021-A007280,ICCV,2021,https://openaccess.thecvf.com/content/ICCV2021/html/Nguyen_STEM_An_Approach_to_Multi-Source_Domain_Adaptation_With_Guarantees_ICCV_2021_paper.html
ICCV-2021-P1462,Divide and Contrast: Self-Supervised Learning From Uncurated Data,ICCV-2021-A007281|ICCV-2021-A007282|ICCV-2021-A007283,ICCV,2021,https://openaccess.thecvf.com/content/ICCV2021/html/Tian_Divide_and_Contrast_Self-Supervised_Learning_From_Uncurated_Data_ICCV_2021_paper.html
ICCV-2021-P1463,Parallel Detection-and-Segmentation Learning for Weakly Supervised Instance Segmentation,ICCV-2021-A007284|ICCV-2021-A007285|ICCV-2021-A007286|ICCV-2021-A007287|ICCV-2021-A007288|ICCV-2021-A007289|ICCV-2021-A007290|ICCV-2021-A007291,ICCV,2021,https://openaccess.thecvf.com/content/ICCV2021/html/Shen_Parallel_Detection-and-Segmentation_Learning_for_Weakly_Supervised_Instance_Segmentation_ICCV_2021_paper.html
ICCV-2021-P1464,Towards Real-World X-Ray Security Inspection: A High-Quality Benchmark and Lateral Inhibition Module for Prohibited Items Detection,ICCV-2021-A007292|ICCV-2021-A007293|ICCV-2021-A007294|ICCV-2021-A007295|ICCV-2021-A007296|ICCV-2021-A007297|ICCV-2021-A007298|ICCV-2021-A007299|ICCV-2021-A007300,ICCV,2021,https://openaccess.thecvf.com/content/ICCV2021/html/Tao_Towards_Real-World_X-Ray_Security_Inspection_A_High-Quality_Benchmark_and_Lateral_ICCV_2021_paper.html
ICCV-2021-P1465,THDA: Treasure Hunt Data Augmentation for Semantic Navigation,ICCV-2021-A007301|ICCV-2021-A007302|ICCV-2021-A007303|ICCV-2021-A007304|ICCV-2021-A007305|ICCV-2021-A007306|ICCV-2021-A007307,ICCV,2021,https://openaccess.thecvf.com/content/ICCV2021/html/Maksymets_THDA_Treasure_Hunt_Data_Augmentation_for_Semantic_Navigation_ICCV_2021_paper.html
ICCV-2021-P1466,TransForensics: Image Forgery Localization With Dense Self-Attention,ICCV-2021-A007308|ICCV-2021-A007309|ICCV-2021-A007310|ICCV-2021-A007311|ICCV-2021-A007312,ICCV,2021,https://openaccess.thecvf.com/content/ICCV2021/html/Hao_TransForensics_Image_Forgery_Localization_With_Dense_Self-Attention_ICCV_2021_paper.html
ICCV-2021-P1467,Joint Audio-Visual Deepfake Detection,ICCV-2021-A007313|ICCV-2021-A007314,ICCV,2021,https://openaccess.thecvf.com/content/ICCV2021/html/Zhou_Joint_Audio-Visual_Deepfake_Detection_ICCV_2021_paper.html
ICCV-2021-P1468,Time-Equivariant Contrastive Video Representation Learning,ICCV-2021-A007315|ICCV-2021-A007316,ICCV,2021,https://openaccess.thecvf.com/content/ICCV2021/html/Jenni_Time-Equivariant_Contrastive_Video_Representation_Learning_ICCV_2021_paper.html
ICCV-2021-P1469,Graph-Based 3D Multi-Person Pose Estimation Using Multi-View Images,ICCV-2021-A007317|ICCV-2021-A007318|ICCV-2021-A007319|ICCV-2021-A007320|ICCV-2021-A007321|ICCV-2021-A007322|ICCV-2021-A007323,ICCV,2021,https://openaccess.thecvf.com/content/ICCV2021/html/Wu_Graph-Based_3D_Multi-Person_Pose_Estimation_Using_Multi-View_Images_ICCV_2021_paper.html
ICCV-2021-P1470,Multi-Anchor Active Domain Adaptation for Semantic Segmentation,ICCV-2021-A007324|ICCV-2021-A007325|ICCV-2021-A007326|ICCV-2021-A007327|ICCV-2021-A007328|ICCV-2021-A007329|ICCV-2021-A007330|ICCV-2021-A007331,ICCV,2021,https://openaccess.thecvf.com/content/ICCV2021/html/Ning_Multi-Anchor_Active_Domain_Adaptation_for_Semantic_Segmentation_ICCV_2021_paper.html
ICCV-2021-P1471,PyMAF: 3D Human Pose and Shape Regression With Pyramidal Mesh Alignment Feedback Loop,ICCV-2021-A007332|ICCV-2021-A007333|ICCV-2021-A007334|ICCV-2021-A007335|ICCV-2021-A007336|ICCV-2021-A007337|ICCV-2021-A007338,ICCV,2021,https://openaccess.thecvf.com/content/ICCV2021/html/Zhang_PyMAF_3D_Human_Pose_and_Shape_Regression_With_Pyramidal_Mesh_ICCV_2021_paper.html
ICCV-2021-P1472,KoDF: A Large-Scale Korean DeepFake Detection Dataset,ICCV-2021-A007339|ICCV-2021-A007340|ICCV-2021-A007341|ICCV-2021-A007342|ICCV-2021-A007343,ICCV,2021,https://openaccess.thecvf.com/content/ICCV2021/html/Kwon_KoDF_A_Large-Scale_Korean_DeepFake_Detection_Dataset_ICCV_2021_paper.html
ICCV-2021-P1473,"LaLaLoc: Latent Layout Localisation in Dynamic, Unvisited Environments",ICCV-2021-A007344|ICCV-2021-A007345|ICCV-2021-A007346,ICCV,2021,https://openaccess.thecvf.com/content/ICCV2021/html/Howard-Jenkins_LaLaLoc_Latent_Layout_Localisation_in_Dynamic_Unvisited_Environments_ICCV_2021_paper.html
ICCV-2021-P1474,Full-Velocity Radar Returns by Radar-Camera Fusion,ICCV-2021-A007347|ICCV-2021-A007348|ICCV-2021-A007349|ICCV-2021-A007350|ICCV-2021-A007351|ICCV-2021-A007352,ICCV,2021,https://openaccess.thecvf.com/content/ICCV2021/html/Long_Full-Velocity_Radar_Returns_by_Radar-Camera_Fusion_ICCV_2021_paper.html
ICCV-2021-P1475,Toward Realistic Single-View 3D Object Reconstruction With Unsupervised Learning From Multiple Images,ICCV-2021-A007353|ICCV-2021-A007354|ICCV-2021-A007355|ICCV-2021-A007356,ICCV,2021,https://openaccess.thecvf.com/content/ICCV2021/html/Ho_Toward_Realistic_Single-View_3D_Object_Reconstruction_With_Unsupervised_Learning_From_ICCV_2021_paper.html
ICCV-2021-P1476,MVSNeRF: Fast Generalizable Radiance Field Reconstruction From Multi-View Stereo,ICCV-2021-A007357|ICCV-2021-A007358|ICCV-2021-A007359|ICCV-2021-A007360|ICCV-2021-A007361|ICCV-2021-A007362|ICCV-2021-A007363,ICCV,2021,https://openaccess.thecvf.com/content/ICCV2021/html/Chen_MVSNeRF_Fast_Generalizable_Radiance_Field_Reconstruction_From_Multi-View_Stereo_ICCV_2021_paper.html
ICCV-2021-P1477,Learning To Track With Object Permanence,ICCV-2021-A007364|ICCV-2021-A007365|ICCV-2021-A007366|ICCV-2021-A007367,ICCV,2021,https://openaccess.thecvf.com/content/ICCV2021/html/Tokmakov_Learning_To_Track_With_Object_Permanence_ICCV_2021_paper.html
ICCV-2021-P1478,Deep Co-Training With Task Decomposition for Semi-Supervised Domain Adaptation,ICCV-2021-A007368|ICCV-2021-A007369|ICCV-2021-A007370|ICCV-2021-A007371|ICCV-2021-A007372|ICCV-2021-A007373|ICCV-2021-A007374,ICCV,2021,https://openaccess.thecvf.com/content/ICCV2021/html/Yang_Deep_Co-Training_With_Task_Decomposition_for_Semi-Supervised_Domain_Adaptation_ICCV_2021_paper.html
ICCV-2021-P1479,Dual Projection Generative Adversarial Networks for Conditional Image Generation,ICCV-2021-A007375|ICCV-2021-A007376|ICCV-2021-A007377|ICCV-2021-A007378|ICCV-2021-A007379|ICCV-2021-A007380|ICCV-2021-A007381,ICCV,2021,https://openaccess.thecvf.com/content/ICCV2021/html/Han_Dual_Projection_Generative_Adversarial_Networks_for_Conditional_Image_Generation_ICCV_2021_paper.html
ICCV-2021-P1480,EventHPE: Event-Based 3D Human Pose and Shape Estimation,ICCV-2021-A007382|ICCV-2021-A007383|ICCV-2021-A007384|ICCV-2021-A007385|ICCV-2021-A007386|ICCV-2021-A007387|ICCV-2021-A007388|ICCV-2021-A007389|ICCV-2021-A007390,ICCV,2021,https://openaccess.thecvf.com/content/ICCV2021/html/Zou_EventHPE_Event-Based_3D_Human_Pose_and_Shape_Estimation_ICCV_2021_paper.html
ICCV-2021-P1481,CTRL-C: Camera Calibration TRansformer With Line-Classification,ICCV-2021-A007391|ICCV-2021-A007392|ICCV-2021-A007393|ICCV-2021-A007394|ICCV-2021-A007395|ICCV-2021-A007396,ICCV,2021,https://openaccess.thecvf.com/content/ICCV2021/html/Lee_CTRL-C_Camera_Calibration_TRansformer_With_Line-Classification_ICCV_2021_paper.html
ICCV-2021-P1482,TransPose: Keypoint Localization via Transformer,ICCV-2021-A007397|ICCV-2021-A007398|ICCV-2021-A007399|ICCV-2021-A007400,ICCV,2021,https://openaccess.thecvf.com/content/ICCV2021/html/Yang_TransPose_Keypoint_Localization_via_Transformer_ICCV_2021_paper.html
ICCV-2021-P1483,Vector-Decomposed Disentanglement for Domain-Invariant Object Detection,ICCV-2021-A007401|ICCV-2021-A007402|ICCV-2021-A007403|ICCV-2021-A007404|ICCV-2021-A007405,ICCV,2021,https://openaccess.thecvf.com/content/ICCV2021/html/Wu_Vector-Decomposed_Disentanglement_for_Domain-Invariant_Object_Detection_ICCV_2021_paper.html
ICCV-2021-P1484,IDM: An Intermediate Domain Module for Domain Adaptive Person Re-ID,ICCV-2021-A007406|ICCV-2021-A007407|ICCV-2021-A007408|ICCV-2021-A007409|ICCV-2021-A007410|ICCV-2021-A007411,ICCV,2021,https://openaccess.thecvf.com/content/ICCV2021/html/Dai_IDM_An_Intermediate_Domain_Module_for_Domain_Adaptive_Person_Re-ID_ICCV_2021_paper.html
ICCV-2021-P1485,Robust Watermarking for Deep Neural Networks via Bi-Level Optimization,ICCV-2021-A007412|ICCV-2021-A007413|ICCV-2021-A007414,ICCV,2021,https://openaccess.thecvf.com/content/ICCV2021/html/Yang_Robust_Watermarking_for_Deep_Neural_Networks_via_Bi-Level_Optimization_ICCV_2021_paper.html
ICCV-2021-P1486,Video Annotation for Visual Tracking via Selection and Refinement,ICCV-2021-A007415|ICCV-2021-A007416|ICCV-2021-A007417|ICCV-2021-A007418|ICCV-2021-A007419|ICCV-2021-A007420|ICCV-2021-A007421|ICCV-2021-A007422,ICCV,2021,https://openaccess.thecvf.com/content/ICCV2021/html/Dai_Video_Annotation_for_Visual_Tracking_via_Selection_and_Refinement_ICCV_2021_paper.html
ICCV-2021-P1487,A Unified 3D Human Motion Synthesis Model via Conditional Variational Auto-Encoder,ICCV-2021-A007423|ICCV-2021-A007424|ICCV-2021-A007425|ICCV-2021-A007426|ICCV-2021-A007427|ICCV-2021-A007428|ICCV-2021-A007429|ICCV-2021-A007430|ICCV-2021-A007431|ICCV-2021-A007432|ICCV-2021-A007433|ICCV-2021-A007434|ICCV-2021-A007435,ICCV,2021,https://openaccess.thecvf.com/content/ICCV2021/html/Cai_A_Unified_3D_Human_Motion_Synthesis_Model_via_Conditional_Variational_ICCV_2021_paper.html
ICCV-2021-P1488,Safety-Aware Motion Prediction With Unseen Vehicles for Autonomous Driving,ICCV-2021-A007436|ICCV-2021-A007437|ICCV-2021-A007438|ICCV-2021-A007439|ICCV-2021-A007440,ICCV,2021,https://openaccess.thecvf.com/content/ICCV2021/html/Ren_Safety-Aware_Motion_Prediction_With_Unseen_Vehicles_for_Autonomous_Driving_ICCV_2021_paper.html
ICCV-2021-P1489,Mesh Graphormer,ICCV-2021-A007441|ICCV-2021-A007442|ICCV-2021-A007443,ICCV,2021,https://openaccess.thecvf.com/content/ICCV2021/html/Lin_Mesh_Graphormer_ICCV_2021_paper.html
ICCV-2021-P1490,Elaborative Rehearsal for Zero-Shot Action Recognition,ICCV-2021-A007444|ICCV-2021-A007445,ICCV,2021,https://openaccess.thecvf.com/content/ICCV2021/html/Chen_Elaborative_Rehearsal_for_Zero-Shot_Action_Recognition_ICCV_2021_paper.html
ICCV-2021-P1491,CAG-QIL: Context-Aware Actionness Grouping via Q Imitation Learning for Online Temporal Action Localization,ICCV-2021-A007446|ICCV-2021-A007447|ICCV-2021-A007448|ICCV-2021-A007449,ICCV,2021,https://openaccess.thecvf.com/content/ICCV2021/html/Kang_CAG-QIL_Context-Aware_Actionness_Grouping_via_Q_Imitation_Learning_for_Online_ICCV_2021_paper.html
ICCV-2021-P1492,Towards Interpretable Deep Metric Learning With Structural Matching,ICCV-2021-A007450|ICCV-2021-A007451|ICCV-2021-A007452|ICCV-2021-A007453|ICCV-2021-A007454,ICCV,2021,https://openaccess.thecvf.com/content/ICCV2021/html/Zhao_Towards_Interpretable_Deep_Metric_Learning_With_Structural_Matching_ICCV_2021_paper.html
ICCV-2021-P1493,Weakly Supervised Text-Based Person Re-Identification,ICCV-2021-A007455|ICCV-2021-A007456|ICCV-2021-A007457|ICCV-2021-A007458|ICCV-2021-A007459,ICCV,2021,https://openaccess.thecvf.com/content/ICCV2021/html/Zhao_Weakly_Supervised_Text-Based_Person_Re-Identification_ICCV_2021_paper.html
ICCV-2021-P1494,von Mises-Fisher Loss: An Exploration of Embedding Geometries for Supervised Learning,ICCV-2021-A007460|ICCV-2021-A007461|ICCV-2021-A007462,ICCV,2021,https://openaccess.thecvf.com/content/ICCV2021/html/Scott_von_Mises-Fisher_Loss_An_Exploration_of_Embedding_Geometries_for_Supervised_ICCV_2021_paper.html
ICCV-2021-P1495,Multiple Heads Are Better Than One: Few-Shot Font Generation With Multiple Localized Experts,ICCV-2021-A007463|ICCV-2021-A007464|ICCV-2021-A007465|ICCV-2021-A007466|ICCV-2021-A007467,ICCV,2021,https://openaccess.thecvf.com/content/ICCV2021/html/Park_Multiple_Heads_Are_Better_Than_One_Few-Shot_Font_Generation_With_ICCV_2021_paper.html
ICCV-2021-P1496,Me-Momentum: Extracting Hard Confident Examples From Noisily Labeled Data,ICCV-2021-A007468|ICCV-2021-A007469,ICCV,2021,https://openaccess.thecvf.com/content/ICCV2021/html/Bai_Me-Momentum_Extracting_Hard_Confident_Examples_From_Noisily_Labeled_Data_ICCV_2021_paper.html
ICCV-2021-P1497,mDALU: Multi-Source Domain Adaptation and Label Unification With Partial Datasets,ICCV-2021-A007470|ICCV-2021-A007471|ICCV-2021-A007472|ICCV-2021-A007473|ICCV-2021-A007474,ICCV,2021,https://openaccess.thecvf.com/content/ICCV2021/html/Gong_mDALU_Multi-Source_Domain_Adaptation_and_Label_Unification_With_Partial_Datasets_ICCV_2021_paper.html
ICCV-2021-P1498,Collaging Class-Specific GANs for Semantic Image Synthesis,ICCV-2021-A007475|ICCV-2021-A007476|ICCV-2021-A007477|ICCV-2021-A007478|ICCV-2021-A007479|ICCV-2021-A007480,ICCV,2021,https://openaccess.thecvf.com/content/ICCV2021/html/Li_Collaging_Class-Specific_GANs_for_Semantic_Image_Synthesis_ICCV_2021_paper.html
ICCV-2021-P1499,Meta Navigator: Search for a Good Adaptation Policy for Few-Shot Learning,ICCV-2021-A007481|ICCV-2021-A007482|ICCV-2021-A007483|ICCV-2021-A007484|ICCV-2021-A007485|ICCV-2021-A007486,ICCV,2021,https://openaccess.thecvf.com/content/ICCV2021/html/Zhang_Meta_Navigator_Search_for_a_Good_Adaptation_Policy_for_Few-Shot_ICCV_2021_paper.html
ICCV-2021-P1500,Occlusion-Aware Video Object Inpainting,ICCV-2021-A007487|ICCV-2021-A007488|ICCV-2021-A007489,ICCV,2021,https://openaccess.thecvf.com/content/ICCV2021/html/Ke_Occlusion-Aware_Video_Object_Inpainting_ICCV_2021_paper.html
ICCV-2021-P1501,Bayesian Triplet Loss: Uncertainty Quantification in Image Retrieval,ICCV-2021-A007490|ICCV-2021-A007491|ICCV-2021-A007492|ICCV-2021-A007493,ICCV,2021,https://openaccess.thecvf.com/content/ICCV2021/html/Warburg_Bayesian_Triplet_Loss_Uncertainty_Quantification_in_Image_Retrieval_ICCV_2021_paper.html
ICCV-2021-P1502,AutoFormer: Searching Transformers for Visual Recognition,ICCV-2021-A007494|ICCV-2021-A007495|ICCV-2021-A007496|ICCV-2021-A007497,ICCV,2021,https://openaccess.thecvf.com/content/ICCV2021/html/Chen_AutoFormer_Searching_Transformers_for_Visual_Recognition_ICCV_2021_paper.html
ICCV-2021-P1503,Mining Latent Classes for Few-Shot Segmentation,ICCV-2021-A007498|ICCV-2021-A007499|ICCV-2021-A007500|ICCV-2021-A007501|ICCV-2021-A007502,ICCV,2021,https://openaccess.thecvf.com/content/ICCV2021/html/Yang_Mining_Latent_Classes_for_Few-Shot_Segmentation_ICCV_2021_paper.html
ICCV-2021-P1504,Active Learning for Deep Object Detection via Probabilistic Modeling,ICCV-2021-A007503|ICCV-2021-A007504|ICCV-2021-A007505|ICCV-2021-A007506|ICCV-2021-A007507,ICCV,2021,https://openaccess.thecvf.com/content/ICCV2021/html/Choi_Active_Learning_for_Deep_Object_Detection_via_Probabilistic_Modeling_ICCV_2021_paper.html
ICCV-2021-P1505,Occlude Them All: Occlusion-Aware Attention Network for Occluded Person Re-ID,ICCV-2021-A007508|ICCV-2021-A007509|ICCV-2021-A007510|ICCV-2021-A007511|ICCV-2021-A007512|ICCV-2021-A007513|ICCV-2021-A007514|ICCV-2021-A007515,ICCV,2021,https://openaccess.thecvf.com/content/ICCV2021/html/Chen_Occlude_Them_All_Occlusion-Aware_Attention_Network_for_Occluded_Person_Re-ID_ICCV_2021_paper.html
ICCV-2021-P1506,Towards Accurate Alignment in Real-Time 3D Hand-Mesh Reconstruction,ICCV-2021-A007516|ICCV-2021-A007517|ICCV-2021-A007518,ICCV,2021,https://openaccess.thecvf.com/content/ICCV2021/html/Tang_Towards_Accurate_Alignment_in_Real-Time_3D_Hand-Mesh_Reconstruction_ICCV_2021_paper.html
ICCV-2021-P1507,Searching for Controllable Image Restoration Networks,ICCV-2021-A007519|ICCV-2021-A007520|ICCV-2021-A007521|ICCV-2021-A007522|ICCV-2021-A007523,ICCV,2021,https://openaccess.thecvf.com/content/ICCV2021/html/Kim_Searching_for_Controllable_Image_Restoration_Networks_ICCV_2021_paper.html
ICCV-2021-P1508,Seeing Dynamic Scene in the Dark: A High-Quality Video Dataset With Mechatronic Alignment,ICCV-2021-A007524|ICCV-2021-A007525|ICCV-2021-A007526|ICCV-2021-A007527|ICCV-2021-A007528|ICCV-2021-A007529,ICCV,2021,https://openaccess.thecvf.com/content/ICCV2021/html/Wang_Seeing_Dynamic_Scene_in_the_Dark_A_High-Quality_Video_Dataset_ICCV_2021_paper.html
ICCV-2021-P1509,AdvRush: Searching for Adversarially Robust Neural Architectures,ICCV-2021-A007530|ICCV-2021-A007531|ICCV-2021-A007532|ICCV-2021-A007533,ICCV,2021,https://openaccess.thecvf.com/content/ICCV2021/html/Mok_AdvRush_Searching_for_Adversarially_Robust_Neural_Architectures_ICCV_2021_paper.html
ICCV-2021-P1510,Mean Shift for Self-Supervised Learning,ICCV-2021-A007534|ICCV-2021-A007535|ICCV-2021-A007536,ICCV,2021,https://openaccess.thecvf.com/content/ICCV2021/html/Koohpayegani_Mean_Shift_for_Self-Supervised_Learning_ICCV_2021_paper.html
ICCV-2021-P1511,Speech Drives Templates: Co-Speech Gesture Synthesis With Learned Templates,ICCV-2021-A007537|ICCV-2021-A007538|ICCV-2021-A007539|ICCV-2021-A007540|ICCV-2021-A007541,ICCV,2021,https://openaccess.thecvf.com/content/ICCV2021/html/Qian_Speech_Drives_Templates_Co-Speech_Gesture_Synthesis_With_Learned_Templates_ICCV_2021_paper.html
ICCV-2021-P1512,Improving Robustness Against Common Corruptions With Frequency Biased Models,ICCV-2021-A007542|ICCV-2021-A007543|ICCV-2021-A007544,ICCV,2021,https://openaccess.thecvf.com/content/ICCV2021/html/Saikia_Improving_Robustness_Against_Common_Corruptions_With_Frequency_Biased_Models_ICCV_2021_paper.html
ICCV-2021-P1513,HuMoR: 3D Human Motion Model for Robust Pose Estimation,ICCV-2021-A007545|ICCV-2021-A007546|ICCV-2021-A007547|ICCV-2021-A007548|ICCV-2021-A007549|ICCV-2021-A007550,ICCV,2021,https://openaccess.thecvf.com/content/ICCV2021/html/Rempe_HuMoR_3D_Human_Motion_Model_for_Robust_Pose_Estimation_ICCV_2021_paper.html
ICCV-2021-P1514,Class Semantics-Based Attention for Action Detection,ICCV-2021-A007551|ICCV-2021-A007552|ICCV-2021-A007553|ICCV-2021-A007554|ICCV-2021-A007555|ICCV-2021-A007556,ICCV,2021,https://openaccess.thecvf.com/content/ICCV2021/html/Sridhar_Class_Semantics-Based_Attention_for_Action_Detection_ICCV_2021_paper.html
ICCV-2021-P1515,MultiSports: A Multi-Person Video Dataset of Spatio-Temporally Localized Sports Actions,ICCV-2021-A007557|ICCV-2021-A007558|ICCV-2021-A007559|ICCV-2021-A007560|ICCV-2021-A007561|ICCV-2021-A007562,ICCV,2021,https://openaccess.thecvf.com/content/ICCV2021/html/Li_MultiSports_A_Multi-Person_Video_Dataset_of_Spatio-Temporally_Localized_Sports_Actions_ICCV_2021_paper.html
ICCV-2021-P1516,Triggering Failures: Out-of-Distribution Detection by Learning From Local Adversarial Attacks in Semantic Segmentation,ICCV-2021-A007563|ICCV-2021-A007564|ICCV-2021-A007565|ICCV-2021-A007566,ICCV,2021,https://openaccess.thecvf.com/content/ICCV2021/html/Besnier_Triggering_Failures_Out-of-Distribution_Detection_by_Learning_From_Local_Adversarial_Attacks_ICCV_2021_paper.html
ICCV-2021-P1517,Glimpse-Attend-and-Explore: Self-Attention for Active Visual Exploration,ICCV-2021-A007567|ICCV-2021-A007568|ICCV-2021-A007569,ICCV,2021,https://openaccess.thecvf.com/content/ICCV2021/html/Seifi_Glimpse-Attend-and-Explore_Self-Attention_for_Active_Visual_Exploration_ICCV_2021_paper.html
ICCV-2021-P1518,Field Convolutions for Surface CNNs,ICCV-2021-A007570|ICCV-2021-A007571|ICCV-2021-A007572,ICCV,2021,https://openaccess.thecvf.com/content/ICCV2021/html/Mitchel_Field_Convolutions_for_Surface_CNNs_ICCV_2021_paper.html
ICCV-2021-P1519,SIMstack: A Generative Shape and Instance Model for Unordered Object Stacks,ICCV-2021-A007573|ICCV-2021-A007574|ICCV-2021-A007575|ICCV-2021-A007576|ICCV-2021-A007577|ICCV-2021-A007578,ICCV,2021,https://openaccess.thecvf.com/content/ICCV2021/html/Landgraf_SIMstack_A_Generative_Shape_and_Instance_Model_for_Unordered_Object_ICCV_2021_paper.html
ICCV-2021-P1520,Weakly Supervised Person Search With Region Siamese Networks,ICCV-2021-A007579|ICCV-2021-A007580|ICCV-2021-A007581|ICCV-2021-A007582|ICCV-2021-A007583|ICCV-2021-A007584|ICCV-2021-A007585|ICCV-2021-A007586,ICCV,2021,https://openaccess.thecvf.com/content/ICCV2021/html/Han_Weakly_Supervised_Person_Search_With_Region_Siamese_Networks_ICCV_2021_paper.html
ICCV-2021-P1521,Pose Invariant Topological Memory for Visual Navigation,ICCV-2021-A007587|ICCV-2021-A007588|ICCV-2021-A007589,ICCV,2021,https://openaccess.thecvf.com/content/ICCV2021/html/Taniguchi_Pose_Invariant_Topological_Memory_for_Visual_Navigation_ICCV_2021_paper.html
ICCV-2021-P1522,Shape Self-Correction for Unsupervised Point Cloud Understanding,ICCV-2021-A007590|ICCV-2021-A007591|ICCV-2021-A007592|ICCV-2021-A007593|ICCV-2021-A007594|ICCV-2021-A007595|ICCV-2021-A007596|ICCV-2021-A007597,ICCV,2021,https://openaccess.thecvf.com/content/ICCV2021/html/Chen_Shape_Self-Correction_for_Unsupervised_Point_Cloud_Understanding_ICCV_2021_paper.html
ICCV-2021-P1523,Dissecting Image Crops,ICCV-2021-A007598|ICCV-2021-A007599,ICCV,2021,https://openaccess.thecvf.com/content/ICCV2021/html/Van_Hoorick_Dissecting_Image_Crops_ICCV_2021_paper.html
ICCV-2021-P1524,Standardized Max Logits: A Simple yet Effective Approach for Identifying Unexpected Road Obstacles in Urban-Scene Segmentation,ICCV-2021-A007600|ICCV-2021-A007601|ICCV-2021-A007602|ICCV-2021-A007603|ICCV-2021-A007604,ICCV,2021,https://openaccess.thecvf.com/content/ICCV2021/html/Jung_Standardized_Max_Logits_A_Simple_yet_Effective_Approach_for_Identifying_ICCV_2021_paper.html
ICCV-2021-P1525,SIGNET: Efficient Neural Representation for Light Fields,ICCV-2021-A007605|ICCV-2021-A007606,ICCV,2021,https://openaccess.thecvf.com/content/ICCV2021/html/Feng_SIGNET_Efficient_Neural_Representation_for_Light_Fields_ICCV_2021_paper.html
ICCV-2021-P1526,Understanding and Evaluating Racial Biases in Image Captioning,ICCV-2021-A007607|ICCV-2021-A007608|ICCV-2021-A007609,ICCV,2021,https://openaccess.thecvf.com/content/ICCV2021/html/Zhao_Understanding_and_Evaluating_Racial_Biases_in_Image_Captioning_ICCV_2021_paper.html
ICCV-2021-P1527,Learning an Augmented RGB Representation With Cross-Modal Knowledge Distillation for Action Detection,ICCV-2021-A007610|ICCV-2021-A007611|ICCV-2021-A007612,ICCV,2021,https://openaccess.thecvf.com/content/ICCV2021/html/Dai_Learning_an_Augmented_RGB_Representation_With_Cross-Modal_Knowledge_Distillation_for_ICCV_2021_paper.html
ICCV-2021-P1528,VaPiD: A Rapid Vanishing Point Detector via Learned Optimizers,ICCV-2021-A007613|ICCV-2021-A007614|ICCV-2021-A007615,ICCV,2021,https://openaccess.thecvf.com/content/ICCV2021/html/Liu_VaPiD_A_Rapid_Vanishing_Point_Detector_via_Learned_Optimizers_ICCV_2021_paper.html
ICCV-2021-P1529,Continual Prototype Evolution: Learning Online From Non-Stationary Data Streams,ICCV-2021-A007616|ICCV-2021-A007617,ICCV,2021,https://openaccess.thecvf.com/content/ICCV2021/html/De_Lange_Continual_Prototype_Evolution_Learning_Online_From_Non-Stationary_Data_Streams_ICCV_2021_paper.html
ICCV-2021-P1530,Iterative Label Cleaning for Transductive and Semi-Supervised Few-Shot Learning,ICCV-2021-A007618|ICCV-2021-A007619|ICCV-2021-A007620,ICCV,2021,https://openaccess.thecvf.com/content/ICCV2021/html/Lazarou_Iterative_Label_Cleaning_for_Transductive_and_Semi-Supervised_Few-Shot_Learning_ICCV_2021_paper.html
ICCV-2021-P1531,Few-Shot and Continual Learning With Attentive Independent Mechanisms,ICCV-2021-A007621|ICCV-2021-A007622|ICCV-2021-A007623,ICCV,2021,https://openaccess.thecvf.com/content/ICCV2021/html/Lee_Few-Shot_and_Continual_Learning_With_Attentive_Independent_Mechanisms_ICCV_2021_paper.html
ICCV-2021-P1532,Trash To Treasure: Harvesting OOD Data With Cross-Modal Matching for Open-Set Semi-Supervised Learning,ICCV-2021-A007624|ICCV-2021-A007625|ICCV-2021-A007626|ICCV-2021-A007627|ICCV-2021-A007628|ICCV-2021-A007629|ICCV-2021-A007630|ICCV-2021-A007631,ICCV,2021,https://openaccess.thecvf.com/content/ICCV2021/html/Huang_Trash_To_Treasure_Harvesting_OOD_Data_With_Cross-Modal_Matching_for_ICCV_2021_paper.html
ICCV-2021-P1533,Regularizing Nighttime Weirdness: Efficient Self-Supervised Monocular Depth Estimation in the Dark,ICCV-2021-A007632|ICCV-2021-A007633|ICCV-2021-A007634|ICCV-2021-A007635|ICCV-2021-A007636|ICCV-2021-A007637|ICCV-2021-A007638,ICCV,2021,https://openaccess.thecvf.com/content/ICCV2021/html/Wang_Regularizing_Nighttime_Weirdness_Efficient_Self-Supervised_Monocular_Depth_Estimation_in_the_ICCV_2021_paper.html
ICCV-2021-P1534,Occluded Person Re-Identification With Single-Scale Global Representations,ICCV-2021-A007639|ICCV-2021-A007640|ICCV-2021-A007641|ICCV-2021-A007642|ICCV-2021-A007643|ICCV-2021-A007644,ICCV,2021,https://openaccess.thecvf.com/content/ICCV2021/html/Yan_Occluded_Person_Re-Identification_With_Single-Scale_Global_Representations_ICCV_2021_paper.html
ICCV-2021-P1535,Towards Novel Target Discovery Through Open-Set Domain Adaptation,ICCV-2021-A007645|ICCV-2021-A007646|ICCV-2021-A007647,ICCV,2021,https://openaccess.thecvf.com/content/ICCV2021/html/Jing_Towards_Novel_Target_Discovery_Through_Open-Set_Domain_Adaptation_ICCV_2021_paper.html
ICCV-2021-P1536,BioFors: A Large Biomedical Image Forensics Dataset,ICCV-2021-A007648|ICCV-2021-A007649|ICCV-2021-A007650|ICCV-2021-A007651,ICCV,2021,https://openaccess.thecvf.com/content/ICCV2021/html/Sabir_BioFors_A_Large_Biomedical_Image_Forensics_Dataset_ICCV_2021_paper.html
ICCV-2021-P1537,Structure-Transformed Texture-Enhanced Network for Person Image Synthesis,ICCV-2021-A007652|ICCV-2021-A007653|ICCV-2021-A007654|ICCV-2021-A007655|ICCV-2021-A007656,ICCV,2021,https://openaccess.thecvf.com/content/ICCV2021/html/Xu_Structure-Transformed_Texture-Enhanced_Network_for_Person_Image_Synthesis_ICCV_2021_paper.html
ICCV-2021-P1538,RAIN: Reinforced Hybrid Attention Inference Network for Motion Forecasting,ICCV-2021-A007657|ICCV-2021-A007658|ICCV-2021-A007659|ICCV-2021-A007660|ICCV-2021-A007661|ICCV-2021-A007662,ICCV,2021,https://openaccess.thecvf.com/content/ICCV2021/html/Li_RAIN_Reinforced_Hybrid_Attention_Inference_Network_for_Motion_Forecasting_ICCV_2021_paper.html
ICCV-2021-P1539,AutoShape: Real-Time Shape-Aware Monocular 3D Object Detection,ICCV-2021-A007663|ICCV-2021-A007664|ICCV-2021-A007665|ICCV-2021-A007666|ICCV-2021-A007667,ICCV,2021,https://openaccess.thecvf.com/content/ICCV2021/html/Liu_AutoShape_Real-Time_Shape-Aware_Monocular_3D_Object_Detection_ICCV_2021_paper.html
ICCV-2021-P1540,Coarsely-Labeled Data for Better Few-Shot Transfer,ICCV-2021-A007668|ICCV-2021-A007669,ICCV,2021,https://openaccess.thecvf.com/content/ICCV2021/html/Phoo_Coarsely-Labeled_Data_for_Better_Few-Shot_Transfer_ICCV_2021_paper.html
ICCV-2021-P1541,Tune It the Right Way: Unsupervised Validation of Domain Adaptation via Soft Neighborhood Density,ICCV-2021-A007670|ICCV-2021-A007671|ICCV-2021-A007672|ICCV-2021-A007673|ICCV-2021-A007674|ICCV-2021-A007675,ICCV,2021,https://openaccess.thecvf.com/content/ICCV2021/html/Saito_Tune_It_the_Right_Way_Unsupervised_Validation_of_Domain_Adaptation_ICCV_2021_paper.html
ICCV-2021-P1542,Emerging Properties in Self-Supervised Vision Transformers,ICCV-2021-A007676|ICCV-2021-A007677|ICCV-2021-A007678|ICCV-2021-A007679|ICCV-2021-A007680|ICCV-2021-A007681|ICCV-2021-A007682,ICCV,2021,https://openaccess.thecvf.com/content/ICCV2021/html/Caron_Emerging_Properties_in_Self-Supervised_Vision_Transformers_ICCV_2021_paper.html
ICCV-2021-P1543,Improving Robustness of Facial Landmark Detection by Defending Against Adversarial Attacks,ICCV-2021-A007683|ICCV-2021-A007684|ICCV-2021-A007685|ICCV-2021-A007686,ICCV,2021,https://openaccess.thecvf.com/content/ICCV2021/html/Zhu_Improving_Robustness_of_Facial_Landmark_Detection_by_Defending_Against_Adversarial_ICCV_2021_paper.html
ICCV-2021-P1544,DeepPanoContext: Panoramic 3D Scene Understanding With Holistic Scene Context Graph and Relation-Based Optimization,ICCV-2021-A007687|ICCV-2021-A007688|ICCV-2021-A007689|ICCV-2021-A007690|ICCV-2021-A007691|ICCV-2021-A007692|ICCV-2021-A007693,ICCV,2021,https://openaccess.thecvf.com/content/ICCV2021/html/Zhang_DeepPanoContext_Panoramic_3D_Scene_Understanding_With_Holistic_Scene_Context_Graph_ICCV_2021_paper.html
ICCV-2021-P1545,Multi-View Radar Semantic Segmentation,ICCV-2021-A007694|ICCV-2021-A007695|ICCV-2021-A007696|ICCV-2021-A007697|ICCV-2021-A007698,ICCV,2021,https://openaccess.thecvf.com/content/ICCV2021/html/Ouaknine_Multi-View_Radar_Semantic_Segmentation_ICCV_2021_paper.html
ICCV-2021-P1546,Exploring Robustness of Unsupervised Domain Adaptation in Semantic Segmentation,ICCV-2021-A007699|ICCV-2021-A007700|ICCV-2021-A007701|ICCV-2021-A007702|ICCV-2021-A007703|ICCV-2021-A007704|ICCV-2021-A007705|ICCV-2021-A007706,ICCV,2021,https://openaccess.thecvf.com/content/ICCV2021/html/Yang_Exploring_Robustness_of_Unsupervised_Domain_Adaptation_in_Semantic_Segmentation_ICCV_2021_paper.html
ICCV-2021-P1547,Synthesized Feature Based Few-Shot Class-Incremental Learning on a Mixture of Subspaces,ICCV-2021-A007707|ICCV-2021-A007708|ICCV-2021-A007709|ICCV-2021-A007710|ICCV-2021-A007711|ICCV-2021-A007712|ICCV-2021-A007713,ICCV,2021,https://openaccess.thecvf.com/content/ICCV2021/html/Cheraghian_Synthesized_Feature_Based_Few-Shot_Class-Incremental_Learning_on_a_Mixture_of_ICCV_2021_paper.html
ICCV-2021-P1548,Efficient and Differentiable Shadow Computation for Inverse Problems,ICCV-2021-A007714|ICCV-2021-A007715|ICCV-2021-A007716|ICCV-2021-A007717|ICCV-2021-A007718|ICCV-2021-A007719,ICCV,2021,https://openaccess.thecvf.com/content/ICCV2021/html/Lyu_Efficient_and_Differentiable_Shadow_Computation_for_Inverse_Problems_ICCV_2021_paper.html
ICCV-2021-P1549,Artificial Fingerprinting for Generative Models: Rooting Deepfake Attribution in Training Data,ICCV-2021-A007720|ICCV-2021-A007721|ICCV-2021-A007722|ICCV-2021-A007723,ICCV,2021,https://openaccess.thecvf.com/content/ICCV2021/html/Yu_Artificial_Fingerprinting_for_Generative_Models_Rooting_Deepfake_Attribution_in_Training_ICCV_2021_paper.html
ICCV-2021-P1550,TokenPose: Learning Keypoint Tokens for Human Pose Estimation,ICCV-2021-A007724|ICCV-2021-A007725|ICCV-2021-A007726|ICCV-2021-A007727|ICCV-2021-A007728|ICCV-2021-A007729|ICCV-2021-A007730,ICCV,2021,https://openaccess.thecvf.com/content/ICCV2021/html/Li_TokenPose_Learning_Keypoint_Tokens_for_Human_Pose_Estimation_ICCV_2021_paper.html
ICCV-2021-P1551,Task Switching Network for Multi-Task Learning,ICCV-2021-A007731|ICCV-2021-A007732|ICCV-2021-A007733|ICCV-2021-A007734|ICCV-2021-A007735|ICCV-2021-A007736|ICCV-2021-A007737|ICCV-2021-A007738,ICCV,2021,https://openaccess.thecvf.com/content/ICCV2021/html/Sun_Task_Switching_Network_for_Multi-Task_Learning_ICCV_2021_paper.html
ICCV-2021-P1552,Interaction Compass: Multi-Label Zero-Shot Learning of Human-Object Interactions via Spatial Relations,ICCV-2021-A007739|ICCV-2021-A007740,ICCV,2021,https://openaccess.thecvf.com/content/ICCV2021/html/Huynh_Interaction_Compass_Multi-Label_Zero-Shot_Learning_of_Human-Object_Interactions_via_Spatial_ICCV_2021_paper.html
ICCV-2021-P1553,Unsupervised Point Cloud Pre-Training via Occlusion Completion,ICCV-2021-A007741|ICCV-2021-A007742|ICCV-2021-A007743|ICCV-2021-A007744|ICCV-2021-A007745,ICCV,2021,https://openaccess.thecvf.com/content/ICCV2021/html/Wang_Unsupervised_Point_Cloud_Pre-Training_via_Occlusion_Completion_ICCV_2021_paper.html
ICCV-2021-P1554,Towards Vivid and Diverse Image Colorization With Generative Color Prior,ICCV-2021-A007746|ICCV-2021-A007747|ICCV-2021-A007748|ICCV-2021-A007749|ICCV-2021-A007750|ICCV-2021-A007751,ICCV,2021,https://openaccess.thecvf.com/content/ICCV2021/html/Wu_Towards_Vivid_and_Diverse_Image_Colorization_With_Generative_Color_Prior_ICCV_2021_paper.html
ICCV-2021-P1555,The Pursuit of Knowledge: Discovering and Localizing Novel Categories Using Dual Memory,ICCV-2021-A007752|ICCV-2021-A007753|ICCV-2021-A007754,ICCV,2021,https://openaccess.thecvf.com/content/ICCV2021/html/Rambhatla_The_Pursuit_of_Knowledge_Discovering_and_Localizing_Novel_Categories_Using_ICCV_2021_paper.html
ICCV-2021-P1556,Unconditional Scene Graph Generation,ICCV-2021-A007755|ICCV-2021-A007756|ICCV-2021-A007757|ICCV-2021-A007758|ICCV-2021-A007759|ICCV-2021-A007760,ICCV,2021,https://openaccess.thecvf.com/content/ICCV2021/html/Garg_Unconditional_Scene_Graph_Generation_ICCV_2021_paper.html
ICCV-2021-P1557,Gait Recognition in the Wild: A Benchmark,ICCV-2021-A007761|ICCV-2021-A007762|ICCV-2021-A007763|ICCV-2021-A007764|ICCV-2021-A007765|ICCV-2021-A007766|ICCV-2021-A007767|ICCV-2021-A007768|ICCV-2021-A007769,ICCV,2021,https://openaccess.thecvf.com/content/ICCV2021/html/Zhu_Gait_Recognition_in_the_Wild_A_Benchmark_ICCV_2021_paper.html
ICCV-2021-P1558,Structured Bird's-Eye-View Traffic Scene Understanding From Onboard Images,ICCV-2021-A007770|ICCV-2021-A007771|ICCV-2021-A007772|ICCV-2021-A007773,ICCV,2021,https://openaccess.thecvf.com/content/ICCV2021/html/Can_Structured_Birds-Eye-View_Traffic_Scene_Understanding_From_Onboard_Images_ICCV_2021_paper.html
ICCV-2021-P1559,MOTSynth: How Can Synthetic Data Help Pedestrian Detection and Tracking?,ICCV-2021-A007774|ICCV-2021-A007775|ICCV-2021-A007776|ICCV-2021-A007777|ICCV-2021-A007778|ICCV-2021-A007779|ICCV-2021-A007780|ICCV-2021-A007781|ICCV-2021-A007782,ICCV,2021,https://openaccess.thecvf.com/content/ICCV2021/html/Fabbri_MOTSynth_How_Can_Synthetic_Data_Help_Pedestrian_Detection_and_Tracking_ICCV_2021_paper.html
ICCV-2021-P1560,MonteFloor: Extending MCTS for Reconstructing Accurate Large-Scale Floor Plans,ICCV-2021-A007783|ICCV-2021-A007784|ICCV-2021-A007785|ICCV-2021-A007786,ICCV,2021,https://openaccess.thecvf.com/content/ICCV2021/html/Stekovic_MonteFloor_Extending_MCTS_for_Reconstructing_Accurate_Large-Scale_Floor_Plans_ICCV_2021_paper.html
ICCV-2021-P1561,Relaxed Transformer Decoders for Direct Action Proposal Generation,ICCV-2021-A007787|ICCV-2021-A007788|ICCV-2021-A007789|ICCV-2021-A007790,ICCV,2021,https://openaccess.thecvf.com/content/ICCV2021/html/Tan_Relaxed_Transformer_Decoders_for_Direct_Action_Proposal_Generation_ICCV_2021_paper.html
ICCV-2021-P1562,D2-Net: Weakly-Supervised Action Localization via Discriminative Embeddings and Denoised Activations,ICCV-2021-A007791|ICCV-2021-A007792|ICCV-2021-A007793|ICCV-2021-A007794|ICCV-2021-A007795|ICCV-2021-A007796,ICCV,2021,https://openaccess.thecvf.com/content/ICCV2021/html/Narayan_D2-Net_Weakly-Supervised_Action_Localization_via_Discriminative_Embeddings_and_Denoised_Activations_ICCV_2021_paper.html
ICCV-2021-P1563,Localized Simple Multiple Kernel K-Means,ICCV-2021-A007797|ICCV-2021-A007798|ICCV-2021-A007799|ICCV-2021-A007800|ICCV-2021-A007801|ICCV-2021-A007802|ICCV-2021-A007803,ICCV,2021,https://openaccess.thecvf.com/content/ICCV2021/html/Liu_Localized_Simple_Multiple_Kernel_K-Means_ICCV_2021_paper.html
ICCV-2021-P1564,PT-CapsNet: A Novel Prediction-Tuning Capsule Network Suitable for Deeper Architectures,ICCV-2021-A007804|ICCV-2021-A007805,ICCV,2021,https://openaccess.thecvf.com/content/ICCV2021/html/Pan_PT-CapsNet_A_Novel_Prediction-Tuning_Capsule_Network_Suitable_for_Deeper_Architectures_ICCV_2021_paper.html
ICCV-2021-P1565,In-Place Scene Labelling and Understanding With Implicit Scene Representation,ICCV-2021-A007806|ICCV-2021-A007807|ICCV-2021-A007808|ICCV-2021-A007809,ICCV,2021,https://openaccess.thecvf.com/content/ICCV2021/html/Zhi_In-Place_Scene_Labelling_and_Understanding_With_Implicit_Scene_Representation_ICCV_2021_paper.html
ICCV-2021-P1566,Mixture-Based Feature Space Learning for Few-Shot Image Classification,ICCV-2021-A007810|ICCV-2021-A007811|ICCV-2021-A007812,ICCV,2021,https://openaccess.thecvf.com/content/ICCV2021/html/Afrasiyabi_Mixture-Based_Feature_Space_Learning_for_Few-Shot_Image_Classification_ICCV_2021_paper.html
ICCV-2021-P1567,Learning a Sketch Tensor Space for Image Inpainting of Man-Made Scenes,ICCV-2021-A007813|ICCV-2021-A007814,ICCV,2021,https://openaccess.thecvf.com/content/ICCV2021/html/Cao_Learning_a_Sketch_Tensor_Space_for_Image_Inpainting_of_Man-Made_ICCV_2021_paper.html
ICCV-2021-P1568,Learning Instance-Level Spatial-Temporal Patterns for Person Re-Identification,ICCV-2021-A007815|ICCV-2021-A007816|ICCV-2021-A007817|ICCV-2021-A007818|ICCV-2021-A007819|ICCV-2021-A007820,ICCV,2021,https://openaccess.thecvf.com/content/ICCV2021/html/Ren_Learning_Instance-Level_Spatial-Temporal_Patterns_for_Person_Re-Identification_ICCV_2021_paper.html
ICCV-2021-P1569,EgoRenderer: Rendering Human Avatars From Egocentric Camera Images,ICCV-2021-A007821|ICCV-2021-A007822|ICCV-2021-A007823|ICCV-2021-A007824|ICCV-2021-A007825,ICCV,2021,https://openaccess.thecvf.com/content/ICCV2021/html/Hu_EgoRenderer_Rendering_Human_Avatars_From_Egocentric_Camera_Images_ICCV_2021_paper.html
ICCV-2021-P1570,Visual Graph Memory With Unsupervised Representation for Visual Navigation,ICCV-2021-A007826|ICCV-2021-A007827|ICCV-2021-A007828|ICCV-2021-A007829|ICCV-2021-A007830|ICCV-2021-A007831,ICCV,2021,https://openaccess.thecvf.com/content/ICCV2021/html/Kwon_Visual_Graph_Memory_With_Unsupervised_Representation_for_Visual_Navigation_ICCV_2021_paper.html
ICCV-2021-P1571,MGNet: Monocular Geometric Scene Understanding for Autonomous Driving,ICCV-2021-A007832|ICCV-2021-A007833|ICCV-2021-A007834,ICCV,2021,https://openaccess.thecvf.com/content/ICCV2021/html/Schon_MGNet_Monocular_Geometric_Scene_Understanding_for_Autonomous_Driving_ICCV_2021_paper.html
ICCV-2021-P1572,Unsupervised Semantic Segmentation by Contrasting Object Mask Proposals,ICCV-2021-A007835|ICCV-2021-A007836|ICCV-2021-A007837|ICCV-2021-A007838,ICCV,2021,https://openaccess.thecvf.com/content/ICCV2021/html/Van_Gansbeke_Unsupervised_Semantic_Segmentation_by_Contrasting_Object_Mask_Proposals_ICCV_2021_paper.html
ICCV-2021-P1573,Graph Contrastive Clustering,ICCV-2021-A007839|ICCV-2021-A007840|ICCV-2021-A007841|ICCV-2021-A007842|ICCV-2021-A007843|ICCV-2021-A007844|ICCV-2021-A007845|ICCV-2021-A007846,ICCV,2021,https://openaccess.thecvf.com/content/ICCV2021/html/Zhong_Graph_Contrastive_Clustering_ICCV_2021_paper.html
ICCV-2021-P1574,Temporal-Wise Attention Spiking Neural Networks for Event Streams Classification,ICCV-2021-A007847|ICCV-2021-A007848|ICCV-2021-A007849|ICCV-2021-A007850|ICCV-2021-A007851|ICCV-2021-A007852|ICCV-2021-A007853,ICCV,2021,https://openaccess.thecvf.com/content/ICCV2021/html/Yao_Temporal-Wise_Attention_Spiking_Neural_Networks_for_Event_Streams_Classification_ICCV_2021_paper.html
ICCV-2021-P1575,Encoder-Decoder With Multi-Level Attention for 3D Human Shape and Pose Estimation,ICCV-2021-A007854|ICCV-2021-A007855|ICCV-2021-A007856|ICCV-2021-A007857|ICCV-2021-A007858|ICCV-2021-A007859,ICCV,2021,https://openaccess.thecvf.com/content/ICCV2021/html/Wan_Encoder-Decoder_With_Multi-Level_Attention_for_3D_Human_Shape_and_Pose_ICCV_2021_paper.html
ICCV-2021-P1576,Transductive Few-Shot Classification on the Oblique Manifold,ICCV-2021-A007860|ICCV-2021-A007861|ICCV-2021-A007862|ICCV-2021-A007863,ICCV,2021,https://openaccess.thecvf.com/content/ICCV2021/html/Qi_Transductive_Few-Shot_Classification_on_the_Oblique_Manifold_ICCV_2021_paper.html
ICCV-2021-P1577,The Animation Transformer: Visual Correspondence via Segment Matching,ICCV-2021-A007864|ICCV-2021-A007865|ICCV-2021-A007866,ICCV,2021,https://openaccess.thecvf.com/content/ICCV2021/html/Casey_The_Animation_Transformer_Visual_Correspondence_via_Segment_Matching_ICCV_2021_paper.html
ICCV-2021-P1578,Weak Adaptation Learning: Addressing Cross-Domain Data Insufficiency With Weak Annotator,ICCV-2021-A007867|ICCV-2021-A007868|ICCV-2021-A007869|ICCV-2021-A007870,ICCV,2021,https://openaccess.thecvf.com/content/ICCV2021/html/Xu_Weak_Adaptation_Learning_Addressing_Cross-Domain_Data_Insufficiency_With_Weak_Annotator_ICCV_2021_paper.html
ICCV-2021-P1579,Building-GAN: Graph-Conditioned Architectural Volumetric Design Generation,ICCV-2021-A007871|ICCV-2021-A007872|ICCV-2021-A007873|ICCV-2021-A007874|ICCV-2021-A007875|ICCV-2021-A007876,ICCV,2021,https://openaccess.thecvf.com/content/ICCV2021/html/Chang_Building-GAN_Graph-Conditioned_Architectural_Volumetric_Design_Generation_ICCV_2021_paper.html
ICCV-2021-P1580,Scribble-Supervised Semantic Segmentation Inference,ICCV-2021-A007877|ICCV-2021-A007878|ICCV-2021-A007879|ICCV-2021-A007880|ICCV-2021-A007881|ICCV-2021-A007882|ICCV-2021-A007883|ICCV-2021-A007884,ICCV,2021,https://openaccess.thecvf.com/content/ICCV2021/html/Xu_Scribble-Supervised_Semantic_Segmentation_Inference_ICCV_2021_paper.html
ICCV-2021-P1581,Improve Unsupervised Pretraining for Few-Label Transfer,ICCV-2021-A007885|ICCV-2021-A007886|ICCV-2021-A007887|ICCV-2021-A007888|ICCV-2021-A007889|ICCV-2021-A007890|ICCV-2021-A007891|ICCV-2021-A007892,ICCV,2021,https://openaccess.thecvf.com/content/ICCV2021/html/Li_Improve_Unsupervised_Pretraining_for_Few-Label_Transfer_ICCV_2021_paper.html
ICCV-2021-P1582,Image Inpainting via Conditional Texture and Structure Dual Generation,ICCV-2021-A007893|ICCV-2021-A007894|ICCV-2021-A007895,ICCV,2021,https://openaccess.thecvf.com/content/ICCV2021/html/Guo_Image_Inpainting_via_Conditional_Texture_and_Structure_Dual_Generation_ICCV_2021_paper.html
ICCV-2021-P1583,Robustness and Generalization via Generative Adversarial Training,ICCV-2021-A007896|ICCV-2021-A007897|ICCV-2021-A007898|ICCV-2021-A007899|ICCV-2021-A007900,ICCV,2021,https://openaccess.thecvf.com/content/ICCV2021/html/Poursaeed_Robustness_and_Generalization_via_Generative_Adversarial_Training_ICCV_2021_paper.html
ICCV-2021-P1584,Exploring Inter-Channel Correlation for Diversity-Preserved Knowledge Distillation,ICCV-2021-A007901|ICCV-2021-A007902|ICCV-2021-A007903|ICCV-2021-A007904|ICCV-2021-A007905|ICCV-2021-A007906|ICCV-2021-A007907,ICCV,2021,https://openaccess.thecvf.com/content/ICCV2021/html/Liu_Exploring_Inter-Channel_Correlation_for_Diversity-Preserved_Knowledge_Distillation_ICCV_2021_paper.html
ICCV-2021-P1585,Class-Incremental Learning for Action Recognition in Videos,ICCV-2021-A007908|ICCV-2021-A007909|ICCV-2021-A007910,ICCV,2021,https://openaccess.thecvf.com/content/ICCV2021/html/Park_Class-Incremental_Learning_for_Action_Recognition_in_Videos_ICCV_2021_paper.html
ICCV-2021-P1586,Space-Time Crop & Attend: Improving Cross-Modal Video Representation Learning,ICCV-2021-A007911|ICCV-2021-A007912|ICCV-2021-A007913|ICCV-2021-A007914|ICCV-2021-A007915|ICCV-2021-A007916|ICCV-2021-A007917,ICCV,2021,https://openaccess.thecvf.com/content/ICCV2021/html/Patrick_Space-Time_Crop__Attend_Improving_Cross-Modal_Video_Representation_Learning_ICCV_2021_paper.html
ICCV-2021-P1587,RDA: Robust Domain Adaptation via Fourier Adversarial Attacking,ICCV-2021-A007918|ICCV-2021-A007919|ICCV-2021-A007920|ICCV-2021-A007921,ICCV,2021,https://openaccess.thecvf.com/content/ICCV2021/html/Huang_RDA_Robust_Domain_Adaptation_via_Fourier_Adversarial_Attacking_ICCV_2021_paper.html
ICCV-2021-P1588,Worldsheet: Wrapping the World in a 3D Sheet for View Synthesis From a Single Image,ICCV-2021-A007922|ICCV-2021-A007923|ICCV-2021-A007924|ICCV-2021-A007925,ICCV,2021,https://openaccess.thecvf.com/content/ICCV2021/html/Hu_Worldsheet_Wrapping_the_World_in_a_3D_Sheet_for_View_ICCV_2021_paper.html
ICCV-2021-P1589,Patch2CAD: Patchwise Embedding Learning for In-the-Wild Shape Retrieval From a Single Image,ICCV-2021-A007926|ICCV-2021-A007927|ICCV-2021-A007928|ICCV-2021-A007929,ICCV,2021,https://openaccess.thecvf.com/content/ICCV2021/html/Kuo_Patch2CAD_Patchwise_Embedding_Learning_for_In-the-Wild_Shape_Retrieval_From_a_ICCV_2021_paper.html
ICCV-2021-P1590,Motion Adaptive Pose Estimation From Compressed Videos,ICCV-2021-A007930|ICCV-2021-A007931|ICCV-2021-A007932,ICCV,2021,https://openaccess.thecvf.com/content/ICCV2021/html/Fan_Motion_Adaptive_Pose_Estimation_From_Compressed_Videos_ICCV_2021_paper.html
ICCV-2021-P1591,Learning Motion Priors for 4D Human Body Capture in 3D Scenes,ICCV-2021-A007933|ICCV-2021-A007934|ICCV-2021-A007935|ICCV-2021-A007936|ICCV-2021-A007937,ICCV,2021,https://openaccess.thecvf.com/content/ICCV2021/html/Zhang_Learning_Motion_Priors_for_4D_Human_Body_Capture_in_3D_ICCV_2021_paper.html
ICCV-2021-P1592,Face Image Retrieval With Attribute Manipulation,ICCV-2021-A007938|ICCV-2021-A007939|ICCV-2021-A007940|ICCV-2021-A007941|ICCV-2021-A007942|ICCV-2021-A007943|ICCV-2021-A007944,ICCV,2021,https://openaccess.thecvf.com/content/ICCV2021/html/Zaeemzadeh_Face_Image_Retrieval_With_Attribute_Manipulation_ICCV_2021_paper.html
ICCV-2021-P1593,Weakly Supervised Contrastive Learning,ICCV-2021-A007945|ICCV-2021-A007946|ICCV-2021-A007947|ICCV-2021-A007948|ICCV-2021-A007949|ICCV-2021-A007950|ICCV-2021-A007951,ICCV,2021,https://openaccess.thecvf.com/content/ICCV2021/html/Zheng_Weakly_Supervised_Contrastive_Learning_ICCV_2021_paper.html
ICCV-2021-P1594,SLIM: Self-Supervised LiDAR Scene Flow and Motion Segmentation,ICCV-2021-A007952|ICCV-2021-A007953|ICCV-2021-A007954|ICCV-2021-A007955|ICCV-2021-A007956|ICCV-2021-A007957,ICCV,2021,https://openaccess.thecvf.com/content/ICCV2021/html/Baur_SLIM_Self-Supervised_LiDAR_Scene_Flow_and_Motion_Segmentation_ICCV_2021_paper.html
ICCV-2021-P1595,Likelihood-Based Diverse Sampling for Trajectory Forecasting,ICCV-2021-A007958|ICCV-2021-A007959|ICCV-2021-A007960|ICCV-2021-A007961,ICCV,2021,https://openaccess.thecvf.com/content/ICCV2021/html/Jason_Likelihood-Based_Diverse_Sampling_for_Trajectory_Forecasting_ICCV_2021_paper.html
ICCV-2021-P1596,RANK-NOSH: Efficient Predictor-Based Architecture Search via Non-Uniform Successive Halving,ICCV-2021-A007962|ICCV-2021-A007963|ICCV-2021-A007964|ICCV-2021-A007965|ICCV-2021-A007966,ICCV,2021,https://openaccess.thecvf.com/content/ICCV2021/html/Wang_RANK-NOSH_Efficient_Predictor-Based_Architecture_Search_via_Non-Uniform_Successive_Halving_ICCV_2021_paper.html
ICCV-2021-P1597,Dual Path Learning for Domain Adaptation of Semantic Segmentation,ICCV-2021-A007967|ICCV-2021-A007968|ICCV-2021-A007969|ICCV-2021-A007970|ICCV-2021-A007971|ICCV-2021-A007972,ICCV,2021,https://openaccess.thecvf.com/content/ICCV2021/html/Cheng_Dual_Path_Learning_for_Domain_Adaptation_of_Semantic_Segmentation_ICCV_2021_paper.html
ICCV-2021-P1598,A Simple Feature Augmentation for Domain Generalization,ICCV-2021-A007973|ICCV-2021-A007974|ICCV-2021-A007975|ICCV-2021-A007976|ICCV-2021-A007977|ICCV-2021-A007978,ICCV,2021,https://openaccess.thecvf.com/content/ICCV2021/html/Li_A_Simple_Feature_Augmentation_for_Domain_Generalization_ICCV_2021_paper.html
ICCV-2021-P1599,Geometry-Based Distance Decomposition for Monocular 3D Object Detection,ICCV-2021-A007979|ICCV-2021-A007980|ICCV-2021-A007981|ICCV-2021-A007982|ICCV-2021-A007983|ICCV-2021-A007984,ICCV,2021,https://openaccess.thecvf.com/content/ICCV2021/html/Shi_Geometry-Based_Distance_Decomposition_for_Monocular_3D_Object_Detection_ICCV_2021_paper.html
ICCV-2021-P1600,Human Trajectory Prediction via Counterfactual Analysis,ICCV-2021-A007985|ICCV-2021-A007986|ICCV-2021-A007987|ICCV-2021-A007988,ICCV,2021,https://openaccess.thecvf.com/content/ICCV2021/html/Chen_Human_Trajectory_Prediction_via_Counterfactual_Analysis_ICCV_2021_paper.html
ICCV-2021-P1601,Anticipative Video Transformer,ICCV-2021-A007989|ICCV-2021-A007990,ICCV,2021,https://openaccess.thecvf.com/content/ICCV2021/html/Girdhar_Anticipative_Video_Transformer_ICCV_2021_paper.html
ICCV-2021-P1602,Semantically Robust Unpaired Image Translation for Data With Unmatched Semantics Statistics,ICCV-2021-A007991|ICCV-2021-A007992|ICCV-2021-A007993|ICCV-2021-A007994|ICCV-2021-A007995|ICCV-2021-A007996|ICCV-2021-A007997,ICCV,2021,https://openaccess.thecvf.com/content/ICCV2021/html/Jia_Semantically_Robust_Unpaired_Image_Translation_for_Data_With_Unmatched_Semantics_ICCV_2021_paper.html
ICCV-2021-P1603,Waypoint Models for Instruction-Guided Navigation in Continuous Environments,ICCV-2021-A007998|ICCV-2021-A007999|ICCV-2021-A008000|ICCV-2021-A008001|ICCV-2021-A008002,ICCV,2021,https://openaccess.thecvf.com/content/ICCV2021/html/Krantz_Waypoint_Models_for_Instruction-Guided_Navigation_in_Continuous_Environments_ICCV_2021_paper.html
ICCV-2021-P1604,Rethinking Preventing Class-Collapsing in Metric Learning With Margin-Based Losses,ICCV-2021-A008003|ICCV-2021-A008004|ICCV-2021-A008005|ICCV-2021-A008006,ICCV,2021,https://openaccess.thecvf.com/content/ICCV2021/html/Levi_Rethinking_Preventing_Class-Collapsing_in_Metric_Learning_With_Margin-Based_Losses_ICCV_2021_paper.html
ICCV-2021-P1605,BabelCalib: A Universal Approach to Calibrating Central Cameras,ICCV-2021-A008007|ICCV-2021-A008008|ICCV-2021-A008009|ICCV-2021-A008010|ICCV-2021-A008011|ICCV-2021-A008012,ICCV,2021,https://openaccess.thecvf.com/content/ICCV2021/html/Lochman_BabelCalib_A_Universal_Approach_to_Calibrating_Central_Cameras_ICCV_2021_paper.html
ICCV-2021-P1606,Curious Representation Learning for Embodied Intelligence,ICCV-2021-A008013|ICCV-2021-A008014|ICCV-2021-A008015,ICCV,2021,https://openaccess.thecvf.com/content/ICCV2021/html/Du_Curious_Representation_Learning_for_Embodied_Intelligence_ICCV_2021_paper.html
ICCV-2021-P1607,Multi-Modal Multi-Action Video Recognition,ICCV-2021-A008016|ICCV-2021-A008017|ICCV-2021-A008018|ICCV-2021-A008019|ICCV-2021-A008020|ICCV-2021-A008021|ICCV-2021-A008022,ICCV,2021,https://openaccess.thecvf.com/content/ICCV2021/html/Shi_Multi-Modal_Multi-Action_Video_Recognition_ICCV_2021_paper.html
ICCV-2021-P1608,Semi-Supervised Semantic Segmentation With Pixel-Level Contrastive Learning From a Class-Wise Memory Bank,ICCV-2021-A008023|ICCV-2021-A008024|ICCV-2021-A008025|ICCV-2021-A008026|ICCV-2021-A008027,ICCV,2021,https://openaccess.thecvf.com/content/ICCV2021/html/Alonso_Semi-Supervised_Semantic_Segmentation_With_Pixel-Level_Contrastive_Learning_From_a_Class-Wise_ICCV_2021_paper.html
ICCV-2021-P1609,End-to-End Urban Driving by Imitating a Reinforcement Learning Coach,ICCV-2021-A008028|ICCV-2021-A008029|ICCV-2021-A008030|ICCV-2021-A008031|ICCV-2021-A008032,ICCV,2021,https://openaccess.thecvf.com/content/ICCV2021/html/Zhang_End-to-End_Urban_Driving_by_Imitating_a_Reinforcement_Learning_Coach_ICCV_2021_paper.html
ICCV-2021-P1610,Active Learning for Lane Detection: A Knowledge Distillation Approach,ICCV-2021-A008033|ICCV-2021-A008034|ICCV-2021-A008035|ICCV-2021-A008036,ICCV,2021,https://openaccess.thecvf.com/content/ICCV2021/html/Peng_Active_Learning_for_Lane_Detection_A_Knowledge_Distillation_Approach_ICCV_2021_paper.html
ICCV-2021-P1611,Learn To Match: Automatic Matching Network Design for Visual Tracking,ICCV-2021-A008037|ICCV-2021-A008038|ICCV-2021-A008039|ICCV-2021-A008040|ICCV-2021-A008041,ICCV,2021,https://openaccess.thecvf.com/content/ICCV2021/html/Zhang_Learn_To_Match_Automatic_Matching_Network_Design_for_Visual_Tracking_ICCV_2021_paper.html
ICCV-2021-P1612,Internal Video Inpainting by Implicit Long-Range Propagation,ICCV-2021-A008042|ICCV-2021-A008043|ICCV-2021-A008044,ICCV,2021,https://openaccess.thecvf.com/content/ICCV2021/html/Ouyang_Internal_Video_Inpainting_by_Implicit_Long-Range_Propagation_ICCV_2021_paper.html
