author_id,author_name,institution,country,conference,year
CVPR-2020-A000001,Li Wang,"Xilinx Inc., Beijing, China.",China,CVPR,2020
CVPR-2020-A000002,Dong Li,"Xilinx Inc., Beijing, China.",China,CVPR,2020
CVPR-2020-A000003,Yousong Zhu,"Institute of Automation, Chinese Academy of Sciences, Beijing, China.",China,CVPR,2020
CVPR-2020-A000004,Lu Tian,"Xilinx Inc., Beijing, China.",China,CVPR,2020
CVPR-2020-A000005,Yi Shan,"Xilinx Inc., Beijing, China.",China,CVPR,2020
CVPR-2020-A000006,Kai Zhang,"Computer Vision Lab, ETH Zurich, Switzerland",Switzerland,CVPR,2020
CVPR-2020-A000007,Luc Van Gool,"Computer Vision Lab, ETH Zurich, Switzerland",Switzerland,CVPR,2020
CVPR-2020-A000008,Radu Timofte,"Computer Vision Lab, ETH Zurich, Switzerland",Switzerland,CVPR,2020
CVPR-2020-A000009,Yunfei Liu,"State Key Laboratory of VR Technology and Systems, School of CSE, Beihang University",China,CVPR,2020
CVPR-2020-A000010,Yu Li,"Applied Research Center (ARC), Tencent PCG",China,CVPR,2020
CVPR-2020-A000011,Shaodi You,"University of Amsterdam, Amsterdam, Netherland",Netherlands,CVPR,2020
CVPR-2020-A000012,Feng Lu,"State Key Laboratory of VR Technology and Systems, School of CSE, Beihang University",China,CVPR,2020
CVPR-2020-A000013,Shijie Yu,UNKNOWN,UNKNOWN,CVPR,2020
CVPR-2020-A000014,Shihua Li,UNKNOWN,UNKNOWN,CVPR,2020
CVPR-2020-A000015,Dapeng Chen,"ShenZhen Key Lab of Computer Vision and Pattern Recognition, SIAT-SenseTime Joint",China,CVPR,2020
CVPR-2020-A000016,Rui Zhao,"ShenZhen Key Lab of Computer Vision and Pattern Recognition, SIAT-SenseTime Joint",China,CVPR,2020
CVPR-2020-A000017,Junjie Yan,"ShenZhen Key Lab of Computer Vision and Pattern Recognition, SIAT-SenseTime Joint",China,CVPR,2020
CVPR-2020-A000018,Yu Qiao,UNKNOWN,UNKNOWN,CVPR,2020
CVPR-2020-A000019,Thomas Verelst,Most research on deep neural networks focuses on improving accuracy without taking into account the model,UNKNOWN,CVPR,2020
CVPR-2020-A000020,Tinne Tuytelaars,Most research on deep neural networks focuses on improving accuracy without taking into account the model,UNKNOWN,CVPR,2020
CVPR-2020-A000021,Song Tao,Department of Electronic Engineering Shanghai Jiao Tong University,China,CVPR,2020
CVPR-2020-A000022,Jia Wang,Department of Electronic Engineering Shanghai Jiao Tong University,China,CVPR,2020
CVPR-2020-A000023,Haotong Qin,"State Key Lab of Software Development Environment, Beihang University",China,CVPR,2020
CVPR-2020-A000024,Ruihao Gong,"State Key Lab of Software Development Environment, Beihang University",China,CVPR,2020
CVPR-2020-A000025,Xianglong Liu,"State Key Lab of Software Development Environment, Beihang University | Beijing Advanced Innovation Center for Big Data-Based Precision Medicine, Beihang University",China,CVPR,2020
CVPR-2020-A000026,Mingzhu Shen,"State Key Lab of Software Development Environment, Beihang University",China,CVPR,2020
CVPR-2020-A000027,Ziran Wei,Beijing University of Posts and Telecommunications,China,CVPR,2020
CVPR-2020-A000028,Fengwei Yu,SenseTime Research,China,CVPR,2020
CVPR-2020-A000029,Jingkuan Song,"Center for Future Media, University of Electronic Science and Technology of China",China,CVPR,2020
CVPR-2020-A000030,Bin Yan,"School of Information and Communication Engineering, Dalian University of Technology, China",China,CVPR,2020
CVPR-2020-A000031,Dong Wang,"School of Information and Communication Engineering, Dalian University of Technology, China",China,CVPR,2020
CVPR-2020-A000032,Huchuan Lu,"School of Information and Communication Engineering, Dalian University of Technology, China | Peng Cheng Laboratory",China,CVPR,2020
CVPR-2020-A000033,Xiaoyun Yang,"China Science IntelliCloud Technology Co., Ltd.",China,CVPR,2020
CVPR-2020-A000034,Xiaoyu Xiang,Purdue University,United States,CVPR,2020
CVPR-2020-A000035,Yapeng Tian,University of Rochester,United States,CVPR,2020
CVPR-2020-A000036,Yulun Zhang,Northeastern University,United States,CVPR,2020
CVPR-2020-A000037,Yun Fu,Northeastern University,United States,CVPR,2020
CVPR-2020-A000038,Jan P. Allebach,Purdue University,United States,CVPR,2020
CVPR-2020-A000039,Chenliang Xu,University of Rochester,United States,CVPR,2020
CVPR-2020-A000040,Jintai Chen,"Zhejiang University, Hangzhou, China",China,CVPR,2020
CVPR-2020-A000041,Biwen Lei,"Zhejiang University, Hangzhou, China",China,CVPR,2020
CVPR-2020-A000042,Qingyu Song,"Zhejiang University, Hangzhou, China",China,CVPR,2020
CVPR-2020-A000043,Haochao Ying,"Zhejiang University, Hangzhou, China",China,CVPR,2020
CVPR-2020-A000044,Danny Z. Chen,"Department of Computer Science and Engineering, University of Notre Dame, Notre Dame, IN , USA",United States,CVPR,2020
CVPR-2020-A000045,Jian Wu,"Zhejiang University, Hangzhou, China",China,CVPR,2020
CVPR-2020-A000046,Jiahuan Zhou,"Department of Electrical and Computer Engineering, Northwestern University, US",United States,CVPR,2020
CVPR-2020-A000047,Bing Su,"Institute of Software, Chinese Academy of Science, China",China,CVPR,2020
CVPR-2020-A000048,Ying Wu,"Department of Electrical and Computer Engineering, Northwestern University, US",United States,CVPR,2020
CVPR-2020-A000049,Hyunjun Eun,Korea Advanced Institute of Science and Technology (KAIST) | SK Telecom,South Korea,CVPR,2020
CVPR-2020-A000050,Jinyoung Moon,Electronics and Telecommunications Research Institute (ETRI),South Korea,CVPR,2020
CVPR-2020-A000051,Jongyoul Park,Electronics and Telecommunications Research Institute (ETRI),South Korea,CVPR,2020
CVPR-2020-A000052,Chanho Jung,Hanbat National University,South Korea,CVPR,2020
CVPR-2020-A000053,Changick Kim,Korea Advanced Institute of Science and Technology (KAIST),South Korea,CVPR,2020
CVPR-2020-A000054,Daniel Gehrig,"Dept. Informatics, Univ. of Zurich and Dept. of Neuroinformatics, Univ. of Zurich and ETH Zurich",Switzerland,CVPR,2020
CVPR-2020-A000055,Mathias Gehrig,"Dept. Informatics, Univ. of Zurich and Dept. of Neuroinformatics, Univ. of Zurich and ETH Zurich",Switzerland,CVPR,2020
CVPR-2020-A000056,Javier Hidalgo-Carrio,"Dept. Informatics, Univ. of Zurich and Dept. of Neuroinformatics, Univ. of Zurich and ETH Zurich",Switzerland,CVPR,2020
CVPR-2020-A000057,Davide Scaramuzza,"Dept. Informatics, Univ. of Zurich and Dept. of Neuroinformatics, Univ. of Zurich and ETH Zurich",Switzerland,CVPR,2020
CVPR-2020-A000058,Huayi Zeng,Washington University in St. Louis,United States,CVPR,2020
CVPR-2020-A000059,Kevin Joseph,Simon Fraser University,Canada,CVPR,2020
CVPR-2020-A000060,Adam Vest,UNKNOWN,UNKNOWN,CVPR,2020
CVPR-2020-A000061,Yasutaka Furukawa,Simon Fraser University,Canada,CVPR,2020
CVPR-2020-A000062,Kiana Ehsani,"FAIR, University of Washington, UIUC, Carnegie Mellon University",United States,CVPR,2020
CVPR-2020-A000063,Shubham Tulsiani,"FAIR, University of Washington, UIUC, Carnegie Mellon University",United States,CVPR,2020
CVPR-2020-A000064,Saurabh Gupta,"FAIR, University of Washington, UIUC, Carnegie Mellon University",United States,CVPR,2020
CVPR-2020-A000065,Ali Farhadi,"FAIR, University of Washington, UIUC, Carnegie Mellon University",United States,CVPR,2020
CVPR-2020-A000066,Abhinav Gupta,"FAIR, University of Washington, UIUC, Carnegie Mellon University",United States,CVPR,2020
CVPR-2020-A000067,Nilesh Kulkarni,Facebook AI Research,United States,CVPR,2020
CVPR-2020-A000068,Abhinav Gupta,Facebook AI Research,United States,CVPR,2020
CVPR-2020-A000069,David F. Fouhey,Facebook AI Research,United States,CVPR,2020
CVPR-2020-A000070,Shubham Tulsiani,Facebook AI Research,United States,CVPR,2020
CVPR-2020-A000071,Eugene Lee,"Institute of Electronics, National Chiao Tung University",Taiwan,CVPR,2020
CVPR-2020-A000072,Chen-Yi Lee,"Institute of Electronics, National Chiao Tung University",Taiwan,CVPR,2020
CVPR-2020-A000073,Yoonsik Kim,"Departmet of ECE, INMC, Seoul National University, Seoul Korea",South Korea,CVPR,2020
CVPR-2020-A000074,Jae Woong Soh,"Departmet of ECE, INMC, Seoul National University, Seoul Korea",South Korea,CVPR,2020
CVPR-2020-A000075,Gu Yong Park,"Departmet of ECE, INMC, Seoul National University, Seoul Korea",South Korea,CVPR,2020
CVPR-2020-A000076,Nam Ik Cho,"Departmet of ECE, INMC, Seoul National University, Seoul Korea",South Korea,CVPR,2020
CVPR-2020-A000077,Zhitong Xiong,"School of Computer Science and Center for OPTical IMagery Analysis and Learning (OPTIMAL), Northwestern Polytechnical University, Xi’an, Shaanxi, P. R. China",China,CVPR,2020
CVPR-2020-A000078,Yuan Yuan,"School of Computer Science and Center for OPTical IMagery Analysis and Learning (OPTIMAL), Northwestern Polytechnical University, Xi’an, Shaanxi, P. R. China",China,CVPR,2020
CVPR-2020-A000079,Nianhui Guo,"School of Computer Science and Center for OPTical IMagery Analysis and Learning (OPTIMAL), Northwestern Polytechnical University, Xi’an, Shaanxi, P. R. China",China,CVPR,2020
CVPR-2020-A000080,Qi Wang,"School of Computer Science and Center for OPTical IMagery Analysis and Learning (OPTIMAL), Northwestern Polytechnical University, Xi’an, Shaanxi, P. R. China",China,CVPR,2020
CVPR-2020-A000081,Shawn Mathew,Stony Brook University,United States,CVPR,2020
CVPR-2020-A000082,Saad Nadeem,Memorial Sloan Kettering Cancer Center,United States,CVPR,2020
CVPR-2020-A000083,Sruti Kumari,Stony Brook University,United States,CVPR,2020
CVPR-2020-A000084,Arie Kaufman,UNKNOWN,UNKNOWN,CVPR,2020
CVPR-2020-A000085,Yifeng Chen,Zhejiang University,China,CVPR,2020
CVPR-2020-A000086,Guangchen Lin,Zhejiang University,China,CVPR,2020
CVPR-2020-A000087,Songyuan Li,Zhejiang University,China,CVPR,2020
CVPR-2020-A000088,Omar Bourahla,Zhejiang University,China,CVPR,2020
CVPR-2020-A000089,Yiming Wu,Zhejiang University,China,CVPR,2020
CVPR-2020-A000090,Fangfang Wang,Zhejiang University,China,CVPR,2020
CVPR-2020-A000091,Junyi Feng,Zhejiang University,China,CVPR,2020
CVPR-2020-A000092,Mingliang Xu,Zhengzhou University,China,CVPR,2020
CVPR-2020-A000093,Xi Li,Zhejiang University,China,CVPR,2020
CVPR-2020-A000094,Qihang Yu,The Johns Hopkins University,United States,CVPR,2020
CVPR-2020-A000095,Dong Yang,The Johns Hopkins University,United States,CVPR,2020
CVPR-2020-A000096,Holger Roth,The Johns Hopkins University,United States,CVPR,2020
CVPR-2020-A000097,Yutong Bai,The Johns Hopkins University,United States,CVPR,2020
CVPR-2020-A000098,Yixiao Zhang,The Johns Hopkins University,United States,CVPR,2020
CVPR-2020-A000099,Alan L. Yuille,The Johns Hopkins University,United States,CVPR,2020
CVPR-2020-A000100,Daguang Xu,The Johns Hopkins University,United States,CVPR,2020
CVPR-2020-A000101,Jeong Joon Park,"University of Washington, Seattle",United States,CVPR,2020
CVPR-2020-A000102,Aleksander Holynski,"University of Washington, Seattle",United States,CVPR,2020
CVPR-2020-A000103,Steven M. Seitz,"University of Washington, Seattle",United States,CVPR,2020
CVPR-2020-A000104,Jinshan Pan,Nanjing University of Science and Technology,China,CVPR,2020
CVPR-2020-A000105,Haoran Bai,Nanjing University of Science and Technology,China,CVPR,2020
CVPR-2020-A000106,Jinhui Tang,Nanjing University of Science and Technology,China,CVPR,2020
CVPR-2020-A000107,Renjie Wan,"⋆ School of Electrical and Electronic Engineering, Nanyang Technological University, Singapore National Engineering Laboratory for Video Technology, Department of CS, Peking University, China ⋄ Peng Cheng Laboratory, Shenzhen, China",China | Singapore,CVPR,2020
CVPR-2020-A000108,Boxin Shi,"⋆ School of Electrical and Electronic Engineering, Nanyang Technological University, Singapore National Engineering Laboratory for Video Technology, Department of CS, Peking University, China ⋄ Peng Cheng Laboratory, Shenzhen, China",China | Singapore,CVPR,2020
CVPR-2020-A000109,Haoliang Li,"⋆ School of Electrical and Electronic Engineering, Nanyang Technological University, Singapore National Engineering Laboratory for Video Technology, Department of CS, Peking University, China ⋄ Peng Cheng Laboratory, Shenzhen, China",China | Singapore,CVPR,2020
CVPR-2020-A000110,Ling-Yu Duan,"⋆ School of Electrical and Electronic Engineering, Nanyang Technological University, Singapore National Engineering Laboratory for Video Technology, Department of CS, Peking University, China ⋄ Peng Cheng Laboratory, Shenzhen, China",China | Singapore,CVPR,2020
CVPR-2020-A000111,Alex C. Kot,"⋆ School of Electrical and Electronic Engineering, Nanyang Technological University, Singapore National Engineering Laboratory for Video Technology, Department of CS, Peking University, China ⋄ Peng Cheng Laboratory, Shenzhen, China",China | Singapore,CVPR,2020
CVPR-2020-A000112,Xianhang Li,UNKNOWN,UNKNOWN,CVPR,2020
CVPR-2020-A000113,Yali Wang,"ShenZhen Key Lab of Computer Vision and Pattern Recognition, SIAT-SenseTime Joint",China,CVPR,2020
CVPR-2020-A000114,Zhipeng Zhou,"ShenZhen Key Lab of Computer Vision and Pattern Recognition, SIAT-SenseTime Joint",China,CVPR,2020
CVPR-2020-A000115,Yu Qiao,UNKNOWN,UNKNOWN,CVPR,2020
CVPR-2020-A000116,Cenek Albl,UNKNOWN,UNKNOWN,CVPR,2020
CVPR-2020-A000117,Zuzana Kukelova,UNKNOWN,UNKNOWN,CVPR,2020
CVPR-2020-A000118,Viktor Larsson,UNKNOWN,UNKNOWN,CVPR,2020
CVPR-2020-A000119,Michal Polic,UNKNOWN,UNKNOWN,CVPR,2020
CVPR-2020-A000120,Tomas Pajdla,UNKNOWN,UNKNOWN,CVPR,2020
CVPR-2020-A000121,Konrad Schindler,UNKNOWN,UNKNOWN,CVPR,2020
CVPR-2020-A000122,Boyang Deng,Google Research,UNKNOWN,CVPR,2020
CVPR-2020-A000123,Kyle Genova,Google Research,UNKNOWN,CVPR,2020
CVPR-2020-A000124,Soroosh Yazdani,Google Research,UNKNOWN,CVPR,2020
CVPR-2020-A000125,Sofien Bouaziz,Google Research,UNKNOWN,CVPR,2020
CVPR-2020-A000126,Geoffrey Hinton,Google Research,UNKNOWN,CVPR,2020
CVPR-2020-A000127,Andrea Tagliasacchi,Google Research,UNKNOWN,CVPR,2020
CVPR-2020-A000128,Matt Deitke,UNKNOWN,UNKNOWN,CVPR,2020
CVPR-2020-A000129,Winson Han,UNKNOWN,UNKNOWN,CVPR,2020
CVPR-2020-A000130,Alvaro Herrasti,UNKNOWN,UNKNOWN,CVPR,2020
CVPR-2020-A000131,Aniruddha Kembhavi,UNKNOWN,UNKNOWN,CVPR,2020
CVPR-2020-A000132,Eric Kolve,UNKNOWN,UNKNOWN,CVPR,2020
CVPR-2020-A000133,Roozbeh Mottaghi,UNKNOWN,UNKNOWN,CVPR,2020
CVPR-2020-A000134,Jordi Salvador,UNKNOWN,UNKNOWN,CVPR,2020
CVPR-2020-A000135,Dustin Schwenk,UNKNOWN,UNKNOWN,CVPR,2020
CVPR-2020-A000136,Eli VanderBilt,UNKNOWN,UNKNOWN,CVPR,2020
CVPR-2020-A000137,Matthew Wallingford,UNKNOWN,UNKNOWN,CVPR,2020
CVPR-2020-A000138,Luca Weihs,UNKNOWN,UNKNOWN,CVPR,2020
CVPR-2020-A000139,Mark Yatskar,UNKNOWN,UNKNOWN,CVPR,2020
CVPR-2020-A000140,Ali Farhadi,UNKNOWN,UNKNOWN,CVPR,2020
CVPR-2020-A000141,Xin Jin,University of Science and Technology of China,China,CVPR,2020
CVPR-2020-A000142,Cuiling Lan,"Microsoft Research Asia, Beijing, China",China,CVPR,2020
CVPR-2020-A000143,Wenjun Zeng,"Microsoft Research Asia, Beijing, China",China,CVPR,2020
CVPR-2020-A000144,Zhibo Chen,University of Science and Technology of China,China,CVPR,2020
CVPR-2020-A000145,Li Zhang,University of Oxford,United Kingdom,CVPR,2020
CVPR-2020-A000146,Zhen Wang,"Tianjin Key Lab of Machine Learning, College of Intelligence and Computing, Tianjin University, Tianjin, China AnyVision",China,CVPR,2020
CVPR-2020-A000147,Guosheng Hu,"Tianjin Key Lab of Machine Learning, College of Intelligence and Computing, Tianjin University, Tianjin, China AnyVision",China,CVPR,2020
CVPR-2020-A000148,Qinghua Hu,"Tianjin Key Lab of Machine Learning, College of Intelligence and Computing, Tianjin University, Tianjin, China AnyVision",China,CVPR,2020
CVPR-2020-A000149,Zhixuan Yu,University of Minnesota,United States,CVPR,2020
CVPR-2020-A000150,Jae Shin Yoon,University of Minnesota,United States,CVPR,2020
CVPR-2020-A000151,In Kyu Lee,University of Minnesota,United States,CVPR,2020
CVPR-2020-A000152,Prashanth Venkatesh,University of Minnesota,United States,CVPR,2020
CVPR-2020-A000153,Jaesik Park,University of Minnesota,United States,CVPR,2020
CVPR-2020-A000154,Jihun Yu,University of Minnesota,United States,CVPR,2020
CVPR-2020-A000155,Hyun Soo Park,University of Minnesota,United States,CVPR,2020
CVPR-2020-A000156,Maosen Li,"School of Electronic Engineering, Xidian University, Xi’an , China",China,CVPR,2020
CVPR-2020-A000157,Cheng Deng,"School of Electronic Engineering, Xidian University, Xi’an , China",China,CVPR,2020
CVPR-2020-A000158,Tengjiao Li,"School of Electronic Engineering, Xidian University, Xi’an , China",China,CVPR,2020
CVPR-2020-A000159,Junchi Yan,"Department of CSE, and MoE Key Lab of Artificial Intelligence, Shanghai Jiao Tong University, China",China,CVPR,2020
CVPR-2020-A000160,Xinbo Gao,"School of Electronic Engineering, Xidian University, Xi’an , China",China,CVPR,2020
CVPR-2020-A000161,Heng Huang,"Department of Electrical and Computer Engineering, University of Pittsburgh, PA , USA | JD Finance America Corporation, Mountain View, CA , USA",United States,CVPR,2020
CVPR-2020-A000162,Huanjing Yue,"School of Electrical and Information Engineering, Tianjin University, Tianjin, China",China,CVPR,2020
CVPR-2020-A000163,Cong Cao,"School of Electrical and Information Engineering, Tianjin University, Tianjin, China",China,CVPR,2020
CVPR-2020-A000164,Lei Liao,"School of Electrical and Information Engineering, Tianjin University, Tianjin, China",China,CVPR,2020
CVPR-2020-A000165,Ronghe Chu,"School of Electrical and Information Engineering, Tianjin University, Tianjin, China",China,CVPR,2020
CVPR-2020-A000166,Jingyu Yang,"School of Electrical and Information Engineering, Tianjin University, Tianjin, China",China,CVPR,2020
CVPR-2020-A000167,Yanchao Yang,UCLA Vision Lab,United States,CVPR,2020
CVPR-2020-A000168,Stefano Soatto,UCLA Vision Lab,United States,CVPR,2020
CVPR-2020-A000169,Guohao Li,UNKNOWN,UNKNOWN,CVPR,2020
CVPR-2020-A000170,Guocheng Qian,UNKNOWN,UNKNOWN,CVPR,2020
CVPR-2020-A000171,Itzel C. Delgadillo,UNKNOWN,UNKNOWN,CVPR,2020
CVPR-2020-A000172,Matthias Muller,UNKNOWN,UNKNOWN,CVPR,2020
CVPR-2020-A000173,Ali Thabet,"King Abdullah University of Science and Technology (KAUST), Saudi Arabia",Saudi Arabia,CVPR,2020
CVPR-2020-A000174,Bernard Ghanem,"King Abdullah University of Science and Technology (KAUST), Saudi Arabia",Saudi Arabia,CVPR,2020
CVPR-2020-A000175,Victor Kulikov,"PicsArt Inc.∗ Moscow, Russian Federation",Russian Federation,CVPR,2020
CVPR-2020-A000176,Victor Lempitsky,Samsung AI Center Moscow Skolkovo Institute of Science and Technology,Russia,CVPR,2020
CVPR-2020-A000177,Biagio Brattoli,Heidelberg University,Germany,CVPR,2020
CVPR-2020-A000178,Joseph Tighe,Heidelberg University,Germany,CVPR,2020
CVPR-2020-A000179,Fedor Zhdanov,Heidelberg University,Germany,CVPR,2020
CVPR-2020-A000180,Pietro Perona,Heidelberg University,Germany,CVPR,2020
CVPR-2020-A000181,Krzysztof Chalupka,Heidelberg University,Germany,CVPR,2020
CVPR-2020-A000182,Chao-Yuan Wu,The University of Texas at Austin,United States,CVPR,2020
CVPR-2020-A000183,Ross Girshick,The University of Texas at Austin,United States,CVPR,2020
CVPR-2020-A000184,Kaiming He,The University of Texas at Austin,United States,CVPR,2020
CVPR-2020-A000185,Christoph Feichtenhofer,The University of Texas at Austin,United States,CVPR,2020
CVPR-2020-A000186,Philipp Krahenbuhl,The University of Texas at Austin,United States,CVPR,2020
CVPR-2020-A000187,Keyang Luo,"School of Computer Science & Technology, Huazhong University of Science & Technology, China",China,CVPR,2020
CVPR-2020-A000188,Tao Guan,"School of Computer Science & Technology, Huazhong University of Science & Technology, China | Farsee2 Technology Ltd, China",China,CVPR,2020
CVPR-2020-A000189,Lili Ju,"University of South Carolina, USA",United States,CVPR,2020
CVPR-2020-A000190,Yuesong Wang,"School of Computer Science & Technology, Huazhong University of Science & Technology, China",China,CVPR,2020
CVPR-2020-A000191,Zhuo Chen,"School of Computer Science & Technology, Huazhong University of Science & Technology, China",China,CVPR,2020
CVPR-2020-A000192,Yawei Luo,"School of Computer Science & Technology, Huazhong University of Science & Technology, China",China,CVPR,2020
CVPR-2020-A000193,Yue Liao,"School of Computer Science and Engineering, Beihang University | SenseTime Research",China,CVPR,2020
CVPR-2020-A000194,Si Liu,"School of Computer Science and Engineering, Beihang University",China,CVPR,2020
CVPR-2020-A000195,Fei Wang,SenseTime Research,China,CVPR,2020
CVPR-2020-A000196,Yanjie Chen,SenseTime Research,China,CVPR,2020
CVPR-2020-A000197,Chen Qian,SenseTime Research,China,CVPR,2020
CVPR-2020-A000198,Jiashi Feng,National University of Singapore,Singapore,CVPR,2020
CVPR-2020-A000199,Sachit Menon,"Duke University Durham, NC",United States | United Kingdom,CVPR,2020
CVPR-2020-A000200,Alexandru Damian,"Duke University Durham, NC",United States | United Kingdom,CVPR,2020
CVPR-2020-A000201,Shijia Hu,"Duke University Durham, NC",United States | United Kingdom,CVPR,2020
CVPR-2020-A000202,Nikhil Ravi,"Duke University Durham, NC",United States | United Kingdom,CVPR,2020
CVPR-2020-A000203,Cynthia Rudin,"Duke University Durham, NC",United States | United Kingdom,CVPR,2020
CVPR-2020-A000204,Shangqian Gao,"Electrical and Computer Engineering Department, University of Pittsburgh, PA, USA School of Computing Science, Simon Fraser University, BC, Canada JD Finance America Corporation, Mountain View, CA, USA",United States | Canada,CVPR,2020
CVPR-2020-A000205,Feihu Huang,"Electrical and Computer Engineering Department, University of Pittsburgh, PA, USA School of Computing Science, Simon Fraser University, BC, Canada JD Finance America Corporation, Mountain View, CA, USA",United States | Canada,CVPR,2020
CVPR-2020-A000206,Jian Pei,"Electrical and Computer Engineering Department, University of Pittsburgh, PA, USA School of Computing Science, Simon Fraser University, BC, Canada JD Finance America Corporation, Mountain View, CA, USA",United States | Canada,CVPR,2020
CVPR-2020-A000207,Heng Huang,"Electrical and Computer Engineering Department, University of Pittsburgh, PA, USA School of Computing Science, Simon Fraser University, BC, Canada JD Finance America Corporation, Mountain View, CA, USA",United States | Canada,CVPR,2020
CVPR-2020-A000208,Kai Han,"Noah’s Ark Lab, Huawei Technologies.",UNKNOWN,CVPR,2020
CVPR-2020-A000209,Yunhe Wang,"Noah’s Ark Lab, Huawei Technologies.",UNKNOWN,CVPR,2020
CVPR-2020-A000210,Qi Tian,"Noah’s Ark Lab, Huawei Technologies.",UNKNOWN,CVPR,2020
CVPR-2020-A000211,Jianyuan Guo,Peking University.,China,CVPR,2020
CVPR-2020-A000212,Chunjing Xu,"Noah’s Ark Lab, Huawei Technologies.",UNKNOWN,CVPR,2020
CVPR-2020-A000213,Chang Xu,"School of Computer Science, Faculty of Engineering, University of Sydney.",Australia,CVPR,2020
CVPR-2020-A000214,Yue Jiang,"University of Maryland, College Park",United States,CVPR,2020
CVPR-2020-A000215,Dantong Ji,"University of Maryland, College Park",United States,CVPR,2020
CVPR-2020-A000216,Zhizhong Han,"University of Maryland, College Park",United States,CVPR,2020
CVPR-2020-A000217,Matthias Zwicker,"University of Maryland, College Park",United States,CVPR,2020
CVPR-2020-A000218,Yuhui Quan,"School of Computer Science and Engineering, South China University of Technology, Guangzhou , China",China,CVPR,2020
CVPR-2020-A000219,Mingqin Chen,"School of Computer Science and Engineering, South China University of Technology, Guangzhou , China",China,CVPR,2020
CVPR-2020-A000220,Tongyao Pang,"Department of Mathematics, National University of Singapore, Singapore",Singapore,CVPR,2020
CVPR-2020-A000221,Hui Ji,"Department of Mathematics, National University of Singapore, Singapore",Singapore,CVPR,2020
CVPR-2020-A000222,Yuyu Guo,"Institute for Medical Imaging Technology, School of Biomedical Engineering, Shanghai Jiao Tong | School of Computer Science, University of Sydney, Australia",Australia,CVPR,2020
CVPR-2020-A000223,Lei Bi,"School of Computer Science, University of Sydney, Australia",Australia,CVPR,2020
CVPR-2020-A000224,Euijoon Ahn,"School of Computer Science, University of Sydney, Australia",Australia,CVPR,2020
CVPR-2020-A000225,Dagan Feng,"School of Computer Science, University of Sydney, Australia",Australia,CVPR,2020
CVPR-2020-A000226,Qian Wang,"Institute for Medical Imaging Technology, School of Biomedical Engineering, Shanghai Jiao Tong",China,CVPR,2020
CVPR-2020-A000227,Jinman Kim,"School of Computer Science, University of Sydney, Australia",Australia,CVPR,2020
CVPR-2020-A000228,Yujiao Shi,Australian National University,Australia,CVPR,2020
CVPR-2020-A000229,Xin Yu,Australian National University,Australia,CVPR,2020
CVPR-2020-A000230,Dylan Campbell,Australian National University,Australia,CVPR,2020
CVPR-2020-A000231,Hongdong Li,Australian National University,Australia,CVPR,2020
CVPR-2020-A000232,Zhengyu Zhao,"Radboud University, Nijmegen, Netherlands",Netherlands,CVPR,2020
CVPR-2020-A000233,Zhuoran Liu,"Radboud University, Nijmegen, Netherlands",Netherlands,CVPR,2020
CVPR-2020-A000234,Martha Larson,"Radboud University, Nijmegen, Netherlands",Netherlands,CVPR,2020
CVPR-2020-A000235,Tai-Yin Chiu,University of Texas at Austin,United States,CVPR,2020
CVPR-2020-A000236,Yinan Zhao,University of Texas at Austin,United States,CVPR,2020
CVPR-2020-A000237,Danna Gurari,University of Texas at Austin,United States,CVPR,2020
CVPR-2020-A000238,Shuai Bai,"Beijing University of Posts and Telecommunications SenseTime Group Limited Shenzhen Institutes of Advanced Technology, Chinese Academy of Sciences Peking University",China,CVPR,2020
CVPR-2020-A000239,Zhiqun He,"Beijing University of Posts and Telecommunications SenseTime Group Limited Shenzhen Institutes of Advanced Technology, Chinese Academy of Sciences Peking University",China,CVPR,2020
CVPR-2020-A000240,Yu Qiao,"Beijing University of Posts and Telecommunications SenseTime Group Limited Shenzhen Institutes of Advanced Technology, Chinese Academy of Sciences Peking University",China,CVPR,2020
CVPR-2020-A000241,Hanzhe Hu,"Beijing University of Posts and Telecommunications SenseTime Group Limited Shenzhen Institutes of Advanced Technology, Chinese Academy of Sciences Peking University",China,CVPR,2020
CVPR-2020-A000242,Wei Wu,"Beijing University of Posts and Telecommunications SenseTime Group Limited Shenzhen Institutes of Advanced Technology, Chinese Academy of Sciences Peking University",China,CVPR,2020
CVPR-2020-A000243,Junjie Yan,"Beijing University of Posts and Telecommunications SenseTime Group Limited Shenzhen Institutes of Advanced Technology, Chinese Academy of Sciences Peking University",China,CVPR,2020
CVPR-2020-A000244,Deng-Ping Fan,"Inception Institute of Artificial Intelligence, UAE | College of CS, Nankai University, China",China,CVPR,2020
CVPR-2020-A000245,Ge-Peng Ji,"School of Computer Science, Wuhan University, China",China,CVPR,2020
CVPR-2020-A000246,Guolei Sun,"ETH Zurich, Switzerland",Switzerland,CVPR,2020
CVPR-2020-A000247,Ming-Ming Cheng,"College of CS, Nankai University, China",China,CVPR,2020
CVPR-2020-A000248,Jianbing Shen,"Inception Institute of Artificial Intelligence, UAE",United Arab Emirates,CVPR,2020
CVPR-2020-A000249,Ling Shao,"Inception Institute of Artificial Intelligence, UAE",United Arab Emirates,CVPR,2020
CVPR-2020-A000250,Thomas Schops,UNKNOWN,UNKNOWN,CVPR,2020
CVPR-2020-A000251,Viktor Larsson,"Department of Computer Science, ETH Zürich",Switzerland,CVPR,2020
CVPR-2020-A000252,Marc Pollefeys,"Department of Computer Science, ETH Zürich | Microsoft Mixed Reality & AI Zurich Lab",Switzerland,CVPR,2020
CVPR-2020-A000253,Torsten Sattler,Chalmers University of Technology,Sweden,CVPR,2020
CVPR-2020-A000254,Ziwei Wang,"Department of Automation, Tsinghua University, China | State Key Lab of Intelligent Technologies and Systems, China | Beijing National Research Center for Information Science and Technology, China",China,CVPR,2020
CVPR-2020-A000255,Ziyi Wu,"Department of Automation, Tsinghua University, China",China,CVPR,2020
CVPR-2020-A000256,Jiwen Lu,"Department of Automation, Tsinghua University, China | State Key Lab of Intelligent Technologies and Systems, China | Beijing National Research Center for Information Science and Technology, China",China,CVPR,2020
CVPR-2020-A000257,Jie Zhou,"Department of Automation, Tsinghua University, China | State Key Lab of Intelligent Technologies and Systems, China | Beijing National Research Center for Information Science and Technology, China | Tsinghua Shenzhen International Graduate School, Tsinghua University, China",China,CVPR,2020
CVPR-2020-A000258,Teng Long,"University of Electronic Science and Technology of China1 , University of Amsterdam2",Netherlands | China,CVPR,2020
CVPR-2020-A000259,Pascal Mettes,"University of Electronic Science and Technology of China1 , University of Amsterdam2",Netherlands | China,CVPR,2020
CVPR-2020-A000260,Heng Tao Shen,"University of Electronic Science and Technology of China1 , University of Amsterdam2",Netherlands | China,CVPR,2020
CVPR-2020-A000261,Cees G. M. Snoek,"University of Electronic Science and Technology of China1 , University of Amsterdam2",Netherlands | China,CVPR,2020
CVPR-2020-A000262,Angela Dai,Technical University of Munich,Germany,CVPR,2020
CVPR-2020-A000263,Christian Diller,Technical University of Munich,Germany,CVPR,2020
CVPR-2020-A000264,Matthias Niessner,Technical University of Munich,Germany,CVPR,2020
CVPR-2020-A000265,Xu Cao,Osaka University,Japan,CVPR,2020
CVPR-2020-A000266,Michael Waechter,Osaka University,Japan,CVPR,2020
CVPR-2020-A000267,Boxin Shi,Peking University | Peng Cheng Laboratory,China,CVPR,2020
CVPR-2020-A000268,Ye Gao,UNKNOWN,UNKNOWN,CVPR,2020
CVPR-2020-A000269,Bo Zheng,UNKNOWN,UNKNOWN,CVPR,2020
CVPR-2020-A000270,Yasuyuki Matsushita,Osaka University,Japan,CVPR,2020
CVPR-2020-A000271,Jiahua Dong,"State Key Laboratory of Robotics, Shenyang Institute of Automation | Institutes for Robotics and Intelligent Manufacturing | University of Chinese Academy of Sciences, Beijing, China.",China,CVPR,2020
CVPR-2020-A000272,Yang Cong,"State Key Laboratory of Robotics, Shenyang Institute of Automation | Institutes for Robotics and Intelligent Manufacturing",China,CVPR,2020
CVPR-2020-A000273,Gan Sun,"State Key Laboratory of Robotics, Shenyang Institute of Automation | Institutes for Robotics and Intelligent Manufacturing",China,CVPR,2020
CVPR-2020-A000274,Bineng Zhong,"Huaqiao University, Xiamen, Fujian, China.",China,CVPR,2020
CVPR-2020-A000275,Xiaowei Xu,"Department of Information Science, University of Arkansas at Little Rock, Arkansas, USA.",United States,CVPR,2020
CVPR-2020-A000276,Dawei Yang,University of Michigan | Princeton University,United States,CVPR,2020
CVPR-2020-A000277,Jia Deng,Princeton University,United States,CVPR,2020
CVPR-2020-A000278,Carolin Schmitt,"Max Planck Institute for Intelligent Systems, Tübingen | University of Tübingen",Germany,CVPR,2020
CVPR-2020-A000279,Simon Donne,UNKNOWN,UNKNOWN,CVPR,2020
CVPR-2020-A000280,Gernot Riegler,Intel Intelligent Systems Lab,UNKNOWN,CVPR,2020
CVPR-2020-A000281,Vladlen Koltun,Intel Intelligent Systems Lab,UNKNOWN,CVPR,2020
CVPR-2020-A000282,Andreas Geiger,"Max Planck Institute for Intelligent Systems, Tübingen | University of Tübingen",Germany,CVPR,2020
CVPR-2020-A000283,Tolga Birdal,"Department of Computer Science, Stanford University, USA",United States,CVPR,2020
CVPR-2020-A000284,Michael Arbel,"Gatsby Computational Neuroscience Unit, University College London, UK",United Kingdom,CVPR,2020
CVPR-2020-A000285,Umut Simsekli,UNKNOWN,UNKNOWN,CVPR,2020
CVPR-2020-A000286,Leonidas J. Guibas,UNKNOWN,UNKNOWN,CVPR,2020
CVPR-2020-A000287,Chang Chen,University of Science and Technology of China Michigan State University,China,CVPR,2020
CVPR-2020-A000288,Zhiwei Xiong,University of Science and Technology of China Michigan State University,China,CVPR,2020
CVPR-2020-A000289,Xiaoming Liu,University of Science and Technology of China Michigan State University,China,CVPR,2020
CVPR-2020-A000290,Feng Wu,University of Science and Technology of China Michigan State University,China,CVPR,2020
CVPR-2020-A000291,Zhe Li,"Department of Automation, Tsinghua University, China",China,CVPR,2020
CVPR-2020-A000292,Tao Yu,"Department of Automation, Tsinghua University, China",China,CVPR,2020
CVPR-2020-A000293,Chuanyu Pan,"Department of Automation, Tsinghua University, China",China,CVPR,2020
CVPR-2020-A000294,Zerong Zheng,"Department of Automation, Tsinghua University, China",China,CVPR,2020
CVPR-2020-A000295,Yebin Liu,"Department of Automation, Tsinghua University, China | Institute for Brain and Cognitive Sciences, Tsinghua University, China",China,CVPR,2020
CVPR-2020-A000296,Tianyu Wang,"Department of Computer Science and Engineering, The Chinese University of Hong Kong | Shenzhen Key Laboratory of Virtual Reality and Human Interaction Technology",China,CVPR,2020
CVPR-2020-A000297,Xiaowei Hu,"Department of Computer Science and Engineering, The Chinese University of Hong Kong",China,CVPR,2020
CVPR-2020-A000298,Qiong Wang,Shenzhen Key Laboratory of Virtual Reality and Human Interaction Technology,China,CVPR,2020
CVPR-2020-A000299,Pheng-Ann Heng,"Department of Computer Science and Engineering, The Chinese University of Hong Kong | Shenzhen Key Laboratory of Virtual Reality and Human Interaction Technology",China,CVPR,2020
CVPR-2020-A000300,Chi-Wing Fu,"Department of Computer Science and Engineering, The Chinese University of Hong Kong | Shenzhen Key Laboratory of Virtual Reality and Human Interaction Technology",China,CVPR,2020
CVPR-2020-A000301,Peiye Liu,"Beijing Key Lab of Intelligent Telecommunication Software and Multimedia, Beijing University of Posts and Telecommunications, Beijing, China Department of Electrical Engineering, Columbia University, NY, USA",United States | China,CVPR,2020
CVPR-2020-A000302,Bo Wu,"Beijing Key Lab of Intelligent Telecommunication Software and Multimedia, Beijing University of Posts and Telecommunications, Beijing, China Department of Electrical Engineering, Columbia University, NY, USA",United States | China,CVPR,2020
CVPR-2020-A000303,Huadong Ma,"Beijing Key Lab of Intelligent Telecommunication Software and Multimedia, Beijing University of Posts and Telecommunications, Beijing, China Department of Electrical Engineering, Columbia University, NY, USA",United States | China,CVPR,2020
CVPR-2020-A000304,Mingoo Seok,"Beijing Key Lab of Intelligent Telecommunication Software and Multimedia, Beijing University of Posts and Telecommunications, Beijing, China Department of Electrical Engineering, Columbia University, NY, USA",United States | China,CVPR,2020
CVPR-2020-A000305,Yan Wang,Johns Hopkins University,United States,CVPR,2020
CVPR-2020-A000306,Xu Wei,University of California San Diego,United States,CVPR,2020
CVPR-2020-A000307,Fengze Liu,Johns Hopkins University,United States,CVPR,2020
CVPR-2020-A000308,Jieneng Chen,Tongji University,China,CVPR,2020
CVPR-2020-A000309,Yuyin Zhou,Johns Hopkins University,United States,CVPR,2020
CVPR-2020-A000310,Wei Shen,Johns Hopkins University,United States,CVPR,2020
CVPR-2020-A000311,Elliot K. Fishman,The Johns Hopkins University School of Medicine,United States,CVPR,2020
CVPR-2020-A000312,Alan L. Yuille,Johns Hopkins University,United States,CVPR,2020
CVPR-2020-A000313,Dian Shao,"CUHK-SenseTime Joint Lab, The Chinese University of Hong Kong",China,CVPR,2020
CVPR-2020-A000314,Yue Zhao,"CUHK-SenseTime Joint Lab, The Chinese University of Hong Kong",China,CVPR,2020
CVPR-2020-A000315,Bo Dai,"CUHK-SenseTime Joint Lab, The Chinese University of Hong Kong",China,CVPR,2020
CVPR-2020-A000316,Dahua Lin,"CUHK-SenseTime Joint Lab, The Chinese University of Hong Kong",China,CVPR,2020
CVPR-2020-A000317,Qian Zheng,"School of Electrical and Electronic Engineering, Nanyang Technological University, Singapore",Singapore,CVPR,2020
CVPR-2020-A000318,Jinnan Chen,"School of Electrical and Electronic Engineering, Nanyang Technological University, Singapore",Singapore,CVPR,2020
CVPR-2020-A000319,Zhan Lu,"School of Electrical and Electronic Engineering, Nanyang Technological University, Singapore",Singapore,CVPR,2020
CVPR-2020-A000320,Boxin Shi,"Peng Cheng Laboratory, Shenzhen, China",China,CVPR,2020
CVPR-2020-A000321,Xudong Jiang,"School of Electrical and Electronic Engineering, Nanyang Technological University, Singapore",Singapore,CVPR,2020
CVPR-2020-A000322,Kim-Hui Yap,"School of Electrical and Electronic Engineering, Nanyang Technological University, Singapore",Singapore,CVPR,2020
CVPR-2020-A000323,Ling-Yu Duan,"Peng Cheng Laboratory, Shenzhen, China",China,CVPR,2020
CVPR-2020-A000324,Alex C. Kot,"School of Electrical and Electronic Engineering, Nanyang Technological University, Singapore",Singapore,CVPR,2020
CVPR-2020-A000325,Chang Xiao,Columbia University,United States,CVPR,2020
CVPR-2020-A000326,Changxi Zheng,Columbia University,United States,CVPR,2020
CVPR-2020-A000327,Jinjin Gu,UNKNOWN,UNKNOWN,CVPR,2020
CVPR-2020-A000328,Yujun Shen,The Chinese University of Hong Kong,China,CVPR,2020
CVPR-2020-A000329,Bolei Zhou,The Chinese University of Hong Kong,China,CVPR,2020
CVPR-2020-A000330,Ali Shahin Shamsabadi,"Centre for Intelligent Sensing Queen Mary University of London, UK",United Kingdom,CVPR,2020
CVPR-2020-A000331,Ricardo Sanchez-Matilla,"Centre for Intelligent Sensing Queen Mary University of London, UK",United Kingdom,CVPR,2020
CVPR-2020-A000332,Andrea Cavallaro,"Centre for Intelligent Sensing Queen Mary University of London, UK",United Kingdom,CVPR,2020
CVPR-2020-A000333,Abhishek Badki,UNKNOWN,UNKNOWN,CVPR,2020
CVPR-2020-A000334,Alejandro Troccoli,UNKNOWN,UNKNOWN,CVPR,2020
CVPR-2020-A000335,Kihwan Kim,UNKNOWN,UNKNOWN,CVPR,2020
CVPR-2020-A000336,Jan Kautz,UNKNOWN,UNKNOWN,CVPR,2020
CVPR-2020-A000337,Pradeep Sen,UNKNOWN,UNKNOWN,CVPR,2020
CVPR-2020-A000338,Orazio Gallo,UNKNOWN,UNKNOWN,CVPR,2020
CVPR-2020-A000339,Nan Yang,Technical University of Munich | Artisense,Germany,CVPR,2020
CVPR-2020-A000340,Lukas von Stumberg,Technical University of Munich | Artisense,Germany,CVPR,2020
CVPR-2020-A000341,Rui Wang,Technical University of Munich | Artisense,Germany,CVPR,2020
CVPR-2020-A000342,Daniel Cremers,Technical University of Munich | Artisense,Germany,CVPR,2020
CVPR-2020-A000343,Ming Jiang,University of Minnesota,United States,CVPR,2020
CVPR-2020-A000344,Shi Chen,University of Minnesota,United States,CVPR,2020
CVPR-2020-A000345,Jinhui Yang,University of Minnesota,United States,CVPR,2020
CVPR-2020-A000346,Qi Zhao,University of Minnesota,United States,CVPR,2020
CVPR-2020-A000347,Maosen Li,"Cooperative Medianet Innovation Center, Shanghai Jiao Tong University",China,CVPR,2020
CVPR-2020-A000348,Siheng Chen,Mitsubishi Electric Research Laboratories,Japan,CVPR,2020
CVPR-2020-A000349,Yangheng Zhao,"Cooperative Medianet Innovation Center, Shanghai Jiao Tong University",China,CVPR,2020
CVPR-2020-A000350,Ya Zhang,"Cooperative Medianet Innovation Center, Shanghai Jiao Tong University",China,CVPR,2020
CVPR-2020-A000351,Yanfeng Wang,"Cooperative Medianet Innovation Center, Shanghai Jiao Tong University",China,CVPR,2020
CVPR-2020-A000352,Qi Tian,"Cooperative Medianet Innovation Center, Shanghai Jiao Tong University",China,CVPR,2020
CVPR-2020-A000353,Yinyu Nie,"Bournemouth University | The Chinese University of Hong Kong, Shenzhen | Shenzhen Research Institute of Big Data",United Kingdom | China,CVPR,2020
CVPR-2020-A000354,Xiaoguang Han,"The Chinese University of Hong Kong, Shenzhen | Shenzhen Research Institute of Big Data",China,CVPR,2020
CVPR-2020-A000355,Shihui Guo,Xiamen University,China,CVPR,2020
CVPR-2020-A000356,Yujian Zheng,"The Chinese University of Hong Kong, Shenzhen | Shenzhen Research Institute of Big Data",China,CVPR,2020
CVPR-2020-A000357,Jian Chang,Bournemouth University,United Kingdom,CVPR,2020
CVPR-2020-A000358,Jian Jun Zhang,Bournemouth University,United Kingdom,CVPR,2020
CVPR-2020-A000359,Xin Lin,"School of Electronic and Information Engineering, South China University of Technology",China,CVPR,2020
CVPR-2020-A000360,Changxing Ding,"School of Electronic and Information Engineering, South China University of Technology",China,CVPR,2020
CVPR-2020-A000361,Jinquan Zeng,"School of Electronic and Information Engineering, South China University of Technology",China,CVPR,2020
CVPR-2020-A000362,Dacheng Tao,"UBTECH Sydney AI Centre, School of Computer Science, Faculty of Engineering",Australia,CVPR,2020
CVPR-2020-A000363,Zhengqin Li,"University of California, San Diego",United States,CVPR,2020
CVPR-2020-A000364,Yu-Ying Yeh,"University of California, San Diego",United States,CVPR,2020
CVPR-2020-A000365,Manmohan Chandraker,"University of California, San Diego",United States,CVPR,2020
CVPR-2020-A000366,Jianhua Sun,"Shanghai Jiao Tong University, China",China,CVPR,2020
CVPR-2020-A000367,Qinhong Jiang,"SenseTime Group Limited, China",China,CVPR,2020
CVPR-2020-A000368,Cewu Lu,"Shanghai Jiao Tong University, China",China,CVPR,2020
CVPR-2020-A000369,Xiaoheng Jiang,UNKNOWN,UNKNOWN,CVPR,2020
CVPR-2020-A000370,Li Zhang,UNKNOWN,UNKNOWN,CVPR,2020
CVPR-2020-A000371,Mingliang Xu,UNKNOWN,UNKNOWN,CVPR,2020
CVPR-2020-A000372,Tianzhu Zhang,"School of Information Science and Technology, University of Science and Technology of China",China,CVPR,2020
CVPR-2020-A000373,Pei Lv,UNKNOWN,UNKNOWN,CVPR,2020
CVPR-2020-A000374,Bing Zhou,"School of Information Engineering, Zhengzhou University",China,CVPR,2020
CVPR-2020-A000375,Xin Yang,"School of Computer Science and Technology, Dalian University of Technology",China,CVPR,2020
CVPR-2020-A000376,Yanwei Pang,"School of Electrical and Information Engineering, Tianjin University",China,CVPR,2020
CVPR-2020-A000377,Dong Wang,"Center for Data Science, Peking University",China,CVPR,2020
CVPR-2020-A000378,Yuan Zhang,"Key Laboratory of Machine Perception, MOE, School of EECS, Peking University",China,CVPR,2020
CVPR-2020-A000379,Kexin Zhang,"Key Laboratory of Machine Perception, MOE, School of EECS, Peking University | Yizhun Medical AI Co., Ltd",China,CVPR,2020
CVPR-2020-A000380,Liwei Wang,"Center for Data Science, Peking University | Key Laboratory of Machine Perception, MOE, School of EECS, Peking University",China,CVPR,2020
CVPR-2020-A000381,Zhiwei Hu,"Dalian University of Technology, China",China,CVPR,2020
CVPR-2020-A000382,Guang Feng,"Dalian University of Technology, China",China,CVPR,2020
CVPR-2020-A000383,Jiayu Sun,"Dalian University of Technology, China",China,CVPR,2020
CVPR-2020-A000384,Lihe Zhang,"Dalian University of Technology, China",China,CVPR,2020
CVPR-2020-A000385,Huchuan Lu,"Dalian University of Technology, China | Peng Cheng Laboratory",China,CVPR,2020
CVPR-2020-A000386,Matias Tassano,GoPro France,France,CVPR,2020
CVPR-2020-A000387,Julie Delon,GoPro France,France,CVPR,2020
CVPR-2020-A000388,Thomas Veit,GoPro France,France,CVPR,2020
CVPR-2020-A000389,Mehrdad Hosseinzadeh,"University of Manitoba, Canada",Canada,CVPR,2020
CVPR-2020-A000390,Yang Wang,"University of Manitoba, Canada",Canada,CVPR,2020
CVPR-2020-A000391,Yuesong Nan,"Department of Mathematics, National University of Singapore, Singapore",Singapore,CVPR,2020
CVPR-2020-A000392,Yuhui Quan,"School of Computer Science & Engineering, South China University of Technology, Guangzhou , China",China,CVPR,2020
CVPR-2020-A000393,Hui Ji,"Department of Mathematics, National University of Singapore, Singapore",Singapore,CVPR,2020
CVPR-2020-A000394,Li Yuan,National University of Singapore,Singapore,CVPR,2020
CVPR-2020-A000395,Tao Wang,National University of Singapore,Singapore,CVPR,2020
CVPR-2020-A000396,Xiaopeng Zhang,Huawei Noah’s Ark Lab,China,CVPR,2020
CVPR-2020-A000397,Francis EH Tay,National University of Singapore,Singapore,CVPR,2020
CVPR-2020-A000398,Zequn Jie,Tencent AI Lab,China,CVPR,2020
CVPR-2020-A000399,Wei Liu,Tencent AI Lab,China,CVPR,2020
CVPR-2020-A000400,Jiashi Feng,National University of Singapore,Singapore,CVPR,2020
CVPR-2020-A000401,Deng-Ping Fan,"TKLNDST, College of CS, Nankai University | Inception Institute of Artificial Intelligence",China,CVPR,2020
CVPR-2020-A000402,Zheng Lin,"TKLNDST, College of CS, Nankai University",China,CVPR,2020
CVPR-2020-A000403,Ge-Peng Ji,"School of Computer Science, Wuhan University",China,CVPR,2020
CVPR-2020-A000404,Dingwen Zhang,Xidian University,China,CVPR,2020
CVPR-2020-A000405,Huazhu Fu,Inception Institute of Artificial Intelligence,United Arab Emirates,CVPR,2020
CVPR-2020-A000406,Ming-Ming Cheng,"TKLNDST, College of CS, Nankai University",China,CVPR,2020
CVPR-2020-A000407,Yuezun Li,"University at Albany, State University of New York, USA",United States,CVPR,2020
CVPR-2020-A000408,Xin Yang,"University at Albany, State University of New York, USA",United States,CVPR,2020
CVPR-2020-A000409,Pu Sun,"University of Chinese Academy of Sciences, China",China,CVPR,2020
CVPR-2020-A000410,Honggang Qi,"University of Chinese Academy of Sciences, China",China,CVPR,2020
CVPR-2020-A000411,Siwei Lyu,"University at Albany, State University of New York, USA",United States,CVPR,2020
CVPR-2020-A000412,Yan Li,"Platform and Content Group (PCG), Tencent State Key Laboratory for Novel Software Technology, Nanjing University, China Department of Computer Science and Engineering, Southern University of Science and Technology, China",China,CVPR,2020
CVPR-2020-A000413,Bin Ji,"Platform and Content Group (PCG), Tencent State Key Laboratory for Novel Software Technology, Nanjing University, China Department of Computer Science and Engineering, Southern University of Science and Technology, China",China,CVPR,2020
CVPR-2020-A000414,Xintian Shi,"Platform and Content Group (PCG), Tencent State Key Laboratory for Novel Software Technology, Nanjing University, China Department of Computer Science and Engineering, Southern University of Science and Technology, China",China,CVPR,2020
CVPR-2020-A000415,Jianguo Zhang,"Platform and Content Group (PCG), Tencent State Key Laboratory for Novel Software Technology, Nanjing University, China Department of Computer Science and Engineering, Southern University of Science and Technology, China",China,CVPR,2020
CVPR-2020-A000416,Bin Kang,"Platform and Content Group (PCG), Tencent State Key Laboratory for Novel Software Technology, Nanjing University, China Department of Computer Science and Engineering, Southern University of Science and Technology, China",China,CVPR,2020
CVPR-2020-A000417,Limin Wang,"Platform and Content Group (PCG), Tencent State Key Laboratory for Novel Software Technology, Nanjing University, China Department of Computer Science and Engineering, Southern University of Science and Technology, China",China,CVPR,2020
CVPR-2020-A000418,Yutian Lin,Hangzhou Dianzi University,China,CVPR,2020
CVPR-2020-A000419,Lingxi Xie,Huawei Inc.,China,CVPR,2020
CVPR-2020-A000420,Yu Wu,"Baidu Research | ReLER, University of Technology Sydney",China | Australia,CVPR,2020
CVPR-2020-A000421,Chenggang Yan,Hangzhou Dianzi University,China,CVPR,2020
CVPR-2020-A000422,Qi Tian,Huawei Inc.,China,CVPR,2020
CVPR-2020-A000423,Hanting Chen,"Key Lab of Machine Perception (MOE), Dept. of Machine Intelligence, Peking University. | Noah’s Ark Lab, Huawei Technologies.",China,CVPR,2020
CVPR-2020-A000424,Yunhe Wang,"Noah’s Ark Lab, Huawei Technologies.",UNKNOWN,CVPR,2020
CVPR-2020-A000425,Han Shu,"Noah’s Ark Lab, Huawei Technologies.",UNKNOWN,CVPR,2020
CVPR-2020-A000426,Yehui Tang,"Key Lab of Machine Perception (MOE), Dept. of Machine Intelligence, Peking University. | Noah’s Ark Lab, Huawei Technologies.",China,CVPR,2020
CVPR-2020-A000427,Chunjing Xu,"Noah’s Ark Lab, Huawei Technologies.",UNKNOWN,CVPR,2020
CVPR-2020-A000428,Boxin Shi,"NELVT, Dept. of CS, Peking University. | Peng Cheng Laboratory.",China,CVPR,2020
CVPR-2020-A000429,Chao Xu,"Key Lab of Machine Perception (MOE), Dept. of Machine Intelligence, Peking University.",China,CVPR,2020
CVPR-2020-A000430,Qi Tian,"Noah’s Ark Lab, Huawei Technologies.",UNKNOWN,CVPR,2020
CVPR-2020-A000431,Chang Xu,"School of Computer Science, Faculty of Engineering, The University of Sydney.",Australia,CVPR,2020
CVPR-2020-A000432,Sen Jia,Ryerson University,Canada,CVPR,2020
CVPR-2020-A000433,Neil D. B. Bruce,"Ryerson University, Vector Institute",Canada,CVPR,2020
CVPR-2020-A000434,Se Jung Kwon,"Samsung Research, Republic of Korea Harvard University, MA",South Korea,CVPR,2020
CVPR-2020-A000435,Dongsoo Lee,"Samsung Research, Republic of Korea Harvard University, MA",South Korea,CVPR,2020
CVPR-2020-A000436,Byeongwook Kim,"Samsung Research, Republic of Korea Harvard University, MA",South Korea,CVPR,2020
CVPR-2020-A000437,Parichay Kapoor,"Samsung Research, Republic of Korea Harvard University, MA",South Korea,CVPR,2020
CVPR-2020-A000438,Baeseong Park,"Samsung Research, Republic of Korea Harvard University, MA",South Korea,CVPR,2020
CVPR-2020-A000439,Gu-Yeon Wei,"Samsung Research, Republic of Korea Harvard University, MA",South Korea,CVPR,2020
CVPR-2020-A000440,Zeng Huang,"Facebook Reality Labs, Sausalito, USA | University of Southern California, USA",United States,CVPR,2020
CVPR-2020-A000441,Yuanlu Xu,"Facebook Reality Labs, Sausalito, USA",United States,CVPR,2020
CVPR-2020-A000442,Christoph Lassner,"Facebook Reality Labs, Sausalito, USA",United States,CVPR,2020
CVPR-2020-A000443,Hao Li,"University of Southern California, USA",United States,CVPR,2020
CVPR-2020-A000444,Tony Tung,"Facebook Reality Labs, Sausalito, USA",United States,CVPR,2020
CVPR-2020-A000445,Danhang Tang,Google,UNKNOWN,CVPR,2020
CVPR-2020-A000446,Saurabh Singh,Google,UNKNOWN,CVPR,2020
CVPR-2020-A000447,Philip A. Chou,Google,UNKNOWN,CVPR,2020
CVPR-2020-A000448,Christian Hane,Google,UNKNOWN,CVPR,2020
CVPR-2020-A000449,Mingsong Dou,Google,UNKNOWN,CVPR,2020
CVPR-2020-A000450,Sean Fanello,Google,UNKNOWN,CVPR,2020
CVPR-2020-A000451,Jonathan Taylor,Google,UNKNOWN,CVPR,2020
CVPR-2020-A000452,Philip Davidson,Google,UNKNOWN,CVPR,2020
CVPR-2020-A000453,Onur G. Guleryuz,Google,UNKNOWN,CVPR,2020
CVPR-2020-A000454,Yinda Zhang,Google,UNKNOWN,CVPR,2020
CVPR-2020-A000455,Shahram Izadi,Google,UNKNOWN,CVPR,2020
CVPR-2020-A000456,Andrea Tagliasacchi,Google,UNKNOWN,CVPR,2020
CVPR-2020-A000457,Sofien Bouaziz,Google,UNKNOWN,CVPR,2020
CVPR-2020-A000458,Cem Keskin,Google,UNKNOWN,CVPR,2020
CVPR-2020-A000459,Jin Xiao,The Hong Kong Polytechnic University,Hong Kong,CVPR,2020
CVPR-2020-A000460,Shuhang Gu,The Hong Kong Polytechnic University,Hong Kong,CVPR,2020
CVPR-2020-A000461,Lei Zhang,The Hong Kong Polytechnic University,Hong Kong,CVPR,2020
CVPR-2020-A000462,Ciprian A. Corneanu,UNKNOWN,UNKNOWN,CVPR,2020
CVPR-2020-A000463,Sergio Escalera,UNKNOWN,UNKNOWN,CVPR,2020
CVPR-2020-A000464,Aleix M. Martinez,UNKNOWN,UNKNOWN,CVPR,2020
CVPR-2020-A000465,Davide Abati,University of Modena and Reggio Emilia Qualcomm AI Research Qualcomm Technologies Netherlands B.V.,Netherlands,CVPR,2020
CVPR-2020-A000466,Jakub Tomczak,University of Modena and Reggio Emilia Qualcomm AI Research Qualcomm Technologies Netherlands B.V.,Netherlands,CVPR,2020
CVPR-2020-A000467,Tijmen Blankevoort,University of Modena and Reggio Emilia Qualcomm AI Research Qualcomm Technologies Netherlands B.V.,Netherlands,CVPR,2020
CVPR-2020-A000468,Simone Calderara,University of Modena and Reggio Emilia Qualcomm AI Research Qualcomm Technologies Netherlands B.V.,Netherlands,CVPR,2020
CVPR-2020-A000469,Rita Cucchiara,University of Modena and Reggio Emilia Qualcomm AI Research Qualcomm Technologies Netherlands B.V.,Netherlands,CVPR,2020
CVPR-2020-A000470,Babak Ehteshami Bejnordi,University of Modena and Reggio Emilia Qualcomm AI Research Qualcomm Technologies Netherlands B.V.,Netherlands,CVPR,2020
CVPR-2020-A000471,Yucheng Shi,"College of Intelligence and Computing, Tianjin University, Tianjin, China | Tianjin Key Lab of Machine Learning, Tianjin University, Tianjin, China",China,CVPR,2020
CVPR-2020-A000472,Yahong Han,"College of Intelligence and Computing, Tianjin University, Tianjin, China | Tianjin Key Lab of Machine Learning, Tianjin University, Tianjin, China",China,CVPR,2020
CVPR-2020-A000473,Qi Tian,"Noah’s Ark Lab, Huawei Technologies",China,CVPR,2020
CVPR-2020-A000474,Wei Chen,"School of Computer Science, University of Birmingham | School of Computer Science, National University of Defense Technology",United Kingdom | China,CVPR,2020
CVPR-2020-A000475,Xi Jia,"School of Computer Science, University of Birmingham",United Kingdom,CVPR,2020
CVPR-2020-A000476,Hyung Jin Chang,"School of Computer Science, University of Birmingham",United Kingdom,CVPR,2020
CVPR-2020-A000477,Jinming Duan,"School of Computer Science, University of Birmingham",United Kingdom,CVPR,2020
CVPR-2020-A000478,Ales Leonardis,UNKNOWN,UNKNOWN,CVPR,2020
CVPR-2020-A000479,Ling Zhou,UNKNOWN,UNKNOWN,CVPR,2020
CVPR-2020-A000480,Zhen Cui,UNKNOWN,UNKNOWN,CVPR,2020
CVPR-2020-A000481,Chunyan Xu,UNKNOWN,UNKNOWN,CVPR,2020
CVPR-2020-A000482,Zhenyu Zhang,UNKNOWN,UNKNOWN,CVPR,2020
CVPR-2020-A000483,Chaoqun Wang,UNKNOWN,UNKNOWN,CVPR,2020
CVPR-2020-A000484,Tong Zhang,UNKNOWN,UNKNOWN,CVPR,2020
CVPR-2020-A000485,Jian Yang,UNKNOWN,UNKNOWN,CVPR,2020
CVPR-2020-A000486,An Xu,"Electrical and Computer Engineering Department, University of Pittsburgh, PA, USA JD Finance America Corporation, Mountain View, CA, USA",United States,CVPR,2020
CVPR-2020-A000487,Zhouyuan Huo,"Electrical and Computer Engineering Department, University of Pittsburgh, PA, USA JD Finance America Corporation, Mountain View, CA, USA",United States,CVPR,2020
CVPR-2020-A000488,Heng Huang,"Electrical and Computer Engineering Department, University of Pittsburgh, PA, USA JD Finance America Corporation, Mountain View, CA, USA",United States,CVPR,2020
CVPR-2020-A000489,Xiaohang Zhan,"CUHK - SenseTime Joint Lab, The Chinese University of Hong Kong",China,CVPR,2020
CVPR-2020-A000490,Xingang Pan,"CUHK - SenseTime Joint Lab, The Chinese University of Hong Kong",China,CVPR,2020
CVPR-2020-A000491,Bo Dai,"CUHK - SenseTime Joint Lab, The Chinese University of Hong Kong",China,CVPR,2020
CVPR-2020-A000492,Ziwei Liu,"CUHK - SenseTime Joint Lab, The Chinese University of Hong Kong",China,CVPR,2020
CVPR-2020-A000493,Dahua Lin,"CUHK - SenseTime Joint Lab, The Chinese University of Hong Kong",China,CVPR,2020
CVPR-2020-A000494,Chen Change Loy,Nanyang Technological University,Singapore,CVPR,2020
CVPR-2020-A000495,Jian Wang,University of Virginia,United States,CVPR,2020
CVPR-2020-A000496,Miaomiao Zhang,University of Virginia,United States,CVPR,2020
CVPR-2020-A000497,Hong Joo Lee,"Image and Video Systems Lab, School of Electrical Engineering, KAIST, South Korea",South Korea,CVPR,2020
CVPR-2020-A000498,Jung Uk Kim,"Image and Video Systems Lab, School of Electrical Engineering, KAIST, South Korea",South Korea,CVPR,2020
CVPR-2020-A000499,Sangmin Lee,"Image and Video Systems Lab, School of Electrical Engineering, KAIST, South Korea",South Korea,CVPR,2020
CVPR-2020-A000500,Hak Gu Kim,"Image and Video Systems Lab, School of Electrical Engineering, KAIST, South Korea",South Korea,CVPR,2020
CVPR-2020-A000501,Yong Man Ro,"Image and Video Systems Lab, School of Electrical Engineering, KAIST, South Korea",South Korea,CVPR,2020
CVPR-2020-A000502,Jie Liu,"State Key Laboratory for Novel Software Technology, Nanjing University, China",China,CVPR,2020
CVPR-2020-A000503,Wenjie Zhang,"State Key Laboratory for Novel Software Technology, Nanjing University, China",China,CVPR,2020
CVPR-2020-A000504,Yuting Tang,"State Key Laboratory for Novel Software Technology, Nanjing University, China",China,CVPR,2020
CVPR-2020-A000505,Jie Tang,"State Key Laboratory for Novel Software Technology, Nanjing University, China",China,CVPR,2020
CVPR-2020-A000506,Gangshan Wu,"State Key Laboratory for Novel Software Technology, Nanjing University, China",China,CVPR,2020
CVPR-2020-A000507,Huaidong Zhang,South China University of Technology,China,CVPR,2020
CVPR-2020-A000508,Xuemiao Xu,UNKNOWN,UNKNOWN,CVPR,2020
CVPR-2020-A000509,Guoqiang Han,South China University of Technology,China,CVPR,2020
CVPR-2020-A000510,Shengfeng He,UNKNOWN,UNKNOWN,CVPR,2020
CVPR-2020-A000511,Jie Song,"Zhejiang University, Stevens Institute of Technology",China | United States,CVPR,2020
CVPR-2020-A000512,Yixin Chen,"Zhejiang University, Stevens Institute of Technology",China | United States,CVPR,2020
CVPR-2020-A000513,Jingwen Ye,"Zhejiang University, Stevens Institute of Technology",China | United States,CVPR,2020
CVPR-2020-A000514,Xinchao Wang,"Zhejiang University, Stevens Institute of Technology",China | United States,CVPR,2020
CVPR-2020-A000515,Chengchao Shen,"Zhejiang University, Stevens Institute of Technology",China | United States,CVPR,2020
CVPR-2020-A000516,Feng Mao,"Zhejiang University, Stevens Institute of Technology",China | United States,CVPR,2020
CVPR-2020-A000517,Mingli Song,"Zhejiang University, Stevens Institute of Technology",China | United States,CVPR,2020
CVPR-2020-A000518,Ziyu Liu,"The University of Sydney University of Chinese Academy of Sciences & CASIA The University of Sydney, SenseTime Computer Vision Research Group, Australia",China | Australia,CVPR,2020
CVPR-2020-A000519,Hongwen Zhang,"The University of Sydney University of Chinese Academy of Sciences & CASIA The University of Sydney, SenseTime Computer Vision Research Group, Australia",China | Australia,CVPR,2020
CVPR-2020-A000520,Zhenghao Chen,"The University of Sydney University of Chinese Academy of Sciences & CASIA The University of Sydney, SenseTime Computer Vision Research Group, Australia",China | Australia,CVPR,2020
CVPR-2020-A000521,Zhiyong Wang,"The University of Sydney University of Chinese Academy of Sciences & CASIA The University of Sydney, SenseTime Computer Vision Research Group, Australia",China | Australia,CVPR,2020
CVPR-2020-A000522,Wanli Ouyang,"The University of Sydney University of Chinese Academy of Sciences & CASIA The University of Sydney, SenseTime Computer Vision Research Group, Australia",China | Australia,CVPR,2020
CVPR-2020-A000523,Xiaolong Li,UNKNOWN,UNKNOWN,CVPR,2020
CVPR-2020-A000524,He Wang,Stanford University,United States,CVPR,2020
CVPR-2020-A000525,Li Yi,Google Research,UNKNOWN,CVPR,2020
CVPR-2020-A000526,Leonidas J. Guibas,UNKNOWN,UNKNOWN,CVPR,2020
CVPR-2020-A000527,A. Lynn Abbott,UNKNOWN,UNKNOWN,CVPR,2020
CVPR-2020-A000528,Shuran Song,Columbia University,United States,CVPR,2020
CVPR-2020-A000529,Charles R. Qi,Stanford University,United States,CVPR,2020
CVPR-2020-A000530,Xinlei Chen,Stanford University,United States,CVPR,2020
CVPR-2020-A000531,Or Litany,Stanford University,United States,CVPR,2020
CVPR-2020-A000532,Leonidas J. Guibas,Stanford University,United States,CVPR,2020
CVPR-2020-A000533,Sven Gowal,UNKNOWN,UNKNOWN,CVPR,2020
CVPR-2020-A000534,Chongli Qin,UNKNOWN,UNKNOWN,CVPR,2020
CVPR-2020-A000535,Po-Sen Huang,UNKNOWN,UNKNOWN,CVPR,2020
CVPR-2020-A000536,Taylan Cemgil,UNKNOWN,UNKNOWN,CVPR,2020
CVPR-2020-A000537,Krishnamurthy Dvijotham,UNKNOWN,UNKNOWN,CVPR,2020
CVPR-2020-A000538,Timothy Mann,UNKNOWN,UNKNOWN,CVPR,2020
CVPR-2020-A000539,Pushmeet Kohli,UNKNOWN,UNKNOWN,CVPR,2020
CVPR-2020-A000540,Javier Grau Chopite,UNKNOWN,UNKNOWN,CVPR,2020
CVPR-2020-A000541,Matthias B. Hullin,UNKNOWN,UNKNOWN,CVPR,2020
CVPR-2020-A000542,Michael Wand,UNKNOWN,UNKNOWN,CVPR,2020
CVPR-2020-A000543,Julian Iseringhausen,UNKNOWN,UNKNOWN,CVPR,2020
CVPR-2020-A000544,Lei Zhang,"Inception Institute of Artificial Intelligence (IIAI), Abu Dhabi, United Arab Emirates",United Arab Emirates,CVPR,2020
CVPR-2020-A000545,Jiangtao Nie,"School of Computer Science, Northwestern Polytechnical University, Xi’an, China",China,CVPR,2020
CVPR-2020-A000546,Wei Wei,"School of Computer Science, Northwestern Polytechnical University, Xi’an, China | Northwestern Polytechnical University in Shenzhen, Shenzhen, China",China,CVPR,2020
CVPR-2020-A000547,Yanning Zhang,"School of Computer Science, Northwestern Polytechnical University, Xi’an, China",China,CVPR,2020
CVPR-2020-A000548,Shengcai Liao,"Inception Institute of Artificial Intelligence (IIAI), Abu Dhabi, United Arab Emirates",United Arab Emirates,CVPR,2020
CVPR-2020-A000549,Ling Shao,"Inception Institute of Artificial Intelligence (IIAI), Abu Dhabi, United Arab Emirates",United Arab Emirates,CVPR,2020
CVPR-2020-A000550,Lin Liu,"CAS Key Laboratory of GIPAS, University of Science and Technology of China | Noah’s Ark Lab, Huawei Technologies",China,CVPR,2020
CVPR-2020-A000551,Xu Jia,"Noah’s Ark Lab, Huawei Technologies",China,CVPR,2020
CVPR-2020-A000552,Jianzhuang Liu,"Noah’s Ark Lab, Huawei Technologies",China,CVPR,2020
CVPR-2020-A000553,Qi Tian,"Noah’s Ark Lab, Huawei Technologies",China,CVPR,2020
CVPR-2020-A000554,Hanyu Shi,Nanyang Technological University,Singapore,CVPR,2020
CVPR-2020-A000555,Guosheng Lin,Nanyang Technological University,Singapore,CVPR,2020
CVPR-2020-A000556,Hao Wang,Nanyang Technological University,Singapore,CVPR,2020
CVPR-2020-A000557,Tzu-Yi Hung,UNKNOWN,UNKNOWN,CVPR,2020
CVPR-2020-A000558,Zhenhua Wang,Zhejiang University of Technology,China,CVPR,2020
CVPR-2020-A000559,Wanyu Lin,University of Toronto,Canada,CVPR,2020
CVPR-2020-A000560,Zhaolin Gao,University of Toronto,Canada,CVPR,2020
CVPR-2020-A000561,Baochun Li,University of Toronto,Canada,CVPR,2020
CVPR-2020-A000562,Ming Hong,UNKNOWN,UNKNOWN,CVPR,2020
CVPR-2020-A000563,Yuan Xie,UNKNOWN,UNKNOWN,CVPR,2020
CVPR-2020-A000564,Cuihua Li,UNKNOWN,UNKNOWN,CVPR,2020
CVPR-2020-A000565,Yanyun Qu,UNKNOWN,UNKNOWN,CVPR,2020
CVPR-2020-A000566,Kenji Enomoto,Osaka University,Japan,CVPR,2020
CVPR-2020-A000567,Michael Waechter,Osaka University,Japan,CVPR,2020
CVPR-2020-A000568,Kiriakos N. Kutulakos,University of Toronto,Canada,CVPR,2020
CVPR-2020-A000569,Yasuyuki Matsushita,Osaka University,Japan,CVPR,2020
CVPR-2020-A000570,Sungjoon Choi,Seoul National University,South Korea,CVPR,2020
CVPR-2020-A000571,Sanghoon Hong,Seoul National University,South Korea,CVPR,2020
CVPR-2020-A000572,Kyungjae Lee,Seoul National University,South Korea,CVPR,2020
CVPR-2020-A000573,Sungbin Lim,Seoul National University,South Korea,CVPR,2020
CVPR-2020-A000574,Jiacheng Wei,"Nanyang Technological University, Singapore",Singapore,CVPR,2020
CVPR-2020-A000575,Guosheng Lin,"Nanyang Technological University, Singapore",Singapore,CVPR,2020
CVPR-2020-A000576,Kim-Hui Yap,"Nanyang Technological University, Singapore",Singapore,CVPR,2020
CVPR-2020-A000577,Tzu-Yi Hung,"Delta Research Center, Singapore",Singapore,CVPR,2020
CVPR-2020-A000578,Lihua Xie,"Nanyang Technological University, Singapore",Singapore,CVPR,2020
CVPR-2020-A000579,Vivek B.S.,UNKNOWN,UNKNOWN,CVPR,2020
CVPR-2020-A000580,R. Venkatesh Babu,UNKNOWN,UNKNOWN,CVPR,2020
CVPR-2020-A000581,Zhenyu Zhang,UNKNOWN,UNKNOWN,CVPR,2020
CVPR-2020-A000582,Stephane Lathuiliere,UNKNOWN,UNKNOWN,CVPR,2020
CVPR-2020-A000583,Elisa Ricci,UNKNOWN,UNKNOWN,CVPR,2020
CVPR-2020-A000584,Nicu Sebe,UNKNOWN,UNKNOWN,CVPR,2020
CVPR-2020-A000585,Yan Yan,UNKNOWN,UNKNOWN,CVPR,2020
CVPR-2020-A000586,Jian Yang,UNKNOWN,UNKNOWN,CVPR,2020
CVPR-2020-A000587,Jin Han,"Key Laboratory of Machine Perception (MOE), Dept. of Machine Intelligence, Peking University",China,CVPR,2020
CVPR-2020-A000588,Chu Zhou,"Key Laboratory of Machine Perception (MOE), Dept. of Machine Intelligence, Peking University",China,CVPR,2020
CVPR-2020-A000589,Peiqi Duan,"National Engineering Laboratory for Video Technology, Dept. of Computer Science, Peking University",China,CVPR,2020
CVPR-2020-A000590,Yehui Tang,"Key Laboratory of Machine Perception (MOE), Dept. of Machine Intelligence, Peking University",China,CVPR,2020
CVPR-2020-A000591,Chang Xu,"School of Computer Science, Faculty of Engineering, University of Sydney",Australia,CVPR,2020
CVPR-2020-A000592,Chao Xu,"Key Laboratory of Machine Perception (MOE), Dept. of Machine Intelligence, Peking University",China,CVPR,2020
CVPR-2020-A000593,Tiejun Huang,"National Engineering Laboratory for Video Technology, Dept. of Computer Science, Peking University",China,CVPR,2020
CVPR-2020-A000594,Boxin Shi,"National Engineering Laboratory for Video Technology, Dept. of Computer Science, Peking University",China,CVPR,2020
CVPR-2020-A000595,Ming Cai,The University of Adelaide,Australia,CVPR,2020
CVPR-2020-A000596,Ian Reid,The University of Adelaide,Australia,CVPR,2020
CVPR-2020-A000597,Yuesong Nan,"Department of Mathematics, National University of Singapore, Singapore",Singapore,CVPR,2020
CVPR-2020-A000598,Hui Ji,"Department of Mathematics, National University of Singapore, Singapore",Singapore,CVPR,2020
CVPR-2020-A000599,Rui Wang,University of North Carolina at Chapel Hill,United States,CVPR,2020
CVPR-2020-A000600,David Geraghty,"Facebook, Inc.",United States,CVPR,2020
CVPR-2020-A000601,Kevin Matzen,"Facebook, Inc.",United States,CVPR,2020
CVPR-2020-A000602,Richard Szeliski,"Facebook, Inc.",United States,CVPR,2020
CVPR-2020-A000603,Jan-Michael Frahm,"University of North Carolina at Chapel Hill | Facebook, Inc.",United States,CVPR,2020
CVPR-2020-A000604,Dian Shao,"CUHK-SenseTime Joint Lab, The Chinese University of Hong Kong",China,CVPR,2020
CVPR-2020-A000605,Yue Zhao,"CUHK-SenseTime Joint Lab, The Chinese University of Hong Kong",China,CVPR,2020
CVPR-2020-A000606,Bo Dai,"CUHK-SenseTime Joint Lab, The Chinese University of Hong Kong",China,CVPR,2020
CVPR-2020-A000607,Dahua Lin,"CUHK-SenseTime Joint Lab, The Chinese University of Hong Kong",China,CVPR,2020
CVPR-2020-A000608,Peiwen Lin,SenseTime Research,China,CVPR,2020
CVPR-2020-A000609,Peng Sun,Zhejiang University,China,CVPR,2020
CVPR-2020-A000610,Guangliang Cheng,SenseTime Research,China,CVPR,2020
CVPR-2020-A000611,Sirui Xie,"University of California, Los Angeles",United States,CVPR,2020
CVPR-2020-A000612,Xi Li,Zhejiang University,China,CVPR,2020
CVPR-2020-A000613,Jianping Shi,SenseTime Research,China,CVPR,2020
CVPR-2020-A000614,Chenyang Lei,UNKNOWN,UNKNOWN,CVPR,2020
CVPR-2020-A000615,Xuhua Huang,UNKNOWN,UNKNOWN,CVPR,2020
CVPR-2020-A000616,Mengdi Zhang,UNKNOWN,UNKNOWN,CVPR,2020
CVPR-2020-A000617,Qiong Yan,UNKNOWN,UNKNOWN,CVPR,2020
CVPR-2020-A000618,Wenxiu Sun,UNKNOWN,UNKNOWN,CVPR,2020
CVPR-2020-A000619,Qifeng Chen,UNKNOWN,UNKNOWN,CVPR,2020
CVPR-2020-A000620,Mathieu Labussiere,UNKNOWN,UNKNOWN,CVPR,2020
CVPR-2020-A000621,Celine Teuliere,UNKNOWN,UNKNOWN,CVPR,2020
CVPR-2020-A000622,Frederic Bernardin,UNKNOWN,UNKNOWN,CVPR,2020
CVPR-2020-A000623,Omar Ait-Aider,UNKNOWN,UNKNOWN,CVPR,2020
CVPR-2020-A000624,Andreas Meuleman,KAIST,South Korea,CVPR,2020
CVPR-2020-A000625,Seung-Hwan Baek,KAIST,South Korea,CVPR,2020
CVPR-2020-A000626,Felix Heide,Princeton University,United States,CVPR,2020
CVPR-2020-A000627,Min H. Kim,KAIST,South Korea,CVPR,2020
CVPR-2020-A000628,Paul Bergmann,UNKNOWN,UNKNOWN,CVPR,2020
CVPR-2020-A000629,Michael Fauser,UNKNOWN,UNKNOWN,CVPR,2020
CVPR-2020-A000630,David Sattlegger,UNKNOWN,UNKNOWN,CVPR,2020
CVPR-2020-A000631,Carsten Steger,UNKNOWN,UNKNOWN,CVPR,2020
CVPR-2020-A000632,Ke Xu,Dalian University of Technology | City University of Hong Kong,China | Hong Kong,CVPR,2020
CVPR-2020-A000633,Xin Yang,Dalian University of Technology,China,CVPR,2020
CVPR-2020-A000634,Baocai Yin,Dalian University of Technology | Pengcheng Lab,China,CVPR,2020
CVPR-2020-A000635,Rynson W.H. Lau,City University of Hong Kong,Hong Kong,CVPR,2020
CVPR-2020-A000636,Mingbao Lin,"Media Analytics and Computing Laboratory, Department of Artificial Intelligence, School of",UNKNOWN,CVPR,2020
CVPR-2020-A000637,Rongrong Ji,"Media Analytics and Computing Laboratory, Department of Artificial Intelligence, School of | Peng Cheng Laboratory, Shenzhen, China",China,CVPR,2020
CVPR-2020-A000638,Yan Wang,"Pinterest, USA",United States,CVPR,2020
CVPR-2020-A000639,Yichen Zhang,"Media Analytics and Computing Laboratory, Department of Artificial Intelligence, School of",UNKNOWN,CVPR,2020
CVPR-2020-A000640,Baochang Zhang,"Beihang University, China",China,CVPR,2020
CVPR-2020-A000641,Yonghong Tian,"Peking University, Beijing, China | Peng Cheng Laboratory, Shenzhen, China",China,CVPR,2020
CVPR-2020-A000642,Ling Shao,"Inception Institute of Artificial Intelligence, Abu Dhabi, UAE",United Arab Emirates,CVPR,2020
CVPR-2020-A000643,Haofei Xu,University of Science and Technology of China,China,CVPR,2020
CVPR-2020-A000644,Juyong Zhang,University of Science and Technology of China,China,CVPR,2020
CVPR-2020-A000645,Kaihua Tang,Renmin University of China,China,CVPR,2020
CVPR-2020-A000646,Yulei Niu,Renmin University of China,China,CVPR,2020
CVPR-2020-A000647,Jianqiang Huang,Renmin University of China,China,CVPR,2020
CVPR-2020-A000648,Jiaxin Shi,Renmin University of China,China,CVPR,2020
CVPR-2020-A000649,Hanwang Zhang,Renmin University of China,China,CVPR,2020
CVPR-2020-A000650,Yehui Tang,"Key Lab of Machine Perception (MOE), Dept. of Machine Intelligence, Peking University. | Noah’s Ark Lab, Huawei Technologies.",China,CVPR,2020
CVPR-2020-A000651,Yunhe Wang,"Noah’s Ark Lab, Huawei Technologies.",UNKNOWN,CVPR,2020
CVPR-2020-A000652,Yixing Xu,"Noah’s Ark Lab, Huawei Technologies.",UNKNOWN,CVPR,2020
CVPR-2020-A000653,Hanting Chen,"Key Lab of Machine Perception (MOE), Dept. of Machine Intelligence, Peking University. | Noah’s Ark Lab, Huawei Technologies.",China,CVPR,2020
CVPR-2020-A000654,Boxin Shi,"NELVT, Dept. of CS, Peking University. | Peng Cheng Laboratory.",China,CVPR,2020
CVPR-2020-A000655,Chao Xu,"Key Lab of Machine Perception (MOE), Dept. of Machine Intelligence, Peking University.",China,CVPR,2020
CVPR-2020-A000656,Chunjing Xu,"Noah’s Ark Lab, Huawei Technologies.",UNKNOWN,CVPR,2020
CVPR-2020-A000657,Qi Tian,"Noah’s Ark Lab, Huawei Technologies.",UNKNOWN,CVPR,2020
CVPR-2020-A000658,Chang Xu,"School of Computer Science, Faculty of Engineering, University of Sydney.",Australia,CVPR,2020
CVPR-2020-A000659,Sungyeon Kim,UNKNOWN,UNKNOWN,CVPR,2020
CVPR-2020-A000660,Dongwon Kim,UNKNOWN,UNKNOWN,CVPR,2020
CVPR-2020-A000661,Minsu Cho,UNKNOWN,UNKNOWN,CVPR,2020
CVPR-2020-A000662,Suha Kwak,UNKNOWN,UNKNOWN,CVPR,2020
CVPR-2020-A000663,Soheil Kolouri,": HRL Laboratories, LLC., Malibu, CA, USA, : University of Maryland, Baltimore County, MD",United States,CVPR,2020
CVPR-2020-A000664,Aniruddha Saha,": HRL Laboratories, LLC., Malibu, CA, USA, : University of Maryland, Baltimore County, MD",United States,CVPR,2020
CVPR-2020-A000665,Hamed Pirsiavash,": HRL Laboratories, LLC., Malibu, CA, USA, : University of Maryland, Baltimore County, MD",United States,CVPR,2020
CVPR-2020-A000666,Heiko Hoffmann,": HRL Laboratories, LLC., Malibu, CA, USA, : University of Maryland, Baltimore County, MD",United States,CVPR,2020
CVPR-2020-A000667,Rundi Wu,"Center on Frontiers of Computing Studies, Peking University",China,CVPR,2020
CVPR-2020-A000668,Yixin Zhuang,"Center on Frontiers of Computing Studies, Peking University",China,CVPR,2020
CVPR-2020-A000669,Kai Xu,National University of Defense Technology,China,CVPR,2020
CVPR-2020-A000670,Hao Zhang,Simon Fraser University,Canada,CVPR,2020
CVPR-2020-A000671,Baoquan Chen,"Center on Frontiers of Computing Studies, Peking University",China,CVPR,2020
CVPR-2020-A000672,Zhenpei Yang,UNKNOWN,UNKNOWN,CVPR,2020
CVPR-2020-A000673,Siming Yan,UNKNOWN,UNKNOWN,CVPR,2020
CVPR-2020-A000674,Qixing Huang,UNKNOWN,UNKNOWN,CVPR,2020
CVPR-2020-A000675,Yu-Lun Liu,National Taiwan University MediaTek Inc. Google UC Merced Virginia Tech,Taiwan,CVPR,2020
CVPR-2020-A000676,Wei-Sheng Lai,National Taiwan University MediaTek Inc. Google UC Merced Virginia Tech,Taiwan,CVPR,2020
CVPR-2020-A000677,Yu-Sheng Chen,National Taiwan University MediaTek Inc. Google UC Merced Virginia Tech,Taiwan,CVPR,2020
CVPR-2020-A000678,Yi-Lung Kao,National Taiwan University MediaTek Inc. Google UC Merced Virginia Tech,Taiwan,CVPR,2020
CVPR-2020-A000679,Ming-Hsuan Yang,National Taiwan University MediaTek Inc. Google UC Merced Virginia Tech,Taiwan,CVPR,2020
CVPR-2020-A000680,Yung-Yu Chuang,National Taiwan University MediaTek Inc. Google UC Merced Virginia Tech,Taiwan,CVPR,2020
CVPR-2020-A000681,Jia-Bin Huang,National Taiwan University MediaTek Inc. Google UC Merced Virginia Tech,Taiwan,CVPR,2020
CVPR-2020-A000682,Alan Dolhasz,"Digital Media Technology Lab, Birmingham City University",United Kingdom,CVPR,2020
CVPR-2020-A000683,Carlo Harvey,"Digital Media Technology Lab, Birmingham City University",United Kingdom,CVPR,2020
CVPR-2020-A000684,Ian Williams,"Digital Media Technology Lab, Birmingham City University",United Kingdom,CVPR,2020
CVPR-2020-A000685,Chenyan Wu,"The Pennsylvania State University, University Park | Amazon Lab126",United States,CVPR,2020
CVPR-2020-A000686,Yukun Chen,"The Pennsylvania State University, University Park",United States,CVPR,2020
CVPR-2020-A000687,Jiajia Luo,Amazon Lab126,United States,CVPR,2020
CVPR-2020-A000688,Che-Chun Su,Amazon Lab126,United States,CVPR,2020
CVPR-2020-A000689,Anuja Dawane,Amazon Lab126,United States,CVPR,2020
CVPR-2020-A000690,Bikramjot Hanzra,Amazon Lab126,United States,CVPR,2020
CVPR-2020-A000691,Zhuo Deng,Amazon Lab126,United States,CVPR,2020
CVPR-2020-A000692,Bilan Liu,Amazon Lab126,United States,CVPR,2020
CVPR-2020-A000693,James Z. Wang,"The Pennsylvania State University, University Park",United States,CVPR,2020
CVPR-2020-A000694,Cheng-hao Kuo,Amazon Lab126,United States,CVPR,2020
CVPR-2020-A000695,Kai Zhang,"Cornell Tech, Cornell University",United States,CVPR,2020
CVPR-2020-A000696,Jiaxin Xie,"Cornell Tech, Cornell University",United States,CVPR,2020
CVPR-2020-A000697,Noah Snavely,"Cornell Tech, Cornell University",United States,CVPR,2020
CVPR-2020-A000698,Qifeng Chen,"Cornell Tech, Cornell University",United States,CVPR,2020
CVPR-2020-A000699,Yao Yao,The Hong Kong University of Science and Technology,Hong Kong,CVPR,2020
CVPR-2020-A000700,Zixin Luo,The Hong Kong University of Science and Technology,Hong Kong,CVPR,2020
CVPR-2020-A000701,Shiwei Li,The Hong Kong University of Science and Technology,Hong Kong,CVPR,2020
CVPR-2020-A000702,Jingyang Zhang,The Hong Kong University of Science and Technology,Hong Kong,CVPR,2020
CVPR-2020-A000703,Yufan Ren,The Hong Kong University of Science and Technology,Hong Kong,CVPR,2020
CVPR-2020-A000704,Lei Zhou,The Hong Kong University of Science and Technology,Hong Kong,CVPR,2020
CVPR-2020-A000705,Tian Fang,The Hong Kong University of Science and Technology,Hong Kong,CVPR,2020
CVPR-2020-A000706,Long Quan,The Hong Kong University of Science and Technology,Hong Kong,CVPR,2020
CVPR-2020-A000707,Fa-Ting Hong,"School of Data and Computer Science, Sun Yat-sen University, China | Accuvision Technology Co. Ltd. | Key Laboratory of Machine Intelligence and Advanced Computing, Ministry of Education, China.",China,CVPR,2020
CVPR-2020-A000708,Wei-Hong Li,"VICO Group, School of Informatics, University of Edinburgh, United Kingdom",United Kingdom,CVPR,2020
CVPR-2020-A000709,Wei-Shi Zheng,"School of Data and Computer Science, Sun Yat-sen University, China | Peng Cheng Laboratory, Shenzhen , China | Key Laboratory of Machine Intelligence and Advanced Computing, Ministry of Education, China.",China,CVPR,2020
CVPR-2020-A000710,Xishan Zhang,"State Key Lab of Computer Architecture, Institute of Computing Technology, CAS, Beijing, China",China,CVPR,2020
CVPR-2020-A000711,Shaoli Liu,"State Key Lab of Computer Architecture, Institute of Computing Technology, CAS, Beijing, China",China,CVPR,2020
CVPR-2020-A000712,Rui Zhang,"State Key Lab of Computer Architecture, Institute of Computing Technology, CAS, Beijing, China",China,CVPR,2020
CVPR-2020-A000713,Chang Liu,"State Key Lab of Computer Architecture, Institute of Computing Technology, CAS, Beijing, China",China,CVPR,2020
CVPR-2020-A000714,Di Huang,"State Key Lab of Computer Architecture, Institute of Computing Technology, CAS, Beijing, China",China,CVPR,2020
CVPR-2020-A000715,Shiyi Zhou,"State Key Lab of Computer Architecture, Institute of Computing Technology, CAS, Beijing, China",China,CVPR,2020
CVPR-2020-A000716,Jiaming Guo,"State Key Lab of Computer Architecture, Institute of Computing Technology, CAS, Beijing, China",China,CVPR,2020
CVPR-2020-A000717,Qi Guo,"State Key Lab of Computer Architecture, Institute of Computing Technology, CAS, Beijing, China",China,CVPR,2020
CVPR-2020-A000718,Zidong Du,"State Key Lab of Computer Architecture, Institute of Computing Technology, CAS, Beijing, China",China,CVPR,2020
CVPR-2020-A000719,Tian Zhi,"State Key Lab of Computer Architecture, Institute of Computing Technology, CAS, Beijing, China",China,CVPR,2020
CVPR-2020-A000720,Yunji Chen,"State Key Lab of Computer Architecture, Institute of Computing Technology, CAS, Beijing, China",China,CVPR,2020
CVPR-2020-A000721,Fudong Wang,"Wuhan University, China",China,CVPR,2020
CVPR-2020-A000722,Nan Xue,"Wuhan University, China",China,CVPR,2020
CVPR-2020-A000723,Jin-Gang Yu,"Wuhan University, China",China,CVPR,2020
CVPR-2020-A000724,Gui-Song Xia,"Wuhan University, China",China,CVPR,2020
CVPR-2020-A000725,Alexandros Lattas,"Imperial College London, UK",United Kingdom,CVPR,2020
CVPR-2020-A000726,Stylianos Moschoglou,"Imperial College London, UK",United Kingdom,CVPR,2020
CVPR-2020-A000727,Baris Gecer,"Imperial College London, UK",United Kingdom,CVPR,2020
CVPR-2020-A000728,Stylianos Ploumpis,"Imperial College London, UK",United Kingdom,CVPR,2020
CVPR-2020-A000729,Vasileios Triantafyllou,"Imperial College London, UK",United Kingdom,CVPR,2020
CVPR-2020-A000730,Abhijeet Ghosh,"Imperial College London, UK",United Kingdom,CVPR,2020
CVPR-2020-A000731,Stefanos Zafeiriou,"Imperial College London, UK",United Kingdom,CVPR,2020
CVPR-2020-A000732,Young Kyun Jang,"Department of ECE, INMC, Seoul National University, Seoul Korea",South Korea,CVPR,2020
CVPR-2020-A000733,Nam Ik Cho,"Department of ECE, INMC, Seoul National University, Seoul Korea",South Korea,CVPR,2020
CVPR-2020-A000734,Xingtong Liu,Johns Hopkins University,United States,CVPR,2020
CVPR-2020-A000735,Yiping Zheng,Johns Hopkins University,United States,CVPR,2020
CVPR-2020-A000736,Benjamin Killeen,Johns Hopkins University,United States,CVPR,2020
CVPR-2020-A000737,Masaru Ishii,Johns Hopkins University,United States,CVPR,2020
CVPR-2020-A000738,Gregory D. Hager,Johns Hopkins University,United States,CVPR,2020
CVPR-2020-A000739,Russell H. Taylor,Johns Hopkins University,United States,CVPR,2020
CVPR-2020-A000740,Mathias Unberath,Johns Hopkins University,United States,CVPR,2020
CVPR-2020-A000741,Swathikiran Sudhakaran,"Fondazione Bruno Kessler, Trento, Italy",Italy,CVPR,2020
CVPR-2020-A000742,Sergio Escalera,"Computer Vision Center, Barcelona, Spain | Universitat de Barcelona, Barcelona, Spain",Spain,CVPR,2020
CVPR-2020-A000743,Oswald Lanz,"Fondazione Bruno Kessler, Trento, Italy",Italy,CVPR,2020
CVPR-2020-A000744,Weide Liu,"Nanyang Technological University, Singapore",Singapore,CVPR,2020
CVPR-2020-A000745,Chi Zhang,"Nanyang Technological University, Singapore",Singapore,CVPR,2020
CVPR-2020-A000746,Guosheng Lin,"Nanyang Technological University, Singapore",Singapore,CVPR,2020
CVPR-2020-A000747,Fayao Liu,"A*Star, Singapore",Singapore,CVPR,2020
CVPR-2020-A000748,Muhammad Haris,"Toyota Technological Institute, Japan",Japan,CVPR,2020
CVPR-2020-A000749,Greg Shakhnarovich,Toyota Technological Institute at Chicago,United States,CVPR,2020
CVPR-2020-A000750,Norimichi Ukita,"Toyota Technological Institute, Japan",Japan,CVPR,2020
CVPR-2020-A000751,Da Zhang,"University of California, Santa Barbara; Microsoft",United States,CVPR,2020
CVPR-2020-A000752,Xiyang Dai,"University of California, Santa Barbara; Microsoft",United States,CVPR,2020
CVPR-2020-A000753,Yuan-Fang Wang,"University of California, Santa Barbara; Microsoft",United States,CVPR,2020
CVPR-2020-A000754,Bolun Zheng,UNKNOWN,UNKNOWN,CVPR,2020
CVPR-2020-A000755,Shanxin Yuan,UNKNOWN,UNKNOWN,CVPR,2020
CVPR-2020-A000756,Gregory Slabaugh,UNKNOWN,UNKNOWN,CVPR,2020
CVPR-2020-A000757,Ales Leonardis,UNKNOWN,UNKNOWN,CVPR,2020
CVPR-2020-A000758,Boyu Wang,Stony Brook University,United States,CVPR,2020
CVPR-2020-A000759,Lihan Huang,Stony Brook University,United States,CVPR,2020
CVPR-2020-A000760,Minh Hoai,Stony Brook University | VinAI Research,United States | Vietnam,CVPR,2020
CVPR-2020-A000761,Baifeng Shi,Peking University,China,CVPR,2020
CVPR-2020-A000762,Qi Dai,Microsoft Research Asia,China,CVPR,2020
CVPR-2020-A000763,Yadong Mu,Peking University,China,CVPR,2020
CVPR-2020-A000764,Jingdong Wang,Microsoft Research Asia,China,CVPR,2020
CVPR-2020-A000765,Lanqing Hu,"Key Lab of Intelligent Information Processing of Chinese Academy of Sciences (CAS), Institute of Computing | University of Chinese Academy of Sciences, Beijing , China",China,CVPR,2020
CVPR-2020-A000766,Meina Kan,"Key Lab of Intelligent Information Processing of Chinese Academy of Sciences (CAS), Institute of Computing | University of Chinese Academy of Sciences, Beijing , China",China,CVPR,2020
CVPR-2020-A000767,Shiguang Shan,"Key Lab of Intelligent Information Processing of Chinese Academy of Sciences (CAS), Institute of Computing | University of Chinese Academy of Sciences, Beijing , China | CAS Center for Excellence in Brain Science and Intelligence Technology, Shanghai, China",China,CVPR,2020
CVPR-2020-A000768,Xilin Chen,"Key Lab of Intelligent Information Processing of Chinese Academy of Sciences (CAS), Institute of Computing | University of Chinese Academy of Sciences, Beijing , China",China,CVPR,2020
CVPR-2020-A000769,Despoina Paschalidou,"Max Planck Institute for Intelligent Systems Tübingen | Computer Vision Lab, ETH Zürich | Max Planck ETH Center for Learning Systems",Germany | Switzerland,CVPR,2020
CVPR-2020-A000770,Luc Van Gool,UNKNOWN,UNKNOWN,CVPR,2020
CVPR-2020-A000771,Andreas Geiger,Max Planck Institute for Intelligent Systems Tübingen | University of Tübingen | Max Planck ETH Center for Learning Systems,Germany,CVPR,2020
CVPR-2020-A000772,Jing Jin,City University of Hong Kong,Hong Kong,CVPR,2020
CVPR-2020-A000773,Junhui Hou,City University of Hong Kong,Hong Kong,CVPR,2020
CVPR-2020-A000774,Jie Chen,Hong Kong Baptist University,Hong Kong,CVPR,2020
CVPR-2020-A000775,Sam Kwong,City University of Hong Kong,Hong Kong,CVPR,2020
CVPR-2020-A000776,Yuming Shen,"Inception Institute of Artificial Intelligence (IIAI), Abu Dhabi, UAE Center for Future Media, University of Electronic Science and Technology of China, China",China,CVPR,2020
CVPR-2020-A000777,Jie Qin,"Inception Institute of Artificial Intelligence (IIAI), Abu Dhabi, UAE Center for Future Media, University of Electronic Science and Technology of China, China",China,CVPR,2020
CVPR-2020-A000778,Jiaxin Chen,"Inception Institute of Artificial Intelligence (IIAI), Abu Dhabi, UAE Center for Future Media, University of Electronic Science and Technology of China, China",China,CVPR,2020
CVPR-2020-A000779,Mengyang Yu,"Inception Institute of Artificial Intelligence (IIAI), Abu Dhabi, UAE Center for Future Media, University of Electronic Science and Technology of China, China",China,CVPR,2020
CVPR-2020-A000780,Li Liu,"Inception Institute of Artificial Intelligence (IIAI), Abu Dhabi, UAE Center for Future Media, University of Electronic Science and Technology of China, China",China,CVPR,2020
CVPR-2020-A000781,Fan Zhu,"Inception Institute of Artificial Intelligence (IIAI), Abu Dhabi, UAE Center for Future Media, University of Electronic Science and Technology of China, China",China,CVPR,2020
CVPR-2020-A000782,Fumin Shen,"Inception Institute of Artificial Intelligence (IIAI), Abu Dhabi, UAE Center for Future Media, University of Electronic Science and Technology of China, China",China,CVPR,2020
CVPR-2020-A000783,Ling Shao,"Inception Institute of Artificial Intelligence (IIAI), Abu Dhabi, UAE Center for Future Media, University of Electronic Science and Technology of China, China",China,CVPR,2020
CVPR-2020-A000784,S. Mohammad Mostafavi I.,"GIST, South Korea",South Korea,CVPR,2020
CVPR-2020-A000785,Jonghyun Choi,"GIST, South Korea",South Korea,CVPR,2020
CVPR-2020-A000786,Kuk-Jin Yoon,"KAIST, South Korea",South Korea,CVPR,2020
CVPR-2020-A000787,Haotian Yang,UNKNOWN,UNKNOWN,CVPR,2020
CVPR-2020-A000788,Hao Zhu,UNKNOWN,UNKNOWN,CVPR,2020
CVPR-2020-A000789,Yanru Wang,Nanjing University,China,CVPR,2020
CVPR-2020-A000790,Mingkai Huang,Nanjing University,China,CVPR,2020
CVPR-2020-A000791,Qiu Shen,Nanjing University,China,CVPR,2020
CVPR-2020-A000792,Ruigang Yang,"Baidu Research | University of Kentucky | Inceptio Inc. | National Engineering Laboratory for Deep Learning Technology and Applications, China",China,CVPR,2020
CVPR-2020-A000793,Xun Cao,Nanjing University,China,CVPR,2020
CVPR-2020-A000794,Long Chen,"Department of Computer Science and Technology, Tsinghua University",China,CVPR,2020
CVPR-2020-A000795,Haizhou Ai,"Department of Computer Science and Technology, Tsinghua University",China,CVPR,2020
CVPR-2020-A000796,Rui Chen,"Department of Computer Science and Technology, Tsinghua University",China,CVPR,2020
CVPR-2020-A000797,Zijie Zhuang,"Department of Computer Science and Technology, Tsinghua University",China,CVPR,2020
CVPR-2020-A000798,Shuang Liu,"Department of Computer Science and Technology, Tsinghua University",China,CVPR,2020
CVPR-2020-A000799,Qier Meng,UNKNOWN,UNKNOWN,CVPR,2020
CVPR-2020-A000800,Satoh Shin'ichi,UNKNOWN,UNKNOWN,CVPR,2020
CVPR-2020-A000801,Zhuo Zheng,"Wuhan University, Wuhan, China",China,CVPR,2020
CVPR-2020-A000802,Yanfei Zhong,"Wuhan University, Wuhan, China",China,CVPR,2020
CVPR-2020-A000803,Junjue Wang,"Wuhan University, Wuhan, China",China,CVPR,2020
CVPR-2020-A000804,Ailong Ma,"Wuhan University, Wuhan, China",China,CVPR,2020
CVPR-2020-A000805,Richard Tucker,Google Research,UNKNOWN,CVPR,2020
CVPR-2020-A000806,Noah Snavely,Google Research,UNKNOWN,CVPR,2020
CVPR-2020-A000807,Miao Zhang,"Dalian University of Technology, China | Key Lab for Ubiquitous Network and Service Software of Liaoning Province",China,CVPR,2020
CVPR-2020-A000808,Weisong Ren,"Dalian University of Technology, China",China,CVPR,2020
CVPR-2020-A000809,Yongri Piao,"Dalian University of Technology, China",China,CVPR,2020
CVPR-2020-A000810,Zhengkun Rong,"Dalian University of Technology, China",China,CVPR,2020
CVPR-2020-A000811,Huchuan Lu,"Dalian University of Technology, China | Pengcheng Lab",China,CVPR,2020
CVPR-2020-A000812,Shuhao Cui,"Key Lab of Intell. Info. Process., Inst. of Comput. Tech., CAS, Beijing, China | University of Chinese Academy of Sciences, Beijing, China",China,CVPR,2020
CVPR-2020-A000813,Shuhui Wang,"Key Lab of Intell. Info. Process., Inst. of Comput. Tech., CAS, Beijing, China",China,CVPR,2020
CVPR-2020-A000814,Junbao Zhuo,"Key Lab of Intell. Info. Process., Inst. of Comput. Tech., CAS, Beijing, China | University of Chinese Academy of Sciences, Beijing, China",China,CVPR,2020
CVPR-2020-A000815,Liang Li,"Key Lab of Intell. Info. Process., Inst. of Comput. Tech., CAS, Beijing, China",China,CVPR,2020
CVPR-2020-A000816,Qingming Huang,"Key Lab of Intell. Info. Process., Inst. of Comput. Tech., CAS, Beijing, China | University of Chinese Academy of Sciences, Beijing, China | Peng Cheng Laboratory, Shenzhen, China",China,CVPR,2020
CVPR-2020-A000817,Qi Tian,"Noah’s Ark Lab, Huawei Technologies",China,CVPR,2020
CVPR-2020-A000818,Yuxiang Zhang,UNKNOWN,UNKNOWN,CVPR,2020
CVPR-2020-A000819,Liang An,UNKNOWN,UNKNOWN,CVPR,2020
CVPR-2020-A000820,Tao Yu,UNKNOWN,UNKNOWN,CVPR,2020
CVPR-2020-A000821,Xiu Li,UNKNOWN,UNKNOWN,CVPR,2020
CVPR-2020-A000822,Kun Li,Tianjin University,China,CVPR,2020
CVPR-2020-A000823,Yebin Liu,"Institute for Brain and Cognitive Sciences, Tsinghua University",China,CVPR,2020
CVPR-2020-A000824,Lijun Wang,Dalian University of Technology,China,CVPR,2020
CVPR-2020-A000825,Jianming Zhang,Adobe Research,United States,CVPR,2020
CVPR-2020-A000826,Oliver Wang,Adobe Research,United States,CVPR,2020
CVPR-2020-A000827,Zhe Lin,Adobe Research,United States,CVPR,2020
CVPR-2020-A000828,Huchuan Lu,Dalian University of Technology | Peng Cheng Lab,China,CVPR,2020
CVPR-2020-A000829,Abhishek Badki,UNKNOWN,UNKNOWN,CVPR,2020
CVPR-2020-A000830,Orazio Gallo,UNKNOWN,UNKNOWN,CVPR,2020
CVPR-2020-A000831,Jan Kautz,UNKNOWN,UNKNOWN,CVPR,2020
CVPR-2020-A000832,Pradeep Sen,UNKNOWN,UNKNOWN,CVPR,2020
CVPR-2020-A000833,Hongjun Wang,Sun Yat-sen University,China,CVPR,2020
CVPR-2020-A000834,Guangrun Wang,Sun Yat-sen University,China,CVPR,2020
CVPR-2020-A000835,Ya Li,Guangzhou University,China,CVPR,2020
CVPR-2020-A000836,Dongyu Zhang,Guangzhou University,China,CVPR,2020
CVPR-2020-A000837,Liang Lin,Sun Yat-sen University | DarkMatter AI,China | United Arab Emirates,CVPR,2020
CVPR-2020-A000838,Yuanen Zhou,"Key Laboratory of Knowledge Engineering with Big Data (Ministry of Education) | School of Computer Science and Information Engineering, Hefei University of Technology",China,CVPR,2020
CVPR-2020-A000839,Meng Wang,"Key Laboratory of Knowledge Engineering with Big Data (Ministry of Education) | School of Computer Science and Information Engineering, Hefei University of Technology",China,CVPR,2020
CVPR-2020-A000840,Daqing Liu,University of Science and Technology of China,China,CVPR,2020
CVPR-2020-A000841,Zhenzhen Hu,"Key Laboratory of Knowledge Engineering with Big Data (Ministry of Education) | School of Computer Science and Information Engineering, Hefei University of Technology",China,CVPR,2020
CVPR-2020-A000842,Hanwang Zhang,Nanyang Technological University,Singapore,CVPR,2020
CVPR-2020-A000843,Yana Hasson,"Inria, Département d’informatique de l’ENS, CNRS, PSL Research University ETH Zürich, Microsoft, Univ. Grenoble Alpes, CNRS, Grenoble INP, LJK",France | Switzerland,CVPR,2020
CVPR-2020-A000844,Bugra Tekin,"Inria, Département d’informatique de l’ENS, CNRS, PSL Research University ETH Zürich, Microsoft, Univ. Grenoble Alpes, CNRS, Grenoble INP, LJK",France | Switzerland,CVPR,2020
CVPR-2020-A000845,Federica Bogo,"Inria, Département d’informatique de l’ENS, CNRS, PSL Research University ETH Zürich, Microsoft, Univ. Grenoble Alpes, CNRS, Grenoble INP, LJK",France | Switzerland,CVPR,2020
CVPR-2020-A000846,Ivan Laptev,"Inria, Département d’informatique de l’ENS, CNRS, PSL Research University ETH Zürich, Microsoft, Univ. Grenoble Alpes, CNRS, Grenoble INP, LJK",France | Switzerland,CVPR,2020
CVPR-2020-A000847,Marc Pollefeys,"Inria, Département d’informatique de l’ENS, CNRS, PSL Research University ETH Zürich, Microsoft, Univ. Grenoble Alpes, CNRS, Grenoble INP, LJK",France | Switzerland,CVPR,2020
CVPR-2020-A000848,Cordelia Schmid,"Inria, Département d’informatique de l’ENS, CNRS, PSL Research University ETH Zürich, Microsoft, Univ. Grenoble Alpes, CNRS, Grenoble INP, LJK",France | Switzerland,CVPR,2020
CVPR-2020-A000849,Hamid Izadinia,UNKNOWN,UNKNOWN,CVPR,2020
CVPR-2020-A000850,Steven M. Seitz,UNKNOWN,UNKNOWN,CVPR,2020
CVPR-2020-A000851,Keren Fu,"College of Computer Science, Sichuan University College of CS, Nankai University Inception Institute of Artificial Intelligence School of Computer Science, Wuhan University Joint learning",China,CVPR,2020
CVPR-2020-A000852,Deng-Ping Fan,"College of Computer Science, Sichuan University College of CS, Nankai University Inception Institute of Artificial Intelligence School of Computer Science, Wuhan University Joint learning",China,CVPR,2020
CVPR-2020-A000853,Ge-Peng Ji,"College of Computer Science, Sichuan University College of CS, Nankai University Inception Institute of Artificial Intelligence School of Computer Science, Wuhan University Joint learning",China,CVPR,2020
CVPR-2020-A000854,Qijun Zhao,"College of Computer Science, Sichuan University College of CS, Nankai University Inception Institute of Artificial Intelligence School of Computer Science, Wuhan University Joint learning",China,CVPR,2020
CVPR-2020-A000855,Linchao Zhu,"Baidu Research | ReLER, University of Technology Sydney",China | Australia,CVPR,2020
CVPR-2020-A000856,Yi Yang,"ReLER, University of Technology Sydney",Australia,CVPR,2020
CVPR-2020-A000857,Linjun Zhou,"Tsinghua University | Noah’s Ark Lab, Huawei Technologies",China,CVPR,2020
CVPR-2020-A000858,Peng Cui,Tsinghua University,China,CVPR,2020
CVPR-2020-A000859,Xu Jia,"Noah’s Ark Lab, Huawei Technologies",China,CVPR,2020
CVPR-2020-A000860,Shiqiang Yang,Tsinghua University,China,CVPR,2020
CVPR-2020-A000861,Qi Tian,"Noah’s Ark Lab, Huawei Technologies",China,CVPR,2020
CVPR-2020-A000862,Thilini Cooray,Singapore University of Technology and Design (SUTD),Singapore,CVPR,2020
CVPR-2020-A000863,Ngai-Man Cheung,Singapore University of Technology and Design (SUTD),Singapore,CVPR,2020
CVPR-2020-A000864,Wei Lu,Singapore University of Technology and Design (SUTD),Singapore,CVPR,2020
CVPR-2020-A000865,Jeet Mohapatra,"MIT EECS, MIT-IBM Watson AI Lab, IBM Research",United States,CVPR,2020
CVPR-2020-A000866,Tsui-Wei Weng,"MIT EECS, MIT-IBM Watson AI Lab, IBM Research",United States,CVPR,2020
CVPR-2020-A000867,Pin-Yu Chen,"MIT EECS, MIT-IBM Watson AI Lab, IBM Research",United States,CVPR,2020
CVPR-2020-A000868,Sijia Liu,"MIT EECS, MIT-IBM Watson AI Lab, IBM Research",United States,CVPR,2020
CVPR-2020-A000869,Luca Daniel,"MIT EECS, MIT-IBM Watson AI Lab, IBM Research",United States,CVPR,2020
CVPR-2020-A000870,Soumyadip Sengupta,University of Washington,United States,CVPR,2020
CVPR-2020-A000871,Vivek Jayaram,University of Washington,United States,CVPR,2020
CVPR-2020-A000872,Brian Curless,University of Washington,United States,CVPR,2020
CVPR-2020-A000873,Steven M. Seitz,University of Washington,United States,CVPR,2020
CVPR-2020-A000874,Ira Kemelmacher-Shlizerman,University of Washington,United States,CVPR,2020
CVPR-2020-A000875,Seung Wook Kim,NVIDIA University of Toronto Vector Institute MIT,Canada | United States,CVPR,2020
CVPR-2020-A000876,Yuhao Zhou,NVIDIA University of Toronto Vector Institute MIT,Canada | United States,CVPR,2020
CVPR-2020-A000877,Jonah Philion,NVIDIA University of Toronto Vector Institute MIT,Canada | United States,CVPR,2020
CVPR-2020-A000878,Antonio Torralba,NVIDIA University of Toronto Vector Institute MIT,Canada | United States,CVPR,2020
CVPR-2020-A000879,Sanja Fidler,NVIDIA University of Toronto Vector Institute MIT,Canada | United States,CVPR,2020
CVPR-2020-A000880,Fumihiko Sakaue,Nagoya Institute of Technology,Japan,CVPR,2020
CVPR-2020-A000881,Jun Sato,Nagoya Institute of Technology,Japan,CVPR,2020
CVPR-2020-A000882,Dongdong Wang,University of Central Florida,United States,CVPR,2020
CVPR-2020-A000883,Yandong Li,University of Central Florida,United States,CVPR,2020
CVPR-2020-A000884,Liqiang Wang,University of Central Florida,United States,CVPR,2020
CVPR-2020-A000885,Boqing Gong,Google,UNKNOWN,CVPR,2020
CVPR-2020-A000886,Dave Epstein,Columbia University,United States,CVPR,2020
CVPR-2020-A000887,Boyuan Chen,Columbia University,United States,CVPR,2020
CVPR-2020-A000888,Carl Vondrick,Columbia University,United States,CVPR,2020
CVPR-2020-A000889,Pengfei Zhang,"Xi’an Jiaotong University, Shaanxi, China",China,CVPR,2020
CVPR-2020-A000890,Cuiling Lan,"Microsoft Research Asia, Beijing, China",China,CVPR,2020
CVPR-2020-A000891,Wenjun Zeng,"Microsoft Research Asia, Beijing, China",China,CVPR,2020
CVPR-2020-A000892,Junliang Xing,"National Laboratory of Pattern Recognition, Institute of Automation, Chinese Academy of Sciences, Beijing, China",China,CVPR,2020
CVPR-2020-A000893,Jianru Xue,"Xi’an Jiaotong University, Shaanxi, China",China,CVPR,2020
CVPR-2020-A000894,Nanning Zheng,"Xi’an Jiaotong University, Shaanxi, China",China,CVPR,2020
CVPR-2020-A000895,Saehyung Lee,"Electrical and Computer Engineering, ASRI, INMC, and Institute of Engineering Research Seoul National University, Seoul , South Korea",South Korea,CVPR,2020
CVPR-2020-A000896,Hyungyu Lee,"Electrical and Computer Engineering, ASRI, INMC, and Institute of Engineering Research Seoul National University, Seoul , South Korea",South Korea,CVPR,2020
CVPR-2020-A000897,Sungroh Yoon,"Electrical and Computer Engineering, ASRI, INMC, and Institute of Engineering Research Seoul National University, Seoul , South Korea",South Korea,CVPR,2020
CVPR-2020-A000898,Charles Herrmann,UNKNOWN,UNKNOWN,CVPR,2020
CVPR-2020-A000899,Richard Strong Bowen,UNKNOWN,UNKNOWN,CVPR,2020
CVPR-2020-A000900,Neal Wadhwa,UNKNOWN,UNKNOWN,CVPR,2020
CVPR-2020-A000901,Rahul Garg,UNKNOWN,UNKNOWN,CVPR,2020
CVPR-2020-A000902,Qiurui He,UNKNOWN,UNKNOWN,CVPR,2020
CVPR-2020-A000903,Jonathan T. Barron,UNKNOWN,UNKNOWN,CVPR,2020
CVPR-2020-A000904,Ramin Zabih,UNKNOWN,UNKNOWN,CVPR,2020
CVPR-2020-A000905,Weibin Wu,"Department of Computer Science and Engineering, The Chinese University of Hong Kong, Tencent",China,CVPR,2020
CVPR-2020-A000906,Yuxin Su,"Department of Computer Science and Engineering, The Chinese University of Hong Kong, Tencent",China,CVPR,2020
CVPR-2020-A000907,Xixian Chen,"Department of Computer Science and Engineering, The Chinese University of Hong Kong, Tencent",China,CVPR,2020
CVPR-2020-A000908,Shenglin Zhao,"Department of Computer Science and Engineering, The Chinese University of Hong Kong, Tencent",China,CVPR,2020
CVPR-2020-A000909,Irwin King,"Department of Computer Science and Engineering, The Chinese University of Hong Kong, Tencent",China,CVPR,2020
CVPR-2020-A000910,Michael R. Lyu,"Department of Computer Science and Engineering, The Chinese University of Hong Kong, Tencent",China,CVPR,2020
CVPR-2020-A000911,Yu-Wing Tai,"Department of Computer Science and Engineering, The Chinese University of Hong Kong, Tencent",China,CVPR,2020
CVPR-2020-A000912,Chao Li,"School of Computer Science and Technology, Huazhong University of Science and Technology",China,CVPR,2020
CVPR-2020-A000913,Yixiao Yang,"School of Computer Science and Technology, Huazhong University of Science and Technology",China,CVPR,2020
CVPR-2020-A000914,Kun He,"School of Computer Science and Technology, Huazhong University of Science and Technology",China,CVPR,2020
CVPR-2020-A000915,Stephen Lin,Microsoft Research Asia,China,CVPR,2020
CVPR-2020-A000916,John E. Hopcroft,"Computer Science Department, Cornell University",United States,CVPR,2020
CVPR-2020-A000917,Fabio Tosi,"Department of Computer Science and Engineering (DISI) University of Bologna, Italy",Italy,CVPR,2020
CVPR-2020-A000918,Filippo Aleotti,"Department of Computer Science and Engineering (DISI) University of Bologna, Italy",Italy,CVPR,2020
CVPR-2020-A000919,Pierluigi Zama Ramirez,"Department of Computer Science and Engineering (DISI) University of Bologna, Italy",Italy,CVPR,2020
CVPR-2020-A000920,Matteo Poggi,"Department of Computer Science and Engineering (DISI) University of Bologna, Italy",Italy,CVPR,2020
CVPR-2020-A000921,Samuele Salti,"Department of Computer Science and Engineering (DISI) University of Bologna, Italy",Italy,CVPR,2020
CVPR-2020-A000922,Luigi Di Stefano,"Department of Computer Science and Engineering (DISI) University of Bologna, Italy",Italy,CVPR,2020
CVPR-2020-A000923,Stefano Mattoccia,"Department of Computer Science and Engineering (DISI) University of Bologna, Italy",Italy,CVPR,2020
CVPR-2020-A000924,Jinyang Guo,"School of Electrical and Information Engineering, The University of Sydney",Australia,CVPR,2020
CVPR-2020-A000925,Wanli Ouyang,"School of Electrical and Information Engineering, The University of Sydney",Australia,CVPR,2020
CVPR-2020-A000926,Dong Xu,"School of Electrical and Information Engineering, The University of Sydney",Australia,CVPR,2020
CVPR-2020-A000927,Akshay Dudhane,"Computer Vision and Pattern Recognition Lab, Indian Institute of Technology Ropar, INDIA",India,CVPR,2020
CVPR-2020-A000928,Kuldeep M. Biradar,UNKNOWN,UNKNOWN,CVPR,2020
CVPR-2020-A000929,Prashant W. Patil,UNKNOWN,UNKNOWN,CVPR,2020
CVPR-2020-A000930,Praful Hambarde,"Computer Vision and Pattern Recognition Lab, Indian Institute of Technology Ropar, INDIA",India,CVPR,2020
CVPR-2020-A000931,Subrahmanyam Murala,"Computer Vision and Pattern Recognition Lab, Indian Institute of Technology Ropar, INDIA",India,CVPR,2020
CVPR-2020-A000932,Yicun Liu,The Chinese University of Hong Kong2,China,CVPR,2020
CVPR-2020-A000933,Jimmy Ren,The Chinese University of Hong Kong2,China,CVPR,2020
CVPR-2020-A000934,Jiawei Zhang,The Chinese University of Hong Kong2,China,CVPR,2020
CVPR-2020-A000935,Jianbo Liu,The Chinese University of Hong Kong2,China,CVPR,2020
CVPR-2020-A000936,Mude Lin,The Chinese University of Hong Kong2,China,CVPR,2020
CVPR-2020-A000937,Sanjay Kariyappa,UNKNOWN,UNKNOWN,CVPR,2020
CVPR-2020-A000938,Moinuddin K. Qureshi,UNKNOWN,UNKNOWN,CVPR,2020
CVPR-2020-A000939,Yaxing Wang,"Computer Vision Center, Universitat Autònoma de Barcelona, Spain",Spain,CVPR,2020
CVPR-2020-A000940,Salman Khan,"Inception Institute of Artificial Intelligence, UAE",United Arab Emirates,CVPR,2020
CVPR-2020-A000941,Abel Gonzalez-Garcia,"Computer Vision Center, Universitat Autònoma de Barcelona, Spain",Spain,CVPR,2020
CVPR-2020-A000942,Joost van de Weijer,"Computer Vision Center, Universitat Autònoma de Barcelona, Spain",Spain,CVPR,2020
CVPR-2020-A000943,Fahad Shahbaz Khan,"Inception Institute of Artificial Intelligence, UAE | CVL, Linköping University, Sweden",United Arab Emirates | Sweden,CVPR,2020
CVPR-2020-A000944,Liyuan Pan,"Australian National University, Canberra, Australia | Australian Centre for Robotic Vision",Australia,CVPR,2020
CVPR-2020-A000945,Miaomiao Liu,"Australian National University, Canberra, Australia | Australian Centre for Robotic Vision",Australia,CVPR,2020
CVPR-2020-A000946,Richard Hartley,"Australian National University, Canberra, Australia | Australian Centre for Robotic Vision",Australia,CVPR,2020
CVPR-2020-A000947,Dat Huynh,Northeastern University,United States,CVPR,2020
CVPR-2020-A000948,Ehsan Elhamifar,Northeastern University,United States,CVPR,2020
CVPR-2020-A000949,Dov Bridger,"Technion, Israel",Israel,CVPR,2020
CVPR-2020-A000950,Dov Danon,"Tel Aviv University, Israel",Israel,CVPR,2020
CVPR-2020-A000951,Ayellet Tal,"Technion, Israel",Israel,CVPR,2020
CVPR-2020-A000952,Qilin Sun,Princeton University,United States,CVPR,2020
CVPR-2020-A000953,Ethan Tseng,Princeton University,United States,CVPR,2020
CVPR-2020-A000954,Qiang Fu,Princeton University,United States,CVPR,2020
CVPR-2020-A000955,Wolfgang Heidrich,Princeton University,United States,CVPR,2020
CVPR-2020-A000956,Felix Heide,Princeton University,United States,CVPR,2020
CVPR-2020-A000957,Jogendra Nath Kundu,"Video Analytics Lab, CDS, Indian Institute of Science, Bangalore",India,CVPR,2020
CVPR-2020-A000958,Naveen Venkat,"Video Analytics Lab, CDS, Indian Institute of Science, Bangalore",India,CVPR,2020
CVPR-2020-A000959,Rahul M V,"Video Analytics Lab, CDS, Indian Institute of Science, Bangalore",India,CVPR,2020
CVPR-2020-A000960,R. Venkatesh Babu,"Video Analytics Lab, CDS, Indian Institute of Science, Bangalore",India,CVPR,2020
CVPR-2020-A000961,Jae Woong Soh,"Department of ECE, INMC, Seoul National University, Seoul, Korea",South Korea,CVPR,2020
CVPR-2020-A000962,Sunwoo Cho,"Department of ECE, INMC, Seoul National University, Seoul, Korea",South Korea,CVPR,2020
CVPR-2020-A000963,Nam Ik Cho,"Department of ECE, INMC, Seoul National University, Seoul, Korea",South Korea,CVPR,2020
CVPR-2020-A000964,Hong Wang,Xi’an Jiaotong University,China,CVPR,2020
CVPR-2020-A000965,Qi Xie,Xi’an Jiaotong University,China,CVPR,2020
CVPR-2020-A000966,Qian Zhao,Xi’an Jiaotong University,China,CVPR,2020
CVPR-2020-A000967,Deyu Meng,Macau University of Science and Technology | Xi’an Jiaotong University,China | Macau,CVPR,2020
CVPR-2020-A000968,Yu Zhao,Tencent AI Lab | Technical University of Munich,China | Germany,CVPR,2020
CVPR-2020-A000969,Fan Yang,Tencent AI Lab,China,CVPR,2020
CVPR-2020-A000970,Yuqi Fang,The Chinese University of Hong Kong,China,CVPR,2020
CVPR-2020-A000971,Hailing Liu,Sixth Affiliated Hospital of Sun Yat-sen University,China,CVPR,2020
CVPR-2020-A000972,Niyun Zhou,Tencent AI Lab,China,CVPR,2020
CVPR-2020-A000973,Jun Zhang,Tencent AI Lab,China,CVPR,2020
CVPR-2020-A000974,Jiarui Sun,Tencent AI Lab,China,CVPR,2020
CVPR-2020-A000975,Sen Yang,Tencent AI Lab,China,CVPR,2020
CVPR-2020-A000976,Bjoern Menze,Technical University of Munich,Germany,CVPR,2020
CVPR-2020-A000977,Xinjuan Fan,Sixth Affiliated Hospital of Sun Yat-sen University,China,CVPR,2020
CVPR-2020-A000978,Jianhua Yao,Tencent AI Lab,China,CVPR,2020
CVPR-2020-A000979,Tianzhe Wang,Massachusetts Institute of Technology | Shanghai Jiao Tong University,United States | China,CVPR,2020
CVPR-2020-A000980,Kuan Wang,Massachusetts Institute of Technology,United States,CVPR,2020
CVPR-2020-A000981,Han Cai,Massachusetts Institute of Technology,United States,CVPR,2020
CVPR-2020-A000982,Ji Lin,Massachusetts Institute of Technology,United States,CVPR,2020
CVPR-2020-A000983,Zhijian Liu,Massachusetts Institute of Technology,United States,CVPR,2020
CVPR-2020-A000984,Hanrui Wang,Massachusetts Institute of Technology,United States,CVPR,2020
CVPR-2020-A000985,Yujun Lin,Massachusetts Institute of Technology,United States,CVPR,2020
CVPR-2020-A000986,Song Han,Massachusetts Institute of Technology,United States,CVPR,2020
CVPR-2020-A000987,Zhenxing Mi,"National Key Laboratory of Science and Technology on Multi-spectral Information Processing School of Artifical Intelligence and Automation, Huazhong University of Science and Technology, China",China,CVPR,2020
CVPR-2020-A000988,Yiming Luo,"National Key Laboratory of Science and Technology on Multi-spectral Information Processing School of Artifical Intelligence and Automation, Huazhong University of Science and Technology, China",China,CVPR,2020
CVPR-2020-A000989,Wenbing Tao,"National Key Laboratory of Science and Technology on Multi-spectral Information Processing School of Artifical Intelligence and Automation, Huazhong University of Science and Technology, China",China,CVPR,2020
CVPR-2020-A000990,Yanbin Liu,"ReLER, University of Technology Sydney",Australia,CVPR,2020
CVPR-2020-A000991,Linchao Zhu,"ReLER, University of Technology Sydney",Australia,CVPR,2020
CVPR-2020-A000992,Makoto Yamada,RIKEN AIP | Kyoto University,Japan,CVPR,2020
CVPR-2020-A000993,Yi Yang,"ReLER, University of Technology Sydney",Australia,CVPR,2020
CVPR-2020-A000994,Zhizhong Li,"Department of Computer Science, University of Illinois Urbana Champaign",United States,CVPR,2020
CVPR-2020-A000995,Derek Hoiem,"Department of Computer Science, University of Illinois Urbana Champaign",United States,CVPR,2020
CVPR-2020-A000996,Matheus Gadelha,Adobe Research,United States,CVPR,2020
CVPR-2020-A000997,Giorgio Gori,Adobe Research,United States,CVPR,2020
CVPR-2020-A000998,Duygu Ceylan,Adobe Research,United States,CVPR,2020
CVPR-2020-A000999,Radomir Mech,Adobe Research,United States,CVPR,2020
CVPR-2020-A001000,Nathan Carr,Adobe Research,United States,CVPR,2020
CVPR-2020-A001001,Tamy Boubekeur,Adobe Research,United States,CVPR,2020
CVPR-2020-A001002,Rui Wang,Adobe Research,United States,CVPR,2020
CVPR-2020-A001003,Subhransu Maji,Adobe Research,United States,CVPR,2020
CVPR-2020-A001004,Dor Verbin,Harvard University,United States,CVPR,2020
CVPR-2020-A001005,Todd Zickler,Harvard University,United States,CVPR,2020
CVPR-2020-A001006,Ying Chen,"SICE, Beijing University of Posts and Telecommunications",China,CVPR,2020
CVPR-2020-A001007,Chun-Guang Li,"SICE, Beijing University of Posts and Telecommunications",China,CVPR,2020
CVPR-2020-A001008,Chong You,"EECS, University of California, Berkeley",United States,CVPR,2020
CVPR-2020-A001009,Ahmadreza Jeddi,"Waterloo AI Institute, University of Waterloo, Waterloo, Ontario, Canada",Canada,CVPR,2020
CVPR-2020-A001010,Mohammad Javad Shafiee,"Waterloo AI Institute, University of Waterloo, Waterloo, Ontario, Canada",Canada,CVPR,2020
CVPR-2020-A001011,Michelle Karg,"ADC Automotive Distance Control Systems GmbH, Continental, Germany",Germany,CVPR,2020
CVPR-2020-A001012,Christian Scharfenberger,"ADC Automotive Distance Control Systems GmbH, Continental, Germany",Germany,CVPR,2020
CVPR-2020-A001013,Alexander Wong,"Waterloo AI Institute, University of Waterloo, Waterloo, Ontario, Canada",Canada,CVPR,2020
CVPR-2020-A001014,Rajeev Yasarla,"Johns Hopkins University Department of Electrical and Computer Engineering, Baltimore, MD , USA",United States,CVPR,2020
CVPR-2020-A001015,Vishwanath A. Sindagi,"Johns Hopkins University Department of Electrical and Computer Engineering, Baltimore, MD , USA",United States,CVPR,2020
CVPR-2020-A001016,Vishal M. Patel,"Johns Hopkins University Department of Electrical and Computer Engineering, Baltimore, MD , USA",United States,CVPR,2020
CVPR-2020-A001017,Yue Zhao,"Department of Industrial Systems Engineering and Management, National University of Singapore",Singapore,CVPR,2020
CVPR-2020-A001018,Yuwei Wu,"Department of Industrial Systems Engineering and Management, National University of Singapore",Singapore,CVPR,2020
CVPR-2020-A001019,Caihua Chen,"School of Management and Engineering, Nanjing University",China,CVPR,2020
CVPR-2020-A001020,Andrew Lim,"Department of Industrial Systems Engineering and Management, National University of Singapore",Singapore,CVPR,2020
CVPR-2020-A001021,Siva Karthik Mustikovela,Heidelberg University,Germany,CVPR,2020
CVPR-2020-A001022,Varun Jampani,Heidelberg University,Germany,CVPR,2020
CVPR-2020-A001023,Shalini De Mello,Heidelberg University,Germany,CVPR,2020
CVPR-2020-A001024,Sifei Liu,Heidelberg University,Germany,CVPR,2020
CVPR-2020-A001025,Umar Iqbal,Heidelberg University,Germany,CVPR,2020
CVPR-2020-A001026,Carsten Rother,Heidelberg University,Germany,CVPR,2020
CVPR-2020-A001027,Jan Kautz,Heidelberg University,Germany,CVPR,2020
CVPR-2020-A001028,Matteo Poggi,"Department of Computer Science and Engineering (DISI) University of Bologna, Italy",Italy,CVPR,2020
CVPR-2020-A001029,Filippo Aleotti,"Department of Computer Science and Engineering (DISI) University of Bologna, Italy",Italy,CVPR,2020
CVPR-2020-A001030,Fabio Tosi,"Department of Computer Science and Engineering (DISI) University of Bologna, Italy",Italy,CVPR,2020
CVPR-2020-A001031,Stefano Mattoccia,"Department of Computer Science and Engineering (DISI) University of Bologna, Italy",Italy,CVPR,2020
CVPR-2020-A001032,Matthew Tancik,"University of California, Berkeley",United States,CVPR,2020
CVPR-2020-A001033,Ben Mildenhall,"University of California, Berkeley",United States,CVPR,2020
CVPR-2020-A001034,Ren Ng,"University of California, Berkeley",United States,CVPR,2020
CVPR-2020-A001035,Jie Li,"Nanjing University of Science and Technology, China",China,CVPR,2020
CVPR-2020-A001036,Kai Han,"University of Oxford, United Kingdom",United Kingdom,CVPR,2020
CVPR-2020-A001037,Peng Wang,"University of Wollongong, Australia",Australia,CVPR,2020
CVPR-2020-A001038,Yu Liu,"The University of Adelaide, Australia",Australia,CVPR,2020
CVPR-2020-A001039,Xia Yuan,"Nanjing University of Science and Technology, China",China,CVPR,2020
CVPR-2020-A001040,Givi Meishvili,"University of Bern, Switzerland",Switzerland,CVPR,2020
CVPR-2020-A001041,Simon Jenni,"University of Bern, Switzerland",Switzerland,CVPR,2020
CVPR-2020-A001042,Paolo Favaro,"University of Bern, Switzerland",Switzerland,CVPR,2020
CVPR-2020-A001043,Xiaogang Wang,National University of Singapore,Singapore,CVPR,2020
CVPR-2020-A001044,Marcelo H. Ang Jr.,National University of Singapore,Singapore,CVPR,2020
CVPR-2020-A001045,Gim Hee Lee,National University of Singapore,Singapore,CVPR,2020
CVPR-2020-A001046,Ashraful Islam,"Rensselaer Polytechnic Institute, Troy, NY",United States,CVPR,2020
CVPR-2020-A001047,Chengjiang Long,"Kitware Inc., Clifton Park, NY",United States,CVPR,2020
CVPR-2020-A001048,Arslan Basharat,"Kitware Inc., Clifton Park, NY",United States,CVPR,2020
CVPR-2020-A001049,Anthony Hoogs,"Kitware Inc., Clifton Park, NY",United States,CVPR,2020
CVPR-2020-A001050,Qin Yang,"Shanghai Jiao Tong University, Futurewei Technologies",China,CVPR,2020
CVPR-2020-A001051,Chenglin Li,"Shanghai Jiao Tong University, Futurewei Technologies",China,CVPR,2020
CVPR-2020-A001052,Wenrui Dai,"Shanghai Jiao Tong University, Futurewei Technologies",China,CVPR,2020
CVPR-2020-A001053,Junni Zou,"Shanghai Jiao Tong University, Futurewei Technologies",China,CVPR,2020
CVPR-2020-A001054,Guo-Jun Qi,"Shanghai Jiao Tong University, Futurewei Technologies",China,CVPR,2020
CVPR-2020-A001055,Hongkai Xiong,"Shanghai Jiao Tong University, Futurewei Technologies",China,CVPR,2020
CVPR-2020-A001056,Debang Li,"CRISE, Institute of Automation, Chinese Academy of Sciences, Beijing, China | School of Artificial Intelligence, University of Chinese Academy of Sciences, Beijing, China",China,CVPR,2020
CVPR-2020-A001057,Junge Zhang,"CRISE, Institute of Automation, Chinese Academy of Sciences, Beijing, China | School of Artificial Intelligence, University of Chinese Academy of Sciences, Beijing, China",China,CVPR,2020
CVPR-2020-A001058,Kaiqi Huang,"CRISE, Institute of Automation, Chinese Academy of Sciences, Beijing, China | School of Artificial Intelligence, University of Chinese Academy of Sciences, Beijing, China | CAS Center for Excellence in Brain Science and Intelligence Technology, Beijing, China",China,CVPR,2020
CVPR-2020-A001059,Ming-Hsuan Yang,"University of California, Merced | Google Research",United States,CVPR,2020
CVPR-2020-A001060,Shaohui Liu,ETH Zurich Google Tsinghua University Peking University Microsoft Max Planck ETH Center for Learing Systems Peng Cheng Laboratory,UNKNOWN,CVPR,2020
CVPR-2020-A001061,Yinda Zhang,ETH Zurich Google Tsinghua University Peking University Microsoft Max Planck ETH Center for Learing Systems Peng Cheng Laboratory,UNKNOWN,CVPR,2020
CVPR-2020-A001062,Songyou Peng,ETH Zurich Google Tsinghua University Peking University Microsoft Max Planck ETH Center for Learing Systems Peng Cheng Laboratory,UNKNOWN,CVPR,2020
CVPR-2020-A001063,Boxin Shi,ETH Zurich Google Tsinghua University Peking University Microsoft Max Planck ETH Center for Learing Systems Peng Cheng Laboratory,UNKNOWN,CVPR,2020
CVPR-2020-A001064,Marc Pollefeys,ETH Zurich Google Tsinghua University Peking University Microsoft Max Planck ETH Center for Learing Systems Peng Cheng Laboratory,UNKNOWN,CVPR,2020
CVPR-2020-A001065,Zhaopeng Cui,ETH Zurich Google Tsinghua University Peking University Microsoft Max Planck ETH Center for Learing Systems Peng Cheng Laboratory,UNKNOWN,CVPR,2020
CVPR-2020-A001066,Guyue Hu,"Brainnetome Center, National Laboratory of Pattern Recognition | University of Chinese Academy of Sciences",China,CVPR,2020
CVPR-2020-A001067,Bo Cui,"Brainnetome Center, National Laboratory of Pattern Recognition | University of Chinese Academy of Sciences",China,CVPR,2020
CVPR-2020-A001068,Yuan He,"Brainnetome Center, National Laboratory of Pattern Recognition | University of Chinese Academy of Sciences",China,CVPR,2020
CVPR-2020-A001069,Shan Yu,"Brainnetome Center, National Laboratory of Pattern Recognition | CAS Center for Excellence in Brain Science and Intelligence Technology | University of Chinese Academy of Sciences",China,CVPR,2020
CVPR-2020-A001070,Jisan Mahmud,University of North Carolina at Chapel Hill,United States,CVPR,2020
CVPR-2020-A001071,True Price,University of North Carolina at Chapel Hill,United States,CVPR,2020
CVPR-2020-A001072,Akash Bapat,University of North Carolina at Chapel Hill,United States,CVPR,2020
CVPR-2020-A001073,Jan-Michael Frahm,University of North Carolina at Chapel Hill,United States,CVPR,2020
CVPR-2020-A001074,Ruilong Li,USC Institute for Creative Technologies | Pinscreen,United States,CVPR,2020
CVPR-2020-A001075,Karl Bladin,USC Institute for Creative Technologies,United States,CVPR,2020
CVPR-2020-A001076,Yajie Zhao,USC Institute for Creative Technologies,United States,CVPR,2020
CVPR-2020-A001077,Chinmay Chinara,USC Institute for Creative Technologies,United States,CVPR,2020
CVPR-2020-A001078,Owen Ingraham,USC Institute for Creative Technologies,United States,CVPR,2020
CVPR-2020-A001079,Pengda Xiang,USC Institute for Creative Technologies | Pinscreen,United States,CVPR,2020
CVPR-2020-A001080,Xinglei Ren,UNKNOWN,UNKNOWN,CVPR,2020
CVPR-2020-A001081,Pratusha Prasad,USC Institute for Creative Technologies,United States,CVPR,2020
CVPR-2020-A001082,Bipin Kishore,UNKNOWN,UNKNOWN,CVPR,2020
CVPR-2020-A001083,Jun Xing,USC Institute for Creative Technologies,United States,CVPR,2020
CVPR-2020-A001084,Hao Li,USC Institute for Creative Technologies | Pinscreen | Expression,United States,CVPR,2020
CVPR-2020-A001085,Wenzhao Zheng,"Department of Automation, Tsinghua University, China | State Key Lab of Intelligent Technologies and Systems, China | Beijing National Research Center for Information Science and Technology, China",China,CVPR,2020
CVPR-2020-A001086,Jiwen Lu,"Department of Automation, Tsinghua University, China | State Key Lab of Intelligent Technologies and Systems, China | Beijing National Research Center for Information Science and Technology, China",China,CVPR,2020
CVPR-2020-A001087,Jie Zhou,"Department of Automation, Tsinghua University, China | State Key Lab of Intelligent Technologies and Systems, China | Beijing National Research Center for Information Science and Technology, China | Tsinghua Shenzhen International Graduate School, Tsinghua University, China",China,CVPR,2020
CVPR-2020-A001088,Yun Liu,"TKLNDST, College of Computer Science, Nankai University",China,CVPR,2020
CVPR-2020-A001089,Yu-Huan Wu,"TKLNDST, College of Computer Science, Nankai University",China,CVPR,2020
CVPR-2020-A001090,Yunfeng Ban,"TKLNDST, College of Computer Science, Nankai University",China,CVPR,2020
CVPR-2020-A001091,Huifang Wang,"TKLNDST, College of Computer Science, Nankai University",China,CVPR,2020
CVPR-2020-A001092,Ming-Ming Cheng,"TKLNDST, College of Computer Science, Nankai University",China,CVPR,2020
CVPR-2020-A001093,Hengtong Hu,"Key Laboratory of Knowledge Engineering with Big Data, Hefei University of Technology",China,CVPR,2020
CVPR-2020-A001094,Lingxi Xie,Huawei Inc.,China,CVPR,2020
CVPR-2020-A001095,Richang Hong,"Key Laboratory of Knowledge Engineering with Big Data, Hefei University of Technology",China,CVPR,2020
CVPR-2020-A001096,Qi Tian,Huawei Inc.,China,CVPR,2020
CVPR-2020-A001097,Cihang Xie,Google | Johns Hopkins University,UNKNOWN,CVPR,2020
CVPR-2020-A001098,Mingxing Tan,Google,UNKNOWN,CVPR,2020
CVPR-2020-A001099,Boqing Gong,Google,UNKNOWN,CVPR,2020
CVPR-2020-A001100,Jiang Wang,Google,UNKNOWN,CVPR,2020
CVPR-2020-A001101,Alan L. Yuille,UNKNOWN,UNKNOWN,CVPR,2020
CVPR-2020-A001102,Quoc V. Le,UNKNOWN,UNKNOWN,CVPR,2020
CVPR-2020-A001103,Yapeng Tian,University of Rochester,United States,CVPR,2020
CVPR-2020-A001104,Yulun Zhang,Northeastern University,United States,CVPR,2020
CVPR-2020-A001105,Yun Fu,Northeastern University,United States,CVPR,2020
CVPR-2020-A001106,Chenliang Xu,University of Rochester,United States,CVPR,2020
CVPR-2020-A001107,Lin Zhu,UNKNOWN,UNKNOWN,CVPR,2020
CVPR-2020-A001108,Siwei Dong,Peking University1 Pengcheng Laboratory2,China,CVPR,2020
CVPR-2020-A001109,Jianing Li,UNKNOWN,UNKNOWN,CVPR,2020
CVPR-2020-A001110,Tiejun Huang,Peking University1 Pengcheng Laboratory2,China,CVPR,2020
CVPR-2020-A001111,Yonghong Tian,Peking University1 Pengcheng Laboratory2,China,CVPR,2020
CVPR-2020-A001112,Le Yang,"Tsinghua University, Beijing National Research Center for Information Science and Technology (BNRist) Harbin Institute of Technology SenseTime",China,CVPR,2020
CVPR-2020-A001113,Yizeng Han,"Tsinghua University, Beijing National Research Center for Information Science and Technology (BNRist) Harbin Institute of Technology SenseTime",China,CVPR,2020
CVPR-2020-A001114,Xi Chen,"Tsinghua University, Beijing National Research Center for Information Science and Technology (BNRist) Harbin Institute of Technology SenseTime",China,CVPR,2020
CVPR-2020-A001115,Shiji Song,"Tsinghua University, Beijing National Research Center for Information Science and Technology (BNRist) Harbin Institute of Technology SenseTime",China,CVPR,2020
CVPR-2020-A001116,Jifeng Dai,"Tsinghua University, Beijing National Research Center for Information Science and Technology (BNRist) Harbin Institute of Technology SenseTime",China,CVPR,2020
CVPR-2020-A001117,Gao Huang,"Tsinghua University, Beijing National Research Center for Information Science and Technology (BNRist) Harbin Institute of Technology SenseTime",China,CVPR,2020
CVPR-2020-A001118,Uday Kusupati,The University of Texas at Austin,United States,CVPR,2020
CVPR-2020-A001119,Shuo Cheng,Tsinghua University,China,CVPR,2020
CVPR-2020-A001120,Rui Chen,University of California San Diego,United States,CVPR,2020
CVPR-2020-A001121,Hao Su,Tsinghua University,China,CVPR,2020
CVPR-2020-A001122,Zhengqin Li,UNKNOWN,UNKNOWN,CVPR,2020
CVPR-2020-A001123,Mohammad Shafiei,UNKNOWN,UNKNOWN,CVPR,2020
CVPR-2020-A001124,Ravi Ramamoorthi,UNKNOWN,UNKNOWN,CVPR,2020
CVPR-2020-A001125,Kalyan Sunkavalli,UNKNOWN,UNKNOWN,CVPR,2020
CVPR-2020-A001126,Manmohan Chandraker,UNKNOWN,UNKNOWN,CVPR,2020
CVPR-2020-A001127,Yuval Bahat,"Technion - Israel Institute of Technology, Haifa, Israel",Israel,CVPR,2020
CVPR-2020-A001128,Tomer Michaeli,"Technion - Israel Institute of Technology, Haifa, Israel",Israel,CVPR,2020
CVPR-2020-A001129,Bo Zhou,Department of Biomedical Engineering,UNKNOWN,CVPR,2020
CVPR-2020-A001130,S. Kevin Zhou,"Peng Cheng Laboratory, Shenzhen",China,CVPR,2020
CVPR-2020-A001131,Dongnan Liu,"School of Computer Science, University of Sydney, Australia",Australia,CVPR,2020
CVPR-2020-A001132,Donghao Zhang,"School of Computer Science, University of Sydney, Australia",Australia,CVPR,2020
CVPR-2020-A001133,Yang Song,"Brigham and Women’s Hospital, Harvard Medical School, USA",United States,CVPR,2020
CVPR-2020-A001134,Fan Zhang,"Department of Electrical and Computer Engineering, University of Pittsburgh, USA",United States,CVPR,2020
CVPR-2020-A001135,Lauren O'Donnell,UNKNOWN,UNKNOWN,CVPR,2020
CVPR-2020-A001136,Heng Huang,"Microsoft Corporation, USA",United States,CVPR,2020
CVPR-2020-A001137,Mei Chen,UNKNOWN,UNKNOWN,CVPR,2020
CVPR-2020-A001138,Weidong Cai,"School of Computer Science, University of Sydney, Australia",Australia,CVPR,2020
CVPR-2020-A001139,Nikolaos Passalis,"Department of Informatics, Aristotle University of Thessaloniki, Greece",Greece,CVPR,2020
CVPR-2020-A001140,Maria Tzelepi,"Department of Informatics, Aristotle University of Thessaloniki, Greece",Greece,CVPR,2020
CVPR-2020-A001141,Anastasios Tefas,"Department of Informatics, Aristotle University of Thessaloniki, Greece",Greece,CVPR,2020
CVPR-2020-A001142,Zhaohui Yang,"Key Lab of Machine Perception (MOE), Dept. of Machine Intelligence, Peking University. | Noah’s Ark Lab, Huawei Technologies.",China,CVPR,2020
CVPR-2020-A001143,Yunhe Wang,"Noah’s Ark Lab, Huawei Technologies.",UNKNOWN,CVPR,2020
CVPR-2020-A001144,Xinghao Chen,"Noah’s Ark Lab, Huawei Technologies.",UNKNOWN,CVPR,2020
CVPR-2020-A001145,Boxin Shi,"NELVT, Dept. of CS, Peking University. | Peng Cheng Laboratory.",China,CVPR,2020
CVPR-2020-A001146,Chao Xu,"Key Lab of Machine Perception (MOE), Dept. of Machine Intelligence, Peking University.",China,CVPR,2020
CVPR-2020-A001147,Chunjing Xu,"Noah’s Ark Lab, Huawei Technologies.",UNKNOWN,CVPR,2020
CVPR-2020-A001148,Qi Tian,"Noah’s Ark Lab, Huawei Technologies.",UNKNOWN,CVPR,2020
CVPR-2020-A001149,Chang Xu,"School of Computer Science, Faculty of Engineering, University of Sydney.",Australia,CVPR,2020
CVPR-2020-A001150,Wenkai Dong,"Center for Research on Intelligent Perception and Computing, NLPR, CASIA",China,CVPR,2020
CVPR-2020-A001151,Zhaoxiang Zhang,"Center for Research on Intelligent Perception and Computing, NLPR, CASIA",China,CVPR,2020
CVPR-2020-A001152,Chunfeng Song,"Center for Research on Intelligent Perception and Computing, NLPR, CASIA",China,CVPR,2020
CVPR-2020-A001153,Tieniu Tan,"Center for Research on Intelligent Perception and Computing, NLPR, CASIA",China,CVPR,2020
CVPR-2020-A001154,Lingling Zhang,"School of Computer Science and Technology, Xi’an Jiaotong University, Xian, China | Ministry of Education Key Lab For Intelligent Networks and Network Security, Xian, China",China,CVPR,2020
CVPR-2020-A001155,Xiaojun Chang,"Faculty of Information Technology, Monash University, Australia",Australia,CVPR,2020
CVPR-2020-A001156,Jun Liu,"School of Computer Science and Technology, Xi’an Jiaotong University, Xian, China | National Engineering Lab for Big Data Analytics, Xi’an Jiaotong University, Xian, China",China,CVPR,2020
CVPR-2020-A001157,Minnan Luo,"School of Computer Science and Technology, Xi’an Jiaotong University, Xian, China | National Engineering Lab for Big Data Analytics, Xi’an Jiaotong University, Xian, China",China,CVPR,2020
CVPR-2020-A001158,Sen Wang,"School of Information Technology and Electrical Engineering, The University of Queensland, Australia",Australia,CVPR,2020
CVPR-2020-A001159,Zongyuan Ge,"Faculty of Information Technology, Monash University, Australia",Australia,CVPR,2020
CVPR-2020-A001160,Alexander Hauptmann,"School of Computer Science, Carnegie Mellon University, USA",United States,CVPR,2020
CVPR-2020-A001161,Shunta Maeda,Navier Inc.,UNKNOWN,CVPR,2020
CVPR-2020-A001162,Bohan Zhuang,The University of Adelaide,Australia,CVPR,2020
CVPR-2020-A001163,Lingqiao Liu,The University of Adelaide,Australia,CVPR,2020
CVPR-2020-A001164,Mingkui Tan,South China University of Technology,China,CVPR,2020
CVPR-2020-A001165,Chunhua Shen,The University of Adelaide,Australia,CVPR,2020
CVPR-2020-A001166,Ian Reid,The University of Adelaide,Australia,CVPR,2020
CVPR-2020-A001167,Negar Goli,University of British Columbia,Canada,CVPR,2020
CVPR-2020-A001168,Tor M. Aamodt,University of British Columbia,Canada,CVPR,2020
CVPR-2020-A001169,Shaolin Su,"School of Computer Science and Engineering, Northwestern Polytechnical University",China,CVPR,2020
CVPR-2020-A001170,Qingsen Yan,"School of Computer Science and Engineering, Northwestern Polytechnical University",China,CVPR,2020
CVPR-2020-A001171,Yu Zhu,"School of Computer Science and Engineering, Northwestern Polytechnical University",China,CVPR,2020
CVPR-2020-A001172,Cheng Zhang,"School of Computer Science and Engineering, Northwestern Polytechnical University",China,CVPR,2020
CVPR-2020-A001173,Xin Ge,"School of Computer Science and Engineering, Northwestern Polytechnical University",China,CVPR,2020
CVPR-2020-A001174,Jinqiu Sun,"School of Computer Science and Engineering, Northwestern Polytechnical University",China,CVPR,2020
CVPR-2020-A001175,Yanning Zhang,"School of Computer Science and Engineering, Northwestern Polytechnical University",China,CVPR,2020
CVPR-2020-A001176,Joseph Ortiz,"Imperial College London, Department of Computing, UK. Graphcore.",United Kingdom,CVPR,2020
CVPR-2020-A001177,Mark Pupilli,"Imperial College London, Department of Computing, UK. Graphcore.",United Kingdom,CVPR,2020
CVPR-2020-A001178,Stefan Leutenegger,"Imperial College London, Department of Computing, UK. Graphcore.",United Kingdom,CVPR,2020
CVPR-2020-A001179,Andrew J. Davison,"Imperial College London, Department of Computing, UK. Graphcore.",United Kingdom,CVPR,2020
CVPR-2020-A001180,Minye Wu,ShanghaiTech University | University of Chinese Academy of Sciences | Shanghai Institute of Microsystem and Information Technology,China,CVPR,2020
CVPR-2020-A001181,Yuehao Wang,ShanghaiTech University,China,CVPR,2020
CVPR-2020-A001182,Qiang Hu,ShanghaiTech University,China,CVPR,2020
CVPR-2020-A001183,Jingyi Yu,ShanghaiTech University | DGene Inc.,China,CVPR,2020
CVPR-2020-A001184,Adrian Johnston,"Australian Institute for Machine Learning School of Computer Science, University of Adelaide",Australia,CVPR,2020
CVPR-2020-A001185,Gustavo Carneiro,"Australian Institute for Machine Learning School of Computer Science, University of Adelaide",Australia,CVPR,2020
CVPR-2020-A001186,Zihao W. Wang,Northwestern University Peking University Project page:,United States | China,CVPR,2020
CVPR-2020-A001187,Peiqi Duan,Northwestern University Peking University Project page:,United States | China,CVPR,2020
CVPR-2020-A001188,Oliver Cossairt,Northwestern University Peking University Project page:,United States | China,CVPR,2020
CVPR-2020-A001189,Aggelos Katsaggelos,Northwestern University Peking University Project page:,United States | China,CVPR,2020
CVPR-2020-A001190,Tiejun Huang,Northwestern University Peking University Project page:,United States | China,CVPR,2020
CVPR-2020-A001191,Boxin Shi,Northwestern University Peking University Project page:,United States | China,CVPR,2020
CVPR-2020-A001192,Haichuan Yang,"Department of Computer Science, University of Rochester, Rochester, USA AI Platform, Ytech Seattle AI Lab, FeDA Lab, Kwai Inc., Seattle, USA",United States,CVPR,2020
CVPR-2020-A001193,Shupeng Gui,"Department of Computer Science, University of Rochester, Rochester, USA AI Platform, Ytech Seattle AI Lab, FeDA Lab, Kwai Inc., Seattle, USA",United States,CVPR,2020
CVPR-2020-A001194,Yuhao Zhu,"Department of Computer Science, University of Rochester, Rochester, USA AI Platform, Ytech Seattle AI Lab, FeDA Lab, Kwai Inc., Seattle, USA",United States,CVPR,2020
CVPR-2020-A001195,Ji Liu,"Department of Computer Science, University of Rochester, Rochester, USA AI Platform, Ytech Seattle AI Lab, FeDA Lab, Kwai Inc., Seattle, USA",United States,CVPR,2020
CVPR-2020-A001196,Yen-Cheng Liu,Georgia Institute of Technology,United States,CVPR,2020
CVPR-2020-A001197,Junjiao Tian,Georgia Institute of Technology,United States,CVPR,2020
CVPR-2020-A001198,Nathaniel Glaser,Georgia Institute of Technology,United States,CVPR,2020
CVPR-2020-A001199,Zsolt Kira,Georgia Institute of Technology,United States,CVPR,2020
CVPR-2020-A001200,Daniel Barath,"Visual Recognition Group, Department of Cybernetics, Czech Technical University, Prague Machine Perception Research Laboratory, MTA SZTAKI, Budapest",Czech Republic | Hungary,CVPR,2020
CVPR-2020-A001201,Jana Noskova,"Visual Recognition Group, Department of Cybernetics, Czech Technical University, Prague Machine Perception Research Laboratory, MTA SZTAKI, Budapest",Czech Republic | Hungary,CVPR,2020
CVPR-2020-A001202,Maksym Ivashechkin,"Visual Recognition Group, Department of Cybernetics, Czech Technical University, Prague Machine Perception Research Laboratory, MTA SZTAKI, Budapest",Czech Republic | Hungary,CVPR,2020
CVPR-2020-A001203,Jiri Matas,"Visual Recognition Group, Department of Cybernetics, Czech Technical University, Prague Machine Perception Research Laboratory, MTA SZTAKI, Budapest",Czech Republic | Hungary,CVPR,2020
CVPR-2020-A001204,Dazhou Guo,PAII Inc.,UNKNOWN,CVPR,2020
CVPR-2020-A001205,Dakai Jin,PAII Inc.,UNKNOWN,CVPR,2020
CVPR-2020-A001206,Zhuotun Zhu,The Johns Hopkins University,United States,CVPR,2020
CVPR-2020-A001207,Tsung-Ying Ho,UNKNOWN,UNKNOWN,CVPR,2020
CVPR-2020-A001208,Adam P. Harrison,PAII Inc.,UNKNOWN,CVPR,2020
CVPR-2020-A001209,Chun-Hung Chao,National Tsing Hua University,Taiwan,CVPR,2020
CVPR-2020-A001210,Jing Xiao,UNKNOWN,UNKNOWN,CVPR,2020
CVPR-2020-A001211,Le Lu,PAII Inc.,UNKNOWN,CVPR,2020
CVPR-2020-A001212,Tiancai Wang,"Linköping University, Sweden",Sweden,CVPR,2020
CVPR-2020-A001213,Tong Yang,"Linköping University, Sweden",Sweden,CVPR,2020
CVPR-2020-A001214,Martin Danelljan,"Linköping University, Sweden",Sweden,CVPR,2020
CVPR-2020-A001215,Fahad Shahbaz Khan,"Linköping University, Sweden",Sweden,CVPR,2020
CVPR-2020-A001216,Xiangyu Zhang,"Linköping University, Sweden",Sweden,CVPR,2020
CVPR-2020-A001217,Jian Sun,"Linköping University, Sweden",Sweden,CVPR,2020
CVPR-2020-A001218,Jingwei Xu,"Shanghai Jiao Tong University, Shanghai , China MoE Key Lab of Artificial Intelligence, AI Institute, Shanghai Jiao Tong University Huawei Hisilicon",China,CVPR,2020
CVPR-2020-A001219,Zhenbo Yu,"Shanghai Jiao Tong University, Shanghai , China MoE Key Lab of Artificial Intelligence, AI Institute, Shanghai Jiao Tong University Huawei Hisilicon",China,CVPR,2020
CVPR-2020-A001220,Bingbing Ni,"Shanghai Jiao Tong University, Shanghai , China MoE Key Lab of Artificial Intelligence, AI Institute, Shanghai Jiao Tong University Huawei Hisilicon",China,CVPR,2020
CVPR-2020-A001221,Jiancheng Yang,"Shanghai Jiao Tong University, Shanghai , China MoE Key Lab of Artificial Intelligence, AI Institute, Shanghai Jiao Tong University Huawei Hisilicon",China,CVPR,2020
CVPR-2020-A001222,Xiaokang Yang,"Shanghai Jiao Tong University, Shanghai , China MoE Key Lab of Artificial Intelligence, AI Institute, Shanghai Jiao Tong University Huawei Hisilicon",China,CVPR,2020
CVPR-2020-A001223,Wenjun Zhang,"Shanghai Jiao Tong University, Shanghai , China MoE Key Lab of Artificial Intelligence, AI Institute, Shanghai Jiao Tong University Huawei Hisilicon",China,CVPR,2020
CVPR-2020-A001224,Yunhan Zhao,UC Irvine Carnegie Mellon University,United States,CVPR,2020
CVPR-2020-A001225,Shu Kong,UC Irvine Carnegie Mellon University,United States,CVPR,2020
CVPR-2020-A001226,Daeyun Shin,UC Irvine Carnegie Mellon University,United States,CVPR,2020
CVPR-2020-A001227,Charless Fowlkes,UC Irvine Carnegie Mellon University,United States,CVPR,2020
CVPR-2020-A001228,Bolei Xu,"College of Computer Science and Technology, Zhejiang University of Technology | College of Information Engineering, Shenzhen University",China,CVPR,2020
CVPR-2020-A001229,Jingxin Liu,"College of Information Engineering, Shenzhen University | Histo Pathology Diagnostic Center, Shanghai",China,CVPR,2020
CVPR-2020-A001230,Xianxu Hou,"College of Information Engineering, Shenzhen University",China,CVPR,2020
CVPR-2020-A001231,Bozhi Liu,"College of Information Engineering, Shenzhen University",China,CVPR,2020
CVPR-2020-A001232,Guoping Qiu,"College of Information Engineering, Shenzhen University | School of Computer Science, The University of Nottingham",China | United Kingdom,CVPR,2020
CVPR-2020-A001233,Kamal Gupta,"University of Maryland, College Park",United States,CVPR,2020
CVPR-2020-A001234,Saurabh Singh,"University of Maryland, College Park",United States,CVPR,2020
CVPR-2020-A001235,Abhinav Shrivastava,"University of Maryland, College Park",United States,CVPR,2020
CVPR-2020-A001236,Xiang Li,UNKNOWN,UNKNOWN,CVPR,2020
CVPR-2020-A001237,Tianhan Wei,UNKNOWN,UNKNOWN,CVPR,2020
CVPR-2020-A001238,Yau Pun Chen,UNKNOWN,UNKNOWN,CVPR,2020
CVPR-2020-A001239,Yu-Wing Tai,UNKNOWN,UNKNOWN,CVPR,2020
CVPR-2020-A001240,Chi-Keung Tang,UNKNOWN,UNKNOWN,CVPR,2020
CVPR-2020-A001241,Shady Abu Hussein,"Tel Aviv University, Israel",Israel,CVPR,2020
CVPR-2020-A001242,Tom Tirer,"Tel Aviv University, Israel",Israel,CVPR,2020
CVPR-2020-A001243,Raja Giryes,"Tel Aviv University, Israel",Israel,CVPR,2020
CVPR-2020-A001244,Tianlong Chen,Texas A&M University,United States,CVPR,2020
CVPR-2020-A001245,Sijia Liu,"MIT-IBM Watson AI Lab, IBM Research",United States,CVPR,2020
CVPR-2020-A001246,Shiyu Chang,"MIT-IBM Watson AI Lab, IBM Research",United States,CVPR,2020
CVPR-2020-A001247,Yu Cheng,Microsoft Dynamics,United States,CVPR,2020
CVPR-2020-A001248,Lisa Amini,"MIT-IBM Watson AI Lab, IBM Research",United States,CVPR,2020
CVPR-2020-A001249,Zhangyang Wang,Texas A&M University,United States,CVPR,2020
CVPR-2020-A001250,Haizhong Zheng,"University of Michigan, Ann Arbor",United States,CVPR,2020
CVPR-2020-A001251,Ziqi Zhang,"University of Michigan, Ann Arbor",United States,CVPR,2020
CVPR-2020-A001252,Juncheng Gu,"University of Michigan, Ann Arbor",United States,CVPR,2020
CVPR-2020-A001253,Honglak Lee,"University of Michigan, Ann Arbor",United States,CVPR,2020
CVPR-2020-A001254,Atul Prakash,"University of Michigan, Ann Arbor",United States,CVPR,2020
CVPR-2020-A001255,Jingwei Huang,Stanford University | Google Research,United States,CVPR,2020
CVPR-2020-A001256,Justus Thies,Technical University of Munich,Germany,CVPR,2020
CVPR-2020-A001257,Angela Dai,Technical University of Munich,Germany,CVPR,2020
CVPR-2020-A001258,Abhijit Kundu,Google Research,UNKNOWN,CVPR,2020
CVPR-2020-A001259,Chiyu,UNKNOWN,UNKNOWN,CVPR,2020
CVPR-2020-A001260,Leonidas J. Guibas,UNKNOWN,UNKNOWN,CVPR,2020
CVPR-2020-A001261,Matthias Niessner,UNKNOWN,UNKNOWN,CVPR,2020
CVPR-2020-A001262,Thomas Funkhouser,Google Research,UNKNOWN,CVPR,2020
CVPR-2020-A001263,Shunsuke Saito,University of Southern California | Facebook AI Research,United States,CVPR,2020
CVPR-2020-A001264,Tomas Simon,Facebook Reality Labs,United States,CVPR,2020
CVPR-2020-A001265,Jason Saragih,Facebook Reality Labs,United States,CVPR,2020
CVPR-2020-A001266,Hanbyul Joo,Facebook AI Research,United States,CVPR,2020
CVPR-2020-A001267,Joo Ho Lee,Microsoft Research Asia,China,CVPR,2020
CVPR-2020-A001268,Hyunho Ha,Microsoft Research Asia,China,CVPR,2020
CVPR-2020-A001269,Yue Dong,Microsoft Research Asia,China,CVPR,2020
CVPR-2020-A001270,Xin Tong,Microsoft Research Asia,China,CVPR,2020
CVPR-2020-A001271,Min H. Kim,Microsoft Research Asia,China,CVPR,2020
CVPR-2020-A001272,Guangming Zang,KAUST Sandia National Laboratories,United States | Saudi Arabia,CVPR,2020
CVPR-2020-A001273,Ramzi Idoughi,KAUST Sandia National Laboratories,United States | Saudi Arabia,CVPR,2020
CVPR-2020-A001274,Congli Wang,KAUST Sandia National Laboratories,United States | Saudi Arabia,CVPR,2020
CVPR-2020-A001275,Anthony Bennett,KAUST Sandia National Laboratories,United States | Saudi Arabia,CVPR,2020
CVPR-2020-A001276,Jianguo Du,KAUST Sandia National Laboratories,United States | Saudi Arabia,CVPR,2020
CVPR-2020-A001277,Scott Skeen,KAUST Sandia National Laboratories,United States | Saudi Arabia,CVPR,2020
CVPR-2020-A001278,William L. Roberts,KAUST Sandia National Laboratories,United States | Saudi Arabia,CVPR,2020
CVPR-2020-A001279,Peter Wonka,KAUST Sandia National Laboratories,United States | Saudi Arabia,CVPR,2020
CVPR-2020-A001280,Wolfgang Heidrich,KAUST Sandia National Laboratories,United States | Saudi Arabia,CVPR,2020
CVPR-2020-A001281,Xin Wen,"School of Software, BNRist, Tsinghua University, Beijing, China",China,CVPR,2020
CVPR-2020-A001282,Tianyang Li,"School of Software, BNRist, Tsinghua University, Beijing, China",China,CVPR,2020
CVPR-2020-A001283,Zhizhong Han,"Department of Computer Science, University of Maryland, College Park, USA",United States,CVPR,2020
CVPR-2020-A001284,Yu-Shen Liu,"School of Software, BNRist, Tsinghua University, Beijing, China",China,CVPR,2020
CVPR-2020-A001285,Li Yuan,National University of Singapore,Singapore,CVPR,2020
CVPR-2020-A001286,Francis EH Tay,National University of Singapore,Singapore,CVPR,2020
CVPR-2020-A001287,Guilin Li,Huawei Noah’s Ark Lab,China,CVPR,2020
CVPR-2020-A001288,Tao Wang,National University of Singapore,Singapore,CVPR,2020
CVPR-2020-A001289,Jiashi Feng,National University of Singapore,Singapore,CVPR,2020
CVPR-2020-A001290,Edward Kim,"Department of Computer Science, Drexel University, PA",United States,CVPR,2020
CVPR-2020-A001291,Jocelyn Rego,"Department of Computer Science, Drexel University, PA",United States,CVPR,2020
CVPR-2020-A001292,Yijing Watkins,"Los Alamos National Laboratory, Los Alamos, NM",United States,CVPR,2020
CVPR-2020-A001293,Garrett T. Kenyon,"Los Alamos National Laboratory, Los Alamos, NM",United States,CVPR,2020
CVPR-2020-A001294,Zhaowei Cai,UNKNOWN,UNKNOWN,CVPR,2020
CVPR-2020-A001295,Nuno Vasconcelos,UNKNOWN,UNKNOWN,CVPR,2020
CVPR-2020-A001296,Chenchi Luo,Samsung Research America,United States,CVPR,2020
CVPR-2020-A001297,Yingmao Li,Samsung Research America,United States,CVPR,2020
CVPR-2020-A001298,Kaimo Lin,Samsung Research America,United States,CVPR,2020
CVPR-2020-A001299,George Chen,Samsung Research America,United States,CVPR,2020
CVPR-2020-A001300,Seok-Jun Lee,Samsung Research America,United States,CVPR,2020
CVPR-2020-A001301,Jihwan Choi,Samsung Research America,United States,CVPR,2020
CVPR-2020-A001302,Youngjun Francis Yoo,Samsung Research America,United States,CVPR,2020
CVPR-2020-A001303,Michael O. Polley,Samsung Research America,United States,CVPR,2020
CVPR-2020-A001304,Ke Xian,National Key Laboratory of Science and Technology on MultiSpectral Information Processing,China,CVPR,2020
CVPR-2020-A001305,Jianming Zhang,Adobe Research,United States,CVPR,2020
CVPR-2020-A001306,Oliver Wang,Adobe Research,United States,CVPR,2020
CVPR-2020-A001307,Long Mai,Adobe Research,United States,CVPR,2020
CVPR-2020-A001308,Zhe Lin,Adobe Research,United States,CVPR,2020
CVPR-2020-A001309,Zhiguo Cao,National Key Laboratory of Science and Technology on MultiSpectral Information Processing,China,CVPR,2020
CVPR-2020-A001310,Yikai Li,MIT CSAIL | Shanghai Jiao Tong University,United States | China,CVPR,2020
CVPR-2020-A001311,Jiayuan Mao,UNKNOWN,UNKNOWN,CVPR,2020
CVPR-2020-A001312,Xiuming Zhang,UNKNOWN,UNKNOWN,CVPR,2020
CVPR-2020-A001313,William T. Freeman,MIT CSAIL | Google Research,UNKNOWN,CVPR,2020
CVPR-2020-A001314,Joshua B. Tenenbaum,UNKNOWN,UNKNOWN,CVPR,2020
CVPR-2020-A001315,Jiajun Wu,Stanford University,United States,CVPR,2020
CVPR-2020-A001316,Mihir Jain,"Qualcomm AI Research , Qualcomm Technologies Netherlands B.V.",Netherlands,CVPR,2020
CVPR-2020-A001317,Amir Ghodrati,"Qualcomm AI Research , Qualcomm Technologies Netherlands B.V.",Netherlands,CVPR,2020
CVPR-2020-A001318,Cees G. M. Snoek,"QUVA Lab, University of Amsterdam",Netherlands,CVPR,2020
CVPR-2020-A001319,Fuyang Zhang,"Simon Fraser University, BC, Canada",Canada,CVPR,2020
CVPR-2020-A001320,Nelson Nauata,"Simon Fraser University, BC, Canada",Canada,CVPR,2020
CVPR-2020-A001321,Yasutaka Furukawa,"Simon Fraser University, BC, Canada",Canada,CVPR,2020
CVPR-2020-A001322,Mohamed El Banani,University of Michigan,United States,CVPR,2020
CVPR-2020-A001323,Jason J. Corso,University of Michigan,United States,CVPR,2020
CVPR-2020-A001324,David F. Fouhey,University of Michigan,United States,CVPR,2020
CVPR-2020-A001325,Yong-Lu Li,Shanghai Jiao Tong University,China,CVPR,2020
CVPR-2020-A001326,Liang Xu,Shanghai Jiao Tong University,China,CVPR,2020
CVPR-2020-A001327,Xinpeng Liu,Shanghai Jiao Tong University,China,CVPR,2020
CVPR-2020-A001328,Xijie Huang,Shanghai Jiao Tong University,China,CVPR,2020
CVPR-2020-A001329,Yue Xu,Shanghai Jiao Tong University,China,CVPR,2020
CVPR-2020-A001330,Shiyi Wang,Shanghai Jiao Tong University,China,CVPR,2020
CVPR-2020-A001331,Hao-Shu Fang,Shanghai Jiao Tong University,China,CVPR,2020
CVPR-2020-A001332,Ze Ma,Shanghai Jiao Tong University,China,CVPR,2020
CVPR-2020-A001333,Mingyang Chen,Shanghai Jiao Tong University,China,CVPR,2020
CVPR-2020-A001334,Cewu Lu,Shanghai Jiao Tong University,China,CVPR,2020
CVPR-2020-A001335,Simron Thapa,"Louisiana State University, Baton Rouge, LA , USA",United States,CVPR,2020
CVPR-2020-A001336,Nianyi Li,"Louisiana State University, Baton Rouge, LA , USA",United States,CVPR,2020
CVPR-2020-A001337,Jinwei Ye,"Louisiana State University, Baton Rouge, LA , USA",United States,CVPR,2020
CVPR-2020-A001338,Junya Hayashida,UNKNOWN,UNKNOWN,CVPR,2020
CVPR-2020-A001339,Kazuya Nishimura,UNKNOWN,UNKNOWN,CVPR,2020
CVPR-2020-A001340,Ryoma Bise,UNKNOWN,UNKNOWN,CVPR,2020
CVPR-2020-A001341,Hanting Chen,"Key Lab of Machine Perception (MOE), Dept. of Machine Intelligence, Peking University. | Noah’s Ark Lab, Huawei Technologies.",China,CVPR,2020
CVPR-2020-A001342,Yunhe Wang,"Noah’s Ark Lab, Huawei Technologies.",UNKNOWN,CVPR,2020
CVPR-2020-A001343,Chunjing Xu,"Noah’s Ark Lab, Huawei Technologies.",UNKNOWN,CVPR,2020
CVPR-2020-A001344,Boxin Shi,"NELVT, Dept. of CS, Peking University. | Peng Cheng Laboratory.",China,CVPR,2020
CVPR-2020-A001345,Chao Xu,"Key Lab of Machine Perception (MOE), Dept. of Machine Intelligence, Peking University.",China,CVPR,2020
CVPR-2020-A001346,Qi Tian,"Noah’s Ark Lab, Huawei Technologies.",UNKNOWN,CVPR,2020
CVPR-2020-A001347,Chang Xu,"School of Computer Science, Faculty of Engineering, The University of Sydney.",Australia,CVPR,2020
CVPR-2020-A001348,Haoxin Li,"School of Electronics and Information Technology, Sun Yat-sen University, China",China,CVPR,2020
CVPR-2020-A001349,Wei-Shi Zheng,"School of Data and Computer Science, Sun Yat-sen University, China | Peng Cheng Laboratory, Shenzhen , China | Key Laboratory of Machine Intelligence and Advanced Computing, Ministry of Education, China",China,CVPR,2020
CVPR-2020-A001350,Yu Tao,"School of Data and Computer Science, Sun Yat-sen University, China | Accuvision Technology Co. Ltd.",China,CVPR,2020
CVPR-2020-A001351,Haifeng Hu,"School of Electronics and Information Technology, Sun Yat-sen University, China",China,CVPR,2020
CVPR-2020-A001352,Jian-Huang Lai,"School of Data and Computer Science, Sun Yat-sen University, China",China,CVPR,2020
CVPR-2020-A001353,Michael Niemeyer,"Max Planck Institute for Intelligent Systems, Tübingen | University of Tübingen",Germany,CVPR,2020
CVPR-2020-A001354,Lars Mescheder,"Max Planck Institute for Intelligent Systems, Tübingen | University of Tübingen | Amazon, Tübingen",Germany,CVPR,2020
CVPR-2020-A001355,Michael Oechsle,"Max Planck Institute for Intelligent Systems, Tübingen | University of Tübingen | ETAS GmbH, Bosch Group, Stuttgart",Germany,CVPR,2020
CVPR-2020-A001356,Andreas Geiger,"Max Planck Institute for Intelligent Systems, Tübingen | University of Tübingen",Germany,CVPR,2020
CVPR-2020-A001357,Haokui Zhang,"Northwestern Polytechnical University, China The University of Adelaide, Australia",China | Australia,CVPR,2020
CVPR-2020-A001358,Ying Li,"Northwestern Polytechnical University, China The University of Adelaide, Australia",China | Australia,CVPR,2020
CVPR-2020-A001359,Hao Chen,"Northwestern Polytechnical University, China The University of Adelaide, Australia",China | Australia,CVPR,2020
CVPR-2020-A001360,Chunhua Shen,"Northwestern Polytechnical University, China The University of Adelaide, Australia",China | Australia,CVPR,2020
CVPR-2020-A001361,Mihir Prabhudesai,UNKNOWN,UNKNOWN,CVPR,2020
CVPR-2020-A001362,Hsiao-Yu Fish Tung,UNKNOWN,UNKNOWN,CVPR,2020
CVPR-2020-A001363,Syed Ashar Javed,UNKNOWN,UNKNOWN,CVPR,2020
CVPR-2020-A001364,Maximilian Sieb,UNKNOWN,UNKNOWN,CVPR,2020
CVPR-2020-A001365,Adam W. Harley,UNKNOWN,UNKNOWN,CVPR,2020
CVPR-2020-A001366,Katerina Fragkiadaki,UNKNOWN,UNKNOWN,CVPR,2020
CVPR-2020-A001367,Xiaodong Gu,Simon Fraser University,Canada,CVPR,2020
CVPR-2020-A001368,Zhiwen Fan,Simon Fraser University,Canada,CVPR,2020
CVPR-2020-A001369,Siyu Zhu,Simon Fraser University,Canada,CVPR,2020
CVPR-2020-A001370,Zuozhuo Dai,Simon Fraser University,Canada,CVPR,2020
CVPR-2020-A001371,Feitong Tan,Simon Fraser University,Canada,CVPR,2020
CVPR-2020-A001372,Ping Tan,Simon Fraser University,Canada,CVPR,2020
CVPR-2020-A001373,Ruoteng Li,National University of Singapore,Singapore,CVPR,2020
CVPR-2020-A001374,Robby T. Tan,National University of Singapore | Yale-NUS College,Singapore,CVPR,2020
CVPR-2020-A001375,Loong-Fah Cheong,National University of Singapore,Singapore,CVPR,2020
CVPR-2020-A001376,Zehao Yu,ShanghaiTech University,China,CVPR,2020
CVPR-2020-A001377,Shenghua Gao,ShanghaiTech University,China,CVPR,2020
CVPR-2020-A001378,Linfeng Zhang,UNKNOWN,UNKNOWN,CVPR,2020
CVPR-2020-A001379,Muzhou Yu,UNKNOWN,UNKNOWN,CVPR,2020
CVPR-2020-A001380,Tong Chen,Tsinghua University,China,CVPR,2020
CVPR-2020-A001381,Zuoqiang Shi,Tsinghua University,China,CVPR,2020
CVPR-2020-A001382,Chenglong Bao,Tsinghua University,China,CVPR,2020
CVPR-2020-A001383,Kaisheng Ma,Tsinghua University,China,CVPR,2020
CVPR-2020-A001384,Tianfei Zhou,"Inception Institute of Artificial Intelligence, UAE",United Arab Emirates,CVPR,2020
CVPR-2020-A001385,Wenguan Wang,"ETH Zurich, Switzerland",Switzerland,CVPR,2020
CVPR-2020-A001386,Siyuan Qi,"Google, USA",United States,CVPR,2020
CVPR-2020-A001387,Haibin Ling,"Stony Brook University, USA",United States,CVPR,2020
CVPR-2020-A001388,Jianbing Shen,"Inception Institute of Artificial Intelligence, UAE",United Arab Emirates,CVPR,2020
CVPR-2020-A001389,Nan Xue,"Wuhan University, China",China,CVPR,2020
CVPR-2020-A001390,Tianfu Wu,"Wuhan University, China",China,CVPR,2020
CVPR-2020-A001391,Song Bai,"Wuhan University, China",China,CVPR,2020
CVPR-2020-A001392,Fudong Wang,"Wuhan University, China",China,CVPR,2020
CVPR-2020-A001393,Gui-Song Xia,"Wuhan University, China",China,CVPR,2020
CVPR-2020-A001394,Liangpei Zhang,"Wuhan University, China",China,CVPR,2020
CVPR-2020-A001395,Philip H.S. Torr,"Wuhan University, China",China,CVPR,2020
CVPR-2020-A001396,Qibin Hou,National University of Singapore,Singapore,CVPR,2020
CVPR-2020-A001397,Li Zhang,University of Oxford,United Kingdom,CVPR,2020
CVPR-2020-A001398,Ming-Ming Cheng,UNKNOWN,UNKNOWN,CVPR,2020
CVPR-2020-A001399,Jiashi Feng,UNKNOWN,UNKNOWN,CVPR,2020
CVPR-2020-A001400,Weifeng Chen,"University of Michigan, Ann Arbor | Princeton University",United States,CVPR,2020
CVPR-2020-A001401,Shengyi Qian,"University of Michigan, Ann Arbor",United States,CVPR,2020
CVPR-2020-A001402,David Fan,Princeton University,United States,CVPR,2020
CVPR-2020-A001403,Noriyuki Kojima,"University of Michigan, Ann Arbor",United States,CVPR,2020
CVPR-2020-A001404,Max Hamilton,"University of Michigan, Ann Arbor",United States,CVPR,2020
CVPR-2020-A001405,Jia Deng,Princeton University,United States,CVPR,2020
CVPR-2020-A001406,Florian Kluger,Leibniz University Hannover,Germany,CVPR,2020
CVPR-2020-A001407,Eric Brachmann,Heidelberg University,Germany,CVPR,2020
CVPR-2020-A001408,Hanno Ackermann,Leibniz University Hannover,Germany,CVPR,2020
CVPR-2020-A001409,Carsten Rother,Heidelberg University,Germany,CVPR,2020
CVPR-2020-A001410,Michael Ying Yang,University of Twente,Netherlands,CVPR,2020
CVPR-2020-A001411,Bodo Rosenhahn,Leibniz University Hannover,Germany,CVPR,2020
CVPR-2020-A001412,Christopher Choy,Intel Labs,UNKNOWN,CVPR,2020
CVPR-2020-A001413,Wei Dong,Intel Labs,UNKNOWN,CVPR,2020
CVPR-2020-A001414,Vladlen Koltun,Intel Labs,UNKNOWN,CVPR,2020
CVPR-2020-A001415,Syed Waqas Zamir,"Inception Institute of Artificial Intelligence, UAE",United Arab Emirates,CVPR,2020
CVPR-2020-A001416,Aditya Arora,"Inception Institute of Artificial Intelligence, UAE",United Arab Emirates,CVPR,2020
CVPR-2020-A001417,Salman Khan,"Inception Institute of Artificial Intelligence, UAE",United Arab Emirates,CVPR,2020
CVPR-2020-A001418,Munawar Hayat,"Inception Institute of Artificial Intelligence, UAE",United Arab Emirates,CVPR,2020
CVPR-2020-A001419,Fahad Shahbaz Khan,"Inception Institute of Artificial Intelligence, UAE",United Arab Emirates,CVPR,2020
CVPR-2020-A001420,Ming-Hsuan Yang,"University of California, Merced | Google Research",United States,CVPR,2020
CVPR-2020-A001421,Ling Shao,"Inception Institute of Artificial Intelligence, UAE",United Arab Emirates,CVPR,2020
CVPR-2020-A001422,Jian-Hao Luo,"National Key Laboratory for Novel Software Technology Nanjing University, Nanjing, China",China,CVPR,2020
CVPR-2020-A001423,Jianxin Wu,"National Key Laboratory for Novel Software Technology Nanjing University, Nanjing, China",China,CVPR,2020
CVPR-2020-A001424,Wang Yifan,Adobe Research,United States,CVPR,2020
CVPR-2020-A001425,Noam Aigerman,Adobe Research,United States,CVPR,2020
CVPR-2020-A001426,Vladimir G. Kim,Adobe Research,United States,CVPR,2020
CVPR-2020-A001427,Siddhartha Chaudhuri,Adobe Research,United States,CVPR,2020
CVPR-2020-A001428,Olga Sorkine-Hornung,Adobe Research,United States,CVPR,2020
CVPR-2020-A001429,Yen-Liang Lin,UNKNOWN,UNKNOWN,CVPR,2020
CVPR-2020-A001430,Son Tran,UNKNOWN,UNKNOWN,CVPR,2020
CVPR-2020-A001431,Larry S. Davis,UNKNOWN,UNKNOWN,CVPR,2020
CVPR-2020-A001432,Mohsen Fayyaz,University of Bonn,Germany,CVPR,2020
CVPR-2020-A001433,Jurgen Gall,University of Bonn,Germany,CVPR,2020
CVPR-2020-A001434,Han Yang,"DAMO Academy, Alibaba Group",China,CVPR,2020
CVPR-2020-A001435,Xingjian Zhen,University of Wisconsin Madison,United States,CVPR,2020
CVPR-2020-A001436,Ying Chi,"DAMO Academy, Alibaba Group",China,CVPR,2020
CVPR-2020-A001437,Lei Zhang,"DAMO Academy, Alibaba Group",China,CVPR,2020
CVPR-2020-A001438,Xian-Sheng Hua,"DAMO Academy, Alibaba Group",China,CVPR,2020
CVPR-2020-A001439,Dongwei Ren,"Tianjin Key Lab of Machine Learning, College of Intelligence and Computing, Tianjin University, Tianjin, China School of Computer Science and Technology, Harbin Institute of Technology, Harbin, China",China,CVPR,2020
CVPR-2020-A001440,Kai Zhang,"Tianjin Key Lab of Machine Learning, College of Intelligence and Computing, Tianjin University, Tianjin, China School of Computer Science and Technology, Harbin Institute of Technology, Harbin, China",China,CVPR,2020
CVPR-2020-A001441,Qilong Wang,"Tianjin Key Lab of Machine Learning, College of Intelligence and Computing, Tianjin University, Tianjin, China School of Computer Science and Technology, Harbin Institute of Technology, Harbin, China",China,CVPR,2020
CVPR-2020-A001442,Qinghua Hu,"Tianjin Key Lab of Machine Learning, College of Intelligence and Computing, Tianjin University, Tianjin, China School of Computer Science and Technology, Harbin Institute of Technology, Harbin, China",China,CVPR,2020
CVPR-2020-A001443,Wangmeng Zuo,"Tianjin Key Lab of Machine Learning, College of Intelligence and Computing, Tianjin University, Tianjin, China School of Computer Science and Technology, Harbin Institute of Technology, Harbin, China",China,CVPR,2020
CVPR-2020-A001444,Vitor Guizilini,Toyota Research Institute (TRI),United States,CVPR,2020
CVPR-2020-A001445,Rares Ambrus,Toyota Research Institute (TRI),United States,CVPR,2020
CVPR-2020-A001446,Sudeep Pillai,Toyota Research Institute (TRI),United States,CVPR,2020
CVPR-2020-A001447,Allan Raventos,Toyota Research Institute (TRI),United States,CVPR,2020
CVPR-2020-A001448,Adrien Gaidon,Toyota Research Institute (TRI),United States,CVPR,2020
CVPR-2020-A001449,Shaifali Parashar,"CVLAB, EPFL, Switzerland",Switzerland,CVPR,2020
CVPR-2020-A001450,Mathieu Salzmann,"CVLAB, EPFL, Switzerland",Switzerland,CVPR,2020
CVPR-2020-A001451,Pascal Fua,"CVLAB, EPFL, Switzerland",Switzerland,CVPR,2020
CVPR-2020-A001452,Haifeng Xia,UNKNOWN,UNKNOWN,CVPR,2020
CVPR-2020-A001453,Zhengming Ding,UNKNOWN,UNKNOWN,CVPR,2020
CVPR-2020-A001454,Jiaqi Guan,Carnegie Mellon University University of Illinois Urbana Champaign UC Berkeley,United States,CVPR,2020
CVPR-2020-A001455,Ye Yuan,Carnegie Mellon University University of Illinois Urbana Champaign UC Berkeley,United States,CVPR,2020
CVPR-2020-A001456,Kris M. Kitani,Carnegie Mellon University University of Illinois Urbana Champaign UC Berkeley,United States,CVPR,2020
CVPR-2020-A001457,Nicholas Rhinehart,Carnegie Mellon University University of Illinois Urbana Champaign UC Berkeley,United States,CVPR,2020
CVPR-2020-A001458,Lyujian Lu,"School of Computer Science and Center for OPTical IMagery Analysis and Learning (OPTIMAL), Northwestern Polytechnical University, Xi’an , P. R. China",China,CVPR,2020
CVPR-2020-A001459,Hua Wang,"School of Computer Science and Center for OPTical IMagery Analysis and Learning (OPTIMAL), Northwestern Polytechnical University, Xi’an , P. R. China",China,CVPR,2020
CVPR-2020-A001460,Saad Elbeleidy,"School of Computer Science and Center for OPTical IMagery Analysis and Learning (OPTIMAL), Northwestern Polytechnical University, Xi’an , P. R. China",China,CVPR,2020
CVPR-2020-A001461,Feiping Nie,"School of Computer Science and Center for OPTical IMagery Analysis and Learning (OPTIMAL), Northwestern Polytechnical University, Xi’an , P. R. China",China,CVPR,2020
CVPR-2020-A001462,Xiaokang Chen,"Key Laboratory of Machine Perception (MOE), School of EECS, Peking University",China,CVPR,2020
CVPR-2020-A001463,Kwan-Yee Lin,SenseTime Research,China,CVPR,2020
CVPR-2020-A001464,Chen Qian,SenseTime Research,China,CVPR,2020
CVPR-2020-A001465,Gang Zeng,"Key Laboratory of Machine Perception (MOE), School of EECS, Peking University",China,CVPR,2020
CVPR-2020-A001466,Hongsheng Li,The Chinese University of Hong Kong,China,CVPR,2020
CVPR-2020-A001467,Jiaying Lin,"Department of Computer Science, City University of Hong Kong",Hong Kong,CVPR,2020
CVPR-2020-A001468,Guodong Wang,"Department of Computer Science, City University of Hong Kong",Hong Kong,CVPR,2020
CVPR-2020-A001469,Rynson W.H. Lau,"Department of Computer Science, City University of Hong Kong",Hong Kong,CVPR,2020
CVPR-2020-A001470,Hanchao Yu,"United Imaging Intelligence, Cambridge, MA , University of Illinois at Urbana-Champaign, University of Oregon",United States,CVPR,2020
CVPR-2020-A001471,Shanhui Sun,"United Imaging Intelligence, Cambridge, MA , University of Illinois at Urbana-Champaign, University of Oregon",United States,CVPR,2020
CVPR-2020-A001472,Haichao Yu,"United Imaging Intelligence, Cambridge, MA , University of Illinois at Urbana-Champaign, University of Oregon",United States,CVPR,2020
CVPR-2020-A001473,Xiao Chen,"United Imaging Intelligence, Cambridge, MA , University of Illinois at Urbana-Champaign, University of Oregon",United States,CVPR,2020
CVPR-2020-A001474,Honghui Shi,"United Imaging Intelligence, Cambridge, MA , University of Illinois at Urbana-Champaign, University of Oregon",United States,CVPR,2020
CVPR-2020-A001475,Thomas S. Huang,"United Imaging Intelligence, Cambridge, MA , University of Illinois at Urbana-Champaign, University of Oregon",United States,CVPR,2020
CVPR-2020-A001476,Terrence Chen,"United Imaging Intelligence, Cambridge, MA , University of Illinois at Urbana-Champaign, University of Oregon",United States,CVPR,2020
CVPR-2020-A001477,Haiyang Mei,Dalian University of Technology,China,CVPR,2020
CVPR-2020-A001478,Xin Yang,Dalian University of Technology | Advanced Institute of Information Technology Peking University,UNKNOWN,CVPR,2020
CVPR-2020-A001479,Yang Wang,Dalian University of Technology,China,CVPR,2020
CVPR-2020-A001480,Yuanyuan Liu,Dalian University of Technology,China,CVPR,2020
CVPR-2020-A001481,Shengfeng He,South China University of Technology,China,CVPR,2020
CVPR-2020-A001482,Qiang Zhang,Dalian University of Technology,China,CVPR,2020
CVPR-2020-A001483,Xiaopeng Wei,Dalian University of Technology,China,CVPR,2020
CVPR-2020-A001484,Rynson W.H. Lau,City University of Hong Kong,Hong Kong,CVPR,2020
CVPR-2020-A001485,Zhiheng Li,University of Rochester,United States,CVPR,2020
CVPR-2020-A001486,Wenxuan Bao,Tsinghua University,China,CVPR,2020
CVPR-2020-A001487,Jiayang Zheng,University of Rochester,United States,CVPR,2020
CVPR-2020-A001488,Chenliang Xu,University of Rochester,United States,CVPR,2020
CVPR-2020-A001489,Zhiyi Cheng,"Vision Semantics Limited, London, UK",United Kingdom,CVPR,2020
CVPR-2020-A001490,Qi Dong,"Vision Semantics Limited, London, UK",United Kingdom,CVPR,2020
CVPR-2020-A001491,Shaogang Gong,"Vision Semantics Limited, London, UK",United Kingdom,CVPR,2020
CVPR-2020-A001492,Xiatian Zhu,"Vision Semantics Limited, London, UK",United Kingdom,CVPR,2020
CVPR-2020-A001493,Sam Maksoud,"The University of Queensland, St Lucia QLD , Australia",Australia,CVPR,2020
CVPR-2020-A001494,Kun Zhao,"The University of Queensland, St Lucia QLD , Australia",Australia,CVPR,2020
CVPR-2020-A001495,Peter Hobson,"The University of Queensland, St Lucia QLD , Australia",Australia,CVPR,2020
CVPR-2020-A001496,Anthony Jennings,"The University of Queensland, St Lucia QLD , Australia",Australia,CVPR,2020
CVPR-2020-A001497,Brian C. Lovell,"The University of Queensland, St Lucia QLD , Australia",Australia,CVPR,2020
CVPR-2020-A001498,Yichao Yan,"Inception Institute of Artificial Intelligence (IIAI), Abu Dhabi, UAE",United Arab Emirates,CVPR,2020
CVPR-2020-A001499,Jie Qin,"Inception Institute of Artificial Intelligence (IIAI), Abu Dhabi, UAE",United Arab Emirates,CVPR,2020
CVPR-2020-A001500,Jiaxin Chen,"Inception Institute of Artificial Intelligence (IIAI), Abu Dhabi, UAE",United Arab Emirates,CVPR,2020
CVPR-2020-A001501,Li Liu,"Inception Institute of Artificial Intelligence (IIAI), Abu Dhabi, UAE",United Arab Emirates,CVPR,2020
CVPR-2020-A001502,Fan Zhu,"Inception Institute of Artificial Intelligence (IIAI), Abu Dhabi, UAE",United Arab Emirates,CVPR,2020
CVPR-2020-A001503,Ying Tai,"Tencent YouTu Lab, Shanghai, China",China,CVPR,2020
CVPR-2020-A001504,Ling Shao,"Inception Institute of Artificial Intelligence (IIAI), Abu Dhabi, UAE",United Arab Emirates,CVPR,2020
CVPR-2020-A001505,Feng Zhu,"State Key Laboratory of Software Development Environment, Beihang University",China,CVPR,2020
CVPR-2020-A001506,Ruihao Gong,"State Key Laboratory of Software Development Environment, Beihang University",China,CVPR,2020
CVPR-2020-A001507,Fengwei Yu,"State Key Laboratory of Software Development Environment, Beihang University",China,CVPR,2020
CVPR-2020-A001508,Xianglong Liu,"State Key Laboratory of Software Development Environment, Beihang University",China,CVPR,2020
CVPR-2020-A001509,Yanfei Wang,"State Key Laboratory of Software Development Environment, Beihang University",China,CVPR,2020
CVPR-2020-A001510,Zhelong Li,"State Key Laboratory of Software Development Environment, Beihang University",China,CVPR,2020
CVPR-2020-A001511,Xiuqi Yang,"State Key Laboratory of Software Development Environment, Beihang University",China,CVPR,2020
CVPR-2020-A001512,Junjie Yan,"State Key Laboratory of Software Development Environment, Beihang University",China,CVPR,2020
CVPR-2020-A001513,Sravanti Addepalli,UNKNOWN,UNKNOWN,CVPR,2020
CVPR-2020-A001514,Vivek B.S.,UNKNOWN,UNKNOWN,CVPR,2020
CVPR-2020-A001515,Arya Baburaj,UNKNOWN,UNKNOWN,CVPR,2020
CVPR-2020-A001516,Gaurang Sriramanan,UNKNOWN,UNKNOWN,CVPR,2020
CVPR-2020-A001517,R. Venkatesh Babu,UNKNOWN,UNKNOWN,CVPR,2020
CVPR-2020-A001518,Shreyas Hampali,"Institute for Computer Graphics and Vision, Graz University of Technology, Austria",Austria,CVPR,2020
CVPR-2020-A001519,Mahdi Rad,"Institute for Computer Graphics and Vision, Graz University of Technology, Austria",Austria,CVPR,2020
CVPR-2020-A001520,Markus Oberweger,"Institute for Computer Graphics and Vision, Graz University of Technology, Austria",Austria,CVPR,2020
CVPR-2020-A001521,Vincent Lepetit,"LIGM, Ecole des Ponts, Univ Gustave Eiffel, CNRS, Marne-la-Vallée, France | Institute for Computer Graphics and Vision, Graz University of Technology, Austria",France,CVPR,2020
CVPR-2020-A001522,Zhenqiang Ying,"University of Texas at Austin, Facebook AI",United States,CVPR,2020
CVPR-2020-A001523,Haoran Niu,"University of Texas at Austin, Facebook AI",United States,CVPR,2020
CVPR-2020-A001524,Praful Gupta,"University of Texas at Austin, Facebook AI",United States,CVPR,2020
CVPR-2020-A001525,Dhruv Mahajan,"University of Texas at Austin, Facebook AI",United States,CVPR,2020
CVPR-2020-A001526,Deepti Ghadiyaram,"University of Texas at Austin, Facebook AI",United States,CVPR,2020
CVPR-2020-A001527,Alan Bovik,"University of Texas at Austin, Facebook AI",United States,CVPR,2020
CVPR-2020-A001528,Hailiang Xu,Alibaba Group | Nanjing University,China,CVPR,2020
CVPR-2020-A001529,Siqi Xie,Beijing Language and Culture University,China,CVPR,2020
CVPR-2020-A001530,Fan Chen,Columbia University,United States,CVPR,2020
CVPR-2020-A001531,Nicolas Scheiner,UNKNOWN,UNKNOWN,CVPR,2020
CVPR-2020-A001532,Florian Kraus,UNKNOWN,UNKNOWN,CVPR,2020
CVPR-2020-A001533,Fangyin Wei,UNKNOWN,UNKNOWN,CVPR,2020
CVPR-2020-A001534,Buu Phan,UNKNOWN,UNKNOWN,CVPR,2020
CVPR-2020-A001535,Fahim Mannan,UNKNOWN,UNKNOWN,CVPR,2020
CVPR-2020-A001536,Nils Appenrodt,UNKNOWN,UNKNOWN,CVPR,2020
CVPR-2020-A001537,Werner Ritter,UNKNOWN,UNKNOWN,CVPR,2020
CVPR-2020-A001538,Jurgen Dickmann,UNKNOWN,UNKNOWN,CVPR,2020
CVPR-2020-A001539,Klaus Dietmayer,UNKNOWN,UNKNOWN,CVPR,2020
CVPR-2020-A001540,Bernhard Sick,UNKNOWN,UNKNOWN,CVPR,2020
CVPR-2020-A001541,Felix Heide,UNKNOWN,UNKNOWN,CVPR,2020
CVPR-2020-A001542,Alireza Zareian,"Columbia University, New York, NY, USA",United States,CVPR,2020
CVPR-2020-A001543,Svebor Karaman,"Columbia University, New York, NY, USA",United States,CVPR,2020
CVPR-2020-A001544,Shih-Fu Chang,"Columbia University, New York, NY, USA",United States,CVPR,2020
CVPR-2020-A001545,Ziyu Wan,City University of Hong Kong,Hong Kong,CVPR,2020
CVPR-2020-A001546,Bo Zhang,Microsoft Research Asia,China,CVPR,2020
CVPR-2020-A001547,Dongdong Chen,Microsoft Cloud + AI,United States,CVPR,2020
CVPR-2020-A001548,Pan Zhang,University of Science and Technology of China,China,CVPR,2020
CVPR-2020-A001549,Dong Chen,Microsoft Research Asia,China,CVPR,2020
CVPR-2020-A001550,Jing Liao,City University of Hong Kong,Hong Kong,CVPR,2020
CVPR-2020-A001551,Fang Wen,Microsoft Research Asia,China,CVPR,2020
CVPR-2020-A001552,Xiaoming Li,"School of Computer Science and Technology, Harbin Institute of Technology, China",China,CVPR,2020
CVPR-2020-A001553,Wenyu Li,"School of Computer Science and Technology, Harbin Institute of Technology, China",China,CVPR,2020
CVPR-2020-A001554,Dongwei Ren,"College of Intelligence and Computing, Tianjin University, China",China,CVPR,2020
CVPR-2020-A001555,Hongzhi Zhang,"School of Computer Science and Technology, Harbin Institute of Technology, China",China,CVPR,2020
CVPR-2020-A001556,Meng Wang,"Hefei University of Technology, China",China,CVPR,2020
CVPR-2020-A001557,Wangmeng Zuo,"School of Computer Science and Technology, Harbin Institute of Technology, China",China,CVPR,2020
CVPR-2020-A001558,Xiaohu Lu,The Ohio State University ETH Zürich Microsoft,UNKNOWN,CVPR,2020
CVPR-2020-A001559,Zuoyue Li,The Ohio State University ETH Zürich Microsoft,UNKNOWN,CVPR,2020
CVPR-2020-A001560,Zhaopeng Cui,The Ohio State University ETH Zürich Microsoft,UNKNOWN,CVPR,2020
CVPR-2020-A001561,Martin R. Oswald,The Ohio State University ETH Zürich Microsoft,UNKNOWN,CVPR,2020
CVPR-2020-A001562,Marc Pollefeys,The Ohio State University ETH Zürich Microsoft,UNKNOWN,CVPR,2020
CVPR-2020-A001563,Rongjun Qin,The Ohio State University ETH Zürich Microsoft,UNKNOWN,CVPR,2020
CVPR-2020-A001564,Lei Li,City University of Hong Kong,Hong Kong,CVPR,2020
CVPR-2020-A001565,Siyu Zhu,City University of Hong Kong,Hong Kong,CVPR,2020
CVPR-2020-A001566,Hongbo Fu,City University of Hong Kong,Hong Kong,CVPR,2020
CVPR-2020-A001567,Ping Tan,City University of Hong Kong,Hong Kong,CVPR,2020
CVPR-2020-A001568,Chiew-Lan Tai,City University of Hong Kong,Hong Kong,CVPR,2020
CVPR-2020-A001569,Hang Dong,"College of Artiﬁcial Intelligence, Xi’an Jiaotong University",China,CVPR,2020
CVPR-2020-A001570,Jinshan Pan,Nanjing University of Science and Technology,China,CVPR,2020
CVPR-2020-A001571,Lei Xiang,"College of Artiﬁcial Intelligence, Xi’an Jiaotong University",China,CVPR,2020
CVPR-2020-A001572,Zhe Hu,Hikvision Research America,United States,CVPR,2020
CVPR-2020-A001573,Xinyi Zhang,"College of Artiﬁcial Intelligence, Xi’an Jiaotong University",China,CVPR,2020
CVPR-2020-A001574,Fei Wang,"College of Artiﬁcial Intelligence, Xi’an Jiaotong University",China,CVPR,2020
CVPR-2020-A001575,Ming-Hsuan Yang,"University of California, Merced | Google Research",United States,CVPR,2020
CVPR-2020-A001576,Daniel Hernandez-Juarez,UNKNOWN,UNKNOWN,CVPR,2020
CVPR-2020-A001577,Sarah Parisot,UNKNOWN,UNKNOWN,CVPR,2020
CVPR-2020-A001578,Benjamin Busam,UNKNOWN,UNKNOWN,CVPR,2020
CVPR-2020-A001579,Ales Leonardis,UNKNOWN,UNKNOWN,CVPR,2020
CVPR-2020-A001580,Gregory Slabaugh,UNKNOWN,UNKNOWN,CVPR,2020
CVPR-2020-A001581,Steven McDonagh,UNKNOWN,UNKNOWN,CVPR,2020
CVPR-2020-A001582,John Lambert,"Intel Labs, University of California, Berkeley, Georgia Institute of Technology, Argo AI",United States,CVPR,2020
CVPR-2020-A001583,Zhuang Liu,"Intel Labs, University of California, Berkeley, Georgia Institute of Technology, Argo AI",United States,CVPR,2020
CVPR-2020-A001584,Ozan Sener,"Intel Labs, University of California, Berkeley, Georgia Institute of Technology, Argo AI",United States,CVPR,2020
CVPR-2020-A001585,James Hays,"Intel Labs, University of California, Berkeley, Georgia Institute of Technology, Argo AI",United States,CVPR,2020
CVPR-2020-A001586,Vladlen Koltun,"Intel Labs, University of California, Berkeley, Georgia Institute of Technology, Argo AI",United States,CVPR,2020
CVPR-2020-A001587,Zhe Jiang,SenseTime Research | Sichuan University,China,CVPR,2020
CVPR-2020-A001588,Yu Zhang,UNKNOWN,UNKNOWN,CVPR,2020
CVPR-2020-A001589,Dongqing Zou,SenseTime Research,China,CVPR,2020
CVPR-2020-A001590,Jimmy Ren,SenseTime Research,China,CVPR,2020
CVPR-2020-A001591,Jiancheng Lv,Sichuan University,China,CVPR,2020
CVPR-2020-A001592,Yebin Liu,"Department of Automation, Tsinghua University",China,CVPR,2020
CVPR-2020-A001593,Shaopeng Guo,SenseTime Research,China,CVPR,2020
CVPR-2020-A001594,Yujie Wang,SenseTime Research,China,CVPR,2020
CVPR-2020-A001595,Quanquan Li,SenseTime Research,China,CVPR,2020
CVPR-2020-A001596,Junjie Yan,SenseTime Research,China,CVPR,2020
CVPR-2020-A001597,Wenhan Yang,City University of Hong Kong,Hong Kong,CVPR,2020
CVPR-2020-A001598,Shiqi Wang,City University of Hong Kong,Hong Kong,CVPR,2020
CVPR-2020-A001599,Yuming Fang,Jiangxi University of Finance and Economics,China,CVPR,2020
CVPR-2020-A001600,Yue Wang,UNKNOWN,UNKNOWN,CVPR,2020
CVPR-2020-A001601,Jiaying Liu,Peking University,China,CVPR,2020
CVPR-2020-A001602,Junsong Fan,Center for Research on Intelligent Perception and Computing (CRIPAC) | School of Artificial Intelligence,China,CVPR,2020
CVPR-2020-A001603,Zhaoxiang Zhang,"Center for Research on Intelligent Perception and Computing (CRIPAC) | School of Artificial Intelligence | Center for Excellence in Brain Science and Intelligence Technology, CAS",China,CVPR,2020
CVPR-2020-A001604,Chunfeng Song,Center for Research on Intelligent Perception and Computing (CRIPAC) | School of Artificial Intelligence,China,CVPR,2020
CVPR-2020-A001605,Tieniu Tan,"Center for Research on Intelligent Perception and Computing (CRIPAC) | School of Artificial Intelligence | Center for Excellence in Brain Science and Intelligence Technology, CAS",China,CVPR,2020
CVPR-2020-A001606,Yantao Lu,Syracuse University,United States,CVPR,2020
CVPR-2020-A001607,Yunhan Jia,Syracuse University,United States,CVPR,2020
CVPR-2020-A001608,Jianyu Wang,Syracuse University,United States,CVPR,2020
CVPR-2020-A001609,Bai Li,Syracuse University,United States,CVPR,2020
CVPR-2020-A001610,Weiheng Chai,Syracuse University,United States,CVPR,2020
CVPR-2020-A001611,Lawrence Carin,Syracuse University,United States,CVPR,2020
CVPR-2020-A001612,Senem Velipasalar,Syracuse University,United States,CVPR,2020
CVPR-2020-A001613,Yuesong Wang,"School of Computer Science & Technology, Huazhong University of Science & Technology, China",China,CVPR,2020
CVPR-2020-A001614,Tao Guan,"School of Computer Science & Technology, Huazhong University of Science & Technology, China | Farsee2 Technology Ltd, China",China,CVPR,2020
CVPR-2020-A001615,Zhuo Chen,"School of Computer Science & Technology, Huazhong University of Science & Technology, China",China,CVPR,2020
CVPR-2020-A001616,Yawei Luo,"School of Computer Science & Technology, Huazhong University of Science & Technology, China",China,CVPR,2020
CVPR-2020-A001617,Keyang Luo,"School of Computer Science & Technology, Huazhong University of Science & Technology, China",China,CVPR,2020
CVPR-2020-A001618,Lili Ju,"University of South Carolina, USA",United States,CVPR,2020
CVPR-2020-A001619,Zhiqin Chen,Simon Fraser University,Canada,CVPR,2020
CVPR-2020-A001620,Andrea Tagliasacchi,Simon Fraser University,Canada,CVPR,2020
CVPR-2020-A001621,Hao Zhang,Simon Fraser University,Canada,CVPR,2020
CVPR-2020-A001622,Yining Lang,Alibaba-Zhejiang University Joint Institute of Frontier Technologies3,China,CVPR,2020
CVPR-2020-A001623,Yuan He,Alibaba-Zhejiang University Joint Institute of Frontier Technologies3,China,CVPR,2020
CVPR-2020-A001624,Fan Yang,Alibaba-Zhejiang University Joint Institute of Frontier Technologies3,China,CVPR,2020
CVPR-2020-A001625,Jianfeng Dong,Alibaba-Zhejiang University Joint Institute of Frontier Technologies3,China,CVPR,2020
CVPR-2020-A001626,Hui Xue,Alibaba-Zhejiang University Joint Institute of Frontier Technologies3,China,CVPR,2020
CVPR-2020-A001627,Zhizheng Zhang,University of Science and Technology of China,China,CVPR,2020
CVPR-2020-A001628,Cuiling Lan,University of Science and Technology of China,China,CVPR,2020
CVPR-2020-A001629,Wenjun Zeng,University of Science and Technology of China,China,CVPR,2020
CVPR-2020-A001630,Xin Jin,University of Science and Technology of China,China,CVPR,2020
CVPR-2020-A001631,Zhibo Chen,University of Science and Technology of China,China,CVPR,2020
CVPR-2020-A001632,Ranjie Duan,Swinburne University of Technology,Australia,CVPR,2020
CVPR-2020-A001633,Xingjun Ma,The University of Melbourne,Australia,CVPR,2020
CVPR-2020-A001634,Yisen Wang,Shanghai Jiao Tong University,China,CVPR,2020
CVPR-2020-A001635,James Bailey,The University of Melbourne,Australia,CVPR,2020
CVPR-2020-A001636,A. K. Qin,Swinburne University of Technology,Australia,CVPR,2020
CVPR-2020-A001637,Yun Yang,Swinburne University of Technology,Australia,CVPR,2020
CVPR-2020-A001638,AJ Piergiovanni,Research at Google,United States,CVPR,2020
CVPR-2020-A001639,Anelia Angelova,Research at Google,United States,CVPR,2020
CVPR-2020-A001640,Michael S. Ryoo,Research at Google,United States,CVPR,2020
CVPR-2020-A001641,Yancheng Wang,"National Key Laboratory of Science and Technology on Multispectral Information Processing, School",China,CVPR,2020
CVPR-2020-A001642,Yang Xiao,"National Key Laboratory of Science and Technology on Multispectral Information Processing, School",China,CVPR,2020
CVPR-2020-A001643,Fu Xiong,"Megvii Research Nanjing, Megvii Technology, China",China,CVPR,2020
CVPR-2020-A001644,Wenxiang Jiang,"National Key Laboratory of Science and Technology on Multispectral Information Processing, School",China,CVPR,2020
CVPR-2020-A001645,Zhiguo Cao,"National Key Laboratory of Science and Technology on Multispectral Information Processing, School",China,CVPR,2020
CVPR-2020-A001646,Joey Tianyi Zhou,"IHPC, A*STAR, Singapore",Singapore,CVPR,2020
CVPR-2020-A001647,Junsong Yuan,"CSE Department, State University of New York at Buffalo",United States,CVPR,2020
CVPR-2020-A001648,Yinpeng Dong,"Dept. of Comp. Sci. and Tech., BNRist Center, Institute for AI, THBI Lab Tsinghua University, Beijing, China RealAI",China,CVPR,2020
CVPR-2020-A001649,Qi-An Fu,"Dept. of Comp. Sci. and Tech., BNRist Center, Institute for AI, THBI Lab Tsinghua University, Beijing, China RealAI",China,CVPR,2020
CVPR-2020-A001650,Xiao Yang,"Dept. of Comp. Sci. and Tech., BNRist Center, Institute for AI, THBI Lab Tsinghua University, Beijing, China RealAI",China,CVPR,2020
CVPR-2020-A001651,Tianyu Pang,"Dept. of Comp. Sci. and Tech., BNRist Center, Institute for AI, THBI Lab Tsinghua University, Beijing, China RealAI",China,CVPR,2020
CVPR-2020-A001652,Hang Su,"Dept. of Comp. Sci. and Tech., BNRist Center, Institute for AI, THBI Lab Tsinghua University, Beijing, China RealAI",China,CVPR,2020
CVPR-2020-A001653,Zihao Xiao,"Dept. of Comp. Sci. and Tech., BNRist Center, Institute for AI, THBI Lab Tsinghua University, Beijing, China RealAI",China,CVPR,2020
CVPR-2020-A001654,Jun Zhu,"Dept. of Comp. Sci. and Tech., BNRist Center, Institute for AI, THBI Lab Tsinghua University, Beijing, China RealAI",China,CVPR,2020
CVPR-2020-A001655,Alvin Chan,Nanyang Technological University,Singapore,CVPR,2020
CVPR-2020-A001656,Yi Tay,Nanyang Technological University,Singapore,CVPR,2020
CVPR-2020-A001657,Yew-Soon Ong,"Nanyang Technological University | AI3, A⇤ STAR, Singapore",Singapore,CVPR,2020
CVPR-2020-A001658,Xiangrui Zeng,"Computational Biology Department Carnegie Mellon University Pittsburgh, PA , USA.",United States,CVPR,2020
CVPR-2020-A001659,Min Xu,"Computational Biology Department Carnegie Mellon University Pittsburgh, PA , USA.",United States,CVPR,2020
CVPR-2020-A001660,Dmitriy Smirnov,Massachusetts Institute of Technology,United States,CVPR,2020
CVPR-2020-A001661,Matthew Fisher,Adobe Research,United States,CVPR,2020
CVPR-2020-A001662,Vladimir G. Kim,Adobe Research,United States,CVPR,2020
CVPR-2020-A001663,Richard Zhang,Adobe Research,United States,CVPR,2020
CVPR-2020-A001664,Justin Solomon,Massachusetts Institute of Technology,United States,CVPR,2020
CVPR-2020-A001665,Sebastian Weiss,UNKNOWN,UNKNOWN,CVPR,2020
CVPR-2020-A001666,Robert Maier,UNKNOWN,UNKNOWN,CVPR,2020
CVPR-2020-A001667,Daniel Cremers,UNKNOWN,UNKNOWN,CVPR,2020
CVPR-2020-A001668,Rudiger Westermann,UNKNOWN,UNKNOWN,CVPR,2020
CVPR-2020-A001669,Nils Thuerey,UNKNOWN,UNKNOWN,CVPR,2020
CVPR-2020-A001670,Sourabh Vora,UNKNOWN,UNKNOWN,CVPR,2020
CVPR-2020-A001671,Alex H. Lang,UNKNOWN,UNKNOWN,CVPR,2020
CVPR-2020-A001672,Bassam Helou,UNKNOWN,UNKNOWN,CVPR,2020
CVPR-2020-A001673,Oscar Beijbom,UNKNOWN,UNKNOWN,CVPR,2020
CVPR-2020-A001674,Christian Simon,UNKNOWN,UNKNOWN,CVPR,2020
CVPR-2020-A001675,Piotr Koniusz,UNKNOWN,UNKNOWN,CVPR,2020
CVPR-2020-A001676,Richard Nock,UNKNOWN,UNKNOWN,CVPR,2020
CVPR-2020-A001677,Mehrtash Harandi,UNKNOWN,UNKNOWN,CVPR,2020
CVPR-2020-A001678,Heng Yang,Laboratory for Information & Decision Systems (LIDS) Massachusetts Institute of Technology,United States,CVPR,2020
CVPR-2020-A001679,Luca Carlone,Laboratory for Information & Decision Systems (LIDS) Massachusetts Institute of Technology,United States,CVPR,2020
CVPR-2020-A001680,Li Zhang,University of Oxford,United Kingdom,CVPR,2020
CVPR-2020-A001681,Dan Xu,University of Oxford,United Kingdom,CVPR,2020
CVPR-2020-A001682,Anurag Arnab,Google Research,UNKNOWN,CVPR,2020
CVPR-2020-A001683,Philip H.S. Torr,UNKNOWN,UNKNOWN,CVPR,2020
CVPR-2020-A001684,Junsuk Choe,UNKNOWN,UNKNOWN,CVPR,2020
CVPR-2020-A001685,Seong Joon Oh,Clova AI Research,South Korea,CVPR,2020
CVPR-2020-A001686,Seungho Lee,UNKNOWN,UNKNOWN,CVPR,2020
CVPR-2020-A001687,Sanghyuk Chun,UNKNOWN,UNKNOWN,CVPR,2020
CVPR-2020-A001688,Zeynep Akata,UNKNOWN,UNKNOWN,CVPR,2020
CVPR-2020-A001689,Hyunjung Shim,UNKNOWN,UNKNOWN,CVPR,2020
CVPR-2020-A001690,Jiahui Huang,"BNRist, Department of Computer Science and Technology, Tsinghua University, Beijing",China,CVPR,2020
CVPR-2020-A001691,Sheng Yang,"Alibaba Inc., China",China,CVPR,2020
CVPR-2020-A001692,Tai-Jiang Mu,"BNRist, Department of Computer Science and Technology, Tsinghua University, Beijing",China,CVPR,2020
CVPR-2020-A001693,Shi-Min Hu,"BNRist, Department of Computer Science and Technology, Tsinghua University, Beijing",China,CVPR,2020
CVPR-2020-A001694,Mingyi Zhou,University of Electronic Science and Technology of China1 Megvii Technology2,China,CVPR,2020
CVPR-2020-A001695,Jing Wu,University of Electronic Science and Technology of China1 Megvii Technology2,China,CVPR,2020
CVPR-2020-A001696,Yipeng Liu,University of Electronic Science and Technology of China1 Megvii Technology2,China,CVPR,2020
CVPR-2020-A001697,Shuaicheng Liu,University of Electronic Science and Technology of China1 Megvii Technology2,China,CVPR,2020
CVPR-2020-A001698,Ce Zhu,University of Electronic Science and Technology of China1 Megvii Technology2,China,CVPR,2020
CVPR-2020-A001699,Fengmao Lv,"Center of Statistical Research & School of Statistics, Southwestern University of Finance and",China,CVPR,2020
CVPR-2020-A001700,Tao Liang,"Center of Statistical Research & School of Statistics, Southwestern University of Finance and | Content Platform of Center & Content Development Platform, Tencent, China",China,CVPR,2020
CVPR-2020-A001701,Xiang Chen,"Content Platform of Center & Content Development Platform, Tencent, China",China,CVPR,2020
CVPR-2020-A001702,Guosheng Lin,"School of Computer Science and Engineering, Nanyang Technological University, Singapore",Singapore,CVPR,2020
CVPR-2020-A001703,Banglei Guan,"College of Aerospace Science and Engineering, National University of Defense Technology, China",China,CVPR,2020
CVPR-2020-A001704,Ji Zhao,UNKNOWN,UNKNOWN,CVPR,2020
CVPR-2020-A001705,Zhang Li,"College of Aerospace Science and Engineering, National University of Defense Technology, China",China,CVPR,2020
CVPR-2020-A001706,Fang Sun,"College of Aerospace Science and Engineering, National University of Defense Technology, China",China,CVPR,2020
CVPR-2020-A001707,Friedrich Fraundorfer,"Institute for Computer Graphics and Vision, Graz University of Technology, Austria | Remote Sensing Technology Institute, German Aerospace Center, Germany",Germany,CVPR,2020
CVPR-2020-A001708,Mang Tik Chiu,"UIUC, Intelinair, University of Oregon",UNKNOWN,CVPR,2020
CVPR-2020-A001709,Xingqian Xu,"UIUC, Intelinair, University of Oregon",UNKNOWN,CVPR,2020
CVPR-2020-A001710,Yunchao Wei,"UIUC, Intelinair, University of Oregon",UNKNOWN,CVPR,2020
CVPR-2020-A001711,Zilong Huang,"UIUC, Intelinair, University of Oregon",UNKNOWN,CVPR,2020
CVPR-2020-A001712,Alexander G. Schwing,"UIUC, Intelinair, University of Oregon",UNKNOWN,CVPR,2020
CVPR-2020-A001713,Robert Brunner,"UIUC, Intelinair, University of Oregon",UNKNOWN,CVPR,2020
CVPR-2020-A001714,Hrant Khachatrian,"UIUC, Intelinair, University of Oregon",UNKNOWN,CVPR,2020
CVPR-2020-A001715,Hovnatan Karapetyan,"UIUC, Intelinair, University of Oregon",UNKNOWN,CVPR,2020
CVPR-2020-A001716,Ivan Dozier,"UIUC, Intelinair, University of Oregon",UNKNOWN,CVPR,2020
CVPR-2020-A001717,Greg Rose,"UIUC, Intelinair, University of Oregon",UNKNOWN,CVPR,2020
CVPR-2020-A001718,David Wilson,"UIUC, Intelinair, University of Oregon",UNKNOWN,CVPR,2020
CVPR-2020-A001719,Adrian Tudor,"UIUC, Intelinair, University of Oregon",UNKNOWN,CVPR,2020
CVPR-2020-A001720,Naira Hovakimyan,"UIUC, Intelinair, University of Oregon",UNKNOWN,CVPR,2020
CVPR-2020-A001721,Thomas S. Huang,"UIUC, Intelinair, University of Oregon",UNKNOWN,CVPR,2020
CVPR-2020-A001722,Honghui Shi,"UIUC, Intelinair, University of Oregon",UNKNOWN,CVPR,2020
CVPR-2020-A001723,Sena Kiciroglu,"CVLAB, EPFL",Switzerland,CVPR,2020
CVPR-2020-A001724,Helge Rhodin,"CVLAB, EPFL | Imager Lab, UBC",Switzerland | Canada,CVPR,2020
CVPR-2020-A001725,Sudipta N. Sinha,Microsoft,United States,CVPR,2020
CVPR-2020-A001726,Mathieu Salzmann,"CVLAB, EPFL",Switzerland,CVPR,2020
CVPR-2020-A001727,Pascal Fua,"CVLAB, EPFL",Switzerland,CVPR,2020
CVPR-2020-A001728,Sharon Fogel,"Cornell Tech, Cornell University",United States,CVPR,2020
CVPR-2020-A001729,Hadar Averbuch-Elor,"Cornell Tech, Cornell University",United States,CVPR,2020
CVPR-2020-A001730,Sarel Cohen,"Cornell Tech, Cornell University",United States,CVPR,2020
CVPR-2020-A001731,Shai Mazor,"Cornell Tech, Cornell University",United States,CVPR,2020
CVPR-2020-A001732,Roee Litman,"Cornell Tech, Cornell University",United States,CVPR,2020
CVPR-2020-A001733,Pei Sun,UNKNOWN,UNKNOWN,CVPR,2020
CVPR-2020-A001734,Henrik Kretzschmar,UNKNOWN,UNKNOWN,CVPR,2020
CVPR-2020-A001735,Xerxes Dotiwalla,UNKNOWN,UNKNOWN,CVPR,2020
CVPR-2020-A001736,Aurelien Chouard,UNKNOWN,UNKNOWN,CVPR,2020
CVPR-2020-A001737,Vijaysai Patnaik,UNKNOWN,UNKNOWN,CVPR,2020
CVPR-2020-A001738,Paul Tsui,UNKNOWN,UNKNOWN,CVPR,2020
CVPR-2020-A001739,James Guo,UNKNOWN,UNKNOWN,CVPR,2020
CVPR-2020-A001740,Yin Zhou,UNKNOWN,UNKNOWN,CVPR,2020
CVPR-2020-A001741,Yuning Chai,UNKNOWN,UNKNOWN,CVPR,2020
CVPR-2020-A001742,Benjamin Caine,UNKNOWN,UNKNOWN,CVPR,2020
CVPR-2020-A001743,Vijay Vasudevan,UNKNOWN,UNKNOWN,CVPR,2020
CVPR-2020-A001744,Wei Han,UNKNOWN,UNKNOWN,CVPR,2020
CVPR-2020-A001745,Jiquan Ngiam,UNKNOWN,UNKNOWN,CVPR,2020
CVPR-2020-A001746,Hang Zhao,UNKNOWN,UNKNOWN,CVPR,2020
CVPR-2020-A001747,Aleksei Timofeev,UNKNOWN,UNKNOWN,CVPR,2020
CVPR-2020-A001748,Scott Ettinger,UNKNOWN,UNKNOWN,CVPR,2020
CVPR-2020-A001749,Maxim Krivokon,UNKNOWN,UNKNOWN,CVPR,2020
CVPR-2020-A001750,Amy Gao,UNKNOWN,UNKNOWN,CVPR,2020
CVPR-2020-A001751,Aditya Joshi,UNKNOWN,UNKNOWN,CVPR,2020
CVPR-2020-A001752,Yu Zhang,UNKNOWN,UNKNOWN,CVPR,2020
CVPR-2020-A001753,Jonathon Shlens,UNKNOWN,UNKNOWN,CVPR,2020
CVPR-2020-A001754,Zhifeng Chen,UNKNOWN,UNKNOWN,CVPR,2020
CVPR-2020-A001755,Dragomir Anguelov,UNKNOWN,UNKNOWN,CVPR,2020
CVPR-2020-A001756,Jonathan Munro,University of Bristol,United Kingdom,CVPR,2020
CVPR-2020-A001757,Dima Damen,University of Bristol,United Kingdom,CVPR,2020
CVPR-2020-A001758,Snehal Bhayani,"Center for Machine Vision and Signal Analysis, University of Oulu, Finland Visual Recognition Group, Faculty of Electrical Engineering, Czech Technical University in Prague",Finland | Czech Republic,CVPR,2020
CVPR-2020-A001759,Zuzana Kukelova,"Center for Machine Vision and Signal Analysis, University of Oulu, Finland Visual Recognition Group, Faculty of Electrical Engineering, Czech Technical University in Prague",Finland | Czech Republic,CVPR,2020
CVPR-2020-A001760,Janne Heikkila,"Center for Machine Vision and Signal Analysis, University of Oulu, Finland Visual Recognition Group, Faculty of Electrical Engineering, Czech Technical University in Prague",Finland | Czech Republic,CVPR,2020
CVPR-2020-A001761,Liming Jiang,Nanyang Technological University,Singapore,CVPR,2020
CVPR-2020-A001762,Ren Li,SenseTime Research,China,CVPR,2020
CVPR-2020-A001763,Wayne Wu,Nanyang Technological University | SenseTime Research,UNKNOWN,CVPR,2020
CVPR-2020-A001764,Chen Qian,SenseTime Research,China,CVPR,2020
CVPR-2020-A001765,Chen Change Loy,Nanyang Technological University,Singapore,CVPR,2020
CVPR-2020-A001766,Jan Bednarik,UNKNOWN,UNKNOWN,CVPR,2020
CVPR-2020-A001767,Shaifali Parashar,UNKNOWN,UNKNOWN,CVPR,2020
CVPR-2020-A001768,Erhan Gundogdu,UNKNOWN,UNKNOWN,CVPR,2020
CVPR-2020-A001769,Mathieu Salzmann,UNKNOWN,UNKNOWN,CVPR,2020
CVPR-2020-A001770,Pascal Fua,"CVLab, EPFL, Switzerland",Switzerland,CVPR,2020
CVPR-2020-A001771,Ceyuan Yang,"The Chinese University of Hong Kong, SenseTime Group Limited",China | Hong Kong,CVPR,2020
CVPR-2020-A001772,Yinghao Xu,"The Chinese University of Hong Kong, SenseTime Group Limited",China | Hong Kong,CVPR,2020
CVPR-2020-A001773,Jianping Shi,"The Chinese University of Hong Kong, SenseTime Group Limited",China | Hong Kong,CVPR,2020
CVPR-2020-A001774,Bo Dai,"The Chinese University of Hong Kong, SenseTime Group Limited",China | Hong Kong,CVPR,2020
CVPR-2020-A001775,Bolei Zhou,"The Chinese University of Hong Kong, SenseTime Group Limited",China | Hong Kong,CVPR,2020
CVPR-2020-A001776,Jiazhao Zhang,National University of Defense Technology,China,CVPR,2020
CVPR-2020-A001777,Chenyang Zhu,National University of Defense Technology,China,CVPR,2020
CVPR-2020-A001778,Lintao Zheng,National University of Defense Technology,China,CVPR,2020
CVPR-2020-A001779,Kai Xu,National University of Defense Technology | SpeedBot Robotics Ltd.,China,CVPR,2020
CVPR-2020-A001780,Ke Cheng,"NLPR & AIRIA, Institute of Automation, Chinese Academy of Sciences | School of Artificial Intelligence, University of Chinese Academy of Sciences",China,CVPR,2020
CVPR-2020-A001781,Yifan Zhang,"NLPR & AIRIA, Institute of Automation, Chinese Academy of Sciences | School of Artificial Intelligence, University of Chinese Academy of Sciences",China,CVPR,2020
CVPR-2020-A001782,Xiangyu He,"NLPR & AIRIA, Institute of Automation, Chinese Academy of Sciences | School of Artificial Intelligence, University of Chinese Academy of Sciences",China,CVPR,2020
CVPR-2020-A001783,Weihan Chen,"NLPR & AIRIA, Institute of Automation, Chinese Academy of Sciences | School of Artificial Intelligence, University of Chinese Academy of Sciences",China,CVPR,2020
CVPR-2020-A001784,Jian Cheng,"NLPR & AIRIA, Institute of Automation, Chinese Academy of Sciences | School of Artificial Intelligence, University of Chinese Academy of Sciences | CAS Center for Excellence in Brain Science and Intelligence Technology",China,CVPR,2020
CVPR-2020-A001785,Hanqing Lu,"NLPR & AIRIA, Institute of Automation, Chinese Academy of Sciences | School of Artificial Intelligence, University of Chinese Academy of Sciences",China,CVPR,2020
CVPR-2020-A001786,Xuanqing Liu,"UCLA, Google",United States,CVPR,2020
CVPR-2020-A001787,Tesi Xiao,"UCLA, Google",United States,CVPR,2020
CVPR-2020-A001788,Si Si,"UCLA, Google",United States,CVPR,2020
CVPR-2020-A001789,Qin Cao,"UCLA, Google",United States,CVPR,2020
CVPR-2020-A001790,Sanjiv Kumar,"UCLA, Google",United States,CVPR,2020
CVPR-2020-A001791,Cho-Jui Hsieh,"UCLA, Google",United States,CVPR,2020
CVPR-2020-A001792,Zhuowan Li,Johns Hopkins University Adobe Research,United States,CVPR,2020
CVPR-2020-A001793,Quan Tran,Johns Hopkins University Adobe Research,United States,CVPR,2020
CVPR-2020-A001794,Long Mai,Johns Hopkins University Adobe Research,United States,CVPR,2020
CVPR-2020-A001795,Zhe Lin,Johns Hopkins University Adobe Research,United States,CVPR,2020
CVPR-2020-A001796,Alan L. Yuille,Johns Hopkins University Adobe Research,United States,CVPR,2020
CVPR-2020-A001797,Sungyong Baik,"ASRI, Department of ECE, Seoul National University",South Korea,CVPR,2020
CVPR-2020-A001798,Seokil Hong,"ASRI, Department of ECE, Seoul National University",South Korea,CVPR,2020
CVPR-2020-A001799,Kyoung Mu Lee,"ASRI, Department of ECE, Seoul National University",South Korea,CVPR,2020
CVPR-2020-A001800,Muzammal Naseer,"∗ Australian National University, Australia, Data61-CSIRO, Australia Inception Institute of Artificial Intelligence, UAE, CVL, Linköping University, Sweden",Australia,CVPR,2020
CVPR-2020-A001801,Salman Khan,"∗ Australian National University, Australia, Data61-CSIRO, Australia Inception Institute of Artificial Intelligence, UAE, CVL, Linköping University, Sweden",Australia,CVPR,2020
CVPR-2020-A001802,Munawar Hayat,"∗ Australian National University, Australia, Data61-CSIRO, Australia Inception Institute of Artificial Intelligence, UAE, CVL, Linköping University, Sweden",Australia,CVPR,2020
CVPR-2020-A001803,Fahad Shahbaz Khan,"∗ Australian National University, Australia, Data61-CSIRO, Australia Inception Institute of Artificial Intelligence, UAE, CVL, Linköping University, Sweden",Australia,CVPR,2020
CVPR-2020-A001804,Fatih Porikli,"∗ Australian National University, Australia, Data61-CSIRO, Australia Inception Institute of Artificial Intelligence, UAE, CVL, Linköping University, Sweden",Australia,CVPR,2020
CVPR-2020-A001805,Osama Makansi,UNKNOWN,UNKNOWN,CVPR,2020
CVPR-2020-A001806,Ozgun Cicek,UNKNOWN,UNKNOWN,CVPR,2020
CVPR-2020-A001807,Kevin Buchicchio,UNKNOWN,UNKNOWN,CVPR,2020
CVPR-2020-A001808,Thomas Brox,UNKNOWN,UNKNOWN,CVPR,2020
CVPR-2020-A001809,Lei Han,Tsinghua University | Hong Kong University of Science and Technology,China | Hong Kong,CVPR,2020
CVPR-2020-A001810,Tian Zheng,Tsinghua University,China,CVPR,2020
CVPR-2020-A001811,Lan Xu,Tsinghua University | Hong Kong University of Science and Technology,China | Hong Kong,CVPR,2020
CVPR-2020-A001812,Lu Fang,Tsinghua University,China,CVPR,2020
CVPR-2020-A001813,Ji Hou,Technical University of Munich,Germany,CVPR,2020
CVPR-2020-A001814,Angela Dai,Technical University of Munich,Germany,CVPR,2020
CVPR-2020-A001815,Matthias Niessner,Technical University of Munich,Germany,CVPR,2020
CVPR-2020-A001816,Christopher A. Metzler,Stanford University,United States,CVPR,2020
CVPR-2020-A001817,Hayato Ikoma,Stanford University,United States,CVPR,2020
CVPR-2020-A001818,Yifan Peng,Stanford University,United States,CVPR,2020
CVPR-2020-A001819,Gordon Wetzstein,Stanford University,United States,CVPR,2020
CVPR-2020-A001820,Chen Song,The University of Texas at Austin,United States,CVPR,2020
CVPR-2020-A001821,Jiaru Song,The University of Texas at Austin,United States,CVPR,2020
CVPR-2020-A001822,Qixing Huang,The University of Texas at Austin,United States,CVPR,2020
CVPR-2020-A001823,Jianhe Yuan,"University of Missouri, Columbia MO",United States,CVPR,2020
CVPR-2020-A001824,Zhihai He,"University of Missouri, Columbia MO",United States,CVPR,2020
CVPR-2020-A001825,Jinrui Yang,"School of Data and Computer Science, Sun Yat-sen University, China | Key Laboratory of Machine Intelligence and Advanced Computing, Ministry of Education, China",China,CVPR,2020
CVPR-2020-A001826,Wei-Shi Zheng,"School of Data and Computer Science, Sun Yat-sen University, China | Peng Cheng Laboratory, Shenzhen , China | Key Laboratory of Machine Intelligence and Advanced Computing, Ministry of Education, China",China,CVPR,2020
CVPR-2020-A001827,Qize Yang,"School of Data and Computer Science, Sun Yat-sen University, China | Key Laboratory of Machine Intelligence and Advanced Computing, Ministry of Education, China",China,CVPR,2020
CVPR-2020-A001828,Ying-Cong Chen,UNKNOWN,UNKNOWN,CVPR,2020
CVPR-2020-A001829,Qi Tian,"The Huawei Noah’s Ark Lab, China",China,CVPR,2020
CVPR-2020-A001830,Yuheng Zhang,UNKNOWN,UNKNOWN,CVPR,2020
CVPR-2020-A001831,Ruoxi Jia,UNKNOWN,UNKNOWN,CVPR,2020
CVPR-2020-A001832,Hengzhi Pei,Fudan University,China,CVPR,2020
CVPR-2020-A001833,Wenxiao Wang,Tsinghua University,China,CVPR,2020
CVPR-2020-A001834,Bo Li,University of Illinois at Urbana-Champaign,United States,CVPR,2020
CVPR-2020-A001835,Dawn Song,UNKNOWN,UNKNOWN,CVPR,2020
CVPR-2020-A001836,Heng Wang,UNKNOWN,UNKNOWN,CVPR,2020
CVPR-2020-A001837,Du Tran,UNKNOWN,UNKNOWN,CVPR,2020
CVPR-2020-A001838,Lorenzo Torresani,UNKNOWN,UNKNOWN,CVPR,2020
CVPR-2020-A001839,Matt Feiszli,UNKNOWN,UNKNOWN,CVPR,2020
CVPR-2020-A001840,Buyu Liu,UNKNOWN,UNKNOWN,CVPR,2020
CVPR-2020-A001841,Bingbing Zhuang,NEC Laboratories America,United States,CVPR,2020
CVPR-2020-A001842,Samuel Schulter,NEC Laboratories America,United States,CVPR,2020
CVPR-2020-A001843,Pan Ji,NEC Laboratories America,United States,CVPR,2020
CVPR-2020-A001844,Manmohan Chandraker,NEC Laboratories America | UC San Diego,UNKNOWN,CVPR,2020
CVPR-2020-A001845,Lifeng Huang,"School of Data and Computer Science, Sun Yat-sen University | Guangdong Key Laboratory of Information Security Technology",China,CVPR,2020
CVPR-2020-A001846,Chengying Gao,"School of Data and Computer Science, Sun Yat-sen University Guangdong Key Laboratory of Information Security Technology Department of Computer Science, The Johns Hopkins University Max Planck Institute for Informatics, University of Maryland, College Park",United States,CVPR,2020
CVPR-2020-A001847,Yuyin Zhou,"School of Data and Computer Science, Sun Yat-sen University Guangdong Key Laboratory of Information Security Technology Department of Computer Science, The Johns Hopkins University Max Planck Institute for Informatics, University of Maryland, College Park",United States,CVPR,2020
CVPR-2020-A001848,Cihang Xie,"School of Data and Computer Science, Sun Yat-sen University Guangdong Key Laboratory of Information Security Technology Department of Computer Science, The Johns Hopkins University Max Planck Institute for Informatics, University of Maryland, College Park",United States,CVPR,2020
CVPR-2020-A001849,Alan L. Yuille,UNKNOWN,UNKNOWN,CVPR,2020
CVPR-2020-A001850,Changqing Zou,"Max Planck Institute for Informatics | University of Maryland, College Park",United States,CVPR,2020
CVPR-2020-A001851,Ning Liu,"School of Data and Computer Science, Sun Yat-sen University | Guangdong Key Laboratory of Information Security Technology",China,CVPR,2020
CVPR-2020-A001852,Tushar Nagarajan,UT Austin Facebook AI Research,United States,CVPR,2020
CVPR-2020-A001853,Yanghao Li,UT Austin Facebook AI Research,United States,CVPR,2020
CVPR-2020-A001854,Christoph Feichtenhofer,UT Austin Facebook AI Research,United States,CVPR,2020
CVPR-2020-A001855,Kristen Grauman,UT Austin Facebook AI Research,United States,CVPR,2020
CVPR-2020-A001856,Qi Fan,UNKNOWN,UNKNOWN,CVPR,2020
CVPR-2020-A001857,Wei Zhuo,UNKNOWN,UNKNOWN,CVPR,2020
CVPR-2020-A001858,Chi-Keung Tang,UNKNOWN,UNKNOWN,CVPR,2020
CVPR-2020-A001859,Yu-Wing Tai,UNKNOWN,UNKNOWN,CVPR,2020
CVPR-2020-A001860,Xuesong Chen,UNKNOWN,UNKNOWN,CVPR,2020
CVPR-2020-A001861,Canmiao Fu,"Tencent, China",China,CVPR,2020
CVPR-2020-A001862,Yong Zhao,"School of Electronic and Computer Engineering, Peking University, China",China,CVPR,2020
CVPR-2020-A001863,Feng Zheng,UNKNOWN,UNKNOWN,CVPR,2020
CVPR-2020-A001864,Jingkuan Song,"University of Electronic Science and Technology of China, China",China,CVPR,2020
CVPR-2020-A001865,Rongrong Ji,"Xiamen University, China",China,CVPR,2020
CVPR-2020-A001866,Yi Yang,"The ReLER Lab, Centre for AI, University of Technology Sydney, Australia",Australia,CVPR,2020
CVPR-2020-A001867,Manel Baradad,Massachusetts Institute of Technology,United States,CVPR,2020
CVPR-2020-A001868,Antonio Torralba,Massachusetts Institute of Technology,United States,CVPR,2020
CVPR-2020-A001869,Jie Li,"Department of Artificial Intelligence, School of Informatics, Xiamen University, Noah’s Ark Lab, Huawei Technologies Huaqiao University Xidian University",China,CVPR,2020
CVPR-2020-A001870,Rongrong Ji,"Department of Artificial Intelligence, School of Informatics, Xiamen University, Noah’s Ark Lab, Huawei Technologies Huaqiao University Xidian University",China,CVPR,2020
CVPR-2020-A001871,Hong Liu,"Department of Artificial Intelligence, School of Informatics, Xiamen University, Noah’s Ark Lab, Huawei Technologies Huaqiao University Xidian University",China,CVPR,2020
CVPR-2020-A001872,Jianzhuang Liu,"Department of Artificial Intelligence, School of Informatics, Xiamen University, Noah’s Ark Lab, Huawei Technologies Huaqiao University Xidian University",China,CVPR,2020
CVPR-2020-A001873,Bineng Zhong,"Department of Artificial Intelligence, School of Informatics, Xiamen University, Noah’s Ark Lab, Huawei Technologies Huaqiao University Xidian University",China,CVPR,2020
CVPR-2020-A001874,Cheng Deng,"Department of Artificial Intelligence, School of Informatics, Xiamen University, Noah’s Ark Lab, Huawei Technologies Huaqiao University Xidian University",China,CVPR,2020
CVPR-2020-A001875,Qi Tian,"Department of Artificial Intelligence, School of Informatics, Xiamen University, Noah’s Ark Lab, Huawei Technologies Huaqiao University Xidian University",China,CVPR,2020
CVPR-2020-A001876,Shuo Cheng,"University of California, San Diego",United States,CVPR,2020
CVPR-2020-A001877,Zexiang Xu,"University of California, San Diego",United States,CVPR,2020
CVPR-2020-A001878,Shilin Zhu,"University of California, San Diego",United States,CVPR,2020
CVPR-2020-A001879,Zhuwen Li,UNKNOWN,UNKNOWN,CVPR,2020
CVPR-2020-A001880,Li Erran Li,UNKNOWN,UNKNOWN,CVPR,2020
CVPR-2020-A001881,Ravi Ramamoorthi,"University of California, San Diego",United States,CVPR,2020
CVPR-2020-A001882,Hao Su,"University of California, San Diego",United States,CVPR,2020
CVPR-2020-A001883,Shan You,"SenseTime | Department of Automation, Tsinghua University",China,CVPR,2020
CVPR-2020-A001884,Tao Huang,"SenseTime | Dian Group, School of CST, Huazhong University of Science and Technology",China,CVPR,2020
CVPR-2020-A001885,Mingmin Yang,UNKNOWN,UNKNOWN,CVPR,2020
CVPR-2020-A001886,Fei Wang,UNKNOWN,UNKNOWN,CVPR,2020
CVPR-2020-A001887,Chen Qian,UNKNOWN,UNKNOWN,CVPR,2020
CVPR-2020-A001888,Changshui Zhang,"Department of Automation, Tsinghua University",China,CVPR,2020
CVPR-2020-A001889,Yuan Yuan,"School of Computer Science and Center for OPTical IMagery Analysis and Learning (OPTIMAL), Northwestern Polytechnical University, Xi’an, Shaanxi, P. R. China",China,CVPR,2020
CVPR-2020-A001890,Wei Su,"School of Computer Science and Center for OPTical IMagery Analysis and Learning (OPTIMAL), Northwestern Polytechnical University, Xi’an, Shaanxi, P. R. China",China,CVPR,2020
CVPR-2020-A001891,Dandan Ma,"School of Computer Science and Center for OPTical IMagery Analysis and Learning (OPTIMAL), Northwestern Polytechnical University, Xi’an, Shaanxi, P. R. China",China,CVPR,2020
CVPR-2020-A001892,Johanna Wald,Google,UNKNOWN,CVPR,2020
CVPR-2020-A001893,Helisa Dhamo,Google,UNKNOWN,CVPR,2020
CVPR-2020-A001894,Nassir Navab,Google,UNKNOWN,CVPR,2020
CVPR-2020-A001895,Federico Tombari,Google,UNKNOWN,CVPR,2020
CVPR-2020-A001896,Renjun Xu,Microsoft Research,United States,CVPR,2020
CVPR-2020-A001897,Pelen Liu,Microsoft Research,United States,CVPR,2020
CVPR-2020-A001898,Liyan Wang,Microsoft Research,United States,CVPR,2020
CVPR-2020-A001899,Chao Chen,Microsoft Research,United States,CVPR,2020
CVPR-2020-A001900,Jindong Wang,Microsoft Research,United States,CVPR,2020
CVPR-2020-A001901,Kaihao Zhang,Australian National University Tencent AI Lab Rakuten Institute of Technology ACRV,Australia,CVPR,2020
CVPR-2020-A001902,Wenhan Luo,Australian National University Tencent AI Lab Rakuten Institute of Technology ACRV,Australia,CVPR,2020
CVPR-2020-A001903,Yiran Zhong,Australian National University Tencent AI Lab Rakuten Institute of Technology ACRV,Australia,CVPR,2020
CVPR-2020-A001904,Lin Ma,Australian National University Tencent AI Lab Rakuten Institute of Technology ACRV,Australia,CVPR,2020
CVPR-2020-A001905,Bjorn Stenger,Australian National University Tencent AI Lab Rakuten Institute of Technology ACRV,Australia,CVPR,2020
CVPR-2020-A001906,Wei Liu,Australian National University Tencent AI Lab Rakuten Institute of Technology ACRV,Australia,CVPR,2020
CVPR-2020-A001907,Hongdong Li,Australian National University Tencent AI Lab Rakuten Institute of Technology ACRV,Australia,CVPR,2020
CVPR-2020-A001908,Lei Jin,ShanghaiTech University,China,CVPR,2020
CVPR-2020-A001909,Yanyu Xu,ShanghaiTech University,China,CVPR,2020
CVPR-2020-A001910,Jia Zheng,ShanghaiTech University,China,CVPR,2020
CVPR-2020-A001911,Junfei Zhang,ShanghaiTech University,China,CVPR,2020
CVPR-2020-A001912,Rui Tang,ShanghaiTech University,China,CVPR,2020
CVPR-2020-A001913,Shugong Xu,ShanghaiTech University,China,CVPR,2020
CVPR-2020-A001914,Jingyi Yu,ShanghaiTech University,China,CVPR,2020
CVPR-2020-A001915,Shenghua Gao,ShanghaiTech University,China,CVPR,2020
CVPR-2020-A001916,Kai Xu,"DAMO Academy, Alibaba Group",China,CVPR,2020
CVPR-2020-A001917,Minghai Qin,"DAMO Academy, Alibaba Group",China,CVPR,2020
CVPR-2020-A001918,Fei Sun,"DAMO Academy, Alibaba Group",China,CVPR,2020
CVPR-2020-A001919,Yuhao Wang,"DAMO Academy, Alibaba Group",China,CVPR,2020
CVPR-2020-A001920,Yen-Kuang Chen,"DAMO Academy, Alibaba Group",China,CVPR,2020
CVPR-2020-A001921,Fengbo Ren,"DAMO Academy, Alibaba Group",China,CVPR,2020
CVPR-2020-A001922,Fu-En Wang,UNKNOWN,UNKNOWN,CVPR,2020
CVPR-2020-A001923,Yu-Hsuan Yeh,UNKNOWN,UNKNOWN,CVPR,2020
CVPR-2020-A001924,Min Sun,UNKNOWN,UNKNOWN,CVPR,2020
CVPR-2020-A001925,Wei-Chen Chiu,UNKNOWN,UNKNOWN,CVPR,2020
CVPR-2020-A001926,Yi-Hsuan Tsai,UNKNOWN,UNKNOWN,CVPR,2020
CVPR-2020-A001927,Fisher Yu,Cornell University,United States,CVPR,2020
CVPR-2020-A001928,Haofeng Chen,Cornell University,United States,CVPR,2020
CVPR-2020-A001929,Xin Wang,Cornell University,United States,CVPR,2020
CVPR-2020-A001930,Wenqi Xian,Cornell University,United States,CVPR,2020
CVPR-2020-A001931,Yingying Chen,Cornell University,United States,CVPR,2020
CVPR-2020-A001932,Fangchen Liu,Cornell University,United States,CVPR,2020
CVPR-2020-A001933,Vashisht Madhavan,Cornell University,United States,CVPR,2020
CVPR-2020-A001934,Trevor Darrell,Cornell University,United States,CVPR,2020
CVPR-2020-A001935,Xin Yuan,Dept. of Automation & Institute for Brain and,UNKNOWN,CVPR,2020
CVPR-2020-A001936,Yang Liu,Dept. of Automation & Institute for Brain and,UNKNOWN,CVPR,2020
CVPR-2020-A001937,Jinli Suo,Dept. of Automation & Institute for Brain and,UNKNOWN,CVPR,2020
CVPR-2020-A001938,Qionghai Dai,Dept. of Automation & Institute for Brain and,UNKNOWN,CVPR,2020
CVPR-2020-A001939,Nikita Araslanov,"Department of Computer Science, TU Darmstadt",Germany,CVPR,2020
CVPR-2020-A001940,Stefan Roth,"Department of Computer Science, TU Darmstadt",Germany,CVPR,2020
CVPR-2020-A001941,Maitreya Suin,"Indian Institute of Technology Madras, India",India,CVPR,2020
CVPR-2020-A001942,Kuldeep Purohit,"Indian Institute of Technology Madras, India",India,CVPR,2020
CVPR-2020-A001943,A. N. Rajagopalan,"Indian Institute of Technology Madras, India",India,CVPR,2020
CVPR-2020-A001944,Yuan Yao,University of British Columbia,Canada,CVPR,2020
CVPR-2020-A001945,Nico Schertler,University of British Columbia,Canada,CVPR,2020
CVPR-2020-A001946,Enrique Rosales,University of British Columbia,Canada,CVPR,2020
CVPR-2020-A001947,Helge Rhodin,University of British Columbia,Canada,CVPR,2020
CVPR-2020-A001948,Leonid Sigal,University of British Columbia,Canada,CVPR,2020
CVPR-2020-A001949,Alla Sheffer,University of British Columbia,Canada,CVPR,2020
CVPR-2020-A001950,Yifan Yang,"School of Computer Science and Technology, UCAS, Beijing, China",China,CVPR,2020
CVPR-2020-A001951,Guorong Li,UNKNOWN,UNKNOWN,CVPR,2020
CVPR-2020-A001952,Zhe Wu,"School of Computer Science and Technology, UCAS, Beijing, China",China,CVPR,2020
CVPR-2020-A001953,Li Su,"School of Computer Science and Technology, UCAS, Beijing, China | Key Lab of Big Data Mining and Knowledge Management, UCAS, Beijing, China",China,CVPR,2020
CVPR-2020-A001954,Qingming Huang,"School of Computer Science and Technology, UCAS, Beijing, China | Key Lab of Big Data Mining and Knowledge Management, UCAS, Beijing, China | Key Lab of Intelligent Information Processing, Institute of Computing Technology, CAS",China,CVPR,2020
CVPR-2020-A001955,Nicu Sebe,"University of Trento, Trento, Italy",Italy,CVPR,2020
CVPR-2020-A001956,Fawaz Sammani,Multimedia University,Malaysia,CVPR,2020
CVPR-2020-A001957,Luke Melas-Kyriazi,Harvard University,United States,CVPR,2020
CVPR-2020-A001958,Wenhan Yang,City University of Hong Kong,Hong Kong,CVPR,2020
CVPR-2020-A001959,Robby T. Tan,National University of Singapore | Yale-NUS College,Singapore,CVPR,2020
CVPR-2020-A001960,Shiqi Wang,City University of Hong Kong,Hong Kong,CVPR,2020
CVPR-2020-A001961,Jiaying Liu,Peking University,China,CVPR,2020
CVPR-2020-A001962,Huichen Li,University of Illinois at Urbana-Champaign Ant Financial,United States,CVPR,2020
CVPR-2020-A001963,Xiaojun Xu,University of Illinois at Urbana-Champaign Ant Financial,United States,CVPR,2020
CVPR-2020-A001964,Xiaolu Zhang,University of Illinois at Urbana-Champaign Ant Financial,United States,CVPR,2020
CVPR-2020-A001965,Shuang Yang,University of Illinois at Urbana-Champaign Ant Financial,United States,CVPR,2020
CVPR-2020-A001966,Bo Li,University of Illinois at Urbana-Champaign Ant Financial,United States,CVPR,2020
CVPR-2020-A001967,Zhihao Xia,Washington University in St. Louis The Boeing Company,United States,CVPR,2020
CVPR-2020-A001968,Patrick Sullivan,Washington University in St. Louis The Boeing Company,United States,CVPR,2020
CVPR-2020-A001969,Ayan Chakrabarti,Washington University in St. Louis The Boeing Company,United States,CVPR,2020
CVPR-2020-A001970,Qi Zhang,"NLPR, Institute of Automation, Chinese Academy of Sciences, Beijing, China | School of Artificial Intelligence, University of Chinese Academy of Sciences, Beijing, China",China,CVPR,2020
CVPR-2020-A001971,Zhen Lei,"NLPR, Institute of Automation, Chinese Academy of Sciences, Beijing, China | School of Artificial Intelligence, University of Chinese Academy of Sciences, Beijing, China",China,CVPR,2020
CVPR-2020-A001972,Zhaoxiang Zhang,"NLPR, Institute of Automation, Chinese Academy of Sciences, Beijing, China | School of Artificial Intelligence, University of Chinese Academy of Sciences, Beijing, China",China,CVPR,2020
CVPR-2020-A001973,Stan Z. Li,"Center for AI Research and Innovation, Westlake University, Hangzhou, China.",China,CVPR,2020
CVPR-2020-A001974,K L Navaneet,Indian Institute of Science,India,CVPR,2020
CVPR-2020-A001975,Ansu Mathew,Indian Institute of Science,India,CVPR,2020
CVPR-2020-A001976,Shashank Kashyap,Indian Institute of Science,India,CVPR,2020
CVPR-2020-A001977,Wei-Chih Hung,"University of California, Merced",United States,CVPR,2020
CVPR-2020-A001978,Varun Jampani,Google Research,UNKNOWN,CVPR,2020
CVPR-2020-A001979,R. Venkatesh Babu,Indian Institute of Science,India,CVPR,2020
CVPR-2020-A001980,Zhibo Yang,Stony Brook University,United States,CVPR,2020
CVPR-2020-A001981,Lihan Huang,Stony Brook University,United States,CVPR,2020
CVPR-2020-A001982,Yupei Chen,Stony Brook University,United States,CVPR,2020
CVPR-2020-A001983,Zijun Wei,Adobe Inc.,United States,CVPR,2020
CVPR-2020-A001984,Seoyoung Ahn,Stony Brook University,United States,CVPR,2020
CVPR-2020-A001985,Gregory Zelinsky,Stony Brook University,United States,CVPR,2020
CVPR-2020-A001986,Dimitris Samaras,Stony Brook University,United States,CVPR,2020
CVPR-2020-A001987,Minh Hoai,Stony Brook University,United States,CVPR,2020
CVPR-2020-A001988,Victor Fragoso,Microsoft,United States,CVPR,2020
CVPR-2020-A001989,Joseph DeGol,Microsoft,United States,CVPR,2020
CVPR-2020-A001990,Gang Hua,UNKNOWN,UNKNOWN,CVPR,2020
CVPR-2020-A001991,Yuming Fang,Jiangxi University of Finance and Economics,China,CVPR,2020
CVPR-2020-A001992,Hanwei Zhu,Jiangxi University of Finance and Economics,China,CVPR,2020
CVPR-2020-A001993,Yan Zeng,Jiangxi University of Finance and Economics,China,CVPR,2020
CVPR-2020-A001994,Kede Ma,City University of Hong Kong,Hong Kong,CVPR,2020
CVPR-2020-A001995,Zhou Wang,University of Waterloo,Canada,CVPR,2020
CVPR-2020-A001996,Minghao Guo,The Chinese University of Hong Kong,China,CVPR,2020
CVPR-2020-A001997,Yuzhe Yang,The Chinese University of Hong Kong,China,CVPR,2020
CVPR-2020-A001998,Rui Xu,The Chinese University of Hong Kong,China,CVPR,2020
CVPR-2020-A001999,Ziwei Liu,The Chinese University of Hong Kong,China,CVPR,2020
CVPR-2020-A002000,Dahua Lin,The Chinese University of Hong Kong,China,CVPR,2020
CVPR-2020-A002001,Tony C.W. Mok,"Department of Computer Science and Engineering, The Hong Kong University of Science and Technology",Hong Kong,CVPR,2020
CVPR-2020-A002002,Albert C.S. Chung,"Department of Computer Science and Engineering, The Hong Kong University of Science and Technology",Hong Kong,CVPR,2020
CVPR-2020-A002003,Mahmoud Afifi,Samsung AI Center (SAIC) – Toronto | York University,Canada,CVPR,2020
CVPR-2020-A002004,Michael S. Brown,Samsung AI Center (SAIC) – Toronto,Canada,CVPR,2020
CVPR-2020-A002005,Zhi-Hao Lin,"Graduate Institute of Communication Engineering, National Taiwan University, Taiwan",Taiwan,CVPR,2020
CVPR-2020-A002006,Sheng-Yu Huang,"Graduate Institute of Communication Engineering, National Taiwan University, Taiwan",Taiwan,CVPR,2020
CVPR-2020-A002007,Yu-Chiang Frank Wang,"Graduate Institute of Communication Engineering, National Taiwan University, Taiwan | ASUS Intelligent Cloud Services, Taiwan",Taiwan,CVPR,2020
CVPR-2020-A002008,Gengshan Yang,Carnegie Mellon University,United States,CVPR,2020
CVPR-2020-A002009,Deva Ramanan,Carnegie Mellon University | Argo AI,United States,CVPR,2020
CVPR-2020-A002010,Huan Wang,Zhejiang University | Notheastern University,China | United States,CVPR,2020
CVPR-2020-A002011,Yijun Li,Adobe Research,United States,CVPR,2020
CVPR-2020-A002012,Yuehai Wang,Zhejiang University,China,CVPR,2020
CVPR-2020-A002013,Haoji Hu,Zhejiang University,China,CVPR,2020
CVPR-2020-A002014,Ming-Hsuan Yang,UC Merced | Google Research,UNKNOWN,CVPR,2020
CVPR-2020-A002015,Yuning You,Texas A&M University,United States,CVPR,2020
CVPR-2020-A002016,Tianlong Chen,Texas A&M University,United States,CVPR,2020
CVPR-2020-A002017,Zhangyang Wang,Texas A&M University,United States,CVPR,2020
CVPR-2020-A002018,Yang Shen,Texas A&M University,United States,CVPR,2020
CVPR-2020-A002019,Frederik Warburg,"Technical University of Denmark, Mapillary AB, University of Zaragoza",Denmark | Sweden | Spain,CVPR,2020
CVPR-2020-A002020,Soren Hauberg,"Technical University of Denmark, Mapillary AB, University of Zaragoza",Denmark | Sweden | Spain,CVPR,2020
CVPR-2020-A002021,Manuel Lopez-Antequera,"Technical University of Denmark, Mapillary AB, University of Zaragoza",Denmark | Sweden | Spain,CVPR,2020
CVPR-2020-A002022,Pau Gargallo,"Technical University of Denmark, Mapillary AB, University of Zaragoza",Denmark | Sweden | Spain,CVPR,2020
CVPR-2020-A002023,Yubin Kuang,"Technical University of Denmark, Mapillary AB, University of Zaragoza",Denmark | Sweden | Spain,CVPR,2020
CVPR-2020-A002024,Javier Civera,"Technical University of Denmark, Mapillary AB, University of Zaragoza",Denmark | Sweden | Spain,CVPR,2020
CVPR-2020-A002025,Jianping Lin,"CAS Key Laboratory of Technology in Geo-Spatial Information Processing and Application System, University of Science and Technology of China, Hefei , China",China,CVPR,2020
CVPR-2020-A002026,Dong Liu,"CAS Key Laboratory of Technology in Geo-Spatial Information Processing and Application System, University of Science and Technology of China, Hefei , China",China,CVPR,2020
CVPR-2020-A002027,Houqiang Li,"CAS Key Laboratory of Technology in Geo-Spatial Information Processing and Application System, University of Science and Technology of China, Hefei , China",China,CVPR,2020
CVPR-2020-A002028,Feng Wu,"CAS Key Laboratory of Technology in Geo-Spatial Information Processing and Application System, University of Science and Technology of China, Hefei , China",China,CVPR,2020
CVPR-2020-A002029,Zhe Zhang,"Southeast University, Nanjing, China",China,CVPR,2020
CVPR-2020-A002030,Chunyu Wang,"Microsoft Research Asia, Beijing, China",China,CVPR,2020
CVPR-2020-A002031,Wenhu Qin,"Southeast University, Nanjing, China",China,CVPR,2020
CVPR-2020-A002032,Wenjun Zeng,"Microsoft Research Asia, Beijing, China",China,CVPR,2020
CVPR-2020-A002033,Lizhi Wang,Beijing Institute of Technology,China,CVPR,2020
CVPR-2020-A002034,Chen Sun,Beijing Institute of Technology,China,CVPR,2020
CVPR-2020-A002035,Maoqing Zhang,Beijing Institute of Technology,China,CVPR,2020
CVPR-2020-A002036,Ying Fu,Beijing Institute of Technology,China,CVPR,2020
CVPR-2020-A002037,Hua Huang,Beijing Institute of Technology,China,CVPR,2020
CVPR-2020-A002038,Yinlin Hu,"CVLab, EPFL, Switzerland",Switzerland,CVPR,2020
CVPR-2020-A002039,Pascal Fua,"CVLab, EPFL, Switzerland",Switzerland,CVPR,2020
CVPR-2020-A002040,Wei Wang,"CVLab, EPFL, Switzerland",Switzerland,CVPR,2020
CVPR-2020-A002041,Mathieu Salzmann,"CVLab, EPFL, Switzerland",Switzerland,CVPR,2020
CVPR-2020-A002042,Kaixuan Wei,Beijing Institute of Technology,China,CVPR,2020
CVPR-2020-A002043,Ying Fu,Beijing Institute of Technology,China,CVPR,2020
CVPR-2020-A002044,Jiaolong Yang,Microsoft Research,United States,CVPR,2020
CVPR-2020-A002045,Hua Huang,Beijing Institute of Technology,China,CVPR,2020
CVPR-2020-A002046,Qing Jin,ByteDance Inc.,China,CVPR,2020
CVPR-2020-A002047,Linjie Yang,ByteDance Inc.,China,CVPR,2020
CVPR-2020-A002048,Zhenyu Liao,Kwai Inc.,UNKNOWN,CVPR,2020
CVPR-2020-A002049,Kathryn Heal,Harvard University,United States,CVPR,2020
CVPR-2020-A002050,Jialiang Wang,Harvard University,United States,CVPR,2020
CVPR-2020-A002051,Steven J. Gortler,Harvard University,United States,CVPR,2020
CVPR-2020-A002052,Todd Zickler,Harvard University,United States,CVPR,2020
CVPR-2020-A002053,Zhouxia Wang,SenseTime Research | The University of Hong Kong,Hong Kong | China,CVPR,2020
CVPR-2020-A002054,Jiawei Zhang,SenseTime Research,China,CVPR,2020
CVPR-2020-A002055,Mude Lin,SenseTime Research,China,CVPR,2020
CVPR-2020-A002056,Jiong Wang,SenseTime Research,China,CVPR,2020
CVPR-2020-A002057,Ping Luo,The University of Hong Kong,Hong Kong,CVPR,2020
CVPR-2020-A002058,Jimmy Ren,SenseTime Research,China,CVPR,2020
CVPR-2020-A002059,Maxim Maximov,UNKNOWN,UNKNOWN,CVPR,2020
CVPR-2020-A002060,Kevin Galim,UNKNOWN,UNKNOWN,CVPR,2020
CVPR-2020-A002061,Laura Leal-Taixe,UNKNOWN,UNKNOWN,CVPR,2020
CVPR-2020-A002062,Tejas Borkar,Arizona State University,United States,CVPR,2020
CVPR-2020-A002063,Felix Heide,Princeton University,United States,CVPR,2020
CVPR-2020-A002064,Lina Karam,UNKNOWN,UNKNOWN,CVPR,2020
CVPR-2020-A002065,Yuhang Liu,Deepwise AI Lab,China,CVPR,2020
CVPR-2020-A002066,Fandong Zhang,"Center for Data Science, Peking University",China,CVPR,2020
CVPR-2020-A002067,Qianyi Zhang,Deepwise AI Lab,China,CVPR,2020
CVPR-2020-A002068,Siwen Wang,Deepwise AI Lab,China,CVPR,2020
CVPR-2020-A002069,Yizhou Wang,"Center on Frontiers of Computing Studies, Dept. of Computer Science & Technology",UNKNOWN,CVPR,2020
CVPR-2020-A002070,Yizhou Yu,Deepwise AI Lab,China,CVPR,2020
CVPR-2020-A002071,Yanbei Chen,UNKNOWN,UNKNOWN,CVPR,2020
CVPR-2020-A002072,Shaogang Gong,UNKNOWN,UNKNOWN,CVPR,2020
CVPR-2020-A002073,Loris Bazzani,UNKNOWN,UNKNOWN,CVPR,2020
CVPR-2020-A002074,Dingfu Zhou,"Baidu Research | National Engineering Laboratory of Deep Learning Technology and Application, Beijing, China",China,CVPR,2020
CVPR-2020-A002075,Jin Fang,"Baidu Research | National Engineering Laboratory of Deep Learning Technology and Application, Beijing, China",China,CVPR,2020
CVPR-2020-A002076,Xibin Song,"Baidu Research | National Engineering Laboratory of Deep Learning Technology and Application, Beijing, China",China,CVPR,2020
CVPR-2020-A002077,Liu Liu,"Australian National University, Canberra, Australia | Australian Centre for Robotic Vision, Australia",Australia,CVPR,2020
CVPR-2020-A002078,Junbo Yin,"Beijing Institute of Technology, Beijing, China | Baidu Research | National Engineering Laboratory of Deep Learning Technology and Application, Beijing, China",China,CVPR,2020
CVPR-2020-A002079,Yuchao Dai,"Northwestern Polytechnical University, Xi’an, China",China,CVPR,2020
CVPR-2020-A002080,Hongdong Li,"Australian National University, Canberra, Australia | Australian Centre for Robotic Vision, Australia",Australia,CVPR,2020
CVPR-2020-A002081,Ruigang Yang,"Baidu Research | National Engineering Laboratory of Deep Learning Technology and Application, Beijing, China | University of Kentucky, Kentucky, USA",United States | China,CVPR,2020
CVPR-2020-A002082,Deblina Bhattacharjee,"School of Computer and Communication Sciences, EPFL, Switzerland",Switzerland,CVPR,2020
CVPR-2020-A002083,Seungryong Kim,"School of Computer and Communication Sciences, EPFL, Switzerland",Switzerland,CVPR,2020
CVPR-2020-A002084,Guillaume Vizier,"School of Computer and Communication Sciences, EPFL, Switzerland",Switzerland,CVPR,2020
CVPR-2020-A002085,Mathieu Salzmann,"School of Computer and Communication Sciences, EPFL, Switzerland",Switzerland,CVPR,2020
CVPR-2020-A002086,Feitong Tan,Simon Fraser University Nanjing University,China | Canada,CVPR,2020
CVPR-2020-A002087,Hao Zhu,Simon Fraser University Nanjing University,China | Canada,CVPR,2020
CVPR-2020-A002088,Zhaopeng Cui,Simon Fraser University Nanjing University,China | Canada,CVPR,2020
CVPR-2020-A002089,Siyu Zhu,Simon Fraser University Nanjing University,China | Canada,CVPR,2020
CVPR-2020-A002090,Marc Pollefeys,Simon Fraser University Nanjing University,China | Canada,CVPR,2020
CVPR-2020-A002091,Ping Tan,Simon Fraser University Nanjing University,China | Canada,CVPR,2020
CVPR-2020-A002092,Guanlin Li,"Shandong Provincial Key Laboratory of Computer Networks, Shandong Computer Science Center (National Supercomputer Center in Jinan)",China,CVPR,2020
CVPR-2020-A002093,Shuya Ding,"School of Computer Science and Engineering, Nanyang Technological University",Singapore,CVPR,2020
CVPR-2020-A002094,Jun Luo,"School of Computer Science and Engineering, Nanyang Technological University",Singapore,CVPR,2020
CVPR-2020-A002095,Chang Liu,"School of Computer Science and Engineering, Nanyang Technological University",Singapore,CVPR,2020
CVPR-2020-A002096,Mark Boss,University of Tübingen,Germany,CVPR,2020
CVPR-2020-A002097,Varun Jampani,University of Tübingen,Germany,CVPR,2020
CVPR-2020-A002098,Kihwan Kim,University of Tübingen,Germany,CVPR,2020
CVPR-2020-A002099,Hendrik P.A. Lensch,University of Tübingen,Germany,CVPR,2020
CVPR-2020-A002100,Jan Kautz,University of Tübingen,Germany,CVPR,2020
CVPR-2020-A002101,Kenichiro Tanaka,"Nara Institute of Science and Technology (NAIST), Japan | University of California, Los Angeles (UCLA), USA",United States | Japan,CVPR,2020
CVPR-2020-A002102,Yasuhiro Mukaigawa,"Nara Institute of Science and Technology (NAIST), Japan",Japan,CVPR,2020
CVPR-2020-A002103,Achuta Kadambi,"University of California, Los Angeles (UCLA), USA",United States,CVPR,2020
CVPR-2020-A002104,Andrew Luo,Carnegie Mellon University,United States,CVPR,2020
CVPR-2020-A002105,Zhoutong Zhang,Massachusetts Institute of Technology,United States,CVPR,2020
CVPR-2020-A002106,Jiajun Wu,Stanford University,United States,CVPR,2020
CVPR-2020-A002107,Joshua B. Tenenbaum,Massachusetts Institute of Technology,United States,CVPR,2020
CVPR-2020-A002108,Maosheng Ye,UNKNOWN,UNKNOWN,CVPR,2020
CVPR-2020-A002109,Shuangjie Xu,UNKNOWN,UNKNOWN,CVPR,2020
CVPR-2020-A002110,Tongyi Cao,UNKNOWN,UNKNOWN,CVPR,2020
CVPR-2020-A002111,Hazel Doughty,University of Bristol,United Kingdom,CVPR,2020
CVPR-2020-A002112,Ivan Laptev,University of Bristol,United Kingdom,CVPR,2020
CVPR-2020-A002113,Walterio Mayol-Cuevas,University of Bristol,United Kingdom,CVPR,2020
CVPR-2020-A002114,Dima Damen,University of Bristol,United Kingdom,CVPR,2020
CVPR-2020-A002115,Chunle Guo,"BIIT Lab, Tianjin University | City University of Hong Kong",China | Hong Kong,CVPR,2020
CVPR-2020-A002116,Chongyi Li,"BIIT Lab, Tianjin University | City University of Hong Kong",China | Hong Kong,CVPR,2020
CVPR-2020-A002117,Jichang Guo,"BIIT Lab, Tianjin University",China,CVPR,2020
CVPR-2020-A002118,Chen Change Loy,Nanyang Technological University,Singapore,CVPR,2020
CVPR-2020-A002119,Junhui Hou,City University of Hong Kong,Hong Kong,CVPR,2020
CVPR-2020-A002120,Sam Kwong,City University of Hong Kong,Hong Kong,CVPR,2020
CVPR-2020-A002121,Runmin Cong,UNKNOWN,UNKNOWN,CVPR,2020
CVPR-2020-A002122,Yiqun Lin,"The Chinese University of Hong Kong, Shenzhen Shenzhen Research Institute of Big Data University of Science and Technology of China Kuaishou Technology",China,CVPR,2020
CVPR-2020-A002123,Zizheng Yan,"The Chinese University of Hong Kong, Shenzhen Shenzhen Research Institute of Big Data University of Science and Technology of China Kuaishou Technology",China,CVPR,2020
CVPR-2020-A002124,Haibin Huang,"The Chinese University of Hong Kong, Shenzhen Shenzhen Research Institute of Big Data University of Science and Technology of China Kuaishou Technology",China,CVPR,2020
CVPR-2020-A002125,Dong Du,"The Chinese University of Hong Kong, Shenzhen Shenzhen Research Institute of Big Data University of Science and Technology of China Kuaishou Technology",China,CVPR,2020
CVPR-2020-A002126,Ligang Liu,"The Chinese University of Hong Kong, Shenzhen Shenzhen Research Institute of Big Data University of Science and Technology of China Kuaishou Technology",China,CVPR,2020
CVPR-2020-A002127,Shuguang Cui,"The Chinese University of Hong Kong, Shenzhen Shenzhen Research Institute of Big Data University of Science and Technology of China Kuaishou Technology",China,CVPR,2020
CVPR-2020-A002128,Xiaoguang Han,"The Chinese University of Hong Kong, Shenzhen Shenzhen Research Institute of Big Data University of Science and Technology of China Kuaishou Technology",China,CVPR,2020
CVPR-2020-A002129,Xin Wei,"Xi’an Jiaotong University, Xi’an, China",China,CVPR,2020
CVPR-2020-A002130,Ruixuan Yu,"Xi’an Jiaotong University, Xi’an, China",China,CVPR,2020
CVPR-2020-A002131,Jian Sun,"Xi’an Jiaotong University, Xi’an, China",China,CVPR,2020
CVPR-2020-A002132,Jamie Watson,Niantic UCL /nianticlabs/footprints,UNKNOWN,CVPR,2020
CVPR-2020-A002133,Michael Firman,Niantic UCL /nianticlabs/footprints,UNKNOWN,CVPR,2020
CVPR-2020-A002134,Aron Monszpart,Niantic UCL /nianticlabs/footprints,UNKNOWN,CVPR,2020
CVPR-2020-A002135,Gabriel J. Brostow,Niantic UCL /nianticlabs/footprints,UNKNOWN,CVPR,2020
CVPR-2020-A002136,Ting-Wu Chin,"Carnegie Mellon University1 , Microsoft Cloud and AI2 , The University of Texas at Austin3",United States,CVPR,2020
CVPR-2020-A002137,Ruizhou Ding,"Carnegie Mellon University1 , Microsoft Cloud and AI2 , The University of Texas at Austin3",United States,CVPR,2020
CVPR-2020-A002138,Cha Zhang,"Carnegie Mellon University1 , Microsoft Cloud and AI2 , The University of Texas at Austin3",United States,CVPR,2020
CVPR-2020-A002139,Diana Marculescu,"Carnegie Mellon University1 , Microsoft Cloud and AI2 , The University of Texas at Austin3",United States,CVPR,2020
CVPR-2020-A002140,Zan Gojcic,Stanford University,United States,CVPR,2020
CVPR-2020-A002141,Caifa Zhou,Stanford University,United States,CVPR,2020
CVPR-2020-A002142,Jan D. Wegner,Stanford University,United States,CVPR,2020
CVPR-2020-A002143,Leonidas J. Guibas,Stanford University,United States,CVPR,2020
CVPR-2020-A002144,Tolga Birdal,Stanford University,United States,CVPR,2020
CVPR-2020-A002145,Jiayu Wang,"CAS Key Laboratory of GIPAS, Department of EEIS",China,CVPR,2020
CVPR-2020-A002146,Wengang Zhou,"CAS Key Laboratory of GIPAS, Department of EEIS",China,CVPR,2020
CVPR-2020-A002147,Guo-Jun Qi,Laboratory for MAchine Perception and LEarning (MAPLE) | Futurewei Technologies,China,CVPR,2020
CVPR-2020-A002148,Zhongqian Fu,"Department of EST, University of Science and Technology of China",China,CVPR,2020
CVPR-2020-A002149,Qi Tian,"CAS Key Laboratory of GIPAS, Department of EEIS",China,CVPR,2020
CVPR-2020-A002150,Houqiang Li,"CAS Key Laboratory of GIPAS, Department of EEIS",China,CVPR,2020
CVPR-2020-A002151,Min Wu,"Department of Computer Science, University of Oxford, UK",United Kingdom,CVPR,2020
CVPR-2020-A002152,Marta Kwiatkowska,"Department of Computer Science, University of Oxford, UK",United Kingdom,CVPR,2020
CVPR-2020-A002153,Xi Yan,University of Toronto | Vector Institute,Canada,CVPR,2020
CVPR-2020-A002154,David Acuna,University of Toronto | Vector Institute | NVIDIA,Canada,CVPR,2020
CVPR-2020-A002155,Sanja Fidler,University of Toronto | Vector Institute | NVIDIA,Canada,CVPR,2020
CVPR-2020-A002156,Wenkai Dong,"Center for Research on Intelligent Perception and Computing, NLPR, CASIA",China,CVPR,2020
CVPR-2020-A002157,Zhaoxiang Zhang,"Center for Research on Intelligent Perception and Computing, NLPR, CASIA",China,CVPR,2020
CVPR-2020-A002158,Chunfeng Song,"Center for Research on Intelligent Perception and Computing, NLPR, CASIA",China,CVPR,2020
CVPR-2020-A002159,Tieniu Tan,"Center for Research on Intelligent Perception and Computing, NLPR, CASIA",China,CVPR,2020
CVPR-2020-A002160,Jialun Liu,Jilin University Megvii Inc.,China,CVPR,2020
CVPR-2020-A002161,Yifan Sun,UNKNOWN,UNKNOWN,CVPR,2020
CVPR-2020-A002162,Chuchu Han,Huazhong University of Science and Technology,China,CVPR,2020
CVPR-2020-A002163,Zhaopeng Dou,Tsinghua University,China,CVPR,2020
CVPR-2020-A002164,Wenhui Li,Jilin University Megvii Inc.,China,CVPR,2020
CVPR-2020-A002165,Sean I. Young,Stanford University,United States,CVPR,2020
CVPR-2020-A002166,David B. Lindell,Stanford University,United States,CVPR,2020
CVPR-2020-A002167,Bernd Girod,Stanford University,United States,CVPR,2020
CVPR-2020-A002168,David Taubman,Stanford University,United States,CVPR,2020
CVPR-2020-A002169,Gordon Wetzstein,Stanford University,United States,CVPR,2020
CVPR-2020-A002170,Xi Yang,The University of Tokyo,Japan,CVPR,2020
CVPR-2020-A002171,Ding Xia,The University of Tokyo | South China University of Technology,China,CVPR,2020
CVPR-2020-A002172,Taichi Kin,The University of Tokyo,Japan,CVPR,2020
CVPR-2020-A002173,Takeo Igarashi,The University of Tokyo,Japan,CVPR,2020
CVPR-2020-A002174,Malte Pedersen,"Visual Analysis of People (VAP) Laboratory, Aalborg University, Denmark",Denmark,CVPR,2020
CVPR-2020-A002175,Joakim Bruslund Haurum,"Visual Analysis of People (VAP) Laboratory, Aalborg University, Denmark",Denmark,CVPR,2020
CVPR-2020-A002176,Stefan Hein Bengtson,"Visual Analysis of People (VAP) Laboratory, Aalborg University, Denmark",Denmark,CVPR,2020
CVPR-2020-A002177,Thomas B. Moeslund,"Visual Analysis of People (VAP) Laboratory, Aalborg University, Denmark",Denmark,CVPR,2020
CVPR-2020-A002178,Christoph Feichtenhofer,Facebook AI Research (FAIR),United States,CVPR,2020
CVPR-2020-A002179,Fei Pan,"KAIST, South Korea",South Korea,CVPR,2020
CVPR-2020-A002180,Inkyu Shin,"KAIST, South Korea",South Korea,CVPR,2020
CVPR-2020-A002181,Francois Rameau,"KAIST, South Korea",South Korea,CVPR,2020
CVPR-2020-A002182,Seokju Lee,"KAIST, South Korea",South Korea,CVPR,2020
CVPR-2020-A002183,In So Kweon,"KAIST, South Korea",South Korea,CVPR,2020
CVPR-2020-A002184,Joanna Materzynska,UC Berkeley,United States,CVPR,2020
CVPR-2020-A002185,Tete Xiao,UC Berkeley,United States,CVPR,2020
CVPR-2020-A002186,Roei Herzig,UC Berkeley,United States,CVPR,2020
CVPR-2020-A002187,Huijuan Xu,UC Berkeley,United States,CVPR,2020
CVPR-2020-A002188,Xiaolong Wang,UC Berkeley,United States,CVPR,2020
CVPR-2020-A002189,Trevor Darrell,UC Berkeley,United States,CVPR,2020
CVPR-2020-A002190,Beibei Jin,"Research Center for Intelligent Computing Systems, State Key Laboratory of Computer Architecture, Institute of Computing Technology, Chinese Academy of Sciences University of Chinese Academy of Sciences",China,CVPR,2020
CVPR-2020-A002191,Yu Hu,"Research Center for Intelligent Computing Systems, State Key Laboratory of Computer Architecture, Institute of Computing Technology, Chinese Academy of Sciences University of Chinese Academy of Sciences",China,CVPR,2020
CVPR-2020-A002192,Qiankun Tang,"Research Center for Intelligent Computing Systems, State Key Laboratory of Computer Architecture, Institute of Computing Technology, Chinese Academy of Sciences University of Chinese Academy of Sciences",China,CVPR,2020
CVPR-2020-A002193,Jingyu Niu,"Research Center for Intelligent Computing Systems, State Key Laboratory of Computer Architecture, Institute of Computing Technology, Chinese Academy of Sciences University of Chinese Academy of Sciences",China,CVPR,2020
CVPR-2020-A002194,Zhiping Shi,"Research Center for Intelligent Computing Systems, State Key Laboratory of Computer Architecture, Institute of Computing Technology, Chinese Academy of Sciences University of Chinese Academy of Sciences",China,CVPR,2020
CVPR-2020-A002195,Yinhe Han,"Research Center for Intelligent Computing Systems, State Key Laboratory of Computer Architecture, Institute of Computing Technology, Chinese Academy of Sciences University of Chinese Academy of Sciences",China,CVPR,2020
CVPR-2020-A002196,Xiaowei Li,"Research Center for Intelligent Computing Systems, State Key Laboratory of Computer Architecture, Institute of Computing Technology, Chinese Academy of Sciences University of Chinese Academy of Sciences",China,CVPR,2020
CVPR-2020-A002197,Weijing Shi,Carnegie Mellon University,United States,CVPR,2020
CVPR-2020-A002198,Raj Rajkumar,Carnegie Mellon University,United States,CVPR,2020
CVPR-2020-A002199,Camilo Fosco,UNKNOWN,UNKNOWN,CVPR,2020
CVPR-2020-A002200,Anelise Newman,UNKNOWN,UNKNOWN,CVPR,2020
CVPR-2020-A002201,Pat Sukhum,Harvard University,United States,CVPR,2020
CVPR-2020-A002202,Yun Bin Zhang,Harvard University,United States,CVPR,2020
CVPR-2020-A002203,Nanxuan Zhao,City University of Hong Kong,Hong Kong,CVPR,2020
CVPR-2020-A002204,Aude Oliva,Massachusetts Institute of Technology,United States,CVPR,2020
CVPR-2020-A002205,Zoya Bylinskii,Adobe Research,United States,CVPR,2020
CVPR-2020-A002206,Jinglei Shi,"INRIA Rennes - Bretagne Atlantique, France",France,CVPR,2020
CVPR-2020-A002207,Xiaoran Jiang,"INRIA Rennes - Bretagne Atlantique, France",France,CVPR,2020
CVPR-2020-A002208,Christine Guillemot,"INRIA Rennes - Bretagne Atlantique, France",France,CVPR,2020
CVPR-2020-A002209,Tobias Weyand,UNKNOWN,UNKNOWN,CVPR,2020
CVPR-2020-A002210,Andre Araujo,UNKNOWN,UNKNOWN,CVPR,2020
CVPR-2020-A002211,Bingyi Cao,"Google Research, USA",United States,CVPR,2020
CVPR-2020-A002212,Jack Sim,UNKNOWN,UNKNOWN,CVPR,2020
CVPR-2020-A002213,Xueying Wang,University of Science and Technology of China,China,CVPR,2020
CVPR-2020-A002214,Yudong Guo,University of Science and Technology of China,China,CVPR,2020
CVPR-2020-A002215,Bailin Deng,Cardiff University,United Kingdom,CVPR,2020
CVPR-2020-A002216,Juyong Zhang,University of Science and Technology of China,China,CVPR,2020
CVPR-2020-A002217,Matan Atzmon,Weizmann Institute of Science,Israel,CVPR,2020
CVPR-2020-A002218,Yaron Lipman,Weizmann Institute of Science,Israel,CVPR,2020
CVPR-2020-A002219,Yang He,"ReLER, University of Technology Sydney",Australia,CVPR,2020
CVPR-2020-A002220,Yuhang Ding,"ReLER, University of Technology Sydney",Australia,CVPR,2020
CVPR-2020-A002221,Ping Liu,"ReLER, University of Technology Sydney",Australia,CVPR,2020
CVPR-2020-A002222,Linchao Zhu,"ReLER, University of Technology Sydney",Australia,CVPR,2020
CVPR-2020-A002223,Hanwang Zhang,"ReLER, University of Technology Sydney",Australia,CVPR,2020
CVPR-2020-A002224,Yi Yang,"ReLER, University of Technology Sydney",Australia,CVPR,2020
CVPR-2020-A002225,Liheng Zhang,Laboratory for MAchine Perception and LEarning (MAPLE),UNKNOWN,CVPR,2020
CVPR-2020-A002226,Guo-Jun Qi,Laboratory for MAchine Perception and LEarning (MAPLE) | Futurewei Technologies,China,CVPR,2020
CVPR-2020-A002227,Tushar Sandhan,"Department of ECE, ASRI, Seoul National University, South Korea",South Korea,CVPR,2020
CVPR-2020-A002228,Jin Young Choi,"Department of ECE, ASRI, Seoul National University, South Korea",South Korea,CVPR,2020
CVPR-2020-A002229,R. Wes Baldwin,"Department of Electrical Engineering, University of Dayton",United States,CVPR,2020
CVPR-2020-A002230,Mohammed Almatrafi,"Department of Electrical Engineering, Umm Al-Qura University",Saudi Arabia,CVPR,2020
CVPR-2020-A002231,Vijayan Asari,"Department of Electrical Engineering, University of Dayton",United States,CVPR,2020
CVPR-2020-A002232,Keigo Hirakawa,"Department of Electrical Engineering, University of Dayton",United States,CVPR,2020
CVPR-2020-A002233,Ziyu Jiang,NEC Laboratories America UC San Diego Texas A&M Universaity,UNKNOWN,CVPR,2020
CVPR-2020-A002234,Buyu Liu,NEC Laboratories America UC San Diego Texas A&M Universaity,UNKNOWN,CVPR,2020
CVPR-2020-A002235,Samuel Schulter,NEC Laboratories America UC San Diego Texas A&M Universaity,UNKNOWN,CVPR,2020
CVPR-2020-A002236,Zhangyang Wang,NEC Laboratories America UC San Diego Texas A&M Universaity,UNKNOWN,CVPR,2020
CVPR-2020-A002237,Manmohan Chandraker,NEC Laboratories America UC San Diego Texas A&M Universaity,UNKNOWN,CVPR,2020
CVPR-2020-A002238,Shangzhe Wu,"Visual Geometry Group, University of Oxford",United Kingdom,CVPR,2020
CVPR-2020-A002239,Christian Rupprecht,"Visual Geometry Group, University of Oxford",United Kingdom,CVPR,2020
CVPR-2020-A002240,Andrea Vedaldi,"Visual Geometry Group, University of Oxford",United Kingdom,CVPR,2020
CVPR-2020-A002241,Noriaki Hashimoto,Nagoya Institute of Technology,Japan,CVPR,2020
CVPR-2020-A002242,Daisuke Fukushima,Nagoya Institute of Technology,Japan,CVPR,2020
CVPR-2020-A002243,Ryoichi Koga,Nagoya Institute of Technology,Japan,CVPR,2020
CVPR-2020-A002244,Yusuke Takagi,Nagoya Institute of Technology,Japan,CVPR,2020
CVPR-2020-A002245,Kaho Ko,Nagoya Institute of Technology,Japan,CVPR,2020
CVPR-2020-A002246,Kei Kohno,Nagoya University Hospital,Japan,CVPR,2020
CVPR-2020-A002247,Masato Nakaguro,Nagoya University Hospital,Japan,CVPR,2020
CVPR-2020-A002248,Shigeo Nakamura,Nagoya University Hospital,Japan,CVPR,2020
CVPR-2020-A002249,Hidekata Hontani,Nagoya Institute of Technology,Japan,CVPR,2020
CVPR-2020-A002250,Ichiro Takeuchi,Nagoya Institute of Technology | RIKEN,Japan,CVPR,2020
CVPR-2020-A002251,Antigoni Tsiami,UNKNOWN,UNKNOWN,CVPR,2020
CVPR-2020-A002252,Petros Koutras,UNKNOWN,UNKNOWN,CVPR,2020
CVPR-2020-A002253,Petros Maragos,UNKNOWN,UNKNOWN,CVPR,2020
CVPR-2020-A002254,Lila Huang,Uber Advanced Technologies Group University of Waterloo University of Toronto,Canada | United States,CVPR,2020
CVPR-2020-A002255,Shenlong Wang,Uber Advanced Technologies Group University of Waterloo University of Toronto,Canada | United States,CVPR,2020
CVPR-2020-A002256,Kelvin Wong,Uber Advanced Technologies Group University of Waterloo University of Toronto,Canada | United States,CVPR,2020
CVPR-2020-A002257,Jerry Liu,Uber Advanced Technologies Group University of Waterloo University of Toronto,Canada | United States,CVPR,2020
CVPR-2020-A002258,Raquel Urtasun,Uber Advanced Technologies Group University of Waterloo University of Toronto,Canada | United States,CVPR,2020
CVPR-2020-A002259,Changlin Li,Monash University,Australia,CVPR,2020
CVPR-2020-A002260,Jiefeng Peng,DarkMatter AI Research,UNKNOWN,CVPR,2020
CVPR-2020-A002261,Liuchun Yuan,DarkMatter AI Research | Sun Yat-sen University,China,CVPR,2020
CVPR-2020-A002262,Guangrun Wang,DarkMatter AI Research | Sun Yat-sen University,China,CVPR,2020
CVPR-2020-A002263,Xiaodan Liang,DarkMatter AI Research | Sun Yat-sen University,China,CVPR,2020
CVPR-2020-A002264,Liang Lin,DarkMatter AI Research | Sun Yat-sen University,China,CVPR,2020
CVPR-2020-A002265,Xiaojun Chang,Monash University,Australia,CVPR,2020
CVPR-2020-A002266,Xueyang Wang,Tsinghua University,China,CVPR,2020
CVPR-2020-A002267,Xiya Zhang,Tsinghua University,China,CVPR,2020
CVPR-2020-A002268,Yinheng Zhu,Tsinghua University,China,CVPR,2020
CVPR-2020-A002269,Yuchen Guo,Tsinghua University,China,CVPR,2020
CVPR-2020-A002270,Xiaoyun Yuan,Tsinghua University,China,CVPR,2020
CVPR-2020-A002271,Liuyu Xiang,Tsinghua University,China,CVPR,2020
CVPR-2020-A002272,Zerun Wang,Tsinghua University,China,CVPR,2020
CVPR-2020-A002273,Guiguang Ding,Tsinghua University,China,CVPR,2020
CVPR-2020-A002274,David Brady,Duke University,United States | United Kingdom,CVPR,2020
CVPR-2020-A002275,Qionghai Dai,Tsinghua University,China,CVPR,2020
CVPR-2020-A002276,Lu Fang,Tsinghua University,China,CVPR,2020
CVPR-2020-A002277,Lingjing Wang,UNKNOWN,UNKNOWN,CVPR,2020
CVPR-2020-A002278,Xiang Li,UNKNOWN,UNKNOWN,CVPR,2020
CVPR-2020-A002279,Yi Fang,UNKNOWN,UNKNOWN,CVPR,2020
CVPR-2020-A002280,Kirill Gavrilyuk,University of Amsterdam Sportlogiq,Netherlands,CVPR,2020
CVPR-2020-A002281,Ryan Sanford,University of Amsterdam Sportlogiq,Netherlands,CVPR,2020
CVPR-2020-A002282,Mehrsan Javan,University of Amsterdam Sportlogiq,Netherlands,CVPR,2020
CVPR-2020-A002283,Cees G. M. Snoek,University of Amsterdam Sportlogiq,Netherlands,CVPR,2020
CVPR-2020-A002284,Yuanjie Shao,National Key Laboratory of Science and Technology on Multispectral Information Processing,China,CVPR,2020
CVPR-2020-A002285,Lerenhan Li,National Key Laboratory of Science and Technology on Multispectral Information Processing,China,CVPR,2020
CVPR-2020-A002286,Wenqi Ren,"Institute of Information Engineering, Chinese Academy of Sciences, Beijing, China",China,CVPR,2020
CVPR-2020-A002287,Changxin Gao,National Key Laboratory of Science and Technology on Multispectral Information Processing,China,CVPR,2020
CVPR-2020-A002288,Nong Sang,National Key Laboratory of Science and Technology on Multispectral Information Processing,China,CVPR,2020
CVPR-2020-A002289,Ali Dabouei,West Virginia University,United States,CVPR,2020
CVPR-2020-A002290,Sobhan Soleymani,West Virginia University,United States,CVPR,2020
CVPR-2020-A002291,Fariborz Taherkhani,West Virginia University,United States,CVPR,2020
CVPR-2020-A002292,Jeremy Dawson,West Virginia University,United States,CVPR,2020
CVPR-2020-A002293,Nasser M. Nasrabadi,West Virginia University,United States,CVPR,2020
CVPR-2020-A002294,Jinkyu Kim,"EECS, University of California, Berkeley",United States,CVPR,2020
CVPR-2020-A002295,Suhong Moon,"EECS, University of California, Berkeley",United States,CVPR,2020
CVPR-2020-A002296,Anna Rohrbach,"EECS, University of California, Berkeley",United States,CVPR,2020
CVPR-2020-A002297,Trevor Darrell,"EECS, University of California, Berkeley",United States,CVPR,2020
CVPR-2020-A002298,John Canny,"EECS, University of California, Berkeley",United States,CVPR,2020
CVPR-2020-A002299,Edoardo Remelli,"CVLab, EPFL, Lausanne, Switzerland",United States | Switzerland,CVPR,2020
CVPR-2020-A002300,Shangchen Han,"Facebook Reality Labs, Redmond, USA",United States,CVPR,2020
CVPR-2020-A002301,Sina Honari,"CVLab, EPFL, Lausanne, Switzerland",United States | Switzerland,CVPR,2020
CVPR-2020-A002302,Pascal Fua,"CVLab, EPFL, Lausanne, Switzerland",United States | Switzerland,CVPR,2020
CVPR-2020-A002303,Robert Wang,"Facebook Reality Labs, Redmond, USA",United States,CVPR,2020
CVPR-2020-A002304,Arash Rahnama,UNKNOWN,UNKNOWN,CVPR,2020
CVPR-2020-A002305,Andre T. Nguyen,UNKNOWN,UNKNOWN,CVPR,2020
CVPR-2020-A002306,Edward Raff,UNKNOWN,UNKNOWN,CVPR,2020
CVPR-2020-A002307,Victoria Fernandez Abrevaya,"University of Oxford, UK",United Kingdom,CVPR,2020
CVPR-2020-A002308,Adnane Boukhayma,"University of Oxford, UK",United Kingdom,CVPR,2020
CVPR-2020-A002309,Philip H.S. Torr,"University of Oxford, UK",United Kingdom,CVPR,2020
CVPR-2020-A002310,Edmond Boyer,"University of Oxford, UK",United Kingdom,CVPR,2020
CVPR-2020-A002311,Sinan Wang,"School of Software, BNRist, Tsinghua University, China Research Center for Big Data, Tsinghua University, China Beijing Key Laboratory for Industrial Big Data System and Application",China,CVPR,2020
CVPR-2020-A002312,Xinyang Chen,"School of Software, BNRist, Tsinghua University, China Research Center for Big Data, Tsinghua University, China Beijing Key Laboratory for Industrial Big Data System and Application",China,CVPR,2020
CVPR-2020-A002313,Yunbo Wang,"School of Software, BNRist, Tsinghua University, China Research Center for Big Data, Tsinghua University, China Beijing Key Laboratory for Industrial Big Data System and Application",China,CVPR,2020
CVPR-2020-A002314,Mingsheng Long,"School of Software, BNRist, Tsinghua University, China Research Center for Big Data, Tsinghua University, China Beijing Key Laboratory for Industrial Big Data System and Application",China,CVPR,2020
CVPR-2020-A002315,Jianmin Wang,"School of Software, BNRist, Tsinghua University, China Research Center for Big Data, Tsinghua University, China Beijing Key Laboratory for Industrial Big Data System and Application",China,CVPR,2020
CVPR-2020-A002316,Linchao Zhu,"Baidu Research | ReLER, University of Technology Sydney",China | Australia,CVPR,2020
CVPR-2020-A002317,Yi Yang,"ReLER, University of Technology Sydney",Australia,CVPR,2020
CVPR-2020-A002318,Wenqian Liu,"Northeastern University, Boston MA",United States,CVPR,2020
CVPR-2020-A002319,Runze Li,"University of California Riverside, Riverside CA",United States,CVPR,2020
CVPR-2020-A002320,Meng Zheng,"Rensselaer Polytechnic Institute, Troy NY",United States,CVPR,2020
CVPR-2020-A002321,Srikrishna Karanam,UNKNOWN,UNKNOWN,CVPR,2020
CVPR-2020-A002322,Ziyan Wu,UNKNOWN,UNKNOWN,CVPR,2020
CVPR-2020-A002323,Bir Bhanu,"University of California Riverside, Riverside CA",United States,CVPR,2020
CVPR-2020-A002324,Richard J. Radke,"Rensselaer Polytechnic Institute, Troy NY",United States,CVPR,2020
CVPR-2020-A002325,Octavia Camps,"Northeastern University, Boston MA",United States,CVPR,2020
CVPR-2020-A002326,Yuqing Wang,UNKNOWN,UNKNOWN,CVPR,2020
CVPR-2020-A002327,Zhaoliang Xu,UNKNOWN,UNKNOWN,CVPR,2020
CVPR-2020-A002328,Hao Shen,UNKNOWN,UNKNOWN,CVPR,2020
CVPR-2020-A002329,Baoshan Cheng,UNKNOWN,UNKNOWN,CVPR,2020
CVPR-2020-A002330,Lirong Yang,UNKNOWN,UNKNOWN,CVPR,2020
CVPR-2020-A002331,Yanwei Pang,Tianjin Key Laboratory of Brain-inspired Intelligence Technology,China,CVPR,2020
CVPR-2020-A002332,Jing Nie,Tianjin Key Laboratory of Brain-inspired Intelligence Technology,China,CVPR,2020
CVPR-2020-A002333,Jin Xie,Tianjin Key Laboratory of Brain-inspired Intelligence Technology,China,CVPR,2020
CVPR-2020-A002334,Jungong Han,"University of Warwick, UK",United Kingdom,CVPR,2020
CVPR-2020-A002335,Xuelong Li,"Northwestern Polytechnical University, China",China,CVPR,2020
CVPR-2020-A002336,Chengxu Zhuang,Stanford University,United States,CVPR,2020
CVPR-2020-A002337,Tianwei She,Stanford University,United States,CVPR,2020
CVPR-2020-A002338,Alex Andonian,Stanford University,United States,CVPR,2020
CVPR-2020-A002339,Max Sobol Mark,Stanford University,United States,CVPR,2020
CVPR-2020-A002340,Daniel Yamins,Stanford University,United States,CVPR,2020
CVPR-2020-A002341,Chao Yang,UNKNOWN,UNKNOWN,CVPR,2020
CVPR-2020-A002342,Ser-Nam Lim,UNKNOWN,UNKNOWN,CVPR,2020
CVPR-2020-A002343,Marcus Valtonen Ornhag,UNKNOWN,UNKNOWN,CVPR,2020
CVPR-2020-A002344,Carl Olsson,Centre for Mathematical Sciences | Department of Electrical Engineering,UNKNOWN,CVPR,2020
CVPR-2020-A002345,Jiayu Yang,"Australian National University, NVIDIA, Australian Centre for Robotic Vision",Australia,CVPR,2020
CVPR-2020-A002346,Wei Mao,"Australian National University, NVIDIA, Australian Centre for Robotic Vision",Australia,CVPR,2020
CVPR-2020-A002347,Jose M. Alvarez,"Australian National University, NVIDIA, Australian Centre for Robotic Vision",Australia,CVPR,2020
CVPR-2020-A002348,Miaomiao Liu,"Australian National University, NVIDIA, Australian Centre for Robotic Vision",Australia,CVPR,2020
CVPR-2020-A002349,Ren Yang,UNKNOWN,UNKNOWN,CVPR,2020
CVPR-2020-A002350,Fabian Mentzer,UNKNOWN,UNKNOWN,CVPR,2020
CVPR-2020-A002351,Luc Van Gool,UNKNOWN,UNKNOWN,CVPR,2020
CVPR-2020-A002352,Radu Timofte,UNKNOWN,UNKNOWN,CVPR,2020
CVPR-2020-A002353,Denys Rozumnyi,UNKNOWN,UNKNOWN,CVPR,2020
CVPR-2020-A002354,Jan Kotera,UNKNOWN,UNKNOWN,CVPR,2020
CVPR-2020-A002355,Filip Sroubek,UNKNOWN,UNKNOWN,CVPR,2020
CVPR-2020-A002356,Jiri Matas,UNKNOWN,UNKNOWN,CVPR,2020
CVPR-2020-A002357,Hayato Onizuka,Kyushu University Zehra Hayırcı Technical University of Munich,Japan | Germany,CVPR,2020
CVPR-2020-A002358,Zehra Hayirci,UNKNOWN,UNKNOWN,CVPR,2020
CVPR-2020-A002359,Diego Thomas,Kyushu University,Japan,CVPR,2020
CVPR-2020-A002360,Akihiro Sugimoto,UNKNOWN,UNKNOWN,CVPR,2020
CVPR-2020-A002361,Hideaki Uchiyama,UNKNOWN,UNKNOWN,CVPR,2020
CVPR-2020-A002362,Rin-ichiro Taniguchi,UNKNOWN,UNKNOWN,CVPR,2020
CVPR-2020-A002363,Pengpeng Liu,The Chinese University of Hong Kong,China,CVPR,2020
CVPR-2020-A002364,Irwin King,The Chinese University of Hong Kong,China,CVPR,2020
CVPR-2020-A002365,Michael R. Lyu,The Chinese University of Hong Kong,China,CVPR,2020
CVPR-2020-A002366,Jia Xu,The Chinese University of Hong Kong,China,CVPR,2020
CVPR-2020-A002367,Hao Tang,University of Trento,Italy,CVPR,2020
CVPR-2020-A002368,Dan Xu,University of Oxford,United Kingdom,CVPR,2020
CVPR-2020-A002369,Yan Yan,Texas State University,United States,CVPR,2020
CVPR-2020-A002370,Philip H.S. Torr,UNKNOWN,UNKNOWN,CVPR,2020
CVPR-2020-A002371,Nicu Sebe,University of Trento | Huawei Research Ireland,Italy | Ireland,CVPR,2020
CVPR-2020-A002372,Naofumi Akimoto,Keio University,Japan,CVPR,2020
CVPR-2020-A002373,Huachun Zhu,Keio University,Japan,CVPR,2020
CVPR-2020-A002374,Yanghua Jin,Keio University,Japan,CVPR,2020
CVPR-2020-A002375,Yoshimitsu Aoki,Keio University,Japan,CVPR,2020
CVPR-2020-A002376,Xiufeng Xie,Hewlett Packard Labs,United States,CVPR,2020
CVPR-2020-A002377,Kyu-Han Kim,Hewlett Packard Labs,United States,CVPR,2020
CVPR-2020-A002378,Ziqian Bai,Simon Fraser University ETH Zürich Michigan State University,Canada | Switzerland | United States,CVPR,2020
CVPR-2020-A002379,Zhaopeng Cui,Simon Fraser University ETH Zürich Michigan State University,Canada | Switzerland | United States,CVPR,2020
CVPR-2020-A002380,Jamal Ahmed Rahim,Simon Fraser University ETH Zürich Michigan State University,Canada | Switzerland | United States,CVPR,2020
CVPR-2020-A002381,Xiaoming Liu,Simon Fraser University ETH Zürich Michigan State University,Canada | Switzerland | United States,CVPR,2020
CVPR-2020-A002382,Ping Tan,Simon Fraser University ETH Zürich Michigan State University,Canada | Switzerland | United States,CVPR,2020
CVPR-2020-A002383,Peidong Liu,"Computer Vision and Geometry Group, ETH Zürich, Switzerland",Switzerland,CVPR,2020
CVPR-2020-A002384,Zhaopeng Cui,"Computer Vision and Geometry Group, ETH Zürich, Switzerland",Switzerland,CVPR,2020
CVPR-2020-A002385,Viktor Larsson,"Computer Vision and Geometry Group, ETH Zürich, Switzerland",Switzerland,CVPR,2020
CVPR-2020-A002386,Marc Pollefeys,"Computer Vision and Geometry Group, ETH Zürich, Switzerland | Microsoft Artificial Intelligence and Mixed Reality Lab, Zürich, Switzerland",Switzerland,CVPR,2020
CVPR-2020-A002387,Hao Chen,"The University of Adelaide, Australia",Australia,CVPR,2020
CVPR-2020-A002388,Kunyang Sun,"Southeast University, China | The University of Adelaide, Australia",China | Australia,CVPR,2020
CVPR-2020-A002389,Zhi Tian,"The University of Adelaide, Australia",Australia,CVPR,2020
CVPR-2020-A002390,Chunhua Shen,"The University of Adelaide, Australia",Australia,CVPR,2020
CVPR-2020-A002391,Yongming Huang,"Southeast University, China",China,CVPR,2020
CVPR-2020-A002392,Youliang Yan,Huawei Noah’s Ark Lab,China,CVPR,2020
CVPR-2020-A002393,Iacopo Masi,"USC Information Sciences Institute, Marina del Rey, CA, USA",United States,CVPR,2020
CVPR-2020-A002394,Joe Mathai,"USC Information Sciences Institute, Marina del Rey, CA, USA",United States,CVPR,2020
CVPR-2020-A002395,Wael AbdAlmageed,"USC Information Sciences Institute, Marina del Rey, CA, USA",United States,CVPR,2020
CVPR-2020-A002396,Haochen Wang,Carnegie Mellon University,United States,CVPR,2020
CVPR-2020-A002397,Ruotian Luo,UNKNOWN,UNKNOWN,CVPR,2020
CVPR-2020-A002398,Michael Maire,University of Chicago,United States,CVPR,2020
CVPR-2020-A002399,Greg Shakhnarovich,UNKNOWN,UNKNOWN,CVPR,2020
CVPR-2020-A002400,Yiyi Liao,"Max Planck Institute for Intelligent Systems, Tübingen | University of Tübingen",Germany,CVPR,2020
CVPR-2020-A002401,Katja Schwarz,"Max Planck Institute for Intelligent Systems, Tübingen | University of Tübingen",Germany,CVPR,2020
CVPR-2020-A002402,Lars Mescheder,"Max Planck Institute for Intelligent Systems, Tübingen | University of Tübingen | Amazon, Tübingen",Germany,CVPR,2020
CVPR-2020-A002403,Andreas Geiger,"Max Planck Institute for Intelligent Systems, Tübingen | University of Tübingen",Germany,CVPR,2020
CVPR-2020-A002404,Chih-Hui Ho,"University of California, San Diego",United States,CVPR,2020
CVPR-2020-A002405,Bo Liu,"University of California, San Diego",United States,CVPR,2020
CVPR-2020-A002406,Tz-Ying Wu,"University of California, San Diego",United States,CVPR,2020
CVPR-2020-A002407,Nuno Vasconcelos,"University of California, San Diego",United States,CVPR,2020
CVPR-2020-A002408,Itai Lang,Tel Aviv University,Israel,CVPR,2020
CVPR-2020-A002409,Asaf Manor,Tel Aviv University,Israel,CVPR,2020
CVPR-2020-A002410,Shai Avidan,Tel Aviv University,Israel,CVPR,2020
CVPR-2020-A002411,Zheng Ding,"Tsinghua University UC San Diego Qualcomm, Inc. University of Amsterdam",Netherlands,CVPR,2020
CVPR-2020-A002412,Yifan Xu,"Tsinghua University UC San Diego Qualcomm, Inc. University of Amsterdam",Netherlands,CVPR,2020
CVPR-2020-A002413,Weijian Xu,"Tsinghua University UC San Diego Qualcomm, Inc. University of Amsterdam",Netherlands,CVPR,2020
CVPR-2020-A002414,Gaurav Parmar,"Tsinghua University UC San Diego Qualcomm, Inc. University of Amsterdam",Netherlands,CVPR,2020
CVPR-2020-A002415,Yang Yang,"Tsinghua University UC San Diego Qualcomm, Inc. University of Amsterdam",Netherlands,CVPR,2020
CVPR-2020-A002416,Max Welling,"Tsinghua University UC San Diego Qualcomm, Inc. University of Amsterdam",Netherlands,CVPR,2020
CVPR-2020-A002417,Zhuowen Tu,"Tsinghua University UC San Diego Qualcomm, Inc. University of Amsterdam",Netherlands,CVPR,2020
CVPR-2020-A002418,Xiaohang Zhan,UNKNOWN,UNKNOWN,CVPR,2020
CVPR-2020-A002419,Jiahao Xie,UNKNOWN,UNKNOWN,CVPR,2020
CVPR-2020-A002420,Ziwei Liu,"CUHK - SenseTime Joint Lab, The Chinese University of Hong Kong",China,CVPR,2020
CVPR-2020-A002421,Yew-Soon Ong,UNKNOWN,UNKNOWN,CVPR,2020
CVPR-2020-A002422,Chen Change Loy,Nanyang Technological University,Singapore,CVPR,2020
CVPR-2020-A002423,Patrick Esser,"IWR, Heidelberg University, Germany",Germany,CVPR,2020
CVPR-2020-A002424,Robin Rombach,"IWR, Heidelberg University, Germany",Germany,CVPR,2020
CVPR-2020-A002425,Bjorn Ommer,"IWR, Heidelberg University, Germany",Germany,CVPR,2020
CVPR-2020-A002426,Olivia Wiles,University of Oxford,United Kingdom,CVPR,2020
CVPR-2020-A002427,Georgia Gkioxari,Facebook AI Research,United States,CVPR,2020
CVPR-2020-A002428,Richard Szeliski,UNKNOWN,UNKNOWN,CVPR,2020
CVPR-2020-A002429,Justin Johnson,Facebook AI Research | University of Michigan,United States,CVPR,2020
CVPR-2020-A002430,Bardia Doosti,"Luddy School of Informatics, Computing, and Engineering, Indiana University Bloomington",United States,CVPR,2020
CVPR-2020-A002431,Shujon Naha,"Luddy School of Informatics, Computing, and Engineering, Indiana University Bloomington",United States,CVPR,2020
CVPR-2020-A002432,Majid Mirbagheri,"Luddy School of Informatics, Computing, and Engineering, Indiana University Bloomington",United States,CVPR,2020
CVPR-2020-A002433,David J. Crandall,"Luddy School of Informatics, Computing, and Engineering, Indiana University Bloomington",United States,CVPR,2020
CVPR-2020-A002434,Wenzheng Chen,University of Toronto,Canada,CVPR,2020
CVPR-2020-A002435,Parsa Mirdehghan,University of Toronto,Canada,CVPR,2020
CVPR-2020-A002436,Sanja Fidler,University of Toronto,Canada,CVPR,2020
CVPR-2020-A002437,Kiriakos N. Kutulakos,University of Toronto,Canada,CVPR,2020
CVPR-2020-A002438,Jameel Malik,TU Kaiserslautern | DFKI Kaiserslautern | NUST Pakistan,Germany | Pakistan,CVPR,2020
CVPR-2020-A002439,Ibrahim Abdelaziz,UNKNOWN,UNKNOWN,CVPR,2020
CVPR-2020-A002440,Ahmed Elhayek,UNKNOWN,UNKNOWN,CVPR,2020
CVPR-2020-A002441,Soshi Shimada,UNKNOWN,UNKNOWN,CVPR,2020
CVPR-2020-A002442,Sk Aziz Ali,UNKNOWN,UNKNOWN,CVPR,2020
CVPR-2020-A002443,Vladislav Golyanik,UNKNOWN,UNKNOWN,CVPR,2020
CVPR-2020-A002444,Christian Theobalt,UNKNOWN,UNKNOWN,CVPR,2020
CVPR-2020-A002445,Didier Stricker,UNKNOWN,UNKNOWN,CVPR,2020
CVPR-2020-A002446,Sicheng Xu,Beijing Institute of Technology,China,CVPR,2020
CVPR-2020-A002447,Jiaolong Yang,Microsoft Research Asia,China,CVPR,2020
CVPR-2020-A002448,Dong Chen,Microsoft Research Asia,China,CVPR,2020
CVPR-2020-A002449,Fang Wen,Microsoft Research Asia,China,CVPR,2020
CVPR-2020-A002450,Yu Deng,Tsinghua University,China,CVPR,2020
CVPR-2020-A002451,Yunde Jia,Beijing Institute of Technology,China,CVPR,2020
CVPR-2020-A002452,Xin Tong,Microsoft Research Asia,China,CVPR,2020
CVPR-2020-A002453,Muhammad Haris Khan,"Inception Institute of Artificial Intelligence, UAE",United Arab Emirates,CVPR,2020
CVPR-2020-A002454,John McDonagh,"University of Nottingham, UK",United Kingdom,CVPR,2020
CVPR-2020-A002455,Salman Khan,"Inception Institute of Artificial Intelligence, UAE",United Arab Emirates,CVPR,2020
CVPR-2020-A002456,Muhammad Shahabuddin,"Comsats University Islamabad, Pakistan",Pakistan,CVPR,2020
CVPR-2020-A002457,Aditya Arora,"Inception Institute of Artificial Intelligence, UAE",United Arab Emirates,CVPR,2020
CVPR-2020-A002458,Fahad Shahbaz Khan,"Inception Institute of Artificial Intelligence, UAE",United Arab Emirates,CVPR,2020
CVPR-2020-A002459,Ling Shao,"Inception Institute of Artificial Intelligence, UAE",United Arab Emirates,CVPR,2020
CVPR-2020-A002460,Georgios Tzimiropoulos,"Queen Mary University of London, UK",United Kingdom,CVPR,2020
CVPR-2020-A002461,Francesco Marchetti,"MICC, University of Florence",Italy,CVPR,2020
CVPR-2020-A002462,Federico Becattini,"MICC, University of Florence",Italy,CVPR,2020
CVPR-2020-A002463,Lorenzo Seidenari,"MICC, University of Florence",Italy,CVPR,2020
CVPR-2020-A002464,Alberto Del Bimbo,"MICC, University of Florence",Italy,CVPR,2020
CVPR-2020-A002465,Peng Dai,University of Electronic Science and Technology of China,China,CVPR,2020
CVPR-2020-A002466,Yinda Zhang,Google Research,UNKNOWN,CVPR,2020
CVPR-2020-A002467,Zhuwen Li,Nuro Inc,United States,CVPR,2020
CVPR-2020-A002468,Shuaicheng Liu,University of Electronic Science and Technology of China,China,CVPR,2020
CVPR-2020-A002469,Bing Zeng,University of Electronic Science and Technology of China,China,CVPR,2020
CVPR-2020-A002470,Yongri Piao,"Dalian University of Technology, China",China,CVPR,2020
CVPR-2020-A002471,Zhengkun Rong,"Dalian University of Technology, China",China,CVPR,2020
CVPR-2020-A002472,Miao Zhang,"Dalian University of Technology, China | Key Lab for Ubiquitous Network and Service Software of Liaoning Province",China,CVPR,2020
CVPR-2020-A002473,Weisong Ren,"Dalian University of Technology, China",China,CVPR,2020
CVPR-2020-A002474,Huchuan Lu,"Dalian University of Technology, China | Pengcheng Lab",China,CVPR,2020
CVPR-2020-A002475,Janghyeon Lee,"School of Electrical Engineering, KAIST",South Korea,CVPR,2020
CVPR-2020-A002476,Hyeong Gwon Hong,"Graduate School of AI, KAIST",South Korea,CVPR,2020
CVPR-2020-A002477,Donggyu Joo,"School of Electrical Engineering, KAIST",South Korea,CVPR,2020
CVPR-2020-A002478,Junmo Kim,"School of Electrical Engineering, KAIST | Graduate School of AI, KAIST",South Korea,CVPR,2020
CVPR-2020-A002479,Dong Cao,"CBSR & NLPR, Institute of Automation, Chinese Academy of Sciences, Beijing, China | School of Artificial Intelligence, University of Chinese Academy of Sciences, Beijing , China",China,CVPR,2020
CVPR-2020-A002480,Xiangyu Zhu,"CBSR & NLPR, Institute of Automation, Chinese Academy of Sciences, Beijing, China | School of Artificial Intelligence, University of Chinese Academy of Sciences, Beijing , China",China,CVPR,2020
CVPR-2020-A002481,Xingyu Huang,Tianjin University,China,CVPR,2020
CVPR-2020-A002482,Jianzhu Guo,"CBSR & NLPR, Institute of Automation, Chinese Academy of Sciences, Beijing, China | School of Artificial Intelligence, University of Chinese Academy of Sciences, Beijing , China",China,CVPR,2020
CVPR-2020-A002483,Zhen Lei,"CBSR & NLPR, Institute of Automation, Chinese Academy of Sciences, Beijing, China | School of Artificial Intelligence, University of Chinese Academy of Sciences, Beijing , China",China,CVPR,2020
CVPR-2020-A002484,Jiashun Wang,Fudan University,China,CVPR,2020
CVPR-2020-A002485,Chao Wen,Fudan University,China,CVPR,2020
CVPR-2020-A002486,Yanwei Fu,Fudan University,China,CVPR,2020
CVPR-2020-A002487,Haitao Lin,Fudan University,China,CVPR,2020
CVPR-2020-A002488,Tianyun Zou,Fudan University,China,CVPR,2020
CVPR-2020-A002489,Xiangyang Xue,Fudan University,China,CVPR,2020
CVPR-2020-A002490,Yinda Zhang,Google LLC,United States,CVPR,2020
CVPR-2020-A002491,Silvan Weder,UNKNOWN,UNKNOWN,CVPR,2020
CVPR-2020-A002492,Johannes Schonberger,UNKNOWN,UNKNOWN,CVPR,2020
CVPR-2020-A002493,Marc Pollefeys,UNKNOWN,UNKNOWN,CVPR,2020
CVPR-2020-A002494,Martin R. Oswald,UNKNOWN,UNKNOWN,CVPR,2020
CVPR-2020-A002495,Wen Jiang,Zhejiang University,China,CVPR,2020
CVPR-2020-A002496,Nikos Kolotouros,University of Pennsylvania,United States,CVPR,2020
CVPR-2020-A002497,Georgios Pavlakos,University of Pennsylvania,United States,CVPR,2020
CVPR-2020-A002498,Xiaowei Zhou,UNKNOWN,UNKNOWN,CVPR,2020
CVPR-2020-A002499,Kostas Daniilidis,University of Pennsylvania,United States,CVPR,2020
CVPR-2020-A002500,Kenan Dai,"School of Information and Communication Engineering, Dalian University of Technology, China",China,CVPR,2020
CVPR-2020-A002501,Yunhua Zhang,University of Amsterdam,Netherlands,CVPR,2020
CVPR-2020-A002502,Dong Wang,"School of Information and Communication Engineering, Dalian University of Technology, China",China,CVPR,2020
CVPR-2020-A002503,Jianhua Li,"School of Information and Communication Engineering, Dalian University of Technology, China",China,CVPR,2020
CVPR-2020-A002504,Huchuan Lu,"School of Information and Communication Engineering, Dalian University of Technology, China | Peng Cheng Laboratory",China,CVPR,2020
CVPR-2020-A002505,Xiaoyun Yang,"China Science IntelliCloud Technology Co., Ltd",China,CVPR,2020
CVPR-2020-A002506,Muhammad Abdullah Jamal,University of Central Florida University of California at Merced ♯ Google,UNKNOWN,CVPR,2020
CVPR-2020-A002507,Matthew Brown,University of Central Florida University of California at Merced ♯ Google,UNKNOWN,CVPR,2020
CVPR-2020-A002508,Ming-Hsuan Yang,University of Central Florida University of California at Merced ♯ Google,UNKNOWN,CVPR,2020
CVPR-2020-A002509,Liqiang Wang,University of Central Florida University of California at Merced ♯ Google,UNKNOWN,CVPR,2020
CVPR-2020-A002510,Boqing Gong,University of Central Florida University of California at Merced ♯ Google,UNKNOWN,CVPR,2020
CVPR-2020-A002511,Simon Niklaus,Portland State University,United States,CVPR,2020
CVPR-2020-A002512,Feng Liu,Portland State University,United States,CVPR,2020
CVPR-2020-A002513,Pan Zhang,University of Science and Technology of China,China,CVPR,2020
CVPR-2020-A002514,Bo Zhang,Microsoft Research Asia,China,CVPR,2020
CVPR-2020-A002515,Dong Chen,Microsoft Research Asia,China,CVPR,2020
CVPR-2020-A002516,Lu Yuan,Microsoft Cloud+AI,United States,CVPR,2020
CVPR-2020-A002517,Fang Wen,Microsoft Research Asia,China,CVPR,2020
CVPR-2020-A002518,Zhihao Chen,"College of Intelligence and Computing, Tianjin University",China,CVPR,2020
CVPR-2020-A002519,Lei Zhu,"Department of Computer Science and Engineering, The Chinese University of Hong Kong | College of Intelligence and Computing, Tianjin University",China | Hong Kong,CVPR,2020
CVPR-2020-A002520,Liang Wan,"College of Intelligence and Computing, Tianjin University",China,CVPR,2020
CVPR-2020-A002521,Song Wang,"College of Intelligence and Computing, Tianjin University | Department of Computer Science and Engineering, University of South Carolina",China | United States,CVPR,2020
CVPR-2020-A002522,Wei Feng,"College of Intelligence and Computing, Tianjin University",China,CVPR,2020
CVPR-2020-A002523,Pheng-Ann Heng,"Department of Computer Science and Engineering, The Chinese University of Hong Kong | Shenzhen Key Laboratory of Virtual Reality and Human Interaction Technology",China,CVPR,2020
CVPR-2020-A002524,Yong Guo,"South China University of Technology, Guangzhou Laboratory, Microsoft Research Asia, Baidu Inc.",China,CVPR,2020
CVPR-2020-A002525,Jian Chen,"South China University of Technology, Guangzhou Laboratory, Microsoft Research Asia, Baidu Inc.",China,CVPR,2020
CVPR-2020-A002526,Jingdong Wang,"South China University of Technology, Guangzhou Laboratory, Microsoft Research Asia, Baidu Inc.",China,CVPR,2020
CVPR-2020-A002527,Qi Chen,"South China University of Technology, Guangzhou Laboratory, Microsoft Research Asia, Baidu Inc.",China,CVPR,2020
CVPR-2020-A002528,Jiezhang Cao,"South China University of Technology, Guangzhou Laboratory, Microsoft Research Asia, Baidu Inc.",China,CVPR,2020
CVPR-2020-A002529,Zeshuai Deng,"South China University of Technology, Guangzhou Laboratory, Microsoft Research Asia, Baidu Inc.",China,CVPR,2020
CVPR-2020-A002530,Yanwu Xu,"South China University of Technology, Guangzhou Laboratory, Microsoft Research Asia, Baidu Inc.",China,CVPR,2020
CVPR-2020-A002531,Mingkui Tan,"South China University of Technology, Guangzhou Laboratory, Microsoft Research Asia, Baidu Inc.",China,CVPR,2020
CVPR-2020-A002532,Tianyu Yang,Tencent AI Lab City University of Hong Kong Didi Chuxing,China | Hong Kong,CVPR,2020
CVPR-2020-A002533,Pengfei Xu,Tencent AI Lab City University of Hong Kong Didi Chuxing,China | Hong Kong,CVPR,2020
CVPR-2020-A002534,Runbo Hu,Tencent AI Lab City University of Hong Kong Didi Chuxing,China | Hong Kong,CVPR,2020
CVPR-2020-A002535,Hua Chai,Tencent AI Lab City University of Hong Kong Didi Chuxing,China | Hong Kong,CVPR,2020
CVPR-2020-A002536,Antoni B. Chan,Tencent AI Lab City University of Hong Kong Didi Chuxing,China | Hong Kong,CVPR,2020
CVPR-2020-A002537,Qiufu Li,"Computer Vision Institute, School of Computer Science & Software Engineering, Shenzhen University | Shenzhen Institute of Artificial Intelligence & Robotics for Society",China,CVPR,2020
CVPR-2020-A002538,Linlin Shen,UNKNOWN,UNKNOWN,CVPR,2020
CVPR-2020-A002539,Sheng Guo,UNKNOWN,UNKNOWN,CVPR,2020
CVPR-2020-A002540,Zhihui Lai,"Computer Vision Institute, School of Computer Science & Software Engineering, Shenzhen University | Shenzhen Institute of Artificial Intelligence & Robotics for Society",China,CVPR,2020
CVPR-2020-A002541,Vedika Agarwal,Max Planck Institute for Informatics,Germany,CVPR,2020
CVPR-2020-A002542,Rakshith Shetty,Max Planck Institute for Informatics,Germany,CVPR,2020
CVPR-2020-A002543,Mario Fritz,Max Planck Institute for Informatics,Germany,CVPR,2020
CVPR-2020-A002544,Jiangning Zhang,"Zhejiang University ↑ Fuxi AI Lab, NetEase",China,CVPR,2020
CVPR-2020-A002545,Xianfang Zeng,"Zhejiang University ↑ Fuxi AI Lab, NetEase",China,CVPR,2020
CVPR-2020-A002546,Mengmeng Wang,"Zhejiang University ↑ Fuxi AI Lab, NetEase",China,CVPR,2020
CVPR-2020-A002547,Yusu Pan,"Zhejiang University ↑ Fuxi AI Lab, NetEase",China,CVPR,2020
CVPR-2020-A002548,Liang Liu,"Zhejiang University ↑ Fuxi AI Lab, NetEase",China,CVPR,2020
CVPR-2020-A002549,Yong Liu,"Zhejiang University ↑ Fuxi AI Lab, NetEase",China,CVPR,2020
CVPR-2020-A002550,Yu Ding,"Zhejiang University ↑ Fuxi AI Lab, NetEase",China,CVPR,2020
CVPR-2020-A002551,Changjie Fan,"Zhejiang University ↑ Fuxi AI Lab, NetEase",China,CVPR,2020
CVPR-2020-A002552,Sida Peng,Deepwise AI Lab,China,CVPR,2020
CVPR-2020-A002553,Wen Jiang,Deepwise AI Lab,China,CVPR,2020
CVPR-2020-A002554,Huaijin Pi,Deepwise AI Lab,China,CVPR,2020
CVPR-2020-A002555,Xiuli Li,Deepwise AI Lab,China,CVPR,2020
CVPR-2020-A002556,Hujun Bao,Deepwise AI Lab,China,CVPR,2020
CVPR-2020-A002557,Xiaowei Zhou,Deepwise AI Lab,China,CVPR,2020
CVPR-2020-A002558,Po-Hsiang Huang,"Graduate Institute of Communication Engineering, National Taiwan University, Taiwan",Taiwan,CVPR,2020
CVPR-2020-A002559,Fu-En Yang,"Graduate Institute of Communication Engineering, National Taiwan University, Taiwan",Taiwan,CVPR,2020
CVPR-2020-A002560,Yu-Chiang Frank Wang,"Graduate Institute of Communication Engineering, National Taiwan University, Taiwan | ASUS Intelligent Cloud Services, Taiwan",Taiwan,CVPR,2020
CVPR-2020-A002561,Hui Tang,"South China University of Technology Wushan Road, Tianhe District, Guangzhou, Guangdong, China",China,CVPR,2020
CVPR-2020-A002562,Ke Chen,"South China University of Technology Wushan Road, Tianhe District, Guangzhou, Guangdong, China",China,CVPR,2020
CVPR-2020-A002563,Kui Jia,"South China University of Technology Wushan Road, Tianhe District, Guangzhou, Guangdong, China",China,CVPR,2020
CVPR-2020-A002564,Elad Hoffer,"Habana-Labs, Caesarea, Israel",Israel,CVPR,2020
CVPR-2020-A002565,Tal Ben-Nun,"Department of Computer Science, ETH Zurich, Switzerland",Switzerland,CVPR,2020
CVPR-2020-A002566,Itay Hubara,"Habana-Labs, Caesarea, Israel",Israel,CVPR,2020
CVPR-2020-A002567,Niv Giladi,"Department of Electrical Engineering, Technion, Haifa, Israel",Israel,CVPR,2020
CVPR-2020-A002568,Torsten Hoefler,"Department of Computer Science, ETH Zurich, Switzerland",Switzerland,CVPR,2020
CVPR-2020-A002569,Daniel Soudry,"Department of Electrical Engineering, Technion, Haifa, Israel",Israel,CVPR,2020
CVPR-2020-A002570,Hyeongmin Lee,Yonsei University,South Korea,CVPR,2020
CVPR-2020-A002571,Taeoh Kim,Yonsei University,South Korea,CVPR,2020
CVPR-2020-A002572,Tae-young Chung,Yonsei University,South Korea,CVPR,2020
CVPR-2020-A002573,Daehyun Pak,Yonsei University,South Korea,CVPR,2020
CVPR-2020-A002574,Yuseok Ban,Yonsei University,South Korea,CVPR,2020
CVPR-2020-A002575,Sangyoun Lee,Yonsei University,South Korea,CVPR,2020
CVPR-2020-A002576,Wang Shen,"Institute of Image Communication and Network Engineering, Shanghai Jiao Tong University",China,CVPR,2020
CVPR-2020-A002577,Wenbo Bao,"Institute of Image Communication and Network Engineering, Shanghai Jiao Tong University",China,CVPR,2020
CVPR-2020-A002578,Guangtao Zhai,"Institute of Image Communication and Network Engineering, Shanghai Jiao Tong University",China,CVPR,2020
CVPR-2020-A002579,Li Chen,"Institute of Image Communication and Network Engineering, Shanghai Jiao Tong University",China,CVPR,2020
CVPR-2020-A002580,Xiongkuo Min,"Institute of Image Communication and Network Engineering, Shanghai Jiao Tong University",China,CVPR,2020
CVPR-2020-A002581,Zhiyong Gao,"Institute of Image Communication and Network Engineering, Shanghai Jiao Tong University",China,CVPR,2020
CVPR-2020-A002582,Tao Li,"Beijing Lab of Intelligent Information Technology, School of Computer Science, Beijing Institute of Technology, China Inception Institute of Artificial Intelligence, Abu Dhabi, UAE",China,CVPR,2020
CVPR-2020-A002583,Zhiyuan Liang,"Beijing Lab of Intelligent Information Technology, School of Computer Science, Beijing Institute of Technology, China Inception Institute of Artificial Intelligence, Abu Dhabi, UAE",China,CVPR,2020
CVPR-2020-A002584,Sanyuan Zhao,"Beijing Lab of Intelligent Information Technology, School of Computer Science, Beijing Institute of Technology, China Inception Institute of Artificial Intelligence, Abu Dhabi, UAE",China,CVPR,2020
CVPR-2020-A002585,Jiahao Gong,"Beijing Lab of Intelligent Information Technology, School of Computer Science, Beijing Institute of Technology, China Inception Institute of Artificial Intelligence, Abu Dhabi, UAE",China,CVPR,2020
CVPR-2020-A002586,Jianbing Shen,"Beijing Lab of Intelligent Information Technology, School of Computer Science, Beijing Institute of Technology, China Inception Institute of Artificial Intelligence, Abu Dhabi, UAE",China,CVPR,2020
CVPR-2020-A002587,Bowen Cheng,"UIUC, Microsoft, University of Oregon",UNKNOWN,CVPR,2020
CVPR-2020-A002588,Bin Xiao,"UIUC, Microsoft, University of Oregon",UNKNOWN,CVPR,2020
CVPR-2020-A002589,Jingdong Wang,"UIUC, Microsoft, University of Oregon",UNKNOWN,CVPR,2020
CVPR-2020-A002590,Honghui Shi,"UIUC, Microsoft, University of Oregon",UNKNOWN,CVPR,2020
CVPR-2020-A002591,Thomas S. Huang,"UIUC, Microsoft, University of Oregon",UNKNOWN,CVPR,2020
CVPR-2020-A002592,Lei Zhang,"UIUC, Microsoft, University of Oregon",UNKNOWN,CVPR,2020
CVPR-2020-A002593,Sheng-Yu Wang,University of Michigan3,United States,CVPR,2020
CVPR-2020-A002594,Oliver Wang,University of Michigan3,United States,CVPR,2020
CVPR-2020-A002595,Richard Zhang,University of Michigan3,United States,CVPR,2020
CVPR-2020-A002596,Andrew Owens,University of Michigan3,United States,CVPR,2020
CVPR-2020-A002597,Alexei A. Efros,University of Michigan3,United States,CVPR,2020
CVPR-2020-A002598,Tianshu Yu,"Arizona State University, Shanghai Jiao Tong University",United States | China,CVPR,2020
CVPR-2020-A002599,Junchi Yan,"Arizona State University, Shanghai Jiao Tong University",United States | China,CVPR,2020
CVPR-2020-A002600,Baoxin Li,"Arizona State University, Shanghai Jiao Tong University",United States | China,CVPR,2020
CVPR-2020-A002601,Sadegh Aliakbarian,"Australian National University, ACRV, CVLab, EPFL, Data61, CSIRO",Australia,CVPR,2020
CVPR-2020-A002602,Fatemeh Sadat Saleh,"Australian National University, ACRV, CVLab, EPFL, Data61, CSIRO",Australia,CVPR,2020
CVPR-2020-A002603,Mathieu Salzmann,"Australian National University, ACRV, CVLab, EPFL, Data61, CSIRO",Australia,CVPR,2020
CVPR-2020-A002604,Lars Petersson,"Australian National University, ACRV, CVLab, EPFL, Data61, CSIRO",Australia,CVPR,2020
CVPR-2020-A002605,Stephen Gould,"Australian National University, ACRV, CVLab, EPFL, Data61, CSIRO",Australia,CVPR,2020
CVPR-2020-A002606,Evangelos Sariyanidi,"Center for Autism Research, Children’s Hospital of Philadelphia University of Pennsylvania",United States,CVPR,2020
CVPR-2020-A002607,Casey J. Zampella,"Center for Autism Research, Children’s Hospital of Philadelphia University of Pennsylvania",United States,CVPR,2020
CVPR-2020-A002608,Robert T. Schultz,"Center for Autism Research, Children’s Hospital of Philadelphia University of Pennsylvania",United States,CVPR,2020
CVPR-2020-A002609,Birkan Tunc,"Center for Autism Research, Children’s Hospital of Philadelphia University of Pennsylvania",United States,CVPR,2020
CVPR-2020-A002610,Fuxiang Huang,UNKNOWN,UNKNOWN,CVPR,2020
CVPR-2020-A002611,Lei Zhang,UNKNOWN,UNKNOWN,CVPR,2020
CVPR-2020-A002612,Yang Yang,University of Electronic Science and Technology of China,China,CVPR,2020
CVPR-2020-A002613,Xichuan Zhou,UNKNOWN,UNKNOWN,CVPR,2020
CVPR-2020-A002614,Adam Kortylewski,Johns Hopkins University,United States,CVPR,2020
CVPR-2020-A002615,Ju He,Johns Hopkins University,United States,CVPR,2020
CVPR-2020-A002616,Qing Liu,Johns Hopkins University,United States,CVPR,2020
CVPR-2020-A002617,Alan L. Yuille,Johns Hopkins University,United States,CVPR,2020
CVPR-2020-A002618,Rongliang Wu,UNKNOWN,UNKNOWN,CVPR,2020
CVPR-2020-A002619,Gongjie Zhang,UNKNOWN,UNKNOWN,CVPR,2020
CVPR-2020-A002620,Shijian Lu,UNKNOWN,UNKNOWN,CVPR,2020
CVPR-2020-A002621,Tao Chen,UNKNOWN,UNKNOWN,CVPR,2020
CVPR-2020-A002622,Liangji Fang,SenseTime Group Limited The Chinese University of Hong Kong,China | Hong Kong,CVPR,2020
CVPR-2020-A002623,Qinhong Jiang,SenseTime Group Limited The Chinese University of Hong Kong,China | Hong Kong,CVPR,2020
CVPR-2020-A002624,Jianping Shi,SenseTime Group Limited The Chinese University of Hong Kong,China | Hong Kong,CVPR,2020
CVPR-2020-A002625,Bolei Zhou,SenseTime Group Limited The Chinese University of Hong Kong,China | Hong Kong,CVPR,2020
CVPR-2020-A002626,Xiaomei Zhang,"National Laboratory of Pattern Recognition, Institute of Automation, CAS, Beijing , China School of Artificial Intelligence, University of Chinese Academy of Sciences, Beijing , China",China,CVPR,2020
CVPR-2020-A002627,Yingying Chen,"National Laboratory of Pattern Recognition, Institute of Automation, CAS, Beijing , China School of Artificial Intelligence, University of Chinese Academy of Sciences, Beijing , China",China,CVPR,2020
CVPR-2020-A002628,Bingke Zhu,"National Laboratory of Pattern Recognition, Institute of Automation, CAS, Beijing , China School of Artificial Intelligence, University of Chinese Academy of Sciences, Beijing , China",China,CVPR,2020
CVPR-2020-A002629,Jinqiao Wang,"National Laboratory of Pattern Recognition, Institute of Automation, CAS, Beijing , China School of Artificial Intelligence, University of Chinese Academy of Sciences, Beijing , China",China,CVPR,2020
CVPR-2020-A002630,Ming Tang,"National Laboratory of Pattern Recognition, Institute of Automation, CAS, Beijing , China School of Artificial Intelligence, University of Chinese Academy of Sciences, Beijing , China",China,CVPR,2020
CVPR-2020-A002631,Pratul P. Srinivasan,"UC Berkeley, Google Research",United States,CVPR,2020
CVPR-2020-A002632,Ben Mildenhall,"UC Berkeley, Google Research",United States,CVPR,2020
CVPR-2020-A002633,Matthew Tancik,"UC Berkeley, Google Research",United States,CVPR,2020
CVPR-2020-A002634,Jonathan T. Barron,"UC Berkeley, Google Research",United States,CVPR,2020
CVPR-2020-A002635,Richard Tucker,"UC Berkeley, Google Research",United States,CVPR,2020
CVPR-2020-A002636,Noah Snavely,"UC Berkeley, Google Research",United States,CVPR,2020
CVPR-2020-A002637,Yanping Fu,"School of Computer Science, Wuhan University, China",China,CVPR,2020
CVPR-2020-A002638,Qingan Yan,"Silicon Valley Research Center, United States",United States,CVPR,2020
CVPR-2020-A002639,Jie Liao,"School of Computer Science, Wuhan University, China",China,CVPR,2020
CVPR-2020-A002640,Chunxia Xiao,"School of Computer Science, Wuhan University, China | National Engineering Research Center for Multimedia Software, Wuhan University, China | Institute of Artificial Intelligence, Wuhan University, China",China,CVPR,2020
CVPR-2020-A002641,Shaoteng Liu,"Shanghai Key Lab of Intelligent Information Processing, School of Computer Science, Fudan University Xi’an Jiaotong University National University of Singapore City University of Hong Kong",Singapore,CVPR,2020
CVPR-2020-A002642,Jingjing Chen,"Shanghai Key Lab of Intelligent Information Processing, School of Computer Science, Fudan University Xi’an Jiaotong University National University of Singapore City University of Hong Kong",Singapore,CVPR,2020
CVPR-2020-A002643,Liangming Pan,"Shanghai Key Lab of Intelligent Information Processing, School of Computer Science, Fudan University Xi’an Jiaotong University National University of Singapore City University of Hong Kong",Singapore,CVPR,2020
CVPR-2020-A002644,Chong-Wah Ngo,"Shanghai Key Lab of Intelligent Information Processing, School of Computer Science, Fudan University Xi’an Jiaotong University National University of Singapore City University of Hong Kong",Singapore,CVPR,2020
CVPR-2020-A002645,Tat-Seng Chua,"Shanghai Key Lab of Intelligent Information Processing, School of Computer Science, Fudan University Xi’an Jiaotong University National University of Singapore City University of Hong Kong",Singapore,CVPR,2020
CVPR-2020-A002646,Yu-Gang Jiang,"Shanghai Key Lab of Intelligent Information Processing, School of Computer Science, Fudan University Xi’an Jiaotong University National University of Singapore City University of Hong Kong",Singapore,CVPR,2020
CVPR-2020-A002647,Chengzhou Tang,Simon Fraser University,Canada,CVPR,2020
CVPR-2020-A002648,Lu Yuan,Microsoft,United States,CVPR,2020
CVPR-2020-A002649,Ping Tan,Simon Fraser University,Canada,CVPR,2020
CVPR-2020-A002650,Jinjie Mai,"School of Data and Computer Science, Sun Yat-sen University, *Corresponding author The Key Laboratory of Machine Intelligence and Advanced Computing, Ministry of Education, Sun Yat-sen University",China,CVPR,2020
CVPR-2020-A002651,Meng Yang,"School of Data and Computer Science, Sun Yat-sen University, *Corresponding author The Key Laboratory of Machine Intelligence and Advanced Computing, Ministry of Education, Sun Yat-sen University",China,CVPR,2020
CVPR-2020-A002652,Wenfeng Luo,"School of Data and Computer Science, Sun Yat-sen University, *Corresponding author The Key Laboratory of Machine Intelligence and Advanced Computing, Ministry of Education, Sun Yat-sen University",China,CVPR,2020
CVPR-2020-A002653,Shunkai Li,"Key Laboratory of Machine Perception (MOE), School of EECS, Peking University PKU-SenseTime Machine Vision Joint Lab",China,CVPR,2020
CVPR-2020-A002654,Xin Wang,"Key Laboratory of Machine Perception (MOE), School of EECS, Peking University PKU-SenseTime Machine Vision Joint Lab",China,CVPR,2020
CVPR-2020-A002655,Yingdian Cao,"Key Laboratory of Machine Perception (MOE), School of EECS, Peking University PKU-SenseTime Machine Vision Joint Lab",China,CVPR,2020
CVPR-2020-A002656,Fei Xue,"Key Laboratory of Machine Perception (MOE), School of EECS, Peking University PKU-SenseTime Machine Vision Joint Lab",China,CVPR,2020
CVPR-2020-A002657,Zike Yan,"Key Laboratory of Machine Perception (MOE), School of EECS, Peking University PKU-SenseTime Machine Vision Joint Lab",China,CVPR,2020
CVPR-2020-A002658,Hongbin Zha,"Key Laboratory of Machine Perception (MOE), School of EECS, Peking University PKU-SenseTime Machine Vision Joint Lab",China,CVPR,2020
CVPR-2020-A002659,Yu-Ting Chang,UC Merced eBay Inc. NEC Labs America Google Research,UNKNOWN,CVPR,2020
CVPR-2020-A002660,Qiaosong Wang,UC Merced eBay Inc. NEC Labs America Google Research,UNKNOWN,CVPR,2020
CVPR-2020-A002661,Wei-Chih Hung,UC Merced eBay Inc. NEC Labs America Google Research,UNKNOWN,CVPR,2020
CVPR-2020-A002662,Robinson Piramuthu,UC Merced eBay Inc. NEC Labs America Google Research,UNKNOWN,CVPR,2020
CVPR-2020-A002663,Yi-Hsuan Tsai,UC Merced eBay Inc. NEC Labs America Google Research,UNKNOWN,CVPR,2020
CVPR-2020-A002664,Ming-Hsuan Yang,UC Merced eBay Inc. NEC Labs America Google Research,UNKNOWN,CVPR,2020
CVPR-2020-A002665,Apratim Bhattacharyya,UNKNOWN,UNKNOWN,CVPR,2020
CVPR-2020-A002666,Shweta Mahajan,UNKNOWN,UNKNOWN,CVPR,2020
CVPR-2020-A002667,Mario Fritz,UNKNOWN,UNKNOWN,CVPR,2020
CVPR-2020-A002668,Bernt Schiele,UNKNOWN,UNKNOWN,CVPR,2020
CVPR-2020-A002669,Stefan Roth,UNKNOWN,UNKNOWN,CVPR,2020
CVPR-2020-A002670,Colin Graber,University of Illinois at Urbana-Champaign,United States,CVPR,2020
CVPR-2020-A002671,Alexander G. Schwing,University of Illinois at Urbana-Champaign,United States,CVPR,2020
CVPR-2020-A002672,Byungsoo Ko,"Clova Vision, NAVER Corp.",South Korea,CVPR,2020
CVPR-2020-A002673,Geonmo Gu,"Clova Vision, NAVER Corp.",South Korea,CVPR,2020
CVPR-2020-A002674,Shuxin Wang,UNKNOWN,UNKNOWN,CVPR,2020
CVPR-2020-A002675,Shilei Cao,UNKNOWN,UNKNOWN,CVPR,2020
CVPR-2020-A002676,Dong Wei,UNKNOWN,UNKNOWN,CVPR,2020
CVPR-2020-A002677,Renzhen Wang,Xi’an Jiaotong University,China,CVPR,2020
CVPR-2020-A002678,Kai Ma,"Jarvis Lab, Tencent",China,CVPR,2020
CVPR-2020-A002679,Liansheng Wang,UNKNOWN,UNKNOWN,CVPR,2020
CVPR-2020-A002680,Deyu Meng,Macau University of Science and Technology | Xi’an Jiaotong University,China | Macau,CVPR,2020
CVPR-2020-A002681,Yefeng Zheng,UNKNOWN,UNKNOWN,CVPR,2020
CVPR-2020-A002682,Artsiom Sanakoyeu,UNKNOWN,UNKNOWN,CVPR,2020
CVPR-2020-A002683,Vasil Khalidov,UNKNOWN,UNKNOWN,CVPR,2020
CVPR-2020-A002684,Maureen S. McCarthy,UNKNOWN,UNKNOWN,CVPR,2020
CVPR-2020-A002685,Andrea Vedaldi,UNKNOWN,UNKNOWN,CVPR,2020
CVPR-2020-A002686,Natalia Neverova,UNKNOWN,UNKNOWN,CVPR,2020
CVPR-2020-A002687,Kai Wang,UNKNOWN,UNKNOWN,CVPR,2020
CVPR-2020-A002688,Xiaojiang Peng,UNKNOWN,UNKNOWN,CVPR,2020
CVPR-2020-A002689,Jianfei Yang,Nanyang Technological University Singapore,Singapore,CVPR,2020
CVPR-2020-A002690,Shijian Lu,UNKNOWN,UNKNOWN,CVPR,2020
CVPR-2020-A002691,Yu Qiao,UNKNOWN,UNKNOWN,CVPR,2020
CVPR-2020-A002692,Eirikur Agustsson,"Google Research, Perception Team",UNKNOWN,CVPR,2020
CVPR-2020-A002693,David Minnen,"Google Research, Perception Team",UNKNOWN,CVPR,2020
CVPR-2020-A002694,Nick Johnston,"Google Research, Perception Team",UNKNOWN,CVPR,2020
CVPR-2020-A002695,Johannes Balle,"Google Research, Perception Team",UNKNOWN,CVPR,2020
CVPR-2020-A002696,Sung Jin Hwang,"Google Research, Perception Team",UNKNOWN,CVPR,2020
CVPR-2020-A002697,George Toderici,"Google Research, Perception Team",UNKNOWN,CVPR,2020
CVPR-2020-A002698,Ayush Tewari,Stanford University,United States,CVPR,2020
CVPR-2020-A002699,Mohamed Elgharib,Stanford University,United States,CVPR,2020
CVPR-2020-A002700,Gaurav Bharaj,Stanford University,United States,CVPR,2020
CVPR-2020-A002701,Florian Bernard,Stanford University,United States,CVPR,2020
CVPR-2020-A002702,Hans-Peter Seidel,Stanford University,United States,CVPR,2020
CVPR-2020-A002703,Patrick Perez,Stanford University,United States,CVPR,2020
CVPR-2020-A002704,Michael Zollhofer,Stanford University,United States,CVPR,2020
CVPR-2020-A002705,Christian Theobalt,Stanford University,United States,CVPR,2020
CVPR-2020-A002706,Assaf Shocher,"Google Research Weizmann Institute of Science Semantic Pyramid Generation Levels (a) CONV1 Original Image CONV5 FC7 FC8 Generated Images from increasing sematic levels (b) From Sketch to Photo Original Image CONV4 Generated Image (c) Semantic Image Composition Original Images (d) Image Re-labeling Composite Image Original label: Volcano New label: Mountain Snowy Figure : We introduce a new image generative model that is designed and trained to leverage the hierarchical space of deepfeatures learned by a pre-trained classification network. Our model provides a unified versatile framework for various image generation and manipulation tasks, including: (a) generating images with a controllable extent of semantic similarity to a reference image, obtained by reconstructing images from different layers of a classification model; (b) generating realistic image samples from unnatural reference image such as line drawings; (c) semantically compositing different images, and (d) controlling the semantic content of an image by enforcing a new, modified class label.",UNKNOWN,CVPR,2020
CVPR-2020-A002707,Yossi Gandelsman,"Google Research Weizmann Institute of Science Semantic Pyramid Generation Levels (a) CONV1 Original Image CONV5 FC7 FC8 Generated Images from increasing sematic levels (b) From Sketch to Photo Original Image CONV4 Generated Image (c) Semantic Image Composition Original Images (d) Image Re-labeling Composite Image Original label: Volcano New label: Mountain Snowy Figure : We introduce a new image generative model that is designed and trained to leverage the hierarchical space of deepfeatures learned by a pre-trained classification network. Our model provides a unified versatile framework for various image generation and manipulation tasks, including: (a) generating images with a controllable extent of semantic similarity to a reference image, obtained by reconstructing images from different layers of a classification model; (b) generating realistic image samples from unnatural reference image such as line drawings; (c) semantically compositing different images, and (d) controlling the semantic content of an image by enforcing a new, modified class label.",UNKNOWN,CVPR,2020
CVPR-2020-A002708,Inbar Mosseri,"Google Research Weizmann Institute of Science Semantic Pyramid Generation Levels (a) CONV1 Original Image CONV5 FC7 FC8 Generated Images from increasing sematic levels (b) From Sketch to Photo Original Image CONV4 Generated Image (c) Semantic Image Composition Original Images (d) Image Re-labeling Composite Image Original label: Volcano New label: Mountain Snowy Figure : We introduce a new image generative model that is designed and trained to leverage the hierarchical space of deepfeatures learned by a pre-trained classification network. Our model provides a unified versatile framework for various image generation and manipulation tasks, including: (a) generating images with a controllable extent of semantic similarity to a reference image, obtained by reconstructing images from different layers of a classification model; (b) generating realistic image samples from unnatural reference image such as line drawings; (c) semantically compositing different images, and (d) controlling the semantic content of an image by enforcing a new, modified class label.",UNKNOWN,CVPR,2020
CVPR-2020-A002709,Michal Yarom,"Google Research Weizmann Institute of Science Semantic Pyramid Generation Levels (a) CONV1 Original Image CONV5 FC7 FC8 Generated Images from increasing sematic levels (b) From Sketch to Photo Original Image CONV4 Generated Image (c) Semantic Image Composition Original Images (d) Image Re-labeling Composite Image Original label: Volcano New label: Mountain Snowy Figure : We introduce a new image generative model that is designed and trained to leverage the hierarchical space of deepfeatures learned by a pre-trained classification network. Our model provides a unified versatile framework for various image generation and manipulation tasks, including: (a) generating images with a controllable extent of semantic similarity to a reference image, obtained by reconstructing images from different layers of a classification model; (b) generating realistic image samples from unnatural reference image such as line drawings; (c) semantically compositing different images, and (d) controlling the semantic content of an image by enforcing a new, modified class label.",UNKNOWN,CVPR,2020
CVPR-2020-A002710,Michal Irani,"Google Research Weizmann Institute of Science Semantic Pyramid Generation Levels (a) CONV1 Original Image CONV5 FC7 FC8 Generated Images from increasing sematic levels (b) From Sketch to Photo Original Image CONV4 Generated Image (c) Semantic Image Composition Original Images (d) Image Re-labeling Composite Image Original label: Volcano New label: Mountain Snowy Figure : We introduce a new image generative model that is designed and trained to leverage the hierarchical space of deepfeatures learned by a pre-trained classification network. Our model provides a unified versatile framework for various image generation and manipulation tasks, including: (a) generating images with a controllable extent of semantic similarity to a reference image, obtained by reconstructing images from different layers of a classification model; (b) generating realistic image samples from unnatural reference image such as line drawings; (c) semantically compositing different images, and (d) controlling the semantic content of an image by enforcing a new, modified class label.",UNKNOWN,CVPR,2020
CVPR-2020-A002711,William T. Freeman,"Google Research Weizmann Institute of Science Semantic Pyramid Generation Levels (a) CONV1 Original Image CONV5 FC7 FC8 Generated Images from increasing sematic levels (b) From Sketch to Photo Original Image CONV4 Generated Image (c) Semantic Image Composition Original Images (d) Image Re-labeling Composite Image Original label: Volcano New label: Mountain Snowy Figure : We introduce a new image generative model that is designed and trained to leverage the hierarchical space of deepfeatures learned by a pre-trained classification network. Our model provides a unified versatile framework for various image generation and manipulation tasks, including: (a) generating images with a controllable extent of semantic similarity to a reference image, obtained by reconstructing images from different layers of a classification model; (b) generating realistic image samples from unnatural reference image such as line drawings; (c) semantically compositing different images, and (d) controlling the semantic content of an image by enforcing a new, modified class label.",UNKNOWN,CVPR,2020
CVPR-2020-A002712,Tali Dekel,"Google Research Weizmann Institute of Science Semantic Pyramid Generation Levels (a) CONV1 Original Image CONV5 FC7 FC8 Generated Images from increasing sematic levels (b) From Sketch to Photo Original Image CONV4 Generated Image (c) Semantic Image Composition Original Images (d) Image Re-labeling Composite Image Original label: Volcano New label: Mountain Snowy Figure : We introduce a new image generative model that is designed and trained to leverage the hierarchical space of deepfeatures learned by a pre-trained classification network. Our model provides a unified versatile framework for various image generation and manipulation tasks, including: (a) generating images with a controllable extent of semantic similarity to a reference image, obtained by reconstructing images from different layers of a classification model; (b) generating realistic image samples from unnatural reference image such as line drawings; (c) semantically compositing different images, and (d) controlling the semantic content of an image by enforcing a new, modified class label.",UNKNOWN,CVPR,2020
CVPR-2020-A002713,Yantao Shen,UNKNOWN,UNKNOWN,CVPR,2020
CVPR-2020-A002714,Yuanjun Xiong,UNKNOWN,UNKNOWN,CVPR,2020
CVPR-2020-A002715,Wei Xia,UNKNOWN,UNKNOWN,CVPR,2020
CVPR-2020-A002716,Stefano Soatto,UNKNOWN,UNKNOWN,CVPR,2020
CVPR-2020-A002717,Yaobin Zhang,Beijing University of Posts and Telecommunications,China,CVPR,2020
CVPR-2020-A002718,Weihong Deng,Beijing University of Posts and Telecommunications,China,CVPR,2020
CVPR-2020-A002719,Mei Wang,Beijing University of Posts and Telecommunications,China,CVPR,2020
CVPR-2020-A002720,Jiani Hu,Beijing University of Posts and Telecommunications,China,CVPR,2020
CVPR-2020-A002721,Xian Li,Beijing University of Posts and Telecommunications,China,CVPR,2020
CVPR-2020-A002722,Dongyue Zhao,Beijing University of Posts and Telecommunications,China,CVPR,2020
CVPR-2020-A002723,Dongchao Wen,Beijing University of Posts and Telecommunications,China,CVPR,2020
CVPR-2020-A002724,Kaihua Zhang,"B-DAT and CICAEET, Nanjing University of Information Science and Technology, Nanjing, China",China,CVPR,2020
CVPR-2020-A002725,Tengpeng Li,"B-DAT and CICAEET, Nanjing University of Information Science and Technology, Nanjing, China",China,CVPR,2020
CVPR-2020-A002726,Shiwen Shen,"JD Digits, Mountain View, CA, USA",United States,CVPR,2020
CVPR-2020-A002727,Bo Liu,"JD Digits, Mountain View, CA, USA",United States,CVPR,2020
CVPR-2020-A002728,Jin Chen,"B-DAT and CICAEET, Nanjing University of Information Science and Technology, Nanjing, China",China,CVPR,2020
CVPR-2020-A002729,Qingshan Liu,"B-DAT and CICAEET, Nanjing University of Information Science and Technology, Nanjing, China",China,CVPR,2020
CVPR-2020-A002730,Bruno Artacho,Rochester Institute of Technology,United States,CVPR,2020
CVPR-2020-A002731,Andreas Savakis,Rochester Institute of Technology,United States,CVPR,2020
CVPR-2020-A002732,Jae Shin Yoon,University of Minnesota,United States,CVPR,2020
CVPR-2020-A002733,Kihwan Kim,University of Minnesota,United States,CVPR,2020
CVPR-2020-A002734,Orazio Gallo,University of Minnesota,United States,CVPR,2020
CVPR-2020-A002735,Hyun Soo Park,University of Minnesota,United States,CVPR,2020
CVPR-2020-A002736,Jan Kautz,University of Minnesota,United States,CVPR,2020
CVPR-2020-A002737,Li'an Zhuo,UNKNOWN,UNKNOWN,CVPR,2020
CVPR-2020-A002738,Baochang Zhang,UNKNOWN,UNKNOWN,CVPR,2020
CVPR-2020-A002739,Linlin Yang,UNKNOWN,UNKNOWN,CVPR,2020
CVPR-2020-A002740,Hanlin Chen,UNKNOWN,UNKNOWN,CVPR,2020
CVPR-2020-A002741,Qixiang Ye,UNKNOWN,UNKNOWN,CVPR,2020
CVPR-2020-A002742,David Doermann,UNKNOWN,UNKNOWN,CVPR,2020
CVPR-2020-A002743,Rongrong Ji,UNKNOWN,UNKNOWN,CVPR,2020
CVPR-2020-A002744,Guodong Guo,UNKNOWN,UNKNOWN,CVPR,2020
CVPR-2020-A002745,Chen Gao,"Institute of Information Engineering, Chinese Academy of Sciences University of Chinese Academy of Sciences School of Computer Science and Engineering, Beihang University Yitu Technology Beijing Forestry University",China,CVPR,2020
CVPR-2020-A002746,Yunpeng Chen,"Institute of Information Engineering, Chinese Academy of Sciences University of Chinese Academy of Sciences School of Computer Science and Engineering, Beihang University Yitu Technology Beijing Forestry University",China,CVPR,2020
CVPR-2020-A002747,Si Liu,"Institute of Information Engineering, Chinese Academy of Sciences University of Chinese Academy of Sciences School of Computer Science and Engineering, Beihang University Yitu Technology Beijing Forestry University",China,CVPR,2020
CVPR-2020-A002748,Zhenxiong Tan,"Institute of Information Engineering, Chinese Academy of Sciences University of Chinese Academy of Sciences School of Computer Science and Engineering, Beihang University Yitu Technology Beijing Forestry University",China,CVPR,2020
CVPR-2020-A002749,Shuicheng Yan,"Institute of Information Engineering, Chinese Academy of Sciences University of Chinese Academy of Sciences School of Computer Science and Engineering, Beihang University Yitu Technology Beijing Forestry University",China,CVPR,2020
CVPR-2020-A002750,Patrick Knobelreiter,UNKNOWN,UNKNOWN,CVPR,2020
CVPR-2020-A002751,Christian Sormann,UNKNOWN,UNKNOWN,CVPR,2020
CVPR-2020-A002752,Alexander Shekhovtsov,UNKNOWN,UNKNOWN,CVPR,2020
CVPR-2020-A002753,Friedrich Fraundorfer,UNKNOWN,UNKNOWN,CVPR,2020
CVPR-2020-A002754,Thomas Pock,UNKNOWN,UNKNOWN,CVPR,2020
CVPR-2020-A002755,Wenyan Cong,"MoE Key Lab of Artificial Intelligence, Shanghai Jiao Tong University",China,CVPR,2020
CVPR-2020-A002756,Jianfu Zhang,"MoE Key Lab of Artificial Intelligence, Shanghai Jiao Tong University",China,CVPR,2020
CVPR-2020-A002757,Li Niu,"MoE Key Lab of Artificial Intelligence, Shanghai Jiao Tong University",China,CVPR,2020
CVPR-2020-A002758,Liu Liu,"MoE Key Lab of Artificial Intelligence, Shanghai Jiao Tong University",China,CVPR,2020
CVPR-2020-A002759,Zhixin Ling,"MoE Key Lab of Artificial Intelligence, Shanghai Jiao Tong University",China,CVPR,2020
CVPR-2020-A002760,Weiyuan Li,East China Normal University,China,CVPR,2020
CVPR-2020-A002761,Liqing Zhang,"MoE Key Lab of Artificial Intelligence, Shanghai Jiao Tong University",China,CVPR,2020
CVPR-2020-A002762,Jogendra Nath Kundu,"Indian Institute of Science, Bangalore Google Research",India,CVPR,2020
CVPR-2020-A002763,Siddharth Seth,"Indian Institute of Science, Bangalore Google Research",India,CVPR,2020
CVPR-2020-A002764,Varun Jampani,"Indian Institute of Science, Bangalore Google Research",India,CVPR,2020
CVPR-2020-A002765,Mugalodi Rakesh,"Indian Institute of Science, Bangalore Google Research",India,CVPR,2020
CVPR-2020-A002766,R. Venkatesh Babu,"Indian Institute of Science, Bangalore Google Research",India,CVPR,2020
CVPR-2020-A002767,Anirban Chakraborty,"Indian Institute of Science, Bangalore Google Research",India,CVPR,2020
CVPR-2020-A002768,Tomas Jakab,University of Oxford,United Kingdom,CVPR,2020
CVPR-2020-A002769,Ankush Gupta,University of Oxford,United Kingdom,CVPR,2020
CVPR-2020-A002770,Hakan Bilen,University of Oxford,United Kingdom,CVPR,2020
CVPR-2020-A002771,Andrea Vedaldi,University of Oxford,United Kingdom,CVPR,2020
CVPR-2020-A002772,Feng Zhang,"School of Computer Science and Engineering, University of Electronic Science and Technology of China",China,CVPR,2020
CVPR-2020-A002773,Xiatian Zhu,"Centre for Vision, Speech and Signal Processing, University of Surrey",United Kingdom,CVPR,2020
CVPR-2020-A002774,Hanbin Dai,"School of Automation Engineering, University of Electronic Science and Technology of China",China,CVPR,2020
CVPR-2020-A002775,Mao Ye,"School of Computer Science and Engineering, University of Electronic Science and Technology of China",China,CVPR,2020
CVPR-2020-A002776,Ce Zhu,"School of Information and Communication Engineering, University of Electronic Science and Technology of China",China,CVPR,2020
CVPR-2020-A002777,Ruixu Liu,University of Dayton,United States,CVPR,2020
CVPR-2020-A002778,Ju Shen,University of Dayton,United States,CVPR,2020
CVPR-2020-A002779,He Wang,University of Dayton,United States,CVPR,2020
CVPR-2020-A002780,Chen Chen,University of North Carolina at Charlotte,United States,CVPR,2020
CVPR-2020-A002781,Sen-ching Cheung,University of Kentucky,United States,CVPR,2020
CVPR-2020-A002782,Vijayan Asari,University of Dayton,United States,CVPR,2020
CVPR-2020-A002783,Shengyu Zhao,UNKNOWN,UNKNOWN,CVPR,2020
CVPR-2020-A002784,Yilun Sheng,UNKNOWN,UNKNOWN,CVPR,2020
CVPR-2020-A002785,Yue Dong,UNKNOWN,UNKNOWN,CVPR,2020
CVPR-2020-A002786,Eric I-Chao Chang,UNKNOWN,UNKNOWN,CVPR,2020
CVPR-2020-A002787,Yan Xu,UNKNOWN,UNKNOWN,CVPR,2020
CVPR-2020-A002788,Bjorn Browatzki,"Dept. of Artificial Intelligence, Korea University, Seoul",South Korea,CVPR,2020
CVPR-2020-A002789,Christian Wallraven,"Dept. of Artificial Intelligence, Korea University, Seoul",South Korea,CVPR,2020
CVPR-2020-A002790,Zhenyu Xu,"College of Computer Science, Sichuan Uiversity, China",China,CVPR,2020
CVPR-2020-A002791,Yiguang Liu,"College of Computer Science, Sichuan Uiversity, China",China,CVPR,2020
CVPR-2020-A002792,Xuelei Shi,"College of Computer Science, Sichuan Uiversity, China",China,CVPR,2020
CVPR-2020-A002793,Ying Wang,"College of Computer Science, Sichuan Uiversity, China",China,CVPR,2020
CVPR-2020-A002794,Yunan Zheng,"College of Computer Science, Sichuan Uiversity, China",China,CVPR,2020
CVPR-2020-A002795,Henry M. Clever,"Georgia Institute of Technology, Atlanta, GA, USA",United States,CVPR,2020
CVPR-2020-A002796,Zackory Erickson,"Georgia Institute of Technology, Atlanta, GA, USA",United States,CVPR,2020
CVPR-2020-A002797,Ariel Kapusta,"Georgia Institute of Technology, Atlanta, GA, USA",United States,CVPR,2020
CVPR-2020-A002798,Greg Turk,"Georgia Institute of Technology, Atlanta, GA, USA",United States,CVPR,2020
CVPR-2020-A002799,Karen Liu,"Stanford University, Stanford, CA, USA",United States,CVPR,2020
CVPR-2020-A002800,Charles C. Kemp,"Georgia Institute of Technology, Atlanta, GA, USA",United States,CVPR,2020
CVPR-2020-A002801,Sungha Choi,"A&B Center, LG Electronics, Seoul, South Korea | Korea University, Seoul, South Korea",South Korea,CVPR,2020
CVPR-2020-A002802,Joanne T. Kim,"Lawrence Livermore National Laboratory, Livermore, CA, USA | Korea University, Seoul, South Korea",South Korea | United States,CVPR,2020
CVPR-2020-A002803,Jaegul Choo,"KAIST, Daejeon, South Korea",South Korea,CVPR,2020
CVPR-2020-A002804,Matteo Fabbri,University of Modena and Reggio Emilia,Italy,CVPR,2020
CVPR-2020-A002805,Fabio Lanzi,University of Modena and Reggio Emilia,Italy,CVPR,2020
CVPR-2020-A002806,Simone Calderara,University of Modena and Reggio Emilia,Italy,CVPR,2020
CVPR-2020-A002807,Stefano Alletto,University of Modena and Reggio Emilia,Italy,CVPR,2020
CVPR-2020-A002808,Rita Cucchiara,University of Modena and Reggio Emilia,Italy,CVPR,2020
CVPR-2020-A002809,Francis Engelmann,RWTH Aachen University | Google,Germany | United States,CVPR,2020
CVPR-2020-A002810,Martin Bokeloh,Google,UNKNOWN,CVPR,2020
CVPR-2020-A002811,Alireza Fathi,Google,UNKNOWN,CVPR,2020
CVPR-2020-A002812,Bastian Leibe,RWTH Aachen University,Germany,CVPR,2020
CVPR-2020-A002813,Matthias Niessner,UNKNOWN,UNKNOWN,CVPR,2020
CVPR-2020-A002814,Ying-Cong Chen,The Chinese University of Hong Kong,China,CVPR,2020
CVPR-2020-A002815,Xiaogang Xu,The Chinese University of Hong Kong,China,CVPR,2020
CVPR-2020-A002816,Jiaya Jia,The Chinese University of Hong Kong | SmartMore,UNKNOWN,CVPR,2020
CVPR-2020-A002817,Yuan Yao,"University of Chinese Academy of Sciences, Beijing, China",China,CVPR,2020
CVPR-2020-A002818,Chang Liu,"University of Chinese Academy of Sciences, Beijing, China",China,CVPR,2020
CVPR-2020-A002819,Dezhao Luo,"Institute of Information Engineering, Chinese Academy of Sciences, Beijing, China",China,CVPR,2020
CVPR-2020-A002820,Yu Zhou,"Institute of Information Engineering, Chinese Academy of Sciences, Beijing, China",China,CVPR,2020
CVPR-2020-A002821,Qixiang Ye,"University of Chinese Academy of Sciences, Beijing, China",China,CVPR,2020
CVPR-2020-A002822,Kyu-Yul Lee,"School of Electrical and Computer Engineering, UNIST, Ulsan, Korea",South Korea,CVPR,2020
CVPR-2020-A002823,Jae-Young Sim,"School of Electrical and Computer Engineering, UNIST, Ulsan, Korea",South Korea,CVPR,2020
CVPR-2020-A002824,Prune Truong,"Computer Vision Lab, D-ITET, ETH Zürich, Switzerland",Switzerland,CVPR,2020
CVPR-2020-A002825,Martin Danelljan,"Computer Vision Lab, D-ITET, ETH Zürich, Switzerland",Switzerland,CVPR,2020
CVPR-2020-A002826,Radu Timofte,"Computer Vision Lab, D-ITET, ETH Zürich, Switzerland",Switzerland,CVPR,2020
CVPR-2020-A002827,Cheng Peng,"University of Maryland, College Park",United States,CVPR,2020
CVPR-2020-A002828,Wei-An Lin,"University of Maryland, College Park",United States,CVPR,2020
CVPR-2020-A002829,Haofu Liao,University of Rochester,United States,CVPR,2020
CVPR-2020-A002830,Rama Chellappa,"University of Maryland, College Park",United States,CVPR,2020
CVPR-2020-A002831,S. Kevin Zhou,UNKNOWN,UNKNOWN,CVPR,2020
CVPR-2020-A002832,Yunjey Choi,"Clova AI Research, NAVER Corp.",South Korea,CVPR,2020
CVPR-2020-A002833,Youngjung Uh,"Clova AI Research, NAVER Corp.",South Korea,CVPR,2020
CVPR-2020-A002834,Jaejun Yoo,"Clova AI Research, NAVER Corp.",South Korea,CVPR,2020
CVPR-2020-A002835,Jung-Woo Ha,"Clova AI Research, NAVER Corp.",South Korea,CVPR,2020
CVPR-2020-A002836,Kyle Genova,Princeton University | Google Research,United States,CVPR,2020
CVPR-2020-A002837,Forrester Cole,Google Research,UNKNOWN,CVPR,2020
CVPR-2020-A002838,Avneesh Sud,Google Research,UNKNOWN,CVPR,2020
CVPR-2020-A002839,Aaron Sarna,Google Research,UNKNOWN,CVPR,2020
CVPR-2020-A002840,Thomas Funkhouser,Princeton University,United States,CVPR,2020
CVPR-2020-A002841,Seungryul Baek,Imperial College London,United Kingdom,CVPR,2020
CVPR-2020-A002842,Kwang In Kim,UNIST,South Korea,CVPR,2020
CVPR-2020-A002843,Tae-Kyun Kim,Imperial College London,United Kingdom,CVPR,2020
CVPR-2020-A002844,Zhengzhe Liu,"University of Oxford, The University of Hong Kong",United Kingdom | China,CVPR,2020
CVPR-2020-A002845,Xiaojuan Qi,"University of Oxford, The University of Hong Kong",United Kingdom | China,CVPR,2020
CVPR-2020-A002846,Philip H.S. Torr,"University of Oxford, The University of Hong Kong",United Kingdom | China,CVPR,2020
CVPR-2020-A002847,Albert Pumarola,"Institut de Robòtica i Informàtica Industrial, CSIC-UPC, Barcelona, Spain",Spain,CVPR,2020
CVPR-2020-A002848,Stefan Popov,"Google Research, Zürich, Switzerland",Switzerland,CVPR,2020
CVPR-2020-A002849,Francesc Moreno-Noguer,"Institut de Robòtica i Informàtica Industrial, CSIC-UPC, Barcelona, Spain",Spain,CVPR,2020
CVPR-2020-A002850,Vittorio Ferrari,"Google Research, Zürich, Switzerland",Switzerland,CVPR,2020
CVPR-2020-A002851,Valentin Khrulkov,UNKNOWN,UNKNOWN,CVPR,2020
CVPR-2020-A002852,Leyla Mirvakhabova,UNKNOWN,UNKNOWN,CVPR,2020
CVPR-2020-A002853,Evgeniya Ustinova,UNKNOWN,UNKNOWN,CVPR,2020
CVPR-2020-A002854,Ivan Oseledets,UNKNOWN,UNKNOWN,CVPR,2020
CVPR-2020-A002855,Victor Lempitsky,UNKNOWN,UNKNOWN,CVPR,2020
CVPR-2020-A002856,Lingzhi Zhang,University of Pennsylvania,United States,CVPR,2020
CVPR-2020-A002857,Jiancong Wang,University of Pennsylvania,United States,CVPR,2020
CVPR-2020-A002858,Yinshuang Xu,University of Pennsylvania,United States,CVPR,2020
CVPR-2020-A002859,Jie Min,University of Pennsylvania,United States,CVPR,2020
CVPR-2020-A002860,Tarmily Wen,University of Pennsylvania,United States,CVPR,2020
CVPR-2020-A002861,James C. Gee,University of Pennsylvania,United States,CVPR,2020
CVPR-2020-A002862,Jianbo Shi,University of Pennsylvania,United States,CVPR,2020
CVPR-2020-A002863,Peiliang Li,The Hong Kong University of Science and Technology,Hong Kong,CVPR,2020
CVPR-2020-A002864,Jieqi Shi,The Hong Kong University of Science and Technology,Hong Kong,CVPR,2020
CVPR-2020-A002865,Shaojie Shen,The Hong Kong University of Science and Technology,Hong Kong,CVPR,2020
CVPR-2020-A002866,Runfa Chen,"Institute for Artificial Intelligence, Tsinghua University (THUAI) Beijing National Research Center for Information Science and Technology (BNRist), State Key Lab on Intelligent Technology and Systems, Department of Computer Science and Technology, Tsinghua University, Beijing, P.R.China",China,CVPR,2020
CVPR-2020-A002867,Wenbing Huang,"Institute for Artificial Intelligence, Tsinghua University (THUAI) Beijing National Research Center for Information Science and Technology (BNRist), State Key Lab on Intelligent Technology and Systems, Department of Computer Science and Technology, Tsinghua University, Beijing, P.R.China",China,CVPR,2020
CVPR-2020-A002868,Binghui Huang,"Institute for Artificial Intelligence, Tsinghua University (THUAI) Beijing National Research Center for Information Science and Technology (BNRist), State Key Lab on Intelligent Technology and Systems, Department of Computer Science and Technology, Tsinghua University, Beijing, P.R.China",China,CVPR,2020
CVPR-2020-A002869,Fuchun Sun,"Institute for Artificial Intelligence, Tsinghua University (THUAI) Beijing National Research Center for Information Science and Technology (BNRist), State Key Lab on Intelligent Technology and Systems, Department of Computer Science and Technology, Tsinghua University, Beijing, P.R.China",China,CVPR,2020
CVPR-2020-A002870,Bin Fang,"Institute for Artificial Intelligence, Tsinghua University (THUAI) Beijing National Research Center for Information Science and Technology (BNRist), State Key Lab on Intelligent Technology and Systems, Department of Computer Science and Technology, Tsinghua University, Beijing, P.R.China",China,CVPR,2020
CVPR-2020-A002871,Spyros Gidaris,University of Crete,Greece,CVPR,2020
CVPR-2020-A002872,Andrei Bursuc,University of Crete,Greece,CVPR,2020
CVPR-2020-A002873,Nikos Komodakis,University of Crete,Greece,CVPR,2020
CVPR-2020-A002874,Patrick Perez,University of Crete,Greece,CVPR,2020
CVPR-2020-A002875,Matthieu Cord,University of Crete,Greece,CVPR,2020
CVPR-2020-A002876,Yongming Rao,"State Key Lab of Intelligent Technologies and Systems, China | Beijing National Research Center for Information Science and Technology, China",China,CVPR,2020
CVPR-2020-A002877,Jiwen Lu,"State Key Lab of Intelligent Technologies and Systems, China | Beijing National Research Center for Information Science and Technology, China",China,CVPR,2020
CVPR-2020-A002878,Jie Zhou,"State Key Lab of Intelligent Technologies and Systems, China | Beijing National Research Center for Information Science and Technology, China | Tsinghua Shenzhen International Graduate School, Tsinghua University, China",China,CVPR,2020
CVPR-2020-A002879,Long Zhao,University of Delaware,United States,CVPR,2020
CVPR-2020-A002880,Xi Peng,University of Delaware,United States,CVPR,2020
CVPR-2020-A002881,Yuxiao Chen,University of Delaware,United States,CVPR,2020
CVPR-2020-A002882,Mubbasir Kapadia,University of Delaware,United States,CVPR,2020
CVPR-2020-A002883,Dimitris N. Metaxas,University of Delaware,United States,CVPR,2020
CVPR-2020-A002884,Hyodong Lee,UNKNOWN,UNKNOWN,CVPR,2020
CVPR-2020-A002885,Joonseok Lee,UNKNOWN,UNKNOWN,CVPR,2020
CVPR-2020-A002886,Joe Yue-Hei Ng,UNKNOWN,UNKNOWN,CVPR,2020
CVPR-2020-A002887,Paul Natsev,UNKNOWN,UNKNOWN,CVPR,2020
CVPR-2020-A002888,Zixin Luo,Hong Kong University of Science and Technology Tsinghua University Everest Innovation Technology,China | Hong Kong,CVPR,2020
CVPR-2020-A002889,Lei Zhou,Hong Kong University of Science and Technology Tsinghua University Everest Innovation Technology,China | Hong Kong,CVPR,2020
CVPR-2020-A002890,Xuyang Bai,Hong Kong University of Science and Technology Tsinghua University Everest Innovation Technology,China | Hong Kong,CVPR,2020
CVPR-2020-A002891,Hongkai Chen,Hong Kong University of Science and Technology Tsinghua University Everest Innovation Technology,China | Hong Kong,CVPR,2020
CVPR-2020-A002892,Jiahui Zhang,Hong Kong University of Science and Technology Tsinghua University Everest Innovation Technology,China | Hong Kong,CVPR,2020
CVPR-2020-A002893,Yao Yao,Hong Kong University of Science and Technology Tsinghua University Everest Innovation Technology,China | Hong Kong,CVPR,2020
CVPR-2020-A002894,Shiwei Li,Hong Kong University of Science and Technology Tsinghua University Everest Innovation Technology,China | Hong Kong,CVPR,2020
CVPR-2020-A002895,Tian Fang,Hong Kong University of Science and Technology Tsinghua University Everest Innovation Technology,China | Hong Kong,CVPR,2020
CVPR-2020-A002896,Long Quan,Hong Kong University of Science and Technology Tsinghua University Everest Innovation Technology,China | Hong Kong,CVPR,2020
CVPR-2020-A002897,Takashi Isobe,"Department of Electronic Engineering, Tsinghua University | Noah’s Ark Lab, Huawei Technologies",China,CVPR,2020
CVPR-2020-A002898,Songjiang Li,"Noah’s Ark Lab, Huawei Technologies",China,CVPR,2020
CVPR-2020-A002899,Xu Jia,"Noah’s Ark Lab, Huawei Technologies",China,CVPR,2020
CVPR-2020-A002900,Shanxin Yuan,"Noah’s Ark Lab, Huawei Technologies",China,CVPR,2020
CVPR-2020-A002901,Gregory Slabaugh,"Noah’s Ark Lab, Huawei Technologies",China,CVPR,2020
CVPR-2020-A002902,Chunjing Xu,"Noah’s Ark Lab, Huawei Technologies",China,CVPR,2020
CVPR-2020-A002903,Ya-Li Li,"Department of Electronic Engineering, Tsinghua University",China,CVPR,2020
CVPR-2020-A002904,Shengjin Wang,"Department of Electronic Engineering, Tsinghua University",China,CVPR,2020
CVPR-2020-A002905,Qi Tian,"Noah’s Ark Lab, Huawei Technologies",China,CVPR,2020
CVPR-2020-A002906,Chaitanya Patel,"Max Planck Institute for Informatics, Saarland Informatics Campus, Germany",Germany,CVPR,2020
CVPR-2020-A002907,Zhouyingcheng Liao,"Max Planck Institute for Informatics, Saarland Informatics Campus, Germany",Germany,CVPR,2020
CVPR-2020-A002908,Gerard Pons-Moll,"Max Planck Institute for Informatics, Saarland Informatics Campus, Germany",Germany,CVPR,2020
CVPR-2020-A002909,Yuge Huang,UNKNOWN,UNKNOWN,CVPR,2020
CVPR-2020-A002910,Yuhan Wang,UNKNOWN,UNKNOWN,CVPR,2020
CVPR-2020-A002911,Ying Tai,UNKNOWN,UNKNOWN,CVPR,2020
CVPR-2020-A002912,Xiaoming Liu,UNKNOWN,UNKNOWN,CVPR,2020
CVPR-2020-A002913,Pengcheng Shen,UNKNOWN,UNKNOWN,CVPR,2020
CVPR-2020-A002914,Shaoxin Li,UNKNOWN,UNKNOWN,CVPR,2020
CVPR-2020-A002915,Jilin Li,UNKNOWN,UNKNOWN,CVPR,2020
CVPR-2020-A002916,Feiyue Huang,UNKNOWN,UNKNOWN,CVPR,2020
CVPR-2020-A002917,Hao Dang,UNKNOWN,UNKNOWN,CVPR,2020
CVPR-2020-A002918,Feng Liu,UNKNOWN,UNKNOWN,CVPR,2020
CVPR-2020-A002919,Joel Stehouwer,UNKNOWN,UNKNOWN,CVPR,2020
CVPR-2020-A002920,Xiaoming Liu,UNKNOWN,UNKNOWN,CVPR,2020
CVPR-2020-A002921,Anil K. Jain,UNKNOWN,UNKNOWN,CVPR,2020
CVPR-2020-A002922,Hangyu Lin,"School of Data Science, Fudan University",China,CVPR,2020
CVPR-2020-A002923,Yanwei Fu,"School of Data Science, Fudan University",China,CVPR,2020
CVPR-2020-A002924,Xiangyang Xue,"School of Computer Science, Fudan University",China,CVPR,2020
CVPR-2020-A002925,Yu-Gang Jiang,"School of Computer Science, Fudan University",China,CVPR,2020
CVPR-2020-A002926,Jianbo Liu,"National Laboratory of Pattern Recognition, Institute of Automation, Chinese Academy of Sciences School of Artificial Intelligence, University of Chinese Academy of Sciences",China,CVPR,2020
CVPR-2020-A002927,Yongcheng Liu,"National Laboratory of Pattern Recognition, Institute of Automation, Chinese Academy of Sciences School of Artificial Intelligence, University of Chinese Academy of Sciences",China,CVPR,2020
CVPR-2020-A002928,Ying Wang,"National Laboratory of Pattern Recognition, Institute of Automation, Chinese Academy of Sciences School of Artificial Intelligence, University of Chinese Academy of Sciences",China,CVPR,2020
CVPR-2020-A002929,Veronique Prinet,UNKNOWN,UNKNOWN,CVPR,2020
CVPR-2020-A002930,Shiming Xiang,"National Laboratory of Pattern Recognition, Institute of Automation, Chinese Academy of Sciences School of Artificial Intelligence, University of Chinese Academy of Sciences",China,CVPR,2020
CVPR-2020-A002931,Chunhong Pan,"National Laboratory of Pattern Recognition, Institute of Automation, Chinese Academy of Sciences School of Artificial Intelligence, University of Chinese Academy of Sciences",China,CVPR,2020
CVPR-2020-A002932,Tero Karras,NVIDIA and Aalto University,Finland | United States,CVPR,2020
CVPR-2020-A002933,Samuli Laine,NVIDIA and Aalto University,Finland | United States,CVPR,2020
CVPR-2020-A002934,Miika Aittala,NVIDIA and Aalto University,Finland | United States,CVPR,2020
CVPR-2020-A002935,Janne Hellsten,NVIDIA and Aalto University,Finland | United States,CVPR,2020
CVPR-2020-A002936,Jaakko Lehtinen,NVIDIA and Aalto University,Finland | United States,CVPR,2020
CVPR-2020-A002937,Timo Aila,NVIDIA and Aalto University,Finland | United States,CVPR,2020
CVPR-2020-A002938,Qianli Ma,"Max Planck Institute for Intelligent Systems, Tübingen, Germany",Germany,CVPR,2020
CVPR-2020-A002939,Jinlong Yang,"Max Planck Institute for Intelligent Systems, Tübingen, Germany",Germany,CVPR,2020
CVPR-2020-A002940,Anurag Ranjan,"Max Planck Institute for Intelligent Systems, Tübingen, Germany | University of Tübingen, Germany",Germany,CVPR,2020
CVPR-2020-A002941,Sergi Pujades,"Université Grenoble Alpes, Inria, CNRS, Grenoble INP, LJK, France",France,CVPR,2020
CVPR-2020-A002942,Gerard Pons-Moll,"Max Planck Institute for Informatics, Saarland Informatics Campus, Germany",Germany,CVPR,2020
CVPR-2020-A002943,Siyu Tang,UNKNOWN,UNKNOWN,CVPR,2020
CVPR-2020-A002944,Michael J. Black,"Max Planck Institute for Intelligent Systems, Tübingen, Germany",Germany,CVPR,2020
CVPR-2020-A002945,Chaoqun Wang,UNKNOWN,UNKNOWN,CVPR,2020
CVPR-2020-A002946,Chunyan Xu,UNKNOWN,UNKNOWN,CVPR,2020
CVPR-2020-A002947,Zhen Cui,UNKNOWN,UNKNOWN,CVPR,2020
CVPR-2020-A002948,Ling Zhou,UNKNOWN,UNKNOWN,CVPR,2020
CVPR-2020-A002949,Tong Zhang,UNKNOWN,UNKNOWN,CVPR,2020
CVPR-2020-A002950,Xiaoya Zhang,UNKNOWN,UNKNOWN,CVPR,2020
CVPR-2020-A002951,Jian Yang,UNKNOWN,UNKNOWN,CVPR,2020
CVPR-2020-A002952,Xibin Song,Baidu Research | National Engineering Laboratory of Deep Learning Technology and Application,China,CVPR,2020
CVPR-2020-A002953,Yuchao Dai,"Northwestern Polytechnical University, China",China,CVPR,2020
CVPR-2020-A002954,Dingfu Zhou,Baidu Research | National Engineering Laboratory of Deep Learning Technology and Application,China,CVPR,2020
CVPR-2020-A002955,Liu Liu,"Australian National University, Australia | Australian Centre for Robotic Vision, Australia",Australia,CVPR,2020
CVPR-2020-A002956,Wei Li,"Shandong University, China",China,CVPR,2020
CVPR-2020-A002957,Hongdong Li,"Australian National University, Australia | Australian Centre for Robotic Vision, Australia",Australia,CVPR,2020
CVPR-2020-A002958,Ruigang Yang,"Baidu Research | National Engineering Laboratory of Deep Learning Technology and Application | University of Kentucky, Kentucky, USA",United States,CVPR,2020
CVPR-2020-A002959,Amnon Geifman,Weizmann Institute of Science,Israel,CVPR,2020
CVPR-2020-A002960,Yoni Kasten,Weizmann Institute of Science,Israel,CVPR,2020
CVPR-2020-A002961,Meirav Galun,Weizmann Institute of Science,Israel,CVPR,2020
CVPR-2020-A002962,Ronen Basri,Weizmann Institute of Science,Israel,CVPR,2020
CVPR-2020-A002963,Zezheng Wang,UNKNOWN,UNKNOWN,CVPR,2020
CVPR-2020-A002964,Zitong Yu,"CMVS, University of Oulu",Finland,CVPR,2020
CVPR-2020-A002965,Chenxu Zhao,"Academy of Sciences, Mininglamp Technology",UNKNOWN,CVPR,2020
CVPR-2020-A002966,Xiangyu Zhu,UNKNOWN,UNKNOWN,CVPR,2020
CVPR-2020-A002967,Yunxiao Qin,Northwestern Polytechnical University,China,CVPR,2020
CVPR-2020-A002968,Qiusheng Zhou,UNKNOWN,UNKNOWN,CVPR,2020
CVPR-2020-A002969,Feng Zhou,UNKNOWN,UNKNOWN,CVPR,2020
CVPR-2020-A002970,Zhen Lei,UNKNOWN,UNKNOWN,CVPR,2020
CVPR-2020-A002971,Jheng-Wei Su,National Tsing Hua University,Taiwan,CVPR,2020
CVPR-2020-A002972,Hung-Kuo Chu,National Tsing Hua University,Taiwan,CVPR,2020
CVPR-2020-A002973,Jia-Bin Huang,National Tsing Hua University,Taiwan,CVPR,2020
CVPR-2020-A002974,Wenbin Zhu,Microsoft Cloud and AI,United States,CVPR,2020
CVPR-2020-A002975,HsiangTao Wu,Microsoft Cloud and AI,United States,CVPR,2020
CVPR-2020-A002976,Zeyu Chen,Microsoft Cloud and AI,United States,CVPR,2020
CVPR-2020-A002977,Noranart Vesdapunt,Microsoft Cloud and AI,United States,CVPR,2020
CVPR-2020-A002978,Baoyuan Wang,Microsoft Cloud and AI,United States,CVPR,2020
CVPR-2020-A002979,Weibin Wu,"Department of Computer Science and Engineering, The Chinese University of Hong Kong, Tencent",China,CVPR,2020
CVPR-2020-A002980,Yuxin Su,"Department of Computer Science and Engineering, The Chinese University of Hong Kong, Tencent",China,CVPR,2020
CVPR-2020-A002981,Xixian Chen,"Department of Computer Science and Engineering, The Chinese University of Hong Kong, Tencent",China,CVPR,2020
CVPR-2020-A002982,Shenglin Zhao,"Department of Computer Science and Engineering, The Chinese University of Hong Kong, Tencent",China,CVPR,2020
CVPR-2020-A002983,Irwin King,"Department of Computer Science and Engineering, The Chinese University of Hong Kong, Tencent",China,CVPR,2020
CVPR-2020-A002984,Michael R. Lyu,"Department of Computer Science and Engineering, The Chinese University of Hong Kong, Tencent",China,CVPR,2020
CVPR-2020-A002985,Yu-Wing Tai,"Department of Computer Science and Engineering, The Chinese University of Hong Kong, Tencent",China,CVPR,2020
CVPR-2020-A002986,Guoqing Wang,"Key Laboratory of Intelligent Information Processing of Chinese Academy of Sciences (CAS) | University of Chinese Academy of Sciences, Beijing , China",China,CVPR,2020
CVPR-2020-A002987,Hu Han,"Key Laboratory of Intelligent Information Processing of Chinese Academy of Sciences (CAS) | Peng Cheng Laboratory, Shenzhen, China",China,CVPR,2020
CVPR-2020-A002988,Shiguang Shan,"Key Laboratory of Intelligent Information Processing of Chinese Academy of Sciences (CAS) | University of Chinese Academy of Sciences, Beijing , China | Peng Cheng Laboratory, Shenzhen, China",China,CVPR,2020
CVPR-2020-A002989,Xilin Chen,"Key Laboratory of Intelligent Information Processing of Chinese Academy of Sciences (CAS) | University of Chinese Academy of Sciences, Beijing , China",China,CVPR,2020
CVPR-2020-A002990,Chia-Chi Cheng,"National Chiao Tung University, Taiwan",Taiwan,CVPR,2020
CVPR-2020-A002991,Hung-Yu Chen,"National Chiao Tung University, Taiwan",Taiwan,CVPR,2020
CVPR-2020-A002992,Wei-Chen Chiu,"National Chiao Tung University, Taiwan",Taiwan,CVPR,2020
CVPR-2020-A002993,Abdallah Benzine,UNKNOWN,UNKNOWN,CVPR,2020
CVPR-2020-A002994,Florian Chabot,UNKNOWN,UNKNOWN,CVPR,2020
CVPR-2020-A002995,Bertrand Luvison,UNKNOWN,UNKNOWN,CVPR,2020
CVPR-2020-A002996,Quoc Cuong Pham,UNKNOWN,UNKNOWN,CVPR,2020
CVPR-2020-A002997,Catherine Achard,UNKNOWN,UNKNOWN,CVPR,2020
CVPR-2020-A002998,Fabio Cermelli,Politecnico di Torino | Italian Institute of Technology,Italy,CVPR,2020
CVPR-2020-A002999,Massimiliano Mancini,Italian Institute of Technology | Fondazione Bruno Kessler | Sapienza University of Rome,Italy,CVPR,2020
CVPR-2020-A003000,Samuel Rota Bulo,UNKNOWN,UNKNOWN,CVPR,2020
CVPR-2020-A003001,Elisa Ricci,Fondazione Bruno Kessler | University of Trento,Italy,CVPR,2020
CVPR-2020-A003002,Barbara Caputo,Politecnico di Torino | Italian Institute of Technology,Italy,CVPR,2020
CVPR-2020-A003003,Konstantin Sofiiuk,UNKNOWN,UNKNOWN,CVPR,2020
CVPR-2020-A003004,Ilia Petrov,UNKNOWN,UNKNOWN,CVPR,2020
CVPR-2020-A003005,Olga Barinova,UNKNOWN,UNKNOWN,CVPR,2020
CVPR-2020-A003006,Anton Konushin,UNKNOWN,UNKNOWN,CVPR,2020
CVPR-2020-A003007,Simon Jenni,University of Bern1,Switzerland,CVPR,2020
CVPR-2020-A003008,Hailin Jin,University of Bern1,Switzerland,CVPR,2020
CVPR-2020-A003009,Paolo Favaro,University of Bern1,Switzerland,CVPR,2020
CVPR-2020-A003010,Dominik Kulon,Imperial College London USI Lugano Ariel AI Twitter,UNKNOWN,CVPR,2020
CVPR-2020-A003011,Riza Alp Guler,Imperial College London USI Lugano Ariel AI Twitter,UNKNOWN,CVPR,2020
CVPR-2020-A003012,Iasonas Kokkinos,Imperial College London USI Lugano Ariel AI Twitter,UNKNOWN,CVPR,2020
CVPR-2020-A003013,Michael M. Bronstein,Imperial College London USI Lugano Ariel AI Twitter,UNKNOWN,CVPR,2020
CVPR-2020-A003014,Stefanos Zafeiriou,Imperial College London USI Lugano Ariel AI Twitter,UNKNOWN,CVPR,2020
CVPR-2020-A003015,Aritra Bhowmik,"TU Dresden, Heidelberg University",Germany,CVPR,2020
CVPR-2020-A003016,Stefan Gumhold,"TU Dresden, Heidelberg University",Germany,CVPR,2020
CVPR-2020-A003017,Carsten Rother,"TU Dresden, Heidelberg University",Germany,CVPR,2020
CVPR-2020-A003018,Eric Brachmann,"TU Dresden, Heidelberg University",Germany,CVPR,2020
CVPR-2020-A003019,VSR Veeravasarapu,UNKNOWN,UNKNOWN,CVPR,2020
CVPR-2020-A003020,Abhishek Goel,UNKNOWN,UNKNOWN,CVPR,2020
CVPR-2020-A003021,Deepak Mittal,UNKNOWN,UNKNOWN,CVPR,2020
CVPR-2020-A003022,Maneesh Singh,UNKNOWN,UNKNOWN,CVPR,2020
CVPR-2020-A003023,Yi Wang,The Chinese University of Hong Kong MEGVII Technology,China | Hong Kong,CVPR,2020
CVPR-2020-A003024,Ying-Cong Chen,The Chinese University of Hong Kong MEGVII Technology,China | Hong Kong,CVPR,2020
CVPR-2020-A003025,Xiangyu Zhang,The Chinese University of Hong Kong MEGVII Technology,China | Hong Kong,CVPR,2020
CVPR-2020-A003026,Jian Sun,The Chinese University of Hong Kong MEGVII Technology,China | Hong Kong,CVPR,2020
CVPR-2020-A003027,Jiaya Jia,The Chinese University of Hong Kong MEGVII Technology,China | Hong Kong,CVPR,2020
CVPR-2020-A003028,Liang Liu,Zhejiang University,China,CVPR,2020
CVPR-2020-A003029,Jiangning Zhang,Zhejiang University,China,CVPR,2020
CVPR-2020-A003030,Ruifei He,Zhejiang University,China,CVPR,2020
CVPR-2020-A003031,Yong Liu,Zhejiang University,China,CVPR,2020
CVPR-2020-A003032,Yabiao Wang,"Youtu Lab, Tencent",China,CVPR,2020
CVPR-2020-A003033,Ying Tai,"Youtu Lab, Tencent",China,CVPR,2020
CVPR-2020-A003034,Donghao Luo,"Youtu Lab, Tencent",China,CVPR,2020
CVPR-2020-A003035,Chengjie Wang,"Youtu Lab, Tencent",China,CVPR,2020
CVPR-2020-A003036,Jilin Li,"Youtu Lab, Tencent",China,CVPR,2020
CVPR-2020-A003037,Feiyue Huang,"Youtu Lab, Tencent",China,CVPR,2020
CVPR-2020-A003038,Wang Zhao,"Department of Computer Science and Technology, Tsinghua University, Beijing, China",China,CVPR,2020
CVPR-2020-A003039,Shaohui Liu,"Department of Computer Science and Technology, Tsinghua University, Beijing, China",China,CVPR,2020
CVPR-2020-A003040,Yezhi Shu,"Department of Computer Science and Technology, Tsinghua University, Beijing, China",China,CVPR,2020
CVPR-2020-A003041,Yong-Jin Liu,"Department of Computer Science and Technology, Tsinghua University, Beijing, China",China,CVPR,2020
CVPR-2020-A003042,Yuxin Yao,University of Science and Technology of China,China,CVPR,2020
CVPR-2020-A003043,Bailin Deng,Cardiff University,United Kingdom,CVPR,2020
CVPR-2020-A003044,Weiwei Xu,Zhejiang University,China,CVPR,2020
CVPR-2020-A003045,Juyong Zhang,University of Science and Technology of China,China,CVPR,2020
CVPR-2020-A003046,Kui Jiang,Wuhan University,China,CVPR,2020
CVPR-2020-A003047,Zhongyuan Wang,Wuhan University,China,CVPR,2020
CVPR-2020-A003048,Peng Yi,Wuhan University,China,CVPR,2020
CVPR-2020-A003049,Chen Chen,University of North Carolina at Charlotte,United States,CVPR,2020
CVPR-2020-A003050,Baojin Huang,Wuhan University,China,CVPR,2020
CVPR-2020-A003051,Yimin Luo,King’s College London,United Kingdom,CVPR,2020
CVPR-2020-A003052,Jiayi Ma,Wuhan University,China,CVPR,2020
CVPR-2020-A003053,Junjun Jiang,Harbin Institute of Technology,China,CVPR,2020
CVPR-2020-A003054,Mihai Fieraru,Institute of Mathematics of the Romanian Academy,Romania,CVPR,2020
CVPR-2020-A003055,Mihai Zanfir,Institute of Mathematics of the Romanian Academy,Romania,CVPR,2020
CVPR-2020-A003056,Elisabeta Oneata,Institute of Mathematics of the Romanian Academy,Romania,CVPR,2020
CVPR-2020-A003057,Alin-Ionut Popa,Institute of Mathematics of the Romanian Academy,Romania,CVPR,2020
CVPR-2020-A003058,Vlad Olaru,Institute of Mathematics of the Romanian Academy,Romania,CVPR,2020
CVPR-2020-A003059,Cristian Sminchisescu,Lund University | Institute of Mathematics of the Romanian Academy,Sweden | Romania,CVPR,2020
CVPR-2020-A003060,Rui Hou,"University of Michigan, Ann Arbor",United States,CVPR,2020
CVPR-2020-A003061,Jie Li,"University of Michigan, Ann Arbor",United States,CVPR,2020
CVPR-2020-A003062,Arjun Bhargava,"University of Michigan, Ann Arbor",United States,CVPR,2020
CVPR-2020-A003063,Allan Raventos,"University of Michigan, Ann Arbor",United States,CVPR,2020
CVPR-2020-A003064,Vitor Guizilini,"University of Michigan, Ann Arbor",United States,CVPR,2020
CVPR-2020-A003065,Chao Fang,"University of Michigan, Ann Arbor",United States,CVPR,2020
CVPR-2020-A003066,Jerome Lynch,"University of Michigan, Ann Arbor",United States,CVPR,2020
CVPR-2020-A003067,Adrien Gaidon,"University of Michigan, Ann Arbor",United States,CVPR,2020
CVPR-2020-A003068,Matthew J. Vowels,UNKNOWN,UNKNOWN,CVPR,2020
CVPR-2020-A003069,Necati Cihan Camgoz,UNKNOWN,UNKNOWN,CVPR,2020
CVPR-2020-A003070,Richard Bowden,UNKNOWN,UNKNOWN,CVPR,2020
CVPR-2020-A003071,Jingyuan Li,"National Engineering Research Center for Multimedia Software, School of Computer Science and Institute of Artiﬁcial Intelligence, Wuhan University, China UBTECH Sydney AI Centre, School of Computer Science, Faculty of Engineering, The University of Sydney, Darlington, NSW , Australia",China | Australia,CVPR,2020
CVPR-2020-A003072,Ning Wang,"National Engineering Research Center for Multimedia Software, School of Computer Science and Institute of Artiﬁcial Intelligence, Wuhan University, China UBTECH Sydney AI Centre, School of Computer Science, Faculty of Engineering, The University of Sydney, Darlington, NSW , Australia",China | Australia,CVPR,2020
CVPR-2020-A003073,Lefei Zhang,"National Engineering Research Center for Multimedia Software, School of Computer Science and Institute of Artiﬁcial Intelligence, Wuhan University, China UBTECH Sydney AI Centre, School of Computer Science, Faculty of Engineering, The University of Sydney, Darlington, NSW , Australia",China | Australia,CVPR,2020
CVPR-2020-A003074,Bo Du,"National Engineering Research Center for Multimedia Software, School of Computer Science and Institute of Artiﬁcial Intelligence, Wuhan University, China UBTECH Sydney AI Centre, School of Computer Science, Faculty of Engineering, The University of Sydney, Darlington, NSW , Australia",China | Australia,CVPR,2020
CVPR-2020-A003075,Dacheng Tao,"National Engineering Research Center for Multimedia Software, School of Computer Science and Institute of Artiﬁcial Intelligence, Wuhan University, China UBTECH Sydney AI Centre, School of Computer Science, Faculty of Engineering, The University of Sydney, Darlington, NSW , Australia",China | Australia,CVPR,2020
CVPR-2020-A003076,Chaoqi Chen,Fujian Key Laboratory of Sensing and Computing for Smart City,China,CVPR,2020
CVPR-2020-A003077,Zebiao Zheng,Fujian Key Laboratory of Sensing and Computing for Smart City,China,CVPR,2020
CVPR-2020-A003078,Xinghao Ding,Fujian Key Laboratory of Sensing and Computing for Smart City,China,CVPR,2020
CVPR-2020-A003079,Yue Huang,Fujian Key Laboratory of Sensing and Computing for Smart City,China,CVPR,2020
CVPR-2020-A003080,Qi Dou,"Department of Computer Science and Engineering, The Chinese University of Hong Kong",China,CVPR,2020
CVPR-2020-A003081,Michael Dorkenwald,"HCI / IWR, Heidelberg University, Germany",Germany,CVPR,2020
CVPR-2020-A003082,Uta Buchler,"HCI / IWR, Heidelberg University, Germany",Germany,CVPR,2020
CVPR-2020-A003083,Bjorn Ommer,"HCI / IWR, Heidelberg University, Germany",Germany,CVPR,2020
CVPR-2020-A003084,Karsten Roth,"Heidelberg University, Germany",Germany,CVPR,2020
CVPR-2020-A003085,Timo Milbich,"Heidelberg University, Germany",Germany,CVPR,2020
CVPR-2020-A003086,Bjorn Ommer,"Heidelberg University, Germany",Germany,CVPR,2020
CVPR-2020-A003087,Dat Huynh,Northeastern University,United States,CVPR,2020
CVPR-2020-A003088,Ehsan Elhamifar,Northeastern University,United States,CVPR,2020
CVPR-2020-A003089,Chengying Gao,"School of Data and Computer Science, Sun Yat-sen University, China",China,CVPR,2020
CVPR-2020-A003090,Qi Liu,"School of Data and Computer Science, Sun Yat-sen University, China",China,CVPR,2020
CVPR-2020-A003091,Qi Xu,"School of Data and Computer Science, Sun Yat-sen University, China",China,CVPR,2020
CVPR-2020-A003092,Limin Wang,"State Key Laboratory for Novel Software Technology, Nanjing University, China",China,CVPR,2020
CVPR-2020-A003093,Jianzhuang Liu,"Noah’s Ark Lab, Huawei Technologies",China,CVPR,2020
CVPR-2020-A003094,Changqing Zou,"HMI Lab, Huawei Technologies",China,CVPR,2020
CVPR-2020-A003095,Min Jin Chong,University of Illinois at Urbana-Champaign,United States,CVPR,2020
CVPR-2020-A003096,David Forsyth,University of Illinois at Urbana-Champaign,United States,CVPR,2020
CVPR-2020-A003097,Lei Huang,UNKNOWN,UNKNOWN,CVPR,2020
CVPR-2020-A003098,Li Liu,UNKNOWN,UNKNOWN,CVPR,2020
CVPR-2020-A003099,Fan Zhu,UNKNOWN,UNKNOWN,CVPR,2020
CVPR-2020-A003100,Diwen Wan,"Spectrum of a weight matrix | University of Electronic Science and Technology of China, Chengdu, China",China,CVPR,2020
CVPR-2020-A003101,Zehuan Yuan,"ByteDance AI Lab, Beijing, China",China,CVPR,2020
CVPR-2020-A003102,Bo Li,"University of Illinois at Urbana-Champaign Illinois, USA",United States,CVPR,2020
CVPR-2020-A003103,Ling Shao,UNKNOWN,UNKNOWN,CVPR,2020
CVPR-2020-A003104,Yujun Shen,The Chinese University of Hong Kong,China,CVPR,2020
CVPR-2020-A003105,Jinjin Gu,UNKNOWN,UNKNOWN,CVPR,2020
CVPR-2020-A003106,Xiaoou Tang,The Chinese University of Hong Kong,China,CVPR,2020
CVPR-2020-A003107,Bolei Zhou,The Chinese University of Hong Kong,China,CVPR,2020
CVPR-2020-A003108,Guangting Wang,Microsoft Research Asia2,China,CVPR,2020
CVPR-2020-A003109,Chong Luo,Microsoft Research Asia2,China,CVPR,2020
CVPR-2020-A003110,Xiaoyan Sun,Microsoft Research Asia2,China,CVPR,2020
CVPR-2020-A003111,Zhiwei Xiong,Microsoft Research Asia2,China,CVPR,2020
CVPR-2020-A003112,Wenjun Zeng,Microsoft Research Asia2,China,CVPR,2020
CVPR-2020-A003113,Zhengxue Cheng,"Department of Computer Science and Communication Engineering, Waseda University, Tokyo, Japan",Japan,CVPR,2020
CVPR-2020-A003114,Heming Sun,"Waseda Research Institute for Science and Engineering, Tokyo, Japan | JST, PRESTO, - - Honcho, Kawaguchi, Saitama, Japan",Japan,CVPR,2020
CVPR-2020-A003115,Masaru Takeuchi,"Waseda Research Institute for Science and Engineering, Tokyo, Japan",Japan,CVPR,2020
CVPR-2020-A003116,Jiro Katto,"Department of Computer Science and Communication Engineering, Waseda University, Tokyo, Japan",Japan,CVPR,2020
CVPR-2020-A003117,Li Jiang,The Chinese University of Hong Kong SmartMore,China,CVPR,2020
CVPR-2020-A003118,Hengshuang Zhao,The Chinese University of Hong Kong SmartMore,China,CVPR,2020
CVPR-2020-A003119,Shaoshuai Shi,The Chinese University of Hong Kong SmartMore,China,CVPR,2020
CVPR-2020-A003120,Shu Liu,The Chinese University of Hong Kong SmartMore,China,CVPR,2020
CVPR-2020-A003121,Chi-Wing Fu,The Chinese University of Hong Kong SmartMore,China,CVPR,2020
CVPR-2020-A003122,Jiaya Jia,The Chinese University of Hong Kong SmartMore,China,CVPR,2020
CVPR-2020-A003123,Lu Yu,"School of Automation, Northwestern Polytechnical University, Xi’an, China | Computer Vision Center, Universitat Autonoma de Barcelona, Barcelona, Spain",China | Spain,CVPR,2020
CVPR-2020-A003124,Bartlomiej Twardowski,UNKNOWN,UNKNOWN,CVPR,2020
CVPR-2020-A003125,Xialei Liu,"Computer Vision Center, Universitat Autonoma de Barcelona, Barcelona, Spain",Spain,CVPR,2020
CVPR-2020-A003126,Luis Herranz,"Computer Vision Center, Universitat Autonoma de Barcelona, Barcelona, Spain",Spain,CVPR,2020
CVPR-2020-A003127,Kai Wang,"Computer Vision Center, Universitat Autonoma de Barcelona, Barcelona, Spain",Spain,CVPR,2020
CVPR-2020-A003128,Yongmei Cheng,"School of Automation, Northwestern Polytechnical University, Xi’an, China Computer Vision Center, Universitat Autonoma de Barcelona, Barcelona, Spain Huawei Kirin Solution, Shanghai, China",China | Spain,CVPR,2020
CVPR-2020-A003129,Shangling Jui,"School of Automation, Northwestern Polytechnical University, Xi’an, China Computer Vision Center, Universitat Autonoma de Barcelona, Barcelona, Spain Huawei Kirin Solution, Shanghai, China",China | Spain,CVPR,2020
CVPR-2020-A003130,Joost van de Weijer,"School of Automation, Northwestern Polytechnical University, Xi’an, China Computer Vision Center, Universitat Autonoma de Barcelona, Barcelona, Spain Huawei Kirin Solution, Shanghai, China",China | Spain,CVPR,2020
CVPR-2020-A003131,Yan Zhang,UNKNOWN,UNKNOWN,CVPR,2020
CVPR-2020-A003132,Mohamed Hassan,"Max Planck Institute for Intelligent Systems, Tübingen, Germany",Germany,CVPR,2020
CVPR-2020-A003133,Heiko Neumann,"Institute of Neural Information Processing, Ulm University, Germany",Germany,CVPR,2020
CVPR-2020-A003134,Michael J. Black,"Max Planck Institute for Intelligent Systems, Tübingen, Germany",Germany,CVPR,2020
CVPR-2020-A003135,Siyu Tang,UNKNOWN,UNKNOWN,CVPR,2020
CVPR-2020-A003136,Kosuke Tanizaki,"Nagoya Institute of Technology, RIKEN",Japan,CVPR,2020
CVPR-2020-A003137,Noriaki Hashimoto,"Nagoya Institute of Technology, RIKEN",Japan,CVPR,2020
CVPR-2020-A003138,Yu Inatsu,"Nagoya Institute of Technology, RIKEN",Japan,CVPR,2020
CVPR-2020-A003139,Hidekata Hontani,"Nagoya Institute of Technology, RIKEN",Japan,CVPR,2020
CVPR-2020-A003140,Ichiro Takeuchi,"Nagoya Institute of Technology, RIKEN",Japan,CVPR,2020
CVPR-2020-A003141,Jin Gao,University of Chinese Academy of Sciences,China,CVPR,2020
CVPR-2020-A003142,Weiming Hu,University of Chinese Academy of Sciences,China,CVPR,2020
CVPR-2020-A003143,Yan Lu,University of Chinese Academy of Sciences,China,CVPR,2020
CVPR-2020-A003144,Rui Qian,Cornell Univeristy Cornell Tech The Ohio State University,United States,CVPR,2020
CVPR-2020-A003145,Divyansh Garg,Cornell Univeristy Cornell Tech The Ohio State University,United States,CVPR,2020
CVPR-2020-A003146,Yan Wang,Cornell Univeristy Cornell Tech The Ohio State University,United States,CVPR,2020
CVPR-2020-A003147,Yurong You,Cornell Univeristy Cornell Tech The Ohio State University,United States,CVPR,2020
CVPR-2020-A003148,Serge Belongie,Cornell Univeristy Cornell Tech The Ohio State University,United States,CVPR,2020
CVPR-2020-A003149,Bharath Hariharan,Cornell Univeristy Cornell Tech The Ohio State University,United States,CVPR,2020
CVPR-2020-A003150,Mark Campbell,Cornell Univeristy Cornell Tech The Ohio State University,United States,CVPR,2020
CVPR-2020-A003151,Kilian Q. Weinberger,Cornell Univeristy Cornell Tech The Ohio State University,United States,CVPR,2020
CVPR-2020-A003152,Wei-Lun Chao,Cornell Univeristy Cornell Tech The Ohio State University,United States,CVPR,2020
CVPR-2020-A003153,Vladislav Golyanik,"Max Planck Institute for Informatics, Saarland Informatics Campus",Germany,CVPR,2020
CVPR-2020-A003154,Christian Theobalt,"Max Planck Institute for Informatics, Saarland Informatics Campus",Germany,CVPR,2020
CVPR-2020-A003155,Haohan Wang,School of Computer Science Carnegie Mellon University,United States,CVPR,2020
CVPR-2020-A003156,Xindi Wu,School of Computer Science Carnegie Mellon University,United States,CVPR,2020
CVPR-2020-A003157,Zeyi Huang,School of Computer Science Carnegie Mellon University,United States,CVPR,2020
CVPR-2020-A003158,Eric P. Xing,School of Computer Science Carnegie Mellon University,United States,CVPR,2020
CVPR-2020-A003159,Hang Zhou,The Chinese University of Hong Kong,China,CVPR,2020
CVPR-2020-A003160,Jihao Liu,SenseTime Research,China,CVPR,2020
CVPR-2020-A003161,Ziwei Liu,The Chinese University of Hong Kong,China,CVPR,2020
CVPR-2020-A003162,Yu Liu,The Chinese University of Hong Kong,China,CVPR,2020
CVPR-2020-A003163,Xiaogang Wang,The Chinese University of Hong Kong,China,CVPR,2020
CVPR-2020-A003164,Myungsub Choi,"ASRI, Department of ECE, Seoul National University",South Korea,CVPR,2020
CVPR-2020-A003165,Janghoon Choi,"ASRI, Department of ECE, Seoul National University",South Korea,CVPR,2020
CVPR-2020-A003166,Sungyong Baik,"ASRI, Department of ECE, Seoul National University",South Korea,CVPR,2020
CVPR-2020-A003167,Tae Hyun Kim,"Department of CS, Hanyang University",South Korea,CVPR,2020
CVPR-2020-A003168,Kyoung Mu Lee,"ASRI, Department of ECE, Seoul National University",South Korea,CVPR,2020
CVPR-2020-A003169,Kyle Wilson,"Washington College Department of Math and Computer Science Chestertown, MD",United States,CVPR,2020
CVPR-2020-A003170,David Bindel,"Cornell University Department of Computer Science Ithaca, NY",United States,CVPR,2020
CVPR-2020-A003171,Yiran Xu,"Department of Electrical and Computer Engineering University of California, San Diego",United States,CVPR,2020
CVPR-2020-A003172,Xiaoyin Yang,"Department of Electrical and Computer Engineering University of California, San Diego",United States,CVPR,2020
CVPR-2020-A003173,Lihang Gong,"Department of Electrical and Computer Engineering University of California, San Diego",United States,CVPR,2020
CVPR-2020-A003174,Hsuan-Chu Lin,"Department of Electrical and Computer Engineering University of California, San Diego",United States,CVPR,2020
CVPR-2020-A003175,Tz-Ying Wu,"Department of Electrical and Computer Engineering University of California, San Diego",United States,CVPR,2020
CVPR-2020-A003176,Yunsheng Li,"Department of Electrical and Computer Engineering University of California, San Diego",United States,CVPR,2020
CVPR-2020-A003177,Nuno Vasconcelos,"Department of Electrical and Computer Engineering University of California, San Diego",United States,CVPR,2020
CVPR-2020-A003178,Vignesh Ramanathan,UNKNOWN,UNKNOWN,CVPR,2020
CVPR-2020-A003179,Rui Wang,UNKNOWN,UNKNOWN,CVPR,2020
CVPR-2020-A003180,Dhruv Mahajan,UNKNOWN,UNKNOWN,CVPR,2020
CVPR-2020-A003181,Yingji Zhong,Peking University,China,CVPR,2020
CVPR-2020-A003182,Xiaoyu Wang,"Intellifusion | The Chinese University of Hong Kong, Shenzhen",China,CVPR,2020
CVPR-2020-A003183,Shiliang Zhang,Peking University,China,CVPR,2020
CVPR-2020-A003184,Ricard Durall,"Competence Center High Performance Computing, Fraunhofer ITWM, Kaiserslautern, Germany | IWR, University of Heidelberg, Germany",Germany,CVPR,2020
CVPR-2020-A003185,Margret Keuper,"Data and Web Science Group, University of Mannheim, Germany",Germany,CVPR,2020
CVPR-2020-A003186,Janis Keuper,"Competence Center High Performance Computing, Fraunhofer ITWM, Kaiserslautern, Germany | Institute for Machine Learning and Analytics, Offenburg University, Germany",Germany,CVPR,2020
CVPR-2020-A003187,Junjie Huang,"XForwardAI Technology Co.,Ltd, Beijing, China",China,CVPR,2020
CVPR-2020-A003188,Zheng Zhu,"Tsinghua University, Beijing, China",China,CVPR,2020
CVPR-2020-A003189,Feng Guo,"XForwardAI Technology Co.,Ltd, Beijing, China",China,CVPR,2020
CVPR-2020-A003190,Guan Huang,"XForwardAI Technology Co.,Ltd, Beijing, China",China,CVPR,2020
CVPR-2020-A003191,Xiang Gao,"Wangxuan Institute of Computer Technology, Peking University, Beijing Futurewei Technologies",China,CVPR,2020
CVPR-2020-A003192,Wei Hu,"Wangxuan Institute of Computer Technology, Peking University, Beijing Futurewei Technologies",China,CVPR,2020
CVPR-2020-A003193,Guo-Jun Qi,"Wangxuan Institute of Computer Technology, Peking University, Beijing Futurewei Technologies",China,CVPR,2020
CVPR-2020-A003194,Jing Zhang,"Australian National University CS, Nankai University Northwestern Polytechnical University ACRV Data61 Inception Institute of Artificial Intelligence (IIAI), Abu Dhabi, UAE",Australia,CVPR,2020
CVPR-2020-A003195,Deng-Ping Fan,"Australian National University CS, Nankai University Northwestern Polytechnical University ACRV Data61 Inception Institute of Artificial Intelligence (IIAI), Abu Dhabi, UAE",Australia,CVPR,2020
CVPR-2020-A003196,Yuchao Dai,"Australian National University CS, Nankai University Northwestern Polytechnical University ACRV Data61 Inception Institute of Artificial Intelligence (IIAI), Abu Dhabi, UAE",Australia,CVPR,2020
CVPR-2020-A003197,Saeed Anwar,"Australian National University CS, Nankai University Northwestern Polytechnical University ACRV Data61 Inception Institute of Artificial Intelligence (IIAI), Abu Dhabi, UAE",Australia,CVPR,2020
CVPR-2020-A003198,Fatemeh Sadat Saleh,"Australian National University CS, Nankai University Northwestern Polytechnical University ACRV Data61 Inception Institute of Artificial Intelligence (IIAI), Abu Dhabi, UAE",Australia,CVPR,2020
CVPR-2020-A003199,Tong Zhang,"Australian National University CS, Nankai University Northwestern Polytechnical University ACRV Data61 Inception Institute of Artificial Intelligence (IIAI), Abu Dhabi, UAE",Australia,CVPR,2020
CVPR-2020-A003200,Nick Barnes,"Australian National University CS, Nankai University Northwestern Polytechnical University ACRV Data61 Inception Institute of Artificial Intelligence (IIAI), Abu Dhabi, UAE",Australia,CVPR,2020
CVPR-2020-A003201,Aayush Bansal,Carnegie Mellon University,United States,CVPR,2020
CVPR-2020-A003202,Minh Vo,Carnegie Mellon University,United States,CVPR,2020
CVPR-2020-A003203,Yaser Sheikh,Carnegie Mellon University,United States,CVPR,2020
CVPR-2020-A003204,Deva Ramanan,Carnegie Mellon University,United States,CVPR,2020
CVPR-2020-A003205,Srinivasa Narasimhan,Carnegie Mellon University,United States,CVPR,2020
CVPR-2020-A003206,Jean Kossaifi,UNKNOWN,UNKNOWN,CVPR,2020
CVPR-2020-A003207,Antoine Toisoul,UNKNOWN,UNKNOWN,CVPR,2020
CVPR-2020-A003208,Adrian Bulat,UNKNOWN,UNKNOWN,CVPR,2020
CVPR-2020-A003209,Yannis Panagakis,UNKNOWN,UNKNOWN,CVPR,2020
CVPR-2020-A003210,Timothy M. Hospedales,UNKNOWN,UNKNOWN,CVPR,2020
CVPR-2020-A003211,Maja Pantic,UNKNOWN,UNKNOWN,CVPR,2020
CVPR-2020-A003212,Ali Mosleh,UNKNOWN,UNKNOWN,CVPR,2020
CVPR-2020-A003213,Avinash Sharma,UNKNOWN,UNKNOWN,CVPR,2020
CVPR-2020-A003214,Emmanuel Onzon,UNKNOWN,UNKNOWN,CVPR,2020
CVPR-2020-A003215,Fahim Mannan,UNKNOWN,UNKNOWN,CVPR,2020
CVPR-2020-A003216,Nicolas Robidoux,UNKNOWN,UNKNOWN,CVPR,2020
CVPR-2020-A003217,Felix Heide,UNKNOWN,UNKNOWN,CVPR,2020
CVPR-2020-A003218,Zhixiang Min,Stevens Institute of Technology,United States,CVPR,2020
CVPR-2020-A003219,Yiding Yang,Stevens Institute of Technology,United States,CVPR,2020
CVPR-2020-A003220,Enrique Dunn,Stevens Institute of Technology,United States,CVPR,2020
CVPR-2020-A003221,Haozhe Qi,"National Key Laboratory of Science and Technology on Multi-Spectral Information Processing, School of Artificial Intelligence and Automation, Huazhong University of Science and Technology, Wuhan , China",China,CVPR,2020
CVPR-2020-A003222,Chen Feng,"National Key Laboratory of Science and Technology on Multi-Spectral Information Processing, School of Artificial Intelligence and Automation, Huazhong University of Science and Technology, Wuhan , China",China,CVPR,2020
CVPR-2020-A003223,Zhiguo Cao,"National Key Laboratory of Science and Technology on Multi-Spectral Information Processing, School of Artificial Intelligence and Automation, Huazhong University of Science and Technology, Wuhan , China",China,CVPR,2020
CVPR-2020-A003224,Feng Zhao,"National Key Laboratory of Science and Technology on Multi-Spectral Information Processing, School of Artificial Intelligence and Automation, Huazhong University of Science and Technology, Wuhan , China",China,CVPR,2020
CVPR-2020-A003225,Yang Xiao,"National Key Laboratory of Science and Technology on Multi-Spectral Information Processing, School of Artificial Intelligence and Automation, Huazhong University of Science and Technology, Wuhan , China",China,CVPR,2020
CVPR-2020-A003226,Yi Shi,UNKNOWN,UNKNOWN,CVPR,2020
CVPR-2020-A003227,Mengchen Xu,UNKNOWN,UNKNOWN,CVPR,2020
CVPR-2020-A003228,Shuaihang Yuan,UNKNOWN,UNKNOWN,CVPR,2020
CVPR-2020-A003229,Yi Fang,UNKNOWN,UNKNOWN,CVPR,2020
CVPR-2020-A003230,Aymen Mir,"Max Planck Institute for Informatics, Saarland Informatics Campus, Germany",Germany,CVPR,2020
CVPR-2020-A003231,Thiemo Alldieck,"Max Planck Institute for Informatics, Saarland Informatics Campus, Germany",Germany,CVPR,2020
CVPR-2020-A003232,Gerard Pons-Moll,"Max Planck Institute for Informatics, Saarland Informatics Campus, Germany",Germany,CVPR,2020
CVPR-2020-A003233,Yu Deng,Tsinghua University Microsoft Research Asia,China,CVPR,2020
CVPR-2020-A003234,Jiaolong Yang,Tsinghua University Microsoft Research Asia,China,CVPR,2020
CVPR-2020-A003235,Dong Chen,Tsinghua University Microsoft Research Asia,China,CVPR,2020
CVPR-2020-A003236,Fang Wen,Tsinghua University Microsoft Research Asia,China,CVPR,2020
CVPR-2020-A003237,Xin Tong,Tsinghua University Microsoft Research Asia,China,CVPR,2020
CVPR-2020-A003238,Youwei Pang,"Dalian University of Technology, China",China,CVPR,2020
CVPR-2020-A003239,Xiaoqi Zhao,"Dalian University of Technology, China",China,CVPR,2020
CVPR-2020-A003240,Lihe Zhang,"Dalian University of Technology, China",China,CVPR,2020
CVPR-2020-A003241,Huchuan Lu,"Dalian University of Technology, China | Peng Cheng Laboratory",China,CVPR,2020
CVPR-2020-A003242,Fei Du,"School of Computer Science and Technology, Harbin Institute of Technology, China",China,CVPR,2020
CVPR-2020-A003243,Peng Liu,"School of Computer Science and Technology, Harbin Institute of Technology, China",China,CVPR,2020
CVPR-2020-A003244,Wei Zhao,"School of Computer Science and Technology, Harbin Institute of Technology, China",China,CVPR,2020
CVPR-2020-A003245,Xianglong Tang,"School of Computer Science and Technology, Harbin Institute of Technology, China",China,CVPR,2020
CVPR-2020-A003246,Fukun Yin,"College of Computer Science and Electronic Engineering, Hunan University, Changsha, China",China,CVPR,2020
CVPR-2020-A003247,Shizhe Zhou,"College of Computer Science and Electronic Engineering, Hunan University, Changsha, China",China,CVPR,2020
CVPR-2020-A003248,Yunpeng Zhai,"School of Electronic and Computer Engineering, Peking University, China | NELVT, School of EE&CS, Peking University, Beijing, China",China,CVPR,2020
CVPR-2020-A003249,Shijian Lu,"Nanyang Technological University, Singapore",Singapore,CVPR,2020
CVPR-2020-A003250,Qixiang Ye,"University of Chinese Academy of Sciences, China | Peng Cheng Laboratory, China",China,CVPR,2020
CVPR-2020-A003251,Xuebo Shan,"School of Electronic and Computer Engineering, Peking University, China | NELVT, School of EE&CS, Peking University, Beijing, China",China,CVPR,2020
CVPR-2020-A003252,Jie Chen,"School of Electronic and Computer Engineering, Peking University, China | Peng Cheng Laboratory, China",China,CVPR,2020
CVPR-2020-A003253,Rongrong Ji,"Xiamen University, China | Peng Cheng Laboratory, China",China,CVPR,2020
CVPR-2020-A003254,Yonghong Tian,"School of Electronic and Computer Engineering, Peking University, China | NELVT, School of EE&CS, Peking University, Beijing, China | Peng Cheng Laboratory, China",China,CVPR,2020
CVPR-2020-A003255,Rongmei Lin,Emory University Georgia Institute of Technology,United States,CVPR,2020
CVPR-2020-A003256,Weiyang Liu,Emory University Georgia Institute of Technology,United States,CVPR,2020
CVPR-2020-A003257,Zhen Liu,Emory University Georgia Institute of Technology,United States,CVPR,2020
CVPR-2020-A003258,Chen Feng,Emory University Georgia Institute of Technology,United States,CVPR,2020
CVPR-2020-A003259,Zhiding Yu,Emory University Georgia Institute of Technology,United States,CVPR,2020
CVPR-2020-A003260,James M. Rehg,Emory University Georgia Institute of Technology,United States,CVPR,2020
CVPR-2020-A003261,Li Xiong,Emory University Georgia Institute of Technology,United States,CVPR,2020
CVPR-2020-A003262,Le Song,Emory University Georgia Institute of Technology,United States,CVPR,2020
CVPR-2020-A003263,Senhui Guo,SenseTime Group Limited Samsung Research China - Beijing(SRC-B),China,CVPR,2020
CVPR-2020-A003264,Jing Xu,SenseTime Group Limited Samsung Research China - Beijing(SRC-B),China,CVPR,2020
CVPR-2020-A003265,Dapeng Chen,SenseTime Group Limited Samsung Research China - Beijing(SRC-B),China,CVPR,2020
CVPR-2020-A003266,Chao Zhang,SenseTime Group Limited Samsung Research China - Beijing(SRC-B),China,CVPR,2020
CVPR-2020-A003267,Xiaogang Wang,SenseTime Group Limited Samsung Research China - Beijing(SRC-B),China,CVPR,2020
CVPR-2020-A003268,Rui Zhao,SenseTime Group Limited Samsung Research China - Beijing(SRC-B),China,CVPR,2020
CVPR-2020-A003269,Yanchao Yang,UCLA Vision Lab,United States,CVPR,2020
CVPR-2020-A003270,Yutong Chen,Tsinghua University,China,CVPR,2020
CVPR-2020-A003271,Stefano Soatto,UCLA Vision Lab,United States,CVPR,2020
CVPR-2020-A003272,Meng-Li Shih,UNKNOWN,UNKNOWN,CVPR,2020
CVPR-2020-A003273,Shih-Yang Su,UNKNOWN,UNKNOWN,CVPR,2020
CVPR-2020-A003274,Johannes Kopf,UNKNOWN,UNKNOWN,CVPR,2020
CVPR-2020-A003275,Jia-Bin Huang,UNKNOWN,UNKNOWN,CVPR,2020
CVPR-2020-A003276,Qiangeng Xu,University of Southern California,United States,CVPR,2020
CVPR-2020-A003277,Xudong Sun,University of Southern California,United States,CVPR,2020
CVPR-2020-A003278,Cho-Ying Wu,University of Southern California,United States,CVPR,2020
CVPR-2020-A003279,Panqu Wang,University of Southern California,United States,CVPR,2020
CVPR-2020-A003280,Ulrich Neumann,University of Southern California,United States,CVPR,2020
CVPR-2020-A003281,Lei Zhou,Hong Kong University of Science and Technology,Hong Kong,CVPR,2020
CVPR-2020-A003282,Zixin Luo,Hong Kong University of Science and Technology,Hong Kong,CVPR,2020
CVPR-2020-A003283,Tianwei Shen,Hong Kong University of Science and Technology,Hong Kong,CVPR,2020
CVPR-2020-A003284,Jiahui Zhang,UNKNOWN,UNKNOWN,CVPR,2020
CVPR-2020-A003285,Mingmin Zhen,Hong Kong University of Science and Technology,Hong Kong,CVPR,2020
CVPR-2020-A003286,Yao Yao,Hong Kong University of Science and Technology,Hong Kong,CVPR,2020
CVPR-2020-A003287,Tian Fang,Tsinghua University,China,CVPR,2020
CVPR-2020-A003288,Long Quan,Hong Kong University of Science and Technology,Hong Kong,CVPR,2020
CVPR-2020-A003289,Paul-Edouard Sarlin,"Magic Leap, Inc.",United States,CVPR,2020
CVPR-2020-A003290,Daniel DeTone,"Magic Leap, Inc.",United States,CVPR,2020
CVPR-2020-A003291,Tomasz Malisiewicz,"Magic Leap, Inc.",United States,CVPR,2020
CVPR-2020-A003292,Andrew Rabinovich,"Magic Leap, Inc.",United States,CVPR,2020
CVPR-2020-A003293,Mang Ye,"Inception Institute of Artificial Intelligence, Abu Dhabi, UAE",United Arab Emirates,CVPR,2020
CVPR-2020-A003294,Jianbing Shen,"Inception Institute of Artificial Intelligence, Abu Dhabi, UAE",United Arab Emirates,CVPR,2020
CVPR-2020-A003295,Alejandro Newell,Princeton University,United States,CVPR,2020
CVPR-2020-A003296,Jia Deng,Princeton University,United States,CVPR,2020
CVPR-2020-A003297,Min-Hung Chen,Georgia Institute of Technology Baidu USA,United States,CVPR,2020
CVPR-2020-A003298,Baopu Li,Georgia Institute of Technology Baidu USA,United States,CVPR,2020
CVPR-2020-A003299,Yingze Bao,Georgia Institute of Technology Baidu USA,United States,CVPR,2020
CVPR-2020-A003300,Ghassan AlRegib,Georgia Institute of Technology Baidu USA,United States,CVPR,2020
CVPR-2020-A003301,Zsolt Kira,Georgia Institute of Technology Baidu USA,United States,CVPR,2020
CVPR-2020-A003302,Yi Liu,"School of Computer Science and Engineering, South China University of Technology",China,CVPR,2020
CVPR-2020-A003303,Guangchang Deng,"School of Computer Science and Engineering, South China University of Technology",China,CVPR,2020
CVPR-2020-A003304,Xiangping Zeng,"School of Computer Science and Engineering, South China University of Technology",China,CVPR,2020
CVPR-2020-A003305,Si Wu,"School of Computer Science and Engineering, South China University of Technology | Department of Computer Science, City University of Hong Kong",China,CVPR,2020
CVPR-2020-A003306,Zhiwen Yu,"School of Computer Science and Engineering, South China University of Technology",China,CVPR,2020
CVPR-2020-A003307,Hau-San Wong,"Department of Computer Science, City University of Hong Kong",Hong Kong,CVPR,2020
CVPR-2020-A003308,Beichen Zhang,"University of Chinese Academy of Sciences, Beijing, China",China,CVPR,2020
CVPR-2020-A003309,Liang Li,"Key Lab of Intell. Info. Process., Inst. of Comput. Tech., Chinese Academy of Sciences, China",China,CVPR,2020
CVPR-2020-A003310,Shijie Yang,"University of Chinese Academy of Sciences, Beijing, China",China,CVPR,2020
CVPR-2020-A003311,Shuhui Wang,"Key Lab of Intell. Info. Process., Inst. of Comput. Tech., Chinese Academy of Sciences, China",China,CVPR,2020
CVPR-2020-A003312,Zheng-Jun Zha,"University of Science and Technology of China, China",China,CVPR,2020
CVPR-2020-A003313,Qingming Huang,"University of Chinese Academy of Sciences, Beijing, China",China,CVPR,2020
CVPR-2020-A003314,Yawei Li,"Computer Vision Lab, ETH Zürich, Switzerland",Switzerland,CVPR,2020
CVPR-2020-A003315,Shuhang Gu,"Computer Vision Lab, ETH Zürich, Switzerland",Switzerland,CVPR,2020
CVPR-2020-A003316,Christoph Mayer,"Computer Vision Lab, ETH Zürich, Switzerland",Switzerland,CVPR,2020
CVPR-2020-A003317,Luc Van Gool,"Computer Vision Lab, ETH Zürich, Switzerland | KU Leuven, Belgium",Switzerland,CVPR,2020
CVPR-2020-A003318,Radu Timofte,"Computer Vision Lab, ETH Zürich, Switzerland",Switzerland,CVPR,2020
CVPR-2020-A003319,Grigorios G. Chrysos,"Department of Computing, Imperial College London, UK",United Kingdom,CVPR,2020
CVPR-2020-A003320,Stylianos Moschoglou,"Department of Computing, Imperial College London, UK | Facesoft.io",United Kingdom,CVPR,2020
CVPR-2020-A003321,Giorgos Bouritsas,"Department of Computing, Imperial College London, UK",United Kingdom,CVPR,2020
CVPR-2020-A003322,Yannis Panagakis,"Department of Informatics and Telecommunications , University of Athens, GR",Greece,CVPR,2020
CVPR-2020-A003323,Jiankang Deng,"Department of Computing, Imperial College London, UK | Facesoft.io",United Kingdom,CVPR,2020
CVPR-2020-A003324,Stefanos Zafeiriou,"Department of Computing, Imperial College London, UK | Facesoft.io",United Kingdom,CVPR,2020
CVPR-2020-A003325,Yaohui Wang,Inria Université Côte d’Azur University of Warsaw,France | Poland,CVPR,2020
CVPR-2020-A003326,Piotr Bilinski,Inria Université Côte d’Azur University of Warsaw,France | Poland,CVPR,2020
CVPR-2020-A003327,Francois Bremond,Inria Université Côte d’Azur University of Warsaw,France | Poland,CVPR,2020
CVPR-2020-A003328,Antitza Dantcheva,Inria Université Côte d’Azur University of Warsaw,France | Poland,CVPR,2020
CVPR-2020-A003329,Mohammad Rami Koujan,"College of Engineering, Mathematics and Physical Sciences, University of Exeter, UK | FaceSoft.io, London, UK",United Kingdom,CVPR,2020
CVPR-2020-A003330,Anastasios Roussos,"College of Engineering, Mathematics and Physical Sciences, University of Exeter, UK | Institute of Computer Science, Foundation for Research and Technology-Hellas (FORTH-ICS), Greece | FaceSoft.io, London, UK",United Kingdom,CVPR,2020
CVPR-2020-A003331,Stefanos Zafeiriou,"Department of Computing, Imperial College London, UK | FaceSoft.io, London, UK",United Kingdom,CVPR,2020
CVPR-2020-A003332,Bo Pang,"Shanghai Jiao Tong University, Huazhong University of Science and Technology",China,CVPR,2020
CVPR-2020-A003333,Yizhuo Li,"Shanghai Jiao Tong University, Huazhong University of Science and Technology",China,CVPR,2020
CVPR-2020-A003334,Yifan Zhang,"Shanghai Jiao Tong University, Huazhong University of Science and Technology",China,CVPR,2020
CVPR-2020-A003335,Muchen Li,"Shanghai Jiao Tong University, Huazhong University of Science and Technology",China,CVPR,2020
CVPR-2020-A003336,Cewu Lu,"Shanghai Jiao Tong University, Huazhong University of Science and Technology",China,CVPR,2020
CVPR-2020-A003337,Bo Liu,UNKNOWN,UNKNOWN,CVPR,2020
CVPR-2020-A003338,Hao Kang,Wormpex AI Research,UNKNOWN,CVPR,2020
CVPR-2020-A003339,Haoxiang Li,Wormpex AI Research,UNKNOWN,CVPR,2020
CVPR-2020-A003340,Gang Hua,Wormpex AI Research,UNKNOWN,CVPR,2020
CVPR-2020-A003341,Nuno Vasconcelos,UNKNOWN,UNKNOWN,CVPR,2020
CVPR-2020-A003342,Kangkan Wang,UNKNOWN,UNKNOWN,CVPR,2020
CVPR-2020-A003343,Jin Xie,Key Lab of Intelligent Perception and Systems for High-Dimensional Information of Ministry of Education | Jiangsu Key Lab of Image and Video Understanding for Social Security,China,CVPR,2020
CVPR-2020-A003344,Guofeng Zhang,"State Key Laboratory of CAD&CG, Zhejiang University, China | ZJU-SenseTime Joint Lab of 3D Vision",China,CVPR,2020
CVPR-2020-A003345,Lei Liu,Key Lab of Intelligent Perception and Systems for High-Dimensional Information of Ministry of Education,China,CVPR,2020
CVPR-2020-A003346,Jian Yang,Key Lab of Intelligent Perception and Systems for High-Dimensional Information of Ministry of Education | Jiangsu Key Lab of Image and Video Understanding for Social Security,China,CVPR,2020
CVPR-2020-A003347,Guy Davidson,NYU Center for Data Science,United States,CVPR,2020
CVPR-2020-A003348,Michael C. Mozer,NYU Center for Data Science,United States,CVPR,2020
CVPR-2020-A003349,Paul Voigtlaender,RWTH Aachen University,Germany,CVPR,2020
CVPR-2020-A003350,Jonathon Luiten,RWTH Aachen University | University of Oxford,Germany | United Kingdom,CVPR,2020
CVPR-2020-A003351,Philip H.S. Torr,University of Oxford,United Kingdom,CVPR,2020
CVPR-2020-A003352,Bastian Leibe,RWTH Aachen University,Germany,CVPR,2020
CVPR-2020-A003353,Aditya Golatkar,UNKNOWN,UNKNOWN,CVPR,2020
CVPR-2020-A003354,Alessandro Achille,UNKNOWN,UNKNOWN,CVPR,2020
CVPR-2020-A003355,Stefano Soatto,UNKNOWN,UNKNOWN,CVPR,2020
CVPR-2020-A003356,Animesh Karnewar,Adobe Research,United States,CVPR,2020
CVPR-2020-A003357,Oliver Wang,Adobe Research,United States,CVPR,2020
CVPR-2020-A003358,Dongxu Li,The Australian National University | Australian Centre for Robotic Vision (ACRV),Australia,CVPR,2020
CVPR-2020-A003359,Xin Yu,The Australian National University | Australian Centre for Robotic Vision (ACRV) | University of Technology Sydney,Australia,CVPR,2020
CVPR-2020-A003360,Chenchen Xu,The Australian National University | DATA61-CSIRO,Australia,CVPR,2020
CVPR-2020-A003361,Lars Petersson,The Australian National University | DATA61-CSIRO,Australia,CVPR,2020
CVPR-2020-A003362,Hongdong Li,The Australian National University | Australian Centre for Robotic Vision (ACRV),Australia,CVPR,2020
CVPR-2020-A003363,Ruiqi Gao,"UCLA, Google",United States,CVPR,2020
CVPR-2020-A003364,Erik Nijkamp,"UCLA, Google",United States,CVPR,2020
CVPR-2020-A003365,Diederik P. Kingma,"UCLA, Google",United States,CVPR,2020
CVPR-2020-A003366,Zhen Xu,"UCLA, Google",United States,CVPR,2020
CVPR-2020-A003367,Andrew M. Dai,"UCLA, Google",United States,CVPR,2020
CVPR-2020-A003368,Ying Nian Wu,"UCLA, Google",United States,CVPR,2020
CVPR-2020-A003369,Jindong Gu,"University of Munich Siemens AG, Corporate Technology",Germany,CVPR,2020
CVPR-2020-A003370,Volker Tresp,"University of Munich Siemens AG, Corporate Technology",Germany,CVPR,2020
CVPR-2020-A003371,Huajun Zhou,"School of Data and Computer Science, Sun Yat-sen University, China",China,CVPR,2020
CVPR-2020-A003372,Xiaohua Xie,"School of Data and Computer Science, Sun Yat-sen University, China | Guangdong Province Key Laboratory of Information Security Technology, China | Key Laboratory of Machine Intelligence and Advanced Computing, Ministry of Education, China",China,CVPR,2020
CVPR-2020-A003373,Jian-Huang Lai,UNKNOWN,UNKNOWN,CVPR,2020
CVPR-2020-A003374,Zixuan Chen,"School of Data and Computer Science, Sun Yat-sen University, China",China,CVPR,2020
CVPR-2020-A003375,Lingxiao Yang,"School of Data and Computer Science, Sun Yat-sen University, China",China,CVPR,2020
CVPR-2020-A003376,Yawar Siddiqui,UNKNOWN,UNKNOWN,CVPR,2020
CVPR-2020-A003377,Julien Valentin,Google,UNKNOWN,CVPR,2020
CVPR-2020-A003378,Matthias Niessner,UNKNOWN,UNKNOWN,CVPR,2020
CVPR-2020-A003379,Edgar Schonfeld,Max Planck Institute for Informatics,Germany,CVPR,2020
CVPR-2020-A003380,Bernt Schiele,Max Planck Institute for Informatics,Germany,CVPR,2020
CVPR-2020-A003381,Anna Khoreva,Max Planck Institute for Informatics,Germany,CVPR,2020
CVPR-2020-A003382,Zhizhong Wang,"College of Computer Science and Technology, Zhejiang University",China,CVPR,2020
CVPR-2020-A003383,Lei Zhao,"College of Computer Science and Technology, Zhejiang University",China,CVPR,2020
CVPR-2020-A003384,Haibo Chen,"College of Computer Science and Technology, Zhejiang University",China,CVPR,2020
CVPR-2020-A003385,Lihong Qiu,"College of Computer Science and Technology, Zhejiang University",China,CVPR,2020
CVPR-2020-A003386,Qihang Mo,"College of Computer Science and Technology, Zhejiang University",China,CVPR,2020
CVPR-2020-A003387,Sihuan Lin,"College of Computer Science and Technology, Zhejiang University",China,CVPR,2020
CVPR-2020-A003388,Wei Xing,"College of Computer Science and Technology, Zhejiang University",China,CVPR,2020
CVPR-2020-A003389,Dongming Lu,"College of Computer Science and Technology, Zhejiang University",China,CVPR,2020
CVPR-2020-A003390,Michael Snower,: Brown University ; NEC Labs America,United States,CVPR,2020
CVPR-2020-A003391,Asim Kadav,: Brown University ; NEC Labs America,United States,CVPR,2020
CVPR-2020-A003392,Farley Lai,: Brown University ; NEC Labs America,United States,CVPR,2020
CVPR-2020-A003393,Hans Peter Graf,: Brown University ; NEC Labs America,United States,CVPR,2020
CVPR-2020-A003394,Abhinav Kumar,UNKNOWN,UNKNOWN,CVPR,2020
CVPR-2020-A003395,Tim K. Marks,UNKNOWN,UNKNOWN,CVPR,2020
CVPR-2020-A003396,Wenxuan Mou,UNKNOWN,UNKNOWN,CVPR,2020
CVPR-2020-A003397,Ye Wang,UNKNOWN,UNKNOWN,CVPR,2020
CVPR-2020-A003398,Michael Jones,UNKNOWN,UNKNOWN,CVPR,2020
CVPR-2020-A003399,Anoop Cherian,UNKNOWN,UNKNOWN,CVPR,2020
CVPR-2020-A003400,Toshiaki Koike-Akino,UNKNOWN,UNKNOWN,CVPR,2020
CVPR-2020-A003401,Xiaoming Liu,UNKNOWN,UNKNOWN,CVPR,2020
CVPR-2020-A003402,Chen Feng,UNKNOWN,UNKNOWN,CVPR,2020
CVPR-2020-A003403,Xinrui Wang,ByteDance | The University of Tokyo | Style2Paints Research,UNKNOWN,CVPR,2020
CVPR-2020-A003404,Jinze Yu,The University of Tokyo,Japan,CVPR,2020
CVPR-2020-A003405,Ruihui Li,The Chinese University of Hong Kong,China,CVPR,2020
CVPR-2020-A003406,Xianzhi Li,The Chinese University of Hong Kong,China,CVPR,2020
CVPR-2020-A003407,Pheng-Ann Heng,The Chinese University of Hong Kong,China,CVPR,2020
CVPR-2020-A003408,Chi-Wing Fu,The Chinese University of Hong Kong,China,CVPR,2020
CVPR-2020-A003409,Zedu Chen,"Department of Computer Science and Technology, Huaqiao University",China,CVPR,2020
CVPR-2020-A003410,Bineng Zhong,"Department of Computer Science and Technology, Huaqiao University",China,CVPR,2020
CVPR-2020-A003411,Guorong Li,"School of Computer Science and Technology, University of Chinese Academy of Sciences",China,CVPR,2020
CVPR-2020-A003412,Shengping Zhang,Harbin Institute of Technology | Peng Cheng Laboratory,China,CVPR,2020
CVPR-2020-A003413,Rongrong Ji,"Department of Artificial Intelligence, School of Informatics, Xiamen University | Peng Cheng Laboratory",China,CVPR,2020
CVPR-2020-A003414,Zixuan Huang,Department of Computer Sciences,UNKNOWN,CVPR,2020
CVPR-2020-A003415,Yin Li,Department of Biostatistics and Medical Informatics | Department of Computer Sciences,United States,CVPR,2020
CVPR-2020-A003416,Yerlan Idelbayev,UNKNOWN,UNKNOWN,CVPR,2020
CVPR-2020-A003417,Miguel A. Carreira-Perpinan,UNKNOWN,UNKNOWN,CVPR,2020
CVPR-2020-A003418,Sylvestre-Alvise Rebuffi,"Visual Geometry Group, University of Oxford",United Kingdom,CVPR,2020
CVPR-2020-A003419,Ruth Fong,"Visual Geometry Group, University of Oxford",United Kingdom,CVPR,2020
CVPR-2020-A003420,Xu Ji,"Visual Geometry Group, University of Oxford",United Kingdom,CVPR,2020
CVPR-2020-A003421,Andrea Vedaldi,"Visual Geometry Group, University of Oxford",United Kingdom,CVPR,2020
CVPR-2020-A003422,Jianzhu Guo,UNKNOWN,UNKNOWN,CVPR,2020
CVPR-2020-A003423,Xiangyu Zhu,UNKNOWN,UNKNOWN,CVPR,2020
CVPR-2020-A003424,Chenxu Zhao,UNKNOWN,UNKNOWN,CVPR,2020
CVPR-2020-A003425,Dong Cao,UNKNOWN,UNKNOWN,CVPR,2020
CVPR-2020-A003426,Zhen Lei,UNKNOWN,UNKNOWN,CVPR,2020
CVPR-2020-A003427,Stan Z. Li,UNKNOWN,UNKNOWN,CVPR,2020
CVPR-2020-A003428,Yaxing Wang,"Computer Vision Center, Universitat Autònoma de Barcelona, Spain",Spain,CVPR,2020
CVPR-2020-A003429,Abel Gonzalez-Garcia,"Computer Vision Center, Universitat Autònoma de Barcelona, Spain",Spain,CVPR,2020
CVPR-2020-A003430,David Berga,"Computer Vision Center, Universitat Autònoma de Barcelona, Spain",Spain,CVPR,2020
CVPR-2020-A003431,Luis Herranz,"Computer Vision Center, Universitat Autònoma de Barcelona, Spain",Spain,CVPR,2020
CVPR-2020-A003432,Fahad Shahbaz Khan,"Inception Institute of Artificial Intelligence, UAE | CVL, Linköping University, Sweden",United Arab Emirates | Sweden,CVPR,2020
CVPR-2020-A003433,Joost van de Weijer,"Computer Vision Center, Universitat Autònoma de Barcelona, Spain",Spain,CVPR,2020
CVPR-2020-A003434,Xi Chen,"College of Electrical Engineering, Zhejiang University",China,CVPR,2020
CVPR-2020-A003435,Zuoxin Li,Megvii Inc.,China,CVPR,2020
CVPR-2020-A003436,Ye Yuan,Megvii Inc.,China,CVPR,2020
CVPR-2020-A003437,Gang Yu,Megvii Inc.,China,CVPR,2020
CVPR-2020-A003438,Jianxin Shen,"College of Electrical Engineering, Zhejiang University",China,CVPR,2020
CVPR-2020-A003439,Donglian Qi,"College of Electrical Engineering, Zhejiang University",China,CVPR,2020
CVPR-2020-A003440,Zekun Hao,"Cornell Tech, Cornell University",United States,CVPR,2020
CVPR-2020-A003441,Hadar Averbuch-Elor,"Cornell Tech, Cornell University",United States,CVPR,2020
CVPR-2020-A003442,Noah Snavely,"Cornell Tech, Cornell University",United States,CVPR,2020
CVPR-2020-A003443,Serge Belongie,"Cornell Tech, Cornell University",United States,CVPR,2020
CVPR-2020-A003444,Safa Messaoud,University of Illinois at Urbana-Champaign,United States,CVPR,2020
CVPR-2020-A003445,Maghav Kumar,University of Illinois at Urbana-Champaign,United States,CVPR,2020
CVPR-2020-A003446,Alexander G. Schwing,University of Illinois at Urbana-Champaign,United States,CVPR,2020
CVPR-2020-A003447,Alan Lukezic,UNKNOWN,UNKNOWN,CVPR,2020
CVPR-2020-A003448,Jiri Matas,UNKNOWN,UNKNOWN,CVPR,2020
CVPR-2020-A003449,Matej Kristan,"Faculty of Computer and Information Science, University of Ljubljana, Slovenia",Slovenia,CVPR,2020
CVPR-2020-A003450,Boyan Duan,"NLPR & CEBSIT & CRIPAC, CASIA University of Chinese Academy of Sciences Central Media Technology Institute, Huawei Technology Co., Ltd.",China,CVPR,2020
CVPR-2020-A003451,Chaoyou Fu,"NLPR & CEBSIT & CRIPAC, CASIA University of Chinese Academy of Sciences Central Media Technology Institute, Huawei Technology Co., Ltd.",China,CVPR,2020
CVPR-2020-A003452,Yi Li,"NLPR & CEBSIT & CRIPAC, CASIA University of Chinese Academy of Sciences Central Media Technology Institute, Huawei Technology Co., Ltd.",China,CVPR,2020
CVPR-2020-A003453,Xingguang Song,"NLPR & CEBSIT & CRIPAC, CASIA University of Chinese Academy of Sciences Central Media Technology Institute, Huawei Technology Co., Ltd.",China,CVPR,2020
CVPR-2020-A003454,Ran He,"NLPR & CEBSIT & CRIPAC, CASIA University of Chinese Academy of Sciences Central Media Technology Institute, Huawei Technology Co., Ltd.",China,CVPR,2020
CVPR-2020-A003455,Cheng Ma,"Department of Automation, Tsinghua University, China | State Key Lab of Intelligent Technologies and Systems, China | Beijing National Research Center for Information Science and Technology, China",China,CVPR,2020
CVPR-2020-A003456,Zhenyu Jiang,"Department of Automation, Tsinghua University, China",China,CVPR,2020
CVPR-2020-A003457,Yongming Rao,"Department of Automation, Tsinghua University, China | State Key Lab of Intelligent Technologies and Systems, China | Beijing National Research Center for Information Science and Technology, China",China,CVPR,2020
CVPR-2020-A003458,Jiwen Lu,"Department of Automation, Tsinghua University, China | State Key Lab of Intelligent Technologies and Systems, China | Beijing National Research Center for Information Science and Technology, China",China,CVPR,2020
CVPR-2020-A003459,Jie Zhou,"Department of Automation, Tsinghua University, China | State Key Lab of Intelligent Technologies and Systems, China | Beijing National Research Center for Information Science and Technology, China | Tsinghua Shenzhen International Graduate School, Tsinghua University, China",China,CVPR,2020
CVPR-2020-A003460,Umar Iqbal,UNKNOWN,UNKNOWN,CVPR,2020
CVPR-2020-A003461,Pavlo Molchanov,UNKNOWN,UNKNOWN,CVPR,2020
CVPR-2020-A003462,Jan Kautz,UNKNOWN,UNKNOWN,CVPR,2020
CVPR-2020-A003463,Jie Chang,Megvii Inc.,China,CVPR,2020
CVPR-2020-A003464,Zhonghao Lan,University of Science and Technology of China,China,CVPR,2020
CVPR-2020-A003465,Changmao Cheng,Megvii Inc.,China,CVPR,2020
CVPR-2020-A003466,Yichen Wei,Megvii Inc.,China,CVPR,2020
CVPR-2020-A003467,Andreas Robinson,"CVL, Linköping University, Sweden",Sweden,CVPR,2020
CVPR-2020-A003468,Felix Jaremo Lawin,"CVL, Linköping University, Sweden",Sweden,CVPR,2020
CVPR-2020-A003469,Martin Danelljan,"CVL, Linköping University, Sweden",Sweden,CVPR,2020
CVPR-2020-A003470,Fahad Shahbaz Khan,"CVL, Linköping University, Sweden",Sweden,CVPR,2020
CVPR-2020-A003471,Michael Felsberg,"CVL, Linköping University, Sweden",Sweden,CVPR,2020
CVPR-2020-A003472,Yiheng Zhang,UNKNOWN,UNKNOWN,CVPR,2020
CVPR-2020-A003473,Zhaofan Qiu,UNKNOWN,UNKNOWN,CVPR,2020
CVPR-2020-A003474,Ting Yao,UNKNOWN,UNKNOWN,CVPR,2020
CVPR-2020-A003475,Chong-Wah Ngo,UNKNOWN,UNKNOWN,CVPR,2020
CVPR-2020-A003476,Dong Liu,UNKNOWN,UNKNOWN,CVPR,2020
CVPR-2020-A003477,Tao Mei,UNKNOWN,UNKNOWN,CVPR,2020
CVPR-2020-A003478,Zhongnan Qu,"Computer Engineering Group, ETH Zurich, Switzerland",Switzerland,CVPR,2020
CVPR-2020-A003479,Zimu Zhou,"Computer Engineering Group, ETH Zurich, Switzerland",Switzerland,CVPR,2020
CVPR-2020-A003480,Yun Cheng,"Computer Engineering Group, ETH Zurich, Switzerland",Switzerland,CVPR,2020
CVPR-2020-A003481,Lothar Thiele,"Computer Engineering Group, ETH Zurich, Switzerland",Switzerland,CVPR,2020
CVPR-2020-A003482,Cheng-Han Lee,SenseTime Research,China,CVPR,2020
CVPR-2020-A003483,Ziwei Liu,The Chinese University of Hong Kong,China,CVPR,2020
CVPR-2020-A003484,Lingyun Wu,SenseTime Research,China,CVPR,2020
CVPR-2020-A003485,Ping Luo,The University of Hong Kong,Hong Kong,CVPR,2020
CVPR-2020-A003486,Xueting Yan,UNKNOWN,UNKNOWN,CVPR,2020
CVPR-2020-A003487,Ishan Misra,UNKNOWN,UNKNOWN,CVPR,2020
CVPR-2020-A003488,Abhinav Gupta,UNKNOWN,UNKNOWN,CVPR,2020
CVPR-2020-A003489,Deepti Ghadiyaram,UNKNOWN,UNKNOWN,CVPR,2020
CVPR-2020-A003490,Dhruv Mahajan,UNKNOWN,UNKNOWN,CVPR,2020
CVPR-2020-A003491,Tianjiao Ding,UNKNOWN,UNKNOWN,CVPR,2020
CVPR-2020-A003492,Yunchen Yang,UNKNOWN,UNKNOWN,CVPR,2020
CVPR-2020-A003493,Zhihui Zhu,UNKNOWN,UNKNOWN,CVPR,2020
CVPR-2020-A003494,Daniel P. Robinson,UNKNOWN,UNKNOWN,CVPR,2020
CVPR-2020-A003495,Rene Vidal,UNKNOWN,UNKNOWN,CVPR,2020
CVPR-2020-A003496,Laurent Kneip,UNKNOWN,UNKNOWN,CVPR,2020
CVPR-2020-A003497,Manolis C. Tsakiris,UNKNOWN,UNKNOWN,CVPR,2020
CVPR-2020-A003498,Lingzhi Li,Peking University,China,CVPR,2020
CVPR-2020-A003499,Jianmin Bao,Microsoft Research Asia,China,CVPR,2020
CVPR-2020-A003500,Ting Zhang,Microsoft Research Asia,China,CVPR,2020
CVPR-2020-A003501,Hao Yang,Microsoft Research Asia,China,CVPR,2020
CVPR-2020-A003502,Dong Chen,Microsoft Research Asia,China,CVPR,2020
CVPR-2020-A003503,Fang Wen,Microsoft Research Asia,China,CVPR,2020
CVPR-2020-A003504,Baining Guo,Microsoft Research Asia,China,CVPR,2020
CVPR-2020-A003505,Hyojin Bahng,Korea University,South Korea,CVPR,2020
CVPR-2020-A003506,Sunghyo Chung,Kakao Corp.,South Korea,CVPR,2020
CVPR-2020-A003507,Seungjoo Yoo,Korea University,South Korea,CVPR,2020
CVPR-2020-A003508,Jaegul Choo,KAIST,South Korea,CVPR,2020
CVPR-2020-A003509,Ildoo Kim,"Kakao Brain Seongnam, South Korea",South Korea,CVPR,2020
CVPR-2020-A003510,Woonhyuk Baek,"Kakao Brain Seongnam, South Korea",South Korea,CVPR,2020
CVPR-2020-A003511,Sungwoong Kim,"Kakao Brain Seongnam, South Korea",South Korea,CVPR,2020
CVPR-2020-A003512,Dat Huynh,Northeastern University,United States,CVPR,2020
CVPR-2020-A003513,Ehsan Elhamifar,Northeastern University,United States,CVPR,2020
CVPR-2020-A003514,Yinqiang Zheng,National Institute of Informatics,Japan,CVPR,2020
CVPR-2020-A003515,Mingfang Zhang,Pengcheng Laboratory | Nanjing University,China,CVPR,2020
CVPR-2020-A003516,Feng Lu,"Pengcheng Laboratory | State Key Lab. of VR Technology and Systems, School of CSE, Beihang University",China,CVPR,2020
CVPR-2020-A003517,Amy Zhao,UNKNOWN,UNKNOWN,CVPR,2020
CVPR-2020-A003518,Guha Balakrishnan,UNKNOWN,UNKNOWN,CVPR,2020
CVPR-2020-A003519,Kathleen M. Lewis,UNKNOWN,UNKNOWN,CVPR,2020
CVPR-2020-A003520,Fredo Durand,UNKNOWN,UNKNOWN,CVPR,2020
CVPR-2020-A003521,John V. Guttag,UNKNOWN,UNKNOWN,CVPR,2020
CVPR-2020-A003522,Adrian V. Dalca,UNKNOWN,UNKNOWN,CVPR,2020
CVPR-2020-A003523,Guillem Braso,Technical University of Munich,Germany,CVPR,2020
CVPR-2020-A003524,Laura Leal-Taixe,Technical University of Munich,Germany,CVPR,2020
CVPR-2020-A003525,Jaejun Yoo,Ajou University,South Korea,CVPR,2020
CVPR-2020-A003526,Namhyuk Ahn,Ajou University,South Korea,CVPR,2020
CVPR-2020-A003527,Kyung-Ah Sohn,Ajou University,South Korea,CVPR,2020
CVPR-2020-A003528,Yanru Xiao,"Old Dominion University Norfolk, VA",United States,CVPR,2020
CVPR-2020-A003529,Cong Wang,"Old Dominion University Norfolk, VA",United States,CVPR,2020
CVPR-2020-A003530,Xing Gao,"University of Memphis Memphis, TN",United States,CVPR,2020
CVPR-2020-A003531,Enric Corona,"Institut de Robòtica i Informàtica Industrial, CSIC-UPC, Barcelona, Spain",Spain,CVPR,2020
CVPR-2020-A003532,Albert Pumarola,"Institut de Robòtica i Informàtica Industrial, CSIC-UPC, Barcelona, Spain",Spain,CVPR,2020
CVPR-2020-A003533,Guillem Alenya,UNKNOWN,UNKNOWN,CVPR,2020
CVPR-2020-A003534,Francesc Moreno-Noguer,"Institut de Robòtica i Informàtica Industrial, CSIC-UPC, Barcelona, Spain",Spain,CVPR,2020
CVPR-2020-A003535,Gregory Rogez,UNKNOWN,UNKNOWN,CVPR,2020
CVPR-2020-A003536,Lin Wang,"Visual Intelligence Lab., KAIST, Korea",South Korea,CVPR,2020
CVPR-2020-A003537,Tae-Kyun Kim,"ICVL Lab., Imperial College London, UK",United Kingdom,CVPR,2020
CVPR-2020-A003538,Kuk-Jin Yoon,"Visual Intelligence Lab., KAIST, Korea",South Korea,CVPR,2020
CVPR-2020-A003539,Xuan Zhang,"MoE Key Lab of Artificial Intelligence, AI Institute Infinia ML, Inc. Shanghai Jiao Tong University, Shanghai, China Duke University, Durham, NC, USA",United States | United Kingdom | China,CVPR,2020
CVPR-2020-A003540,Shaofei Qin,"MoE Key Lab of Artificial Intelligence, AI Institute Infinia ML, Inc. Shanghai Jiao Tong University, Shanghai, China Duke University, Durham, NC, USA",United States | United Kingdom | China,CVPR,2020
CVPR-2020-A003541,Yi Xu,"MoE Key Lab of Artificial Intelligence, AI Institute Infinia ML, Inc. Shanghai Jiao Tong University, Shanghai, China Duke University, Durham, NC, USA",United States | United Kingdom | China,CVPR,2020
CVPR-2020-A003542,Hongteng Xu,"MoE Key Lab of Artificial Intelligence, AI Institute Infinia ML, Inc. Shanghai Jiao Tong University, Shanghai, China Duke University, Durham, NC, USA",United States | United Kingdom | China,CVPR,2020
CVPR-2020-A003543,Wang Zeng,The Chinese University of Hong Kong,China,CVPR,2020
CVPR-2020-A003544,Wanli Ouyang,The University of Sydney,Australia,CVPR,2020
CVPR-2020-A003545,Ping Luo,The University of Hong Kong,Hong Kong,CVPR,2020
CVPR-2020-A003546,Wentao Liu,SenseTime Research,China,CVPR,2020
CVPR-2020-A003547,Xiaogang Wang,The Chinese University of Hong Kong | SenseTime Research,China | Hong Kong,CVPR,2020
CVPR-2020-A003548,Qingyuan Zheng,UNKNOWN,UNKNOWN,CVPR,2020
CVPR-2020-A003549,Zhuoru Li,UNKNOWN,UNKNOWN,CVPR,2020
CVPR-2020-A003550,Adam Bargteil,UNKNOWN,UNKNOWN,CVPR,2020
CVPR-2020-A003551,Michal Rolinek,UNKNOWN,UNKNOWN,CVPR,2020
CVPR-2020-A003552,Vit Musil,UNKNOWN,UNKNOWN,CVPR,2020
CVPR-2020-A003553,Anselm Paulus,"Max-Planck-Institute for Intelligent Systems, Tübingen, Germany Università degli Studi di Firenze, Italy University of Tübingen, Germany",Germany | Italy,CVPR,2020
CVPR-2020-A003554,Marin Vlastelica,"Max-Planck-Institute for Intelligent Systems, Tübingen, Germany Università degli Studi di Firenze, Italy University of Tübingen, Germany",Germany | Italy,CVPR,2020
CVPR-2020-A003555,Claudio Michaelis,"Max-Planck-Institute for Intelligent Systems, Tübingen, Germany Università degli Studi di Firenze, Italy University of Tübingen, Germany",Germany | Italy,CVPR,2020
CVPR-2020-A003556,Georg Martius,"Max-Planck-Institute for Intelligent Systems, Tübingen, Germany Università degli Studi di Firenze, Italy University of Tübingen, Germany",Germany | Italy,CVPR,2020
CVPR-2020-A003557,Wu Shi,UNKNOWN,UNKNOWN,CVPR,2020
CVPR-2020-A003558,Yu Qiao,UNKNOWN,UNKNOWN,CVPR,2020
CVPR-2020-A003559,Song Bian,UNKNOWN,UNKNOWN,CVPR,2020
CVPR-2020-A003560,Tianchen Wang,UNKNOWN,UNKNOWN,CVPR,2020
CVPR-2020-A003561,Masayuki Hiromoto,UNKNOWN,UNKNOWN,CVPR,2020
CVPR-2020-A003562,Yiyu Shi,UNKNOWN,UNKNOWN,CVPR,2020
CVPR-2020-A003563,Takashi Sato,UNKNOWN,UNKNOWN,CVPR,2020
CVPR-2020-A003564,Qiongjie Cui,"Nanjing University of Science and Technology, Nanjing, China",China,CVPR,2020
CVPR-2020-A003565,Huaijiang Sun,"Nanjing University of Science and Technology, Nanjing, China",China,CVPR,2020
CVPR-2020-A003566,Fei Yang,"Nanjing University of Science and Technology, Nanjing, China",China,CVPR,2020
CVPR-2020-A003567,Naman Bansal,Auburn University,United States,CVPR,2020
CVPR-2020-A003568,Chirag Agarwal,University of Illinois at Chicago,United States,CVPR,2020
CVPR-2020-A003569,Anh Nguyen,Auburn University,United States,CVPR,2020
CVPR-2020-A003570,Zhi Gao,Beijing Laboratory of Intelligent Information Technology,China,CVPR,2020
CVPR-2020-A003571,Yuwei Wu,Beijing Laboratory of Intelligent Information Technology,China,CVPR,2020
CVPR-2020-A003572,Yunde Jia,Beijing Laboratory of Intelligent Information Technology,China,CVPR,2020
CVPR-2020-A003573,Mehrtash Harandi,"Department of Electrical and Computer Systems Eng., Monash University, and Data61, Australia",Australia,CVPR,2020
CVPR-2020-A003574,Sinead Kearney,University of Bath,United Kingdom,CVPR,2020
CVPR-2020-A003575,Wenbin Li,University of Bath,United Kingdom,CVPR,2020
CVPR-2020-A003576,Martin Parsons,University of Bath,United Kingdom,CVPR,2020
CVPR-2020-A003577,Kwang In Kim,University of Bath,United Kingdom,CVPR,2020
CVPR-2020-A003578,Darren Cosker,University of Bath,United Kingdom,CVPR,2020
CVPR-2020-A003579,Bin Zhu,City University of Hong Kong,Hong Kong,CVPR,2020
CVPR-2020-A003580,Chong-Wah Ngo,City University of Hong Kong,Hong Kong,CVPR,2020
CVPR-2020-A003581,Assaf Neuberger,UNKNOWN,UNKNOWN,CVPR,2020
CVPR-2020-A003582,Eran Borenstein,Amazon Lab126,United States,CVPR,2020
CVPR-2020-A003583,Bar Hilleli,Amazon Lab126,United States,CVPR,2020
CVPR-2020-A003584,Eduard Oks,UNKNOWN,UNKNOWN,CVPR,2020
CVPR-2020-A003585,Sharon Alpert,UNKNOWN,UNKNOWN,CVPR,2020
CVPR-2020-A003586,Lan Xu,"Tsinghua-Berkeley Shenzhen Institute, Tsinghua University, China | Robotics Institute, Hong Kong University of Science and Technology, Hong Kong",United States | China,CVPR,2020
CVPR-2020-A003587,Weipeng Xu,UNKNOWN,UNKNOWN,CVPR,2020
CVPR-2020-A003588,Vladislav Golyanik,UNKNOWN,UNKNOWN,CVPR,2020
CVPR-2020-A003589,Marc Habermann,UNKNOWN,UNKNOWN,CVPR,2020
CVPR-2020-A003590,Lu Fang,"Tsinghua-Berkeley Shenzhen Institute, Tsinghua University, China",United States | China,CVPR,2020
CVPR-2020-A003591,Christian Theobalt,UNKNOWN,UNKNOWN,CVPR,2020
CVPR-2020-A003592,Hongxu Yin,"NVIDIA, Princeton University, University of Illinois at Urbana-Champaign",United States,CVPR,2020
CVPR-2020-A003593,Pavlo Molchanov,"NVIDIA, Princeton University, University of Illinois at Urbana-Champaign",United States,CVPR,2020
CVPR-2020-A003594,Jose M. Alvarez,"NVIDIA, Princeton University, University of Illinois at Urbana-Champaign",United States,CVPR,2020
CVPR-2020-A003595,Zhizhong Li,"NVIDIA, Princeton University, University of Illinois at Urbana-Champaign",United States,CVPR,2020
CVPR-2020-A003596,Arun Mallya,"NVIDIA, Princeton University, University of Illinois at Urbana-Champaign",United States,CVPR,2020
CVPR-2020-A003597,Derek Hoiem,"NVIDIA, Princeton University, University of Illinois at Urbana-Champaign",United States,CVPR,2020
CVPR-2020-A003598,Niraj K. Jha,"NVIDIA, Princeton University, University of Illinois at Urbana-Champaign",United States,CVPR,2020
CVPR-2020-A003599,Jan Kautz,"NVIDIA, Princeton University, University of Illinois at Urbana-Champaign",United States,CVPR,2020
CVPR-2020-A003600,Xiang Gu,"Xi’an Jiaotong University, Xi’an, China",China,CVPR,2020
CVPR-2020-A003601,Jian Sun,"Xi’an Jiaotong University, Xi’an, China",China,CVPR,2020
CVPR-2020-A003602,Zongben Xu,"Xi’an Jiaotong University, Xi’an, China",China,CVPR,2020
CVPR-2020-A003603,Muxingzi Li,"Valeo.ai & LIGM, Ecole des Ponts, Univ Gustave Eiffel, CNRS, Marne-la-Vallée, France",France,CVPR,2020
CVPR-2020-A003604,Florent Lafarge,"Valeo.ai & LIGM, Ecole des Ponts, Univ Gustave Eiffel, CNRS, Marne-la-Vallée, France",France,CVPR,2020
CVPR-2020-A003605,Renaud Marlet,"Valeo.ai & LIGM, Ecole des Ponts, Univ Gustave Eiffel, CNRS, Marne-la-Vallée, France",France,CVPR,2020
CVPR-2020-A003606,Chi Nhan Duong,"Concordia University, Canada",Canada,CVPR,2020
CVPR-2020-A003607,Thanh-Dat Truong,"University of Arkansas, USA",United States,CVPR,2020
CVPR-2020-A003608,Khoa Luu,"University of Arkansas, USA",United States,CVPR,2020
CVPR-2020-A003609,Kha Gia Quach,"Concordia University, Canada",Canada,CVPR,2020
CVPR-2020-A003610,Hung Bui,VinAI Research,Vietnam,CVPR,2020
CVPR-2020-A003611,Kaushik Roy,"North Carolina A&T State University, USA",United States,CVPR,2020
CVPR-2020-A003612,Dongyan Guo,"Zhejiang University of Technology, China Tianjin University of Technology, China",China,CVPR,2020
CVPR-2020-A003613,Jun Wang,"Zhejiang University of Technology, China Tianjin University of Technology, China",China,CVPR,2020
CVPR-2020-A003614,Ying Cui,"Zhejiang University of Technology, China Tianjin University of Technology, China",China,CVPR,2020
CVPR-2020-A003615,Zhenhua Wang,"Zhejiang University of Technology, China Tianjin University of Technology, China",China,CVPR,2020
CVPR-2020-A003616,Shengyong Chen,"Zhejiang University of Technology, China Tianjin University of Technology, China",China,CVPR,2020
CVPR-2020-A003617,Yurui Ren,"School of Electronic and Computer Engineering, Peking University | Peng Cheng Laboratory",China,CVPR,2020
CVPR-2020-A003618,Xiaoming Yu,"School of Electronic and Computer Engineering, Peking University | Peng Cheng Laboratory",China,CVPR,2020
CVPR-2020-A003619,Junming Chen,"School of Electronic and Computer Engineering, Peking University | Peng Cheng Laboratory",China,CVPR,2020
CVPR-2020-A003620,Thomas H. Li,"Advanced Institute of Information Technology, Peking University | School of Electronic and Computer Engineering, Peking University",China,CVPR,2020
CVPR-2020-A003621,Ge Li,"School of Electronic and Computer Engineering, Peking University | Peng Cheng Laboratory",China,CVPR,2020
CVPR-2020-A003622,Haoye Dong,"School of Data and Computer Science, Sun Yat-sen University | Guangdong Key Laboratory of Big Data Analysis and Processing, Guangzhou , P.R.China",China,CVPR,2020
CVPR-2020-A003623,Xiaodan Liang,"School of Intelligent Systems Engineering, Sun Yat-sen University",China,CVPR,2020
CVPR-2020-A003624,Yixuan Zhang,Petuum Inc.,UNKNOWN,CVPR,2020
CVPR-2020-A003625,Xujie Zhang,"School of Data and Computer Science, Sun Yat-sen University",China,CVPR,2020
CVPR-2020-A003626,Xiaohui Shen,ByteDance AI Lab,China,CVPR,2020
CVPR-2020-A003627,Zhenyu Xie,"School of Data and Computer Science, Sun Yat-sen University",China,CVPR,2020
CVPR-2020-A003628,Bowen Wu,"School of Data and Computer Science, Sun Yat-sen University",China,CVPR,2020
CVPR-2020-A003629,Jian Yin,"School of Data and Computer Science, Sun Yat-sen University | Guangdong Key Laboratory of Big Data Analysis and Processing, Guangzhou , P.R.China",China,CVPR,2020
CVPR-2020-A003630,Rahul Mitra,UNKNOWN,UNKNOWN,CVPR,2020
CVPR-2020-A003631,Nitesh B. Gundavarapu,UNKNOWN,UNKNOWN,CVPR,2020
CVPR-2020-A003632,Abhishek Sharma,UNKNOWN,UNKNOWN,CVPR,2020
CVPR-2020-A003633,Arjun Jain,UNKNOWN,UNKNOWN,CVPR,2020
CVPR-2020-A003634,Mohammad A. A. K. Jalwana,The University of Western Australia.,Australia,CVPR,2020
CVPR-2020-A003635,Naveed Akhtar,The University of Western Australia.,Australia,CVPR,2020
CVPR-2020-A003636,Mohammed Bennamoun,The University of Western Australia.,Australia,CVPR,2020
CVPR-2020-A003637,Ajmal Mian,The University of Western Australia.,Australia,CVPR,2020
CVPR-2020-A003638,Shaohua Li,University of Science and Technology of China,China,CVPR,2020
CVPR-2020-A003639,Kaiping Xue,University of Science and Technology of China,China,CVPR,2020
CVPR-2020-A003640,Bin Zhu,University of Science and Technology of China,China,CVPR,2020
CVPR-2020-A003641,Chenkai Ding,University of Science and Technology of China,China,CVPR,2020
CVPR-2020-A003642,Xindi Gao,University of Science and Technology of China,China,CVPR,2020
CVPR-2020-A003643,David Wei,Fordham University,United States,CVPR,2020
CVPR-2020-A003644,Tao Wan,CableLabs,United States,CVPR,2020
CVPR-2020-A003645,Matan Haroush,UNKNOWN,UNKNOWN,CVPR,2020
CVPR-2020-A003646,Itay Hubara,UNKNOWN,UNKNOWN,CVPR,2020
CVPR-2020-A003647,Elad Hoffer,UNKNOWN,UNKNOWN,CVPR,2020
CVPR-2020-A003648,Daniel Soudry,UNKNOWN,UNKNOWN,CVPR,2020
CVPR-2020-A003649,Xiehe Huang,"Pattern Recognition & Intelligent System Laboratory, School of Information and Communication Engineering, Beijing University of Posts and Telecommunications",China,CVPR,2020
CVPR-2020-A003650,Weihong Deng,"Pattern Recognition & Intelligent System Laboratory, School of Information and Communication Engineering, Beijing University of Posts and Telecommunications",China,CVPR,2020
CVPR-2020-A003651,Haifeng Shen,"Pattern Recognition & Intelligent System Laboratory, School of Information and Communication Engineering, Beijing University of Posts and Telecommunications",China,CVPR,2020
CVPR-2020-A003652,Xiubao Zhang,"Pattern Recognition & Intelligent System Laboratory, School of Information and Communication Engineering, Beijing University of Posts and Telecommunications",China,CVPR,2020
CVPR-2020-A003653,Jieping Ye,"Pattern Recognition & Intelligent System Laboratory, School of Information and Communication Engineering, Beijing University of Posts and Telecommunications",China,CVPR,2020
CVPR-2020-A003654,Yizhe Zhu,UNKNOWN,UNKNOWN,CVPR,2020
CVPR-2020-A003655,Martin Renqiang Min,UNKNOWN,UNKNOWN,CVPR,2020
CVPR-2020-A003656,Asim Kadav,UNKNOWN,UNKNOWN,CVPR,2020
CVPR-2020-A003657,Hans Peter Graf,UNKNOWN,UNKNOWN,CVPR,2020
CVPR-2020-A003658,Jaime Spencer,"Centre for Vision, Speech and Signal Processing (CVSSP) University of Surrey",United Kingdom,CVPR,2020
CVPR-2020-A003659,Richard Bowden,"Centre for Vision, Speech and Signal Processing (CVSSP) University of Surrey",United Kingdom,CVPR,2020
CVPR-2020-A003660,Simon Hadfield,"Centre for Vision, Speech and Signal Processing (CVSSP) University of Surrey",United Kingdom,CVPR,2020
CVPR-2020-A003661,Julian Chibane,"Max Planck Institute for Informatics, Saarland Informatics Campus, Germany | University of Würzburg, Germany",Germany,CVPR,2020
CVPR-2020-A003662,Thiemo Alldieck,"Max Planck Institute for Informatics, Saarland Informatics Campus, Germany | Computer Graphics Lab, TU Braunschweig, Germany",Germany,CVPR,2020
CVPR-2020-A003663,Gerard Pons-Moll,"Max Planck Institute for Informatics, Saarland Informatics Campus, Germany",Germany,CVPR,2020
CVPR-2020-A003664,Chenyang Zhu,Simon Fraser University | National University of Defense Technology,China | Canada,CVPR,2020
CVPR-2020-A003665,Kai Xu,National University of Defense Technology,China,CVPR,2020
CVPR-2020-A003666,Siddhartha Chaudhuri,Adobe Research | IIT Bombay,India | United States,CVPR,2020
CVPR-2020-A003667,Li Yi,Google Research,UNKNOWN,CVPR,2020
CVPR-2020-A003668,Leonidas J. Guibas,UNKNOWN,UNKNOWN,CVPR,2020
CVPR-2020-A003669,Hao Zhang,Simon Fraser University,Canada,CVPR,2020
CVPR-2020-A003670,Tao Wang,"The Beijing Key Laboratory of Traffic Data Analysis and Mining, Beijing Jiaotong University, Beijing , China | HiScene Information Technologies, Shanghai , China",China,CVPR,2020
CVPR-2020-A003671,He Liu,"The Beijing Key Laboratory of Traffic Data Analysis and Mining, Beijing Jiaotong University, Beijing , China",China,CVPR,2020
CVPR-2020-A003672,Yidong Li,"The Beijing Key Laboratory of Traffic Data Analysis and Mining, Beijing Jiaotong University, Beijing , China",China,CVPR,2020
CVPR-2020-A003673,Yi Jin,"The Beijing Key Laboratory of Traffic Data Analysis and Mining, Beijing Jiaotong University, Beijing , China",China,CVPR,2020
CVPR-2020-A003674,Xiaohui Hou,"HiScene Information Technologies, Shanghai , China",China,CVPR,2020
CVPR-2020-A003675,Haibin Ling,"Stony Brook University, Stony Brook, NY , USA.",United States,CVPR,2020
CVPR-2020-A003676,David S. Hayden,"Computer Science and Artificial Intelligence Laboratory Massachusetts Institute of Technology Massachusetts Ave., Cambridge, MA",United States,CVPR,2020
CVPR-2020-A003677,Jason Pacheco,"Computer Science and Artificial Intelligence Laboratory Massachusetts Institute of Technology Massachusetts Ave., Cambridge, MA",United States,CVPR,2020
CVPR-2020-A003678,John W. Fisher III,"Computer Science and Artificial Intelligence Laboratory Massachusetts Institute of Technology Massachusetts Ave., Cambridge, MA",United States,CVPR,2020
CVPR-2020-A003679,Zhang Chen,Shanghai Institute of Microsystem and Information Technology | ShanghaiTech University | University of Chinese Academy of Sciences,China,CVPR,2020
CVPR-2020-A003680,Anpei Chen,Shanghai Institute of Microsystem and Information Technology,China,CVPR,2020
CVPR-2020-A003681,Guli Zhang,Shanghai Institute of Microsystem and Information Technology,China,CVPR,2020
CVPR-2020-A003682,Chengyuan Wang,Shanghai University,China,CVPR,2020
CVPR-2020-A003683,Yu Ji,"DGene, Inc.",UNKNOWN,CVPR,2020
CVPR-2020-A003684,Kiriakos N. Kutulakos,University of Toronto,Canada,CVPR,2020
CVPR-2020-A003685,Jingyi Yu,Shanghai Institute of Microsystem and Information Technology,China,CVPR,2020
CVPR-2020-A003686,Shawn Xu,Google AI Healthcare,United States,CVPR,2020
CVPR-2020-A003687,Subhashini Venugopalan,Google Research,UNKNOWN,CVPR,2020
CVPR-2020-A003688,Mukund Sundararajan,Google Inc.,United States,CVPR,2020
CVPR-2020-A003689,Martin Danelljan,"Computer Vision Lab, D-ITET, ETH Zürich, Switzerland",Switzerland,CVPR,2020
CVPR-2020-A003690,Luc Van Gool,"Computer Vision Lab, D-ITET, ETH Zürich, Switzerland",Switzerland,CVPR,2020
CVPR-2020-A003691,Radu Timofte,"Computer Vision Lab, D-ITET, ETH Zürich, Switzerland",Switzerland,CVPR,2020
CVPR-2020-A003692,G. Dias Pais,"Instituto Superior Técnico, Lisboa Google Research, NY Indian Institute of Science, Bengaluru University of Maryland, College Park",United States,CVPR,2020
CVPR-2020-A003693,Srikumar Ramalingam,"Instituto Superior Técnico, Lisboa Google Research, NY Indian Institute of Science, Bengaluru University of Maryland, College Park",United States,CVPR,2020
CVPR-2020-A003694,Venu Madhav Govindu,"Instituto Superior Técnico, Lisboa Google Research, NY Indian Institute of Science, Bengaluru University of Maryland, College Park",United States,CVPR,2020
CVPR-2020-A003695,Jacinto C. Nascimento,"Instituto Superior Técnico, Lisboa Google Research, NY Indian Institute of Science, Bengaluru University of Maryland, College Park",United States,CVPR,2020
CVPR-2020-A003696,Rama Chellappa,"Instituto Superior Técnico, Lisboa Google Research, NY Indian Institute of Science, Bengaluru University of Maryland, College Park",United States,CVPR,2020
CVPR-2020-A003697,Pedro Miraldo,"Instituto Superior Técnico, Lisboa Google Research, NY Indian Institute of Science, Bengaluru University of Maryland, College Park",United States,CVPR,2020
CVPR-2020-A003698,Peihao Zhu,Cardiff University,United Kingdom,CVPR,2020
CVPR-2020-A003699,Rameen Abdal,Cardiff University,United Kingdom,CVPR,2020
CVPR-2020-A003700,Yipeng Qin,Cardiff University,United Kingdom,CVPR,2020
CVPR-2020-A003701,Peter Wonka,Cardiff University,United Kingdom,CVPR,2020
CVPR-2020-A003702,Gyumin Shim,"Robotics and Computer Vision Laboratory Korea Advanced Institute of Science and Technology, Republic of Korea",South Korea,CVPR,2020
CVPR-2020-A003703,Jinsun Park,"Robotics and Computer Vision Laboratory Korea Advanced Institute of Science and Technology, Republic of Korea",South Korea,CVPR,2020
CVPR-2020-A003704,In So Kweon,"Robotics and Computer Vision Laboratory Korea Advanced Institute of Science and Technology, Republic of Korea",South Korea,CVPR,2020
CVPR-2020-A003705,Yu Liu,"Google AI Google Brain Multimedia Laboratory, The Chinese University of Hong Kong",China | Hong Kong,CVPR,2020
CVPR-2020-A003706,Xuhui Jia,"Google AI Google Brain Multimedia Laboratory, The Chinese University of Hong Kong",China | Hong Kong,CVPR,2020
CVPR-2020-A003707,Mingxing Tan,"Google AI Google Brain Multimedia Laboratory, The Chinese University of Hong Kong",China | Hong Kong,CVPR,2020
CVPR-2020-A003708,Raviteja Vemulapalli,"Google AI Google Brain Multimedia Laboratory, The Chinese University of Hong Kong",China | Hong Kong,CVPR,2020
CVPR-2020-A003709,Yukun Zhu,"Google AI Google Brain Multimedia Laboratory, The Chinese University of Hong Kong",China | Hong Kong,CVPR,2020
CVPR-2020-A003710,Bradley Green,"Google AI Google Brain Multimedia Laboratory, The Chinese University of Hong Kong",China | Hong Kong,CVPR,2020
CVPR-2020-A003711,Xiaogang Wang,"Google AI Google Brain Multimedia Laboratory, The Chinese University of Hong Kong",China | Hong Kong,CVPR,2020
CVPR-2020-A003712,Jinlin Liu,"Department of Automation, Tsinghua University",China,CVPR,2020
CVPR-2020-A003713,Yuan Yao,"Department of Automation, Tsinghua University",China,CVPR,2020
CVPR-2020-A003714,Wendi Hou,"Department of Automation, Tsinghua University",China,CVPR,2020
CVPR-2020-A003715,Miaomiao Cui,"Department of Automation, Tsinghua University",China,CVPR,2020
CVPR-2020-A003716,Xuansong Xie,"Department of Automation, Tsinghua University",China,CVPR,2020
CVPR-2020-A003717,Changshui Zhang,"Department of Automation, Tsinghua University",China,CVPR,2020
CVPR-2020-A003718,Xian-Sheng Hua,"Department of Automation, Tsinghua University",China,CVPR,2020
CVPR-2020-A003719,Han-Jia Ye,USC & Google,UNKNOWN,CVPR,2020
CVPR-2020-A003720,Hexiang Hu,USC & Google,UNKNOWN,CVPR,2020
CVPR-2020-A003721,De-Chuan Zhan,USC & Google,UNKNOWN,CVPR,2020
CVPR-2020-A003722,Fei Sha,USC & Google,UNKNOWN,CVPR,2020
CVPR-2020-A003723,Wenxuan Wang,"Noah’s Ark Lab, Huawei Technologies",China,CVPR,2020
CVPR-2020-A003724,Yanwei Fu,"Noah’s Ark Lab, Huawei Technologies",China,CVPR,2020
CVPR-2020-A003725,Xuelin Qian,"Noah’s Ark Lab, Huawei Technologies",China,CVPR,2020
CVPR-2020-A003726,Yu-Gang Jiang,"Noah’s Ark Lab, Huawei Technologies",China,CVPR,2020
CVPR-2020-A003727,Qi Tian,"Noah’s Ark Lab, Huawei Technologies",China,CVPR,2020
CVPR-2020-A003728,Xiangyang Xue,"Noah’s Ark Lab, Huawei Technologies",China,CVPR,2020
CVPR-2020-A003729,Jiabo Huang,University of Surrey,United Kingdom,CVPR,2020
CVPR-2020-A003730,Shaogang Gong,University of Surrey,United Kingdom,CVPR,2020
CVPR-2020-A003731,Xiatian Zhu,University of Surrey,United Kingdom,CVPR,2020
CVPR-2020-A003732,Yizhuo Zhang,Carnegie Mellon University,United States,CVPR,2020
CVPR-2020-A003733,Zhirong Wu,Microsoft Research Asia,China,CVPR,2020
CVPR-2020-A003734,Houwen Peng,Microsoft Research Asia,China,CVPR,2020
CVPR-2020-A003735,Stephen Lin,Microsoft Research Asia,China,CVPR,2020
CVPR-2020-A003736,Gun-Hee Lee,"Department of Computer and Radio Communications Engineering, Korea University, Seoul, South Korea",South Korea,CVPR,2020
CVPR-2020-A003737,Seong-Whan Lee,"Department of Artificial Intelligence, Korea University, Seoul, South Korea",South Korea,CVPR,2020
CVPR-2020-A003738,Tianshu Zhang,"Southeast University, China",China,CVPR,2020
CVPR-2020-A003739,Buzhen Huang,"Southeast University, China",China,CVPR,2020
CVPR-2020-A003740,Yangang Wang,"Southeast University, China",China,CVPR,2020
CVPR-2020-A003741,Zihang Lai,"Visual Geometry Group, Department of Engineering Science University of Oxford",United Kingdom,CVPR,2020
CVPR-2020-A003742,Erika Lu,"Visual Geometry Group, Department of Engineering Science University of Oxford",United Kingdom,CVPR,2020
CVPR-2020-A003743,Weidi Xie,"Visual Geometry Group, Department of Engineering Science University of Oxford",United Kingdom,CVPR,2020
CVPR-2020-A003744,Oran Gafni,Facebook AI Research,United States,CVPR,2020
CVPR-2020-A003745,Lior Wolf,Facebook AI Research and Tel-Aviv University,Israel | United States,CVPR,2020
CVPR-2020-A003746,Prashanth Chandran,"Department of Computer Science, ETH Zurich | DisneyResearch | Studios, Zurich",Switzerland,CVPR,2020
CVPR-2020-A003747,Derek Bradley,"DisneyResearch | Studios, Zurich",Switzerland,CVPR,2020
CVPR-2020-A003748,Markus Gross,"Department of Computer Science, ETH Zurich | DisneyResearch | Studios, Zurich",Switzerland,CVPR,2020
CVPR-2020-A003749,Thabo Beeler,"DisneyResearch | Studios, Zurich",Switzerland,CVPR,2020
CVPR-2020-A003750,Zili Yi,UNKNOWN,UNKNOWN,CVPR,2020
CVPR-2020-A003751,Qiang Tang,UNKNOWN,UNKNOWN,CVPR,2020
CVPR-2020-A003752,Shekoofeh Azizi,UNKNOWN,UNKNOWN,CVPR,2020
CVPR-2020-A003753,Daesik Jang,UNKNOWN,UNKNOWN,CVPR,2020
CVPR-2020-A003754,Zhan Xu,UNKNOWN,UNKNOWN,CVPR,2020
CVPR-2020-A003755,Kaichun Mo,UNKNOWN,UNKNOWN,CVPR,2020
CVPR-2020-A003756,Paul Guerrero,UNKNOWN,UNKNOWN,CVPR,2020
CVPR-2020-A003757,Li Yi,Google Research,UNKNOWN,CVPR,2020
CVPR-2020-A003758,Hao Su,UNKNOWN,UNKNOWN,CVPR,2020
CVPR-2020-A003759,Peter Wonka,UNKNOWN,UNKNOWN,CVPR,2020
CVPR-2020-A003760,Niloy J. Mitra,Adobe Research | University College London,United Kingdom | United States,CVPR,2020
CVPR-2020-A003761,Leonidas J. Guibas,UNKNOWN,UNKNOWN,CVPR,2020
CVPR-2020-A003762,Wenguan Wang,"ETH Zurich, Switzerland | Tianjin Key Laboratory of Brain-inspired Intelligence Technology, School of Electrical and Information Engineering, Tianjin University, China",China | Switzerland,CVPR,2020
CVPR-2020-A003763,Hailong Zhu,"Inception Institute of Artificial Intelligence, UAE",United Arab Emirates,CVPR,2020
CVPR-2020-A003764,Jifeng Dai,SenseTime Research,China,CVPR,2020
CVPR-2020-A003765,Yanwei Pang,"Inception Institute of Artificial Intelligence, UAE",United Arab Emirates,CVPR,2020
CVPR-2020-A003766,Jianbing Shen,"Tianjin Key Laboratory of Brain-inspired Intelligence Technology, School of Electrical and Information Engineering, Tianjin University, China",China,CVPR,2020
CVPR-2020-A003767,Ling Shao,"Tianjin Key Laboratory of Brain-inspired Intelligence Technology, School of Electrical and Information Engineering, Tianjin University, China",China,CVPR,2020
CVPR-2020-A003768,Ivan Anokhin,UNKNOWN,UNKNOWN,CVPR,2020
CVPR-2020-A003769,Pavel Solovev,UNKNOWN,UNKNOWN,CVPR,2020
CVPR-2020-A003770,Denis Korzhenkov,UNKNOWN,UNKNOWN,CVPR,2020
CVPR-2020-A003771,Alexey Kharlamov,UNKNOWN,UNKNOWN,CVPR,2020
CVPR-2020-A003772,Taras Khakhulin,UNKNOWN,UNKNOWN,CVPR,2020
CVPR-2020-A003773,Aleksei Silvestrov,UNKNOWN,UNKNOWN,CVPR,2020
CVPR-2020-A003774,Sergey Nikolenko,UNKNOWN,UNKNOWN,CVPR,2020
CVPR-2020-A003775,Victor Lempitsky,UNKNOWN,UNKNOWN,CVPR,2020
CVPR-2020-A003776,Gleb Sterkin,UNKNOWN,UNKNOWN,CVPR,2020
CVPR-2020-A003777,Abhishek Aich,"University of California, Riverside , IBM Research AI, Cambridge",UNKNOWN,CVPR,2020
CVPR-2020-A003778,Akash Gupta,"University of California, Riverside , IBM Research AI, Cambridge",UNKNOWN,CVPR,2020
CVPR-2020-A003779,Rameswar Panda,"University of California, Riverside , IBM Research AI, Cambridge",UNKNOWN,CVPR,2020
CVPR-2020-A003780,Rakib Hyder,"University of California, Riverside , IBM Research AI, Cambridge",UNKNOWN,CVPR,2020
CVPR-2020-A003781,M. Salman Asif,"University of California, Riverside , IBM Research AI, Cambridge",UNKNOWN,CVPR,2020
CVPR-2020-A003782,Amit K. Roy-Chowdhury,"University of California, Riverside , IBM Research AI, Cambridge",UNKNOWN,CVPR,2020
CVPR-2020-A003783,Hoang Le,Adobe Research,United States,CVPR,2020
CVPR-2020-A003784,Feng Liu,Adobe Research,United States,CVPR,2020
CVPR-2020-A003785,Shu Zhang,Adobe Research,United States,CVPR,2020
CVPR-2020-A003786,Aseem Agarwala,Adobe Research,United States,CVPR,2020
CVPR-2020-A003787,Michael Strecke,"Embodied Vision Group, Max Planck Institute for Intelligent Systems, Tübingen",Germany,CVPR,2020
CVPR-2020-A003788,Jorg Stuckler,"Embodied Vision Group, Max Planck Institute for Intelligent Systems, Tübingen",Germany,CVPR,2020
CVPR-2020-A003789,Yihui He,"Carnegie Mellon University Pittsburgh, PA",United States,CVPR,2020
CVPR-2020-A003790,Rui Yan,"Carnegie Mellon University Pittsburgh, PA",United States,CVPR,2020
CVPR-2020-A003791,Katerina Fragkiadaki,"Carnegie Mellon University Pittsburgh, PA",United States,CVPR,2020
CVPR-2020-A003792,Shoou-I Yu,"Facebook Reality Labs Pittsburgh, PA",United States,CVPR,2020
CVPR-2020-A003793,Ziwei Zhang,"School of Electronics Engineering and Computer Science, Peking University",China,CVPR,2020
CVPR-2020-A003794,Chi Su,UNKNOWN,UNKNOWN,CVPR,2020
CVPR-2020-A003795,Liang Zheng,Australian National University,Australia,CVPR,2020
CVPR-2020-A003796,Xiaodong Xie,"School of Electronics Engineering and Computer Science, Peking University",China,CVPR,2020
CVPR-2020-A003797,Tomas Werner,"Faculty of Electrical Engineering, Czech Technical University in Prague, Czech Republic",Czech Republic,CVPR,2020
CVPR-2020-A003798,Daniel Prusa,"Faculty of Electrical Engineering, Czech Technical University in Prague, Czech Republic",Czech Republic,CVPR,2020
CVPR-2020-A003799,Tomas Dlask,"Faculty of Electrical Engineering, Czech Technical University in Prague, Czech Republic",Czech Republic,CVPR,2020
CVPR-2020-A003800,Yifang Men,"Wangxuan Institute of Computer Technology, Peking University, China",China,CVPR,2020
CVPR-2020-A003801,Yiming Mao,Bytedance AI Lab,China,CVPR,2020
CVPR-2020-A003802,Yuning Jiang,Bytedance AI Lab,China,CVPR,2020
CVPR-2020-A003803,Wei-Ying Ma,Bytedance AI Lab,China,CVPR,2020
CVPR-2020-A003804,Zhouhui Lian,"Wangxuan Institute of Computer Technology, Peking University, China",China,CVPR,2020
CVPR-2020-A003805,Ran Yi,"CS Dept, BNRist Tsinghua University, China",China,CVPR,2020
CVPR-2020-A003806,Yong-Jin Liu,"CS Dept, BNRist Tsinghua University, China",China,CVPR,2020
CVPR-2020-A003807,Yu-Kun Lai,"School of Computer Science and Informatics Cardiff University, UK",United Kingdom,CVPR,2020
CVPR-2020-A003808,Paul L. Rosin,"School of Computer Science and Informatics Cardiff University, UK",United Kingdom,CVPR,2020
CVPR-2020-A003809,Lingzhi Li,Peking University,China,CVPR,2020
CVPR-2020-A003810,Jianmin Bao,Microsoft Research,United States,CVPR,2020
CVPR-2020-A003811,Hao Yang,Microsoft Research,United States,CVPR,2020
CVPR-2020-A003812,Dong Chen,Microsoft Research,United States,CVPR,2020
CVPR-2020-A003813,Fang Wen,Microsoft Research,United States,CVPR,2020
CVPR-2020-A003814,Yandong Li,University of Central Florida,United States,CVPR,2020
CVPR-2020-A003815,Yu Cheng,Microsoft Dynamics,United States,CVPR,2020
CVPR-2020-A003816,Zhe Gan,Microsoft Dynamics,United States,CVPR,2020
CVPR-2020-A003817,Licheng Yu,Microsoft Dynamics,United States,CVPR,2020
CVPR-2020-A003818,Liqiang Wang,University of Central Florida,United States,CVPR,2020
CVPR-2020-A003819,Jingjing Liu,Microsoft Dynamics,United States,CVPR,2020
CVPR-2020-A003820,Philipp Terhorst,UNKNOWN,UNKNOWN,CVPR,2020
CVPR-2020-A003821,Jan Niklas Kolf,"Technical University of Darmstadt, Darmstadt, Germany",Germany,CVPR,2020
CVPR-2020-A003822,Naser Damer,"Fraunhofer Institute for Computer Graphics Research IGD, Darmstadt, Germany Technical University of Darmstadt, Darmstadt, Germany",Germany,CVPR,2020
CVPR-2020-A003823,Florian Kirchbuchner,"Fraunhofer Institute for Computer Graphics Research IGD, Darmstadt, Germany Technical University of Darmstadt, Darmstadt, Germany",Germany,CVPR,2020
CVPR-2020-A003824,Arjan Kuijper,"Fraunhofer Institute for Computer Graphics Research IGD, Darmstadt, Germany Technical University of Darmstadt, Darmstadt, Germany",Germany,CVPR,2020
CVPR-2020-A003825,Daqi Liu,"School of Computer Science, The University of Adelaide",Australia,CVPR,2020
CVPR-2020-A003826,Alvaro Parra,"School of Computer Science, The University of Adelaide",Australia,CVPR,2020
CVPR-2020-A003827,Tat-Jun Chin,"School of Computer Science, The University of Adelaide",Australia,CVPR,2020
CVPR-2020-A003828,Jiangke Lin,"State Key Lab of CAD&CG, Zhejiang University",China,CVPR,2020
CVPR-2020-A003829,Yi Yuan,"State Key Lab of CAD&CG, Zhejiang University",China,CVPR,2020
CVPR-2020-A003830,Tianjia Shao,"State Key Lab of CAD&CG, Zhejiang University",China,CVPR,2020
CVPR-2020-A003831,Kun Zhou,"State Key Lab of CAD&CG, Zhejiang University",China,CVPR,2020
CVPR-2020-A003832,Justin Liang,Uber Advanced Technologies Group University of Toronto MIT,Canada | United States,CVPR,2020
CVPR-2020-A003833,Namdar Homayounfar,Uber Advanced Technologies Group University of Toronto MIT,Canada | United States,CVPR,2020
CVPR-2020-A003834,Wei-Chiu Ma,Uber Advanced Technologies Group University of Toronto MIT,Canada | United States,CVPR,2020
CVPR-2020-A003835,Yuwen Xiong,Uber Advanced Technologies Group University of Toronto MIT,Canada | United States,CVPR,2020
CVPR-2020-A003836,Rui Hu,Uber Advanced Technologies Group University of Toronto MIT,Canada | United States,CVPR,2020
CVPR-2020-A003837,Raquel Urtasun,Uber Advanced Technologies Group University of Toronto MIT,Canada | United States,CVPR,2020
CVPR-2020-A003838,Zeyu Wang,Princeton University,United States,CVPR,2020
CVPR-2020-A003839,Klint Qinami,Princeton University,United States,CVPR,2020
CVPR-2020-A003840,Ioannis Christos Karakozis,Princeton University,United States,CVPR,2020
CVPR-2020-A003841,Kyle Genova,Princeton University,United States,CVPR,2020
CVPR-2020-A003842,Prem Nair,Princeton University,United States,CVPR,2020
CVPR-2020-A003843,Kenji Hata,Princeton University,United States,CVPR,2020
CVPR-2020-A003844,Olga Russakovsky,Princeton University,United States,CVPR,2020
CVPR-2020-A003845,He Zhao,"Key Laboratory of Machine Perception (MOE) School of EECS, Peking University",China,CVPR,2020
CVPR-2020-A003846,Xianghua Ying,"Key Laboratory of Machine Perception (MOE) School of EECS, Peking University",China,CVPR,2020
CVPR-2020-A003847,Yongjie Shi,"Key Laboratory of Machine Perception (MOE) School of EECS, Peking University",China,CVPR,2020
CVPR-2020-A003848,Xin Tong,"Key Laboratory of Machine Perception (MOE) School of EECS, Peking University",China,CVPR,2020
CVPR-2020-A003849,Jingsi Wen,"Key Laboratory of Machine Perception (MOE) School of EECS, Peking University",China,CVPR,2020
CVPR-2020-A003850,Hongbin Zha,"Key Laboratory of Machine Perception (MOE) School of EECS, Peking University",China,CVPR,2020
CVPR-2020-A003851,Yanwei Li,"Institute of Automation, Chinese Academy of Sciences University of Chinese Academy of Sciences Xi’an Jiaotong University Megvii Technology Input",China,CVPR,2020
CVPR-2020-A003852,Lin Song,"Institute of Automation, Chinese Academy of Sciences University of Chinese Academy of Sciences Xi’an Jiaotong University Megvii Technology Input",China,CVPR,2020
CVPR-2020-A003853,Yukang Chen,"Institute of Automation, Chinese Academy of Sciences University of Chinese Academy of Sciences Xi’an Jiaotong University Megvii Technology Input",China,CVPR,2020
CVPR-2020-A003854,Zeming Li,"Institute of Automation, Chinese Academy of Sciences University of Chinese Academy of Sciences Xi’an Jiaotong University Megvii Technology Input",China,CVPR,2020
CVPR-2020-A003855,Xiangyu Zhang,"Institute of Automation, Chinese Academy of Sciences University of Chinese Academy of Sciences Xi’an Jiaotong University Megvii Technology Input",China,CVPR,2020
CVPR-2020-A003856,Xingang Wang,"Institute of Automation, Chinese Academy of Sciences University of Chinese Academy of Sciences Xi’an Jiaotong University Megvii Technology Input",China,CVPR,2020
CVPR-2020-A003857,Jian Sun,"Institute of Automation, Chinese Academy of Sciences University of Chinese Academy of Sciences Xi’an Jiaotong University Megvii Technology Input",China,CVPR,2020
CVPR-2020-A003858,Xinshuo Weng,Robotics Institute Carnegie Mellon University,United States,CVPR,2020
CVPR-2020-A003859,Yongxin Wang,Robotics Institute Carnegie Mellon University,United States,CVPR,2020
CVPR-2020-A003860,Yunze Man,Robotics Institute Carnegie Mellon University,United States,CVPR,2020
CVPR-2020-A003861,Kris M. Kitani,UNKNOWN,UNKNOWN,CVPR,2020
CVPR-2020-A003862,Zitong Yu,"CMVS, University of Oulu",Finland,CVPR,2020
CVPR-2020-A003863,Chenxu Zhao,"Mininglamp Academy of Sciences, Mininglamp Technology",UNKNOWN,CVPR,2020
CVPR-2020-A003864,Zezheng Wang,UNKNOWN,UNKNOWN,CVPR,2020
CVPR-2020-A003865,Yunxiao Qin,UNKNOWN,UNKNOWN,CVPR,2020
CVPR-2020-A003866,Zhuo Su,"CMVS, University of Oulu",Finland,CVPR,2020
CVPR-2020-A003867,Xiaobai Li,"CMVS, University of Oulu",Finland,CVPR,2020
CVPR-2020-A003868,Feng Zhou,UNKNOWN,UNKNOWN,CVPR,2020
CVPR-2020-A003869,Guoying Zhao,"CMVS, University of Oulu",Finland,CVPR,2020
CVPR-2020-A003870,Kun Su,"Department of Electrical & Computer Engineering, University of Washington, Seattle, USA",United States,CVPR,2020
CVPR-2020-A003871,Xiulong Liu,"Department of Electrical & Computer Engineering, University of Washington, Seattle, USA",United States,CVPR,2020
CVPR-2020-A003872,Eli Shlizerman,"Department of Electrical & Computer Engineering, University of Washington, Seattle, USA",United States,CVPR,2020
CVPR-2020-A003873,Jiankang Deng,Imperial College InsightFace FaceSoft Middlesex University London,United Kingdom,CVPR,2020
CVPR-2020-A003874,Jia Guo,Imperial College InsightFace FaceSoft Middlesex University London,United Kingdom,CVPR,2020
CVPR-2020-A003875,Evangelos Ververas,Imperial College InsightFace FaceSoft Middlesex University London,United Kingdom,CVPR,2020
CVPR-2020-A003876,Irene Kotsia,Imperial College InsightFace FaceSoft Middlesex University London,United Kingdom,CVPR,2020
CVPR-2020-A003877,Stefanos Zafeiriou,Imperial College InsightFace FaceSoft Middlesex University London,United Kingdom,CVPR,2020
CVPR-2020-A003878,Yuxiao Zhou,"BNRist and School of Software, Tsinghua University",China,CVPR,2020
CVPR-2020-A003879,Marc Habermann,Max Planck Institute for Informatics | Saarland Informatics Campus,Germany,CVPR,2020
CVPR-2020-A003880,Weipeng Xu,Max Planck Institute for Informatics | Saarland Informatics Campus,Germany,CVPR,2020
CVPR-2020-A003881,Ikhsanul Habibie,Max Planck Institute for Informatics | Saarland Informatics Campus,Germany,CVPR,2020
CVPR-2020-A003882,Christian Theobalt,Max Planck Institute for Informatics | Saarland Informatics Campus,Germany,CVPR,2020
CVPR-2020-A003883,Feng Xu,UNKNOWN,UNKNOWN,CVPR,2020
CVPR-2020-A003884,Mei Wang,Beijing University of Posts and Telecommunications,China,CVPR,2020
CVPR-2020-A003885,Weihong Deng,Beijing University of Posts and Telecommunications,China,CVPR,2020
CVPR-2020-A003886,Soomin Kim,Korea Advanced Institute of Science and Technology (KAIST),South Korea,CVPR,2020
CVPR-2020-A003887,Yuchi Huo,Korea Advanced Institute of Science and Technology (KAIST),South Korea,CVPR,2020
CVPR-2020-A003888,Sung-Eui Yoon,Korea Advanced Institute of Science and Technology (KAIST),South Korea,CVPR,2020
CVPR-2020-A003889,Yazeed Alharbi,King Abdullah University for Science and Technology (KAUST),Saudi Arabia,CVPR,2020
CVPR-2020-A003890,Peter Wonka,King Abdullah University for Science and Technology (KAUST),Saudi Arabia,CVPR,2020
CVPR-2020-A003891,Sai Bi,Adobe Research,United States,CVPR,2020
CVPR-2020-A003892,Zexiang Xu,Adobe Research,United States,CVPR,2020
CVPR-2020-A003893,Kalyan Sunkavalli,Adobe Research,United States,CVPR,2020
CVPR-2020-A003894,David Kriegman,Adobe Research,United States,CVPR,2020
CVPR-2020-A003895,Ravi Ramamoorthi,Adobe Research,United States,CVPR,2020
CVPR-2020-A003896,Zhiyuan Dang,"School of Electronic Engineering, Xidian University, Xi’an , China",China,CVPR,2020
CVPR-2020-A003897,Cheng Deng,"School of Electronic Engineering, Xidian University, Xi’an , China",China,CVPR,2020
CVPR-2020-A003898,Xu Yang,"School of Electronic Engineering, Xidian University, Xi’an , China",China,CVPR,2020
CVPR-2020-A003899,Heng Huang,"Department of Electrical and Computer Engineering, University of Pittsburgh, PA , USA | JD Finance America Corporation, Mountain View, CA , USA",United States,CVPR,2020
CVPR-2020-A003900,Yonghyun Kim,"Kakao Enterprise, Kakao Corp.",South Korea,CVPR,2020
CVPR-2020-A003901,Wonpyo Park,"Kakao Enterprise, Kakao Corp.",South Korea,CVPR,2020
CVPR-2020-A003902,Myung-Cheol Roh,"Kakao Enterprise, Kakao Corp.",South Korea,CVPR,2020
CVPR-2020-A003903,Jongju Shin,"Kakao Enterprise, Kakao Corp.",South Korea,CVPR,2020
CVPR-2020-A003904,Yang Li,"The University of Tokyo, UESTC, RIKEN, Technical University Munich",Japan | China | Germany,CVPR,2020
CVPR-2020-A003905,Aljaz Bozic,"The University of Tokyo, UESTC, RIKEN, Technical University Munich",Japan | China | Germany,CVPR,2020
CVPR-2020-A003906,Tianwei Zhang,"The University of Tokyo, UESTC, RIKEN, Technical University Munich",Japan | China | Germany,CVPR,2020
CVPR-2020-A003907,Yanli Ji,"The University of Tokyo, UESTC, RIKEN, Technical University Munich",Japan | China | Germany,CVPR,2020
CVPR-2020-A003908,Tatsuya Harada,"The University of Tokyo, UESTC, RIKEN, Technical University Munich",Japan | China | Germany,CVPR,2020
CVPR-2020-A003909,Matthias Niessner,"The University of Tokyo, UESTC, RIKEN, Technical University Munich",Japan | China | Germany,CVPR,2020
CVPR-2020-A003910,Hong-Xing Yu,"School of Data and Computer Science, Sun Yat-sen University, China",China,CVPR,2020
CVPR-2020-A003911,Wei-Shi Zheng,"School of Data and Computer Science, Sun Yat-sen University, China | Peng Cheng Laboratory, Shenzhen , China | Key Laboratory of Machine Intelligence and Advanced Computing, Ministry of Education, China",China,CVPR,2020
CVPR-2020-A003912,You Huang,Fuzhou University,China,CVPR,2020
CVPR-2020-A003913,Yuanlong Yu,Fuzhou University,China,CVPR,2020
CVPR-2020-A003914,Yuheng Li,Problem. While research in conditional image generation has made tremendous progress [,UNKNOWN,CVPR,2020
CVPR-2020-A003915,Krishna Kumar Singh,Problem. While research in conditional image generation has made tremendous progress [,UNKNOWN,CVPR,2020
CVPR-2020-A003916,Utkarsh Ojha,Problem. While research in conditional image generation has made tremendous progress [,UNKNOWN,CVPR,2020
CVPR-2020-A003917,Yong Jae Lee,Problem. While research in conditional image generation has made tremendous progress [,UNKNOWN,CVPR,2020
CVPR-2020-A003918,Dechao Meng,"Key Lab of Intell. Info. Process., Inst. of Comput. Tech., CAS, Beijing, China University of Chinese Academy of Sciences, China, Megvii Inc, Beijing, China University of Science and Technology of China, China, Peng Cheng Laboratory, Shenzhen, China, Institute of Microelectronics, Chinese Academy of Sciences, Beijing, China",China,CVPR,2020
CVPR-2020-A003919,Liang Li,"Key Lab of Intell. Info. Process., Inst. of Comput. Tech., CAS, Beijing, China University of Chinese Academy of Sciences, China, Megvii Inc, Beijing, China University of Science and Technology of China, China, Peng Cheng Laboratory, Shenzhen, China, Institute of Microelectronics, Chinese Academy of Sciences, Beijing, China",China,CVPR,2020
CVPR-2020-A003920,Xuejing Liu,"Key Lab of Intell. Info. Process., Inst. of Comput. Tech., CAS, Beijing, China University of Chinese Academy of Sciences, China, Megvii Inc, Beijing, China University of Science and Technology of China, China, Peng Cheng Laboratory, Shenzhen, China, Institute of Microelectronics, Chinese Academy of Sciences, Beijing, China",China,CVPR,2020
CVPR-2020-A003921,Yadong Li,"Key Lab of Intell. Info. Process., Inst. of Comput. Tech., CAS, Beijing, China University of Chinese Academy of Sciences, China, Megvii Inc, Beijing, China University of Science and Technology of China, China, Peng Cheng Laboratory, Shenzhen, China, Institute of Microelectronics, Chinese Academy of Sciences, Beijing, China",China,CVPR,2020
CVPR-2020-A003922,Shijie Yang,"Key Lab of Intell. Info. Process., Inst. of Comput. Tech., CAS, Beijing, China University of Chinese Academy of Sciences, China, Megvii Inc, Beijing, China University of Science and Technology of China, China, Peng Cheng Laboratory, Shenzhen, China, Institute of Microelectronics, Chinese Academy of Sciences, Beijing, China",China,CVPR,2020
CVPR-2020-A003923,Zheng-Jun Zha,"Key Lab of Intell. Info. Process., Inst. of Comput. Tech., CAS, Beijing, China University of Chinese Academy of Sciences, China, Megvii Inc, Beijing, China University of Science and Technology of China, China, Peng Cheng Laboratory, Shenzhen, China, Institute of Microelectronics, Chinese Academy of Sciences, Beijing, China",China,CVPR,2020
CVPR-2020-A003924,Xingyu Gao,"Key Lab of Intell. Info. Process., Inst. of Comput. Tech., CAS, Beijing, China University of Chinese Academy of Sciences, China, Megvii Inc, Beijing, China University of Science and Technology of China, China, Peng Cheng Laboratory, Shenzhen, China, Institute of Microelectronics, Chinese Academy of Sciences, Beijing, China",China,CVPR,2020
CVPR-2020-A003925,Shuhui Wang,"Key Lab of Intell. Info. Process., Inst. of Comput. Tech., CAS, Beijing, China University of Chinese Academy of Sciences, China, Megvii Inc, Beijing, China University of Science and Technology of China, China, Peng Cheng Laboratory, Shenzhen, China, Institute of Microelectronics, Chinese Academy of Sciences, Beijing, China",China,CVPR,2020
CVPR-2020-A003926,Qingming Huang,"Key Lab of Intell. Info. Process., Inst. of Comput. Tech., CAS, Beijing, China University of Chinese Academy of Sciences, China, Megvii Inc, Beijing, China University of Science and Technology of China, China, Peng Cheng Laboratory, Shenzhen, China, Institute of Microelectronics, Chinese Academy of Sciences, Beijing, China",China,CVPR,2020
CVPR-2020-A003927,Zitian Huang,Shanghai Jiao Tong University,China,CVPR,2020
CVPR-2020-A003928,Yikuan Yu,Shanghai Jiao Tong University,China,CVPR,2020
CVPR-2020-A003929,Jiawen Xu,Shanghai Jiao Tong University,China,CVPR,2020
CVPR-2020-A003930,Feng Ni,Shanghai Jiao Tong University,China,CVPR,2020
CVPR-2020-A003931,Xinyi Le,Shanghai Jiao Tong University,China,CVPR,2020
CVPR-2020-A003932,Zhihe Lu,"CVSSP, University of Surrey | iFlyTek-Surrey Joint Research Centre on Artificial Intelligence",United Kingdom | China,CVPR,2020
CVPR-2020-A003933,Yongxin Yang,"CVSSP, University of Surrey | iFlyTek-Surrey Joint Research Centre on Artificial Intelligence",United Kingdom | China,CVPR,2020
CVPR-2020-A003934,Xiatian Zhu,"CVSSP, University of Surrey",United Kingdom,CVPR,2020
CVPR-2020-A003935,Cong Liu,iFlyTek-Surrey Joint Research Centre on Artificial Intelligence,United Kingdom | China,CVPR,2020
CVPR-2020-A003936,Yi-Zhe Song,"CVSSP, University of Surrey | iFlyTek-Surrey Joint Research Centre on Artificial Intelligence",United Kingdom | China,CVPR,2020
CVPR-2020-A003937,Tao Xiang,"CVSSP, University of Surrey | iFlyTek-Surrey Joint Research Centre on Artificial Intelligence",United Kingdom | China,CVPR,2020
CVPR-2020-A003938,Maxim Maximov,UNKNOWN,UNKNOWN,CVPR,2020
CVPR-2020-A003939,Ismail Elezi,UNKNOWN,UNKNOWN,CVPR,2020
CVPR-2020-A003940,Laura Leal-Taixe,UNKNOWN,UNKNOWN,CVPR,2020
CVPR-2020-A003941,Qi Qian,"Alibaba Group School of Engineering and Technology University of Washington, Tacoma, USA",United States,CVPR,2020
CVPR-2020-A003942,Juhua Hu,"Alibaba Group School of Engineering and Technology University of Washington, Tacoma, USA",United States,CVPR,2020
CVPR-2020-A003943,Hao Li,"Alibaba Group School of Engineering and Technology University of Washington, Tacoma, USA",United States,CVPR,2020
CVPR-2020-A003944,Daniel Zoran,UNKNOWN,UNKNOWN,CVPR,2020
CVPR-2020-A003945,Mike Chrzanowski,UNKNOWN,UNKNOWN,CVPR,2020
CVPR-2020-A003946,Po-Sen Huang,UNKNOWN,UNKNOWN,CVPR,2020
CVPR-2020-A003947,Sven Gowal,UNKNOWN,UNKNOWN,CVPR,2020
CVPR-2020-A003948,Alex Mott,UNKNOWN,UNKNOWN,CVPR,2020
CVPR-2020-A003949,Pushmeet Kohli,UNKNOWN,UNKNOWN,CVPR,2020
CVPR-2020-A003950,William A. P. Smith,"University of York, UK",United Kingdom,CVPR,2020
CVPR-2020-A003951,Alassane Seck,"ARM Ltd, UK | Aberystwyth University, UK",United Kingdom,CVPR,2020
CVPR-2020-A003952,Hannah Dee,"Aberystwyth University, UK",United Kingdom,CVPR,2020
CVPR-2020-A003953,Bernard Tiddeman,"Aberystwyth University, UK",United Kingdom,CVPR,2020
CVPR-2020-A003954,Joshua B. Tenenbaum,UNKNOWN,UNKNOWN,CVPR,2020
CVPR-2020-A003955,Bernhard Egger,"University of York, UK ARM Ltd, UK Aberystwyth University, UK MIT - BCS, CSAIL & CBMM, USA",United States | United Kingdom,CVPR,2020
CVPR-2020-A003956,Xuhua Huang,The Hong Kong University of Science and Technology Tencent,Hong Kong | China,CVPR,2020
CVPR-2020-A003957,Jiarui Xu,The Hong Kong University of Science and Technology Tencent,Hong Kong | China,CVPR,2020
CVPR-2020-A003958,Yu-Wing Tai,The Hong Kong University of Science and Technology Tencent,Hong Kong | China,CVPR,2020
CVPR-2020-A003959,Chi-Keung Tang,The Hong Kong University of Science and Technology Tencent,Hong Kong | China,CVPR,2020
CVPR-2020-A003960,Chu Wang,McGill University Adobe Research IIT Bombay,Canada | India,CVPR,2020
CVPR-2020-A003961,Babak Samari,McGill University Adobe Research IIT Bombay,Canada | India,CVPR,2020
CVPR-2020-A003962,Vladimir G. Kim,McGill University Adobe Research IIT Bombay,Canada | India,CVPR,2020
CVPR-2020-A003963,Siddhartha Chaudhuri,McGill University Adobe Research IIT Bombay,Canada | India,CVPR,2020
CVPR-2020-A003964,Kaleem Siddiqi,McGill University Adobe Research IIT Bombay,Canada | India,CVPR,2020
CVPR-2020-A003965,Zizhao Zhang,"Google Cloud AI, Google Brain",United States,CVPR,2020
CVPR-2020-A003966,Han Zhang,"Google Cloud AI, Google Brain",United States,CVPR,2020
CVPR-2020-A003967,Sercan O. Arik,"Google Cloud AI, Google Brain",United States,CVPR,2020
CVPR-2020-A003968,Honglak Lee,"Google Cloud AI, Google Brain",United States,CVPR,2020
CVPR-2020-A003969,Tomas Pfister,"Google Cloud AI, Google Brain",United States,CVPR,2020
CVPR-2020-A003970,Ping Hu,Boston University Adobe Research,United States,CVPR,2020
CVPR-2020-A003971,Fabian Caba,Boston University Adobe Research,United States,CVPR,2020
CVPR-2020-A003972,Oliver Wang,Boston University Adobe Research,United States,CVPR,2020
CVPR-2020-A003973,Zhe Lin,Boston University Adobe Research,United States,CVPR,2020
CVPR-2020-A003974,Stan Sclaroff,Boston University Adobe Research,United States,CVPR,2020
CVPR-2020-A003975,Federico Perazzi,Boston University Adobe Research,United States,CVPR,2020
CVPR-2020-A003976,Takuhiro Kaneko,The University of Tokyo,Japan,CVPR,2020
CVPR-2020-A003977,Tatsuya Harada,The University of Tokyo | RIKEN,Japan,CVPR,2020
CVPR-2020-A003978,Aljaz Bozic,UNKNOWN,UNKNOWN,CVPR,2020
CVPR-2020-A003979,Michael Zollhofer,UNKNOWN,UNKNOWN,CVPR,2020
CVPR-2020-A003980,Christian Theobalt,UNKNOWN,UNKNOWN,CVPR,2020
CVPR-2020-A003981,Matthias Niessner,UNKNOWN,UNKNOWN,CVPR,2020
CVPR-2020-A003982,Jiyang Yu,"University of California, San Diego",United States,CVPR,2020
CVPR-2020-A003983,Ravi Ramamoorthi,"University of California, San Diego",United States,CVPR,2020
CVPR-2020-A003984,Ori Nizan,"Technion, Israel",Israel,CVPR,2020
CVPR-2020-A003985,Ayellet Tal,"Technion, Israel",Israel,CVPR,2020
CVPR-2020-A003986,Yifan Sun,UNKNOWN,UNKNOWN,CVPR,2020
CVPR-2020-A003987,Changmao Cheng,UNKNOWN,UNKNOWN,CVPR,2020
CVPR-2020-A003988,Yuhan Zhang,Beihang University,China,CVPR,2020
CVPR-2020-A003989,Chi Zhang,UNKNOWN,UNKNOWN,CVPR,2020
CVPR-2020-A003990,Liang Zheng,Australian National University,Australia,CVPR,2020
CVPR-2020-A003991,Zhongdao Wang,Tsinghua University,China,CVPR,2020
CVPR-2020-A003992,Yichen Wei,UNKNOWN,UNKNOWN,CVPR,2020
CVPR-2020-A003993,Abdul Fatir Ansari,Department of Computer Science,UNKNOWN,CVPR,2020
CVPR-2020-A003994,Jonathan Scarlett,Department of Computer Science | Department of Mathematics National University of Singapore,Singapore,CVPR,2020
CVPR-2020-A003995,Harold Soh,Department of Computer Science,UNKNOWN,CVPR,2020
CVPR-2020-A003996,Rui Zhao,RPI and IBM Research,UNKNOWN,CVPR,2020
CVPR-2020-A003997,Hui Su,RPI and IBM Research,UNKNOWN,CVPR,2020
CVPR-2020-A003998,Qiang Ji,RPI and IBM Research,UNKNOWN,CVPR,2020
CVPR-2020-A003999,Tianyu Guo,"Key Lab of Machine Perception (MOE), Dept. of Machine Intelligence, Peking University.",China,CVPR,2020
CVPR-2020-A004000,Chang Xu,UNKNOWN,UNKNOWN,CVPR,2020
CVPR-2020-A004001,Jiajun Huang,UNKNOWN,UNKNOWN,CVPR,2020
CVPR-2020-A004002,Yunhe Wang,"Noah’s Ark Lab, Huawei Technologies.",UNKNOWN,CVPR,2020
CVPR-2020-A004003,Boxin Shi,"NELVT, Dept. of CS, Peking University. | Peng Cheng Laboratory.",China,CVPR,2020
CVPR-2020-A004004,Chao Xu,"Key Lab of Machine Perception (MOE), Dept. of Machine Intelligence, Peking University.",China,CVPR,2020
CVPR-2020-A004005,Dacheng Tao,UNKNOWN,UNKNOWN,CVPR,2020
CVPR-2020-A004006,Junbo Yin,"Beijing Lab of Intelligent Information Technology, School of Computer Science, Beijing Institute of Technology, China",China,CVPR,2020
CVPR-2020-A004007,Wenguan Wang,"ETH Zurich, Switzerland",Switzerland,CVPR,2020
CVPR-2020-A004008,Qinghao Meng,"Beijing Lab of Intelligent Information Technology, School of Computer Science, Beijing Institute of Technology, China",China,CVPR,2020
CVPR-2020-A004009,Ruigang Yang,"National Engineering Laboratory of Deep Learning Technology and Application, China | Inception Institute of Artiﬁcial Intelligence, UAE",China,CVPR,2020
CVPR-2020-A004010,Jianbing Shen,"Baidu Research | Beijing Lab of Intelligent Information Technology, School of Computer Science, Beijing Institute of Technology, China",China,CVPR,2020
CVPR-2020-A004011,Rameen Abdal,Cardiff University,United Kingdom,CVPR,2020
CVPR-2020-A004012,Yipeng Qin,Cardiff University,United Kingdom,CVPR,2020
CVPR-2020-A004013,Peter Wonka,Cardiff University,United Kingdom,CVPR,2020
CVPR-2020-A004014,Rui Xiang,Department of Mathematics UC Irvine,United States,CVPR,2020
CVPR-2020-A004015,Rongjie Lai,Department of Mathematics Rensselaer Polytechnic Institute,United States,CVPR,2020
CVPR-2020-A004016,Hongkai Zhao,Department of Mathematics UC Irvine,United States,CVPR,2020
CVPR-2020-A004017,Yang Zhang,"Department of Computer Science, University of Central Florida Computational and Information Sciences Directorate, U.S. Army Research Laboratory Department of Electrical Engineering and Computer Sciences, University of California, Berkeley",United States,CVPR,2020
CVPR-2020-A004018,Zixiang Zhou,"Department of Computer Science, University of Central Florida Computational and Information Sciences Directorate, U.S. Army Research Laboratory Department of Electrical Engineering and Computer Sciences, University of California, Berkeley",United States,CVPR,2020
CVPR-2020-A004019,Philip David,"Department of Computer Science, University of Central Florida Computational and Information Sciences Directorate, U.S. Army Research Laboratory Department of Electrical Engineering and Computer Sciences, University of California, Berkeley",United States,CVPR,2020
CVPR-2020-A004020,Xiangyu Yue,"Department of Computer Science, University of Central Florida Computational and Information Sciences Directorate, U.S. Army Research Laboratory Department of Electrical Engineering and Computer Sciences, University of California, Berkeley",United States,CVPR,2020
CVPR-2020-A004021,Zerong Xi,"Department of Computer Science, University of Central Florida Computational and Information Sciences Directorate, U.S. Army Research Laboratory Department of Electrical Engineering and Computer Sciences, University of California, Berkeley",United States,CVPR,2020
CVPR-2020-A004022,Boqing Gong,"Department of Computer Science, University of Central Florida Computational and Information Sciences Directorate, U.S. Army Research Laboratory Department of Electrical Engineering and Computer Sciences, University of California, Berkeley",United States,CVPR,2020
CVPR-2020-A004023,Hassan Foroosh,"Department of Computer Science, University of Central Florida Computational and Information Sciences Directorate, U.S. Army Research Laboratory Department of Electrical Engineering and Computer Sciences, University of California, Berkeley",United States,CVPR,2020
CVPR-2020-A004024,Ho Kei Cheng,UNKNOWN,UNKNOWN,CVPR,2020
CVPR-2020-A004025,Jihoon Chung,UNKNOWN,UNKNOWN,CVPR,2020
CVPR-2020-A004026,Yu-Wing Tai,UNKNOWN,UNKNOWN,CVPR,2020
CVPR-2020-A004027,Chi-Keung Tang,UNKNOWN,UNKNOWN,CVPR,2020
CVPR-2020-A004028,Hongyi Xu,Google Research,UNKNOWN,CVPR,2020
CVPR-2020-A004029,Eduard Gabriel Bazavan,Google Research,UNKNOWN,CVPR,2020
CVPR-2020-A004030,Andrei Zanfir,Google Research,UNKNOWN,CVPR,2020
CVPR-2020-A004031,William T. Freeman,Google Research,UNKNOWN,CVPR,2020
CVPR-2020-A004032,Rahul Sukthankar,Google Research,UNKNOWN,CVPR,2020
CVPR-2020-A004033,Cristian Sminchisescu,Google Research,UNKNOWN,CVPR,2020
CVPR-2020-A004034,Aysegul Dundar,UNKNOWN,UNKNOWN,CVPR,2020
CVPR-2020-A004035,Karan Sapra,UNKNOWN,UNKNOWN,CVPR,2020
CVPR-2020-A004036,Guilin Liu,UNKNOWN,UNKNOWN,CVPR,2020
CVPR-2020-A004037,Andrew Tao,UNKNOWN,UNKNOWN,CVPR,2020
CVPR-2020-A004038,Bryan Catanzaro,UNKNOWN,UNKNOWN,CVPR,2020
CVPR-2020-A004039,Chong Liu,"State Key Laboratory of Computer Science, Institute of Software, Chinese Academy of Sciences, China | University of Chinese Academy of Sciences, Beijing , China",China,CVPR,2020
CVPR-2020-A004040,Xiaojun Chang,"Monash University, Melbourne, Australia",Australia,CVPR,2020
CVPR-2020-A004041,Yi-Dong Shen,"State Key Laboratory of Computer Science, Institute of Software, Chinese Academy of Sciences, China",China,CVPR,2020
CVPR-2020-A004042,Andre Mateus,"Instituto Superior Técnico, Lisboa Google",Portugal,CVPR,2020
CVPR-2020-A004043,Srikumar Ramalingam,"Instituto Superior Técnico, Lisboa Google",Portugal,CVPR,2020
CVPR-2020-A004044,Pedro Miraldo,"Instituto Superior Técnico, Lisboa Google",Portugal,CVPR,2020
CVPR-2020-A004045,Yiding Yang,"Department of Computer Science, Stevens Institute of Technology, USA",United States,CVPR,2020
CVPR-2020-A004046,Jiayan Qiu,"UBTECH Sydney AI Centre, School of Computer Science, FEIT, The University of Sydney, Australia",Australia,CVPR,2020
CVPR-2020-A004047,Mingli Song,"College of Computer Science and Technology, Zhejiang University, China",China,CVPR,2020
CVPR-2020-A004048,Dacheng Tao,"UBTECH Sydney AI Centre, School of Computer Science, FEIT, The University of Sydney, Australia",Australia,CVPR,2020
CVPR-2020-A004049,Xinchao Wang,"Department of Computer Science, Stevens Institute of Technology, USA",United States,CVPR,2020
CVPR-2020-A004050,Tong Zhou,South China University of Technology,China,CVPR,2020
CVPR-2020-A004051,Changxing Ding,South China University of Technology,China,CVPR,2020
CVPR-2020-A004052,Shaowen Lin,South China University of Technology,China,CVPR,2020
CVPR-2020-A004053,Xinchao Wang,Stevens Institute of Technology,United States,CVPR,2020
CVPR-2020-A004054,Dacheng Tao,"UBTECH Sydney AI Centre, School of Computer Science, Faculty of Engineering",Australia,CVPR,2020
CVPR-2020-A004055,Yiqun Mei,"IFP Group, UIUC, Horizon Robotics, University of Oregon",UNKNOWN,CVPR,2020
CVPR-2020-A004056,Yuchen Fan,"IFP Group, UIUC, Horizon Robotics, University of Oregon",UNKNOWN,CVPR,2020
CVPR-2020-A004057,Yuqian Zhou,"IFP Group, UIUC, Horizon Robotics, University of Oregon",UNKNOWN,CVPR,2020
CVPR-2020-A004058,Lichao Huang,"IFP Group, UIUC, Horizon Robotics, University of Oregon",UNKNOWN,CVPR,2020
CVPR-2020-A004059,Thomas S. Huang,"IFP Group, UIUC, Horizon Robotics, University of Oregon",UNKNOWN,CVPR,2020
CVPR-2020-A004060,Honghui Shi,"IFP Group, UIUC, Horizon Robotics, University of Oregon",UNKNOWN,CVPR,2020
CVPR-2020-A004061,Ambar Pal,"Mathematical Institute for Data Science, Johns Hopkins University, Baltimore, MD",United States,CVPR,2020
CVPR-2020-A004062,Connor Lane,"Mathematical Institute for Data Science, Johns Hopkins University, Baltimore, MD",United States,CVPR,2020
CVPR-2020-A004063,Rene Vidal,"Mathematical Institute for Data Science, Johns Hopkins University, Baltimore, MD",United States,CVPR,2020
CVPR-2020-A004064,Benjamin D. Haeffele,"Mathematical Institute for Data Science, Johns Hopkins University, Baltimore, MD",United States,CVPR,2020
CVPR-2020-A004065,Nicolas Donati,UNKNOWN,UNKNOWN,CVPR,2020
CVPR-2020-A004066,Abhishek Sharma,UNKNOWN,UNKNOWN,CVPR,2020
CVPR-2020-A004067,Maks Ovsjanikov,UNKNOWN,UNKNOWN,CVPR,2020
CVPR-2020-A004068,Xuan Liao,"Cooperative Medianet Innovation Center, Shanghai Jiao Tong University Multi-agent Artificial Intelligence Laboratory, East China Normal University",China,CVPR,2020
CVPR-2020-A004069,Wenhao Li,"Cooperative Medianet Innovation Center, Shanghai Jiao Tong University Multi-agent Artificial Intelligence Laboratory, East China Normal University",China,CVPR,2020
CVPR-2020-A004070,Qisen Xu,"Cooperative Medianet Innovation Center, Shanghai Jiao Tong University Multi-agent Artificial Intelligence Laboratory, East China Normal University",China,CVPR,2020
CVPR-2020-A004071,Xiangfeng Wang,"Cooperative Medianet Innovation Center, Shanghai Jiao Tong University Multi-agent Artificial Intelligence Laboratory, East China Normal University",China,CVPR,2020
CVPR-2020-A004072,Bo Jin,"Cooperative Medianet Innovation Center, Shanghai Jiao Tong University Multi-agent Artificial Intelligence Laboratory, East China Normal University",China,CVPR,2020
CVPR-2020-A004073,Xiaoyun Zhang,"Cooperative Medianet Innovation Center, Shanghai Jiao Tong University Multi-agent Artificial Intelligence Laboratory, East China Normal University",China,CVPR,2020
CVPR-2020-A004074,Yanfeng Wang,"Cooperative Medianet Innovation Center, Shanghai Jiao Tong University Multi-agent Artificial Intelligence Laboratory, East China Normal University",China,CVPR,2020
CVPR-2020-A004075,Ya Zhang,"Cooperative Medianet Innovation Center, Shanghai Jiao Tong University Multi-agent Artificial Intelligence Laboratory, East China Normal University",China,CVPR,2020
CVPR-2020-A004076,Edo Collins,"School of Computer and Communication Sciences, EPFL, Switzerland",Switzerland,CVPR,2020
CVPR-2020-A004077,Raja Bala,UNKNOWN,UNKNOWN,CVPR,2020
CVPR-2020-A004078,Bob Price,UNKNOWN,UNKNOWN,CVPR,2020
CVPR-2020-A004079,Sabine Susstrunk,UNKNOWN,UNKNOWN,CVPR,2020
CVPR-2020-A004080,Huu Le,"Chalmers University of Technology, Sweden",Sweden,CVPR,2020
CVPR-2020-A004081,Christopher Zach,"Chalmers University of Technology, Sweden",Sweden,CVPR,2020
CVPR-2020-A004082,Evangelos Sariyanidi,"Center for Autism Research, Children’s Hospital of Philadelphia",United States,CVPR,2020
CVPR-2020-A004083,Casey J. Zampella,"Center for Autism Research, Children’s Hospital of Philadelphia",United States,CVPR,2020
CVPR-2020-A004084,Keith G. Bartley,"Center for Autism Research, Children’s Hospital of Philadelphia",United States,CVPR,2020
CVPR-2020-A004085,John D. Herrington,"Center for Autism Research, Children’s Hospital of Philadelphia | University of Pennsylvania",United States,CVPR,2020
CVPR-2020-A004086,Theodore D. Satterthwaite,University of Pennsylvania,United States,CVPR,2020
CVPR-2020-A004087,Robert T. Schultz,"Center for Autism Research, Children’s Hospital of Philadelphia | University of Pennsylvania",United States,CVPR,2020
CVPR-2020-A004088,Birkan Tunc,"Center for Autism Research, Children’s Hospital of Philadelphia | University of Pennsylvania",United States,CVPR,2020
CVPR-2020-A004089,Marc Habermann,"Max Planck Institute for Informatics, Saarland Informatics Campus, Stanford University",Germany | United States,CVPR,2020
CVPR-2020-A004090,Weipeng Xu,"Max Planck Institute for Informatics, Saarland Informatics Campus, Stanford University",Germany | United States,CVPR,2020
CVPR-2020-A004091,Michael Zollhofer,"Max Planck Institute for Informatics, Saarland Informatics Campus, Stanford University",Germany | United States,CVPR,2020
CVPR-2020-A004092,Gerard Pons-Moll,"Max Planck Institute for Informatics, Saarland Informatics Campus, Stanford University",Germany | United States,CVPR,2020
CVPR-2020-A004093,Christian Theobalt,"Max Planck Institute for Informatics, Saarland Informatics Campus, Stanford University",Germany | United States,CVPR,2020
CVPR-2020-A004094,Thomas Nestmeyer,UNKNOWN,UNKNOWN,CVPR,2020
CVPR-2020-A004095,Jean-Francois Lalonde,UNKNOWN,UNKNOWN,CVPR,2020
CVPR-2020-A004096,Iain Matthews,UNKNOWN,UNKNOWN,CVPR,2020
CVPR-2020-A004097,Andreas Lehrmann,UNKNOWN,UNKNOWN,CVPR,2020
CVPR-2020-A004098,Yu Yu,"Idiap Research Institute, CH- , Martigny, Switzerland",Switzerland,CVPR,2020
CVPR-2020-A004099,Jean-Marc Odobez,"Idiap Research Institute, CH- , Martigny, Switzerland",Switzerland,CVPR,2020
CVPR-2020-A004100,Fabian Mentzer,UNKNOWN,UNKNOWN,CVPR,2020
CVPR-2020-A004101,Luc Van Gool,UNKNOWN,UNKNOWN,CVPR,2020
CVPR-2020-A004102,Michael Tschannen,UNKNOWN,UNKNOWN,CVPR,2020
CVPR-2020-A004103,Duo Li,The Hong Kong University of Science and Technology,Hong Kong,CVPR,2020
CVPR-2020-A004104,Qifeng Chen,The Hong Kong University of Science and Technology,Hong Kong,CVPR,2020
CVPR-2020-A004105,Lei Zhao,"College of Computer Science and Technology, Zhejiang University",China,CVPR,2020
CVPR-2020-A004106,Qihang Mo,"College of Computer Science and Technology, Zhejiang University",China,CVPR,2020
CVPR-2020-A004107,Sihuan Lin,"College of Computer Science and Technology, Zhejiang University",China,CVPR,2020
CVPR-2020-A004108,Zhizhong Wang,"College of Computer Science and Technology, Zhejiang University",China,CVPR,2020
CVPR-2020-A004109,Zhiwen Zuo,"College of Computer Science and Technology, Zhejiang University",China,CVPR,2020
CVPR-2020-A004110,Haibo Chen,"College of Computer Science and Technology, Zhejiang University",China,CVPR,2020
CVPR-2020-A004111,Wei Xing,"College of Computer Science and Technology, Zhejiang University",China,CVPR,2020
CVPR-2020-A004112,Dongming Lu,"College of Computer Science and Technology, Zhejiang University",China,CVPR,2020
CVPR-2020-A004113,Hao Sun,University of Missouri,United States,CVPR,2020
CVPR-2020-A004114,Zhiqun Zhao,University of Missouri,United States,CVPR,2020
CVPR-2020-A004115,Zhihai He,University of Missouri,United States,CVPR,2020
CVPR-2020-A004116,Yichun Shi,Michigan State University | NEC Labs America,United States,CVPR,2020
CVPR-2020-A004117,Xiang Yu,NEC Labs America,United States,CVPR,2020
CVPR-2020-A004118,Kihyuk Sohn,NEC Labs America,United States,CVPR,2020
CVPR-2020-A004119,Manmohan Chandraker,"NEC Labs America | University of California, San Diego",United States,CVPR,2020
CVPR-2020-A004120,Anil K. Jain,Michigan State University,United States,CVPR,2020
CVPR-2020-A004121,Yaqing Ding,UNKNOWN,UNKNOWN,CVPR,2020
CVPR-2020-A004122,Jian Yang,UNKNOWN,UNKNOWN,CVPR,2020
CVPR-2020-A004123,Jean Ponce,UNKNOWN,UNKNOWN,CVPR,2020
CVPR-2020-A004124,Hui Kong,UNKNOWN,UNKNOWN,CVPR,2020
CVPR-2020-A004125,Peizhao Li,Brandeis University,United States,CVPR,2020
CVPR-2020-A004126,Han Zhao,Carnegie Mellon University,United States,CVPR,2020
CVPR-2020-A004127,Hongfu Liu,Brandeis University,United States,CVPR,2020
CVPR-2020-A004128,Yudong Wu,SenseTime Group Limited BeiHang University Tsinghua University,China,CVPR,2020
CVPR-2020-A004129,Yichao Wu,SenseTime Group Limited BeiHang University Tsinghua University,China,CVPR,2020
CVPR-2020-A004130,Ruihao Gong,SenseTime Group Limited BeiHang University Tsinghua University,China,CVPR,2020
CVPR-2020-A004131,Yuanhao Lv,SenseTime Group Limited BeiHang University Tsinghua University,China,CVPR,2020
CVPR-2020-A004132,Ken Chen,SenseTime Group Limited BeiHang University Tsinghua University,China,CVPR,2020
CVPR-2020-A004133,Ding Liang,SenseTime Group Limited BeiHang University Tsinghua University,China,CVPR,2020
CVPR-2020-A004134,Xiaolin Hu,SenseTime Group Limited BeiHang University Tsinghua University,China,CVPR,2020
CVPR-2020-A004135,Xianglong Liu,SenseTime Group Limited BeiHang University Tsinghua University,China,CVPR,2020
CVPR-2020-A004136,Junjie Yan,SenseTime Group Limited BeiHang University Tsinghua University,China,CVPR,2020
CVPR-2020-A004137,Jianqiang Wan,Huazhong University of Science and Technology,China,CVPR,2020
CVPR-2020-A004138,Yang Liu,Huazhong University of Science and Technology,China,CVPR,2020
CVPR-2020-A004139,Donglai Wei,Harvard University,United States,CVPR,2020
CVPR-2020-A004140,Xiang Bai,Huazhong University of Science and Technology,China,CVPR,2020
CVPR-2020-A004141,Yongchao Xu,Huazhong University of Science and Technology,China,CVPR,2020
CVPR-2020-A004142,Zhuoqian Yang,UNKNOWN,UNKNOWN,CVPR,2020
CVPR-2020-A004143,Wentao Zhu,Peking University,China,CVPR,2020
CVPR-2020-A004144,Wayne Wu,UNKNOWN,UNKNOWN,CVPR,2020
CVPR-2020-A004145,Chen Qian,UNKNOWN,UNKNOWN,CVPR,2020
CVPR-2020-A004146,Qiang Zhou,UNKNOWN,UNKNOWN,CVPR,2020
CVPR-2020-A004147,Bolei Zhou,UNKNOWN,UNKNOWN,CVPR,2020
CVPR-2020-A004148,Chen Change Loy,UNKNOWN,UNKNOWN,CVPR,2020
CVPR-2020-A004149,Xuyang Bai,Hong Kong University of Science and Technology,Hong Kong,CVPR,2020
CVPR-2020-A004150,Zixin Luo,Hong Kong University of Science and Technology,Hong Kong,CVPR,2020
CVPR-2020-A004151,Lei Zhou,Hong Kong University of Science and Technology,Hong Kong,CVPR,2020
CVPR-2020-A004152,Hongbo Fu,City University of Hong Kong,Hong Kong,CVPR,2020
CVPR-2020-A004153,Long Quan,Hong Kong University of Science and Technology,Hong Kong,CVPR,2020
CVPR-2020-A004154,Chiew-Lan Tai,UNKNOWN,UNKNOWN,CVPR,2020
CVPR-2020-A004155,Xun Wang,UNKNOWN,UNKNOWN,CVPR,2020
CVPR-2020-A004156,Haozhi Zhang,UNKNOWN,UNKNOWN,CVPR,2020
CVPR-2020-A004157,Weilin Huang,UNKNOWN,UNKNOWN,CVPR,2020
CVPR-2020-A004158,Matthew R. Scott,UNKNOWN,UNKNOWN,CVPR,2020
CVPR-2020-A004159,Qiangchang Wang,"West Virginia University, Morgantown, USA",United States,CVPR,2020
CVPR-2020-A004160,Tianyi Wu,"Institute of Deep Learning, Baidu Research, Beijing, China | National Engineering Laboratory for Deep Learning Technology and Application, Beijing, China",China,CVPR,2020
CVPR-2020-A004161,He Zheng,"Institute of Deep Learning, Baidu Research, Beijing, China | National Engineering Laboratory for Deep Learning Technology and Application, Beijing, China",China,CVPR,2020
CVPR-2020-A004162,Guodong Guo,"West Virginia University, Morgantown, USA | Institute of Deep Learning, Baidu Research, Beijing, China | National Engineering Laboratory for Deep Learning Technology and Application, Beijing, China",United States | China,CVPR,2020
CVPR-2020-A004163,Daquan Liu,"School of Computer Science, Wuhan University",China,CVPR,2020
CVPR-2020-A004164,Chengjiang Long,"Kitware Inc., Clifton Park, NY, USA",United States,CVPR,2020
CVPR-2020-A004165,Hongpan Zhang,"School of Computer Science, Wuhan University",China,CVPR,2020
CVPR-2020-A004166,Hanning Yu,"School of Computer Science, Wuhan University",China,CVPR,2020
CVPR-2020-A004167,Xinzhi Dong,"School of Computer Science, Wuhan University",China,CVPR,2020
CVPR-2020-A004168,Chunxia Xiao,"School of Computer Science, Wuhan University | National Engineering Research Center For Multimedia Software, Wuhan University | Institute of Artificial Intelligence, Wuhan University",China,CVPR,2020
CVPR-2020-A004169,Eric-Tuan Le,Adobe Research,United States,CVPR,2020
CVPR-2020-A004170,Iasonas Kokkinos,Adobe Research,United States,CVPR,2020
CVPR-2020-A004171,Niloy J. Mitra,Adobe Research,United States,CVPR,2020
CVPR-2020-A004172,Helisa Dhamo,UNKNOWN,UNKNOWN,CVPR,2020
CVPR-2020-A004173,Azade Farshad,UNKNOWN,UNKNOWN,CVPR,2020
CVPR-2020-A004174,Iro Laina,Technische Universität München | University of Oxford,Germany | United Kingdom,CVPR,2020
CVPR-2020-A004175,Nassir Navab,Technische Universität München | Johns Hopkins University,Germany | United States,CVPR,2020
CVPR-2020-A004176,Gregory D. Hager,Johns Hopkins University,United States,CVPR,2020
CVPR-2020-A004177,Federico Tombari,Technische Universität München | Google,Germany | United States,CVPR,2020
CVPR-2020-A004178,Christian Rupprecht,University of Oxford,United Kingdom,CVPR,2020
CVPR-2020-A004179,Konstantinos Rematas,Google Research,UNKNOWN,CVPR,2020
CVPR-2020-A004180,Vittorio Ferrari,Google Research,UNKNOWN,CVPR,2020
CVPR-2020-A004181,Yihong Xu,UNKNOWN,UNKNOWN,CVPR,2020
CVPR-2020-A004182,Aljosa Osep,UNKNOWN,UNKNOWN,CVPR,2020
CVPR-2020-A004183,Yutong Ban,UNKNOWN,UNKNOWN,CVPR,2020
CVPR-2020-A004184,Radu Horaud,UNKNOWN,UNKNOWN,CVPR,2020
CVPR-2020-A004185,Laura Leal-Taixe,UNKNOWN,UNKNOWN,CVPR,2020
CVPR-2020-A004186,Xavier Alameda-Pineda,UNKNOWN,UNKNOWN,CVPR,2020
CVPR-2020-A004187,Shichao Li,"The Hong Kong University of Science and Technology, Tencent",Hong Kong | China,CVPR,2020
CVPR-2020-A004188,Lei Ke,"The Hong Kong University of Science and Technology, Tencent",Hong Kong | China,CVPR,2020
CVPR-2020-A004189,Kevin Pratama,"The Hong Kong University of Science and Technology, Tencent",Hong Kong | China,CVPR,2020
CVPR-2020-A004190,Yu-Wing Tai,"The Hong Kong University of Science and Technology, Tencent",Hong Kong | China,CVPR,2020
CVPR-2020-A004191,Chi-Keung Tang,"The Hong Kong University of Science and Technology, Tencent",Hong Kong | China,CVPR,2020
CVPR-2020-A004192,Kwang-Ting Cheng,"The Hong Kong University of Science and Technology, Tencent",Hong Kong | China,CVPR,2020
CVPR-2020-A004193,Prashant W. Patil,"CVPR Lab, Indian Institute of Technology Ropar, INDIA",India,CVPR,2020
CVPR-2020-A004194,Kuldeep M. Biradar,"CVPR Lab, Indian Institute of Technology Ropar, INDIA",India,CVPR,2020
CVPR-2020-A004195,Akshay Dudhane,"CVPR Lab, Indian Institute of Technology Ropar, INDIA",India,CVPR,2020
CVPR-2020-A004196,Subrahmanyam Murala,"CVPR Lab, Indian Institute of Technology Ropar, INDIA",India,CVPR,2020
CVPR-2020-A004197,Miao Zhang,Beijing Institute of Technology | University of Technology Sydney,China | Australia,CVPR,2020
CVPR-2020-A004198,Huiqi Li,Beijing Institute of Technology,China,CVPR,2020
CVPR-2020-A004199,Shirui Pan,Monash University,Australia,CVPR,2020
CVPR-2020-A004200,Xiaojun Chang,Monash University,Australia,CVPR,2020
CVPR-2020-A004201,Steven Su,University of Technology Sydney,Australia,CVPR,2020
CVPR-2020-A004202,Wei Xiong,University of Rochester,United States,CVPR,2020
CVPR-2020-A004203,Yutong He,University of Rochester,United States,CVPR,2020
CVPR-2020-A004204,Yixuan Zhang,University of Rochester,United States,CVPR,2020
CVPR-2020-A004205,Wenhan Luo,Tencent AI Lab,China,CVPR,2020
CVPR-2020-A004206,Lin Ma,Tencent AI Lab,China,CVPR,2020
CVPR-2020-A004207,Jiebo Luo,University of Rochester,United States,CVPR,2020
CVPR-2020-A004208,Ishan Misra,Facebook AI Research,United States,CVPR,2020
CVPR-2020-A004209,Laurens van der Maaten,Facebook AI Research,United States,CVPR,2020
CVPR-2020-A004210,Gaurav Mittal,UNKNOWN,UNKNOWN,CVPR,2020
CVPR-2020-A004211,Chang Liu,UNKNOWN,UNKNOWN,CVPR,2020
CVPR-2020-A004212,Nikolaos Karianakis,UNKNOWN,UNKNOWN,CVPR,2020
CVPR-2020-A004213,Victor Fragoso,UNKNOWN,UNKNOWN,CVPR,2020
CVPR-2020-A004214,Mei Chen,UNKNOWN,UNKNOWN,CVPR,2020
CVPR-2020-A004215,Yun Fu,UNKNOWN,UNKNOWN,CVPR,2020
CVPR-2020-A004216,Adam Kaufman,UNKNOWN,UNKNOWN,CVPR,2020
CVPR-2020-A004217,Raanan Fattal,UNKNOWN,UNKNOWN,CVPR,2020
CVPR-2020-A004218,Jin Liu,"School of Remote Sensing and Information Engineering, Wuhan University",China,CVPR,2020
CVPR-2020-A004219,Shunping Ji,"School of Remote Sensing and Information Engineering, Wuhan University",China,CVPR,2020
CVPR-2020-A004220,Agastya Kalra,"Akasha Imaging MIT Media Lab University of California, Los Angeles (UCLA)",United States,CVPR,2020
CVPR-2020-A004221,Vage Taamazyan,"Akasha Imaging MIT Media Lab University of California, Los Angeles (UCLA)",United States,CVPR,2020
CVPR-2020-A004222,Supreeth Krishna Rao,"Akasha Imaging MIT Media Lab University of California, Los Angeles (UCLA)",United States,CVPR,2020
CVPR-2020-A004223,Kartik Venkataraman,"Akasha Imaging MIT Media Lab University of California, Los Angeles (UCLA)",United States,CVPR,2020
CVPR-2020-A004224,Ramesh Raskar,"Akasha Imaging MIT Media Lab University of California, Los Angeles (UCLA)",United States,CVPR,2020
CVPR-2020-A004225,Achuta Kadambi,"Akasha Imaging MIT Media Lab University of California, Los Angeles (UCLA)",United States,CVPR,2020
CVPR-2020-A004226,Muyang Li,UNKNOWN,UNKNOWN,CVPR,2020
CVPR-2020-A004227,Ji Lin,UNKNOWN,UNKNOWN,CVPR,2020
CVPR-2020-A004228,Yaoyao Ding,UNKNOWN,UNKNOWN,CVPR,2020
CVPR-2020-A004229,Zhijian Liu,UNKNOWN,UNKNOWN,CVPR,2020
CVPR-2020-A004230,Jun-Yan Zhu,UNKNOWN,UNKNOWN,CVPR,2020
CVPR-2020-A004231,Song Han,UNKNOWN,UNKNOWN,CVPR,2020
CVPR-2020-A004232,Tian Han,"Department of Computer Science, Stevens Institute of Technology",United States,CVPR,2020
CVPR-2020-A004233,Erik Nijkamp,"Department of Statistics, University of California, Los Angeles",United States,CVPR,2020
CVPR-2020-A004234,Linqi Zhou,"Department of Statistics, University of California, Los Angeles",United States,CVPR,2020
CVPR-2020-A004235,Bo Pang,"Department of Statistics, University of California, Los Angeles",United States,CVPR,2020
CVPR-2020-A004236,Song-Chun Zhu,"Department of Statistics, University of California, Los Angeles",United States,CVPR,2020
CVPR-2020-A004237,Ying Nian Wu,"Department of Statistics, University of California, Los Angeles",United States,CVPR,2020
CVPR-2020-A004238,Peibin Chen,"Peking University, Ant Financial Services Group, Megvii",China,CVPR,2020
CVPR-2020-A004239,Tao Ma,"Peking University, Ant Financial Services Group, Megvii",China,CVPR,2020
CVPR-2020-A004240,Xu Qin,"Peking University, Ant Financial Services Group, Megvii",China,CVPR,2020
CVPR-2020-A004241,Weidi Xu,"Peking University, Ant Financial Services Group, Megvii",China,CVPR,2020
CVPR-2020-A004242,Shuchang Zhou,"Peking University, Ant Financial Services Group, Megvii",China,CVPR,2020
CVPR-2020-A004243,Zhongyou Xu,"Shanghai Key Laboratory of Multidimensional Information Processing, and the School of Computer Science and Technology, East China Normal University Liverpool John Moores University",China,CVPR,2020
CVPR-2020-A004244,Tingting Wang,"Shanghai Key Laboratory of Multidimensional Information Processing, and the School of Computer Science and Technology, East China Normal University Liverpool John Moores University",China,CVPR,2020
CVPR-2020-A004245,Faming Fang,"Shanghai Key Laboratory of Multidimensional Information Processing, and the School of Computer Science and Technology, East China Normal University Liverpool John Moores University",China,CVPR,2020
CVPR-2020-A004246,Yun Sheng,"Shanghai Key Laboratory of Multidimensional Information Processing, and the School of Computer Science and Technology, East China Normal University Liverpool John Moores University",China,CVPR,2020
CVPR-2020-A004247,Guixu Zhang,"Shanghai Key Laboratory of Multidimensional Information Processing, and the School of Computer Science and Technology, East China Normal University Liverpool John Moores University",China,CVPR,2020
CVPR-2020-A004248,Wentao Jiang,"School of Computer Science and Engineering, Beihang University",China,CVPR,2020
CVPR-2020-A004249,Si Liu,"School of Computer Science and Engineering, Beihang University",China,CVPR,2020
CVPR-2020-A004250,Chen Gao,"Institute of Information Engineering, Chinese Academy of Sciences | University of Chinese Academy of Sciences",China,CVPR,2020
CVPR-2020-A004251,Jie Cao,"Institute of Automation, Chinese Academy of Sciences | University of Chinese Academy of Sciences",China,CVPR,2020
CVPR-2020-A004252,Ran He,"Institute of Automation, Chinese Academy of Sciences | University of Chinese Academy of Sciences",China,CVPR,2020
CVPR-2020-A004253,Jiashi Feng,National University of Singapore,Singapore,CVPR,2020
CVPR-2020-A004254,Shuicheng Yan,UNKNOWN,UNKNOWN,CVPR,2020
CVPR-2020-A004255,Xia Li,"Zhejiang Lab | Key Laboratory of Machine Perception, Shenzhen Graduate School, Peking University | Key Laboratory of Machine Perception (MOE), School of EECS, Peking University",China,CVPR,2020
CVPR-2020-A004256,Yibo Yang,"Academy for Advanced Interdisciplinary Studies, Peking University | Key Laboratory of Machine Perception (MOE), School of EECS, Peking University",China,CVPR,2020
CVPR-2020-A004257,Qijie Zhao,"Wangxuan Institute of Computer Technology, Peking University",China,CVPR,2020
CVPR-2020-A004258,Tiancheng Shen,"Academy for Advanced Interdisciplinary Studies, Peking University | Key Laboratory of Machine Perception (MOE), School of EECS, Peking University",China,CVPR,2020
CVPR-2020-A004259,Zhouchen Lin,"Key Laboratory of Machine Perception (MOE), School of EECS, Peking University",China,CVPR,2020
CVPR-2020-A004260,Hong Liu,UNKNOWN,UNKNOWN,CVPR,2020
CVPR-2020-A004261,Seongwook Yoon,"Korea University Seoul, Republic of Korea",South Korea,CVPR,2020
CVPR-2020-A004262,Sanghoon Sull,"Korea University Seoul, Republic of Korea",South Korea,CVPR,2020
CVPR-2020-A004263,Nathaniel Chodosh,Carnegie Mellon University,United States,CVPR,2020
CVPR-2020-A004264,Simon Lucey,Carnegie Mellon University | Argo AI,United States,CVPR,2020
CVPR-2020-A004265,Yujiang Wang,Imperial College London | Samsung AI Center Cambridge,United Kingdom,CVPR,2020
CVPR-2020-A004266,Mingzhi Dong,University College London,United Kingdom,CVPR,2020
CVPR-2020-A004267,Jie Shen,Imperial College London | Samsung AI Center Cambridge,United Kingdom,CVPR,2020
CVPR-2020-A004268,Yang Wu,Kyoto University,Japan,CVPR,2020
CVPR-2020-A004269,Shiyang Cheng,Samsung AI Center Cambridge,United Kingdom,CVPR,2020
CVPR-2020-A004270,Maja Pantic,Imperial College London | Samsung AI Center Cambridge,United Kingdom,CVPR,2020
CVPR-2020-A004271,Bowen Li,University of Oxford University of Hong Kong,United Kingdom | China,CVPR,2020
CVPR-2020-A004272,Xiaojuan Qi,University of Oxford University of Hong Kong,United Kingdom | China,CVPR,2020
CVPR-2020-A004273,Thomas Lukasiewicz,University of Oxford University of Hong Kong,United Kingdom | China,CVPR,2020
CVPR-2020-A004274,Philip H.S. Torr,University of Oxford University of Hong Kong,United Kingdom | China,CVPR,2020
CVPR-2020-A004275,Garoe Dorta,University of Bath,United Kingdom,CVPR,2020
CVPR-2020-A004276,Sara Vicente,University of Bath,United Kingdom,CVPR,2020
CVPR-2020-A004277,Neill D. F. Campbell,University of Bath,United Kingdom,CVPR,2020
CVPR-2020-A004278,Ivor J. A. Simpson,University of Bath,United Kingdom,CVPR,2020
CVPR-2020-A004279,Eunji Chong,Georgia Institute of Technology,United States,CVPR,2020
CVPR-2020-A004280,Yongxin Wang,Carnegie Mellon University,United States,CVPR,2020
CVPR-2020-A004281,Nataniel Ruiz,Boston University,United States,CVPR,2020
CVPR-2020-A004282,James M. Rehg,Georgia Institute of Technology,United States,CVPR,2020
CVPR-2020-A004283,Erich Kobler,University of Graz,Austria,CVPR,2020
CVPR-2020-A004284,Alexander Effland,University of Graz,Austria,CVPR,2020
CVPR-2020-A004285,Karl Kunisch,University of Graz,Austria,CVPR,2020
CVPR-2020-A004286,Thomas Pock,University of Graz,Austria,CVPR,2020
CVPR-2020-A004287,Lorenzo Porzi,"Mapillary Research , Graz University of Technology , Computer Vision Center, UAB∗",UNKNOWN,CVPR,2020
CVPR-2020-A004288,Markus Hofinger,"Mapillary Research , Graz University of Technology , Computer Vision Center, UAB∗",UNKNOWN,CVPR,2020
CVPR-2020-A004289,Idoia Ruiz,"Mapillary Research , Graz University of Technology , Computer Vision Center, UAB∗",UNKNOWN,CVPR,2020
CVPR-2020-A004290,Joan Serrat,"Mapillary Research , Graz University of Technology , Computer Vision Center, UAB∗",UNKNOWN,CVPR,2020
CVPR-2020-A004291,Samuel Rota Bulo,"Mapillary Research , Graz University of Technology , Computer Vision Center, UAB∗",UNKNOWN,CVPR,2020
CVPR-2020-A004292,Peter Kontschieder,"Mapillary Research , Graz University of Technology , Computer Vision Center, UAB∗",UNKNOWN,CVPR,2020
CVPR-2020-A004293,Ali Rahmati,"∗ Department of ECE, North Carolina State University Institue for Machine Learning, ETH Zurich Ecole Polytechnique Federale de Lausanne",United States,CVPR,2020
CVPR-2020-A004294,Seyed-Mohsen Moosavi-Dezfooli,"∗ Department of ECE, North Carolina State University Institue for Machine Learning, ETH Zurich Ecole Polytechnique Federale de Lausanne",United States,CVPR,2020
CVPR-2020-A004295,Pascal Frossard,"∗ Department of ECE, North Carolina State University Institue for Machine Learning, ETH Zurich Ecole Polytechnique Federale de Lausanne",United States,CVPR,2020
CVPR-2020-A004296,Huaiyu Dai,"∗ Department of ECE, North Carolina State University Institue for Machine Learning, ETH Zurich Ecole Polytechnique Federale de Lausanne",United States,CVPR,2020
CVPR-2020-A004297,Zhen Zhu,Huazhong University of Science and Technology,China,CVPR,2020
CVPR-2020-A004298,Zhiliang Xu,Huazhong University of Science and Technology,China,CVPR,2020
CVPR-2020-A004299,Ansheng You,Peking University,China,CVPR,2020
CVPR-2020-A004300,Xiang Bai,Huazhong University of Science and Technology,China,CVPR,2020
CVPR-2020-A004301,Yang Zhang,"School of Automation, Southeast University, China | Key Laboratory of Measurement and Control of Complex Systems of Engineering, Ministry of Education, Southeast University, China | Centre for Artificial Intelligence, University of Technology Sydney, Australia",China | Australia,CVPR,2020
CVPR-2020-A004302,Ivor W. Tsang,"Centre for Artificial Intelligence, University of Technology Sydney, Australia",Australia,CVPR,2020
CVPR-2020-A004303,Yawei Luo,"School of Computer Science and Technology, Huazhong University of Science and Technology, China",China,CVPR,2020
CVPR-2020-A004304,Chang-Hui Hu,UNKNOWN,UNKNOWN,CVPR,2020
CVPR-2020-A004305,Xiaobo Lu,"School of Automation, Southeast University, China | Key Laboratory of Measurement and Control of Complex Systems of Engineering, Ministry of Education, Southeast University, China",China,CVPR,2020
CVPR-2020-A004306,Xin Yu,"Centre for Artificial Intelligence, University of Technology Sydney, Australia | Australian Centre for Robotic Vision, Australian National University, Australia",Australia,CVPR,2020
CVPR-2020-A004307,Paul Henderson,IBM Research Zürich,Switzerland,CVPR,2020
CVPR-2020-A004308,Vagia Tsiminaki,IBM Research Zürich,Switzerland,CVPR,2020
CVPR-2020-A004309,Christoph H. Lampert,IBM Research Zürich,Switzerland,CVPR,2020
CVPR-2020-A004310,Yangxin Wu,Sun Yat-sen University,China,CVPR,2020
CVPR-2020-A004311,Gengwei Zhang,Sun Yat-sen University,China,CVPR,2020
CVPR-2020-A004312,Yiming Gao,Sun Yat-sen University,China,CVPR,2020
CVPR-2020-A004313,Xiajun Deng,Sun Yat-sen University,China,CVPR,2020
CVPR-2020-A004314,Ke Gong,DarkMatter AI Research,UNKNOWN,CVPR,2020
CVPR-2020-A004315,Xiaodan Liang,Sun Yat-sen University | DarkMatter AI Research,China | United Arab Emirates,CVPR,2020
CVPR-2020-A004316,Liang Lin,Sun Yat-sen University | DarkMatter AI Research,China | United Arab Emirates,CVPR,2020
CVPR-2020-A004317,Guan'an Wang,UNKNOWN,UNKNOWN,CVPR,2020
CVPR-2020-A004318,Shuo Yang,UNKNOWN,UNKNOWN,CVPR,2020
CVPR-2020-A004319,Huanyu Liu,Beijing Institute of Technology,China,CVPR,2020
CVPR-2020-A004320,Zhicheng Wang,Beijing Institute of Technology,China,CVPR,2020
CVPR-2020-A004321,Yang Yang,"Institute of Automation, CAS",China,CVPR,2020
CVPR-2020-A004322,Shuliang Wang,UNKNOWN,UNKNOWN,CVPR,2020
CVPR-2020-A004323,Gang Yu,Beijing Institute of Technology,China,CVPR,2020
CVPR-2020-A004324,Erjin Zhou,Beijing Institute of Technology,China,CVPR,2020
CVPR-2020-A004325,Jian Sun,Beijing Institute of Technology,China,CVPR,2020
CVPR-2020-A004326,Junhwa Hur,"Department of Computer Science, TU Darmstadt",Germany,CVPR,2020
CVPR-2020-A004327,Stefan Roth,"Department of Computer Science, TU Darmstadt",Germany,CVPR,2020
CVPR-2020-A004328,Marin Toromanoff,"Center for Robotics, MINES ParisTech, PSL Valeo Driving Assistance Research",France,CVPR,2020
CVPR-2020-A004329,Emilie Wirbel,"Center for Robotics, MINES ParisTech, PSL Valeo Driving Assistance Research",France,CVPR,2020
CVPR-2020-A004330,Fabien Moutarde,"Center for Robotics, MINES ParisTech, PSL Valeo Driving Assistance Research",France,CVPR,2020
CVPR-2020-A004331,Rui Li,"Department of Computer Science, City University of Hong Kong",Hong Kong,CVPR,2020
CVPR-2020-A004332,Qianfen Jiao,"Department of Computer Science, City University of Hong Kong",Hong Kong,CVPR,2020
CVPR-2020-A004333,Wenming Cao,"Department of Statistics and Actuarial Science, The University of Hong Kong",Hong Kong,CVPR,2020
CVPR-2020-A004334,Hau-San Wong,"Department of Computer Science, City University of Hong Kong",Hong Kong,CVPR,2020
CVPR-2020-A004335,Si Wu,"School of Computer Science and Engineering, South China University of Technology",China,CVPR,2020
CVPR-2020-A004336,Yong-Qiang Tan,"TKLNDST, College of CS, Nankai University",China,CVPR,2020
CVPR-2020-A004337,Shang-Hua Gao,"TKLNDST, College of CS, Nankai University",China,CVPR,2020
CVPR-2020-A004338,Xuan-Yi Li,"TKLNDST, College of CS, Nankai University",China,CVPR,2020
CVPR-2020-A004339,Ming-Ming Cheng,"TKLNDST, College of CS, Nankai University",China,CVPR,2020
CVPR-2020-A004340,Bo Ren,"TKLNDST, College of CS, Nankai University",China,CVPR,2020
CVPR-2020-A004341,Michal Polic,UNKNOWN,UNKNOWN,CVPR,2020
CVPR-2020-A004342,Stanislav Steidl,UNKNOWN,UNKNOWN,CVPR,2020
CVPR-2020-A004343,Cenek Albl,UNKNOWN,UNKNOWN,CVPR,2020
CVPR-2020-A004344,Zuzana Kukelova,UNKNOWN,UNKNOWN,CVPR,2020
CVPR-2020-A004345,Tomas Pajdla,UNKNOWN,UNKNOWN,CVPR,2020
CVPR-2020-A004346,Philipp Henzler,UNKNOWN,UNKNOWN,CVPR,2020
CVPR-2020-A004347,Niloy J. Mitra,UNKNOWN,UNKNOWN,CVPR,2020
CVPR-2020-A004348,Tobias Ritschel,UNKNOWN,UNKNOWN,CVPR,2020
CVPR-2020-A004349,Cheng Ma,"Department of Automation, Tsinghua University, China | State Key Lab of Intelligent Technologies and Systems, China | Beijing National Research Center for Information Science and Technology, China",China,CVPR,2020
CVPR-2020-A004350,Yongming Rao,"Department of Automation, Tsinghua University, China | State Key Lab of Intelligent Technologies and Systems, China | Beijing National Research Center for Information Science and Technology, China",China,CVPR,2020
CVPR-2020-A004351,Yean Cheng,"Department of Automation, Tsinghua University, China",China,CVPR,2020
CVPR-2020-A004352,Ce Chen,"Department of Automation, Tsinghua University, China",China,CVPR,2020
CVPR-2020-A004353,Jiwen Lu,"Department of Automation, Tsinghua University, China | State Key Lab of Intelligent Technologies and Systems, China | Beijing National Research Center for Information Science and Technology, China",China,CVPR,2020
CVPR-2020-A004354,Jie Zhou,"Department of Automation, Tsinghua University, China | State Key Lab of Intelligent Technologies and Systems, China | Beijing National Research Center for Information Science and Technology, China | Tsinghua Shenzhen International Graduate School, Tsinghua University, China",China,CVPR,2020
CVPR-2020-A004355,Difan Liu,University of Massachusetts Amherst,United States,CVPR,2020
CVPR-2020-A004356,Mohamed Nabail,University of Massachusetts Amherst,United States,CVPR,2020
CVPR-2020-A004357,Aaron Hertzmann,Adobe Research,United States,CVPR,2020
CVPR-2020-A004358,Evangelos Kalogerakis,University of Massachusetts Amherst,United States,CVPR,2020
CVPR-2020-A004359,Yuecong Min,"Key Lab of Intelligent Information Processing of Chinese Academy of Sciences (CAS) | University of Chinese Academy of Sciences, Beijing, China",China,CVPR,2020
CVPR-2020-A004360,Yanxiao Zhang,"Key Lab of Intelligent Information Processing of Chinese Academy of Sciences (CAS) | University of Chinese Academy of Sciences, Beijing, China",China,CVPR,2020
CVPR-2020-A004361,Xiujuan Chai,"Agricultural Information Institute, Chinese Academy of Agricultural Sciences, Beijing, China",China,CVPR,2020
CVPR-2020-A004362,Xilin Chen,"Key Lab of Intelligent Information Processing of Chinese Academy of Sciences (CAS) | University of Chinese Academy of Sciences, Beijing, China",China,CVPR,2020
CVPR-2020-A004363,Pei Wang,"Department of Electrical and Computer Engineering University of California, San Diego",United States,CVPR,2020
CVPR-2020-A004364,Nuno Vasconcelos,"Department of Electrical and Computer Engineering University of California, San Diego",United States,CVPR,2020
CVPR-2020-A004365,Mohsen Joneidi,UNKNOWN,UNKNOWN,CVPR,2020
CVPR-2020-A004366,Saeed Vahidian,UNKNOWN,UNKNOWN,CVPR,2020
CVPR-2020-A004367,Ashkan Esmaeili,UNKNOWN,UNKNOWN,CVPR,2020
CVPR-2020-A004368,Weijia Wang,UNKNOWN,UNKNOWN,CVPR,2020
CVPR-2020-A004369,Nazanin Rahnavard,UNKNOWN,UNKNOWN,CVPR,2020
CVPR-2020-A004370,Bill Lin,UNKNOWN,UNKNOWN,CVPR,2020
CVPR-2020-A004371,Mubarak Shah,UNKNOWN,UNKNOWN,CVPR,2020
CVPR-2020-A004372,Han Yang,Harbin Institute of Technology | SenseTime Research,China,CVPR,2020
CVPR-2020-A004373,Ruimao Zhang,SenseTime Research,China,CVPR,2020
CVPR-2020-A004374,Xiaobao Guo,SenseTime Research,China,CVPR,2020
CVPR-2020-A004375,Wei Liu,Tencent AI Lab,China,CVPR,2020
CVPR-2020-A004376,Wangmeng Zuo,Harbin Institute of Technology,China,CVPR,2020
CVPR-2020-A004377,Ping Luo,The University of Hong Kong,Hong Kong,CVPR,2020
CVPR-2020-A004378,Yanchao Yang,UCLA Vision Lab,United States,CVPR,2020
CVPR-2020-A004379,Dong Lao,UCLA Vision Lab,United States,CVPR,2020
CVPR-2020-A004380,Ganesh Sundaramoorthi,UCLA Vision Lab,United States,CVPR,2020
CVPR-2020-A004381,Stefano Soatto,UCLA Vision Lab,United States,CVPR,2020
CVPR-2020-A004382,Alejandro Fontan,UNKNOWN,UNKNOWN,CVPR,2020
CVPR-2020-A004383,Javier Civera,UNKNOWN,UNKNOWN,CVPR,2020
CVPR-2020-A004384,Rudolph Triebel,UNKNOWN,UNKNOWN,CVPR,2020
CVPR-2020-A004385,Yunpei Jia,"Key Lab of Intelligent Information Processing of Chinese Academy of Sciences (CAS) | University of Chinese Academy of Sciences, Beijing, China",China,CVPR,2020
CVPR-2020-A004386,Jie Zhang,"Key Lab of Intelligent Information Processing of Chinese Academy of Sciences (CAS) | University of Chinese Academy of Sciences, Beijing, China",China,CVPR,2020
CVPR-2020-A004387,Shiguang Shan,"Key Lab of Intelligent Information Processing of Chinese Academy of Sciences (CAS) | University of Chinese Academy of Sciences, Beijing, China | CAS Center for Excellence in Brain Science and Intelligence Technology, Shanghai, China",China,CVPR,2020
CVPR-2020-A004388,Xilin Chen,"Key Lab of Intelligent Information Processing of Chinese Academy of Sciences (CAS) | University of Chinese Academy of Sciences, Beijing, China",China,CVPR,2020
CVPR-2020-A004389,Mariko Isogawa,Carnegie Mellon University,United States,CVPR,2020
CVPR-2020-A004390,Ye Yuan,Carnegie Mellon University,United States,CVPR,2020
CVPR-2020-A004391,Matthew O'Toole,Carnegie Mellon University,United States,CVPR,2020
CVPR-2020-A004392,Kris M. Kitani,Carnegie Mellon University,United States,CVPR,2020
CVPR-2020-A004393,Dror Simon,"Technion Haifa, Israel",Israel,CVPR,2020
CVPR-2020-A004394,Aviad Aberdam,"Technion Haifa, Israel",Israel,CVPR,2020
CVPR-2020-A004395,Yue Wu,UNKNOWN,UNKNOWN,CVPR,2020
CVPR-2020-A004396,Rongrong Gao,UNKNOWN,UNKNOWN,CVPR,2020
CVPR-2020-A004397,Jaesik Park,UNKNOWN,UNKNOWN,CVPR,2020
CVPR-2020-A004398,Qifeng Chen,UNKNOWN,UNKNOWN,CVPR,2020
CVPR-2020-A004399,Junsoo Lee,"KAIST, Korea University, NAVER WEBTOON Corp.",South Korea,CVPR,2020
CVPR-2020-A004400,Eungyeup Kim,"KAIST, Korea University, NAVER WEBTOON Corp.",South Korea,CVPR,2020
CVPR-2020-A004401,Yunsung Lee,"KAIST, Korea University, NAVER WEBTOON Corp.",South Korea,CVPR,2020
CVPR-2020-A004402,Dongjun Kim,"KAIST, Korea University, NAVER WEBTOON Corp.",South Korea,CVPR,2020
CVPR-2020-A004403,Jaehyuk Chang,"KAIST, Korea University, NAVER WEBTOON Corp.",South Korea,CVPR,2020
CVPR-2020-A004404,Jaegul Choo,"KAIST, Korea University, NAVER WEBTOON Corp.",South Korea,CVPR,2020
CVPR-2020-A004405,Yue Hu,"Cooperative Medianet Innovation Center, Shanghai Jiao Tong University",China,CVPR,2020
CVPR-2020-A004406,Siheng Chen,Mitsubishi Electric Research Laboratories,Japan,CVPR,2020
CVPR-2020-A004407,Ya Zhang,"Cooperative Medianet Innovation Center, Shanghai Jiao Tong University",China,CVPR,2020
CVPR-2020-A004408,Xiao Gu,"Cooperative Medianet Innovation Center, Shanghai Jiao Tong University",China,CVPR,2020
CVPR-2020-A004409,Bo Chen,The University of Adelaide Shenzhen University,Australia,CVPR,2020
CVPR-2020-A004410,Alvaro Parra,The University of Adelaide Shenzhen University,Australia,CVPR,2020
CVPR-2020-A004411,Jiewei Cao,The University of Adelaide Shenzhen University,Australia,CVPR,2020
CVPR-2020-A004412,Nan Li,The University of Adelaide Shenzhen University,Australia,CVPR,2020
CVPR-2020-A004413,Tat-Jun Chin,The University of Adelaide Shenzhen University,Australia,CVPR,2020
CVPR-2020-A004414,Fuzhi Yang,Department of Computer Science and Engineering,UNKNOWN,CVPR,2020
CVPR-2020-A004415,Huan Yang,"Microsoft Research, Beijing, P.R. China",China,CVPR,2020
CVPR-2020-A004416,Jianlong Fu,"Microsoft Research, Beijing, P.R. China",China,CVPR,2020
CVPR-2020-A004417,Hongtao Lu,Department of Computer Science and Engineering,UNKNOWN,CVPR,2020
CVPR-2020-A004418,Baining Guo,"Microsoft Research, Beijing, P.R. China",China,CVPR,2020
CVPR-2020-A004419,Shuai Zheng,"Institute of Information Science, Beijing Jiaotong University, Beijing, China | Beijing Key Laboratory of Advanced Information Science and Network Technology, Beijing, China",China,CVPR,2020
CVPR-2020-A004420,Zhenfeng Zhu,"Institute of Information Science, Beijing Jiaotong University, Beijing, China | Beijing Key Laboratory of Advanced Information Science and Network Technology, Beijing, China",China,CVPR,2020
CVPR-2020-A004421,Xingxing Zhang,"Institute of Information Science, Beijing Jiaotong University, Beijing, China | Beijing Key Laboratory of Advanced Information Science and Network Technology, Beijing, China",China,CVPR,2020
CVPR-2020-A004422,Zhizhe Liu,"Institute of Information Science, Beijing Jiaotong University, Beijing, China | Beijing Key Laboratory of Advanced Information Science and Network Technology, Beijing, China",China,CVPR,2020
CVPR-2020-A004423,Jian Cheng,"NLPR, Institute of Automation, Chinese Academy of Sciences, Beijing, China | University of Chinese Academy of Sciences, Beijing, China",China,CVPR,2020
CVPR-2020-A004424,Yao Zhao,"Institute of Information Science, Beijing Jiaotong University, Beijing, China | Beijing Key Laboratory of Advanced Information Science and Network Technology, Beijing, China",China,CVPR,2020
CVPR-2020-A004425,Christoph Kamann,Visual Learning Lab Heidelberg University (HCI/IWR),Germany,CVPR,2020
CVPR-2020-A004426,Carsten Rother,Visual Learning Lab Heidelberg University (HCI/IWR),Germany,CVPR,2020
CVPR-2020-A004427,Chiyu,UNKNOWN,UNKNOWN,CVPR,2020
CVPR-2020-A004428,Avneesh Sud,Google Research,UNKNOWN,CVPR,2020
CVPR-2020-A004429,Ameesh Makadia,Google Research,UNKNOWN,CVPR,2020
CVPR-2020-A004430,Jingwei Huang,Google Research | Stanford University,UNKNOWN,CVPR,2020
CVPR-2020-A004431,Matthias Niessner,UNKNOWN,UNKNOWN,CVPR,2020
CVPR-2020-A004432,Thomas Funkhouser,Google Research,UNKNOWN,CVPR,2020
CVPR-2020-A004433,Yuechen Yu,UNKNOWN,UNKNOWN,CVPR,2020
CVPR-2020-A004434,Yilei Xiong,UNKNOWN,UNKNOWN,CVPR,2020
CVPR-2020-A004435,Weilin Huang,UNKNOWN,UNKNOWN,CVPR,2020
CVPR-2020-A004436,Matthew R. Scott,UNKNOWN,UNKNOWN,CVPR,2020
CVPR-2020-A004437,Xiankai Lu,"Tencent Inception Institute of Artificial Intelligence, UAE Indiana University, USA ETH Zurich, Switzerland Salesforce Research Asia, Singapore Singapore Management University, Singapore",United States | Singapore | Switzerland,CVPR,2020
CVPR-2020-A004438,Wenguan Wang,"Tencent Inception Institute of Artificial Intelligence, UAE Indiana University, USA ETH Zurich, Switzerland Salesforce Research Asia, Singapore Singapore Management University, Singapore",United States | Singapore | Switzerland,CVPR,2020
CVPR-2020-A004439,Jianbing Shen,"Tencent Inception Institute of Artificial Intelligence, UAE Indiana University, USA ETH Zurich, Switzerland Salesforce Research Asia, Singapore Singapore Management University, Singapore",United States | Singapore | Switzerland,CVPR,2020
CVPR-2020-A004440,Yu-Wing Tai,"Tencent Inception Institute of Artificial Intelligence, UAE Indiana University, USA ETH Zurich, Switzerland Salesforce Research Asia, Singapore Singapore Management University, Singapore",United States | Singapore | Switzerland,CVPR,2020
CVPR-2020-A004441,David J. Crandall,UNKNOWN,UNKNOWN,CVPR,2020
CVPR-2020-A004442,Steven C. H. Hoi,"ETH Zurich, Switzerland | Singapore Management University, Singapore",Singapore | Switzerland,CVPR,2020
CVPR-2020-A004443,Aviram Bar-Haim,Tel Aviv University,Israel,CVPR,2020
CVPR-2020-A004444,Lior Wolf,Tel Aviv University | Facebook AI Research,Israel | United States,CVPR,2020
CVPR-2020-A004445,Enric Corona,"Institut de Robòtica i Informàtica Industrial, CSIC-UPC, Barcelona, Spain",Spain,CVPR,2020
CVPR-2020-A004446,Albert Pumarola,"Institut de Robòtica i Informàtica Industrial, CSIC-UPC, Barcelona, Spain",Spain,CVPR,2020
CVPR-2020-A004447,Guillem Alenya,"Institut de Robòtica i Informàtica Industrial, CSIC-UPC, Barcelona, Spain",Spain,CVPR,2020
CVPR-2020-A004448,Francesc Moreno-Noguer,"Institut de Robòtica i Informàtica Industrial, CSIC-UPC, Barcelona, Spain",Spain,CVPR,2020
CVPR-2020-A004449,Shuchen Weng,"NELVT, Dept. of CS, Peking University Samsung Research America AI Center",China | United States,CVPR,2020
CVPR-2020-A004450,Wenbo Li,"NELVT, Dept. of CS, Peking University Samsung Research America AI Center",China | United States,CVPR,2020
CVPR-2020-A004451,Dawei Li,"NELVT, Dept. of CS, Peking University Samsung Research America AI Center",China | United States,CVPR,2020
CVPR-2020-A004452,Hongxia Jin,"NELVT, Dept. of CS, Peking University Samsung Research America AI Center",China | United States,CVPR,2020
CVPR-2020-A004453,Boxin Shi,"NELVT, Dept. of CS, Peking University Samsung Research America AI Center",China | United States,CVPR,2020
CVPR-2020-A004454,Dwarikanath Mahapatra,"IIAI, Abu Dhabi LTS5, EPFL, Lausanne CIBM, Laussane CHUV, Lausanne",United States,CVPR,2020
CVPR-2020-A004455,Behzad Bozorgtabar,"IIAI, Abu Dhabi LTS5, EPFL, Lausanne CIBM, Laussane CHUV, Lausanne",United States,CVPR,2020
CVPR-2020-A004456,Ling Shao,"IIAI, Abu Dhabi LTS5, EPFL, Lausanne CIBM, Laussane CHUV, Lausanne",United States,CVPR,2020
CVPR-2020-A004457,Fanxu Meng,"School of Computer Science and Technology, Harbin Institute of Technology, Shenzhen, China | Tencent Youtu Lab, Shanghai, China",China,CVPR,2020
CVPR-2020-A004458,Hao Cheng,"Tencent Youtu Lab, Shanghai, China",China,CVPR,2020
CVPR-2020-A004459,Ke Li,"Tencent Youtu Lab, Shanghai, China",China,CVPR,2020
CVPR-2020-A004460,Zhixin Xu,"School of Computer Science and Technology, Harbin Institute of Technology, Shenzhen, China",China,CVPR,2020
CVPR-2020-A004461,Rongrong Ji,"Department of Artificial Intelligence, School of Informatics, Xiamen University, China | Peng Cheng Laboratory, China",China,CVPR,2020
CVPR-2020-A004462,Xing Sun,"Tencent Youtu Lab, Shanghai, China",China,CVPR,2020
CVPR-2020-A004463,Guangming Lu,"School of Computer Science and Technology, Harbin Institute of Technology, Shenzhen, China",China,CVPR,2020
CVPR-2020-A004464,Kyle Olszewski,UNKNOWN,UNKNOWN,CVPR,2020
CVPR-2020-A004465,Duygu Ceylan,Adobe Inc.,United States,CVPR,2020
CVPR-2020-A004466,Jun Xing,UNKNOWN,UNKNOWN,CVPR,2020
CVPR-2020-A004467,Jose Echevarria,Adobe Inc.,United States,CVPR,2020
CVPR-2020-A004468,Zhili Chen,UNKNOWN,UNKNOWN,CVPR,2020
CVPR-2020-A004469,Weikai Chen,UNKNOWN,UNKNOWN,CVPR,2020
CVPR-2020-A004470,Hao Li,UNKNOWN,UNKNOWN,CVPR,2020
CVPR-2020-A004471,Jose Pedro Iglesias,UNKNOWN,UNKNOWN,CVPR,2020
CVPR-2020-A004472,Carl Olsson,"Chalmers University of Technology, Sweden | Lund University, Sweden",Sweden,CVPR,2020
CVPR-2020-A004473,Fredrik Kahl,"Chalmers University of Technology, Sweden",Sweden,CVPR,2020
CVPR-2020-A004474,Yanru Huang,Tsinghua University,China,CVPR,2020
CVPR-2020-A004475,Feiyu Zhu,Megvii Inc.,China,CVPR,2020
CVPR-2020-A004476,Zheni Zeng,Tsinghua University,China,CVPR,2020
CVPR-2020-A004477,Xi Qiu,Megvii Inc.,China,CVPR,2020
CVPR-2020-A004478,Yuan Shen,Tsinghua University,China,CVPR,2020
CVPR-2020-A004479,Jianan Wu,Megvii Inc.,China,CVPR,2020
CVPR-2020-A004480,Xu Yan,The Chinese University of Hong Kong (Shenzhen) | Shenzhen Research Institute of Big Data,China,CVPR,2020
CVPR-2020-A004481,Chaoda Zheng,Shenzhen Research Institute of Big Data | South China University of Technology,China,CVPR,2020
CVPR-2020-A004482,Zhen Li,The Chinese University of Hong Kong (Shenzhen) | Shenzhen Research Institute of Big Data,China,CVPR,2020
CVPR-2020-A004483,Sheng Wang,Tencent AI Lab,China,CVPR,2020
CVPR-2020-A004484,Shuguang Cui,The Chinese University of Hong Kong (Shenzhen) | Shenzhen Research Institute of Big Data,China,CVPR,2020
CVPR-2020-A004485,Qiuxiang Zhong,"Center for Applied Mathematics, Tianjin University, China, Tianjin",China,CVPR,2020
CVPR-2020-A004486,Yutong Li,"Center for Applied Mathematics, Tianjin University, China, Tianjin",China,CVPR,2020
CVPR-2020-A004487,Yijie Yang,"Center for Applied Mathematics, Tianjin University, China, Tianjin",China,CVPR,2020
CVPR-2020-A004488,Yuping Duan,"Center for Applied Mathematics, Tianjin University, China, Tianjin",China,CVPR,2020
CVPR-2020-A004489,Nenglun Chen,The University of Hong Kong,Hong Kong,CVPR,2020
CVPR-2020-A004490,Lingjie Liu,Max Planck Institute for Informatics,Germany,CVPR,2020
CVPR-2020-A004491,Zhiming Cui,The University of Hong Kong,Hong Kong,CVPR,2020
CVPR-2020-A004492,Runnan Chen,The University of Hong Kong,Hong Kong,CVPR,2020
CVPR-2020-A004493,Duygu Ceylan,Adobe Research,United States,CVPR,2020
CVPR-2020-A004494,Changhe Tu,Shandong University,China,CVPR,2020
CVPR-2020-A004495,Wenping Wang,The University of Hong Kong,Hong Kong,CVPR,2020
CVPR-2020-A004496,Denis Gudovskiy,Panasonic AI Solutions Center,Japan,CVPR,2020
CVPR-2020-A004497,Alec Hodgkinson,Panasonic AI Solutions Center,Japan,CVPR,2020
CVPR-2020-A004498,Takuya Yamaguchi,Panasonic AI Solutions Center,Japan,CVPR,2020
CVPR-2020-A004499,Sotaro Tsukizawa,Panasonic AI Solutions Center,Japan,CVPR,2020
CVPR-2020-A004500,Zhibo Fan,South China University of Technology,China,CVPR,2020
CVPR-2020-A004501,Jin-Gang Yu,South China University of Technology | Guangzhou Laboratory,China,CVPR,2020
CVPR-2020-A004502,Zhihao Liang,South China University of Technology,China,CVPR,2020
CVPR-2020-A004503,Jiarong Ou,South China University of Technology,China,CVPR,2020
CVPR-2020-A004504,Changxin Gao,Huazhong University of Science and Technology,China,CVPR,2020
CVPR-2020-A004505,Gui-Song Xia,Wuhan University,China,CVPR,2020
CVPR-2020-A004506,Yuanqing Li,South China University of Technology | Guangzhou Laboratory,China,CVPR,2020
CVPR-2020-A004507,Jonas Schult,RWTH Aachen University,Germany,CVPR,2020
CVPR-2020-A004508,Francis Engelmann,RWTH Aachen University,Germany,CVPR,2020
CVPR-2020-A004509,Theodora Kontogianni,RWTH Aachen University,Germany,CVPR,2020
CVPR-2020-A004510,Bastian Leibe,RWTH Aachen University,Germany,CVPR,2020
CVPR-2020-A004511,Joel Stehouwer,"Department of Computer Science and Engineering Michigan State University, East Lansing MI",United States,CVPR,2020
CVPR-2020-A004512,Amin Jourabloo,"Department of Computer Science and Engineering Michigan State University, East Lansing MI",United States,CVPR,2020
CVPR-2020-A004513,Yaojie Liu,"Department of Computer Science and Engineering Michigan State University, East Lansing MI",United States,CVPR,2020
CVPR-2020-A004514,Xiaoming Liu,"Department of Computer Science and Engineering Michigan State University, East Lansing MI",United States,CVPR,2020
CVPR-2020-A004515,Lei Huang,"Inception Institute of Artificial Intelligence (IIAI), Abu Dhabi, UAE",United Arab Emirates,CVPR,2020
CVPR-2020-A004516,Lei Zhao,"Inception Institute of Artificial Intelligence (IIAI), Abu Dhabi, UAE",United Arab Emirates,CVPR,2020
CVPR-2020-A004517,Yi Zhou,"Inception Institute of Artificial Intelligence (IIAI), Abu Dhabi, UAE",United Arab Emirates,CVPR,2020
CVPR-2020-A004518,Fan Zhu,"Inception Institute of Artificial Intelligence (IIAI), Abu Dhabi, UAE",United Arab Emirates,CVPR,2020
CVPR-2020-A004519,Li Liu,"Inception Institute of Artificial Intelligence (IIAI), Abu Dhabi, UAE",United Arab Emirates,CVPR,2020
CVPR-2020-A004520,Ling Shao,"Inception Institute of Artificial Intelligence (IIAI), Abu Dhabi, UAE",United Arab Emirates,CVPR,2020
CVPR-2020-A004521,Muhammed Kocabas,"Max Planck Institute for Intelligent Systems, Tübingen, Germany | Max Planck ETH Center for Learning Systems",Germany,CVPR,2020
CVPR-2020-A004522,Nikos Athanasiou,"Max Planck Institute for Intelligent Systems, Tübingen, Germany",Germany,CVPR,2020
CVPR-2020-A004523,Michael J. Black,"Max Planck Institute for Intelligent Systems, Tübingen, Germany",Germany,CVPR,2020
CVPR-2020-A004524,Wanli Peng,"Dalian University of Technology, China",China,CVPR,2020
CVPR-2020-A004525,Hao Pan,"Dalian University of Technology, China",China,CVPR,2020
CVPR-2020-A004526,He Liu,"Dalian University of Technology, China",China,CVPR,2020
CVPR-2020-A004527,Yi Sun,"Dalian University of Technology, China",China,CVPR,2020
CVPR-2020-A004528,Martin Runz,UNKNOWN,UNKNOWN,CVPR,2020
CVPR-2020-A004529,Kejie Li,"Input | School of Computer Science, The University of Adelaide",Australia,CVPR,2020
CVPR-2020-A004530,Meng Tang,UNKNOWN,UNKNOWN,CVPR,2020
CVPR-2020-A004531,Lingni Ma,UNKNOWN,UNKNOWN,CVPR,2020
CVPR-2020-A004532,Chen Kong,UNKNOWN,UNKNOWN,CVPR,2020
CVPR-2020-A004533,Tanner Schmidt,UNKNOWN,UNKNOWN,CVPR,2020
CVPR-2020-A004534,Ian Reid,"School of Computer Science, The University of Adelaide",Australia,CVPR,2020
CVPR-2020-A004535,Lourdes Agapito,Facebook Reality Labs,United States,CVPR,2020
CVPR-2020-A004536,Julian Straub,UNKNOWN,UNKNOWN,CVPR,2020
CVPR-2020-A004537,Steven Lovegrove,UNKNOWN,UNKNOWN,CVPR,2020
CVPR-2020-A004538,Richard Newcombe,UNKNOWN,UNKNOWN,CVPR,2020
CVPR-2020-A004539,Yang You,"Shanghai Jiao Tong University, China",China,CVPR,2020
CVPR-2020-A004540,Yujing Lou,"Shanghai Jiao Tong University, China",China,CVPR,2020
CVPR-2020-A004541,Chengkun Li,"Shanghai Jiao Tong University, China",China,CVPR,2020
CVPR-2020-A004542,Zhoujun Cheng,"Shanghai Jiao Tong University, China",China,CVPR,2020
CVPR-2020-A004543,Liangwei Li,"Shanghai Jiao Tong University, China",China,CVPR,2020
CVPR-2020-A004544,Lizhuang Ma,"Shanghai Jiao Tong University, China",China,CVPR,2020
CVPR-2020-A004545,Cewu Lu,"Shanghai Jiao Tong University, China",China,CVPR,2020
CVPR-2020-A004546,Weiming Wang,"Shanghai Jiao Tong University, China",China,CVPR,2020
CVPR-2020-A004547,Shifeng Zhang,"CBSR, NLPR, CASIA SAI, UCAS AIR, CAS BUPT Westlake University",UNKNOWN,CVPR,2020
CVPR-2020-A004548,Cheng Chi,"CBSR, NLPR, CASIA SAI, UCAS AIR, CAS BUPT Westlake University",UNKNOWN,CVPR,2020
CVPR-2020-A004549,Yongqiang Yao,"CBSR, NLPR, CASIA SAI, UCAS AIR, CAS BUPT Westlake University",UNKNOWN,CVPR,2020
CVPR-2020-A004550,Zhen Lei,"CBSR, NLPR, CASIA SAI, UCAS AIR, CAS BUPT Westlake University",UNKNOWN,CVPR,2020
CVPR-2020-A004551,Stan Z. Li,"CBSR, NLPR, CASIA SAI, UCAS AIR, CAS BUPT Westlake University",UNKNOWN,CVPR,2020
CVPR-2020-A004552,Chenhang He,"The Hong Kong Polytechnic University | DAMO Academy, Alibaba Group",China | Hong Kong,CVPR,2020
CVPR-2020-A004553,Hui Zeng,"The Hong Kong Polytechnic University | DAMO Academy, Alibaba Group",China | Hong Kong,CVPR,2020
CVPR-2020-A004554,Jianqiang Huang,"DAMO Academy, Alibaba Group",China,CVPR,2020
CVPR-2020-A004555,Xian-Sheng Hua,"DAMO Academy, Alibaba Group",China,CVPR,2020
CVPR-2020-A004556,Lei Zhang,"The Hong Kong Polytechnic University | DAMO Academy, Alibaba Group",China | Hong Kong,CVPR,2020
CVPR-2020-A004557,Florian Bernard,UNKNOWN,UNKNOWN,CVPR,2020
CVPR-2020-A004558,Zeeshan Khan Suri,UNKNOWN,UNKNOWN,CVPR,2020
CVPR-2020-A004559,Christian Theobalt,UNKNOWN,UNKNOWN,CVPR,2020
CVPR-2020-A004560,Mengxue Li,"School of Mathematics, Sun Yat-Sen University, China",China,CVPR,2020
CVPR-2020-A004561,Yi-Ming Zhai,"School of Mathematics, Sun Yat-Sen University, China",China,CVPR,2020
CVPR-2020-A004562,You-Wei Luo,"School of Mathematics, Sun Yat-Sen University, China",China,CVPR,2020
CVPR-2020-A004563,Peng-Fei Ge,"School of Mathematics, Sun Yat-Sen University, China",China,CVPR,2020
CVPR-2020-A004564,Chuan-Xian Ren,"School of Mathematics, Sun Yat-Sen University, China",China,CVPR,2020
CVPR-2020-A004565,Anyi Rao,"CUHK - SenseTime Joint Lab, The Chinese University of Hong Kong",China,CVPR,2020
CVPR-2020-A004566,Linning Xu,"The Chinese University of Hong Kong, Shenzhen",China,CVPR,2020
CVPR-2020-A004567,Yu Xiong,"CUHK - SenseTime Joint Lab, The Chinese University of Hong Kong",China,CVPR,2020
CVPR-2020-A004568,Guodong Xu,"CUHK - SenseTime Joint Lab, The Chinese University of Hong Kong",China,CVPR,2020
CVPR-2020-A004569,Qingqiu Huang,"CUHK - SenseTime Joint Lab, The Chinese University of Hong Kong",China,CVPR,2020
CVPR-2020-A004570,Bolei Zhou,"CUHK - SenseTime Joint Lab, The Chinese University of Hong Kong",China,CVPR,2020
CVPR-2020-A004571,Dahua Lin,"CUHK - SenseTime Joint Lab, The Chinese University of Hong Kong",China,CVPR,2020
CVPR-2020-A004572,Peixi Xiong,UNKNOWN,UNKNOWN,CVPR,2020
CVPR-2020-A004573,Ying Wu,UNKNOWN,UNKNOWN,CVPR,2020
CVPR-2020-A004574,Wei Zhai,UNKNOWN,UNKNOWN,CVPR,2020
CVPR-2020-A004575,Yang Cao,UNKNOWN,UNKNOWN,CVPR,2020
CVPR-2020-A004576,Zheng-Jun Zha,UNKNOWN,UNKNOWN,CVPR,2020
CVPR-2020-A004577,HaiYong Xie,UNKNOWN,UNKNOWN,CVPR,2020
CVPR-2020-A004578,Feng Wu,UNKNOWN,UNKNOWN,CVPR,2020
CVPR-2020-A004579,Scott Workman,University of Kentucky,United States,CVPR,2020
CVPR-2020-A004580,Nathan Jacobs,University of Kentucky,United States,CVPR,2020
CVPR-2020-A004581,Huaizu Jiang,"UMass Amherst, Facebook AI Research (FAIR)",United States,CVPR,2020
CVPR-2020-A004582,Ishan Misra,"UMass Amherst, Facebook AI Research (FAIR)",United States,CVPR,2020
CVPR-2020-A004583,Marcus Rohrbach,"UMass Amherst, Facebook AI Research (FAIR)",United States,CVPR,2020
CVPR-2020-A004584,Erik Learned-Miller,"UMass Amherst, Facebook AI Research (FAIR)",United States,CVPR,2020
CVPR-2020-A004585,Xinlei Chen,"UMass Amherst, Facebook AI Research (FAIR)",United States,CVPR,2020
CVPR-2020-A004586,Chen-Lin Zhang,"National Key Laboratory for Novel Software Technology Nanjing University, Nanjing, China",China,CVPR,2020
CVPR-2020-A004587,Yun-Hao Cao,"National Key Laboratory for Novel Software Technology Nanjing University, Nanjing, China",China,CVPR,2020
CVPR-2020-A004588,Jianxin Wu,"National Key Laboratory for Novel Software Technology Nanjing University, Nanjing, China",China,CVPR,2020
CVPR-2020-A004589,Zhihui Wang,"International School of Information Science & Engineering, Dalian University of Technology, China | Key Laboratory for Ubiquitous Network and Service Software of Liaoning Province, China",China,CVPR,2020
CVPR-2020-A004590,Shijie Wang,"International School of Information Science & Engineering, Dalian University of Technology, China",China,CVPR,2020
CVPR-2020-A004591,Shuhui Yang,"International School of Information Science & Engineering, Dalian University of Technology, China",China,CVPR,2020
CVPR-2020-A004592,Haojie Li,"International School of Information Science & Engineering, Dalian University of Technology, China | Key Laboratory for Ubiquitous Network and Service Software of Liaoning Province, China",China,CVPR,2020
CVPR-2020-A004593,Jianjun Li,"School of Computer Science and Technology, Hangzhou Dianzi University, China",China,CVPR,2020
CVPR-2020-A004594,Zezhou Li,UNKNOWN,UNKNOWN,CVPR,2020
CVPR-2020-A004595,Jingzhou Liu,Carnegie Mellon University,United States,CVPR,2020
CVPR-2020-A004596,Wenhu Chen,"University of California, Santa Barbara",United States,CVPR,2020
CVPR-2020-A004597,Yu Cheng,Microsoft Dynamics,United States,CVPR,2020
CVPR-2020-A004598,Zhe Gan,Microsoft Dynamics,United States,CVPR,2020
CVPR-2020-A004599,Licheng Yu,Microsoft Dynamics,United States,CVPR,2020
CVPR-2020-A004600,Yiming Yang,Carnegie Mellon University,United States,CVPR,2020
CVPR-2020-A004601,Jingjing Liu,Microsoft Dynamics,United States,CVPR,2020
CVPR-2020-A004602,Anthony Ortiz,UNKNOWN,UNKNOWN,CVPR,2020
CVPR-2020-A004603,Caleb Robinson,Georgia Institute of Technology,United States,CVPR,2020
CVPR-2020-A004604,Dan Morris,Microsoft Research,United States,CVPR,2020
CVPR-2020-A004605,Olac Fuentes,The University of Texas at El Paso,United States,CVPR,2020
CVPR-2020-A004606,Christopher Kiekintveld,The University of Texas at El Paso,United States,CVPR,2020
CVPR-2020-A004607,Md Mahmudulla Hassan,The University of Texas at El Paso,United States,CVPR,2020
CVPR-2020-A004608,Nebojsa Jojic,UNKNOWN,UNKNOWN,CVPR,2020
CVPR-2020-A004609,Marc Eder,"University of North Carolina at Chapel Hill Chapel Hill, NC",United States,CVPR,2020
CVPR-2020-A004610,Mykhailo Shvets,"University of North Carolina at Chapel Hill Chapel Hill, NC",United States,CVPR,2020
CVPR-2020-A004611,John Lim,"University of North Carolina at Chapel Hill Chapel Hill, NC",United States,CVPR,2020
CVPR-2020-A004612,Jan-Michael Frahm,"University of North Carolina at Chapel Hill Chapel Hill, NC",United States,CVPR,2020
CVPR-2020-A004613,Longteng Guo,"National Laboratory of Pattern Recognition, Institute of Automation, Chinese Academy of Sciences School of Artificial Intelligence, University of Chinese Academy of Sciences University of Science and Technology Beijing Wuhan University",China,CVPR,2020
CVPR-2020-A004614,Jing Liu,"National Laboratory of Pattern Recognition, Institute of Automation, Chinese Academy of Sciences School of Artificial Intelligence, University of Chinese Academy of Sciences University of Science and Technology Beijing Wuhan University",China,CVPR,2020
CVPR-2020-A004615,Xinxin Zhu,"National Laboratory of Pattern Recognition, Institute of Automation, Chinese Academy of Sciences School of Artificial Intelligence, University of Chinese Academy of Sciences University of Science and Technology Beijing Wuhan University",China,CVPR,2020
CVPR-2020-A004616,Peng Yao,"National Laboratory of Pattern Recognition, Institute of Automation, Chinese Academy of Sciences School of Artificial Intelligence, University of Chinese Academy of Sciences University of Science and Technology Beijing Wuhan University",China,CVPR,2020
CVPR-2020-A004617,Shichen Lu,"National Laboratory of Pattern Recognition, Institute of Automation, Chinese Academy of Sciences School of Artificial Intelligence, University of Chinese Academy of Sciences University of Science and Technology Beijing Wuhan University",China,CVPR,2020
CVPR-2020-A004618,Hanqing Lu,"National Laboratory of Pattern Recognition, Institute of Automation, Chinese Academy of Sciences School of Artificial Intelligence, University of Chinese Academy of Sciences University of Science and Technology Beijing Wuhan University",China,CVPR,2020
CVPR-2020-A004619,Peng Zhou,"University of Maryland, College Park",United States,CVPR,2020
CVPR-2020-A004620,Brian Price,"Adobe Research, San Jose",United States,CVPR,2020
CVPR-2020-A004621,Scott Cohen,"Adobe Research, San Jose",United States,CVPR,2020
CVPR-2020-A004622,Gregg Wilensky,"Adobe Research, San Jose",United States,CVPR,2020
CVPR-2020-A004623,Larry S. Davis,"University of Maryland, College Park",United States,CVPR,2020
CVPR-2020-A004624,Maximilian Jaritz,UDA Baseline | Valeo DAR | Valeo.ai,UNKNOWN,CVPR,2020
CVPR-2020-A004625,Tuan-Hung Vu,UNKNOWN,UNKNOWN,CVPR,2020
CVPR-2020-A004626,Raoul de Charette,UNKNOWN,UNKNOWN,CVPR,2020
CVPR-2020-A004627,Emilie Wirbel,UNKNOWN,UNKNOWN,CVPR,2020
CVPR-2020-A004628,Patrick Perez,UNKNOWN,UNKNOWN,CVPR,2020
CVPR-2020-A004629,Lourenco V. Pato,UNKNOWN,UNKNOWN,CVPR,2020
CVPR-2020-A004630,Renato Negrinho,UNKNOWN,UNKNOWN,CVPR,2020
CVPR-2020-A004631,Pedro M. Q. Aguiar,UNKNOWN,UNKNOWN,CVPR,2020
CVPR-2020-A004632,Gordon Christie,The Johns Hopkins University Applied Physics Laboratory,United States,CVPR,2020
CVPR-2020-A004633,Rodrigo Rene Rai Munoz Abujder,The Johns Hopkins University Applied Physics Laboratory,United States,CVPR,2020
CVPR-2020-A004634,Kevin Foster,The Johns Hopkins University Applied Physics Laboratory,United States,CVPR,2020
CVPR-2020-A004635,Shea Hagstrom,The Johns Hopkins University Applied Physics Laboratory,United States,CVPR,2020
CVPR-2020-A004636,Gregory D. Hager,The Johns Hopkins University,United States,CVPR,2020
CVPR-2020-A004637,Myron Z. Brown,The Johns Hopkins University Applied Physics Laboratory,United States,CVPR,2020
CVPR-2020-A004638,Ling Yang,UNKNOWN,UNKNOWN,CVPR,2020
CVPR-2020-A004639,Liangliang Li,UNKNOWN,UNKNOWN,CVPR,2020
CVPR-2020-A004640,Zilun Zhang,UNKNOWN,UNKNOWN,CVPR,2020
CVPR-2020-A004641,Xinyu Zhou,UNKNOWN,UNKNOWN,CVPR,2020
CVPR-2020-A004642,Erjin Zhou,UNKNOWN,UNKNOWN,CVPR,2020
CVPR-2020-A004643,Yu Liu,UNKNOWN,UNKNOWN,CVPR,2020
CVPR-2020-A004644,Kai Li,"Northeastern University, Adobe Research, Adobe Document Cloud",United States,CVPR,2020
CVPR-2020-A004645,Curtis Wigington,"Northeastern University, Adobe Research, Adobe Document Cloud",United States,CVPR,2020
CVPR-2020-A004646,Chris Tensmeyer,"Northeastern University, Adobe Research, Adobe Document Cloud",United States,CVPR,2020
CVPR-2020-A004647,Handong Zhao,"Northeastern University, Adobe Research, Adobe Document Cloud",United States,CVPR,2020
CVPR-2020-A004648,Nikolaos Barmpalios,"Northeastern University, Adobe Research, Adobe Document Cloud",United States,CVPR,2020
CVPR-2020-A004649,Vlad I. Morariu,"Northeastern University, Adobe Research, Adobe Document Cloud",United States,CVPR,2020
CVPR-2020-A004650,Varun Manjunatha,"Northeastern University, Adobe Research, Adobe Document Cloud",United States,CVPR,2020
CVPR-2020-A004651,Tong Sun,"Northeastern University, Adobe Research, Adobe Document Cloud",United States,CVPR,2020
CVPR-2020-A004652,Yun Fu,"Northeastern University, Adobe Research, Adobe Document Cloud",United States,CVPR,2020
CVPR-2020-A004653,Osman Semih Kayhan,Computer Vision Lab Delft University of Technology Class : Top-left,Netherlands,CVPR,2020
CVPR-2020-A004654,Jan C. van Gemert,Computer Vision Lab Delft University of Technology Class : Top-left,Netherlands,CVPR,2020
CVPR-2020-A004655,Gedas Bertasius,UNKNOWN,UNKNOWN,CVPR,2020
CVPR-2020-A004656,Lorenzo Torresani,UNKNOWN,UNKNOWN,CVPR,2020
CVPR-2020-A004657,Menglong Yang,"School of Aeronautics and Astronautics, Sichuan University Chengdu, Sichuan, PR China",China,CVPR,2020
CVPR-2020-A004658,Fangrui Wu,"School of Aeronautics and Astronautics, Sichuan University Chengdu, Sichuan, PR China",China,CVPR,2020
CVPR-2020-A004659,Wei Li,"School of Aeronautics and Astronautics, Sichuan University Chengdu, Sichuan, PR China",China,CVPR,2020
CVPR-2020-A004660,Hao Fang,UNKNOWN,UNKNOWN,CVPR,2020
CVPR-2020-A004661,Florent Lafarge,UNKNOWN,UNKNOWN,CVPR,2020
CVPR-2020-A004662,Justin Lazarow,University of California San Diego,United States,CVPR,2020
CVPR-2020-A004663,Kwonjoon Lee,University of California San Diego,United States,CVPR,2020
CVPR-2020-A004664,Kunyu Shi,University of California San Diego,United States,CVPR,2020
CVPR-2020-A004665,Zhuowen Tu,University of California San Diego,United States,CVPR,2020
CVPR-2020-A004666,Amir Markovitz,"Tel-Aviv University, Tel-Aviv, Israel Alibaba Group",Israel,CVPR,2020
CVPR-2020-A004667,Gilad Sharir,"Tel-Aviv University, Tel-Aviv, Israel Alibaba Group",Israel,CVPR,2020
CVPR-2020-A004668,Itamar Friedman,"Tel-Aviv University, Tel-Aviv, Israel Alibaba Group",Israel,CVPR,2020
CVPR-2020-A004669,Lihi Zelnik-Manor,"Tel-Aviv University, Tel-Aviv, Israel Alibaba Group",Israel,CVPR,2020
CVPR-2020-A004670,Shai Avidan,"Tel-Aviv University, Tel-Aviv, Israel Alibaba Group",Israel,CVPR,2020
CVPR-2020-A004671,Chunxiao Liu,"Institute of Information Engineering, Chinese Academy of Sciences, Beijing, China | School of Cyber Security, University of Chinese Academy of Sciences, Beijing, China",China,CVPR,2020
CVPR-2020-A004672,Zhendong Mao,"University of Science and Technology of China, Hefei, China",China,CVPR,2020
CVPR-2020-A004673,Tianzhu Zhang,"University of Science and Technology of China, Hefei, China",China,CVPR,2020
CVPR-2020-A004674,Hongtao Xie,"University of Science and Technology of China, Hefei, China",China,CVPR,2020
CVPR-2020-A004675,Bin Wang,"Xiaomi AI Lab, Beijing, China",China,CVPR,2020
CVPR-2020-A004676,Yongdong Zhang,"University of Science and Technology of China, Hefei, China",China,CVPR,2020
CVPR-2020-A004677,Yang Liu,UNKNOWN,UNKNOWN,CVPR,2020
CVPR-2020-A004678,Xu Tang,UNKNOWN,UNKNOWN,CVPR,2020
CVPR-2020-A004679,Runwu Zhou,"State Key Laboratory of Computer Science, Institute of Software, Chinese Academy of Sciences, China | University of Chinese Academy of Sciences, Beijing , China",China,CVPR,2020
CVPR-2020-A004680,Yi-Dong Shen,"State Key Laboratory of Computer Science, Institute of Software, Chinese Academy of Sciences, China",China,CVPR,2020
CVPR-2020-A004681,Peiyun Hu,"Robotics Institute, Carnegie Mellon University Argo AI",United States,CVPR,2020
CVPR-2020-A004682,Jason Ziglar,"Robotics Institute, Carnegie Mellon University Argo AI",United States,CVPR,2020
CVPR-2020-A004683,David Held,"Robotics Institute, Carnegie Mellon University Argo AI",United States,CVPR,2020
CVPR-2020-A004684,Deva Ramanan,"Robotics Institute, Carnegie Mellon University Argo AI",United States,CVPR,2020
CVPR-2020-A004685,Gunnar A. Sigurdsson,Carnegie Mellon University,United States,CVPR,2020
CVPR-2020-A004686,Jean-Baptiste Alayrac,UNKNOWN,UNKNOWN,CVPR,2020
CVPR-2020-A004687,Aida Nematzadeh,UNKNOWN,UNKNOWN,CVPR,2020
CVPR-2020-A004688,Lucas Smaira,UNKNOWN,UNKNOWN,CVPR,2020
CVPR-2020-A004689,Mateusz Malinowski,UNKNOWN,UNKNOWN,CVPR,2020
CVPR-2020-A004690,Joao Carreira,UNKNOWN,UNKNOWN,CVPR,2020
CVPR-2020-A004691,Phil Blunsom,"DeepMind | Department of Engineering Science, University of Oxford",United Kingdom,CVPR,2020
CVPR-2020-A004692,Andrew Zisserman,"DeepMind | Department of Engineering Science, University of Oxford",United Kingdom,CVPR,2020
CVPR-2020-A004693,K R Prajwal,UNKNOWN,UNKNOWN,CVPR,2020
CVPR-2020-A004694,Rudrabha Mukhopadhyay,UNKNOWN,UNKNOWN,CVPR,2020
CVPR-2020-A004695,Vinay P. Namboodiri,UNKNOWN,UNKNOWN,CVPR,2020
CVPR-2020-A004696,C.V. Jawahar,UNKNOWN,UNKNOWN,CVPR,2020
CVPR-2020-A004697,Stanislav Pidhorskyi,"Lane Department of Computer Science and Electrical Engineering West Virginia University, Morgantown, WV",United States,CVPR,2020
CVPR-2020-A004698,Donald A. Adjeroh,"Lane Department of Computer Science and Electrical Engineering West Virginia University, Morgantown, WV",United States,CVPR,2020
CVPR-2020-A004699,Gianfranco Doretto,"Lane Department of Computer Science and Electrical Engineering West Virginia University, Morgantown, WV",United States,CVPR,2020
CVPR-2020-A004700,Long Chen,"DCD Lab, College of Computer Science, Zhejiang University MReaL Lab, Nanyang Technological University Hikvision Research Institute",China | Singapore,CVPR,2020
CVPR-2020-A004701,Xin Yan,"DCD Lab, College of Computer Science, Zhejiang University MReaL Lab, Nanyang Technological University Hikvision Research Institute",China | Singapore,CVPR,2020
CVPR-2020-A004702,Jun Xiao,"DCD Lab, College of Computer Science, Zhejiang University MReaL Lab, Nanyang Technological University Hikvision Research Institute",China | Singapore,CVPR,2020
CVPR-2020-A004703,Hanwang Zhang,"DCD Lab, College of Computer Science, Zhejiang University MReaL Lab, Nanyang Technological University Hikvision Research Institute",China | Singapore,CVPR,2020
CVPR-2020-A004704,Shiliang Pu,"DCD Lab, College of Computer Science, Zhejiang University MReaL Lab, Nanyang Technological University Hikvision Research Institute",China | Singapore,CVPR,2020
CVPR-2020-A004705,Yueting Zhuang,"DCD Lab, College of Computer Science, Zhejiang University MReaL Lab, Nanyang Technological University Hikvision Research Institute",China | Singapore,CVPR,2020
CVPR-2020-A004706,Yuenan Hou,The Chinese University of Hong Kong SenseTime Group Limited Nanyang Technological University,China | Singapore,CVPR,2020
CVPR-2020-A004707,Zheng Ma,The Chinese University of Hong Kong SenseTime Group Limited Nanyang Technological University,China | Singapore,CVPR,2020
CVPR-2020-A004708,Chunxiao Liu,The Chinese University of Hong Kong SenseTime Group Limited Nanyang Technological University,China | Singapore,CVPR,2020
CVPR-2020-A004709,Tak-Wai Hui,The Chinese University of Hong Kong SenseTime Group Limited Nanyang Technological University,China | Singapore,CVPR,2020
CVPR-2020-A004710,Chen Change Loy,The Chinese University of Hong Kong SenseTime Group Limited Nanyang Technological University,China | Singapore,CVPR,2020
CVPR-2020-A004711,Siyuan Li,"CVLAB, EPFL, Lausanne",United States,CVPR,2020
CVPR-2020-A004712,Semih Gunel,UNKNOWN,UNKNOWN,CVPR,2020
CVPR-2020-A004713,Mirela Ostrek,"CVLAB, EPFL, Lausanne",United States,CVPR,2020
CVPR-2020-A004714,Pavan Ramdya,"Neuroengineering Lab, EPFL, Lausanne",United States,CVPR,2020
CVPR-2020-A004715,Pascal Fua,"CVLAB, EPFL, Lausanne",United States,CVPR,2020
CVPR-2020-A004716,Helge Rhodin,"CVLAB, EPFL, Lausanne",United States,CVPR,2020
CVPR-2020-A004717,Suiyi Ling,University of Nantes,France,CVPR,2020
CVPR-2020-A004718,Andreas Pastor,UNKNOWN,UNKNOWN,CVPR,2020
CVPR-2020-A004719,Jing Li,UNKNOWN,UNKNOWN,CVPR,2020
CVPR-2020-A004720,Zhaohui Che,Shanghai Jiao Tong University,China,CVPR,2020
CVPR-2020-A004721,Junle Wang,UNKNOWN,UNKNOWN,CVPR,2020
CVPR-2020-A004722,Jieun Kim,Hanyang University,South Korea,CVPR,2020
CVPR-2020-A004723,Patrick Le Callet,University of Nantes,France,CVPR,2020
CVPR-2020-A004724,Canjie Luo,"South China University of Technology, Alibaba Group",China,CVPR,2020
CVPR-2020-A004725,Yuanzhi Zhu,"South China University of Technology, Alibaba Group",China,CVPR,2020
CVPR-2020-A004726,Lianwen Jin,"South China University of Technology, Alibaba Group",China,CVPR,2020
CVPR-2020-A004727,Yongpan Wang,"South China University of Technology, Alibaba Group",China,CVPR,2020
CVPR-2020-A004728,Amir Hertz,Tel Aviv University,Israel,CVPR,2020
CVPR-2020-A004729,Rana Hanocka,Tel Aviv University,Israel,CVPR,2020
CVPR-2020-A004730,Raja Giryes,Tel Aviv University,Israel,CVPR,2020
CVPR-2020-A004731,Daniel Cohen-Or,Tel Aviv University,Israel,CVPR,2020
CVPR-2020-A004732,Xun Xu,"Department of Computer Science, National University of Singapore",Singapore,CVPR,2020
CVPR-2020-A004733,Gim Hee Lee,"Department of Computer Science, National University of Singapore",Singapore,CVPR,2020
CVPR-2020-A004734,Tung Phan-Minh,UNKNOWN,UNKNOWN,CVPR,2020
CVPR-2020-A004735,Elena Corina Grigore,UNKNOWN,UNKNOWN,CVPR,2020
CVPR-2020-A004736,Freddy A. Boulton,UNKNOWN,UNKNOWN,CVPR,2020
CVPR-2020-A004737,Oscar Beijbom,UNKNOWN,UNKNOWN,CVPR,2020
CVPR-2020-A004738,Eric M. Wolff,UNKNOWN,UNKNOWN,CVPR,2020
CVPR-2020-A004739,Kunpeng Li,Northeastern University,United States,CVPR,2020
CVPR-2020-A004740,Chen Fang,Adobe Research,United States,CVPR,2020
CVPR-2020-A004741,Zhaowen Wang,Adobe Research,United States,CVPR,2020
CVPR-2020-A004742,Seokhwan Kim,Adobe Research,United States,CVPR,2020
CVPR-2020-A004743,Hailin Jin,Adobe Research,United States,CVPR,2020
CVPR-2020-A004744,Yun Fu,Northeastern University,United States,CVPR,2020
CVPR-2020-A004745,Zongxin Yang,"Baidu Research | ReLER, University of Technology Sydney",China | Australia,CVPR,2020
CVPR-2020-A004746,Linchao Zhu,"ReLER, University of Technology Sydney",Australia,CVPR,2020
CVPR-2020-A004747,Yu Wu,"Baidu Research | ReLER, University of Technology Sydney",China | Australia,CVPR,2020
CVPR-2020-A004748,Yi Yang,"ReLER, University of Technology Sydney",Australia,CVPR,2020
CVPR-2020-A004749,Abdullah Haroon Rasheed,"Univ. Grenoble Alpes, Inria, CNRS, Grenoble INP, LJK, Grenoble, France",France,CVPR,2020
CVPR-2020-A004750,Victor Romero,"Univ. Grenoble Alpes, Inria, CNRS, Grenoble INP, LJK, Grenoble, France | Sorbonne Université, CNRS, UMR , Institut Jean le Rond d’Alembert, Paris, France",France,CVPR,2020
CVPR-2020-A004751,Florence Bertails-Descoubes,"Univ. Grenoble Alpes, Inria, CNRS, Grenoble INP, LJK, Grenoble, France",France,CVPR,2020
CVPR-2020-A004752,Stefanie Wuhrer,"Univ. Grenoble Alpes, Inria, CNRS, Grenoble INP, LJK, Grenoble, France",France,CVPR,2020
CVPR-2020-A004753,Jean-Sebastien Franco,"Univ. Grenoble Alpes, Inria, CNRS, Grenoble INP, LJK, Grenoble, France",France,CVPR,2020
CVPR-2020-A004754,Arnaud Lazarus,"Sorbonne Université, CNRS, UMR , Institut Jean le Rond d’Alembert, Paris, France",France,CVPR,2020
CVPR-2020-A004755,Vincent Jacquot,École Polytechnique Fédérale de Lausanne,United States,CVPR,2020
CVPR-2020-A004756,Zhuofan Ying,University of Science and Technology of China,China,CVPR,2020
CVPR-2020-A004757,Gabriel Kreiman,"Center for Brains, Minds and Machines, Boston, MA",United States,CVPR,2020
CVPR-2020-A004758,Hongxin Wei,"School of Computer Science and Engineering, Nanyang Technological University, Singapore",Singapore,CVPR,2020
CVPR-2020-A004759,Lei Feng,"School of Computer Science and Engineering, Nanyang Technological University, Singapore",Singapore,CVPR,2020
CVPR-2020-A004760,Xiangyu Chen,"Open FIESTA Center, Tsinghua University, China",China,CVPR,2020
CVPR-2020-A004761,Bo An,"School of Computer Science and Engineering, Nanyang Technological University, Singapore",Singapore,CVPR,2020
CVPR-2020-A004762,Fengting Yang,The Pennsylvania State University,United States,CVPR,2020
CVPR-2020-A004763,Qian Sun,The Pennsylvania State University,United States,CVPR,2020
CVPR-2020-A004764,Hailin Jin,Adobe Research,United States,CVPR,2020
CVPR-2020-A004765,Zihan Zhou,The Pennsylvania State University,United States,CVPR,2020
CVPR-2020-A004766,Yuxin Wang,University of Science and Technology of China,China,CVPR,2020
CVPR-2020-A004767,Hongtao Xie,University of Science and Technology of China,China,CVPR,2020
CVPR-2020-A004768,Zheng-Jun Zha,University of Science and Technology of China,China,CVPR,2020
CVPR-2020-A004769,Mengting Xing,University of Science and Technology of China,China,CVPR,2020
CVPR-2020-A004770,Zilong Fu,University of Science and Technology of China,China,CVPR,2020
CVPR-2020-A004771,Yongdong Zhang,University of Science and Technology of China,China,CVPR,2020
CVPR-2020-A004772,Amit Dekel,UNKNOWN,UNKNOWN,CVPR,2020
CVPR-2020-A004773,Linus Harenstam-Nielsen,UNKNOWN,UNKNOWN,CVPR,2020
CVPR-2020-A004774,Sergio Caccamo,UNKNOWN,UNKNOWN,CVPR,2020
CVPR-2020-A004775,Abdelrahman Eldesokey,The focus in deep learning research has been mostly to,UNKNOWN,CVPR,2020
CVPR-2020-A004776,Michael Felsberg,The focus in deep learning research has been mostly to,UNKNOWN,CVPR,2020
CVPR-2020-A004777,Karl Holmquist,The focus in deep learning research has been mostly to,UNKNOWN,CVPR,2020
CVPR-2020-A004778,Michael Persson,The focus in deep learning research has been mostly to,UNKNOWN,CVPR,2020
CVPR-2020-A004779,Yi Tu,"MoE Key Lab of Artificial Intelligence, Department of Computer Science and Engineering Shanghai Jiao Tong University, Shanghai, China",China,CVPR,2020
CVPR-2020-A004780,Li Niu,"MoE Key Lab of Artificial Intelligence, Department of Computer Science and Engineering Shanghai Jiao Tong University, Shanghai, China",China,CVPR,2020
CVPR-2020-A004781,Junjie Chen,"MoE Key Lab of Artificial Intelligence, Department of Computer Science and Engineering Shanghai Jiao Tong University, Shanghai, China",China,CVPR,2020
CVPR-2020-A004782,Dawei Cheng,"MoE Key Lab of Artificial Intelligence, Department of Computer Science and Engineering Shanghai Jiao Tong University, Shanghai, China",China,CVPR,2020
CVPR-2020-A004783,Liqing Zhang,"MoE Key Lab of Artificial Intelligence, Department of Computer Science and Engineering Shanghai Jiao Tong University, Shanghai, China",China,CVPR,2020
CVPR-2020-A004784,Yu Li,"Key Laboratory of Intelligent Information Processing, Institute of Computing Technology, Chinese Academy of Sciences, Beijing, China | University of Chinese Academy of Sciences, Beijing, China | Department of Electrical and Computer Engineering, National University of Singapore, Singapore",China | Singapore,CVPR,2020
CVPR-2020-A004785,Tao Wang,"Department of Electrical and Computer Engineering, National University of Singapore, Singapore | Institute of Data Science, National University of Singapore, Singapore",Singapore,CVPR,2020
CVPR-2020-A004786,Bingyi Kang,"Department of Electrical and Computer Engineering, National University of Singapore, Singapore",Singapore,CVPR,2020
CVPR-2020-A004787,Sheng Tang,"Key Laboratory of Intelligent Information Processing, Institute of Computing Technology, Chinese Academy of Sciences, Beijing, China | University of Chinese Academy of Sciences, Beijing, China",China,CVPR,2020
CVPR-2020-A004788,Chunfeng Wang,"University of Chinese Academy of Sciences, Beijing, China",China,CVPR,2020
CVPR-2020-A004789,Jintao Li,"Key Laboratory of Intelligent Information Processing, Institute of Computing Technology, Chinese Academy of Sciences, Beijing, China | University of Chinese Academy of Sciences, Beijing, China",China,CVPR,2020
CVPR-2020-A004790,Jiashi Feng,"Department of Electrical and Computer Engineering, National University of Singapore, Singapore",Singapore,CVPR,2020
CVPR-2020-A004791,Xiaotian Li,Aalto University,Finland,CVPR,2020
CVPR-2020-A004792,Shuzhe Wang,Aalto University,Finland,CVPR,2020
CVPR-2020-A004793,Yi Zhao,Aalto University,Finland,CVPR,2020
CVPR-2020-A004794,Jakob Verbeek,Facebook AI Research,United States,CVPR,2020
CVPR-2020-A004795,Juho Kannala,Aalto University,Finland,CVPR,2020
CVPR-2020-A004796,Yong-Lu Li,Shanghai Jiao Tong University,China,CVPR,2020
CVPR-2020-A004797,Yue Xu,Shanghai Jiao Tong University,China,CVPR,2020
CVPR-2020-A004798,Xiaohan Mao,Shanghai Jiao Tong University,China,CVPR,2020
CVPR-2020-A004799,Cewu Lu,Shanghai Jiao Tong University,China,CVPR,2020
CVPR-2020-A004800,Zhenpei Yang,"UT Austin, Waymo, Google Brain",United States,CVPR,2020
CVPR-2020-A004801,Yuning Chai,"UT Austin, Waymo, Google Brain",United States,CVPR,2020
CVPR-2020-A004802,Dragomir Anguelov,"UT Austin, Waymo, Google Brain",United States,CVPR,2020
CVPR-2020-A004803,Yin Zhou,"UT Austin, Waymo, Google Brain",United States,CVPR,2020
CVPR-2020-A004804,Pei Sun,"UT Austin, Waymo, Google Brain",United States,CVPR,2020
CVPR-2020-A004805,Dumitru Erhan,"UT Austin, Waymo, Google Brain",United States,CVPR,2020
CVPR-2020-A004806,Sean Rafferty,"UT Austin, Waymo, Google Brain",United States,CVPR,2020
CVPR-2020-A004807,Henrik Kretzschmar,"UT Austin, Waymo, Google Brain",United States,CVPR,2020
CVPR-2020-A004808,Xing Xu,Center for Future Media & School of Computer Science and Engineering University of Electronic Science and Technology of China,China,CVPR,2020
CVPR-2020-A004809,Jiefu Chen,Center for Future Media & School of Computer Science and Engineering University of Electronic Science and Technology of China,China,CVPR,2020
CVPR-2020-A004810,Jinhui Xiao,Center for Future Media & School of Computer Science and Engineering University of Electronic Science and Technology of China,China,CVPR,2020
CVPR-2020-A004811,Lianli Gao,Center for Future Media & School of Computer Science and Engineering University of Electronic Science and Technology of China,China,CVPR,2020
CVPR-2020-A004812,Fumin Shen,Center for Future Media & School of Computer Science and Engineering University of Electronic Science and Technology of China,China,CVPR,2020
CVPR-2020-A004813,Heng Tao Shen,Center for Future Media & School of Computer Science and Engineering University of Electronic Science and Technology of China,China,CVPR,2020
CVPR-2020-A004814,Fengchun Qiao,UNKNOWN,UNKNOWN,CVPR,2020
CVPR-2020-A004815,Long Zhao,UNKNOWN,UNKNOWN,CVPR,2020
CVPR-2020-A004816,Xi Peng,UNKNOWN,UNKNOWN,CVPR,2020
CVPR-2020-A004817,Josip Saric,"University of Zagreb, Croatia",Croatia,CVPR,2020
CVPR-2020-A004818,Marin Orsic,"University of Zagreb, Croatia",Croatia,CVPR,2020
CVPR-2020-A004819,Tonci Antunovic,"University of Zagreb, Croatia",Croatia,CVPR,2020
CVPR-2020-A004820,Sacha Vrazic,"University of Zagreb, Croatia",Croatia,CVPR,2020
CVPR-2020-A004821,Sinisa Segvic,"University of Zagreb, Croatia",Croatia,CVPR,2020
CVPR-2020-A004822,Jingwei Ji,Stanford University,United States,CVPR,2020
CVPR-2020-A004823,Ranjay Krishna,Stanford University,United States,CVPR,2020
CVPR-2020-A004824,Li Fei-Fei,Stanford University,United States,CVPR,2020
CVPR-2020-A004825,Juan Carlos Niebles,Stanford University,United States,CVPR,2020
CVPR-2020-A004826,Arsha Nagrani,"VGG, Oxford | Google Research",United Kingdom | United States,CVPR,2020
CVPR-2020-A004827,Chen Sun,Google Research,UNKNOWN,CVPR,2020
CVPR-2020-A004828,David Ross,Google Research,UNKNOWN,CVPR,2020
CVPR-2020-A004829,Rahul Sukthankar,Google Research,UNKNOWN,CVPR,2020
CVPR-2020-A004830,Cordelia Schmid,Google Research,UNKNOWN,CVPR,2020
CVPR-2020-A004831,Andrew Zisserman,UNKNOWN,UNKNOWN,CVPR,2020
CVPR-2020-A004832,Lei Yang,The Chinese University of Hong Kong,China,CVPR,2020
CVPR-2020-A004833,Dapeng Chen,UNKNOWN,UNKNOWN,CVPR,2020
CVPR-2020-A004834,Xiaohang Zhan,The Chinese University of Hong Kong,China,CVPR,2020
CVPR-2020-A004835,Rui Zhao,UNKNOWN,UNKNOWN,CVPR,2020
CVPR-2020-A004836,Chen Change Loy,UNKNOWN,UNKNOWN,CVPR,2020
CVPR-2020-A004837,Dahua Lin,The Chinese University of Hong Kong,China,CVPR,2020
CVPR-2020-A004838,Xiawu Zheng,"Media Analytics and Computing Lab, Department of Artificial Intelligence | National Institute for Data Science in Health and Medicine, Xiamen University. | Peng Cheng Laboratory, Shenzhen, China.",China,CVPR,2020
CVPR-2020-A004839,Rongrong Ji,"Media Analytics and Computing Lab, Department of Artificial Intelligence | National Institute for Data Science in Health and Medicine, Xiamen University. | Peng Cheng Laboratory, Shenzhen, China.",China,CVPR,2020
CVPR-2020-A004840,Qiang Wang,"Media Analytics and Computing Lab, Department of Artificial Intelligence | Peng Cheng Laboratory, Shenzhen, China.",China,CVPR,2020
CVPR-2020-A004841,Qixiang Ye,"Peng Cheng Laboratory, Shenzhen, China. | University of Chinese Academy of Sciences, China.",China,CVPR,2020
CVPR-2020-A004842,Zhenguo Li,"Noah’s Ark Lab, Huawei Technologies",China,CVPR,2020
CVPR-2020-A004843,Yonghong Tian,"Peng Cheng Laboratory, Shenzhen, China. | Peking University.",China,CVPR,2020
CVPR-2020-A004844,Qi Tian,"Noah’s Ark Lab, Huawei Technologies",China,CVPR,2020
CVPR-2020-A004845,Guanglu Song,SenseTime X-Lab,China,CVPR,2020
CVPR-2020-A004846,Yu Liu,"The Chinese University of Hong Kong, Hong Kong",China,CVPR,2020
CVPR-2020-A004847,Xiaogang Wang,"The Chinese University of Hong Kong, Hong Kong",China,CVPR,2020
CVPR-2020-A004848,Dongzhan Zhou,"The University of Sydney, SenseTime Computer Vision Research Group, Australia",Australia,CVPR,2020
CVPR-2020-A004849,Xinchi Zhou,"The University of Sydney, SenseTime Computer Vision Research Group, Australia",Australia,CVPR,2020
CVPR-2020-A004850,Wenwei Zhang,Nanyang Technological University,Singapore,CVPR,2020
CVPR-2020-A004851,Chen Change Loy,Nanyang Technological University,Singapore,CVPR,2020
CVPR-2020-A004852,Shuai Yi,SenseTime Research,China,CVPR,2020
CVPR-2020-A004853,Xuesen Zhang,SenseTime Research,China,CVPR,2020
CVPR-2020-A004854,Wanli Ouyang,"The University of Sydney, SenseTime Computer Vision Research Group, Australia",Australia,CVPR,2020
CVPR-2020-A004855,Di Chen,"PCA Lab, Key Lab of Intelligent Perception and Systems for High-Dimensional Information of Ministry of Education | Max Planck Institute for Informatics, Saarland Informatics Campus",China | Germany,CVPR,2020
CVPR-2020-A004856,Shanshan Zhang,"PCA Lab, Key Lab of Intelligent Perception and Systems for High-Dimensional Information of Ministry of Education",China,CVPR,2020
CVPR-2020-A004857,Jian Yang,"PCA Lab, Key Lab of Intelligent Perception and Systems for High-Dimensional Information of Ministry of Education | Jiangsu Key Lab of Image and Video Understanding for Social Security",China,CVPR,2020
CVPR-2020-A004858,Bernt Schiele,"Max Planck Institute for Informatics, Saarland Informatics Campus",Germany,CVPR,2020
CVPR-2020-A004859,Qi Zheng,"UBTECH Sydney AI Centre, School of Computer Science, Faculty of Engineering, The University of Sydney, Darlington, NSW , Australia",Australia,CVPR,2020
CVPR-2020-A004860,Chaoyue Wang,"UBTECH Sydney AI Centre, School of Computer Science, Faculty of Engineering, The University of Sydney, Darlington, NSW , Australia",Australia,CVPR,2020
CVPR-2020-A004861,Dacheng Tao,"UBTECH Sydney AI Centre, School of Computer Science, Faculty of Engineering, The University of Sydney, Darlington, NSW , Australia",Australia,CVPR,2020
CVPR-2020-A004862,Zhaoyi Wan,"Megvii, China University of Mining and Technology, University of Rochester",China,CVPR,2020
CVPR-2020-A004863,Jielei Zhang,"Megvii, China University of Mining and Technology, University of Rochester",China,CVPR,2020
CVPR-2020-A004864,Liang Zhang,"Megvii, China University of Mining and Technology, University of Rochester",China,CVPR,2020
CVPR-2020-A004865,Jiebo Luo,"Megvii, China University of Mining and Technology, University of Rochester",China,CVPR,2020
CVPR-2020-A004866,Cong Yao,"Megvii, China University of Mining and Technology, University of Rochester",China,CVPR,2020
CVPR-2020-A004867,Mengshi Qi,"CVLab, EPFL, Switzerland Baidu Research, China ReLER, University of Technology Sydney, Australia Inception Institute of Artiﬁcial Intelligence, UAE",China | Australia | Switzerland,CVPR,2020
CVPR-2020-A004868,Jie Qin,"CVLab, EPFL, Switzerland Baidu Research, China ReLER, University of Technology Sydney, Australia Inception Institute of Artiﬁcial Intelligence, UAE",China | Australia | Switzerland,CVPR,2020
CVPR-2020-A004869,Yu Wu,"CVLab, EPFL, Switzerland Baidu Research, China ReLER, University of Technology Sydney, Australia Inception Institute of Artiﬁcial Intelligence, UAE",China | Australia | Switzerland,CVPR,2020
CVPR-2020-A004870,Yi Yang,"CVLab, EPFL, Switzerland Baidu Research, China ReLER, University of Technology Sydney, Australia Inception Institute of Artiﬁcial Intelligence, UAE",China | Australia | Switzerland,CVPR,2020
CVPR-2020-A004871,Seokeon Choi,"Korea Advanced Institute of Science and Technology, Daejeon, Korea",South Korea,CVPR,2020
CVPR-2020-A004872,Sumin Lee,"Korea Advanced Institute of Science and Technology, Daejeon, Korea",South Korea,CVPR,2020
CVPR-2020-A004873,Youngeun Kim,"Korea Advanced Institute of Science and Technology, Daejeon, Korea",South Korea,CVPR,2020
CVPR-2020-A004874,Taekyung Kim,"Korea Advanced Institute of Science and Technology, Daejeon, Korea",South Korea,CVPR,2020
CVPR-2020-A004875,Changick Kim,"Korea Advanced Institute of Science and Technology, Daejeon, Korea",South Korea,CVPR,2020
CVPR-2020-A004876,Shizhe Chen,UNKNOWN,UNKNOWN,CVPR,2020
CVPR-2020-A004877,Qin Jin,UNKNOWN,UNKNOWN,CVPR,2020
CVPR-2020-A004878,Peng Wang,UNKNOWN,UNKNOWN,CVPR,2020
CVPR-2020-A004879,Qi Wu,UNKNOWN,UNKNOWN,CVPR,2020
CVPR-2020-A004880,Francesca Babiloni,Huawei Noah’s Ark Lab,China,CVPR,2020
CVPR-2020-A004881,Ioannis Marras,Huawei Noah’s Ark Lab,China,CVPR,2020
CVPR-2020-A004882,Gregory Slabaugh,Huawei Noah’s Ark Lab,China,CVPR,2020
CVPR-2020-A004883,Stefanos Zafeiriou,Imperial College London,United Kingdom,CVPR,2020
CVPR-2020-A004884,Shihao Zhao,UNKNOWN,UNKNOWN,CVPR,2020
CVPR-2020-A004885,Xingjun Ma,"School of Computing and Information Systems, The University of Melbourne",Australia,CVPR,2020
CVPR-2020-A004886,Xiang Zheng,"School of Computing and Information Systems, The University of Melbourne",Australia,CVPR,2020
CVPR-2020-A004887,James Bailey,"School of Computing and Information Systems, The University of Melbourne",Australia,CVPR,2020
CVPR-2020-A004888,Jingjing Chen,UNKNOWN,UNKNOWN,CVPR,2020
CVPR-2020-A004889,Yu-Gang Jiang,UNKNOWN,UNKNOWN,CVPR,2020
CVPR-2020-A004890,Zi Jian Yew,"Department of Computer Science, National University of Singapore",Singapore,CVPR,2020
CVPR-2020-A004891,Gim Hee Lee,"Department of Computer Science, National University of Singapore",Singapore,CVPR,2020
CVPR-2020-A004892,Xiang Li,Brown University,United States,CVPR,2020
CVPR-2020-A004893,Chen Lin,Brown University,United States,CVPR,2020
CVPR-2020-A004894,Chuming Li,Brown University,United States,CVPR,2020
CVPR-2020-A004895,Ming Sun,Brown University,United States,CVPR,2020
CVPR-2020-A004896,Wei Wu,Brown University,United States,CVPR,2020
CVPR-2020-A004897,Junjie Yan,Brown University,United States,CVPR,2020
CVPR-2020-A004898,Wanli Ouyang,Brown University,United States,CVPR,2020
CVPR-2020-A004899,Dandan Shan,"University of Michigan, Johns Hopkins University",United States,CVPR,2020
CVPR-2020-A004900,Jiaqi Geng,"University of Michigan, Johns Hopkins University",United States,CVPR,2020
CVPR-2020-A004901,Michelle Shu,"University of Michigan, Johns Hopkins University",United States,CVPR,2020
CVPR-2020-A004902,David F. Fouhey,"University of Michigan, Johns Hopkins University",United States,CVPR,2020
CVPR-2020-A004903,Yude Wang,"University of Chinese Academy of Sciences, Beijing, China",China,CVPR,2020
CVPR-2020-A004904,Jie Zhang,"University of Chinese Academy of Sciences, Beijing, China",China,CVPR,2020
CVPR-2020-A004905,Meina Kan,"University of Chinese Academy of Sciences, Beijing, China",China,CVPR,2020
CVPR-2020-A004906,Shiguang Shan,"University of Chinese Academy of Sciences, Beijing, China | CAS Center for Excellence in Brain Science and Intelligence Technology, Shanghai, China",China,CVPR,2020
CVPR-2020-A004907,Xilin Chen,"University of Chinese Academy of Sciences, Beijing, China",China,CVPR,2020
CVPR-2020-A004908,Adnan Siraj Rakin,"School of Electrical, Computer and Energy Engineering, Arizona State University, Tempe, AZ",United States,CVPR,2020
CVPR-2020-A004909,Zhezhi He,"School of Electrical, Computer and Energy Engineering, Arizona State University, Tempe, AZ",United States,CVPR,2020
CVPR-2020-A004910,Deliang Fan,"School of Electrical, Computer and Energy Engineering, Arizona State University, Tempe, AZ",United States,CVPR,2020
CVPR-2020-A004911,Antoine Miech,UNKNOWN,UNKNOWN,CVPR,2020
CVPR-2020-A004912,Jean-Baptiste Alayrac,UNKNOWN,UNKNOWN,CVPR,2020
CVPR-2020-A004913,Lucas Smaira,UNKNOWN,UNKNOWN,CVPR,2020
CVPR-2020-A004914,Ivan Laptev,UNKNOWN,UNKNOWN,CVPR,2020
CVPR-2020-A004915,Josef Sivic,UNKNOWN,UNKNOWN,CVPR,2020
CVPR-2020-A004916,Andrew Zisserman,UNKNOWN,UNKNOWN,CVPR,2020
CVPR-2020-A004917,Mohamed Yousef,"Intuition Machines, Inc.",UNKNOWN,CVPR,2020
CVPR-2020-A004918,Tom E. Bishop,"Intuition Machines, Inc.",UNKNOWN,CVPR,2020
CVPR-2020-A004919,Li Mi,"School of Remote Sensing and Information Engineering, Wuhan University, China",China,CVPR,2020
CVPR-2020-A004920,Zhenzhong Chen,"School of Remote Sensing and Information Engineering, Wuhan University, China",China,CVPR,2020
CVPR-2020-A004921,Kent Fujiwara,LINE Corporation,South Korea,CVPR,2020
CVPR-2020-A004922,Taiichi Hashimoto,LINE Corporation,South Korea,CVPR,2020
CVPR-2020-A004923,Jia Chen,Carnegie Mellon University Language Technology Institute,United States,CVPR,2020
CVPR-2020-A004924,Qin Jin,Renmin University of China School of Information,China,CVPR,2020
CVPR-2020-A004925,Deen Dayal Mohan,"Department of Computer Science and Engineering, University at Buffalo, Buffalo, New York, USA",United States,CVPR,2020
CVPR-2020-A004926,Nishant Sankaran,"Department of Computer Science and Engineering, University at Buffalo, Buffalo, New York, USA",United States,CVPR,2020
CVPR-2020-A004927,Dennis Fedorishin,"Department of Computer Science and Engineering, University at Buffalo, Buffalo, New York, USA",United States,CVPR,2020
CVPR-2020-A004928,Srirangaraj Setlur,"Department of Computer Science and Engineering, University at Buffalo, Buffalo, New York, USA",United States,CVPR,2020
CVPR-2020-A004929,Venu Govindaraju,"Department of Computer Science and Engineering, University at Buffalo, Buffalo, New York, USA",United States,CVPR,2020
CVPR-2020-A004930,Peyman Bateni,University of British Columbia,Canada,CVPR,2020
CVPR-2020-A004931,Raghav Goyal,University of British Columbia | Vector Institute,Canada,CVPR,2020
CVPR-2020-A004932,Vaden Masrani,University of British Columbia,Canada,CVPR,2020
CVPR-2020-A004933,Frank Wood,University of British Columbia | MILA | CIFAR AI Chair,Canada,CVPR,2020
CVPR-2020-A004934,Leonid Sigal,University of British Columbia | Vector Institute | CIFAR AI Chair,Canada,CVPR,2020
CVPR-2020-A004935,Zhiqiu Lin,Cornell University1 Cornell Tech2,United States,CVPR,2020
CVPR-2020-A004936,Jin Sun,Cornell University1 Cornell Tech2,United States,CVPR,2020
CVPR-2020-A004937,Abe Davis,Cornell University1 Cornell Tech2,United States,CVPR,2020
CVPR-2020-A004938,Noah Snavely,Cornell University1 Cornell Tech2,United States,CVPR,2020
CVPR-2020-A004939,Yingwei Li,Johns Hopkins University,United States,CVPR,2020
CVPR-2020-A004940,Xiaojie Jin,ByteDance AI Lab,China,CVPR,2020
CVPR-2020-A004941,Jieru Mei,Johns Hopkins University,United States,CVPR,2020
CVPR-2020-A004942,Xiaochen Lian,ByteDance AI Lab,China,CVPR,2020
CVPR-2020-A004943,Linjie Yang,ByteDance AI Lab,China,CVPR,2020
CVPR-2020-A004944,Cihang Xie,Johns Hopkins University,United States,CVPR,2020
CVPR-2020-A004945,Qihang Yu,Johns Hopkins University,United States,CVPR,2020
CVPR-2020-A004946,Yuyin Zhou,Johns Hopkins University,United States,CVPR,2020
CVPR-2020-A004947,Song Bai,University of Oxford,United Kingdom,CVPR,2020
CVPR-2020-A004948,Alan L. Yuille,UNKNOWN,UNKNOWN,CVPR,2020
CVPR-2020-A004949,Yuqing Zhu,"University of California, Santa Barbara | NEC Labs America",United States,CVPR,2020
CVPR-2020-A004950,Xiang Yu,NEC Labs America,United States,CVPR,2020
CVPR-2020-A004951,Manmohan Chandraker,"NEC Labs America | University of California, San Diego",United States,CVPR,2020
CVPR-2020-A004952,Yu-Xiang Wang,"University of California, Santa Barbara",United States,CVPR,2020
CVPR-2020-A004953,Muhammad Zaigham Zaheer,University of Science and Technology | Electronics and Telecommunications Research Institute,South Korea,CVPR,2020
CVPR-2020-A004954,Jin-Ha Lee,UNKNOWN,UNKNOWN,CVPR,2020
CVPR-2020-A004955,Marcella Astrid,University of Science and Technology | Electronics and Telecommunications Research Institute,South Korea,CVPR,2020
CVPR-2020-A004956,Seung-Ik Lee,University of Science and Technology | Electronics and Telecommunications Research Institute,South Korea,CVPR,2020
CVPR-2020-A004957,Zhenfang Chen,The University of Hong Kong,Hong Kong,CVPR,2020
CVPR-2020-A004958,Peng Wang,University of Wollongong,Australia,CVPR,2020
CVPR-2020-A004959,Lin Ma,Tencent AI Lab,China,CVPR,2020
CVPR-2020-A004960,Kwan-Yee K. Wong,The University of Hong Kong,Hong Kong,CVPR,2020
CVPR-2020-A004961,Qi Wu,"Australian Centre for Robotic Vision, University of Adelaide",Australia,CVPR,2020
CVPR-2020-A004962,Lijie Fan,UNKNOWN,UNKNOWN,CVPR,2020
CVPR-2020-A004963,Tianhong Li,UNKNOWN,UNKNOWN,CVPR,2020
CVPR-2020-A004964,Rongyao Fang,UNKNOWN,UNKNOWN,CVPR,2020
CVPR-2020-A004965,Rumen Hristov,UNKNOWN,UNKNOWN,CVPR,2020
CVPR-2020-A004966,Yuan Yuan,UNKNOWN,UNKNOWN,CVPR,2020
CVPR-2020-A004967,Dina Katabi,UNKNOWN,UNKNOWN,CVPR,2020
CVPR-2020-A004968,Shoukang Hu,UNKNOWN,UNKNOWN,CVPR,2020
CVPR-2020-A004969,Sirui Xie,UNKNOWN,UNKNOWN,CVPR,2020
CVPR-2020-A004970,Hehui Zheng,UNKNOWN,UNKNOWN,CVPR,2020
CVPR-2020-A004971,Chunxiao Liu,UNKNOWN,UNKNOWN,CVPR,2020
CVPR-2020-A004972,Jianping Shi,UNKNOWN,UNKNOWN,CVPR,2020
CVPR-2020-A004973,Xunying Liu,UNKNOWN,UNKNOWN,CVPR,2020
CVPR-2020-A004974,Dahua Lin,UNKNOWN,UNKNOWN,CVPR,2020
CVPR-2020-A004975,Na Zhao,"Deaprtment of Computer Science, National University of Singapore",Singapore,CVPR,2020
CVPR-2020-A004976,Tat-Seng Chua,"Deaprtment of Computer Science, National University of Singapore",Singapore,CVPR,2020
CVPR-2020-A004977,Gim Hee Lee,"Deaprtment of Computer Science, National University of Singapore",Singapore,CVPR,2020
CVPR-2020-A004978,Bowen Cheng,Google Research,UNKNOWN,CVPR,2020
CVPR-2020-A004979,Maxwell D. Collins,Google Research,UNKNOWN,CVPR,2020
CVPR-2020-A004980,Yukun Zhu,Google Research,UNKNOWN,CVPR,2020
CVPR-2020-A004981,Ting Liu,Google Research,UNKNOWN,CVPR,2020
CVPR-2020-A004982,Thomas S. Huang,Google Research,UNKNOWN,CVPR,2020
CVPR-2020-A004983,Hartwig Adam,Google Research,UNKNOWN,CVPR,2020
CVPR-2020-A004984,Liang-Chieh Chen,Google Research,UNKNOWN,CVPR,2020
CVPR-2020-A004985,Boxiao Pan,Stanford University,United States,CVPR,2020
CVPR-2020-A004986,Haoye Cai,Stanford University,United States,CVPR,2020
CVPR-2020-A004987,De-An Huang,Stanford University,United States,CVPR,2020
CVPR-2020-A004988,Kuan-Hui Lee,Toyota Research Institute,Japan,CVPR,2020
CVPR-2020-A004989,Adrien Gaidon,Toyota Research Institute,Japan,CVPR,2020
CVPR-2020-A004990,Ehsan Adeli,Stanford University,United States,CVPR,2020
CVPR-2020-A004991,Juan Carlos Niebles,Stanford University,United States,CVPR,2020
CVPR-2020-A004992,Weiwei Sun,University of Victoria,Canada,CVPR,2020
CVPR-2020-A004993,Wei Jiang,University of Victoria,Canada,CVPR,2020
CVPR-2020-A004994,Eduard Trulls,"Google Research, Zurich Google Research, Toronto",Switzerland | Canada,CVPR,2020
CVPR-2020-A004995,Andrea Tagliasacchi,"Google Research, Zurich Google Research, Toronto",Switzerland | Canada,CVPR,2020
CVPR-2020-A004996,Kwang Moo Yi,"Google Research, Zurich Google Research, Toronto",Switzerland | Canada,CVPR,2020
CVPR-2020-A004997,Wei-Lin Hsiao,The University of Texas at Austin | Facebook AI Research,United States,CVPR,2020
CVPR-2020-A004998,Kristen Grauman,The University of Texas at Austin | Facebook AI Research,United States,CVPR,2020
CVPR-2020-A004999,Syeda Mariam Ahmed,National University of Singapore,Singapore,CVPR,2020
CVPR-2020-A005000,Chee Meng Chew,National University of Singapore,Singapore,CVPR,2020
CVPR-2020-A005001,Steven Liu,Adobe Research,United States,CVPR,2020
CVPR-2020-A005002,Tongzhou Wang,Adobe Research,United States,CVPR,2020
CVPR-2020-A005003,David Bau,Adobe Research,United States,CVPR,2020
CVPR-2020-A005004,Jun-Yan Zhu,Adobe Research,United States,CVPR,2020
CVPR-2020-A005005,Antonio Torralba,Adobe Research,United States,CVPR,2020
CVPR-2020-A005006,Ji Zhao,UNKNOWN,UNKNOWN,CVPR,2020
CVPR-2020-A005007,Wanting Xu,UNKNOWN,UNKNOWN,CVPR,2020
CVPR-2020-A005008,Laurent Kneip,UNKNOWN,UNKNOWN,CVPR,2020
CVPR-2020-A005009,Dahun Kim,UNKNOWN,UNKNOWN,CVPR,2020
CVPR-2020-A005010,Sanghyun Woo,UNKNOWN,UNKNOWN,CVPR,2020
CVPR-2020-A005011,Joon-Young Lee,Adobe Research,United States,CVPR,2020
CVPR-2020-A005012,In So Kweon,UNKNOWN,UNKNOWN,CVPR,2020
CVPR-2020-A005013,Elad Eban,Google Research.,UNKNOWN,CVPR,2020
CVPR-2020-A005014,Yair Movshovitz-Attias,Google Research.,UNKNOWN,CVPR,2020
CVPR-2020-A005015,Hao Wu,Google Research.,UNKNOWN,CVPR,2020
CVPR-2020-A005016,Mark Sandler,Google Research.,UNKNOWN,CVPR,2020
CVPR-2020-A005017,Andrew Poon,UNKNOWN,UNKNOWN,CVPR,2020
CVPR-2020-A005018,Yerlan Idelbayev,UNKNOWN,UNKNOWN,CVPR,2020
CVPR-2020-A005019,Miguel A. Carreira-Perpinan,UNKNOWN,UNKNOWN,CVPR,2020
CVPR-2020-A005020,Bowen Zhao,UNKNOWN,UNKNOWN,CVPR,2020
CVPR-2020-A005021,Xi Xiao,UNKNOWN,UNKNOWN,CVPR,2020
CVPR-2020-A005022,Guojun Gan,UNKNOWN,UNKNOWN,CVPR,2020
CVPR-2020-A005023,Bin Zhang,UNKNOWN,UNKNOWN,CVPR,2020
CVPR-2020-A005024,Shu-Tao Xia,UNKNOWN,UNKNOWN,CVPR,2020
CVPR-2020-A005025,Yaohui Cai,"Peking University; University of California, Berkeley",United States,CVPR,2020
CVPR-2020-A005026,Zhewei Yao,"Peking University; University of California, Berkeley",United States,CVPR,2020
CVPR-2020-A005027,Zhen Dong,"Peking University; University of California, Berkeley",United States,CVPR,2020
CVPR-2020-A005028,Amir Gholami,"Peking University; University of California, Berkeley",United States,CVPR,2020
CVPR-2020-A005029,Michael W. Mahoney,"Peking University; University of California, Berkeley",United States,CVPR,2020
CVPR-2020-A005030,Kurt Keutzer,"Peking University; University of California, Berkeley",United States,CVPR,2020
CVPR-2020-A005031,Anton Mitrokhin,UNKNOWN,UNKNOWN,CVPR,2020
CVPR-2020-A005032,Zhiyuan Hua,UNKNOWN,UNKNOWN,CVPR,2020
CVPR-2020-A005033,Cornelia Fermuller,UNKNOWN,UNKNOWN,CVPR,2020
CVPR-2020-A005034,Yiannis Aloimonos,UNKNOWN,UNKNOWN,CVPR,2020
CVPR-2020-A005035,Jiayun Wang,UC Berkeley / ICSI 𝒦,United States,CVPR,2020
CVPR-2020-A005036,Yubei Chen,UC Berkeley / ICSI 𝒦,United States,CVPR,2020
CVPR-2020-A005037,Rudrasis Chakraborty,UC Berkeley / ICSI 𝒦,United States,CVPR,2020
CVPR-2020-A005038,Stella X. Yu,UC Berkeley / ICSI 𝒦,United States,CVPR,2020
CVPR-2020-A005039,Himangi Mittal,Carnegie Mellon University,United States,CVPR,2020
CVPR-2020-A005040,Brian Okorn,Carnegie Mellon University,United States,CVPR,2020
CVPR-2020-A005041,David Held,Carnegie Mellon University,United States,CVPR,2020
CVPR-2020-A005042,Jun Li,Oregon State University,United States,CVPR,2020
CVPR-2020-A005043,Sinisa Todorovic,Oregon State University,United States,CVPR,2020
CVPR-2020-A005044,Erich Elsen,"DeepMind London, UK",United Kingdom,CVPR,2020
CVPR-2020-A005045,Marat Dukhan,"Google Mountain View, CA",United States,CVPR,2020
CVPR-2020-A005046,Trevor Gale,"Google Mountain View, CA",United States,CVPR,2020
CVPR-2020-A005047,Karen Simonyan,"DeepMind London, UK",United Kingdom,CVPR,2020
CVPR-2020-A005048,Jie Chen,"Department of Computer Science, University of Rochester",United States,CVPR,2020
CVPR-2020-A005049,Zhiheng Li,"Department of Computer Science, University of Rochester",United States,CVPR,2020
CVPR-2020-A005050,Jiebo Luo,"Department of Computer Science, University of Rochester",United States,CVPR,2020
CVPR-2020-A005051,Chenliang Xu,"Department of Computer Science, University of Rochester",United States,CVPR,2020
CVPR-2020-A005052,Shuhao Cui,"Key Lab of Intell. Info. Process., Inst. of Comput. Tech., CAS, Beijing, China | University of Chinese Academy of Sciences, Beijing, China",China,CVPR,2020
CVPR-2020-A005053,Shuhui Wang,"Key Lab of Intell. Info. Process., Inst. of Comput. Tech., CAS, Beijing, China",China,CVPR,2020
CVPR-2020-A005054,Junbao Zhuo,"Key Lab of Intell. Info. Process., Inst. of Comput. Tech., CAS, Beijing, China | University of Chinese Academy of Sciences, Beijing, China",China,CVPR,2020
CVPR-2020-A005055,Chi Su,"Kingsoft Cloud, Beijing, China",China,CVPR,2020
CVPR-2020-A005056,Qingming Huang,"Key Lab of Intell. Info. Process., Inst. of Comput. Tech., CAS, Beijing, China | University of Chinese Academy of Sciences, Beijing, China | Peng Cheng Laboratory, Shenzhen, China",China,CVPR,2020
CVPR-2020-A005057,Qi Tian,"Noah’s Ark Lab, Huawei Technologies",China,CVPR,2020
CVPR-2020-A005058,Yang Wang,"University of Science and Technology of China, Hefei, China",China,CVPR,2020
CVPR-2020-A005059,Yang Cao,"University of Science and Technology of China, Hefei, China",China,CVPR,2020
CVPR-2020-A005060,Zheng-Jun Zha,"University of Science and Technology of China, Hefei, China",China,CVPR,2020
CVPR-2020-A005061,Jing Zhang,"UBTECH Sydney Artificial Intelligence Centre, The University of Sydney, Sydney, Australia",Australia,CVPR,2020
CVPR-2020-A005062,Zhiwei Xiong,"University of Science and Technology of China, Hefei, China",China,CVPR,2020
CVPR-2020-A005063,Bruce McIntosh,UNKNOWN,UNKNOWN,CVPR,2020
CVPR-2020-A005064,Kevin Duarte,UNKNOWN,UNKNOWN,CVPR,2020
CVPR-2020-A005065,Yogesh S Rawat,UNKNOWN,UNKNOWN,CVPR,2020
CVPR-2020-A005066,Mubarak Shah,UNKNOWN,UNKNOWN,CVPR,2020
CVPR-2020-A005067,Jogendra Nath Kundu,"Video Analytics Lab, CDS, Indian Institute of Science, Bangalore",India,CVPR,2020
CVPR-2020-A005068,Naveen Venkat,"Video Analytics Lab, CDS, Indian Institute of Science, Bangalore",India,CVPR,2020
CVPR-2020-A005069,Ambareesh Revanur,"Video Analytics Lab, CDS, Indian Institute of Science, Bangalore",India,CVPR,2020
CVPR-2020-A005070,Rahul M V,"Video Analytics Lab, CDS, Indian Institute of Science, Bangalore",India,CVPR,2020
CVPR-2020-A005071,R. Venkatesh Babu,"Video Analytics Lab, CDS, Indian Institute of Science, Bangalore",India,CVPR,2020
CVPR-2020-A005072,Gen Luo,"Media Analytics and Computing Lab, Department of Artificial Intelligence",UNKNOWN,CVPR,2020
CVPR-2020-A005073,Yiyi Zhou,"Media Analytics and Computing Lab, Department of Artificial Intelligence",UNKNOWN,CVPR,2020
CVPR-2020-A005074,Xiaoshuai Sun,"Media Analytics and Computing Lab, Department of Artificial Intelligence",UNKNOWN,CVPR,2020
CVPR-2020-A005075,Liujuan Cao,"Media Analytics and Computing Lab, Department of Artificial Intelligence",UNKNOWN,CVPR,2020
CVPR-2020-A005076,Chenglin Wu,"DeepWisdom, China.",China,CVPR,2020
CVPR-2020-A005077,Cheng Deng,"Xidian University, China.",China,CVPR,2020
CVPR-2020-A005078,Rongrong Ji,"Media Analytics and Computing Lab, Department of Artificial Intelligence",UNKNOWN,CVPR,2020
CVPR-2020-A005079,Yan Luo,School of Electronic Information and Electrical Engineering,UNKNOWN,CVPR,2020
CVPR-2020-A005080,Chongyang Zhang,"School of Electronic Information and Electrical Engineering | MoE Key Lab of Artificial Intelligence, AI Institute, Shanghai Jiao Tong University, Shanghai , China.",China,CVPR,2020
CVPR-2020-A005081,Muming Zhao,School of Electronic Information and Electrical Engineering,UNKNOWN,CVPR,2020
CVPR-2020-A005082,Hao Zhou,School of Electronic Information and Electrical Engineering,UNKNOWN,CVPR,2020
CVPR-2020-A005083,Jun Sun,School of Electronic Information and Electrical Engineering,UNKNOWN,CVPR,2020
CVPR-2020-A005084,Mingyu Ding,"The University of Hong Kong | Gaoling School of Artificial Intelligence, Renmin University of China",China,CVPR,2020
CVPR-2020-A005085,Yuqi Huo,"Gaoling School of Artificial Intelligence, Renmin University of China | Beijing Key Laboratory of Big Data Management and Analysis Methods, Beijing , China",China,CVPR,2020
CVPR-2020-A005086,Hongwei Yi,"Shenzhen Graduate School, Peking University",China,CVPR,2020
CVPR-2020-A005087,Zhe Wang,SenseTime Research,China,CVPR,2020
CVPR-2020-A005088,Jianping Shi,SenseTime Research,China,CVPR,2020
CVPR-2020-A005089,Zhiwu Lu,"Gaoling School of Artificial Intelligence, Renmin University of China | Beijing Key Laboratory of Big Data Management and Analysis Methods, Beijing , China",China,CVPR,2020
CVPR-2020-A005090,Ping Luo,The University of Hong Kong,Hong Kong,CVPR,2020
CVPR-2020-A005091,Giannis Daras,National Technical University of Athens,Greece,CVPR,2020
CVPR-2020-A005092,Augustus Odena,Google Brain,UNKNOWN,CVPR,2020
CVPR-2020-A005093,Han Zhang,Google Brain,UNKNOWN,CVPR,2020
CVPR-2020-A005094,Alexandros G. Dimakis,UNKNOWN,UNKNOWN,CVPR,2020
CVPR-2020-A005095,Xikun Zhang,"UBTECH Sydney AI Centre, School of Computer Science, Faculty of Engineering, The University of Sydney, Darlington, NSW , Australia",Australia,CVPR,2020
CVPR-2020-A005096,Chang Xu,"UBTECH Sydney AI Centre, School of Computer Science, Faculty of Engineering, The University of Sydney, Darlington, NSW , Australia",Australia,CVPR,2020
CVPR-2020-A005097,Dacheng Tao,"UBTECH Sydney AI Centre, School of Computer Science, Faculty of Engineering, The University of Sydney, Darlington, NSW , Australia",Australia,CVPR,2020
CVPR-2020-A005098,Yunbo Wang,Tsinghua University,China,CVPR,2020
CVPR-2020-A005099,Jiajun Wu,Stanford University,United States,CVPR,2020
CVPR-2020-A005100,Mingsheng Long,Tsinghua University,China,CVPR,2020
CVPR-2020-A005101,Joshua B. Tenenbaum,Massachusetts Institute of Technology,United States,CVPR,2020
CVPR-2020-A005102,Minjie Cai,"Hunan University, State Key Lab. of VR Technology and Systems, Beihang University, Beijing Advanced Innovation Center for Big Data-Based Precision Medicine, Beihang University, Peng Cheng Laboratory, The University of Tokyo",China | Japan,CVPR,2020
CVPR-2020-A005103,Feng Lu,"Hunan University, State Key Lab. of VR Technology and Systems, Beihang University, Beijing Advanced Innovation Center for Big Data-Based Precision Medicine, Beihang University, Peng Cheng Laboratory, The University of Tokyo",China | Japan,CVPR,2020
CVPR-2020-A005104,Yoichi Sato,"Hunan University, State Key Lab. of VR Technology and Systems, Beihang University, Beijing Advanced Innovation Center for Big Data-Based Precision Medicine, Beihang University, Peng Cheng Laboratory, The University of Tokyo",China | Japan,CVPR,2020
CVPR-2020-A005105,Luming Tang,Cornell University,United States,CVPR,2020
CVPR-2020-A005106,Davis Wertheimer,Cornell University,United States,CVPR,2020
CVPR-2020-A005107,Bharath Hariharan,Cornell University,United States,CVPR,2020
CVPR-2020-A005108,Jing Zhang,"ACRV, Australia | Data61, Australia",Australia,CVPR,2020
CVPR-2020-A005109,Xin Yu,"ACRV, Australia | ReLER, University of Technology Sydney, Australia",Australia,CVPR,2020
CVPR-2020-A005110,Aixuan Li,UNKNOWN,UNKNOWN,CVPR,2020
CVPR-2020-A005111,Peipei Song,"ACRV, Australia | Data61, Australia",Australia,CVPR,2020
CVPR-2020-A005112,Bowen Liu,"Australian National University, Australia",Australia,CVPR,2020
CVPR-2020-A005113,Yuchao Dai,"Australian National University, Australia",Australia,CVPR,2020
CVPR-2020-A005114,Shuda Li,Active Vision Lab &,UNKNOWN,CVPR,2020
CVPR-2020-A005115,Kai Han,UNKNOWN,UNKNOWN,CVPR,2020
CVPR-2020-A005116,Theo W. Costain,Active Vision Lab &,UNKNOWN,CVPR,2020
CVPR-2020-A005117,Henry Howard-Jenkins,Active Vision Lab &,UNKNOWN,CVPR,2020
CVPR-2020-A005118,Victor Prisacariu,Active Vision Lab &,UNKNOWN,CVPR,2020
CVPR-2020-A005119,Shiyin Zhang,"Institute of Information Science, Beijing Jiaotong University | Beijing Key Laboratory of Advanced Information Science and Network Technology",China,CVPR,2020
CVPR-2020-A005120,Jun Hao Liew,National University of Singapore,Singapore,CVPR,2020
CVPR-2020-A005121,Yunchao Wei,"ReLER, University of Technology Sydney",Australia,CVPR,2020
CVPR-2020-A005122,Shikui Wei,"Institute of Information Science, Beijing Jiaotong University | Beijing Key Laboratory of Advanced Information Science and Network Technology",China,CVPR,2020
CVPR-2020-A005123,Yao Zhao,"Institute of Information Science, Beijing Jiaotong University | Beijing Key Laboratory of Advanced Information Science and Network Technology",China,CVPR,2020
CVPR-2020-A005124,Hao-Shu Fang,Shanghai Jiao Tong University,China,CVPR,2020
CVPR-2020-A005125,Chenxi Wang,Shanghai Jiao Tong University,China,CVPR,2020
CVPR-2020-A005126,Minghao Gou,Shanghai Jiao Tong University,China,CVPR,2020
CVPR-2020-A005127,Cewu Lu,Shanghai Jiao Tong University,China,CVPR,2020
CVPR-2020-A005128,Marcella Cornia,University of Modena and Reggio Emilia,Italy,CVPR,2020
CVPR-2020-A005129,Matteo Stefanini,University of Modena and Reggio Emilia,Italy,CVPR,2020
CVPR-2020-A005130,Lorenzo Baraldi,University of Modena and Reggio Emilia,Italy,CVPR,2020
CVPR-2020-A005131,Rita Cucchiara,University of Modena and Reggio Emilia,Italy,CVPR,2020
CVPR-2020-A005132,Geunseob Oh,University of Michigan,United States,CVPR,2020
CVPR-2020-A005133,Jean-Sebastien Valois,University of Michigan,United States,CVPR,2020
CVPR-2020-A005134,Lu Chi,"Peking University, Beijing, China | ByteDance AI Lab, Beijing, China",China,CVPR,2020
CVPR-2020-A005135,Zehuan Yuan,"ByteDance AI Lab, Beijing, China",China,CVPR,2020
CVPR-2020-A005136,Yadong Mu,"Peking University, Beijing, China",China,CVPR,2020
CVPR-2020-A005137,Changhu Wang,"ByteDance AI Lab, Beijing, China",China,CVPR,2020
CVPR-2020-A005138,Jingwen Ye,"College of Computer Science and Technology, Zhejiang University, Hangzhou, China",China,CVPR,2020
CVPR-2020-A005139,Yixin Ji,"College of Computer Science and Technology, Zhejiang University, Hangzhou, China",China,CVPR,2020
CVPR-2020-A005140,Xinchao Wang,"Department of Computer Science, Stevens Institute of Technology, New Jersey, United States",United States,CVPR,2020
CVPR-2020-A005141,Xin Gao,"Alibaba Group, Hangzhou, China",China,CVPR,2020
CVPR-2020-A005142,Mingli Song,"College of Computer Science and Technology, Zhejiang University, Hangzhou, China",China,CVPR,2020
CVPR-2020-A005143,Irit Chelly,Ben-Gurion University,Israel,CVPR,2020
CVPR-2020-A005144,Vlad Winter,Ben-Gurion University,Israel,CVPR,2020
CVPR-2020-A005145,Dor Litvak,Ben-Gurion University,Israel,CVPR,2020
CVPR-2020-A005146,David Rosen,Ben-Gurion University,Israel,CVPR,2020
CVPR-2020-A005147,Oren Freifeld,Ben-Gurion University,Israel,CVPR,2020
CVPR-2020-A005148,Yaoyao Liu,"School of Electrical and Information Engineering, Tianjin University | Max Planck Institute for Informatics, Saarland Informatics Campus",China | Germany,CVPR,2020
CVPR-2020-A005149,Yuting Su,"School of Electrical and Information Engineering, Tianjin University",China,CVPR,2020
CVPR-2020-A005150,An-An Liu,"School of Electrical and Information Engineering, Tianjin University",China,CVPR,2020
CVPR-2020-A005151,Bernt Schiele,"Max Planck Institute for Informatics, Saarland Informatics Campus",Germany,CVPR,2020
CVPR-2020-A005152,Qianru Sun,"School of Information Systems, Singapore Management University",Singapore,CVPR,2020
CVPR-2020-A005153,Vacit Oguz Yazici,"Computer Vision Center, Universitat Autonoma de Barcelona, Barcelona, Spain | Wide-Eyes Technologies, Barcelona, Spain",Spain,CVPR,2020
CVPR-2020-A005154,Abel Gonzalez-Garcia,"Computer Vision Center, Universitat Autonoma de Barcelona, Barcelona, Spain",Spain,CVPR,2020
CVPR-2020-A005155,Arnau Ramisa,"Wide-Eyes Technologies, Barcelona, Spain | Universitat de Vic, Barcelona, Spain",Spain,CVPR,2020
CVPR-2020-A005156,Bartlomiej Twardowski,"Computer Vision Center, Universitat Autonoma de Barcelona, Barcelona, Spain",Spain,CVPR,2020
CVPR-2020-A005157,Joost van de Weijer,"Computer Vision Center, Universitat Autonoma de Barcelona, Barcelona, Spain",Spain,CVPR,2020
CVPR-2020-A005158,Yingwei Pan,"JD AI Research, Beijing, China City University of Hong Kong, Kowloon, Hong Kong",China,CVPR,2020
CVPR-2020-A005159,Ting Yao,"JD AI Research, Beijing, China City University of Hong Kong, Kowloon, Hong Kong",China,CVPR,2020
CVPR-2020-A005160,Yehao Li,"JD AI Research, Beijing, China City University of Hong Kong, Kowloon, Hong Kong",China,CVPR,2020
CVPR-2020-A005161,Chong-Wah Ngo,"JD AI Research, Beijing, China City University of Hong Kong, Kowloon, Hong Kong",China,CVPR,2020
CVPR-2020-A005162,Tao Mei,"JD AI Research, Beijing, China City University of Hong Kong, Kowloon, Hong Kong",China,CVPR,2020
CVPR-2020-A005163,Burak Uzkent,Department of Computer Science Stanford University,United States,CVPR,2020
CVPR-2020-A005164,Stefano Ermon,Department of Computer Science Stanford University,United States,CVPR,2020
CVPR-2020-A005165,Jiemin Fang,"School of EIC, Huazhong University of Science and Technology Horizon Robotics",China,CVPR,2020
CVPR-2020-A005166,Yuzhu Sun,"School of EIC, Huazhong University of Science and Technology Horizon Robotics",China,CVPR,2020
CVPR-2020-A005167,Qian Zhang,"School of EIC, Huazhong University of Science and Technology Horizon Robotics",China,CVPR,2020
CVPR-2020-A005168,Yuan Li,"School of EIC, Huazhong University of Science and Technology Horizon Robotics",China,CVPR,2020
CVPR-2020-A005169,Wenyu Liu,"School of EIC, Huazhong University of Science and Technology Horizon Robotics",China,CVPR,2020
CVPR-2020-A005170,Xinggang Wang,"School of EIC, Huazhong University of Science and Technology Horizon Robotics",China,CVPR,2020
CVPR-2020-A005171,Devendra Singh Chaplot,"Carnegie Mellon University, Facebook AI Research, UIUC",United States,CVPR,2020
CVPR-2020-A005172,Ruslan Salakhutdinov,"Carnegie Mellon University, Facebook AI Research, UIUC",United States,CVPR,2020
CVPR-2020-A005173,Abhinav Gupta,"Carnegie Mellon University, Facebook AI Research, UIUC",United States,CVPR,2020
CVPR-2020-A005174,Saurabh Gupta,"Carnegie Mellon University, Facebook AI Research, UIUC",United States,CVPR,2020
CVPR-2020-A005175,Yen-Chang Hsu,Georgia Institute of Technology,United States,CVPR,2020
CVPR-2020-A005176,Yilin Shen,Samsung Research America,United States,CVPR,2020
CVPR-2020-A005177,Hongxia Jin,Samsung Research America,United States,CVPR,2020
CVPR-2020-A005178,Zsolt Kira,Georgia Institute of Technology,United States,CVPR,2020
CVPR-2020-A005179,Elias N. Zois,"University of West Attica Ancient olive grove campus, Greece",Greece,CVPR,2020
CVPR-2020-A005180,Evangelos Zervas,"University of West Attica Ancient olive grove campus, Greece",Greece,CVPR,2020
CVPR-2020-A005181,Dimitrios Tsourounis,"University of Patras Patras, Greece",Greece,CVPR,2020
CVPR-2020-A005182,George Economou,"University of Patras Patras, Greece",Greece,CVPR,2020
CVPR-2020-A005183,Mahyar Najibi,University of Maryland,United States,CVPR,2020
CVPR-2020-A005184,Guangda Lai,Google,UNKNOWN,CVPR,2020
CVPR-2020-A005185,Abhijit Kundu,Google,UNKNOWN,CVPR,2020
CVPR-2020-A005186,Zhichao Lu,Google,UNKNOWN,CVPR,2020
CVPR-2020-A005187,Vivek Rathod,Google,UNKNOWN,CVPR,2020
CVPR-2020-A005188,Thomas Funkhouser,Google,UNKNOWN,CVPR,2020
CVPR-2020-A005189,Caroline Pantofaru,Google,UNKNOWN,CVPR,2020
CVPR-2020-A005190,David Ross,Google,UNKNOWN,CVPR,2020
CVPR-2020-A005191,Larry S. Davis,University of Maryland,United States,CVPR,2020
CVPR-2020-A005192,Alireza Fathi,Google,UNKNOWN,CVPR,2020
CVPR-2020-A005193,Mahdi Abavisani,"Dataminr Inc., New York, NY",United States,CVPR,2020
CVPR-2020-A005194,Liwei Wu,"Dataminr Inc., New York, NY",United States,CVPR,2020
CVPR-2020-A005195,Shengli Hu,"Dataminr Inc., New York, NY",United States,CVPR,2020
CVPR-2020-A005196,Joel Tetreault,"Dataminr Inc., New York, NY",United States,CVPR,2020
CVPR-2020-A005197,Alejandro Jaimes,"Dataminr Inc., New York, NY",United States,CVPR,2020
CVPR-2020-A005198,James Tu,UNKNOWN,UNKNOWN,CVPR,2020
CVPR-2020-A005199,Mengye Ren,UNKNOWN,UNKNOWN,CVPR,2020
CVPR-2020-A005200,Sivabalan Manivasagam,UNKNOWN,UNKNOWN,CVPR,2020
CVPR-2020-A005201,Ming Liang,UNKNOWN,UNKNOWN,CVPR,2020
CVPR-2020-A005202,Bin Yang,UNKNOWN,UNKNOWN,CVPR,2020
CVPR-2020-A005203,Richard Du,UNKNOWN,UNKNOWN,CVPR,2020
CVPR-2020-A005204,Frank Cheng,UNKNOWN,UNKNOWN,CVPR,2020
CVPR-2020-A005205,Raquel Urtasun,UNKNOWN,UNKNOWN,CVPR,2020
CVPR-2020-A005206,Prasun Roy,"Indian Statistical Institute, Kolkata, India",India,CVPR,2020
CVPR-2020-A005207,Saumik Bhattacharya,"Indian Institute of Technology, Kharagpur, India",India,CVPR,2020
CVPR-2020-A005208,Subhankar Ghosh,"Indian Statistical Institute, Kolkata, India",India,CVPR,2020
CVPR-2020-A005209,Umapada Pal,"Indian Statistical Institute, Kolkata, India",India,CVPR,2020
CVPR-2020-A005210,Qiangpeng Yang,UNKNOWN,UNKNOWN,CVPR,2020
CVPR-2020-A005211,Jun Huang,UNKNOWN,UNKNOWN,CVPR,2020
CVPR-2020-A005212,Wei Lin,UNKNOWN,UNKNOWN,CVPR,2020
CVPR-2020-A005213,Rongchang Xie,"Center for Data Science, Peking University | Deepwise AI Lab",China,CVPR,2020
CVPR-2020-A005214,Chunyu Wang,Microsoft Research Asia,China,CVPR,2020
CVPR-2020-A005215,Yizhou Wang,"Adv. Inst. of Info. Tech., Peking University | CS Dept., Peking University",China,CVPR,2020
CVPR-2020-A005216,Jonghwan Mun,"Computer Vision Lab., POSTECH, Korea | Computer Vision Lab., ASRI, Seoul National University, Korea",South Korea,CVPR,2020
CVPR-2020-A005217,Minsu Cho,"Computer Vision Lab., POSTECH, Korea",South Korea,CVPR,2020
CVPR-2020-A005218,Bohyung Han,"Computer Vision Lab., ASRI, Seoul National University, Korea",South Korea,CVPR,2020
CVPR-2020-A005219,Pengxiang Wu,Rutgers University,United States,CVPR,2020
CVPR-2020-A005220,Siheng Chen,Mitsubishi Electric Research Laboratories Dimitris Metaxas Rutgers University,UNKNOWN,CVPR,2020
CVPR-2020-A005221,Dimitris N. Metaxas,UNKNOWN,UNKNOWN,CVPR,2020
CVPR-2020-A005222,Yifei Huang,"Institute of Industrial Science, The University of Tokyo",Japan,CVPR,2020
CVPR-2020-A005223,Yusuke Sugano,"Institute of Industrial Science, The University of Tokyo",Japan,CVPR,2020
CVPR-2020-A005224,Yoichi Sato,"Institute of Industrial Science, The University of Tokyo",Japan,CVPR,2020
CVPR-2020-A005225,Chi Zhang,"Nanyang Technological University, Singapore",Singapore,CVPR,2020
CVPR-2020-A005226,Yujun Cai,"Nanyang Technological University, Singapore",Singapore,CVPR,2020
CVPR-2020-A005227,Guosheng Lin,"Nanyang Technological University, Singapore",Singapore,CVPR,2020
CVPR-2020-A005228,Chunhua Shen,"The University of Adelaide, Australia",Australia,CVPR,2020
CVPR-2020-A005229,Xin Sun,UNKNOWN,UNKNOWN,CVPR,2020
CVPR-2020-A005230,Zhenning Yang,"Nanyang Technological University, Singapore",Singapore,CVPR,2020
CVPR-2020-A005231,Chi Zhang,UNKNOWN,UNKNOWN,CVPR,2020
CVPR-2020-A005232,Keck-Voon Ling,UNKNOWN,UNKNOWN,CVPR,2020
CVPR-2020-A005233,Guohao Peng,UNKNOWN,UNKNOWN,CVPR,2020
CVPR-2020-A005234,Jiale Cao,Tianjin University,China,CVPR,2020
CVPR-2020-A005235,Hisham Cholakkal,"Inception Institute of Artificial Intelligence (IIAI), UAE",United Arab Emirates,CVPR,2020
CVPR-2020-A005236,Rao Muhammad Anwer,"Inception Institute of Artificial Intelligence (IIAI), UAE",United Arab Emirates,CVPR,2020
CVPR-2020-A005237,Fahad Shahbaz Khan,"Inception Institute of Artificial Intelligence (IIAI), UAE",United Arab Emirates,CVPR,2020
CVPR-2020-A005238,Yanwei Pang,Tianjin University,China,CVPR,2020
CVPR-2020-A005239,Ling Shao,"Inception Institute of Artificial Intelligence (IIAI), UAE",United Arab Emirates,CVPR,2020
CVPR-2020-A005240,Yue Wu,Northeastern University,United States,CVPR,2020
CVPR-2020-A005241,Yinpeng Chen,Microsoft,United States,CVPR,2020
CVPR-2020-A005242,Lu Yuan,Microsoft,United States,CVPR,2020
CVPR-2020-A005243,Zicheng Liu,Microsoft,United States,CVPR,2020
CVPR-2020-A005244,Lijuan Wang,Microsoft,United States,CVPR,2020
CVPR-2020-A005245,Hongzhi Li,Microsoft,United States,CVPR,2020
CVPR-2020-A005246,Yun Fu,Northeastern University,United States,CVPR,2020
CVPR-2020-A005247,Jan Svoboda,"NNAISENSE, Switzerland | Universita della Svizzera italiana, Switzerland",Switzerland,CVPR,2020
CVPR-2020-A005248,Asha Anoosheh,"NNAISENSE, Switzerland",Switzerland,CVPR,2020
CVPR-2020-A005249,Christian Osendorfer,"NNAISENSE, Switzerland",Switzerland,CVPR,2020
CVPR-2020-A005250,Jonathan Masci,"NNAISENSE, Switzerland",Switzerland,CVPR,2020
CVPR-2020-A005251,Qi Chang,Rutgers University,United States,CVPR,2020
CVPR-2020-A005252,Hui Qu,Rutgers University,United States,CVPR,2020
CVPR-2020-A005253,Yikai Zhang,Rutgers University,United States,CVPR,2020
CVPR-2020-A005254,Mert Sabuncu,Cornell University,United States,CVPR,2020
CVPR-2020-A005255,Chao Chen,Stony Brook University,United States,CVPR,2020
CVPR-2020-A005256,Tong Zhang,Hong Kong University of Science and Technology,Hong Kong,CVPR,2020
CVPR-2020-A005257,Dimitris N. Metaxas,UNKNOWN,UNKNOWN,CVPR,2020
CVPR-2020-A005258,Yun-Hsuan Lin,National Taiwan University,Taiwan,CVPR,2020
CVPR-2020-A005259,Wen-Chin Chen,National Taiwan University,Taiwan,CVPR,2020
CVPR-2020-A005260,Yung-Yu Chuang,National Taiwan University,Taiwan,CVPR,2020
CVPR-2020-A005261,Jun Wei,"Key Lab of Intell. Info. Process., Inst. of Comput. Tech., CAS, Beijing, China | University of Chinese Academy of Sciences, Beijing, China",China,CVPR,2020
CVPR-2020-A005262,Shuhui Wang,"Key Lab of Intell. Info. Process., Inst. of Comput. Tech., CAS, Beijing, China",China,CVPR,2020
CVPR-2020-A005263,Zhe Wu,"University of Chinese Academy of Sciences, Beijing, China | Peng Cheng Laboratory, Shenzhen, China",China,CVPR,2020
CVPR-2020-A005264,Chi Su,"Kingsoft Cloud, Beijing, China",China,CVPR,2020
CVPR-2020-A005265,Qingming Huang,"Key Lab of Intell. Info. Process., Inst. of Comput. Tech., CAS, Beijing, China | University of Chinese Academy of Sciences, Beijing, China | Peng Cheng Laboratory, Shenzhen, China",China,CVPR,2020
CVPR-2020-A005266,Qi Tian,"Noah’s Ark Lab, Huawei Technologies, China",China,CVPR,2020
CVPR-2020-A005267,Hang Zhou,University of Science and Technology of China,China,CVPR,2020
CVPR-2020-A005268,Dongdong Chen,Microsoft Research,United States,CVPR,2020
CVPR-2020-A005269,Jing Liao,City University of Hong Kong,Hong Kong,CVPR,2020
CVPR-2020-A005270,Kejiang Chen,University of Science and Technology of China,China,CVPR,2020
CVPR-2020-A005271,Xiaoyi Dong,University of Science and Technology of China,China,CVPR,2020
CVPR-2020-A005272,Kunlin Liu,University of Science and Technology of China,China,CVPR,2020
CVPR-2020-A005273,Weiming Zhang,University of Science and Technology of China,China,CVPR,2020
CVPR-2020-A005274,Gang Hua,Wormpex AI Research,UNKNOWN,CVPR,2020
CVPR-2020-A005275,Nenghai Yu,University of Science and Technology of China,China,CVPR,2020
CVPR-2020-A005276,Mohan Zhou,"Harbin Institute of Technology | JD AI Research, Beijing, China",China,CVPR,2020
CVPR-2020-A005277,Yalong Bai,"JD AI Research, Beijing, China",China,CVPR,2020
CVPR-2020-A005278,Wei Zhang,"JD AI Research, Beijing, China",China,CVPR,2020
CVPR-2020-A005279,Tiejun Zhao,Harbin Institute of Technology,China,CVPR,2020
CVPR-2020-A005280,Tao Mei,"JD AI Research, Beijing, China",China,CVPR,2020
CVPR-2020-A005281,Avishek Siris,UNKNOWN,UNKNOWN,CVPR,2020
CVPR-2020-A005282,Jianbo Jiao,UNKNOWN,UNKNOWN,CVPR,2020
CVPR-2020-A005283,Gary K.L. Tam,UNKNOWN,UNKNOWN,CVPR,2020
CVPR-2020-A005284,Xianghua Xie,UNKNOWN,UNKNOWN,CVPR,2020
CVPR-2020-A005285,Rynson W.H. Lau,UNKNOWN,UNKNOWN,CVPR,2020
CVPR-2020-A005286,Chuang Gan,"MIT, MIT-IBM Watson AI Lab",United States,CVPR,2020
CVPR-2020-A005287,Deng Huang,"MIT, MIT-IBM Watson AI Lab",United States,CVPR,2020
CVPR-2020-A005288,Hang Zhao,"MIT, MIT-IBM Watson AI Lab",United States,CVPR,2020
CVPR-2020-A005289,Joshua B. Tenenbaum,"MIT, MIT-IBM Watson AI Lab",United States,CVPR,2020
CVPR-2020-A005290,Antonio Torralba,"MIT, MIT-IBM Watson AI Lab",United States,CVPR,2020
CVPR-2020-A005291,Chang-Dong Xu,"Megvii Research Nanjing, Megvii Technology",China,CVPR,2020
CVPR-2020-A005292,Xing-Ran Zhao,"Megvii Research Nanjing, Megvii Technology",China,CVPR,2020
CVPR-2020-A005293,Xin Jin,"Megvii Research Nanjing, Megvii Technology",China,CVPR,2020
CVPR-2020-A005294,Xiu-Shen Wei,"Megvii Research Nanjing, Megvii Technology",China,CVPR,2020
CVPR-2020-A005295,Jiangpeng He,UNKNOWN,UNKNOWN,CVPR,2020
CVPR-2020-A005296,Runyu Mao,UNKNOWN,UNKNOWN,CVPR,2020
CVPR-2020-A005297,Zeman Shao,UNKNOWN,UNKNOWN,CVPR,2020
CVPR-2020-A005298,Fengqing Zhu,UNKNOWN,UNKNOWN,CVPR,2020
CVPR-2020-A005299,Xiang Li,Nanjing University of Science and Technology | Osaka University,China | Japan,CVPR,2020
CVPR-2020-A005300,Yasushi Makihara,Osaka University,Japan,CVPR,2020
CVPR-2020-A005301,Chi Xu,Nanjing University of Science and Technology | Osaka University,China | Japan,CVPR,2020
CVPR-2020-A005302,Yasushi Yagi,Osaka University,Japan,CVPR,2020
CVPR-2020-A005303,Mingwu Ren,Nanjing University of Science and Technology,China,CVPR,2020
CVPR-2020-A005304,Suchen Wang,Nanyang Technological University,Singapore,CVPR,2020
CVPR-2020-A005305,Kim-Hui Yap,Nanyang Technological University,Singapore,CVPR,2020
CVPR-2020-A005306,Junsong Yuan,State University of New York at Buffalo,United States,CVPR,2020
CVPR-2020-A005307,Yap-Peng Tan,Nanyang Technological University,Singapore,CVPR,2020
CVPR-2020-A005308,Tan Wang,University of Electronic Science and Technology of China | Nanyang Technological University,China,CVPR,2020
CVPR-2020-A005309,Jianqiang Huang,Singapore Management University | Nanyang Technological University,Singapore,CVPR,2020
CVPR-2020-A005310,Hanwang Zhang,Nanyang Technological University,Singapore,CVPR,2020
CVPR-2020-A005311,Qianru Sun,"Damo Academy, Alibaba Group",China,CVPR,2020
CVPR-2020-A005312,Zilong Zhong,"School of Data and Computer Science, Sun Yat-Sen Univeristy, China | Key Laboratory of Machine Intelligence and Advanced Computing, Ministry of Education, China",China,CVPR,2020
CVPR-2020-A005313,Zhong Qiu Lin,"University of Waterloo, Waterloo, Canada",Canada,CVPR,2020
CVPR-2020-A005314,Rene Bidart,"University of Waterloo, Waterloo, Canada",Canada,CVPR,2020
CVPR-2020-A005315,Xiaodan Hu,"University of Waterloo, Waterloo, Canada",Canada,CVPR,2020
CVPR-2020-A005316,Ibrahim Ben Daya,"University of Waterloo, Waterloo, Canada",Canada,CVPR,2020
CVPR-2020-A005317,Zhifeng Li,"Mstar Technologies, Hangzhou, China",China,CVPR,2020
CVPR-2020-A005318,Wei-Shi Zheng,"School of Data and Computer Science, Sun Yat-Sen Univeristy, China | Peng Cheng Laboratory, Shenzhen , China | Key Laboratory of Machine Intelligence and Advanced Computing, Ministry of Education, China",China,CVPR,2020
CVPR-2020-A005319,Jonathan Li,"University of Waterloo, Waterloo, Canada",Canada,CVPR,2020
CVPR-2020-A005320,Alexander Wong,"University of Waterloo, Waterloo, Canada",Canada,CVPR,2020
CVPR-2020-A005321,Arash Vahdat,UNKNOWN,UNKNOWN,CVPR,2020
CVPR-2020-A005322,Arun Mallya,UNKNOWN,UNKNOWN,CVPR,2020
CVPR-2020-A005323,Ming-Yu Liu,UNKNOWN,UNKNOWN,CVPR,2020
CVPR-2020-A005324,Jan Kautz,UNKNOWN,UNKNOWN,CVPR,2020
CVPR-2020-A005325,Wei Ke,"Xi’an Jiaotong University , Xi’an, China Carnegie Mellon University , Pittsburgh, US University of Chinese Academy of Sciences, Beijing, China Shenzhen Institutes of Advanced Technology, Shenzhen, China",United States | China,CVPR,2020
CVPR-2020-A005326,Tianliang Zhang,"Xi’an Jiaotong University , Xi’an, China Carnegie Mellon University , Pittsburgh, US University of Chinese Academy of Sciences, Beijing, China Shenzhen Institutes of Advanced Technology, Shenzhen, China",United States | China,CVPR,2020
CVPR-2020-A005327,Zeyi Huang,"Xi’an Jiaotong University , Xi’an, China Carnegie Mellon University , Pittsburgh, US University of Chinese Academy of Sciences, Beijing, China Shenzhen Institutes of Advanced Technology, Shenzhen, China",United States | China,CVPR,2020
CVPR-2020-A005328,Qixiang Ye,"Xi’an Jiaotong University , Xi’an, China Carnegie Mellon University , Pittsburgh, US University of Chinese Academy of Sciences, Beijing, China Shenzhen Institutes of Advanced Technology, Shenzhen, China",United States | China,CVPR,2020
CVPR-2020-A005329,Jianzhuang Liu,"Xi’an Jiaotong University , Xi’an, China Carnegie Mellon University , Pittsburgh, US University of Chinese Academy of Sciences, Beijing, China Shenzhen Institutes of Advanced Technology, Shenzhen, China",United States | China,CVPR,2020
CVPR-2020-A005330,Dong Huang,"Xi’an Jiaotong University , Xi’an, China Carnegie Mellon University , Pittsburgh, US University of Chinese Academy of Sciences, Beijing, China Shenzhen Institutes of Advanced Technology, Shenzhen, China",United States | China,CVPR,2020
CVPR-2020-A005331,Xu Cheng,Shanghai Jiao Tong University,China,CVPR,2020
CVPR-2020-A005332,Zhefan Rao,Shanghai Jiao Tong University,China,CVPR,2020
CVPR-2020-A005333,Yilan Chen,Shanghai Jiao Tong University,China,CVPR,2020
CVPR-2020-A005334,Quanshi Zhang,Shanghai Jiao Tong University,China,CVPR,2020
CVPR-2020-A005335,Qizhu Li,University of Oxford,United Kingdom,CVPR,2020
CVPR-2020-A005336,Xiaojuan Qi,University of Oxford,United Kingdom,CVPR,2020
CVPR-2020-A005337,Philip H.S. Torr,University of Oxford,United Kingdom,CVPR,2020
CVPR-2020-A005338,Eduardo D. C. Carvalho,UNKNOWN,UNKNOWN,CVPR,2020
CVPR-2020-A005339,Ronald Clark,UNKNOWN,UNKNOWN,CVPR,2020
CVPR-2020-A005340,Andrea Nicastro,UNKNOWN,UNKNOWN,CVPR,2020
CVPR-2020-A005341,Paul H. J. Kelly,UNKNOWN,UNKNOWN,CVPR,2020
CVPR-2020-A005342,Yingwei Pan,"JD AI Research, Beijing, China",China,CVPR,2020
CVPR-2020-A005343,Ting Yao,"JD AI Research, Beijing, China",China,CVPR,2020
CVPR-2020-A005344,Yehao Li,"JD AI Research, Beijing, China",China,CVPR,2020
CVPR-2020-A005345,Tao Mei,"JD AI Research, Beijing, China",China,CVPR,2020
CVPR-2020-A005346,Evonne Ng,UNKNOWN,UNKNOWN,CVPR,2020
CVPR-2020-A005347,Donglai Xiang,UNKNOWN,UNKNOWN,CVPR,2020
CVPR-2020-A005348,Hanbyul Joo,UNKNOWN,UNKNOWN,CVPR,2020
CVPR-2020-A005349,Kristen Grauman,UNKNOWN,UNKNOWN,CVPR,2020
CVPR-2020-A005350,Gabriela Csurka,"NAVER LABS Europe, France",France,CVPR,2020
CVPR-2020-A005351,Zoltan Kato,"University of Szeged, Institute of Informatics, Hungary | J. Selye University, Komarno, Slovakia",Hungary | Slovakia,CVPR,2020
CVPR-2020-A005352,Andor Juhasz,"University of Szeged, Institute of Informatics, Hungary",Hungary,CVPR,2020
CVPR-2020-A005353,Martin Humenberger,"NAVER LABS Europe, France",France,CVPR,2020
CVPR-2020-A005354,Yuliang Liu,UNKNOWN,UNKNOWN,CVPR,2020
CVPR-2020-A005355,Hao Chen,UNKNOWN,UNKNOWN,CVPR,2020
CVPR-2020-A005356,Chunhua Shen,UNKNOWN,UNKNOWN,CVPR,2020
CVPR-2020-A005357,Tong He,UNKNOWN,UNKNOWN,CVPR,2020
CVPR-2020-A005358,Lianwen Jin,UNKNOWN,UNKNOWN,CVPR,2020
CVPR-2020-A005359,Liangwei Wang,UNKNOWN,UNKNOWN,CVPR,2020
CVPR-2020-A005360,Shurui Gui,UNKNOWN,UNKNOWN,CVPR,2020
CVPR-2020-A005361,Chaoyue Wang,UNKNOWN,UNKNOWN,CVPR,2020
CVPR-2020-A005362,Qihua Chen,"UBTECH Sydney AI Centre, School of Computer Science, Faculty of Engineering | School of Information Science and Technology, University of Science and Technology of China",China,CVPR,2020
CVPR-2020-A005363,Dacheng Tao,"UBTECH Sydney AI Centre, School of Computer Science, Faculty of Engineering",Australia,CVPR,2020
CVPR-2020-A005364,Yu Qiao,Dalian University of Technology,China,CVPR,2020
CVPR-2020-A005365,Yuhao Liu,Dalian University of Technology,China,CVPR,2020
CVPR-2020-A005366,Xin Yang,Dalian University of Technology | Beijing Technology and Business University,China,CVPR,2020
CVPR-2020-A005367,Dongsheng Zhou,Dalian University,China,CVPR,2020
CVPR-2020-A005368,Mingliang Xu,UNKNOWN,UNKNOWN,CVPR,2020
CVPR-2020-A005369,Qiang Zhang,Dalian University,China,CVPR,2020
CVPR-2020-A005370,Xiaopeng Wei,Dalian University of Technology,China,CVPR,2020
CVPR-2020-A005371,Koutilya PNVR,UNKNOWN,UNKNOWN,CVPR,2020
CVPR-2020-A005372,Hao Zhou,UNKNOWN,UNKNOWN,CVPR,2020
CVPR-2020-A005373,David Jacobs,UNKNOWN,UNKNOWN,CVPR,2020
CVPR-2020-A005374,Junran Peng,"University of Chinese Academy of Sciences SenseTime Group Limited Center for Research on Intelligent Perception and Computing, CASIA",China,CVPR,2020
CVPR-2020-A005375,Xingyuan Bu,"University of Chinese Academy of Sciences SenseTime Group Limited Center for Research on Intelligent Perception and Computing, CASIA",China,CVPR,2020
CVPR-2020-A005376,Ming Sun,"University of Chinese Academy of Sciences SenseTime Group Limited Center for Research on Intelligent Perception and Computing, CASIA",China,CVPR,2020
CVPR-2020-A005377,Zhaoxiang Zhang,"University of Chinese Academy of Sciences SenseTime Group Limited Center for Research on Intelligent Perception and Computing, CASIA",China,CVPR,2020
CVPR-2020-A005378,Tieniu Tan,"University of Chinese Academy of Sciences SenseTime Group Limited Center for Research on Intelligent Perception and Computing, CASIA",China,CVPR,2020
CVPR-2020-A005379,Junjie Yan,"University of Chinese Academy of Sciences SenseTime Group Limited Center for Research on Intelligent Perception and Computing, CASIA",China,CVPR,2020
CVPR-2020-A005380,Chaoxu Guo,"National Laboratory of Pattern Recognition, Institute of Automation, Chinese Academy of Sciences School of Artificial Intelligence, University of Chinese Academy of Sciences Horizon Robotics School of Automation and Electrical Engineering, University of Science and Technology Beijing",China,CVPR,2020
CVPR-2020-A005381,Bin Fan,"National Laboratory of Pattern Recognition, Institute of Automation, Chinese Academy of Sciences School of Artificial Intelligence, University of Chinese Academy of Sciences Horizon Robotics School of Automation and Electrical Engineering, University of Science and Technology Beijing",China,CVPR,2020
CVPR-2020-A005382,Qian Zhang,"National Laboratory of Pattern Recognition, Institute of Automation, Chinese Academy of Sciences School of Artificial Intelligence, University of Chinese Academy of Sciences Horizon Robotics School of Automation and Electrical Engineering, University of Science and Technology Beijing",China,CVPR,2020
CVPR-2020-A005383,Shiming Xiang,"National Laboratory of Pattern Recognition, Institute of Automation, Chinese Academy of Sciences School of Artificial Intelligence, University of Chinese Academy of Sciences Horizon Robotics School of Automation and Electrical Engineering, University of Science and Technology Beijing",China,CVPR,2020
CVPR-2020-A005384,Chunhong Pan,"National Laboratory of Pattern Recognition, Institute of Automation, Chinese Academy of Sciences School of Artificial Intelligence, University of Chinese Academy of Sciences Horizon Robotics School of Automation and Electrical Engineering, University of Science and Technology Beijing",China,CVPR,2020
CVPR-2020-A005385,Ev Zisselman,Department of Electrical Engineering Technion,Israel,CVPR,2020
CVPR-2020-A005386,Aviv Tamar,Department of Electrical Engineering Technion,Israel,CVPR,2020
CVPR-2020-A005387,Krishna Kumar Singh,"University of California, Davis, Facebook AI, University of Texas at Austin",United States,CVPR,2020
CVPR-2020-A005388,Dhruv Mahajan,"University of California, Davis, Facebook AI, University of Texas at Austin",United States,CVPR,2020
CVPR-2020-A005389,Kristen Grauman,"University of California, Davis, Facebook AI, University of Texas at Austin",United States,CVPR,2020
CVPR-2020-A005390,Yong Jae Lee,"University of California, Davis, Facebook AI, University of Texas at Austin",United States,CVPR,2020
CVPR-2020-A005391,Matt Feiszli,"University of California, Davis, Facebook AI, University of Texas at Austin",United States,CVPR,2020
CVPR-2020-A005392,Deepti Ghadiyaram,"University of California, Davis, Facebook AI, University of Texas at Austin",United States,CVPR,2020
CVPR-2020-A005393,Zhi Qiao,"Institute of Information Engineering, Chinese Academy of Sciences, Beijing, China School of Cyber Security, University of Chinese Academy of Sciences, Beijing, China",China,CVPR,2020
CVPR-2020-A005394,Yu Zhou,"Institute of Information Engineering, Chinese Academy of Sciences, Beijing, China School of Cyber Security, University of Chinese Academy of Sciences, Beijing, China",China,CVPR,2020
CVPR-2020-A005395,Dongbao Yang,"Institute of Information Engineering, Chinese Academy of Sciences, Beijing, China School of Cyber Security, University of Chinese Academy of Sciences, Beijing, China",China,CVPR,2020
CVPR-2020-A005396,Yucan Zhou,"Institute of Information Engineering, Chinese Academy of Sciences, Beijing, China School of Cyber Security, University of Chinese Academy of Sciences, Beijing, China",China,CVPR,2020
CVPR-2020-A005397,Weiping Wang,"Institute of Information Engineering, Chinese Academy of Sciences, Beijing, China School of Cyber Security, University of Chinese Academy of Sciences, Beijing, China",China,CVPR,2020
CVPR-2020-A005398,Ronghang Hu,"Facebook AI Research (FAIR) | University of California, Berkeley",United States,CVPR,2020
CVPR-2020-A005399,Amanpreet Singh,Facebook AI Research (FAIR),United States,CVPR,2020
CVPR-2020-A005400,Trevor Darrell,"University of California, Berkeley",United States,CVPR,2020
CVPR-2020-A005401,Marcus Rohrbach,Facebook AI Research (FAIR),United States,CVPR,2020
CVPR-2020-A005402,Jathushan Rajasegaran,"∗ Inception Institute of Artificial Intelligence, UAE University of Central Florida, USA CVL, Linköping University, Sweden",United States,CVPR,2020
CVPR-2020-A005403,Salman Khan,"∗ Inception Institute of Artificial Intelligence, UAE University of Central Florida, USA CVL, Linköping University, Sweden",United States,CVPR,2020
CVPR-2020-A005404,Munawar Hayat,"∗ Inception Institute of Artificial Intelligence, UAE University of Central Florida, USA CVL, Linköping University, Sweden",United States,CVPR,2020
CVPR-2020-A005405,Fahad Shahbaz Khan,"∗ Inception Institute of Artificial Intelligence, UAE University of Central Florida, USA CVL, Linköping University, Sweden",United States,CVPR,2020
CVPR-2020-A005406,Mubarak Shah,"∗ Inception Institute of Artificial Intelligence, UAE University of Central Florida, USA CVL, Linköping University, Sweden",United States,CVPR,2020
CVPR-2020-A005407,Ziwei Liu,Google Inc.,United States,CVPR,2020
CVPR-2020-A005408,Zhongqi Miao,The Chinese University of Hong Kong,China,CVPR,2020
CVPR-2020-A005409,Xingang Pan,Google Inc.,United States,CVPR,2020
CVPR-2020-A005410,Xiaohang Zhan,Google Inc.,United States,CVPR,2020
CVPR-2020-A005411,Dahua Lin,Google Inc.,United States,CVPR,2020
CVPR-2020-A005412,Stella X. Yu,The Chinese University of Hong Kong,China,CVPR,2020
CVPR-2020-A005413,Boqing Gong,UC Berkeley / ICSI,United States,CVPR,2020
CVPR-2020-A005414,Anuroop Sriram,Facebook AI Research (FAIR),United States,CVPR,2020
CVPR-2020-A005415,Jure Zbontar,Facebook AI Research (FAIR),United States,CVPR,2020
CVPR-2020-A005416,Tullie Murrell,Facebook AI Research (FAIR),United States,CVPR,2020
CVPR-2020-A005417,C. Lawrence Zitnick,Facebook AI Research (FAIR),United States,CVPR,2020
CVPR-2020-A005418,Aaron Defazio,Facebook AI Research (FAIR),United States,CVPR,2020
CVPR-2020-A005419,Daniel K. Sodickson,Facebook AI Research (FAIR),United States,CVPR,2020
CVPR-2020-A005420,Alvin Wan,UC Berkeley,United States,CVPR,2020
CVPR-2020-A005421,Xiaoliang Dai,Facebook Inc.,United States,CVPR,2020
CVPR-2020-A005422,Peizhao Zhang,Facebook Inc.,United States,CVPR,2020
CVPR-2020-A005423,Zijian He,Facebook Inc.,United States,CVPR,2020
CVPR-2020-A005424,Yuandong Tian,Facebook Inc.,United States,CVPR,2020
CVPR-2020-A005425,Saining Xie,Facebook Inc.,United States,CVPR,2020
CVPR-2020-A005426,Bichen Wu,Facebook Inc.,United States,CVPR,2020
CVPR-2020-A005427,Matthew Yu,Facebook Inc.,United States,CVPR,2020
CVPR-2020-A005428,Tao Xu,Facebook Inc.,United States,CVPR,2020
CVPR-2020-A005429,Kan Chen,Facebook Inc.,United States,CVPR,2020
CVPR-2020-A005430,Peter Vajda,Facebook Inc.,United States,CVPR,2020
CVPR-2020-A005431,Joseph E. Gonzalez,UC Berkeley,United States,CVPR,2020
CVPR-2020-A005432,Wenbo Zheng,"School of Software Engineering, Xi’an Jiaotong University | The State Key Laboratory for Management and Control of Complex Systems, Institute of Automation",China,CVPR,2020
CVPR-2020-A005433,Lan Yan,"The State Key Laboratory for Management and Control of Complex Systems, Institute of Automation | School of Artificial Intelligence, University of Chinese Academy of Sciences",China,CVPR,2020
CVPR-2020-A005434,Chao Gou,"School of Intelligent Systems Engineering, Sun Yat-sen University",China,CVPR,2020
CVPR-2020-A005435,Fei-Yue Wang,"The State Key Laboratory for Management and Control of Complex Systems, Institute of Automation | School of Artificial Intelligence, University of Chinese Academy of Sciences",China,CVPR,2020
CVPR-2020-A005436,Xinjiang Wang,SenseTime Research,China,CVPR,2020
CVPR-2020-A005437,Shilong Zhang,SenseTime Research,China,CVPR,2020
CVPR-2020-A005438,Zhuoran Yu,SenseTime Research,China,CVPR,2020
CVPR-2020-A005439,Litong Feng,SenseTime Research,China,CVPR,2020
CVPR-2020-A005440,Wayne Zhang,SenseTime Research,China,CVPR,2020
CVPR-2020-A005441,Nian Liu,Northwestern Polytechincal University | Mohamed bin Zayed University of Artificial Intelligence,UNKNOWN,CVPR,2020
CVPR-2020-A005442,Ni Zhang,Northwestern Polytechincal University,United States,CVPR,2020
CVPR-2020-A005443,Junwei Han,Northwestern Polytechincal University,United States,CVPR,2020
CVPR-2020-A005444,Avisek Lahiri,Indian Institute of Technology Kharagpur,India,CVPR,2020
CVPR-2020-A005445,Arnav Kumar Jain,Microsoft,United States,CVPR,2020
CVPR-2020-A005446,Sanskar Agrawal,Indian Institute of Technology Kharagpur,India,CVPR,2020
CVPR-2020-A005447,Pabitra Mitra,Indian Institute of Technology Kharagpur,India,CVPR,2020
CVPR-2020-A005448,Prabir Kumar Biswas,Indian Institute of Technology Kharagpur,India,CVPR,2020
CVPR-2020-A005449,Jaime Spencer,"Centre for Vision, Speech and Signal Processing (CVSSP) University of Surrey",United Kingdom,CVPR,2020
CVPR-2020-A005450,Richard Bowden,"Centre for Vision, Speech and Signal Processing (CVSSP) University of Surrey",United Kingdom,CVPR,2020
CVPR-2020-A005451,Simon Hadfield,"Centre for Vision, Speech and Signal Processing (CVSSP) University of Surrey",United Kingdom,CVPR,2020
CVPR-2020-A005452,Sukmin Yun,"Korea Advanced Institute of Science and Technology, South Korea",South Korea,CVPR,2020
CVPR-2020-A005453,Jongjin Park,"Korea Advanced Institute of Science and Technology, South Korea",South Korea,CVPR,2020
CVPR-2020-A005454,Kimin Lee,"University of California, Berkeley, USA",United States,CVPR,2020
CVPR-2020-A005455,Jinwoo Shin,"Korea Advanced Institute of Science and Technology, South Korea",South Korea,CVPR,2020
CVPR-2020-A005456,Junyeong Kim,Korea Advanced Institute of Science and Technology (KAIST),South Korea,CVPR,2020
CVPR-2020-A005457,Minuk Ma,Korea Advanced Institute of Science and Technology (KAIST),South Korea,CVPR,2020
CVPR-2020-A005458,Trung Pham,Korea Advanced Institute of Science and Technology (KAIST),South Korea,CVPR,2020
CVPR-2020-A005459,Kyungsu Kim,Samsung Research,South Korea,CVPR,2020
CVPR-2020-A005460,Chang D. Yoo,Korea Advanced Institute of Science and Technology (KAIST),South Korea,CVPR,2020
CVPR-2020-A005461,Fengda Zhu,Monash University,Australia,CVPR,2020
CVPR-2020-A005462,Yi Zhu,University of Chinese Academy of Sciences,China,CVPR,2020
CVPR-2020-A005463,Xiaojun Chang,Monash University,Australia,CVPR,2020
CVPR-2020-A005464,Xiaodan Liang,Sun Yat-sen University | Dark Matter AI Inc.,China | United States,CVPR,2020
CVPR-2020-A005465,Eun-Sol Kim,"Kakao Brain Department of Computer Science and Engineering, Seoul National University AI Institute (AIIS), Seoul National University",South Korea,CVPR,2020
CVPR-2020-A005466,Woo Young Kang,"Kakao Brain Department of Computer Science and Engineering, Seoul National University AI Institute (AIIS), Seoul National University",South Korea,CVPR,2020
CVPR-2020-A005467,Kyoung-Woon On,"Kakao Brain Department of Computer Science and Engineering, Seoul National University AI Institute (AIIS), Seoul National University",South Korea,CVPR,2020
CVPR-2020-A005468,Yu-Jung Heo,"Kakao Brain Department of Computer Science and Engineering, Seoul National University AI Institute (AIIS), Seoul National University",South Korea,CVPR,2020
CVPR-2020-A005469,Byoung-Tak Zhang,"Kakao Brain Department of Computer Science and Engineering, Seoul National University AI Institute (AIIS), Seoul National University",South Korea,CVPR,2020
CVPR-2020-A005470,Kanishka Rao,"Google Brain, Mountain View, USA",United States,CVPR,2020
CVPR-2020-A005471,Chris Harris,"Google Brain, Mountain View, USA",United States,CVPR,2020
CVPR-2020-A005472,Alex Irpan,"Google Brain, Mountain View, USA",United States,CVPR,2020
CVPR-2020-A005473,Sergey Levine,"Google Brain, Mountain View, USA",United States,CVPR,2020
CVPR-2020-A005474,Julian Ibarz,"Google Brain, Mountain View, USA",United States,CVPR,2020
CVPR-2020-A005475,Mohi Khansari,"X, The Moonshot Factory, Mountain View, USA",United States,CVPR,2020
CVPR-2020-A005476,Chung-Ching Lin,IBM Research AI,United States,CVPR,2020
CVPR-2020-A005477,Ying Hung,Rutgers University,United States,CVPR,2020
CVPR-2020-A005478,Rogerio Feris,IBM Research AI,United States,CVPR,2020
CVPR-2020-A005479,Linglin He,Rutgers University,United States,CVPR,2020
CVPR-2020-A005480,Christopher Choy,Stanford University,United States,CVPR,2020
CVPR-2020-A005481,Junha Lee,Stanford University,United States,CVPR,2020
CVPR-2020-A005482,Rene Ranftl,Stanford University,United States,CVPR,2020
CVPR-2020-A005483,Jaesik Park,Stanford University,United States,CVPR,2020
CVPR-2020-A005484,Vladlen Koltun,Stanford University,United States,CVPR,2020
CVPR-2020-A005485,Maxim Berman,"Center for Processing Speech and Images, Department of Electrical Engineering, KU Leuven",Belgium,CVPR,2020
CVPR-2020-A005486,Leonid Pishchulin,"Center for Processing Speech and Images, Department of Electrical Engineering, KU Leuven",Belgium,CVPR,2020
CVPR-2020-A005487,Ning Xu,"Center for Processing Speech and Images, Department of Electrical Engineering, KU Leuven",Belgium,CVPR,2020
CVPR-2020-A005488,Matthew B. Blaschko,"Center for Processing Speech and Images, Department of Electrical Engineering, KU Leuven",Belgium,CVPR,2020
CVPR-2020-A005489,Gerard Medioni,"Center for Processing Speech and Images, Department of Electrical Engineering, KU Leuven",Belgium,CVPR,2020
CVPR-2020-A005490,Yiluan Guo,Singapore University of Technology and Design,Singapore,CVPR,2020
CVPR-2020-A005491,Ngai-Man Cheung,Singapore University of Technology and Design,Singapore,CVPR,2020
CVPR-2020-A005492,Sean Moran,UNKNOWN,UNKNOWN,CVPR,2020
CVPR-2020-A005493,Pierre Marza,UNKNOWN,UNKNOWN,CVPR,2020
CVPR-2020-A005494,Steven McDonagh,UNKNOWN,UNKNOWN,CVPR,2020
CVPR-2020-A005495,Sarah Parisot,UNKNOWN,UNKNOWN,CVPR,2020
CVPR-2020-A005496,Gregory Slabaugh,UNKNOWN,UNKNOWN,CVPR,2020
CVPR-2020-A005497,Mattia Rossi,"École Polytechnique Fédérale de Lausanne, Sony Europe B.V.",United States,CVPR,2020
CVPR-2020-A005498,Mireille El Gheche,"École Polytechnique Fédérale de Lausanne, Sony Europe B.V.",United States,CVPR,2020
CVPR-2020-A005499,Andreas Kuhn,"École Polytechnique Fédérale de Lausanne, Sony Europe B.V.",United States,CVPR,2020
CVPR-2020-A005500,Pascal Frossard,"École Polytechnique Fédérale de Lausanne, Sony Europe B.V.",United States,CVPR,2020
CVPR-2020-A005501,Sainan Liu,"University of California, San Diego",United States,CVPR,2020
CVPR-2020-A005502,Vincent Nguyen,"University of California, San Diego",United States,CVPR,2020
CVPR-2020-A005503,Isaac Rehg,"University of California, San Diego",United States,CVPR,2020
CVPR-2020-A005504,Zhuowen Tu,"University of California, San Diego",United States,CVPR,2020
CVPR-2020-A005505,Xinting Hu,"Damo Academy, Alibaba Group",China,CVPR,2020
CVPR-2020-A005506,Yi Jiang,"Damo Academy, Alibaba Group",China,CVPR,2020
CVPR-2020-A005507,Kaihua Tang,"Damo Academy, Alibaba Group",China,CVPR,2020
CVPR-2020-A005508,Jingyuan Chen,"Damo Academy, Alibaba Group",China,CVPR,2020
CVPR-2020-A005509,Chunyan Miao,"Damo Academy, Alibaba Group",China,CVPR,2020
CVPR-2020-A005510,Hanwang Zhang,"Damo Academy, Alibaba Group",China,CVPR,2020
CVPR-2020-A005511,Mohit Shridhar,UNKNOWN,UNKNOWN,CVPR,2020
CVPR-2020-A005512,Jesse Thomason,UNKNOWN,UNKNOWN,CVPR,2020
CVPR-2020-A005513,Daniel Gordon,UNKNOWN,UNKNOWN,CVPR,2020
CVPR-2020-A005514,Yonatan Bisk,UNKNOWN,UNKNOWN,CVPR,2020
CVPR-2020-A005515,Winson Han,UNKNOWN,UNKNOWN,CVPR,2020
CVPR-2020-A005516,Roozbeh Mottaghi,UNKNOWN,UNKNOWN,CVPR,2020
CVPR-2020-A005517,Luke Zettlemoyer,UNKNOWN,UNKNOWN,CVPR,2020
CVPR-2020-A005518,Dieter Fox,UNKNOWN,UNKNOWN,CVPR,2020
CVPR-2020-A005519,Angtian Wang,Johns Hopkins University,United States,CVPR,2020
CVPR-2020-A005520,Yihong Sun,Johns Hopkins University,United States,CVPR,2020
CVPR-2020-A005521,Adam Kortylewski,Johns Hopkins University,United States,CVPR,2020
CVPR-2020-A005522,Alan L. Yuille,Johns Hopkins University,United States,CVPR,2020
CVPR-2020-A005523,Bo Chen,Google Research,UNKNOWN,CVPR,2020
CVPR-2020-A005524,Golnaz Ghiasi,Google Research,UNKNOWN,CVPR,2020
CVPR-2020-A005525,Hanxiao Liu,Google Research,UNKNOWN,CVPR,2020
CVPR-2020-A005526,Tsung-Yi Lin,Google Research,UNKNOWN,CVPR,2020
CVPR-2020-A005527,Dmitry Kalenichenko,Google Research,UNKNOWN,CVPR,2020
CVPR-2020-A005528,Hartwig Adam,Google Research,UNKNOWN,CVPR,2020
CVPR-2020-A005529,Quoc V. Le,Google Research,UNKNOWN,CVPR,2020
CVPR-2020-A005530,Sunghun Joung,Yonsei University,South Korea,CVPR,2020
CVPR-2020-A005531,Seungryong Kim,École Polytechnique Fédérale de Lausanne (EPFL) | Korea University,South Korea | United States,CVPR,2020
CVPR-2020-A005532,Hanjae Kim,Yonsei University,South Korea,CVPR,2020
CVPR-2020-A005533,Minsu Kim,Yonsei University,South Korea,CVPR,2020
CVPR-2020-A005534,Ig-Jae Kim,Korea Institute of Science and Technology (KIST),South Korea,CVPR,2020
CVPR-2020-A005535,Junghyun Cho,Korea Institute of Science and Technology (KIST),South Korea,CVPR,2020
CVPR-2020-A005536,Kwanghoon Sohn,Yonsei University,South Korea,CVPR,2020
CVPR-2020-A005537,Washington Ramos,"Universidade Federal de Minas Gerais (UFMG), Brazil Lancaster University, UK",United Kingdom,CVPR,2020
CVPR-2020-A005538,Michel Silva,"Universidade Federal de Minas Gerais (UFMG), Brazil Lancaster University, UK",United Kingdom,CVPR,2020
CVPR-2020-A005539,Edson Araujo,"Universidade Federal de Minas Gerais (UFMG), Brazil Lancaster University, UK",United Kingdom,CVPR,2020
CVPR-2020-A005540,Leandro Soriano Marcolino,"Universidade Federal de Minas Gerais (UFMG), Brazil Lancaster University, UK",United Kingdom,CVPR,2020
CVPR-2020-A005541,Erickson Nascimento,"Universidade Federal de Minas Gerais (UFMG), Brazil Lancaster University, UK",United Kingdom,CVPR,2020
CVPR-2020-A005542,Wenyu Han,New York University Tandon School of Engineering,United States,CVPR,2020
CVPR-2020-A005543,Siyuan Xiang,New York University Tandon School of Engineering,United States,CVPR,2020
CVPR-2020-A005544,Chenhui Liu,New York University Tandon School of Engineering,United States,CVPR,2020
CVPR-2020-A005545,Ruoyu Wang,New York University Tandon School of Engineering,United States,CVPR,2020
CVPR-2020-A005546,Chen Feng,New York University Tandon School of Engineering,United States,CVPR,2020
CVPR-2020-A005547,Zongyan Han,"PCALab, Nanjing University of Science and Technology",China,CVPR,2020
CVPR-2020-A005548,Zhenyong Fu,"PCALab, Nanjing University of Science and Technology",China,CVPR,2020
CVPR-2020-A005549,Jian Yang,"PCALab, Nanjing University of Science and Technology",China,CVPR,2020
CVPR-2020-A005550,Zhongzheng Ren,UNKNOWN,UNKNOWN,CVPR,2020
CVPR-2020-A005551,Zhiding Yu,UNKNOWN,UNKNOWN,CVPR,2020
CVPR-2020-A005552,Xiaodong Yang,UNKNOWN,UNKNOWN,CVPR,2020
CVPR-2020-A005553,Ming-Yu Liu,UNKNOWN,UNKNOWN,CVPR,2020
CVPR-2020-A005554,Yong Jae Lee,UNKNOWN,UNKNOWN,CVPR,2020
CVPR-2020-A005555,Alexander G. Schwing,UNKNOWN,UNKNOWN,CVPR,2020
CVPR-2020-A005556,Jan Kautz,UNKNOWN,UNKNOWN,CVPR,2020
CVPR-2020-A005557,Zhonghao Wang,"C3SR, UIUC, IBM Research, ReLER, UTS, University of Oregon",UNKNOWN,CVPR,2020
CVPR-2020-A005558,Mo Yu,"C3SR, UIUC, IBM Research, ReLER, UTS, University of Oregon",UNKNOWN,CVPR,2020
CVPR-2020-A005559,Yunchao Wei,"C3SR, UIUC, IBM Research, ReLER, UTS, University of Oregon",UNKNOWN,CVPR,2020
CVPR-2020-A005560,Rogerio Feris,"C3SR, UIUC, IBM Research, ReLER, UTS, University of Oregon",UNKNOWN,CVPR,2020
CVPR-2020-A005561,Jinjun Xiong,"C3SR, UIUC, IBM Research, ReLER, UTS, University of Oregon",UNKNOWN,CVPR,2020
CVPR-2020-A005562,Wen-mei Hwu,"C3SR, UIUC, IBM Research, ReLER, UTS, University of Oregon",UNKNOWN,CVPR,2020
CVPR-2020-A005563,Thomas S. Huang,"C3SR, UIUC, IBM Research, ReLER, UTS, University of Oregon",UNKNOWN,CVPR,2020
CVPR-2020-A005564,Honghui Shi,"C3SR, UIUC, IBM Research, ReLER, UTS, University of Oregon",UNKNOWN,CVPR,2020
CVPR-2020-A005565,Xuesong Chen,"Peking University, School of ECE Tsinghua University Southern University of Science and Technology Peng Cheng Laboratory Xiamen University",China,CVPR,2020
CVPR-2020-A005566,Xiyu Yan,UNKNOWN,UNKNOWN,CVPR,2020
CVPR-2020-A005567,Feng Zheng,UNKNOWN,UNKNOWN,CVPR,2020
CVPR-2020-A005568,Yong Jiang,Tsinghua University,China,CVPR,2020
CVPR-2020-A005569,Shu-Tao Xia,Tsinghua University,China,CVPR,2020
CVPR-2020-A005570,Yong Zhao,"Peking University, School of ECE",China,CVPR,2020
CVPR-2020-A005571,Rongrong Ji,UNKNOWN,UNKNOWN,CVPR,2020
CVPR-2020-A005572,Arka Sadhu,University of Southern California,United States,CVPR,2020
CVPR-2020-A005573,Kan Chen,University of Southern California,United States,CVPR,2020
CVPR-2020-A005574,Ram Nevatia,University of Southern California,United States,CVPR,2020
CVPR-2020-A005575,Changqian Yu,"Key Laboratory of Image Processing and Intelligent Control | The University of Adelaide, Australia",Australia,CVPR,2020
CVPR-2020-A005576,Jingbo Wang,The Chinese University of Hong Kong,China,CVPR,2020
CVPR-2020-A005577,Changxin Gao,Key Laboratory of Image Processing and Intelligent Control,UNKNOWN,CVPR,2020
CVPR-2020-A005578,Gang Yu,UNKNOWN,UNKNOWN,CVPR,2020
CVPR-2020-A005579,Chunhua Shen,"The University of Adelaide, Australia",Australia,CVPR,2020
CVPR-2020-A005580,Nong Sang,Key Laboratory of Image Processing and Intelligent Control,UNKNOWN,CVPR,2020
CVPR-2020-A005581,Hai Phan,Carnegie Mellon University Axon Enterprise Hong Kong University of Science and Technology,United States,CVPR,2020
CVPR-2020-A005582,Zechun Liu,Carnegie Mellon University Axon Enterprise Hong Kong University of Science and Technology,United States,CVPR,2020
CVPR-2020-A005583,Dang Huynh,Carnegie Mellon University Axon Enterprise Hong Kong University of Science and Technology,United States,CVPR,2020
CVPR-2020-A005584,Marios Savvides,Carnegie Mellon University Axon Enterprise Hong Kong University of Science and Technology,United States,CVPR,2020
CVPR-2020-A005585,Kwang-Ting Cheng,Carnegie Mellon University Axon Enterprise Hong Kong University of Science and Technology,United States,CVPR,2020
CVPR-2020-A005586,Zhiqiang Shen,Carnegie Mellon University Axon Enterprise Hong Kong University of Science and Technology,United States,CVPR,2020
CVPR-2020-A005587,Ehsan Nezhadarya,"Noah’s Ark Lab, Huawei Technologies Inc. Toronto, Canada",Canada,CVPR,2020
CVPR-2020-A005588,Ehsan Taghavi,"Noah’s Ark Lab, Huawei Technologies Inc. Toronto, Canada",Canada,CVPR,2020
CVPR-2020-A005589,Ryan Razani,"Noah’s Ark Lab, Huawei Technologies Inc. Toronto, Canada",Canada,CVPR,2020
CVPR-2020-A005590,Bingbing Liu,"Noah’s Ark Lab, Huawei Technologies Inc. Toronto, Canada",Canada,CVPR,2020
CVPR-2020-A005591,Jun Luo,"Noah’s Ark Lab, Huawei Technologies Inc. Toronto, Canada",Canada,CVPR,2020
CVPR-2020-A005592,Fei Xue,"UISEE Technology Inc. Key Laboratory of Machine Perception, Peking University AVIC Beijing Changcheng Aeronautical Measurement and Control Technology Research Institute",China,CVPR,2020
CVPR-2020-A005593,Xin Wu,"UISEE Technology Inc. Key Laboratory of Machine Perception, Peking University AVIC Beijing Changcheng Aeronautical Measurement and Control Technology Research Institute",China,CVPR,2020
CVPR-2020-A005594,Shaojun Cai,"UISEE Technology Inc. Key Laboratory of Machine Perception, Peking University AVIC Beijing Changcheng Aeronautical Measurement and Control Technology Research Institute",China,CVPR,2020
CVPR-2020-A005595,Junqiu Wang,"UISEE Technology Inc. Key Laboratory of Machine Perception, Peking University AVIC Beijing Changcheng Aeronautical Measurement and Control Technology Research Institute",China,CVPR,2020
CVPR-2020-A005596,Xiyang Luo,Google Research Stanford University,United States,CVPR,2020
CVPR-2020-A005597,Ruohan Zhan,Google Research Stanford University,United States,CVPR,2020
CVPR-2020-A005598,Huiwen Chang,Google Research Stanford University,United States,CVPR,2020
CVPR-2020-A005599,Feng Yang,Google Research Stanford University,United States,CVPR,2020
CVPR-2020-A005600,Peyman Milanfar,Google Research Stanford University,United States,CVPR,2020
CVPR-2020-A005601,Jiaming Sun,UNKNOWN,UNKNOWN,CVPR,2020
CVPR-2020-A005602,Linghao Chen,UNKNOWN,UNKNOWN,CVPR,2020
CVPR-2020-A005603,Yiming Xie,UNKNOWN,UNKNOWN,CVPR,2020
CVPR-2020-A005604,Siyu Zhang,Southern University of Science and Technology,China,CVPR,2020
CVPR-2020-A005605,Qinhong Jiang,Zhejiang University SenseTime Southern University of Science and Technology,China,CVPR,2020
CVPR-2020-A005606,Xiaowei Zhou,UNKNOWN,UNKNOWN,CVPR,2020
CVPR-2020-A005607,Hujun Bao,UNKNOWN,UNKNOWN,CVPR,2020
CVPR-2020-A005608,Yunlong Yu,UNKNOWN,UNKNOWN,CVPR,2020
CVPR-2020-A005609,Zhong Ji,UNKNOWN,UNKNOWN,CVPR,2020
CVPR-2020-A005610,Jungong Han,UNKNOWN,UNKNOWN,CVPR,2020
CVPR-2020-A005611,Zhongfei Zhang,UNKNOWN,UNKNOWN,CVPR,2020
CVPR-2020-A005612,Zhizheng Zhang,University of Science and Technology of China,China,CVPR,2020
CVPR-2020-A005613,Cuiling Lan,University of Science and Technology of China,China,CVPR,2020
CVPR-2020-A005614,Wenjun Zeng,University of Science and Technology of China,China,CVPR,2020
CVPR-2020-A005615,Zhibo Chen,University of Science and Technology of China,China,CVPR,2020
CVPR-2020-A005616,Yassine Ouali,UNKNOWN,UNKNOWN,CVPR,2020
CVPR-2020-A005617,Celine Hudelot,UNKNOWN,UNKNOWN,CVPR,2020
CVPR-2020-A005618,Myriam Tami,"Université Paris-Saclay, CentraleSupélec, MICS, Gif-sur-Yvette, France.",France,CVPR,2020
CVPR-2020-A005619,Chao Fan,"University of Science and Technology Beijing, Beihang University, WATRIX.AI, Lenovo Ltd",China,CVPR,2020
CVPR-2020-A005620,Yunjie Peng,"University of Science and Technology Beijing, Beihang University, WATRIX.AI, Lenovo Ltd",China,CVPR,2020
CVPR-2020-A005621,Chunshui Cao,"University of Science and Technology Beijing, Beihang University, WATRIX.AI, Lenovo Ltd",China,CVPR,2020
CVPR-2020-A005622,Xu Liu,"University of Science and Technology Beijing, Beihang University, WATRIX.AI, Lenovo Ltd",China,CVPR,2020
CVPR-2020-A005623,Saihui Hou,"University of Science and Technology Beijing, Beihang University, WATRIX.AI, Lenovo Ltd",China,CVPR,2020
CVPR-2020-A005624,Jiannan Chi,"University of Science and Technology Beijing, Beihang University, WATRIX.AI, Lenovo Ltd",China,CVPR,2020
CVPR-2020-A005625,Yongzhen Huang,"University of Science and Technology Beijing, Beihang University, WATRIX.AI, Lenovo Ltd",China,CVPR,2020
CVPR-2020-A005626,Qing Li,"University of Science and Technology Beijing, Beihang University, WATRIX.AI, Lenovo Ltd",China,CVPR,2020
CVPR-2020-A005627,Zhiqiang He,"University of Science and Technology Beijing, Beihang University, WATRIX.AI, Lenovo Ltd",China,CVPR,2020
CVPR-2020-A005628,Zhezhi He,"School of Electrical, Computer and Energy Engineering, Arizona State University, Tempe, AZ",United States,CVPR,2020
CVPR-2020-A005629,Adnan Siraj Rakin,"School of Electrical, Computer and Energy Engineering, Arizona State University, Tempe, AZ",United States,CVPR,2020
CVPR-2020-A005630,Jingtao Li,"School of Electrical, Computer and Energy Engineering, Arizona State University, Tempe, AZ",United States,CVPR,2020
CVPR-2020-A005631,Chaitali Chakrabarti,"School of Electrical, Computer and Energy Engineering, Arizona State University, Tempe, AZ",United States,CVPR,2020
CVPR-2020-A005632,Deliang Fan,"School of Electrical, Computer and Energy Engineering, Arizona State University, Tempe, AZ",United States,CVPR,2020
CVPR-2020-A005633,Runhao Zeng,"School of Software Engineering, South China University of Technology, China | Peng Cheng Laboratory, Shenzhen, China",China,CVPR,2020
CVPR-2020-A005634,Haoming Xu,"School of Software Engineering, South China University of Technology, China",China,CVPR,2020
CVPR-2020-A005635,Wenbing Huang,Beijing National Research Center for Information Science and Technology (BNRist),China,CVPR,2020
CVPR-2020-A005636,Peihao Chen,"School of Software Engineering, South China University of Technology, China",China,CVPR,2020
CVPR-2020-A005637,Mingkui Tan,"School of Software Engineering, South China University of Technology, China",China,CVPR,2020
CVPR-2020-A005638,Chuang Gan,MIT-IBM Watson AI Lab,United States,CVPR,2020
CVPR-2020-A005639,Srikanth Malla,Honda Research Institute USA,United States,CVPR,2020
CVPR-2020-A005640,Behzad Dariush,Honda Research Institute USA,United States,CVPR,2020
CVPR-2020-A005641,Chiho Choi,Honda Research Institute USA,United States,CVPR,2020
CVPR-2020-A005642,Sk Miraj Ahmed,"University of California, Riverside",United States,CVPR,2020
CVPR-2020-A005643,Aske R. Lejbolle,UNKNOWN,UNKNOWN,CVPR,2020
CVPR-2020-A005644,Rameswar Panda,"Aalborg University, Denmark",Denmark,CVPR,2020
CVPR-2020-A005645,Amit K. Roy-Chowdhury,"University of California, Riverside",United States,CVPR,2020
CVPR-2020-A005646,Mingxing Tan,"Google Research, Brain Team",United States,CVPR,2020
CVPR-2020-A005647,Ruoming Pang,"Google Research, Brain Team",United States,CVPR,2020
CVPR-2020-A005648,Quoc V. Le,"Google Research, Brain Team",United States,CVPR,2020
CVPR-2020-A005649,Chaoning Zhang,UNKNOWN,UNKNOWN,CVPR,2020
CVPR-2020-A005650,Philipp Benz,UNKNOWN,UNKNOWN,CVPR,2020
CVPR-2020-A005651,Tooba Imtiaz,UNKNOWN,UNKNOWN,CVPR,2020
CVPR-2020-A005652,In So Kweon,UNKNOWN,UNKNOWN,CVPR,2020
CVPR-2020-A005653,Gabriel Bender,"Google Research, contributed equally",UNKNOWN,CVPR,2020
CVPR-2020-A005654,Hanxiao Liu,"Google Research, contributed equally",UNKNOWN,CVPR,2020
CVPR-2020-A005655,Bo Chen,Google Research,UNKNOWN,CVPR,2020
CVPR-2020-A005656,Grace Chu,Google Research,UNKNOWN,CVPR,2020
CVPR-2020-A005657,Shuyang Cheng,UNKNOWN,UNKNOWN,CVPR,2020
CVPR-2020-A005658,Pieter-Jan Kindermans,UNKNOWN,UNKNOWN,CVPR,2020
CVPR-2020-A005659,Quoc V. Le,UNKNOWN,UNKNOWN,CVPR,2020
CVPR-2020-A005660,Bing Han,UNKNOWN,UNKNOWN,CVPR,2020
CVPR-2020-A005661,Gopalakrishnan Srinivasan,UNKNOWN,UNKNOWN,CVPR,2020
CVPR-2020-A005662,Kaushik Roy,UNKNOWN,UNKNOWN,CVPR,2020
CVPR-2020-A005663,Kai Li,"Department of Electrical and Computer Engineering, Northeastern University, Boston, USA",United States,CVPR,2020
CVPR-2020-A005664,Yulun Zhang,"Department of Electrical and Computer Engineering, Northeastern University, Boston, USA",United States,CVPR,2020
CVPR-2020-A005665,Kunpeng Li,"Department of Electrical and Computer Engineering, Northeastern University, Boston, USA",United States,CVPR,2020
CVPR-2020-A005666,Yun Fu,"Department of Electrical and Computer Engineering, Northeastern University, Boston, USA | Khoury College of Computer Science, Northeastern University, Boston, USA",United States,CVPR,2020
CVPR-2020-A005667,Quentin Bammey,UNKNOWN,UNKNOWN,CVPR,2020
CVPR-2020-A005668,Rafael Grompone von Gioi,UNKNOWN,UNKNOWN,CVPR,2020
CVPR-2020-A005669,Jean-Michel Morel,UNKNOWN,UNKNOWN,CVPR,2020
CVPR-2020-A005670,Necati Cihan Camgoz,"CVSSP, University of Surrey, Guildford, UK, q Microsoft, Munich, Germany",United Kingdom | Germany,CVPR,2020
CVPR-2020-A005671,Oscar Koller,"CVSSP, University of Surrey, Guildford, UK, q Microsoft, Munich, Germany",United Kingdom | Germany,CVPR,2020
CVPR-2020-A005672,Simon Hadfield,"CVSSP, University of Surrey, Guildford, UK, q Microsoft, Munich, Germany",United Kingdom | Germany,CVPR,2020
CVPR-2020-A005673,Richard Bowden,"CVSSP, University of Surrey, Guildford, UK, q Microsoft, Munich, Germany",United Kingdom | Germany,CVPR,2020
CVPR-2020-A005674,Anthony Cioppa,UNKNOWN,UNKNOWN,CVPR,2020
CVPR-2020-A005675,Adrien Deliege,UNKNOWN,UNKNOWN,CVPR,2020
CVPR-2020-A005676,Silvio Giancola,University of Liège University of Liège KAUST,Belgium | Saudi Arabia,CVPR,2020
CVPR-2020-A005677,Bernard Ghanem,UNKNOWN,UNKNOWN,CVPR,2020
CVPR-2020-A005678,Marc Van Droogenbroeck,UNKNOWN,UNKNOWN,CVPR,2020
CVPR-2020-A005679,Rikke Gade,UNKNOWN,UNKNOWN,CVPR,2020
CVPR-2020-A005680,Thomas B. Moeslund,UNKNOWN,UNKNOWN,CVPR,2020
CVPR-2020-A005681,Shengjie Zhu,"Michigan State University, East Lansing MI",United States,CVPR,2020
CVPR-2020-A005682,Garrick Brazil,"Michigan State University, East Lansing MI",United States,CVPR,2020
CVPR-2020-A005683,Xiaoming Liu,"Michigan State University, East Lansing MI",United States,CVPR,2020
CVPR-2020-A005684,Shikai Chen,Southeast University,China,CVPR,2020
CVPR-2020-A005685,Jianfeng Wang,University of Oxford,United Kingdom,CVPR,2020
CVPR-2020-A005686,Yuedong Chen,Nanyang Technological University,Singapore,CVPR,2020
CVPR-2020-A005687,Zhongchao Shi,"AI Lab, Lenovo Research",UNKNOWN,CVPR,2020
CVPR-2020-A005688,Xin Geng,UNKNOWN,UNKNOWN,CVPR,2020
CVPR-2020-A005689,Yong Rui,UNKNOWN,UNKNOWN,CVPR,2020
CVPR-2020-A005690,Yan Lu,"School of Information Science and Technology, University of Science and Technology of China, Hefei, China | Key Laboratory of Electromagnetic Space Information, Chinese Academy of Science, Hefei, China",China,CVPR,2020
CVPR-2020-A005691,Yue Wu,"Damo Academy, Alibaba Group, Beijing, China",China,CVPR,2020
CVPR-2020-A005692,Bin Liu,"School of Information Science and Technology, University of Science and Technology of China, Hefei, China | Key Laboratory of Electromagnetic Space Information, Chinese Academy of Science, Hefei, China",China,CVPR,2020
CVPR-2020-A005693,Tianzhu Zhang,"School of Information Science and Technology, University of Science and Technology of China, Hefei, China",China,CVPR,2020
CVPR-2020-A005694,Baopu Li,Baidu Research(USA),United States,CVPR,2020
CVPR-2020-A005695,Qi Chu,"School of Information Science and Technology, University of Science and Technology of China, Hefei, China | Key Laboratory of Electromagnetic Space Information, Chinese Academy of Science, Hefei, China",China,CVPR,2020
CVPR-2020-A005696,Nenghai Yu,"School of Information Science and Technology, University of Science and Technology of China, Hefei, China | Key Laboratory of Electromagnetic Space Information, Chinese Academy of Science, Hefei, China",China,CVPR,2020
CVPR-2020-A005697,Qi Cai,UNKNOWN,UNKNOWN,CVPR,2020
CVPR-2020-A005698,Yingwei Pan,UNKNOWN,UNKNOWN,CVPR,2020
CVPR-2020-A005699,Yu Wang,UNKNOWN,UNKNOWN,CVPR,2020
CVPR-2020-A005700,Jingen Liu,UNKNOWN,UNKNOWN,CVPR,2020
CVPR-2020-A005701,Ting Yao,UNKNOWN,UNKNOWN,CVPR,2020
CVPR-2020-A005702,Tao Mei,UNKNOWN,UNKNOWN,CVPR,2020
CVPR-2020-A005703,Mingmin Zhen,UNKNOWN,UNKNOWN,CVPR,2020
CVPR-2020-A005704,Jinglu Wang,UNKNOWN,UNKNOWN,CVPR,2020
CVPR-2020-A005705,Lei Zhou,UNKNOWN,UNKNOWN,CVPR,2020
CVPR-2020-A005706,Shiwei Li,UNKNOWN,UNKNOWN,CVPR,2020
CVPR-2020-A005707,Tianwei Shen,UNKNOWN,UNKNOWN,CVPR,2020
CVPR-2020-A005708,Jiaxiang Shang,UNKNOWN,UNKNOWN,CVPR,2020
CVPR-2020-A005709,Tian Fang,UNKNOWN,UNKNOWN,CVPR,2020
CVPR-2020-A005710,Long Quan,UNKNOWN,UNKNOWN,CVPR,2020
CVPR-2020-A005711,Ze Chen,"Zhejiang University, Institute of Advanced Digital Technology and Instrument | Zhejiang University Embedded System Engineering Research Center, Ministry of Education of China",China,CVPR,2020
CVPR-2020-A005712,Zhihang Fu,"Zhejiang University, Institute of Advanced Digital Technology and Instrument Zhejiang University Embedded System Engineering Research Center, Ministry of Education of China Zhejiang University, the State Key Laboratory of Industrial Control Technology Zhejiang Provincial Key Laboratory for Network Multimedia Technologies Alibaba DAMO Academy, Alibaba Group",China,CVPR,2020
CVPR-2020-A005713,Rongxin Jiang,"Zhejiang University, Institute of Advanced Digital Technology and Instrument | Zhejiang University, the State Key Laboratory of Industrial Control Technology",China,CVPR,2020
CVPR-2020-A005714,Yaowu Chen,"Zhejiang University, Institute of Advanced Digital Technology and Instrument | Zhejiang Provincial Key Laboratory for Network Multimedia Technologies",China,CVPR,2020
CVPR-2020-A005715,Xian-Sheng Hua,UNKNOWN,UNKNOWN,CVPR,2020
CVPR-2020-A005716,Xiaoyi Dong,UNKNOWN,UNKNOWN,CVPR,2020
CVPR-2020-A005717,Jiangfan Han,UNKNOWN,UNKNOWN,CVPR,2020
CVPR-2020-A005718,Dongdong Chen,UNKNOWN,UNKNOWN,CVPR,2020
CVPR-2020-A005719,Jiayang Liu,UNKNOWN,UNKNOWN,CVPR,2020
CVPR-2020-A005720,Huanyu Bian,UNKNOWN,UNKNOWN,CVPR,2020
CVPR-2020-A005721,Zehua Ma,UNKNOWN,UNKNOWN,CVPR,2020
CVPR-2020-A005722,Hongsheng Li,UNKNOWN,UNKNOWN,CVPR,2020
CVPR-2020-A005723,Xiaogang Wang,UNKNOWN,UNKNOWN,CVPR,2020
CVPR-2020-A005724,Weiming Zhang,UNKNOWN,UNKNOWN,CVPR,2020
CVPR-2020-A005725,Nenghai Yu,UNKNOWN,UNKNOWN,CVPR,2020
CVPR-2020-A005726,Hamid Reza Vaezi Joze,Microsoft,United States,CVPR,2020
CVPR-2020-A005727,Amirreza Shaban,Microsoft,United States,CVPR,2020
CVPR-2020-A005728,Michael L. Iuzzolino,Microsoft,United States,CVPR,2020
CVPR-2020-A005729,Kazuhito Koishida,Microsoft,United States,CVPR,2020
CVPR-2020-A005730,Wending Yan,"National University of Singapore, Yale-NUS College",Singapore,CVPR,2020
CVPR-2020-A005731,Aashish Sharma,"National University of Singapore, Yale-NUS College",Singapore,CVPR,2020
CVPR-2020-A005732,Robby T. Tan,"National University of Singapore, Yale-NUS College",Singapore,CVPR,2020
CVPR-2020-A005733,Hyunjong Park,"School of Electrical and Electronic Engineering, Yonsei University",South Korea,CVPR,2020
CVPR-2020-A005734,Jongyoun Noh,"School of Electrical and Electronic Engineering, Yonsei University",South Korea,CVPR,2020
CVPR-2020-A005735,Bumsub Ham,"School of Electrical and Electronic Engineering, Yonsei University",South Korea,CVPR,2020
CVPR-2020-A005736,Qian Xie,Nanjing University of Aeronautics and Astronautics,China,CVPR,2020
CVPR-2020-A005737,Yu-Kun Lai,Cardiff University,United Kingdom,CVPR,2020
CVPR-2020-A005738,Jing Wu,Cardiff University,United Kingdom,CVPR,2020
CVPR-2020-A005739,Zhoutao Wang,Nanjing University of Aeronautics and Astronautics,China,CVPR,2020
CVPR-2020-A005740,Yiming Zhang,Nanjing University of Aeronautics and Astronautics,China,CVPR,2020
CVPR-2020-A005741,Kai Xu,National University of Defense Technology,China,CVPR,2020
CVPR-2020-A005742,Jun Wang,UNKNOWN,UNKNOWN,CVPR,2020
CVPR-2020-A005743,Ramprasaath R. Selvaraju,"Georgia Institute of Technology, Microsoft Research",United States,CVPR,2020
CVPR-2020-A005744,Purva Tendulkar,"Georgia Institute of Technology, Microsoft Research",United States,CVPR,2020
CVPR-2020-A005745,Devi Parikh,"Georgia Institute of Technology, Microsoft Research",United States,CVPR,2020
CVPR-2020-A005746,Eric Horvitz,"Georgia Institute of Technology, Microsoft Research",United States,CVPR,2020
CVPR-2020-A005747,Marco Tulio Ribeiro,"Georgia Institute of Technology, Microsoft Research",United States,CVPR,2020
CVPR-2020-A005748,Besmira Nushi,"Georgia Institute of Technology, Microsoft Research",United States,CVPR,2020
CVPR-2020-A005749,Ece Kamar,"Georgia Institute of Technology, Microsoft Research",United States,CVPR,2020
CVPR-2020-A005750,Jiyang Gao,Google Research,UNKNOWN,CVPR,2020
CVPR-2020-A005751,Chen Sun,Google Research,UNKNOWN,CVPR,2020
CVPR-2020-A005752,Hang Zhao,Google Research,UNKNOWN,CVPR,2020
CVPR-2020-A005753,Yi Shen,Google Research,UNKNOWN,CVPR,2020
CVPR-2020-A005754,Dragomir Anguelov,Google Research,UNKNOWN,CVPR,2020
CVPR-2020-A005755,Congcong Li,Google Research,UNKNOWN,CVPR,2020
CVPR-2020-A005756,Cordelia Schmid,Google Research,UNKNOWN,CVPR,2020
CVPR-2020-A005757,Junfeng Guan,University of Illinois at Urbana-Champaign,United States,CVPR,2020
CVPR-2020-A005758,Sohrab Madani,University of Illinois at Urbana-Champaign,United States,CVPR,2020
CVPR-2020-A005759,Suraj Jog,University of Illinois at Urbana-Champaign,United States,CVPR,2020
CVPR-2020-A005760,Saurabh Gupta,University of Illinois at Urbana-Champaign,United States,CVPR,2020
CVPR-2020-A005761,Haitham Hassanieh,University of Illinois at Urbana-Champaign,United States,CVPR,2020
CVPR-2020-A005762,Michael Tschannen,"Google Research, Brain Team",United States,CVPR,2020
CVPR-2020-A005763,Josip Djolonga,"Google Research, Brain Team",United States,CVPR,2020
CVPR-2020-A005764,Marvin Ritter,"Google Research, Brain Team",United States,CVPR,2020
CVPR-2020-A005765,Aravindh Mahendran,"Google Research, Brain Team",United States,CVPR,2020
CVPR-2020-A005766,Neil Houlsby,"Google Research, Brain Team",United States,CVPR,2020
CVPR-2020-A005767,Sylvain Gelly,"Google Research, Brain Team",United States,CVPR,2020
CVPR-2020-A005768,Mario Lucic,"Google Research, Brain Team",United States,CVPR,2020
CVPR-2020-A005769,Keivan Alizadeh vahid,University of Washington,United States,CVPR,2020
CVPR-2020-A005770,Anish Prabhu,University of Washington,United States,CVPR,2020
CVPR-2020-A005771,Ali Farhadi,University of Washington,United States,CVPR,2020
CVPR-2020-A005772,Mohammad Rastegari,University of Washington,United States,CVPR,2020
CVPR-2020-A005773,Minghao Xu,"Shanghai Jiao Tong University, Shanghai , China | MoE Key Lab of Artiﬁcial Intelligence, AI Institute, Shanghai Jiao Tong University",China,CVPR,2020
CVPR-2020-A005774,Hang Wang,"Shanghai Jiao Tong University, Shanghai , China | MoE Key Lab of Artiﬁcial Intelligence, AI Institute, Shanghai Jiao Tong University",China,CVPR,2020
CVPR-2020-A005775,Bingbing Ni,"Shanghai Jiao Tong University, Shanghai , China | MoE Key Lab of Artiﬁcial Intelligence, AI Institute, Shanghai Jiao Tong University | Huawei Hisilicon",China,CVPR,2020
CVPR-2020-A005776,Qi Tian,Huawei Noah’s Ark Lab,China,CVPR,2020
CVPR-2020-A005777,Wenjun Zhang,"Shanghai Jiao Tong University, Shanghai , China",China,CVPR,2020
CVPR-2020-A005778,Weiyao Wang,UNKNOWN,UNKNOWN,CVPR,2020
CVPR-2020-A005779,Du Tran,UNKNOWN,UNKNOWN,CVPR,2020
CVPR-2020-A005780,Matt Feiszli,UNKNOWN,UNKNOWN,CVPR,2020
CVPR-2020-A005781,Niels Jeppesen,"Department of Applied Mathematics and Computer Science, Technical University of Denmark Richard Petersens Plads, Building , Kgs. Lyngby, Denmark",Denmark,CVPR,2020
CVPR-2020-A005782,Anders N. Christensen,"Department of Applied Mathematics and Computer Science, Technical University of Denmark Richard Petersens Plads, Building , Kgs. Lyngby, Denmark",Denmark,CVPR,2020
CVPR-2020-A005783,Vedrana A. Dahl,"Department of Applied Mathematics and Computer Science, Technical University of Denmark Richard Petersens Plads, Building , Kgs. Lyngby, Denmark",Denmark,CVPR,2020
CVPR-2020-A005784,Anders B. Dahl,"Department of Applied Mathematics and Computer Science, Technical University of Denmark Richard Petersens Plads, Building , Kgs. Lyngby, Denmark",Denmark,CVPR,2020
CVPR-2020-A005785,Xiaoyu Tao,"Faculty of Electronic and Information Engineering, Xi’an Jiaotong University",China,CVPR,2020
CVPR-2020-A005786,Xiaopeng Hong,"Faculty of Electronic and Information Engineering, Xi’an Jiaotong University | Research Center for Artificial Intelligence, Peng Cheng Laboratory",China,CVPR,2020
CVPR-2020-A005787,Xinyuan Chang,"School of Software Engineering, Xi’an Jiaotong University",China,CVPR,2020
CVPR-2020-A005788,Songlin Dong,"Faculty of Electronic and Information Engineering, Xi’an Jiaotong University",China,CVPR,2020
CVPR-2020-A005789,Xing Wei,"School of Software Engineering, Xi’an Jiaotong University",China,CVPR,2020
CVPR-2020-A005790,Yihong Gong,"School of Software Engineering, Xi’an Jiaotong University",China,CVPR,2020
CVPR-2020-A005791,Zhonghua Wu,Nanyang Technological University,Singapore,CVPR,2020
CVPR-2020-A005792,Qingyi Tao,Nanyang Technological University,Singapore,CVPR,2020
CVPR-2020-A005793,Guosheng Lin,Nanyang Technological University,Singapore,CVPR,2020
CVPR-2020-A005794,Jianfei Cai,Nanyang Technological University,Singapore,CVPR,2020
CVPR-2020-A005795,Xianzhi Du,"Google Research, Brain Team",United States,CVPR,2020
CVPR-2020-A005796,Tsung-Yi Lin,"Google Research, Brain Team",United States,CVPR,2020
CVPR-2020-A005797,Pengchong Jin,"Google Research, Brain Team",United States,CVPR,2020
CVPR-2020-A005798,Golnaz Ghiasi,"Google Research, Brain Team",United States,CVPR,2020
CVPR-2020-A005799,Mingxing Tan,"Google Research, Brain Team",United States,CVPR,2020
CVPR-2020-A005800,Yin Cui,"Google Research, Brain Team",United States,CVPR,2020
CVPR-2020-A005801,Quoc V. Le,"Google Research, Brain Team",United States,CVPR,2020
CVPR-2020-A005802,Xiaodan Song,"Google Research, Brain Team",United States,CVPR,2020
CVPR-2020-A005803,Keunhong Park,University of Washington,United States,CVPR,2020
CVPR-2020-A005804,Arsalan Mousavian,University of Washington,United States,CVPR,2020
CVPR-2020-A005805,Yu Xiang,University of Washington,United States,CVPR,2020
CVPR-2020-A005806,Dieter Fox,University of Washington,United States,CVPR,2020
CVPR-2020-A005807,Heqian Qiu,"University of Electronic Science and Technology of China Chengdu, China",China,CVPR,2020
CVPR-2020-A005808,Hongliang Li,"University of Electronic Science and Technology of China Chengdu, China",China,CVPR,2020
CVPR-2020-A005809,Qingbo Wu,"University of Electronic Science and Technology of China Chengdu, China",China,CVPR,2020
CVPR-2020-A005810,Hengcan Shi,"University of Electronic Science and Technology of China Chengdu, China",China,CVPR,2020
CVPR-2020-A005811,Vishnu Suresh Lokhande,UNKNOWN,UNKNOWN,CVPR,2020
CVPR-2020-A005812,Songwong Tasneeyapant,UNKNOWN,UNKNOWN,CVPR,2020
CVPR-2020-A005813,Abhay Venkatesh,UNKNOWN,UNKNOWN,CVPR,2020
CVPR-2020-A005814,Sathya N. Ravi,UNKNOWN,UNKNOWN,CVPR,2020
CVPR-2020-A005815,Vikas Singh,UNKNOWN,UNKNOWN,CVPR,2020
CVPR-2020-A005816,Chaoyang He,University of Southern California,United States,CVPR,2020
CVPR-2020-A005817,Haishan Ye,UNKNOWN,UNKNOWN,CVPR,2020
CVPR-2020-A005818,Li Shen,Tencent AI Lab,China,CVPR,2020
CVPR-2020-A005819,Tong Zhang,Hong Kong University of Science and Technology,Hong Kong,CVPR,2020
CVPR-2020-A005820,Mengmeng Xu,"King Abdullah University of Science and Technology (KAUST), Saudi Arabia",Saudi Arabia,CVPR,2020
CVPR-2020-A005821,Chen Zhao,"King Abdullah University of Science and Technology (KAUST), Saudi Arabia",Saudi Arabia,CVPR,2020
CVPR-2020-A005822,David S. Rojas,"King Abdullah University of Science and Technology (KAUST), Saudi Arabia",Saudi Arabia,CVPR,2020
CVPR-2020-A005823,Ali Thabet,"King Abdullah University of Science and Technology (KAUST), Saudi Arabia",Saudi Arabia,CVPR,2020
CVPR-2020-A005824,Bernard Ghanem,"King Abdullah University of Science and Technology (KAUST), Saudi Arabia",Saudi Arabia,CVPR,2020
CVPR-2020-A005825,Yanzhao Zhou,University of Chinese Academy of Sciences UC Berkeley,United States | China,CVPR,2020
CVPR-2020-A005826,Xin Wang,University of Chinese Academy of Sciences UC Berkeley,United States | China,CVPR,2020
CVPR-2020-A005827,Jianbin Jiao,University of Chinese Academy of Sciences UC Berkeley,United States | China,CVPR,2020
CVPR-2020-A005828,Trevor Darrell,University of Chinese Academy of Sciences UC Berkeley,United States | China,CVPR,2020
CVPR-2020-A005829,Fisher Yu,University of Chinese Academy of Sciences UC Berkeley,United States | China,CVPR,2020
CVPR-2020-A005830,Calvin Murdock,Carnegie Mellon University,United States,CVPR,2020
CVPR-2020-A005831,Simon Lucey,Carnegie Mellon University | Argo AI,United States,CVPR,2020
CVPR-2020-A005832,Zhichao Lu,Michigan State University,United States,CVPR,2020
CVPR-2020-A005833,Kalyanmoy Deb,Michigan State University,United States,CVPR,2020
CVPR-2020-A005834,Vishnu Naresh Boddeti,Michigan State University,United States,CVPR,2020
CVPR-2020-A005835,Yecheng Lyu,Worcester Polytechnic Institute,United States,CVPR,2020
CVPR-2020-A005836,Xinming Huang,Worcester Polytechnic Institute,United States,CVPR,2020
CVPR-2020-A005837,Ziming Zhang,Worcester Polytechnic Institute,United States,CVPR,2020
CVPR-2020-A005838,Zheng Lin,"TKLNDST, College of Computer Science, Nankai University",China,CVPR,2020
CVPR-2020-A005839,Zhao Zhang,"TKLNDST, College of Computer Science, Nankai University",China,CVPR,2020
CVPR-2020-A005840,Lin-Zhuo Chen,"TKLNDST, College of Computer Science, Nankai University",China,CVPR,2020
CVPR-2020-A005841,Ming-Ming Cheng,"TKLNDST, College of Computer Science, Nankai University",China,CVPR,2020
CVPR-2020-A005842,Shao-Ping Lu,"TKLNDST, College of Computer Science, Nankai University",China,CVPR,2020
CVPR-2020-A005843,Ruyi Ji,"State Key Laboratory of Computer Science, ISCAS, Beijing, China | University of Chinese Academy of Sciences, Beijing, China",China,CVPR,2020
CVPR-2020-A005844,Longyin Wen,"JD Finance America Corporation, Mountain View, CA, USA",United States,CVPR,2020
CVPR-2020-A005845,Libo Zhang,"State Key Laboratory of Computer Science, ISCAS, Beijing, China",China,CVPR,2020
CVPR-2020-A005846,Dawei Du,"University at Albany, State University of New York, Albany, NY, USA",United States,CVPR,2020
CVPR-2020-A005847,Yanjun Wu,"State Key Laboratory of Computer Science, ISCAS, Beijing, China",China,CVPR,2020
CVPR-2020-A005848,Chen Zhao,"State Key Laboratory of Computer Science, ISCAS, Beijing, China",China,CVPR,2020
CVPR-2020-A005849,Xianglong Liu,"Beihang University, Beijing, China",China,CVPR,2020
CVPR-2020-A005850,Feiyue Huang,"Tencent Youtu Lab, Beijing, China",China,CVPR,2020
CVPR-2020-A005851,Yinpeng Chen,Microsoft,United States,CVPR,2020
CVPR-2020-A005852,Xiyang Dai,Microsoft,United States,CVPR,2020
CVPR-2020-A005853,Mengchen Liu,Microsoft,United States,CVPR,2020
CVPR-2020-A005854,Dongdong Chen,Microsoft,United States,CVPR,2020
CVPR-2020-A005855,Lu Yuan,Microsoft,United States,CVPR,2020
CVPR-2020-A005856,Zicheng Liu,Microsoft,United States,CVPR,2020
CVPR-2020-A005857,Alasdair Tran,Australian National University,Australia,CVPR,2020
CVPR-2020-A005858,Alexander Mathews,Australian National University,Australia,CVPR,2020
CVPR-2020-A005859,Lexing Xie,Australian National University,Australia,CVPR,2020
CVPR-2020-A005860,Yuan Gao,Tencent AI Lab,China,CVPR,2020
CVPR-2020-A005861,Haoping Bai,Carnegie Mellon University,United States,CVPR,2020
CVPR-2020-A005862,Zequn Jie,Tencent AI Lab,China,CVPR,2020
CVPR-2020-A005863,Jiayi Ma,Wuhan University,China,CVPR,2020
CVPR-2020-A005864,Kui Jia,South China University of Technology,China,CVPR,2020
CVPR-2020-A005865,Wei Liu,Tencent AI Lab,China,CVPR,2020
CVPR-2020-A005866,Jiasen Lu,Georgia Institute of Technology,United States,CVPR,2020
CVPR-2020-A005867,Vedanuj Goswami,Facebook AI Research,United States,CVPR,2020
CVPR-2020-A005868,Marcus Rohrbach,Facebook AI Research,United States,CVPR,2020
CVPR-2020-A005869,Devi Parikh,Facebook AI Research | Georgia Institute of Technology,United States | Georgia,CVPR,2020
CVPR-2020-A005870,Stefan Lee,Oregon State University,United States,CVPR,2020
CVPR-2020-A005871,Vincent Le Guen,"EDF R&D, Chatou, France | CEDRIC, Conservatoire National des Arts et Métiers, Paris, France",France,CVPR,2020
CVPR-2020-A005872,Nicolas Thome,"CEDRIC, Conservatoire National des Arts et Métiers, Paris, France",France,CVPR,2020
CVPR-2020-A005873,Ehsan Abbasnejad,UNKNOWN,UNKNOWN,CVPR,2020
CVPR-2020-A005874,Iman Abbasnejad,UNKNOWN,UNKNOWN,CVPR,2020
CVPR-2020-A005875,Qi Wu,UNKNOWN,UNKNOWN,CVPR,2020
CVPR-2020-A005876,Javen Shi,UNKNOWN,UNKNOWN,CVPR,2020
CVPR-2020-A005877,Anton van den Hengel,UNKNOWN,UNKNOWN,CVPR,2020
CVPR-2020-A005878,Chenchen Liu,Peking University,China,CVPR,2020
CVPR-2020-A005879,Yang Jin,Beihang University,China,CVPR,2020
CVPR-2020-A005880,Kehan Xu,Peking University,China,CVPR,2020
CVPR-2020-A005881,Guoqiang Gong,Peking University,China,CVPR,2020
CVPR-2020-A005882,Yadong Mu,Peking University,China,CVPR,2020
CVPR-2020-A005883,Mostafa S. Ibrahim,Simon Fraser University,Canada,CVPR,2020
CVPR-2020-A005884,Arash Vahdat,Simon Fraser University,Canada,CVPR,2020
CVPR-2020-A005885,Mani Ranjbar,Simon Fraser University,Canada,CVPR,2020
CVPR-2020-A005886,William G. Macready,Simon Fraser University,Canada,CVPR,2020
CVPR-2020-A005887,Boyan Zhou,Megvii Technology Waseda University Nanjing University,China | Japan,CVPR,2020
CVPR-2020-A005888,Quan Cui,Megvii Technology Waseda University Nanjing University,China | Japan,CVPR,2020
CVPR-2020-A005889,Xiu-Shen Wei,Megvii Technology Waseda University Nanjing University,China | Japan,CVPR,2020
CVPR-2020-A005890,Zhao-Min Chen,Megvii Technology Waseda University Nanjing University,China | Japan,CVPR,2020
CVPR-2020-A005891,Ayan Kumar Bhunia,"SketchX, CVSSP, University of Surrey, United Kingdom",United Kingdom,CVPR,2020
CVPR-2020-A005892,Yongxin Yang,"SketchX, CVSSP, University of Surrey, United Kingdom",United Kingdom,CVPR,2020
CVPR-2020-A005893,Timothy M. Hospedales,"SketchX, CVSSP, University of Surrey, United Kingdom | University of Edinburgh, United Kingdom.",United Kingdom,CVPR,2020
CVPR-2020-A005894,Tao Xiang,"SketchX, CVSSP, University of Surrey, United Kingdom",United Kingdom,CVPR,2020
CVPR-2020-A005895,Yi-Zhe Song,"SketchX, CVSSP, University of Surrey, United Kingdom",United Kingdom,CVPR,2020
CVPR-2020-A005896,Zhishuai Zhang,Johns Hopkins University,United States,CVPR,2020
CVPR-2020-A005897,Jiyang Gao,Johns Hopkins University,United States,CVPR,2020
CVPR-2020-A005898,Junhua Mao,Johns Hopkins University,United States,CVPR,2020
CVPR-2020-A005899,Yukai Liu,Johns Hopkins University,United States,CVPR,2020
CVPR-2020-A005900,Dragomir Anguelov,Johns Hopkins University,United States,CVPR,2020
CVPR-2020-A005901,Congcong Li,Johns Hopkins University,United States,CVPR,2020
CVPR-2020-A005902,Qi Chen,"South China University of Technology | Guangzhou Laboratory, Guangzhou, China",China,CVPR,2020
CVPR-2020-A005903,Qi Wu,"Australian Centre for Robotic Vision, University of Adelaide, Australia",Australia,CVPR,2020
CVPR-2020-A005904,Rui Tang,"Kujiale, Inc.",China,CVPR,2020
CVPR-2020-A005905,Yuhan Wang,"Kujiale, Inc.",China,CVPR,2020
CVPR-2020-A005906,Shuai Wang,"Kujiale, Inc.",China,CVPR,2020
CVPR-2020-A005907,Mingkui Tan,South China University of Technology,China,CVPR,2020
CVPR-2020-A005908,Rufeng Zhang,"Tongji University, China",China,CVPR,2020
CVPR-2020-A005909,Zhi Tian,"University of Adelaide, Australia",Australia,CVPR,2020
CVPR-2020-A005910,Chunhua Shen,"University of Adelaide, Australia",Australia,CVPR,2020
CVPR-2020-A005911,Mingyu You,"Tongji University, China",China,CVPR,2020
CVPR-2020-A005912,Youliang Yan,Huawei Noah’s Ark Lab,China,CVPR,2020
CVPR-2020-A005913,Zhiwei Dong,"Institute of Artificial Intelligence and Robotics, Xi’an Jiaotong University | SenseTime Research",China,CVPR,2020
CVPR-2020-A005914,Guoxuan Li,University of Chinese Academy of Sciences,China,CVPR,2020
CVPR-2020-A005915,Yue Liao,Beihang University,China,CVPR,2020
CVPR-2020-A005916,Fei Wang,SenseTime Research,China,CVPR,2020
CVPR-2020-A005917,Pengju Ren,"Institute of Artificial Intelligence and Robotics, Xi’an Jiaotong University",China,CVPR,2020
CVPR-2020-A005918,Chen Qian,SenseTime Research,China,CVPR,2020
CVPR-2020-A005919,Jie Yang,"SenseTime Group Limited, Tsinghua University",China,CVPR,2020
CVPR-2020-A005920,Jiarou Fan,"SenseTime Group Limited, Tsinghua University",China,CVPR,2020
CVPR-2020-A005921,Yiru Wang,"SenseTime Group Limited, Tsinghua University",China,CVPR,2020
CVPR-2020-A005922,Yige Wang,"SenseTime Group Limited, Tsinghua University",China,CVPR,2020
CVPR-2020-A005923,Weihao Gan,"SenseTime Group Limited, Tsinghua University",China,CVPR,2020
CVPR-2020-A005924,Lin Liu,"SenseTime Group Limited, Tsinghua University",China,CVPR,2020
CVPR-2020-A005925,Wei Wu,"SenseTime Group Limited, Tsinghua University",China,CVPR,2020
CVPR-2020-A005926,Ali Varamesh,UNKNOWN,UNKNOWN,CVPR,2020
CVPR-2020-A005927,Tinne Tuytelaars,UNKNOWN,UNKNOWN,CVPR,2020
CVPR-2020-A005928,Pengkai Zhu,"Electrical and Computer Engineering Department, Boston University",United States,CVPR,2020
CVPR-2020-A005929,Hanxiao Wang,"Electrical and Computer Engineering Department, Boston University",United States,CVPR,2020
CVPR-2020-A005930,Venkatesh Saligrama,"Electrical and Computer Engineering Department, Boston University",United States,CVPR,2020
CVPR-2020-A005931,Xuangeng Chu,Peking University MEGVII Technology,China,CVPR,2020
CVPR-2020-A005932,Anlin Zheng,Peking University MEGVII Technology,China,CVPR,2020
CVPR-2020-A005933,Xiangyu Zhang,Peking University MEGVII Technology,China,CVPR,2020
CVPR-2020-A005934,Jian Sun,Peking University MEGVII Technology,China,CVPR,2020
CVPR-2020-A005935,Yi Li,"University of California, San Diego",United States,CVPR,2020
CVPR-2020-A005936,Nuno Vasconcelos,"University of California, San Diego",United States,CVPR,2020
CVPR-2020-A005937,Yuhang Cao,"CUHK - SenseTime Joint Lab, The Chinese University of Hong Kong",China,CVPR,2020
CVPR-2020-A005938,Kai Chen,"CUHK - SenseTime Joint Lab, The Chinese University of Hong Kong",China,CVPR,2020
CVPR-2020-A005939,Chen Change Loy,Nanyang Technological University,Singapore,CVPR,2020
CVPR-2020-A005940,Dahua Lin,"CUHK - SenseTime Joint Lab, The Chinese University of Hong Kong",China,CVPR,2020
CVPR-2020-A005941,Guoqiang Gong,"Noah’s Ark Lab, Huawei",China,CVPR,2020
CVPR-2020-A005942,Xinghan Wang,"Noah’s Ark Lab, Huawei",China,CVPR,2020
CVPR-2020-A005943,Yadong Mu,"Noah’s Ark Lab, Huawei",China,CVPR,2020
CVPR-2020-A005944,Qi Tian,"Noah’s Ark Lab, Huawei",China,CVPR,2020
CVPR-2020-A005945,Ning Wang,"School of Computer Science, Northwestern Polytechnical University, China National Engineering Lab for Integrated Aero-Space-Ground-Ocean Big Data Application Technology, China ⋄ The University of Adelaide, Australia",China | Australia,CVPR,2020
CVPR-2020-A005946,Yang Gao,"School of Computer Science, Northwestern Polytechnical University, China National Engineering Lab for Integrated Aero-Space-Ground-Ocean Big Data Application Technology, China ⋄ The University of Adelaide, Australia",China | Australia,CVPR,2020
CVPR-2020-A005947,Hao Chen,"School of Computer Science, Northwestern Polytechnical University, China National Engineering Lab for Integrated Aero-Space-Ground-Ocean Big Data Application Technology, China ⋄ The University of Adelaide, Australia",China | Australia,CVPR,2020
CVPR-2020-A005948,Peng Wang,"School of Computer Science, Northwestern Polytechnical University, China National Engineering Lab for Integrated Aero-Space-Ground-Ocean Big Data Application Technology, China ⋄ The University of Adelaide, Australia",China | Australia,CVPR,2020
CVPR-2020-A005949,Zhi Tian,"School of Computer Science, Northwestern Polytechnical University, China National Engineering Lab for Integrated Aero-Space-Ground-Ocean Big Data Application Technology, China ⋄ The University of Adelaide, Australia",China | Australia,CVPR,2020
CVPR-2020-A005950,Chunhua Shen,"School of Computer Science, Northwestern Polytechnical University, China National Engineering Lab for Integrated Aero-Space-Ground-Ocean Big Data Application Technology, China ⋄ The University of Adelaide, Australia",China | Australia,CVPR,2020
CVPR-2020-A005951,Yanning Zhang,"School of Computer Science, Northwestern Polytechnical University, China National Engineering Lab for Integrated Aero-Space-Ground-Ocean Big Data Application Technology, China ⋄ The University of Adelaide, Australia",China | Australia,CVPR,2020
CVPR-2020-A005952,Or Isaacs,"Computer Science, Technion - Israel Institute of Technology",Israel,CVPR,2020
CVPR-2020-A005953,Oran Shayer,"Computer Science, Technion - Israel Institute of Technology",Israel,CVPR,2020
CVPR-2020-A005954,Michael Lindenbaum,"Computer Science, Technion - Israel Institute of Technology",Israel,CVPR,2020
CVPR-2020-A005955,Vivek Ramanujan,UNKNOWN,UNKNOWN,CVPR,2020
CVPR-2020-A005956,Mitchell Wortsman,UNKNOWN,UNKNOWN,CVPR,2020
CVPR-2020-A005957,Aniruddha Kembhavi,Allen Institute for Artificial Intelligence,United States,CVPR,2020
CVPR-2020-A005958,Ali Farhadi,"University of Washington sha1_base64=""/F2E/qGSV45o63yZb4D++oacJn8="">AAACLnicbVBNSwMxEM36WetX1aOXYBU8lV0P6lERwaOCtYVuKbPZaTc0myxJtlJKf5EX/4oeBBXx6s8w/TiodSDk8d4Mb+ZFmeDG+v6rNze/sLi0XFgprq6tb2yWtrbvjMo1wypTQul6BAYFl1i13AqsZxohjQTWou7FSK/1UBuu5K3tZ9hMoSN5mzOwjmqVLkOpuIxRWnpOJeYahPvsvdLdMCzuhxbyfXqfcJZQYAnHHhrHd5SKaYa6rXQKkmGrVPYr/rjoLAimoEymdd0qPYexYnnqfJkAYxqBn9nmALTlTOCwGOYGM2Bd6GDDQQkpmuZgfO6QHjgmps7bPbf3mP05MYDUmH4auc4UbGL+aiPyP62R2/Zpc8BllluUbGLUzgW1io6yozHXyKzoOwBMc7crZQloYNYlXHQhBH9PngV3R5XArwQ3R+Wz42kcBbJL9sghCcgJOSNX5JpUCSMP5Im8kXfv0XvxPrzPSeucN53ZIb/K+/oGRtKopA==</latexit>",United Kingdom,CVPR,2020
CVPR-2020-A005959,Mohammad Rastegari,"University of Washington sha1_base64=""/F2E/qGSV45o63yZb4D++oacJn8="">AAACLnicbVBNSwMxEM36WetX1aOXYBU8lV0P6lERwaOCtYVuKbPZaTc0myxJtlJKf5EX/4oeBBXx6s8w/TiodSDk8d4Mb+ZFmeDG+v6rNze/sLi0XFgprq6tb2yWtrbvjMo1wypTQul6BAYFl1i13AqsZxohjQTWou7FSK/1UBuu5K3tZ9hMoSN5mzOwjmqVLkOpuIxRWnpOJeYahPvsvdLdMCzuhxbyfXqfcJZQYAnHHhrHd5SKaYa6rXQKkmGrVPYr/rjoLAimoEymdd0qPYexYnnqfJkAYxqBn9nmALTlTOCwGOYGM2Bd6GDDQQkpmuZgfO6QHjgmps7bPbf3mP05MYDUmH4auc4UbGL+aiPyP62R2/Zpc8BllluUbGLUzgW1io6yozHXyKzoOwBMc7crZQloYNYlXHQhBH9PngV3R5XArwQ3R+Wz42kcBbJL9sghCcgJOSNX5JpUCSMP5Im8kXfv0XvxPrzPSeucN53ZIb/K+/oGRtKopA==</latexit>",United Kingdom,CVPR,2020
CVPR-2020-A005960,Myeongjin Kim,Yonsei University,South Korea,CVPR,2020
CVPR-2020-A005961,Hyeran Byun,Yonsei University,South Korea,CVPR,2020
CVPR-2020-A005962,Ben-Zion Vatashsky,"Weizmann Institute of Science, Israel",Israel,CVPR,2020
CVPR-2020-A005963,Shimon Ullman,"Weizmann Institute of Science, Israel",Israel,CVPR,2020
CVPR-2020-A005964,Han Fu,UNKNOWN,UNKNOWN,CVPR,2020
CVPR-2020-A005965,Rui Wu,UNKNOWN,UNKNOWN,CVPR,2020
CVPR-2020-A005966,Chenghao Liu,UNKNOWN,UNKNOWN,CVPR,2020
CVPR-2020-A005967,Jianling Sun,UNKNOWN,UNKNOWN,CVPR,2020
CVPR-2020-A005968,Yazhao Li,Tianjin Key Laboratory of Brain-inspired Intelligence Technology,China,CVPR,2020
CVPR-2020-A005969,Yanwei Pang,Tianjin Key Laboratory of Brain-inspired Intelligence Technology,China,CVPR,2020
CVPR-2020-A005970,Jianbing Shen,"Inception Institute of Artificial Intelligence, Abu Dhabi, UAE",United Arab Emirates,CVPR,2020
CVPR-2020-A005971,Jiale Cao,Tianjin Key Laboratory of Brain-inspired Intelligence Technology,China,CVPR,2020
CVPR-2020-A005972,Ling Shao,"Inception Institute of Artificial Intelligence, Abu Dhabi, UAE",United Arab Emirates,CVPR,2020
CVPR-2020-A005973,Yong-Lu Li,Shanghai Jiao Tong University,China,CVPR,2020
CVPR-2020-A005974,Xinpeng Liu,Shanghai Jiao Tong University,China,CVPR,2020
CVPR-2020-A005975,Han Lu,Shanghai Jiao Tong University,China,CVPR,2020
CVPR-2020-A005976,Shiyi Wang,Shanghai Jiao Tong University,China,CVPR,2020
CVPR-2020-A005977,Junqi Liu,Shanghai Jiao Tong University,China,CVPR,2020
CVPR-2020-A005978,Jiefeng Li,Shanghai Jiao Tong University,China,CVPR,2020
CVPR-2020-A005979,Cewu Lu,Shanghai Jiao Tong University,China,CVPR,2020
CVPR-2020-A005980,Edward Kim,UNKNOWN,UNKNOWN,CVPR,2020
CVPR-2020-A005981,Divya Gopinath,UNKNOWN,UNKNOWN,CVPR,2020
CVPR-2020-A005982,Corina Pasareanu,UNKNOWN,UNKNOWN,CVPR,2020
CVPR-2020-A005983,Sanjit A. Seshia,UNKNOWN,UNKNOWN,CVPR,2020
CVPR-2020-A005984,Qilong Wang,"Tianjin Key Lab of Machine Learning, College of Intelligence and Computing, Tianjin University, China",China,CVPR,2020
CVPR-2020-A005985,Banggu Wu,"Tianjin Key Lab of Machine Learning, College of Intelligence and Computing, Tianjin University, China",China,CVPR,2020
CVPR-2020-A005986,Pengfei Zhu,"Tianjin Key Lab of Machine Learning, College of Intelligence and Computing, Tianjin University, China",China,CVPR,2020
CVPR-2020-A005987,Peihua Li,"Dalian University of Technology, China",China,CVPR,2020
CVPR-2020-A005988,Wangmeng Zuo,"Harbin Institute of Technology, China",China,CVPR,2020
CVPR-2020-A005989,Qinghua Hu,"Tianjin Key Lab of Machine Learning, College of Intelligence and Computing, Tianjin University, China",China,CVPR,2020
CVPR-2020-A005990,Haoran Zhou,Nanjing University of Aeronautics and Astronautics | MIIT Key Laboratory of Pattern Analysis and Machine Intelligence,China,CVPR,2020
CVPR-2020-A005991,Honghua Chen,Nanjing University of Aeronautics and Astronautics,China,CVPR,2020
CVPR-2020-A005992,Yidan Feng,Nanjing University of Aeronautics and Astronautics | MIIT Key Laboratory of Pattern Analysis and Machine Intelligence,China,CVPR,2020
CVPR-2020-A005993,Qiong Wang,Shenzhen Institutes of Advanced Technology,China,CVPR,2020
CVPR-2020-A005994,Jing Qin,The Hong Kong Polytechnic University,Hong Kong,CVPR,2020
CVPR-2020-A005995,Haoran Xie,Lingnan University,China | Hong Kong,CVPR,2020
CVPR-2020-A005996,Fu Lee Wang,The Open University of Hong Kong,Hong Kong,CVPR,2020
CVPR-2020-A005997,Mingqiang Wei,Nanjing University of Aeronautics and Astronautics | MIIT Key Laboratory of Pattern Analysis and Machine Intelligence,China,CVPR,2020
CVPR-2020-A005998,Jun Wang,Nanjing University of Aeronautics and Astronautics,China,CVPR,2020
CVPR-2020-A005999,Qi Qian,"Bellevue, WA, USA",United States,CVPR,2020
CVPR-2020-A006000,Lei Chen,"Hangzhou, China",China,CVPR,2020
CVPR-2020-A006001,Hao Li,"Hangzhou, China",China,CVPR,2020
CVPR-2020-A006002,Rong Jin,"Bellevue, WA, USA",United States,CVPR,2020
CVPR-2020-A006003,Long Sha,UNKNOWN,UNKNOWN,CVPR,2020
CVPR-2020-A006004,Jennifer Hobbs,UNKNOWN,UNKNOWN,CVPR,2020
CVPR-2020-A006005,Panna Felsen,UNKNOWN,UNKNOWN,CVPR,2020
CVPR-2020-A006006,Xinyu Wei,UNKNOWN,UNKNOWN,CVPR,2020
CVPR-2020-A006007,Patrick Lucey,UNKNOWN,UNKNOWN,CVPR,2020
CVPR-2020-A006008,Sujoy Ganguly,UNKNOWN,UNKNOWN,CVPR,2020
CVPR-2020-A006009,Zhihong Chen,UNKNOWN,UNKNOWN,CVPR,2020
CVPR-2020-A006010,Chao Chen,UNKNOWN,UNKNOWN,CVPR,2020
CVPR-2020-A006011,Zhaowei Cheng,UNKNOWN,UNKNOWN,CVPR,2020
CVPR-2020-A006012,Boyuan Jiang,"Institue of Information Science and Electronic Engineering, Zhejiang University",China,CVPR,2020
CVPR-2020-A006013,Ke Fang,UNKNOWN,UNKNOWN,CVPR,2020
CVPR-2020-A006014,Xinyu Jin,UNKNOWN,UNKNOWN,CVPR,2020
CVPR-2020-A006015,Egor Burkov,"Samsung AI Center, Moscow | Skolkovo Institute of Science and Technology",UNKNOWN,CVPR,2020
CVPR-2020-A006016,Igor Pasechnik,"Samsung AI Center, Moscow",Russia,CVPR,2020
CVPR-2020-A006017,Artur Grigorev,"Samsung AI Center, Moscow",Russia,CVPR,2020
CVPR-2020-A006018,Victor Lempitsky,"Samsung AI Center, Moscow | Skolkovo Institute of Science and Technology",UNKNOWN,CVPR,2020
CVPR-2020-A006019,Shiyi Lan,"University of Maryland, College Park",United States,CVPR,2020
CVPR-2020-A006020,Zhou Ren,Wormpex AI Research,UNKNOWN,CVPR,2020
CVPR-2020-A006021,Yi Wu,Wormpex AI Research,UNKNOWN,CVPR,2020
CVPR-2020-A006022,Larry S. Davis,"University of Maryland, College Park",United States,CVPR,2020
CVPR-2020-A006023,Gang Hua,Wormpex AI Research,UNKNOWN,CVPR,2020
CVPR-2020-A006024,Donghoon Lee,Korea Advanced Institute of Science and Technology (KAIST),South Korea,CVPR,2020
CVPR-2020-A006025,Hyunsin Park,Korea Advanced Institute of Science and Technology (KAIST),South Korea,CVPR,2020
CVPR-2020-A006026,Trung Pham,Korea Advanced Institute of Science and Technology (KAIST),South Korea,CVPR,2020
CVPR-2020-A006027,Chang D. Yoo,Korea Advanced Institute of Science and Technology (KAIST),South Korea,CVPR,2020
CVPR-2020-A006028,Xiaoyi Dong,UNKNOWN,UNKNOWN,CVPR,2020
CVPR-2020-A006029,Dongdong Chen,UNKNOWN,UNKNOWN,CVPR,2020
CVPR-2020-A006030,Hang Zhou,UNKNOWN,UNKNOWN,CVPR,2020
CVPR-2020-A006031,Gang Hua,UNKNOWN,UNKNOWN,CVPR,2020
CVPR-2020-A006032,Weiming Zhang,UNKNOWN,UNKNOWN,CVPR,2020
CVPR-2020-A006033,Nenghai Yu,UNKNOWN,UNKNOWN,CVPR,2020
CVPR-2020-A006034,Jun Cheng,"The Chinese University of Hong Kong, Hong Kong, China",China,CVPR,2020
CVPR-2020-A006035,Fuxiang Wu,"The Chinese University of Hong Kong, Hong Kong, China",China,CVPR,2020
CVPR-2020-A006036,Yanling Tian,"Graduate School of Information, Production and Systems, Waseda University, Japan",Japan,CVPR,2020
CVPR-2020-A006037,Lei Wang,"The Chinese University of Hong Kong, Hong Kong, China",China,CVPR,2020
CVPR-2020-A006038,Dapeng Tao,"School of Information Science and Engineering, Yunnan University, China",China,CVPR,2020
CVPR-2020-A006039,Matthias De Lange,"Huawei, Noah’s Ark Lab",China,CVPR,2020
CVPR-2020-A006040,Xu Jia,"Huawei, Noah’s Ark Lab",China,CVPR,2020
CVPR-2020-A006041,Sarah Parisot,"Huawei, Noah’s Ark Lab",China,CVPR,2020
CVPR-2020-A006042,Ales Leonardis,"Huawei, Noah’s Ark Lab",China,CVPR,2020
CVPR-2020-A006043,Gregory Slabaugh,"Huawei, Noah’s Ark Lab",China,CVPR,2020
CVPR-2020-A006044,Tinne Tuytelaars,"Huawei, Noah’s Ark Lab",China,CVPR,2020
CVPR-2020-A006045,Hengduo Li,University of Maryland Salesforce Research,United States,CVPR,2020
CVPR-2020-A006046,Zuxuan Wu,University of Maryland Salesforce Research,United States,CVPR,2020
CVPR-2020-A006047,Chen Zhu,University of Maryland Salesforce Research,United States,CVPR,2020
CVPR-2020-A006048,Caiming Xiong,University of Maryland Salesforce Research,United States,CVPR,2020
CVPR-2020-A006049,Richard Socher,University of Maryland Salesforce Research,United States,CVPR,2020
CVPR-2020-A006050,Larry S. Davis,University of Maryland Salesforce Research,United States,CVPR,2020
CVPR-2020-A006051,Anna Kukleva,"Inria Paris, France | Max-Planck-Institute for Informatics, Saarbrücken, Germany",Germany | France,CVPR,2020
CVPR-2020-A006052,Makarand Tapaswi,"Inria Paris, France",France,CVPR,2020
CVPR-2020-A006053,Ivan Laptev,"Inria Paris, France",France,CVPR,2020
CVPR-2020-A006054,Hancheng Zhu,UNKNOWN,UNKNOWN,CVPR,2020
CVPR-2020-A006055,Leida Li,UNKNOWN,UNKNOWN,CVPR,2020
CVPR-2020-A006056,Jinjian Wu,UNKNOWN,UNKNOWN,CVPR,2020
CVPR-2020-A006057,Weisheng Dong,UNKNOWN,UNKNOWN,CVPR,2020
CVPR-2020-A006058,Guangming Shi,UNKNOWN,UNKNOWN,CVPR,2020
CVPR-2020-A006059,Zhichao Lu,Google,UNKNOWN,CVPR,2020
CVPR-2020-A006060,Vivek Rathod,Google,UNKNOWN,CVPR,2020
CVPR-2020-A006061,Ronny Votel,Google,UNKNOWN,CVPR,2020
CVPR-2020-A006062,Jonathan Huang,Google,UNKNOWN,CVPR,2020
CVPR-2020-A006063,Haiyong Jiang,University of Chinese Academy of Science | Nanyang Technological University,China,CVPR,2020
CVPR-2020-A006064,Feilong Yan,UNKNOWN,UNKNOWN,CVPR,2020
CVPR-2020-A006065,Jianfei Cai,Nanyang Technological University | Monash University,Singapore | Australia,CVPR,2020
CVPR-2020-A006066,Jianmin Zheng,Nanyang Technological University,Singapore,CVPR,2020
CVPR-2020-A006067,Jun Xiao,University of Chinese Academy of Science,China,CVPR,2020
CVPR-2020-A006068,Yunhang Shen,"Media Analytics and Computing Lab, Department of Artificial Intelligence",UNKNOWN,CVPR,2020
CVPR-2020-A006069,Rongrong Ji,"Media Analytics and Computing Lab, Department of Artificial Intelligence",UNKNOWN,CVPR,2020
CVPR-2020-A006070,Zhiwei Chen,"Media Analytics and Computing Lab, Department of Artificial Intelligence",UNKNOWN,CVPR,2020
CVPR-2020-A006071,Xiaopeng Hong,Xi’an Jiaotong University,China,CVPR,2020
CVPR-2020-A006072,Feng Zheng,"Department of Computer Science and Engineering, Southern University of Science and Technology",China,CVPR,2020
CVPR-2020-A006073,Jianzhuang Liu,"Noah’s Ark Lab, Huawei Technologies",China,CVPR,2020
CVPR-2020-A006074,Mingliang Xu,UNKNOWN,UNKNOWN,CVPR,2020
CVPR-2020-A006075,Qi Tian,"Noah’s Ark Lab, Huawei Technologies",China,CVPR,2020
CVPR-2020-A006076,Jianzhun Shao,"Department of Automation and BNRist, Tsinghua University Beijing, China",China,CVPR,2020
CVPR-2020-A006077,Yuhang Jiang,"Department of Automation and BNRist, Tsinghua University Beijing, China",China,CVPR,2020
CVPR-2020-A006078,Gu Wang,"Department of Automation and BNRist, Tsinghua University Beijing, China",China,CVPR,2020
CVPR-2020-A006079,Zhigang Li,"Department of Automation and BNRist, Tsinghua University Beijing, China",China,CVPR,2020
CVPR-2020-A006080,Xiangyang Ji,"Department of Automation and BNRist, Tsinghua University Beijing, China",China,CVPR,2020
CVPR-2020-A006081,Amir R. Zamir,UNKNOWN,UNKNOWN,CVPR,2020
CVPR-2020-A006082,Alexander Sax,UNKNOWN,UNKNOWN,CVPR,2020
CVPR-2020-A006083,Nikhil Cheerla,UNKNOWN,UNKNOWN,CVPR,2020
CVPR-2020-A006084,Rohan Suri,UNKNOWN,UNKNOWN,CVPR,2020
CVPR-2020-A006085,Zhangjie Cao,UNKNOWN,UNKNOWN,CVPR,2020
CVPR-2020-A006086,Jitendra Malik,UNKNOWN,UNKNOWN,CVPR,2020
CVPR-2020-A006087,Leonidas J. Guibas,UNKNOWN,UNKNOWN,CVPR,2020
CVPR-2020-A006088,Hengshuang Zhao,UNKNOWN,UNKNOWN,CVPR,2020
CVPR-2020-A006089,Jiaya Jia,UNKNOWN,UNKNOWN,CVPR,2020
CVPR-2020-A006090,Vladlen Koltun,UNKNOWN,UNKNOWN,CVPR,2020
CVPR-2020-A006091,Qinsong Li,"Institute of Engineering Modeling and Scientific Computing, Central South University",China,CVPR,2020
CVPR-2020-A006092,Shengjun Liu,UNKNOWN,UNKNOWN,CVPR,2020
CVPR-2020-A006093,Ling Hu,UNKNOWN,UNKNOWN,CVPR,2020
CVPR-2020-A006094,Xinru Liu,"Institute of Engineering Modeling and Scientific Computing, Central South University",China,CVPR,2020
CVPR-2020-A006095,Yansong Tang,"Department of Automation, Tsinghua University, China | State Key Lab of Intelligent Technologies and Systems, China | Beijing National Research Center for Information Science and Technology, China",China,CVPR,2020
CVPR-2020-A006096,Zanlin Ni,"Department of Automation, Tsinghua University, China",China,CVPR,2020
CVPR-2020-A006097,Jiahuan Zhou,"Electrical and Computer Engineering Department, Northwestern University",United States,CVPR,2020
CVPR-2020-A006098,Danyang Zhang,"Department of Automation, Tsinghua University, China",China,CVPR,2020
CVPR-2020-A006099,Jiwen Lu,"Department of Automation, Tsinghua University, China | State Key Lab of Intelligent Technologies and Systems, China | Beijing National Research Center for Information Science and Technology, China",China,CVPR,2020
CVPR-2020-A006100,Ying Wu,"Electrical and Computer Engineering Department, Northwestern University",United States,CVPR,2020
CVPR-2020-A006101,Jie Zhou,"Department of Automation, Tsinghua University, China | State Key Lab of Intelligent Technologies and Systems, China | Beijing National Research Center for Information Science and Technology, China | Tsinghua Shenzhen International Graduate School, Tsinghua University, China",China,CVPR,2020
CVPR-2020-A006102,Mario Bijelic,Ulm University,Germany,CVPR,2020
CVPR-2020-A006103,Tobias Gruber,Ulm University,Germany,CVPR,2020
CVPR-2020-A006104,Fahim Mannan,Ulm University,Germany,CVPR,2020
CVPR-2020-A006105,Florian Kraus,Ulm University,Germany,CVPR,2020
CVPR-2020-A006106,Werner Ritter,Ulm University,Germany,CVPR,2020
CVPR-2020-A006107,Klaus Dietmayer,Ulm University,Germany,CVPR,2020
CVPR-2020-A006108,Felix Heide,Ulm University,Germany,CVPR,2020
CVPR-2020-A006109,Jinhyung Kim,KAIST,South Korea,CVPR,2020
CVPR-2020-A006110,Seunghwan Cha,Carnegie Mellon University,United States,CVPR,2020
CVPR-2020-A006111,Dongyoon Wee,"Clova AI, NAVER Corp.",South Korea,CVPR,2020
CVPR-2020-A006112,Soonmin Bae,"Clova AI, NAVER Corp.",South Korea,CVPR,2020
CVPR-2020-A006113,Junmo Kim,KAIST,South Korea,CVPR,2020
CVPR-2020-A006114,Wenchao Du,"College of Computer Science, Sichuan University, Chengdu , China",China,CVPR,2020
CVPR-2020-A006115,Hu Chen,"College of Computer Science, Sichuan University, Chengdu , China",China,CVPR,2020
CVPR-2020-A006116,Hongyu Yang,"College of Computer Science, Sichuan University, Chengdu , China",China,CVPR,2020
CVPR-2020-A006117,Arif Ahmed Sekh,"UiT The Arctic University of Norway, Tromsø, Norway",Norway,CVPR,2020
CVPR-2020-A006118,Ida Sundvor Opstad,"UiT The Arctic University of Norway, Tromsø, Norway",Norway,CVPR,2020
CVPR-2020-A006119,Asa Birna Birgisdottir,UNKNOWN,UNKNOWN,CVPR,2020
CVPR-2020-A006120,Truls Myrmel,"UiT The Arctic University of Norway, Tromsø, Norway | University Hospital of North Norway, Tromsø, Norway",Norway,CVPR,2020
CVPR-2020-A006121,Balpreet Singh Ahluwalia,"UiT The Arctic University of Norway, Tromsø, Norway",Norway,CVPR,2020
CVPR-2020-A006122,Krishna Agarwal,"UiT The Arctic University of Norway, Tromsø, Norway",Norway,CVPR,2020
CVPR-2020-A006123,Dilip K. Prasad,"UiT The Arctic University of Norway, Tromsø, Norway",Norway,CVPR,2020
CVPR-2020-A006124,Zhengsu Chen,Beihang University,China,CVPR,2020
CVPR-2020-A006125,Jianwei Niu,Beihang University,China,CVPR,2020
CVPR-2020-A006126,Lingxi Xie,Johns Hopkins University,United States,CVPR,2020
CVPR-2020-A006127,Xuefeng Liu,Beihang University,China,CVPR,2020
CVPR-2020-A006128,Longhui Wei,Peking University,China,CVPR,2020
CVPR-2020-A006129,Qi Tian,Xidian University,China,CVPR,2020
CVPR-2020-A006130,Rui Liu,"CUHK-SenseTime Joint Laboratory, Chinese University of Hong Kong",China,CVPR,2020
CVPR-2020-A006131,Chengxi Yang,SenseTime Research,China,CVPR,2020
CVPR-2020-A006132,Wenxiu Sun,SenseTime Research,China,CVPR,2020
CVPR-2020-A006133,Xiaogang Wang,"CUHK-SenseTime Joint Laboratory, Chinese University of Hong Kong",China,CVPR,2020
CVPR-2020-A006134,Hongsheng Li,"CUHK-SenseTime Joint Laboratory, Chinese University of Hong Kong",China,CVPR,2020
CVPR-2020-A006135,Shaokai Ye,"Institute for interdisciplinary information core technology(IIISCT), China",China,CVPR,2020
CVPR-2020-A006136,Kailu Wu,"Tsinghua University, China",China,CVPR,2020
CVPR-2020-A006137,Mu Zhou,"University of Tsukuba, Japan",United Kingdom | Japan,CVPR,2020
CVPR-2020-A006138,Yunfei Yang,"Tsinghua University, China",China,CVPR,2020
CVPR-2020-A006139,Sia Huat Tan,UNKNOWN,UNKNOWN,CVPR,2020
CVPR-2020-A006140,Kaidi Xu,"Northeastern University, USA",United States,CVPR,2020
CVPR-2020-A006141,Jiebo Song,"Institute for interdisciplinary information core technology(IIISCT), China",China,CVPR,2020
CVPR-2020-A006142,Chenglong Bao,"Tsinghua University, China",China,CVPR,2020
CVPR-2020-A006143,Kaisheng Ma,"Tsinghua University, China",China,CVPR,2020
CVPR-2020-A006144,Dengsheng Chen,National University of Defense Technology,China,CVPR,2020
CVPR-2020-A006145,Jun Li,National University of Defense Technology,China,CVPR,2020
CVPR-2020-A006146,Zheng Wang,National University of Defense Technology,China,CVPR,2020
CVPR-2020-A006147,Kai Xu,National University of Defense Technology,China,CVPR,2020
CVPR-2020-A006148,Chaoyi Lin,"Hikvision Research Institute Hangzhou, China",China,CVPR,2020
CVPR-2020-A006149,Jiabao Yao,"Hikvision Research Institute Hangzhou, China",China,CVPR,2020
CVPR-2020-A006150,Fangdong Chen,"Hikvision Research Institute Hangzhou, China",China,CVPR,2020
CVPR-2020-A006151,Li Wang,"Hikvision Research Institute Hangzhou, China",China,CVPR,2020
CVPR-2020-A006152,Jiaxin Qi,UNKNOWN,UNKNOWN,CVPR,2020
CVPR-2020-A006153,Yulei Niu,UNKNOWN,UNKNOWN,CVPR,2020
CVPR-2020-A006154,Jianqiang Huang,"Nanyang Technological University, Renmin University of China",China,CVPR,2020
CVPR-2020-A006155,Hanwang Zhang,"Nanyang Technological University, Renmin University of China",China,CVPR,2020
CVPR-2020-A006156,Mirazul Haque,UNKNOWN,UNKNOWN,CVPR,2020
CVPR-2020-A006157,Anki Chauhan,UNKNOWN,UNKNOWN,CVPR,2020
CVPR-2020-A006158,Cong Liu,UNKNOWN,UNKNOWN,CVPR,2020
CVPR-2020-A006159,Wei Yang,UNKNOWN,UNKNOWN,CVPR,2020
CVPR-2020-A006160,Jonah Philion,Vector Institute,Canada,CVPR,2020
CVPR-2020-A006161,Amlan Kar,Vector Institute,Canada,CVPR,2020
CVPR-2020-A006162,Sanja Fidler,Vector Institute,Canada,CVPR,2020
CVPR-2020-A006163,Kaiwei Zeng,"National University of Defense Technology Changsha,China",China,CVPR,2020
CVPR-2020-A006164,Munan Ning,"National University of Defense Technology Changsha,China",China,CVPR,2020
CVPR-2020-A006165,Yaohua Wang,"National University of Defense Technology Changsha,China",China,CVPR,2020
CVPR-2020-A006166,Yang Guo,"National University of Defense Technology Changsha,China",China,CVPR,2020
CVPR-2020-A006167,Mingjie Sun,"XJTLU, University of Liverpool, Beijing Jiaotong University",China | United Kingdom,CVPR,2020
CVPR-2020-A006168,Jimin Xiao,"XJTLU, University of Liverpool, Beijing Jiaotong University",China | United Kingdom,CVPR,2020
CVPR-2020-A006169,Eng Gee Lim,"XJTLU, University of Liverpool, Beijing Jiaotong University",China | United Kingdom,CVPR,2020
CVPR-2020-A006170,Bingfeng Zhang,"XJTLU, University of Liverpool, Beijing Jiaotong University",China | United Kingdom,CVPR,2020
CVPR-2020-A006171,Yao Zhao,"XJTLU, University of Liverpool, Beijing Jiaotong University",China | United Kingdom,CVPR,2020
CVPR-2020-A006172,Cheng Wang,"University of Chinese Academy of Sciences, Beijing, China",China,CVPR,2020
CVPR-2020-A006173,Bingpeng Ma,"University of Chinese Academy of Sciences, Beijing, China",China,CVPR,2020
CVPR-2020-A006174,Hong Chang,"Key Lab of Intelligent Information Processing of Chinese Academy of Sciences (CAS) | University of Chinese Academy of Sciences, Beijing, China",China,CVPR,2020
CVPR-2020-A006175,Shiguang Shan,"Key Lab of Intelligent Information Processing of Chinese Academy of Sciences (CAS) | University of Chinese Academy of Sciences, Beijing, China | Peng Cheng Laboratory, Shenzhen, China",China,CVPR,2020
CVPR-2020-A006176,Xilin Chen,"Key Lab of Intelligent Information Processing of Chinese Academy of Sciences (CAS) | University of Chinese Academy of Sciences, Beijing, China",China,CVPR,2020
CVPR-2020-A006177,Yangtao Zheng,"Beijing Advanced Innovation Center for Big Data and Brain Computing, Beihang University",China,CVPR,2020
CVPR-2020-A006178,Di Huang,"Beijing Advanced Innovation Center for Big Data and Brain Computing, Beihang University",China,CVPR,2020
CVPR-2020-A006179,Songtao Liu,"Beijing Advanced Innovation Center for Big Data and Brain Computing, Beihang University",China,CVPR,2020
CVPR-2020-A006180,Yunhong Wang,"Beijing Advanced Innovation Center for Big Data and Brain Computing, Beihang University",China,CVPR,2020
CVPR-2020-A006181,Christiane Sommer,Technical University of Munich,Germany,CVPR,2020
CVPR-2020-A006182,Vladyslav Usenko,Technical University of Munich,Germany,CVPR,2020
CVPR-2020-A006183,David Schubert,Technical University of Munich,Germany,CVPR,2020
CVPR-2020-A006184,Nikolaus Demmel,Technical University of Munich,Germany,CVPR,2020
CVPR-2020-A006185,Daniel Cremers,Technical University of Munich,Germany,CVPR,2020
CVPR-2020-A006186,Ehsan Abbasnejad,UNKNOWN,UNKNOWN,CVPR,2020
CVPR-2020-A006187,Damien Teney,UNKNOWN,UNKNOWN,CVPR,2020
CVPR-2020-A006188,Amin Parvaneh,UNKNOWN,UNKNOWN,CVPR,2020
CVPR-2020-A006189,Javen Shi,UNKNOWN,UNKNOWN,CVPR,2020
CVPR-2020-A006190,Anton van den Hengel,UNKNOWN,UNKNOWN,CVPR,2020
CVPR-2020-A006191,Juncheng Li,Zhejiang University,China,CVPR,2020
CVPR-2020-A006192,Xin Wang,"University of California, Santa Barbara",United States,CVPR,2020
CVPR-2020-A006193,Siliang Tang,Zhejiang University,China,CVPR,2020
CVPR-2020-A006194,Haizhou Shi,Zhejiang University,China,CVPR,2020
CVPR-2020-A006195,Fei Wu,Zhejiang University,China,CVPR,2020
CVPR-2020-A006196,Yueting Zhuang,Zhejiang University,China,CVPR,2020
CVPR-2020-A006197,William Yang Wang,"University of California, Santa Barbara",United States,CVPR,2020
CVPR-2020-A006198,Jaehyung Kim,"having several well-organized datasets in research, e.g., CIFAR [",UNKNOWN,CVPR,2020
CVPR-2020-A006199,Jongheon Jeong,"having several well-organized datasets in research, e.g., CIFAR [",UNKNOWN,CVPR,2020
CVPR-2020-A006200,Jinwoo Shin,"having several well-organized datasets in research, e.g., CIFAR [",UNKNOWN,CVPR,2020
CVPR-2020-A006201,Yilun Chen,The Chinese University of Hong Kong SmartMore 𝑢 𝑣,China,CVPR,2020
CVPR-2020-A006202,Shu Liu,The Chinese University of Hong Kong SmartMore 𝑢 𝑣,China,CVPR,2020
CVPR-2020-A006203,Xiaoyong Shen,The Chinese University of Hong Kong SmartMore 𝑢 𝑣,China,CVPR,2020
CVPR-2020-A006204,Jiaya Jia,The Chinese University of Hong Kong SmartMore 𝑢 𝑣,China,CVPR,2020
CVPR-2020-A006205,Thomas Roddick,University of Cambridge,United Kingdom,CVPR,2020
CVPR-2020-A006206,Roberto Cipolla,University of Cambridge,United Kingdom,CVPR,2020
CVPR-2020-A006207,Jiaxu Miao,"Baidu Research | ReLER, University of Technology Sydney",China | Australia,CVPR,2020
CVPR-2020-A006208,Yunchao Wei,"ReLER, University of Technology Sydney",Australia,CVPR,2020
CVPR-2020-A006209,Yi Yang,"ReLER, University of Technology Sydney",Australia,CVPR,2020
CVPR-2020-A006210,Huan Lei,School of Computer Science and Software Engineering The University of Western Australia,Australia,CVPR,2020
CVPR-2020-A006211,Naveed Akhtar,School of Computer Science and Software Engineering The University of Western Australia,Australia,CVPR,2020
CVPR-2020-A006212,Ajmal Mian,School of Computer Science and Software Engineering The University of Western Australia,Australia,CVPR,2020
CVPR-2020-A006213,Yiming Li,UNKNOWN,UNKNOWN,CVPR,2020
CVPR-2020-A006214,Changhong Fu,UNKNOWN,UNKNOWN,CVPR,2020
CVPR-2020-A006215,Fangqiang Ding,UNKNOWN,UNKNOWN,CVPR,2020
CVPR-2020-A006216,Ziyuan Huang,UNKNOWN,UNKNOWN,CVPR,2020
CVPR-2020-A006217,Geng Lu,UNKNOWN,UNKNOWN,CVPR,2020
CVPR-2020-A006218,Tao Zhou,"Inception Institute of Artificial Intelligence, Abu Dhabi, UAE.",United Arab Emirates,CVPR,2020
CVPR-2020-A006219,Huazhu Fu,"Inception Institute of Artificial Intelligence, Abu Dhabi, UAE.",United Arab Emirates,CVPR,2020
CVPR-2020-A006220,Chen Gong,The Key Laboratory of Intelligent Perception and Systems for High-Dimensional Information,China,CVPR,2020
CVPR-2020-A006221,Jianbing Shen,"Inception Institute of Artificial Intelligence, Abu Dhabi, UAE.",United Arab Emirates,CVPR,2020
CVPR-2020-A006222,Ling Shao,"Inception Institute of Artificial Intelligence, Abu Dhabi, UAE.",United Arab Emirates,CVPR,2020
CVPR-2020-A006223,Fatih Porikli,"Australian National University, Australia.",Australia,CVPR,2020
CVPR-2020-A006224,Liang Du,UNKNOWN,UNKNOWN,CVPR,2020
CVPR-2020-A006225,Xiaoqing Ye,UNKNOWN,UNKNOWN,CVPR,2020
CVPR-2020-A006226,Xiao Tan,"Baidu Inc., China.",China,CVPR,2020
CVPR-2020-A006227,Jianfeng Feng,"Institute of Science and Technology for Brain-Inspired Intelligence, Fudan University, China, Key",China,CVPR,2020
CVPR-2020-A006228,Zhenbo Xu,"University of Science and Technology of China, China.",China,CVPR,2020
CVPR-2020-A006229,Errui Ding,"Baidu Inc., China.",China,CVPR,2020
CVPR-2020-A006230,Shilei Wen,"Baidu Inc., China.",China,CVPR,2020
CVPR-2020-A006231,Donghang Li,"Florida State University W College Ave, Tallahassee, FL , USA",United States,CVPR,2020
CVPR-2020-A006232,Adrian Barbu,"Florida State University W College Ave, Tallahassee, FL , USA",United States,CVPR,2020
CVPR-2020-A006233,Innfarn Yoo,"Google Research - Mountain View, California",United States,CVPR,2020
CVPR-2020-A006234,Xiyang Luo,"Google Research - Mountain View, California",United States,CVPR,2020
CVPR-2020-A006235,Yilin Wang,"Google Research - Mountain View, California",United States,CVPR,2020
CVPR-2020-A006236,Feng Yang,"Google Research - Mountain View, California",United States,CVPR,2020
CVPR-2020-A006237,Peyman Milanfar,"Google Research - Mountain View, California",United States,CVPR,2020
CVPR-2020-A006238,Ricardo Fabbri,University of Liverpool Brown University Georgia Tech CIIRC CTU in Prague,United Kingdom | United States | Czech Republic,CVPR,2020
CVPR-2020-A006239,Timothy Duff,University of Liverpool Brown University Georgia Tech CIIRC CTU in Prague,United Kingdom | United States | Czech Republic,CVPR,2020
CVPR-2020-A006240,Hongyi Fan,University of Liverpool Brown University Georgia Tech CIIRC CTU in Prague,United Kingdom | United States | Czech Republic,CVPR,2020
CVPR-2020-A006241,Margaret H. Regan,University of Liverpool Brown University Georgia Tech CIIRC CTU in Prague,United Kingdom | United States | Czech Republic,CVPR,2020
CVPR-2020-A006242,David da Costa de Pinho,University of Liverpool Brown University Georgia Tech CIIRC CTU in Prague,United Kingdom | United States | Czech Republic,CVPR,2020
CVPR-2020-A006243,Elias Tsigaridas,University of Liverpool Brown University Georgia Tech CIIRC CTU in Prague,United Kingdom | United States | Czech Republic,CVPR,2020
CVPR-2020-A006244,Charles W. Wampler,University of Liverpool Brown University Georgia Tech CIIRC CTU in Prague,United Kingdom | United States | Czech Republic,CVPR,2020
CVPR-2020-A006245,Jonathan D. Hauenstein,University of Liverpool Brown University Georgia Tech CIIRC CTU in Prague,United Kingdom | United States | Czech Republic,CVPR,2020
CVPR-2020-A006246,Peter J. Giblin,University of Liverpool Brown University Georgia Tech CIIRC CTU in Prague,United Kingdom | United States | Czech Republic,CVPR,2020
CVPR-2020-A006247,Benjamin Kimia,University of Liverpool Brown University Georgia Tech CIIRC CTU in Prague,United Kingdom | United States | Czech Republic,CVPR,2020
CVPR-2020-A006248,Anton Leykin,University of Liverpool Brown University Georgia Tech CIIRC CTU in Prague,United Kingdom | United States | Czech Republic,CVPR,2020
CVPR-2020-A006249,Tomas Pajdla,University of Liverpool Brown University Georgia Tech CIIRC CTU in Prague,United Kingdom | United States | Czech Republic,CVPR,2020
CVPR-2020-A006250,Chenhan Jiang,Huawei Noah’s Ark Lab Sun Yat-Sen University,China,CVPR,2020
CVPR-2020-A006251,Hang Xu,Huawei Noah’s Ark Lab Sun Yat-Sen University,China,CVPR,2020
CVPR-2020-A006252,Wei Zhang,Huawei Noah’s Ark Lab Sun Yat-Sen University,China,CVPR,2020
CVPR-2020-A006253,Xiaodan Liang,Huawei Noah’s Ark Lab Sun Yat-Sen University,China,CVPR,2020
CVPR-2020-A006254,Zhenguo Li,Huawei Noah’s Ark Lab Sun Yat-Sen University,China,CVPR,2020
CVPR-2020-A006255,Daniel Haase,UNKNOWN,UNKNOWN,CVPR,2020
CVPR-2020-A006256,Manuel Amthor,UNKNOWN,UNKNOWN,CVPR,2020
CVPR-2020-A006257,Yi Zhu,University of Chinese Academy of Sciences,China,CVPR,2020
CVPR-2020-A006258,Fengda Zhu,Monash University,Australia,CVPR,2020
CVPR-2020-A006259,Zhaohuan Zhan,Sun Yat-sen University,China,CVPR,2020
CVPR-2020-A006260,Bingqian Lin,Sun Yat-sen University,China,CVPR,2020
CVPR-2020-A006261,Jianbin Jiao,University of Chinese Academy of Sciences,China,CVPR,2020
CVPR-2020-A006262,Xiaojun Chang,Monash University,Australia,CVPR,2020
CVPR-2020-A006263,Xiaodan Liang,Sun Yat-sen University | Dark Matter AI Inc.,China | United States,CVPR,2020
CVPR-2020-A006264,Alexander Kirillov,Facebook AI Research (FAIR),United States,CVPR,2020
CVPR-2020-A006265,Yuxin Wu,Facebook AI Research (FAIR),United States,CVPR,2020
CVPR-2020-A006266,Kaiming He,Facebook AI Research (FAIR),United States,CVPR,2020
CVPR-2020-A006267,Ross Girshick,Facebook AI Research (FAIR),United States,CVPR,2020
CVPR-2020-A006268,Cristobal Eyzaguirre,UNKNOWN,UNKNOWN,CVPR,2020
CVPR-2020-A006269,Alvaro Soto,UNKNOWN,UNKNOWN,CVPR,2020
CVPR-2020-A006270,Aditya Prakash,"Max Planck Institute for Intelligent Systems, Tübingen",Germany,CVPR,2020
CVPR-2020-A006271,Aseem Behl,UNKNOWN,UNKNOWN,CVPR,2020
CVPR-2020-A006272,Eshed Ohn-Bar,UNKNOWN,UNKNOWN,CVPR,2020
CVPR-2020-A006273,Kashyap Chitta,"Max Planck Institute for Intelligent Systems, Tübingen | University of Tübingen",Germany,CVPR,2020
CVPR-2020-A006274,Andreas Geiger,"Max Planck Institute for Intelligent Systems, Tübingen | University of Tübingen",Germany,CVPR,2020
CVPR-2020-A006275,Shunwang Gong,Imperial College London,United Kingdom,CVPR,2020
CVPR-2020-A006276,Mehdi Bahri,Imperial College London,United Kingdom,CVPR,2020
CVPR-2020-A006277,Michael M. Bronstein,Imperial College London | Twitter | USI Lugano,United Kingdom | Switzerland | United States,CVPR,2020
CVPR-2020-A006278,Stefanos Zafeiriou,Imperial College London | FaceSoft.io,UNKNOWN,CVPR,2020
CVPR-2020-A006279,Luca Bertinetto,UNKNOWN,UNKNOWN,CVPR,2020
CVPR-2020-A006280,Romain Mueller,UNKNOWN,UNKNOWN,CVPR,2020
CVPR-2020-A006281,Konstantinos Tertikas,UNKNOWN,UNKNOWN,CVPR,2020
CVPR-2020-A006282,Sina Samangooei,UNKNOWN,UNKNOWN,CVPR,2020
CVPR-2020-A006283,Nicholas A. Lord,UNKNOWN,UNKNOWN,CVPR,2020
CVPR-2020-A006284,Karren Yang,Adobe Research,United States,CVPR,2020
CVPR-2020-A006285,Bryan Russell,Adobe Research,United States,CVPR,2020
CVPR-2020-A006286,Justin Salamon,Adobe Research,United States,CVPR,2020
CVPR-2020-A006287,Zhengxia Zou,"University of Michigan, Ann Arbor",United States,CVPR,2020
CVPR-2020-A006288,Sen Lei,Beihang University,China,CVPR,2020
CVPR-2020-A006289,Tianyang Shi,NetEase Fuxi AI Lab,China,CVPR,2020
CVPR-2020-A006290,Zhenwei Shi,Beihang University,China,CVPR,2020
CVPR-2020-A006291,Jieping Ye,"University of Michigan, Ann Arbor | Didi Chuxing",United States,CVPR,2020
CVPR-2020-A006292,Deli Yu,"School of Artificial Intelligence, University of Chinese Academy of Sciences1 Department of Computer Vision Technology(VIS), Baidu Inc. National Laboratory of Pattern Recognition, Institute of Automation, Chinese Academy of Sciences3",China,CVPR,2020
CVPR-2020-A006293,Xuan Li,"School of Artificial Intelligence, University of Chinese Academy of Sciences1 Department of Computer Vision Technology(VIS), Baidu Inc. National Laboratory of Pattern Recognition, Institute of Automation, Chinese Academy of Sciences3",China,CVPR,2020
CVPR-2020-A006294,Chengquan Zhang,"School of Artificial Intelligence, University of Chinese Academy of Sciences1 Department of Computer Vision Technology(VIS), Baidu Inc. National Laboratory of Pattern Recognition, Institute of Automation, Chinese Academy of Sciences3",China,CVPR,2020
CVPR-2020-A006295,Tao Liu,"School of Artificial Intelligence, University of Chinese Academy of Sciences1 Department of Computer Vision Technology(VIS), Baidu Inc. National Laboratory of Pattern Recognition, Institute of Automation, Chinese Academy of Sciences3",China,CVPR,2020
CVPR-2020-A006296,Junyu Han,"School of Artificial Intelligence, University of Chinese Academy of Sciences1 Department of Computer Vision Technology(VIS), Baidu Inc. National Laboratory of Pattern Recognition, Institute of Automation, Chinese Academy of Sciences3",China,CVPR,2020
CVPR-2020-A006297,Jingtuo Liu,"School of Artificial Intelligence, University of Chinese Academy of Sciences1 Department of Computer Vision Technology(VIS), Baidu Inc. National Laboratory of Pattern Recognition, Institute of Automation, Chinese Academy of Sciences3",China,CVPR,2020
CVPR-2020-A006298,Errui Ding,"School of Artificial Intelligence, University of Chinese Academy of Sciences1 Department of Computer Vision Technology(VIS), Baidu Inc. National Laboratory of Pattern Recognition, Institute of Automation, Chinese Academy of Sciences3",China,CVPR,2020
CVPR-2020-A006299,Shi-Xue Zhang,"School of Computer and Communication Engineering, University of Science and Technology Beijing",China,CVPR,2020
CVPR-2020-A006300,Xiaobin Zhu,"School of Computer and Communication Engineering, University of Science and Technology Beijing",China,CVPR,2020
CVPR-2020-A006301,Jie-Bo Hou,"School of Computer and Communication Engineering, University of Science and Technology Beijing",China,CVPR,2020
CVPR-2020-A006302,Chang Liu,"School of Computer and Communication Engineering, University of Science and Technology Beijing",China,CVPR,2020
CVPR-2020-A006303,Chun Yang,"School of Computer and Communication Engineering, University of Science and Technology Beijing",China,CVPR,2020
CVPR-2020-A006304,Hongfa Wang,UNKNOWN,UNKNOWN,CVPR,2020
CVPR-2020-A006305,Xu-Cheng Yin,"School of Computer and Communication Engineering, University of Science and Technology Beijing | Institute of Artificial Intelligence, University of Science and Technology Beijing | USTB-EEasyTech Joint Lab of Artificial Intelligence",China,CVPR,2020
CVPR-2020-A006306,Zhihang Li,"NLPR & CEBSIT, CAS NLPR & AIR, CAS Department of Computer Vision Technology (VIS), Baidu Inc. Imperial College London Department of Computer Science and Technology, Tsinghua University.",China | United Kingdom,CVPR,2020
CVPR-2020-A006307,Teng Xi,"NLPR & CEBSIT, CAS NLPR & AIR, CAS Department of Computer Vision Technology (VIS), Baidu Inc. Imperial College London Department of Computer Science and Technology, Tsinghua University.",China | United Kingdom,CVPR,2020
CVPR-2020-A006308,Jiankang Deng,"NLPR & CEBSIT, CAS NLPR & AIR, CAS Department of Computer Vision Technology (VIS), Baidu Inc. Imperial College London Department of Computer Science and Technology, Tsinghua University.",China | United Kingdom,CVPR,2020
CVPR-2020-A006309,Gang Zhang,"NLPR & CEBSIT, CAS NLPR & AIR, CAS Department of Computer Vision Technology (VIS), Baidu Inc. Imperial College London Department of Computer Science and Technology, Tsinghua University.",China | United Kingdom,CVPR,2020
CVPR-2020-A006310,Shengzhao Wen,"NLPR & CEBSIT, CAS NLPR & AIR, CAS Department of Computer Vision Technology (VIS), Baidu Inc. Imperial College London Department of Computer Science and Technology, Tsinghua University.",China | United Kingdom,CVPR,2020
CVPR-2020-A006311,Ran He,"NLPR & CEBSIT, CAS NLPR & AIR, CAS Department of Computer Vision Technology (VIS), Baidu Inc. Imperial College London Department of Computer Science and Technology, Tsinghua University.",China | United Kingdom,CVPR,2020
CVPR-2020-A006312,Zhihao Xia,Washington University in St. Louis Adobe Research,United States,CVPR,2020
CVPR-2020-A006313,Federico Perazzi,Washington University in St. Louis Adobe Research,United States,CVPR,2020
CVPR-2020-A006314,Michael Gharbi,Washington University in St. Louis Adobe Research,United States,CVPR,2020
CVPR-2020-A006315,Kalyan Sunkavalli,Washington University in St. Louis Adobe Research,United States,CVPR,2020
CVPR-2020-A006316,Ayan Chakrabarti,Washington University in St. Louis Adobe Research,United States,CVPR,2020
CVPR-2020-A006317,Yukun Huang,"University of Science and Technology of China, China",China,CVPR,2020
CVPR-2020-A006318,Zheng-Jun Zha,"University of Science and Technology of China, China",China,CVPR,2020
CVPR-2020-A006319,Xueyang Fu,"University of Science and Technology of China, China",China,CVPR,2020
CVPR-2020-A006320,Richang Hong,"Hefei University of Technology, China",China,CVPR,2020
CVPR-2020-A006321,Liang Li,"Institute of Computing Technology, Chinese Academy of Sciences, China",China,CVPR,2020
CVPR-2020-A006322,Kaiming He,Facebook AI Research (FAIR),United States,CVPR,2020
CVPR-2020-A006323,Haoqi Fan,Facebook AI Research (FAIR),United States,CVPR,2020
CVPR-2020-A006324,Yuxin Wu,Facebook AI Research (FAIR),United States,CVPR,2020
CVPR-2020-A006325,Saining Xie,Facebook AI Research (FAIR),United States,CVPR,2020
CVPR-2020-A006326,Ross Girshick,Facebook AI Research (FAIR),United States,CVPR,2020
CVPR-2020-A006327,Thomas Elsken,Bosch Center for Artificial Intelligence | University of Freiburg,Germany,CVPR,2020
CVPR-2020-A006328,Benedikt Staffler,Bosch Center for Artificial Intelligence,Germany,CVPR,2020
CVPR-2020-A006329,Jan Hendrik Metzen,Bosch Center for Artificial Intelligence,Germany,CVPR,2020
CVPR-2020-A006330,Frank Hutter,University of Freiburg | Bosch Center for Artificial Intelligence,Germany,CVPR,2020
CVPR-2020-A006331,Xinyue Wang,UNKNOWN,UNKNOWN,CVPR,2020
CVPR-2020-A006332,Yilin Lyu,UNKNOWN,UNKNOWN,CVPR,2020
CVPR-2020-A006333,Liping Jing,UNKNOWN,UNKNOWN,CVPR,2020
CVPR-2020-A006334,Moab Arar,Tel Aviv University,Israel,CVPR,2020
CVPR-2020-A006335,Yiftach Ginger,Tel Aviv University,Israel,CVPR,2020
CVPR-2020-A006336,Dov Danon,Tel Aviv University,Israel,CVPR,2020
CVPR-2020-A006337,Amit H. Bermano,Tel Aviv University,Israel,CVPR,2020
CVPR-2020-A006338,Daniel Cohen-Or,Tel Aviv University,Israel,CVPR,2020
CVPR-2020-A006339,Ron Litman,UNKNOWN,UNKNOWN,CVPR,2020
CVPR-2020-A006340,Oron Anschel,UNKNOWN,UNKNOWN,CVPR,2020
CVPR-2020-A006341,Shahar Tsiper,UNKNOWN,UNKNOWN,CVPR,2020
CVPR-2020-A006342,Roee Litman,UNKNOWN,UNKNOWN,CVPR,2020
CVPR-2020-A006343,Shai Mazor,UNKNOWN,UNKNOWN,CVPR,2020
CVPR-2020-A006344,R. Manmatha,UNKNOWN,UNKNOWN,CVPR,2020
CVPR-2020-A006345,Juan-Manuel Perez-Rua,UNKNOWN,UNKNOWN,CVPR,2020
CVPR-2020-A006346,Xiatian Zhu,UNKNOWN,UNKNOWN,CVPR,2020
CVPR-2020-A006347,Timothy M. Hospedales,UNKNOWN,UNKNOWN,CVPR,2020
CVPR-2020-A006348,Tao Xiang,UNKNOWN,UNKNOWN,CVPR,2020
CVPR-2020-A006349,Tom F. H. Runia,"QUVA Deep Vision Lab, University of Amsterdam",Netherlands,CVPR,2020
CVPR-2020-A006350,Kirill Gavrilyuk,"QUVA Deep Vision Lab, University of Amsterdam",Netherlands,CVPR,2020
CVPR-2020-A006351,Cees G. M. Snoek,"QUVA Deep Vision Lab, University of Amsterdam",Netherlands,CVPR,2020
CVPR-2020-A006352,Arnold W. M. Smeulders,"QUVA Deep Vision Lab, University of Amsterdam",Netherlands,CVPR,2020
CVPR-2020-A006353,Rohit Keshari,UNKNOWN,UNKNOWN,CVPR,2020
CVPR-2020-A006354,Richa Singh,UNKNOWN,UNKNOWN,CVPR,2020
CVPR-2020-A006355,Mayank Vatsa,UNKNOWN,UNKNOWN,CVPR,2020
CVPR-2020-A006356,Xinyu Wang,University of Malaya,Malaysia,CVPR,2020
CVPR-2020-A006357,Yuliang Liu,University of Malaya | University of Adelaide,Australia,CVPR,2020
CVPR-2020-A006358,Chunhua Shen,University of Malaya,Malaysia,CVPR,2020
CVPR-2020-A006359,Chun Chet Ng,South China University of Technology,China,CVPR,2020
CVPR-2020-A006360,Canjie Luo,University of Adelaide,Australia,CVPR,2020
CVPR-2020-A006361,Lianwen Jin,UNKNOWN,UNKNOWN,CVPR,2020
CVPR-2020-A006362,Chee Seng Chan,UNKNOWN,UNKNOWN,CVPR,2020
CVPR-2020-A006363,Anton van den Hengel,UNKNOWN,UNKNOWN,CVPR,2020
CVPR-2020-A006364,Liangwei Wang,UNKNOWN,UNKNOWN,CVPR,2020
CVPR-2020-A006365,Ilija Radosavovic,Facebook AI Research (FAIR),United States,CVPR,2020
CVPR-2020-A006366,Raj Prateek Kosaraju,Facebook AI Research (FAIR),United States,CVPR,2020
CVPR-2020-A006367,Ross Girshick,Facebook AI Research (FAIR),United States,CVPR,2020
CVPR-2020-A006368,Kaiming He,Facebook AI Research (FAIR),United States,CVPR,2020
CVPR-2020-A006369,Piotr Dollar,Facebook AI Research (FAIR),United States,CVPR,2020
CVPR-2020-A006370,Yang Zhong,"KTH Royal Institute of Technology, Sweden",Sweden,CVPR,2020
CVPR-2020-A006371,Atsuto Maki,"KTH Royal Institute of Technology, Sweden",Sweden,CVPR,2020
CVPR-2020-A006372,Yisheng He,Hong Kong University of Science and Technology,Hong Kong,CVPR,2020
CVPR-2020-A006373,Wei Sun,Megvii Inc.,China,CVPR,2020
CVPR-2020-A006374,Haibin Huang,UNKNOWN,UNKNOWN,CVPR,2020
CVPR-2020-A006375,Jianran Liu,Megvii Inc.,China,CVPR,2020
CVPR-2020-A006376,Haoqiang Fan,Megvii Inc.,China,CVPR,2020
CVPR-2020-A006377,Jian Sun,Megvii Inc.,China,CVPR,2020
CVPR-2020-A006378,Shaobo Min,University of Science and Technology of China,China,CVPR,2020
CVPR-2020-A006379,Hantao Yao,"National Laboratory of Pattern Recognition, Institute of Automation, Chinese Academy of Sciences",China,CVPR,2020
CVPR-2020-A006380,Hongtao Xie,University of Science and Technology of China,China,CVPR,2020
CVPR-2020-A006381,Chaoqun Wang,University of Science and Technology of China,China,CVPR,2020
CVPR-2020-A006382,Zheng-Jun Zha,University of Science and Technology of China,China,CVPR,2020
CVPR-2020-A006383,Yongdong Zhang,University of Science and Technology of China,China,CVPR,2020
CVPR-2020-A006384,Oytun Ulutan,"Department of Electrical and Computer Engineering University of California, Santa Barbara, CA",United States,CVPR,2020
CVPR-2020-A006385,A S M Iftekhar,"Department of Electrical and Computer Engineering University of California, Santa Barbara, CA",United States,CVPR,2020
CVPR-2020-A006386,B. S. Manjunath,"Department of Electrical and Computer Engineering University of California, Santa Barbara, CA",United States,CVPR,2020
CVPR-2020-A006387,Kaidi Cao,Stanford University,United States,CVPR,2020
CVPR-2020-A006388,Jingwei Ji,Stanford University,United States,CVPR,2020
CVPR-2020-A006389,Zhangjie Cao,Stanford University,United States,CVPR,2020
CVPR-2020-A006390,Chien-Yi Chang,Stanford University,United States,CVPR,2020
CVPR-2020-A006391,Juan Carlos Niebles,Stanford University,United States,CVPR,2020
CVPR-2020-A006392,Suichan Li,"School of Information Science and Technology, University of Science and Technology of China | Key Laboratory of Electromagnetic Space Information, the Chinese Academy of Sciences",China,CVPR,2020
CVPR-2020-A006393,Bin Liu,"School of Information Science and Technology, University of Science and Technology of China | Key Laboratory of Electromagnetic Space Information, the Chinese Academy of Sciences",China,CVPR,2020
CVPR-2020-A006394,Dongdong Chen,Microsoft Research,United States,CVPR,2020
CVPR-2020-A006395,Qi Chu,"School of Information Science and Technology, University of Science and Technology of China | Key Laboratory of Electromagnetic Space Information, the Chinese Academy of Sciences",China,CVPR,2020
CVPR-2020-A006396,Lu Yuan,Microsoft Research,United States,CVPR,2020
CVPR-2020-A006397,Nenghai Yu,"School of Information Science and Technology, University of Science and Technology of China | Key Laboratory of Electromagnetic Space Information, the Chinese Academy of Sciences",China,CVPR,2020
CVPR-2020-A006398,Wanqing Zhao,"UNC-Charlotte NC28223, USA",United States,CVPR,2020
CVPR-2020-A006399,Shaobo Zhang,"UNC-Charlotte NC28223, USA",United States,CVPR,2020
CVPR-2020-A006400,Ziyu Guan,"UNC-Charlotte NC28223, USA",United States,CVPR,2020
CVPR-2020-A006401,Wei Zhao,"UNC-Charlotte NC28223, USA",United States,CVPR,2020
CVPR-2020-A006402,Jinye Peng,"UNC-Charlotte NC28223, USA",United States,CVPR,2020
CVPR-2020-A006403,Jianping Fan,"UNC-Charlotte NC28223, USA",United States,CVPR,2020
CVPR-2020-A006404,Yuankai Qi,"Australia Centre for Robotic Vision, The University of Adelaide | Harbin Institute of Technology, Weihai",Australia,CVPR,2020
CVPR-2020-A006405,Qi Wu,"Australia Centre for Robotic Vision, The University of Adelaide",Australia,CVPR,2020
CVPR-2020-A006406,Peter Anderson,Georgia Institute of Technology,United States,CVPR,2020
CVPR-2020-A006407,Xin Wang,"University of California, Santa Barbara",United States,CVPR,2020
CVPR-2020-A006408,William Yang Wang,"University of California, Santa Barbara",United States,CVPR,2020
CVPR-2020-A006409,Chunhua Shen,"Australia Centre for Robotic Vision, The University of Adelaide",Australia,CVPR,2020
CVPR-2020-A006410,Anton van den Hengel,"Australia Centre for Robotic Vision, The University of Adelaide",Australia,CVPR,2020
CVPR-2020-A006411,Jan Eric Lenssen,UNKNOWN,UNKNOWN,CVPR,2020
CVPR-2020-A006412,Christian Osendorfer,UNKNOWN,UNKNOWN,CVPR,2020
CVPR-2020-A006413,Jonathan Masci,UNKNOWN,UNKNOWN,CVPR,2020
CVPR-2020-A006414,Yu-Syuan Xu,"MediaTek Inc., Hsinchu, Taiwan",Taiwan,CVPR,2020
CVPR-2020-A006415,Shou-Yao Roy Tseng,"MediaTek Inc., Hsinchu, Taiwan",Taiwan,CVPR,2020
CVPR-2020-A006416,Yu Tseng,"MediaTek Inc., Hsinchu, Taiwan",Taiwan,CVPR,2020
CVPR-2020-A006417,Hsien-Kai Kuo,"MediaTek Inc., Hsinchu, Taiwan",Taiwan,CVPR,2020
CVPR-2020-A006418,Yi-Min Tsai,"MediaTek Inc., Hsinchu, Taiwan",Taiwan,CVPR,2020
CVPR-2020-A006419,Nick Moran,UNKNOWN,UNKNOWN,CVPR,2020
CVPR-2020-A006420,Dan Schmidt,UNKNOWN,UNKNOWN,CVPR,2020
CVPR-2020-A006421,Yu Zhong,UNKNOWN,UNKNOWN,CVPR,2020
CVPR-2020-A006422,Patrick Coady,UNKNOWN,UNKNOWN,CVPR,2020
CVPR-2020-A006423,Zelun Kong,UNKNOWN,UNKNOWN,CVPR,2020
CVPR-2020-A006424,Junfeng Guo,UNKNOWN,UNKNOWN,CVPR,2020
CVPR-2020-A006425,Ang Li,UNKNOWN,UNKNOWN,CVPR,2020
CVPR-2020-A006426,Cong Liu,UNKNOWN,UNKNOWN,CVPR,2020
CVPR-2020-A006427,Thiago M. Paixao,UNKNOWN,UNKNOWN,CVPR,2020
CVPR-2020-A006428,Rodrigo F. Berriel,"Federal University of Espı́rito Santo (UFES), Vitória, Brazil",Brazil,CVPR,2020
CVPR-2020-A006429,Maria C. S. Boeres,"Federal University of Espı́rito Santo (UFES), Vitória, Brazil",Brazil,CVPR,2020
CVPR-2020-A006430,Alessandro L. Koerich,"École de Technologie Supérieure (ÉTS), Montreal, Canada",Canada,CVPR,2020
CVPR-2020-A006431,Claudine Badue,"Federal University of Espı́rito Santo (UFES), Vitória, Brazil",Brazil,CVPR,2020
CVPR-2020-A006432,Alberto F. De Souza,"Federal University of Espı́rito Santo (UFES), Vitória, Brazil",Brazil,CVPR,2020
CVPR-2020-A006433,Thiago Oliveira-Santos,"Federal University of Espı́rito Santo (UFES), Vitória, Brazil",Brazil,CVPR,2020
CVPR-2020-A006434,Kentaro Wada,"Dyson Robotics Laboratory, Imperial College London",United Kingdom,CVPR,2020
CVPR-2020-A006435,Edgar Sucar,"Dyson Robotics Laboratory, Imperial College London",United Kingdom,CVPR,2020
CVPR-2020-A006436,Stephen James,"Dyson Robotics Laboratory, Imperial College London",United Kingdom,CVPR,2020
CVPR-2020-A006437,Daniel Lenton,"Dyson Robotics Laboratory, Imperial College London",United Kingdom,CVPR,2020
CVPR-2020-A006438,Andrew J. Davison,"Dyson Robotics Laboratory, Imperial College London",United Kingdom,CVPR,2020
CVPR-2020-A006439,Saurabh Singh,Google Research,UNKNOWN,CVPR,2020
CVPR-2020-A006440,Shankar Krishnan,Google Research,UNKNOWN,CVPR,2020
CVPR-2020-A006441,Kuo-Hao Zeng,"Paul G. Allen School of Computer Science & Engineering, University of Washington",United States,CVPR,2020
CVPR-2020-A006442,Roozbeh Mottaghi,"Paul G. Allen School of Computer Science & Engineering, University of Washington",United States,CVPR,2020
CVPR-2020-A006443,Luca Weihs,"Paul G. Allen School of Computer Science & Engineering, University of Washington",United States,CVPR,2020
CVPR-2020-A006444,Ali Farhadi,"Paul G. Allen School of Computer Science & Engineering, University of Washington",United States,CVPR,2020
CVPR-2020-A006445,Yu-Lun Liu,National Taiwan University Google UC Merced MediaTek Inc.,Taiwan,CVPR,2020
CVPR-2020-A006446,Wei-Sheng Lai,National Taiwan University Google UC Merced MediaTek Inc.,Taiwan,CVPR,2020
CVPR-2020-A006447,Ming-Hsuan Yang,National Taiwan University Google UC Merced MediaTek Inc.,Taiwan,CVPR,2020
CVPR-2020-A006448,Yung-Yu Chuang,National Taiwan University Google UC Merced MediaTek Inc.,Taiwan,CVPR,2020
CVPR-2020-A006449,Jia-Bin Huang,National Taiwan University Google UC Merced MediaTek Inc.,Taiwan,CVPR,2020
CVPR-2020-A006450,Sagie Benaim,Google Research | Tel Aviv University,UNKNOWN,CVPR,2020
CVPR-2020-A006451,Ariel Ephrat,Google Research,UNKNOWN,CVPR,2020
CVPR-2020-A006452,Oran Lang,Google Research,UNKNOWN,CVPR,2020
CVPR-2020-A006453,Inbar Mosseri,Google Research,UNKNOWN,CVPR,2020
CVPR-2020-A006454,William T. Freeman,Google Research,UNKNOWN,CVPR,2020
CVPR-2020-A006455,Michael Rubinstein,Google Research,UNKNOWN,CVPR,2020
CVPR-2020-A006456,Michal Irani,Google Research | Weizmann Institute,Israel | United States,CVPR,2020
CVPR-2020-A006457,Tali Dekel,Google Research,UNKNOWN,CVPR,2020
CVPR-2020-A006458,Hui Chen,"School of Software, BNRist, Tsinghua University Kwai Ads Platform; Microsoft Research Kwai Seattle AI Lab, Kwai FeDA Lab, Kwai AI Platform WMG Data Science, University of Warwick",UNKNOWN,CVPR,2020
CVPR-2020-A006459,Guiguang Ding,"School of Software, BNRist, Tsinghua University Kwai Ads Platform; Microsoft Research Kwai Seattle AI Lab, Kwai FeDA Lab, Kwai AI Platform WMG Data Science, University of Warwick",UNKNOWN,CVPR,2020
CVPR-2020-A006460,Xudong Liu,"School of Software, BNRist, Tsinghua University Kwai Ads Platform; Microsoft Research Kwai Seattle AI Lab, Kwai FeDA Lab, Kwai AI Platform WMG Data Science, University of Warwick",UNKNOWN,CVPR,2020
CVPR-2020-A006461,Zijia Lin,"School of Software, BNRist, Tsinghua University Kwai Ads Platform; Microsoft Research Kwai Seattle AI Lab, Kwai FeDA Lab, Kwai AI Platform WMG Data Science, University of Warwick",UNKNOWN,CVPR,2020
CVPR-2020-A006462,Ji Liu,"School of Software, BNRist, Tsinghua University Kwai Ads Platform; Microsoft Research Kwai Seattle AI Lab, Kwai FeDA Lab, Kwai AI Platform WMG Data Science, University of Warwick",UNKNOWN,CVPR,2020
CVPR-2020-A006463,Jungong Han,"School of Software, BNRist, Tsinghua University Kwai Ads Platform; Microsoft Research Kwai Seattle AI Lab, Kwai FeDA Lab, Kwai AI Platform WMG Data Science, University of Warwick",UNKNOWN,CVPR,2020
CVPR-2020-A006464,Vivien Sainte Fare Garnot,UNKNOWN,UNKNOWN,CVPR,2020
CVPR-2020-A006465,Loic Landrieu,UNKNOWN,UNKNOWN,CVPR,2020
CVPR-2020-A006466,Sebastien Giordano,UNKNOWN,UNKNOWN,CVPR,2020
CVPR-2020-A006467,Nesrine Chehata,UNKNOWN,UNKNOWN,CVPR,2020
CVPR-2020-A006468,Yan Wang,UNKNOWN,UNKNOWN,CVPR,2020
CVPR-2020-A006469,Xiangyu Chen,UNKNOWN,UNKNOWN,CVPR,2020
CVPR-2020-A006470,Yurong You,The Ohio State University,United States,CVPR,2020
CVPR-2020-A006471,Li Erran Li,Cornell University | Scale AI,United States,CVPR,2020
CVPR-2020-A006472,Bharath Hariharan,The Ohio State University,United States,CVPR,2020
CVPR-2020-A006473,Mark Campbell,The Ohio State University,United States,CVPR,2020
CVPR-2020-A006474,Kilian Q. Weinberger,The Ohio State University,United States,CVPR,2020
CVPR-2020-A006475,Wei-Lun Chao,Columbia University,United States,CVPR,2020
CVPR-2020-A006476,Rongjie Liu,Rice University,United States,CVPR,2020
CVPR-2020-A006477,Meng Li,Rice University,United States,CVPR,2020
CVPR-2020-A006478,Li Ma,Duke University,United States | United Kingdom,CVPR,2020
CVPR-2020-A006479,Ruohan Gao,The University of Texas at Austin | Facebook AI Research,United States,CVPR,2020
CVPR-2020-A006480,Tae-Hyun Oh,Facebook AI Research,United States,CVPR,2020
CVPR-2020-A006481,Kristen Grauman,The University of Texas at Austin | Facebook AI Research,United States,CVPR,2020
CVPR-2020-A006482,Lorenzo Torresani,Facebook AI Research,United States,CVPR,2020
CVPR-2020-A006483,Yihong Chen,"Center of Data Science, Peking University | Zhejiang Lab",China,CVPR,2020
CVPR-2020-A006484,Yue Cao,Microsoft Research Asia,China,CVPR,2020
CVPR-2020-A006485,Han Hu,Microsoft Research Asia,China,CVPR,2020
CVPR-2020-A006486,Liwei Wang,"Center of Data Science, Peking University | Key Laboratory of Machine Perception, MOE, School of EECS, Peking University",China,CVPR,2020
CVPR-2020-A006487,Qizhe Xie,"Google Research, Brain Team, Carnegie Mellon University",United States,CVPR,2020
CVPR-2020-A006488,Minh-Thang Luong,"Google Research, Brain Team, Carnegie Mellon University",United States,CVPR,2020
CVPR-2020-A006489,Eduard Hovy,"Google Research, Brain Team, Carnegie Mellon University",United States,CVPR,2020
CVPR-2020-A006490,Quoc V. Le,"Google Research, Brain Team, Carnegie Mellon University",United States,CVPR,2020
CVPR-2020-A006491,Han-Jia Ye,Nanjing University,China,CVPR,2020
CVPR-2020-A006492,Su Lu,Nanjing University,China,CVPR,2020
CVPR-2020-A006493,De-Chuan Zhan,Nanjing University,China,CVPR,2020
CVPR-2020-A006494,Difei Gao,"Key Laboratory of Intelligent Information Processing of Chinese Academy of Sciences (CAS) | University of Chinese Academy of Sciences, Beijing, China",China,CVPR,2020
CVPR-2020-A006495,Ke Li,"Key Laboratory of Intelligent Information Processing of Chinese Academy of Sciences (CAS) | University of Chinese Academy of Sciences, Beijing, China",China,CVPR,2020
CVPR-2020-A006496,Ruiping Wang,"Key Laboratory of Intelligent Information Processing of Chinese Academy of Sciences (CAS) | University of Chinese Academy of Sciences, Beijing, China",China,CVPR,2020
CVPR-2020-A006497,Shiguang Shan,"Key Laboratory of Intelligent Information Processing of Chinese Academy of Sciences (CAS) | University of Chinese Academy of Sciences, Beijing, China",China,CVPR,2020
CVPR-2020-A006498,Xilin Chen,"Key Laboratory of Intelligent Information Processing of Chinese Academy of Sciences (CAS) | University of Chinese Academy of Sciences, Beijing, China",China,CVPR,2020
CVPR-2020-A006499,Gilad Cohen,Tel Aviv University Tel Aviv,Israel,CVPR,2020
CVPR-2020-A006500,Guillermo Sapiro,Duke University North Carolina,United States | United Kingdom,CVPR,2020
CVPR-2020-A006501,Raja Giryes,Tel Aviv University Tel Aviv,Israel,CVPR,2020
CVPR-2020-A006502,Junbo Yin,"Beijing Lab of Intelligent Information Technology, School of Computer Science, Beijing Institute of Technology, China | Baidu Research",China,CVPR,2020
CVPR-2020-A006503,Jianbing Shen,"Beijing Lab of Intelligent Information Technology, School of Computer Science, Beijing Institute of Technology, China | National Engineering Laboratory of Deep Learning Technology and Application, China",China,CVPR,2020
CVPR-2020-A006504,Chenye Guan,"Baidu Research | Inception Institute of Artiﬁcial Intelligence, UAE",United Arab Emirates | China,CVPR,2020
CVPR-2020-A006505,Dingfu Zhou,"Baidu Research | Inception Institute of Artiﬁcial Intelligence, UAE",United Arab Emirates | China,CVPR,2020
CVPR-2020-A006506,Ruigang Yang,"Baidu Research | Inception Institute of Artiﬁcial Intelligence, UAE",United Arab Emirates | China,CVPR,2020
CVPR-2020-A006507,Dan Guo,"Key Laboratory of Knowledge Engineering with Big Data, Hefei University of Technology | School of Computer Science and Information Engineering, Hefei University of Technology",China,CVPR,2020
CVPR-2020-A006508,Hui Wang,"Key Laboratory of Knowledge Engineering with Big Data, Hefei University of Technology | School of Computer Science and Information Engineering, Hefei University of Technology",China,CVPR,2020
CVPR-2020-A006509,Hanwang Zhang,Nanyang Technological University,Singapore,CVPR,2020
CVPR-2020-A006510,Zheng-Jun Zha,University of Science and Technology of China,China,CVPR,2020
CVPR-2020-A006511,Meng Wang,"Key Laboratory of Knowledge Engineering with Big Data, Hefei University of Technology | School of Computer Science and Information Engineering, Hefei University of Technology",China,CVPR,2020
CVPR-2020-A006512,Dongkai Wang,Peking University,China,CVPR,2020
CVPR-2020-A006513,Shiliang Zhang,Peking University,China,CVPR,2020
CVPR-2020-A006514,Jianyuan Guo,"Key Lab of Machine Perception (MOE), Dept. of Machine Intelligence, Peking University. | Noah’s Ark Lab, Huawei Technologies.",China,CVPR,2020
CVPR-2020-A006515,Kai Han,"Noah’s Ark Lab, Huawei Technologies.",UNKNOWN,CVPR,2020
CVPR-2020-A006516,Yunhe Wang,"Noah’s Ark Lab, Huawei Technologies.",UNKNOWN,CVPR,2020
CVPR-2020-A006517,Chao Zhang,"Key Lab of Machine Perception (MOE), Dept. of Machine Intelligence, Peking University.",China,CVPR,2020
CVPR-2020-A006518,Zhaohui Yang,"Key Lab of Machine Perception (MOE), Dept. of Machine Intelligence, Peking University.",China,CVPR,2020
CVPR-2020-A006519,Han Wu,"Key Lab of Machine Perception (MOE), Dept. of Machine Intelligence, Peking University.",China,CVPR,2020
CVPR-2020-A006520,Xinghao Chen,"Noah’s Ark Lab, Huawei Technologies.",UNKNOWN,CVPR,2020
CVPR-2020-A006521,Chang Xu,"School of Computer Science, Faculty of Engineering, University of Sydney.",Australia,CVPR,2020
CVPR-2020-A006522,Yongzhi Li,"Center for Data Science, EECS, Wangxuan Institute of Computer Technology, Peking University",China,CVPR,2020
CVPR-2020-A006523,Duo Zhang,"Center for Data Science, EECS, Wangxuan Institute of Computer Technology, Peking University",China,CVPR,2020
CVPR-2020-A006524,Yadong Mu,"Center for Data Science, EECS, Wangxuan Institute of Computer Technology, Peking University",China,CVPR,2020
CVPR-2020-A006525,Bo Yan,"Shanghai Key Laboratory of Intelligent Information Processing, School of Computer Science, Fudan University Steven Hoi Salesforce Research Asia Singapore Management University",Singapore,CVPR,2020
CVPR-2020-A006526,Chenxi Ma,"Shanghai Key Laboratory of Intelligent Information Processing, School of Computer Science, Fudan University Steven Hoi Salesforce Research Asia Singapore Management University",Singapore,CVPR,2020
CVPR-2020-A006527,Bahetiyaer Bare,"Shanghai Key Laboratory of Intelligent Information Processing, School of Computer Science, Fudan University Steven Hoi Salesforce Research Asia Singapore Management University",Singapore,CVPR,2020
CVPR-2020-A006528,Weimin Tan,"Shanghai Key Laboratory of Intelligent Information Processing, School of Computer Science, Fudan University Steven Hoi Salesforce Research Asia Singapore Management University",Singapore,CVPR,2020
CVPR-2020-A006529,Steven C. H. Hoi,UNKNOWN,UNKNOWN,CVPR,2020
CVPR-2020-A006530,Bo Yan,"Shanghai Key Laboratory of Intelligent Information Processing, School of Computer Science, Fudan University",China,CVPR,2020
CVPR-2020-A006531,Qing Lin,"Shanghai Key Laboratory of Intelligent Information Processing, School of Computer Science, Fudan University",China,CVPR,2020
CVPR-2020-A006532,Weimin Tan,"Shanghai Key Laboratory of Intelligent Information Processing, School of Computer Science, Fudan University",China,CVPR,2020
CVPR-2020-A006533,Shili Zhou,"Shanghai Key Laboratory of Intelligent Information Processing, School of Computer Science, Fudan University",China,CVPR,2020
CVPR-2020-A006534,Jingru Tan,Tongji University,China,CVPR,2020
CVPR-2020-A006535,Changbao Wang,SenseTime Research,China,CVPR,2020
CVPR-2020-A006536,Buyu Li,The Chinese University of Hong Kong,China,CVPR,2020
CVPR-2020-A006537,Quanquan Li,SenseTime Research,China,CVPR,2020
CVPR-2020-A006538,Wanli Ouyang,"The University of Sydney, SenseTime Computer Vision Research Group, Australia",Australia,CVPR,2020
CVPR-2020-A006539,Changqing Yin,Tongji University,China,CVPR,2020
CVPR-2020-A006540,Junjie Yan,SenseTime Research,China,CVPR,2020
CVPR-2020-A006541,Mateusz Malinowski,UNKNOWN,UNKNOWN,CVPR,2020
CVPR-2020-A006542,Grzegorz Swirszcz,UNKNOWN,UNKNOWN,CVPR,2020
CVPR-2020-A006543,Joao Carreira,UNKNOWN,UNKNOWN,CVPR,2020
CVPR-2020-A006544,Viorica Patraucean,UNKNOWN,UNKNOWN,CVPR,2020
CVPR-2020-A006545,Thao Minh Le,"Applied Artificial Intelligence Institute, Deakin University, Australia",Australia,CVPR,2020
CVPR-2020-A006546,Vuong Le,"Applied Artificial Intelligence Institute, Deakin University, Australia",Australia,CVPR,2020
CVPR-2020-A006547,Svetha Venkatesh,"Applied Artificial Intelligence Institute, Deakin University, Australia",Australia,CVPR,2020
CVPR-2020-A006548,Truyen Tran,"Applied Artificial Intelligence Institute, Deakin University, Australia",Australia,CVPR,2020
CVPR-2020-A006549,Mete Kemertas,Samsung AI Centre Toronto,Canada,CVPR,2020
CVPR-2020-A006550,Leila Pishdad,Samsung AI Centre Toronto,Canada,CVPR,2020
CVPR-2020-A006551,Konstantinos G. Derpanis,Samsung AI Centre Toronto,Canada,CVPR,2020
CVPR-2020-A006552,Afsaneh Fazly,Samsung AI Centre Toronto,Canada,CVPR,2020
CVPR-2020-A006553,Yang Liu,UNKNOWN,UNKNOWN,CVPR,2020
CVPR-2020-A006554,Xu Tang,UNKNOWN,UNKNOWN,CVPR,2020
CVPR-2020-A006555,Junyu Han,UNKNOWN,UNKNOWN,CVPR,2020
CVPR-2020-A006556,Jingtuo Liu,UNKNOWN,UNKNOWN,CVPR,2020
CVPR-2020-A006557,Dinger Rui,UNKNOWN,UNKNOWN,CVPR,2020
CVPR-2020-A006558,Xiang Wu,UNKNOWN,UNKNOWN,CVPR,2020
CVPR-2020-A006559,Trevor W. Richardson,"Rochester Data Science Consortium, University of Rochester",United States,CVPR,2020
CVPR-2020-A006560,Wencheng Wu,"Rochester Data Science Consortium, University of Rochester",United States,CVPR,2020
CVPR-2020-A006561,Lei Lin,"Rochester Data Science Consortium, University of Rochester",United States,CVPR,2020
CVPR-2020-A006562,Beilei Xu,"Rochester Data Science Consortium, University of Rochester",United States,CVPR,2020
CVPR-2020-A006563,Edgar A. Bernal,"Rochester Data Science Consortium, University of Rochester",United States,CVPR,2020
CVPR-2020-A006564,Yongjian Chen,UNKNOWN,UNKNOWN,CVPR,2020
CVPR-2020-A006565,Lei Tai,UNKNOWN,UNKNOWN,CVPR,2020
CVPR-2020-A006566,Kai Sun,UNKNOWN,UNKNOWN,CVPR,2020
CVPR-2020-A006567,Mingyang Li,UNKNOWN,UNKNOWN,CVPR,2020
CVPR-2020-A006568,Xingyu Liu,Robotics at Google,United States,CVPR,2020
CVPR-2020-A006569,Rico Jonschkowski,UNKNOWN,UNKNOWN,CVPR,2020
CVPR-2020-A006570,Anelia Angelova,UNKNOWN,UNKNOWN,CVPR,2020
CVPR-2020-A006571,Kurt Konolige,UNKNOWN,UNKNOWN,CVPR,2020
CVPR-2020-A006572,Mengmi Zhang,UNKNOWN,UNKNOWN,CVPR,2020
CVPR-2020-A006573,Claire Tseng,UNKNOWN,UNKNOWN,CVPR,2020
CVPR-2020-A006574,Gabriel Kreiman,UNKNOWN,UNKNOWN,CVPR,2020
CVPR-2020-A006575,Martin Sundermeyer,"German Aerospace Center (DLR), Technical University of Munich (TUM)",Germany,CVPR,2020
CVPR-2020-A006576,Maximilian Durner,"German Aerospace Center (DLR), Technical University of Munich (TUM)",Germany,CVPR,2020
CVPR-2020-A006577,En Yen Puang,"German Aerospace Center (DLR), Technical University of Munich (TUM)",Germany,CVPR,2020
CVPR-2020-A006578,Zoltan-Csaba Marton,"German Aerospace Center (DLR), Technical University of Munich (TUM)",Germany,CVPR,2020
CVPR-2020-A006579,Narunas Vaskevicius,"German Aerospace Center (DLR), Technical University of Munich (TUM)",Germany,CVPR,2020
CVPR-2020-A006580,Kai O. Arras,"German Aerospace Center (DLR), Technical University of Munich (TUM)",Germany,CVPR,2020
CVPR-2020-A006581,Rudolph Triebel,"German Aerospace Center (DLR), Technical University of Munich (TUM)",Germany,CVPR,2020
CVPR-2020-A006582,Yikai Wang,"School of Data Science, Fudan University | Shanghai Key Lab of Intelligent Information Processing, Fudan University",China,CVPR,2020
CVPR-2020-A006583,Chengming Xu,"School of Data Science, Fudan University",China,CVPR,2020
CVPR-2020-A006584,Chen Liu,"School of Data Science, Fudan University",China,CVPR,2020
CVPR-2020-A006585,Li Zhang,"Department of Engineering Science, University of Oxford",United Kingdom,CVPR,2020
CVPR-2020-A006586,Yanwei Fu,"School of Data Science, Fudan University | MOE Frontiers Center for Brain Science, Fudan University | Shanghai Key Lab of Intelligent Information Processing, Fudan University",China,CVPR,2020
CVPR-2020-A006587,Ziad Al-Halah,UNKNOWN,UNKNOWN,CVPR,2020
CVPR-2020-A006588,Kristen Grauman,UNKNOWN,UNKNOWN,CVPR,2020
CVPR-2020-A006589,Xiaofeng Liu,"Beth Israel Deaconess Medical Center, Harvard Medical School, Boston, MA, USA. | Carnegie Mellon University, Pittsburgh, PA, USA.",United States | Israel,CVPR,2020
CVPR-2020-A006590,Wenxuan Ji,"Beth Israel Deaconess Medical Center, Harvard Medical School, Boston, MA, USA. | School of Artiﬁcial Intelligence, Nankai University, Tianjin, China.",United States | China | Israel,CVPR,2020
CVPR-2020-A006591,Jane You,"Department of Computing, The Hong Kong Polytechnic University, Hong Kong, China.",China,CVPR,2020
CVPR-2020-A006592,Georges El Fakhri,"Massachusetts General Hospital, Harvard University, Boston, MA, USA.",United States,CVPR,2020
CVPR-2020-A006593,Jonghye Woo,"Massachusetts General Hospital, Harvard University, Boston, MA, USA.",United States,CVPR,2020
CVPR-2020-A006594,Leo Sampaio Ferraz Ribeiro,UNKNOWN,UNKNOWN,CVPR,2020
CVPR-2020-A006595,Tu Bui,UNKNOWN,UNKNOWN,CVPR,2020
CVPR-2020-A006596,John Collomosse,UNKNOWN,UNKNOWN,CVPR,2020
CVPR-2020-A006597,Moacir Ponti,UNKNOWN,UNKNOWN,CVPR,2020
CVPR-2020-A006598,Sen Deng,Nanjing University of Aeronautics and Astronautics | MIIT Key Laboratory of Pattern Analysis and Machine Intelligence,China,CVPR,2020
CVPR-2020-A006599,Mingqiang Wei,Nanjing University of Aeronautics and Astronautics | MIIT Key Laboratory of Pattern Analysis and Machine Intelligence,China,CVPR,2020
CVPR-2020-A006600,Jun Wang,Nanjing University of Aeronautics and Astronautics | MIIT Key Laboratory of Pattern Analysis and Machine Intelligence,China,CVPR,2020
CVPR-2020-A006601,Yidan Feng,Nanjing University of Aeronautics and Astronautics | MIIT Key Laboratory of Pattern Analysis and Machine Intelligence,China,CVPR,2020
CVPR-2020-A006602,Luming Liang,Microsoft Applied Sciences Group,United States,CVPR,2020
CVPR-2020-A006603,Haoran Xie,Lingnan University,China | Hong Kong,CVPR,2020
CVPR-2020-A006604,Fu Lee Wang,The Open University of Hong Kong,Hong Kong,CVPR,2020
CVPR-2020-A006605,Meng Wang,Hefei University of Technology,China,CVPR,2020
CVPR-2020-A006606,Xingjia Pan,"NLPR, Institute of Automation, CAS | School of Artificial Intelligence, UCAS",China,CVPR,2020
CVPR-2020-A006607,Yuqiang Ren,"Youtu Lab, Tencent",China,CVPR,2020
CVPR-2020-A006608,Kekai Sheng,"Youtu Lab, Tencent",China,CVPR,2020
CVPR-2020-A006609,Weiming Dong,"NLPR, Institute of Automation, CAS | School of Artificial Intelligence, UCAS | CASIA-LLVision Joint Lab",China,CVPR,2020
CVPR-2020-A006610,Haolei Yuan,"Youtu Lab, Tencent",China,CVPR,2020
CVPR-2020-A006611,Xiaowei Guo,"Youtu Lab, Tencent",China,CVPR,2020
CVPR-2020-A006612,Chongyang Ma,UNKNOWN,UNKNOWN,CVPR,2020
CVPR-2020-A006613,Changsheng Xu,"NLPR, Institute of Automation, CAS | School of Artificial Intelligence, UCAS | CASIA-LLVision Joint Lab",China,CVPR,2020
CVPR-2020-A006614,Guansong Pang,"The University of Adelaide, Australia",Australia,CVPR,2020
CVPR-2020-A006615,Cheng Yan,"Beihang University, China | The University of Adelaide, Australia",China | Australia,CVPR,2020
CVPR-2020-A006616,Chunhua Shen,"The University of Adelaide, Australia",Australia,CVPR,2020
CVPR-2020-A006617,Anton van den Hengel,"The University of Adelaide, Australia",Australia,CVPR,2020
CVPR-2020-A006618,Xiao Bai,"Beihang University, China",China,CVPR,2020
CVPR-2020-A006619,Guangcong Wang,"School of Data and Computer Science, Sun Yat-sen University, China",China,CVPR,2020
CVPR-2020-A006620,Jian-Huang Lai,UNKNOWN,UNKNOWN,CVPR,2020
CVPR-2020-A006621,Wenqi Liang,"School of Data and Computer Science, Sun Yat-sen University, China",China,CVPR,2020
CVPR-2020-A006622,Guangrun Wang,"School of Data and Computer Science, Sun Yat-sen University, China",China,CVPR,2020
CVPR-2020-A006623,Michael Ramamonjisoa,UNKNOWN,UNKNOWN,CVPR,2020
CVPR-2020-A006624,Yuming Du,UNKNOWN,UNKNOWN,CVPR,2020
CVPR-2020-A006625,Vincent Lepetit,UNKNOWN,UNKNOWN,CVPR,2020
CVPR-2020-A006626,Yizhou Zhou,University of Science and Technology of China,China,CVPR,2020
CVPR-2020-A006627,Xiaoyan Sun,University of Science and Technology of China,China,CVPR,2020
CVPR-2020-A006628,Chong Luo,University of Science and Technology of China,China,CVPR,2020
CVPR-2020-A006629,Zheng-Jun Zha,University of Science and Technology of China,China,CVPR,2020
CVPR-2020-A006630,Wenjun Zeng,University of Science and Technology of China,China,CVPR,2020
CVPR-2020-A006631,Sivabalan Manivasagam,Uber Advanced Technologies Group University of Toronto Massachusetts Institute of Techonology,Canada | United States,CVPR,2020
CVPR-2020-A006632,Shenlong Wang,Uber Advanced Technologies Group University of Toronto Massachusetts Institute of Techonology,Canada | United States,CVPR,2020
CVPR-2020-A006633,Kelvin Wong,Uber Advanced Technologies Group University of Toronto Massachusetts Institute of Techonology,Canada | United States,CVPR,2020
CVPR-2020-A006634,Wenyuan Zeng,Uber Advanced Technologies Group University of Toronto Massachusetts Institute of Techonology,Canada | United States,CVPR,2020
CVPR-2020-A006635,Mikita Sazanovich,Uber Advanced Technologies Group University of Toronto Massachusetts Institute of Techonology,Canada | United States,CVPR,2020
CVPR-2020-A006636,Shuhan Tan,Uber Advanced Technologies Group University of Toronto Massachusetts Institute of Techonology,Canada | United States,CVPR,2020
CVPR-2020-A006637,Bin Yang,Uber Advanced Technologies Group University of Toronto Massachusetts Institute of Techonology,Canada | United States,CVPR,2020
CVPR-2020-A006638,Wei-Chiu Ma,Uber Advanced Technologies Group University of Toronto Massachusetts Institute of Techonology,Canada | United States,CVPR,2020
CVPR-2020-A006639,Raquel Urtasun,Uber Advanced Technologies Group University of Toronto Massachusetts Institute of Techonology,Canada | United States,CVPR,2020
CVPR-2020-A006640,Debidatta Dwibedi,Google Research DeepMind,United Kingdom,CVPR,2020
CVPR-2020-A006641,Yusuf Aytar,Google Research DeepMind,United Kingdom,CVPR,2020
CVPR-2020-A006642,Jonathan Tompson,Google Research DeepMind,United Kingdom,CVPR,2020
CVPR-2020-A006643,Pierre Sermanet,Google Research DeepMind,United Kingdom,CVPR,2020
CVPR-2020-A006644,Andrew Zisserman,Google Research DeepMind,United Kingdom,CVPR,2020
CVPR-2020-A006645,Xianglei Xing,"College of Automation, Harbin Engineering University, Harbin , China",China,CVPR,2020
CVPR-2020-A006646,Tianfu Wu,"Department of Electrical and Computer Engineering, NC State University, North Carolina",United States,CVPR,2020
CVPR-2020-A006647,Song-Chun Zhu,"Department of Statistics, University of California, Los Angeles, California",United States,CVPR,2020
CVPR-2020-A006648,Ying Nian Wu,"Department of Statistics, University of California, Los Angeles, California",United States,CVPR,2020
CVPR-2020-A006649,Qilong Wang,"Tianjin Key Lab of Machine Learning, College of Intelligence and Computing, Tianjin University, China",China,CVPR,2020
CVPR-2020-A006650,Li Zhang,"Tianjin Key Lab of Machine Learning, College of Intelligence and Computing, Tianjin University, China",China,CVPR,2020
CVPR-2020-A006651,Banggu Wu,"Tianjin Key Lab of Machine Learning, College of Intelligence and Computing, Tianjin University, China",China,CVPR,2020
CVPR-2020-A006652,Dongwei Ren,"Tianjin Key Lab of Machine Learning, College of Intelligence and Computing, Tianjin University, China",China,CVPR,2020
CVPR-2020-A006653,Peihua Li,"Dalian University of Technology, China",China,CVPR,2020
CVPR-2020-A006654,Wangmeng Zuo,"Harbin Institute of Technology, China",China,CVPR,2020
CVPR-2020-A006655,Qinghua Hu,"Tianjin Key Lab of Machine Learning, College of Intelligence and Computing, Tianjin University, China",China,CVPR,2020
CVPR-2020-A006656,Trisha Mittal,"Department of Computer Science, University of Maryland, College Park, USA",United States,CVPR,2020
CVPR-2020-A006657,Pooja Guhan,"Department of Computer Science, University of Maryland, College Park, USA",United States,CVPR,2020
CVPR-2020-A006658,Uttaran Bhattacharya,"Department of Computer Science, University of Maryland, College Park, USA",United States,CVPR,2020
CVPR-2020-A006659,Rohan Chandra,"Department of Computer Science, University of Maryland, College Park, USA",United States,CVPR,2020
CVPR-2020-A006660,Aniket Bera,"Department of Computer Science, University of Maryland, College Park, USA",United States,CVPR,2020
CVPR-2020-A006661,Dinesh Manocha,"Department of Computer Science, University of Maryland, College Park, USA | Department of Electrical and Computer Engineering, University of Maryland, College Park, USA",United States,CVPR,2020
CVPR-2020-A006662,Jiwei Wei,"Center for Future Media & School of Computer Science and Engineering, University of Electronic Science and Technology of China, China",China,CVPR,2020
CVPR-2020-A006663,Xing Xu,"Center for Future Media & School of Computer Science and Engineering, University of Electronic Science and Technology of China, China",China,CVPR,2020
CVPR-2020-A006664,Yang Yang,"Center for Future Media & School of Computer Science and Engineering, University of Electronic Science and Technology of China, China",China,CVPR,2020
CVPR-2020-A006665,Yanli Ji,"Center for Future Media & School of Computer Science and Engineering, University of Electronic Science and Technology of China, China",China,CVPR,2020
CVPR-2020-A006666,Zheng Wang,"Center for Future Media & School of Computer Science and Engineering, University of Electronic Science and Technology of China, China",China,CVPR,2020
CVPR-2020-A006667,Heng Tao Shen,"Center for Future Media & School of Computer Science and Engineering, University of Electronic Science and Technology of China, China",China,CVPR,2020
CVPR-2020-A006668,Tawfiq Salem,UNKNOWN,UNKNOWN,CVPR,2020
CVPR-2020-A006669,Scott Workman,UNKNOWN,UNKNOWN,CVPR,2020
CVPR-2020-A006670,Nathan Jacobs,UNKNOWN,UNKNOWN,CVPR,2020
CVPR-2020-A006671,Jiteng Mu,Johns Hopkins University,United States,CVPR,2020
CVPR-2020-A006672,Weichao Qiu,Johns Hopkins University,United States,CVPR,2020
CVPR-2020-A006673,Gregory D. Hager,Johns Hopkins University,United States,CVPR,2020
CVPR-2020-A006674,Alan L. Yuille,Johns Hopkins University,United States,CVPR,2020
CVPR-2020-A006675,Zongdai Liu,UNKNOWN,UNKNOWN,CVPR,2020
CVPR-2020-A006676,Feixiang Lu,UNKNOWN,UNKNOWN,CVPR,2020
CVPR-2020-A006677,Peng Wang,UNKNOWN,UNKNOWN,CVPR,2020
CVPR-2020-A006678,Hui Miao,"State Key Laboratory of Virtual Reality Technology and Systems, Beihang University",China,CVPR,2020
CVPR-2020-A006679,Liangjun Zhang,"Robotics and Autonomous Driving Laboratory, Baidu Research | National Engineering Laboratory of Deep Learning Technology and Application, China",China,CVPR,2020
CVPR-2020-A006680,Ruigang Yang,"Robotics and Autonomous Driving Laboratory, Baidu Research | University of Kentucky | National Engineering Laboratory of Deep Learning Technology and Application, China",China,CVPR,2020
CVPR-2020-A006681,Bin Zhou,UNKNOWN,UNKNOWN,CVPR,2020
CVPR-2020-A006682,Muli Yang,"School of Electronic Engineering, Xidian University, Xi’an , China",China,CVPR,2020
CVPR-2020-A006683,Cheng Deng,"School of Electronic Engineering, Xidian University, Xi’an , China",China,CVPR,2020
CVPR-2020-A006684,Junchi Yan,"Department of CSE, and MoE Key Lab of Artificial Intelligence, Shanghai Jiao Tong University, China",China,CVPR,2020
CVPR-2020-A006685,Xianglong Liu,"State Key Lab of Software Development Environment, Beihang University, Beijing , China",China,CVPR,2020
CVPR-2020-A006686,Dacheng Tao,"UBTECH Sydney AI Centre, School of CS, Faculty of Engineering, The University of Sydney, Australia",Australia,CVPR,2020
CVPR-2020-A006687,Xi Wei,University of Science and Technology of China; Kuaishou Technology,China,CVPR,2020
CVPR-2020-A006688,Tianzhu Zhang,University of Science and Technology of China; Kuaishou Technology,China,CVPR,2020
CVPR-2020-A006689,Yan Li,University of Science and Technology of China; Kuaishou Technology,China,CVPR,2020
CVPR-2020-A006690,Yongdong Zhang,University of Science and Technology of China; Kuaishou Technology,China,CVPR,2020
CVPR-2020-A006691,Feng Wu,University of Science and Technology of China; Kuaishou Technology,China,CVPR,2020
CVPR-2020-A006692,Jiamin Wu,University of Science and Technology of China,China,CVPR,2020
CVPR-2020-A006693,Tianzhu Zhang,University of Science and Technology of China,China,CVPR,2020
CVPR-2020-A006694,Zheng-Jun Zha,University of Science and Technology of China,China,CVPR,2020
CVPR-2020-A006695,Jiebo Luo,University of Rochester,United States,CVPR,2020
CVPR-2020-A006696,Yongdong Zhang,University of Science and Technology of China,China,CVPR,2020
CVPR-2020-A006697,Feng Wu,University of Science and Technology of China,China,CVPR,2020
CVPR-2020-A006698,Tomas Hodan,UNKNOWN,UNKNOWN,CVPR,2020
CVPR-2020-A006699,Daniel Barath,UNKNOWN,UNKNOWN,CVPR,2020
CVPR-2020-A006700,Jiri Matas,UNKNOWN,UNKNOWN,CVPR,2020
CVPR-2020-A006701,Ziqi Zhang,"National Laboratory of Pattern Recognition, CASIA | University of Chinese Academy of Sciences",China,CVPR,2020
CVPR-2020-A006702,Yaya Shi,"National Laboratory of Pattern Recognition, CASIA University of Science and Technology of China University of Chinese Academy of Sciences Center for Excellence in Brain Science and Intelligence Technology, CAS Aerospace Information Research Institute, CAS PeopleAI, Inc. State Key Laboratory of Communication Content Cognition, People’s Daily Online",China,CVPR,2020
CVPR-2020-A006703,Chunfeng Yuan,"National Laboratory of Pattern Recognition, CASIA University of Science and Technology of China University of Chinese Academy of Sciences Center for Excellence in Brain Science and Intelligence Technology, CAS Aerospace Information Research Institute, CAS PeopleAI, Inc. State Key Laboratory of Communication Content Cognition, People’s Daily Online",China,CVPR,2020
CVPR-2020-A006704,Bing Li,"National Laboratory of Pattern Recognition, CASIA | PeopleAI, Inc. | State Key Laboratory of Communication Content Cognition, People’s Daily Online",China,CVPR,2020
CVPR-2020-A006705,Peijin Wang,"University of Chinese Academy of Sciences | Aerospace Information Research Institute, CAS",China,CVPR,2020
CVPR-2020-A006706,Weiming Hu,"National Laboratory of Pattern Recognition, CASIA | University of Chinese Academy of Sciences | Center for Excellence in Brain Science and Intelligence Technology, CAS",China,CVPR,2020
CVPR-2020-A006707,Zheng-Jun Zha,UNKNOWN,UNKNOWN,CVPR,2020
CVPR-2020-A006708,Yuwei Zhang,"Department of Computer Science and Technology, Tsinghua University",China,CVPR,2020
CVPR-2020-A006709,Peng Zhang,"Department of Computer Science and Technology, Tsinghua University",China,CVPR,2020
CVPR-2020-A006710,Chun Yuan,Tsinghua Shenzhen International Graduate School | Peng Cheng Laboratory,China,CVPR,2020
CVPR-2020-A006711,Zhi Wang,Tsinghua Shenzhen International Graduate School | Peng Cheng Laboratory,China,CVPR,2020
CVPR-2020-A006712,Manchen Wang,UNKNOWN,UNKNOWN,CVPR,2020
CVPR-2020-A006713,Joseph Tighe,UNKNOWN,UNKNOWN,CVPR,2020
CVPR-2020-A006714,Davide Modolo,UNKNOWN,UNKNOWN,CVPR,2020
CVPR-2020-A006715,Tianhong Li,"MIT Intel Labs UC Berkeley Dept. Automation, Tsinghua University",United States,CVPR,2020
CVPR-2020-A006716,Jianguo Li,"MIT Intel Labs UC Berkeley Dept. Automation, Tsinghua University",United States,CVPR,2020
CVPR-2020-A006717,Zhuang Liu,"MIT Intel Labs UC Berkeley Dept. Automation, Tsinghua University",United States,CVPR,2020
CVPR-2020-A006718,Changshui Zhang,"MIT Intel Labs UC Berkeley Dept. Automation, Tsinghua University",United States,CVPR,2020
CVPR-2020-A006719,Sara Beery,California Institute of Technology* Google,United States,CVPR,2020
CVPR-2020-A006720,Guanhang Wu,California Institute of Technology* Google,United States,CVPR,2020
CVPR-2020-A006721,Vivek Rathod,California Institute of Technology* Google,United States,CVPR,2020
CVPR-2020-A006722,Ronny Votel,California Institute of Technology* Google,United States,CVPR,2020
CVPR-2020-A006723,Jonathan Huang,California Institute of Technology* Google,United States,CVPR,2020
CVPR-2020-A006724,Jialian Wu,State University of New York at Buffalo,United States,CVPR,2020
CVPR-2020-A006725,Chunluan Zhou,Wormpex AI Research,UNKNOWN,CVPR,2020
CVPR-2020-A006726,Ming Yang,"Horizon Robotics, Inc.",China,CVPR,2020
CVPR-2020-A006727,Qian Zhang,"Horizon Robotics, Inc.",China,CVPR,2020
CVPR-2020-A006728,Yuan Li,"Horizon Robotics, Inc.",China,CVPR,2020
CVPR-2020-A006729,Junsong Yuan,State University of New York at Buffalo,United States,CVPR,2020
CVPR-2020-A006730,Xin Huang,Waseda University,Japan,CVPR,2020
CVPR-2020-A006731,Zheng Ge,Waseda University,Japan,CVPR,2020
CVPR-2020-A006732,Zequn Jie,Tencent AI Lab,China,CVPR,2020
CVPR-2020-A006733,Osamu Yoshie,Waseda University,Japan,CVPR,2020
CVPR-2020-A006734,Chenyun Wu,University of Massachusetts Amherst,United States,CVPR,2020
CVPR-2020-A006735,Zhe Lin,Adobe Research,United States,CVPR,2020
CVPR-2020-A006736,Scott Cohen,Adobe Research,United States,CVPR,2020
CVPR-2020-A006737,Trung Bui,Adobe Research,United States,CVPR,2020
CVPR-2020-A006738,Subhransu Maji,University of Massachusetts Amherst,United States,CVPR,2020
CVPR-2020-A006739,Thibaut Durand,Simon Fraser University,Canada,CVPR,2020
CVPR-2020-A006740,Yuqi Yang,Microsoft Research Asia,China,CVPR,2020
CVPR-2020-A006741,Shilin Liu,Microsoft Research Asia,China,CVPR,2020
CVPR-2020-A006742,Hao Pan,Microsoft Research Asia,China,CVPR,2020
CVPR-2020-A006743,Yang Liu,Microsoft Research Asia,China,CVPR,2020
CVPR-2020-A006744,Xin Tong,Microsoft Research Asia,China,CVPR,2020
CVPR-2020-A006745,Nina Miolane,Stanford University,United States,CVPR,2020
CVPR-2020-A006746,Susan Holmes,Stanford University,United States,CVPR,2020
CVPR-2020-A006747,Eshed Ohn-Bar,"Max Planck Institute for Intelligent Systems, Tübingen | Boston University",Germany | United States,CVPR,2020
CVPR-2020-A006748,Aditya Prakash,"Max Planck Institute for Intelligent Systems, Tübingen",Germany,CVPR,2020
CVPR-2020-A006749,Aseem Behl,"Max Planck Institute for Intelligent Systems, Tübingen | University of Tübingen",Germany,CVPR,2020
CVPR-2020-A006750,Kashyap Chitta,"Max Planck Institute for Intelligent Systems, Tübingen | University of Tübingen",Germany,CVPR,2020
CVPR-2020-A006751,Andreas Geiger,"Max Planck Institute for Intelligent Systems, Tübingen | University of Tübingen",Germany,CVPR,2020
CVPR-2020-A006752,Shang Gao,Dalian University of Technology,China,CVPR,2020
CVPR-2020-A006753,Jingya Wang,"UBTECH Sydney AI Center, The University of Sydney",Australia,CVPR,2020
CVPR-2020-A006754,Huchuan Lu,Dalian University of Technology | Pengcheng Lab,China,CVPR,2020
CVPR-2020-A006755,Zimo Liu,Dalian University of Technology,China,CVPR,2020
CVPR-2020-A006756,Qiushan Guo,Beijing University of Posts and Telecommunications,China,CVPR,2020
CVPR-2020-A006757,Xinjiang Wang,UNKNOWN,UNKNOWN,CVPR,2020
CVPR-2020-A006758,Yichao Wu,UNKNOWN,UNKNOWN,CVPR,2020
CVPR-2020-A006759,Zhipeng Yu,UNKNOWN,UNKNOWN,CVPR,2020
CVPR-2020-A006760,Ding Liang,UNKNOWN,UNKNOWN,CVPR,2020
CVPR-2020-A006761,Xiaolin Hu,Tsinghua University,China,CVPR,2020
CVPR-2020-A006762,Ping Luo,The University of Hong Kong,Hong Kong,CVPR,2020
CVPR-2020-A006763,Anne S. Wannenwetsch,"Amazon, Germany | TU Darmstadt, Germany",Germany,CVPR,2020
CVPR-2020-A006764,Stefan Roth,"TU Darmstadt, Germany",Germany,CVPR,2020
CVPR-2020-A006765,Anwesan Pal,UNKNOWN,UNKNOWN,CVPR,2020
CVPR-2020-A006766,Sayan Mondal,UNKNOWN,UNKNOWN,CVPR,2020
CVPR-2020-A006767,Henrik I. Christensen,UNKNOWN,UNKNOWN,CVPR,2020
CVPR-2020-A006768,Abduallah Mohamed,The University of Texas at Austin,United States,CVPR,2020
CVPR-2020-A006769,Kun Qian,The University of Texas at Austin,United States,CVPR,2020
CVPR-2020-A006770,Mohamed Elhoseiny,KAUST | Stanford University,Saudi Arabia | United States,CVPR,2020
CVPR-2020-A006771,Christian Claudel,The University of Texas at Austin,United States,CVPR,2020
CVPR-2020-A006772,Pedram Pad,"Centre Suisse d’Électronique et de Microtechnique (CSEM), Neuchâtel, Switzerland",Switzerland,CVPR,2020
CVPR-2020-A006773,Simon Narduzzi,"Centre Suisse d’Électronique et de Microtechnique (CSEM), Neuchâtel, Switzerland",Switzerland,CVPR,2020
CVPR-2020-A006774,Clement Kundig,"Centre Suisse d’Électronique et de Microtechnique (CSEM), Neuchâtel, Switzerland",Switzerland,CVPR,2020
CVPR-2020-A006775,Engin Turetken,"Centre Suisse d’Électronique et de Microtechnique (CSEM), Neuchâtel, Switzerland",Switzerland,CVPR,2020
CVPR-2020-A006776,Siavash A. Bigdeli,"Centre Suisse d’Électronique et de Microtechnique (CSEM), Neuchâtel, Switzerland",Switzerland,CVPR,2020
CVPR-2020-A006777,L. Andrea Dunbar,"Centre Suisse d’Électronique et de Microtechnique (CSEM), Neuchâtel, Switzerland",Switzerland,CVPR,2020
CVPR-2020-A006778,Xi Zhang,Shanghai Jiao Tong University1 McMaster University2 Shandong University3 Tencent4,UNKNOWN,CVPR,2020
CVPR-2020-A006779,Xiaolin Wu,Shanghai Jiao Tong University1 McMaster University2 Shandong University3 Tencent4,UNKNOWN,CVPR,2020
CVPR-2020-A006780,Xinliang Zhai,Shanghai Jiao Tong University1 McMaster University2 Shandong University3 Tencent4,UNKNOWN,CVPR,2020
CVPR-2020-A006781,Xianye Ben,Shanghai Jiao Tong University1 McMaster University2 Shandong University3 Tencent4,UNKNOWN,CVPR,2020
CVPR-2020-A006782,Chengjie Tu,Shanghai Jiao Tong University1 McMaster University2 Shandong University3 Tencent4,UNKNOWN,CVPR,2020
CVPR-2020-A006783,Shaofei Huang,"Institute of Information Engineering, Chinese Academy of Sciences | School of Cyber Security, University of Chinese Academy of Sciences",China,CVPR,2020
CVPR-2020-A006784,Tianrui Hui,"Institute of Information Engineering, Chinese Academy of Sciences | School of Cyber Security, University of Chinese Academy of Sciences",China,CVPR,2020
CVPR-2020-A006785,Si Liu,"School of Computer Science and Engineering, Beihang University",China,CVPR,2020
CVPR-2020-A006786,Guanbin Li,Sun Yat-sen University,China,CVPR,2020
CVPR-2020-A006787,Yunchao Wei,University of Technology Sydney,Australia,CVPR,2020
CVPR-2020-A006788,Jizhong Han,"Institute of Information Engineering, Chinese Academy of Sciences | School of Cyber Security, University of Chinese Academy of Sciences",China,CVPR,2020
CVPR-2020-A006789,Luoqi Liu,UNKNOWN,UNKNOWN,CVPR,2020
CVPR-2020-A006790,Bo Li,"School of Computer Science and Engineering, Beihang University",China,CVPR,2020
CVPR-2020-A006791,Fanbo Xiang,UNKNOWN,UNKNOWN,CVPR,2020
CVPR-2020-A006792,Yuzhe Qin,UNKNOWN,UNKNOWN,CVPR,2020
CVPR-2020-A006793,Kaichun Mo,Stanford University,United States,CVPR,2020
CVPR-2020-A006794,Yikuan Xia,UNKNOWN,UNKNOWN,CVPR,2020
CVPR-2020-A006795,Hao Zhu,UNKNOWN,UNKNOWN,CVPR,2020
CVPR-2020-A006796,Fangchen Liu,UNKNOWN,UNKNOWN,CVPR,2020
CVPR-2020-A006797,Minghua Liu,UNKNOWN,UNKNOWN,CVPR,2020
CVPR-2020-A006798,Hanxiao Jiang,Simon Fraser University,Canada,CVPR,2020
CVPR-2020-A006799,Yifu Yuan,UNKNOWN,UNKNOWN,CVPR,2020
CVPR-2020-A006800,He Wang,Stanford University,United States,CVPR,2020
CVPR-2020-A006801,Li Yi,Google Research,UNKNOWN,CVPR,2020
CVPR-2020-A006802,Angel X. Chang,Simon Fraser University,Canada,CVPR,2020
CVPR-2020-A006803,Leonidas J. Guibas,UNKNOWN,UNKNOWN,CVPR,2020
CVPR-2020-A006804,Hao Su,UNKNOWN,UNKNOWN,CVPR,2020
CVPR-2020-A006805,Charles-Olivier Dufresne Camaro,University of Toronto,Canada,CVPR,2020
CVPR-2020-A006806,Morteza Rezanejad,"School of Computer Science and Centre for Intelligent Machines, McGill University",Canada,CVPR,2020
CVPR-2020-A006807,Stavros Tsogkas,University of Toronto | Samsung Toronto AI Research Center,Canada,CVPR,2020
CVPR-2020-A006808,Kaleem Siddiqi,"School of Computer Science and Centre for Intelligent Machines, McGill University",Canada,CVPR,2020
CVPR-2020-A006809,Sven Dickinson,University of Toronto | Samsung Toronto AI Research Center | Vector Institute for Artificial Intelligence,Canada,CVPR,2020
CVPR-2020-A006810,Zhongjie Yu,University of Wisconsin-Madison Futurewei Technologies University of Rochester,United States | China,CVPR,2020
CVPR-2020-A006811,Lin Chen,University of Wisconsin-Madison Futurewei Technologies University of Rochester,United States | China,CVPR,2020
CVPR-2020-A006812,Zhongwei Cheng,University of Wisconsin-Madison Futurewei Technologies University of Rochester,United States | China,CVPR,2020
CVPR-2020-A006813,Jiebo Luo,University of Wisconsin-Madison Futurewei Technologies University of Rochester,United States | China,CVPR,2020
CVPR-2020-A006814,Kaiyue Pang,"SketchX, CVSSP, University of Surrey | Queen Mary University of London",United Kingdom,CVPR,2020
CVPR-2020-A006815,Yongxin Yang,"SketchX, CVSSP, University of Surrey",United Kingdom,CVPR,2020
CVPR-2020-A006816,Timothy M. Hospedales,"SketchX, CVSSP, University of Surrey | The University of Edinburgh",United Kingdom,CVPR,2020
CVPR-2020-A006817,Tao Xiang,"SketchX, CVSSP, University of Surrey",United Kingdom,CVPR,2020
CVPR-2020-A006818,Yi-Zhe Song,"SketchX, CVSSP, University of Surrey",United Kingdom,CVPR,2020
CVPR-2020-A006819,Shaoshuai Shi,UNKNOWN,UNKNOWN,CVPR,2020
CVPR-2020-A006820,Chaoxu Guo,UNKNOWN,UNKNOWN,CVPR,2020
CVPR-2020-A006821,Li Jiang,UNKNOWN,UNKNOWN,CVPR,2020
CVPR-2020-A006822,Zhe Wang,UNKNOWN,UNKNOWN,CVPR,2020
CVPR-2020-A006823,Jianping Shi,UNKNOWN,UNKNOWN,CVPR,2020
CVPR-2020-A006824,Xiaogang Wang,UNKNOWN,UNKNOWN,CVPR,2020
CVPR-2020-A006825,Hongsheng Li,UNKNOWN,UNKNOWN,CVPR,2020
CVPR-2020-A006826,Yue Liao,"School of Computer Science and Engineering, Beihang University | SenseTime Research",China,CVPR,2020
CVPR-2020-A006827,Si Liu,"School of Computer Science and Engineering, Beihang University",China,CVPR,2020
CVPR-2020-A006828,Guanbin Li,Sun Yat-sen University,China,CVPR,2020
CVPR-2020-A006829,Fei Wang,SenseTime Research,China,CVPR,2020
CVPR-2020-A006830,Yanjie Chen,SenseTime Research,China,CVPR,2020
CVPR-2020-A006831,Chen Qian,SenseTime Research,China,CVPR,2020
CVPR-2020-A006832,Bo Li,"School of Computer Science and Engineering, Beihang University",China,CVPR,2020
CVPR-2020-A006833,Ya Jing,Center for Research on Intelligent Perception and Computing (CRIPAC) | University of Chinese Academy of Sciences (UCAS),China,CVPR,2020
CVPR-2020-A006834,Wei Wang,Center for Research on Intelligent Perception and Computing (CRIPAC) | University of Chinese Academy of Sciences (UCAS),China,CVPR,2020
CVPR-2020-A006835,Liang Wang,Center for Research on Intelligent Perception and Computing (CRIPAC) | Center for Excellence in Brain Science and Intelligence Technology (CEBSIT) | University of Chinese Academy of Sciences (UCAS),China,CVPR,2020
CVPR-2020-A006836,Tieniu Tan,Center for Research on Intelligent Perception and Computing (CRIPAC) | Center for Excellence in Brain Science and Intelligence Technology (CEBSIT) | University of Chinese Academy of Sciences (UCAS),China,CVPR,2020
CVPR-2020-A006837,Marvin Eisenberger,Technical University of Munich,Germany,CVPR,2020
CVPR-2020-A006838,Zorah Lahner,Technical University of Munich,Germany,CVPR,2020
CVPR-2020-A006839,Daniel Cremers,Technical University of Munich,Germany,CVPR,2020
CVPR-2020-A006840,Ming Liang,Uber Advanced Technologies Group University of Toronto,Canada,CVPR,2020
CVPR-2020-A006841,Bin Yang,Uber Advanced Technologies Group University of Toronto,Canada,CVPR,2020
CVPR-2020-A006842,Wenyuan Zeng,Uber Advanced Technologies Group University of Toronto,Canada,CVPR,2020
CVPR-2020-A006843,Yun Chen,Uber Advanced Technologies Group University of Toronto,Canada,CVPR,2020
CVPR-2020-A006844,Rui Hu,Uber Advanced Technologies Group University of Toronto,Canada,CVPR,2020
CVPR-2020-A006845,Sergio Casas,Uber Advanced Technologies Group University of Toronto,Canada,CVPR,2020
CVPR-2020-A006846,Raquel Urtasun,Uber Advanced Technologies Group University of Toronto,Canada,CVPR,2020
CVPR-2020-A006847,Ruimao Zhang,SenseTime Research,China,CVPR,2020
CVPR-2020-A006848,Zhanglin Peng,SenseTime Research,China,CVPR,2020
CVPR-2020-A006849,Lingyun Wu,SenseTime Research,China,CVPR,2020
CVPR-2020-A006850,Zhen Li,The Chinese University of Hong Kong (Shenzhen) | Shenzhen Research Institute of Big Data,China,CVPR,2020
CVPR-2020-A006851,Ping Luo,The University of Hong Kong,Hong Kong,CVPR,2020
CVPR-2020-A006852,Sibei Yang,The University of Hong Kong,Hong Kong,CVPR,2020
CVPR-2020-A006853,Guanbin Li,Sun Yat-sen University,China,CVPR,2020
CVPR-2020-A006854,Yizhou Yu,The University of Hong Kong | Deepwise AI Lab,Hong Kong | China,CVPR,2020
CVPR-2020-A006855,Xiaoshui Huang,"The University of Sydney Sydney, Australia",Australia,CVPR,2020
CVPR-2020-A006856,Guofeng Mei,"University of Technology Sydney Sydney, Australia",Australia,CVPR,2020
CVPR-2020-A006857,Jian Zhang,"University of Technology Sydney Sydney, Australia",Australia,CVPR,2020
CVPR-2020-A006858,Junwei Liang,Carnegie Mellon University,United States,CVPR,2020
CVPR-2020-A006859,Lu Jiang,Google Research,UNKNOWN,CVPR,2020
CVPR-2020-A006860,Kevin Murphy,Google Research,UNKNOWN,CVPR,2020
CVPR-2020-A006861,Ting Yu,Google Cloud AI,United States,CVPR,2020
CVPR-2020-A006862,Alexander Hauptmann,Carnegie Mellon University,United States,CVPR,2020
CVPR-2020-A006863,Enze Xie,The University of Hong Kong | Sensetime Group Ltd,UNKNOWN,CVPR,2020
CVPR-2020-A006864,Peize Sun,Xi’an Jiaotong University,China,CVPR,2020
CVPR-2020-A006865,Xiaoge Song,Nanjing University,China,CVPR,2020
CVPR-2020-A006866,Wenhai Wang,Nanjing University,China,CVPR,2020
CVPR-2020-A006867,Xuebo Liu,UNKNOWN,UNKNOWN,CVPR,2020
CVPR-2020-A006868,Ding Liang,UNKNOWN,UNKNOWN,CVPR,2020
CVPR-2020-A006869,Chunhua Shen,The University of Adelaide,Australia,CVPR,2020
CVPR-2020-A006870,Ping Luo,The University of Hong Kong,Hong Kong,CVPR,2020
CVPR-2020-A006871,Weituo Hao,Duke University,United States | United Kingdom,CVPR,2020
CVPR-2020-A006872,Chunyuan Li,"Microsoft Research, Redmond",United States,CVPR,2020
CVPR-2020-A006873,Xiujun Li,"Microsoft Research, Redmond",United States,CVPR,2020
CVPR-2020-A006874,Lawrence Carin,Duke University,United States | United Kingdom,CVPR,2020
CVPR-2020-A006875,Jianfeng Gao,"Microsoft Research, Redmond",United States,CVPR,2020
CVPR-2020-A006876,Aoxue Li,"School of EECS, Peking University, China",China,CVPR,2020
CVPR-2020-A006877,Weiran Huang,"Huawei Noah’s Ark Lab, China",China,CVPR,2020
CVPR-2020-A006878,Xu Lan,"Queen Mary University of London, UK",United Kingdom,CVPR,2020
CVPR-2020-A006879,Jiashi Feng,"National University of Singapore, Singapore",Singapore,CVPR,2020
CVPR-2020-A006880,Zhenguo Li,"Huawei Noah’s Ark Lab, China",China,CVPR,2020
CVPR-2020-A006881,Liwei Wang,"School of EECS, Peking University, China",China,CVPR,2020
CVPR-2020-A006882,Kaiyue Lu,The Australian National University,Australia,CVPR,2020
CVPR-2020-A006883,Nick Barnes,The Australian National University,Australia,CVPR,2020
CVPR-2020-A006884,Saeed Anwar,The Australian National University,Australia,CVPR,2020
CVPR-2020-A006885,Liang Zheng,The Australian National University,Australia,CVPR,2020
CVPR-2020-A006886,Zhuo Chen,"Shenzhen International Graduate School, Tsinghua University | UBTECH Sydney AI Centre, School of Computer Science, Faculty of Engineering",China | Australia,CVPR,2020
CVPR-2020-A006887,Chaoyue Wang,"UBTECH Sydney AI Centre, School of Computer Science, Faculty of Engineering",Australia,CVPR,2020
CVPR-2020-A006888,Bo Yuan,"Shenzhen International Graduate School, Tsinghua University",China,CVPR,2020
CVPR-2020-A006889,Dacheng Tao,"UBTECH Sydney AI Centre, School of Computer Science, Faculty of Engineering",Australia,CVPR,2020
CVPR-2020-A006890,Juan Leon Alcazar,"Universidad de los Andes, Adobe Research, King Abdullah University of Science and Technology (KAUST)",Colombia | United States | Saudi Arabia,CVPR,2020
CVPR-2020-A006891,Fabian Caba,"Universidad de los Andes, Adobe Research, King Abdullah University of Science and Technology (KAUST)",Colombia | United States | Saudi Arabia,CVPR,2020
CVPR-2020-A006892,Long Mai,"Universidad de los Andes, Adobe Research, King Abdullah University of Science and Technology (KAUST)",Colombia | United States | Saudi Arabia,CVPR,2020
CVPR-2020-A006893,Federico Perazzi,"Universidad de los Andes, Adobe Research, King Abdullah University of Science and Technology (KAUST)",Colombia | United States | Saudi Arabia,CVPR,2020
CVPR-2020-A006894,Joon-Young Lee,"Universidad de los Andes, Adobe Research, King Abdullah University of Science and Technology (KAUST)",Colombia | United States | Saudi Arabia,CVPR,2020
CVPR-2020-A006895,Pablo Arbelaez,"Universidad de los Andes, Adobe Research, King Abdullah University of Science and Technology (KAUST)",Colombia | United States | Saudi Arabia,CVPR,2020
CVPR-2020-A006896,Bernard Ghanem,"Universidad de los Andes, Adobe Research, King Abdullah University of Science and Technology (KAUST)",Colombia | United States | Saudi Arabia,CVPR,2020
CVPR-2020-A006897,Zetong Yang,The Chinese University of Hong Kong Hong Kong University of Science and Technology,China,CVPR,2020
CVPR-2020-A006898,Yanan Sun,The Chinese University of Hong Kong Hong Kong University of Science and Technology,China,CVPR,2020
CVPR-2020-A006899,Shu Liu,The Chinese University of Hong Kong Hong Kong University of Science and Technology,China,CVPR,2020
CVPR-2020-A006900,Jiaya Jia,The Chinese University of Hong Kong Hong Kong University of Science and Technology,China,CVPR,2020
CVPR-2020-A006901,Debang Li,"CRISE, Institute of Automation, Chinese Academy of Sciences, Beijing, China | School of Artificial Intelligence, University of Chinese Academy of Sciences, Beijing, China",China,CVPR,2020
CVPR-2020-A006902,Junge Zhang,"CRISE, Institute of Automation, Chinese Academy of Sciences, Beijing, China | School of Artificial Intelligence, University of Chinese Academy of Sciences, Beijing, China",China,CVPR,2020
CVPR-2020-A006903,Kaiqi Huang,"CRISE, Institute of Automation, Chinese Academy of Sciences, Beijing, China | School of Artificial Intelligence, University of Chinese Academy of Sciences, Beijing, China | CAS Center for Excellence in Brain Science and Intelligence Technology, Beijing, China",China,CVPR,2020
CVPR-2020-A006904,Holger Caesar,UNKNOWN,UNKNOWN,CVPR,2020
CVPR-2020-A006905,Varun Bankiti,UNKNOWN,UNKNOWN,CVPR,2020
CVPR-2020-A006906,Alex H. Lang,UNKNOWN,UNKNOWN,CVPR,2020
CVPR-2020-A006907,Sourabh Vora,UNKNOWN,UNKNOWN,CVPR,2020
CVPR-2020-A006908,Venice Erin Liong,UNKNOWN,UNKNOWN,CVPR,2020
CVPR-2020-A006909,Qiang Xu,UNKNOWN,UNKNOWN,CVPR,2020
CVPR-2020-A006910,Anush Krishnan,UNKNOWN,UNKNOWN,CVPR,2020
CVPR-2020-A006911,Yu Pan,UNKNOWN,UNKNOWN,CVPR,2020
CVPR-2020-A006912,Giancarlo Baldan,UNKNOWN,UNKNOWN,CVPR,2020
CVPR-2020-A006913,Oscar Beijbom,UNKNOWN,UNKNOWN,CVPR,2020
CVPR-2020-A006914,Zijun Wei,Adobe Inc.,United States,CVPR,2020
CVPR-2020-A006915,Jianming Zhang,Adobe Inc.,United States,CVPR,2020
CVPR-2020-A006916,Zhe Lin,Adobe Inc.,United States,CVPR,2020
CVPR-2020-A006917,Joon-Young Lee,Adobe Inc.,United States,CVPR,2020
CVPR-2020-A006918,Niranjan Balasubramanian,Stony Brook University,United States,CVPR,2020
CVPR-2020-A006919,Minh Hoai,Stony Brook University,United States,CVPR,2020
CVPR-2020-A006920,Dimitris Samaras,Stony Brook University,United States,CVPR,2020
CVPR-2020-A006921,Shizhe Chen,"School of Information, Renmin University of China",China,CVPR,2020
CVPR-2020-A006922,Yida Zhao,"School of Information, Renmin University of China",China,CVPR,2020
CVPR-2020-A006923,Qin Jin,"School of Information, Renmin University of China",China,CVPR,2020
CVPR-2020-A006924,Qi Wu,"Australian Centre for Robotic Vision, University of Adelaide",Australia,CVPR,2020
CVPR-2020-A006925,Pramuditha Perera,Johns Hopkins University,United States,CVPR,2020
CVPR-2020-A006926,Vlad I. Morariu,Johns Hopkins University,United States,CVPR,2020
CVPR-2020-A006927,Rajiv Jain,Johns Hopkins University,United States,CVPR,2020
CVPR-2020-A006928,Varun Manjunatha,Johns Hopkins University,United States,CVPR,2020
CVPR-2020-A006929,Curtis Wigington,Johns Hopkins University,United States,CVPR,2020
CVPR-2020-A006930,Vicente Ordonez,Johns Hopkins University,United States,CVPR,2020
CVPR-2020-A006931,Vishal M. Patel,Johns Hopkins University,United States,CVPR,2020
CVPR-2020-A006932,Qingyong Hu,University of Oxford,United Kingdom,CVPR,2020
CVPR-2020-A006933,Bo Yang,University of Oxford,United Kingdom,CVPR,2020
CVPR-2020-A006934,Linhai Xie,University of Oxford,United Kingdom,CVPR,2020
CVPR-2020-A006935,Stefano Rosa,University of Oxford,United Kingdom,CVPR,2020
CVPR-2020-A006936,Yulan Guo,Sun Yat-sen University | National University of Defense Technology,China,CVPR,2020
CVPR-2020-A006937,Zhihua Wang,University of Oxford,United Kingdom,CVPR,2020
CVPR-2020-A006938,Niki Trigoni,University of Oxford,United Kingdom,CVPR,2020
CVPR-2020-A006939,Andrew Markham,University of Oxford,United Kingdom,CVPR,2020
CVPR-2020-A006940,Yunzhong Hou,Australian National University,Australia,CVPR,2020
CVPR-2020-A006941,Liang Zheng,Australian National University,Australia,CVPR,2020
CVPR-2020-A006942,Stephen Gould,Australian National University,Australia,CVPR,2020
CVPR-2020-A006943,Bo Xu,UNKNOWN,UNKNOWN,CVPR,2020
CVPR-2020-A006944,Cheng Lu,UNKNOWN,UNKNOWN,CVPR,2020
CVPR-2020-A006945,Yandong Guo,UNKNOWN,UNKNOWN,CVPR,2020
CVPR-2020-A006946,Jacob Wang,UNKNOWN,UNKNOWN,CVPR,2020
CVPR-2020-A006947,Jiang-Jiang Liu,"CS, Nankai University",China,CVPR,2020
CVPR-2020-A006948,Qibin Hou,UNKNOWN,UNKNOWN,CVPR,2020
CVPR-2020-A006949,Ming-Ming Cheng,"CS, Nankai University",China,CVPR,2020
CVPR-2020-A006950,Changhu Wang,ByteDance AI Lab,China,CVPR,2020
CVPR-2020-A006951,Jiashi Feng,UNKNOWN,UNKNOWN,CVPR,2020
CVPR-2020-A006952,Youngwan Lee,"Electronics and Telecommunications Research Institute (ETRI), South Korea",South Korea,CVPR,2020
CVPR-2020-A006953,Jongyoul Park,"Electronics and Telecommunications Research Institute (ETRI), South Korea",South Korea,CVPR,2020
CVPR-2020-A006954,Zhu Zhang,"College of Computer Science, Zhejiang University",China,CVPR,2020
CVPR-2020-A006955,Zhou Zhao,"College of Computer Science, Zhejiang University",China,CVPR,2020
CVPR-2020-A006956,Yang Zhao,"College of Computer Science, Zhejiang University",China,CVPR,2020
CVPR-2020-A006957,Qi Wang,UNKNOWN,UNKNOWN,CVPR,2020
CVPR-2020-A006958,Huasheng Liu,UNKNOWN,UNKNOWN,CVPR,2020
CVPR-2020-A006959,Lianli Gao,University of Electronic Science and Technology of China,China,CVPR,2020
CVPR-2020-A006960,Sergey Zakharov,Technical University of Munich,Germany,CVPR,2020
CVPR-2020-A006961,Wadim Kehl,Toyota Research Institute,Japan,CVPR,2020
CVPR-2020-A006962,Arjun Bhargava,Toyota Research Institute,Japan,CVPR,2020
CVPR-2020-A006963,Adrien Gaidon,Toyota Research Institute,Japan,CVPR,2020
CVPR-2020-A006964,Qiuyu Chen,"Department of Computer Science, UNC Charlotte",United States,CVPR,2020
CVPR-2020-A006965,Wei Zhang,"Shanghai Key Laboratory of Intelligent Information Processing, School of Computer Science, Fudan University",China,CVPR,2020
CVPR-2020-A006966,Ning Zhou,Amazon Lab126,United States,CVPR,2020
CVPR-2020-A006967,Peng Lei,Amazon Lab126,United States,CVPR,2020
CVPR-2020-A006968,Yi Xu,"Shanghai Key Laboratory of Intelligent Information Processing, School of Computer Science, Fudan University",China,CVPR,2020
CVPR-2020-A006969,Yu Zheng,"School of Cyber Engineering, Xidian University",China,CVPR,2020
CVPR-2020-A006970,Jianping Fan,"Department of Computer Science, UNC Charlotte",United States,CVPR,2020
