author_id,author_name,institution,existing_country,llm_country,llm_confidence,llm_reason,applied
CVPR-2020-A000009,Yunfei Liu,"State Key Laboratory of VR Technology and Systems, School of CSE, Beihang University",UNKNOWN,China,high,Beihang University is a well-known university located in China.,yes
CVPR-2020-A000010,Yu Li,"Applied Research Center (ARC), Tencent PCG",UNKNOWN,China,high,"Tencent is a well-known Chinese technology company, and the Applied Research Center (ARC) under Tencent PCG is based in China.",yes
CVPR-2020-A000012,Feng Lu,"State Key Laboratory of VR Technology and Systems, School of CSE, Beihang University",UNKNOWN,China,high,Beihang University is a well-known university located in China.,yes
CVPR-2020-A000015,Dapeng Chen,"ShenZhen Key Lab of Computer Vision and Pattern Recognition, SIAT-SenseTime Joint",UNKNOWN,China,high,"ShenZhen is a city in China, and the institution name includes 'SIAT-SenseTime Joint,' which is associated with China.",yes
CVPR-2020-A000016,Rui Zhao,"ShenZhen Key Lab of Computer Vision and Pattern Recognition, SIAT-SenseTime Joint",UNKNOWN,China,high,"ShenZhen is a city in China, and the institution name includes 'SIAT-SenseTime Joint,' which is associated with China.",yes
CVPR-2020-A000017,Junjie Yan,"ShenZhen Key Lab of Computer Vision and Pattern Recognition, SIAT-SenseTime Joint",UNKNOWN,China,high,"ShenZhen is a city in China, and the institution name includes 'SIAT-SenseTime Joint,' which is associated with China.",yes
CVPR-2020-A000019,Thomas Verelst,Most research on deep neural networks focuses on improving accuracy without taking into account the model,UNKNOWN,UNKNOWN,low,The institution string does not contain any explicit reference to a country or institution name.,no
CVPR-2020-A000020,Tinne Tuytelaars,Most research on deep neural networks focuses on improving accuracy without taking into account the model,UNKNOWN,UNKNOWN,low,The institution string does not contain any explicit reference to a country or institution name.,no
CVPR-2020-A000021,Song Tao,Department of Electronic Engineering Shanghai Jiao Tong University,UNKNOWN,China,high,Shanghai Jiao Tong University is a well-known university located in China.,yes
CVPR-2020-A000022,Jia Wang,Department of Electronic Engineering Shanghai Jiao Tong University,UNKNOWN,China,high,Shanghai Jiao Tong University is a well-known university located in China.,yes
CVPR-2020-A000023,Haotong Qin,"State Key Lab of Software Development Environment, Beihang University",UNKNOWN,China,high,Beihang University is a well-known university located in China.,yes
CVPR-2020-A000024,Ruihao Gong,"State Key Lab of Software Development Environment, Beihang University",UNKNOWN,China,high,Beihang University is a well-known university located in China.,yes
CVPR-2020-A000025,Xianglong Liu,"State Key Lab of Software Development Environment, Beihang University | Beijing Advanced Innovation Center for Big Data-Based Precision Medicine, Beihang University",UNKNOWN,China,high,"Beihang University is a well-known institution in China, and the names of the labs and the conference (CVPR) are consistent with Chinese academic contexts.",yes
CVPR-2020-A000026,Mingzhu Shen,"State Key Lab of Software Development Environment, Beihang University",UNKNOWN,China,high,Beihang University is a well-known university located in China.,yes
CVPR-2020-A000027,Ziran Wei,Beijing University of Posts and Telecommunications,UNKNOWN,China,high,Beijing University of Posts and Telecommunications is a well-known institution located in China.,yes
CVPR-2020-A000028,Fengwei Yu,SenseTime Research,UNKNOWN,China,medium,"SenseTime is a well-known Chinese company, and its research is commonly associated with China.",yes
CVPR-2020-A000034,Xiaoyu Xiang,Purdue University,UNKNOWN,United States,high,Purdue University is a well-known university located in the United States.,yes
CVPR-2020-A000035,Yapeng Tian,University of Rochester,UNKNOWN,United States,high,The University of Rochester is a well-known institution located in the United States.,yes
CVPR-2020-A000038,Jan P. Allebach,Purdue University,UNKNOWN,United States,high,Purdue University is a well-known university located in the United States.,yes
CVPR-2020-A000039,Chenliang Xu,University of Rochester,UNKNOWN,United States,high,The University of Rochester is a well-known institution located in the United States.,yes
CVPR-2020-A000046,Jiahuan Zhou,"Department of Electrical and Computer Engineering, Northwestern University, US",UNKNOWN,United States,high,"The institution string explicitly includes 'US', which is the standard abbreviation for the United States.",yes
CVPR-2020-A000048,Ying Wu,"Department of Electrical and Computer Engineering, Northwestern University, US",UNKNOWN,United States,high,"The institution string explicitly includes 'US', which is the standard abbreviation for the United States.",yes
CVPR-2020-A000050,Jinyoung Moon,Electronics and Telecommunications Research Institute (ETRI),UNKNOWN,South Korea,high,"ETRI is a well-known research institute in South Korea, specializing in electronics and telecommunications.",yes
CVPR-2020-A000051,Jongyoul Park,Electronics and Telecommunications Research Institute (ETRI),UNKNOWN,South Korea,high,"ETRI is a well-known research institute in South Korea, specializing in electronics and telecommunications.",yes
CVPR-2020-A000052,Chanho Jung,Hanbat National University,UNKNOWN,South Korea,high,Hanbat National University is a well-known institution located in South Korea.,yes
CVPR-2020-A000054,Daniel Gehrig,"Dept. Informatics, Univ. of Zurich and Dept. of Neuroinformatics, Univ. of Zurich and ETH Zurich",UNKNOWN,Switzerland,high,"The institution names explicitly mention 'Univ. of Zurich' and 'ETH Zurich', both of which are well-known institutions located in Switzerland.",yes
CVPR-2020-A000055,Mathias Gehrig,"Dept. Informatics, Univ. of Zurich and Dept. of Neuroinformatics, Univ. of Zurich and ETH Zurich",UNKNOWN,Switzerland,high,"The institution names explicitly mention 'Univ. of Zurich' and 'ETH Zurich', both of which are well-known institutions located in Switzerland.",yes
CVPR-2020-A000056,Javier Hidalgo-Carrio,"Dept. Informatics, Univ. of Zurich and Dept. of Neuroinformatics, Univ. of Zurich and ETH Zurich",UNKNOWN,Switzerland,high,"The institution names explicitly mention 'Univ. of Zurich' and 'ETH Zurich', both of which are well-known institutions located in Switzerland.",yes
CVPR-2020-A000057,Davide Scaramuzza,"Dept. Informatics, Univ. of Zurich and Dept. of Neuroinformatics, Univ. of Zurich and ETH Zurich",UNKNOWN,Switzerland,high,"The institution names explicitly mention 'Univ. of Zurich' and 'ETH Zurich', both of which are well-known institutions located in Switzerland.",yes
CVPR-2020-A000058,Huayi Zeng,Washington University in St. Louis,UNKNOWN,United States,high,Washington University in St. Louis is a well-known university located in the United States.,yes
CVPR-2020-A000059,Kevin Joseph,Simon Fraser University,UNKNOWN,Canada,high,Simon Fraser University is a well-known university located in Canada.,yes
CVPR-2020-A000061,Yasutaka Furukawa,Simon Fraser University,UNKNOWN,Canada,high,Simon Fraser University is a well-known university located in Canada.,yes
CVPR-2020-A000067,Nilesh Kulkarni,Facebook AI Research,UNKNOWN,United States,medium,"Facebook AI Research is based in the United States, but the conference (CVPR) is international and does not provide direct country information.",yes
CVPR-2020-A000068,Abhinav Gupta,Facebook AI Research,UNKNOWN,United States,medium,"Facebook AI Research is based in the United States, but the conference (CVPR) is international and does not provide direct country information.",yes
CVPR-2020-A000069,David F. Fouhey,Facebook AI Research,UNKNOWN,United States,medium,"Facebook AI Research is based in the United States, but the conference (CVPR) is international and does not provide direct country information.",yes
CVPR-2020-A000070,Shubham Tulsiani,Facebook AI Research,UNKNOWN,United States,medium,"Facebook AI Research is based in the United States, but the conference (CVPR) is international and does not provide direct country information.",yes
CVPR-2020-A000071,Eugene Lee,"Institute of Electronics, National Chiao Tung University",UNKNOWN,Taiwan,high,National Chiao Tung University is a well-known university located in Taiwan.,yes
CVPR-2020-A000072,Chen-Yi Lee,"Institute of Electronics, National Chiao Tung University",UNKNOWN,Taiwan,high,National Chiao Tung University is a well-known university located in Taiwan.,yes
CVPR-2020-A000081,Shawn Mathew,Stony Brook University,UNKNOWN,United States,high,Stony Brook University is a well-known university located in the United States.,yes
CVPR-2020-A000082,Saad Nadeem,Memorial Sloan Kettering Cancer Center,UNKNOWN,United States,high,Memorial Sloan Kettering Cancer Center is a well-known institution located in the United States.,yes
CVPR-2020-A000083,Sruti Kumari,Stony Brook University,UNKNOWN,United States,high,Stony Brook University is a well-known university located in the United States.,yes
CVPR-2020-A000085,Yifeng Chen,Zhejiang University,UNKNOWN,China,high,Zhejiang University is a well-known university located in China.,yes
CVPR-2020-A000086,Guangchen Lin,Zhejiang University,UNKNOWN,China,high,Zhejiang University is a well-known university located in China.,yes
CVPR-2020-A000087,Songyuan Li,Zhejiang University,UNKNOWN,China,high,Zhejiang University is a well-known university located in China.,yes
CVPR-2020-A000088,Omar Bourahla,Zhejiang University,UNKNOWN,China,high,Zhejiang University is a well-known university located in China.,yes
CVPR-2020-A000089,Yiming Wu,Zhejiang University,UNKNOWN,China,high,Zhejiang University is a well-known university located in China.,yes
CVPR-2020-A000090,Fangfang Wang,Zhejiang University,UNKNOWN,China,high,Zhejiang University is a well-known university located in China.,yes
CVPR-2020-A000091,Junyi Feng,Zhejiang University,UNKNOWN,China,high,Zhejiang University is a well-known university located in China.,yes
CVPR-2020-A000092,Mingliang Xu,Zhengzhou University,UNKNOWN,China,high,"Zhengzhou University is a well-known university located in Zhengzhou, China.",yes
CVPR-2020-A000093,Xi Li,Zhejiang University,UNKNOWN,China,high,Zhejiang University is a well-known university located in China.,yes
CVPR-2020-A000094,Qihang Yu,The Johns Hopkins University,UNKNOWN,United States,high,The Johns Hopkins University is a well-known university located in the United States.,yes
CVPR-2020-A000095,Dong Yang,The Johns Hopkins University,UNKNOWN,United States,high,The Johns Hopkins University is a well-known university located in the United States.,yes
CVPR-2020-A000096,Holger Roth,The Johns Hopkins University,UNKNOWN,United States,high,The Johns Hopkins University is a well-known university located in the United States.,yes
CVPR-2020-A000097,Yutong Bai,The Johns Hopkins University,UNKNOWN,United States,high,The Johns Hopkins University is a well-known university located in the United States.,yes
CVPR-2020-A000098,Yixiao Zhang,The Johns Hopkins University,UNKNOWN,United States,high,The Johns Hopkins University is a well-known university located in the United States.,yes
CVPR-2020-A000099,Alan L. Yuille,The Johns Hopkins University,UNKNOWN,United States,high,The Johns Hopkins University is a well-known university located in the United States.,yes
CVPR-2020-A000100,Daguang Xu,The Johns Hopkins University,UNKNOWN,United States,high,The Johns Hopkins University is a well-known university located in the United States.,yes
CVPR-2020-A000101,Jeong Joon Park,"University of Washington, Seattle",UNKNOWN,United States,high,The University of Washington is a well-known institution located in the United States.,yes
CVPR-2020-A000102,Aleksander Holynski,"University of Washington, Seattle",UNKNOWN,United States,high,The University of Washington is a well-known institution located in the United States.,yes
CVPR-2020-A000103,Steven M. Seitz,"University of Washington, Seattle",UNKNOWN,United States,high,The University of Washington is a well-known institution located in the United States.,yes
CVPR-2020-A000104,Jinshan Pan,Nanjing University of Science and Technology,UNKNOWN,China,high,"Nanjing University of Science and Technology is a well-known institution located in Nanjing, China.",yes
CVPR-2020-A000105,Haoran Bai,Nanjing University of Science and Technology,UNKNOWN,China,high,"Nanjing University of Science and Technology is a well-known institution located in Nanjing, China.",yes
CVPR-2020-A000106,Jinhui Tang,Nanjing University of Science and Technology,UNKNOWN,China,high,"Nanjing University of Science and Technology is a well-known institution located in Nanjing, China.",yes
CVPR-2020-A000113,Yali Wang,"ShenZhen Key Lab of Computer Vision and Pattern Recognition, SIAT-SenseTime Joint",UNKNOWN,China,high,"ShenZhen is a city in China, and the institution name includes 'SIAT-SenseTime Joint,' which is associated with China.",yes
CVPR-2020-A000114,Zhipeng Zhou,"ShenZhen Key Lab of Computer Vision and Pattern Recognition, SIAT-SenseTime Joint",UNKNOWN,China,high,"ShenZhen is a city in China, and the institution name includes 'SIAT-SenseTime Joint,' which is associated with China.",yes
CVPR-2020-A000122,Boyang Deng,Google Research,UNKNOWN,United States,medium,"Google Research is primarily based in the United States, though it has offices in other countries.",no
CVPR-2020-A000123,Kyle Genova,Google Research,UNKNOWN,United States,medium,"Google Research is primarily based in the United States, though it has offices in other countries.",no
CVPR-2020-A000124,Soroosh Yazdani,Google Research,UNKNOWN,United States,medium,"Google Research is primarily based in the United States, though it has offices in other countries.",no
CVPR-2020-A000125,Sofien Bouaziz,Google Research,UNKNOWN,United States,medium,"Google Research is primarily based in the United States, though it has offices in other countries.",no
CVPR-2020-A000126,Geoffrey Hinton,Google Research,UNKNOWN,United States,medium,"Google Research is primarily based in the United States, though it has offices in other countries.",no
CVPR-2020-A000127,Andrea Tagliasacchi,Google Research,UNKNOWN,United States,medium,"Google Research is primarily based in the United States, though it has offices in other countries.",no
CVPR-2020-A000145,Li Zhang,University of Oxford,UNKNOWN,United Kingdom,high,The University of Oxford is a well-known institution located in the United Kingdom.,yes
CVPR-2020-A000149,Zhixuan Yu,University of Minnesota,UNKNOWN,United States,high,The University of Minnesota is a well-known institution located in the United States.,yes
CVPR-2020-A000150,Jae Shin Yoon,University of Minnesota,UNKNOWN,United States,high,The University of Minnesota is a well-known institution located in the United States.,yes
CVPR-2020-A000151,In Kyu Lee,University of Minnesota,UNKNOWN,United States,high,The University of Minnesota is a well-known institution located in the United States.,yes
CVPR-2020-A000152,Prashanth Venkatesh,University of Minnesota,UNKNOWN,United States,high,The University of Minnesota is a well-known institution located in the United States.,yes
CVPR-2020-A000153,Jaesik Park,University of Minnesota,UNKNOWN,United States,high,The University of Minnesota is a well-known institution located in the United States.,yes
CVPR-2020-A000154,Jihun Yu,University of Minnesota,UNKNOWN,United States,high,The University of Minnesota is a well-known institution located in the United States.,yes
CVPR-2020-A000155,Hyun Soo Park,University of Minnesota,UNKNOWN,United States,high,The University of Minnesota is a well-known institution located in the United States.,yes
CVPR-2020-A000167,Yanchao Yang,UCLA Vision Lab,UNKNOWN,United States,high,"UCLA (University of California, Los Angeles) is a well-known institution located in the United States.",yes
CVPR-2020-A000168,Stefano Soatto,UCLA Vision Lab,UNKNOWN,United States,high,"UCLA (University of California, Los Angeles) is a well-known institution located in the United States.",yes
CVPR-2020-A000173,Ali Thabet,"King Abdullah University of Science and Technology (KAUST), Saudi Arabia",UNKNOWN,Saudi Arabia,high,The institution name explicitly includes 'Saudi Arabia'.,yes
CVPR-2020-A000174,Bernard Ghanem,"King Abdullah University of Science and Technology (KAUST), Saudi Arabia",UNKNOWN,Saudi Arabia,high,The institution name explicitly includes 'Saudi Arabia'.,yes
CVPR-2020-A000175,Victor Kulikov,"PicsArt Inc.∗ Moscow, Russian Federation",UNKNOWN,Russian Federation,high,"The institution string explicitly mentions 'Moscow, Russian Federation', which clearly identifies the country.",yes
CVPR-2020-A000176,Victor Lempitsky,Samsung AI Center Moscow Skolkovo Institute of Science and Technology,UNKNOWN,Russia,high,"The institution includes 'Moscow Skolkovo Institute of Science and Technology', which is a well-known Russian institution located in Moscow, Russia.",yes
CVPR-2020-A000177,Biagio Brattoli,Heidelberg University,UNKNOWN,Germany,high,Heidelberg University is a well-known institution located in Germany.,yes
CVPR-2020-A000178,Joseph Tighe,Heidelberg University,UNKNOWN,Germany,high,Heidelberg University is a well-known institution located in Germany.,yes
CVPR-2020-A000179,Fedor Zhdanov,Heidelberg University,UNKNOWN,Germany,high,Heidelberg University is a well-known institution located in Germany.,yes
CVPR-2020-A000180,Pietro Perona,Heidelberg University,UNKNOWN,Germany,high,Heidelberg University is a well-known institution located in Germany.,yes
CVPR-2020-A000181,Krzysztof Chalupka,Heidelberg University,UNKNOWN,Germany,high,Heidelberg University is a well-known institution located in Germany.,yes
CVPR-2020-A000182,Chao-Yuan Wu,The University of Texas at Austin,UNKNOWN,United States,high,The University of Texas at Austin is a well-known institution located in the United States.,yes
CVPR-2020-A000183,Ross Girshick,The University of Texas at Austin,UNKNOWN,United States,high,The University of Texas at Austin is a well-known institution located in the United States.,yes
CVPR-2020-A000184,Kaiming He,The University of Texas at Austin,UNKNOWN,United States,high,The University of Texas at Austin is a well-known institution located in the United States.,yes
CVPR-2020-A000185,Christoph Feichtenhofer,The University of Texas at Austin,UNKNOWN,United States,high,The University of Texas at Austin is a well-known institution located in the United States.,yes
CVPR-2020-A000186,Philipp Krahenbuhl,The University of Texas at Austin,UNKNOWN,United States,high,The University of Texas at Austin is a well-known institution located in the United States.,yes
CVPR-2020-A000193,Yue Liao,"School of Computer Science and Engineering, Beihang University | SenseTime Research",UNKNOWN,China,high,"Beihang University is a well-known institution located in China. SenseTime is a Chinese artificial intelligence company, further supporting the inference of China as the country.",yes
CVPR-2020-A000194,Si Liu,"School of Computer Science and Engineering, Beihang University",UNKNOWN,China,high,Beihang University is a well-known university located in China.,yes
CVPR-2020-A000195,Fei Wang,SenseTime Research,UNKNOWN,China,medium,"SenseTime is a well-known Chinese company, and its research is commonly associated with China.",yes
CVPR-2020-A000196,Yanjie Chen,SenseTime Research,UNKNOWN,China,medium,"SenseTime is a well-known Chinese company, and its research is commonly associated with China.",yes
CVPR-2020-A000197,Chen Qian,SenseTime Research,UNKNOWN,China,medium,"SenseTime is a well-known Chinese company, and its research is commonly associated with China.",yes
CVPR-2020-A000208,Kai Han,"Noah’s Ark Lab, Huawei Technologies.",UNKNOWN,China | United States,medium,"Huawei Technologies is a well-known Chinese company, while Noah’s Ark Lab is associated with Huawei and located in the United States.",no
CVPR-2020-A000209,Yunhe Wang,"Noah’s Ark Lab, Huawei Technologies.",UNKNOWN,China | United States,medium,"Huawei Technologies is a well-known Chinese company, while Noah’s Ark Lab is associated with Huawei and located in the United States.",no
CVPR-2020-A000210,Qi Tian,"Noah’s Ark Lab, Huawei Technologies.",UNKNOWN,China | United States,medium,"Huawei Technologies is a well-known Chinese company, while Noah’s Ark Lab is associated with Huawei and located in the United States.",no
CVPR-2020-A000211,Jianyuan Guo,Peking University.,UNKNOWN,China,high,Peking University is a well-known institution located in China.,yes
CVPR-2020-A000212,Chunjing Xu,"Noah’s Ark Lab, Huawei Technologies.",UNKNOWN,China | United States,medium,"Huawei Technologies is a well-known Chinese company, while Noah’s Ark Lab is associated with Huawei and located in the United States.",no
CVPR-2020-A000213,Chang Xu,"School of Computer Science, Faculty of Engineering, University of Sydney.",UNKNOWN,Australia,high,"The institution is explicitly named as the University of Sydney, which is located in Australia.",yes
CVPR-2020-A000226,Qian Wang,"Institute for Medical Imaging Technology, School of Biomedical Engineering, Shanghai Jiao Tong",UNKNOWN,China,high,"The institution name includes 'Shanghai Jiao Tong', which is a well-known university in China.",yes
CVPR-2020-A000235,Tai-Yin Chiu,University of Texas at Austin,UNKNOWN,United States,high,The University of Texas at Austin is a well-known institution located in the United States.,yes
CVPR-2020-A000236,Yinan Zhao,University of Texas at Austin,UNKNOWN,United States,high,The University of Texas at Austin is a well-known institution located in the United States.,yes
CVPR-2020-A000237,Danna Gurari,University of Texas at Austin,UNKNOWN,United States,high,The University of Texas at Austin is a well-known institution located in the United States.,yes
CVPR-2020-A000248,Jianbing Shen,"Inception Institute of Artificial Intelligence, UAE",UNKNOWN,United Arab Emirates,high,"The institution name explicitly includes 'UAE', which is the official country name.",yes
CVPR-2020-A000249,Ling Shao,"Inception Institute of Artificial Intelligence, UAE",UNKNOWN,United Arab Emirates,high,"The institution name explicitly includes 'UAE', which is the official country name.",yes
CVPR-2020-A000251,Viktor Larsson,"Department of Computer Science, ETH Zürich",UNKNOWN,Switzerland,high,ETH Zürich is a well-known institution located in Switzerland.,yes
CVPR-2020-A000252,Marc Pollefeys,"Department of Computer Science, ETH Zürich | Microsoft Mixed Reality & AI Zurich Lab",UNKNOWN,Switzerland,high,"ETH Zürich is a well-known institution located in Switzerland, and the Microsoft Mixed Reality & AI Zurich Lab is also based in Zurich, Switzerland.",yes
CVPR-2020-A000253,Torsten Sattler,Chalmers University of Technology,UNKNOWN,Sweden,high,Chalmers University of Technology is a well-known institution located in Sweden.,yes
CVPR-2020-A000262,Angela Dai,Technical University of Munich,UNKNOWN,Germany,high,Technical University of Munich is a well-known institution located in Germany.,yes
CVPR-2020-A000263,Christian Diller,Technical University of Munich,UNKNOWN,Germany,high,Technical University of Munich is a well-known institution located in Germany.,yes
CVPR-2020-A000264,Matthias Niessner,Technical University of Munich,UNKNOWN,Germany,high,Technical University of Munich is a well-known institution located in Germany.,yes
CVPR-2020-A000265,Xu Cao,Osaka University,UNKNOWN,Japan,high,Osaka University is a well-known institution located in Japan.,yes
CVPR-2020-A000266,Michael Waechter,Osaka University,UNKNOWN,Japan,high,Osaka University is a well-known institution located in Japan.,yes
CVPR-2020-A000267,Boxin Shi,Peking University | Peng Cheng Laboratory,UNKNOWN,China,high,Peking University is a well-known institution located in China. Peng Cheng Laboratory is also based in China.,yes
CVPR-2020-A000270,Yasuyuki Matsushita,Osaka University,UNKNOWN,Japan,high,Osaka University is a well-known institution located in Japan.,yes
CVPR-2020-A000272,Yang Cong,"State Key Laboratory of Robotics, Shenyang Institute of Automation | Institutes for Robotics and Intelligent Manufacturing",UNKNOWN,China,high,"The institution name includes 'Shenyang Institute of Automation', which is a well-known research institute located in Shenyang, China.",yes
CVPR-2020-A000273,Gan Sun,"State Key Laboratory of Robotics, Shenyang Institute of Automation | Institutes for Robotics and Intelligent Manufacturing",UNKNOWN,China,high,"The institution name includes 'Shenyang Institute of Automation', which is a well-known research institute located in Shenyang, China.",yes
CVPR-2020-A000277,Jia Deng,Princeton University,UNKNOWN,United States,high,Princeton University is a well-known institution located in the United States.,yes
CVPR-2020-A000278,Carolin Schmitt,"Max Planck Institute for Intelligent Systems, Tübingen | University of Tübingen",UNKNOWN,Germany,high,"The institution names 'Max Planck Institute for Intelligent Systems, Tübingen' and 'University of Tübingen' are well-known institutions located in Germany.",yes
CVPR-2020-A000280,Gernot Riegler,Intel Intelligent Systems Lab,UNKNOWN,United States,medium,"Intel is a multinational corporation, but its headquarters is in the United States. The Intelligent Systems Lab is likely based in the U.S., though this is not certain.",no
CVPR-2020-A000281,Vladlen Koltun,Intel Intelligent Systems Lab,UNKNOWN,United States,medium,"Intel is a multinational corporation, but its headquarters is in the United States. The Intelligent Systems Lab is likely based in the U.S., though this is not certain.",no
CVPR-2020-A000282,Andreas Geiger,"Max Planck Institute for Intelligent Systems, Tübingen | University of Tübingen",UNKNOWN,Germany,high,"The institution names 'Max Planck Institute for Intelligent Systems, Tübingen' and 'University of Tübingen' are well-known institutions located in Germany.",yes
CVPR-2020-A000296,Tianyu Wang,"Department of Computer Science and Engineering, The Chinese University of Hong Kong | Shenzhen Key Laboratory of Virtual Reality and Human Interaction Technology",UNKNOWN,China,high,"The institution name includes 'The Chinese University of Hong Kong | Shenzhen Key Laboratory', which is located in Shenzhen, China.",yes
CVPR-2020-A000297,Xiaowei Hu,"Department of Computer Science and Engineering, The Chinese University of Hong Kong",UNKNOWN,China,high,"The institution is explicitly named as 'The Chinese University of Hong Kong', which is located in Hong Kong, China.",yes
CVPR-2020-A000298,Qiong Wang,Shenzhen Key Laboratory of Virtual Reality and Human Interaction Technology,UNKNOWN,China,high,"Shenzhen is a city in China, and the institution name clearly references a location within China.",yes
CVPR-2020-A000299,Pheng-Ann Heng,"Department of Computer Science and Engineering, The Chinese University of Hong Kong | Shenzhen Key Laboratory of Virtual Reality and Human Interaction Technology",UNKNOWN,China,high,"The institution name includes 'The Chinese University of Hong Kong | Shenzhen Key Laboratory', which is located in Shenzhen, China.",yes
CVPR-2020-A000300,Chi-Wing Fu,"Department of Computer Science and Engineering, The Chinese University of Hong Kong | Shenzhen Key Laboratory of Virtual Reality and Human Interaction Technology",UNKNOWN,China,high,"The institution name includes 'The Chinese University of Hong Kong | Shenzhen Key Laboratory', which is located in Shenzhen, China.",yes
CVPR-2020-A000305,Yan Wang,Johns Hopkins University,UNKNOWN,United States,high,Johns Hopkins University is a well-known university located in the United States.,yes
CVPR-2020-A000306,Xu Wei,University of California San Diego,UNKNOWN,United States,high,The University of California San Diego is a well-known institution located in the United States.,yes
CVPR-2020-A000307,Fengze Liu,Johns Hopkins University,UNKNOWN,United States,high,Johns Hopkins University is a well-known university located in the United States.,yes
CVPR-2020-A000308,Jieneng Chen,Tongji University,UNKNOWN,China,high,Tongji University is a well-known university located in China.,yes
CVPR-2020-A000309,Yuyin Zhou,Johns Hopkins University,UNKNOWN,United States,high,Johns Hopkins University is a well-known university located in the United States.,yes
CVPR-2020-A000310,Wei Shen,Johns Hopkins University,UNKNOWN,United States,high,Johns Hopkins University is a well-known university located in the United States.,yes
CVPR-2020-A000311,Elliot K. Fishman,The Johns Hopkins University School of Medicine,UNKNOWN,United States,high,The Johns Hopkins University is a well-known institution located in the United States.,yes
CVPR-2020-A000312,Alan L. Yuille,Johns Hopkins University,UNKNOWN,United States,high,Johns Hopkins University is a well-known university located in the United States.,yes
CVPR-2020-A000313,Dian Shao,"CUHK-SenseTime Joint Lab, The Chinese University of Hong Kong",UNKNOWN,China,high,"The institution name includes 'The Chinese University of Hong Kong', which is located in Hong Kong, China. Hong Kong is a Special Administrative Region of China.",yes
CVPR-2020-A000314,Yue Zhao,"CUHK-SenseTime Joint Lab, The Chinese University of Hong Kong",UNKNOWN,China,high,"The institution name includes 'The Chinese University of Hong Kong', which is located in Hong Kong, China. Hong Kong is a Special Administrative Region of China.",yes
CVPR-2020-A000315,Bo Dai,"CUHK-SenseTime Joint Lab, The Chinese University of Hong Kong",UNKNOWN,China,high,"The institution name includes 'The Chinese University of Hong Kong', which is located in Hong Kong, China. Hong Kong is a Special Administrative Region of China.",yes
CVPR-2020-A000316,Dahua Lin,"CUHK-SenseTime Joint Lab, The Chinese University of Hong Kong",UNKNOWN,China,high,"The institution name includes 'The Chinese University of Hong Kong', which is located in Hong Kong, China. Hong Kong is a Special Administrative Region of China.",yes
CVPR-2020-A000325,Chang Xiao,Columbia University,UNKNOWN,United States,high,Columbia University is a well-known institution located in the United States.,yes
CVPR-2020-A000326,Changxi Zheng,Columbia University,UNKNOWN,United States,high,Columbia University is a well-known institution located in the United States.,yes
CVPR-2020-A000328,Yujun Shen,The Chinese University of Hong Kong,UNKNOWN,China,high,The institution name explicitly includes 'China'.,yes
CVPR-2020-A000329,Bolei Zhou,The Chinese University of Hong Kong,UNKNOWN,China,high,The institution name explicitly includes 'China'.,yes
CVPR-2020-A000339,Nan Yang,Technical University of Munich | Artisense,UNKNOWN,Germany,high,Technical University of Munich is a well-known institution located in Germany.,yes
CVPR-2020-A000340,Lukas von Stumberg,Technical University of Munich | Artisense,UNKNOWN,Germany,high,Technical University of Munich is a well-known institution located in Germany.,yes
CVPR-2020-A000341,Rui Wang,Technical University of Munich | Artisense,UNKNOWN,Germany,high,Technical University of Munich is a well-known institution located in Germany.,yes
CVPR-2020-A000342,Daniel Cremers,Technical University of Munich | Artisense,UNKNOWN,Germany,high,Technical University of Munich is a well-known institution located in Germany.,yes
CVPR-2020-A000343,Ming Jiang,University of Minnesota,UNKNOWN,United States,high,The University of Minnesota is a well-known institution located in the United States.,yes
CVPR-2020-A000344,Shi Chen,University of Minnesota,UNKNOWN,United States,high,The University of Minnesota is a well-known institution located in the United States.,yes
CVPR-2020-A000345,Jinhui Yang,University of Minnesota,UNKNOWN,United States,high,The University of Minnesota is a well-known institution located in the United States.,yes
CVPR-2020-A000346,Qi Zhao,University of Minnesota,UNKNOWN,United States,high,The University of Minnesota is a well-known institution located in the United States.,yes
CVPR-2020-A000347,Maosen Li,"Cooperative Medianet Innovation Center, Shanghai Jiao Tong University",UNKNOWN,China,high,"Shanghai Jiao Tong University is a well-known university located in Shanghai, China.",yes
CVPR-2020-A000348,Siheng Chen,Mitsubishi Electric Research Laboratories,UNKNOWN,Japan,high,"Mitsubishi Electric is a well-known Japanese company, and its research laboratories are based in Japan.",yes
CVPR-2020-A000349,Yangheng Zhao,"Cooperative Medianet Innovation Center, Shanghai Jiao Tong University",UNKNOWN,China,high,"Shanghai Jiao Tong University is a well-known university located in Shanghai, China.",yes
CVPR-2020-A000350,Ya Zhang,"Cooperative Medianet Innovation Center, Shanghai Jiao Tong University",UNKNOWN,China,high,"Shanghai Jiao Tong University is a well-known university located in Shanghai, China.",yes
CVPR-2020-A000351,Yanfeng Wang,"Cooperative Medianet Innovation Center, Shanghai Jiao Tong University",UNKNOWN,China,high,"Shanghai Jiao Tong University is a well-known university located in Shanghai, China.",yes
CVPR-2020-A000352,Qi Tian,"Cooperative Medianet Innovation Center, Shanghai Jiao Tong University",UNKNOWN,China,high,"Shanghai Jiao Tong University is a well-known university located in Shanghai, China.",yes
CVPR-2020-A000353,Yinyu Nie,"Bournemouth University | The Chinese University of Hong Kong, Shenzhen | Shenzhen Research Institute of Big Data",UNKNOWN,United Kingdom | China,high,"Bournemouth University is located in the United Kingdom, and The Chinese University of Hong Kong, Shenzhen and Shenzhen Research Institute of Big Data are located in China.",yes
CVPR-2020-A000354,Xiaoguang Han,"The Chinese University of Hong Kong, Shenzhen | Shenzhen Research Institute of Big Data",UNKNOWN,China,high,"The institution name explicitly includes 'Chinese University of Hong Kong, Shenzhen' and 'Shenzhen Research Institute of Big Data', both of which are located in Shenzhen, China.",yes
CVPR-2020-A000355,Shihui Guo,Xiamen University,UNKNOWN,China,high,"Xiamen University is a well-known university located in Xiamen, China.",yes
CVPR-2020-A000356,Yujian Zheng,"The Chinese University of Hong Kong, Shenzhen | Shenzhen Research Institute of Big Data",UNKNOWN,China,high,"The institution name explicitly includes 'Chinese University of Hong Kong, Shenzhen' and 'Shenzhen Research Institute of Big Data', both of which are located in Shenzhen, China.",yes
CVPR-2020-A000357,Jian Chang,Bournemouth University,UNKNOWN,United Kingdom,high,Bournemouth University is a well-known university located in the United Kingdom.,yes
CVPR-2020-A000358,Jian Jun Zhang,Bournemouth University,UNKNOWN,United Kingdom,high,Bournemouth University is a well-known university located in the United Kingdom.,yes
CVPR-2020-A000362,Dacheng Tao,"UBTECH Sydney AI Centre, School of Computer Science, Faculty of Engineering",UNKNOWN,Australia,high,"The institution name includes 'Sydney', which is a major city in Australia.",yes
CVPR-2020-A000374,Bing Zhou,"School of Information Engineering, Zhengzhou University",UNKNOWN,China,high,"Zhengzhou University is a well-known university located in Zhengzhou, China.",yes
CVPR-2020-A000375,Xin Yang,"School of Computer Science and Technology, Dalian University of Technology",UNKNOWN,China,high,"Dalian University of Technology is a well-known institution located in Dalian, China.",yes
CVPR-2020-A000376,Yanwei Pang,"School of Electrical and Information Engineering, Tianjin University",UNKNOWN,China,high,"Tianjin University is a well-known university located in Tianjin, China.",yes
CVPR-2020-A000377,Dong Wang,"Center for Data Science, Peking University",UNKNOWN,China,high,Peking University is a well-known institution located in China.,yes
CVPR-2020-A000378,Yuan Zhang,"Key Laboratory of Machine Perception, MOE, School of EECS, Peking University",UNKNOWN,China,high,Peking University is a well-known institution located in China.,yes
CVPR-2020-A000379,Kexin Zhang,"Key Laboratory of Machine Perception, MOE, School of EECS, Peking University | Yizhun Medical AI Co., Ltd",UNKNOWN,China,high,Peking University is a well-known institution located in China.,yes
CVPR-2020-A000380,Liwei Wang,"Center for Data Science, Peking University | Key Laboratory of Machine Perception, MOE, School of EECS, Peking University",UNKNOWN,China,high,Peking University is a well-known institution located in China.,yes
CVPR-2020-A000396,Xiaopeng Zhang,Huawei Noah’s Ark Lab,UNKNOWN,China,high,"Huawei is a well-known Chinese technology company, and the Noah’s Ark Lab is a research laboratory under Huawei.",yes
CVPR-2020-A000398,Zequn Jie,Tencent AI Lab,UNKNOWN,China,high,"Tencent is a well-known Chinese technology company, and its AI Lab is based in China.",yes
CVPR-2020-A000399,Wei Liu,Tencent AI Lab,UNKNOWN,China,high,"Tencent is a well-known Chinese technology company, and its AI Lab is based in China.",yes
CVPR-2020-A000401,Deng-Ping Fan,"TKLNDST, College of CS, Nankai University | Inception Institute of Artificial Intelligence",UNKNOWN,China,high,Nankai University is a well-known institution located in China.,yes
CVPR-2020-A000402,Zheng Lin,"TKLNDST, College of CS, Nankai University",UNKNOWN,China,high,Nankai University is a well-known institution located in China.,yes
CVPR-2020-A000403,Ge-Peng Ji,"School of Computer Science, Wuhan University",UNKNOWN,China,high,Wuhan University is a well-known institution located in China.,yes
CVPR-2020-A000404,Dingwen Zhang,Xidian University,UNKNOWN,China,high,Xidian University is a well-known university located in China.,yes
CVPR-2020-A000405,Huazhu Fu,Inception Institute of Artificial Intelligence,UNKNOWN,United Arab Emirates,high,The Inception Institute of Artificial Intelligence is based in the United Arab Emirates.,yes
CVPR-2020-A000406,Ming-Ming Cheng,"TKLNDST, College of CS, Nankai University",UNKNOWN,China,high,Nankai University is a well-known institution located in China.,yes
CVPR-2020-A000418,Yutian Lin,Hangzhou Dianzi University,UNKNOWN,China,high,"Hangzhou Dianzi University is a well-known university located in Hangzhou, China.",yes
CVPR-2020-A000419,Lingxi Xie,Huawei Inc.,UNKNOWN,China,high,Huawei Inc. is a well-known Chinese multinational technology company.,yes
CVPR-2020-A000420,Yu Wu,"Baidu Research | ReLER, University of Technology Sydney",UNKNOWN,China | Australia,high,"Baidu Research is based in China, and the University of Technology Sydney is based in Australia.",yes
CVPR-2020-A000421,Chenggang Yan,Hangzhou Dianzi University,UNKNOWN,China,high,"Hangzhou Dianzi University is a well-known university located in Hangzhou, China.",yes
CVPR-2020-A000422,Qi Tian,Huawei Inc.,UNKNOWN,China,high,Huawei Inc. is a well-known Chinese multinational technology company.,yes
CVPR-2020-A000423,Hanting Chen,"Key Lab of Machine Perception (MOE), Dept. of Machine Intelligence, Peking University. | Noah’s Ark Lab, Huawei Technologies.",UNKNOWN,China,high,Peking University and Huawei Technologies are well-known institutions based in China.,yes
CVPR-2020-A000424,Yunhe Wang,"Noah’s Ark Lab, Huawei Technologies.",UNKNOWN,China | United States,medium,"Huawei Technologies is a well-known Chinese company, while Noah’s Ark Lab is associated with Huawei and located in the United States.",no
CVPR-2020-A000425,Han Shu,"Noah’s Ark Lab, Huawei Technologies.",UNKNOWN,China | United States,medium,"Huawei Technologies is a well-known Chinese company, while Noah’s Ark Lab is associated with Huawei and located in the United States.",no
CVPR-2020-A000426,Yehui Tang,"Key Lab of Machine Perception (MOE), Dept. of Machine Intelligence, Peking University. | Noah’s Ark Lab, Huawei Technologies.",UNKNOWN,China,high,Peking University and Huawei Technologies are well-known institutions based in China.,yes
CVPR-2020-A000427,Chunjing Xu,"Noah’s Ark Lab, Huawei Technologies.",UNKNOWN,China | United States,medium,"Huawei Technologies is a well-known Chinese company, while Noah’s Ark Lab is associated with Huawei and located in the United States.",no
CVPR-2020-A000428,Boxin Shi,"NELVT, Dept. of CS, Peking University. | Peng Cheng Laboratory.",UNKNOWN,China,high,Peking University is a well-known institution located in China. The Peng Cheng Laboratory is also based in China.,yes
CVPR-2020-A000429,Chao Xu,"Key Lab of Machine Perception (MOE), Dept. of Machine Intelligence, Peking University.",UNKNOWN,China,high,Peking University is a well-known institution located in China.,yes
CVPR-2020-A000430,Qi Tian,"Noah’s Ark Lab, Huawei Technologies.",UNKNOWN,China | United States,medium,"Huawei Technologies is a well-known Chinese company, while Noah’s Ark Lab is associated with Huawei and located in the United States.",no
CVPR-2020-A000431,Chang Xu,"School of Computer Science, Faculty of Engineering, The University of Sydney.",UNKNOWN,Australia,high,The University of Sydney is a well-known institution located in Australia.,yes
CVPR-2020-A000432,Sen Jia,Ryerson University,UNKNOWN,Canada,high,"Ryerson University is a well-known institution located in Toronto, Canada.",yes
CVPR-2020-A000433,Neil D. B. Bruce,"Ryerson University, Vector Institute",UNKNOWN,Canada,high,Ryerson University and the Vector Institute are both well-known institutions located in Canada.,yes
CVPR-2020-A000445,Danhang Tang,Google,UNKNOWN,United States,medium,"Google is a multinational corporation, but its headquarters is in the United States. However, it operates in many countries, so the inference is not definitive.",no
CVPR-2020-A000446,Saurabh Singh,Google,UNKNOWN,United States,medium,"Google is a multinational corporation, but its headquarters is in the United States. However, it operates in many countries, so the inference is not definitive.",no
CVPR-2020-A000447,Philip A. Chou,Google,UNKNOWN,United States,medium,"Google is a multinational corporation, but its headquarters is in the United States. However, it operates in many countries, so the inference is not definitive.",no
CVPR-2020-A000448,Christian Hane,Google,UNKNOWN,United States,medium,"Google is a multinational corporation, but its headquarters is in the United States. However, it operates in many countries, so the inference is not definitive.",no
CVPR-2020-A000449,Mingsong Dou,Google,UNKNOWN,United States,medium,"Google is a multinational corporation, but its headquarters is in the United States. However, it operates in many countries, so the inference is not definitive.",no
CVPR-2020-A000450,Sean Fanello,Google,UNKNOWN,United States,medium,"Google is a multinational corporation, but its headquarters is in the United States. However, it operates in many countries, so the inference is not definitive.",no
CVPR-2020-A000451,Jonathan Taylor,Google,UNKNOWN,United States,medium,"Google is a multinational corporation, but its headquarters is in the United States. However, it operates in many countries, so the inference is not definitive.",no
CVPR-2020-A000452,Philip Davidson,Google,UNKNOWN,United States,medium,"Google is a multinational corporation, but its headquarters is in the United States. However, it operates in many countries, so the inference is not definitive.",no
CVPR-2020-A000453,Onur G. Guleryuz,Google,UNKNOWN,United States,medium,"Google is a multinational corporation, but its headquarters is in the United States. However, it operates in many countries, so the inference is not definitive.",no
CVPR-2020-A000454,Yinda Zhang,Google,UNKNOWN,United States,medium,"Google is a multinational corporation, but its headquarters is in the United States. However, it operates in many countries, so the inference is not definitive.",no
CVPR-2020-A000455,Shahram Izadi,Google,UNKNOWN,United States,medium,"Google is a multinational corporation, but its headquarters is in the United States. However, it operates in many countries, so the inference is not definitive.",no
CVPR-2020-A000456,Andrea Tagliasacchi,Google,UNKNOWN,United States,medium,"Google is a multinational corporation, but its headquarters is in the United States. However, it operates in many countries, so the inference is not definitive.",no
CVPR-2020-A000457,Sofien Bouaziz,Google,UNKNOWN,United States,medium,"Google is a multinational corporation, but its headquarters is in the United States. However, it operates in many countries, so the inference is not definitive.",no
CVPR-2020-A000458,Cem Keskin,Google,UNKNOWN,United States,medium,"Google is a multinational corporation, but its headquarters is in the United States. However, it operates in many countries, so the inference is not definitive.",no
CVPR-2020-A000459,Jin Xiao,The Hong Kong Polytechnic University,UNKNOWN,Hong Kong,high,"The institution name explicitly includes 'Hong Kong', which is a Special Administrative Region of China but is often treated as a separate entity in academic and institutional contexts.",yes
CVPR-2020-A000460,Shuhang Gu,The Hong Kong Polytechnic University,UNKNOWN,Hong Kong,high,"The institution name explicitly includes 'Hong Kong', which is a Special Administrative Region of China but is often treated as a separate entity in academic and institutional contexts.",yes
CVPR-2020-A000461,Lei Zhang,The Hong Kong Polytechnic University,UNKNOWN,Hong Kong,high,"The institution name explicitly includes 'Hong Kong', which is a Special Administrative Region of China but is often treated as a separate entity in academic and institutional contexts.",yes
CVPR-2020-A000473,Qi Tian,"Noah’s Ark Lab, Huawei Technologies",UNKNOWN,China,high,Huawei Technologies is a well-known Chinese company.,yes
CVPR-2020-A000474,Wei Chen,"School of Computer Science, University of Birmingham | School of Computer Science, National University of Defense Technology",UNKNOWN,United Kingdom | China,high,The institutions are explicitly named as University of Birmingham (United Kingdom) and National University of Defense Technology (China).,yes
CVPR-2020-A000475,Xi Jia,"School of Computer Science, University of Birmingham",UNKNOWN,United Kingdom,high,The University of Birmingham is a well-known institution located in the United Kingdom.,yes
CVPR-2020-A000476,Hyung Jin Chang,"School of Computer Science, University of Birmingham",UNKNOWN,United Kingdom,high,The University of Birmingham is a well-known institution located in the United Kingdom.,yes
CVPR-2020-A000477,Jinming Duan,"School of Computer Science, University of Birmingham",UNKNOWN,United Kingdom,high,The University of Birmingham is a well-known institution located in the United Kingdom.,yes
CVPR-2020-A000489,Xiaohang Zhan,"CUHK - SenseTime Joint Lab, The Chinese University of Hong Kong",UNKNOWN,China,high,"The institution name includes 'The Chinese University of Hong Kong', which is located in Hong Kong, China.",yes
CVPR-2020-A000490,Xingang Pan,"CUHK - SenseTime Joint Lab, The Chinese University of Hong Kong",UNKNOWN,China,high,"The institution name includes 'The Chinese University of Hong Kong', which is located in Hong Kong, China.",yes
CVPR-2020-A000491,Bo Dai,"CUHK - SenseTime Joint Lab, The Chinese University of Hong Kong",UNKNOWN,China,high,"The institution name includes 'The Chinese University of Hong Kong', which is located in Hong Kong, China.",yes
CVPR-2020-A000492,Ziwei Liu,"CUHK - SenseTime Joint Lab, The Chinese University of Hong Kong",UNKNOWN,China,high,"The institution name includes 'The Chinese University of Hong Kong', which is located in Hong Kong, China.",yes
CVPR-2020-A000493,Dahua Lin,"CUHK - SenseTime Joint Lab, The Chinese University of Hong Kong",UNKNOWN,China,high,"The institution name includes 'The Chinese University of Hong Kong', which is located in Hong Kong, China.",yes
CVPR-2020-A000494,Chen Change Loy,Nanyang Technological University,UNKNOWN,Singapore,high,Nanyang Technological University is a well-known university located in Singapore.,yes
CVPR-2020-A000495,Jian Wang,University of Virginia,UNKNOWN,United States,high,The University of Virginia is a well-known institution located in the United States.,yes
CVPR-2020-A000496,Miaomiao Zhang,University of Virginia,UNKNOWN,United States,high,The University of Virginia is a well-known institution located in the United States.,yes
CVPR-2020-A000511,Jie Song,"Zhejiang University, Stevens Institute of Technology",UNKNOWN,China | United States,high,"Zhejiang University is located in China, and Stevens Institute of Technology is located in the United States.",yes
CVPR-2020-A000512,Yixin Chen,"Zhejiang University, Stevens Institute of Technology",UNKNOWN,China | United States,high,"Zhejiang University is located in China, and Stevens Institute of Technology is located in the United States.",yes
CVPR-2020-A000513,Jingwen Ye,"Zhejiang University, Stevens Institute of Technology",UNKNOWN,China | United States,high,"Zhejiang University is located in China, and Stevens Institute of Technology is located in the United States.",yes
CVPR-2020-A000514,Xinchao Wang,"Zhejiang University, Stevens Institute of Technology",UNKNOWN,China | United States,high,"Zhejiang University is located in China, and Stevens Institute of Technology is located in the United States.",yes
CVPR-2020-A000515,Chengchao Shen,"Zhejiang University, Stevens Institute of Technology",UNKNOWN,China | United States,high,"Zhejiang University is located in China, and Stevens Institute of Technology is located in the United States.",yes
CVPR-2020-A000516,Feng Mao,"Zhejiang University, Stevens Institute of Technology",UNKNOWN,China | United States,high,"Zhejiang University is located in China, and Stevens Institute of Technology is located in the United States.",yes
CVPR-2020-A000517,Mingli Song,"Zhejiang University, Stevens Institute of Technology",UNKNOWN,China | United States,high,"Zhejiang University is located in China, and Stevens Institute of Technology is located in the United States.",yes
CVPR-2020-A000524,He Wang,Stanford University,UNKNOWN,United States,high,Stanford University is located in the United States.,yes
CVPR-2020-A000525,Li Yi,Google Research,UNKNOWN,United States,medium,"Google Research is primarily based in the United States, though it has offices in other countries.",no
CVPR-2020-A000528,Shuran Song,Columbia University,UNKNOWN,United States,high,Columbia University is a well-known institution located in the United States.,yes
CVPR-2020-A000529,Charles R. Qi,Stanford University,UNKNOWN,United States,high,Stanford University is located in the United States.,yes
CVPR-2020-A000530,Xinlei Chen,Stanford University,UNKNOWN,United States,high,Stanford University is located in the United States.,yes
CVPR-2020-A000531,Or Litany,Stanford University,UNKNOWN,United States,high,Stanford University is located in the United States.,yes
CVPR-2020-A000532,Leonidas J. Guibas,Stanford University,UNKNOWN,United States,high,Stanford University is located in the United States.,yes
CVPR-2020-A000544,Lei Zhang,"Inception Institute of Artificial Intelligence (IIAI), Abu Dhabi, United Arab Emirates",UNKNOWN,United Arab Emirates,high,"The institution explicitly mentions 'Abu Dhabi, United Arab Emirates'.",yes
CVPR-2020-A000548,Shengcai Liao,"Inception Institute of Artificial Intelligence (IIAI), Abu Dhabi, United Arab Emirates",UNKNOWN,United Arab Emirates,high,"The institution explicitly mentions 'Abu Dhabi, United Arab Emirates'.",yes
CVPR-2020-A000549,Ling Shao,"Inception Institute of Artificial Intelligence (IIAI), Abu Dhabi, United Arab Emirates",UNKNOWN,United Arab Emirates,high,"The institution explicitly mentions 'Abu Dhabi, United Arab Emirates'.",yes
CVPR-2020-A000551,Xu Jia,"Noah’s Ark Lab, Huawei Technologies",UNKNOWN,China,high,Huawei Technologies is a well-known Chinese company.,yes
CVPR-2020-A000552,Jianzhuang Liu,"Noah’s Ark Lab, Huawei Technologies",UNKNOWN,China,high,Huawei Technologies is a well-known Chinese company.,yes
CVPR-2020-A000553,Qi Tian,"Noah’s Ark Lab, Huawei Technologies",UNKNOWN,China,high,Huawei Technologies is a well-known Chinese company.,yes
CVPR-2020-A000554,Hanyu Shi,Nanyang Technological University,UNKNOWN,Singapore,high,Nanyang Technological University is a well-known university located in Singapore.,yes
CVPR-2020-A000555,Guosheng Lin,Nanyang Technological University,UNKNOWN,Singapore,high,Nanyang Technological University is a well-known university located in Singapore.,yes
CVPR-2020-A000556,Hao Wang,Nanyang Technological University,UNKNOWN,Singapore,high,Nanyang Technological University is a well-known university located in Singapore.,yes
CVPR-2020-A000558,Zhenhua Wang,Zhejiang University of Technology,UNKNOWN,China,high,Zhejiang University of Technology is a well-known institution located in China.,yes
CVPR-2020-A000559,Wanyu Lin,University of Toronto,UNKNOWN,Canada,high,The University of Toronto is a well-known institution located in Canada.,yes
CVPR-2020-A000560,Zhaolin Gao,University of Toronto,UNKNOWN,Canada,high,The University of Toronto is a well-known institution located in Canada.,yes
CVPR-2020-A000561,Baochun Li,University of Toronto,UNKNOWN,Canada,high,The University of Toronto is a well-known institution located in Canada.,yes
CVPR-2020-A000566,Kenji Enomoto,Osaka University,UNKNOWN,Japan,high,Osaka University is a well-known institution located in Japan.,yes
CVPR-2020-A000567,Michael Waechter,Osaka University,UNKNOWN,Japan,high,Osaka University is a well-known institution located in Japan.,yes
CVPR-2020-A000568,Kiriakos N. Kutulakos,University of Toronto,UNKNOWN,Canada,high,The University of Toronto is a well-known institution located in Canada.,yes
CVPR-2020-A000569,Yasuyuki Matsushita,Osaka University,UNKNOWN,Japan,high,Osaka University is a well-known institution located in Japan.,yes
CVPR-2020-A000587,Jin Han,"Key Laboratory of Machine Perception (MOE), Dept. of Machine Intelligence, Peking University",UNKNOWN,China,high,Peking University is a well-known institution located in China.,yes
CVPR-2020-A000588,Chu Zhou,"Key Laboratory of Machine Perception (MOE), Dept. of Machine Intelligence, Peking University",UNKNOWN,China,high,Peking University is a well-known institution located in China.,yes
CVPR-2020-A000589,Peiqi Duan,"National Engineering Laboratory for Video Technology, Dept. of Computer Science, Peking University",UNKNOWN,China,high,Peking University is a well-known institution located in China.,yes
CVPR-2020-A000590,Yehui Tang,"Key Laboratory of Machine Perception (MOE), Dept. of Machine Intelligence, Peking University",UNKNOWN,China,high,Peking University is a well-known institution located in China.,yes
CVPR-2020-A000591,Chang Xu,"School of Computer Science, Faculty of Engineering, University of Sydney",UNKNOWN,Australia,high,"The institution is explicitly named as the University of Sydney, which is located in Australia.",yes
CVPR-2020-A000592,Chao Xu,"Key Laboratory of Machine Perception (MOE), Dept. of Machine Intelligence, Peking University",UNKNOWN,China,high,Peking University is a well-known institution located in China.,yes
CVPR-2020-A000593,Tiejun Huang,"National Engineering Laboratory for Video Technology, Dept. of Computer Science, Peking University",UNKNOWN,China,high,Peking University is a well-known institution located in China.,yes
CVPR-2020-A000594,Boxin Shi,"National Engineering Laboratory for Video Technology, Dept. of Computer Science, Peking University",UNKNOWN,China,high,Peking University is a well-known institution located in China.,yes
CVPR-2020-A000600,David Geraghty,"Facebook, Inc.",UNKNOWN,United States,high,"Facebook, Inc. is a well-known company based in the United States.",yes
CVPR-2020-A000601,Kevin Matzen,"Facebook, Inc.",UNKNOWN,United States,high,"Facebook, Inc. is a well-known company based in the United States.",yes
CVPR-2020-A000602,Richard Szeliski,"Facebook, Inc.",UNKNOWN,United States,high,"Facebook, Inc. is a well-known company based in the United States.",yes
CVPR-2020-A000604,Dian Shao,"CUHK-SenseTime Joint Lab, The Chinese University of Hong Kong",UNKNOWN,China,high,"The institution name includes 'The Chinese University of Hong Kong', which is located in Hong Kong, China. Hong Kong is a Special Administrative Region of China.",yes
CVPR-2020-A000605,Yue Zhao,"CUHK-SenseTime Joint Lab, The Chinese University of Hong Kong",UNKNOWN,China,high,"The institution name includes 'The Chinese University of Hong Kong', which is located in Hong Kong, China. Hong Kong is a Special Administrative Region of China.",yes
CVPR-2020-A000606,Bo Dai,"CUHK-SenseTime Joint Lab, The Chinese University of Hong Kong",UNKNOWN,China,high,"The institution name includes 'The Chinese University of Hong Kong', which is located in Hong Kong, China. Hong Kong is a Special Administrative Region of China.",yes
CVPR-2020-A000607,Dahua Lin,"CUHK-SenseTime Joint Lab, The Chinese University of Hong Kong",UNKNOWN,China,high,"The institution name includes 'The Chinese University of Hong Kong', which is located in Hong Kong, China. Hong Kong is a Special Administrative Region of China.",yes
CVPR-2020-A000608,Peiwen Lin,SenseTime Research,UNKNOWN,China,medium,"SenseTime is a well-known Chinese company, and its research is commonly associated with China.",yes
CVPR-2020-A000609,Peng Sun,Zhejiang University,UNKNOWN,China,high,Zhejiang University is a well-known university located in China.,yes
CVPR-2020-A000610,Guangliang Cheng,SenseTime Research,UNKNOWN,China,medium,"SenseTime is a well-known Chinese company, and its research is commonly associated with China.",yes
CVPR-2020-A000611,Sirui Xie,"University of California, Los Angeles",UNKNOWN,United States,high,"The University of California, Los Angeles is a well-known institution located in the United States.",yes
CVPR-2020-A000612,Xi Li,Zhejiang University,UNKNOWN,China,high,Zhejiang University is a well-known university located in China.,yes
CVPR-2020-A000613,Jianping Shi,SenseTime Research,UNKNOWN,China,medium,"SenseTime is a well-known Chinese company, and its research is commonly associated with China.",yes
CVPR-2020-A000624,Andreas Meuleman,KAIST,UNKNOWN,South Korea,high,"KAIST is the Korea Advanced Institute of Science and Technology, located in South Korea.",yes
CVPR-2020-A000625,Seung-Hwan Baek,KAIST,UNKNOWN,South Korea,high,"KAIST is the Korea Advanced Institute of Science and Technology, located in South Korea.",yes
CVPR-2020-A000626,Felix Heide,Princeton University,UNKNOWN,United States,high,Princeton University is a well-known institution located in the United States.,yes
CVPR-2020-A000627,Min H. Kim,KAIST,UNKNOWN,South Korea,high,"KAIST is the Korea Advanced Institute of Science and Technology, located in South Korea.",yes
CVPR-2020-A000632,Ke Xu,Dalian University of Technology | City University of Hong Kong,UNKNOWN,China | Hong Kong,high,"Dalian University of Technology is located in China, and the City University of Hong Kong is located in Hong Kong.",yes
CVPR-2020-A000633,Xin Yang,Dalian University of Technology,UNKNOWN,China,high,"Dalian University of Technology is a well-known institution located in Dalian, China.",yes
CVPR-2020-A000634,Baocai Yin,Dalian University of Technology | Pengcheng Lab,UNKNOWN,China,high,"Dalian University of Technology is a well-known institution located in Dalian, China. Pengcheng Lab is also associated with Chinese research institutions.",yes
CVPR-2020-A000635,Rynson W.H. Lau,City University of Hong Kong,UNKNOWN,Hong Kong,high,"The institution name explicitly includes 'Hong Kong', which is a Special Administrative Region of China but is often treated as a separate entity in academic and institutional contexts.",yes
CVPR-2020-A000636,Mingbao Lin,"Media Analytics and Computing Laboratory, Department of Artificial Intelligence, School of",UNKNOWN,UNKNOWN,low,The institution name does not include any explicit reference to a country or region.,no
CVPR-2020-A000639,Yichen Zhang,"Media Analytics and Computing Laboratory, Department of Artificial Intelligence, School of",UNKNOWN,UNKNOWN,low,The institution name does not include any explicit reference to a country or region.,no
CVPR-2020-A000642,Ling Shao,"Inception Institute of Artificial Intelligence, Abu Dhabi, UAE",UNKNOWN,United Arab Emirates,high,"The institution name explicitly mentions 'Abu Dhabi, UAE', which is a city in the United Arab Emirates.",yes
CVPR-2020-A000650,Yehui Tang,"Key Lab of Machine Perception (MOE), Dept. of Machine Intelligence, Peking University. | Noah’s Ark Lab, Huawei Technologies.",UNKNOWN,China,high,Peking University and Huawei Technologies are well-known institutions based in China.,yes
CVPR-2020-A000651,Yunhe Wang,"Noah’s Ark Lab, Huawei Technologies.",UNKNOWN,China | United States,medium,"Huawei Technologies is a well-known Chinese company, while Noah’s Ark Lab is associated with Huawei and located in the United States.",no
CVPR-2020-A000652,Yixing Xu,"Noah’s Ark Lab, Huawei Technologies.",UNKNOWN,China | United States,medium,"Huawei Technologies is a well-known Chinese company, while Noah’s Ark Lab is associated with Huawei and located in the United States.",no
CVPR-2020-A000653,Hanting Chen,"Key Lab of Machine Perception (MOE), Dept. of Machine Intelligence, Peking University. | Noah’s Ark Lab, Huawei Technologies.",UNKNOWN,China,high,Peking University and Huawei Technologies are well-known institutions based in China.,yes
CVPR-2020-A000654,Boxin Shi,"NELVT, Dept. of CS, Peking University. | Peng Cheng Laboratory.",UNKNOWN,China,high,Peking University is a well-known institution located in China. The Peng Cheng Laboratory is also based in China.,yes
CVPR-2020-A000655,Chao Xu,"Key Lab of Machine Perception (MOE), Dept. of Machine Intelligence, Peking University.",UNKNOWN,China,high,Peking University is a well-known institution located in China.,yes
CVPR-2020-A000656,Chunjing Xu,"Noah’s Ark Lab, Huawei Technologies.",UNKNOWN,China | United States,medium,"Huawei Technologies is a well-known Chinese company, while Noah’s Ark Lab is associated with Huawei and located in the United States.",no
CVPR-2020-A000657,Qi Tian,"Noah’s Ark Lab, Huawei Technologies.",UNKNOWN,China | United States,medium,"Huawei Technologies is a well-known Chinese company, while Noah’s Ark Lab is associated with Huawei and located in the United States.",no
CVPR-2020-A000658,Chang Xu,"School of Computer Science, Faculty of Engineering, University of Sydney.",UNKNOWN,Australia,high,"The institution is explicitly named as the University of Sydney, which is located in Australia.",yes
CVPR-2020-A000667,Rundi Wu,"Center on Frontiers of Computing Studies, Peking University",UNKNOWN,China,high,Peking University is a well-known institution located in China.,yes
CVPR-2020-A000668,Yixin Zhuang,"Center on Frontiers of Computing Studies, Peking University",UNKNOWN,China,high,Peking University is a well-known institution located in China.,yes
CVPR-2020-A000669,Kai Xu,National University of Defense Technology,UNKNOWN,China,high,The National University of Defense Technology is a well-known institution located in China.,yes
CVPR-2020-A000670,Hao Zhang,Simon Fraser University,UNKNOWN,Canada,high,Simon Fraser University is a well-known university located in Canada.,yes
CVPR-2020-A000671,Baoquan Chen,"Center on Frontiers of Computing Studies, Peking University",UNKNOWN,China,high,Peking University is a well-known institution located in China.,yes
CVPR-2020-A000682,Alan Dolhasz,"Digital Media Technology Lab, Birmingham City University",UNKNOWN,United Kingdom,high,Birmingham City University is a well-known institution located in the United Kingdom.,yes
CVPR-2020-A000683,Carlo Harvey,"Digital Media Technology Lab, Birmingham City University",UNKNOWN,United Kingdom,high,Birmingham City University is a well-known institution located in the United Kingdom.,yes
CVPR-2020-A000684,Ian Williams,"Digital Media Technology Lab, Birmingham City University",UNKNOWN,United Kingdom,high,Birmingham City University is a well-known institution located in the United Kingdom.,yes
CVPR-2020-A000685,Chenyan Wu,"The Pennsylvania State University, University Park | Amazon Lab126",UNKNOWN,United States,high,The Pennsylvania State University is a well-known university located in the United States. Amazon Lab126 is also based in the United States.,yes
CVPR-2020-A000686,Yukun Chen,"The Pennsylvania State University, University Park",UNKNOWN,United States,high,The Pennsylvania State University is a well-known university located in the United States.,yes
CVPR-2020-A000687,Jiajia Luo,Amazon Lab126,UNKNOWN,United States,high,Amazon Lab126 is a well-known research laboratory based in the United States.,yes
CVPR-2020-A000688,Che-Chun Su,Amazon Lab126,UNKNOWN,United States,high,Amazon Lab126 is a well-known research laboratory based in the United States.,yes
CVPR-2020-A000689,Anuja Dawane,Amazon Lab126,UNKNOWN,United States,high,Amazon Lab126 is a well-known research laboratory based in the United States.,yes
CVPR-2020-A000690,Bikramjot Hanzra,Amazon Lab126,UNKNOWN,United States,high,Amazon Lab126 is a well-known research laboratory based in the United States.,yes
CVPR-2020-A000691,Zhuo Deng,Amazon Lab126,UNKNOWN,United States,high,Amazon Lab126 is a well-known research laboratory based in the United States.,yes
CVPR-2020-A000692,Bilan Liu,Amazon Lab126,UNKNOWN,United States,high,Amazon Lab126 is a well-known research laboratory based in the United States.,yes
CVPR-2020-A000693,James Z. Wang,"The Pennsylvania State University, University Park",UNKNOWN,United States,high,The Pennsylvania State University is a well-known university located in the United States.,yes
CVPR-2020-A000694,Cheng-hao Kuo,Amazon Lab126,UNKNOWN,United States,high,Amazon Lab126 is a well-known research laboratory based in the United States.,yes
CVPR-2020-A000695,Kai Zhang,"Cornell Tech, Cornell University",UNKNOWN,United States,high,Cornell University is a well-known institution located in the United States.,yes
CVPR-2020-A000696,Jiaxin Xie,"Cornell Tech, Cornell University",UNKNOWN,United States,high,Cornell University is a well-known institution located in the United States.,yes
CVPR-2020-A000697,Noah Snavely,"Cornell Tech, Cornell University",UNKNOWN,United States,high,Cornell University is a well-known institution located in the United States.,yes
CVPR-2020-A000698,Qifeng Chen,"Cornell Tech, Cornell University",UNKNOWN,United States,high,Cornell University is a well-known institution located in the United States.,yes
CVPR-2020-A000699,Yao Yao,The Hong Kong University of Science and Technology,UNKNOWN,Hong Kong,high,"The institution name explicitly includes 'Hong Kong', which is a Special Administrative Region of China but is often treated as a separate entity in academic and institutional contexts.",yes
CVPR-2020-A000700,Zixin Luo,The Hong Kong University of Science and Technology,UNKNOWN,Hong Kong,high,"The institution name explicitly includes 'Hong Kong', which is a Special Administrative Region of China but is often treated as a separate entity in academic and institutional contexts.",yes
CVPR-2020-A000701,Shiwei Li,The Hong Kong University of Science and Technology,UNKNOWN,Hong Kong,high,"The institution name explicitly includes 'Hong Kong', which is a Special Administrative Region of China but is often treated as a separate entity in academic and institutional contexts.",yes
CVPR-2020-A000702,Jingyang Zhang,The Hong Kong University of Science and Technology,UNKNOWN,Hong Kong,high,"The institution name explicitly includes 'Hong Kong', which is a Special Administrative Region of China but is often treated as a separate entity in academic and institutional contexts.",yes
CVPR-2020-A000703,Yufan Ren,The Hong Kong University of Science and Technology,UNKNOWN,Hong Kong,high,"The institution name explicitly includes 'Hong Kong', which is a Special Administrative Region of China but is often treated as a separate entity in academic and institutional contexts.",yes
CVPR-2020-A000704,Lei Zhou,The Hong Kong University of Science and Technology,UNKNOWN,Hong Kong,high,"The institution name explicitly includes 'Hong Kong', which is a Special Administrative Region of China but is often treated as a separate entity in academic and institutional contexts.",yes
CVPR-2020-A000705,Tian Fang,The Hong Kong University of Science and Technology,UNKNOWN,Hong Kong,high,"The institution name explicitly includes 'Hong Kong', which is a Special Administrative Region of China but is often treated as a separate entity in academic and institutional contexts.",yes
CVPR-2020-A000706,Long Quan,The Hong Kong University of Science and Technology,UNKNOWN,Hong Kong,high,"The institution name explicitly includes 'Hong Kong', which is a Special Administrative Region of China but is often treated as a separate entity in academic and institutional contexts.",yes
CVPR-2020-A000734,Xingtong Liu,Johns Hopkins University,UNKNOWN,United States,high,Johns Hopkins University is a well-known university located in the United States.,yes
CVPR-2020-A000735,Yiping Zheng,Johns Hopkins University,UNKNOWN,United States,high,Johns Hopkins University is a well-known university located in the United States.,yes
CVPR-2020-A000736,Benjamin Killeen,Johns Hopkins University,UNKNOWN,United States,high,Johns Hopkins University is a well-known university located in the United States.,yes
CVPR-2020-A000737,Masaru Ishii,Johns Hopkins University,UNKNOWN,United States,high,Johns Hopkins University is a well-known university located in the United States.,yes
CVPR-2020-A000738,Gregory D. Hager,Johns Hopkins University,UNKNOWN,United States,high,Johns Hopkins University is a well-known university located in the United States.,yes
CVPR-2020-A000739,Russell H. Taylor,Johns Hopkins University,UNKNOWN,United States,high,Johns Hopkins University is a well-known university located in the United States.,yes
CVPR-2020-A000740,Mathias Unberath,Johns Hopkins University,UNKNOWN,United States,high,Johns Hopkins University is a well-known university located in the United States.,yes
CVPR-2020-A000749,Greg Shakhnarovich,Toyota Technological Institute at Chicago,UNKNOWN,United States,high,"The institution name includes 'Chicago', which is a well-known city in the United States.",yes
CVPR-2020-A000751,Da Zhang,"University of California, Santa Barbara; Microsoft",UNKNOWN,United States,high,"The University of California, Santa Barbara is a well-known institution located in the United States. Microsoft is also based in the United States.",yes
CVPR-2020-A000752,Xiyang Dai,"University of California, Santa Barbara; Microsoft",UNKNOWN,United States,high,"The University of California, Santa Barbara is a well-known institution located in the United States. Microsoft is also based in the United States.",yes
CVPR-2020-A000753,Yuan-Fang Wang,"University of California, Santa Barbara; Microsoft",UNKNOWN,United States,high,"The University of California, Santa Barbara is a well-known institution located in the United States. Microsoft is also based in the United States.",yes
CVPR-2020-A000758,Boyu Wang,Stony Brook University,UNKNOWN,United States,high,Stony Brook University is a well-known university located in the United States.,yes
CVPR-2020-A000759,Lihan Huang,Stony Brook University,UNKNOWN,United States,high,Stony Brook University is a well-known university located in the United States.,yes
CVPR-2020-A000760,Minh Hoai,Stony Brook University | VinAI Research,UNKNOWN,United States | Vietnam,high,"Stony Brook University is located in the United States, and VinAI Research is based in Vietnam.",yes
CVPR-2020-A000761,Baifeng Shi,Peking University,UNKNOWN,China,high,Peking University is a well-known institution located in China.,yes
CVPR-2020-A000762,Qi Dai,Microsoft Research Asia,UNKNOWN,China,high,Microsoft Research Asia is a well-known research division based in China.,yes
CVPR-2020-A000763,Yadong Mu,Peking University,UNKNOWN,China,high,Peking University is a well-known institution located in China.,yes
CVPR-2020-A000764,Jingdong Wang,Microsoft Research Asia,UNKNOWN,China,high,Microsoft Research Asia is a well-known research division based in China.,yes
CVPR-2020-A000769,Despoina Paschalidou,"Max Planck Institute for Intelligent Systems Tübingen | Computer Vision Lab, ETH Zürich | Max Planck ETH Center for Learning Systems",UNKNOWN,Germany | Switzerland,high,"Max Planck Institute for Intelligent Systems Tübingen is located in Germany, and ETH Zürich is located in Switzerland.",yes
CVPR-2020-A000771,Andreas Geiger,Max Planck Institute for Intelligent Systems Tübingen | University of Tübingen | Max Planck ETH Center for Learning Systems,UNKNOWN,Germany,high,The Max Planck Institute for Intelligent Systems and the University of Tübingen are well-known institutions located in Germany.,yes
CVPR-2020-A000772,Jing Jin,City University of Hong Kong,UNKNOWN,Hong Kong,high,"The institution name explicitly includes 'Hong Kong', which is a Special Administrative Region of China but is often treated as a separate entity in academic and institutional contexts.",yes
CVPR-2020-A000773,Junhui Hou,City University of Hong Kong,UNKNOWN,Hong Kong,high,"The institution name explicitly includes 'Hong Kong', which is a Special Administrative Region of China but is often treated as a separate entity in academic and institutional contexts.",yes
CVPR-2020-A000774,Jie Chen,Hong Kong Baptist University,UNKNOWN,Hong Kong,high,"The institution name explicitly includes 'Hong Kong', which is a region of China but is often treated as a separate entity in academic and institutional contexts.",yes
CVPR-2020-A000775,Sam Kwong,City University of Hong Kong,UNKNOWN,Hong Kong,high,"The institution name explicitly includes 'Hong Kong', which is a Special Administrative Region of China but is often treated as a separate entity in academic and institutional contexts.",yes
CVPR-2020-A000789,Yanru Wang,Nanjing University,UNKNOWN,China,high,"Nanjing University is a well-known university located in Nanjing, China.",yes
CVPR-2020-A000790,Mingkai Huang,Nanjing University,UNKNOWN,China,high,"Nanjing University is a well-known university located in Nanjing, China.",yes
CVPR-2020-A000791,Qiu Shen,Nanjing University,UNKNOWN,China,high,"Nanjing University is a well-known university located in Nanjing, China.",yes
CVPR-2020-A000793,Xun Cao,Nanjing University,UNKNOWN,China,high,"Nanjing University is a well-known university located in Nanjing, China.",yes
CVPR-2020-A000794,Long Chen,"Department of Computer Science and Technology, Tsinghua University",UNKNOWN,China,high,Tsinghua University is a well-known institution located in China.,yes
CVPR-2020-A000795,Haizhou Ai,"Department of Computer Science and Technology, Tsinghua University",UNKNOWN,China,high,Tsinghua University is a well-known institution located in China.,yes
CVPR-2020-A000796,Rui Chen,"Department of Computer Science and Technology, Tsinghua University",UNKNOWN,China,high,Tsinghua University is a well-known institution located in China.,yes
CVPR-2020-A000797,Zijie Zhuang,"Department of Computer Science and Technology, Tsinghua University",UNKNOWN,China,high,Tsinghua University is a well-known institution located in China.,yes
CVPR-2020-A000798,Shuang Liu,"Department of Computer Science and Technology, Tsinghua University",UNKNOWN,China,high,Tsinghua University is a well-known institution located in China.,yes
CVPR-2020-A000805,Richard Tucker,Google Research,UNKNOWN,United States,medium,"Google Research is primarily based in the United States, though it has offices in other countries.",no
CVPR-2020-A000806,Noah Snavely,Google Research,UNKNOWN,United States,medium,"Google Research is primarily based in the United States, though it has offices in other countries.",no
CVPR-2020-A000817,Qi Tian,"Noah’s Ark Lab, Huawei Technologies",UNKNOWN,China,high,Huawei Technologies is a well-known Chinese company.,yes
CVPR-2020-A000822,Kun Li,Tianjin University,UNKNOWN,China,high,"Tianjin University is a well-known university located in Tianjin, China.",yes
CVPR-2020-A000823,Yebin Liu,"Institute for Brain and Cognitive Sciences, Tsinghua University",UNKNOWN,China,high,Tsinghua University is a well-known institution located in China.,yes
CVPR-2020-A000824,Lijun Wang,Dalian University of Technology,UNKNOWN,China,high,"Dalian University of Technology is a well-known institution located in Dalian, China.",yes
CVPR-2020-A000825,Jianming Zhang,Adobe Research,UNKNOWN,United States,medium,"Adobe Research is a well-known research division based in the United States, though it may have international collaborations.",yes
CVPR-2020-A000826,Oliver Wang,Adobe Research,UNKNOWN,United States,medium,"Adobe Research is a well-known research division based in the United States, though it may have international collaborations.",yes
CVPR-2020-A000827,Zhe Lin,Adobe Research,UNKNOWN,United States,medium,"Adobe Research is a well-known research division based in the United States, though it may have international collaborations.",yes
CVPR-2020-A000828,Huchuan Lu,Dalian University of Technology | Peng Cheng Lab,UNKNOWN,China,high,"Dalian University of Technology is a well-known institution located in Dalian, China. Peng Cheng Lab is also associated with Chinese research institutions.",yes
CVPR-2020-A000833,Hongjun Wang,Sun Yat-sen University,UNKNOWN,China,high,Sun Yat-sen University is a well-known institution located in China.,yes
CVPR-2020-A000834,Guangrun Wang,Sun Yat-sen University,UNKNOWN,China,high,Sun Yat-sen University is a well-known institution located in China.,yes
CVPR-2020-A000835,Ya Li,Guangzhou University,UNKNOWN,China,high,"Guangzhou University is a well-known institution located in Guangzhou, China.",yes
CVPR-2020-A000836,Dongyu Zhang,Guangzhou University,UNKNOWN,China,high,"Guangzhou University is a well-known institution located in Guangzhou, China.",yes
CVPR-2020-A000837,Liang Lin,Sun Yat-sen University | DarkMatter AI,UNKNOWN,China | United Arab Emirates,medium,"Sun Yat-sen University is located in China, and DarkMatter AI is based in the United Arab Emirates.",yes
CVPR-2020-A000838,Yuanen Zhou,"Key Laboratory of Knowledge Engineering with Big Data (Ministry of Education) | School of Computer Science and Information Engineering, Hefei University of Technology",UNKNOWN,China,high,"Hefei University of Technology is a well-known institution located in Hefei, China.",yes
CVPR-2020-A000839,Meng Wang,"Key Laboratory of Knowledge Engineering with Big Data (Ministry of Education) | School of Computer Science and Information Engineering, Hefei University of Technology",UNKNOWN,China,high,"Hefei University of Technology is a well-known institution located in Hefei, China.",yes
CVPR-2020-A000841,Zhenzhen Hu,"Key Laboratory of Knowledge Engineering with Big Data (Ministry of Education) | School of Computer Science and Information Engineering, Hefei University of Technology",UNKNOWN,China,high,"Hefei University of Technology is a well-known institution located in Hefei, China.",yes
CVPR-2020-A000842,Hanwang Zhang,Nanyang Technological University,UNKNOWN,Singapore,high,Nanyang Technological University is a well-known university located in Singapore.,yes
CVPR-2020-A000843,Yana Hasson,"Inria, Département d’informatique de l’ENS, CNRS, PSL Research University ETH Zürich, Microsoft, Univ. Grenoble Alpes, CNRS, Grenoble INP, LJK",UNKNOWN,France | Switzerland,high,"Inria, CNRS, PSL Research University, Univ. Grenoble Alpes, Grenoble INP, and LJK are all French institutions. ETH Zürich is a Swiss institution.",yes
CVPR-2020-A000844,Bugra Tekin,"Inria, Département d’informatique de l’ENS, CNRS, PSL Research University ETH Zürich, Microsoft, Univ. Grenoble Alpes, CNRS, Grenoble INP, LJK",UNKNOWN,France | Switzerland,high,"Inria, CNRS, PSL Research University, Univ. Grenoble Alpes, Grenoble INP, and LJK are all French institutions. ETH Zürich is a Swiss institution.",yes
CVPR-2020-A000845,Federica Bogo,"Inria, Département d’informatique de l’ENS, CNRS, PSL Research University ETH Zürich, Microsoft, Univ. Grenoble Alpes, CNRS, Grenoble INP, LJK",UNKNOWN,France | Switzerland,high,"Inria, CNRS, PSL Research University, Univ. Grenoble Alpes, Grenoble INP, and LJK are all French institutions. ETH Zürich is a Swiss institution.",yes
CVPR-2020-A000846,Ivan Laptev,"Inria, Département d’informatique de l’ENS, CNRS, PSL Research University ETH Zürich, Microsoft, Univ. Grenoble Alpes, CNRS, Grenoble INP, LJK",UNKNOWN,France | Switzerland,high,"Inria, CNRS, PSL Research University, Univ. Grenoble Alpes, Grenoble INP, and LJK are all French institutions. ETH Zürich is a Swiss institution.",yes
CVPR-2020-A000847,Marc Pollefeys,"Inria, Département d’informatique de l’ENS, CNRS, PSL Research University ETH Zürich, Microsoft, Univ. Grenoble Alpes, CNRS, Grenoble INP, LJK",UNKNOWN,France | Switzerland,high,"Inria, CNRS, PSL Research University, Univ. Grenoble Alpes, Grenoble INP, and LJK are all French institutions. ETH Zürich is a Swiss institution.",yes
CVPR-2020-A000848,Cordelia Schmid,"Inria, Département d’informatique de l’ENS, CNRS, PSL Research University ETH Zürich, Microsoft, Univ. Grenoble Alpes, CNRS, Grenoble INP, LJK",UNKNOWN,France | Switzerland,high,"Inria, CNRS, PSL Research University, Univ. Grenoble Alpes, Grenoble INP, and LJK are all French institutions. ETH Zürich is a Swiss institution.",yes
CVPR-2020-A000851,Keren Fu,"College of Computer Science, Sichuan University College of CS, Nankai University Inception Institute of Artificial Intelligence School of Computer Science, Wuhan University Joint learning",UNKNOWN,China,high,"All institutions listed (Sichuan University, Nankai University, Wuhan University) are well-known universities in China.",yes
CVPR-2020-A000852,Deng-Ping Fan,"College of Computer Science, Sichuan University College of CS, Nankai University Inception Institute of Artificial Intelligence School of Computer Science, Wuhan University Joint learning",UNKNOWN,China,high,"All institutions listed (Sichuan University, Nankai University, Wuhan University) are well-known universities in China.",yes
CVPR-2020-A000853,Ge-Peng Ji,"College of Computer Science, Sichuan University College of CS, Nankai University Inception Institute of Artificial Intelligence School of Computer Science, Wuhan University Joint learning",UNKNOWN,China,high,"All institutions listed (Sichuan University, Nankai University, Wuhan University) are well-known universities in China.",yes
CVPR-2020-A000854,Qijun Zhao,"College of Computer Science, Sichuan University College of CS, Nankai University Inception Institute of Artificial Intelligence School of Computer Science, Wuhan University Joint learning",UNKNOWN,China,high,"All institutions listed (Sichuan University, Nankai University, Wuhan University) are well-known universities in China.",yes
CVPR-2020-A000855,Linchao Zhu,"Baidu Research | ReLER, University of Technology Sydney",UNKNOWN,China | Australia,high,"Baidu Research is based in China, and the University of Technology Sydney is based in Australia.",yes
CVPR-2020-A000856,Yi Yang,"ReLER, University of Technology Sydney",UNKNOWN,Australia,high,"The institution 'University of Technology Sydney' is located in Sydney, Australia.",yes
CVPR-2020-A000857,Linjun Zhou,"Tsinghua University | Noah’s Ark Lab, Huawei Technologies",UNKNOWN,China,high,Tsinghua University and Huawei Technologies are both well-known institutions based in China.,yes
CVPR-2020-A000858,Peng Cui,Tsinghua University,UNKNOWN,China,high,Tsinghua University is a well-known institution located in China.,yes
CVPR-2020-A000859,Xu Jia,"Noah’s Ark Lab, Huawei Technologies",UNKNOWN,China,high,Huawei Technologies is a well-known Chinese company.,yes
CVPR-2020-A000860,Shiqiang Yang,Tsinghua University,UNKNOWN,China,high,Tsinghua University is a well-known institution located in China.,yes
CVPR-2020-A000861,Qi Tian,"Noah’s Ark Lab, Huawei Technologies",UNKNOWN,China,high,Huawei Technologies is a well-known Chinese company.,yes
CVPR-2020-A000865,Jeet Mohapatra,"MIT EECS, MIT-IBM Watson AI Lab, IBM Research",UNKNOWN,United States,high,MIT (Massachusetts Institute of Technology) and IBM are well-known institutions based in the United States.,yes
CVPR-2020-A000866,Tsui-Wei Weng,"MIT EECS, MIT-IBM Watson AI Lab, IBM Research",UNKNOWN,United States,high,MIT (Massachusetts Institute of Technology) and IBM are well-known institutions based in the United States.,yes
CVPR-2020-A000867,Pin-Yu Chen,"MIT EECS, MIT-IBM Watson AI Lab, IBM Research",UNKNOWN,United States,high,MIT (Massachusetts Institute of Technology) and IBM are well-known institutions based in the United States.,yes
CVPR-2020-A000868,Sijia Liu,"MIT EECS, MIT-IBM Watson AI Lab, IBM Research",UNKNOWN,United States,high,MIT (Massachusetts Institute of Technology) and IBM are well-known institutions based in the United States.,yes
CVPR-2020-A000869,Luca Daniel,"MIT EECS, MIT-IBM Watson AI Lab, IBM Research",UNKNOWN,United States,high,MIT (Massachusetts Institute of Technology) and IBM are well-known institutions based in the United States.,yes
CVPR-2020-A000870,Soumyadip Sengupta,University of Washington,UNKNOWN,United States,high,The University of Washington is a well-known institution located in the United States.,yes
CVPR-2020-A000871,Vivek Jayaram,University of Washington,UNKNOWN,United States,high,The University of Washington is a well-known institution located in the United States.,yes
CVPR-2020-A000872,Brian Curless,University of Washington,UNKNOWN,United States,high,The University of Washington is a well-known institution located in the United States.,yes
CVPR-2020-A000873,Steven M. Seitz,University of Washington,UNKNOWN,United States,high,The University of Washington is a well-known institution located in the United States.,yes
CVPR-2020-A000874,Ira Kemelmacher-Shlizerman,University of Washington,UNKNOWN,United States,high,The University of Washington is a well-known institution located in the United States.,yes
CVPR-2020-A000875,Seung Wook Kim,NVIDIA University of Toronto Vector Institute MIT,UNKNOWN,Canada | United States,high,"The University of Toronto is located in Canada, and NVIDIA and MIT are based in the United States.",yes
CVPR-2020-A000876,Yuhao Zhou,NVIDIA University of Toronto Vector Institute MIT,UNKNOWN,Canada | United States,high,"The University of Toronto is located in Canada, and NVIDIA and MIT are based in the United States.",yes
CVPR-2020-A000877,Jonah Philion,NVIDIA University of Toronto Vector Institute MIT,UNKNOWN,Canada | United States,high,"The University of Toronto is located in Canada, and NVIDIA and MIT are based in the United States.",yes
CVPR-2020-A000878,Antonio Torralba,NVIDIA University of Toronto Vector Institute MIT,UNKNOWN,Canada | United States,high,"The University of Toronto is located in Canada, and NVIDIA and MIT are based in the United States.",yes
CVPR-2020-A000879,Sanja Fidler,NVIDIA University of Toronto Vector Institute MIT,UNKNOWN,Canada | United States,high,"The University of Toronto is located in Canada, and NVIDIA and MIT are based in the United States.",yes
CVPR-2020-A000880,Fumihiko Sakaue,Nagoya Institute of Technology,UNKNOWN,Japan,high,Nagoya Institute of Technology is a well-known institution located in Japan.,yes
CVPR-2020-A000881,Jun Sato,Nagoya Institute of Technology,UNKNOWN,Japan,high,Nagoya Institute of Technology is a well-known institution located in Japan.,yes
CVPR-2020-A000882,Dongdong Wang,University of Central Florida,UNKNOWN,United States,high,The University of Central Florida is a well-known institution located in the United States.,yes
CVPR-2020-A000883,Yandong Li,University of Central Florida,UNKNOWN,United States,high,The University of Central Florida is a well-known institution located in the United States.,yes
CVPR-2020-A000884,Liqiang Wang,University of Central Florida,UNKNOWN,United States,high,The University of Central Florida is a well-known institution located in the United States.,yes
CVPR-2020-A000885,Boqing Gong,Google,UNKNOWN,United States,medium,"Google is a multinational corporation, but its headquarters is in the United States. However, it operates in many countries, so the inference is not definitive.",no
CVPR-2020-A000886,Dave Epstein,Columbia University,UNKNOWN,United States,high,Columbia University is a well-known institution located in the United States.,yes
CVPR-2020-A000887,Boyuan Chen,Columbia University,UNKNOWN,United States,high,Columbia University is a well-known institution located in the United States.,yes
CVPR-2020-A000888,Carl Vondrick,Columbia University,UNKNOWN,United States,high,Columbia University is a well-known institution located in the United States.,yes
CVPR-2020-A000905,Weibin Wu,"Department of Computer Science and Engineering, The Chinese University of Hong Kong, Tencent",UNKNOWN,China,high,"The Chinese University of Hong Kong is located in Hong Kong, which is a Special Administrative Region of China.",yes
CVPR-2020-A000906,Yuxin Su,"Department of Computer Science and Engineering, The Chinese University of Hong Kong, Tencent",UNKNOWN,China,high,"The Chinese University of Hong Kong is located in Hong Kong, which is a Special Administrative Region of China.",yes
CVPR-2020-A000907,Xixian Chen,"Department of Computer Science and Engineering, The Chinese University of Hong Kong, Tencent",UNKNOWN,China,high,"The Chinese University of Hong Kong is located in Hong Kong, which is a Special Administrative Region of China.",yes
CVPR-2020-A000908,Shenglin Zhao,"Department of Computer Science and Engineering, The Chinese University of Hong Kong, Tencent",UNKNOWN,China,high,"The Chinese University of Hong Kong is located in Hong Kong, which is a Special Administrative Region of China.",yes
CVPR-2020-A000909,Irwin King,"Department of Computer Science and Engineering, The Chinese University of Hong Kong, Tencent",UNKNOWN,China,high,"The Chinese University of Hong Kong is located in Hong Kong, which is a Special Administrative Region of China.",yes
CVPR-2020-A000910,Michael R. Lyu,"Department of Computer Science and Engineering, The Chinese University of Hong Kong, Tencent",UNKNOWN,China,high,"The Chinese University of Hong Kong is located in Hong Kong, which is a Special Administrative Region of China.",yes
CVPR-2020-A000911,Yu-Wing Tai,"Department of Computer Science and Engineering, The Chinese University of Hong Kong, Tencent",UNKNOWN,China,high,"The Chinese University of Hong Kong is located in Hong Kong, which is a Special Administrative Region of China.",yes
CVPR-2020-A000912,Chao Li,"School of Computer Science and Technology, Huazhong University of Science and Technology",UNKNOWN,China,high,Huazhong University of Science and Technology is a well-known university located in China.,yes
CVPR-2020-A000913,Yixiao Yang,"School of Computer Science and Technology, Huazhong University of Science and Technology",UNKNOWN,China,high,Huazhong University of Science and Technology is a well-known university located in China.,yes
CVPR-2020-A000914,Kun He,"School of Computer Science and Technology, Huazhong University of Science and Technology",UNKNOWN,China,high,Huazhong University of Science and Technology is a well-known university located in China.,yes
CVPR-2020-A000915,Stephen Lin,Microsoft Research Asia,UNKNOWN,China,high,Microsoft Research Asia is a well-known research division based in China.,yes
CVPR-2020-A000916,John E. Hopcroft,"Computer Science Department, Cornell University",UNKNOWN,United States,high,Cornell University is located in the United States.,yes
CVPR-2020-A000924,Jinyang Guo,"School of Electrical and Information Engineering, The University of Sydney",UNKNOWN,Australia,high,The University of Sydney is a well-known institution located in Australia.,yes
CVPR-2020-A000925,Wanli Ouyang,"School of Electrical and Information Engineering, The University of Sydney",UNKNOWN,Australia,high,The University of Sydney is a well-known institution located in Australia.,yes
CVPR-2020-A000926,Dong Xu,"School of Electrical and Information Engineering, The University of Sydney",UNKNOWN,Australia,high,The University of Sydney is a well-known institution located in Australia.,yes
CVPR-2020-A000927,Akshay Dudhane,"Computer Vision and Pattern Recognition Lab, Indian Institute of Technology Ropar, INDIA",UNKNOWN,India,high,"The institution name explicitly mentions 'Indian Institute of Technology Ropar' and 'INDIA', clearly indicating the country.",yes
CVPR-2020-A000930,Praful Hambarde,"Computer Vision and Pattern Recognition Lab, Indian Institute of Technology Ropar, INDIA",UNKNOWN,India,high,"The institution name explicitly mentions 'Indian Institute of Technology Ropar' and 'INDIA', clearly indicating the country.",yes
CVPR-2020-A000931,Subrahmanyam Murala,"Computer Vision and Pattern Recognition Lab, Indian Institute of Technology Ropar, INDIA",UNKNOWN,India,high,"The institution name explicitly mentions 'Indian Institute of Technology Ropar' and 'INDIA', clearly indicating the country.",yes
CVPR-2020-A000932,Yicun Liu,The Chinese University of Hong Kong2,UNKNOWN,China,high,"The institution name explicitly mentions 'Chinese University of Hong Kong', which is located in Hong Kong, a Special Administrative Region of China.",yes
CVPR-2020-A000933,Jimmy Ren,The Chinese University of Hong Kong2,UNKNOWN,China,high,"The institution name explicitly mentions 'Chinese University of Hong Kong', which is located in Hong Kong, a Special Administrative Region of China.",yes
CVPR-2020-A000934,Jiawei Zhang,The Chinese University of Hong Kong2,UNKNOWN,China,high,"The institution name explicitly mentions 'Chinese University of Hong Kong', which is located in Hong Kong, a Special Administrative Region of China.",yes
CVPR-2020-A000935,Jianbo Liu,The Chinese University of Hong Kong2,UNKNOWN,China,high,"The institution name explicitly mentions 'Chinese University of Hong Kong', which is located in Hong Kong, a Special Administrative Region of China.",yes
CVPR-2020-A000936,Mude Lin,The Chinese University of Hong Kong2,UNKNOWN,China,high,"The institution name explicitly mentions 'Chinese University of Hong Kong', which is located in Hong Kong, a Special Administrative Region of China.",yes
CVPR-2020-A000940,Salman Khan,"Inception Institute of Artificial Intelligence, UAE",UNKNOWN,United Arab Emirates,high,"The institution name explicitly includes 'UAE', which is the official country name.",yes
CVPR-2020-A000943,Fahad Shahbaz Khan,"Inception Institute of Artificial Intelligence, UAE | CVL, Linköping University, Sweden",UNKNOWN,United Arab Emirates | Sweden,high,The institution names explicitly mention UAE and Sweden.,yes
CVPR-2020-A000952,Qilin Sun,Princeton University,UNKNOWN,United States,high,Princeton University is a well-known institution located in the United States.,yes
CVPR-2020-A000953,Ethan Tseng,Princeton University,UNKNOWN,United States,high,Princeton University is a well-known institution located in the United States.,yes
CVPR-2020-A000954,Qiang Fu,Princeton University,UNKNOWN,United States,high,Princeton University is a well-known institution located in the United States.,yes
CVPR-2020-A000955,Wolfgang Heidrich,Princeton University,UNKNOWN,United States,high,Princeton University is a well-known institution located in the United States.,yes
CVPR-2020-A000956,Felix Heide,Princeton University,UNKNOWN,United States,high,Princeton University is a well-known institution located in the United States.,yes
CVPR-2020-A000957,Jogendra Nath Kundu,"Video Analytics Lab, CDS, Indian Institute of Science, Bangalore",UNKNOWN,India,high,"The institution name includes 'Indian Institute of Science, Bangalore', which is a well-known institution located in India.",yes
CVPR-2020-A000958,Naveen Venkat,"Video Analytics Lab, CDS, Indian Institute of Science, Bangalore",UNKNOWN,India,high,"The institution name includes 'Indian Institute of Science, Bangalore', which is a well-known institution located in India.",yes
CVPR-2020-A000959,Rahul M V,"Video Analytics Lab, CDS, Indian Institute of Science, Bangalore",UNKNOWN,India,high,"The institution name includes 'Indian Institute of Science, Bangalore', which is a well-known institution located in India.",yes
CVPR-2020-A000960,R. Venkatesh Babu,"Video Analytics Lab, CDS, Indian Institute of Science, Bangalore",UNKNOWN,India,high,"The institution name includes 'Indian Institute of Science, Bangalore', which is a well-known institution located in India.",yes
CVPR-2020-A000964,Hong Wang,Xi’an Jiaotong University,UNKNOWN,China,high,"Xi’an Jiaotong University is a well-known university located in Xi’an, China.",yes
CVPR-2020-A000965,Qi Xie,Xi’an Jiaotong University,UNKNOWN,China,high,"Xi’an Jiaotong University is a well-known university located in Xi’an, China.",yes
CVPR-2020-A000966,Qian Zhao,Xi’an Jiaotong University,UNKNOWN,China,high,"Xi’an Jiaotong University is a well-known university located in Xi’an, China.",yes
CVPR-2020-A000967,Deyu Meng,Macau University of Science and Technology | Xi’an Jiaotong University,UNKNOWN,China | Macau,high,"Macau University of Science and Technology is located in Macau (a special administrative region of China), and Xi’an Jiaotong University is located in China.",yes
CVPR-2020-A000968,Yu Zhao,Tencent AI Lab | Technical University of Munich,UNKNOWN,China | Germany,high,"Tencent AI Lab is based in China, and Technical University of Munich is based in Germany.",yes
CVPR-2020-A000969,Fan Yang,Tencent AI Lab,UNKNOWN,China,high,"Tencent is a well-known Chinese technology company, and its AI Lab is based in China.",yes
CVPR-2020-A000970,Yuqi Fang,The Chinese University of Hong Kong,UNKNOWN,China,high,The institution name explicitly includes 'China'.,yes
CVPR-2020-A000971,Hailing Liu,Sixth Affiliated Hospital of Sun Yat-sen University,UNKNOWN,China,high,Sun Yat-sen University is a well-known institution located in China.,yes
CVPR-2020-A000972,Niyun Zhou,Tencent AI Lab,UNKNOWN,China,high,"Tencent is a well-known Chinese technology company, and its AI Lab is based in China.",yes
CVPR-2020-A000973,Jun Zhang,Tencent AI Lab,UNKNOWN,China,high,"Tencent is a well-known Chinese technology company, and its AI Lab is based in China.",yes
CVPR-2020-A000974,Jiarui Sun,Tencent AI Lab,UNKNOWN,China,high,"Tencent is a well-known Chinese technology company, and its AI Lab is based in China.",yes
CVPR-2020-A000975,Sen Yang,Tencent AI Lab,UNKNOWN,China,high,"Tencent is a well-known Chinese technology company, and its AI Lab is based in China.",yes
CVPR-2020-A000976,Bjoern Menze,Technical University of Munich,UNKNOWN,Germany,high,Technical University of Munich is a well-known institution located in Germany.,yes
CVPR-2020-A000977,Xinjuan Fan,Sixth Affiliated Hospital of Sun Yat-sen University,UNKNOWN,China,high,Sun Yat-sen University is a well-known institution located in China.,yes
CVPR-2020-A000978,Jianhua Yao,Tencent AI Lab,UNKNOWN,China,high,"Tencent is a well-known Chinese technology company, and its AI Lab is based in China.",yes
CVPR-2020-A000979,Tianzhe Wang,Massachusetts Institute of Technology | Shanghai Jiao Tong University,UNKNOWN,United States | China,high,"Massachusetts Institute of Technology is located in the United States, and Shanghai Jiao Tong University is located in China.",yes
CVPR-2020-A000980,Kuan Wang,Massachusetts Institute of Technology,UNKNOWN,United States,high,Massachusetts Institute of Technology is a well-known institution located in the United States.,yes
CVPR-2020-A000981,Han Cai,Massachusetts Institute of Technology,UNKNOWN,United States,high,Massachusetts Institute of Technology is a well-known institution located in the United States.,yes
CVPR-2020-A000982,Ji Lin,Massachusetts Institute of Technology,UNKNOWN,United States,high,Massachusetts Institute of Technology is a well-known institution located in the United States.,yes
CVPR-2020-A000983,Zhijian Liu,Massachusetts Institute of Technology,UNKNOWN,United States,high,Massachusetts Institute of Technology is a well-known institution located in the United States.,yes
CVPR-2020-A000984,Hanrui Wang,Massachusetts Institute of Technology,UNKNOWN,United States,high,Massachusetts Institute of Technology is a well-known institution located in the United States.,yes
CVPR-2020-A000985,Yujun Lin,Massachusetts Institute of Technology,UNKNOWN,United States,high,Massachusetts Institute of Technology is a well-known institution located in the United States.,yes
CVPR-2020-A000986,Song Han,Massachusetts Institute of Technology,UNKNOWN,United States,high,Massachusetts Institute of Technology is a well-known institution located in the United States.,yes
CVPR-2020-A000990,Yanbin Liu,"ReLER, University of Technology Sydney",UNKNOWN,Australia,high,"The institution 'University of Technology Sydney' is located in Sydney, Australia.",yes
CVPR-2020-A000991,Linchao Zhu,"ReLER, University of Technology Sydney",UNKNOWN,Australia,high,"The institution 'University of Technology Sydney' is located in Sydney, Australia.",yes
CVPR-2020-A000992,Makoto Yamada,RIKEN AIP | Kyoto University,UNKNOWN,Japan,high,RIKEN AIP and Kyoto University are both well-known institutions in Japan.,yes
CVPR-2020-A000993,Yi Yang,"ReLER, University of Technology Sydney",UNKNOWN,Australia,high,"The institution 'University of Technology Sydney' is located in Sydney, Australia.",yes
CVPR-2020-A000996,Matheus Gadelha,Adobe Research,UNKNOWN,United States,medium,"Adobe Research is a well-known research division based in the United States, though it may have international collaborations.",yes
CVPR-2020-A000997,Giorgio Gori,Adobe Research,UNKNOWN,United States,medium,"Adobe Research is a well-known research division based in the United States, though it may have international collaborations.",yes
CVPR-2020-A000998,Duygu Ceylan,Adobe Research,UNKNOWN,United States,medium,"Adobe Research is a well-known research division based in the United States, though it may have international collaborations.",yes
CVPR-2020-A000999,Radomir Mech,Adobe Research,UNKNOWN,United States,medium,"Adobe Research is a well-known research division based in the United States, though it may have international collaborations.",yes
CVPR-2020-A001000,Nathan Carr,Adobe Research,UNKNOWN,United States,medium,"Adobe Research is a well-known research division based in the United States, though it may have international collaborations.",yes
CVPR-2020-A001001,Tamy Boubekeur,Adobe Research,UNKNOWN,United States,medium,"Adobe Research is a well-known research division based in the United States, though it may have international collaborations.",yes
CVPR-2020-A001002,Rui Wang,Adobe Research,UNKNOWN,United States,medium,"Adobe Research is a well-known research division based in the United States, though it may have international collaborations.",yes
CVPR-2020-A001003,Subhransu Maji,Adobe Research,UNKNOWN,United States,medium,"Adobe Research is a well-known research division based in the United States, though it may have international collaborations.",yes
CVPR-2020-A001004,Dor Verbin,Harvard University,UNKNOWN,United States,high,Harvard University is a well-known institution located in the United States.,yes
CVPR-2020-A001005,Todd Zickler,Harvard University,UNKNOWN,United States,high,Harvard University is a well-known institution located in the United States.,yes
CVPR-2020-A001006,Ying Chen,"SICE, Beijing University of Posts and Telecommunications",UNKNOWN,China,high,Beijing University of Posts and Telecommunications is a well-known institution located in China.,yes
CVPR-2020-A001007,Chun-Guang Li,"SICE, Beijing University of Posts and Telecommunications",UNKNOWN,China,high,Beijing University of Posts and Telecommunications is a well-known institution located in China.,yes
CVPR-2020-A001019,Caihua Chen,"School of Management and Engineering, Nanjing University",UNKNOWN,China,high,Nanjing University is a well-known university located in China.,yes
CVPR-2020-A001021,Siva Karthik Mustikovela,Heidelberg University,UNKNOWN,Germany,high,Heidelberg University is a well-known institution located in Germany.,yes
CVPR-2020-A001022,Varun Jampani,Heidelberg University,UNKNOWN,Germany,high,Heidelberg University is a well-known institution located in Germany.,yes
CVPR-2020-A001023,Shalini De Mello,Heidelberg University,UNKNOWN,Germany,high,Heidelberg University is a well-known institution located in Germany.,yes
CVPR-2020-A001024,Sifei Liu,Heidelberg University,UNKNOWN,Germany,high,Heidelberg University is a well-known institution located in Germany.,yes
CVPR-2020-A001025,Umar Iqbal,Heidelberg University,UNKNOWN,Germany,high,Heidelberg University is a well-known institution located in Germany.,yes
CVPR-2020-A001026,Carsten Rother,Heidelberg University,UNKNOWN,Germany,high,Heidelberg University is a well-known institution located in Germany.,yes
CVPR-2020-A001027,Jan Kautz,Heidelberg University,UNKNOWN,Germany,high,Heidelberg University is a well-known institution located in Germany.,yes
CVPR-2020-A001046,Ashraful Islam,"Rensselaer Polytechnic Institute, Troy, NY",UNKNOWN,United States,high,"Rensselaer Polytechnic Institute is a well-known university located in Troy, New York, United States.",yes
CVPR-2020-A001047,Chengjiang Long,"Kitware Inc., Clifton Park, NY",UNKNOWN,United States,high,"Clifton Park, NY is a well-known location in the United States.",yes
CVPR-2020-A001048,Arslan Basharat,"Kitware Inc., Clifton Park, NY",UNKNOWN,United States,high,"Clifton Park, NY is a well-known location in the United States.",yes
CVPR-2020-A001049,Anthony Hoogs,"Kitware Inc., Clifton Park, NY",UNKNOWN,United States,high,"Clifton Park, NY is a well-known location in the United States.",yes
CVPR-2020-A001050,Qin Yang,"Shanghai Jiao Tong University, Futurewei Technologies",UNKNOWN,China,high,"Shanghai Jiao Tong University is a well-known university located in Shanghai, China. Futurewei Technologies is a Chinese company based in Shenzhen, China.",yes
CVPR-2020-A001051,Chenglin Li,"Shanghai Jiao Tong University, Futurewei Technologies",UNKNOWN,China,high,"Shanghai Jiao Tong University is a well-known university located in Shanghai, China. Futurewei Technologies is a Chinese company based in Shenzhen, China.",yes
CVPR-2020-A001052,Wenrui Dai,"Shanghai Jiao Tong University, Futurewei Technologies",UNKNOWN,China,high,"Shanghai Jiao Tong University is a well-known university located in Shanghai, China. Futurewei Technologies is a Chinese company based in Shenzhen, China.",yes
CVPR-2020-A001053,Junni Zou,"Shanghai Jiao Tong University, Futurewei Technologies",UNKNOWN,China,high,"Shanghai Jiao Tong University is a well-known university located in Shanghai, China. Futurewei Technologies is a Chinese company based in Shenzhen, China.",yes
CVPR-2020-A001054,Guo-Jun Qi,"Shanghai Jiao Tong University, Futurewei Technologies",UNKNOWN,China,high,"Shanghai Jiao Tong University is a well-known university located in Shanghai, China. Futurewei Technologies is a Chinese company based in Shenzhen, China.",yes
CVPR-2020-A001055,Hongkai Xiong,"Shanghai Jiao Tong University, Futurewei Technologies",UNKNOWN,China,high,"Shanghai Jiao Tong University is a well-known university located in Shanghai, China. Futurewei Technologies is a Chinese company based in Shenzhen, China.",yes
CVPR-2020-A001059,Ming-Hsuan Yang,"University of California, Merced | Google Research",UNKNOWN,United States,high,"The University of California, Merced is a well-known institution located in the United States. Google Research is a global entity, but in this context, it is likely associated with the United States as the primary location for the research.",yes
CVPR-2020-A001060,Shaohui Liu,ETH Zurich Google Tsinghua University Peking University Microsoft Max Planck ETH Center for Learing Systems Peng Cheng Laboratory,UNKNOWN,China | Switzerland | United States,medium,"Institutions include ETH Zurich (Switzerland), Tsinghua University and Peking University (China), and Microsoft (United States).",no
CVPR-2020-A001061,Yinda Zhang,ETH Zurich Google Tsinghua University Peking University Microsoft Max Planck ETH Center for Learing Systems Peng Cheng Laboratory,UNKNOWN,China | Switzerland | United States,medium,"Institutions include ETH Zurich (Switzerland), Tsinghua University and Peking University (China), and Microsoft (United States).",no
CVPR-2020-A001062,Songyou Peng,ETH Zurich Google Tsinghua University Peking University Microsoft Max Planck ETH Center for Learing Systems Peng Cheng Laboratory,UNKNOWN,China | Switzerland | United States,medium,"Institutions include ETH Zurich (Switzerland), Tsinghua University and Peking University (China), and Microsoft (United States).",no
CVPR-2020-A001063,Boxin Shi,ETH Zurich Google Tsinghua University Peking University Microsoft Max Planck ETH Center for Learing Systems Peng Cheng Laboratory,UNKNOWN,China | Switzerland | United States,medium,"Institutions include ETH Zurich (Switzerland), Tsinghua University and Peking University (China), and Microsoft (United States).",no
CVPR-2020-A001064,Marc Pollefeys,ETH Zurich Google Tsinghua University Peking University Microsoft Max Planck ETH Center for Learing Systems Peng Cheng Laboratory,UNKNOWN,China | Switzerland | United States,medium,"Institutions include ETH Zurich (Switzerland), Tsinghua University and Peking University (China), and Microsoft (United States).",no
CVPR-2020-A001065,Zhaopeng Cui,ETH Zurich Google Tsinghua University Peking University Microsoft Max Planck ETH Center for Learing Systems Peng Cheng Laboratory,UNKNOWN,China | Switzerland | United States,medium,"Institutions include ETH Zurich (Switzerland), Tsinghua University and Peking University (China), and Microsoft (United States).",no
CVPR-2020-A001074,Ruilong Li,USC Institute for Creative Technologies | Pinscreen,UNKNOWN,United States,high,USC (University of Southern California) is a well-known institution located in the United States.,yes
CVPR-2020-A001075,Karl Bladin,USC Institute for Creative Technologies,UNKNOWN,United States,high,USC (University of Southern California) is a well-known institution located in the United States.,yes
CVPR-2020-A001076,Yajie Zhao,USC Institute for Creative Technologies,UNKNOWN,United States,high,USC (University of Southern California) is a well-known institution located in the United States.,yes
CVPR-2020-A001077,Chinmay Chinara,USC Institute for Creative Technologies,UNKNOWN,United States,high,USC (University of Southern California) is a well-known institution located in the United States.,yes
CVPR-2020-A001078,Owen Ingraham,USC Institute for Creative Technologies,UNKNOWN,United States,high,USC (University of Southern California) is a well-known institution located in the United States.,yes
CVPR-2020-A001079,Pengda Xiang,USC Institute for Creative Technologies | Pinscreen,UNKNOWN,United States,high,USC (University of Southern California) is a well-known institution located in the United States.,yes
CVPR-2020-A001081,Pratusha Prasad,USC Institute for Creative Technologies,UNKNOWN,United States,high,USC (University of Southern California) is a well-known institution located in the United States.,yes
CVPR-2020-A001083,Jun Xing,USC Institute for Creative Technologies,UNKNOWN,United States,high,USC (University of Southern California) is a well-known institution located in the United States.,yes
CVPR-2020-A001084,Hao Li,USC Institute for Creative Technologies | Pinscreen | Expression,UNKNOWN,United States,high,USC (University of Southern California) is a well-known institution located in the United States.,yes
CVPR-2020-A001088,Yun Liu,"TKLNDST, College of Computer Science, Nankai University",UNKNOWN,China,high,Nankai University is a well-known institution located in China.,yes
CVPR-2020-A001089,Yu-Huan Wu,"TKLNDST, College of Computer Science, Nankai University",UNKNOWN,China,high,Nankai University is a well-known institution located in China.,yes
CVPR-2020-A001090,Yunfeng Ban,"TKLNDST, College of Computer Science, Nankai University",UNKNOWN,China,high,Nankai University is a well-known institution located in China.,yes
CVPR-2020-A001091,Huifang Wang,"TKLNDST, College of Computer Science, Nankai University",UNKNOWN,China,high,Nankai University is a well-known institution located in China.,yes
CVPR-2020-A001092,Ming-Ming Cheng,"TKLNDST, College of Computer Science, Nankai University",UNKNOWN,China,high,Nankai University is a well-known institution located in China.,yes
CVPR-2020-A001093,Hengtong Hu,"Key Laboratory of Knowledge Engineering with Big Data, Hefei University of Technology",UNKNOWN,China,high,"Hefei University of Technology is a well-known institution located in Hefei, China.",yes
CVPR-2020-A001094,Lingxi Xie,Huawei Inc.,UNKNOWN,China,high,Huawei Inc. is a well-known Chinese multinational technology company.,yes
CVPR-2020-A001095,Richang Hong,"Key Laboratory of Knowledge Engineering with Big Data, Hefei University of Technology",UNKNOWN,China,high,"Hefei University of Technology is a well-known institution located in Hefei, China.",yes
CVPR-2020-A001096,Qi Tian,Huawei Inc.,UNKNOWN,China,high,Huawei Inc. is a well-known Chinese multinational technology company.,yes
CVPR-2020-A001097,Cihang Xie,Google | Johns Hopkins University,UNKNOWN,United States | China,medium,"Google and Johns Hopkins University are both primarily associated with the United States. However, the presence of multiple institutions and the lack of specific country information for all entities makes the inference somewhat ambiguous.",no
CVPR-2020-A001098,Mingxing Tan,Google,UNKNOWN,United States,medium,"Google is a multinational corporation, but its headquarters is in the United States. However, it operates in many countries, so the inference is not definitive.",no
CVPR-2020-A001099,Boqing Gong,Google,UNKNOWN,United States,medium,"Google is a multinational corporation, but its headquarters is in the United States. However, it operates in many countries, so the inference is not definitive.",no
CVPR-2020-A001100,Jiang Wang,Google,UNKNOWN,United States,medium,"Google is a multinational corporation, but its headquarters is in the United States. However, it operates in many countries, so the inference is not definitive.",no
CVPR-2020-A001103,Yapeng Tian,University of Rochester,UNKNOWN,United States,high,The University of Rochester is a well-known institution located in the United States.,yes
CVPR-2020-A001106,Chenliang Xu,University of Rochester,UNKNOWN,United States,high,The University of Rochester is a well-known institution located in the United States.,yes
CVPR-2020-A001108,Siwei Dong,Peking University1 Pengcheng Laboratory2,UNKNOWN,China,high,"Peking University is a well-known institution located in China. Pengcheng Laboratory is also based in China, specifically in Shenzhen.",yes
CVPR-2020-A001110,Tiejun Huang,Peking University1 Pengcheng Laboratory2,UNKNOWN,China,high,"Peking University is a well-known institution located in China. Pengcheng Laboratory is also based in China, specifically in Shenzhen.",yes
CVPR-2020-A001111,Yonghong Tian,Peking University1 Pengcheng Laboratory2,UNKNOWN,China,high,"Peking University is a well-known institution located in China. Pengcheng Laboratory is also based in China, specifically in Shenzhen.",yes
CVPR-2020-A001112,Le Yang,"Tsinghua University, Beijing National Research Center for Information Science and Technology (BNRist) Harbin Institute of Technology SenseTime",UNKNOWN,China,high,"Tsinghua University, Harbin Institute of Technology, and SenseTime are all well-known institutions based in China. BNRist is also a Chinese research center.",yes
CVPR-2020-A001113,Yizeng Han,"Tsinghua University, Beijing National Research Center for Information Science and Technology (BNRist) Harbin Institute of Technology SenseTime",UNKNOWN,China,high,"Tsinghua University, Harbin Institute of Technology, and SenseTime are all well-known institutions based in China. BNRist is also a Chinese research center.",yes
CVPR-2020-A001114,Xi Chen,"Tsinghua University, Beijing National Research Center for Information Science and Technology (BNRist) Harbin Institute of Technology SenseTime",UNKNOWN,China,high,"Tsinghua University, Harbin Institute of Technology, and SenseTime are all well-known institutions based in China. BNRist is also a Chinese research center.",yes
CVPR-2020-A001115,Shiji Song,"Tsinghua University, Beijing National Research Center for Information Science and Technology (BNRist) Harbin Institute of Technology SenseTime",UNKNOWN,China,high,"Tsinghua University, Harbin Institute of Technology, and SenseTime are all well-known institutions based in China. BNRist is also a Chinese research center.",yes
CVPR-2020-A001116,Jifeng Dai,"Tsinghua University, Beijing National Research Center for Information Science and Technology (BNRist) Harbin Institute of Technology SenseTime",UNKNOWN,China,high,"Tsinghua University, Harbin Institute of Technology, and SenseTime are all well-known institutions based in China. BNRist is also a Chinese research center.",yes
CVPR-2020-A001117,Gao Huang,"Tsinghua University, Beijing National Research Center for Information Science and Technology (BNRist) Harbin Institute of Technology SenseTime",UNKNOWN,China,high,"Tsinghua University, Harbin Institute of Technology, and SenseTime are all well-known institutions based in China. BNRist is also a Chinese research center.",yes
CVPR-2020-A001118,Uday Kusupati,The University of Texas at Austin,UNKNOWN,United States,high,The University of Texas at Austin is a well-known institution located in the United States.,yes
CVPR-2020-A001119,Shuo Cheng,Tsinghua University,UNKNOWN,China,high,Tsinghua University is a well-known institution located in China.,yes
CVPR-2020-A001120,Rui Chen,University of California San Diego,UNKNOWN,United States,high,The University of California San Diego is a well-known institution located in the United States.,yes
CVPR-2020-A001121,Hao Su,Tsinghua University,UNKNOWN,China,high,Tsinghua University is a well-known institution located in China.,yes
CVPR-2020-A001129,Bo Zhou,Department of Biomedical Engineering,UNKNOWN,UNKNOWN,low,The institution name alone does not provide enough information to determine the country.,no
CVPR-2020-A001130,S. Kevin Zhou,"Peng Cheng Laboratory, Shenzhen",UNKNOWN,China,high,"Peng Cheng Laboratory is a well-known research institution located in Shenzhen, China.",yes
CVPR-2020-A001139,Nikolaos Passalis,"Department of Informatics, Aristotle University of Thessaloniki, Greece",UNKNOWN,Greece,high,The institution explicitly mentions 'Greece' in its name.,yes
CVPR-2020-A001140,Maria Tzelepi,"Department of Informatics, Aristotle University of Thessaloniki, Greece",UNKNOWN,Greece,high,The institution explicitly mentions 'Greece' in its name.,yes
CVPR-2020-A001141,Anastasios Tefas,"Department of Informatics, Aristotle University of Thessaloniki, Greece",UNKNOWN,Greece,high,The institution explicitly mentions 'Greece' in its name.,yes
CVPR-2020-A001142,Zhaohui Yang,"Key Lab of Machine Perception (MOE), Dept. of Machine Intelligence, Peking University. | Noah’s Ark Lab, Huawei Technologies.",UNKNOWN,China,high,Peking University and Huawei Technologies are well-known institutions based in China.,yes
CVPR-2020-A001143,Yunhe Wang,"Noah’s Ark Lab, Huawei Technologies.",UNKNOWN,China | United States,medium,"Huawei Technologies is a well-known Chinese company, while Noah’s Ark Lab is associated with Huawei and located in the United States.",no
CVPR-2020-A001144,Xinghao Chen,"Noah’s Ark Lab, Huawei Technologies.",UNKNOWN,China | United States,medium,"Huawei Technologies is a well-known Chinese company, while Noah’s Ark Lab is associated with Huawei and located in the United States.",no
CVPR-2020-A001145,Boxin Shi,"NELVT, Dept. of CS, Peking University. | Peng Cheng Laboratory.",UNKNOWN,China,high,Peking University is a well-known institution located in China. The Peng Cheng Laboratory is also based in China.,yes
CVPR-2020-A001146,Chao Xu,"Key Lab of Machine Perception (MOE), Dept. of Machine Intelligence, Peking University.",UNKNOWN,China,high,Peking University is a well-known institution located in China.,yes
CVPR-2020-A001147,Chunjing Xu,"Noah’s Ark Lab, Huawei Technologies.",UNKNOWN,China | United States,medium,"Huawei Technologies is a well-known Chinese company, while Noah’s Ark Lab is associated with Huawei and located in the United States.",no
CVPR-2020-A001148,Qi Tian,"Noah’s Ark Lab, Huawei Technologies.",UNKNOWN,China | United States,medium,"Huawei Technologies is a well-known Chinese company, while Noah’s Ark Lab is associated with Huawei and located in the United States.",no
CVPR-2020-A001149,Chang Xu,"School of Computer Science, Faculty of Engineering, University of Sydney.",UNKNOWN,Australia,high,"The institution is explicitly named as the University of Sydney, which is located in Australia.",yes
CVPR-2020-A001150,Wenkai Dong,"Center for Research on Intelligent Perception and Computing, NLPR, CASIA",UNKNOWN,China,high,CASIA (Chinese Academy of Sciences Automation Institute) is a well-known research institution based in China.,yes
CVPR-2020-A001151,Zhaoxiang Zhang,"Center for Research on Intelligent Perception and Computing, NLPR, CASIA",UNKNOWN,China,high,CASIA (Chinese Academy of Sciences Automation Institute) is a well-known research institution based in China.,yes
CVPR-2020-A001152,Chunfeng Song,"Center for Research on Intelligent Perception and Computing, NLPR, CASIA",UNKNOWN,China,high,CASIA (Chinese Academy of Sciences Automation Institute) is a well-known research institution based in China.,yes
CVPR-2020-A001153,Tieniu Tan,"Center for Research on Intelligent Perception and Computing, NLPR, CASIA",UNKNOWN,China,high,CASIA (Chinese Academy of Sciences Automation Institute) is a well-known research institution based in China.,yes
CVPR-2020-A001161,Shunta Maeda,Navier Inc.,UNKNOWN,UNKNOWN,low,The institution name 'Navier Inc.' does not provide sufficient information to determine the country.,no
CVPR-2020-A001167,Negar Goli,University of British Columbia,UNKNOWN,Canada,high,The University of British Columbia is a well-known institution located in Canada.,yes
CVPR-2020-A001168,Tor M. Aamodt,University of British Columbia,UNKNOWN,Canada,high,The University of British Columbia is a well-known institution located in Canada.,yes
CVPR-2020-A001169,Shaolin Su,"School of Computer Science and Engineering, Northwestern Polytechnical University",UNKNOWN,China,high,Northwestern Polytechnical University is a well-known institution located in China.,yes
CVPR-2020-A001170,Qingsen Yan,"School of Computer Science and Engineering, Northwestern Polytechnical University",UNKNOWN,China,high,Northwestern Polytechnical University is a well-known institution located in China.,yes
CVPR-2020-A001171,Yu Zhu,"School of Computer Science and Engineering, Northwestern Polytechnical University",UNKNOWN,China,high,Northwestern Polytechnical University is a well-known institution located in China.,yes
CVPR-2020-A001172,Cheng Zhang,"School of Computer Science and Engineering, Northwestern Polytechnical University",UNKNOWN,China,high,Northwestern Polytechnical University is a well-known institution located in China.,yes
CVPR-2020-A001173,Xin Ge,"School of Computer Science and Engineering, Northwestern Polytechnical University",UNKNOWN,China,high,Northwestern Polytechnical University is a well-known institution located in China.,yes
CVPR-2020-A001174,Jinqiu Sun,"School of Computer Science and Engineering, Northwestern Polytechnical University",UNKNOWN,China,high,Northwestern Polytechnical University is a well-known institution located in China.,yes
CVPR-2020-A001175,Yanning Zhang,"School of Computer Science and Engineering, Northwestern Polytechnical University",UNKNOWN,China,high,Northwestern Polytechnical University is a well-known institution located in China.,yes
CVPR-2020-A001181,Yuehao Wang,ShanghaiTech University,UNKNOWN,China,high,"ShanghaiTech University is a well-known institution located in Shanghai, China.",yes
CVPR-2020-A001182,Qiang Hu,ShanghaiTech University,UNKNOWN,China,high,"ShanghaiTech University is a well-known institution located in Shanghai, China.",yes
CVPR-2020-A001183,Jingyi Yu,ShanghaiTech University | DGene Inc.,UNKNOWN,China,high,"ShanghaiTech University is a well-known institution located in Shanghai, China. DGene Inc. is also based in China.",yes
CVPR-2020-A001186,Zihao W. Wang,Northwestern University Peking University Project page:,UNKNOWN,United States | China,high,"Northwestern University is located in the United States, and Peking University is located in China.",yes
CVPR-2020-A001187,Peiqi Duan,Northwestern University Peking University Project page:,UNKNOWN,United States | China,high,"Northwestern University is located in the United States, and Peking University is located in China.",yes
CVPR-2020-A001188,Oliver Cossairt,Northwestern University Peking University Project page:,UNKNOWN,United States | China,high,"Northwestern University is located in the United States, and Peking University is located in China.",yes
CVPR-2020-A001189,Aggelos Katsaggelos,Northwestern University Peking University Project page:,UNKNOWN,United States | China,high,"Northwestern University is located in the United States, and Peking University is located in China.",yes
CVPR-2020-A001190,Tiejun Huang,Northwestern University Peking University Project page:,UNKNOWN,United States | China,high,"Northwestern University is located in the United States, and Peking University is located in China.",yes
CVPR-2020-A001191,Boxin Shi,Northwestern University Peking University Project page:,UNKNOWN,United States | China,high,"Northwestern University is located in the United States, and Peking University is located in China.",yes
CVPR-2020-A001196,Yen-Cheng Liu,Georgia Institute of Technology,UNKNOWN,United States,high,Georgia Institute of Technology is a well-known university located in the United States.,yes
CVPR-2020-A001197,Junjiao Tian,Georgia Institute of Technology,UNKNOWN,United States,high,Georgia Institute of Technology is a well-known university located in the United States.,yes
CVPR-2020-A001198,Nathaniel Glaser,Georgia Institute of Technology,UNKNOWN,United States,high,Georgia Institute of Technology is a well-known university located in the United States.,yes
CVPR-2020-A001199,Zsolt Kira,Georgia Institute of Technology,UNKNOWN,United States,high,Georgia Institute of Technology is a well-known university located in the United States.,yes
CVPR-2020-A001200,Daniel Barath,"Visual Recognition Group, Department of Cybernetics, Czech Technical University, Prague Machine Perception Research Laboratory, MTA SZTAKI, Budapest",UNKNOWN,Czech Republic | Hungary,high,The institution names explicitly mention Czech Technical University in Prague (Czech Republic) and MTA SZTAKI in Budapest (Hungary).,yes
CVPR-2020-A001201,Jana Noskova,"Visual Recognition Group, Department of Cybernetics, Czech Technical University, Prague Machine Perception Research Laboratory, MTA SZTAKI, Budapest",UNKNOWN,Czech Republic | Hungary,high,The institution names explicitly mention Czech Technical University in Prague (Czech Republic) and MTA SZTAKI in Budapest (Hungary).,yes
CVPR-2020-A001202,Maksym Ivashechkin,"Visual Recognition Group, Department of Cybernetics, Czech Technical University, Prague Machine Perception Research Laboratory, MTA SZTAKI, Budapest",UNKNOWN,Czech Republic | Hungary,high,The institution names explicitly mention Czech Technical University in Prague (Czech Republic) and MTA SZTAKI in Budapest (Hungary).,yes
CVPR-2020-A001203,Jiri Matas,"Visual Recognition Group, Department of Cybernetics, Czech Technical University, Prague Machine Perception Research Laboratory, MTA SZTAKI, Budapest",UNKNOWN,Czech Republic | Hungary,high,The institution names explicitly mention Czech Technical University in Prague (Czech Republic) and MTA SZTAKI in Budapest (Hungary).,yes
CVPR-2020-A001204,Dazhou Guo,PAII Inc.,UNKNOWN,UNKNOWN,low,The institution name 'PAII Inc.' does not provide sufficient information to determine the country.,no
CVPR-2020-A001205,Dakai Jin,PAII Inc.,UNKNOWN,UNKNOWN,low,The institution name 'PAII Inc.' does not provide sufficient information to determine the country.,no
CVPR-2020-A001206,Zhuotun Zhu,The Johns Hopkins University,UNKNOWN,United States,high,The Johns Hopkins University is a well-known university located in the United States.,yes
CVPR-2020-A001208,Adam P. Harrison,PAII Inc.,UNKNOWN,UNKNOWN,low,The institution name 'PAII Inc.' does not provide sufficient information to determine the country.,no
CVPR-2020-A001209,Chun-Hung Chao,National Tsing Hua University,UNKNOWN,Taiwan,high,National Tsing Hua University is a well-known institution located in Taiwan.,yes
CVPR-2020-A001211,Le Lu,PAII Inc.,UNKNOWN,UNKNOWN,low,The institution name 'PAII Inc.' does not provide sufficient information to determine the country.,no
CVPR-2020-A001212,Tiancai Wang,"Linköping University, Sweden",UNKNOWN,Sweden,high,The institution name explicitly includes 'Sweden'.,yes
CVPR-2020-A001213,Tong Yang,"Linköping University, Sweden",UNKNOWN,Sweden,high,The institution name explicitly includes 'Sweden'.,yes
CVPR-2020-A001214,Martin Danelljan,"Linköping University, Sweden",UNKNOWN,Sweden,high,The institution name explicitly includes 'Sweden'.,yes
CVPR-2020-A001215,Fahad Shahbaz Khan,"Linköping University, Sweden",UNKNOWN,Sweden,high,The institution name explicitly includes 'Sweden'.,yes
CVPR-2020-A001216,Xiangyu Zhang,"Linköping University, Sweden",UNKNOWN,Sweden,high,The institution name explicitly includes 'Sweden'.,yes
CVPR-2020-A001217,Jian Sun,"Linköping University, Sweden",UNKNOWN,Sweden,high,The institution name explicitly includes 'Sweden'.,yes
CVPR-2020-A001228,Bolei Xu,"College of Computer Science and Technology, Zhejiang University of Technology | College of Information Engineering, Shenzhen University",UNKNOWN,China,high,Both Zhejiang University of Technology and Shenzhen University are well-known institutions located in China.,yes
CVPR-2020-A001229,Jingxin Liu,"College of Information Engineering, Shenzhen University | Histo Pathology Diagnostic Center, Shanghai",UNKNOWN,China,high,"Both institutions (College of Information Engineering, Shenzhen University and Histo Pathology Diagnostic Center, Shanghai) are located in China, as indicated by the cities Shenzhen and Shanghai.",yes
CVPR-2020-A001230,Xianxu Hou,"College of Information Engineering, Shenzhen University",UNKNOWN,China,high,"Shenzhen University is a well-known institution located in Shenzhen, China.",yes
CVPR-2020-A001231,Bozhi Liu,"College of Information Engineering, Shenzhen University",UNKNOWN,China,high,"Shenzhen University is a well-known institution located in Shenzhen, China.",yes
CVPR-2020-A001232,Guoping Qiu,"College of Information Engineering, Shenzhen University | School of Computer Science, The University of Nottingham",UNKNOWN,China | United Kingdom,high,"Shenzhen University is located in China, and The University of Nottingham is located in the United Kingdom.",yes
CVPR-2020-A001244,Tianlong Chen,Texas A&M University,UNKNOWN,United States,high,Texas A&M University is a well-known university located in the United States.,yes
CVPR-2020-A001245,Sijia Liu,"MIT-IBM Watson AI Lab, IBM Research",UNKNOWN,United States,high,MIT and IBM are well-known institutions based in the United States.,yes
CVPR-2020-A001246,Shiyu Chang,"MIT-IBM Watson AI Lab, IBM Research",UNKNOWN,United States,high,MIT and IBM are well-known institutions based in the United States.,yes
CVPR-2020-A001247,Yu Cheng,Microsoft Dynamics,UNKNOWN,United States,medium,"Microsoft is a well-known technology company based in the United States, and Microsoft Dynamics is a product line of Microsoft.",yes
CVPR-2020-A001248,Lisa Amini,"MIT-IBM Watson AI Lab, IBM Research",UNKNOWN,United States,high,MIT and IBM are well-known institutions based in the United States.,yes
CVPR-2020-A001249,Zhangyang Wang,Texas A&M University,UNKNOWN,United States,high,Texas A&M University is a well-known university located in the United States.,yes
CVPR-2020-A001255,Jingwei Huang,Stanford University | Google Research,UNKNOWN,United States,high,Both Stanford University and Google Research are well-known institutions based in the United States.,yes
CVPR-2020-A001256,Justus Thies,Technical University of Munich,UNKNOWN,Germany,high,Technical University of Munich is a well-known institution located in Germany.,yes
CVPR-2020-A001257,Angela Dai,Technical University of Munich,UNKNOWN,Germany,high,Technical University of Munich is a well-known institution located in Germany.,yes
CVPR-2020-A001258,Abhijit Kundu,Google Research,UNKNOWN,United States,medium,"Google Research is primarily based in the United States, though it has offices in other countries.",no
CVPR-2020-A001262,Thomas Funkhouser,Google Research,UNKNOWN,United States,medium,"Google Research is primarily based in the United States, though it has offices in other countries.",no
CVPR-2020-A001263,Shunsuke Saito,University of Southern California | Facebook AI Research,UNKNOWN,United States,high,The University of Southern California is a well-known institution located in the United States. Facebook AI Research is also based in the United States.,yes
CVPR-2020-A001264,Tomas Simon,Facebook Reality Labs,UNKNOWN,United States,high,"Facebook Reality Labs is a division of Meta Platforms, Inc., which is based in the United States.",yes
CVPR-2020-A001265,Jason Saragih,Facebook Reality Labs,UNKNOWN,United States,high,"Facebook Reality Labs is a division of Meta Platforms, Inc., which is based in the United States.",yes
CVPR-2020-A001266,Hanbyul Joo,Facebook AI Research,UNKNOWN,United States,medium,"Facebook AI Research is based in the United States, but the conference (CVPR) is international and does not provide direct country information.",yes
CVPR-2020-A001267,Joo Ho Lee,Microsoft Research Asia,UNKNOWN,China,high,Microsoft Research Asia is a well-known research division based in China.,yes
CVPR-2020-A001268,Hyunho Ha,Microsoft Research Asia,UNKNOWN,China,high,Microsoft Research Asia is a well-known research division based in China.,yes
CVPR-2020-A001269,Yue Dong,Microsoft Research Asia,UNKNOWN,China,high,Microsoft Research Asia is a well-known research division based in China.,yes
CVPR-2020-A001270,Xin Tong,Microsoft Research Asia,UNKNOWN,China,high,Microsoft Research Asia is a well-known research division based in China.,yes
CVPR-2020-A001271,Min H. Kim,Microsoft Research Asia,UNKNOWN,China,high,Microsoft Research Asia is a well-known research division based in China.,yes
CVPR-2020-A001272,Guangming Zang,KAUST Sandia National Laboratories,UNKNOWN,United States | Saudi Arabia,medium,"KAUST is based in Saudi Arabia, and Sandia National Laboratories is based in the United States.",yes
CVPR-2020-A001273,Ramzi Idoughi,KAUST Sandia National Laboratories,UNKNOWN,United States | Saudi Arabia,medium,"KAUST is based in Saudi Arabia, and Sandia National Laboratories is based in the United States.",yes
CVPR-2020-A001274,Congli Wang,KAUST Sandia National Laboratories,UNKNOWN,United States | Saudi Arabia,medium,"KAUST is based in Saudi Arabia, and Sandia National Laboratories is based in the United States.",yes
CVPR-2020-A001275,Anthony Bennett,KAUST Sandia National Laboratories,UNKNOWN,United States | Saudi Arabia,medium,"KAUST is based in Saudi Arabia, and Sandia National Laboratories is based in the United States.",yes
CVPR-2020-A001276,Jianguo Du,KAUST Sandia National Laboratories,UNKNOWN,United States | Saudi Arabia,medium,"KAUST is based in Saudi Arabia, and Sandia National Laboratories is based in the United States.",yes
CVPR-2020-A001277,Scott Skeen,KAUST Sandia National Laboratories,UNKNOWN,United States | Saudi Arabia,medium,"KAUST is based in Saudi Arabia, and Sandia National Laboratories is based in the United States.",yes
CVPR-2020-A001278,William L. Roberts,KAUST Sandia National Laboratories,UNKNOWN,United States | Saudi Arabia,medium,"KAUST is based in Saudi Arabia, and Sandia National Laboratories is based in the United States.",yes
CVPR-2020-A001279,Peter Wonka,KAUST Sandia National Laboratories,UNKNOWN,United States | Saudi Arabia,medium,"KAUST is based in Saudi Arabia, and Sandia National Laboratories is based in the United States.",yes
CVPR-2020-A001280,Wolfgang Heidrich,KAUST Sandia National Laboratories,UNKNOWN,United States | Saudi Arabia,medium,"KAUST is based in Saudi Arabia, and Sandia National Laboratories is based in the United States.",yes
CVPR-2020-A001287,Guilin Li,Huawei Noah’s Ark Lab,UNKNOWN,China,high,"Huawei is a well-known Chinese technology company, and the Noah’s Ark Lab is a research laboratory under Huawei.",yes
CVPR-2020-A001290,Edward Kim,"Department of Computer Science, Drexel University, PA",UNKNOWN,United States,high,"Drexel University is located in Pennsylvania, United States.",yes
CVPR-2020-A001291,Jocelyn Rego,"Department of Computer Science, Drexel University, PA",UNKNOWN,United States,high,"Drexel University is located in Pennsylvania, United States.",yes
CVPR-2020-A001292,Yijing Watkins,"Los Alamos National Laboratory, Los Alamos, NM",UNKNOWN,United States,high,"Los Alamos National Laboratory is a well-known institution located in Los Alamos, New Mexico, which is in the United States.",yes
CVPR-2020-A001293,Garrett T. Kenyon,"Los Alamos National Laboratory, Los Alamos, NM",UNKNOWN,United States,high,"Los Alamos National Laboratory is a well-known institution located in Los Alamos, New Mexico, which is in the United States.",yes
CVPR-2020-A001296,Chenchi Luo,Samsung Research America,UNKNOWN,United States,high,Samsung Research America is a well-known research division based in the United States.,yes
CVPR-2020-A001297,Yingmao Li,Samsung Research America,UNKNOWN,United States,high,Samsung Research America is a well-known research division based in the United States.,yes
CVPR-2020-A001298,Kaimo Lin,Samsung Research America,UNKNOWN,United States,high,Samsung Research America is a well-known research division based in the United States.,yes
CVPR-2020-A001299,George Chen,Samsung Research America,UNKNOWN,United States,high,Samsung Research America is a well-known research division based in the United States.,yes
CVPR-2020-A001300,Seok-Jun Lee,Samsung Research America,UNKNOWN,United States,high,Samsung Research America is a well-known research division based in the United States.,yes
CVPR-2020-A001301,Jihwan Choi,Samsung Research America,UNKNOWN,United States,high,Samsung Research America is a well-known research division based in the United States.,yes
CVPR-2020-A001302,Youngjun Francis Yoo,Samsung Research America,UNKNOWN,United States,high,Samsung Research America is a well-known research division based in the United States.,yes
CVPR-2020-A001303,Michael O. Polley,Samsung Research America,UNKNOWN,United States,high,Samsung Research America is a well-known research division based in the United States.,yes
CVPR-2020-A001304,Ke Xian,National Key Laboratory of Science and Technology on MultiSpectral Information Processing,UNKNOWN,China,high,"The institution name includes 'National Key Laboratory', which is a term commonly used in China for research institutions.",yes
CVPR-2020-A001305,Jianming Zhang,Adobe Research,UNKNOWN,United States,medium,"Adobe Research is a well-known research division based in the United States, though it may have international collaborations.",yes
CVPR-2020-A001306,Oliver Wang,Adobe Research,UNKNOWN,United States,medium,"Adobe Research is a well-known research division based in the United States, though it may have international collaborations.",yes
CVPR-2020-A001307,Long Mai,Adobe Research,UNKNOWN,United States,medium,"Adobe Research is a well-known research division based in the United States, though it may have international collaborations.",yes
CVPR-2020-A001308,Zhe Lin,Adobe Research,UNKNOWN,United States,medium,"Adobe Research is a well-known research division based in the United States, though it may have international collaborations.",yes
CVPR-2020-A001309,Zhiguo Cao,National Key Laboratory of Science and Technology on MultiSpectral Information Processing,UNKNOWN,China,high,"The institution name includes 'National Key Laboratory', which is a term commonly used in China for research institutions.",yes
CVPR-2020-A001310,Yikai Li,MIT CSAIL | Shanghai Jiao Tong University,UNKNOWN,United States | China,high,"MIT CSAIL is associated with the United States, and Shanghai Jiao Tong University is associated with China.",yes
CVPR-2020-A001313,William T. Freeman,MIT CSAIL | Google Research,UNKNOWN,United States | United Kingdom,medium,"MIT is based in the United States, and Google Research has offices in multiple countries, including the United Kingdom. However, the exact country for Google Research cannot be determined reliably from the institution name alone.",no
CVPR-2020-A001315,Jiajun Wu,Stanford University,UNKNOWN,United States,high,Stanford University is located in the United States.,yes
CVPR-2020-A001325,Yong-Lu Li,Shanghai Jiao Tong University,UNKNOWN,China,high,"Shanghai Jiao Tong University is a well-known university located in Shanghai, China.",yes
CVPR-2020-A001326,Liang Xu,Shanghai Jiao Tong University,UNKNOWN,China,high,"Shanghai Jiao Tong University is a well-known university located in Shanghai, China.",yes
CVPR-2020-A001327,Xinpeng Liu,Shanghai Jiao Tong University,UNKNOWN,China,high,"Shanghai Jiao Tong University is a well-known university located in Shanghai, China.",yes
CVPR-2020-A001328,Xijie Huang,Shanghai Jiao Tong University,UNKNOWN,China,high,"Shanghai Jiao Tong University is a well-known university located in Shanghai, China.",yes
CVPR-2020-A001329,Yue Xu,Shanghai Jiao Tong University,UNKNOWN,China,high,"Shanghai Jiao Tong University is a well-known university located in Shanghai, China.",yes
CVPR-2020-A001330,Shiyi Wang,Shanghai Jiao Tong University,UNKNOWN,China,high,"Shanghai Jiao Tong University is a well-known university located in Shanghai, China.",yes
CVPR-2020-A001331,Hao-Shu Fang,Shanghai Jiao Tong University,UNKNOWN,China,high,"Shanghai Jiao Tong University is a well-known university located in Shanghai, China.",yes
CVPR-2020-A001332,Ze Ma,Shanghai Jiao Tong University,UNKNOWN,China,high,"Shanghai Jiao Tong University is a well-known university located in Shanghai, China.",yes
CVPR-2020-A001333,Mingyang Chen,Shanghai Jiao Tong University,UNKNOWN,China,high,"Shanghai Jiao Tong University is a well-known university located in Shanghai, China.",yes
CVPR-2020-A001334,Cewu Lu,Shanghai Jiao Tong University,UNKNOWN,China,high,"Shanghai Jiao Tong University is a well-known university located in Shanghai, China.",yes
CVPR-2020-A001341,Hanting Chen,"Key Lab of Machine Perception (MOE), Dept. of Machine Intelligence, Peking University. | Noah’s Ark Lab, Huawei Technologies.",UNKNOWN,China,high,Peking University and Huawei Technologies are well-known institutions based in China.,yes
CVPR-2020-A001342,Yunhe Wang,"Noah’s Ark Lab, Huawei Technologies.",UNKNOWN,China | United States,medium,"Huawei Technologies is a well-known Chinese company, while Noah’s Ark Lab is associated with Huawei and located in the United States.",no
CVPR-2020-A001343,Chunjing Xu,"Noah’s Ark Lab, Huawei Technologies.",UNKNOWN,China | United States,medium,"Huawei Technologies is a well-known Chinese company, while Noah’s Ark Lab is associated with Huawei and located in the United States.",no
CVPR-2020-A001344,Boxin Shi,"NELVT, Dept. of CS, Peking University. | Peng Cheng Laboratory.",UNKNOWN,China,high,Peking University is a well-known institution located in China. The Peng Cheng Laboratory is also based in China.,yes
CVPR-2020-A001345,Chao Xu,"Key Lab of Machine Perception (MOE), Dept. of Machine Intelligence, Peking University.",UNKNOWN,China,high,Peking University is a well-known institution located in China.,yes
CVPR-2020-A001346,Qi Tian,"Noah’s Ark Lab, Huawei Technologies.",UNKNOWN,China | United States,medium,"Huawei Technologies is a well-known Chinese company, while Noah’s Ark Lab is associated with Huawei and located in the United States.",no
CVPR-2020-A001347,Chang Xu,"School of Computer Science, Faculty of Engineering, The University of Sydney.",UNKNOWN,Australia,high,The University of Sydney is a well-known institution located in Australia.,yes
CVPR-2020-A001353,Michael Niemeyer,"Max Planck Institute for Intelligent Systems, Tübingen | University of Tübingen",UNKNOWN,Germany,high,"The institution names 'Max Planck Institute for Intelligent Systems, Tübingen' and 'University of Tübingen' are well-known institutions located in Germany.",yes
CVPR-2020-A001354,Lars Mescheder,"Max Planck Institute for Intelligent Systems, Tübingen | University of Tübingen | Amazon, Tübingen",UNKNOWN,Germany,high,"The institution names include 'Max Planck Institute for Intelligent Systems, Tübingen' and 'University of Tübingen', both of which are well-known institutions located in Germany.",yes
CVPR-2020-A001355,Michael Oechsle,"Max Planck Institute for Intelligent Systems, Tübingen | University of Tübingen | ETAS GmbH, Bosch Group, Stuttgart",UNKNOWN,Germany,high,"The institutions listed (Max Planck Institute for Intelligent Systems, Tübingen, University of Tübingen, ETAS GmbH, Bosch Group, Stuttgart) are all based in Germany.",yes
CVPR-2020-A001356,Andreas Geiger,"Max Planck Institute for Intelligent Systems, Tübingen | University of Tübingen",UNKNOWN,Germany,high,"The institution names 'Max Planck Institute for Intelligent Systems, Tübingen' and 'University of Tübingen' are well-known institutions located in Germany.",yes
CVPR-2020-A001367,Xiaodong Gu,Simon Fraser University,UNKNOWN,Canada,high,Simon Fraser University is a well-known university located in Canada.,yes
CVPR-2020-A001368,Zhiwen Fan,Simon Fraser University,UNKNOWN,Canada,high,Simon Fraser University is a well-known university located in Canada.,yes
CVPR-2020-A001369,Siyu Zhu,Simon Fraser University,UNKNOWN,Canada,high,Simon Fraser University is a well-known university located in Canada.,yes
CVPR-2020-A001370,Zuozhuo Dai,Simon Fraser University,UNKNOWN,Canada,high,Simon Fraser University is a well-known university located in Canada.,yes
CVPR-2020-A001371,Feitong Tan,Simon Fraser University,UNKNOWN,Canada,high,Simon Fraser University is a well-known university located in Canada.,yes
CVPR-2020-A001372,Ping Tan,Simon Fraser University,UNKNOWN,Canada,high,Simon Fraser University is a well-known university located in Canada.,yes
CVPR-2020-A001376,Zehao Yu,ShanghaiTech University,UNKNOWN,China,high,"ShanghaiTech University is a well-known institution located in Shanghai, China.",yes
CVPR-2020-A001377,Shenghua Gao,ShanghaiTech University,UNKNOWN,China,high,"ShanghaiTech University is a well-known institution located in Shanghai, China.",yes
CVPR-2020-A001380,Tong Chen,Tsinghua University,UNKNOWN,China,high,Tsinghua University is a well-known institution located in China.,yes
CVPR-2020-A001381,Zuoqiang Shi,Tsinghua University,UNKNOWN,China,high,Tsinghua University is a well-known institution located in China.,yes
CVPR-2020-A001382,Chenglong Bao,Tsinghua University,UNKNOWN,China,high,Tsinghua University is a well-known institution located in China.,yes
CVPR-2020-A001383,Kaisheng Ma,Tsinghua University,UNKNOWN,China,high,Tsinghua University is a well-known institution located in China.,yes
CVPR-2020-A001384,Tianfei Zhou,"Inception Institute of Artificial Intelligence, UAE",UNKNOWN,United Arab Emirates,high,"The institution name explicitly includes 'UAE', which is the official country name.",yes
CVPR-2020-A001388,Jianbing Shen,"Inception Institute of Artificial Intelligence, UAE",UNKNOWN,United Arab Emirates,high,"The institution name explicitly includes 'UAE', which is the official country name.",yes
CVPR-2020-A001397,Li Zhang,University of Oxford,UNKNOWN,United Kingdom,high,The University of Oxford is a well-known institution located in the United Kingdom.,yes
CVPR-2020-A001402,David Fan,Princeton University,UNKNOWN,United States,high,Princeton University is a well-known institution located in the United States.,yes
CVPR-2020-A001405,Jia Deng,Princeton University,UNKNOWN,United States,high,Princeton University is a well-known institution located in the United States.,yes
CVPR-2020-A001407,Eric Brachmann,Heidelberg University,UNKNOWN,Germany,high,Heidelberg University is a well-known institution located in Germany.,yes
CVPR-2020-A001409,Carsten Rother,Heidelberg University,UNKNOWN,Germany,high,Heidelberg University is a well-known institution located in Germany.,yes
CVPR-2020-A001410,Michael Ying Yang,University of Twente,UNKNOWN,Netherlands,high,The University of Twente is a well-known institution located in the Netherlands.,yes
CVPR-2020-A001412,Christopher Choy,Intel Labs,UNKNOWN,United States,medium,"Intel Labs is a research division of Intel Corporation, which is based in the United States. However, Intel has research labs in multiple countries, so the country cannot be determined with absolute certainty.",no
CVPR-2020-A001413,Wei Dong,Intel Labs,UNKNOWN,United States,medium,"Intel Labs is a research division of Intel Corporation, which is based in the United States. However, Intel has research labs in multiple countries, so the country cannot be determined with absolute certainty.",no
CVPR-2020-A001414,Vladlen Koltun,Intel Labs,UNKNOWN,United States,medium,"Intel Labs is a research division of Intel Corporation, which is based in the United States. However, Intel has research labs in multiple countries, so the country cannot be determined with absolute certainty.",no
CVPR-2020-A001415,Syed Waqas Zamir,"Inception Institute of Artificial Intelligence, UAE",UNKNOWN,United Arab Emirates,high,"The institution name explicitly includes 'UAE', which is the official country name.",yes
CVPR-2020-A001416,Aditya Arora,"Inception Institute of Artificial Intelligence, UAE",UNKNOWN,United Arab Emirates,high,"The institution name explicitly includes 'UAE', which is the official country name.",yes
CVPR-2020-A001417,Salman Khan,"Inception Institute of Artificial Intelligence, UAE",UNKNOWN,United Arab Emirates,high,"The institution name explicitly includes 'UAE', which is the official country name.",yes
CVPR-2020-A001418,Munawar Hayat,"Inception Institute of Artificial Intelligence, UAE",UNKNOWN,United Arab Emirates,high,"The institution name explicitly includes 'UAE', which is the official country name.",yes
CVPR-2020-A001419,Fahad Shahbaz Khan,"Inception Institute of Artificial Intelligence, UAE",UNKNOWN,United Arab Emirates,high,"The institution name explicitly includes 'UAE', which is the official country name.",yes
CVPR-2020-A001420,Ming-Hsuan Yang,"University of California, Merced | Google Research",UNKNOWN,United States,high,"The University of California, Merced is a well-known institution located in the United States. Google Research is a global entity, but in this context, it is likely associated with the United States as the primary location for the research.",yes
CVPR-2020-A001421,Ling Shao,"Inception Institute of Artificial Intelligence, UAE",UNKNOWN,United Arab Emirates,high,"The institution name explicitly includes 'UAE', which is the official country name.",yes
CVPR-2020-A001424,Wang Yifan,Adobe Research,UNKNOWN,United States,medium,"Adobe Research is a well-known research division based in the United States, though it may have international collaborations.",yes
CVPR-2020-A001425,Noam Aigerman,Adobe Research,UNKNOWN,United States,medium,"Adobe Research is a well-known research division based in the United States, though it may have international collaborations.",yes
CVPR-2020-A001426,Vladimir G. Kim,Adobe Research,UNKNOWN,United States,medium,"Adobe Research is a well-known research division based in the United States, though it may have international collaborations.",yes
CVPR-2020-A001427,Siddhartha Chaudhuri,Adobe Research,UNKNOWN,United States,medium,"Adobe Research is a well-known research division based in the United States, though it may have international collaborations.",yes
CVPR-2020-A001428,Olga Sorkine-Hornung,Adobe Research,UNKNOWN,United States,medium,"Adobe Research is a well-known research division based in the United States, though it may have international collaborations.",yes
CVPR-2020-A001432,Mohsen Fayyaz,University of Bonn,UNKNOWN,Germany,high,The University of Bonn is a well-known institution located in Germany.,yes
CVPR-2020-A001433,Jurgen Gall,University of Bonn,UNKNOWN,Germany,high,The University of Bonn is a well-known institution located in Germany.,yes
CVPR-2020-A001434,Han Yang,"DAMO Academy, Alibaba Group",UNKNOWN,China,high,"DAMO Academy is a research institution under Alibaba Group, which is based in China.",yes
CVPR-2020-A001435,Xingjian Zhen,University of Wisconsin Madison,UNKNOWN,United States,high,The University of Wisconsin Madison is a well-known institution located in the United States.,yes
CVPR-2020-A001436,Ying Chi,"DAMO Academy, Alibaba Group",UNKNOWN,China,high,"DAMO Academy is a research institution under Alibaba Group, which is based in China.",yes
CVPR-2020-A001437,Lei Zhang,"DAMO Academy, Alibaba Group",UNKNOWN,China,high,"DAMO Academy is a research institution under Alibaba Group, which is based in China.",yes
CVPR-2020-A001438,Xian-Sheng Hua,"DAMO Academy, Alibaba Group",UNKNOWN,China,high,"DAMO Academy is a research institution under Alibaba Group, which is based in China.",yes
CVPR-2020-A001444,Vitor Guizilini,Toyota Research Institute (TRI),UNKNOWN,United States,high,Toyota Research Institute (TRI) is a well-known research institution based in the United States.,yes
CVPR-2020-A001445,Rares Ambrus,Toyota Research Institute (TRI),UNKNOWN,United States,high,Toyota Research Institute (TRI) is a well-known research institution based in the United States.,yes
CVPR-2020-A001446,Sudeep Pillai,Toyota Research Institute (TRI),UNKNOWN,United States,high,Toyota Research Institute (TRI) is a well-known research institution based in the United States.,yes
CVPR-2020-A001447,Allan Raventos,Toyota Research Institute (TRI),UNKNOWN,United States,high,Toyota Research Institute (TRI) is a well-known research institution based in the United States.,yes
CVPR-2020-A001448,Adrien Gaidon,Toyota Research Institute (TRI),UNKNOWN,United States,high,Toyota Research Institute (TRI) is a well-known research institution based in the United States.,yes
CVPR-2020-A001462,Xiaokang Chen,"Key Laboratory of Machine Perception (MOE), School of EECS, Peking University",UNKNOWN,China,high,Peking University is a well-known institution located in China.,yes
CVPR-2020-A001463,Kwan-Yee Lin,SenseTime Research,UNKNOWN,China,medium,"SenseTime is a well-known Chinese company, and its research is commonly associated with China.",yes
CVPR-2020-A001464,Chen Qian,SenseTime Research,UNKNOWN,China,medium,"SenseTime is a well-known Chinese company, and its research is commonly associated with China.",yes
CVPR-2020-A001465,Gang Zeng,"Key Laboratory of Machine Perception (MOE), School of EECS, Peking University",UNKNOWN,China,high,Peking University is a well-known institution located in China.,yes
CVPR-2020-A001466,Hongsheng Li,The Chinese University of Hong Kong,UNKNOWN,China,high,The institution name explicitly includes 'China'.,yes
CVPR-2020-A001467,Jiaying Lin,"Department of Computer Science, City University of Hong Kong",UNKNOWN,Hong Kong,high,The institution name explicitly mentions 'Hong Kong'.,yes
CVPR-2020-A001468,Guodong Wang,"Department of Computer Science, City University of Hong Kong",UNKNOWN,Hong Kong,high,The institution name explicitly mentions 'Hong Kong'.,yes
CVPR-2020-A001469,Rynson W.H. Lau,"Department of Computer Science, City University of Hong Kong",UNKNOWN,Hong Kong,high,The institution name explicitly mentions 'Hong Kong'.,yes
CVPR-2020-A001477,Haiyang Mei,Dalian University of Technology,UNKNOWN,China,high,"Dalian University of Technology is a well-known institution located in Dalian, China.",yes
CVPR-2020-A001478,Xin Yang,Dalian University of Technology | Advanced Institute of Information Technology Peking University,UNKNOWN,China | United States,medium,"Dalian University of Technology and Peking University are both in China. However, the Advanced Institute of Information Technology is not clearly tied to a specific country, leading to some ambiguity.",no
CVPR-2020-A001479,Yang Wang,Dalian University of Technology,UNKNOWN,China,high,"Dalian University of Technology is a well-known institution located in Dalian, China.",yes
CVPR-2020-A001480,Yuanyuan Liu,Dalian University of Technology,UNKNOWN,China,high,"Dalian University of Technology is a well-known institution located in Dalian, China.",yes
CVPR-2020-A001482,Qiang Zhang,Dalian University of Technology,UNKNOWN,China,high,"Dalian University of Technology is a well-known institution located in Dalian, China.",yes
CVPR-2020-A001483,Xiaopeng Wei,Dalian University of Technology,UNKNOWN,China,high,"Dalian University of Technology is a well-known institution located in Dalian, China.",yes
CVPR-2020-A001484,Rynson W.H. Lau,City University of Hong Kong,UNKNOWN,Hong Kong,high,"The institution name explicitly includes 'Hong Kong', which is a Special Administrative Region of China but is often treated as a separate entity in academic and institutional contexts.",yes
CVPR-2020-A001485,Zhiheng Li,University of Rochester,UNKNOWN,United States,high,The University of Rochester is a well-known institution located in the United States.,yes
CVPR-2020-A001486,Wenxuan Bao,Tsinghua University,UNKNOWN,China,high,Tsinghua University is a well-known institution located in China.,yes
CVPR-2020-A001487,Jiayang Zheng,University of Rochester,UNKNOWN,United States,high,The University of Rochester is a well-known institution located in the United States.,yes
CVPR-2020-A001488,Chenliang Xu,University of Rochester,UNKNOWN,United States,high,The University of Rochester is a well-known institution located in the United States.,yes
CVPR-2020-A001498,Yichao Yan,"Inception Institute of Artificial Intelligence (IIAI), Abu Dhabi, UAE",UNKNOWN,United Arab Emirates,high,"The institution is explicitly listed as being in Abu Dhabi, UAE.",yes
CVPR-2020-A001499,Jie Qin,"Inception Institute of Artificial Intelligence (IIAI), Abu Dhabi, UAE",UNKNOWN,United Arab Emirates,high,"The institution is explicitly listed as being in Abu Dhabi, UAE.",yes
CVPR-2020-A001500,Jiaxin Chen,"Inception Institute of Artificial Intelligence (IIAI), Abu Dhabi, UAE",UNKNOWN,United Arab Emirates,high,"The institution is explicitly listed as being in Abu Dhabi, UAE.",yes
CVPR-2020-A001501,Li Liu,"Inception Institute of Artificial Intelligence (IIAI), Abu Dhabi, UAE",UNKNOWN,United Arab Emirates,high,"The institution is explicitly listed as being in Abu Dhabi, UAE.",yes
CVPR-2020-A001502,Fan Zhu,"Inception Institute of Artificial Intelligence (IIAI), Abu Dhabi, UAE",UNKNOWN,United Arab Emirates,high,"The institution is explicitly listed as being in Abu Dhabi, UAE.",yes
CVPR-2020-A001504,Ling Shao,"Inception Institute of Artificial Intelligence (IIAI), Abu Dhabi, UAE",UNKNOWN,United Arab Emirates,high,"The institution is explicitly listed as being in Abu Dhabi, UAE.",yes
CVPR-2020-A001505,Feng Zhu,"State Key Laboratory of Software Development Environment, Beihang University",UNKNOWN,China,high,Beihang University is a well-known university located in China.,yes
CVPR-2020-A001506,Ruihao Gong,"State Key Laboratory of Software Development Environment, Beihang University",UNKNOWN,China,high,Beihang University is a well-known university located in China.,yes
CVPR-2020-A001507,Fengwei Yu,"State Key Laboratory of Software Development Environment, Beihang University",UNKNOWN,China,high,Beihang University is a well-known university located in China.,yes
CVPR-2020-A001508,Xianglong Liu,"State Key Laboratory of Software Development Environment, Beihang University",UNKNOWN,China,high,Beihang University is a well-known university located in China.,yes
CVPR-2020-A001509,Yanfei Wang,"State Key Laboratory of Software Development Environment, Beihang University",UNKNOWN,China,high,Beihang University is a well-known university located in China.,yes
CVPR-2020-A001510,Zhelong Li,"State Key Laboratory of Software Development Environment, Beihang University",UNKNOWN,China,high,Beihang University is a well-known university located in China.,yes
CVPR-2020-A001511,Xiuqi Yang,"State Key Laboratory of Software Development Environment, Beihang University",UNKNOWN,China,high,Beihang University is a well-known university located in China.,yes
CVPR-2020-A001512,Junjie Yan,"State Key Laboratory of Software Development Environment, Beihang University",UNKNOWN,China,high,Beihang University is a well-known university located in China.,yes
CVPR-2020-A001518,Shreyas Hampali,"Institute for Computer Graphics and Vision, Graz University of Technology, Austria",UNKNOWN,Austria,high,The institution explicitly mentions 'Austria' in its name.,yes
CVPR-2020-A001519,Mahdi Rad,"Institute for Computer Graphics and Vision, Graz University of Technology, Austria",UNKNOWN,Austria,high,The institution explicitly mentions 'Austria' in its name.,yes
CVPR-2020-A001520,Markus Oberweger,"Institute for Computer Graphics and Vision, Graz University of Technology, Austria",UNKNOWN,Austria,high,The institution explicitly mentions 'Austria' in its name.,yes
CVPR-2020-A001522,Zhenqiang Ying,"University of Texas at Austin, Facebook AI",UNKNOWN,United States,high,The University of Texas at Austin is a well-known institution located in the United States. Facebook AI is also based in the United States.,yes
CVPR-2020-A001523,Haoran Niu,"University of Texas at Austin, Facebook AI",UNKNOWN,United States,high,The University of Texas at Austin is a well-known institution located in the United States. Facebook AI is also based in the United States.,yes
CVPR-2020-A001524,Praful Gupta,"University of Texas at Austin, Facebook AI",UNKNOWN,United States,high,The University of Texas at Austin is a well-known institution located in the United States. Facebook AI is also based in the United States.,yes
CVPR-2020-A001525,Dhruv Mahajan,"University of Texas at Austin, Facebook AI",UNKNOWN,United States,high,The University of Texas at Austin is a well-known institution located in the United States. Facebook AI is also based in the United States.,yes
CVPR-2020-A001526,Deepti Ghadiyaram,"University of Texas at Austin, Facebook AI",UNKNOWN,United States,high,The University of Texas at Austin is a well-known institution located in the United States. Facebook AI is also based in the United States.,yes
CVPR-2020-A001527,Alan Bovik,"University of Texas at Austin, Facebook AI",UNKNOWN,United States,high,The University of Texas at Austin is a well-known institution located in the United States. Facebook AI is also based in the United States.,yes
CVPR-2020-A001528,Hailiang Xu,Alibaba Group | Nanjing University,UNKNOWN,China,high,Both Alibaba Group and Nanjing University are well-known institutions based in China.,yes
CVPR-2020-A001529,Siqi Xie,Beijing Language and Culture University,UNKNOWN,China,high,Beijing Language and Culture University is a well-known institution located in China.,yes
CVPR-2020-A001530,Fan Chen,Columbia University,UNKNOWN,United States,high,Columbia University is a well-known institution located in the United States.,yes
CVPR-2020-A001545,Ziyu Wan,City University of Hong Kong,UNKNOWN,Hong Kong,high,"The institution name explicitly includes 'Hong Kong', which is a Special Administrative Region of China but is often treated as a separate entity in academic and institutional contexts.",yes
CVPR-2020-A001546,Bo Zhang,Microsoft Research Asia,UNKNOWN,China,high,Microsoft Research Asia is a well-known research division based in China.,yes
CVPR-2020-A001547,Dongdong Chen,Microsoft Cloud + AI,UNKNOWN,United States,high,Microsoft is a well-known technology company based in the United States.,yes
CVPR-2020-A001549,Dong Chen,Microsoft Research Asia,UNKNOWN,China,high,Microsoft Research Asia is a well-known research division based in China.,yes
CVPR-2020-A001550,Jing Liao,City University of Hong Kong,UNKNOWN,Hong Kong,high,"The institution name explicitly includes 'Hong Kong', which is a Special Administrative Region of China but is often treated as a separate entity in academic and institutional contexts.",yes
CVPR-2020-A001551,Fang Wen,Microsoft Research Asia,UNKNOWN,China,high,Microsoft Research Asia is a well-known research division based in China.,yes
CVPR-2020-A001558,Xiaohu Lu,The Ohio State University ETH Zürich Microsoft,UNKNOWN,United States | Switzerland,medium,"The Ohio State University is in the United States, ETH Zürich is in Switzerland, and Microsoft is a multinational corporation with presence in many countries, making its country ambiguous.",no
CVPR-2020-A001559,Zuoyue Li,The Ohio State University ETH Zürich Microsoft,UNKNOWN,United States | Switzerland,medium,"The Ohio State University is in the United States, ETH Zürich is in Switzerland, and Microsoft is a multinational corporation with presence in many countries, making its country ambiguous.",no
CVPR-2020-A001560,Zhaopeng Cui,The Ohio State University ETH Zürich Microsoft,UNKNOWN,United States | Switzerland,medium,"The Ohio State University is in the United States, ETH Zürich is in Switzerland, and Microsoft is a multinational corporation with presence in many countries, making its country ambiguous.",no
CVPR-2020-A001561,Martin R. Oswald,The Ohio State University ETH Zürich Microsoft,UNKNOWN,United States | Switzerland,medium,"The Ohio State University is in the United States, ETH Zürich is in Switzerland, and Microsoft is a multinational corporation with presence in many countries, making its country ambiguous.",no
CVPR-2020-A001562,Marc Pollefeys,The Ohio State University ETH Zürich Microsoft,UNKNOWN,United States | Switzerland,medium,"The Ohio State University is in the United States, ETH Zürich is in Switzerland, and Microsoft is a multinational corporation with presence in many countries, making its country ambiguous.",no
CVPR-2020-A001563,Rongjun Qin,The Ohio State University ETH Zürich Microsoft,UNKNOWN,United States | Switzerland,medium,"The Ohio State University is in the United States, ETH Zürich is in Switzerland, and Microsoft is a multinational corporation with presence in many countries, making its country ambiguous.",no
CVPR-2020-A001564,Lei Li,City University of Hong Kong,UNKNOWN,Hong Kong,high,"The institution name explicitly includes 'Hong Kong', which is a Special Administrative Region of China but is often treated as a separate entity in academic and institutional contexts.",yes
CVPR-2020-A001565,Siyu Zhu,City University of Hong Kong,UNKNOWN,Hong Kong,high,"The institution name explicitly includes 'Hong Kong', which is a Special Administrative Region of China but is often treated as a separate entity in academic and institutional contexts.",yes
CVPR-2020-A001566,Hongbo Fu,City University of Hong Kong,UNKNOWN,Hong Kong,high,"The institution name explicitly includes 'Hong Kong', which is a Special Administrative Region of China but is often treated as a separate entity in academic and institutional contexts.",yes
CVPR-2020-A001567,Ping Tan,City University of Hong Kong,UNKNOWN,Hong Kong,high,"The institution name explicitly includes 'Hong Kong', which is a Special Administrative Region of China but is often treated as a separate entity in academic and institutional contexts.",yes
CVPR-2020-A001568,Chiew-Lan Tai,City University of Hong Kong,UNKNOWN,Hong Kong,high,"The institution name explicitly includes 'Hong Kong', which is a Special Administrative Region of China but is often treated as a separate entity in academic and institutional contexts.",yes
CVPR-2020-A001569,Hang Dong,"College of Artiﬁcial Intelligence, Xi’an Jiaotong University",UNKNOWN,China,high,Xi’an Jiaotong University is a well-known university located in China.,yes
CVPR-2020-A001570,Jinshan Pan,Nanjing University of Science and Technology,UNKNOWN,China,high,"Nanjing University of Science and Technology is a well-known institution located in Nanjing, China.",yes
CVPR-2020-A001571,Lei Xiang,"College of Artiﬁcial Intelligence, Xi’an Jiaotong University",UNKNOWN,China,high,Xi’an Jiaotong University is a well-known university located in China.,yes
CVPR-2020-A001572,Zhe Hu,Hikvision Research America,UNKNOWN,United States,high,The institution name 'Hikvision Research America' indicates a U.S.-based entity.,yes
CVPR-2020-A001573,Xinyi Zhang,"College of Artiﬁcial Intelligence, Xi’an Jiaotong University",UNKNOWN,China,high,Xi’an Jiaotong University is a well-known university located in China.,yes
CVPR-2020-A001574,Fei Wang,"College of Artiﬁcial Intelligence, Xi’an Jiaotong University",UNKNOWN,China,high,Xi’an Jiaotong University is a well-known university located in China.,yes
CVPR-2020-A001575,Ming-Hsuan Yang,"University of California, Merced | Google Research",UNKNOWN,United States,high,"The University of California, Merced is a well-known institution located in the United States. Google Research is a global entity, but in this context, it is likely associated with the United States as the primary location for the research.",yes
CVPR-2020-A001587,Zhe Jiang,SenseTime Research | Sichuan University,UNKNOWN,China,high,Sichuan University is a well-known institution located in China.,yes
CVPR-2020-A001589,Dongqing Zou,SenseTime Research,UNKNOWN,China,medium,"SenseTime is a well-known Chinese company, and its research is commonly associated with China.",yes
CVPR-2020-A001590,Jimmy Ren,SenseTime Research,UNKNOWN,China,medium,"SenseTime is a well-known Chinese company, and its research is commonly associated with China.",yes
CVPR-2020-A001591,Jiancheng Lv,Sichuan University,UNKNOWN,China,high,Sichuan University is a well-known university located in China.,yes
CVPR-2020-A001592,Yebin Liu,"Department of Automation, Tsinghua University",UNKNOWN,China,high,Tsinghua University is a well-known institution located in China.,yes
CVPR-2020-A001593,Shaopeng Guo,SenseTime Research,UNKNOWN,China,medium,"SenseTime is a well-known Chinese company, and its research is commonly associated with China.",yes
CVPR-2020-A001594,Yujie Wang,SenseTime Research,UNKNOWN,China,medium,"SenseTime is a well-known Chinese company, and its research is commonly associated with China.",yes
CVPR-2020-A001595,Quanquan Li,SenseTime Research,UNKNOWN,China,medium,"SenseTime is a well-known Chinese company, and its research is commonly associated with China.",yes
CVPR-2020-A001596,Junjie Yan,SenseTime Research,UNKNOWN,China,medium,"SenseTime is a well-known Chinese company, and its research is commonly associated with China.",yes
CVPR-2020-A001597,Wenhan Yang,City University of Hong Kong,UNKNOWN,Hong Kong,high,"The institution name explicitly includes 'Hong Kong', which is a Special Administrative Region of China but is often treated as a separate entity in academic and institutional contexts.",yes
CVPR-2020-A001598,Shiqi Wang,City University of Hong Kong,UNKNOWN,Hong Kong,high,"The institution name explicitly includes 'Hong Kong', which is a Special Administrative Region of China but is often treated as a separate entity in academic and institutional contexts.",yes
CVPR-2020-A001599,Yuming Fang,Jiangxi University of Finance and Economics,UNKNOWN,China,high,Jiangxi University of Finance and Economics is a well-known institution located in China.,yes
CVPR-2020-A001601,Jiaying Liu,Peking University,UNKNOWN,China,high,Peking University is a well-known institution located in China.,yes
CVPR-2020-A001602,Junsong Fan,Center for Research on Intelligent Perception and Computing (CRIPAC) | School of Artificial Intelligence,UNKNOWN,China,high,"CRIPAC is a well-known research center affiliated with Tsinghua University, which is located in China.",yes
CVPR-2020-A001603,Zhaoxiang Zhang,"Center for Research on Intelligent Perception and Computing (CRIPAC) | School of Artificial Intelligence | Center for Excellence in Brain Science and Intelligence Technology, CAS",UNKNOWN,China,high,"The institution mentions 'CAS', which stands for Chinese Academy of Sciences, a well-known institution in China.",yes
CVPR-2020-A001604,Chunfeng Song,Center for Research on Intelligent Perception and Computing (CRIPAC) | School of Artificial Intelligence,UNKNOWN,China,high,"CRIPAC is a well-known research center affiliated with Tsinghua University, which is located in China.",yes
CVPR-2020-A001605,Tieniu Tan,"Center for Research on Intelligent Perception and Computing (CRIPAC) | School of Artificial Intelligence | Center for Excellence in Brain Science and Intelligence Technology, CAS",UNKNOWN,China,high,"The institution mentions 'CAS', which stands for Chinese Academy of Sciences, a well-known institution in China.",yes
CVPR-2020-A001606,Yantao Lu,Syracuse University,UNKNOWN,United States,high,Syracuse University is a well-known university located in the United States.,yes
CVPR-2020-A001607,Yunhan Jia,Syracuse University,UNKNOWN,United States,high,Syracuse University is a well-known university located in the United States.,yes
CVPR-2020-A001608,Jianyu Wang,Syracuse University,UNKNOWN,United States,high,Syracuse University is a well-known university located in the United States.,yes
CVPR-2020-A001609,Bai Li,Syracuse University,UNKNOWN,United States,high,Syracuse University is a well-known university located in the United States.,yes
CVPR-2020-A001610,Weiheng Chai,Syracuse University,UNKNOWN,United States,high,Syracuse University is a well-known university located in the United States.,yes
CVPR-2020-A001611,Lawrence Carin,Syracuse University,UNKNOWN,United States,high,Syracuse University is a well-known university located in the United States.,yes
CVPR-2020-A001612,Senem Velipasalar,Syracuse University,UNKNOWN,United States,high,Syracuse University is a well-known university located in the United States.,yes
CVPR-2020-A001619,Zhiqin Chen,Simon Fraser University,UNKNOWN,Canada,high,Simon Fraser University is a well-known university located in Canada.,yes
CVPR-2020-A001620,Andrea Tagliasacchi,Simon Fraser University,UNKNOWN,Canada,high,Simon Fraser University is a well-known university located in Canada.,yes
CVPR-2020-A001621,Hao Zhang,Simon Fraser University,UNKNOWN,Canada,high,Simon Fraser University is a well-known university located in Canada.,yes
CVPR-2020-A001622,Yining Lang,Alibaba-Zhejiang University Joint Institute of Frontier Technologies3,UNKNOWN,China,high,"Zhejiang University is a well-known university located in China, and Alibaba is a major Chinese company. The joint institute is therefore likely based in China.",yes
CVPR-2020-A001623,Yuan He,Alibaba-Zhejiang University Joint Institute of Frontier Technologies3,UNKNOWN,China,high,"Zhejiang University is a well-known university located in China, and Alibaba is a major Chinese company. The joint institute is therefore likely based in China.",yes
CVPR-2020-A001624,Fan Yang,Alibaba-Zhejiang University Joint Institute of Frontier Technologies3,UNKNOWN,China,high,"Zhejiang University is a well-known university located in China, and Alibaba is a major Chinese company. The joint institute is therefore likely based in China.",yes
CVPR-2020-A001625,Jianfeng Dong,Alibaba-Zhejiang University Joint Institute of Frontier Technologies3,UNKNOWN,China,high,"Zhejiang University is a well-known university located in China, and Alibaba is a major Chinese company. The joint institute is therefore likely based in China.",yes
CVPR-2020-A001626,Hui Xue,Alibaba-Zhejiang University Joint Institute of Frontier Technologies3,UNKNOWN,China,high,"Zhejiang University is a well-known university located in China, and Alibaba is a major Chinese company. The joint institute is therefore likely based in China.",yes
CVPR-2020-A001632,Ranjie Duan,Swinburne University of Technology,UNKNOWN,Australia,high,Swinburne University of Technology is a well-known university located in Australia.,yes
CVPR-2020-A001633,Xingjun Ma,The University of Melbourne,UNKNOWN,Australia,high,The University of Melbourne is a well-known institution located in Australia.,yes
CVPR-2020-A001634,Yisen Wang,Shanghai Jiao Tong University,UNKNOWN,China,high,"Shanghai Jiao Tong University is a well-known university located in Shanghai, China.",yes
CVPR-2020-A001635,James Bailey,The University of Melbourne,UNKNOWN,Australia,high,The University of Melbourne is a well-known institution located in Australia.,yes
CVPR-2020-A001636,A. K. Qin,Swinburne University of Technology,UNKNOWN,Australia,high,Swinburne University of Technology is a well-known university located in Australia.,yes
CVPR-2020-A001637,Yun Yang,Swinburne University of Technology,UNKNOWN,Australia,high,Swinburne University of Technology is a well-known university located in Australia.,yes
CVPR-2020-A001638,AJ Piergiovanni,Research at Google,UNKNOWN,United States,high,"Google is a company based in the United States, and Research at Google is a well-known research division associated with the United States.",yes
CVPR-2020-A001639,Anelia Angelova,Research at Google,UNKNOWN,United States,high,"Google is a company based in the United States, and Research at Google is a well-known research division associated with the United States.",yes
CVPR-2020-A001640,Michael S. Ryoo,Research at Google,UNKNOWN,United States,high,"Google is a company based in the United States, and Research at Google is a well-known research division associated with the United States.",yes
CVPR-2020-A001641,Yancheng Wang,"National Key Laboratory of Science and Technology on Multispectral Information Processing, School",UNKNOWN,China,high,"The institution name includes 'National Key Laboratory', which is a term commonly used in China for such research facilities.",yes
CVPR-2020-A001642,Yang Xiao,"National Key Laboratory of Science and Technology on Multispectral Information Processing, School",UNKNOWN,China,high,"The institution name includes 'National Key Laboratory', which is a term commonly used in China for such research facilities.",yes
CVPR-2020-A001644,Wenxiang Jiang,"National Key Laboratory of Science and Technology on Multispectral Information Processing, School",UNKNOWN,China,high,"The institution name includes 'National Key Laboratory', which is a term commonly used in China for such research facilities.",yes
CVPR-2020-A001645,Zhiguo Cao,"National Key Laboratory of Science and Technology on Multispectral Information Processing, School",UNKNOWN,China,high,"The institution name includes 'National Key Laboratory', which is a term commonly used in China for such research facilities.",yes
CVPR-2020-A001647,Junsong Yuan,"CSE Department, State University of New York at Buffalo",UNKNOWN,United States,high,The institution name 'State University of New York at Buffalo' is a well-known university located in the United States.,yes
CVPR-2020-A001655,Alvin Chan,Nanyang Technological University,UNKNOWN,Singapore,high,Nanyang Technological University is a well-known university located in Singapore.,yes
CVPR-2020-A001656,Yi Tay,Nanyang Technological University,UNKNOWN,Singapore,high,Nanyang Technological University is a well-known university located in Singapore.,yes
CVPR-2020-A001660,Dmitriy Smirnov,Massachusetts Institute of Technology,UNKNOWN,United States,high,Massachusetts Institute of Technology is a well-known institution located in the United States.,yes
CVPR-2020-A001661,Matthew Fisher,Adobe Research,UNKNOWN,United States,medium,"Adobe Research is a well-known research division based in the United States, though it may have international collaborations.",yes
CVPR-2020-A001662,Vladimir G. Kim,Adobe Research,UNKNOWN,United States,medium,"Adobe Research is a well-known research division based in the United States, though it may have international collaborations.",yes
CVPR-2020-A001663,Richard Zhang,Adobe Research,UNKNOWN,United States,medium,"Adobe Research is a well-known research division based in the United States, though it may have international collaborations.",yes
CVPR-2020-A001664,Justin Solomon,Massachusetts Institute of Technology,UNKNOWN,United States,high,Massachusetts Institute of Technology is a well-known institution located in the United States.,yes
CVPR-2020-A001678,Heng Yang,Laboratory for Information & Decision Systems (LIDS) Massachusetts Institute of Technology,UNKNOWN,United States,high,"The institution is the Massachusetts Institute of Technology (MIT), which is located in the United States.",yes
CVPR-2020-A001679,Luca Carlone,Laboratory for Information & Decision Systems (LIDS) Massachusetts Institute of Technology,UNKNOWN,United States,high,"The institution is the Massachusetts Institute of Technology (MIT), which is located in the United States.",yes
CVPR-2020-A001680,Li Zhang,University of Oxford,UNKNOWN,United Kingdom,high,The University of Oxford is a well-known institution located in the United Kingdom.,yes
CVPR-2020-A001681,Dan Xu,University of Oxford,UNKNOWN,United Kingdom,high,The University of Oxford is a well-known institution located in the United Kingdom.,yes
CVPR-2020-A001682,Anurag Arnab,Google Research,UNKNOWN,United States,medium,"Google Research is primarily based in the United States, though it has offices in other countries.",no
CVPR-2020-A001685,Seong Joon Oh,Clova AI Research,UNKNOWN,South Korea,medium,"Clova AI is a subsidiary of Samsung, which is based in South Korea.",yes
CVPR-2020-A001690,Jiahui Huang,"BNRist, Department of Computer Science and Technology, Tsinghua University, Beijing",UNKNOWN,China,high,Tsinghua University is a well-known institution located in China.,yes
CVPR-2020-A001692,Tai-Jiang Mu,"BNRist, Department of Computer Science and Technology, Tsinghua University, Beijing",UNKNOWN,China,high,Tsinghua University is a well-known institution located in China.,yes
CVPR-2020-A001693,Shi-Min Hu,"BNRist, Department of Computer Science and Technology, Tsinghua University, Beijing",UNKNOWN,China,high,Tsinghua University is a well-known institution located in China.,yes
CVPR-2020-A001699,Fengmao Lv,"Center of Statistical Research & School of Statistics, Southwestern University of Finance and",UNKNOWN,China,high,Southwestern University of Finance and Economics is a well-known university in China.,yes
CVPR-2020-A001708,Mang Tik Chiu,"UIUC, Intelinair, University of Oregon",UNKNOWN,United States,medium,UIUC (University of Illinois at Urbana-Champaign) and the University of Oregon are in the United States. Intelinair is unclear and may be a company or organization not directly tied to a specific country.,no
CVPR-2020-A001709,Xingqian Xu,"UIUC, Intelinair, University of Oregon",UNKNOWN,United States,medium,UIUC (University of Illinois at Urbana-Champaign) and the University of Oregon are in the United States. Intelinair is unclear and may be a company or organization not directly tied to a specific country.,no
CVPR-2020-A001710,Yunchao Wei,"UIUC, Intelinair, University of Oregon",UNKNOWN,United States,medium,UIUC (University of Illinois at Urbana-Champaign) and the University of Oregon are in the United States. Intelinair is unclear and may be a company or organization not directly tied to a specific country.,no
CVPR-2020-A001711,Zilong Huang,"UIUC, Intelinair, University of Oregon",UNKNOWN,United States,medium,UIUC (University of Illinois at Urbana-Champaign) and the University of Oregon are in the United States. Intelinair is unclear and may be a company or organization not directly tied to a specific country.,no
CVPR-2020-A001712,Alexander G. Schwing,"UIUC, Intelinair, University of Oregon",UNKNOWN,United States,medium,UIUC (University of Illinois at Urbana-Champaign) and the University of Oregon are in the United States. Intelinair is unclear and may be a company or organization not directly tied to a specific country.,no
CVPR-2020-A001713,Robert Brunner,"UIUC, Intelinair, University of Oregon",UNKNOWN,United States,medium,UIUC (University of Illinois at Urbana-Champaign) and the University of Oregon are in the United States. Intelinair is unclear and may be a company or organization not directly tied to a specific country.,no
CVPR-2020-A001714,Hrant Khachatrian,"UIUC, Intelinair, University of Oregon",UNKNOWN,United States,medium,UIUC (University of Illinois at Urbana-Champaign) and the University of Oregon are in the United States. Intelinair is unclear and may be a company or organization not directly tied to a specific country.,no
CVPR-2020-A001715,Hovnatan Karapetyan,"UIUC, Intelinair, University of Oregon",UNKNOWN,United States,medium,UIUC (University of Illinois at Urbana-Champaign) and the University of Oregon are in the United States. Intelinair is unclear and may be a company or organization not directly tied to a specific country.,no
CVPR-2020-A001716,Ivan Dozier,"UIUC, Intelinair, University of Oregon",UNKNOWN,United States,medium,UIUC (University of Illinois at Urbana-Champaign) and the University of Oregon are in the United States. Intelinair is unclear and may be a company or organization not directly tied to a specific country.,no
CVPR-2020-A001717,Greg Rose,"UIUC, Intelinair, University of Oregon",UNKNOWN,United States,medium,UIUC (University of Illinois at Urbana-Champaign) and the University of Oregon are in the United States. Intelinair is unclear and may be a company or organization not directly tied to a specific country.,no
CVPR-2020-A001718,David Wilson,"UIUC, Intelinair, University of Oregon",UNKNOWN,United States,medium,UIUC (University of Illinois at Urbana-Champaign) and the University of Oregon are in the United States. Intelinair is unclear and may be a company or organization not directly tied to a specific country.,no
CVPR-2020-A001719,Adrian Tudor,"UIUC, Intelinair, University of Oregon",UNKNOWN,United States,medium,UIUC (University of Illinois at Urbana-Champaign) and the University of Oregon are in the United States. Intelinair is unclear and may be a company or organization not directly tied to a specific country.,no
CVPR-2020-A001720,Naira Hovakimyan,"UIUC, Intelinair, University of Oregon",UNKNOWN,United States,medium,UIUC (University of Illinois at Urbana-Champaign) and the University of Oregon are in the United States. Intelinair is unclear and may be a company or organization not directly tied to a specific country.,no
CVPR-2020-A001721,Thomas S. Huang,"UIUC, Intelinair, University of Oregon",UNKNOWN,United States,medium,UIUC (University of Illinois at Urbana-Champaign) and the University of Oregon are in the United States. Intelinair is unclear and may be a company or organization not directly tied to a specific country.,no
CVPR-2020-A001722,Honghui Shi,"UIUC, Intelinair, University of Oregon",UNKNOWN,United States,medium,UIUC (University of Illinois at Urbana-Champaign) and the University of Oregon are in the United States. Intelinair is unclear and may be a company or organization not directly tied to a specific country.,no
CVPR-2020-A001723,Sena Kiciroglu,"CVLAB, EPFL",UNKNOWN,Switzerland,high,EPFL (École Polytechnique Fédérale de Lausanne) is a well-known institution located in Switzerland.,yes
CVPR-2020-A001724,Helge Rhodin,"CVLAB, EPFL | Imager Lab, UBC",UNKNOWN,Switzerland | Canada,high,"EPFL is a well-known institution in Switzerland, and UBC (University of British Columbia) is a major university in Canada.",yes
CVPR-2020-A001725,Sudipta N. Sinha,Microsoft,UNKNOWN,United States,high,Microsoft is a well-known technology company headquartered in the United States.,yes
CVPR-2020-A001726,Mathieu Salzmann,"CVLAB, EPFL",UNKNOWN,Switzerland,high,EPFL (École Polytechnique Fédérale de Lausanne) is a well-known institution located in Switzerland.,yes
CVPR-2020-A001727,Pascal Fua,"CVLAB, EPFL",UNKNOWN,Switzerland,high,EPFL (École Polytechnique Fédérale de Lausanne) is a well-known institution located in Switzerland.,yes
CVPR-2020-A001728,Sharon Fogel,"Cornell Tech, Cornell University",UNKNOWN,United States,high,Cornell University is a well-known institution located in the United States.,yes
CVPR-2020-A001729,Hadar Averbuch-Elor,"Cornell Tech, Cornell University",UNKNOWN,United States,high,Cornell University is a well-known institution located in the United States.,yes
CVPR-2020-A001730,Sarel Cohen,"Cornell Tech, Cornell University",UNKNOWN,United States,high,Cornell University is a well-known institution located in the United States.,yes
CVPR-2020-A001731,Shai Mazor,"Cornell Tech, Cornell University",UNKNOWN,United States,high,Cornell University is a well-known institution located in the United States.,yes
CVPR-2020-A001732,Roee Litman,"Cornell Tech, Cornell University",UNKNOWN,United States,high,Cornell University is a well-known institution located in the United States.,yes
CVPR-2020-A001756,Jonathan Munro,University of Bristol,UNKNOWN,United Kingdom,high,The University of Bristol is a well-known institution located in the United Kingdom.,yes
CVPR-2020-A001757,Dima Damen,University of Bristol,UNKNOWN,United Kingdom,high,The University of Bristol is a well-known institution located in the United Kingdom.,yes
CVPR-2020-A001758,Snehal Bhayani,"Center for Machine Vision and Signal Analysis, University of Oulu, Finland Visual Recognition Group, Faculty of Electrical Engineering, Czech Technical University in Prague",UNKNOWN,Finland | Czech Republic,high,The institution names explicitly mention Finland and the Czech Republic.,yes
CVPR-2020-A001759,Zuzana Kukelova,"Center for Machine Vision and Signal Analysis, University of Oulu, Finland Visual Recognition Group, Faculty of Electrical Engineering, Czech Technical University in Prague",UNKNOWN,Finland | Czech Republic,high,The institution names explicitly mention Finland and the Czech Republic.,yes
CVPR-2020-A001760,Janne Heikkila,"Center for Machine Vision and Signal Analysis, University of Oulu, Finland Visual Recognition Group, Faculty of Electrical Engineering, Czech Technical University in Prague",UNKNOWN,Finland | Czech Republic,high,The institution names explicitly mention Finland and the Czech Republic.,yes
CVPR-2020-A001761,Liming Jiang,Nanyang Technological University,UNKNOWN,Singapore,high,Nanyang Technological University is a well-known university located in Singapore.,yes
CVPR-2020-A001762,Ren Li,SenseTime Research,UNKNOWN,China,medium,"SenseTime is a well-known Chinese company, and its research is commonly associated with China.",yes
CVPR-2020-A001763,Wayne Wu,Nanyang Technological University | SenseTime Research,UNKNOWN,Singapore | China,medium,"Nanyang Technological University is located in Singapore, and SenseTime is a Chinese company with research operations in multiple countries.",no
CVPR-2020-A001764,Chen Qian,SenseTime Research,UNKNOWN,China,medium,"SenseTime is a well-known Chinese company, and its research is commonly associated with China.",yes
CVPR-2020-A001765,Chen Change Loy,Nanyang Technological University,UNKNOWN,Singapore,high,Nanyang Technological University is a well-known university located in Singapore.,yes
CVPR-2020-A001771,Ceyuan Yang,"The Chinese University of Hong Kong, SenseTime Group Limited",UNKNOWN,China | Hong Kong,high,"The Chinese University of Hong Kong is located in Hong Kong, which is a Special Administrative Region of China.",yes
CVPR-2020-A001772,Yinghao Xu,"The Chinese University of Hong Kong, SenseTime Group Limited",UNKNOWN,China | Hong Kong,high,"The Chinese University of Hong Kong is located in Hong Kong, which is a Special Administrative Region of China.",yes
CVPR-2020-A001773,Jianping Shi,"The Chinese University of Hong Kong, SenseTime Group Limited",UNKNOWN,China | Hong Kong,high,"The Chinese University of Hong Kong is located in Hong Kong, which is a Special Administrative Region of China.",yes
CVPR-2020-A001774,Bo Dai,"The Chinese University of Hong Kong, SenseTime Group Limited",UNKNOWN,China | Hong Kong,high,"The Chinese University of Hong Kong is located in Hong Kong, which is a Special Administrative Region of China.",yes
CVPR-2020-A001775,Bolei Zhou,"The Chinese University of Hong Kong, SenseTime Group Limited",UNKNOWN,China | Hong Kong,high,"The Chinese University of Hong Kong is located in Hong Kong, which is a Special Administrative Region of China.",yes
CVPR-2020-A001776,Jiazhao Zhang,National University of Defense Technology,UNKNOWN,China,high,The National University of Defense Technology is a well-known institution located in China.,yes
CVPR-2020-A001777,Chenyang Zhu,National University of Defense Technology,UNKNOWN,China,high,The National University of Defense Technology is a well-known institution located in China.,yes
CVPR-2020-A001778,Lintao Zheng,National University of Defense Technology,UNKNOWN,China,high,The National University of Defense Technology is a well-known institution located in China.,yes
CVPR-2020-A001779,Kai Xu,National University of Defense Technology | SpeedBot Robotics Ltd.,UNKNOWN,China,medium,"National University of Defense Technology is a well-known institution in China, while SpeedBot Robotics Ltd. is a company based in China. However, the conference (CVPR) and year (2020) do not provide additional country-specific context.",yes
CVPR-2020-A001786,Xuanqing Liu,"UCLA, Google",UNKNOWN,United States,high,"UCLA (University of California, Los Angeles) is located in the United States, and Google is a multinational company with a major presence in the U.S.",yes
CVPR-2020-A001787,Tesi Xiao,"UCLA, Google",UNKNOWN,United States,high,"UCLA (University of California, Los Angeles) is located in the United States, and Google is a multinational company with a major presence in the U.S.",yes
CVPR-2020-A001788,Si Si,"UCLA, Google",UNKNOWN,United States,high,"UCLA (University of California, Los Angeles) is located in the United States, and Google is a multinational company with a major presence in the U.S.",yes
CVPR-2020-A001789,Qin Cao,"UCLA, Google",UNKNOWN,United States,high,"UCLA (University of California, Los Angeles) is located in the United States, and Google is a multinational company with a major presence in the U.S.",yes
CVPR-2020-A001790,Sanjiv Kumar,"UCLA, Google",UNKNOWN,United States,high,"UCLA (University of California, Los Angeles) is located in the United States, and Google is a multinational company with a major presence in the U.S.",yes
CVPR-2020-A001791,Cho-Jui Hsieh,"UCLA, Google",UNKNOWN,United States,high,"UCLA (University of California, Los Angeles) is located in the United States, and Google is a multinational company with a major presence in the U.S.",yes
CVPR-2020-A001792,Zhuowan Li,Johns Hopkins University Adobe Research,UNKNOWN,United States,high,Johns Hopkins University is a well-known institution located in the United States. Adobe Research is also based in the United States.,yes
CVPR-2020-A001793,Quan Tran,Johns Hopkins University Adobe Research,UNKNOWN,United States,high,Johns Hopkins University is a well-known institution located in the United States. Adobe Research is also based in the United States.,yes
CVPR-2020-A001794,Long Mai,Johns Hopkins University Adobe Research,UNKNOWN,United States,high,Johns Hopkins University is a well-known institution located in the United States. Adobe Research is also based in the United States.,yes
CVPR-2020-A001795,Zhe Lin,Johns Hopkins University Adobe Research,UNKNOWN,United States,high,Johns Hopkins University is a well-known institution located in the United States. Adobe Research is also based in the United States.,yes
CVPR-2020-A001796,Alan L. Yuille,Johns Hopkins University Adobe Research,UNKNOWN,United States,high,Johns Hopkins University is a well-known institution located in the United States. Adobe Research is also based in the United States.,yes
CVPR-2020-A001809,Lei Han,Tsinghua University | Hong Kong University of Science and Technology,UNKNOWN,China | Hong Kong,high,"Tsinghua University is located in China, and the Hong Kong University of Science and Technology is located in Hong Kong.",yes
CVPR-2020-A001810,Tian Zheng,Tsinghua University,UNKNOWN,China,high,Tsinghua University is a well-known institution located in China.,yes
CVPR-2020-A001811,Lan Xu,Tsinghua University | Hong Kong University of Science and Technology,UNKNOWN,China | Hong Kong,high,"Tsinghua University is located in China, and the Hong Kong University of Science and Technology is located in Hong Kong.",yes
CVPR-2020-A001812,Lu Fang,Tsinghua University,UNKNOWN,China,high,Tsinghua University is a well-known institution located in China.,yes
CVPR-2020-A001813,Ji Hou,Technical University of Munich,UNKNOWN,Germany,high,Technical University of Munich is a well-known institution located in Germany.,yes
CVPR-2020-A001814,Angela Dai,Technical University of Munich,UNKNOWN,Germany,high,Technical University of Munich is a well-known institution located in Germany.,yes
CVPR-2020-A001815,Matthias Niessner,Technical University of Munich,UNKNOWN,Germany,high,Technical University of Munich is a well-known institution located in Germany.,yes
CVPR-2020-A001816,Christopher A. Metzler,Stanford University,UNKNOWN,United States,high,Stanford University is located in the United States.,yes
CVPR-2020-A001817,Hayato Ikoma,Stanford University,UNKNOWN,United States,high,Stanford University is located in the United States.,yes
CVPR-2020-A001818,Yifan Peng,Stanford University,UNKNOWN,United States,high,Stanford University is located in the United States.,yes
CVPR-2020-A001819,Gordon Wetzstein,Stanford University,UNKNOWN,United States,high,Stanford University is located in the United States.,yes
CVPR-2020-A001820,Chen Song,The University of Texas at Austin,UNKNOWN,United States,high,The University of Texas at Austin is a well-known institution located in the United States.,yes
CVPR-2020-A001821,Jiaru Song,The University of Texas at Austin,UNKNOWN,United States,high,The University of Texas at Austin is a well-known institution located in the United States.,yes
CVPR-2020-A001822,Qixing Huang,The University of Texas at Austin,UNKNOWN,United States,high,The University of Texas at Austin is a well-known institution located in the United States.,yes
CVPR-2020-A001823,Jianhe Yuan,"University of Missouri, Columbia MO",UNKNOWN,United States,high,"The institution 'University of Missouri, Columbia MO' is a well-known university located in the United States.",yes
CVPR-2020-A001824,Zhihai He,"University of Missouri, Columbia MO",UNKNOWN,United States,high,"The institution 'University of Missouri, Columbia MO' is a well-known university located in the United States.",yes
CVPR-2020-A001832,Hengzhi Pei,Fudan University,UNKNOWN,China,high,"Fudan University is a well-known university located in Shanghai, China.",yes
CVPR-2020-A001833,Wenxiao Wang,Tsinghua University,UNKNOWN,China,high,Tsinghua University is a well-known institution located in China.,yes
CVPR-2020-A001841,Bingbing Zhuang,NEC Laboratories America,UNKNOWN,United States,high,"The institution name 'NEC Laboratories America' explicitly includes 'America', indicating the United States.",yes
CVPR-2020-A001842,Samuel Schulter,NEC Laboratories America,UNKNOWN,United States,high,"The institution name 'NEC Laboratories America' explicitly includes 'America', indicating the United States.",yes
CVPR-2020-A001843,Pan Ji,NEC Laboratories America,UNKNOWN,United States,high,"The institution name 'NEC Laboratories America' explicitly includes 'America', indicating the United States.",yes
CVPR-2020-A001844,Manmohan Chandraker,NEC Laboratories America | UC San Diego,UNKNOWN,United States | South Korea,medium,"NEC Laboratories America is based in the United States, and UC San Diego is a university in the United States. However, NEC is a Japanese company with significant operations in South Korea, which may contribute to the ambiguity.",no
CVPR-2020-A001845,Lifeng Huang,"School of Data and Computer Science, Sun Yat-sen University | Guangdong Key Laboratory of Information Security Technology",UNKNOWN,China,high,Sun Yat-sen University is a well-known institution located in China.,yes
CVPR-2020-A001851,Ning Liu,"School of Data and Computer Science, Sun Yat-sen University | Guangdong Key Laboratory of Information Security Technology",UNKNOWN,China,high,Sun Yat-sen University is a well-known institution located in China.,yes
CVPR-2020-A001852,Tushar Nagarajan,UT Austin Facebook AI Research,UNKNOWN,United States,high,"UT Austin refers to the University of Texas at Austin, which is located in the United States.",yes
CVPR-2020-A001853,Yanghao Li,UT Austin Facebook AI Research,UNKNOWN,United States,high,"UT Austin refers to the University of Texas at Austin, which is located in the United States.",yes
CVPR-2020-A001854,Christoph Feichtenhofer,UT Austin Facebook AI Research,UNKNOWN,United States,high,"UT Austin refers to the University of Texas at Austin, which is located in the United States.",yes
CVPR-2020-A001855,Kristen Grauman,UT Austin Facebook AI Research,UNKNOWN,United States,high,"UT Austin refers to the University of Texas at Austin, which is located in the United States.",yes
CVPR-2020-A001867,Manel Baradad,Massachusetts Institute of Technology,UNKNOWN,United States,high,Massachusetts Institute of Technology is a well-known institution located in the United States.,yes
CVPR-2020-A001868,Antonio Torralba,Massachusetts Institute of Technology,UNKNOWN,United States,high,Massachusetts Institute of Technology is a well-known institution located in the United States.,yes
CVPR-2020-A001869,Jie Li,"Department of Artificial Intelligence, School of Informatics, Xiamen University, Noah’s Ark Lab, Huawei Technologies Huaqiao University Xidian University",UNKNOWN,China,high,"Xiamen University, Huaqiao University, and Xidian University are all well-known universities located in China. The mention of Huawei Technologies, which is a major Chinese company, further supports the inference.",yes
CVPR-2020-A001870,Rongrong Ji,"Department of Artificial Intelligence, School of Informatics, Xiamen University, Noah’s Ark Lab, Huawei Technologies Huaqiao University Xidian University",UNKNOWN,China,high,"Xiamen University, Huaqiao University, and Xidian University are all well-known universities located in China. The mention of Huawei Technologies, which is a major Chinese company, further supports the inference.",yes
CVPR-2020-A001871,Hong Liu,"Department of Artificial Intelligence, School of Informatics, Xiamen University, Noah’s Ark Lab, Huawei Technologies Huaqiao University Xidian University",UNKNOWN,China,high,"Xiamen University, Huaqiao University, and Xidian University are all well-known universities located in China. The mention of Huawei Technologies, which is a major Chinese company, further supports the inference.",yes
CVPR-2020-A001872,Jianzhuang Liu,"Department of Artificial Intelligence, School of Informatics, Xiamen University, Noah’s Ark Lab, Huawei Technologies Huaqiao University Xidian University",UNKNOWN,China,high,"Xiamen University, Huaqiao University, and Xidian University are all well-known universities located in China. The mention of Huawei Technologies, which is a major Chinese company, further supports the inference.",yes
CVPR-2020-A001873,Bineng Zhong,"Department of Artificial Intelligence, School of Informatics, Xiamen University, Noah’s Ark Lab, Huawei Technologies Huaqiao University Xidian University",UNKNOWN,China,high,"Xiamen University, Huaqiao University, and Xidian University are all well-known universities located in China. The mention of Huawei Technologies, which is a major Chinese company, further supports the inference.",yes
CVPR-2020-A001874,Cheng Deng,"Department of Artificial Intelligence, School of Informatics, Xiamen University, Noah’s Ark Lab, Huawei Technologies Huaqiao University Xidian University",UNKNOWN,China,high,"Xiamen University, Huaqiao University, and Xidian University are all well-known universities located in China. The mention of Huawei Technologies, which is a major Chinese company, further supports the inference.",yes
CVPR-2020-A001875,Qi Tian,"Department of Artificial Intelligence, School of Informatics, Xiamen University, Noah’s Ark Lab, Huawei Technologies Huaqiao University Xidian University",UNKNOWN,China,high,"Xiamen University, Huaqiao University, and Xidian University are all well-known universities located in China. The mention of Huawei Technologies, which is a major Chinese company, further supports the inference.",yes
CVPR-2020-A001883,Shan You,"SenseTime | Department of Automation, Tsinghua University",UNKNOWN,China,high,Tsinghua University is a well-known institution located in China.,yes
CVPR-2020-A001884,Tao Huang,"SenseTime | Dian Group, School of CST, Huazhong University of Science and Technology",UNKNOWN,China,high,Huazhong University of Science and Technology is a well-known university located in China.,yes
CVPR-2020-A001888,Changshui Zhang,"Department of Automation, Tsinghua University",UNKNOWN,China,high,Tsinghua University is a well-known institution located in China.,yes
CVPR-2020-A001892,Johanna Wald,Google,UNKNOWN,United States,medium,"Google is a multinational corporation, but its headquarters is in the United States. However, it operates in many countries, so the inference is not definitive.",no
CVPR-2020-A001893,Helisa Dhamo,Google,UNKNOWN,United States,medium,"Google is a multinational corporation, but its headquarters is in the United States. However, it operates in many countries, so the inference is not definitive.",no
CVPR-2020-A001894,Nassir Navab,Google,UNKNOWN,United States,medium,"Google is a multinational corporation, but its headquarters is in the United States. However, it operates in many countries, so the inference is not definitive.",no
CVPR-2020-A001895,Federico Tombari,Google,UNKNOWN,United States,medium,"Google is a multinational corporation, but its headquarters is in the United States. However, it operates in many countries, so the inference is not definitive.",no
CVPR-2020-A001896,Renjun Xu,Microsoft Research,UNKNOWN,United States,high,Microsoft Research is based in the United States.,yes
CVPR-2020-A001897,Pelen Liu,Microsoft Research,UNKNOWN,United States,high,Microsoft Research is based in the United States.,yes
CVPR-2020-A001898,Liyan Wang,Microsoft Research,UNKNOWN,United States,high,Microsoft Research is based in the United States.,yes
CVPR-2020-A001899,Chao Chen,Microsoft Research,UNKNOWN,United States,high,Microsoft Research is based in the United States.,yes
CVPR-2020-A001900,Jindong Wang,Microsoft Research,UNKNOWN,United States,high,Microsoft Research is based in the United States.,yes
CVPR-2020-A001908,Lei Jin,ShanghaiTech University,UNKNOWN,China,high,"ShanghaiTech University is a well-known institution located in Shanghai, China.",yes
CVPR-2020-A001909,Yanyu Xu,ShanghaiTech University,UNKNOWN,China,high,"ShanghaiTech University is a well-known institution located in Shanghai, China.",yes
CVPR-2020-A001910,Jia Zheng,ShanghaiTech University,UNKNOWN,China,high,"ShanghaiTech University is a well-known institution located in Shanghai, China.",yes
CVPR-2020-A001911,Junfei Zhang,ShanghaiTech University,UNKNOWN,China,high,"ShanghaiTech University is a well-known institution located in Shanghai, China.",yes
CVPR-2020-A001912,Rui Tang,ShanghaiTech University,UNKNOWN,China,high,"ShanghaiTech University is a well-known institution located in Shanghai, China.",yes
CVPR-2020-A001913,Shugong Xu,ShanghaiTech University,UNKNOWN,China,high,"ShanghaiTech University is a well-known institution located in Shanghai, China.",yes
CVPR-2020-A001914,Jingyi Yu,ShanghaiTech University,UNKNOWN,China,high,"ShanghaiTech University is a well-known institution located in Shanghai, China.",yes
CVPR-2020-A001915,Shenghua Gao,ShanghaiTech University,UNKNOWN,China,high,"ShanghaiTech University is a well-known institution located in Shanghai, China.",yes
CVPR-2020-A001916,Kai Xu,"DAMO Academy, Alibaba Group",UNKNOWN,China,high,"DAMO Academy is a research institution under Alibaba Group, which is based in China.",yes
CVPR-2020-A001917,Minghai Qin,"DAMO Academy, Alibaba Group",UNKNOWN,China,high,"DAMO Academy is a research institution under Alibaba Group, which is based in China.",yes
CVPR-2020-A001918,Fei Sun,"DAMO Academy, Alibaba Group",UNKNOWN,China,high,"DAMO Academy is a research institution under Alibaba Group, which is based in China.",yes
CVPR-2020-A001919,Yuhao Wang,"DAMO Academy, Alibaba Group",UNKNOWN,China,high,"DAMO Academy is a research institution under Alibaba Group, which is based in China.",yes
CVPR-2020-A001920,Yen-Kuang Chen,"DAMO Academy, Alibaba Group",UNKNOWN,China,high,"DAMO Academy is a research institution under Alibaba Group, which is based in China.",yes
CVPR-2020-A001921,Fengbo Ren,"DAMO Academy, Alibaba Group",UNKNOWN,China,high,"DAMO Academy is a research institution under Alibaba Group, which is based in China.",yes
CVPR-2020-A001927,Fisher Yu,Cornell University,UNKNOWN,United States,high,Cornell University is a well-known university located in the United States.,yes
CVPR-2020-A001928,Haofeng Chen,Cornell University,UNKNOWN,United States,high,Cornell University is a well-known university located in the United States.,yes
CVPR-2020-A001929,Xin Wang,Cornell University,UNKNOWN,United States,high,Cornell University is a well-known university located in the United States.,yes
CVPR-2020-A001930,Wenqi Xian,Cornell University,UNKNOWN,United States,high,Cornell University is a well-known university located in the United States.,yes
CVPR-2020-A001931,Yingying Chen,Cornell University,UNKNOWN,United States,high,Cornell University is a well-known university located in the United States.,yes
CVPR-2020-A001932,Fangchen Liu,Cornell University,UNKNOWN,United States,high,Cornell University is a well-known university located in the United States.,yes
CVPR-2020-A001933,Vashisht Madhavan,Cornell University,UNKNOWN,United States,high,Cornell University is a well-known university located in the United States.,yes
CVPR-2020-A001934,Trevor Darrell,Cornell University,UNKNOWN,United States,high,Cornell University is a well-known university located in the United States.,yes
CVPR-2020-A001935,Xin Yuan,Dept. of Automation & Institute for Brain and,UNKNOWN,United States,medium,"CVPR (Conference on Computer Vision and Pattern Recognition) is a major conference in the US, and the institution name does not provide clear evidence of a specific country.",no
CVPR-2020-A001936,Yang Liu,Dept. of Automation & Institute for Brain and,UNKNOWN,United States,medium,"CVPR (Conference on Computer Vision and Pattern Recognition) is a major conference in the US, and the institution name does not provide clear evidence of a specific country.",no
CVPR-2020-A001937,Jinli Suo,Dept. of Automation & Institute for Brain and,UNKNOWN,United States,medium,"CVPR (Conference on Computer Vision and Pattern Recognition) is a major conference in the US, and the institution name does not provide clear evidence of a specific country.",no
CVPR-2020-A001938,Qionghai Dai,Dept. of Automation & Institute for Brain and,UNKNOWN,United States,medium,"CVPR (Conference on Computer Vision and Pattern Recognition) is a major conference in the US, and the institution name does not provide clear evidence of a specific country.",no
CVPR-2020-A001939,Nikita Araslanov,"Department of Computer Science, TU Darmstadt",UNKNOWN,Germany,high,TU Darmstadt is a well-known university in Germany.,yes
CVPR-2020-A001940,Stefan Roth,"Department of Computer Science, TU Darmstadt",UNKNOWN,Germany,high,TU Darmstadt is a well-known university in Germany.,yes
CVPR-2020-A001941,Maitreya Suin,"Indian Institute of Technology Madras, India",UNKNOWN,India,high,The institution name explicitly includes 'India'.,yes
CVPR-2020-A001942,Kuldeep Purohit,"Indian Institute of Technology Madras, India",UNKNOWN,India,high,The institution name explicitly includes 'India'.,yes
CVPR-2020-A001943,A. N. Rajagopalan,"Indian Institute of Technology Madras, India",UNKNOWN,India,high,The institution name explicitly includes 'India'.,yes
CVPR-2020-A001944,Yuan Yao,University of British Columbia,UNKNOWN,Canada,high,The University of British Columbia is a well-known institution located in Canada.,yes
CVPR-2020-A001945,Nico Schertler,University of British Columbia,UNKNOWN,Canada,high,The University of British Columbia is a well-known institution located in Canada.,yes
CVPR-2020-A001946,Enrique Rosales,University of British Columbia,UNKNOWN,Canada,high,The University of British Columbia is a well-known institution located in Canada.,yes
CVPR-2020-A001947,Helge Rhodin,University of British Columbia,UNKNOWN,Canada,high,The University of British Columbia is a well-known institution located in Canada.,yes
CVPR-2020-A001948,Leonid Sigal,University of British Columbia,UNKNOWN,Canada,high,The University of British Columbia is a well-known institution located in Canada.,yes
CVPR-2020-A001949,Alla Sheffer,University of British Columbia,UNKNOWN,Canada,high,The University of British Columbia is a well-known institution located in Canada.,yes
CVPR-2020-A001956,Fawaz Sammani,Multimedia University,UNKNOWN,Malaysia,medium,Multimedia University is a well-known institution located in Malaysia.,yes
CVPR-2020-A001957,Luke Melas-Kyriazi,Harvard University,UNKNOWN,United States,high,Harvard University is a well-known institution located in the United States.,yes
CVPR-2020-A001958,Wenhan Yang,City University of Hong Kong,UNKNOWN,Hong Kong,high,"The institution name explicitly includes 'Hong Kong', which is a Special Administrative Region of China but is often treated as a separate entity in academic and institutional contexts.",yes
CVPR-2020-A001960,Shiqi Wang,City University of Hong Kong,UNKNOWN,Hong Kong,high,"The institution name explicitly includes 'Hong Kong', which is a Special Administrative Region of China but is often treated as a separate entity in academic and institutional contexts.",yes
CVPR-2020-A001961,Jiaying Liu,Peking University,UNKNOWN,China,high,Peking University is a well-known institution located in China.,yes
CVPR-2020-A001967,Zhihao Xia,Washington University in St. Louis The Boeing Company,UNKNOWN,United States,high,Both 'Washington University in St. Louis' and 'The Boeing Company' are well-known institutions based in the United States.,yes
CVPR-2020-A001968,Patrick Sullivan,Washington University in St. Louis The Boeing Company,UNKNOWN,United States,high,Both 'Washington University in St. Louis' and 'The Boeing Company' are well-known institutions based in the United States.,yes
CVPR-2020-A001969,Ayan Chakrabarti,Washington University in St. Louis The Boeing Company,UNKNOWN,United States,high,Both 'Washington University in St. Louis' and 'The Boeing Company' are well-known institutions based in the United States.,yes
CVPR-2020-A001974,K L Navaneet,Indian Institute of Science,UNKNOWN,India,high,The institution name 'Indian Institute of Science' clearly indicates India.,yes
CVPR-2020-A001975,Ansu Mathew,Indian Institute of Science,UNKNOWN,India,high,The institution name 'Indian Institute of Science' clearly indicates India.,yes
CVPR-2020-A001976,Shashank Kashyap,Indian Institute of Science,UNKNOWN,India,high,The institution name 'Indian Institute of Science' clearly indicates India.,yes
CVPR-2020-A001977,Wei-Chih Hung,"University of California, Merced",UNKNOWN,United States,high,"The University of California, Merced is a well-known institution located in the United States.",yes
CVPR-2020-A001978,Varun Jampani,Google Research,UNKNOWN,United States,medium,"Google Research is primarily based in the United States, though it has offices in other countries.",no
CVPR-2020-A001979,R. Venkatesh Babu,Indian Institute of Science,UNKNOWN,India,high,The institution name 'Indian Institute of Science' clearly indicates India.,yes
CVPR-2020-A001980,Zhibo Yang,Stony Brook University,UNKNOWN,United States,high,Stony Brook University is a well-known university located in the United States.,yes
CVPR-2020-A001981,Lihan Huang,Stony Brook University,UNKNOWN,United States,high,Stony Brook University is a well-known university located in the United States.,yes
CVPR-2020-A001982,Yupei Chen,Stony Brook University,UNKNOWN,United States,high,Stony Brook University is a well-known university located in the United States.,yes
CVPR-2020-A001983,Zijun Wei,Adobe Inc.,UNKNOWN,United States,high,Adobe Inc. is a well-known technology company based in the United States.,yes
CVPR-2020-A001984,Seoyoung Ahn,Stony Brook University,UNKNOWN,United States,high,Stony Brook University is a well-known university located in the United States.,yes
CVPR-2020-A001985,Gregory Zelinsky,Stony Brook University,UNKNOWN,United States,high,Stony Brook University is a well-known university located in the United States.,yes
CVPR-2020-A001986,Dimitris Samaras,Stony Brook University,UNKNOWN,United States,high,Stony Brook University is a well-known university located in the United States.,yes
CVPR-2020-A001987,Minh Hoai,Stony Brook University,UNKNOWN,United States,high,Stony Brook University is a well-known university located in the United States.,yes
CVPR-2020-A001988,Victor Fragoso,Microsoft,UNKNOWN,United States,high,Microsoft is a well-known technology company headquartered in the United States.,yes
CVPR-2020-A001989,Joseph DeGol,Microsoft,UNKNOWN,United States,high,Microsoft is a well-known technology company headquartered in the United States.,yes
CVPR-2020-A001991,Yuming Fang,Jiangxi University of Finance and Economics,UNKNOWN,China,high,Jiangxi University of Finance and Economics is a well-known institution located in China.,yes
CVPR-2020-A001992,Hanwei Zhu,Jiangxi University of Finance and Economics,UNKNOWN,China,high,Jiangxi University of Finance and Economics is a well-known institution located in China.,yes
CVPR-2020-A001993,Yan Zeng,Jiangxi University of Finance and Economics,UNKNOWN,China,high,Jiangxi University of Finance and Economics is a well-known institution located in China.,yes
CVPR-2020-A001994,Kede Ma,City University of Hong Kong,UNKNOWN,Hong Kong,high,"The institution name explicitly includes 'Hong Kong', which is a Special Administrative Region of China but is often treated as a separate entity in academic and institutional contexts.",yes
CVPR-2020-A001995,Zhou Wang,University of Waterloo,UNKNOWN,Canada,high,The University of Waterloo is a well-known institution located in Canada.,yes
CVPR-2020-A001996,Minghao Guo,The Chinese University of Hong Kong,UNKNOWN,China,high,The institution name explicitly includes 'China'.,yes
CVPR-2020-A001997,Yuzhe Yang,The Chinese University of Hong Kong,UNKNOWN,China,high,The institution name explicitly includes 'China'.,yes
CVPR-2020-A001998,Rui Xu,The Chinese University of Hong Kong,UNKNOWN,China,high,The institution name explicitly includes 'China'.,yes
CVPR-2020-A001999,Ziwei Liu,The Chinese University of Hong Kong,UNKNOWN,China,high,The institution name explicitly includes 'China'.,yes
CVPR-2020-A002000,Dahua Lin,The Chinese University of Hong Kong,UNKNOWN,China,high,The institution name explicitly includes 'China'.,yes
CVPR-2020-A002001,Tony C.W. Mok,"Department of Computer Science and Engineering, The Hong Kong University of Science and Technology",UNKNOWN,Hong Kong,high,"The institution name explicitly mentions 'The Hong Kong University of Science and Technology', which is located in Hong Kong.",yes
CVPR-2020-A002002,Albert C.S. Chung,"Department of Computer Science and Engineering, The Hong Kong University of Science and Technology",UNKNOWN,Hong Kong,high,"The institution name explicitly mentions 'The Hong Kong University of Science and Technology', which is located in Hong Kong.",yes
CVPR-2020-A002003,Mahmoud Afifi,Samsung AI Center (SAIC) – Toronto | York University,UNKNOWN,Canada,high,"York University is located in Toronto, Canada.",yes
CVPR-2020-A002004,Michael S. Brown,Samsung AI Center (SAIC) – Toronto,UNKNOWN,Canada,high,"The institution name includes 'Toronto', which is a major city in Canada.",yes
CVPR-2020-A002010,Huan Wang,Zhejiang University | Notheastern University,UNKNOWN,China | United States,high,"Zhejiang University is located in China, and Northeastern University is located in the United States.",yes
CVPR-2020-A002011,Yijun Li,Adobe Research,UNKNOWN,United States,medium,"Adobe Research is a well-known research division based in the United States, though it may have international collaborations.",yes
CVPR-2020-A002012,Yuehai Wang,Zhejiang University,UNKNOWN,China,high,Zhejiang University is a well-known university located in China.,yes
CVPR-2020-A002013,Haoji Hu,Zhejiang University,UNKNOWN,China,high,Zhejiang University is a well-known university located in China.,yes
CVPR-2020-A002014,Ming-Hsuan Yang,UC Merced | Google Research,UNKNOWN,United States,medium,"UC Merced is a university in the United States, but Google Research is a global organization with offices in multiple countries. Without additional context, the country associated with Google Research cannot be determined reliably.",no
CVPR-2020-A002015,Yuning You,Texas A&M University,UNKNOWN,United States,high,Texas A&M University is a well-known university located in the United States.,yes
CVPR-2020-A002016,Tianlong Chen,Texas A&M University,UNKNOWN,United States,high,Texas A&M University is a well-known university located in the United States.,yes
CVPR-2020-A002017,Zhangyang Wang,Texas A&M University,UNKNOWN,United States,high,Texas A&M University is a well-known university located in the United States.,yes
CVPR-2020-A002018,Yang Shen,Texas A&M University,UNKNOWN,United States,high,Texas A&M University is a well-known university located in the United States.,yes
CVPR-2020-A002019,Frederik Warburg,"Technical University of Denmark, Mapillary AB, University of Zaragoza",UNKNOWN,Denmark | Sweden | Spain,high,"Technical University of Denmark is in Denmark, Mapillary AB is based in Sweden, and University of Zaragoza is in Spain.",yes
CVPR-2020-A002020,Soren Hauberg,"Technical University of Denmark, Mapillary AB, University of Zaragoza",UNKNOWN,Denmark | Sweden | Spain,high,"Technical University of Denmark is in Denmark, Mapillary AB is based in Sweden, and University of Zaragoza is in Spain.",yes
CVPR-2020-A002021,Manuel Lopez-Antequera,"Technical University of Denmark, Mapillary AB, University of Zaragoza",UNKNOWN,Denmark | Sweden | Spain,high,"Technical University of Denmark is in Denmark, Mapillary AB is based in Sweden, and University of Zaragoza is in Spain.",yes
CVPR-2020-A002022,Pau Gargallo,"Technical University of Denmark, Mapillary AB, University of Zaragoza",UNKNOWN,Denmark | Sweden | Spain,high,"Technical University of Denmark is in Denmark, Mapillary AB is based in Sweden, and University of Zaragoza is in Spain.",yes
CVPR-2020-A002023,Yubin Kuang,"Technical University of Denmark, Mapillary AB, University of Zaragoza",UNKNOWN,Denmark | Sweden | Spain,high,"Technical University of Denmark is in Denmark, Mapillary AB is based in Sweden, and University of Zaragoza is in Spain.",yes
CVPR-2020-A002024,Javier Civera,"Technical University of Denmark, Mapillary AB, University of Zaragoza",UNKNOWN,Denmark | Sweden | Spain,high,"Technical University of Denmark is in Denmark, Mapillary AB is based in Sweden, and University of Zaragoza is in Spain.",yes
CVPR-2020-A002033,Lizhi Wang,Beijing Institute of Technology,UNKNOWN,China,high,Beijing Institute of Technology is a well-known institution located in China.,yes
CVPR-2020-A002034,Chen Sun,Beijing Institute of Technology,UNKNOWN,China,high,Beijing Institute of Technology is a well-known institution located in China.,yes
CVPR-2020-A002035,Maoqing Zhang,Beijing Institute of Technology,UNKNOWN,China,high,Beijing Institute of Technology is a well-known institution located in China.,yes
CVPR-2020-A002036,Ying Fu,Beijing Institute of Technology,UNKNOWN,China,high,Beijing Institute of Technology is a well-known institution located in China.,yes
CVPR-2020-A002037,Hua Huang,Beijing Institute of Technology,UNKNOWN,China,high,Beijing Institute of Technology is a well-known institution located in China.,yes
CVPR-2020-A002042,Kaixuan Wei,Beijing Institute of Technology,UNKNOWN,China,high,Beijing Institute of Technology is a well-known institution located in China.,yes
CVPR-2020-A002043,Ying Fu,Beijing Institute of Technology,UNKNOWN,China,high,Beijing Institute of Technology is a well-known institution located in China.,yes
CVPR-2020-A002044,Jiaolong Yang,Microsoft Research,UNKNOWN,United States,high,Microsoft Research is based in the United States.,yes
CVPR-2020-A002045,Hua Huang,Beijing Institute of Technology,UNKNOWN,China,high,Beijing Institute of Technology is a well-known institution located in China.,yes
CVPR-2020-A002046,Qing Jin,ByteDance Inc.,UNKNOWN,China,high,ByteDance Inc. is a well-known Chinese technology company.,yes
CVPR-2020-A002047,Linjie Yang,ByteDance Inc.,UNKNOWN,China,high,ByteDance Inc. is a well-known Chinese technology company.,yes
CVPR-2020-A002048,Zhenyu Liao,Kwai Inc.,UNKNOWN,UNKNOWN,low,The institution name 'Kwai Inc.' does not provide sufficient information to determine the country.,no
CVPR-2020-A002049,Kathryn Heal,Harvard University,UNKNOWN,United States,high,Harvard University is a well-known institution located in the United States.,yes
CVPR-2020-A002050,Jialiang Wang,Harvard University,UNKNOWN,United States,high,Harvard University is a well-known institution located in the United States.,yes
CVPR-2020-A002051,Steven J. Gortler,Harvard University,UNKNOWN,United States,high,Harvard University is a well-known institution located in the United States.,yes
CVPR-2020-A002052,Todd Zickler,Harvard University,UNKNOWN,United States,high,Harvard University is a well-known institution located in the United States.,yes
CVPR-2020-A002053,Zhouxia Wang,SenseTime Research | The University of Hong Kong,UNKNOWN,Hong Kong | China,high,"The University of Hong Kong is a well-known institution located in Hong Kong, which is a Special Administrative Region of China.",yes
CVPR-2020-A002054,Jiawei Zhang,SenseTime Research,UNKNOWN,China,medium,"SenseTime is a well-known Chinese company, and its research is commonly associated with China.",yes
CVPR-2020-A002055,Mude Lin,SenseTime Research,UNKNOWN,China,medium,"SenseTime is a well-known Chinese company, and its research is commonly associated with China.",yes
CVPR-2020-A002056,Jiong Wang,SenseTime Research,UNKNOWN,China,medium,"SenseTime is a well-known Chinese company, and its research is commonly associated with China.",yes
CVPR-2020-A002057,Ping Luo,The University of Hong Kong,UNKNOWN,Hong Kong,high,The University of Hong Kong is a well-known institution located in Hong Kong.,yes
CVPR-2020-A002058,Jimmy Ren,SenseTime Research,UNKNOWN,China,medium,"SenseTime is a well-known Chinese company, and its research is commonly associated with China.",yes
CVPR-2020-A002062,Tejas Borkar,Arizona State University,UNKNOWN,United States,high,Arizona State University is a well-known university located in the United States.,yes
CVPR-2020-A002063,Felix Heide,Princeton University,UNKNOWN,United States,high,Princeton University is a well-known institution located in the United States.,yes
CVPR-2020-A002065,Yuhang Liu,Deepwise AI Lab,UNKNOWN,China,medium,Deepwise AI Lab is a well-known research institution based in China.,yes
CVPR-2020-A002066,Fandong Zhang,"Center for Data Science, Peking University",UNKNOWN,China,high,Peking University is a well-known institution located in China.,yes
CVPR-2020-A002067,Qianyi Zhang,Deepwise AI Lab,UNKNOWN,China,medium,Deepwise AI Lab is a well-known research institution based in China.,yes
CVPR-2020-A002068,Siwen Wang,Deepwise AI Lab,UNKNOWN,China,medium,Deepwise AI Lab is a well-known research institution based in China.,yes
CVPR-2020-A002069,Yizhou Wang,"Center on Frontiers of Computing Studies, Dept. of Computer Science & Technology",UNKNOWN,UNKNOWN,low,The institution name does not include any explicit reference to a country or region.,no
CVPR-2020-A002070,Yizhou Yu,Deepwise AI Lab,UNKNOWN,China,medium,Deepwise AI Lab is a well-known research institution based in China.,yes
CVPR-2020-A002086,Feitong Tan,Simon Fraser University Nanjing University,UNKNOWN,China | Canada,medium,"Simon Fraser University is located in Canada, and Nanjing University is located in China.",yes
CVPR-2020-A002087,Hao Zhu,Simon Fraser University Nanjing University,UNKNOWN,China | Canada,medium,"Simon Fraser University is located in Canada, and Nanjing University is located in China.",yes
CVPR-2020-A002088,Zhaopeng Cui,Simon Fraser University Nanjing University,UNKNOWN,China | Canada,medium,"Simon Fraser University is located in Canada, and Nanjing University is located in China.",yes
CVPR-2020-A002089,Siyu Zhu,Simon Fraser University Nanjing University,UNKNOWN,China | Canada,medium,"Simon Fraser University is located in Canada, and Nanjing University is located in China.",yes
CVPR-2020-A002090,Marc Pollefeys,Simon Fraser University Nanjing University,UNKNOWN,China | Canada,medium,"Simon Fraser University is located in Canada, and Nanjing University is located in China.",yes
CVPR-2020-A002091,Ping Tan,Simon Fraser University Nanjing University,UNKNOWN,China | Canada,medium,"Simon Fraser University is located in Canada, and Nanjing University is located in China.",yes
CVPR-2020-A002092,Guanlin Li,"Shandong Provincial Key Laboratory of Computer Networks, Shandong Computer Science Center (National Supercomputer Center in Jinan)",UNKNOWN,China,high,"The institution name includes 'Shandong Provincial Key Laboratory' and 'Shandong Computer Science Center', which are located in Shandong Province, China.",yes
CVPR-2020-A002093,Shuya Ding,"School of Computer Science and Engineering, Nanyang Technological University",UNKNOWN,Singapore,high,Nanyang Technological University is a well-known university located in Singapore.,yes
CVPR-2020-A002094,Jun Luo,"School of Computer Science and Engineering, Nanyang Technological University",UNKNOWN,Singapore,high,Nanyang Technological University is a well-known university located in Singapore.,yes
CVPR-2020-A002095,Chang Liu,"School of Computer Science and Engineering, Nanyang Technological University",UNKNOWN,Singapore,high,Nanyang Technological University is a well-known university located in Singapore.,yes
CVPR-2020-A002096,Mark Boss,University of Tübingen,UNKNOWN,Germany,high,"The University of Tübingen is a well-known institution located in Tübingen, Germany.",yes
CVPR-2020-A002097,Varun Jampani,University of Tübingen,UNKNOWN,Germany,high,"The University of Tübingen is a well-known institution located in Tübingen, Germany.",yes
CVPR-2020-A002098,Kihwan Kim,University of Tübingen,UNKNOWN,Germany,high,"The University of Tübingen is a well-known institution located in Tübingen, Germany.",yes
CVPR-2020-A002099,Hendrik P.A. Lensch,University of Tübingen,UNKNOWN,Germany,high,"The University of Tübingen is a well-known institution located in Tübingen, Germany.",yes
CVPR-2020-A002100,Jan Kautz,University of Tübingen,UNKNOWN,Germany,high,"The University of Tübingen is a well-known institution located in Tübingen, Germany.",yes
CVPR-2020-A002105,Zhoutong Zhang,Massachusetts Institute of Technology,UNKNOWN,United States,high,Massachusetts Institute of Technology is a well-known institution located in the United States.,yes
CVPR-2020-A002106,Jiajun Wu,Stanford University,UNKNOWN,United States,high,Stanford University is located in the United States.,yes
CVPR-2020-A002107,Joshua B. Tenenbaum,Massachusetts Institute of Technology,UNKNOWN,United States,high,Massachusetts Institute of Technology is a well-known institution located in the United States.,yes
CVPR-2020-A002111,Hazel Doughty,University of Bristol,UNKNOWN,United Kingdom,high,The University of Bristol is a well-known institution located in the United Kingdom.,yes
CVPR-2020-A002112,Ivan Laptev,University of Bristol,UNKNOWN,United Kingdom,high,The University of Bristol is a well-known institution located in the United Kingdom.,yes
CVPR-2020-A002113,Walterio Mayol-Cuevas,University of Bristol,UNKNOWN,United Kingdom,high,The University of Bristol is a well-known institution located in the United Kingdom.,yes
CVPR-2020-A002114,Dima Damen,University of Bristol,UNKNOWN,United Kingdom,high,The University of Bristol is a well-known institution located in the United Kingdom.,yes
CVPR-2020-A002115,Chunle Guo,"BIIT Lab, Tianjin University | City University of Hong Kong",UNKNOWN,China | Hong Kong,high,"Tianjin University is located in China, and the City University of Hong Kong is located in Hong Kong.",yes
CVPR-2020-A002116,Chongyi Li,"BIIT Lab, Tianjin University | City University of Hong Kong",UNKNOWN,China | Hong Kong,high,"Tianjin University is located in China, and the City University of Hong Kong is located in Hong Kong.",yes
CVPR-2020-A002117,Jichang Guo,"BIIT Lab, Tianjin University",UNKNOWN,China,high,Tianjin University is a well-known institution located in China.,yes
CVPR-2020-A002118,Chen Change Loy,Nanyang Technological University,UNKNOWN,Singapore,high,Nanyang Technological University is a well-known university located in Singapore.,yes
CVPR-2020-A002119,Junhui Hou,City University of Hong Kong,UNKNOWN,Hong Kong,high,"The institution name explicitly includes 'Hong Kong', which is a Special Administrative Region of China but is often treated as a separate entity in academic and institutional contexts.",yes
CVPR-2020-A002120,Sam Kwong,City University of Hong Kong,UNKNOWN,Hong Kong,high,"The institution name explicitly includes 'Hong Kong', which is a Special Administrative Region of China but is often treated as a separate entity in academic and institutional contexts.",yes
CVPR-2020-A002132,Jamie Watson,Niantic UCL /nianticlabs/footprints,UNKNOWN,United Kingdom | United States,medium,"Niantic is a U.S.-based company, and UCL (University College London) is a UK institution. The collaboration suggests involvement from both countries.",no
CVPR-2020-A002133,Michael Firman,Niantic UCL /nianticlabs/footprints,UNKNOWN,United Kingdom | United States,medium,"Niantic is a U.S.-based company, and UCL (University College London) is a UK institution. The collaboration suggests involvement from both countries.",no
CVPR-2020-A002134,Aron Monszpart,Niantic UCL /nianticlabs/footprints,UNKNOWN,United Kingdom | United States,medium,"Niantic is a U.S.-based company, and UCL (University College London) is a UK institution. The collaboration suggests involvement from both countries.",no
CVPR-2020-A002135,Gabriel J. Brostow,Niantic UCL /nianticlabs/footprints,UNKNOWN,United Kingdom | United States,medium,"Niantic is a U.S.-based company, and UCL (University College London) is a UK institution. The collaboration suggests involvement from both countries.",no
CVPR-2020-A002140,Zan Gojcic,Stanford University,UNKNOWN,United States,high,Stanford University is located in the United States.,yes
CVPR-2020-A002141,Caifa Zhou,Stanford University,UNKNOWN,United States,high,Stanford University is located in the United States.,yes
CVPR-2020-A002142,Jan D. Wegner,Stanford University,UNKNOWN,United States,high,Stanford University is located in the United States.,yes
CVPR-2020-A002143,Leonidas J. Guibas,Stanford University,UNKNOWN,United States,high,Stanford University is located in the United States.,yes
CVPR-2020-A002144,Tolga Birdal,Stanford University,UNKNOWN,United States,high,Stanford University is located in the United States.,yes
CVPR-2020-A002145,Jiayu Wang,"CAS Key Laboratory of GIPAS, Department of EEIS",UNKNOWN,China,medium,"CAS refers to the Chinese Academy of Sciences, which is based in China.",yes
CVPR-2020-A002146,Wengang Zhou,"CAS Key Laboratory of GIPAS, Department of EEIS",UNKNOWN,China,medium,"CAS refers to the Chinese Academy of Sciences, which is based in China.",yes
CVPR-2020-A002147,Guo-Jun Qi,Laboratory for MAchine Perception and LEarning (MAPLE) | Futurewei Technologies,UNKNOWN,China,medium,"Futurewei Technologies is a well-known Chinese company, and the institution name does not provide conflicting evidence.",yes
CVPR-2020-A002149,Qi Tian,"CAS Key Laboratory of GIPAS, Department of EEIS",UNKNOWN,China,medium,"CAS refers to the Chinese Academy of Sciences, which is based in China.",yes
CVPR-2020-A002150,Houqiang Li,"CAS Key Laboratory of GIPAS, Department of EEIS",UNKNOWN,China,medium,"CAS refers to the Chinese Academy of Sciences, which is based in China.",yes
CVPR-2020-A002153,Xi Yan,University of Toronto | Vector Institute,UNKNOWN,Canada,high,The University of Toronto is a well-known institution located in Canada.,yes
CVPR-2020-A002154,David Acuna,University of Toronto | Vector Institute | NVIDIA,UNKNOWN,Canada,high,"The University of Toronto is a well-known institution located in Canada. The Vector Institute is also based in Canada, and NVIDIA is a multinational company, but its presence here does not override the Canadian institutions.",yes
CVPR-2020-A002155,Sanja Fidler,University of Toronto | Vector Institute | NVIDIA,UNKNOWN,Canada,high,"The University of Toronto is a well-known institution located in Canada. The Vector Institute is also based in Canada, and NVIDIA is a multinational company, but its presence here does not override the Canadian institutions.",yes
CVPR-2020-A002156,Wenkai Dong,"Center for Research on Intelligent Perception and Computing, NLPR, CASIA",UNKNOWN,China,high,CASIA (Chinese Academy of Sciences Automation Institute) is a well-known research institution based in China.,yes
CVPR-2020-A002157,Zhaoxiang Zhang,"Center for Research on Intelligent Perception and Computing, NLPR, CASIA",UNKNOWN,China,high,CASIA (Chinese Academy of Sciences Automation Institute) is a well-known research institution based in China.,yes
CVPR-2020-A002158,Chunfeng Song,"Center for Research on Intelligent Perception and Computing, NLPR, CASIA",UNKNOWN,China,high,CASIA (Chinese Academy of Sciences Automation Institute) is a well-known research institution based in China.,yes
CVPR-2020-A002159,Tieniu Tan,"Center for Research on Intelligent Perception and Computing, NLPR, CASIA",UNKNOWN,China,high,CASIA (Chinese Academy of Sciences Automation Institute) is a well-known research institution based in China.,yes
CVPR-2020-A002160,Jialun Liu,Jilin University Megvii Inc.,UNKNOWN,China,high,"Jilin University is a well-known university in China, and Megvii Inc. is a Chinese company based in Beijing. Both entities are strongly associated with China.",yes
CVPR-2020-A002162,Chuchu Han,Huazhong University of Science and Technology,UNKNOWN,China,high,Huazhong University of Science and Technology is a well-known university located in China.,yes
CVPR-2020-A002163,Zhaopeng Dou,Tsinghua University,UNKNOWN,China,high,Tsinghua University is a well-known institution located in China.,yes
CVPR-2020-A002164,Wenhui Li,Jilin University Megvii Inc.,UNKNOWN,China,high,"Jilin University is a well-known university in China, and Megvii Inc. is a Chinese company based in Beijing. Both entities are strongly associated with China.",yes
CVPR-2020-A002165,Sean I. Young,Stanford University,UNKNOWN,United States,high,Stanford University is located in the United States.,yes
CVPR-2020-A002166,David B. Lindell,Stanford University,UNKNOWN,United States,high,Stanford University is located in the United States.,yes
CVPR-2020-A002167,Bernd Girod,Stanford University,UNKNOWN,United States,high,Stanford University is located in the United States.,yes
CVPR-2020-A002168,David Taubman,Stanford University,UNKNOWN,United States,high,Stanford University is located in the United States.,yes
CVPR-2020-A002169,Gordon Wetzstein,Stanford University,UNKNOWN,United States,high,Stanford University is located in the United States.,yes
CVPR-2020-A002170,Xi Yang,The University of Tokyo,UNKNOWN,Japan,high,The University of Tokyo is a well-known institution located in Japan.,yes
CVPR-2020-A002172,Taichi Kin,The University of Tokyo,UNKNOWN,Japan,high,The University of Tokyo is a well-known institution located in Japan.,yes
CVPR-2020-A002173,Takeo Igarashi,The University of Tokyo,UNKNOWN,Japan,high,The University of Tokyo is a well-known institution located in Japan.,yes
CVPR-2020-A002174,Malte Pedersen,"Visual Analysis of People (VAP) Laboratory, Aalborg University, Denmark",UNKNOWN,Denmark,high,The institution explicitly mentions 'Denmark' as the country where Aalborg University is located.,yes
CVPR-2020-A002175,Joakim Bruslund Haurum,"Visual Analysis of People (VAP) Laboratory, Aalborg University, Denmark",UNKNOWN,Denmark,high,The institution explicitly mentions 'Denmark' as the country where Aalborg University is located.,yes
CVPR-2020-A002176,Stefan Hein Bengtson,"Visual Analysis of People (VAP) Laboratory, Aalborg University, Denmark",UNKNOWN,Denmark,high,The institution explicitly mentions 'Denmark' as the country where Aalborg University is located.,yes
CVPR-2020-A002177,Thomas B. Moeslund,"Visual Analysis of People (VAP) Laboratory, Aalborg University, Denmark",UNKNOWN,Denmark,high,The institution explicitly mentions 'Denmark' as the country where Aalborg University is located.,yes
CVPR-2020-A002178,Christoph Feichtenhofer,Facebook AI Research (FAIR),UNKNOWN,United States,medium,"Facebook AI Research (FAIR) is based in the United States, but the conference (CVPR) and year (2020) do not provide additional country-specific context.",yes
CVPR-2020-A002201,Pat Sukhum,Harvard University,UNKNOWN,United States,high,Harvard University is a well-known institution located in the United States.,yes
CVPR-2020-A002202,Yun Bin Zhang,Harvard University,UNKNOWN,United States,high,Harvard University is a well-known institution located in the United States.,yes
CVPR-2020-A002203,Nanxuan Zhao,City University of Hong Kong,UNKNOWN,Hong Kong,high,"The institution name explicitly includes 'Hong Kong', which is a Special Administrative Region of China but is often treated as a separate entity in academic and institutional contexts.",yes
CVPR-2020-A002204,Aude Oliva,Massachusetts Institute of Technology,UNKNOWN,United States,high,Massachusetts Institute of Technology is a well-known institution located in the United States.,yes
CVPR-2020-A002205,Zoya Bylinskii,Adobe Research,UNKNOWN,United States,medium,"Adobe Research is a well-known research division based in the United States, though it may have international collaborations.",yes
CVPR-2020-A002215,Bailin Deng,Cardiff University,UNKNOWN,United Kingdom,high,"Cardiff University is a well-known university located in Cardiff, Wales, which is part of the United Kingdom.",yes
CVPR-2020-A002217,Matan Atzmon,Weizmann Institute of Science,UNKNOWN,Israel,high,The Weizmann Institute of Science is a well-known research institution located in Israel.,yes
CVPR-2020-A002218,Yaron Lipman,Weizmann Institute of Science,UNKNOWN,Israel,high,The Weizmann Institute of Science is a well-known research institution located in Israel.,yes
CVPR-2020-A002219,Yang He,"ReLER, University of Technology Sydney",UNKNOWN,Australia,high,"The institution 'University of Technology Sydney' is located in Sydney, Australia.",yes
CVPR-2020-A002220,Yuhang Ding,"ReLER, University of Technology Sydney",UNKNOWN,Australia,high,"The institution 'University of Technology Sydney' is located in Sydney, Australia.",yes
CVPR-2020-A002221,Ping Liu,"ReLER, University of Technology Sydney",UNKNOWN,Australia,high,"The institution 'University of Technology Sydney' is located in Sydney, Australia.",yes
CVPR-2020-A002222,Linchao Zhu,"ReLER, University of Technology Sydney",UNKNOWN,Australia,high,"The institution 'University of Technology Sydney' is located in Sydney, Australia.",yes
CVPR-2020-A002223,Hanwang Zhang,"ReLER, University of Technology Sydney",UNKNOWN,Australia,high,"The institution 'University of Technology Sydney' is located in Sydney, Australia.",yes
CVPR-2020-A002224,Yi Yang,"ReLER, University of Technology Sydney",UNKNOWN,Australia,high,"The institution 'University of Technology Sydney' is located in Sydney, Australia.",yes
CVPR-2020-A002225,Liheng Zhang,Laboratory for MAchine Perception and LEarning (MAPLE),UNKNOWN,UNKNOWN,low,The institution name does not contain any explicit reference to a country or region.,no
CVPR-2020-A002226,Guo-Jun Qi,Laboratory for MAchine Perception and LEarning (MAPLE) | Futurewei Technologies,UNKNOWN,China,medium,"Futurewei Technologies is a well-known Chinese company, and the institution name does not provide conflicting evidence.",yes
CVPR-2020-A002229,R. Wes Baldwin,"Department of Electrical Engineering, University of Dayton",UNKNOWN,United States,high,The University of Dayton is a well-known institution located in the United States.,yes
CVPR-2020-A002230,Mohammed Almatrafi,"Department of Electrical Engineering, Umm Al-Qura University",UNKNOWN,Saudi Arabia,high,Umm Al-Qura University is a well-known institution located in Saudi Arabia.,yes
CVPR-2020-A002231,Vijayan Asari,"Department of Electrical Engineering, University of Dayton",UNKNOWN,United States,high,The University of Dayton is a well-known institution located in the United States.,yes
CVPR-2020-A002232,Keigo Hirakawa,"Department of Electrical Engineering, University of Dayton",UNKNOWN,United States,high,The University of Dayton is a well-known institution located in the United States.,yes
CVPR-2020-A002233,Ziyu Jiang,NEC Laboratories America UC San Diego Texas A&M Universaity,UNKNOWN,United States | Japan,medium,"NEC Laboratories America is based in the United States, while NEC itself is a Japanese company. UC San Diego and Texas A&M University are both located in the United States.",no
CVPR-2020-A002234,Buyu Liu,NEC Laboratories America UC San Diego Texas A&M Universaity,UNKNOWN,United States | Japan,medium,"NEC Laboratories America is based in the United States, while NEC itself is a Japanese company. UC San Diego and Texas A&M University are both located in the United States.",no
CVPR-2020-A002235,Samuel Schulter,NEC Laboratories America UC San Diego Texas A&M Universaity,UNKNOWN,United States | Japan,medium,"NEC Laboratories America is based in the United States, while NEC itself is a Japanese company. UC San Diego and Texas A&M University are both located in the United States.",no
CVPR-2020-A002236,Zhangyang Wang,NEC Laboratories America UC San Diego Texas A&M Universaity,UNKNOWN,United States | Japan,medium,"NEC Laboratories America is based in the United States, while NEC itself is a Japanese company. UC San Diego and Texas A&M University are both located in the United States.",no
CVPR-2020-A002237,Manmohan Chandraker,NEC Laboratories America UC San Diego Texas A&M Universaity,UNKNOWN,United States | Japan,medium,"NEC Laboratories America is based in the United States, while NEC itself is a Japanese company. UC San Diego and Texas A&M University are both located in the United States.",no
CVPR-2020-A002238,Shangzhe Wu,"Visual Geometry Group, University of Oxford",UNKNOWN,United Kingdom,high,The University of Oxford is located in the United Kingdom.,yes
CVPR-2020-A002239,Christian Rupprecht,"Visual Geometry Group, University of Oxford",UNKNOWN,United Kingdom,high,The University of Oxford is located in the United Kingdom.,yes
CVPR-2020-A002240,Andrea Vedaldi,"Visual Geometry Group, University of Oxford",UNKNOWN,United Kingdom,high,The University of Oxford is located in the United Kingdom.,yes
CVPR-2020-A002241,Noriaki Hashimoto,Nagoya Institute of Technology,UNKNOWN,Japan,high,Nagoya Institute of Technology is a well-known institution located in Japan.,yes
CVPR-2020-A002242,Daisuke Fukushima,Nagoya Institute of Technology,UNKNOWN,Japan,high,Nagoya Institute of Technology is a well-known institution located in Japan.,yes
CVPR-2020-A002243,Ryoichi Koga,Nagoya Institute of Technology,UNKNOWN,Japan,high,Nagoya Institute of Technology is a well-known institution located in Japan.,yes
CVPR-2020-A002244,Yusuke Takagi,Nagoya Institute of Technology,UNKNOWN,Japan,high,Nagoya Institute of Technology is a well-known institution located in Japan.,yes
CVPR-2020-A002245,Kaho Ko,Nagoya Institute of Technology,UNKNOWN,Japan,high,Nagoya Institute of Technology is a well-known institution located in Japan.,yes
CVPR-2020-A002246,Kei Kohno,Nagoya University Hospital,UNKNOWN,Japan,high,Nagoya University is a well-known institution located in Japan.,yes
CVPR-2020-A002247,Masato Nakaguro,Nagoya University Hospital,UNKNOWN,Japan,high,Nagoya University is a well-known institution located in Japan.,yes
CVPR-2020-A002248,Shigeo Nakamura,Nagoya University Hospital,UNKNOWN,Japan,high,Nagoya University is a well-known institution located in Japan.,yes
CVPR-2020-A002249,Hidekata Hontani,Nagoya Institute of Technology,UNKNOWN,Japan,high,Nagoya Institute of Technology is a well-known institution located in Japan.,yes
CVPR-2020-A002250,Ichiro Takeuchi,Nagoya Institute of Technology | RIKEN,UNKNOWN,Japan,high,Both Nagoya Institute of Technology and RIKEN are well-known institutions located in Japan.,yes
CVPR-2020-A002254,Lila Huang,Uber Advanced Technologies Group University of Waterloo University of Toronto,UNKNOWN,Canada | United States,medium,"Uber Advanced Technologies Group is based in the United States, while the University of Waterloo and University of Toronto are located in Canada.",yes
CVPR-2020-A002255,Shenlong Wang,Uber Advanced Technologies Group University of Waterloo University of Toronto,UNKNOWN,Canada | United States,medium,"Uber Advanced Technologies Group is based in the United States, while the University of Waterloo and University of Toronto are located in Canada.",yes
CVPR-2020-A002256,Kelvin Wong,Uber Advanced Technologies Group University of Waterloo University of Toronto,UNKNOWN,Canada | United States,medium,"Uber Advanced Technologies Group is based in the United States, while the University of Waterloo and University of Toronto are located in Canada.",yes
CVPR-2020-A002257,Jerry Liu,Uber Advanced Technologies Group University of Waterloo University of Toronto,UNKNOWN,Canada | United States,medium,"Uber Advanced Technologies Group is based in the United States, while the University of Waterloo and University of Toronto are located in Canada.",yes
CVPR-2020-A002258,Raquel Urtasun,Uber Advanced Technologies Group University of Waterloo University of Toronto,UNKNOWN,Canada | United States,medium,"Uber Advanced Technologies Group is based in the United States, while the University of Waterloo and University of Toronto are located in Canada.",yes
CVPR-2020-A002259,Changlin Li,Monash University,UNKNOWN,Australia,high,Monash University is a well-known university located in Australia.,yes
CVPR-2020-A002260,Jiefeng Peng,DarkMatter AI Research,UNKNOWN,UNKNOWN,low,The institution name 'DarkMatter AI Research' does not provide clear evidence of the country it belongs to.,no
CVPR-2020-A002261,Liuchun Yuan,DarkMatter AI Research | Sun Yat-sen University,UNKNOWN,China,high,Sun Yat-sen University is a well-known institution located in China.,yes
CVPR-2020-A002262,Guangrun Wang,DarkMatter AI Research | Sun Yat-sen University,UNKNOWN,China,high,Sun Yat-sen University is a well-known institution located in China.,yes
CVPR-2020-A002263,Xiaodan Liang,DarkMatter AI Research | Sun Yat-sen University,UNKNOWN,China,high,Sun Yat-sen University is a well-known institution located in China.,yes
CVPR-2020-A002264,Liang Lin,DarkMatter AI Research | Sun Yat-sen University,UNKNOWN,China,high,Sun Yat-sen University is a well-known institution located in China.,yes
CVPR-2020-A002265,Xiaojun Chang,Monash University,UNKNOWN,Australia,high,Monash University is a well-known university located in Australia.,yes
CVPR-2020-A002266,Xueyang Wang,Tsinghua University,UNKNOWN,China,high,Tsinghua University is a well-known institution located in China.,yes
CVPR-2020-A002267,Xiya Zhang,Tsinghua University,UNKNOWN,China,high,Tsinghua University is a well-known institution located in China.,yes
CVPR-2020-A002268,Yinheng Zhu,Tsinghua University,UNKNOWN,China,high,Tsinghua University is a well-known institution located in China.,yes
CVPR-2020-A002269,Yuchen Guo,Tsinghua University,UNKNOWN,China,high,Tsinghua University is a well-known institution located in China.,yes
CVPR-2020-A002270,Xiaoyun Yuan,Tsinghua University,UNKNOWN,China,high,Tsinghua University is a well-known institution located in China.,yes
CVPR-2020-A002271,Liuyu Xiang,Tsinghua University,UNKNOWN,China,high,Tsinghua University is a well-known institution located in China.,yes
CVPR-2020-A002272,Zerun Wang,Tsinghua University,UNKNOWN,China,high,Tsinghua University is a well-known institution located in China.,yes
CVPR-2020-A002273,Guiguang Ding,Tsinghua University,UNKNOWN,China,high,Tsinghua University is a well-known institution located in China.,yes
CVPR-2020-A002275,Qionghai Dai,Tsinghua University,UNKNOWN,China,high,Tsinghua University is a well-known institution located in China.,yes
CVPR-2020-A002276,Lu Fang,Tsinghua University,UNKNOWN,China,high,Tsinghua University is a well-known institution located in China.,yes
CVPR-2020-A002284,Yuanjie Shao,National Key Laboratory of Science and Technology on Multispectral Information Processing,UNKNOWN,China,high,"The National Key Laboratory of Science and Technology on Multispectral Information Processing is a well-known institution in China, and the conference CVPR (Computer Vision and Pattern Recognition) is a major international conference where such institutions often participate.",yes
CVPR-2020-A002285,Lerenhan Li,National Key Laboratory of Science and Technology on Multispectral Information Processing,UNKNOWN,China,high,"The National Key Laboratory of Science and Technology on Multispectral Information Processing is a well-known institution in China, and the conference CVPR (Computer Vision and Pattern Recognition) is a major international conference where such institutions often participate.",yes
CVPR-2020-A002287,Changxin Gao,National Key Laboratory of Science and Technology on Multispectral Information Processing,UNKNOWN,China,high,"The National Key Laboratory of Science and Technology on Multispectral Information Processing is a well-known institution in China, and the conference CVPR (Computer Vision and Pattern Recognition) is a major international conference where such institutions often participate.",yes
CVPR-2020-A002288,Nong Sang,National Key Laboratory of Science and Technology on Multispectral Information Processing,UNKNOWN,China,high,"The National Key Laboratory of Science and Technology on Multispectral Information Processing is a well-known institution in China, and the conference CVPR (Computer Vision and Pattern Recognition) is a major international conference where such institutions often participate.",yes
CVPR-2020-A002289,Ali Dabouei,West Virginia University,UNKNOWN,United States,high,West Virginia University is a well-known university located in the United States.,yes
CVPR-2020-A002290,Sobhan Soleymani,West Virginia University,UNKNOWN,United States,high,West Virginia University is a well-known university located in the United States.,yes
CVPR-2020-A002291,Fariborz Taherkhani,West Virginia University,UNKNOWN,United States,high,West Virginia University is a well-known university located in the United States.,yes
CVPR-2020-A002292,Jeremy Dawson,West Virginia University,UNKNOWN,United States,high,West Virginia University is a well-known university located in the United States.,yes
CVPR-2020-A002293,Nasser M. Nasrabadi,West Virginia University,UNKNOWN,United States,high,West Virginia University is a well-known university located in the United States.,yes
CVPR-2020-A002316,Linchao Zhu,"Baidu Research | ReLER, University of Technology Sydney",UNKNOWN,China | Australia,high,"Baidu Research is based in China, and the University of Technology Sydney is based in Australia.",yes
CVPR-2020-A002317,Yi Yang,"ReLER, University of Technology Sydney",UNKNOWN,Australia,high,"The institution 'University of Technology Sydney' is located in Sydney, Australia.",yes
CVPR-2020-A002319,Runze Li,"University of California Riverside, Riverside CA",UNKNOWN,United States,high,"The institution name includes 'University of California Riverside' and the location 'Riverside CA', which are well-known in the United States.",yes
CVPR-2020-A002320,Meng Zheng,"Rensselaer Polytechnic Institute, Troy NY",UNKNOWN,United States,high,"Rensselaer Polytechnic Institute is a well-known university located in Troy, New York, United States.",yes
CVPR-2020-A002323,Bir Bhanu,"University of California Riverside, Riverside CA",UNKNOWN,United States,high,"The institution name includes 'University of California Riverside' and the location 'Riverside CA', which are well-known in the United States.",yes
CVPR-2020-A002324,Richard J. Radke,"Rensselaer Polytechnic Institute, Troy NY",UNKNOWN,United States,high,"Rensselaer Polytechnic Institute is a well-known university located in Troy, New York, United States.",yes
CVPR-2020-A002331,Yanwei Pang,Tianjin Key Laboratory of Brain-inspired Intelligence Technology,UNKNOWN,China,high,"Tianjin is a city in China, and the institution name includes 'Tianjin', which is a clear indicator of the country.",yes
CVPR-2020-A002332,Jing Nie,Tianjin Key Laboratory of Brain-inspired Intelligence Technology,UNKNOWN,China,high,"Tianjin is a city in China, and the institution name includes 'Tianjin', which is a clear indicator of the country.",yes
CVPR-2020-A002333,Jin Xie,Tianjin Key Laboratory of Brain-inspired Intelligence Technology,UNKNOWN,China,high,"Tianjin is a city in China, and the institution name includes 'Tianjin', which is a clear indicator of the country.",yes
CVPR-2020-A002336,Chengxu Zhuang,Stanford University,UNKNOWN,United States,high,Stanford University is located in the United States.,yes
CVPR-2020-A002337,Tianwei She,Stanford University,UNKNOWN,United States,high,Stanford University is located in the United States.,yes
CVPR-2020-A002338,Alex Andonian,Stanford University,UNKNOWN,United States,high,Stanford University is located in the United States.,yes
CVPR-2020-A002339,Max Sobol Mark,Stanford University,UNKNOWN,United States,high,Stanford University is located in the United States.,yes
CVPR-2020-A002340,Daniel Yamins,Stanford University,UNKNOWN,United States,high,Stanford University is located in the United States.,yes
CVPR-2020-A002344,Carl Olsson,Centre for Mathematical Sciences | Department of Electrical Engineering,UNKNOWN,United Kingdom,medium,"The 'Centre for Mathematical Sciences' is a well-known institution associated with the University of Cambridge in the United Kingdom. However, the presence of 'Department of Electrical Engineering' does not strongly indicate a specific country, so the inference is based primarily on the 'Centre for Mathematical Sciences'.",no
CVPR-2020-A002357,Hayato Onizuka,Kyushu University Zehra Hayırcı Technical University of Munich,UNKNOWN,Japan | Germany,high,"Kyushu University is located in Japan, and Technical University of Munich is located in Germany.",yes
CVPR-2020-A002359,Diego Thomas,Kyushu University,UNKNOWN,Japan,high,"Kyushu University is a well-known university located in Fukuoka, Japan.",yes
CVPR-2020-A002363,Pengpeng Liu,The Chinese University of Hong Kong,UNKNOWN,China,high,The institution name explicitly includes 'China'.,yes
CVPR-2020-A002364,Irwin King,The Chinese University of Hong Kong,UNKNOWN,China,high,The institution name explicitly includes 'China'.,yes
CVPR-2020-A002365,Michael R. Lyu,The Chinese University of Hong Kong,UNKNOWN,China,high,The institution name explicitly includes 'China'.,yes
CVPR-2020-A002366,Jia Xu,The Chinese University of Hong Kong,UNKNOWN,China,high,The institution name explicitly includes 'China'.,yes
CVPR-2020-A002367,Hao Tang,University of Trento,UNKNOWN,Italy,high,The University of Trento is a well-known institution located in Italy.,yes
CVPR-2020-A002368,Dan Xu,University of Oxford,UNKNOWN,United Kingdom,high,The University of Oxford is a well-known institution located in the United Kingdom.,yes
CVPR-2020-A002369,Yan Yan,Texas State University,UNKNOWN,United States,high,Texas State University is a well-known university located in the United States.,yes
CVPR-2020-A002371,Nicu Sebe,University of Trento | Huawei Research Ireland,UNKNOWN,Italy | Ireland,high,"University of Trento is located in Italy, and Huawei Research Ireland indicates a presence in Ireland.",yes
CVPR-2020-A002372,Naofumi Akimoto,Keio University,UNKNOWN,Japan,high,Keio University is a well-known university located in Japan.,yes
CVPR-2020-A002373,Huachun Zhu,Keio University,UNKNOWN,Japan,high,Keio University is a well-known university located in Japan.,yes
CVPR-2020-A002374,Yanghua Jin,Keio University,UNKNOWN,Japan,high,Keio University is a well-known university located in Japan.,yes
CVPR-2020-A002375,Yoshimitsu Aoki,Keio University,UNKNOWN,Japan,high,Keio University is a well-known university located in Japan.,yes
CVPR-2020-A002376,Xiufeng Xie,Hewlett Packard Labs,UNKNOWN,United States,high,Hewlett Packard Labs is a well-known research laboratory based in the United States.,yes
CVPR-2020-A002377,Kyu-Han Kim,Hewlett Packard Labs,UNKNOWN,United States,high,Hewlett Packard Labs is a well-known research laboratory based in the United States.,yes
CVPR-2020-A002378,Ziqian Bai,Simon Fraser University ETH Zürich Michigan State University,UNKNOWN,Canada | Switzerland | United States,high,"Simon Fraser University is in Canada, ETH Zürich is in Switzerland, and Michigan State University is in the United States.",yes
CVPR-2020-A002379,Zhaopeng Cui,Simon Fraser University ETH Zürich Michigan State University,UNKNOWN,Canada | Switzerland | United States,high,"Simon Fraser University is in Canada, ETH Zürich is in Switzerland, and Michigan State University is in the United States.",yes
CVPR-2020-A002380,Jamal Ahmed Rahim,Simon Fraser University ETH Zürich Michigan State University,UNKNOWN,Canada | Switzerland | United States,high,"Simon Fraser University is in Canada, ETH Zürich is in Switzerland, and Michigan State University is in the United States.",yes
CVPR-2020-A002381,Xiaoming Liu,Simon Fraser University ETH Zürich Michigan State University,UNKNOWN,Canada | Switzerland | United States,high,"Simon Fraser University is in Canada, ETH Zürich is in Switzerland, and Michigan State University is in the United States.",yes
CVPR-2020-A002382,Ping Tan,Simon Fraser University ETH Zürich Michigan State University,UNKNOWN,Canada | Switzerland | United States,high,"Simon Fraser University is in Canada, ETH Zürich is in Switzerland, and Michigan State University is in the United States.",yes
CVPR-2020-A002392,Youliang Yan,Huawei Noah’s Ark Lab,UNKNOWN,China,high,"Huawei is a well-known Chinese technology company, and the Noah’s Ark Lab is a research laboratory under Huawei.",yes
CVPR-2020-A002398,Michael Maire,University of Chicago,UNKNOWN,United States,high,The University of Chicago is a well-known institution located in the United States.,yes
CVPR-2020-A002400,Yiyi Liao,"Max Planck Institute for Intelligent Systems, Tübingen | University of Tübingen",UNKNOWN,Germany,high,"The institution names 'Max Planck Institute for Intelligent Systems, Tübingen' and 'University of Tübingen' are well-known institutions located in Germany.",yes
CVPR-2020-A002401,Katja Schwarz,"Max Planck Institute for Intelligent Systems, Tübingen | University of Tübingen",UNKNOWN,Germany,high,"The institution names 'Max Planck Institute for Intelligent Systems, Tübingen' and 'University of Tübingen' are well-known institutions located in Germany.",yes
CVPR-2020-A002402,Lars Mescheder,"Max Planck Institute for Intelligent Systems, Tübingen | University of Tübingen | Amazon, Tübingen",UNKNOWN,Germany,high,"The institution names include 'Max Planck Institute for Intelligent Systems, Tübingen' and 'University of Tübingen', both of which are well-known institutions located in Germany.",yes
CVPR-2020-A002403,Andreas Geiger,"Max Planck Institute for Intelligent Systems, Tübingen | University of Tübingen",UNKNOWN,Germany,high,"The institution names 'Max Planck Institute for Intelligent Systems, Tübingen' and 'University of Tübingen' are well-known institutions located in Germany.",yes
CVPR-2020-A002408,Itai Lang,Tel Aviv University,UNKNOWN,Israel,high,"Tel Aviv University is a well-known institution located in Tel Aviv, Israel.",yes
CVPR-2020-A002409,Asaf Manor,Tel Aviv University,UNKNOWN,Israel,high,"Tel Aviv University is a well-known institution located in Tel Aviv, Israel.",yes
CVPR-2020-A002410,Shai Avidan,Tel Aviv University,UNKNOWN,Israel,high,"Tel Aviv University is a well-known institution located in Tel Aviv, Israel.",yes
CVPR-2020-A002420,Ziwei Liu,"CUHK - SenseTime Joint Lab, The Chinese University of Hong Kong",UNKNOWN,China,high,"The institution name includes 'The Chinese University of Hong Kong', which is located in Hong Kong, China.",yes
CVPR-2020-A002422,Chen Change Loy,Nanyang Technological University,UNKNOWN,Singapore,high,Nanyang Technological University is a well-known university located in Singapore.,yes
CVPR-2020-A002426,Olivia Wiles,University of Oxford,UNKNOWN,United Kingdom,high,The University of Oxford is a well-known institution located in the United Kingdom.,yes
CVPR-2020-A002427,Georgia Gkioxari,Facebook AI Research,UNKNOWN,United States,medium,"Facebook AI Research is based in the United States, but the conference (CVPR) is international and does not provide direct country information.",yes
CVPR-2020-A002430,Bardia Doosti,"Luddy School of Informatics, Computing, and Engineering, Indiana University Bloomington",UNKNOWN,United States,high,Indiana University Bloomington is a well-known university located in the United States.,yes
CVPR-2020-A002431,Shujon Naha,"Luddy School of Informatics, Computing, and Engineering, Indiana University Bloomington",UNKNOWN,United States,high,Indiana University Bloomington is a well-known university located in the United States.,yes
CVPR-2020-A002432,Majid Mirbagheri,"Luddy School of Informatics, Computing, and Engineering, Indiana University Bloomington",UNKNOWN,United States,high,Indiana University Bloomington is a well-known university located in the United States.,yes
CVPR-2020-A002433,David J. Crandall,"Luddy School of Informatics, Computing, and Engineering, Indiana University Bloomington",UNKNOWN,United States,high,Indiana University Bloomington is a well-known university located in the United States.,yes
CVPR-2020-A002434,Wenzheng Chen,University of Toronto,UNKNOWN,Canada,high,The University of Toronto is a well-known institution located in Canada.,yes
CVPR-2020-A002435,Parsa Mirdehghan,University of Toronto,UNKNOWN,Canada,high,The University of Toronto is a well-known institution located in Canada.,yes
CVPR-2020-A002436,Sanja Fidler,University of Toronto,UNKNOWN,Canada,high,The University of Toronto is a well-known institution located in Canada.,yes
CVPR-2020-A002437,Kiriakos N. Kutulakos,University of Toronto,UNKNOWN,Canada,high,The University of Toronto is a well-known institution located in Canada.,yes
CVPR-2020-A002438,Jameel Malik,TU Kaiserslautern | DFKI Kaiserslautern | NUST Pakistan,UNKNOWN,Germany | Pakistan,high,"TU Kaiserslautern and DFKI Kaiserslautern are well-known institutions in Germany, while NUST Pakistan is a university in Pakistan.",yes
CVPR-2020-A002446,Sicheng Xu,Beijing Institute of Technology,UNKNOWN,China,high,Beijing Institute of Technology is a well-known institution located in China.,yes
CVPR-2020-A002447,Jiaolong Yang,Microsoft Research Asia,UNKNOWN,China,high,Microsoft Research Asia is a well-known research division based in China.,yes
CVPR-2020-A002448,Dong Chen,Microsoft Research Asia,UNKNOWN,China,high,Microsoft Research Asia is a well-known research division based in China.,yes
CVPR-2020-A002449,Fang Wen,Microsoft Research Asia,UNKNOWN,China,high,Microsoft Research Asia is a well-known research division based in China.,yes
CVPR-2020-A002450,Yu Deng,Tsinghua University,UNKNOWN,China,high,Tsinghua University is a well-known institution located in China.,yes
CVPR-2020-A002451,Yunde Jia,Beijing Institute of Technology,UNKNOWN,China,high,Beijing Institute of Technology is a well-known institution located in China.,yes
CVPR-2020-A002452,Xin Tong,Microsoft Research Asia,UNKNOWN,China,high,Microsoft Research Asia is a well-known research division based in China.,yes
CVPR-2020-A002453,Muhammad Haris Khan,"Inception Institute of Artificial Intelligence, UAE",UNKNOWN,United Arab Emirates,high,"The institution name explicitly includes 'UAE', which is the official country name.",yes
CVPR-2020-A002455,Salman Khan,"Inception Institute of Artificial Intelligence, UAE",UNKNOWN,United Arab Emirates,high,"The institution name explicitly includes 'UAE', which is the official country name.",yes
CVPR-2020-A002456,Muhammad Shahabuddin,"Comsats University Islamabad, Pakistan",UNKNOWN,Pakistan,high,The institution name explicitly includes 'Pakistan'.,yes
CVPR-2020-A002457,Aditya Arora,"Inception Institute of Artificial Intelligence, UAE",UNKNOWN,United Arab Emirates,high,"The institution name explicitly includes 'UAE', which is the official country name.",yes
CVPR-2020-A002458,Fahad Shahbaz Khan,"Inception Institute of Artificial Intelligence, UAE",UNKNOWN,United Arab Emirates,high,"The institution name explicitly includes 'UAE', which is the official country name.",yes
CVPR-2020-A002459,Ling Shao,"Inception Institute of Artificial Intelligence, UAE",UNKNOWN,United Arab Emirates,high,"The institution name explicitly includes 'UAE', which is the official country name.",yes
CVPR-2020-A002461,Francesco Marchetti,"MICC, University of Florence",UNKNOWN,Italy,high,The University of Florence is a well-known institution located in Italy.,yes
CVPR-2020-A002462,Federico Becattini,"MICC, University of Florence",UNKNOWN,Italy,high,The University of Florence is a well-known institution located in Italy.,yes
CVPR-2020-A002463,Lorenzo Seidenari,"MICC, University of Florence",UNKNOWN,Italy,high,The University of Florence is a well-known institution located in Italy.,yes
CVPR-2020-A002464,Alberto Del Bimbo,"MICC, University of Florence",UNKNOWN,Italy,high,The University of Florence is a well-known institution located in Italy.,yes
CVPR-2020-A002466,Yinda Zhang,Google Research,UNKNOWN,United States,medium,"Google Research is primarily based in the United States, though it has offices in other countries.",no
CVPR-2020-A002467,Zhuwen Li,Nuro Inc,UNKNOWN,United States,high,"Nuro Inc is a well-known company based in the United States, specializing in autonomous delivery vehicles.",yes
CVPR-2020-A002475,Janghyeon Lee,"School of Electrical Engineering, KAIST",UNKNOWN,South Korea,high,"KAIST stands for Korea Advanced Institute of Science and Technology, which is located in South Korea.",yes
CVPR-2020-A002476,Hyeong Gwon Hong,"Graduate School of AI, KAIST",UNKNOWN,South Korea,high,KAIST (Korea Advanced Institute of Science and Technology) is a well-known institution located in South Korea.,yes
CVPR-2020-A002477,Donggyu Joo,"School of Electrical Engineering, KAIST",UNKNOWN,South Korea,high,"KAIST stands for Korea Advanced Institute of Science and Technology, which is located in South Korea.",yes
CVPR-2020-A002478,Junmo Kim,"School of Electrical Engineering, KAIST | Graduate School of AI, KAIST",UNKNOWN,South Korea,high,KAIST (Korea Advanced Institute of Science and Technology) is a well-known institution located in South Korea.,yes
CVPR-2020-A002481,Xingyu Huang,Tianjin University,UNKNOWN,China,high,"Tianjin University is a well-known university located in Tianjin, China.",yes
CVPR-2020-A002484,Jiashun Wang,Fudan University,UNKNOWN,China,high,"Fudan University is a well-known university located in Shanghai, China.",yes
CVPR-2020-A002485,Chao Wen,Fudan University,UNKNOWN,China,high,"Fudan University is a well-known university located in Shanghai, China.",yes
CVPR-2020-A002486,Yanwei Fu,Fudan University,UNKNOWN,China,high,"Fudan University is a well-known university located in Shanghai, China.",yes
CVPR-2020-A002487,Haitao Lin,Fudan University,UNKNOWN,China,high,"Fudan University is a well-known university located in Shanghai, China.",yes
CVPR-2020-A002488,Tianyun Zou,Fudan University,UNKNOWN,China,high,"Fudan University is a well-known university located in Shanghai, China.",yes
CVPR-2020-A002489,Xiangyang Xue,Fudan University,UNKNOWN,China,high,"Fudan University is a well-known university located in Shanghai, China.",yes
CVPR-2020-A002490,Yinda Zhang,Google LLC,UNKNOWN,United States,high,Google LLC is a company based in the United States.,yes
CVPR-2020-A002495,Wen Jiang,Zhejiang University,UNKNOWN,China,high,Zhejiang University is a well-known university located in China.,yes
CVPR-2020-A002496,Nikos Kolotouros,University of Pennsylvania,UNKNOWN,United States,high,The University of Pennsylvania is a well-known institution located in the United States.,yes
CVPR-2020-A002497,Georgios Pavlakos,University of Pennsylvania,UNKNOWN,United States,high,The University of Pennsylvania is a well-known institution located in the United States.,yes
CVPR-2020-A002499,Kostas Daniilidis,University of Pennsylvania,UNKNOWN,United States,high,The University of Pennsylvania is a well-known institution located in the United States.,yes
CVPR-2020-A002506,Muhammad Abdullah Jamal,University of Central Florida University of California at Merced ♯ Google,UNKNOWN,United States,medium,"The institutions 'University of Central Florida' and 'University of California at Merced' are located in the United States. However, 'Google' is a multinational company, and its affiliation does not clearly indicate a specific country.",no
CVPR-2020-A002507,Matthew Brown,University of Central Florida University of California at Merced ♯ Google,UNKNOWN,United States,medium,"The institutions 'University of Central Florida' and 'University of California at Merced' are located in the United States. However, 'Google' is a multinational company, and its affiliation does not clearly indicate a specific country.",no
CVPR-2020-A002508,Ming-Hsuan Yang,University of Central Florida University of California at Merced ♯ Google,UNKNOWN,United States,medium,"The institutions 'University of Central Florida' and 'University of California at Merced' are located in the United States. However, 'Google' is a multinational company, and its affiliation does not clearly indicate a specific country.",no
CVPR-2020-A002509,Liqiang Wang,University of Central Florida University of California at Merced ♯ Google,UNKNOWN,United States,medium,"The institutions 'University of Central Florida' and 'University of California at Merced' are located in the United States. However, 'Google' is a multinational company, and its affiliation does not clearly indicate a specific country.",no
CVPR-2020-A002510,Boqing Gong,University of Central Florida University of California at Merced ♯ Google,UNKNOWN,United States,medium,"The institutions 'University of Central Florida' and 'University of California at Merced' are located in the United States. However, 'Google' is a multinational company, and its affiliation does not clearly indicate a specific country.",no
CVPR-2020-A002511,Simon Niklaus,Portland State University,UNKNOWN,United States,high,"Portland State University is a well-known university located in Portland, Oregon, United States.",yes
CVPR-2020-A002512,Feng Liu,Portland State University,UNKNOWN,United States,high,"Portland State University is a well-known university located in Portland, Oregon, United States.",yes
CVPR-2020-A002514,Bo Zhang,Microsoft Research Asia,UNKNOWN,China,high,Microsoft Research Asia is a well-known research division based in China.,yes
CVPR-2020-A002515,Dong Chen,Microsoft Research Asia,UNKNOWN,China,high,Microsoft Research Asia is a well-known research division based in China.,yes
CVPR-2020-A002516,Lu Yuan,Microsoft Cloud+AI,UNKNOWN,United States,high,Microsoft is a well-known technology company based in the United States.,yes
CVPR-2020-A002517,Fang Wen,Microsoft Research Asia,UNKNOWN,China,high,Microsoft Research Asia is a well-known research division based in China.,yes
CVPR-2020-A002518,Zhihao Chen,"College of Intelligence and Computing, Tianjin University",UNKNOWN,China,high,Tianjin University is a well-known institution located in China.,yes
CVPR-2020-A002519,Lei Zhu,"Department of Computer Science and Engineering, The Chinese University of Hong Kong | College of Intelligence and Computing, Tianjin University",UNKNOWN,China | Hong Kong,high,"The Chinese University of Hong Kong is located in Hong Kong, and Tianjin University is located in China.",yes
CVPR-2020-A002520,Liang Wan,"College of Intelligence and Computing, Tianjin University",UNKNOWN,China,high,Tianjin University is a well-known institution located in China.,yes
CVPR-2020-A002521,Song Wang,"College of Intelligence and Computing, Tianjin University | Department of Computer Science and Engineering, University of South Carolina",UNKNOWN,China | United States,high,"Tianjin University is located in China, and the University of South Carolina is located in the United States.",yes
CVPR-2020-A002522,Wei Feng,"College of Intelligence and Computing, Tianjin University",UNKNOWN,China,high,Tianjin University is a well-known institution located in China.,yes
CVPR-2020-A002523,Pheng-Ann Heng,"Department of Computer Science and Engineering, The Chinese University of Hong Kong | Shenzhen Key Laboratory of Virtual Reality and Human Interaction Technology",UNKNOWN,China,high,"The institution name includes 'The Chinese University of Hong Kong | Shenzhen Key Laboratory', which is located in Shenzhen, China.",yes
CVPR-2020-A002532,Tianyu Yang,Tencent AI Lab City University of Hong Kong Didi Chuxing,UNKNOWN,China | Hong Kong,high,"Tencent and Didi Chuxing are well-known Chinese companies, and the City University of Hong Kong is located in Hong Kong, which is a Special Administrative Region of China.",yes
CVPR-2020-A002533,Pengfei Xu,Tencent AI Lab City University of Hong Kong Didi Chuxing,UNKNOWN,China | Hong Kong,high,"Tencent and Didi Chuxing are well-known Chinese companies, and the City University of Hong Kong is located in Hong Kong, which is a Special Administrative Region of China.",yes
CVPR-2020-A002534,Runbo Hu,Tencent AI Lab City University of Hong Kong Didi Chuxing,UNKNOWN,China | Hong Kong,high,"Tencent and Didi Chuxing are well-known Chinese companies, and the City University of Hong Kong is located in Hong Kong, which is a Special Administrative Region of China.",yes
CVPR-2020-A002535,Hua Chai,Tencent AI Lab City University of Hong Kong Didi Chuxing,UNKNOWN,China | Hong Kong,high,"Tencent and Didi Chuxing are well-known Chinese companies, and the City University of Hong Kong is located in Hong Kong, which is a Special Administrative Region of China.",yes
CVPR-2020-A002536,Antoni B. Chan,Tencent AI Lab City University of Hong Kong Didi Chuxing,UNKNOWN,China | Hong Kong,high,"Tencent and Didi Chuxing are well-known Chinese companies, and the City University of Hong Kong is located in Hong Kong, which is a Special Administrative Region of China.",yes
CVPR-2020-A002537,Qiufu Li,"Computer Vision Institute, School of Computer Science & Software Engineering, Shenzhen University | Shenzhen Institute of Artificial Intelligence & Robotics for Society",UNKNOWN,China,high,"Shenzhen University is located in Shenzhen, China. The institution name clearly references a Chinese city and university.",yes
CVPR-2020-A002540,Zhihui Lai,"Computer Vision Institute, School of Computer Science & Software Engineering, Shenzhen University | Shenzhen Institute of Artificial Intelligence & Robotics for Society",UNKNOWN,China,high,"Shenzhen University is located in Shenzhen, China. The institution name clearly references a Chinese city and university.",yes
CVPR-2020-A002541,Vedika Agarwal,Max Planck Institute for Informatics,UNKNOWN,Germany,high,The Max Planck Institute for Informatics is a well-known research institution located in Germany.,yes
CVPR-2020-A002542,Rakshith Shetty,Max Planck Institute for Informatics,UNKNOWN,Germany,high,The Max Planck Institute for Informatics is a well-known research institution located in Germany.,yes
CVPR-2020-A002543,Mario Fritz,Max Planck Institute for Informatics,UNKNOWN,Germany,high,The Max Planck Institute for Informatics is a well-known research institution located in Germany.,yes
CVPR-2020-A002544,Jiangning Zhang,"Zhejiang University ↑ Fuxi AI Lab, NetEase",UNKNOWN,China,high,"Zhejiang University is a well-known institution located in China, and NetEase is a major Chinese technology company.",yes
CVPR-2020-A002545,Xianfang Zeng,"Zhejiang University ↑ Fuxi AI Lab, NetEase",UNKNOWN,China,high,"Zhejiang University is a well-known institution located in China, and NetEase is a major Chinese technology company.",yes
CVPR-2020-A002546,Mengmeng Wang,"Zhejiang University ↑ Fuxi AI Lab, NetEase",UNKNOWN,China,high,"Zhejiang University is a well-known institution located in China, and NetEase is a major Chinese technology company.",yes
CVPR-2020-A002547,Yusu Pan,"Zhejiang University ↑ Fuxi AI Lab, NetEase",UNKNOWN,China,high,"Zhejiang University is a well-known institution located in China, and NetEase is a major Chinese technology company.",yes
CVPR-2020-A002548,Liang Liu,"Zhejiang University ↑ Fuxi AI Lab, NetEase",UNKNOWN,China,high,"Zhejiang University is a well-known institution located in China, and NetEase is a major Chinese technology company.",yes
CVPR-2020-A002549,Yong Liu,"Zhejiang University ↑ Fuxi AI Lab, NetEase",UNKNOWN,China,high,"Zhejiang University is a well-known institution located in China, and NetEase is a major Chinese technology company.",yes
CVPR-2020-A002550,Yu Ding,"Zhejiang University ↑ Fuxi AI Lab, NetEase",UNKNOWN,China,high,"Zhejiang University is a well-known institution located in China, and NetEase is a major Chinese technology company.",yes
CVPR-2020-A002551,Changjie Fan,"Zhejiang University ↑ Fuxi AI Lab, NetEase",UNKNOWN,China,high,"Zhejiang University is a well-known institution located in China, and NetEase is a major Chinese technology company.",yes
CVPR-2020-A002552,Sida Peng,Deepwise AI Lab,UNKNOWN,China,medium,Deepwise AI Lab is a well-known research institution based in China.,yes
CVPR-2020-A002553,Wen Jiang,Deepwise AI Lab,UNKNOWN,China,medium,Deepwise AI Lab is a well-known research institution based in China.,yes
CVPR-2020-A002554,Huaijin Pi,Deepwise AI Lab,UNKNOWN,China,medium,Deepwise AI Lab is a well-known research institution based in China.,yes
CVPR-2020-A002555,Xiuli Li,Deepwise AI Lab,UNKNOWN,China,medium,Deepwise AI Lab is a well-known research institution based in China.,yes
CVPR-2020-A002556,Hujun Bao,Deepwise AI Lab,UNKNOWN,China,medium,Deepwise AI Lab is a well-known research institution based in China.,yes
CVPR-2020-A002557,Xiaowei Zhou,Deepwise AI Lab,UNKNOWN,China,medium,Deepwise AI Lab is a well-known research institution based in China.,yes
CVPR-2020-A002570,Hyeongmin Lee,Yonsei University,UNKNOWN,South Korea,high,Yonsei University is a well-known university located in South Korea.,yes
CVPR-2020-A002571,Taeoh Kim,Yonsei University,UNKNOWN,South Korea,high,Yonsei University is a well-known university located in South Korea.,yes
CVPR-2020-A002572,Tae-young Chung,Yonsei University,UNKNOWN,South Korea,high,Yonsei University is a well-known university located in South Korea.,yes
CVPR-2020-A002573,Daehyun Pak,Yonsei University,UNKNOWN,South Korea,high,Yonsei University is a well-known university located in South Korea.,yes
CVPR-2020-A002574,Yuseok Ban,Yonsei University,UNKNOWN,South Korea,high,Yonsei University is a well-known university located in South Korea.,yes
CVPR-2020-A002575,Sangyoun Lee,Yonsei University,UNKNOWN,South Korea,high,Yonsei University is a well-known university located in South Korea.,yes
CVPR-2020-A002576,Wang Shen,"Institute of Image Communication and Network Engineering, Shanghai Jiao Tong University",UNKNOWN,China,high,"The institution is affiliated with Shanghai Jiao Tong University, which is located in China.",yes
CVPR-2020-A002577,Wenbo Bao,"Institute of Image Communication and Network Engineering, Shanghai Jiao Tong University",UNKNOWN,China,high,"The institution is affiliated with Shanghai Jiao Tong University, which is located in China.",yes
CVPR-2020-A002578,Guangtao Zhai,"Institute of Image Communication and Network Engineering, Shanghai Jiao Tong University",UNKNOWN,China,high,"The institution is affiliated with Shanghai Jiao Tong University, which is located in China.",yes
CVPR-2020-A002579,Li Chen,"Institute of Image Communication and Network Engineering, Shanghai Jiao Tong University",UNKNOWN,China,high,"The institution is affiliated with Shanghai Jiao Tong University, which is located in China.",yes
CVPR-2020-A002580,Xiongkuo Min,"Institute of Image Communication and Network Engineering, Shanghai Jiao Tong University",UNKNOWN,China,high,"The institution is affiliated with Shanghai Jiao Tong University, which is located in China.",yes
CVPR-2020-A002581,Zhiyong Gao,"Institute of Image Communication and Network Engineering, Shanghai Jiao Tong University",UNKNOWN,China,high,"The institution is affiliated with Shanghai Jiao Tong University, which is located in China.",yes
CVPR-2020-A002587,Bowen Cheng,"UIUC, Microsoft, University of Oregon",UNKNOWN,United States | China,medium,"UIUC (University of Illinois at Urbana-Champaign) and University of Oregon are in the United States. Microsoft is a global company, but its headquarters is in the United States. However, the presence of Chinese institutions in CVPR 2020 is possible, though not explicitly mentioned here.",no
CVPR-2020-A002588,Bin Xiao,"UIUC, Microsoft, University of Oregon",UNKNOWN,United States | China,medium,"UIUC (University of Illinois at Urbana-Champaign) and University of Oregon are in the United States. Microsoft is a global company, but its headquarters is in the United States. However, the presence of Chinese institutions in CVPR 2020 is possible, though not explicitly mentioned here.",no
CVPR-2020-A002589,Jingdong Wang,"UIUC, Microsoft, University of Oregon",UNKNOWN,United States | China,medium,"UIUC (University of Illinois at Urbana-Champaign) and University of Oregon are in the United States. Microsoft is a global company, but its headquarters is in the United States. However, the presence of Chinese institutions in CVPR 2020 is possible, though not explicitly mentioned here.",no
CVPR-2020-A002590,Honghui Shi,"UIUC, Microsoft, University of Oregon",UNKNOWN,United States | China,medium,"UIUC (University of Illinois at Urbana-Champaign) and University of Oregon are in the United States. Microsoft is a global company, but its headquarters is in the United States. However, the presence of Chinese institutions in CVPR 2020 is possible, though not explicitly mentioned here.",no
CVPR-2020-A002591,Thomas S. Huang,"UIUC, Microsoft, University of Oregon",UNKNOWN,United States | China,medium,"UIUC (University of Illinois at Urbana-Champaign) and University of Oregon are in the United States. Microsoft is a global company, but its headquarters is in the United States. However, the presence of Chinese institutions in CVPR 2020 is possible, though not explicitly mentioned here.",no
CVPR-2020-A002592,Lei Zhang,"UIUC, Microsoft, University of Oregon",UNKNOWN,United States | China,medium,"UIUC (University of Illinois at Urbana-Champaign) and University of Oregon are in the United States. Microsoft is a global company, but its headquarters is in the United States. However, the presence of Chinese institutions in CVPR 2020 is possible, though not explicitly mentioned here.",no
CVPR-2020-A002598,Tianshu Yu,"Arizona State University, Shanghai Jiao Tong University",UNKNOWN,United States | China,high,"Arizona State University is located in the United States, and Shanghai Jiao Tong University is located in China.",yes
CVPR-2020-A002599,Junchi Yan,"Arizona State University, Shanghai Jiao Tong University",UNKNOWN,United States | China,high,"Arizona State University is located in the United States, and Shanghai Jiao Tong University is located in China.",yes
CVPR-2020-A002600,Baoxin Li,"Arizona State University, Shanghai Jiao Tong University",UNKNOWN,United States | China,high,"Arizona State University is located in the United States, and Shanghai Jiao Tong University is located in China.",yes
CVPR-2020-A002606,Evangelos Sariyanidi,"Center for Autism Research, Children’s Hospital of Philadelphia University of Pennsylvania",UNKNOWN,United States,high,"The institution includes 'Children’s Hospital of Philadelphia' and 'University of Pennsylvania', both well-known institutions located in the United States.",yes
CVPR-2020-A002607,Casey J. Zampella,"Center for Autism Research, Children’s Hospital of Philadelphia University of Pennsylvania",UNKNOWN,United States,high,"The institution includes 'Children’s Hospital of Philadelphia' and 'University of Pennsylvania', both well-known institutions located in the United States.",yes
CVPR-2020-A002608,Robert T. Schultz,"Center for Autism Research, Children’s Hospital of Philadelphia University of Pennsylvania",UNKNOWN,United States,high,"The institution includes 'Children’s Hospital of Philadelphia' and 'University of Pennsylvania', both well-known institutions located in the United States.",yes
CVPR-2020-A002609,Birkan Tunc,"Center for Autism Research, Children’s Hospital of Philadelphia University of Pennsylvania",UNKNOWN,United States,high,"The institution includes 'Children’s Hospital of Philadelphia' and 'University of Pennsylvania', both well-known institutions located in the United States.",yes
CVPR-2020-A002614,Adam Kortylewski,Johns Hopkins University,UNKNOWN,United States,high,Johns Hopkins University is a well-known university located in the United States.,yes
CVPR-2020-A002615,Ju He,Johns Hopkins University,UNKNOWN,United States,high,Johns Hopkins University is a well-known university located in the United States.,yes
CVPR-2020-A002616,Qing Liu,Johns Hopkins University,UNKNOWN,United States,high,Johns Hopkins University is a well-known university located in the United States.,yes
CVPR-2020-A002617,Alan L. Yuille,Johns Hopkins University,UNKNOWN,United States,high,Johns Hopkins University is a well-known university located in the United States.,yes
CVPR-2020-A002622,Liangji Fang,SenseTime Group Limited The Chinese University of Hong Kong,UNKNOWN,China | Hong Kong,medium,"SenseTime Group Limited is a Chinese company, and The Chinese University of Hong Kong is located in Hong Kong, which is a Special Administrative Region of China.",yes
CVPR-2020-A002623,Qinhong Jiang,SenseTime Group Limited The Chinese University of Hong Kong,UNKNOWN,China | Hong Kong,medium,"SenseTime Group Limited is a Chinese company, and The Chinese University of Hong Kong is located in Hong Kong, which is a Special Administrative Region of China.",yes
CVPR-2020-A002624,Jianping Shi,SenseTime Group Limited The Chinese University of Hong Kong,UNKNOWN,China | Hong Kong,medium,"SenseTime Group Limited is a Chinese company, and The Chinese University of Hong Kong is located in Hong Kong, which is a Special Administrative Region of China.",yes
CVPR-2020-A002625,Bolei Zhou,SenseTime Group Limited The Chinese University of Hong Kong,UNKNOWN,China | Hong Kong,medium,"SenseTime Group Limited is a Chinese company, and The Chinese University of Hong Kong is located in Hong Kong, which is a Special Administrative Region of China.",yes
CVPR-2020-A002647,Chengzhou Tang,Simon Fraser University,UNKNOWN,Canada,high,Simon Fraser University is a well-known university located in Canada.,yes
CVPR-2020-A002648,Lu Yuan,Microsoft,UNKNOWN,United States,high,Microsoft is a well-known technology company headquartered in the United States.,yes
CVPR-2020-A002649,Ping Tan,Simon Fraser University,UNKNOWN,Canada,high,Simon Fraser University is a well-known university located in Canada.,yes
CVPR-2020-A002650,Jinjie Mai,"School of Data and Computer Science, Sun Yat-sen University, *Corresponding author The Key Laboratory of Machine Intelligence and Advanced Computing, Ministry of Education, Sun Yat-sen University",UNKNOWN,China,high,Sun Yat-sen University is a well-known institution located in China.,yes
CVPR-2020-A002651,Meng Yang,"School of Data and Computer Science, Sun Yat-sen University, *Corresponding author The Key Laboratory of Machine Intelligence and Advanced Computing, Ministry of Education, Sun Yat-sen University",UNKNOWN,China,high,Sun Yat-sen University is a well-known institution located in China.,yes
CVPR-2020-A002652,Wenfeng Luo,"School of Data and Computer Science, Sun Yat-sen University, *Corresponding author The Key Laboratory of Machine Intelligence and Advanced Computing, Ministry of Education, Sun Yat-sen University",UNKNOWN,China,high,Sun Yat-sen University is a well-known institution located in China.,yes
CVPR-2020-A002653,Shunkai Li,"Key Laboratory of Machine Perception (MOE), School of EECS, Peking University PKU-SenseTime Machine Vision Joint Lab",UNKNOWN,China,high,Peking University is a well-known institution located in China.,yes
CVPR-2020-A002654,Xin Wang,"Key Laboratory of Machine Perception (MOE), School of EECS, Peking University PKU-SenseTime Machine Vision Joint Lab",UNKNOWN,China,high,Peking University is a well-known institution located in China.,yes
CVPR-2020-A002655,Yingdian Cao,"Key Laboratory of Machine Perception (MOE), School of EECS, Peking University PKU-SenseTime Machine Vision Joint Lab",UNKNOWN,China,high,Peking University is a well-known institution located in China.,yes
CVPR-2020-A002656,Fei Xue,"Key Laboratory of Machine Perception (MOE), School of EECS, Peking University PKU-SenseTime Machine Vision Joint Lab",UNKNOWN,China,high,Peking University is a well-known institution located in China.,yes
CVPR-2020-A002657,Zike Yan,"Key Laboratory of Machine Perception (MOE), School of EECS, Peking University PKU-SenseTime Machine Vision Joint Lab",UNKNOWN,China,high,Peking University is a well-known institution located in China.,yes
CVPR-2020-A002658,Hongbin Zha,"Key Laboratory of Machine Perception (MOE), School of EECS, Peking University PKU-SenseTime Machine Vision Joint Lab",UNKNOWN,China,high,Peking University is a well-known institution located in China.,yes
CVPR-2020-A002659,Yu-Ting Chang,UC Merced eBay Inc. NEC Labs America Google Research,UNKNOWN,United States | Japan | China,medium,"UC Merced and eBay Inc. are associated with the United States. NEC Labs America is associated with Japan. Google Research is associated with the United States, but China may also be involved due to Google's presence there.",no
CVPR-2020-A002660,Qiaosong Wang,UC Merced eBay Inc. NEC Labs America Google Research,UNKNOWN,United States | Japan | China,medium,"UC Merced and eBay Inc. are associated with the United States. NEC Labs America is associated with Japan. Google Research is associated with the United States, but China may also be involved due to Google's presence there.",no
CVPR-2020-A002661,Wei-Chih Hung,UC Merced eBay Inc. NEC Labs America Google Research,UNKNOWN,United States | Japan | China,medium,"UC Merced and eBay Inc. are associated with the United States. NEC Labs America is associated with Japan. Google Research is associated with the United States, but China may also be involved due to Google's presence there.",no
CVPR-2020-A002662,Robinson Piramuthu,UC Merced eBay Inc. NEC Labs America Google Research,UNKNOWN,United States | Japan | China,medium,"UC Merced and eBay Inc. are associated with the United States. NEC Labs America is associated with Japan. Google Research is associated with the United States, but China may also be involved due to Google's presence there.",no
CVPR-2020-A002663,Yi-Hsuan Tsai,UC Merced eBay Inc. NEC Labs America Google Research,UNKNOWN,United States | Japan | China,medium,"UC Merced and eBay Inc. are associated with the United States. NEC Labs America is associated with Japan. Google Research is associated with the United States, but China may also be involved due to Google's presence there.",no
CVPR-2020-A002664,Ming-Hsuan Yang,UC Merced eBay Inc. NEC Labs America Google Research,UNKNOWN,United States | Japan | China,medium,"UC Merced and eBay Inc. are associated with the United States. NEC Labs America is associated with Japan. Google Research is associated with the United States, but China may also be involved due to Google's presence there.",no
CVPR-2020-A002672,Byungsoo Ko,"Clova Vision, NAVER Corp.",UNKNOWN,South Korea,high,NAVER Corp. is a well-known South Korean technology company.,yes
CVPR-2020-A002673,Geonmo Gu,"Clova Vision, NAVER Corp.",UNKNOWN,South Korea,high,NAVER Corp. is a well-known South Korean technology company.,yes
CVPR-2020-A002677,Renzhen Wang,Xi’an Jiaotong University,UNKNOWN,China,high,"Xi’an Jiaotong University is a well-known university located in Xi’an, China.",yes
CVPR-2020-A002678,Kai Ma,"Jarvis Lab, Tencent",UNKNOWN,China,high,"Tencent is a well-known Chinese technology company, and the Jarvis Lab is associated with Tencent.",yes
CVPR-2020-A002680,Deyu Meng,Macau University of Science and Technology | Xi’an Jiaotong University,UNKNOWN,China | Macau,high,"Macau University of Science and Technology is located in Macau (a special administrative region of China), and Xi’an Jiaotong University is located in China.",yes
CVPR-2020-A002692,Eirikur Agustsson,"Google Research, Perception Team",UNKNOWN,United States,medium,"Google Research is primarily based in the United States, though it has research teams in other countries as well.",no
CVPR-2020-A002693,David Minnen,"Google Research, Perception Team",UNKNOWN,United States,medium,"Google Research is primarily based in the United States, though it has research teams in other countries as well.",no
CVPR-2020-A002694,Nick Johnston,"Google Research, Perception Team",UNKNOWN,United States,medium,"Google Research is primarily based in the United States, though it has research teams in other countries as well.",no
CVPR-2020-A002695,Johannes Balle,"Google Research, Perception Team",UNKNOWN,United States,medium,"Google Research is primarily based in the United States, though it has research teams in other countries as well.",no
CVPR-2020-A002696,Sung Jin Hwang,"Google Research, Perception Team",UNKNOWN,United States,medium,"Google Research is primarily based in the United States, though it has research teams in other countries as well.",no
CVPR-2020-A002697,George Toderici,"Google Research, Perception Team",UNKNOWN,United States,medium,"Google Research is primarily based in the United States, though it has research teams in other countries as well.",no
CVPR-2020-A002698,Ayush Tewari,Stanford University,UNKNOWN,United States,high,Stanford University is located in the United States.,yes
CVPR-2020-A002699,Mohamed Elgharib,Stanford University,UNKNOWN,United States,high,Stanford University is located in the United States.,yes
CVPR-2020-A002700,Gaurav Bharaj,Stanford University,UNKNOWN,United States,high,Stanford University is located in the United States.,yes
CVPR-2020-A002701,Florian Bernard,Stanford University,UNKNOWN,United States,high,Stanford University is located in the United States.,yes
CVPR-2020-A002702,Hans-Peter Seidel,Stanford University,UNKNOWN,United States,high,Stanford University is located in the United States.,yes
CVPR-2020-A002703,Patrick Perez,Stanford University,UNKNOWN,United States,high,Stanford University is located in the United States.,yes
CVPR-2020-A002704,Michael Zollhofer,Stanford University,UNKNOWN,United States,high,Stanford University is located in the United States.,yes
CVPR-2020-A002705,Christian Theobalt,Stanford University,UNKNOWN,United States,high,Stanford University is located in the United States.,yes
CVPR-2020-A002706,Assaf Shocher,"Google Research Weizmann Institute of Science Semantic Pyramid Generation Levels (a) CONV1 Original Image CONV5 FC7 FC8 Generated Images from increasing sematic levels (b) From Sketch to Photo Original Image CONV4 Generated Image (c) Semantic Image Composition Original Images (d) Image Re-labeling Composite Image Original label: Volcano New label: Mountain Snowy Figure : We introduce a new image generative model that is designed and trained to leverage the hierarchical space of deepfeatures learned by a pre-trained classification network. Our model provides a unified versatile framework for various image generation and manipulation tasks, including: (a) generating images with a controllable extent of semantic similarity to a reference image, obtained by reconstructing images from different layers of a classification model; (b) generating realistic image samples from unnatural reference image such as line drawings; (c) semantically compositing different images, and (d) controlling the semantic content of an image by enforcing a new, modified class label.",UNKNOWN,UNKNOWN,low,The institution string does not contain any explicit reference to a country or institution that can be mapped to a specific country.,no
CVPR-2020-A002707,Yossi Gandelsman,"Google Research Weizmann Institute of Science Semantic Pyramid Generation Levels (a) CONV1 Original Image CONV5 FC7 FC8 Generated Images from increasing sematic levels (b) From Sketch to Photo Original Image CONV4 Generated Image (c) Semantic Image Composition Original Images (d) Image Re-labeling Composite Image Original label: Volcano New label: Mountain Snowy Figure : We introduce a new image generative model that is designed and trained to leverage the hierarchical space of deepfeatures learned by a pre-trained classification network. Our model provides a unified versatile framework for various image generation and manipulation tasks, including: (a) generating images with a controllable extent of semantic similarity to a reference image, obtained by reconstructing images from different layers of a classification model; (b) generating realistic image samples from unnatural reference image such as line drawings; (c) semantically compositing different images, and (d) controlling the semantic content of an image by enforcing a new, modified class label.",UNKNOWN,UNKNOWN,low,The institution string does not contain any explicit reference to a country or institution that can be mapped to a specific country.,no
CVPR-2020-A002708,Inbar Mosseri,"Google Research Weizmann Institute of Science Semantic Pyramid Generation Levels (a) CONV1 Original Image CONV5 FC7 FC8 Generated Images from increasing sematic levels (b) From Sketch to Photo Original Image CONV4 Generated Image (c) Semantic Image Composition Original Images (d) Image Re-labeling Composite Image Original label: Volcano New label: Mountain Snowy Figure : We introduce a new image generative model that is designed and trained to leverage the hierarchical space of deepfeatures learned by a pre-trained classification network. Our model provides a unified versatile framework for various image generation and manipulation tasks, including: (a) generating images with a controllable extent of semantic similarity to a reference image, obtained by reconstructing images from different layers of a classification model; (b) generating realistic image samples from unnatural reference image such as line drawings; (c) semantically compositing different images, and (d) controlling the semantic content of an image by enforcing a new, modified class label.",UNKNOWN,UNKNOWN,low,The institution string does not contain any explicit reference to a country or institution that can be mapped to a specific country.,no
CVPR-2020-A002709,Michal Yarom,"Google Research Weizmann Institute of Science Semantic Pyramid Generation Levels (a) CONV1 Original Image CONV5 FC7 FC8 Generated Images from increasing sematic levels (b) From Sketch to Photo Original Image CONV4 Generated Image (c) Semantic Image Composition Original Images (d) Image Re-labeling Composite Image Original label: Volcano New label: Mountain Snowy Figure : We introduce a new image generative model that is designed and trained to leverage the hierarchical space of deepfeatures learned by a pre-trained classification network. Our model provides a unified versatile framework for various image generation and manipulation tasks, including: (a) generating images with a controllable extent of semantic similarity to a reference image, obtained by reconstructing images from different layers of a classification model; (b) generating realistic image samples from unnatural reference image such as line drawings; (c) semantically compositing different images, and (d) controlling the semantic content of an image by enforcing a new, modified class label.",UNKNOWN,UNKNOWN,low,The institution string does not contain any explicit reference to a country or institution that can be mapped to a specific country.,no
CVPR-2020-A002710,Michal Irani,"Google Research Weizmann Institute of Science Semantic Pyramid Generation Levels (a) CONV1 Original Image CONV5 FC7 FC8 Generated Images from increasing sematic levels (b) From Sketch to Photo Original Image CONV4 Generated Image (c) Semantic Image Composition Original Images (d) Image Re-labeling Composite Image Original label: Volcano New label: Mountain Snowy Figure : We introduce a new image generative model that is designed and trained to leverage the hierarchical space of deepfeatures learned by a pre-trained classification network. Our model provides a unified versatile framework for various image generation and manipulation tasks, including: (a) generating images with a controllable extent of semantic similarity to a reference image, obtained by reconstructing images from different layers of a classification model; (b) generating realistic image samples from unnatural reference image such as line drawings; (c) semantically compositing different images, and (d) controlling the semantic content of an image by enforcing a new, modified class label.",UNKNOWN,UNKNOWN,low,The institution string does not contain any explicit reference to a country or institution that can be mapped to a specific country.,no
CVPR-2020-A002711,William T. Freeman,"Google Research Weizmann Institute of Science Semantic Pyramid Generation Levels (a) CONV1 Original Image CONV5 FC7 FC8 Generated Images from increasing sematic levels (b) From Sketch to Photo Original Image CONV4 Generated Image (c) Semantic Image Composition Original Images (d) Image Re-labeling Composite Image Original label: Volcano New label: Mountain Snowy Figure : We introduce a new image generative model that is designed and trained to leverage the hierarchical space of deepfeatures learned by a pre-trained classification network. Our model provides a unified versatile framework for various image generation and manipulation tasks, including: (a) generating images with a controllable extent of semantic similarity to a reference image, obtained by reconstructing images from different layers of a classification model; (b) generating realistic image samples from unnatural reference image such as line drawings; (c) semantically compositing different images, and (d) controlling the semantic content of an image by enforcing a new, modified class label.",UNKNOWN,UNKNOWN,low,The institution string does not contain any explicit reference to a country or institution that can be mapped to a specific country.,no
CVPR-2020-A002712,Tali Dekel,"Google Research Weizmann Institute of Science Semantic Pyramid Generation Levels (a) CONV1 Original Image CONV5 FC7 FC8 Generated Images from increasing sematic levels (b) From Sketch to Photo Original Image CONV4 Generated Image (c) Semantic Image Composition Original Images (d) Image Re-labeling Composite Image Original label: Volcano New label: Mountain Snowy Figure : We introduce a new image generative model that is designed and trained to leverage the hierarchical space of deepfeatures learned by a pre-trained classification network. Our model provides a unified versatile framework for various image generation and manipulation tasks, including: (a) generating images with a controllable extent of semantic similarity to a reference image, obtained by reconstructing images from different layers of a classification model; (b) generating realistic image samples from unnatural reference image such as line drawings; (c) semantically compositing different images, and (d) controlling the semantic content of an image by enforcing a new, modified class label.",UNKNOWN,UNKNOWN,low,The institution string does not contain any explicit reference to a country or institution that can be mapped to a specific country.,no
CVPR-2020-A002717,Yaobin Zhang,Beijing University of Posts and Telecommunications,UNKNOWN,China,high,Beijing University of Posts and Telecommunications is a well-known institution located in China.,yes
CVPR-2020-A002718,Weihong Deng,Beijing University of Posts and Telecommunications,UNKNOWN,China,high,Beijing University of Posts and Telecommunications is a well-known institution located in China.,yes
CVPR-2020-A002719,Mei Wang,Beijing University of Posts and Telecommunications,UNKNOWN,China,high,Beijing University of Posts and Telecommunications is a well-known institution located in China.,yes
CVPR-2020-A002720,Jiani Hu,Beijing University of Posts and Telecommunications,UNKNOWN,China,high,Beijing University of Posts and Telecommunications is a well-known institution located in China.,yes
CVPR-2020-A002721,Xian Li,Beijing University of Posts and Telecommunications,UNKNOWN,China,high,Beijing University of Posts and Telecommunications is a well-known institution located in China.,yes
CVPR-2020-A002722,Dongyue Zhao,Beijing University of Posts and Telecommunications,UNKNOWN,China,high,Beijing University of Posts and Telecommunications is a well-known institution located in China.,yes
CVPR-2020-A002723,Dongchao Wen,Beijing University of Posts and Telecommunications,UNKNOWN,China,high,Beijing University of Posts and Telecommunications is a well-known institution located in China.,yes
CVPR-2020-A002730,Bruno Artacho,Rochester Institute of Technology,UNKNOWN,United States,high,Rochester Institute of Technology is a well-known university located in the United States.,yes
CVPR-2020-A002731,Andreas Savakis,Rochester Institute of Technology,UNKNOWN,United States,high,Rochester Institute of Technology is a well-known university located in the United States.,yes
CVPR-2020-A002732,Jae Shin Yoon,University of Minnesota,UNKNOWN,United States,high,The University of Minnesota is a well-known institution located in the United States.,yes
CVPR-2020-A002733,Kihwan Kim,University of Minnesota,UNKNOWN,United States,high,The University of Minnesota is a well-known institution located in the United States.,yes
CVPR-2020-A002734,Orazio Gallo,University of Minnesota,UNKNOWN,United States,high,The University of Minnesota is a well-known institution located in the United States.,yes
CVPR-2020-A002735,Hyun Soo Park,University of Minnesota,UNKNOWN,United States,high,The University of Minnesota is a well-known institution located in the United States.,yes
CVPR-2020-A002736,Jan Kautz,University of Minnesota,UNKNOWN,United States,high,The University of Minnesota is a well-known institution located in the United States.,yes
CVPR-2020-A002755,Wenyan Cong,"MoE Key Lab of Artificial Intelligence, Shanghai Jiao Tong University",UNKNOWN,China,high,"Shanghai Jiao Tong University is a well-known university located in Shanghai, China. The MoE Key Lab of Artificial Intelligence is affiliated with this university.",yes
CVPR-2020-A002756,Jianfu Zhang,"MoE Key Lab of Artificial Intelligence, Shanghai Jiao Tong University",UNKNOWN,China,high,"Shanghai Jiao Tong University is a well-known university located in Shanghai, China. The MoE Key Lab of Artificial Intelligence is affiliated with this university.",yes
CVPR-2020-A002757,Li Niu,"MoE Key Lab of Artificial Intelligence, Shanghai Jiao Tong University",UNKNOWN,China,high,"Shanghai Jiao Tong University is a well-known university located in Shanghai, China. The MoE Key Lab of Artificial Intelligence is affiliated with this university.",yes
CVPR-2020-A002758,Liu Liu,"MoE Key Lab of Artificial Intelligence, Shanghai Jiao Tong University",UNKNOWN,China,high,"Shanghai Jiao Tong University is a well-known university located in Shanghai, China. The MoE Key Lab of Artificial Intelligence is affiliated with this university.",yes
CVPR-2020-A002759,Zhixin Ling,"MoE Key Lab of Artificial Intelligence, Shanghai Jiao Tong University",UNKNOWN,China,high,"Shanghai Jiao Tong University is a well-known university located in Shanghai, China. The MoE Key Lab of Artificial Intelligence is affiliated with this university.",yes
CVPR-2020-A002761,Liqing Zhang,"MoE Key Lab of Artificial Intelligence, Shanghai Jiao Tong University",UNKNOWN,China,high,"Shanghai Jiao Tong University is a well-known university located in Shanghai, China. The MoE Key Lab of Artificial Intelligence is affiliated with this university.",yes
CVPR-2020-A002762,Jogendra Nath Kundu,"Indian Institute of Science, Bangalore Google Research",UNKNOWN,India,high,"The institution 'Indian Institute of Science, Bangalore' is a well-known institution located in India.",yes
CVPR-2020-A002763,Siddharth Seth,"Indian Institute of Science, Bangalore Google Research",UNKNOWN,India,high,"The institution 'Indian Institute of Science, Bangalore' is a well-known institution located in India.",yes
CVPR-2020-A002764,Varun Jampani,"Indian Institute of Science, Bangalore Google Research",UNKNOWN,India,high,"The institution 'Indian Institute of Science, Bangalore' is a well-known institution located in India.",yes
CVPR-2020-A002765,Mugalodi Rakesh,"Indian Institute of Science, Bangalore Google Research",UNKNOWN,India,high,"The institution 'Indian Institute of Science, Bangalore' is a well-known institution located in India.",yes
CVPR-2020-A002766,R. Venkatesh Babu,"Indian Institute of Science, Bangalore Google Research",UNKNOWN,India,high,"The institution 'Indian Institute of Science, Bangalore' is a well-known institution located in India.",yes
CVPR-2020-A002767,Anirban Chakraborty,"Indian Institute of Science, Bangalore Google Research",UNKNOWN,India,high,"The institution 'Indian Institute of Science, Bangalore' is a well-known institution located in India.",yes
CVPR-2020-A002768,Tomas Jakab,University of Oxford,UNKNOWN,United Kingdom,high,The University of Oxford is a well-known institution located in the United Kingdom.,yes
CVPR-2020-A002769,Ankush Gupta,University of Oxford,UNKNOWN,United Kingdom,high,The University of Oxford is a well-known institution located in the United Kingdom.,yes
CVPR-2020-A002770,Hakan Bilen,University of Oxford,UNKNOWN,United Kingdom,high,The University of Oxford is a well-known institution located in the United Kingdom.,yes
CVPR-2020-A002771,Andrea Vedaldi,University of Oxford,UNKNOWN,United Kingdom,high,The University of Oxford is a well-known institution located in the United Kingdom.,yes
CVPR-2020-A002773,Xiatian Zhu,"Centre for Vision, Speech and Signal Processing, University of Surrey",UNKNOWN,United Kingdom,high,The University of Surrey is located in the United Kingdom.,yes
CVPR-2020-A002777,Ruixu Liu,University of Dayton,UNKNOWN,United States,high,The University of Dayton is a well-known institution located in the United States.,yes
CVPR-2020-A002778,Ju Shen,University of Dayton,UNKNOWN,United States,high,The University of Dayton is a well-known institution located in the United States.,yes
CVPR-2020-A002779,He Wang,University of Dayton,UNKNOWN,United States,high,The University of Dayton is a well-known institution located in the United States.,yes
CVPR-2020-A002781,Sen-ching Cheung,University of Kentucky,UNKNOWN,United States,high,The University of Kentucky is a well-known institution located in the United States.,yes
CVPR-2020-A002782,Vijayan Asari,University of Dayton,UNKNOWN,United States,high,The University of Dayton is a well-known institution located in the United States.,yes
CVPR-2020-A002804,Matteo Fabbri,University of Modena and Reggio Emilia,UNKNOWN,Italy,high,The University of Modena and Reggio Emilia is a well-known institution located in Italy.,yes
CVPR-2020-A002805,Fabio Lanzi,University of Modena and Reggio Emilia,UNKNOWN,Italy,high,The University of Modena and Reggio Emilia is a well-known institution located in Italy.,yes
CVPR-2020-A002806,Simone Calderara,University of Modena and Reggio Emilia,UNKNOWN,Italy,high,The University of Modena and Reggio Emilia is a well-known institution located in Italy.,yes
CVPR-2020-A002807,Stefano Alletto,University of Modena and Reggio Emilia,UNKNOWN,Italy,high,The University of Modena and Reggio Emilia is a well-known institution located in Italy.,yes
CVPR-2020-A002808,Rita Cucchiara,University of Modena and Reggio Emilia,UNKNOWN,Italy,high,The University of Modena and Reggio Emilia is a well-known institution located in Italy.,yes
CVPR-2020-A002809,Francis Engelmann,RWTH Aachen University | Google,UNKNOWN,Germany | United States,medium,"RWTH Aachen University is located in Germany, and Google is a multinational company with presence in the United States.",yes
CVPR-2020-A002810,Martin Bokeloh,Google,UNKNOWN,United States,medium,"Google is a multinational corporation, but its headquarters is in the United States. However, it operates in many countries, so the inference is not definitive.",no
CVPR-2020-A002811,Alireza Fathi,Google,UNKNOWN,United States,medium,"Google is a multinational corporation, but its headquarters is in the United States. However, it operates in many countries, so the inference is not definitive.",no
CVPR-2020-A002812,Bastian Leibe,RWTH Aachen University,UNKNOWN,Germany,high,"RWTH Aachen University is a well-known university located in Aachen, Germany.",yes
CVPR-2020-A002814,Ying-Cong Chen,The Chinese University of Hong Kong,UNKNOWN,China,high,The institution name explicitly includes 'China'.,yes
CVPR-2020-A002815,Xiaogang Xu,The Chinese University of Hong Kong,UNKNOWN,China,high,The institution name explicitly includes 'China'.,yes
CVPR-2020-A002816,Jiaya Jia,The Chinese University of Hong Kong | SmartMore,UNKNOWN,China | Hong Kong,medium,"The institution 'The Chinese University of Hong Kong' is located in Hong Kong, which is a Special Administrative Region of China.",no
CVPR-2020-A002829,Haofu Liao,University of Rochester,UNKNOWN,United States,high,The University of Rochester is a well-known institution located in the United States.,yes
CVPR-2020-A002832,Yunjey Choi,"Clova AI Research, NAVER Corp.",UNKNOWN,South Korea,high,"NAVER Corp. is a well-known South Korean company, and Clova AI Research is a subsidiary of NAVER.",yes
CVPR-2020-A002833,Youngjung Uh,"Clova AI Research, NAVER Corp.",UNKNOWN,South Korea,high,"NAVER Corp. is a well-known South Korean company, and Clova AI Research is a subsidiary of NAVER.",yes
CVPR-2020-A002834,Jaejun Yoo,"Clova AI Research, NAVER Corp.",UNKNOWN,South Korea,high,"NAVER Corp. is a well-known South Korean company, and Clova AI Research is a subsidiary of NAVER.",yes
CVPR-2020-A002835,Jung-Woo Ha,"Clova AI Research, NAVER Corp.",UNKNOWN,South Korea,high,"NAVER Corp. is a well-known South Korean company, and Clova AI Research is a subsidiary of NAVER.",yes
CVPR-2020-A002836,Kyle Genova,Princeton University | Google Research,UNKNOWN,United States,high,Both Princeton University and Google Research are well-known institutions based in the United States.,yes
CVPR-2020-A002837,Forrester Cole,Google Research,UNKNOWN,United States,medium,"Google Research is primarily based in the United States, though it has offices in other countries.",no
CVPR-2020-A002838,Avneesh Sud,Google Research,UNKNOWN,United States,medium,"Google Research is primarily based in the United States, though it has offices in other countries.",no
CVPR-2020-A002839,Aaron Sarna,Google Research,UNKNOWN,United States,medium,"Google Research is primarily based in the United States, though it has offices in other countries.",no
CVPR-2020-A002840,Thomas Funkhouser,Princeton University,UNKNOWN,United States,high,Princeton University is a well-known institution located in the United States.,yes
CVPR-2020-A002841,Seungryul Baek,Imperial College London,UNKNOWN,United Kingdom,high,Imperial College London is a well-known institution located in the United Kingdom.,yes
CVPR-2020-A002843,Tae-Kyun Kim,Imperial College London,UNKNOWN,United Kingdom,high,Imperial College London is a well-known institution located in the United Kingdom.,yes
CVPR-2020-A002844,Zhengzhe Liu,"University of Oxford, The University of Hong Kong",UNKNOWN,United Kingdom | China,high,"University of Oxford is located in the United Kingdom, and The University of Hong Kong is located in China.",yes
CVPR-2020-A002845,Xiaojuan Qi,"University of Oxford, The University of Hong Kong",UNKNOWN,United Kingdom | China,high,"University of Oxford is located in the United Kingdom, and The University of Hong Kong is located in China.",yes
CVPR-2020-A002846,Philip H.S. Torr,"University of Oxford, The University of Hong Kong",UNKNOWN,United Kingdom | China,high,"University of Oxford is located in the United Kingdom, and The University of Hong Kong is located in China.",yes
CVPR-2020-A002856,Lingzhi Zhang,University of Pennsylvania,UNKNOWN,United States,high,The University of Pennsylvania is a well-known institution located in the United States.,yes
CVPR-2020-A002857,Jiancong Wang,University of Pennsylvania,UNKNOWN,United States,high,The University of Pennsylvania is a well-known institution located in the United States.,yes
CVPR-2020-A002858,Yinshuang Xu,University of Pennsylvania,UNKNOWN,United States,high,The University of Pennsylvania is a well-known institution located in the United States.,yes
CVPR-2020-A002859,Jie Min,University of Pennsylvania,UNKNOWN,United States,high,The University of Pennsylvania is a well-known institution located in the United States.,yes
CVPR-2020-A002860,Tarmily Wen,University of Pennsylvania,UNKNOWN,United States,high,The University of Pennsylvania is a well-known institution located in the United States.,yes
CVPR-2020-A002861,James C. Gee,University of Pennsylvania,UNKNOWN,United States,high,The University of Pennsylvania is a well-known institution located in the United States.,yes
CVPR-2020-A002862,Jianbo Shi,University of Pennsylvania,UNKNOWN,United States,high,The University of Pennsylvania is a well-known institution located in the United States.,yes
CVPR-2020-A002863,Peiliang Li,The Hong Kong University of Science and Technology,UNKNOWN,Hong Kong,high,"The institution name explicitly includes 'Hong Kong', which is a Special Administrative Region of China but is often treated as a separate entity in academic and institutional contexts.",yes
CVPR-2020-A002864,Jieqi Shi,The Hong Kong University of Science and Technology,UNKNOWN,Hong Kong,high,"The institution name explicitly includes 'Hong Kong', which is a Special Administrative Region of China but is often treated as a separate entity in academic and institutional contexts.",yes
CVPR-2020-A002865,Shaojie Shen,The Hong Kong University of Science and Technology,UNKNOWN,Hong Kong,high,"The institution name explicitly includes 'Hong Kong', which is a Special Administrative Region of China but is often treated as a separate entity in academic and institutional contexts.",yes
CVPR-2020-A002871,Spyros Gidaris,University of Crete,UNKNOWN,Greece,high,The University of Crete is a well-known institution located in Greece.,yes
CVPR-2020-A002872,Andrei Bursuc,University of Crete,UNKNOWN,Greece,high,The University of Crete is a well-known institution located in Greece.,yes
CVPR-2020-A002873,Nikos Komodakis,University of Crete,UNKNOWN,Greece,high,The University of Crete is a well-known institution located in Greece.,yes
CVPR-2020-A002874,Patrick Perez,University of Crete,UNKNOWN,Greece,high,The University of Crete is a well-known institution located in Greece.,yes
CVPR-2020-A002875,Matthieu Cord,University of Crete,UNKNOWN,Greece,high,The University of Crete is a well-known institution located in Greece.,yes
CVPR-2020-A002879,Long Zhao,University of Delaware,UNKNOWN,United States,high,The University of Delaware is a well-known institution located in the United States.,yes
CVPR-2020-A002880,Xi Peng,University of Delaware,UNKNOWN,United States,high,The University of Delaware is a well-known institution located in the United States.,yes
CVPR-2020-A002881,Yuxiao Chen,University of Delaware,UNKNOWN,United States,high,The University of Delaware is a well-known institution located in the United States.,yes
CVPR-2020-A002882,Mubbasir Kapadia,University of Delaware,UNKNOWN,United States,high,The University of Delaware is a well-known institution located in the United States.,yes
CVPR-2020-A002883,Dimitris N. Metaxas,University of Delaware,UNKNOWN,United States,high,The University of Delaware is a well-known institution located in the United States.,yes
CVPR-2020-A002888,Zixin Luo,Hong Kong University of Science and Technology Tsinghua University Everest Innovation Technology,UNKNOWN,China | Hong Kong,medium,"Tsinghua University is located in China, and Hong Kong University of Science and Technology is located in Hong Kong, which is a Special Administrative Region of China.",yes
CVPR-2020-A002889,Lei Zhou,Hong Kong University of Science and Technology Tsinghua University Everest Innovation Technology,UNKNOWN,China | Hong Kong,medium,"Tsinghua University is located in China, and Hong Kong University of Science and Technology is located in Hong Kong, which is a Special Administrative Region of China.",yes
CVPR-2020-A002890,Xuyang Bai,Hong Kong University of Science and Technology Tsinghua University Everest Innovation Technology,UNKNOWN,China | Hong Kong,medium,"Tsinghua University is located in China, and Hong Kong University of Science and Technology is located in Hong Kong, which is a Special Administrative Region of China.",yes
CVPR-2020-A002891,Hongkai Chen,Hong Kong University of Science and Technology Tsinghua University Everest Innovation Technology,UNKNOWN,China | Hong Kong,medium,"Tsinghua University is located in China, and Hong Kong University of Science and Technology is located in Hong Kong, which is a Special Administrative Region of China.",yes
CVPR-2020-A002892,Jiahui Zhang,Hong Kong University of Science and Technology Tsinghua University Everest Innovation Technology,UNKNOWN,China | Hong Kong,medium,"Tsinghua University is located in China, and Hong Kong University of Science and Technology is located in Hong Kong, which is a Special Administrative Region of China.",yes
CVPR-2020-A002893,Yao Yao,Hong Kong University of Science and Technology Tsinghua University Everest Innovation Technology,UNKNOWN,China | Hong Kong,medium,"Tsinghua University is located in China, and Hong Kong University of Science and Technology is located in Hong Kong, which is a Special Administrative Region of China.",yes
CVPR-2020-A002894,Shiwei Li,Hong Kong University of Science and Technology Tsinghua University Everest Innovation Technology,UNKNOWN,China | Hong Kong,medium,"Tsinghua University is located in China, and Hong Kong University of Science and Technology is located in Hong Kong, which is a Special Administrative Region of China.",yes
CVPR-2020-A002895,Tian Fang,Hong Kong University of Science and Technology Tsinghua University Everest Innovation Technology,UNKNOWN,China | Hong Kong,medium,"Tsinghua University is located in China, and Hong Kong University of Science and Technology is located in Hong Kong, which is a Special Administrative Region of China.",yes
CVPR-2020-A002896,Long Quan,Hong Kong University of Science and Technology Tsinghua University Everest Innovation Technology,UNKNOWN,China | Hong Kong,medium,"Tsinghua University is located in China, and Hong Kong University of Science and Technology is located in Hong Kong, which is a Special Administrative Region of China.",yes
CVPR-2020-A002897,Takashi Isobe,"Department of Electronic Engineering, Tsinghua University | Noah’s Ark Lab, Huawei Technologies",UNKNOWN,China,high,Tsinghua University and Huawei Technologies are well-known institutions based in China.,yes
CVPR-2020-A002898,Songjiang Li,"Noah’s Ark Lab, Huawei Technologies",UNKNOWN,China,high,Huawei Technologies is a well-known Chinese company.,yes
CVPR-2020-A002899,Xu Jia,"Noah’s Ark Lab, Huawei Technologies",UNKNOWN,China,high,Huawei Technologies is a well-known Chinese company.,yes
CVPR-2020-A002900,Shanxin Yuan,"Noah’s Ark Lab, Huawei Technologies",UNKNOWN,China,high,Huawei Technologies is a well-known Chinese company.,yes
CVPR-2020-A002901,Gregory Slabaugh,"Noah’s Ark Lab, Huawei Technologies",UNKNOWN,China,high,Huawei Technologies is a well-known Chinese company.,yes
CVPR-2020-A002902,Chunjing Xu,"Noah’s Ark Lab, Huawei Technologies",UNKNOWN,China,high,Huawei Technologies is a well-known Chinese company.,yes
CVPR-2020-A002903,Ya-Li Li,"Department of Electronic Engineering, Tsinghua University",UNKNOWN,China,high,Tsinghua University is a well-known institution located in China.,yes
CVPR-2020-A002904,Shengjin Wang,"Department of Electronic Engineering, Tsinghua University",UNKNOWN,China,high,Tsinghua University is a well-known institution located in China.,yes
CVPR-2020-A002905,Qi Tian,"Noah’s Ark Lab, Huawei Technologies",UNKNOWN,China,high,Huawei Technologies is a well-known Chinese company.,yes
CVPR-2020-A002922,Hangyu Lin,"School of Data Science, Fudan University",UNKNOWN,China,high,Fudan University is a well-known university located in China.,yes
CVPR-2020-A002923,Yanwei Fu,"School of Data Science, Fudan University",UNKNOWN,China,high,Fudan University is a well-known university located in China.,yes
CVPR-2020-A002924,Xiangyang Xue,"School of Computer Science, Fudan University",UNKNOWN,China,high,Fudan University is a well-known university located in China.,yes
CVPR-2020-A002925,Yu-Gang Jiang,"School of Computer Science, Fudan University",UNKNOWN,China,high,Fudan University is a well-known university located in China.,yes
CVPR-2020-A002932,Tero Karras,NVIDIA and Aalto University,UNKNOWN,Finland | United States,high,"Aalto University is located in Finland, and NVIDIA is a company based in the United States.",yes
CVPR-2020-A002933,Samuli Laine,NVIDIA and Aalto University,UNKNOWN,Finland | United States,high,"Aalto University is located in Finland, and NVIDIA is a company based in the United States.",yes
CVPR-2020-A002934,Miika Aittala,NVIDIA and Aalto University,UNKNOWN,Finland | United States,high,"Aalto University is located in Finland, and NVIDIA is a company based in the United States.",yes
CVPR-2020-A002935,Janne Hellsten,NVIDIA and Aalto University,UNKNOWN,Finland | United States,high,"Aalto University is located in Finland, and NVIDIA is a company based in the United States.",yes
CVPR-2020-A002936,Jaakko Lehtinen,NVIDIA and Aalto University,UNKNOWN,Finland | United States,high,"Aalto University is located in Finland, and NVIDIA is a company based in the United States.",yes
CVPR-2020-A002937,Timo Aila,NVIDIA and Aalto University,UNKNOWN,Finland | United States,high,"Aalto University is located in Finland, and NVIDIA is a company based in the United States.",yes
CVPR-2020-A002952,Xibin Song,Baidu Research | National Engineering Laboratory of Deep Learning Technology and Application,UNKNOWN,China,high,"Baidu is a well-known Chinese technology company, and the National Engineering Laboratory of Deep Learning Technology and Application is based in China.",yes
CVPR-2020-A002954,Dingfu Zhou,Baidu Research | National Engineering Laboratory of Deep Learning Technology and Application,UNKNOWN,China,high,"Baidu is a well-known Chinese technology company, and the National Engineering Laboratory of Deep Learning Technology and Application is based in China.",yes
CVPR-2020-A002959,Amnon Geifman,Weizmann Institute of Science,UNKNOWN,Israel,high,The Weizmann Institute of Science is a well-known research institution located in Israel.,yes
CVPR-2020-A002960,Yoni Kasten,Weizmann Institute of Science,UNKNOWN,Israel,high,The Weizmann Institute of Science is a well-known research institution located in Israel.,yes
CVPR-2020-A002961,Meirav Galun,Weizmann Institute of Science,UNKNOWN,Israel,high,The Weizmann Institute of Science is a well-known research institution located in Israel.,yes
CVPR-2020-A002962,Ronen Basri,Weizmann Institute of Science,UNKNOWN,Israel,high,The Weizmann Institute of Science is a well-known research institution located in Israel.,yes
CVPR-2020-A002964,Zitong Yu,"CMVS, University of Oulu",UNKNOWN,Finland,high,The University of Oulu is located in Finland.,yes
CVPR-2020-A002965,Chenxu Zhao,"Academy of Sciences, Mininglamp Technology",UNKNOWN,UNKNOWN,low,"The institution name 'Academy of Sciences, Mininglamp Technology' is not clearly associated with a specific country. 'Mininglamp Technology' may be a company or research group, but it does not provide sufficient evidence to determine the country.",no
CVPR-2020-A002967,Yunxiao Qin,Northwestern Polytechnical University,UNKNOWN,China,high,Northwestern Polytechnical University is a well-known institution located in China.,yes
CVPR-2020-A002971,Jheng-Wei Su,National Tsing Hua University,UNKNOWN,Taiwan,high,National Tsing Hua University is a well-known institution located in Taiwan.,yes
CVPR-2020-A002972,Hung-Kuo Chu,National Tsing Hua University,UNKNOWN,Taiwan,high,National Tsing Hua University is a well-known institution located in Taiwan.,yes
CVPR-2020-A002973,Jia-Bin Huang,National Tsing Hua University,UNKNOWN,Taiwan,high,National Tsing Hua University is a well-known institution located in Taiwan.,yes
CVPR-2020-A002974,Wenbin Zhu,Microsoft Cloud and AI,UNKNOWN,United States,high,Microsoft is a well-known technology company based in the United States.,yes
CVPR-2020-A002975,HsiangTao Wu,Microsoft Cloud and AI,UNKNOWN,United States,high,Microsoft is a well-known technology company based in the United States.,yes
CVPR-2020-A002976,Zeyu Chen,Microsoft Cloud and AI,UNKNOWN,United States,high,Microsoft is a well-known technology company based in the United States.,yes
CVPR-2020-A002977,Noranart Vesdapunt,Microsoft Cloud and AI,UNKNOWN,United States,high,Microsoft is a well-known technology company based in the United States.,yes
CVPR-2020-A002978,Baoyuan Wang,Microsoft Cloud and AI,UNKNOWN,United States,high,Microsoft is a well-known technology company based in the United States.,yes
CVPR-2020-A002979,Weibin Wu,"Department of Computer Science and Engineering, The Chinese University of Hong Kong, Tencent",UNKNOWN,China,high,"The Chinese University of Hong Kong is located in Hong Kong, which is a Special Administrative Region of China.",yes
CVPR-2020-A002980,Yuxin Su,"Department of Computer Science and Engineering, The Chinese University of Hong Kong, Tencent",UNKNOWN,China,high,"The Chinese University of Hong Kong is located in Hong Kong, which is a Special Administrative Region of China.",yes
CVPR-2020-A002981,Xixian Chen,"Department of Computer Science and Engineering, The Chinese University of Hong Kong, Tencent",UNKNOWN,China,high,"The Chinese University of Hong Kong is located in Hong Kong, which is a Special Administrative Region of China.",yes
CVPR-2020-A002982,Shenglin Zhao,"Department of Computer Science and Engineering, The Chinese University of Hong Kong, Tencent",UNKNOWN,China,high,"The Chinese University of Hong Kong is located in Hong Kong, which is a Special Administrative Region of China.",yes
CVPR-2020-A002983,Irwin King,"Department of Computer Science and Engineering, The Chinese University of Hong Kong, Tencent",UNKNOWN,China,high,"The Chinese University of Hong Kong is located in Hong Kong, which is a Special Administrative Region of China.",yes
CVPR-2020-A002984,Michael R. Lyu,"Department of Computer Science and Engineering, The Chinese University of Hong Kong, Tencent",UNKNOWN,China,high,"The Chinese University of Hong Kong is located in Hong Kong, which is a Special Administrative Region of China.",yes
CVPR-2020-A002985,Yu-Wing Tai,"Department of Computer Science and Engineering, The Chinese University of Hong Kong, Tencent",UNKNOWN,China,high,"The Chinese University of Hong Kong is located in Hong Kong, which is a Special Administrative Region of China.",yes
CVPR-2020-A002998,Fabio Cermelli,Politecnico di Torino | Italian Institute of Technology,UNKNOWN,Italy,high,Both 'Politecnico di Torino' and 'Italian Institute of Technology' are well-known institutions located in Italy.,yes
CVPR-2020-A002999,Massimiliano Mancini,Italian Institute of Technology | Fondazione Bruno Kessler | Sapienza University of Rome,UNKNOWN,Italy,high,"All institutions listed (Italian Institute of Technology, Fondazione Bruno Kessler, Sapienza University of Rome) are well-known institutions located in Italy.",yes
CVPR-2020-A003001,Elisa Ricci,Fondazione Bruno Kessler | University of Trento,UNKNOWN,Italy,high,Both 'Fondazione Bruno Kessler' and 'University of Trento' are well-known institutions located in Italy.,yes
CVPR-2020-A003002,Barbara Caputo,Politecnico di Torino | Italian Institute of Technology,UNKNOWN,Italy,high,Both 'Politecnico di Torino' and 'Italian Institute of Technology' are well-known institutions located in Italy.,yes
CVPR-2020-A003007,Simon Jenni,University of Bern1,UNKNOWN,Switzerland,high,"The University of Bern is a well-known institution located in Bern, Switzerland.",yes
CVPR-2020-A003008,Hailin Jin,University of Bern1,UNKNOWN,Switzerland,high,"The University of Bern is a well-known institution located in Bern, Switzerland.",yes
CVPR-2020-A003009,Paolo Favaro,University of Bern1,UNKNOWN,Switzerland,high,"The University of Bern is a well-known institution located in Bern, Switzerland.",yes
CVPR-2020-A003010,Dominik Kulon,Imperial College London USI Lugano Ariel AI Twitter,UNKNOWN,United Kingdom | Switzerland | United States,medium,"Imperial College London is in the United Kingdom, USI Lugano is in Switzerland, and Twitter is based in the United States.",no
CVPR-2020-A003011,Riza Alp Guler,Imperial College London USI Lugano Ariel AI Twitter,UNKNOWN,United Kingdom | Switzerland | United States,medium,"Imperial College London is in the United Kingdom, USI Lugano is in Switzerland, and Twitter is based in the United States.",no
CVPR-2020-A003012,Iasonas Kokkinos,Imperial College London USI Lugano Ariel AI Twitter,UNKNOWN,United Kingdom | Switzerland | United States,medium,"Imperial College London is in the United Kingdom, USI Lugano is in Switzerland, and Twitter is based in the United States.",no
CVPR-2020-A003013,Michael M. Bronstein,Imperial College London USI Lugano Ariel AI Twitter,UNKNOWN,United Kingdom | Switzerland | United States,medium,"Imperial College London is in the United Kingdom, USI Lugano is in Switzerland, and Twitter is based in the United States.",no
CVPR-2020-A003014,Stefanos Zafeiriou,Imperial College London USI Lugano Ariel AI Twitter,UNKNOWN,United Kingdom | Switzerland | United States,medium,"Imperial College London is in the United Kingdom, USI Lugano is in Switzerland, and Twitter is based in the United States.",no
CVPR-2020-A003015,Aritra Bhowmik,"TU Dresden, Heidelberg University",UNKNOWN,Germany,high,Both TU Dresden and Heidelberg University are well-known institutions located in Germany.,yes
CVPR-2020-A003016,Stefan Gumhold,"TU Dresden, Heidelberg University",UNKNOWN,Germany,high,Both TU Dresden and Heidelberg University are well-known institutions located in Germany.,yes
CVPR-2020-A003017,Carsten Rother,"TU Dresden, Heidelberg University",UNKNOWN,Germany,high,Both TU Dresden and Heidelberg University are well-known institutions located in Germany.,yes
CVPR-2020-A003018,Eric Brachmann,"TU Dresden, Heidelberg University",UNKNOWN,Germany,high,Both TU Dresden and Heidelberg University are well-known institutions located in Germany.,yes
CVPR-2020-A003023,Yi Wang,The Chinese University of Hong Kong MEGVII Technology,UNKNOWN,China | Hong Kong,medium,"The institution includes 'The Chinese University of Hong Kong', which is located in Hong Kong, and 'MEGVVII Technology', which is a Chinese company. Hong Kong is a Special Administrative Region of China.",yes
CVPR-2020-A003024,Ying-Cong Chen,The Chinese University of Hong Kong MEGVII Technology,UNKNOWN,China | Hong Kong,medium,"The institution includes 'The Chinese University of Hong Kong', which is located in Hong Kong, and 'MEGVVII Technology', which is a Chinese company. Hong Kong is a Special Administrative Region of China.",yes
CVPR-2020-A003025,Xiangyu Zhang,The Chinese University of Hong Kong MEGVII Technology,UNKNOWN,China | Hong Kong,medium,"The institution includes 'The Chinese University of Hong Kong', which is located in Hong Kong, and 'MEGVVII Technology', which is a Chinese company. Hong Kong is a Special Administrative Region of China.",yes
CVPR-2020-A003026,Jian Sun,The Chinese University of Hong Kong MEGVII Technology,UNKNOWN,China | Hong Kong,medium,"The institution includes 'The Chinese University of Hong Kong', which is located in Hong Kong, and 'MEGVVII Technology', which is a Chinese company. Hong Kong is a Special Administrative Region of China.",yes
CVPR-2020-A003027,Jiaya Jia,The Chinese University of Hong Kong MEGVII Technology,UNKNOWN,China | Hong Kong,medium,"The institution includes 'The Chinese University of Hong Kong', which is located in Hong Kong, and 'MEGVVII Technology', which is a Chinese company. Hong Kong is a Special Administrative Region of China.",yes
CVPR-2020-A003028,Liang Liu,Zhejiang University,UNKNOWN,China,high,Zhejiang University is a well-known university located in China.,yes
CVPR-2020-A003029,Jiangning Zhang,Zhejiang University,UNKNOWN,China,high,Zhejiang University is a well-known university located in China.,yes
CVPR-2020-A003030,Ruifei He,Zhejiang University,UNKNOWN,China,high,Zhejiang University is a well-known university located in China.,yes
CVPR-2020-A003031,Yong Liu,Zhejiang University,UNKNOWN,China,high,Zhejiang University is a well-known university located in China.,yes
CVPR-2020-A003032,Yabiao Wang,"Youtu Lab, Tencent",UNKNOWN,China,high,"Tencent is a well-known Chinese technology company, and Youtu Lab is a subsidiary of Tencent focused on AI and computer vision research.",yes
CVPR-2020-A003033,Ying Tai,"Youtu Lab, Tencent",UNKNOWN,China,high,"Tencent is a well-known Chinese technology company, and Youtu Lab is a subsidiary of Tencent focused on AI and computer vision research.",yes
CVPR-2020-A003034,Donghao Luo,"Youtu Lab, Tencent",UNKNOWN,China,high,"Tencent is a well-known Chinese technology company, and Youtu Lab is a subsidiary of Tencent focused on AI and computer vision research.",yes
CVPR-2020-A003035,Chengjie Wang,"Youtu Lab, Tencent",UNKNOWN,China,high,"Tencent is a well-known Chinese technology company, and Youtu Lab is a subsidiary of Tencent focused on AI and computer vision research.",yes
CVPR-2020-A003036,Jilin Li,"Youtu Lab, Tencent",UNKNOWN,China,high,"Tencent is a well-known Chinese technology company, and Youtu Lab is a subsidiary of Tencent focused on AI and computer vision research.",yes
CVPR-2020-A003037,Feiyue Huang,"Youtu Lab, Tencent",UNKNOWN,China,high,"Tencent is a well-known Chinese technology company, and Youtu Lab is a subsidiary of Tencent focused on AI and computer vision research.",yes
CVPR-2020-A003043,Bailin Deng,Cardiff University,UNKNOWN,United Kingdom,high,"Cardiff University is a well-known university located in Cardiff, Wales, which is part of the United Kingdom.",yes
CVPR-2020-A003044,Weiwei Xu,Zhejiang University,UNKNOWN,China,high,Zhejiang University is a well-known university located in China.,yes
CVPR-2020-A003046,Kui Jiang,Wuhan University,UNKNOWN,China,high,"Wuhan University is a well-known institution located in Wuhan, China.",yes
CVPR-2020-A003047,Zhongyuan Wang,Wuhan University,UNKNOWN,China,high,"Wuhan University is a well-known institution located in Wuhan, China.",yes
CVPR-2020-A003048,Peng Yi,Wuhan University,UNKNOWN,China,high,"Wuhan University is a well-known institution located in Wuhan, China.",yes
CVPR-2020-A003050,Baojin Huang,Wuhan University,UNKNOWN,China,high,"Wuhan University is a well-known institution located in Wuhan, China.",yes
CVPR-2020-A003051,Yimin Luo,King’s College London,UNKNOWN,United Kingdom,high,King’s College London is a well-known institution located in the United Kingdom.,yes
CVPR-2020-A003052,Jiayi Ma,Wuhan University,UNKNOWN,China,high,"Wuhan University is a well-known institution located in Wuhan, China.",yes
CVPR-2020-A003053,Junjun Jiang,Harbin Institute of Technology,UNKNOWN,China,high,"Harbin Institute of Technology is a well-known institution located in Harbin, China.",yes
CVPR-2020-A003054,Mihai Fieraru,Institute of Mathematics of the Romanian Academy,UNKNOWN,Romania,high,"The institution name explicitly mentions 'Romanian Academy', which is a well-known institution in Romania.",yes
CVPR-2020-A003055,Mihai Zanfir,Institute of Mathematics of the Romanian Academy,UNKNOWN,Romania,high,"The institution name explicitly mentions 'Romanian Academy', which is a well-known institution in Romania.",yes
CVPR-2020-A003056,Elisabeta Oneata,Institute of Mathematics of the Romanian Academy,UNKNOWN,Romania,high,"The institution name explicitly mentions 'Romanian Academy', which is a well-known institution in Romania.",yes
CVPR-2020-A003057,Alin-Ionut Popa,Institute of Mathematics of the Romanian Academy,UNKNOWN,Romania,high,"The institution name explicitly mentions 'Romanian Academy', which is a well-known institution in Romania.",yes
CVPR-2020-A003058,Vlad Olaru,Institute of Mathematics of the Romanian Academy,UNKNOWN,Romania,high,"The institution name explicitly mentions 'Romanian Academy', which is a well-known institution in Romania.",yes
CVPR-2020-A003059,Cristian Sminchisescu,Lund University | Institute of Mathematics of the Romanian Academy,UNKNOWN,Sweden | Romania,high,"Lund University is located in Sweden, and the Institute of Mathematics of the Romanian Academy is located in Romania.",yes
CVPR-2020-A003076,Chaoqi Chen,Fujian Key Laboratory of Sensing and Computing for Smart City,UNKNOWN,China,high,"The institution name includes 'Fujian', which is a province in China.",yes
CVPR-2020-A003077,Zebiao Zheng,Fujian Key Laboratory of Sensing and Computing for Smart City,UNKNOWN,China,high,"The institution name includes 'Fujian', which is a province in China.",yes
CVPR-2020-A003078,Xinghao Ding,Fujian Key Laboratory of Sensing and Computing for Smart City,UNKNOWN,China,high,"The institution name includes 'Fujian', which is a province in China.",yes
CVPR-2020-A003079,Yue Huang,Fujian Key Laboratory of Sensing and Computing for Smart City,UNKNOWN,China,high,"The institution name includes 'Fujian', which is a province in China.",yes
CVPR-2020-A003080,Qi Dou,"Department of Computer Science and Engineering, The Chinese University of Hong Kong",UNKNOWN,China,high,"The institution is explicitly named as 'The Chinese University of Hong Kong', which is located in Hong Kong, China.",yes
CVPR-2020-A003093,Jianzhuang Liu,"Noah’s Ark Lab, Huawei Technologies",UNKNOWN,China,high,Huawei Technologies is a well-known Chinese company.,yes
CVPR-2020-A003094,Changqing Zou,"HMI Lab, Huawei Technologies",UNKNOWN,China,high,Huawei Technologies is a well-known Chinese company.,yes
CVPR-2020-A003104,Yujun Shen,The Chinese University of Hong Kong,UNKNOWN,China,high,The institution name explicitly includes 'China'.,yes
CVPR-2020-A003106,Xiaoou Tang,The Chinese University of Hong Kong,UNKNOWN,China,high,The institution name explicitly includes 'China'.,yes
CVPR-2020-A003107,Bolei Zhou,The Chinese University of Hong Kong,UNKNOWN,China,high,The institution name explicitly includes 'China'.,yes
CVPR-2020-A003108,Guangting Wang,Microsoft Research Asia2,UNKNOWN,China,high,Microsoft Research Asia is a well-known research division based in China.,yes
CVPR-2020-A003109,Chong Luo,Microsoft Research Asia2,UNKNOWN,China,high,Microsoft Research Asia is a well-known research division based in China.,yes
CVPR-2020-A003110,Xiaoyan Sun,Microsoft Research Asia2,UNKNOWN,China,high,Microsoft Research Asia is a well-known research division based in China.,yes
CVPR-2020-A003111,Zhiwei Xiong,Microsoft Research Asia2,UNKNOWN,China,high,Microsoft Research Asia is a well-known research division based in China.,yes
CVPR-2020-A003112,Wenjun Zeng,Microsoft Research Asia2,UNKNOWN,China,high,Microsoft Research Asia is a well-known research division based in China.,yes
CVPR-2020-A003117,Li Jiang,The Chinese University of Hong Kong SmartMore,UNKNOWN,China,high,"The institution name includes 'The Chinese University of Hong Kong', which is located in Hong Kong, China.",yes
CVPR-2020-A003118,Hengshuang Zhao,The Chinese University of Hong Kong SmartMore,UNKNOWN,China,high,"The institution name includes 'The Chinese University of Hong Kong', which is located in Hong Kong, China.",yes
CVPR-2020-A003119,Shaoshuai Shi,The Chinese University of Hong Kong SmartMore,UNKNOWN,China,high,"The institution name includes 'The Chinese University of Hong Kong', which is located in Hong Kong, China.",yes
CVPR-2020-A003120,Shu Liu,The Chinese University of Hong Kong SmartMore,UNKNOWN,China,high,"The institution name includes 'The Chinese University of Hong Kong', which is located in Hong Kong, China.",yes
CVPR-2020-A003121,Chi-Wing Fu,The Chinese University of Hong Kong SmartMore,UNKNOWN,China,high,"The institution name includes 'The Chinese University of Hong Kong', which is located in Hong Kong, China.",yes
CVPR-2020-A003122,Jiaya Jia,The Chinese University of Hong Kong SmartMore,UNKNOWN,China,high,"The institution name includes 'The Chinese University of Hong Kong', which is located in Hong Kong, China.",yes
CVPR-2020-A003136,Kosuke Tanizaki,"Nagoya Institute of Technology, RIKEN",UNKNOWN,Japan,high,Both Nagoya Institute of Technology and RIKEN are well-known institutions located in Japan.,yes
CVPR-2020-A003137,Noriaki Hashimoto,"Nagoya Institute of Technology, RIKEN",UNKNOWN,Japan,high,Both Nagoya Institute of Technology and RIKEN are well-known institutions located in Japan.,yes
CVPR-2020-A003138,Yu Inatsu,"Nagoya Institute of Technology, RIKEN",UNKNOWN,Japan,high,Both Nagoya Institute of Technology and RIKEN are well-known institutions located in Japan.,yes
CVPR-2020-A003139,Hidekata Hontani,"Nagoya Institute of Technology, RIKEN",UNKNOWN,Japan,high,Both Nagoya Institute of Technology and RIKEN are well-known institutions located in Japan.,yes
CVPR-2020-A003140,Ichiro Takeuchi,"Nagoya Institute of Technology, RIKEN",UNKNOWN,Japan,high,Both Nagoya Institute of Technology and RIKEN are well-known institutions located in Japan.,yes
CVPR-2020-A003144,Rui Qian,Cornell Univeristy Cornell Tech The Ohio State University,UNKNOWN,United States,high,Cornell University and The Ohio State University are both well-known institutions located in the United States.,yes
CVPR-2020-A003145,Divyansh Garg,Cornell Univeristy Cornell Tech The Ohio State University,UNKNOWN,United States,high,Cornell University and The Ohio State University are both well-known institutions located in the United States.,yes
CVPR-2020-A003146,Yan Wang,Cornell Univeristy Cornell Tech The Ohio State University,UNKNOWN,United States,high,Cornell University and The Ohio State University are both well-known institutions located in the United States.,yes
CVPR-2020-A003147,Yurong You,Cornell Univeristy Cornell Tech The Ohio State University,UNKNOWN,United States,high,Cornell University and The Ohio State University are both well-known institutions located in the United States.,yes
CVPR-2020-A003148,Serge Belongie,Cornell Univeristy Cornell Tech The Ohio State University,UNKNOWN,United States,high,Cornell University and The Ohio State University are both well-known institutions located in the United States.,yes
CVPR-2020-A003149,Bharath Hariharan,Cornell Univeristy Cornell Tech The Ohio State University,UNKNOWN,United States,high,Cornell University and The Ohio State University are both well-known institutions located in the United States.,yes
CVPR-2020-A003150,Mark Campbell,Cornell Univeristy Cornell Tech The Ohio State University,UNKNOWN,United States,high,Cornell University and The Ohio State University are both well-known institutions located in the United States.,yes
CVPR-2020-A003151,Kilian Q. Weinberger,Cornell Univeristy Cornell Tech The Ohio State University,UNKNOWN,United States,high,Cornell University and The Ohio State University are both well-known institutions located in the United States.,yes
CVPR-2020-A003152,Wei-Lun Chao,Cornell Univeristy Cornell Tech The Ohio State University,UNKNOWN,United States,high,Cornell University and The Ohio State University are both well-known institutions located in the United States.,yes
CVPR-2020-A003153,Vladislav Golyanik,"Max Planck Institute for Informatics, Saarland Informatics Campus",UNKNOWN,Germany,high,"The Max Planck Institute for Informatics is located in Saarbrücken, Germany, and the Saarland Informatics Campus is a well-known research hub in the region.",yes
CVPR-2020-A003154,Christian Theobalt,"Max Planck Institute for Informatics, Saarland Informatics Campus",UNKNOWN,Germany,high,"The Max Planck Institute for Informatics is located in Saarbrücken, Germany, and the Saarland Informatics Campus is a well-known research hub in the region.",yes
CVPR-2020-A003159,Hang Zhou,The Chinese University of Hong Kong,UNKNOWN,China,high,The institution name explicitly includes 'China'.,yes
CVPR-2020-A003160,Jihao Liu,SenseTime Research,UNKNOWN,China,medium,"SenseTime is a well-known Chinese company, and its research is commonly associated with China.",yes
CVPR-2020-A003161,Ziwei Liu,The Chinese University of Hong Kong,UNKNOWN,China,high,The institution name explicitly includes 'China'.,yes
CVPR-2020-A003162,Yu Liu,The Chinese University of Hong Kong,UNKNOWN,China,high,The institution name explicitly includes 'China'.,yes
CVPR-2020-A003163,Xiaogang Wang,The Chinese University of Hong Kong,UNKNOWN,China,high,The institution name explicitly includes 'China'.,yes
CVPR-2020-A003167,Tae Hyun Kim,"Department of CS, Hanyang University",UNKNOWN,South Korea,high,Hanyang University is a well-known university located in South Korea.,yes
CVPR-2020-A003169,Kyle Wilson,"Washington College Department of Math and Computer Science Chestertown, MD",UNKNOWN,United States,high,"The institution name includes 'Chestertown, MD', where 'MD' is the abbreviation for Maryland, a state in the United States.",yes
CVPR-2020-A003170,David Bindel,"Cornell University Department of Computer Science Ithaca, NY",UNKNOWN,United States,high,"Cornell University is located in Ithaca, NY, which is in the United States.",yes
CVPR-2020-A003181,Yingji Zhong,Peking University,UNKNOWN,China,high,Peking University is a well-known institution located in China.,yes
CVPR-2020-A003182,Xiaoyu Wang,"Intellifusion | The Chinese University of Hong Kong, Shenzhen",UNKNOWN,China,high,"The institution 'The Chinese University of Hong Kong, Shenzhen' is located in Shenzhen, China.",yes
CVPR-2020-A003183,Shiliang Zhang,Peking University,UNKNOWN,China,high,Peking University is a well-known institution located in China.,yes
CVPR-2020-A003191,Xiang Gao,"Wangxuan Institute of Computer Technology, Peking University, Beijing Futurewei Technologies",UNKNOWN,China,high,"The institution names include Peking University and Futurewei Technologies, both of which are well-known entities based in China.",yes
CVPR-2020-A003192,Wei Hu,"Wangxuan Institute of Computer Technology, Peking University, Beijing Futurewei Technologies",UNKNOWN,China,high,"The institution names include Peking University and Futurewei Technologies, both of which are well-known entities based in China.",yes
CVPR-2020-A003193,Guo-Jun Qi,"Wangxuan Institute of Computer Technology, Peking University, Beijing Futurewei Technologies",UNKNOWN,China,high,"The institution names include Peking University and Futurewei Technologies, both of which are well-known entities based in China.",yes
CVPR-2020-A003218,Zhixiang Min,Stevens Institute of Technology,UNKNOWN,United States,high,Stevens Institute of Technology is a well-known institution located in the United States.,yes
CVPR-2020-A003219,Yiding Yang,Stevens Institute of Technology,UNKNOWN,United States,high,Stevens Institute of Technology is a well-known institution located in the United States.,yes
CVPR-2020-A003220,Enrique Dunn,Stevens Institute of Technology,UNKNOWN,United States,high,Stevens Institute of Technology is a well-known institution located in the United States.,yes
CVPR-2020-A003233,Yu Deng,Tsinghua University Microsoft Research Asia,UNKNOWN,China,high,"Tsinghua University is a well-known institution located in China. Microsoft Research Asia is also based in China, specifically in Beijing.",yes
CVPR-2020-A003234,Jiaolong Yang,Tsinghua University Microsoft Research Asia,UNKNOWN,China,high,"Tsinghua University is a well-known institution located in China. Microsoft Research Asia is also based in China, specifically in Beijing.",yes
CVPR-2020-A003235,Dong Chen,Tsinghua University Microsoft Research Asia,UNKNOWN,China,high,"Tsinghua University is a well-known institution located in China. Microsoft Research Asia is also based in China, specifically in Beijing.",yes
CVPR-2020-A003236,Fang Wen,Tsinghua University Microsoft Research Asia,UNKNOWN,China,high,"Tsinghua University is a well-known institution located in China. Microsoft Research Asia is also based in China, specifically in Beijing.",yes
CVPR-2020-A003237,Xin Tong,Tsinghua University Microsoft Research Asia,UNKNOWN,China,high,"Tsinghua University is a well-known institution located in China. Microsoft Research Asia is also based in China, specifically in Beijing.",yes
CVPR-2020-A003255,Rongmei Lin,Emory University Georgia Institute of Technology,UNKNOWN,United States,high,Both Emory University and Georgia Institute of Technology are well-known institutions located in the United States.,yes
CVPR-2020-A003256,Weiyang Liu,Emory University Georgia Institute of Technology,UNKNOWN,United States,high,Both Emory University and Georgia Institute of Technology are well-known institutions located in the United States.,yes
CVPR-2020-A003257,Zhen Liu,Emory University Georgia Institute of Technology,UNKNOWN,United States,high,Both Emory University and Georgia Institute of Technology are well-known institutions located in the United States.,yes
CVPR-2020-A003258,Chen Feng,Emory University Georgia Institute of Technology,UNKNOWN,United States,high,Both Emory University and Georgia Institute of Technology are well-known institutions located in the United States.,yes
CVPR-2020-A003259,Zhiding Yu,Emory University Georgia Institute of Technology,UNKNOWN,United States,high,Both Emory University and Georgia Institute of Technology are well-known institutions located in the United States.,yes
CVPR-2020-A003260,James M. Rehg,Emory University Georgia Institute of Technology,UNKNOWN,United States,high,Both Emory University and Georgia Institute of Technology are well-known institutions located in the United States.,yes
CVPR-2020-A003261,Li Xiong,Emory University Georgia Institute of Technology,UNKNOWN,United States,high,Both Emory University and Georgia Institute of Technology are well-known institutions located in the United States.,yes
CVPR-2020-A003262,Le Song,Emory University Georgia Institute of Technology,UNKNOWN,United States,high,Both Emory University and Georgia Institute of Technology are well-known institutions located in the United States.,yes
CVPR-2020-A003269,Yanchao Yang,UCLA Vision Lab,UNKNOWN,United States,high,"UCLA (University of California, Los Angeles) is a well-known institution located in the United States.",yes
CVPR-2020-A003270,Yutong Chen,Tsinghua University,UNKNOWN,China,high,Tsinghua University is a well-known institution located in China.,yes
CVPR-2020-A003271,Stefano Soatto,UCLA Vision Lab,UNKNOWN,United States,high,"UCLA (University of California, Los Angeles) is a well-known institution located in the United States.",yes
CVPR-2020-A003276,Qiangeng Xu,University of Southern California,UNKNOWN,United States,high,The University of Southern California is a well-known institution located in the United States.,yes
CVPR-2020-A003277,Xudong Sun,University of Southern California,UNKNOWN,United States,high,The University of Southern California is a well-known institution located in the United States.,yes
CVPR-2020-A003278,Cho-Ying Wu,University of Southern California,UNKNOWN,United States,high,The University of Southern California is a well-known institution located in the United States.,yes
CVPR-2020-A003279,Panqu Wang,University of Southern California,UNKNOWN,United States,high,The University of Southern California is a well-known institution located in the United States.,yes
CVPR-2020-A003280,Ulrich Neumann,University of Southern California,UNKNOWN,United States,high,The University of Southern California is a well-known institution located in the United States.,yes
CVPR-2020-A003281,Lei Zhou,Hong Kong University of Science and Technology,UNKNOWN,Hong Kong,high,"The institution name explicitly includes 'Hong Kong', which is a Special Administrative Region of China but is often treated as a separate entity in academic and institutional contexts.",yes
CVPR-2020-A003282,Zixin Luo,Hong Kong University of Science and Technology,UNKNOWN,Hong Kong,high,"The institution name explicitly includes 'Hong Kong', which is a Special Administrative Region of China but is often treated as a separate entity in academic and institutional contexts.",yes
CVPR-2020-A003283,Tianwei Shen,Hong Kong University of Science and Technology,UNKNOWN,Hong Kong,high,"The institution name explicitly includes 'Hong Kong', which is a Special Administrative Region of China but is often treated as a separate entity in academic and institutional contexts.",yes
CVPR-2020-A003285,Mingmin Zhen,Hong Kong University of Science and Technology,UNKNOWN,Hong Kong,high,"The institution name explicitly includes 'Hong Kong', which is a Special Administrative Region of China but is often treated as a separate entity in academic and institutional contexts.",yes
CVPR-2020-A003286,Yao Yao,Hong Kong University of Science and Technology,UNKNOWN,Hong Kong,high,"The institution name explicitly includes 'Hong Kong', which is a Special Administrative Region of China but is often treated as a separate entity in academic and institutional contexts.",yes
CVPR-2020-A003287,Tian Fang,Tsinghua University,UNKNOWN,China,high,Tsinghua University is a well-known institution located in China.,yes
CVPR-2020-A003288,Long Quan,Hong Kong University of Science and Technology,UNKNOWN,Hong Kong,high,"The institution name explicitly includes 'Hong Kong', which is a Special Administrative Region of China but is often treated as a separate entity in academic and institutional contexts.",yes
CVPR-2020-A003293,Mang Ye,"Inception Institute of Artificial Intelligence, Abu Dhabi, UAE",UNKNOWN,United Arab Emirates,high,"The institution name explicitly mentions 'Abu Dhabi, UAE', which is a city in the United Arab Emirates.",yes
CVPR-2020-A003294,Jianbing Shen,"Inception Institute of Artificial Intelligence, Abu Dhabi, UAE",UNKNOWN,United Arab Emirates,high,"The institution name explicitly mentions 'Abu Dhabi, UAE', which is a city in the United Arab Emirates.",yes
CVPR-2020-A003295,Alejandro Newell,Princeton University,UNKNOWN,United States,high,Princeton University is a well-known institution located in the United States.,yes
CVPR-2020-A003296,Jia Deng,Princeton University,UNKNOWN,United States,high,Princeton University is a well-known institution located in the United States.,yes
CVPR-2020-A003307,Hau-San Wong,"Department of Computer Science, City University of Hong Kong",UNKNOWN,Hong Kong,high,The institution name explicitly mentions 'Hong Kong'.,yes
CVPR-2020-A003322,Yannis Panagakis,"Department of Informatics and Telecommunications , University of Athens, GR",UNKNOWN,Greece,high,"The institution name includes 'University of Athens', which is a well-known university located in Greece.",yes
CVPR-2020-A003325,Yaohui Wang,Inria Université Côte d’Azur University of Warsaw,UNKNOWN,France | Poland,high,"Inria is a French research institution, and Université Côte d’Azur is a university in France. University of Warsaw is a university in Poland.",yes
CVPR-2020-A003326,Piotr Bilinski,Inria Université Côte d’Azur University of Warsaw,UNKNOWN,France | Poland,high,"Inria is a French research institution, and Université Côte d’Azur is a university in France. University of Warsaw is a university in Poland.",yes
CVPR-2020-A003327,Francois Bremond,Inria Université Côte d’Azur University of Warsaw,UNKNOWN,France | Poland,high,"Inria is a French research institution, and Université Côte d’Azur is a university in France. University of Warsaw is a university in Poland.",yes
CVPR-2020-A003328,Antitza Dantcheva,Inria Université Côte d’Azur University of Warsaw,UNKNOWN,France | Poland,high,"Inria is a French research institution, and Université Côte d’Azur is a university in France. University of Warsaw is a university in Poland.",yes
CVPR-2020-A003332,Bo Pang,"Shanghai Jiao Tong University, Huazhong University of Science and Technology",UNKNOWN,China,high,Both Shanghai Jiao Tong University and Huazhong University of Science and Technology are well-known institutions located in China.,yes
CVPR-2020-A003333,Yizhuo Li,"Shanghai Jiao Tong University, Huazhong University of Science and Technology",UNKNOWN,China,high,Both Shanghai Jiao Tong University and Huazhong University of Science and Technology are well-known institutions located in China.,yes
CVPR-2020-A003334,Yifan Zhang,"Shanghai Jiao Tong University, Huazhong University of Science and Technology",UNKNOWN,China,high,Both Shanghai Jiao Tong University and Huazhong University of Science and Technology are well-known institutions located in China.,yes
CVPR-2020-A003335,Muchen Li,"Shanghai Jiao Tong University, Huazhong University of Science and Technology",UNKNOWN,China,high,Both Shanghai Jiao Tong University and Huazhong University of Science and Technology are well-known institutions located in China.,yes
CVPR-2020-A003336,Cewu Lu,"Shanghai Jiao Tong University, Huazhong University of Science and Technology",UNKNOWN,China,high,Both Shanghai Jiao Tong University and Huazhong University of Science and Technology are well-known institutions located in China.,yes
CVPR-2020-A003338,Hao Kang,Wormpex AI Research,UNKNOWN,UNKNOWN,low,The institution name 'Wormpex AI Research' does not provide clear evidence of the country it belongs to.,no
CVPR-2020-A003339,Haoxiang Li,Wormpex AI Research,UNKNOWN,UNKNOWN,low,The institution name 'Wormpex AI Research' does not provide clear evidence of the country it belongs to.,no
CVPR-2020-A003340,Gang Hua,Wormpex AI Research,UNKNOWN,UNKNOWN,low,The institution name 'Wormpex AI Research' does not provide clear evidence of the country it belongs to.,no
CVPR-2020-A003343,Jin Xie,Key Lab of Intelligent Perception and Systems for High-Dimensional Information of Ministry of Education | Jiangsu Key Lab of Image and Video Understanding for Social Security,UNKNOWN,China,high,"The institution names include 'Ministry of Education' and 'Jiangsu Key Lab', which are associated with China.",yes
CVPR-2020-A003345,Lei Liu,Key Lab of Intelligent Perception and Systems for High-Dimensional Information of Ministry of Education,UNKNOWN,China,high,"The institution name includes 'Ministry of Education', which is a Chinese government body. The lab's name also aligns with common naming conventions in Chinese academic institutions.",yes
CVPR-2020-A003346,Jian Yang,Key Lab of Intelligent Perception and Systems for High-Dimensional Information of Ministry of Education | Jiangsu Key Lab of Image and Video Understanding for Social Security,UNKNOWN,China,high,"The institution names include 'Ministry of Education' and 'Jiangsu Key Lab', which are associated with China.",yes
CVPR-2020-A003347,Guy Davidson,NYU Center for Data Science,UNKNOWN,United States,high,NYU (New York University) is a well-known institution located in the United States.,yes
CVPR-2020-A003348,Michael C. Mozer,NYU Center for Data Science,UNKNOWN,United States,high,NYU (New York University) is a well-known institution located in the United States.,yes
CVPR-2020-A003349,Paul Voigtlaender,RWTH Aachen University,UNKNOWN,Germany,high,"RWTH Aachen University is a well-known university located in Aachen, Germany.",yes
CVPR-2020-A003350,Jonathon Luiten,RWTH Aachen University | University of Oxford,UNKNOWN,Germany | United Kingdom,high,"RWTH Aachen University is located in Germany, and the University of Oxford is located in the United Kingdom.",yes
CVPR-2020-A003351,Philip H.S. Torr,University of Oxford,UNKNOWN,United Kingdom,high,The University of Oxford is a well-known institution located in the United Kingdom.,yes
CVPR-2020-A003352,Bastian Leibe,RWTH Aachen University,UNKNOWN,Germany,high,"RWTH Aachen University is a well-known university located in Aachen, Germany.",yes
CVPR-2020-A003356,Animesh Karnewar,Adobe Research,UNKNOWN,United States,medium,"Adobe Research is a well-known research division based in the United States, though it may have international collaborations.",yes
CVPR-2020-A003357,Oliver Wang,Adobe Research,UNKNOWN,United States,medium,"Adobe Research is a well-known research division based in the United States, though it may have international collaborations.",yes
CVPR-2020-A003363,Ruiqi Gao,"UCLA, Google",UNKNOWN,United States,high,"UCLA (University of California, Los Angeles) is located in the United States, and Google is a multinational company with a major presence in the U.S.",yes
CVPR-2020-A003364,Erik Nijkamp,"UCLA, Google",UNKNOWN,United States,high,"UCLA (University of California, Los Angeles) is located in the United States, and Google is a multinational company with a major presence in the U.S.",yes
CVPR-2020-A003365,Diederik P. Kingma,"UCLA, Google",UNKNOWN,United States,high,"UCLA (University of California, Los Angeles) is located in the United States, and Google is a multinational company with a major presence in the U.S.",yes
CVPR-2020-A003366,Zhen Xu,"UCLA, Google",UNKNOWN,United States,high,"UCLA (University of California, Los Angeles) is located in the United States, and Google is a multinational company with a major presence in the U.S.",yes
CVPR-2020-A003367,Andrew M. Dai,"UCLA, Google",UNKNOWN,United States,high,"UCLA (University of California, Los Angeles) is located in the United States, and Google is a multinational company with a major presence in the U.S.",yes
CVPR-2020-A003368,Ying Nian Wu,"UCLA, Google",UNKNOWN,United States,high,"UCLA (University of California, Los Angeles) is located in the United States, and Google is a multinational company with a major presence in the U.S.",yes
CVPR-2020-A003369,Jindong Gu,"University of Munich Siemens AG, Corporate Technology",UNKNOWN,Germany,high,"University of Munich is a well-known institution located in Germany. Siemens AG is a major German company, and Corporate Technology is a division of Siemens AG.",yes
CVPR-2020-A003370,Volker Tresp,"University of Munich Siemens AG, Corporate Technology",UNKNOWN,Germany,high,"University of Munich is a well-known institution located in Germany. Siemens AG is a major German company, and Corporate Technology is a division of Siemens AG.",yes
CVPR-2020-A003377,Julien Valentin,Google,UNKNOWN,United States,medium,"Google is a multinational corporation, but its headquarters is in the United States. However, it operates in many countries, so the inference is not definitive.",no
CVPR-2020-A003379,Edgar Schonfeld,Max Planck Institute for Informatics,UNKNOWN,Germany,high,The Max Planck Institute for Informatics is a well-known research institution located in Germany.,yes
CVPR-2020-A003380,Bernt Schiele,Max Planck Institute for Informatics,UNKNOWN,Germany,high,The Max Planck Institute for Informatics is a well-known research institution located in Germany.,yes
CVPR-2020-A003381,Anna Khoreva,Max Planck Institute for Informatics,UNKNOWN,Germany,high,The Max Planck Institute for Informatics is a well-known research institution located in Germany.,yes
CVPR-2020-A003382,Zhizhong Wang,"College of Computer Science and Technology, Zhejiang University",UNKNOWN,China,high,Zhejiang University is a well-known institution located in China.,yes
CVPR-2020-A003383,Lei Zhao,"College of Computer Science and Technology, Zhejiang University",UNKNOWN,China,high,Zhejiang University is a well-known university located in China.,yes
CVPR-2020-A003384,Haibo Chen,"College of Computer Science and Technology, Zhejiang University",UNKNOWN,China,high,Zhejiang University is a well-known university located in China.,yes
CVPR-2020-A003385,Lihong Qiu,"College of Computer Science and Technology, Zhejiang University",UNKNOWN,China,high,Zhejiang University is a well-known university located in China.,yes
CVPR-2020-A003386,Qihang Mo,"College of Computer Science and Technology, Zhejiang University",UNKNOWN,China,high,Zhejiang University is a well-known university located in China.,yes
CVPR-2020-A003387,Sihuan Lin,"College of Computer Science and Technology, Zhejiang University",UNKNOWN,China,high,Zhejiang University is a well-known university located in China.,yes
CVPR-2020-A003388,Wei Xing,"College of Computer Science and Technology, Zhejiang University",UNKNOWN,China,high,Zhejiang University is a well-known university located in China.,yes
CVPR-2020-A003389,Dongming Lu,"College of Computer Science and Technology, Zhejiang University",UNKNOWN,China,high,Zhejiang University is a well-known university located in China.,yes
CVPR-2020-A003390,Michael Snower,: Brown University ; NEC Labs America,UNKNOWN,United States,high,Both Brown University and NEC Labs America are based in the United States.,yes
CVPR-2020-A003391,Asim Kadav,: Brown University ; NEC Labs America,UNKNOWN,United States,high,Both Brown University and NEC Labs America are based in the United States.,yes
CVPR-2020-A003392,Farley Lai,: Brown University ; NEC Labs America,UNKNOWN,United States,high,Both Brown University and NEC Labs America are based in the United States.,yes
CVPR-2020-A003393,Hans Peter Graf,: Brown University ; NEC Labs America,UNKNOWN,United States,high,Both Brown University and NEC Labs America are based in the United States.,yes
CVPR-2020-A003403,Xinrui Wang,ByteDance | The University of Tokyo | Style2Paints Research,UNKNOWN,Japan | China,medium,"The University of Tokyo is located in Japan, and ByteDance is based in China. Style2Paints Research is not clearly associated with a specific country.",no
CVPR-2020-A003404,Jinze Yu,The University of Tokyo,UNKNOWN,Japan,high,The University of Tokyo is a well-known institution located in Japan.,yes
CVPR-2020-A003405,Ruihui Li,The Chinese University of Hong Kong,UNKNOWN,China,high,The institution name explicitly includes 'China'.,yes
CVPR-2020-A003406,Xianzhi Li,The Chinese University of Hong Kong,UNKNOWN,China,high,The institution name explicitly includes 'China'.,yes
CVPR-2020-A003407,Pheng-Ann Heng,The Chinese University of Hong Kong,UNKNOWN,China,high,The institution name explicitly includes 'China'.,yes
CVPR-2020-A003408,Chi-Wing Fu,The Chinese University of Hong Kong,UNKNOWN,China,high,The institution name explicitly includes 'China'.,yes
CVPR-2020-A003409,Zedu Chen,"Department of Computer Science and Technology, Huaqiao University",UNKNOWN,China,high,Huaqiao University is a well-known institution located in China.,yes
CVPR-2020-A003410,Bineng Zhong,"Department of Computer Science and Technology, Huaqiao University",UNKNOWN,China,high,Huaqiao University is a well-known institution located in China.,yes
CVPR-2020-A003412,Shengping Zhang,Harbin Institute of Technology | Peng Cheng Laboratory,UNKNOWN,China,high,"Harbin Institute of Technology is a well-known university located in Harbin, China. Peng Cheng Laboratory is also based in China.",yes
CVPR-2020-A003413,Rongrong Ji,"Department of Artificial Intelligence, School of Informatics, Xiamen University | Peng Cheng Laboratory",UNKNOWN,China,high,Xiamen University and Peng Cheng Laboratory are well-known institutions located in China.,yes
CVPR-2020-A003414,Zixuan Huang,Department of Computer Sciences,UNKNOWN,UNKNOWN,low,The institution name 'Department of Computer Sciences' is not specific enough to determine the country. The conference (CVPR) and year (2020) do not provide additional country-specific information.,no
CVPR-2020-A003415,Yin Li,Department of Biostatistics and Medical Informatics | Department of Computer Sciences,UNKNOWN,United States,medium,"The departments mentioned are commonly found in U.S. universities, and CVPR is a major U.S.-based conference.",yes
CVPR-2020-A003418,Sylvestre-Alvise Rebuffi,"Visual Geometry Group, University of Oxford",UNKNOWN,United Kingdom,high,The University of Oxford is located in the United Kingdom.,yes
CVPR-2020-A003419,Ruth Fong,"Visual Geometry Group, University of Oxford",UNKNOWN,United Kingdom,high,The University of Oxford is located in the United Kingdom.,yes
CVPR-2020-A003420,Xu Ji,"Visual Geometry Group, University of Oxford",UNKNOWN,United Kingdom,high,The University of Oxford is located in the United Kingdom.,yes
CVPR-2020-A003421,Andrea Vedaldi,"Visual Geometry Group, University of Oxford",UNKNOWN,United Kingdom,high,The University of Oxford is located in the United Kingdom.,yes
CVPR-2020-A003432,Fahad Shahbaz Khan,"Inception Institute of Artificial Intelligence, UAE | CVL, Linköping University, Sweden",UNKNOWN,United Arab Emirates | Sweden,high,The institution names explicitly mention UAE and Sweden.,yes
CVPR-2020-A003434,Xi Chen,"College of Electrical Engineering, Zhejiang University",UNKNOWN,China,high,Zhejiang University is a well-known university located in China.,yes
CVPR-2020-A003435,Zuoxin Li,Megvii Inc.,UNKNOWN,China,high,"Megvii Inc. is a well-known Chinese company based in Beijing, specializing in artificial intelligence and computer vision.",yes
CVPR-2020-A003436,Ye Yuan,Megvii Inc.,UNKNOWN,China,high,"Megvii Inc. is a well-known Chinese company based in Beijing, specializing in artificial intelligence and computer vision.",yes
CVPR-2020-A003437,Gang Yu,Megvii Inc.,UNKNOWN,China,high,"Megvii Inc. is a well-known Chinese company based in Beijing, specializing in artificial intelligence and computer vision.",yes
CVPR-2020-A003438,Jianxin Shen,"College of Electrical Engineering, Zhejiang University",UNKNOWN,China,high,Zhejiang University is a well-known university located in China.,yes
CVPR-2020-A003439,Donglian Qi,"College of Electrical Engineering, Zhejiang University",UNKNOWN,China,high,Zhejiang University is a well-known university located in China.,yes
CVPR-2020-A003440,Zekun Hao,"Cornell Tech, Cornell University",UNKNOWN,United States,high,Cornell University is a well-known institution located in the United States.,yes
CVPR-2020-A003441,Hadar Averbuch-Elor,"Cornell Tech, Cornell University",UNKNOWN,United States,high,Cornell University is a well-known institution located in the United States.,yes
CVPR-2020-A003442,Noah Snavely,"Cornell Tech, Cornell University",UNKNOWN,United States,high,Cornell University is a well-known institution located in the United States.,yes
CVPR-2020-A003443,Serge Belongie,"Cornell Tech, Cornell University",UNKNOWN,United States,high,Cornell University is a well-known institution located in the United States.,yes
CVPR-2020-A003449,Matej Kristan,"Faculty of Computer and Information Science, University of Ljubljana, Slovenia",UNKNOWN,Slovenia,high,The institution explicitly mentions 'Slovenia' in its name.,yes
CVPR-2020-A003463,Jie Chang,Megvii Inc.,UNKNOWN,China,high,"Megvii Inc. is a well-known Chinese company based in Beijing, specializing in artificial intelligence and computer vision.",yes
CVPR-2020-A003465,Changmao Cheng,Megvii Inc.,UNKNOWN,China,high,"Megvii Inc. is a well-known Chinese company based in Beijing, specializing in artificial intelligence and computer vision.",yes
CVPR-2020-A003466,Yichen Wei,Megvii Inc.,UNKNOWN,China,high,"Megvii Inc. is a well-known Chinese company based in Beijing, specializing in artificial intelligence and computer vision.",yes
CVPR-2020-A003467,Andreas Robinson,"CVL, Linköping University, Sweden",UNKNOWN,Sweden,high,The institution explicitly mentions 'Sweden' in the string.,yes
CVPR-2020-A003468,Felix Jaremo Lawin,"CVL, Linköping University, Sweden",UNKNOWN,Sweden,high,The institution explicitly mentions 'Sweden' in the string.,yes
CVPR-2020-A003469,Martin Danelljan,"CVL, Linköping University, Sweden",UNKNOWN,Sweden,high,The institution explicitly mentions 'Sweden' in the string.,yes
CVPR-2020-A003470,Fahad Shahbaz Khan,"CVL, Linköping University, Sweden",UNKNOWN,Sweden,high,The institution explicitly mentions 'Sweden' in the string.,yes
CVPR-2020-A003471,Michael Felsberg,"CVL, Linköping University, Sweden",UNKNOWN,Sweden,high,The institution explicitly mentions 'Sweden' in the string.,yes
CVPR-2020-A003482,Cheng-Han Lee,SenseTime Research,UNKNOWN,China,medium,"SenseTime is a well-known Chinese company, and its research is commonly associated with China.",yes
CVPR-2020-A003483,Ziwei Liu,The Chinese University of Hong Kong,UNKNOWN,China,high,The institution name explicitly includes 'China'.,yes
CVPR-2020-A003484,Lingyun Wu,SenseTime Research,UNKNOWN,China,medium,"SenseTime is a well-known Chinese company, and its research is commonly associated with China.",yes
CVPR-2020-A003485,Ping Luo,The University of Hong Kong,UNKNOWN,Hong Kong,high,The University of Hong Kong is a well-known institution located in Hong Kong.,yes
CVPR-2020-A003498,Lingzhi Li,Peking University,UNKNOWN,China,high,Peking University is a well-known institution located in China.,yes
CVPR-2020-A003499,Jianmin Bao,Microsoft Research Asia,UNKNOWN,China,high,Microsoft Research Asia is a well-known research division based in China.,yes
CVPR-2020-A003500,Ting Zhang,Microsoft Research Asia,UNKNOWN,China,high,Microsoft Research Asia is a well-known research division based in China.,yes
CVPR-2020-A003501,Hao Yang,Microsoft Research Asia,UNKNOWN,China,high,Microsoft Research Asia is a well-known research division based in China.,yes
CVPR-2020-A003502,Dong Chen,Microsoft Research Asia,UNKNOWN,China,high,Microsoft Research Asia is a well-known research division based in China.,yes
CVPR-2020-A003503,Fang Wen,Microsoft Research Asia,UNKNOWN,China,high,Microsoft Research Asia is a well-known research division based in China.,yes
CVPR-2020-A003504,Baining Guo,Microsoft Research Asia,UNKNOWN,China,high,Microsoft Research Asia is a well-known research division based in China.,yes
CVPR-2020-A003506,Sunghyo Chung,Kakao Corp.,UNKNOWN,South Korea,high,Kakao Corp. is a well-known South Korean company.,yes
CVPR-2020-A003508,Jaegul Choo,KAIST,UNKNOWN,South Korea,high,"KAIST is the Korea Advanced Institute of Science and Technology, located in South Korea.",yes
CVPR-2020-A003514,Yinqiang Zheng,National Institute of Informatics,UNKNOWN,Japan,high,The National Institute of Informatics is a well-known research institution located in Japan.,yes
CVPR-2020-A003515,Mingfang Zhang,Pengcheng Laboratory | Nanjing University,UNKNOWN,China,high,Both Pengcheng Laboratory and Nanjing University are well-known institutions located in China.,yes
CVPR-2020-A003516,Feng Lu,"Pengcheng Laboratory | State Key Lab. of VR Technology and Systems, School of CSE, Beihang University",UNKNOWN,China,high,Beihang University is a well-known university located in China.,yes
CVPR-2020-A003523,Guillem Braso,Technical University of Munich,UNKNOWN,Germany,high,Technical University of Munich is a well-known institution located in Germany.,yes
CVPR-2020-A003524,Laura Leal-Taixe,Technical University of Munich,UNKNOWN,Germany,high,Technical University of Munich is a well-known institution located in Germany.,yes
CVPR-2020-A003525,Jaejun Yoo,Ajou University,UNKNOWN,South Korea,high,Ajou University is a well-known university located in South Korea.,yes
CVPR-2020-A003526,Namhyuk Ahn,Ajou University,UNKNOWN,South Korea,high,Ajou University is a well-known university located in South Korea.,yes
CVPR-2020-A003527,Kyung-Ah Sohn,Ajou University,UNKNOWN,South Korea,high,Ajou University is a well-known university located in South Korea.,yes
CVPR-2020-A003528,Yanru Xiao,"Old Dominion University Norfolk, VA",UNKNOWN,United States,high,"Old Dominion University is located in Norfolk, Virginia, which is in the United States.",yes
CVPR-2020-A003529,Cong Wang,"Old Dominion University Norfolk, VA",UNKNOWN,United States,high,"Old Dominion University is located in Norfolk, Virginia, which is in the United States.",yes
CVPR-2020-A003530,Xing Gao,"University of Memphis Memphis, TN",UNKNOWN,United States,high,"The institution name includes 'Memphis, TN', which refers to Memphis, Tennessee, a city in the United States.",yes
CVPR-2020-A003543,Wang Zeng,The Chinese University of Hong Kong,UNKNOWN,China,high,The institution name explicitly includes 'China'.,yes
CVPR-2020-A003544,Wanli Ouyang,The University of Sydney,UNKNOWN,Australia,high,The University of Sydney is a well-known institution located in Australia.,yes
CVPR-2020-A003545,Ping Luo,The University of Hong Kong,UNKNOWN,Hong Kong,high,The University of Hong Kong is a well-known institution located in Hong Kong.,yes
CVPR-2020-A003546,Wentao Liu,SenseTime Research,UNKNOWN,China,medium,"SenseTime is a well-known Chinese company, and its research is commonly associated with China.",yes
CVPR-2020-A003547,Xiaogang Wang,The Chinese University of Hong Kong | SenseTime Research,UNKNOWN,China | Hong Kong,medium,"The Chinese University of Hong Kong is located in Hong Kong, which is a Special Administrative Region of China.",yes
CVPR-2020-A003567,Naman Bansal,Auburn University,UNKNOWN,United States,high,Auburn University is a well-known university located in the United States.,yes
CVPR-2020-A003569,Anh Nguyen,Auburn University,UNKNOWN,United States,high,Auburn University is a well-known university located in the United States.,yes
CVPR-2020-A003570,Zhi Gao,Beijing Laboratory of Intelligent Information Technology,UNKNOWN,China,high,"The institution name includes 'Beijing', which is a city in China.",yes
CVPR-2020-A003571,Yuwei Wu,Beijing Laboratory of Intelligent Information Technology,UNKNOWN,China,high,"The institution name includes 'Beijing', which is a city in China.",yes
CVPR-2020-A003572,Yunde Jia,Beijing Laboratory of Intelligent Information Technology,UNKNOWN,China,high,"The institution name includes 'Beijing', which is a city in China.",yes
CVPR-2020-A003574,Sinead Kearney,University of Bath,UNKNOWN,United Kingdom,high,The University of Bath is a well-known university located in the United Kingdom.,yes
CVPR-2020-A003575,Wenbin Li,University of Bath,UNKNOWN,United Kingdom,high,The University of Bath is a well-known university located in the United Kingdom.,yes
CVPR-2020-A003576,Martin Parsons,University of Bath,UNKNOWN,United Kingdom,high,The University of Bath is a well-known university located in the United Kingdom.,yes
CVPR-2020-A003577,Kwang In Kim,University of Bath,UNKNOWN,United Kingdom,high,The University of Bath is a well-known university located in the United Kingdom.,yes
CVPR-2020-A003578,Darren Cosker,University of Bath,UNKNOWN,United Kingdom,high,The University of Bath is a well-known university located in the United Kingdom.,yes
CVPR-2020-A003579,Bin Zhu,City University of Hong Kong,UNKNOWN,Hong Kong,high,"The institution name explicitly includes 'Hong Kong', which is a Special Administrative Region of China but is often treated as a separate entity in academic and institutional contexts.",yes
CVPR-2020-A003580,Chong-Wah Ngo,City University of Hong Kong,UNKNOWN,Hong Kong,high,"The institution name explicitly includes 'Hong Kong', which is a Special Administrative Region of China but is often treated as a separate entity in academic and institutional contexts.",yes
CVPR-2020-A003582,Eran Borenstein,Amazon Lab126,UNKNOWN,United States,high,Amazon Lab126 is a well-known research laboratory based in the United States.,yes
CVPR-2020-A003583,Bar Hilleli,Amazon Lab126,UNKNOWN,United States,high,Amazon Lab126 is a well-known research laboratory based in the United States.,yes
CVPR-2020-A003610,Hung Bui,VinAI Research,UNKNOWN,Vietnam,medium,VinAI Research is a well-known research institution based in Vietnam.,yes
CVPR-2020-A003617,Yurui Ren,"School of Electronic and Computer Engineering, Peking University | Peng Cheng Laboratory",UNKNOWN,China,high,"Peking University is a well-known institution located in China, and Peng Cheng Laboratory is also based in China.",yes
CVPR-2020-A003618,Xiaoming Yu,"School of Electronic and Computer Engineering, Peking University | Peng Cheng Laboratory",UNKNOWN,China,high,"Peking University is a well-known institution located in China, and Peng Cheng Laboratory is also based in China.",yes
CVPR-2020-A003619,Junming Chen,"School of Electronic and Computer Engineering, Peking University | Peng Cheng Laboratory",UNKNOWN,China,high,"Peking University is a well-known institution located in China, and Peng Cheng Laboratory is also based in China.",yes
CVPR-2020-A003620,Thomas H. Li,"Advanced Institute of Information Technology, Peking University | School of Electronic and Computer Engineering, Peking University",UNKNOWN,China,high,Peking University is a well-known institution located in China.,yes
CVPR-2020-A003621,Ge Li,"School of Electronic and Computer Engineering, Peking University | Peng Cheng Laboratory",UNKNOWN,China,high,"Peking University is a well-known institution located in China, and Peng Cheng Laboratory is also based in China.",yes
CVPR-2020-A003623,Xiaodan Liang,"School of Intelligent Systems Engineering, Sun Yat-sen University",UNKNOWN,China,high,Sun Yat-sen University is a well-known institution located in China.,yes
CVPR-2020-A003624,Yixuan Zhang,Petuum Inc.,UNKNOWN,United States,low,"Petuum Inc. is a company, and while it is known to be based in the United States, the information is not definitive from the institution name alone.",no
CVPR-2020-A003625,Xujie Zhang,"School of Data and Computer Science, Sun Yat-sen University",UNKNOWN,China,high,Sun Yat-sen University is a well-known institution located in China.,yes
CVPR-2020-A003626,Xiaohui Shen,ByteDance AI Lab,UNKNOWN,China,high,"ByteDance is a Chinese company, and the AI Lab is part of ByteDance.",yes
CVPR-2020-A003627,Zhenyu Xie,"School of Data and Computer Science, Sun Yat-sen University",UNKNOWN,China,high,Sun Yat-sen University is a well-known institution located in China.,yes
CVPR-2020-A003628,Bowen Wu,"School of Data and Computer Science, Sun Yat-sen University",UNKNOWN,China,high,Sun Yat-sen University is a well-known institution located in China.,yes
CVPR-2020-A003643,David Wei,Fordham University,UNKNOWN,United States,high,Fordham University is a well-known institution located in the United States.,yes
CVPR-2020-A003644,Tao Wan,CableLabs,UNKNOWN,United States,medium,"CableLabs is a well-known research and development organization based in the United States, though it is not explicitly tied to a specific country in its name.",yes
CVPR-2020-A003649,Xiehe Huang,"Pattern Recognition & Intelligent System Laboratory, School of Information and Communication Engineering, Beijing University of Posts and Telecommunications",UNKNOWN,China,high,Beijing University of Posts and Telecommunications is a well-known institution located in China.,yes
CVPR-2020-A003650,Weihong Deng,"Pattern Recognition & Intelligent System Laboratory, School of Information and Communication Engineering, Beijing University of Posts and Telecommunications",UNKNOWN,China,high,Beijing University of Posts and Telecommunications is a well-known institution located in China.,yes
CVPR-2020-A003651,Haifeng Shen,"Pattern Recognition & Intelligent System Laboratory, School of Information and Communication Engineering, Beijing University of Posts and Telecommunications",UNKNOWN,China,high,Beijing University of Posts and Telecommunications is a well-known institution located in China.,yes
CVPR-2020-A003652,Xiubao Zhang,"Pattern Recognition & Intelligent System Laboratory, School of Information and Communication Engineering, Beijing University of Posts and Telecommunications",UNKNOWN,China,high,Beijing University of Posts and Telecommunications is a well-known institution located in China.,yes
CVPR-2020-A003653,Jieping Ye,"Pattern Recognition & Intelligent System Laboratory, School of Information and Communication Engineering, Beijing University of Posts and Telecommunications",UNKNOWN,China,high,Beijing University of Posts and Telecommunications is a well-known institution located in China.,yes
CVPR-2020-A003658,Jaime Spencer,"Centre for Vision, Speech and Signal Processing (CVSSP) University of Surrey",UNKNOWN,United Kingdom,high,The University of Surrey is located in the United Kingdom.,yes
CVPR-2020-A003659,Richard Bowden,"Centre for Vision, Speech and Signal Processing (CVSSP) University of Surrey",UNKNOWN,United Kingdom,high,The University of Surrey is located in the United Kingdom.,yes
CVPR-2020-A003660,Simon Hadfield,"Centre for Vision, Speech and Signal Processing (CVSSP) University of Surrey",UNKNOWN,United Kingdom,high,The University of Surrey is located in the United Kingdom.,yes
CVPR-2020-A003664,Chenyang Zhu,Simon Fraser University | National University of Defense Technology,UNKNOWN,China | Canada,high,"Simon Fraser University is located in Canada, and National University of Defense Technology is located in China.",yes
CVPR-2020-A003665,Kai Xu,National University of Defense Technology,UNKNOWN,China,high,The National University of Defense Technology is a well-known institution located in China.,yes
CVPR-2020-A003666,Siddhartha Chaudhuri,Adobe Research | IIT Bombay,UNKNOWN,India | United States,medium,"IIT Bombay is a well-known institution in India, and Adobe Research is based in the United States.",yes
CVPR-2020-A003667,Li Yi,Google Research,UNKNOWN,United States,medium,"Google Research is primarily based in the United States, though it has offices in other countries.",no
CVPR-2020-A003669,Hao Zhang,Simon Fraser University,UNKNOWN,Canada,high,Simon Fraser University is a well-known university located in Canada.,yes
CVPR-2020-A003676,David S. Hayden,"Computer Science and Artificial Intelligence Laboratory Massachusetts Institute of Technology Massachusetts Ave., Cambridge, MA",UNKNOWN,United States,high,"The institution is the Massachusetts Institute of Technology (MIT), located in Cambridge, MA, which is in the United States.",yes
CVPR-2020-A003677,Jason Pacheco,"Computer Science and Artificial Intelligence Laboratory Massachusetts Institute of Technology Massachusetts Ave., Cambridge, MA",UNKNOWN,United States,high,"The institution is the Massachusetts Institute of Technology (MIT), located in Cambridge, MA, which is in the United States.",yes
CVPR-2020-A003678,John W. Fisher III,"Computer Science and Artificial Intelligence Laboratory Massachusetts Institute of Technology Massachusetts Ave., Cambridge, MA",UNKNOWN,United States,high,"The institution is the Massachusetts Institute of Technology (MIT), located in Cambridge, MA, which is in the United States.",yes
CVPR-2020-A003680,Anpei Chen,Shanghai Institute of Microsystem and Information Technology,UNKNOWN,China,high,"The institution name explicitly includes 'Shanghai', which is a city in China.",yes
CVPR-2020-A003681,Guli Zhang,Shanghai Institute of Microsystem and Information Technology,UNKNOWN,China,high,"The institution name explicitly includes 'Shanghai', which is a city in China.",yes
CVPR-2020-A003682,Chengyuan Wang,Shanghai University,UNKNOWN,China,high,"Shanghai University is a well-known institution located in Shanghai, China.",yes
CVPR-2020-A003683,Yu Ji,"DGene, Inc.",UNKNOWN,UNKNOWN,low,"The institution name 'DGene, Inc.' does not provide sufficient information to determine the country.",no
CVPR-2020-A003684,Kiriakos N. Kutulakos,University of Toronto,UNKNOWN,Canada,high,The University of Toronto is a well-known institution located in Canada.,yes
CVPR-2020-A003685,Jingyi Yu,Shanghai Institute of Microsystem and Information Technology,UNKNOWN,China,high,"The institution name explicitly includes 'Shanghai', which is a city in China.",yes
CVPR-2020-A003686,Shawn Xu,Google AI Healthcare,UNKNOWN,United States,high,"Google AI Healthcare is a division of Google, which is based in the United States.",yes
CVPR-2020-A003687,Subhashini Venugopalan,Google Research,UNKNOWN,United States,medium,"Google Research is primarily based in the United States, though it has offices in other countries.",no
CVPR-2020-A003698,Peihao Zhu,Cardiff University,UNKNOWN,United Kingdom,high,"Cardiff University is a well-known university located in Cardiff, Wales, which is part of the United Kingdom.",yes
CVPR-2020-A003699,Rameen Abdal,Cardiff University,UNKNOWN,United Kingdom,high,"Cardiff University is a well-known university located in Cardiff, Wales, which is part of the United Kingdom.",yes
CVPR-2020-A003700,Yipeng Qin,Cardiff University,UNKNOWN,United Kingdom,high,"Cardiff University is a well-known university located in Cardiff, Wales, which is part of the United Kingdom.",yes
CVPR-2020-A003701,Peter Wonka,Cardiff University,UNKNOWN,United Kingdom,high,"Cardiff University is a well-known university located in Cardiff, Wales, which is part of the United Kingdom.",yes
CVPR-2020-A003705,Yu Liu,"Google AI Google Brain Multimedia Laboratory, The Chinese University of Hong Kong",UNKNOWN,China | Hong Kong,medium,"The institution includes 'The Chinese University of Hong Kong', which is located in Hong Kong, a Special Administrative Region of China.",yes
CVPR-2020-A003706,Xuhui Jia,"Google AI Google Brain Multimedia Laboratory, The Chinese University of Hong Kong",UNKNOWN,China | Hong Kong,medium,"The institution includes 'The Chinese University of Hong Kong', which is located in Hong Kong, a Special Administrative Region of China.",yes
CVPR-2020-A003707,Mingxing Tan,"Google AI Google Brain Multimedia Laboratory, The Chinese University of Hong Kong",UNKNOWN,China | Hong Kong,medium,"The institution includes 'The Chinese University of Hong Kong', which is located in Hong Kong, a Special Administrative Region of China.",yes
CVPR-2020-A003708,Raviteja Vemulapalli,"Google AI Google Brain Multimedia Laboratory, The Chinese University of Hong Kong",UNKNOWN,China | Hong Kong,medium,"The institution includes 'The Chinese University of Hong Kong', which is located in Hong Kong, a Special Administrative Region of China.",yes
CVPR-2020-A003709,Yukun Zhu,"Google AI Google Brain Multimedia Laboratory, The Chinese University of Hong Kong",UNKNOWN,China | Hong Kong,medium,"The institution includes 'The Chinese University of Hong Kong', which is located in Hong Kong, a Special Administrative Region of China.",yes
CVPR-2020-A003710,Bradley Green,"Google AI Google Brain Multimedia Laboratory, The Chinese University of Hong Kong",UNKNOWN,China | Hong Kong,medium,"The institution includes 'The Chinese University of Hong Kong', which is located in Hong Kong, a Special Administrative Region of China.",yes
CVPR-2020-A003711,Xiaogang Wang,"Google AI Google Brain Multimedia Laboratory, The Chinese University of Hong Kong",UNKNOWN,China | Hong Kong,medium,"The institution includes 'The Chinese University of Hong Kong', which is located in Hong Kong, a Special Administrative Region of China.",yes
CVPR-2020-A003712,Jinlin Liu,"Department of Automation, Tsinghua University",UNKNOWN,China,high,Tsinghua University is a well-known institution located in China.,yes
CVPR-2020-A003713,Yuan Yao,"Department of Automation, Tsinghua University",UNKNOWN,China,high,Tsinghua University is a well-known institution located in China.,yes
CVPR-2020-A003714,Wendi Hou,"Department of Automation, Tsinghua University",UNKNOWN,China,high,Tsinghua University is a well-known institution located in China.,yes
CVPR-2020-A003715,Miaomiao Cui,"Department of Automation, Tsinghua University",UNKNOWN,China,high,Tsinghua University is a well-known institution located in China.,yes
CVPR-2020-A003716,Xuansong Xie,"Department of Automation, Tsinghua University",UNKNOWN,China,high,Tsinghua University is a well-known institution located in China.,yes
CVPR-2020-A003717,Changshui Zhang,"Department of Automation, Tsinghua University",UNKNOWN,China,high,Tsinghua University is a well-known institution located in China.,yes
CVPR-2020-A003718,Xian-Sheng Hua,"Department of Automation, Tsinghua University",UNKNOWN,China,high,Tsinghua University is a well-known institution located in China.,yes
CVPR-2020-A003719,Han-Jia Ye,USC & Google,UNKNOWN,United States | China,medium,"USC (University of Southern California) is in the United States, and Google has research centers in multiple countries, including the United States and China.",no
CVPR-2020-A003720,Hexiang Hu,USC & Google,UNKNOWN,United States | China,medium,"USC (University of Southern California) is in the United States, and Google has research centers in multiple countries, including the United States and China.",no
CVPR-2020-A003721,De-Chuan Zhan,USC & Google,UNKNOWN,United States | China,medium,"USC (University of Southern California) is in the United States, and Google has research centers in multiple countries, including the United States and China.",no
CVPR-2020-A003722,Fei Sha,USC & Google,UNKNOWN,United States | China,medium,"USC (University of Southern California) is in the United States, and Google has research centers in multiple countries, including the United States and China.",no
CVPR-2020-A003723,Wenxuan Wang,"Noah’s Ark Lab, Huawei Technologies",UNKNOWN,China,high,Huawei Technologies is a well-known Chinese company.,yes
CVPR-2020-A003724,Yanwei Fu,"Noah’s Ark Lab, Huawei Technologies",UNKNOWN,China,high,Huawei Technologies is a well-known Chinese company.,yes
CVPR-2020-A003725,Xuelin Qian,"Noah’s Ark Lab, Huawei Technologies",UNKNOWN,China,high,Huawei Technologies is a well-known Chinese company.,yes
CVPR-2020-A003726,Yu-Gang Jiang,"Noah’s Ark Lab, Huawei Technologies",UNKNOWN,China,high,Huawei Technologies is a well-known Chinese company.,yes
CVPR-2020-A003727,Qi Tian,"Noah’s Ark Lab, Huawei Technologies",UNKNOWN,China,high,Huawei Technologies is a well-known Chinese company.,yes
CVPR-2020-A003728,Xiangyang Xue,"Noah’s Ark Lab, Huawei Technologies",UNKNOWN,China,high,Huawei Technologies is a well-known Chinese company.,yes
CVPR-2020-A003729,Jiabo Huang,University of Surrey,UNKNOWN,United Kingdom,high,The University of Surrey is a well-known institution located in the United Kingdom.,yes
CVPR-2020-A003730,Shaogang Gong,University of Surrey,UNKNOWN,United Kingdom,high,The University of Surrey is a well-known institution located in the United Kingdom.,yes
CVPR-2020-A003731,Xiatian Zhu,University of Surrey,UNKNOWN,United Kingdom,high,The University of Surrey is a well-known institution located in the United Kingdom.,yes
CVPR-2020-A003733,Zhirong Wu,Microsoft Research Asia,UNKNOWN,China,high,Microsoft Research Asia is a well-known research division based in China.,yes
CVPR-2020-A003734,Houwen Peng,Microsoft Research Asia,UNKNOWN,China,high,Microsoft Research Asia is a well-known research division based in China.,yes
CVPR-2020-A003735,Stephen Lin,Microsoft Research Asia,UNKNOWN,China,high,Microsoft Research Asia is a well-known research division based in China.,yes
CVPR-2020-A003741,Zihang Lai,"Visual Geometry Group, Department of Engineering Science University of Oxford",UNKNOWN,United Kingdom,high,"The institution is the University of Oxford, which is located in the United Kingdom.",yes
CVPR-2020-A003742,Erika Lu,"Visual Geometry Group, Department of Engineering Science University of Oxford",UNKNOWN,United Kingdom,high,"The institution is the University of Oxford, which is located in the United Kingdom.",yes
CVPR-2020-A003743,Weidi Xie,"Visual Geometry Group, Department of Engineering Science University of Oxford",UNKNOWN,United Kingdom,high,"The institution is the University of Oxford, which is located in the United Kingdom.",yes
CVPR-2020-A003744,Oran Gafni,Facebook AI Research,UNKNOWN,United States,medium,"Facebook AI Research is based in the United States, but the conference (CVPR) is international and does not provide direct country information.",yes
CVPR-2020-A003745,Lior Wolf,Facebook AI Research and Tel-Aviv University,UNKNOWN,Israel | United States,medium,"Tel-Aviv University is located in Israel, and Facebook AI Research is based in the United States.",yes
CVPR-2020-A003746,Prashanth Chandran,"Department of Computer Science, ETH Zurich | DisneyResearch | Studios, Zurich",UNKNOWN,Switzerland,high,"ETH Zurich is a well-known institution located in Zurich, Switzerland. The mention of Zurich in the institution string further confirms the country.",yes
CVPR-2020-A003747,Derek Bradley,"DisneyResearch | Studios, Zurich",UNKNOWN,Switzerland,high,"The institution name includes 'Zurich', which is a city in Switzerland.",yes
CVPR-2020-A003748,Markus Gross,"Department of Computer Science, ETH Zurich | DisneyResearch | Studios, Zurich",UNKNOWN,Switzerland,high,"ETH Zurich is a well-known institution located in Zurich, Switzerland. The mention of Zurich in the institution string further confirms the country.",yes
CVPR-2020-A003749,Thabo Beeler,"DisneyResearch | Studios, Zurich",UNKNOWN,Switzerland,high,"The institution name includes 'Zurich', which is a city in Switzerland.",yes
CVPR-2020-A003757,Li Yi,Google Research,UNKNOWN,United States,medium,"Google Research is primarily based in the United States, though it has offices in other countries.",no
CVPR-2020-A003760,Niloy J. Mitra,Adobe Research | University College London,UNKNOWN,United Kingdom | United States,high,"Adobe Research is based in the United States, and University College London is based in the United Kingdom.",yes
CVPR-2020-A003763,Hailong Zhu,"Inception Institute of Artificial Intelligence, UAE",UNKNOWN,United Arab Emirates,high,"The institution name explicitly includes 'UAE', which is the official country name.",yes
CVPR-2020-A003764,Jifeng Dai,SenseTime Research,UNKNOWN,China,medium,"SenseTime is a well-known Chinese company, and its research is commonly associated with China.",yes
CVPR-2020-A003765,Yanwei Pang,"Inception Institute of Artificial Intelligence, UAE",UNKNOWN,United Arab Emirates,high,"The institution name explicitly includes 'UAE', which is the official country name.",yes
CVPR-2020-A003777,Abhishek Aich,"University of California, Riverside , IBM Research AI, Cambridge",UNKNOWN,United States | United Kingdom,medium,"University of California, Riverside is in the United States, and Cambridge likely refers to the University of Cambridge in the United Kingdom.",no
CVPR-2020-A003778,Akash Gupta,"University of California, Riverside , IBM Research AI, Cambridge",UNKNOWN,United States | United Kingdom,medium,"University of California, Riverside is in the United States, and Cambridge likely refers to the University of Cambridge in the United Kingdom.",no
CVPR-2020-A003779,Rameswar Panda,"University of California, Riverside , IBM Research AI, Cambridge",UNKNOWN,United States | United Kingdom,medium,"University of California, Riverside is in the United States, and Cambridge likely refers to the University of Cambridge in the United Kingdom.",no
CVPR-2020-A003780,Rakib Hyder,"University of California, Riverside , IBM Research AI, Cambridge",UNKNOWN,United States | United Kingdom,medium,"University of California, Riverside is in the United States, and Cambridge likely refers to the University of Cambridge in the United Kingdom.",no
CVPR-2020-A003781,M. Salman Asif,"University of California, Riverside , IBM Research AI, Cambridge",UNKNOWN,United States | United Kingdom,medium,"University of California, Riverside is in the United States, and Cambridge likely refers to the University of Cambridge in the United Kingdom.",no
CVPR-2020-A003782,Amit K. Roy-Chowdhury,"University of California, Riverside , IBM Research AI, Cambridge",UNKNOWN,United States | United Kingdom,medium,"University of California, Riverside is in the United States, and Cambridge likely refers to the University of Cambridge in the United Kingdom.",no
CVPR-2020-A003783,Hoang Le,Adobe Research,UNKNOWN,United States,medium,"Adobe Research is a well-known research division based in the United States, though it may have international collaborations.",yes
CVPR-2020-A003784,Feng Liu,Adobe Research,UNKNOWN,United States,medium,"Adobe Research is a well-known research division based in the United States, though it may have international collaborations.",yes
CVPR-2020-A003785,Shu Zhang,Adobe Research,UNKNOWN,United States,medium,"Adobe Research is a well-known research division based in the United States, though it may have international collaborations.",yes
CVPR-2020-A003786,Aseem Agarwala,Adobe Research,UNKNOWN,United States,medium,"Adobe Research is a well-known research division based in the United States, though it may have international collaborations.",yes
CVPR-2020-A003787,Michael Strecke,"Embodied Vision Group, Max Planck Institute for Intelligent Systems, Tübingen",UNKNOWN,Germany,high,The Max Planck Institute for Intelligent Systems in Tübingen is a well-known research institution located in Germany.,yes
CVPR-2020-A003788,Jorg Stuckler,"Embodied Vision Group, Max Planck Institute for Intelligent Systems, Tübingen",UNKNOWN,Germany,high,The Max Planck Institute for Intelligent Systems in Tübingen is a well-known research institution located in Germany.,yes
CVPR-2020-A003793,Ziwei Zhang,"School of Electronics Engineering and Computer Science, Peking University",UNKNOWN,China,high,Peking University is a well-known institution located in China.,yes
CVPR-2020-A003796,Xiaodong Xie,"School of Electronics Engineering and Computer Science, Peking University",UNKNOWN,China,high,Peking University is a well-known institution located in China.,yes
CVPR-2020-A003797,Tomas Werner,"Faculty of Electrical Engineering, Czech Technical University in Prague, Czech Republic",UNKNOWN,Czech Republic,high,The institution name explicitly mentions 'Czech Republic'.,yes
CVPR-2020-A003798,Daniel Prusa,"Faculty of Electrical Engineering, Czech Technical University in Prague, Czech Republic",UNKNOWN,Czech Republic,high,The institution name explicitly mentions 'Czech Republic'.,yes
CVPR-2020-A003799,Tomas Dlask,"Faculty of Electrical Engineering, Czech Technical University in Prague, Czech Republic",UNKNOWN,Czech Republic,high,The institution name explicitly mentions 'Czech Republic'.,yes
CVPR-2020-A003801,Yiming Mao,Bytedance AI Lab,UNKNOWN,China,high,"Bytedance is a Chinese company, and the AI Lab is part of Bytedance.",yes
CVPR-2020-A003802,Yuning Jiang,Bytedance AI Lab,UNKNOWN,China,high,"Bytedance is a Chinese company, and the AI Lab is part of Bytedance.",yes
CVPR-2020-A003803,Wei-Ying Ma,Bytedance AI Lab,UNKNOWN,China,high,"Bytedance is a Chinese company, and the AI Lab is part of Bytedance.",yes
CVPR-2020-A003809,Lingzhi Li,Peking University,UNKNOWN,China,high,Peking University is a well-known institution located in China.,yes
CVPR-2020-A003810,Jianmin Bao,Microsoft Research,UNKNOWN,United States,high,Microsoft Research is based in the United States.,yes
CVPR-2020-A003811,Hao Yang,Microsoft Research,UNKNOWN,United States,high,Microsoft Research is based in the United States.,yes
CVPR-2020-A003812,Dong Chen,Microsoft Research,UNKNOWN,United States,high,Microsoft Research is based in the United States.,yes
CVPR-2020-A003813,Fang Wen,Microsoft Research,UNKNOWN,United States,high,Microsoft Research is based in the United States.,yes
CVPR-2020-A003814,Yandong Li,University of Central Florida,UNKNOWN,United States,high,The University of Central Florida is a well-known institution located in the United States.,yes
CVPR-2020-A003815,Yu Cheng,Microsoft Dynamics,UNKNOWN,United States,medium,"Microsoft is a well-known technology company based in the United States, and Microsoft Dynamics is a product line of Microsoft.",yes
CVPR-2020-A003816,Zhe Gan,Microsoft Dynamics,UNKNOWN,United States,medium,"Microsoft is a well-known technology company based in the United States, and Microsoft Dynamics is a product line of Microsoft.",yes
CVPR-2020-A003817,Licheng Yu,Microsoft Dynamics,UNKNOWN,United States,medium,"Microsoft is a well-known technology company based in the United States, and Microsoft Dynamics is a product line of Microsoft.",yes
CVPR-2020-A003818,Liqiang Wang,University of Central Florida,UNKNOWN,United States,high,The University of Central Florida is a well-known institution located in the United States.,yes
CVPR-2020-A003819,Jingjing Liu,Microsoft Dynamics,UNKNOWN,United States,medium,"Microsoft is a well-known technology company based in the United States, and Microsoft Dynamics is a product line of Microsoft.",yes
CVPR-2020-A003828,Jiangke Lin,"State Key Lab of CAD&CG, Zhejiang University",UNKNOWN,China,high,Zhejiang University is a well-known university located in China.,yes
CVPR-2020-A003829,Yi Yuan,"State Key Lab of CAD&CG, Zhejiang University",UNKNOWN,China,high,Zhejiang University is a well-known university located in China.,yes
CVPR-2020-A003830,Tianjia Shao,"State Key Lab of CAD&CG, Zhejiang University",UNKNOWN,China,high,Zhejiang University is a well-known university located in China.,yes
CVPR-2020-A003831,Kun Zhou,"State Key Lab of CAD&CG, Zhejiang University",UNKNOWN,China,high,Zhejiang University is a well-known university located in China.,yes
CVPR-2020-A003832,Justin Liang,Uber Advanced Technologies Group University of Toronto MIT,UNKNOWN,Canada | United States,high,"Uber Advanced Technologies Group is based in the United States, the University of Toronto is in Canada, and MIT is in the United States.",yes
CVPR-2020-A003833,Namdar Homayounfar,Uber Advanced Technologies Group University of Toronto MIT,UNKNOWN,Canada | United States,high,"Uber Advanced Technologies Group is based in the United States, the University of Toronto is in Canada, and MIT is in the United States.",yes
CVPR-2020-A003834,Wei-Chiu Ma,Uber Advanced Technologies Group University of Toronto MIT,UNKNOWN,Canada | United States,high,"Uber Advanced Technologies Group is based in the United States, the University of Toronto is in Canada, and MIT is in the United States.",yes
CVPR-2020-A003835,Yuwen Xiong,Uber Advanced Technologies Group University of Toronto MIT,UNKNOWN,Canada | United States,high,"Uber Advanced Technologies Group is based in the United States, the University of Toronto is in Canada, and MIT is in the United States.",yes
CVPR-2020-A003836,Rui Hu,Uber Advanced Technologies Group University of Toronto MIT,UNKNOWN,Canada | United States,high,"Uber Advanced Technologies Group is based in the United States, the University of Toronto is in Canada, and MIT is in the United States.",yes
CVPR-2020-A003837,Raquel Urtasun,Uber Advanced Technologies Group University of Toronto MIT,UNKNOWN,Canada | United States,high,"Uber Advanced Technologies Group is based in the United States, the University of Toronto is in Canada, and MIT is in the United States.",yes
CVPR-2020-A003838,Zeyu Wang,Princeton University,UNKNOWN,United States,high,Princeton University is a well-known institution located in the United States.,yes
CVPR-2020-A003839,Klint Qinami,Princeton University,UNKNOWN,United States,high,Princeton University is a well-known institution located in the United States.,yes
CVPR-2020-A003840,Ioannis Christos Karakozis,Princeton University,UNKNOWN,United States,high,Princeton University is a well-known institution located in the United States.,yes
CVPR-2020-A003841,Kyle Genova,Princeton University,UNKNOWN,United States,high,Princeton University is a well-known institution located in the United States.,yes
CVPR-2020-A003842,Prem Nair,Princeton University,UNKNOWN,United States,high,Princeton University is a well-known institution located in the United States.,yes
CVPR-2020-A003843,Kenji Hata,Princeton University,UNKNOWN,United States,high,Princeton University is a well-known institution located in the United States.,yes
CVPR-2020-A003844,Olga Russakovsky,Princeton University,UNKNOWN,United States,high,Princeton University is a well-known institution located in the United States.,yes
CVPR-2020-A003845,He Zhao,"Key Laboratory of Machine Perception (MOE) School of EECS, Peking University",UNKNOWN,China,high,Peking University is a well-known institution located in China.,yes
CVPR-2020-A003846,Xianghua Ying,"Key Laboratory of Machine Perception (MOE) School of EECS, Peking University",UNKNOWN,China,high,Peking University is a well-known institution located in China.,yes
CVPR-2020-A003847,Yongjie Shi,"Key Laboratory of Machine Perception (MOE) School of EECS, Peking University",UNKNOWN,China,high,Peking University is a well-known institution located in China.,yes
CVPR-2020-A003848,Xin Tong,"Key Laboratory of Machine Perception (MOE) School of EECS, Peking University",UNKNOWN,China,high,Peking University is a well-known institution located in China.,yes
CVPR-2020-A003849,Jingsi Wen,"Key Laboratory of Machine Perception (MOE) School of EECS, Peking University",UNKNOWN,China,high,Peking University is a well-known institution located in China.,yes
CVPR-2020-A003850,Hongbin Zha,"Key Laboratory of Machine Perception (MOE) School of EECS, Peking University",UNKNOWN,China,high,Peking University is a well-known institution located in China.,yes
CVPR-2020-A003862,Zitong Yu,"CMVS, University of Oulu",UNKNOWN,Finland,high,The University of Oulu is located in Finland.,yes
CVPR-2020-A003863,Chenxu Zhao,"Mininglamp Academy of Sciences, Mininglamp Technology",UNKNOWN,China,medium,"Mininglamp is a common name for institutions in China, and the structure of the institution name resembles Chinese academic organizations.",no
CVPR-2020-A003866,Zhuo Su,"CMVS, University of Oulu",UNKNOWN,Finland,high,The University of Oulu is located in Finland.,yes
CVPR-2020-A003867,Xiaobai Li,"CMVS, University of Oulu",UNKNOWN,Finland,high,The University of Oulu is located in Finland.,yes
CVPR-2020-A003869,Guoying Zhao,"CMVS, University of Oulu",UNKNOWN,Finland,high,The University of Oulu is located in Finland.,yes
CVPR-2020-A003873,Jiankang Deng,Imperial College InsightFace FaceSoft Middlesex University London,UNKNOWN,United Kingdom,high,Middlesex University London is a well-known institution located in the United Kingdom.,yes
CVPR-2020-A003874,Jia Guo,Imperial College InsightFace FaceSoft Middlesex University London,UNKNOWN,United Kingdom,high,Middlesex University London is a well-known institution located in the United Kingdom.,yes
CVPR-2020-A003875,Evangelos Ververas,Imperial College InsightFace FaceSoft Middlesex University London,UNKNOWN,United Kingdom,high,Middlesex University London is a well-known institution located in the United Kingdom.,yes
CVPR-2020-A003876,Irene Kotsia,Imperial College InsightFace FaceSoft Middlesex University London,UNKNOWN,United Kingdom,high,Middlesex University London is a well-known institution located in the United Kingdom.,yes
CVPR-2020-A003877,Stefanos Zafeiriou,Imperial College InsightFace FaceSoft Middlesex University London,UNKNOWN,United Kingdom,high,Middlesex University London is a well-known institution located in the United Kingdom.,yes
CVPR-2020-A003878,Yuxiao Zhou,"BNRist and School of Software, Tsinghua University",UNKNOWN,China,high,Tsinghua University is a well-known institution located in China.,yes
CVPR-2020-A003879,Marc Habermann,Max Planck Institute for Informatics | Saarland Informatics Campus,UNKNOWN,Germany,high,The Max Planck Institute for Informatics and Saarland Informatics Campus are well-known institutions located in Germany.,yes
CVPR-2020-A003880,Weipeng Xu,Max Planck Institute for Informatics | Saarland Informatics Campus,UNKNOWN,Germany,high,The Max Planck Institute for Informatics and Saarland Informatics Campus are well-known institutions located in Germany.,yes
CVPR-2020-A003881,Ikhsanul Habibie,Max Planck Institute for Informatics | Saarland Informatics Campus,UNKNOWN,Germany,high,The Max Planck Institute for Informatics and Saarland Informatics Campus are well-known institutions located in Germany.,yes
CVPR-2020-A003882,Christian Theobalt,Max Planck Institute for Informatics | Saarland Informatics Campus,UNKNOWN,Germany,high,The Max Planck Institute for Informatics and Saarland Informatics Campus are well-known institutions located in Germany.,yes
CVPR-2020-A003884,Mei Wang,Beijing University of Posts and Telecommunications,UNKNOWN,China,high,Beijing University of Posts and Telecommunications is a well-known institution located in China.,yes
CVPR-2020-A003885,Weihong Deng,Beijing University of Posts and Telecommunications,UNKNOWN,China,high,Beijing University of Posts and Telecommunications is a well-known institution located in China.,yes
CVPR-2020-A003889,Yazeed Alharbi,King Abdullah University for Science and Technology (KAUST),UNKNOWN,Saudi Arabia,high,King Abdullah University for Science and Technology (KAUST) is a well-known institution located in Saudi Arabia.,yes
CVPR-2020-A003890,Peter Wonka,King Abdullah University for Science and Technology (KAUST),UNKNOWN,Saudi Arabia,high,King Abdullah University for Science and Technology (KAUST) is a well-known institution located in Saudi Arabia.,yes
CVPR-2020-A003891,Sai Bi,Adobe Research,UNKNOWN,United States,medium,"Adobe Research is a well-known research division based in the United States, though it may have international collaborations.",yes
CVPR-2020-A003892,Zexiang Xu,Adobe Research,UNKNOWN,United States,medium,"Adobe Research is a well-known research division based in the United States, though it may have international collaborations.",yes
CVPR-2020-A003893,Kalyan Sunkavalli,Adobe Research,UNKNOWN,United States,medium,"Adobe Research is a well-known research division based in the United States, though it may have international collaborations.",yes
CVPR-2020-A003894,David Kriegman,Adobe Research,UNKNOWN,United States,medium,"Adobe Research is a well-known research division based in the United States, though it may have international collaborations.",yes
CVPR-2020-A003895,Ravi Ramamoorthi,Adobe Research,UNKNOWN,United States,medium,"Adobe Research is a well-known research division based in the United States, though it may have international collaborations.",yes
CVPR-2020-A003900,Yonghyun Kim,"Kakao Enterprise, Kakao Corp.",UNKNOWN,South Korea,high,Kakao Enterprise and Kakao Corp. are well-known companies based in South Korea.,yes
CVPR-2020-A003901,Wonpyo Park,"Kakao Enterprise, Kakao Corp.",UNKNOWN,South Korea,high,Kakao Enterprise and Kakao Corp. are well-known companies based in South Korea.,yes
CVPR-2020-A003902,Myung-Cheol Roh,"Kakao Enterprise, Kakao Corp.",UNKNOWN,South Korea,high,Kakao Enterprise and Kakao Corp. are well-known companies based in South Korea.,yes
CVPR-2020-A003903,Jongju Shin,"Kakao Enterprise, Kakao Corp.",UNKNOWN,South Korea,high,Kakao Enterprise and Kakao Corp. are well-known companies based in South Korea.,yes
CVPR-2020-A003904,Yang Li,"The University of Tokyo, UESTC, RIKEN, Technical University Munich",UNKNOWN,Japan | China | Germany,high,"The University of Tokyo is in Japan, UESTC (University of Electronic Science and Technology of China) is in China, and Technical University Munich is in Germany.",yes
CVPR-2020-A003905,Aljaz Bozic,"The University of Tokyo, UESTC, RIKEN, Technical University Munich",UNKNOWN,Japan | China | Germany,high,"The University of Tokyo is in Japan, UESTC (University of Electronic Science and Technology of China) is in China, and Technical University Munich is in Germany.",yes
CVPR-2020-A003906,Tianwei Zhang,"The University of Tokyo, UESTC, RIKEN, Technical University Munich",UNKNOWN,Japan | China | Germany,high,"The University of Tokyo is in Japan, UESTC (University of Electronic Science and Technology of China) is in China, and Technical University Munich is in Germany.",yes
CVPR-2020-A003907,Yanli Ji,"The University of Tokyo, UESTC, RIKEN, Technical University Munich",UNKNOWN,Japan | China | Germany,high,"The University of Tokyo is in Japan, UESTC (University of Electronic Science and Technology of China) is in China, and Technical University Munich is in Germany.",yes
CVPR-2020-A003908,Tatsuya Harada,"The University of Tokyo, UESTC, RIKEN, Technical University Munich",UNKNOWN,Japan | China | Germany,high,"The University of Tokyo is in Japan, UESTC (University of Electronic Science and Technology of China) is in China, and Technical University Munich is in Germany.",yes
CVPR-2020-A003909,Matthias Niessner,"The University of Tokyo, UESTC, RIKEN, Technical University Munich",UNKNOWN,Japan | China | Germany,high,"The University of Tokyo is in Japan, UESTC (University of Electronic Science and Technology of China) is in China, and Technical University Munich is in Germany.",yes
CVPR-2020-A003912,You Huang,Fuzhou University,UNKNOWN,China,high,"Fuzhou University is a well-known university located in Fuzhou, China.",yes
CVPR-2020-A003913,Yuanlong Yu,Fuzhou University,UNKNOWN,China,high,"Fuzhou University is a well-known university located in Fuzhou, China.",yes
CVPR-2020-A003914,Yuheng Li,Problem. While research in conditional image generation has made tremendous progress [,UNKNOWN,UNKNOWN,low,The institution string does not provide any information about a specific country or institution.,no
CVPR-2020-A003915,Krishna Kumar Singh,Problem. While research in conditional image generation has made tremendous progress [,UNKNOWN,UNKNOWN,low,The institution string does not provide any information about a specific country or institution.,no
CVPR-2020-A003916,Utkarsh Ojha,Problem. While research in conditional image generation has made tremendous progress [,UNKNOWN,UNKNOWN,low,The institution string does not provide any information about a specific country or institution.,no
CVPR-2020-A003917,Yong Jae Lee,Problem. While research in conditional image generation has made tremendous progress [,UNKNOWN,UNKNOWN,low,The institution string does not provide any information about a specific country or institution.,no
CVPR-2020-A003927,Zitian Huang,Shanghai Jiao Tong University,UNKNOWN,China,high,"Shanghai Jiao Tong University is a well-known university located in Shanghai, China.",yes
CVPR-2020-A003928,Yikuan Yu,Shanghai Jiao Tong University,UNKNOWN,China,high,"Shanghai Jiao Tong University is a well-known university located in Shanghai, China.",yes
CVPR-2020-A003929,Jiawen Xu,Shanghai Jiao Tong University,UNKNOWN,China,high,"Shanghai Jiao Tong University is a well-known university located in Shanghai, China.",yes
CVPR-2020-A003930,Feng Ni,Shanghai Jiao Tong University,UNKNOWN,China,high,"Shanghai Jiao Tong University is a well-known university located in Shanghai, China.",yes
CVPR-2020-A003931,Xinyi Le,Shanghai Jiao Tong University,UNKNOWN,China,high,"Shanghai Jiao Tong University is a well-known university located in Shanghai, China.",yes
CVPR-2020-A003932,Zhihe Lu,"CVSSP, University of Surrey | iFlyTek-Surrey Joint Research Centre on Artificial Intelligence",UNKNOWN,United Kingdom | China,high,"The institution includes 'University of Surrey', which is located in the United Kingdom, and 'iFlyTek-Surrey Joint Research Centre on Artificial Intelligence', which involves iFlyTek, a company based in China.",yes
CVPR-2020-A003933,Yongxin Yang,"CVSSP, University of Surrey | iFlyTek-Surrey Joint Research Centre on Artificial Intelligence",UNKNOWN,United Kingdom | China,high,"The institution includes 'University of Surrey', which is located in the United Kingdom, and 'iFlyTek-Surrey Joint Research Centre on Artificial Intelligence', which involves iFlyTek, a company based in China.",yes
CVPR-2020-A003934,Xiatian Zhu,"CVSSP, University of Surrey",UNKNOWN,United Kingdom,high,The University of Surrey is located in the United Kingdom.,yes
CVPR-2020-A003935,Cong Liu,iFlyTek-Surrey Joint Research Centre on Artificial Intelligence,UNKNOWN,United Kingdom | China,high,"iFlyTek is a Chinese company, and Surrey refers to the University of Surrey in the United Kingdom.",yes
CVPR-2020-A003936,Yi-Zhe Song,"CVSSP, University of Surrey | iFlyTek-Surrey Joint Research Centre on Artificial Intelligence",UNKNOWN,United Kingdom | China,high,"The institution includes 'University of Surrey', which is located in the United Kingdom, and 'iFlyTek-Surrey Joint Research Centre on Artificial Intelligence', which involves iFlyTek, a company based in China.",yes
CVPR-2020-A003937,Tao Xiang,"CVSSP, University of Surrey | iFlyTek-Surrey Joint Research Centre on Artificial Intelligence",UNKNOWN,United Kingdom | China,high,"The institution includes 'University of Surrey', which is located in the United Kingdom, and 'iFlyTek-Surrey Joint Research Centre on Artificial Intelligence', which involves iFlyTek, a company based in China.",yes
CVPR-2020-A003956,Xuhua Huang,The Hong Kong University of Science and Technology Tencent,UNKNOWN,Hong Kong | China,medium,"The Hong Kong University of Science and Technology is located in Hong Kong, which is a Special Administrative Region of China.",yes
CVPR-2020-A003957,Jiarui Xu,The Hong Kong University of Science and Technology Tencent,UNKNOWN,Hong Kong | China,medium,"The Hong Kong University of Science and Technology is located in Hong Kong, which is a Special Administrative Region of China.",yes
CVPR-2020-A003958,Yu-Wing Tai,The Hong Kong University of Science and Technology Tencent,UNKNOWN,Hong Kong | China,medium,"The Hong Kong University of Science and Technology is located in Hong Kong, which is a Special Administrative Region of China.",yes
CVPR-2020-A003959,Chi-Keung Tang,The Hong Kong University of Science and Technology Tencent,UNKNOWN,Hong Kong | China,medium,"The Hong Kong University of Science and Technology is located in Hong Kong, which is a Special Administrative Region of China.",yes
CVPR-2020-A003960,Chu Wang,McGill University Adobe Research IIT Bombay,UNKNOWN,Canada | India,high,"McGill University is located in Canada, and IIT Bombay is located in India.",yes
CVPR-2020-A003961,Babak Samari,McGill University Adobe Research IIT Bombay,UNKNOWN,Canada | India,high,"McGill University is located in Canada, and IIT Bombay is located in India.",yes
CVPR-2020-A003962,Vladimir G. Kim,McGill University Adobe Research IIT Bombay,UNKNOWN,Canada | India,high,"McGill University is located in Canada, and IIT Bombay is located in India.",yes
CVPR-2020-A003963,Siddhartha Chaudhuri,McGill University Adobe Research IIT Bombay,UNKNOWN,Canada | India,high,"McGill University is located in Canada, and IIT Bombay is located in India.",yes
CVPR-2020-A003964,Kaleem Siddiqi,McGill University Adobe Research IIT Bombay,UNKNOWN,Canada | India,high,"McGill University is located in Canada, and IIT Bombay is located in India.",yes
CVPR-2020-A003965,Zizhao Zhang,"Google Cloud AI, Google Brain",UNKNOWN,United States,high,Google Cloud AI and Google Brain are well-known research entities based in the United States.,yes
CVPR-2020-A003966,Han Zhang,"Google Cloud AI, Google Brain",UNKNOWN,United States,high,Google Cloud AI and Google Brain are well-known research entities based in the United States.,yes
CVPR-2020-A003967,Sercan O. Arik,"Google Cloud AI, Google Brain",UNKNOWN,United States,high,Google Cloud AI and Google Brain are well-known research entities based in the United States.,yes
CVPR-2020-A003968,Honglak Lee,"Google Cloud AI, Google Brain",UNKNOWN,United States,high,Google Cloud AI and Google Brain are well-known research entities based in the United States.,yes
CVPR-2020-A003969,Tomas Pfister,"Google Cloud AI, Google Brain",UNKNOWN,United States,high,Google Cloud AI and Google Brain are well-known research entities based in the United States.,yes
CVPR-2020-A003970,Ping Hu,Boston University Adobe Research,UNKNOWN,United States,high,Boston University is a well-known institution located in the United States. Adobe Research is also based in the United States.,yes
CVPR-2020-A003971,Fabian Caba,Boston University Adobe Research,UNKNOWN,United States,high,Boston University is a well-known institution located in the United States. Adobe Research is also based in the United States.,yes
CVPR-2020-A003972,Oliver Wang,Boston University Adobe Research,UNKNOWN,United States,high,Boston University is a well-known institution located in the United States. Adobe Research is also based in the United States.,yes
CVPR-2020-A003973,Zhe Lin,Boston University Adobe Research,UNKNOWN,United States,high,Boston University is a well-known institution located in the United States. Adobe Research is also based in the United States.,yes
CVPR-2020-A003974,Stan Sclaroff,Boston University Adobe Research,UNKNOWN,United States,high,Boston University is a well-known institution located in the United States. Adobe Research is also based in the United States.,yes
CVPR-2020-A003975,Federico Perazzi,Boston University Adobe Research,UNKNOWN,United States,high,Boston University is a well-known institution located in the United States. Adobe Research is also based in the United States.,yes
CVPR-2020-A003976,Takuhiro Kaneko,The University of Tokyo,UNKNOWN,Japan,high,The University of Tokyo is a well-known institution located in Japan.,yes
CVPR-2020-A003977,Tatsuya Harada,The University of Tokyo | RIKEN,UNKNOWN,Japan,high,The University of Tokyo and RIKEN are well-known institutions located in Japan.,yes
CVPR-2020-A003988,Yuhan Zhang,Beihang University,UNKNOWN,China,high,Beihang University is a well-known university located in China.,yes
CVPR-2020-A003991,Zhongdao Wang,Tsinghua University,UNKNOWN,China,high,Tsinghua University is a well-known institution located in China.,yes
CVPR-2020-A003993,Abdul Fatir Ansari,Department of Computer Science,UNKNOWN,UNKNOWN,low,The institution name 'Department of Computer Science' is generic and does not provide enough information to determine the country. The conference (CVPR) and year (2020) are not sufficient evidence for country inference.,no
CVPR-2020-A003995,Harold Soh,Department of Computer Science,UNKNOWN,UNKNOWN,low,The institution name 'Department of Computer Science' is generic and does not provide enough information to determine the country. The conference (CVPR) and year (2020) are not sufficient evidence for country inference.,no
CVPR-2020-A003996,Rui Zhao,RPI and IBM Research,UNKNOWN,United States | China,medium,"RPI (Rensselaer Polytechnic Institute) is located in the United States, and IBM Research has locations in multiple countries, including the United States and China. The conference (CVPR) is held internationally, so the country cannot be determined with certainty.",no
CVPR-2020-A003997,Hui Su,RPI and IBM Research,UNKNOWN,United States | China,medium,"RPI (Rensselaer Polytechnic Institute) is located in the United States, and IBM Research has locations in multiple countries, including the United States and China. The conference (CVPR) is held internationally, so the country cannot be determined with certainty.",no
CVPR-2020-A003998,Qiang Ji,RPI and IBM Research,UNKNOWN,United States | China,medium,"RPI (Rensselaer Polytechnic Institute) is located in the United States, and IBM Research has locations in multiple countries, including the United States and China. The conference (CVPR) is held internationally, so the country cannot be determined with certainty.",no
CVPR-2020-A003999,Tianyu Guo,"Key Lab of Machine Perception (MOE), Dept. of Machine Intelligence, Peking University.",UNKNOWN,China,high,Peking University is a well-known institution located in China.,yes
CVPR-2020-A004002,Yunhe Wang,"Noah’s Ark Lab, Huawei Technologies.",UNKNOWN,China | United States,medium,"Huawei Technologies is a well-known Chinese company, while Noah’s Ark Lab is associated with Huawei and located in the United States.",no
CVPR-2020-A004003,Boxin Shi,"NELVT, Dept. of CS, Peking University. | Peng Cheng Laboratory.",UNKNOWN,China,high,Peking University is a well-known institution located in China. The Peng Cheng Laboratory is also based in China.,yes
CVPR-2020-A004004,Chao Xu,"Key Lab of Machine Perception (MOE), Dept. of Machine Intelligence, Peking University.",UNKNOWN,China,high,Peking University is a well-known institution located in China.,yes
CVPR-2020-A004011,Rameen Abdal,Cardiff University,UNKNOWN,United Kingdom,high,"Cardiff University is a well-known university located in Cardiff, Wales, which is part of the United Kingdom.",yes
CVPR-2020-A004012,Yipeng Qin,Cardiff University,UNKNOWN,United Kingdom,high,"Cardiff University is a well-known university located in Cardiff, Wales, which is part of the United Kingdom.",yes
CVPR-2020-A004013,Peter Wonka,Cardiff University,UNKNOWN,United Kingdom,high,"Cardiff University is a well-known university located in Cardiff, Wales, which is part of the United Kingdom.",yes
CVPR-2020-A004014,Rui Xiang,Department of Mathematics UC Irvine,UNKNOWN,United States,high,UC Irvine is a well-known university located in the United States.,yes
CVPR-2020-A004015,Rongjie Lai,Department of Mathematics Rensselaer Polytechnic Institute,UNKNOWN,United States,high,Rensselaer Polytechnic Institute is a well-known university located in the United States.,yes
CVPR-2020-A004016,Hongkai Zhao,Department of Mathematics UC Irvine,UNKNOWN,United States,high,UC Irvine is a well-known university located in the United States.,yes
CVPR-2020-A004028,Hongyi Xu,Google Research,UNKNOWN,United States,medium,"Google Research is primarily based in the United States, though it has offices in other countries.",no
CVPR-2020-A004029,Eduard Gabriel Bazavan,Google Research,UNKNOWN,United States,medium,"Google Research is primarily based in the United States, though it has offices in other countries.",no
CVPR-2020-A004030,Andrei Zanfir,Google Research,UNKNOWN,United States,medium,"Google Research is primarily based in the United States, though it has offices in other countries.",no
CVPR-2020-A004031,William T. Freeman,Google Research,UNKNOWN,United States,medium,"Google Research is primarily based in the United States, though it has offices in other countries.",no
CVPR-2020-A004032,Rahul Sukthankar,Google Research,UNKNOWN,United States,medium,"Google Research is primarily based in the United States, though it has offices in other countries.",no
CVPR-2020-A004033,Cristian Sminchisescu,Google Research,UNKNOWN,United States,medium,"Google Research is primarily based in the United States, though it has offices in other countries.",no
CVPR-2020-A004042,Andre Mateus,"Instituto Superior Técnico, Lisboa Google",UNKNOWN,Portugal,high,"Instituto Superior Técnico is a well-known institution located in Lisbon, Portugal.",yes
CVPR-2020-A004043,Srikumar Ramalingam,"Instituto Superior Técnico, Lisboa Google",UNKNOWN,Portugal,high,"Instituto Superior Técnico is a well-known institution located in Lisbon, Portugal.",yes
CVPR-2020-A004044,Pedro Miraldo,"Instituto Superior Técnico, Lisboa Google",UNKNOWN,Portugal,high,"Instituto Superior Técnico is a well-known institution located in Lisbon, Portugal.",yes
CVPR-2020-A004053,Xinchao Wang,Stevens Institute of Technology,UNKNOWN,United States,high,Stevens Institute of Technology is a well-known institution located in the United States.,yes
CVPR-2020-A004054,Dacheng Tao,"UBTECH Sydney AI Centre, School of Computer Science, Faculty of Engineering",UNKNOWN,Australia,high,"The institution name includes 'Sydney', which is a major city in Australia.",yes
CVPR-2020-A004055,Yiqun Mei,"IFP Group, UIUC, Horizon Robotics, University of Oregon",UNKNOWN,United States | China,medium,"UIUC (University of Illinois at Urbana-Champaign) and University of Oregon are U.S. institutions. IFP Group is ambiguous, but Horizon Robotics is a Chinese company.",no
CVPR-2020-A004056,Yuchen Fan,"IFP Group, UIUC, Horizon Robotics, University of Oregon",UNKNOWN,United States | China,medium,"UIUC (University of Illinois at Urbana-Champaign) and University of Oregon are U.S. institutions. IFP Group is ambiguous, but Horizon Robotics is a Chinese company.",no
CVPR-2020-A004057,Yuqian Zhou,"IFP Group, UIUC, Horizon Robotics, University of Oregon",UNKNOWN,United States | China,medium,"UIUC (University of Illinois at Urbana-Champaign) and University of Oregon are U.S. institutions. IFP Group is ambiguous, but Horizon Robotics is a Chinese company.",no
CVPR-2020-A004058,Lichao Huang,"IFP Group, UIUC, Horizon Robotics, University of Oregon",UNKNOWN,United States | China,medium,"UIUC (University of Illinois at Urbana-Champaign) and University of Oregon are U.S. institutions. IFP Group is ambiguous, but Horizon Robotics is a Chinese company.",no
CVPR-2020-A004059,Thomas S. Huang,"IFP Group, UIUC, Horizon Robotics, University of Oregon",UNKNOWN,United States | China,medium,"UIUC (University of Illinois at Urbana-Champaign) and University of Oregon are U.S. institutions. IFP Group is ambiguous, but Horizon Robotics is a Chinese company.",no
CVPR-2020-A004060,Honghui Shi,"IFP Group, UIUC, Horizon Robotics, University of Oregon",UNKNOWN,United States | China,medium,"UIUC (University of Illinois at Urbana-Champaign) and University of Oregon are U.S. institutions. IFP Group is ambiguous, but Horizon Robotics is a Chinese company.",no
CVPR-2020-A004061,Ambar Pal,"Mathematical Institute for Data Science, Johns Hopkins University, Baltimore, MD",UNKNOWN,United States,high,"Johns Hopkins University is located in Baltimore, MD, which is in the United States.",yes
CVPR-2020-A004062,Connor Lane,"Mathematical Institute for Data Science, Johns Hopkins University, Baltimore, MD",UNKNOWN,United States,high,"Johns Hopkins University is located in Baltimore, MD, which is in the United States.",yes
CVPR-2020-A004063,Rene Vidal,"Mathematical Institute for Data Science, Johns Hopkins University, Baltimore, MD",UNKNOWN,United States,high,"Johns Hopkins University is located in Baltimore, MD, which is in the United States.",yes
CVPR-2020-A004064,Benjamin D. Haeffele,"Mathematical Institute for Data Science, Johns Hopkins University, Baltimore, MD",UNKNOWN,United States,high,"Johns Hopkins University is located in Baltimore, MD, which is in the United States.",yes
CVPR-2020-A004080,Huu Le,"Chalmers University of Technology, Sweden",UNKNOWN,Sweden,high,The institution name explicitly includes 'Sweden'.,yes
CVPR-2020-A004081,Christopher Zach,"Chalmers University of Technology, Sweden",UNKNOWN,Sweden,high,The institution name explicitly includes 'Sweden'.,yes
CVPR-2020-A004082,Evangelos Sariyanidi,"Center for Autism Research, Children’s Hospital of Philadelphia",UNKNOWN,United States,high,Children’s Hospital of Philadelphia is a well-known institution located in the United States.,yes
CVPR-2020-A004083,Casey J. Zampella,"Center for Autism Research, Children’s Hospital of Philadelphia",UNKNOWN,United States,high,Children’s Hospital of Philadelphia is a well-known institution located in the United States.,yes
CVPR-2020-A004084,Keith G. Bartley,"Center for Autism Research, Children’s Hospital of Philadelphia",UNKNOWN,United States,high,Children’s Hospital of Philadelphia is a well-known institution located in the United States.,yes
CVPR-2020-A004085,John D. Herrington,"Center for Autism Research, Children’s Hospital of Philadelphia | University of Pennsylvania",UNKNOWN,United States,high,The institution names 'Children’s Hospital of Philadelphia' and 'University of Pennsylvania' are well-known institutions located in the United States.,yes
CVPR-2020-A004086,Theodore D. Satterthwaite,University of Pennsylvania,UNKNOWN,United States,high,The University of Pennsylvania is a well-known institution located in the United States.,yes
CVPR-2020-A004087,Robert T. Schultz,"Center for Autism Research, Children’s Hospital of Philadelphia | University of Pennsylvania",UNKNOWN,United States,high,The institution names 'Children’s Hospital of Philadelphia' and 'University of Pennsylvania' are well-known institutions located in the United States.,yes
CVPR-2020-A004088,Birkan Tunc,"Center for Autism Research, Children’s Hospital of Philadelphia | University of Pennsylvania",UNKNOWN,United States,high,The institution names 'Children’s Hospital of Philadelphia' and 'University of Pennsylvania' are well-known institutions located in the United States.,yes
CVPR-2020-A004089,Marc Habermann,"Max Planck Institute for Informatics, Saarland Informatics Campus, Stanford University",UNKNOWN,Germany | United States,high,"Max Planck Institute for Informatics and Saarland Informatics Campus are located in Germany, while Stanford University is located in the United States.",yes
CVPR-2020-A004090,Weipeng Xu,"Max Planck Institute for Informatics, Saarland Informatics Campus, Stanford University",UNKNOWN,Germany | United States,high,"Max Planck Institute for Informatics and Saarland Informatics Campus are located in Germany, while Stanford University is located in the United States.",yes
CVPR-2020-A004091,Michael Zollhofer,"Max Planck Institute for Informatics, Saarland Informatics Campus, Stanford University",UNKNOWN,Germany | United States,high,"Max Planck Institute for Informatics and Saarland Informatics Campus are located in Germany, while Stanford University is located in the United States.",yes
CVPR-2020-A004092,Gerard Pons-Moll,"Max Planck Institute for Informatics, Saarland Informatics Campus, Stanford University",UNKNOWN,Germany | United States,high,"Max Planck Institute for Informatics and Saarland Informatics Campus are located in Germany, while Stanford University is located in the United States.",yes
CVPR-2020-A004093,Christian Theobalt,"Max Planck Institute for Informatics, Saarland Informatics Campus, Stanford University",UNKNOWN,Germany | United States,high,"Max Planck Institute for Informatics and Saarland Informatics Campus are located in Germany, while Stanford University is located in the United States.",yes
CVPR-2020-A004103,Duo Li,The Hong Kong University of Science and Technology,UNKNOWN,Hong Kong,high,"The institution name explicitly includes 'Hong Kong', which is a Special Administrative Region of China but is often treated as a separate entity in academic and institutional contexts.",yes
CVPR-2020-A004104,Qifeng Chen,The Hong Kong University of Science and Technology,UNKNOWN,Hong Kong,high,"The institution name explicitly includes 'Hong Kong', which is a Special Administrative Region of China but is often treated as a separate entity in academic and institutional contexts.",yes
CVPR-2020-A004105,Lei Zhao,"College of Computer Science and Technology, Zhejiang University",UNKNOWN,China,high,Zhejiang University is a well-known institution located in China.,yes
CVPR-2020-A004106,Qihang Mo,"College of Computer Science and Technology, Zhejiang University",UNKNOWN,China,high,Zhejiang University is a well-known university located in China.,yes
CVPR-2020-A004107,Sihuan Lin,"College of Computer Science and Technology, Zhejiang University",UNKNOWN,China,high,Zhejiang University is a well-known university located in China.,yes
CVPR-2020-A004108,Zhizhong Wang,"College of Computer Science and Technology, Zhejiang University",UNKNOWN,China,high,Zhejiang University is a well-known university located in China.,yes
CVPR-2020-A004109,Zhiwen Zuo,"College of Computer Science and Technology, Zhejiang University",UNKNOWN,China,high,Zhejiang University is a well-known university located in China.,yes
CVPR-2020-A004110,Haibo Chen,"College of Computer Science and Technology, Zhejiang University",UNKNOWN,China,high,Zhejiang University is a well-known university located in China.,yes
CVPR-2020-A004111,Wei Xing,"College of Computer Science and Technology, Zhejiang University",UNKNOWN,China,high,Zhejiang University is a well-known university located in China.,yes
CVPR-2020-A004112,Dongming Lu,"College of Computer Science and Technology, Zhejiang University",UNKNOWN,China,high,Zhejiang University is a well-known university located in China.,yes
CVPR-2020-A004113,Hao Sun,University of Missouri,UNKNOWN,United States,high,The University of Missouri is a well-known institution located in the United States.,yes
CVPR-2020-A004114,Zhiqun Zhao,University of Missouri,UNKNOWN,United States,high,The University of Missouri is a well-known institution located in the United States.,yes
CVPR-2020-A004115,Zhihai He,University of Missouri,UNKNOWN,United States,high,The University of Missouri is a well-known institution located in the United States.,yes
CVPR-2020-A004116,Yichun Shi,Michigan State University | NEC Labs America,UNKNOWN,United States,high,Both 'Michigan State University' and 'NEC Labs America' are well-known institutions based in the United States.,yes
CVPR-2020-A004117,Xiang Yu,NEC Labs America,UNKNOWN,United States,high,NEC Labs America is a well-known research laboratory based in the United States.,yes
CVPR-2020-A004118,Kihyuk Sohn,NEC Labs America,UNKNOWN,United States,high,NEC Labs America is a well-known research laboratory based in the United States.,yes
CVPR-2020-A004120,Anil K. Jain,Michigan State University,UNKNOWN,United States,high,Michigan State University is a well-known university located in the United States.,yes
CVPR-2020-A004125,Peizhao Li,Brandeis University,UNKNOWN,United States,high,Brandeis University is a well-known university located in the United States.,yes
CVPR-2020-A004127,Hongfu Liu,Brandeis University,UNKNOWN,United States,high,Brandeis University is a well-known university located in the United States.,yes
CVPR-2020-A004128,Yudong Wu,SenseTime Group Limited BeiHang University Tsinghua University,UNKNOWN,China,high,"SenseTime Group Limited, BeiHang University, and Tsinghua University are all well-known institutions based in China.",yes
CVPR-2020-A004129,Yichao Wu,SenseTime Group Limited BeiHang University Tsinghua University,UNKNOWN,China,high,"SenseTime Group Limited, BeiHang University, and Tsinghua University are all well-known institutions based in China.",yes
CVPR-2020-A004130,Ruihao Gong,SenseTime Group Limited BeiHang University Tsinghua University,UNKNOWN,China,high,"SenseTime Group Limited, BeiHang University, and Tsinghua University are all well-known institutions based in China.",yes
CVPR-2020-A004131,Yuanhao Lv,SenseTime Group Limited BeiHang University Tsinghua University,UNKNOWN,China,high,"SenseTime Group Limited, BeiHang University, and Tsinghua University are all well-known institutions based in China.",yes
CVPR-2020-A004132,Ken Chen,SenseTime Group Limited BeiHang University Tsinghua University,UNKNOWN,China,high,"SenseTime Group Limited, BeiHang University, and Tsinghua University are all well-known institutions based in China.",yes
CVPR-2020-A004133,Ding Liang,SenseTime Group Limited BeiHang University Tsinghua University,UNKNOWN,China,high,"SenseTime Group Limited, BeiHang University, and Tsinghua University are all well-known institutions based in China.",yes
CVPR-2020-A004134,Xiaolin Hu,SenseTime Group Limited BeiHang University Tsinghua University,UNKNOWN,China,high,"SenseTime Group Limited, BeiHang University, and Tsinghua University are all well-known institutions based in China.",yes
CVPR-2020-A004135,Xianglong Liu,SenseTime Group Limited BeiHang University Tsinghua University,UNKNOWN,China,high,"SenseTime Group Limited, BeiHang University, and Tsinghua University are all well-known institutions based in China.",yes
CVPR-2020-A004136,Junjie Yan,SenseTime Group Limited BeiHang University Tsinghua University,UNKNOWN,China,high,"SenseTime Group Limited, BeiHang University, and Tsinghua University are all well-known institutions based in China.",yes
CVPR-2020-A004137,Jianqiang Wan,Huazhong University of Science and Technology,UNKNOWN,China,high,Huazhong University of Science and Technology is a well-known university located in China.,yes
CVPR-2020-A004138,Yang Liu,Huazhong University of Science and Technology,UNKNOWN,China,high,Huazhong University of Science and Technology is a well-known university located in China.,yes
CVPR-2020-A004139,Donglai Wei,Harvard University,UNKNOWN,United States,high,Harvard University is a well-known institution located in the United States.,yes
CVPR-2020-A004140,Xiang Bai,Huazhong University of Science and Technology,UNKNOWN,China,high,Huazhong University of Science and Technology is a well-known university located in China.,yes
CVPR-2020-A004141,Yongchao Xu,Huazhong University of Science and Technology,UNKNOWN,China,high,Huazhong University of Science and Technology is a well-known university located in China.,yes
CVPR-2020-A004143,Wentao Zhu,Peking University,UNKNOWN,China,high,Peking University is a well-known institution located in China.,yes
CVPR-2020-A004149,Xuyang Bai,Hong Kong University of Science and Technology,UNKNOWN,Hong Kong,high,"The institution name explicitly includes 'Hong Kong', which is a Special Administrative Region of China but is often treated as a separate entity in academic and institutional contexts.",yes
CVPR-2020-A004150,Zixin Luo,Hong Kong University of Science and Technology,UNKNOWN,Hong Kong,high,"The institution name explicitly includes 'Hong Kong', which is a Special Administrative Region of China but is often treated as a separate entity in academic and institutional contexts.",yes
CVPR-2020-A004151,Lei Zhou,Hong Kong University of Science and Technology,UNKNOWN,Hong Kong,high,"The institution name explicitly includes 'Hong Kong', which is a Special Administrative Region of China but is often treated as a separate entity in academic and institutional contexts.",yes
CVPR-2020-A004152,Hongbo Fu,City University of Hong Kong,UNKNOWN,Hong Kong,high,"The institution name explicitly includes 'Hong Kong', which is a Special Administrative Region of China but is often treated as a separate entity in academic and institutional contexts.",yes
CVPR-2020-A004153,Long Quan,Hong Kong University of Science and Technology,UNKNOWN,Hong Kong,high,"The institution name explicitly includes 'Hong Kong', which is a Special Administrative Region of China but is often treated as a separate entity in academic and institutional contexts.",yes
CVPR-2020-A004163,Daquan Liu,"School of Computer Science, Wuhan University",UNKNOWN,China,high,Wuhan University is a well-known institution located in China.,yes
CVPR-2020-A004165,Hongpan Zhang,"School of Computer Science, Wuhan University",UNKNOWN,China,high,Wuhan University is a well-known institution located in China.,yes
CVPR-2020-A004166,Hanning Yu,"School of Computer Science, Wuhan University",UNKNOWN,China,high,Wuhan University is a well-known institution located in China.,yes
CVPR-2020-A004167,Xinzhi Dong,"School of Computer Science, Wuhan University",UNKNOWN,China,high,Wuhan University is a well-known institution located in China.,yes
CVPR-2020-A004168,Chunxia Xiao,"School of Computer Science, Wuhan University | National Engineering Research Center For Multimedia Software, Wuhan University | Institute of Artificial Intelligence, Wuhan University",UNKNOWN,China,high,"The institution names explicitly mention 'Wuhan University,' which is located in China.",yes
CVPR-2020-A004169,Eric-Tuan Le,Adobe Research,UNKNOWN,United States,medium,"Adobe Research is a well-known research division based in the United States, though it may have international collaborations.",yes
CVPR-2020-A004170,Iasonas Kokkinos,Adobe Research,UNKNOWN,United States,medium,"Adobe Research is a well-known research division based in the United States, though it may have international collaborations.",yes
CVPR-2020-A004171,Niloy J. Mitra,Adobe Research,UNKNOWN,United States,medium,"Adobe Research is a well-known research division based in the United States, though it may have international collaborations.",yes
CVPR-2020-A004174,Iro Laina,Technische Universität München | University of Oxford,UNKNOWN,Germany | United Kingdom,high,"Technische Universität München is located in Germany, and the University of Oxford is located in the United Kingdom.",yes
CVPR-2020-A004175,Nassir Navab,Technische Universität München | Johns Hopkins University,UNKNOWN,Germany | United States,high,"Technische Universität München is located in Germany, and Johns Hopkins University is located in the United States.",yes
CVPR-2020-A004176,Gregory D. Hager,Johns Hopkins University,UNKNOWN,United States,high,Johns Hopkins University is a well-known university located in the United States.,yes
CVPR-2020-A004177,Federico Tombari,Technische Universität München | Google,UNKNOWN,Germany | United States,high,"Technische Universität München is a well-known university in Germany, and Google is a company based in the United States.",yes
CVPR-2020-A004178,Christian Rupprecht,University of Oxford,UNKNOWN,United Kingdom,high,The University of Oxford is a well-known institution located in the United Kingdom.,yes
CVPR-2020-A004179,Konstantinos Rematas,Google Research,UNKNOWN,United States,medium,"Google Research is primarily based in the United States, though it has offices in other countries.",no
CVPR-2020-A004180,Vittorio Ferrari,Google Research,UNKNOWN,United States,medium,"Google Research is primarily based in the United States, though it has offices in other countries.",no
CVPR-2020-A004187,Shichao Li,"The Hong Kong University of Science and Technology, Tencent",UNKNOWN,Hong Kong | China,medium,"The Hong Kong University of Science and Technology is located in Hong Kong, which is a Special Administrative Region of China. Tencent is a company based in China.",yes
CVPR-2020-A004188,Lei Ke,"The Hong Kong University of Science and Technology, Tencent",UNKNOWN,Hong Kong | China,medium,"The Hong Kong University of Science and Technology is located in Hong Kong, which is a Special Administrative Region of China. Tencent is a company based in China.",yes
CVPR-2020-A004189,Kevin Pratama,"The Hong Kong University of Science and Technology, Tencent",UNKNOWN,Hong Kong | China,medium,"The Hong Kong University of Science and Technology is located in Hong Kong, which is a Special Administrative Region of China. Tencent is a company based in China.",yes
CVPR-2020-A004190,Yu-Wing Tai,"The Hong Kong University of Science and Technology, Tencent",UNKNOWN,Hong Kong | China,medium,"The Hong Kong University of Science and Technology is located in Hong Kong, which is a Special Administrative Region of China. Tencent is a company based in China.",yes
CVPR-2020-A004191,Chi-Keung Tang,"The Hong Kong University of Science and Technology, Tencent",UNKNOWN,Hong Kong | China,medium,"The Hong Kong University of Science and Technology is located in Hong Kong, which is a Special Administrative Region of China. Tencent is a company based in China.",yes
CVPR-2020-A004192,Kwang-Ting Cheng,"The Hong Kong University of Science and Technology, Tencent",UNKNOWN,Hong Kong | China,medium,"The Hong Kong University of Science and Technology is located in Hong Kong, which is a Special Administrative Region of China. Tencent is a company based in China.",yes
CVPR-2020-A004193,Prashant W. Patil,"CVPR Lab, Indian Institute of Technology Ropar, INDIA",UNKNOWN,India,high,"The institution name explicitly includes 'Indian Institute of Technology Ropar' and 'INDIA', clearly indicating the country.",yes
CVPR-2020-A004194,Kuldeep M. Biradar,"CVPR Lab, Indian Institute of Technology Ropar, INDIA",UNKNOWN,India,high,"The institution name explicitly includes 'Indian Institute of Technology Ropar' and 'INDIA', clearly indicating the country.",yes
CVPR-2020-A004195,Akshay Dudhane,"CVPR Lab, Indian Institute of Technology Ropar, INDIA",UNKNOWN,India,high,"The institution name explicitly includes 'Indian Institute of Technology Ropar' and 'INDIA', clearly indicating the country.",yes
CVPR-2020-A004196,Subrahmanyam Murala,"CVPR Lab, Indian Institute of Technology Ropar, INDIA",UNKNOWN,India,high,"The institution name explicitly includes 'Indian Institute of Technology Ropar' and 'INDIA', clearly indicating the country.",yes
CVPR-2020-A004197,Miao Zhang,Beijing Institute of Technology | University of Technology Sydney,UNKNOWN,China | Australia,high,"Beijing Institute of Technology is located in China, and the University of Technology Sydney is located in Australia.",yes
CVPR-2020-A004198,Huiqi Li,Beijing Institute of Technology,UNKNOWN,China,high,Beijing Institute of Technology is a well-known institution located in China.,yes
CVPR-2020-A004199,Shirui Pan,Monash University,UNKNOWN,Australia,high,Monash University is a well-known university located in Australia.,yes
CVPR-2020-A004200,Xiaojun Chang,Monash University,UNKNOWN,Australia,high,Monash University is a well-known university located in Australia.,yes
CVPR-2020-A004201,Steven Su,University of Technology Sydney,UNKNOWN,Australia,high,"The University of Technology Sydney is a well-known institution located in Sydney, Australia.",yes
CVPR-2020-A004202,Wei Xiong,University of Rochester,UNKNOWN,United States,high,The University of Rochester is a well-known institution located in the United States.,yes
CVPR-2020-A004203,Yutong He,University of Rochester,UNKNOWN,United States,high,The University of Rochester is a well-known institution located in the United States.,yes
CVPR-2020-A004204,Yixuan Zhang,University of Rochester,UNKNOWN,United States,high,The University of Rochester is a well-known institution located in the United States.,yes
CVPR-2020-A004205,Wenhan Luo,Tencent AI Lab,UNKNOWN,China,high,"Tencent is a well-known Chinese technology company, and its AI Lab is based in China.",yes
CVPR-2020-A004206,Lin Ma,Tencent AI Lab,UNKNOWN,China,high,"Tencent is a well-known Chinese technology company, and its AI Lab is based in China.",yes
CVPR-2020-A004207,Jiebo Luo,University of Rochester,UNKNOWN,United States,high,The University of Rochester is a well-known institution located in the United States.,yes
CVPR-2020-A004208,Ishan Misra,Facebook AI Research,UNKNOWN,United States,medium,"Facebook AI Research is based in the United States, but the conference (CVPR) is international and does not provide direct country information.",yes
CVPR-2020-A004209,Laurens van der Maaten,Facebook AI Research,UNKNOWN,United States,medium,"Facebook AI Research is based in the United States, but the conference (CVPR) is international and does not provide direct country information.",yes
CVPR-2020-A004218,Jin Liu,"School of Remote Sensing and Information Engineering, Wuhan University",UNKNOWN,China,high,"Wuhan University is a well-known institution located in Wuhan, China.",yes
CVPR-2020-A004219,Shunping Ji,"School of Remote Sensing and Information Engineering, Wuhan University",UNKNOWN,China,high,"Wuhan University is a well-known institution located in Wuhan, China.",yes
CVPR-2020-A004232,Tian Han,"Department of Computer Science, Stevens Institute of Technology",UNKNOWN,United States,high,Stevens Institute of Technology is a well-known institution located in the United States.,yes
CVPR-2020-A004233,Erik Nijkamp,"Department of Statistics, University of California, Los Angeles",UNKNOWN,United States,high,"The institution 'University of California, Los Angeles' is a well-known university located in the United States.",yes
CVPR-2020-A004234,Linqi Zhou,"Department of Statistics, University of California, Los Angeles",UNKNOWN,United States,high,"The institution 'University of California, Los Angeles' is a well-known university located in the United States.",yes
CVPR-2020-A004235,Bo Pang,"Department of Statistics, University of California, Los Angeles",UNKNOWN,United States,high,"The institution 'University of California, Los Angeles' is a well-known university located in the United States.",yes
CVPR-2020-A004236,Song-Chun Zhu,"Department of Statistics, University of California, Los Angeles",UNKNOWN,United States,high,"The institution 'University of California, Los Angeles' is a well-known university located in the United States.",yes
CVPR-2020-A004237,Ying Nian Wu,"Department of Statistics, University of California, Los Angeles",UNKNOWN,United States,high,"The institution 'University of California, Los Angeles' is a well-known university located in the United States.",yes
CVPR-2020-A004238,Peibin Chen,"Peking University, Ant Financial Services Group, Megvii",UNKNOWN,China,high,Peking University and Megvii are well-known institutions based in China. Ant Financial Services Group is also based in China.,yes
CVPR-2020-A004239,Tao Ma,"Peking University, Ant Financial Services Group, Megvii",UNKNOWN,China,high,Peking University and Megvii are well-known institutions based in China. Ant Financial Services Group is also based in China.,yes
CVPR-2020-A004240,Xu Qin,"Peking University, Ant Financial Services Group, Megvii",UNKNOWN,China,high,Peking University and Megvii are well-known institutions based in China. Ant Financial Services Group is also based in China.,yes
CVPR-2020-A004241,Weidi Xu,"Peking University, Ant Financial Services Group, Megvii",UNKNOWN,China,high,Peking University and Megvii are well-known institutions based in China. Ant Financial Services Group is also based in China.,yes
CVPR-2020-A004242,Shuchang Zhou,"Peking University, Ant Financial Services Group, Megvii",UNKNOWN,China,high,Peking University and Megvii are well-known institutions based in China. Ant Financial Services Group is also based in China.,yes
CVPR-2020-A004248,Wentao Jiang,"School of Computer Science and Engineering, Beihang University",UNKNOWN,China,high,Beihang University is a well-known university located in China.,yes
CVPR-2020-A004249,Si Liu,"School of Computer Science and Engineering, Beihang University",UNKNOWN,China,high,Beihang University is a well-known university located in China.,yes
CVPR-2020-A004255,Xia Li,"Zhejiang Lab | Key Laboratory of Machine Perception, Shenzhen Graduate School, Peking University | Key Laboratory of Machine Perception (MOE), School of EECS, Peking University",UNKNOWN,China,high,"The institution names include Peking University and Zhejiang Lab, both of which are well-known institutions in China. The mention of Shenzhen Graduate School also aligns with Chinese academic institutions.",yes
CVPR-2020-A004256,Yibo Yang,"Academy for Advanced Interdisciplinary Studies, Peking University | Key Laboratory of Machine Perception (MOE), School of EECS, Peking University",UNKNOWN,China,high,Peking University is a well-known institution located in China.,yes
CVPR-2020-A004257,Qijie Zhao,"Wangxuan Institute of Computer Technology, Peking University",UNKNOWN,China,high,Peking University is a well-known institution located in China.,yes
CVPR-2020-A004258,Tiancheng Shen,"Academy for Advanced Interdisciplinary Studies, Peking University | Key Laboratory of Machine Perception (MOE), School of EECS, Peking University",UNKNOWN,China,high,Peking University is a well-known institution located in China.,yes
CVPR-2020-A004259,Zhouchen Lin,"Key Laboratory of Machine Perception (MOE), School of EECS, Peking University",UNKNOWN,China,high,Peking University is a well-known institution located in China.,yes
CVPR-2020-A004265,Yujiang Wang,Imperial College London | Samsung AI Center Cambridge,UNKNOWN,United Kingdom,high,Imperial College London and the Samsung AI Center Cambridge are both located in the United Kingdom.,yes
CVPR-2020-A004266,Mingzhi Dong,University College London,UNKNOWN,United Kingdom,high,University College London is a well-known institution located in the United Kingdom.,yes
CVPR-2020-A004267,Jie Shen,Imperial College London | Samsung AI Center Cambridge,UNKNOWN,United Kingdom,high,Imperial College London and the Samsung AI Center Cambridge are both located in the United Kingdom.,yes
CVPR-2020-A004268,Yang Wu,Kyoto University,UNKNOWN,Japan,high,Kyoto University is a well-known institution located in Japan.,yes
CVPR-2020-A004269,Shiyang Cheng,Samsung AI Center Cambridge,UNKNOWN,United Kingdom,high,"Cambridge is a well-known city in the United Kingdom, and the Samsung AI Center is likely located there.",yes
CVPR-2020-A004270,Maja Pantic,Imperial College London | Samsung AI Center Cambridge,UNKNOWN,United Kingdom,high,Imperial College London and the Samsung AI Center Cambridge are both located in the United Kingdom.,yes
CVPR-2020-A004271,Bowen Li,University of Oxford University of Hong Kong,UNKNOWN,United Kingdom | China,high,"The University of Oxford is located in the United Kingdom, and the University of Hong Kong is located in China.",yes
CVPR-2020-A004272,Xiaojuan Qi,University of Oxford University of Hong Kong,UNKNOWN,United Kingdom | China,high,"The University of Oxford is located in the United Kingdom, and the University of Hong Kong is located in China.",yes
CVPR-2020-A004273,Thomas Lukasiewicz,University of Oxford University of Hong Kong,UNKNOWN,United Kingdom | China,high,"The University of Oxford is located in the United Kingdom, and the University of Hong Kong is located in China.",yes
CVPR-2020-A004274,Philip H.S. Torr,University of Oxford University of Hong Kong,UNKNOWN,United Kingdom | China,high,"The University of Oxford is located in the United Kingdom, and the University of Hong Kong is located in China.",yes
CVPR-2020-A004275,Garoe Dorta,University of Bath,UNKNOWN,United Kingdom,high,The University of Bath is a well-known university located in the United Kingdom.,yes
CVPR-2020-A004276,Sara Vicente,University of Bath,UNKNOWN,United Kingdom,high,The University of Bath is a well-known university located in the United Kingdom.,yes
CVPR-2020-A004277,Neill D. F. Campbell,University of Bath,UNKNOWN,United Kingdom,high,The University of Bath is a well-known university located in the United Kingdom.,yes
CVPR-2020-A004278,Ivor J. A. Simpson,University of Bath,UNKNOWN,United Kingdom,high,The University of Bath is a well-known university located in the United Kingdom.,yes
CVPR-2020-A004279,Eunji Chong,Georgia Institute of Technology,UNKNOWN,United States,high,Georgia Institute of Technology is a well-known university located in the United States.,yes
CVPR-2020-A004281,Nataniel Ruiz,Boston University,UNKNOWN,United States,high,Boston University is a well-known university located in the United States.,yes
CVPR-2020-A004282,James M. Rehg,Georgia Institute of Technology,UNKNOWN,United States,high,Georgia Institute of Technology is a well-known university located in the United States.,yes
CVPR-2020-A004283,Erich Kobler,University of Graz,UNKNOWN,Austria,high,The University of Graz is a well-known institution located in Austria.,yes
CVPR-2020-A004284,Alexander Effland,University of Graz,UNKNOWN,Austria,high,The University of Graz is a well-known institution located in Austria.,yes
CVPR-2020-A004285,Karl Kunisch,University of Graz,UNKNOWN,Austria,high,The University of Graz is a well-known institution located in Austria.,yes
CVPR-2020-A004286,Thomas Pock,University of Graz,UNKNOWN,Austria,high,The University of Graz is a well-known institution located in Austria.,yes
CVPR-2020-A004287,Lorenzo Porzi,"Mapillary Research , Graz University of Technology , Computer Vision Center, UAB∗",UNKNOWN,Spain | Austria,medium,"Graz University of Technology is in Austria, and Computer Vision Center, UAB is in Spain (UAB stands for Universitat Autònoma de Barcelona). Mapillary Research is not clearly tied to a specific country.",no
CVPR-2020-A004288,Markus Hofinger,"Mapillary Research , Graz University of Technology , Computer Vision Center, UAB∗",UNKNOWN,Spain | Austria,medium,"Graz University of Technology is in Austria, and Computer Vision Center, UAB is in Spain (UAB stands for Universitat Autònoma de Barcelona). Mapillary Research is not clearly tied to a specific country.",no
CVPR-2020-A004289,Idoia Ruiz,"Mapillary Research , Graz University of Technology , Computer Vision Center, UAB∗",UNKNOWN,Spain | Austria,medium,"Graz University of Technology is in Austria, and Computer Vision Center, UAB is in Spain (UAB stands for Universitat Autònoma de Barcelona). Mapillary Research is not clearly tied to a specific country.",no
CVPR-2020-A004290,Joan Serrat,"Mapillary Research , Graz University of Technology , Computer Vision Center, UAB∗",UNKNOWN,Spain | Austria,medium,"Graz University of Technology is in Austria, and Computer Vision Center, UAB is in Spain (UAB stands for Universitat Autònoma de Barcelona). Mapillary Research is not clearly tied to a specific country.",no
CVPR-2020-A004291,Samuel Rota Bulo,"Mapillary Research , Graz University of Technology , Computer Vision Center, UAB∗",UNKNOWN,Spain | Austria,medium,"Graz University of Technology is in Austria, and Computer Vision Center, UAB is in Spain (UAB stands for Universitat Autònoma de Barcelona). Mapillary Research is not clearly tied to a specific country.",no
CVPR-2020-A004292,Peter Kontschieder,"Mapillary Research , Graz University of Technology , Computer Vision Center, UAB∗",UNKNOWN,Spain | Austria,medium,"Graz University of Technology is in Austria, and Computer Vision Center, UAB is in Spain (UAB stands for Universitat Autònoma de Barcelona). Mapillary Research is not clearly tied to a specific country.",no
CVPR-2020-A004297,Zhen Zhu,Huazhong University of Science and Technology,UNKNOWN,China,high,Huazhong University of Science and Technology is a well-known university located in China.,yes
CVPR-2020-A004298,Zhiliang Xu,Huazhong University of Science and Technology,UNKNOWN,China,high,Huazhong University of Science and Technology is a well-known university located in China.,yes
CVPR-2020-A004299,Ansheng You,Peking University,UNKNOWN,China,high,Peking University is a well-known institution located in China.,yes
CVPR-2020-A004300,Xiang Bai,Huazhong University of Science and Technology,UNKNOWN,China,high,Huazhong University of Science and Technology is a well-known university located in China.,yes
CVPR-2020-A004307,Paul Henderson,IBM Research Zürich,UNKNOWN,Switzerland,high,"IBM Research Zürich is a well-known research laboratory located in Zürich, Switzerland.",yes
CVPR-2020-A004308,Vagia Tsiminaki,IBM Research Zürich,UNKNOWN,Switzerland,high,"IBM Research Zürich is a well-known research laboratory located in Zürich, Switzerland.",yes
CVPR-2020-A004309,Christoph H. Lampert,IBM Research Zürich,UNKNOWN,Switzerland,high,"IBM Research Zürich is a well-known research laboratory located in Zürich, Switzerland.",yes
CVPR-2020-A004310,Yangxin Wu,Sun Yat-sen University,UNKNOWN,China,high,Sun Yat-sen University is a well-known institution located in China.,yes
CVPR-2020-A004311,Gengwei Zhang,Sun Yat-sen University,UNKNOWN,China,high,Sun Yat-sen University is a well-known institution located in China.,yes
CVPR-2020-A004312,Yiming Gao,Sun Yat-sen University,UNKNOWN,China,high,Sun Yat-sen University is a well-known institution located in China.,yes
CVPR-2020-A004313,Xiajun Deng,Sun Yat-sen University,UNKNOWN,China,high,Sun Yat-sen University is a well-known institution located in China.,yes
CVPR-2020-A004314,Ke Gong,DarkMatter AI Research,UNKNOWN,UNKNOWN,low,The institution name 'DarkMatter AI Research' does not provide clear evidence of the country it belongs to.,no
CVPR-2020-A004315,Xiaodan Liang,Sun Yat-sen University | DarkMatter AI Research,UNKNOWN,China | United Arab Emirates,medium,"Sun Yat-sen University is located in China, and DarkMatter AI Research is based in the United Arab Emirates.",yes
CVPR-2020-A004316,Liang Lin,Sun Yat-sen University | DarkMatter AI Research,UNKNOWN,China | United Arab Emirates,medium,"Sun Yat-sen University is located in China, and DarkMatter AI Research is based in the United Arab Emirates.",yes
CVPR-2020-A004319,Huanyu Liu,Beijing Institute of Technology,UNKNOWN,China,high,Beijing Institute of Technology is a well-known institution located in China.,yes
CVPR-2020-A004320,Zhicheng Wang,Beijing Institute of Technology,UNKNOWN,China,high,Beijing Institute of Technology is a well-known institution located in China.,yes
CVPR-2020-A004321,Yang Yang,"Institute of Automation, CAS",UNKNOWN,China,high,"CAS stands for Chinese Academy of Sciences, which is based in China.",yes
CVPR-2020-A004323,Gang Yu,Beijing Institute of Technology,UNKNOWN,China,high,Beijing Institute of Technology is a well-known institution located in China.,yes
CVPR-2020-A004324,Erjin Zhou,Beijing Institute of Technology,UNKNOWN,China,high,Beijing Institute of Technology is a well-known institution located in China.,yes
CVPR-2020-A004325,Jian Sun,Beijing Institute of Technology,UNKNOWN,China,high,Beijing Institute of Technology is a well-known institution located in China.,yes
CVPR-2020-A004326,Junhwa Hur,"Department of Computer Science, TU Darmstadt",UNKNOWN,Germany,high,TU Darmstadt is a well-known university in Germany.,yes
CVPR-2020-A004327,Stefan Roth,"Department of Computer Science, TU Darmstadt",UNKNOWN,Germany,high,TU Darmstadt is a well-known university in Germany.,yes
CVPR-2020-A004328,Marin Toromanoff,"Center for Robotics, MINES ParisTech, PSL Valeo Driving Assistance Research",UNKNOWN,France,high,MINES ParisTech and PSL are well-known institutions in France.,yes
CVPR-2020-A004329,Emilie Wirbel,"Center for Robotics, MINES ParisTech, PSL Valeo Driving Assistance Research",UNKNOWN,France,high,MINES ParisTech and PSL are well-known institutions in France.,yes
CVPR-2020-A004330,Fabien Moutarde,"Center for Robotics, MINES ParisTech, PSL Valeo Driving Assistance Research",UNKNOWN,France,high,MINES ParisTech and PSL are well-known institutions in France.,yes
CVPR-2020-A004331,Rui Li,"Department of Computer Science, City University of Hong Kong",UNKNOWN,Hong Kong,high,The institution name explicitly mentions 'Hong Kong'.,yes
CVPR-2020-A004332,Qianfen Jiao,"Department of Computer Science, City University of Hong Kong",UNKNOWN,Hong Kong,high,The institution name explicitly mentions 'Hong Kong'.,yes
CVPR-2020-A004333,Wenming Cao,"Department of Statistics and Actuarial Science, The University of Hong Kong",UNKNOWN,Hong Kong,high,"The institution name explicitly mentions 'The University of Hong Kong', which is located in Hong Kong.",yes
CVPR-2020-A004334,Hau-San Wong,"Department of Computer Science, City University of Hong Kong",UNKNOWN,Hong Kong,high,The institution name explicitly mentions 'Hong Kong'.,yes
CVPR-2020-A004336,Yong-Qiang Tan,"TKLNDST, College of CS, Nankai University",UNKNOWN,China,high,Nankai University is a well-known institution located in China.,yes
CVPR-2020-A004337,Shang-Hua Gao,"TKLNDST, College of CS, Nankai University",UNKNOWN,China,high,Nankai University is a well-known institution located in China.,yes
CVPR-2020-A004338,Xuan-Yi Li,"TKLNDST, College of CS, Nankai University",UNKNOWN,China,high,Nankai University is a well-known institution located in China.,yes
CVPR-2020-A004339,Ming-Ming Cheng,"TKLNDST, College of CS, Nankai University",UNKNOWN,China,high,Nankai University is a well-known institution located in China.,yes
CVPR-2020-A004340,Bo Ren,"TKLNDST, College of CS, Nankai University",UNKNOWN,China,high,Nankai University is a well-known institution located in China.,yes
CVPR-2020-A004355,Difan Liu,University of Massachusetts Amherst,UNKNOWN,United States,high,University of Massachusetts Amherst is a well-known university located in the United States.,yes
CVPR-2020-A004356,Mohamed Nabail,University of Massachusetts Amherst,UNKNOWN,United States,high,University of Massachusetts Amherst is a well-known university located in the United States.,yes
CVPR-2020-A004357,Aaron Hertzmann,Adobe Research,UNKNOWN,United States,medium,"Adobe Research is a well-known research division based in the United States, though it may have international collaborations.",yes
CVPR-2020-A004358,Evangelos Kalogerakis,University of Massachusetts Amherst,UNKNOWN,United States,high,University of Massachusetts Amherst is a well-known university located in the United States.,yes
CVPR-2020-A004372,Han Yang,Harbin Institute of Technology | SenseTime Research,UNKNOWN,China,high,"Harbin Institute of Technology is a well-known university in China, and SenseTime is a Chinese artificial intelligence company.",yes
CVPR-2020-A004373,Ruimao Zhang,SenseTime Research,UNKNOWN,China,medium,"SenseTime is a well-known Chinese company, and its research is commonly associated with China.",yes
CVPR-2020-A004374,Xiaobao Guo,SenseTime Research,UNKNOWN,China,medium,"SenseTime is a well-known Chinese company, and its research is commonly associated with China.",yes
CVPR-2020-A004375,Wei Liu,Tencent AI Lab,UNKNOWN,China,high,"Tencent is a well-known Chinese technology company, and its AI Lab is based in China.",yes
CVPR-2020-A004376,Wangmeng Zuo,Harbin Institute of Technology,UNKNOWN,China,high,"Harbin Institute of Technology is a well-known institution located in Harbin, China.",yes
CVPR-2020-A004377,Ping Luo,The University of Hong Kong,UNKNOWN,Hong Kong,high,The University of Hong Kong is a well-known institution located in Hong Kong.,yes
CVPR-2020-A004378,Yanchao Yang,UCLA Vision Lab,UNKNOWN,United States,high,"UCLA (University of California, Los Angeles) is a well-known institution located in the United States.",yes
CVPR-2020-A004379,Dong Lao,UCLA Vision Lab,UNKNOWN,United States,high,"UCLA (University of California, Los Angeles) is a well-known institution located in the United States.",yes
CVPR-2020-A004380,Ganesh Sundaramoorthi,UCLA Vision Lab,UNKNOWN,United States,high,"UCLA (University of California, Los Angeles) is a well-known institution located in the United States.",yes
CVPR-2020-A004381,Stefano Soatto,UCLA Vision Lab,UNKNOWN,United States,high,"UCLA (University of California, Los Angeles) is a well-known institution located in the United States.",yes
CVPR-2020-A004405,Yue Hu,"Cooperative Medianet Innovation Center, Shanghai Jiao Tong University",UNKNOWN,China,high,"Shanghai Jiao Tong University is a well-known university located in Shanghai, China.",yes
CVPR-2020-A004406,Siheng Chen,Mitsubishi Electric Research Laboratories,UNKNOWN,Japan,high,"Mitsubishi Electric is a well-known Japanese company, and its research laboratories are based in Japan.",yes
CVPR-2020-A004407,Ya Zhang,"Cooperative Medianet Innovation Center, Shanghai Jiao Tong University",UNKNOWN,China,high,"Shanghai Jiao Tong University is a well-known university located in Shanghai, China.",yes
CVPR-2020-A004408,Xiao Gu,"Cooperative Medianet Innovation Center, Shanghai Jiao Tong University",UNKNOWN,China,high,"Shanghai Jiao Tong University is a well-known university located in Shanghai, China.",yes
CVPR-2020-A004414,Fuzhi Yang,Department of Computer Science and Engineering,UNKNOWN,UNKNOWN,low,The institution name alone does not provide enough information to determine the country.,no
CVPR-2020-A004417,Hongtao Lu,Department of Computer Science and Engineering,UNKNOWN,UNKNOWN,low,The institution name alone does not provide enough information to determine the country.,no
CVPR-2020-A004425,Christoph Kamann,Visual Learning Lab Heidelberg University (HCI/IWR),UNKNOWN,Germany,high,Heidelberg University is a well-known institution located in Germany.,yes
CVPR-2020-A004426,Carsten Rother,Visual Learning Lab Heidelberg University (HCI/IWR),UNKNOWN,Germany,high,Heidelberg University is a well-known institution located in Germany.,yes
CVPR-2020-A004428,Avneesh Sud,Google Research,UNKNOWN,United States,medium,"Google Research is primarily based in the United States, though it has offices in other countries.",no
CVPR-2020-A004429,Ameesh Makadia,Google Research,UNKNOWN,United States,medium,"Google Research is primarily based in the United States, though it has offices in other countries.",no
CVPR-2020-A004430,Jingwei Huang,Google Research | Stanford University,UNKNOWN,United States | China,medium,"Google Research and Stanford University are based in the United States. However, CVPR (Conference on Computer Vision and Pattern Recognition) is an international conference with participation from many countries, including China. The institution string does not provide enough information to determine the country of the paper's origin with certainty.",no
CVPR-2020-A004432,Thomas Funkhouser,Google Research,UNKNOWN,United States,medium,"Google Research is primarily based in the United States, though it has offices in other countries.",no
CVPR-2020-A004443,Aviram Bar-Haim,Tel Aviv University,UNKNOWN,Israel,high,"Tel Aviv University is a well-known institution located in Tel Aviv, Israel.",yes
CVPR-2020-A004444,Lior Wolf,Tel Aviv University | Facebook AI Research,UNKNOWN,Israel | United States,medium,"Tel Aviv University is located in Israel, and Facebook AI Research is based in the United States.",yes
CVPR-2020-A004449,Shuchen Weng,"NELVT, Dept. of CS, Peking University Samsung Research America AI Center",UNKNOWN,China | United States,medium,"Peking University is located in China, and Samsung Research America is based in the United States.",yes
CVPR-2020-A004450,Wenbo Li,"NELVT, Dept. of CS, Peking University Samsung Research America AI Center",UNKNOWN,China | United States,medium,"Peking University is located in China, and Samsung Research America is based in the United States.",yes
CVPR-2020-A004451,Dawei Li,"NELVT, Dept. of CS, Peking University Samsung Research America AI Center",UNKNOWN,China | United States,medium,"Peking University is located in China, and Samsung Research America is based in the United States.",yes
CVPR-2020-A004452,Hongxia Jin,"NELVT, Dept. of CS, Peking University Samsung Research America AI Center",UNKNOWN,China | United States,medium,"Peking University is located in China, and Samsung Research America is based in the United States.",yes
CVPR-2020-A004453,Boxin Shi,"NELVT, Dept. of CS, Peking University Samsung Research America AI Center",UNKNOWN,China | United States,medium,"Peking University is located in China, and Samsung Research America is based in the United States.",yes
CVPR-2020-A004465,Duygu Ceylan,Adobe Inc.,UNKNOWN,United States,high,Adobe Inc. is a well-known technology company based in the United States.,yes
CVPR-2020-A004467,Jose Echevarria,Adobe Inc.,UNKNOWN,United States,high,Adobe Inc. is a well-known technology company based in the United States.,yes
CVPR-2020-A004472,Carl Olsson,"Chalmers University of Technology, Sweden | Lund University, Sweden",UNKNOWN,Sweden,high,Both institutions explicitly mention 'Sweden' in their names.,yes
CVPR-2020-A004473,Fredrik Kahl,"Chalmers University of Technology, Sweden",UNKNOWN,Sweden,high,The institution name explicitly includes 'Sweden'.,yes
CVPR-2020-A004474,Yanru Huang,Tsinghua University,UNKNOWN,China,high,Tsinghua University is a well-known institution located in China.,yes
CVPR-2020-A004475,Feiyu Zhu,Megvii Inc.,UNKNOWN,China,high,"Megvii Inc. is a well-known Chinese company based in Beijing, specializing in artificial intelligence and computer vision.",yes
CVPR-2020-A004476,Zheni Zeng,Tsinghua University,UNKNOWN,China,high,Tsinghua University is a well-known institution located in China.,yes
CVPR-2020-A004477,Xi Qiu,Megvii Inc.,UNKNOWN,China,high,"Megvii Inc. is a well-known Chinese company based in Beijing, specializing in artificial intelligence and computer vision.",yes
CVPR-2020-A004478,Yuan Shen,Tsinghua University,UNKNOWN,China,high,Tsinghua University is a well-known institution located in China.,yes
CVPR-2020-A004479,Jianan Wu,Megvii Inc.,UNKNOWN,China,high,"Megvii Inc. is a well-known Chinese company based in Beijing, specializing in artificial intelligence and computer vision.",yes
CVPR-2020-A004480,Xu Yan,The Chinese University of Hong Kong (Shenzhen) | Shenzhen Research Institute of Big Data,UNKNOWN,China,high,"The institution name explicitly includes 'Chinese University of Hong Kong (Shenzhen)' and 'Shenzhen Research Institute of Big Data', both of which are located in Shenzhen, China.",yes
CVPR-2020-A004482,Zhen Li,The Chinese University of Hong Kong (Shenzhen) | Shenzhen Research Institute of Big Data,UNKNOWN,China,high,"The institution name explicitly includes 'Chinese University of Hong Kong (Shenzhen)' and 'Shenzhen Research Institute of Big Data', both of which are located in Shenzhen, China.",yes
CVPR-2020-A004483,Sheng Wang,Tencent AI Lab,UNKNOWN,China,high,"Tencent is a well-known Chinese technology company, and its AI Lab is based in China.",yes
CVPR-2020-A004484,Shuguang Cui,The Chinese University of Hong Kong (Shenzhen) | Shenzhen Research Institute of Big Data,UNKNOWN,China,high,"The institution name explicitly includes 'Chinese University of Hong Kong (Shenzhen)' and 'Shenzhen Research Institute of Big Data', both of which are located in Shenzhen, China.",yes
CVPR-2020-A004489,Nenglun Chen,The University of Hong Kong,UNKNOWN,Hong Kong,high,The University of Hong Kong is a well-known institution located in Hong Kong.,yes
CVPR-2020-A004490,Lingjie Liu,Max Planck Institute for Informatics,UNKNOWN,Germany,high,The Max Planck Institute for Informatics is a well-known research institution located in Germany.,yes
CVPR-2020-A004491,Zhiming Cui,The University of Hong Kong,UNKNOWN,Hong Kong,high,The University of Hong Kong is a well-known institution located in Hong Kong.,yes
CVPR-2020-A004492,Runnan Chen,The University of Hong Kong,UNKNOWN,Hong Kong,high,The University of Hong Kong is a well-known institution located in Hong Kong.,yes
CVPR-2020-A004493,Duygu Ceylan,Adobe Research,UNKNOWN,United States,medium,"Adobe Research is a well-known research division based in the United States, though it may have international collaborations.",yes
CVPR-2020-A004494,Changhe Tu,Shandong University,UNKNOWN,China,high,"Shandong University is a well-known university located in Shandong Province, China.",yes
CVPR-2020-A004495,Wenping Wang,The University of Hong Kong,UNKNOWN,Hong Kong,high,The University of Hong Kong is a well-known institution located in Hong Kong.,yes
CVPR-2020-A004496,Denis Gudovskiy,Panasonic AI Solutions Center,UNKNOWN,Japan,medium,"Panasonic is a well-known Japanese company, and the AI Solutions Center is likely based in Japan.",yes
CVPR-2020-A004497,Alec Hodgkinson,Panasonic AI Solutions Center,UNKNOWN,Japan,medium,"Panasonic is a well-known Japanese company, and the AI Solutions Center is likely based in Japan.",yes
CVPR-2020-A004498,Takuya Yamaguchi,Panasonic AI Solutions Center,UNKNOWN,Japan,medium,"Panasonic is a well-known Japanese company, and the AI Solutions Center is likely based in Japan.",yes
CVPR-2020-A004499,Sotaro Tsukizawa,Panasonic AI Solutions Center,UNKNOWN,Japan,medium,"Panasonic is a well-known Japanese company, and the AI Solutions Center is likely based in Japan.",yes
CVPR-2020-A004504,Changxin Gao,Huazhong University of Science and Technology,UNKNOWN,China,high,Huazhong University of Science and Technology is a well-known university located in China.,yes
CVPR-2020-A004505,Gui-Song Xia,Wuhan University,UNKNOWN,China,high,"Wuhan University is a well-known institution located in Wuhan, China.",yes
CVPR-2020-A004507,Jonas Schult,RWTH Aachen University,UNKNOWN,Germany,high,"RWTH Aachen University is a well-known university located in Aachen, Germany.",yes
CVPR-2020-A004508,Francis Engelmann,RWTH Aachen University,UNKNOWN,Germany,high,"RWTH Aachen University is a well-known university located in Aachen, Germany.",yes
CVPR-2020-A004509,Theodora Kontogianni,RWTH Aachen University,UNKNOWN,Germany,high,"RWTH Aachen University is a well-known university located in Aachen, Germany.",yes
CVPR-2020-A004510,Bastian Leibe,RWTH Aachen University,UNKNOWN,Germany,high,"RWTH Aachen University is a well-known university located in Aachen, Germany.",yes
CVPR-2020-A004511,Joel Stehouwer,"Department of Computer Science and Engineering Michigan State University, East Lansing MI",UNKNOWN,United States,high,"The institution name includes 'Michigan State University, East Lansing MI', which is a well-known university located in the United States.",yes
CVPR-2020-A004512,Amin Jourabloo,"Department of Computer Science and Engineering Michigan State University, East Lansing MI",UNKNOWN,United States,high,"The institution name includes 'Michigan State University, East Lansing MI', which is a well-known university located in the United States.",yes
CVPR-2020-A004513,Yaojie Liu,"Department of Computer Science and Engineering Michigan State University, East Lansing MI",UNKNOWN,United States,high,"The institution name includes 'Michigan State University, East Lansing MI', which is a well-known university located in the United States.",yes
CVPR-2020-A004514,Xiaoming Liu,"Department of Computer Science and Engineering Michigan State University, East Lansing MI",UNKNOWN,United States,high,"The institution name includes 'Michigan State University, East Lansing MI', which is a well-known university located in the United States.",yes
CVPR-2020-A004515,Lei Huang,"Inception Institute of Artificial Intelligence (IIAI), Abu Dhabi, UAE",UNKNOWN,United Arab Emirates,high,"The institution is explicitly listed as being in Abu Dhabi, UAE.",yes
CVPR-2020-A004516,Lei Zhao,"Inception Institute of Artificial Intelligence (IIAI), Abu Dhabi, UAE",UNKNOWN,United Arab Emirates,high,"The institution is explicitly listed as being in Abu Dhabi, UAE.",yes
CVPR-2020-A004517,Yi Zhou,"Inception Institute of Artificial Intelligence (IIAI), Abu Dhabi, UAE",UNKNOWN,United Arab Emirates,high,"The institution is explicitly listed as being in Abu Dhabi, UAE.",yes
CVPR-2020-A004518,Fan Zhu,"Inception Institute of Artificial Intelligence (IIAI), Abu Dhabi, UAE",UNKNOWN,United Arab Emirates,high,"The institution is explicitly listed as being in Abu Dhabi, UAE.",yes
CVPR-2020-A004519,Li Liu,"Inception Institute of Artificial Intelligence (IIAI), Abu Dhabi, UAE",UNKNOWN,United Arab Emirates,high,"The institution is explicitly listed as being in Abu Dhabi, UAE.",yes
CVPR-2020-A004520,Ling Shao,"Inception Institute of Artificial Intelligence (IIAI), Abu Dhabi, UAE",UNKNOWN,United Arab Emirates,high,"The institution is explicitly listed as being in Abu Dhabi, UAE.",yes
CVPR-2020-A004535,Lourdes Agapito,Facebook Reality Labs,UNKNOWN,United States,high,"Facebook Reality Labs is a division of Meta Platforms, Inc., which is based in the United States.",yes
CVPR-2020-A004547,Shifeng Zhang,"CBSR, NLPR, CASIA SAI, UCAS AIR, CAS BUPT Westlake University",UNKNOWN,China | United States,medium,"Institutions like CASIA, UCAS, and BUPT are associated with China, while Westlake University is also in China. However, the presence of 'NLPR' (which may be associated with the United States) introduces ambiguity.",no
CVPR-2020-A004548,Cheng Chi,"CBSR, NLPR, CASIA SAI, UCAS AIR, CAS BUPT Westlake University",UNKNOWN,China | United States,medium,"Institutions like CASIA, UCAS, and BUPT are associated with China, while Westlake University is also in China. However, the presence of 'NLPR' (which may be associated with the United States) introduces ambiguity.",no
CVPR-2020-A004549,Yongqiang Yao,"CBSR, NLPR, CASIA SAI, UCAS AIR, CAS BUPT Westlake University",UNKNOWN,China | United States,medium,"Institutions like CASIA, UCAS, and BUPT are associated with China, while Westlake University is also in China. However, the presence of 'NLPR' (which may be associated with the United States) introduces ambiguity.",no
CVPR-2020-A004550,Zhen Lei,"CBSR, NLPR, CASIA SAI, UCAS AIR, CAS BUPT Westlake University",UNKNOWN,China | United States,medium,"Institutions like CASIA, UCAS, and BUPT are associated with China, while Westlake University is also in China. However, the presence of 'NLPR' (which may be associated with the United States) introduces ambiguity.",no
CVPR-2020-A004551,Stan Z. Li,"CBSR, NLPR, CASIA SAI, UCAS AIR, CAS BUPT Westlake University",UNKNOWN,China | United States,medium,"Institutions like CASIA, UCAS, and BUPT are associated with China, while Westlake University is also in China. However, the presence of 'NLPR' (which may be associated with the United States) introduces ambiguity.",no
CVPR-2020-A004552,Chenhang He,"The Hong Kong Polytechnic University | DAMO Academy, Alibaba Group",UNKNOWN,China | Hong Kong,medium,"The Hong Kong Polytechnic University is located in Hong Kong, which is a Special Administrative Region of China. DAMO Academy, Alibaba Group is based in China.",yes
CVPR-2020-A004553,Hui Zeng,"The Hong Kong Polytechnic University | DAMO Academy, Alibaba Group",UNKNOWN,China | Hong Kong,medium,"The Hong Kong Polytechnic University is located in Hong Kong, which is a Special Administrative Region of China. DAMO Academy, Alibaba Group is based in China.",yes
CVPR-2020-A004554,Jianqiang Huang,"DAMO Academy, Alibaba Group",UNKNOWN,China,high,"DAMO Academy is a research institution under Alibaba Group, which is based in China.",yes
CVPR-2020-A004555,Xian-Sheng Hua,"DAMO Academy, Alibaba Group",UNKNOWN,China,high,"DAMO Academy is a research institution under Alibaba Group, which is based in China.",yes
CVPR-2020-A004556,Lei Zhang,"The Hong Kong Polytechnic University | DAMO Academy, Alibaba Group",UNKNOWN,China | Hong Kong,medium,"The Hong Kong Polytechnic University is located in Hong Kong, which is a Special Administrative Region of China. DAMO Academy, Alibaba Group is based in China.",yes
CVPR-2020-A004565,Anyi Rao,"CUHK - SenseTime Joint Lab, The Chinese University of Hong Kong",UNKNOWN,China,high,"The institution name includes 'The Chinese University of Hong Kong', which is located in Hong Kong, China.",yes
CVPR-2020-A004566,Linning Xu,"The Chinese University of Hong Kong, Shenzhen",UNKNOWN,China,high,"The institution name explicitly includes 'Chinese University of Hong Kong, Shenzhen', which is located in China.",yes
CVPR-2020-A004567,Yu Xiong,"CUHK - SenseTime Joint Lab, The Chinese University of Hong Kong",UNKNOWN,China,high,"The institution name includes 'The Chinese University of Hong Kong', which is located in Hong Kong, China.",yes
CVPR-2020-A004568,Guodong Xu,"CUHK - SenseTime Joint Lab, The Chinese University of Hong Kong",UNKNOWN,China,high,"The institution name includes 'The Chinese University of Hong Kong', which is located in Hong Kong, China.",yes
CVPR-2020-A004569,Qingqiu Huang,"CUHK - SenseTime Joint Lab, The Chinese University of Hong Kong",UNKNOWN,China,high,"The institution name includes 'The Chinese University of Hong Kong', which is located in Hong Kong, China.",yes
CVPR-2020-A004570,Bolei Zhou,"CUHK - SenseTime Joint Lab, The Chinese University of Hong Kong",UNKNOWN,China,high,"The institution name includes 'The Chinese University of Hong Kong', which is located in Hong Kong, China.",yes
CVPR-2020-A004571,Dahua Lin,"CUHK - SenseTime Joint Lab, The Chinese University of Hong Kong",UNKNOWN,China,high,"The institution name includes 'The Chinese University of Hong Kong', which is located in Hong Kong, China.",yes
CVPR-2020-A004579,Scott Workman,University of Kentucky,UNKNOWN,United States,high,The University of Kentucky is a well-known institution located in the United States.,yes
CVPR-2020-A004580,Nathan Jacobs,University of Kentucky,UNKNOWN,United States,high,The University of Kentucky is a well-known institution located in the United States.,yes
CVPR-2020-A004581,Huaizu Jiang,"UMass Amherst, Facebook AI Research (FAIR)",UNKNOWN,United States,high,"UMass Amherst is a well-known university located in the United States, and Facebook AI Research (FAIR) is based in the United States.",yes
CVPR-2020-A004582,Ishan Misra,"UMass Amherst, Facebook AI Research (FAIR)",UNKNOWN,United States,high,"UMass Amherst is a well-known university located in the United States, and Facebook AI Research (FAIR) is based in the United States.",yes
CVPR-2020-A004583,Marcus Rohrbach,"UMass Amherst, Facebook AI Research (FAIR)",UNKNOWN,United States,high,"UMass Amherst is a well-known university located in the United States, and Facebook AI Research (FAIR) is based in the United States.",yes
CVPR-2020-A004584,Erik Learned-Miller,"UMass Amherst, Facebook AI Research (FAIR)",UNKNOWN,United States,high,"UMass Amherst is a well-known university located in the United States, and Facebook AI Research (FAIR) is based in the United States.",yes
CVPR-2020-A004585,Xinlei Chen,"UMass Amherst, Facebook AI Research (FAIR)",UNKNOWN,United States,high,"UMass Amherst is a well-known university located in the United States, and Facebook AI Research (FAIR) is based in the United States.",yes
CVPR-2020-A004596,Wenhu Chen,"University of California, Santa Barbara",UNKNOWN,United States,high,"The University of California, Santa Barbara is a well-known institution located in the United States.",yes
CVPR-2020-A004597,Yu Cheng,Microsoft Dynamics,UNKNOWN,United States,medium,"Microsoft is a well-known technology company based in the United States, and Microsoft Dynamics is a product line of Microsoft.",yes
CVPR-2020-A004598,Zhe Gan,Microsoft Dynamics,UNKNOWN,United States,medium,"Microsoft is a well-known technology company based in the United States, and Microsoft Dynamics is a product line of Microsoft.",yes
CVPR-2020-A004599,Licheng Yu,Microsoft Dynamics,UNKNOWN,United States,medium,"Microsoft is a well-known technology company based in the United States, and Microsoft Dynamics is a product line of Microsoft.",yes
CVPR-2020-A004601,Jingjing Liu,Microsoft Dynamics,UNKNOWN,United States,medium,"Microsoft is a well-known technology company based in the United States, and Microsoft Dynamics is a product line of Microsoft.",yes
CVPR-2020-A004603,Caleb Robinson,Georgia Institute of Technology,UNKNOWN,United States,high,Georgia Institute of Technology is a well-known university located in the United States.,yes
CVPR-2020-A004604,Dan Morris,Microsoft Research,UNKNOWN,United States,high,Microsoft Research is based in the United States.,yes
CVPR-2020-A004605,Olac Fuentes,The University of Texas at El Paso,UNKNOWN,United States,high,The University of Texas at El Paso is a well-known institution located in the United States.,yes
CVPR-2020-A004606,Christopher Kiekintveld,The University of Texas at El Paso,UNKNOWN,United States,high,The University of Texas at El Paso is a well-known institution located in the United States.,yes
CVPR-2020-A004607,Md Mahmudulla Hassan,The University of Texas at El Paso,UNKNOWN,United States,high,The University of Texas at El Paso is a well-known institution located in the United States.,yes
CVPR-2020-A004620,Brian Price,"Adobe Research, San Jose",UNKNOWN,United States,high,"Adobe Research is based in San Jose, which is located in the United States.",yes
CVPR-2020-A004621,Scott Cohen,"Adobe Research, San Jose",UNKNOWN,United States,high,"Adobe Research is based in San Jose, which is located in the United States.",yes
CVPR-2020-A004622,Gregg Wilensky,"Adobe Research, San Jose",UNKNOWN,United States,high,"Adobe Research is based in San Jose, which is located in the United States.",yes
CVPR-2020-A004624,Maximilian Jaritz,UDA Baseline | Valeo DAR | Valeo.ai,UNKNOWN,UNKNOWN,low,"The institution names (UDA Baseline, Valeo DAR, Valeo.ai) do not clearly indicate a specific country. Valeo is a company with operations in multiple countries, and UDA Baseline is not a well-known institution with a clear geographic association.",no
CVPR-2020-A004632,Gordon Christie,The Johns Hopkins University Applied Physics Laboratory,UNKNOWN,United States,high,The Johns Hopkins University Applied Physics Laboratory is a well-known institution located in the United States.,yes
CVPR-2020-A004633,Rodrigo Rene Rai Munoz Abujder,The Johns Hopkins University Applied Physics Laboratory,UNKNOWN,United States,high,The Johns Hopkins University Applied Physics Laboratory is a well-known institution located in the United States.,yes
CVPR-2020-A004634,Kevin Foster,The Johns Hopkins University Applied Physics Laboratory,UNKNOWN,United States,high,The Johns Hopkins University Applied Physics Laboratory is a well-known institution located in the United States.,yes
CVPR-2020-A004635,Shea Hagstrom,The Johns Hopkins University Applied Physics Laboratory,UNKNOWN,United States,high,The Johns Hopkins University Applied Physics Laboratory is a well-known institution located in the United States.,yes
CVPR-2020-A004636,Gregory D. Hager,The Johns Hopkins University,UNKNOWN,United States,high,The Johns Hopkins University is a well-known university located in the United States.,yes
CVPR-2020-A004637,Myron Z. Brown,The Johns Hopkins University Applied Physics Laboratory,UNKNOWN,United States,high,The Johns Hopkins University Applied Physics Laboratory is a well-known institution located in the United States.,yes
CVPR-2020-A004653,Osman Semih Kayhan,Computer Vision Lab Delft University of Technology Class : Top-left,UNKNOWN,Netherlands,high,Delft University of Technology is located in the Netherlands.,yes
CVPR-2020-A004654,Jan C. van Gemert,Computer Vision Lab Delft University of Technology Class : Top-left,UNKNOWN,Netherlands,high,Delft University of Technology is located in the Netherlands.,yes
CVPR-2020-A004662,Justin Lazarow,University of California San Diego,UNKNOWN,United States,high,The University of California San Diego is a well-known institution located in the United States.,yes
CVPR-2020-A004663,Kwonjoon Lee,University of California San Diego,UNKNOWN,United States,high,The University of California San Diego is a well-known institution located in the United States.,yes
CVPR-2020-A004664,Kunyu Shi,University of California San Diego,UNKNOWN,United States,high,The University of California San Diego is a well-known institution located in the United States.,yes
CVPR-2020-A004665,Zhuowen Tu,University of California San Diego,UNKNOWN,United States,high,The University of California San Diego is a well-known institution located in the United States.,yes
CVPR-2020-A004691,Phil Blunsom,"DeepMind | Department of Engineering Science, University of Oxford",UNKNOWN,United Kingdom,high,The University of Oxford is a well-known institution located in the United Kingdom.,yes
CVPR-2020-A004692,Andrew Zisserman,"DeepMind | Department of Engineering Science, University of Oxford",UNKNOWN,United Kingdom,high,The University of Oxford is a well-known institution located in the United Kingdom.,yes
CVPR-2020-A004697,Stanislav Pidhorskyi,"Lane Department of Computer Science and Electrical Engineering West Virginia University, Morgantown, WV",UNKNOWN,United States,high,"West Virginia University is located in Morgantown, WV, which is in the United States.",yes
CVPR-2020-A004698,Donald A. Adjeroh,"Lane Department of Computer Science and Electrical Engineering West Virginia University, Morgantown, WV",UNKNOWN,United States,high,"West Virginia University is located in Morgantown, WV, which is in the United States.",yes
CVPR-2020-A004699,Gianfranco Doretto,"Lane Department of Computer Science and Electrical Engineering West Virginia University, Morgantown, WV",UNKNOWN,United States,high,"West Virginia University is located in Morgantown, WV, which is in the United States.",yes
CVPR-2020-A004700,Long Chen,"DCD Lab, College of Computer Science, Zhejiang University MReaL Lab, Nanyang Technological University Hikvision Research Institute",UNKNOWN,China | Singapore,high,"Zhejiang University is located in China, and Nanyang Technological University is located in Singapore.",yes
CVPR-2020-A004701,Xin Yan,"DCD Lab, College of Computer Science, Zhejiang University MReaL Lab, Nanyang Technological University Hikvision Research Institute",UNKNOWN,China | Singapore,high,"Zhejiang University is located in China, and Nanyang Technological University is located in Singapore.",yes
CVPR-2020-A004702,Jun Xiao,"DCD Lab, College of Computer Science, Zhejiang University MReaL Lab, Nanyang Technological University Hikvision Research Institute",UNKNOWN,China | Singapore,high,"Zhejiang University is located in China, and Nanyang Technological University is located in Singapore.",yes
CVPR-2020-A004703,Hanwang Zhang,"DCD Lab, College of Computer Science, Zhejiang University MReaL Lab, Nanyang Technological University Hikvision Research Institute",UNKNOWN,China | Singapore,high,"Zhejiang University is located in China, and Nanyang Technological University is located in Singapore.",yes
CVPR-2020-A004704,Shiliang Pu,"DCD Lab, College of Computer Science, Zhejiang University MReaL Lab, Nanyang Technological University Hikvision Research Institute",UNKNOWN,China | Singapore,high,"Zhejiang University is located in China, and Nanyang Technological University is located in Singapore.",yes
CVPR-2020-A004705,Yueting Zhuang,"DCD Lab, College of Computer Science, Zhejiang University MReaL Lab, Nanyang Technological University Hikvision Research Institute",UNKNOWN,China | Singapore,high,"Zhejiang University is located in China, and Nanyang Technological University is located in Singapore.",yes
CVPR-2020-A004706,Yuenan Hou,The Chinese University of Hong Kong SenseTime Group Limited Nanyang Technological University,UNKNOWN,China | Singapore,medium,"The Chinese University of Hong Kong and SenseTime Group Limited are associated with China, while Nanyang Technological University is located in Singapore.",yes
CVPR-2020-A004707,Zheng Ma,The Chinese University of Hong Kong SenseTime Group Limited Nanyang Technological University,UNKNOWN,China | Singapore,medium,"The Chinese University of Hong Kong and SenseTime Group Limited are associated with China, while Nanyang Technological University is located in Singapore.",yes
CVPR-2020-A004708,Chunxiao Liu,The Chinese University of Hong Kong SenseTime Group Limited Nanyang Technological University,UNKNOWN,China | Singapore,medium,"The Chinese University of Hong Kong and SenseTime Group Limited are associated with China, while Nanyang Technological University is located in Singapore.",yes
CVPR-2020-A004709,Tak-Wai Hui,The Chinese University of Hong Kong SenseTime Group Limited Nanyang Technological University,UNKNOWN,China | Singapore,medium,"The Chinese University of Hong Kong and SenseTime Group Limited are associated with China, while Nanyang Technological University is located in Singapore.",yes
CVPR-2020-A004710,Chen Change Loy,The Chinese University of Hong Kong SenseTime Group Limited Nanyang Technological University,UNKNOWN,China | Singapore,medium,"The Chinese University of Hong Kong and SenseTime Group Limited are associated with China, while Nanyang Technological University is located in Singapore.",yes
CVPR-2020-A004717,Suiyi Ling,University of Nantes,UNKNOWN,France,high,The University of Nantes is a well-known institution located in France.,yes
CVPR-2020-A004720,Zhaohui Che,Shanghai Jiao Tong University,UNKNOWN,China,high,"Shanghai Jiao Tong University is a well-known university located in Shanghai, China.",yes
CVPR-2020-A004722,Jieun Kim,Hanyang University,UNKNOWN,South Korea,high,Hanyang University is a well-known university located in South Korea.,yes
CVPR-2020-A004723,Patrick Le Callet,University of Nantes,UNKNOWN,France,high,The University of Nantes is a well-known institution located in France.,yes
CVPR-2020-A004728,Amir Hertz,Tel Aviv University,UNKNOWN,Israel,high,"Tel Aviv University is a well-known institution located in Tel Aviv, Israel.",yes
CVPR-2020-A004729,Rana Hanocka,Tel Aviv University,UNKNOWN,Israel,high,"Tel Aviv University is a well-known institution located in Tel Aviv, Israel.",yes
CVPR-2020-A004730,Raja Giryes,Tel Aviv University,UNKNOWN,Israel,high,"Tel Aviv University is a well-known institution located in Tel Aviv, Israel.",yes
CVPR-2020-A004731,Daniel Cohen-Or,Tel Aviv University,UNKNOWN,Israel,high,"Tel Aviv University is a well-known institution located in Tel Aviv, Israel.",yes
CVPR-2020-A004740,Chen Fang,Adobe Research,UNKNOWN,United States,medium,"Adobe Research is a well-known research division based in the United States, though it may have international collaborations.",yes
CVPR-2020-A004741,Zhaowen Wang,Adobe Research,UNKNOWN,United States,medium,"Adobe Research is a well-known research division based in the United States, though it may have international collaborations.",yes
CVPR-2020-A004742,Seokhwan Kim,Adobe Research,UNKNOWN,United States,medium,"Adobe Research is a well-known research division based in the United States, though it may have international collaborations.",yes
CVPR-2020-A004743,Hailin Jin,Adobe Research,UNKNOWN,United States,medium,"Adobe Research is a well-known research division based in the United States, though it may have international collaborations.",yes
CVPR-2020-A004745,Zongxin Yang,"Baidu Research | ReLER, University of Technology Sydney",UNKNOWN,China | Australia,high,"Baidu Research is based in China, and the University of Technology Sydney is based in Australia.",yes
CVPR-2020-A004746,Linchao Zhu,"ReLER, University of Technology Sydney",UNKNOWN,Australia,high,"The institution 'University of Technology Sydney' is located in Sydney, Australia.",yes
CVPR-2020-A004747,Yu Wu,"Baidu Research | ReLER, University of Technology Sydney",UNKNOWN,China | Australia,high,"Baidu Research is based in China, and the University of Technology Sydney is based in Australia.",yes
CVPR-2020-A004748,Yi Yang,"ReLER, University of Technology Sydney",UNKNOWN,Australia,high,"The institution 'University of Technology Sydney' is located in Sydney, Australia.",yes
CVPR-2020-A004762,Fengting Yang,The Pennsylvania State University,UNKNOWN,United States,high,The Pennsylvania State University is a well-known university located in the United States.,yes
CVPR-2020-A004763,Qian Sun,The Pennsylvania State University,UNKNOWN,United States,high,The Pennsylvania State University is a well-known university located in the United States.,yes
CVPR-2020-A004764,Hailin Jin,Adobe Research,UNKNOWN,United States,medium,"Adobe Research is a well-known research division based in the United States, though it may have international collaborations.",yes
CVPR-2020-A004765,Zihan Zhou,The Pennsylvania State University,UNKNOWN,United States,high,The Pennsylvania State University is a well-known university located in the United States.,yes
CVPR-2020-A004775,Abdelrahman Eldesokey,The focus in deep learning research has been mostly to,UNKNOWN,UNKNOWN,low,The institution string does not provide any specific information about a country or institution.,no
CVPR-2020-A004776,Michael Felsberg,The focus in deep learning research has been mostly to,UNKNOWN,UNKNOWN,low,The institution string does not provide any specific information about a country or institution.,no
CVPR-2020-A004777,Karl Holmquist,The focus in deep learning research has been mostly to,UNKNOWN,UNKNOWN,low,The institution string does not provide any specific information about a country or institution.,no
CVPR-2020-A004778,Michael Persson,The focus in deep learning research has been mostly to,UNKNOWN,UNKNOWN,low,The institution string does not provide any specific information about a country or institution.,no
CVPR-2020-A004791,Xiaotian Li,Aalto University,UNKNOWN,Finland,high,Aalto University is a well-known university located in Finland.,yes
CVPR-2020-A004792,Shuzhe Wang,Aalto University,UNKNOWN,Finland,high,Aalto University is a well-known university located in Finland.,yes
CVPR-2020-A004793,Yi Zhao,Aalto University,UNKNOWN,Finland,high,Aalto University is a well-known university located in Finland.,yes
CVPR-2020-A004794,Jakob Verbeek,Facebook AI Research,UNKNOWN,United States,medium,"Facebook AI Research is based in the United States, but the conference (CVPR) is international and does not provide direct country information.",yes
CVPR-2020-A004795,Juho Kannala,Aalto University,UNKNOWN,Finland,high,Aalto University is a well-known university located in Finland.,yes
CVPR-2020-A004796,Yong-Lu Li,Shanghai Jiao Tong University,UNKNOWN,China,high,"Shanghai Jiao Tong University is a well-known university located in Shanghai, China.",yes
CVPR-2020-A004797,Yue Xu,Shanghai Jiao Tong University,UNKNOWN,China,high,"Shanghai Jiao Tong University is a well-known university located in Shanghai, China.",yes
CVPR-2020-A004798,Xiaohan Mao,Shanghai Jiao Tong University,UNKNOWN,China,high,"Shanghai Jiao Tong University is a well-known university located in Shanghai, China.",yes
CVPR-2020-A004799,Cewu Lu,Shanghai Jiao Tong University,UNKNOWN,China,high,"Shanghai Jiao Tong University is a well-known university located in Shanghai, China.",yes
CVPR-2020-A004800,Zhenpei Yang,"UT Austin, Waymo, Google Brain",UNKNOWN,United States,high,"UT Austin is a university located in the United States. Waymo and Google Brain are both affiliated with Google, which is based in the United States.",yes
CVPR-2020-A004801,Yuning Chai,"UT Austin, Waymo, Google Brain",UNKNOWN,United States,high,"UT Austin is a university located in the United States. Waymo and Google Brain are both affiliated with Google, which is based in the United States.",yes
CVPR-2020-A004802,Dragomir Anguelov,"UT Austin, Waymo, Google Brain",UNKNOWN,United States,high,"UT Austin is a university located in the United States. Waymo and Google Brain are both affiliated with Google, which is based in the United States.",yes
CVPR-2020-A004803,Yin Zhou,"UT Austin, Waymo, Google Brain",UNKNOWN,United States,high,"UT Austin is a university located in the United States. Waymo and Google Brain are both affiliated with Google, which is based in the United States.",yes
CVPR-2020-A004804,Pei Sun,"UT Austin, Waymo, Google Brain",UNKNOWN,United States,high,"UT Austin is a university located in the United States. Waymo and Google Brain are both affiliated with Google, which is based in the United States.",yes
CVPR-2020-A004805,Dumitru Erhan,"UT Austin, Waymo, Google Brain",UNKNOWN,United States,high,"UT Austin is a university located in the United States. Waymo and Google Brain are both affiliated with Google, which is based in the United States.",yes
CVPR-2020-A004806,Sean Rafferty,"UT Austin, Waymo, Google Brain",UNKNOWN,United States,high,"UT Austin is a university located in the United States. Waymo and Google Brain are both affiliated with Google, which is based in the United States.",yes
CVPR-2020-A004807,Henrik Kretzschmar,"UT Austin, Waymo, Google Brain",UNKNOWN,United States,high,"UT Austin is a university located in the United States. Waymo and Google Brain are both affiliated with Google, which is based in the United States.",yes
CVPR-2020-A004817,Josip Saric,"University of Zagreb, Croatia",UNKNOWN,Croatia,high,The institution name explicitly includes 'Croatia'.,yes
CVPR-2020-A004818,Marin Orsic,"University of Zagreb, Croatia",UNKNOWN,Croatia,high,The institution name explicitly includes 'Croatia'.,yes
CVPR-2020-A004819,Tonci Antunovic,"University of Zagreb, Croatia",UNKNOWN,Croatia,high,The institution name explicitly includes 'Croatia'.,yes
CVPR-2020-A004820,Sacha Vrazic,"University of Zagreb, Croatia",UNKNOWN,Croatia,high,The institution name explicitly includes 'Croatia'.,yes
CVPR-2020-A004821,Sinisa Segvic,"University of Zagreb, Croatia",UNKNOWN,Croatia,high,The institution name explicitly includes 'Croatia'.,yes
CVPR-2020-A004822,Jingwei Ji,Stanford University,UNKNOWN,United States,high,Stanford University is located in the United States.,yes
CVPR-2020-A004823,Ranjay Krishna,Stanford University,UNKNOWN,United States,high,Stanford University is located in the United States.,yes
CVPR-2020-A004824,Li Fei-Fei,Stanford University,UNKNOWN,United States,high,Stanford University is located in the United States.,yes
CVPR-2020-A004825,Juan Carlos Niebles,Stanford University,UNKNOWN,United States,high,Stanford University is located in the United States.,yes
CVPR-2020-A004826,Arsha Nagrani,"VGG, Oxford | Google Research",UNKNOWN,United Kingdom | United States,high,"VGG is associated with the University of Oxford in the United Kingdom, and Google Research is based in the United States.",yes
CVPR-2020-A004827,Chen Sun,Google Research,UNKNOWN,United States,medium,"Google Research is primarily based in the United States, though it has offices in other countries.",no
CVPR-2020-A004828,David Ross,Google Research,UNKNOWN,United States,medium,"Google Research is primarily based in the United States, though it has offices in other countries.",no
CVPR-2020-A004829,Rahul Sukthankar,Google Research,UNKNOWN,United States,medium,"Google Research is primarily based in the United States, though it has offices in other countries.",no
CVPR-2020-A004830,Cordelia Schmid,Google Research,UNKNOWN,United States,medium,"Google Research is primarily based in the United States, though it has offices in other countries.",no
CVPR-2020-A004832,Lei Yang,The Chinese University of Hong Kong,UNKNOWN,China,high,The institution name explicitly includes 'China'.,yes
CVPR-2020-A004834,Xiaohang Zhan,The Chinese University of Hong Kong,UNKNOWN,China,high,The institution name explicitly includes 'China'.,yes
CVPR-2020-A004837,Dahua Lin,The Chinese University of Hong Kong,UNKNOWN,China,high,The institution name explicitly includes 'China'.,yes
CVPR-2020-A004842,Zhenguo Li,"Noah’s Ark Lab, Huawei Technologies",UNKNOWN,China,high,Huawei Technologies is a well-known Chinese company.,yes
CVPR-2020-A004844,Qi Tian,"Noah’s Ark Lab, Huawei Technologies",UNKNOWN,China,high,Huawei Technologies is a well-known Chinese company.,yes
CVPR-2020-A004845,Guanglu Song,SenseTime X-Lab,UNKNOWN,China,medium,"SenseTime is a well-known Chinese company, and X-Lab is a research lab associated with it.",yes
CVPR-2020-A004846,Yu Liu,"The Chinese University of Hong Kong, Hong Kong",UNKNOWN,China,high,"The institution name explicitly mentions 'The Chinese University of Hong Kong', which is located in Hong Kong, a Special Administrative Region of China.",yes
CVPR-2020-A004847,Xiaogang Wang,"The Chinese University of Hong Kong, Hong Kong",UNKNOWN,China,high,"The institution name explicitly mentions 'The Chinese University of Hong Kong', which is located in Hong Kong, a Special Administrative Region of China.",yes
CVPR-2020-A004850,Wenwei Zhang,Nanyang Technological University,UNKNOWN,Singapore,high,Nanyang Technological University is a well-known university located in Singapore.,yes
CVPR-2020-A004851,Chen Change Loy,Nanyang Technological University,UNKNOWN,Singapore,high,Nanyang Technological University is a well-known university located in Singapore.,yes
CVPR-2020-A004852,Shuai Yi,SenseTime Research,UNKNOWN,China,medium,"SenseTime is a well-known Chinese company, and its research is commonly associated with China.",yes
CVPR-2020-A004853,Xuesen Zhang,SenseTime Research,UNKNOWN,China,medium,"SenseTime is a well-known Chinese company, and its research is commonly associated with China.",yes
CVPR-2020-A004855,Di Chen,"PCA Lab, Key Lab of Intelligent Perception and Systems for High-Dimensional Information of Ministry of Education | Max Planck Institute for Informatics, Saarland Informatics Campus",UNKNOWN,China | Germany,high,"PCA Lab and Key Lab of Intelligent Perception and Systems for High-Dimensional Information of Ministry of Education are associated with China. Max Planck Institute for Informatics, Saarland Informatics Campus is based in Germany.",yes
CVPR-2020-A004856,Shanshan Zhang,"PCA Lab, Key Lab of Intelligent Perception and Systems for High-Dimensional Information of Ministry of Education",UNKNOWN,China,high,"The institution name includes 'Ministry of Education', which is a Chinese government body. The lab is also referred to as the Key Lab of Intelligent Perception and Systems for High-Dimensional Information, which is a well-known research institution in China.",yes
CVPR-2020-A004857,Jian Yang,"PCA Lab, Key Lab of Intelligent Perception and Systems for High-Dimensional Information of Ministry of Education | Jiangsu Key Lab of Image and Video Understanding for Social Security",UNKNOWN,China,high,"The institution names include 'Ministry of Education' and 'Jiangsu Key Lab', which are associated with China.",yes
CVPR-2020-A004858,Bernt Schiele,"Max Planck Institute for Informatics, Saarland Informatics Campus",UNKNOWN,Germany,high,"The Max Planck Institute for Informatics is located in Saarbrücken, Germany, and the Saarland Informatics Campus is a well-known research hub in the region.",yes
CVPR-2020-A004880,Francesca Babiloni,Huawei Noah’s Ark Lab,UNKNOWN,China,high,"Huawei is a well-known Chinese technology company, and the Noah’s Ark Lab is a research laboratory under Huawei.",yes
CVPR-2020-A004881,Ioannis Marras,Huawei Noah’s Ark Lab,UNKNOWN,China,high,"Huawei is a well-known Chinese technology company, and the Noah’s Ark Lab is a research laboratory under Huawei.",yes
CVPR-2020-A004882,Gregory Slabaugh,Huawei Noah’s Ark Lab,UNKNOWN,China,high,"Huawei is a well-known Chinese technology company, and the Noah’s Ark Lab is a research laboratory under Huawei.",yes
CVPR-2020-A004883,Stefanos Zafeiriou,Imperial College London,UNKNOWN,United Kingdom,high,Imperial College London is a well-known institution located in the United Kingdom.,yes
CVPR-2020-A004885,Xingjun Ma,"School of Computing and Information Systems, The University of Melbourne",UNKNOWN,Australia,high,The University of Melbourne is a well-known institution located in Australia.,yes
CVPR-2020-A004886,Xiang Zheng,"School of Computing and Information Systems, The University of Melbourne",UNKNOWN,Australia,high,The University of Melbourne is a well-known institution located in Australia.,yes
CVPR-2020-A004887,James Bailey,"School of Computing and Information Systems, The University of Melbourne",UNKNOWN,Australia,high,The University of Melbourne is a well-known institution located in Australia.,yes
CVPR-2020-A004892,Xiang Li,Brown University,UNKNOWN,United States,high,Brown University is a well-known university located in the United States.,yes
CVPR-2020-A004893,Chen Lin,Brown University,UNKNOWN,United States,high,Brown University is a well-known university located in the United States.,yes
CVPR-2020-A004894,Chuming Li,Brown University,UNKNOWN,United States,high,Brown University is a well-known university located in the United States.,yes
CVPR-2020-A004895,Ming Sun,Brown University,UNKNOWN,United States,high,Brown University is a well-known university located in the United States.,yes
CVPR-2020-A004896,Wei Wu,Brown University,UNKNOWN,United States,high,Brown University is a well-known university located in the United States.,yes
CVPR-2020-A004897,Junjie Yan,Brown University,UNKNOWN,United States,high,Brown University is a well-known university located in the United States.,yes
CVPR-2020-A004898,Wanli Ouyang,Brown University,UNKNOWN,United States,high,Brown University is a well-known university located in the United States.,yes
CVPR-2020-A004908,Adnan Siraj Rakin,"School of Electrical, Computer and Energy Engineering, Arizona State University, Tempe, AZ",UNKNOWN,United States,high,"Arizona State University is located in Tempe, AZ, which is in the United States.",yes
CVPR-2020-A004909,Zhezhi He,"School of Electrical, Computer and Energy Engineering, Arizona State University, Tempe, AZ",UNKNOWN,United States,high,"Arizona State University is located in Tempe, AZ, which is in the United States.",yes
CVPR-2020-A004910,Deliang Fan,"School of Electrical, Computer and Energy Engineering, Arizona State University, Tempe, AZ",UNKNOWN,United States,high,"Arizona State University is located in Tempe, AZ, which is in the United States.",yes
CVPR-2020-A004917,Mohamed Yousef,"Intuition Machines, Inc.",UNKNOWN,UNKNOWN,low,"The institution name 'Intuition Machines, Inc.' does not provide clear evidence of the country.",no
CVPR-2020-A004918,Tom E. Bishop,"Intuition Machines, Inc.",UNKNOWN,UNKNOWN,low,"The institution name 'Intuition Machines, Inc.' does not provide clear evidence of the country.",no
CVPR-2020-A004921,Kent Fujiwara,LINE Corporation,UNKNOWN,South Korea,medium,LINE Corporation is a well-known company based in South Korea.,yes
CVPR-2020-A004922,Taiichi Hashimoto,LINE Corporation,UNKNOWN,South Korea,medium,LINE Corporation is a well-known company based in South Korea.,yes
CVPR-2020-A004930,Peyman Bateni,University of British Columbia,UNKNOWN,Canada,high,The University of British Columbia is a well-known institution located in Canada.,yes
CVPR-2020-A004931,Raghav Goyal,University of British Columbia | Vector Institute,UNKNOWN,Canada,high,The University of British Columbia is a well-known institution located in Canada.,yes
CVPR-2020-A004932,Vaden Masrani,University of British Columbia,UNKNOWN,Canada,high,The University of British Columbia is a well-known institution located in Canada.,yes
CVPR-2020-A004933,Frank Wood,University of British Columbia | MILA | CIFAR AI Chair,UNKNOWN,Canada,high,University of British Columbia is located in Canada. MILA (Montreal Institute for Learning Algorithms) and CIFAR (Canadian Institute for Advanced Research) are both Canadian institutions.,yes
CVPR-2020-A004934,Leonid Sigal,University of British Columbia | Vector Institute | CIFAR AI Chair,UNKNOWN,Canada,high,The University of British Columbia and the Vector Institute are well-known institutions in Canada. CIFAR (Canadian Institute for Advanced Research) is also based in Canada.,yes
CVPR-2020-A004935,Zhiqiu Lin,Cornell University1 Cornell Tech2,UNKNOWN,United States,high,"Cornell University is a well-known institution located in the United States. Cornell Tech is also based in the U.S., specifically in New York City.",yes
CVPR-2020-A004936,Jin Sun,Cornell University1 Cornell Tech2,UNKNOWN,United States,high,"Cornell University is a well-known institution located in the United States. Cornell Tech is also based in the U.S., specifically in New York City.",yes
CVPR-2020-A004937,Abe Davis,Cornell University1 Cornell Tech2,UNKNOWN,United States,high,"Cornell University is a well-known institution located in the United States. Cornell Tech is also based in the U.S., specifically in New York City.",yes
CVPR-2020-A004938,Noah Snavely,Cornell University1 Cornell Tech2,UNKNOWN,United States,high,"Cornell University is a well-known institution located in the United States. Cornell Tech is also based in the U.S., specifically in New York City.",yes
CVPR-2020-A004939,Yingwei Li,Johns Hopkins University,UNKNOWN,United States,high,Johns Hopkins University is a well-known university located in the United States.,yes
CVPR-2020-A004940,Xiaojie Jin,ByteDance AI Lab,UNKNOWN,China,high,"ByteDance is a Chinese company, and the AI Lab is part of ByteDance.",yes
CVPR-2020-A004941,Jieru Mei,Johns Hopkins University,UNKNOWN,United States,high,Johns Hopkins University is a well-known university located in the United States.,yes
CVPR-2020-A004942,Xiaochen Lian,ByteDance AI Lab,UNKNOWN,China,high,"ByteDance is a Chinese company, and the AI Lab is part of ByteDance.",yes
CVPR-2020-A004943,Linjie Yang,ByteDance AI Lab,UNKNOWN,China,high,"ByteDance is a Chinese company, and the AI Lab is part of ByteDance.",yes
CVPR-2020-A004944,Cihang Xie,Johns Hopkins University,UNKNOWN,United States,high,Johns Hopkins University is a well-known university located in the United States.,yes
CVPR-2020-A004945,Qihang Yu,Johns Hopkins University,UNKNOWN,United States,high,Johns Hopkins University is a well-known university located in the United States.,yes
CVPR-2020-A004946,Yuyin Zhou,Johns Hopkins University,UNKNOWN,United States,high,Johns Hopkins University is a well-known university located in the United States.,yes
CVPR-2020-A004947,Song Bai,University of Oxford,UNKNOWN,United Kingdom,high,The University of Oxford is a well-known institution located in the United Kingdom.,yes
CVPR-2020-A004949,Yuqing Zhu,"University of California, Santa Barbara | NEC Labs America",UNKNOWN,United States,high,"Both 'University of California, Santa Barbara' and 'NEC Labs America' are well-known institutions based in the United States.",yes
CVPR-2020-A004950,Xiang Yu,NEC Labs America,UNKNOWN,United States,high,NEC Labs America is a well-known research laboratory based in the United States.,yes
CVPR-2020-A004952,Yu-Xiang Wang,"University of California, Santa Barbara",UNKNOWN,United States,high,"The University of California, Santa Barbara is a well-known institution located in the United States.",yes
CVPR-2020-A004953,Muhammad Zaigham Zaheer,University of Science and Technology | Electronics and Telecommunications Research Institute,UNKNOWN,South Korea,high,The Electronics and Telecommunications Research Institute (ETRI) is a well-known research institution based in South Korea.,yes
CVPR-2020-A004955,Marcella Astrid,University of Science and Technology | Electronics and Telecommunications Research Institute,UNKNOWN,South Korea,high,The Electronics and Telecommunications Research Institute (ETRI) is a well-known research institution based in South Korea.,yes
CVPR-2020-A004956,Seung-Ik Lee,University of Science and Technology | Electronics and Telecommunications Research Institute,UNKNOWN,South Korea,high,The Electronics and Telecommunications Research Institute (ETRI) is a well-known research institution based in South Korea.,yes
CVPR-2020-A004957,Zhenfang Chen,The University of Hong Kong,UNKNOWN,Hong Kong,high,The University of Hong Kong is a well-known institution located in Hong Kong.,yes
CVPR-2020-A004958,Peng Wang,University of Wollongong,UNKNOWN,Australia,high,The University of Wollongong is a well-known institution located in Australia.,yes
CVPR-2020-A004959,Lin Ma,Tencent AI Lab,UNKNOWN,China,high,"Tencent is a well-known Chinese technology company, and its AI Lab is based in China.",yes
CVPR-2020-A004960,Kwan-Yee K. Wong,The University of Hong Kong,UNKNOWN,Hong Kong,high,The University of Hong Kong is a well-known institution located in Hong Kong.,yes
CVPR-2020-A004978,Bowen Cheng,Google Research,UNKNOWN,United States,medium,"Google Research is primarily based in the United States, though it has offices in other countries.",no
CVPR-2020-A004979,Maxwell D. Collins,Google Research,UNKNOWN,United States,medium,"Google Research is primarily based in the United States, though it has offices in other countries.",no
CVPR-2020-A004980,Yukun Zhu,Google Research,UNKNOWN,United States,medium,"Google Research is primarily based in the United States, though it has offices in other countries.",no
CVPR-2020-A004981,Ting Liu,Google Research,UNKNOWN,United States,medium,"Google Research is primarily based in the United States, though it has offices in other countries.",no
CVPR-2020-A004982,Thomas S. Huang,Google Research,UNKNOWN,United States,medium,"Google Research is primarily based in the United States, though it has offices in other countries.",no
CVPR-2020-A004983,Hartwig Adam,Google Research,UNKNOWN,United States,medium,"Google Research is primarily based in the United States, though it has offices in other countries.",no
CVPR-2020-A004984,Liang-Chieh Chen,Google Research,UNKNOWN,United States,medium,"Google Research is primarily based in the United States, though it has offices in other countries.",no
CVPR-2020-A004985,Boxiao Pan,Stanford University,UNKNOWN,United States,high,Stanford University is located in the United States.,yes
CVPR-2020-A004986,Haoye Cai,Stanford University,UNKNOWN,United States,high,Stanford University is located in the United States.,yes
CVPR-2020-A004987,De-An Huang,Stanford University,UNKNOWN,United States,high,Stanford University is located in the United States.,yes
CVPR-2020-A004988,Kuan-Hui Lee,Toyota Research Institute,UNKNOWN,Japan,high,"Toyota is a well-known Japanese company, and the Toyota Research Institute is based in Japan.",yes
CVPR-2020-A004989,Adrien Gaidon,Toyota Research Institute,UNKNOWN,Japan,high,"Toyota is a well-known Japanese company, and the Toyota Research Institute is based in Japan.",yes
CVPR-2020-A004990,Ehsan Adeli,Stanford University,UNKNOWN,United States,high,Stanford University is located in the United States.,yes
CVPR-2020-A004991,Juan Carlos Niebles,Stanford University,UNKNOWN,United States,high,Stanford University is located in the United States.,yes
CVPR-2020-A004992,Weiwei Sun,University of Victoria,UNKNOWN,Canada,high,The University of Victoria is a well-known institution located in Canada.,yes
CVPR-2020-A004993,Wei Jiang,University of Victoria,UNKNOWN,Canada,high,The University of Victoria is a well-known institution located in Canada.,yes
CVPR-2020-A004994,Eduard Trulls,"Google Research, Zurich Google Research, Toronto",UNKNOWN,Switzerland | Canada,high,"Zurich is a city in Switzerland, and Toronto is a city in Canada.",yes
CVPR-2020-A004995,Andrea Tagliasacchi,"Google Research, Zurich Google Research, Toronto",UNKNOWN,Switzerland | Canada,high,"Zurich is a city in Switzerland, and Toronto is a city in Canada.",yes
CVPR-2020-A004996,Kwang Moo Yi,"Google Research, Zurich Google Research, Toronto",UNKNOWN,Switzerland | Canada,high,"Zurich is a city in Switzerland, and Toronto is a city in Canada.",yes
CVPR-2020-A004997,Wei-Lin Hsiao,The University of Texas at Austin | Facebook AI Research,UNKNOWN,United States,high,The University of Texas at Austin is a well-known institution located in the United States. Facebook AI Research is based in the United States as well.,yes
CVPR-2020-A004998,Kristen Grauman,The University of Texas at Austin | Facebook AI Research,UNKNOWN,United States,high,The University of Texas at Austin is a well-known institution located in the United States. Facebook AI Research is based in the United States as well.,yes
CVPR-2020-A005001,Steven Liu,Adobe Research,UNKNOWN,United States,medium,"Adobe Research is a well-known research division based in the United States, though it may have international collaborations.",yes
CVPR-2020-A005002,Tongzhou Wang,Adobe Research,UNKNOWN,United States,medium,"Adobe Research is a well-known research division based in the United States, though it may have international collaborations.",yes
CVPR-2020-A005003,David Bau,Adobe Research,UNKNOWN,United States,medium,"Adobe Research is a well-known research division based in the United States, though it may have international collaborations.",yes
CVPR-2020-A005004,Jun-Yan Zhu,Adobe Research,UNKNOWN,United States,medium,"Adobe Research is a well-known research division based in the United States, though it may have international collaborations.",yes
CVPR-2020-A005005,Antonio Torralba,Adobe Research,UNKNOWN,United States,medium,"Adobe Research is a well-known research division based in the United States, though it may have international collaborations.",yes
CVPR-2020-A005011,Joon-Young Lee,Adobe Research,UNKNOWN,United States,medium,"Adobe Research is a well-known research division based in the United States, though it may have international collaborations.",yes
CVPR-2020-A005013,Elad Eban,Google Research.,UNKNOWN,United States,medium,"Google Research is primarily based in the United States, though it has offices in other countries.",no
CVPR-2020-A005014,Yair Movshovitz-Attias,Google Research.,UNKNOWN,United States,medium,"Google Research is primarily based in the United States, though it has offices in other countries.",no
CVPR-2020-A005015,Hao Wu,Google Research.,UNKNOWN,United States,medium,"Google Research is primarily based in the United States, though it has offices in other countries.",no
CVPR-2020-A005016,Mark Sandler,Google Research.,UNKNOWN,United States,medium,"Google Research is primarily based in the United States, though it has offices in other countries.",no
CVPR-2020-A005042,Jun Li,Oregon State University,UNKNOWN,United States,high,Oregon State University is a well-known university located in the United States.,yes
CVPR-2020-A005043,Sinisa Todorovic,Oregon State University,UNKNOWN,United States,high,Oregon State University is a well-known university located in the United States.,yes
CVPR-2020-A005045,Marat Dukhan,"Google Mountain View, CA",UNKNOWN,United States,high,"Mountain View, CA is a well-known city in the United States.",yes
CVPR-2020-A005046,Trevor Gale,"Google Mountain View, CA",UNKNOWN,United States,high,"Mountain View, CA is a well-known city in the United States.",yes
CVPR-2020-A005048,Jie Chen,"Department of Computer Science, University of Rochester",UNKNOWN,United States,high,The University of Rochester is a well-known institution located in the United States.,yes
CVPR-2020-A005049,Zhiheng Li,"Department of Computer Science, University of Rochester",UNKNOWN,United States,high,The University of Rochester is a well-known institution located in the United States.,yes
CVPR-2020-A005050,Jiebo Luo,"Department of Computer Science, University of Rochester",UNKNOWN,United States,high,The University of Rochester is a well-known institution located in the United States.,yes
CVPR-2020-A005051,Chenliang Xu,"Department of Computer Science, University of Rochester",UNKNOWN,United States,high,The University of Rochester is a well-known institution located in the United States.,yes
CVPR-2020-A005057,Qi Tian,"Noah’s Ark Lab, Huawei Technologies",UNKNOWN,China,high,Huawei Technologies is a well-known Chinese company.,yes
CVPR-2020-A005067,Jogendra Nath Kundu,"Video Analytics Lab, CDS, Indian Institute of Science, Bangalore",UNKNOWN,India,high,"The institution name includes 'Indian Institute of Science, Bangalore', which is a well-known institution located in India.",yes
CVPR-2020-A005068,Naveen Venkat,"Video Analytics Lab, CDS, Indian Institute of Science, Bangalore",UNKNOWN,India,high,"The institution name includes 'Indian Institute of Science, Bangalore', which is a well-known institution located in India.",yes
CVPR-2020-A005069,Ambareesh Revanur,"Video Analytics Lab, CDS, Indian Institute of Science, Bangalore",UNKNOWN,India,high,"The institution name includes 'Indian Institute of Science, Bangalore', which is a well-known institution located in India.",yes
CVPR-2020-A005070,Rahul M V,"Video Analytics Lab, CDS, Indian Institute of Science, Bangalore",UNKNOWN,India,high,"The institution name includes 'Indian Institute of Science, Bangalore', which is a well-known institution located in India.",yes
CVPR-2020-A005071,R. Venkatesh Babu,"Video Analytics Lab, CDS, Indian Institute of Science, Bangalore",UNKNOWN,India,high,"The institution name includes 'Indian Institute of Science, Bangalore', which is a well-known institution located in India.",yes
CVPR-2020-A005072,Gen Luo,"Media Analytics and Computing Lab, Department of Artificial Intelligence",UNKNOWN,UNKNOWN,low,The institution name does not include any explicit reference to a country or region.,no
CVPR-2020-A005073,Yiyi Zhou,"Media Analytics and Computing Lab, Department of Artificial Intelligence",UNKNOWN,UNKNOWN,low,The institution name does not include any explicit reference to a country or region.,no
CVPR-2020-A005074,Xiaoshuai Sun,"Media Analytics and Computing Lab, Department of Artificial Intelligence",UNKNOWN,UNKNOWN,low,The institution name does not include any explicit reference to a country or region.,no
CVPR-2020-A005075,Liujuan Cao,"Media Analytics and Computing Lab, Department of Artificial Intelligence",UNKNOWN,UNKNOWN,low,The institution name does not include any explicit reference to a country or region.,no
CVPR-2020-A005078,Rongrong Ji,"Media Analytics and Computing Lab, Department of Artificial Intelligence",UNKNOWN,UNKNOWN,low,The institution name does not include any explicit reference to a country or region.,no
CVPR-2020-A005079,Yan Luo,School of Electronic Information and Electrical Engineering,UNKNOWN,UNKNOWN,low,The institution name does not include any explicit reference to a country or region.,no
CVPR-2020-A005081,Muming Zhao,School of Electronic Information and Electrical Engineering,UNKNOWN,UNKNOWN,low,The institution name does not include any explicit reference to a country or region.,no
CVPR-2020-A005082,Hao Zhou,School of Electronic Information and Electrical Engineering,UNKNOWN,UNKNOWN,low,The institution name does not include any explicit reference to a country or region.,no
CVPR-2020-A005083,Jun Sun,School of Electronic Information and Electrical Engineering,UNKNOWN,UNKNOWN,low,The institution name does not include any explicit reference to a country or region.,no
CVPR-2020-A005086,Hongwei Yi,"Shenzhen Graduate School, Peking University",UNKNOWN,China,high,"Shenzhen Graduate School, Peking University is a well-known institution located in China.",yes
CVPR-2020-A005087,Zhe Wang,SenseTime Research,UNKNOWN,China,medium,"SenseTime is a well-known Chinese company, and its research is commonly associated with China.",yes
CVPR-2020-A005088,Jianping Shi,SenseTime Research,UNKNOWN,China,medium,"SenseTime is a well-known Chinese company, and its research is commonly associated with China.",yes
CVPR-2020-A005090,Ping Luo,The University of Hong Kong,UNKNOWN,Hong Kong,high,The University of Hong Kong is a well-known institution located in Hong Kong.,yes
CVPR-2020-A005091,Giannis Daras,National Technical University of Athens,UNKNOWN,Greece,high,"The institution 'National Technical University of Athens' is a well-known university located in Athens, Greece.",yes
CVPR-2020-A005092,Augustus Odena,Google Brain,UNKNOWN,UNKNOWN,low,"Google Brain is a research group within Google, which is a multinational corporation. The institution name does not provide enough information to determine a specific country.",no
CVPR-2020-A005093,Han Zhang,Google Brain,UNKNOWN,UNKNOWN,low,"Google Brain is a research group within Google, which is a multinational corporation. The institution name does not provide enough information to determine a specific country.",no
CVPR-2020-A005098,Yunbo Wang,Tsinghua University,UNKNOWN,China,high,Tsinghua University is a well-known institution located in China.,yes
CVPR-2020-A005099,Jiajun Wu,Stanford University,UNKNOWN,United States,high,Stanford University is located in the United States.,yes
CVPR-2020-A005100,Mingsheng Long,Tsinghua University,UNKNOWN,China,high,Tsinghua University is a well-known institution located in China.,yes
CVPR-2020-A005101,Joshua B. Tenenbaum,Massachusetts Institute of Technology,UNKNOWN,United States,high,Massachusetts Institute of Technology is a well-known institution located in the United States.,yes
CVPR-2020-A005102,Minjie Cai,"Hunan University, State Key Lab. of VR Technology and Systems, Beihang University, Beijing Advanced Innovation Center for Big Data-Based Precision Medicine, Beihang University, Peng Cheng Laboratory, The University of Tokyo",UNKNOWN,China | Japan,high,"Hunan University, Beihang University, and Peng Cheng Laboratory are Chinese institutions. The University of Tokyo is a Japanese institution.",yes
CVPR-2020-A005103,Feng Lu,"Hunan University, State Key Lab. of VR Technology and Systems, Beihang University, Beijing Advanced Innovation Center for Big Data-Based Precision Medicine, Beihang University, Peng Cheng Laboratory, The University of Tokyo",UNKNOWN,China | Japan,high,"Hunan University, Beihang University, and Peng Cheng Laboratory are Chinese institutions. The University of Tokyo is a Japanese institution.",yes
CVPR-2020-A005104,Yoichi Sato,"Hunan University, State Key Lab. of VR Technology and Systems, Beihang University, Beijing Advanced Innovation Center for Big Data-Based Precision Medicine, Beihang University, Peng Cheng Laboratory, The University of Tokyo",UNKNOWN,China | Japan,high,"Hunan University, Beihang University, and Peng Cheng Laboratory are Chinese institutions. The University of Tokyo is a Japanese institution.",yes
CVPR-2020-A005105,Luming Tang,Cornell University,UNKNOWN,United States,high,Cornell University is a well-known university located in the United States.,yes
CVPR-2020-A005106,Davis Wertheimer,Cornell University,UNKNOWN,United States,high,Cornell University is a well-known university located in the United States.,yes
CVPR-2020-A005107,Bharath Hariharan,Cornell University,UNKNOWN,United States,high,Cornell University is a well-known university located in the United States.,yes
CVPR-2020-A005114,Shuda Li,Active Vision Lab &,UNKNOWN,United States,medium,"Active Vision Lab is commonly associated with institutions in the United States, though it is not exclusively U.S.-based.",no
CVPR-2020-A005116,Theo W. Costain,Active Vision Lab &,UNKNOWN,United States,medium,"Active Vision Lab is commonly associated with institutions in the United States, though it is not exclusively U.S.-based.",no
CVPR-2020-A005117,Henry Howard-Jenkins,Active Vision Lab &,UNKNOWN,United States,medium,"Active Vision Lab is commonly associated with institutions in the United States, though it is not exclusively U.S.-based.",no
CVPR-2020-A005118,Victor Prisacariu,Active Vision Lab &,UNKNOWN,United States,medium,"Active Vision Lab is commonly associated with institutions in the United States, though it is not exclusively U.S.-based.",no
CVPR-2020-A005119,Shiyin Zhang,"Institute of Information Science, Beijing Jiaotong University | Beijing Key Laboratory of Advanced Information Science and Network Technology",UNKNOWN,China,high,Beijing Jiaotong University is a well-known university located in China.,yes
CVPR-2020-A005121,Yunchao Wei,"ReLER, University of Technology Sydney",UNKNOWN,Australia,high,"The institution 'University of Technology Sydney' is located in Sydney, Australia.",yes
CVPR-2020-A005122,Shikui Wei,"Institute of Information Science, Beijing Jiaotong University | Beijing Key Laboratory of Advanced Information Science and Network Technology",UNKNOWN,China,high,Beijing Jiaotong University is a well-known university located in China.,yes
CVPR-2020-A005123,Yao Zhao,"Institute of Information Science, Beijing Jiaotong University | Beijing Key Laboratory of Advanced Information Science and Network Technology",UNKNOWN,China,high,Beijing Jiaotong University is a well-known university located in China.,yes
CVPR-2020-A005124,Hao-Shu Fang,Shanghai Jiao Tong University,UNKNOWN,China,high,"Shanghai Jiao Tong University is a well-known university located in Shanghai, China.",yes
CVPR-2020-A005125,Chenxi Wang,Shanghai Jiao Tong University,UNKNOWN,China,high,"Shanghai Jiao Tong University is a well-known university located in Shanghai, China.",yes
CVPR-2020-A005126,Minghao Gou,Shanghai Jiao Tong University,UNKNOWN,China,high,"Shanghai Jiao Tong University is a well-known university located in Shanghai, China.",yes
CVPR-2020-A005127,Cewu Lu,Shanghai Jiao Tong University,UNKNOWN,China,high,"Shanghai Jiao Tong University is a well-known university located in Shanghai, China.",yes
CVPR-2020-A005128,Marcella Cornia,University of Modena and Reggio Emilia,UNKNOWN,Italy,high,The University of Modena and Reggio Emilia is a well-known institution located in Italy.,yes
CVPR-2020-A005129,Matteo Stefanini,University of Modena and Reggio Emilia,UNKNOWN,Italy,high,The University of Modena and Reggio Emilia is a well-known institution located in Italy.,yes
CVPR-2020-A005130,Lorenzo Baraldi,University of Modena and Reggio Emilia,UNKNOWN,Italy,high,The University of Modena and Reggio Emilia is a well-known institution located in Italy.,yes
CVPR-2020-A005131,Rita Cucchiara,University of Modena and Reggio Emilia,UNKNOWN,Italy,high,The University of Modena and Reggio Emilia is a well-known institution located in Italy.,yes
CVPR-2020-A005143,Irit Chelly,Ben-Gurion University,UNKNOWN,Israel,high,Ben-Gurion University is a well-known institution located in Israel.,yes
CVPR-2020-A005144,Vlad Winter,Ben-Gurion University,UNKNOWN,Israel,high,Ben-Gurion University is a well-known institution located in Israel.,yes
CVPR-2020-A005145,Dor Litvak,Ben-Gurion University,UNKNOWN,Israel,high,Ben-Gurion University is a well-known institution located in Israel.,yes
CVPR-2020-A005146,David Rosen,Ben-Gurion University,UNKNOWN,Israel,high,Ben-Gurion University is a well-known institution located in Israel.,yes
CVPR-2020-A005147,Oren Freifeld,Ben-Gurion University,UNKNOWN,Israel,high,Ben-Gurion University is a well-known institution located in Israel.,yes
CVPR-2020-A005148,Yaoyao Liu,"School of Electrical and Information Engineering, Tianjin University | Max Planck Institute for Informatics, Saarland Informatics Campus",UNKNOWN,China | Germany,high,"Tianjin University is located in China, and the Max Planck Institute for Informatics, Saarland Informatics Campus is located in Germany.",yes
CVPR-2020-A005149,Yuting Su,"School of Electrical and Information Engineering, Tianjin University",UNKNOWN,China,high,"Tianjin University is a well-known university located in Tianjin, China.",yes
CVPR-2020-A005150,An-An Liu,"School of Electrical and Information Engineering, Tianjin University",UNKNOWN,China,high,"Tianjin University is a well-known university located in Tianjin, China.",yes
CVPR-2020-A005151,Bernt Schiele,"Max Planck Institute for Informatics, Saarland Informatics Campus",UNKNOWN,Germany,high,"The Max Planck Institute for Informatics is located in Saarbrücken, Germany, and the Saarland Informatics Campus is a well-known research hub in the region.",yes
CVPR-2020-A005163,Burak Uzkent,Department of Computer Science Stanford University,UNKNOWN,United States,high,Stanford University is located in the United States.,yes
CVPR-2020-A005164,Stefano Ermon,Department of Computer Science Stanford University,UNKNOWN,United States,high,Stanford University is located in the United States.,yes
CVPR-2020-A005165,Jiemin Fang,"School of EIC, Huazhong University of Science and Technology Horizon Robotics",UNKNOWN,China,high,Huazhong University of Science and Technology is a well-known university located in China.,yes
CVPR-2020-A005166,Yuzhu Sun,"School of EIC, Huazhong University of Science and Technology Horizon Robotics",UNKNOWN,China,high,Huazhong University of Science and Technology is a well-known university located in China.,yes
CVPR-2020-A005167,Qian Zhang,"School of EIC, Huazhong University of Science and Technology Horizon Robotics",UNKNOWN,China,high,Huazhong University of Science and Technology is a well-known university located in China.,yes
CVPR-2020-A005168,Yuan Li,"School of EIC, Huazhong University of Science and Technology Horizon Robotics",UNKNOWN,China,high,Huazhong University of Science and Technology is a well-known university located in China.,yes
CVPR-2020-A005169,Wenyu Liu,"School of EIC, Huazhong University of Science and Technology Horizon Robotics",UNKNOWN,China,high,Huazhong University of Science and Technology is a well-known university located in China.,yes
CVPR-2020-A005170,Xinggang Wang,"School of EIC, Huazhong University of Science and Technology Horizon Robotics",UNKNOWN,China,high,Huazhong University of Science and Technology is a well-known university located in China.,yes
CVPR-2020-A005175,Yen-Chang Hsu,Georgia Institute of Technology,UNKNOWN,United States,high,Georgia Institute of Technology is a well-known university located in the United States.,yes
CVPR-2020-A005176,Yilin Shen,Samsung Research America,UNKNOWN,United States,high,Samsung Research America is a well-known research division based in the United States.,yes
CVPR-2020-A005177,Hongxia Jin,Samsung Research America,UNKNOWN,United States,high,Samsung Research America is a well-known research division based in the United States.,yes
CVPR-2020-A005178,Zsolt Kira,Georgia Institute of Technology,UNKNOWN,United States,high,Georgia Institute of Technology is a well-known university located in the United States.,yes
CVPR-2020-A005179,Elias N. Zois,"University of West Attica Ancient olive grove campus, Greece",UNKNOWN,Greece,high,The institution string explicitly mentions 'Greece'.,yes
CVPR-2020-A005180,Evangelos Zervas,"University of West Attica Ancient olive grove campus, Greece",UNKNOWN,Greece,high,The institution string explicitly mentions 'Greece'.,yes
CVPR-2020-A005181,Dimitrios Tsourounis,"University of Patras Patras, Greece",UNKNOWN,Greece,high,The institution string explicitly mentions 'Greece'.,yes
CVPR-2020-A005182,George Economou,"University of Patras Patras, Greece",UNKNOWN,Greece,high,The institution string explicitly mentions 'Greece'.,yes
CVPR-2020-A005184,Guangda Lai,Google,UNKNOWN,United States,medium,"Google is a multinational corporation, but its headquarters is in the United States. However, it operates in many countries, so the inference is not definitive.",no
CVPR-2020-A005185,Abhijit Kundu,Google,UNKNOWN,United States,medium,"Google is a multinational corporation, but its headquarters is in the United States. However, it operates in many countries, so the inference is not definitive.",no
CVPR-2020-A005186,Zhichao Lu,Google,UNKNOWN,United States,medium,"Google is a multinational corporation, but its headquarters is in the United States. However, it operates in many countries, so the inference is not definitive.",no
CVPR-2020-A005187,Vivek Rathod,Google,UNKNOWN,United States,medium,"Google is a multinational corporation, but its headquarters is in the United States. However, it operates in many countries, so the inference is not definitive.",no
CVPR-2020-A005188,Thomas Funkhouser,Google,UNKNOWN,United States,medium,"Google is a multinational corporation, but its headquarters is in the United States. However, it operates in many countries, so the inference is not definitive.",no
CVPR-2020-A005189,Caroline Pantofaru,Google,UNKNOWN,United States,medium,"Google is a multinational corporation, but its headquarters is in the United States. However, it operates in many countries, so the inference is not definitive.",no
CVPR-2020-A005190,David Ross,Google,UNKNOWN,United States,medium,"Google is a multinational corporation, but its headquarters is in the United States. However, it operates in many countries, so the inference is not definitive.",no
CVPR-2020-A005192,Alireza Fathi,Google,UNKNOWN,United States,medium,"Google is a multinational corporation, but its headquarters is in the United States. However, it operates in many countries, so the inference is not definitive.",no
CVPR-2020-A005193,Mahdi Abavisani,"Dataminr Inc., New York, NY",UNKNOWN,United States,high,"The institution is based in New York, NY, which is in the United States.",yes
CVPR-2020-A005194,Liwei Wu,"Dataminr Inc., New York, NY",UNKNOWN,United States,high,"The institution is based in New York, NY, which is in the United States.",yes
CVPR-2020-A005195,Shengli Hu,"Dataminr Inc., New York, NY",UNKNOWN,United States,high,"The institution is based in New York, NY, which is in the United States.",yes
CVPR-2020-A005196,Joel Tetreault,"Dataminr Inc., New York, NY",UNKNOWN,United States,high,"The institution is based in New York, NY, which is in the United States.",yes
CVPR-2020-A005197,Alejandro Jaimes,"Dataminr Inc., New York, NY",UNKNOWN,United States,high,"The institution is based in New York, NY, which is in the United States.",yes
CVPR-2020-A005206,Prasun Roy,"Indian Statistical Institute, Kolkata, India",UNKNOWN,India,high,The institution name explicitly includes 'India'.,yes
CVPR-2020-A005207,Saumik Bhattacharya,"Indian Institute of Technology, Kharagpur, India",UNKNOWN,India,high,The institution name explicitly includes 'India'.,yes
CVPR-2020-A005208,Subhankar Ghosh,"Indian Statistical Institute, Kolkata, India",UNKNOWN,India,high,The institution name explicitly includes 'India'.,yes
CVPR-2020-A005209,Umapada Pal,"Indian Statistical Institute, Kolkata, India",UNKNOWN,India,high,The institution name explicitly includes 'India'.,yes
CVPR-2020-A005213,Rongchang Xie,"Center for Data Science, Peking University | Deepwise AI Lab",UNKNOWN,China,high,"Peking University is a well-known institution located in China, and Deepwise AI Lab is a Chinese company.",yes
CVPR-2020-A005214,Chunyu Wang,Microsoft Research Asia,UNKNOWN,China,high,Microsoft Research Asia is a well-known research division based in China.,yes
CVPR-2020-A005215,Yizhou Wang,"Adv. Inst. of Info. Tech., Peking University | CS Dept., Peking University",UNKNOWN,China,high,Peking University is a well-known institution located in China.,yes
CVPR-2020-A005219,Pengxiang Wu,Rutgers University,UNKNOWN,United States,high,Rutgers University is a well-known university located in the United States.,yes
CVPR-2020-A005220,Siheng Chen,Mitsubishi Electric Research Laboratories Dimitris Metaxas Rutgers University,UNKNOWN,United States | Japan,medium,"Mitsubishi Electric Research Laboratories is based in Japan, and Rutgers University is based in the United States.",no
CVPR-2020-A005222,Yifei Huang,"Institute of Industrial Science, The University of Tokyo",UNKNOWN,Japan,high,The University of Tokyo is a well-known institution located in Japan.,yes
CVPR-2020-A005223,Yusuke Sugano,"Institute of Industrial Science, The University of Tokyo",UNKNOWN,Japan,high,The University of Tokyo is a well-known institution located in Japan.,yes
CVPR-2020-A005224,Yoichi Sato,"Institute of Industrial Science, The University of Tokyo",UNKNOWN,Japan,high,The University of Tokyo is a well-known institution located in Japan.,yes
CVPR-2020-A005234,Jiale Cao,Tianjin University,UNKNOWN,China,high,"Tianjin University is a well-known university located in Tianjin, China.",yes
CVPR-2020-A005235,Hisham Cholakkal,"Inception Institute of Artificial Intelligence (IIAI), UAE",UNKNOWN,United Arab Emirates,high,"The institution name explicitly includes 'UAE', which is the official country name.",yes
CVPR-2020-A005236,Rao Muhammad Anwer,"Inception Institute of Artificial Intelligence (IIAI), UAE",UNKNOWN,United Arab Emirates,high,"The institution name explicitly includes 'UAE', which is the official country name.",yes
CVPR-2020-A005237,Fahad Shahbaz Khan,"Inception Institute of Artificial Intelligence (IIAI), UAE",UNKNOWN,United Arab Emirates,high,"The institution name explicitly includes 'UAE', which is the official country name.",yes
CVPR-2020-A005238,Yanwei Pang,Tianjin University,UNKNOWN,China,high,"Tianjin University is a well-known university located in Tianjin, China.",yes
CVPR-2020-A005239,Ling Shao,"Inception Institute of Artificial Intelligence (IIAI), UAE",UNKNOWN,United Arab Emirates,high,"The institution name explicitly includes 'UAE', which is the official country name.",yes
CVPR-2020-A005241,Yinpeng Chen,Microsoft,UNKNOWN,United States,high,Microsoft is a well-known technology company headquartered in the United States.,yes
CVPR-2020-A005242,Lu Yuan,Microsoft,UNKNOWN,United States,high,Microsoft is a well-known technology company headquartered in the United States.,yes
CVPR-2020-A005243,Zicheng Liu,Microsoft,UNKNOWN,United States,high,Microsoft is a well-known technology company headquartered in the United States.,yes
CVPR-2020-A005244,Lijuan Wang,Microsoft,UNKNOWN,United States,high,Microsoft is a well-known technology company headquartered in the United States.,yes
CVPR-2020-A005245,Hongzhi Li,Microsoft,UNKNOWN,United States,high,Microsoft is a well-known technology company headquartered in the United States.,yes
CVPR-2020-A005251,Qi Chang,Rutgers University,UNKNOWN,United States,high,Rutgers University is a well-known university located in the United States.,yes
CVPR-2020-A005252,Hui Qu,Rutgers University,UNKNOWN,United States,high,Rutgers University is a well-known university located in the United States.,yes
CVPR-2020-A005253,Yikai Zhang,Rutgers University,UNKNOWN,United States,high,Rutgers University is a well-known university located in the United States.,yes
CVPR-2020-A005254,Mert Sabuncu,Cornell University,UNKNOWN,United States,high,Cornell University is a well-known university located in the United States.,yes
CVPR-2020-A005255,Chao Chen,Stony Brook University,UNKNOWN,United States,high,Stony Brook University is a well-known university located in the United States.,yes
CVPR-2020-A005256,Tong Zhang,Hong Kong University of Science and Technology,UNKNOWN,Hong Kong,high,"The institution name explicitly includes 'Hong Kong', which is a Special Administrative Region of China but is often treated as a separate entity in academic and institutional contexts.",yes
CVPR-2020-A005268,Dongdong Chen,Microsoft Research,UNKNOWN,United States,high,Microsoft Research is based in the United States.,yes
CVPR-2020-A005269,Jing Liao,City University of Hong Kong,UNKNOWN,Hong Kong,high,"The institution name explicitly includes 'Hong Kong', which is a Special Administrative Region of China but is often treated as a separate entity in academic and institutional contexts.",yes
CVPR-2020-A005274,Gang Hua,Wormpex AI Research,UNKNOWN,UNKNOWN,low,The institution name 'Wormpex AI Research' does not provide clear evidence of the country it belongs to.,no
CVPR-2020-A005279,Tiejun Zhao,Harbin Institute of Technology,UNKNOWN,China,high,"Harbin Institute of Technology is a well-known institution located in Harbin, China.",yes
CVPR-2020-A005286,Chuang Gan,"MIT, MIT-IBM Watson AI Lab",UNKNOWN,United States,high,MIT (Massachusetts Institute of Technology) and MIT-IBM Watson AI Lab are well-known institutions based in the United States.,yes
CVPR-2020-A005287,Deng Huang,"MIT, MIT-IBM Watson AI Lab",UNKNOWN,United States,high,MIT (Massachusetts Institute of Technology) and MIT-IBM Watson AI Lab are well-known institutions based in the United States.,yes
CVPR-2020-A005288,Hang Zhao,"MIT, MIT-IBM Watson AI Lab",UNKNOWN,United States,high,MIT (Massachusetts Institute of Technology) and MIT-IBM Watson AI Lab are well-known institutions based in the United States.,yes
CVPR-2020-A005289,Joshua B. Tenenbaum,"MIT, MIT-IBM Watson AI Lab",UNKNOWN,United States,high,MIT (Massachusetts Institute of Technology) and MIT-IBM Watson AI Lab are well-known institutions based in the United States.,yes
CVPR-2020-A005290,Antonio Torralba,"MIT, MIT-IBM Watson AI Lab",UNKNOWN,United States,high,MIT (Massachusetts Institute of Technology) and MIT-IBM Watson AI Lab are well-known institutions based in the United States.,yes
CVPR-2020-A005291,Chang-Dong Xu,"Megvii Research Nanjing, Megvii Technology",UNKNOWN,China,high,"Megvii Technology is a well-known Chinese company, and Nanjing is a city in China.",yes
CVPR-2020-A005292,Xing-Ran Zhao,"Megvii Research Nanjing, Megvii Technology",UNKNOWN,China,high,"Megvii Technology is a well-known Chinese company, and Nanjing is a city in China.",yes
CVPR-2020-A005293,Xin Jin,"Megvii Research Nanjing, Megvii Technology",UNKNOWN,China,high,"Megvii Technology is a well-known Chinese company, and Nanjing is a city in China.",yes
CVPR-2020-A005294,Xiu-Shen Wei,"Megvii Research Nanjing, Megvii Technology",UNKNOWN,China,high,"Megvii Technology is a well-known Chinese company, and Nanjing is a city in China.",yes
CVPR-2020-A005299,Xiang Li,Nanjing University of Science and Technology | Osaka University,UNKNOWN,China | Japan,high,"Nanjing University of Science and Technology is located in China, and Osaka University is located in Japan.",yes
CVPR-2020-A005300,Yasushi Makihara,Osaka University,UNKNOWN,Japan,high,Osaka University is a well-known institution located in Japan.,yes
CVPR-2020-A005301,Chi Xu,Nanjing University of Science and Technology | Osaka University,UNKNOWN,China | Japan,high,"Nanjing University of Science and Technology is located in China, and Osaka University is located in Japan.",yes
CVPR-2020-A005302,Yasushi Yagi,Osaka University,UNKNOWN,Japan,high,Osaka University is a well-known institution located in Japan.,yes
CVPR-2020-A005303,Mingwu Ren,Nanjing University of Science and Technology,UNKNOWN,China,high,"Nanjing University of Science and Technology is a well-known institution located in Nanjing, China.",yes
CVPR-2020-A005304,Suchen Wang,Nanyang Technological University,UNKNOWN,Singapore,high,Nanyang Technological University is a well-known university located in Singapore.,yes
CVPR-2020-A005305,Kim-Hui Yap,Nanyang Technological University,UNKNOWN,Singapore,high,Nanyang Technological University is a well-known university located in Singapore.,yes
CVPR-2020-A005306,Junsong Yuan,State University of New York at Buffalo,UNKNOWN,United States,high,The institution name 'State University of New York at Buffalo' is a well-known university located in the United States.,yes
CVPR-2020-A005307,Yap-Peng Tan,Nanyang Technological University,UNKNOWN,Singapore,high,Nanyang Technological University is a well-known university located in Singapore.,yes
CVPR-2020-A005310,Hanwang Zhang,Nanyang Technological University,UNKNOWN,Singapore,high,Nanyang Technological University is a well-known university located in Singapore.,yes
CVPR-2020-A005311,Qianru Sun,"Damo Academy, Alibaba Group",UNKNOWN,China,high,"Damo Academy is a research institution under Alibaba Group, which is based in China.",yes
CVPR-2020-A005331,Xu Cheng,Shanghai Jiao Tong University,UNKNOWN,China,high,"Shanghai Jiao Tong University is a well-known university located in Shanghai, China.",yes
CVPR-2020-A005332,Zhefan Rao,Shanghai Jiao Tong University,UNKNOWN,China,high,"Shanghai Jiao Tong University is a well-known university located in Shanghai, China.",yes
CVPR-2020-A005333,Yilan Chen,Shanghai Jiao Tong University,UNKNOWN,China,high,"Shanghai Jiao Tong University is a well-known university located in Shanghai, China.",yes
CVPR-2020-A005334,Quanshi Zhang,Shanghai Jiao Tong University,UNKNOWN,China,high,"Shanghai Jiao Tong University is a well-known university located in Shanghai, China.",yes
CVPR-2020-A005335,Qizhu Li,University of Oxford,UNKNOWN,United Kingdom,high,The University of Oxford is a well-known institution located in the United Kingdom.,yes
CVPR-2020-A005336,Xiaojuan Qi,University of Oxford,UNKNOWN,United Kingdom,high,The University of Oxford is a well-known institution located in the United Kingdom.,yes
CVPR-2020-A005337,Philip H.S. Torr,University of Oxford,UNKNOWN,United Kingdom,high,The University of Oxford is a well-known institution located in the United Kingdom.,yes
CVPR-2020-A005351,Zoltan Kato,"University of Szeged, Institute of Informatics, Hungary | J. Selye University, Komarno, Slovakia",UNKNOWN,Hungary | Slovakia,high,The institution string explicitly lists Hungary and Slovakia.,yes
CVPR-2020-A005352,Andor Juhasz,"University of Szeged, Institute of Informatics, Hungary",UNKNOWN,Hungary,high,The institution string explicitly mentions 'Hungary'.,yes
CVPR-2020-A005363,Dacheng Tao,"UBTECH Sydney AI Centre, School of Computer Science, Faculty of Engineering",UNKNOWN,Australia,high,"The institution name includes 'Sydney', which is a major city in Australia.",yes
CVPR-2020-A005364,Yu Qiao,Dalian University of Technology,UNKNOWN,China,high,"Dalian University of Technology is a well-known institution located in Dalian, China.",yes
CVPR-2020-A005365,Yuhao Liu,Dalian University of Technology,UNKNOWN,China,high,"Dalian University of Technology is a well-known institution located in Dalian, China.",yes
CVPR-2020-A005366,Xin Yang,Dalian University of Technology | Beijing Technology and Business University,UNKNOWN,China,high,Both Dalian University of Technology and Beijing Technology and Business University are well-known institutions located in China.,yes
CVPR-2020-A005367,Dongsheng Zhou,Dalian University,UNKNOWN,China,high,"Dalian University is a well-known institution located in Dalian, China.",yes
CVPR-2020-A005369,Qiang Zhang,Dalian University,UNKNOWN,China,high,"Dalian University is a well-known institution located in Dalian, China.",yes
CVPR-2020-A005370,Xiaopeng Wei,Dalian University of Technology,UNKNOWN,China,high,"Dalian University of Technology is a well-known institution located in Dalian, China.",yes
CVPR-2020-A005385,Ev Zisselman,Department of Electrical Engineering Technion,UNKNOWN,Israel,high,"The Technion is a well-known institution in Israel, specifically the Technion – Israel Institute of Technology.",yes
CVPR-2020-A005386,Aviv Tamar,Department of Electrical Engineering Technion,UNKNOWN,Israel,high,"The Technion is a well-known institution in Israel, specifically the Technion – Israel Institute of Technology.",yes
CVPR-2020-A005387,Krishna Kumar Singh,"University of California, Davis, Facebook AI, University of Texas at Austin",UNKNOWN,United States,high,"All institutions listed (University of California, Davis, University of Texas at Austin) are well-known U.S. institutions. Facebook AI is based in the United States.",yes
CVPR-2020-A005388,Dhruv Mahajan,"University of California, Davis, Facebook AI, University of Texas at Austin",UNKNOWN,United States,high,"All institutions listed (University of California, Davis, University of Texas at Austin) are well-known U.S. institutions. Facebook AI is based in the United States.",yes
CVPR-2020-A005389,Kristen Grauman,"University of California, Davis, Facebook AI, University of Texas at Austin",UNKNOWN,United States,high,"All institutions listed (University of California, Davis, University of Texas at Austin) are well-known U.S. institutions. Facebook AI is based in the United States.",yes
CVPR-2020-A005390,Yong Jae Lee,"University of California, Davis, Facebook AI, University of Texas at Austin",UNKNOWN,United States,high,"All institutions listed (University of California, Davis, University of Texas at Austin) are well-known U.S. institutions. Facebook AI is based in the United States.",yes
CVPR-2020-A005391,Matt Feiszli,"University of California, Davis, Facebook AI, University of Texas at Austin",UNKNOWN,United States,high,"All institutions listed (University of California, Davis, University of Texas at Austin) are well-known U.S. institutions. Facebook AI is based in the United States.",yes
CVPR-2020-A005392,Deepti Ghadiyaram,"University of California, Davis, Facebook AI, University of Texas at Austin",UNKNOWN,United States,high,"All institutions listed (University of California, Davis, University of Texas at Austin) are well-known U.S. institutions. Facebook AI is based in the United States.",yes
CVPR-2020-A005399,Amanpreet Singh,Facebook AI Research (FAIR),UNKNOWN,United States,medium,"Facebook AI Research (FAIR) is based in the United States, but the conference (CVPR) and year (2020) do not provide additional country-specific context.",yes
CVPR-2020-A005401,Marcus Rohrbach,Facebook AI Research (FAIR),UNKNOWN,United States,medium,"Facebook AI Research (FAIR) is based in the United States, but the conference (CVPR) and year (2020) do not provide additional country-specific context.",yes
CVPR-2020-A005408,Zhongqi Miao,The Chinese University of Hong Kong,UNKNOWN,China,high,The institution name explicitly includes 'China'.,yes
CVPR-2020-A005412,Stella X. Yu,The Chinese University of Hong Kong,UNKNOWN,China,high,The institution name explicitly includes 'China'.,yes
CVPR-2020-A005414,Anuroop Sriram,Facebook AI Research (FAIR),UNKNOWN,United States,medium,"Facebook AI Research (FAIR) is based in the United States, but the conference (CVPR) and year (2020) do not provide additional country-specific context.",yes
CVPR-2020-A005415,Jure Zbontar,Facebook AI Research (FAIR),UNKNOWN,United States,medium,"Facebook AI Research (FAIR) is based in the United States, but the conference (CVPR) and year (2020) do not provide additional country-specific context.",yes
CVPR-2020-A005416,Tullie Murrell,Facebook AI Research (FAIR),UNKNOWN,United States,medium,"Facebook AI Research (FAIR) is based in the United States, but the conference (CVPR) and year (2020) do not provide additional country-specific context.",yes
CVPR-2020-A005417,C. Lawrence Zitnick,Facebook AI Research (FAIR),UNKNOWN,United States,medium,"Facebook AI Research (FAIR) is based in the United States, but the conference (CVPR) and year (2020) do not provide additional country-specific context.",yes
CVPR-2020-A005418,Aaron Defazio,Facebook AI Research (FAIR),UNKNOWN,United States,medium,"Facebook AI Research (FAIR) is based in the United States, but the conference (CVPR) and year (2020) do not provide additional country-specific context.",yes
CVPR-2020-A005419,Daniel K. Sodickson,Facebook AI Research (FAIR),UNKNOWN,United States,medium,"Facebook AI Research (FAIR) is based in the United States, but the conference (CVPR) and year (2020) do not provide additional country-specific context.",yes
CVPR-2020-A005421,Xiaoliang Dai,Facebook Inc.,UNKNOWN,United States,high,Facebook Inc. is a well-known company based in the United States.,yes
CVPR-2020-A005422,Peizhao Zhang,Facebook Inc.,UNKNOWN,United States,high,Facebook Inc. is a well-known company based in the United States.,yes
CVPR-2020-A005423,Zijian He,Facebook Inc.,UNKNOWN,United States,high,Facebook Inc. is a well-known company based in the United States.,yes
CVPR-2020-A005424,Yuandong Tian,Facebook Inc.,UNKNOWN,United States,high,Facebook Inc. is a well-known company based in the United States.,yes
CVPR-2020-A005425,Saining Xie,Facebook Inc.,UNKNOWN,United States,high,Facebook Inc. is a well-known company based in the United States.,yes
CVPR-2020-A005426,Bichen Wu,Facebook Inc.,UNKNOWN,United States,high,Facebook Inc. is a well-known company based in the United States.,yes
CVPR-2020-A005427,Matthew Yu,Facebook Inc.,UNKNOWN,United States,high,Facebook Inc. is a well-known company based in the United States.,yes
CVPR-2020-A005428,Tao Xu,Facebook Inc.,UNKNOWN,United States,high,Facebook Inc. is a well-known company based in the United States.,yes
CVPR-2020-A005429,Kan Chen,Facebook Inc.,UNKNOWN,United States,high,Facebook Inc. is a well-known company based in the United States.,yes
CVPR-2020-A005430,Peter Vajda,Facebook Inc.,UNKNOWN,United States,high,Facebook Inc. is a well-known company based in the United States.,yes
CVPR-2020-A005432,Wenbo Zheng,"School of Software Engineering, Xi’an Jiaotong University | The State Key Laboratory for Management and Control of Complex Systems, Institute of Automation",UNKNOWN,China,high,Xi’an Jiaotong University is a well-known university located in China.,yes
CVPR-2020-A005434,Chao Gou,"School of Intelligent Systems Engineering, Sun Yat-sen University",UNKNOWN,China,high,Sun Yat-sen University is a well-known institution located in China.,yes
CVPR-2020-A005436,Xinjiang Wang,SenseTime Research,UNKNOWN,China,medium,"SenseTime is a well-known Chinese company, and its research is commonly associated with China.",yes
CVPR-2020-A005437,Shilong Zhang,SenseTime Research,UNKNOWN,China,medium,"SenseTime is a well-known Chinese company, and its research is commonly associated with China.",yes
CVPR-2020-A005438,Zhuoran Yu,SenseTime Research,UNKNOWN,China,medium,"SenseTime is a well-known Chinese company, and its research is commonly associated with China.",yes
CVPR-2020-A005439,Litong Feng,SenseTime Research,UNKNOWN,China,medium,"SenseTime is a well-known Chinese company, and its research is commonly associated with China.",yes
CVPR-2020-A005440,Wayne Zhang,SenseTime Research,UNKNOWN,China,medium,"SenseTime is a well-known Chinese company, and its research is commonly associated with China.",yes
CVPR-2020-A005441,Nian Liu,Northwestern Polytechincal University | Mohamed bin Zayed University of Artificial Intelligence,UNKNOWN,United Arab Emirates | United States,high,"Northwestern Polytechnical University is based in China, but the name may refer to a different institution (e.g., in the U.S.). Mohamed bin Zayed University of Artificial Intelligence is located in the United Arab Emirates.",no
CVPR-2020-A005442,Ni Zhang,Northwestern Polytechincal University,UNKNOWN,United States,high,Northwestern Polytechnical University is a well-known institution located in the United States.,yes
CVPR-2020-A005443,Junwei Han,Northwestern Polytechincal University,UNKNOWN,United States,high,Northwestern Polytechnical University is a well-known institution located in the United States.,yes
CVPR-2020-A005444,Avisek Lahiri,Indian Institute of Technology Kharagpur,UNKNOWN,India,high,"The institution name explicitly includes 'Indian', indicating the country is India.",yes
CVPR-2020-A005445,Arnav Kumar Jain,Microsoft,UNKNOWN,United States,high,Microsoft is a well-known technology company headquartered in the United States.,yes
CVPR-2020-A005446,Sanskar Agrawal,Indian Institute of Technology Kharagpur,UNKNOWN,India,high,"The institution name explicitly includes 'Indian', indicating the country is India.",yes
CVPR-2020-A005447,Pabitra Mitra,Indian Institute of Technology Kharagpur,UNKNOWN,India,high,"The institution name explicitly includes 'Indian', indicating the country is India.",yes
CVPR-2020-A005448,Prabir Kumar Biswas,Indian Institute of Technology Kharagpur,UNKNOWN,India,high,"The institution name explicitly includes 'Indian', indicating the country is India.",yes
CVPR-2020-A005449,Jaime Spencer,"Centre for Vision, Speech and Signal Processing (CVSSP) University of Surrey",UNKNOWN,United Kingdom,high,The University of Surrey is located in the United Kingdom.,yes
CVPR-2020-A005450,Richard Bowden,"Centre for Vision, Speech and Signal Processing (CVSSP) University of Surrey",UNKNOWN,United Kingdom,high,The University of Surrey is located in the United Kingdom.,yes
CVPR-2020-A005451,Simon Hadfield,"Centre for Vision, Speech and Signal Processing (CVSSP) University of Surrey",UNKNOWN,United Kingdom,high,The University of Surrey is located in the United Kingdom.,yes
CVPR-2020-A005459,Kyungsu Kim,Samsung Research,UNKNOWN,South Korea,high,"Samsung is a well-known South Korean company, and Samsung Research is a subsidiary associated with it.",yes
CVPR-2020-A005461,Fengda Zhu,Monash University,UNKNOWN,Australia,high,Monash University is a well-known university located in Australia.,yes
CVPR-2020-A005463,Xiaojun Chang,Monash University,UNKNOWN,Australia,high,Monash University is a well-known university located in Australia.,yes
CVPR-2020-A005464,Xiaodan Liang,Sun Yat-sen University | Dark Matter AI Inc.,UNKNOWN,China | United States,medium,"Sun Yat-sen University is located in China, while Dark Matter AI Inc. is a company based in the United States.",yes
CVPR-2020-A005476,Chung-Ching Lin,IBM Research AI,UNKNOWN,United States,high,IBM Research AI is based in the United States.,yes
CVPR-2020-A005477,Ying Hung,Rutgers University,UNKNOWN,United States,high,Rutgers University is a well-known university located in the United States.,yes
CVPR-2020-A005478,Rogerio Feris,IBM Research AI,UNKNOWN,United States,high,IBM Research AI is based in the United States.,yes
CVPR-2020-A005479,Linglin He,Rutgers University,UNKNOWN,United States,high,Rutgers University is a well-known university located in the United States.,yes
CVPR-2020-A005480,Christopher Choy,Stanford University,UNKNOWN,United States,high,Stanford University is located in the United States.,yes
CVPR-2020-A005481,Junha Lee,Stanford University,UNKNOWN,United States,high,Stanford University is located in the United States.,yes
CVPR-2020-A005482,Rene Ranftl,Stanford University,UNKNOWN,United States,high,Stanford University is located in the United States.,yes
CVPR-2020-A005483,Jaesik Park,Stanford University,UNKNOWN,United States,high,Stanford University is located in the United States.,yes
CVPR-2020-A005484,Vladlen Koltun,Stanford University,UNKNOWN,United States,high,Stanford University is located in the United States.,yes
CVPR-2020-A005485,Maxim Berman,"Center for Processing Speech and Images, Department of Electrical Engineering, KU Leuven",UNKNOWN,Belgium,high,"KU Leuven is a well-known university located in Leuven, Belgium.",yes
CVPR-2020-A005486,Leonid Pishchulin,"Center for Processing Speech and Images, Department of Electrical Engineering, KU Leuven",UNKNOWN,Belgium,high,"KU Leuven is a well-known university located in Leuven, Belgium.",yes
CVPR-2020-A005487,Ning Xu,"Center for Processing Speech and Images, Department of Electrical Engineering, KU Leuven",UNKNOWN,Belgium,high,"KU Leuven is a well-known university located in Leuven, Belgium.",yes
CVPR-2020-A005488,Matthew B. Blaschko,"Center for Processing Speech and Images, Department of Electrical Engineering, KU Leuven",UNKNOWN,Belgium,high,"KU Leuven is a well-known university located in Leuven, Belgium.",yes
CVPR-2020-A005489,Gerard Medioni,"Center for Processing Speech and Images, Department of Electrical Engineering, KU Leuven",UNKNOWN,Belgium,high,"KU Leuven is a well-known university located in Leuven, Belgium.",yes
CVPR-2020-A005505,Xinting Hu,"Damo Academy, Alibaba Group",UNKNOWN,China,high,"Damo Academy is a research institution under Alibaba Group, which is based in China.",yes
CVPR-2020-A005506,Yi Jiang,"Damo Academy, Alibaba Group",UNKNOWN,China,high,"Damo Academy is a research institution under Alibaba Group, which is based in China.",yes
CVPR-2020-A005507,Kaihua Tang,"Damo Academy, Alibaba Group",UNKNOWN,China,high,"Damo Academy is a research institution under Alibaba Group, which is based in China.",yes
CVPR-2020-A005508,Jingyuan Chen,"Damo Academy, Alibaba Group",UNKNOWN,China,high,"Damo Academy is a research institution under Alibaba Group, which is based in China.",yes
CVPR-2020-A005509,Chunyan Miao,"Damo Academy, Alibaba Group",UNKNOWN,China,high,"Damo Academy is a research institution under Alibaba Group, which is based in China.",yes
CVPR-2020-A005510,Hanwang Zhang,"Damo Academy, Alibaba Group",UNKNOWN,China,high,"Damo Academy is a research institution under Alibaba Group, which is based in China.",yes
CVPR-2020-A005519,Angtian Wang,Johns Hopkins University,UNKNOWN,United States,high,Johns Hopkins University is a well-known university located in the United States.,yes
CVPR-2020-A005520,Yihong Sun,Johns Hopkins University,UNKNOWN,United States,high,Johns Hopkins University is a well-known university located in the United States.,yes
CVPR-2020-A005521,Adam Kortylewski,Johns Hopkins University,UNKNOWN,United States,high,Johns Hopkins University is a well-known university located in the United States.,yes
CVPR-2020-A005522,Alan L. Yuille,Johns Hopkins University,UNKNOWN,United States,high,Johns Hopkins University is a well-known university located in the United States.,yes
CVPR-2020-A005523,Bo Chen,Google Research,UNKNOWN,United States,medium,"Google Research is primarily based in the United States, though it has offices in other countries.",no
CVPR-2020-A005524,Golnaz Ghiasi,Google Research,UNKNOWN,United States,medium,"Google Research is primarily based in the United States, though it has offices in other countries.",no
CVPR-2020-A005525,Hanxiao Liu,Google Research,UNKNOWN,United States,medium,"Google Research is primarily based in the United States, though it has offices in other countries.",no
CVPR-2020-A005526,Tsung-Yi Lin,Google Research,UNKNOWN,United States,medium,"Google Research is primarily based in the United States, though it has offices in other countries.",no
CVPR-2020-A005527,Dmitry Kalenichenko,Google Research,UNKNOWN,United States,medium,"Google Research is primarily based in the United States, though it has offices in other countries.",no
CVPR-2020-A005528,Hartwig Adam,Google Research,UNKNOWN,United States,medium,"Google Research is primarily based in the United States, though it has offices in other countries.",no
CVPR-2020-A005529,Quoc V. Le,Google Research,UNKNOWN,United States,medium,"Google Research is primarily based in the United States, though it has offices in other countries.",no
CVPR-2020-A005530,Sunghun Joung,Yonsei University,UNKNOWN,South Korea,high,Yonsei University is a well-known university located in South Korea.,yes
CVPR-2020-A005532,Hanjae Kim,Yonsei University,UNKNOWN,South Korea,high,Yonsei University is a well-known university located in South Korea.,yes
CVPR-2020-A005533,Minsu Kim,Yonsei University,UNKNOWN,South Korea,high,Yonsei University is a well-known university located in South Korea.,yes
CVPR-2020-A005536,Kwanghoon Sohn,Yonsei University,UNKNOWN,South Korea,high,Yonsei University is a well-known university located in South Korea.,yes
CVPR-2020-A005542,Wenyu Han,New York University Tandon School of Engineering,UNKNOWN,United States,high,New York University is a well-known institution located in the United States.,yes
CVPR-2020-A005543,Siyuan Xiang,New York University Tandon School of Engineering,UNKNOWN,United States,high,New York University is a well-known institution located in the United States.,yes
CVPR-2020-A005544,Chenhui Liu,New York University Tandon School of Engineering,UNKNOWN,United States,high,New York University is a well-known institution located in the United States.,yes
CVPR-2020-A005545,Ruoyu Wang,New York University Tandon School of Engineering,UNKNOWN,United States,high,New York University is a well-known institution located in the United States.,yes
CVPR-2020-A005546,Chen Feng,New York University Tandon School of Engineering,UNKNOWN,United States,high,New York University is a well-known institution located in the United States.,yes
CVPR-2020-A005547,Zongyan Han,"PCALab, Nanjing University of Science and Technology",UNKNOWN,China,high,Nanjing University of Science and Technology is a well-known institution located in China.,yes
CVPR-2020-A005548,Zhenyong Fu,"PCALab, Nanjing University of Science and Technology",UNKNOWN,China,high,Nanjing University of Science and Technology is a well-known institution located in China.,yes
CVPR-2020-A005549,Jian Yang,"PCALab, Nanjing University of Science and Technology",UNKNOWN,China,high,Nanjing University of Science and Technology is a well-known institution located in China.,yes
CVPR-2020-A005557,Zhonghao Wang,"C3SR, UIUC, IBM Research, ReLER, UTS, University of Oregon",UNKNOWN,United States | Australia,medium,"UIUC (University of Illinois at Urbana-Champaign) and IBM Research are based in the United States. UTS (University of Technology Sydney) is based in Australia. C3SR, ReLER, and University of Oregon are ambiguous or not clearly tied to a specific country.",no
CVPR-2020-A005558,Mo Yu,"C3SR, UIUC, IBM Research, ReLER, UTS, University of Oregon",UNKNOWN,United States | Australia,medium,"UIUC (University of Illinois at Urbana-Champaign) and IBM Research are based in the United States. UTS (University of Technology Sydney) is based in Australia. C3SR, ReLER, and University of Oregon are ambiguous or not clearly tied to a specific country.",no
CVPR-2020-A005559,Yunchao Wei,"C3SR, UIUC, IBM Research, ReLER, UTS, University of Oregon",UNKNOWN,United States | Australia,medium,"UIUC (University of Illinois at Urbana-Champaign) and IBM Research are based in the United States. UTS (University of Technology Sydney) is based in Australia. C3SR, ReLER, and University of Oregon are ambiguous or not clearly tied to a specific country.",no
CVPR-2020-A005560,Rogerio Feris,"C3SR, UIUC, IBM Research, ReLER, UTS, University of Oregon",UNKNOWN,United States | Australia,medium,"UIUC (University of Illinois at Urbana-Champaign) and IBM Research are based in the United States. UTS (University of Technology Sydney) is based in Australia. C3SR, ReLER, and University of Oregon are ambiguous or not clearly tied to a specific country.",no
CVPR-2020-A005561,Jinjun Xiong,"C3SR, UIUC, IBM Research, ReLER, UTS, University of Oregon",UNKNOWN,United States | Australia,medium,"UIUC (University of Illinois at Urbana-Champaign) and IBM Research are based in the United States. UTS (University of Technology Sydney) is based in Australia. C3SR, ReLER, and University of Oregon are ambiguous or not clearly tied to a specific country.",no
CVPR-2020-A005562,Wen-mei Hwu,"C3SR, UIUC, IBM Research, ReLER, UTS, University of Oregon",UNKNOWN,United States | Australia,medium,"UIUC (University of Illinois at Urbana-Champaign) and IBM Research are based in the United States. UTS (University of Technology Sydney) is based in Australia. C3SR, ReLER, and University of Oregon are ambiguous or not clearly tied to a specific country.",no
CVPR-2020-A005563,Thomas S. Huang,"C3SR, UIUC, IBM Research, ReLER, UTS, University of Oregon",UNKNOWN,United States | Australia,medium,"UIUC (University of Illinois at Urbana-Champaign) and IBM Research are based in the United States. UTS (University of Technology Sydney) is based in Australia. C3SR, ReLER, and University of Oregon are ambiguous or not clearly tied to a specific country.",no
CVPR-2020-A005564,Honghui Shi,"C3SR, UIUC, IBM Research, ReLER, UTS, University of Oregon",UNKNOWN,United States | Australia,medium,"UIUC (University of Illinois at Urbana-Champaign) and IBM Research are based in the United States. UTS (University of Technology Sydney) is based in Australia. C3SR, ReLER, and University of Oregon are ambiguous or not clearly tied to a specific country.",no
CVPR-2020-A005565,Xuesong Chen,"Peking University, School of ECE Tsinghua University Southern University of Science and Technology Peng Cheng Laboratory Xiamen University",UNKNOWN,China,high,"All institutions listed (Peking University, Tsinghua University, Southern University of Science and Technology, Peng Cheng Laboratory, Xiamen University) are well-known institutions located in China.",yes
CVPR-2020-A005568,Yong Jiang,Tsinghua University,UNKNOWN,China,high,Tsinghua University is a well-known institution located in China.,yes
CVPR-2020-A005569,Shu-Tao Xia,Tsinghua University,UNKNOWN,China,high,Tsinghua University is a well-known institution located in China.,yes
CVPR-2020-A005570,Yong Zhao,"Peking University, School of ECE",UNKNOWN,China,high,Peking University is a well-known institution located in China.,yes
CVPR-2020-A005572,Arka Sadhu,University of Southern California,UNKNOWN,United States,high,The University of Southern California is a well-known institution located in the United States.,yes
CVPR-2020-A005573,Kan Chen,University of Southern California,UNKNOWN,United States,high,The University of Southern California is a well-known institution located in the United States.,yes
CVPR-2020-A005574,Ram Nevatia,University of Southern California,UNKNOWN,United States,high,The University of Southern California is a well-known institution located in the United States.,yes
CVPR-2020-A005576,Jingbo Wang,The Chinese University of Hong Kong,UNKNOWN,China,high,The institution name explicitly includes 'China'.,yes
CVPR-2020-A005577,Changxin Gao,Key Laboratory of Image Processing and Intelligent Control,UNKNOWN,UNKNOWN,low,The institution name does not include any explicit reference to a country or region.,no
CVPR-2020-A005580,Nong Sang,Key Laboratory of Image Processing and Intelligent Control,UNKNOWN,UNKNOWN,low,The institution name does not include any explicit reference to a country or region.,no
CVPR-2020-A005592,Fei Xue,"UISEE Technology Inc. Key Laboratory of Machine Perception, Peking University AVIC Beijing Changcheng Aeronautical Measurement and Control Technology Research Institute",UNKNOWN,China,high,"Peking University is a well-known institution located in China, and the other entities mentioned are also based in China.",yes
CVPR-2020-A005593,Xin Wu,"UISEE Technology Inc. Key Laboratory of Machine Perception, Peking University AVIC Beijing Changcheng Aeronautical Measurement and Control Technology Research Institute",UNKNOWN,China,high,"Peking University is a well-known institution located in China, and the other entities mentioned are also based in China.",yes
CVPR-2020-A005594,Shaojun Cai,"UISEE Technology Inc. Key Laboratory of Machine Perception, Peking University AVIC Beijing Changcheng Aeronautical Measurement and Control Technology Research Institute",UNKNOWN,China,high,"Peking University is a well-known institution located in China, and the other entities mentioned are also based in China.",yes
CVPR-2020-A005595,Junqiu Wang,"UISEE Technology Inc. Key Laboratory of Machine Perception, Peking University AVIC Beijing Changcheng Aeronautical Measurement and Control Technology Research Institute",UNKNOWN,China,high,"Peking University is a well-known institution located in China, and the other entities mentioned are also based in China.",yes
CVPR-2020-A005596,Xiyang Luo,Google Research Stanford University,UNKNOWN,United States,high,Stanford University is located in the United States.,yes
CVPR-2020-A005597,Ruohan Zhan,Google Research Stanford University,UNKNOWN,United States,high,Stanford University is located in the United States.,yes
CVPR-2020-A005598,Huiwen Chang,Google Research Stanford University,UNKNOWN,United States,high,Stanford University is located in the United States.,yes
CVPR-2020-A005599,Feng Yang,Google Research Stanford University,UNKNOWN,United States,high,Stanford University is located in the United States.,yes
CVPR-2020-A005600,Peyman Milanfar,Google Research Stanford University,UNKNOWN,United States,high,Stanford University is located in the United States.,yes
CVPR-2020-A005604,Siyu Zhang,Southern University of Science and Technology,UNKNOWN,China,high,Southern University of Science and Technology is a well-known institution located in China.,yes
CVPR-2020-A005605,Qinhong Jiang,Zhejiang University SenseTime Southern University of Science and Technology,UNKNOWN,China,high,Zhejiang University and Southern University of Science and Technology are both well-known institutions located in China.,yes
CVPR-2020-A005619,Chao Fan,"University of Science and Technology Beijing, Beihang University, WATRIX.AI, Lenovo Ltd",UNKNOWN,China,high,"The institutions listed (University of Science and Technology Beijing, Beihang University, WATRIX.AI, Lenovo Ltd) are all based in China.",yes
CVPR-2020-A005620,Yunjie Peng,"University of Science and Technology Beijing, Beihang University, WATRIX.AI, Lenovo Ltd",UNKNOWN,China,high,"The institutions listed (University of Science and Technology Beijing, Beihang University, WATRIX.AI, Lenovo Ltd) are all based in China.",yes
CVPR-2020-A005621,Chunshui Cao,"University of Science and Technology Beijing, Beihang University, WATRIX.AI, Lenovo Ltd",UNKNOWN,China,high,"The institutions listed (University of Science and Technology Beijing, Beihang University, WATRIX.AI, Lenovo Ltd) are all based in China.",yes
CVPR-2020-A005622,Xu Liu,"University of Science and Technology Beijing, Beihang University, WATRIX.AI, Lenovo Ltd",UNKNOWN,China,high,"The institutions listed (University of Science and Technology Beijing, Beihang University, WATRIX.AI, Lenovo Ltd) are all based in China.",yes
CVPR-2020-A005623,Saihui Hou,"University of Science and Technology Beijing, Beihang University, WATRIX.AI, Lenovo Ltd",UNKNOWN,China,high,"The institutions listed (University of Science and Technology Beijing, Beihang University, WATRIX.AI, Lenovo Ltd) are all based in China.",yes
CVPR-2020-A005624,Jiannan Chi,"University of Science and Technology Beijing, Beihang University, WATRIX.AI, Lenovo Ltd",UNKNOWN,China,high,"The institutions listed (University of Science and Technology Beijing, Beihang University, WATRIX.AI, Lenovo Ltd) are all based in China.",yes
CVPR-2020-A005625,Yongzhen Huang,"University of Science and Technology Beijing, Beihang University, WATRIX.AI, Lenovo Ltd",UNKNOWN,China,high,"The institutions listed (University of Science and Technology Beijing, Beihang University, WATRIX.AI, Lenovo Ltd) are all based in China.",yes
CVPR-2020-A005626,Qing Li,"University of Science and Technology Beijing, Beihang University, WATRIX.AI, Lenovo Ltd",UNKNOWN,China,high,"The institutions listed (University of Science and Technology Beijing, Beihang University, WATRIX.AI, Lenovo Ltd) are all based in China.",yes
CVPR-2020-A005627,Zhiqiang He,"University of Science and Technology Beijing, Beihang University, WATRIX.AI, Lenovo Ltd",UNKNOWN,China,high,"The institutions listed (University of Science and Technology Beijing, Beihang University, WATRIX.AI, Lenovo Ltd) are all based in China.",yes
CVPR-2020-A005628,Zhezhi He,"School of Electrical, Computer and Energy Engineering, Arizona State University, Tempe, AZ",UNKNOWN,United States,high,"Arizona State University is located in Tempe, AZ, which is in the United States.",yes
CVPR-2020-A005629,Adnan Siraj Rakin,"School of Electrical, Computer and Energy Engineering, Arizona State University, Tempe, AZ",UNKNOWN,United States,high,"Arizona State University is located in Tempe, AZ, which is in the United States.",yes
CVPR-2020-A005630,Jingtao Li,"School of Electrical, Computer and Energy Engineering, Arizona State University, Tempe, AZ",UNKNOWN,United States,high,"Arizona State University is located in Tempe, AZ, which is in the United States.",yes
CVPR-2020-A005631,Chaitali Chakrabarti,"School of Electrical, Computer and Energy Engineering, Arizona State University, Tempe, AZ",UNKNOWN,United States,high,"Arizona State University is located in Tempe, AZ, which is in the United States.",yes
CVPR-2020-A005632,Deliang Fan,"School of Electrical, Computer and Energy Engineering, Arizona State University, Tempe, AZ",UNKNOWN,United States,high,"Arizona State University is located in Tempe, AZ, which is in the United States.",yes
CVPR-2020-A005635,Wenbing Huang,Beijing National Research Center for Information Science and Technology (BNRist),UNKNOWN,China,high,"The institution name includes 'Beijing', which is a major city in China, and 'National Research Center for Information Science and Technology (BNRist)' is a well-known research institution based in China.",yes
CVPR-2020-A005638,Chuang Gan,MIT-IBM Watson AI Lab,UNKNOWN,United States,high,"MIT (Massachusetts Institute of Technology) is located in the United States, and IBM is a multinational corporation with significant operations in the U.S.",yes
CVPR-2020-A005642,Sk Miraj Ahmed,"University of California, Riverside",UNKNOWN,United States,high,"The University of California, Riverside is a well-known institution located in the United States.",yes
CVPR-2020-A005644,Rameswar Panda,"Aalborg University, Denmark",UNKNOWN,Denmark,high,The institution name explicitly includes 'Denmark'.,yes
CVPR-2020-A005645,Amit K. Roy-Chowdhury,"University of California, Riverside",UNKNOWN,United States,high,"The University of California, Riverside is a well-known institution located in the United States.",yes
CVPR-2020-A005646,Mingxing Tan,"Google Research, Brain Team",UNKNOWN,United States,high,"Google Research, Brain Team is based in the United States.",yes
CVPR-2020-A005647,Ruoming Pang,"Google Research, Brain Team",UNKNOWN,United States,high,"Google Research, Brain Team is based in the United States.",yes
CVPR-2020-A005648,Quoc V. Le,"Google Research, Brain Team",UNKNOWN,United States,high,"Google Research, Brain Team is based in the United States.",yes
CVPR-2020-A005653,Gabriel Bender,"Google Research, contributed equally",UNKNOWN,UNKNOWN,low,The institution name 'Google Research' does not provide enough information to determine the country reliably.,no
CVPR-2020-A005654,Hanxiao Liu,"Google Research, contributed equally",UNKNOWN,UNKNOWN,low,The institution name 'Google Research' does not provide enough information to determine the country reliably.,no
CVPR-2020-A005655,Bo Chen,Google Research,UNKNOWN,United States,medium,"Google Research is primarily based in the United States, though it has offices in other countries.",no
CVPR-2020-A005656,Grace Chu,Google Research,UNKNOWN,United States,medium,"Google Research is primarily based in the United States, though it has offices in other countries.",no
CVPR-2020-A005676,Silvio Giancola,University of Liège University of Liège KAUST,UNKNOWN,Belgium | Saudi Arabia,medium,"University of Liège is located in Belgium, and KAUST is located in Saudi Arabia.",yes
CVPR-2020-A005681,Shengjie Zhu,"Michigan State University, East Lansing MI",UNKNOWN,United States,high,Michigan State University is a well-known university located in the United States.,yes
CVPR-2020-A005682,Garrick Brazil,"Michigan State University, East Lansing MI",UNKNOWN,United States,high,Michigan State University is a well-known university located in the United States.,yes
CVPR-2020-A005683,Xiaoming Liu,"Michigan State University, East Lansing MI",UNKNOWN,United States,high,Michigan State University is a well-known university located in the United States.,yes
CVPR-2020-A005684,Shikai Chen,Southeast University,UNKNOWN,China,medium,Southeast University is a well-known university located in China.,yes
CVPR-2020-A005685,Jianfeng Wang,University of Oxford,UNKNOWN,United Kingdom,high,The University of Oxford is a well-known institution located in the United Kingdom.,yes
CVPR-2020-A005686,Yuedong Chen,Nanyang Technological University,UNKNOWN,Singapore,high,Nanyang Technological University is a well-known university located in Singapore.,yes
CVPR-2020-A005687,Zhongchao Shi,"AI Lab, Lenovo Research",UNKNOWN,China,medium,"Lenovo is a multinational technology company, but its headquarters is in China. However, Lenovo also has research labs in other countries, so the country cannot be determined with high confidence.",no
CVPR-2020-A005713,Rongxin Jiang,"Zhejiang University, Institute of Advanced Digital Technology and Instrument | Zhejiang University, the State Key Laboratory of Industrial Control Technology",UNKNOWN,China,high,Zhejiang University is a well-known university located in China.,yes
CVPR-2020-A005714,Yaowu Chen,"Zhejiang University, Institute of Advanced Digital Technology and Instrument | Zhejiang Provincial Key Laboratory for Network Multimedia Technologies",UNKNOWN,China,high,Zhejiang University is a well-known institution located in China.,yes
CVPR-2020-A005726,Hamid Reza Vaezi Joze,Microsoft,UNKNOWN,United States,high,Microsoft is a well-known technology company headquartered in the United States.,yes
CVPR-2020-A005727,Amirreza Shaban,Microsoft,UNKNOWN,United States,high,Microsoft is a well-known technology company headquartered in the United States.,yes
CVPR-2020-A005728,Michael L. Iuzzolino,Microsoft,UNKNOWN,United States,high,Microsoft is a well-known technology company headquartered in the United States.,yes
CVPR-2020-A005729,Kazuhito Koishida,Microsoft,UNKNOWN,United States,high,Microsoft is a well-known technology company headquartered in the United States.,yes
CVPR-2020-A005733,Hyunjong Park,"School of Electrical and Electronic Engineering, Yonsei University",UNKNOWN,South Korea,high,Yonsei University is a well-known university located in South Korea.,yes
CVPR-2020-A005734,Jongyoun Noh,"School of Electrical and Electronic Engineering, Yonsei University",UNKNOWN,South Korea,high,Yonsei University is a well-known university located in South Korea.,yes
CVPR-2020-A005735,Bumsub Ham,"School of Electrical and Electronic Engineering, Yonsei University",UNKNOWN,South Korea,high,Yonsei University is a well-known university located in South Korea.,yes
CVPR-2020-A005736,Qian Xie,Nanjing University of Aeronautics and Astronautics,UNKNOWN,China,high,Nanjing University of Aeronautics and Astronautics is a well-known institution located in China.,yes
CVPR-2020-A005737,Yu-Kun Lai,Cardiff University,UNKNOWN,United Kingdom,high,"Cardiff University is a well-known university located in Cardiff, Wales, which is part of the United Kingdom.",yes
CVPR-2020-A005738,Jing Wu,Cardiff University,UNKNOWN,United Kingdom,high,"Cardiff University is a well-known university located in Cardiff, Wales, which is part of the United Kingdom.",yes
CVPR-2020-A005739,Zhoutao Wang,Nanjing University of Aeronautics and Astronautics,UNKNOWN,China,high,Nanjing University of Aeronautics and Astronautics is a well-known institution located in China.,yes
CVPR-2020-A005740,Yiming Zhang,Nanjing University of Aeronautics and Astronautics,UNKNOWN,China,high,Nanjing University of Aeronautics and Astronautics is a well-known institution located in China.,yes
CVPR-2020-A005741,Kai Xu,National University of Defense Technology,UNKNOWN,China,high,The National University of Defense Technology is a well-known institution located in China.,yes
CVPR-2020-A005743,Ramprasaath R. Selvaraju,"Georgia Institute of Technology, Microsoft Research",UNKNOWN,United States,high,"Georgia Institute of Technology is a well-known university located in the United States, and Microsoft Research is a global entity with major operations in the U.S.",yes
CVPR-2020-A005744,Purva Tendulkar,"Georgia Institute of Technology, Microsoft Research",UNKNOWN,United States,high,"Georgia Institute of Technology is a well-known university located in the United States, and Microsoft Research is a global entity with major operations in the U.S.",yes
CVPR-2020-A005745,Devi Parikh,"Georgia Institute of Technology, Microsoft Research",UNKNOWN,United States,high,"Georgia Institute of Technology is a well-known university located in the United States, and Microsoft Research is a global entity with major operations in the U.S.",yes
CVPR-2020-A005746,Eric Horvitz,"Georgia Institute of Technology, Microsoft Research",UNKNOWN,United States,high,"Georgia Institute of Technology is a well-known university located in the United States, and Microsoft Research is a global entity with major operations in the U.S.",yes
CVPR-2020-A005747,Marco Tulio Ribeiro,"Georgia Institute of Technology, Microsoft Research",UNKNOWN,United States,high,"Georgia Institute of Technology is a well-known university located in the United States, and Microsoft Research is a global entity with major operations in the U.S.",yes
CVPR-2020-A005748,Besmira Nushi,"Georgia Institute of Technology, Microsoft Research",UNKNOWN,United States,high,"Georgia Institute of Technology is a well-known university located in the United States, and Microsoft Research is a global entity with major operations in the U.S.",yes
CVPR-2020-A005749,Ece Kamar,"Georgia Institute of Technology, Microsoft Research",UNKNOWN,United States,high,"Georgia Institute of Technology is a well-known university located in the United States, and Microsoft Research is a global entity with major operations in the U.S.",yes
CVPR-2020-A005750,Jiyang Gao,Google Research,UNKNOWN,United States,medium,"Google Research is primarily based in the United States, though it has offices in other countries.",no
CVPR-2020-A005751,Chen Sun,Google Research,UNKNOWN,United States,medium,"Google Research is primarily based in the United States, though it has offices in other countries.",no
CVPR-2020-A005752,Hang Zhao,Google Research,UNKNOWN,United States,medium,"Google Research is primarily based in the United States, though it has offices in other countries.",no
CVPR-2020-A005753,Yi Shen,Google Research,UNKNOWN,United States,medium,"Google Research is primarily based in the United States, though it has offices in other countries.",no
CVPR-2020-A005754,Dragomir Anguelov,Google Research,UNKNOWN,United States,medium,"Google Research is primarily based in the United States, though it has offices in other countries.",no
CVPR-2020-A005755,Congcong Li,Google Research,UNKNOWN,United States,medium,"Google Research is primarily based in the United States, though it has offices in other countries.",no
CVPR-2020-A005756,Cordelia Schmid,Google Research,UNKNOWN,United States,medium,"Google Research is primarily based in the United States, though it has offices in other countries.",no
CVPR-2020-A005762,Michael Tschannen,"Google Research, Brain Team",UNKNOWN,United States,high,"Google Research, Brain Team is based in the United States.",yes
CVPR-2020-A005763,Josip Djolonga,"Google Research, Brain Team",UNKNOWN,United States,high,"Google Research, Brain Team is based in the United States.",yes
CVPR-2020-A005764,Marvin Ritter,"Google Research, Brain Team",UNKNOWN,United States,high,"Google Research, Brain Team is based in the United States.",yes
CVPR-2020-A005765,Aravindh Mahendran,"Google Research, Brain Team",UNKNOWN,United States,high,"Google Research, Brain Team is based in the United States.",yes
CVPR-2020-A005766,Neil Houlsby,"Google Research, Brain Team",UNKNOWN,United States,high,"Google Research, Brain Team is based in the United States.",yes
CVPR-2020-A005767,Sylvain Gelly,"Google Research, Brain Team",UNKNOWN,United States,high,"Google Research, Brain Team is based in the United States.",yes
CVPR-2020-A005768,Mario Lucic,"Google Research, Brain Team",UNKNOWN,United States,high,"Google Research, Brain Team is based in the United States.",yes
CVPR-2020-A005769,Keivan Alizadeh vahid,University of Washington,UNKNOWN,United States,high,The University of Washington is a well-known institution located in the United States.,yes
CVPR-2020-A005770,Anish Prabhu,University of Washington,UNKNOWN,United States,high,The University of Washington is a well-known institution located in the United States.,yes
CVPR-2020-A005771,Ali Farhadi,University of Washington,UNKNOWN,United States,high,The University of Washington is a well-known institution located in the United States.,yes
CVPR-2020-A005772,Mohammad Rastegari,University of Washington,UNKNOWN,United States,high,The University of Washington is a well-known institution located in the United States.,yes
CVPR-2020-A005776,Qi Tian,Huawei Noah’s Ark Lab,UNKNOWN,China,high,"Huawei is a well-known Chinese technology company, and the Noah’s Ark Lab is a research laboratory under Huawei.",yes
CVPR-2020-A005781,Niels Jeppesen,"Department of Applied Mathematics and Computer Science, Technical University of Denmark Richard Petersens Plads, Building , Kgs. Lyngby, Denmark",UNKNOWN,Denmark,high,The institution name explicitly mentions 'Technical University of Denmark' and 'Denmark' in the address.,yes
CVPR-2020-A005782,Anders N. Christensen,"Department of Applied Mathematics and Computer Science, Technical University of Denmark Richard Petersens Plads, Building , Kgs. Lyngby, Denmark",UNKNOWN,Denmark,high,The institution name explicitly mentions 'Technical University of Denmark' and 'Denmark' in the address.,yes
CVPR-2020-A005783,Vedrana A. Dahl,"Department of Applied Mathematics and Computer Science, Technical University of Denmark Richard Petersens Plads, Building , Kgs. Lyngby, Denmark",UNKNOWN,Denmark,high,The institution name explicitly mentions 'Technical University of Denmark' and 'Denmark' in the address.,yes
CVPR-2020-A005784,Anders B. Dahl,"Department of Applied Mathematics and Computer Science, Technical University of Denmark Richard Petersens Plads, Building , Kgs. Lyngby, Denmark",UNKNOWN,Denmark,high,The institution name explicitly mentions 'Technical University of Denmark' and 'Denmark' in the address.,yes
CVPR-2020-A005785,Xiaoyu Tao,"Faculty of Electronic and Information Engineering, Xi’an Jiaotong University",UNKNOWN,China,high,Xi’an Jiaotong University is a well-known university located in China.,yes
CVPR-2020-A005786,Xiaopeng Hong,"Faculty of Electronic and Information Engineering, Xi’an Jiaotong University | Research Center for Artificial Intelligence, Peng Cheng Laboratory",UNKNOWN,China,high,Xi’an Jiaotong University and Peng Cheng Laboratory are well-known institutions located in China.,yes
CVPR-2020-A005787,Xinyuan Chang,"School of Software Engineering, Xi’an Jiaotong University",UNKNOWN,China,high,"Xi’an Jiaotong University is a well-known university located in Xi’an, China.",yes
CVPR-2020-A005788,Songlin Dong,"Faculty of Electronic and Information Engineering, Xi’an Jiaotong University",UNKNOWN,China,high,Xi’an Jiaotong University is a well-known university located in China.,yes
CVPR-2020-A005789,Xing Wei,"School of Software Engineering, Xi’an Jiaotong University",UNKNOWN,China,high,"Xi’an Jiaotong University is a well-known university located in Xi’an, China.",yes
CVPR-2020-A005790,Yihong Gong,"School of Software Engineering, Xi’an Jiaotong University",UNKNOWN,China,high,"Xi’an Jiaotong University is a well-known university located in Xi’an, China.",yes
CVPR-2020-A005791,Zhonghua Wu,Nanyang Technological University,UNKNOWN,Singapore,high,Nanyang Technological University is a well-known university located in Singapore.,yes
CVPR-2020-A005792,Qingyi Tao,Nanyang Technological University,UNKNOWN,Singapore,high,Nanyang Technological University is a well-known university located in Singapore.,yes
CVPR-2020-A005793,Guosheng Lin,Nanyang Technological University,UNKNOWN,Singapore,high,Nanyang Technological University is a well-known university located in Singapore.,yes
CVPR-2020-A005794,Jianfei Cai,Nanyang Technological University,UNKNOWN,Singapore,high,Nanyang Technological University is a well-known university located in Singapore.,yes
CVPR-2020-A005795,Xianzhi Du,"Google Research, Brain Team",UNKNOWN,United States,high,"Google Research, Brain Team is based in the United States.",yes
CVPR-2020-A005796,Tsung-Yi Lin,"Google Research, Brain Team",UNKNOWN,United States,high,"Google Research, Brain Team is based in the United States.",yes
CVPR-2020-A005797,Pengchong Jin,"Google Research, Brain Team",UNKNOWN,United States,high,"Google Research, Brain Team is based in the United States.",yes
CVPR-2020-A005798,Golnaz Ghiasi,"Google Research, Brain Team",UNKNOWN,United States,high,"Google Research, Brain Team is based in the United States.",yes
CVPR-2020-A005799,Mingxing Tan,"Google Research, Brain Team",UNKNOWN,United States,high,"Google Research, Brain Team is based in the United States.",yes
CVPR-2020-A005800,Yin Cui,"Google Research, Brain Team",UNKNOWN,United States,high,"Google Research, Brain Team is based in the United States.",yes
CVPR-2020-A005801,Quoc V. Le,"Google Research, Brain Team",UNKNOWN,United States,high,"Google Research, Brain Team is based in the United States.",yes
CVPR-2020-A005802,Xiaodan Song,"Google Research, Brain Team",UNKNOWN,United States,high,"Google Research, Brain Team is based in the United States.",yes
CVPR-2020-A005803,Keunhong Park,University of Washington,UNKNOWN,United States,high,The University of Washington is a well-known institution located in the United States.,yes
CVPR-2020-A005804,Arsalan Mousavian,University of Washington,UNKNOWN,United States,high,The University of Washington is a well-known institution located in the United States.,yes
CVPR-2020-A005805,Yu Xiang,University of Washington,UNKNOWN,United States,high,The University of Washington is a well-known institution located in the United States.,yes
CVPR-2020-A005806,Dieter Fox,University of Washington,UNKNOWN,United States,high,The University of Washington is a well-known institution located in the United States.,yes
CVPR-2020-A005816,Chaoyang He,University of Southern California,UNKNOWN,United States,high,The University of Southern California is a well-known institution located in the United States.,yes
CVPR-2020-A005818,Li Shen,Tencent AI Lab,UNKNOWN,China,high,"Tencent is a well-known Chinese technology company, and its AI Lab is based in China.",yes
CVPR-2020-A005819,Tong Zhang,Hong Kong University of Science and Technology,UNKNOWN,Hong Kong,high,"The institution name explicitly includes 'Hong Kong', which is a Special Administrative Region of China but is often treated as a separate entity in academic and institutional contexts.",yes
CVPR-2020-A005820,Mengmeng Xu,"King Abdullah University of Science and Technology (KAUST), Saudi Arabia",UNKNOWN,Saudi Arabia,high,The institution name explicitly includes 'Saudi Arabia'.,yes
CVPR-2020-A005821,Chen Zhao,"King Abdullah University of Science and Technology (KAUST), Saudi Arabia",UNKNOWN,Saudi Arabia,high,The institution name explicitly includes 'Saudi Arabia'.,yes
CVPR-2020-A005822,David S. Rojas,"King Abdullah University of Science and Technology (KAUST), Saudi Arabia",UNKNOWN,Saudi Arabia,high,The institution name explicitly includes 'Saudi Arabia'.,yes
CVPR-2020-A005823,Ali Thabet,"King Abdullah University of Science and Technology (KAUST), Saudi Arabia",UNKNOWN,Saudi Arabia,high,The institution name explicitly includes 'Saudi Arabia'.,yes
CVPR-2020-A005824,Bernard Ghanem,"King Abdullah University of Science and Technology (KAUST), Saudi Arabia",UNKNOWN,Saudi Arabia,high,The institution name explicitly includes 'Saudi Arabia'.,yes
CVPR-2020-A005832,Zhichao Lu,Michigan State University,UNKNOWN,United States,high,Michigan State University is a well-known university located in the United States.,yes
CVPR-2020-A005833,Kalyanmoy Deb,Michigan State University,UNKNOWN,United States,high,Michigan State University is a well-known university located in the United States.,yes
CVPR-2020-A005834,Vishnu Naresh Boddeti,Michigan State University,UNKNOWN,United States,high,Michigan State University is a well-known university located in the United States.,yes
CVPR-2020-A005835,Yecheng Lyu,Worcester Polytechnic Institute,UNKNOWN,United States,high,"Worcester Polytechnic Institute is a well-known university located in Worcester, Massachusetts, United States.",yes
CVPR-2020-A005836,Xinming Huang,Worcester Polytechnic Institute,UNKNOWN,United States,high,"Worcester Polytechnic Institute is a well-known university located in Worcester, Massachusetts, United States.",yes
CVPR-2020-A005837,Ziming Zhang,Worcester Polytechnic Institute,UNKNOWN,United States,high,"Worcester Polytechnic Institute is a well-known university located in Worcester, Massachusetts, United States.",yes
CVPR-2020-A005838,Zheng Lin,"TKLNDST, College of Computer Science, Nankai University",UNKNOWN,China,high,Nankai University is a well-known institution located in China.,yes
CVPR-2020-A005839,Zhao Zhang,"TKLNDST, College of Computer Science, Nankai University",UNKNOWN,China,high,Nankai University is a well-known institution located in China.,yes
CVPR-2020-A005840,Lin-Zhuo Chen,"TKLNDST, College of Computer Science, Nankai University",UNKNOWN,China,high,Nankai University is a well-known institution located in China.,yes
CVPR-2020-A005841,Ming-Ming Cheng,"TKLNDST, College of Computer Science, Nankai University",UNKNOWN,China,high,Nankai University is a well-known institution located in China.,yes
CVPR-2020-A005842,Shao-Ping Lu,"TKLNDST, College of Computer Science, Nankai University",UNKNOWN,China,high,Nankai University is a well-known institution located in China.,yes
CVPR-2020-A005851,Yinpeng Chen,Microsoft,UNKNOWN,United States,high,Microsoft is a well-known technology company headquartered in the United States.,yes
CVPR-2020-A005852,Xiyang Dai,Microsoft,UNKNOWN,United States,high,Microsoft is a well-known technology company headquartered in the United States.,yes
CVPR-2020-A005853,Mengchen Liu,Microsoft,UNKNOWN,United States,high,Microsoft is a well-known technology company headquartered in the United States.,yes
CVPR-2020-A005854,Dongdong Chen,Microsoft,UNKNOWN,United States,high,Microsoft is a well-known technology company headquartered in the United States.,yes
CVPR-2020-A005855,Lu Yuan,Microsoft,UNKNOWN,United States,high,Microsoft is a well-known technology company headquartered in the United States.,yes
CVPR-2020-A005856,Zicheng Liu,Microsoft,UNKNOWN,United States,high,Microsoft is a well-known technology company headquartered in the United States.,yes
CVPR-2020-A005860,Yuan Gao,Tencent AI Lab,UNKNOWN,China,high,"Tencent is a well-known Chinese technology company, and its AI Lab is based in China.",yes
CVPR-2020-A005862,Zequn Jie,Tencent AI Lab,UNKNOWN,China,high,"Tencent is a well-known Chinese technology company, and its AI Lab is based in China.",yes
CVPR-2020-A005863,Jiayi Ma,Wuhan University,UNKNOWN,China,high,"Wuhan University is a well-known institution located in Wuhan, China.",yes
CVPR-2020-A005865,Wei Liu,Tencent AI Lab,UNKNOWN,China,high,"Tencent is a well-known Chinese technology company, and its AI Lab is based in China.",yes
CVPR-2020-A005866,Jiasen Lu,Georgia Institute of Technology,UNKNOWN,United States,high,Georgia Institute of Technology is a well-known university located in the United States.,yes
CVPR-2020-A005867,Vedanuj Goswami,Facebook AI Research,UNKNOWN,United States,medium,"Facebook AI Research is based in the United States, but the conference (CVPR) is international and does not provide direct country information.",yes
CVPR-2020-A005868,Marcus Rohrbach,Facebook AI Research,UNKNOWN,United States,medium,"Facebook AI Research is based in the United States, but the conference (CVPR) is international and does not provide direct country information.",yes
CVPR-2020-A005869,Devi Parikh,Facebook AI Research | Georgia Institute of Technology,UNKNOWN,United States | Georgia,high,"Georgia Institute of Technology is a well-known university located in the United States, specifically in the state of Georgia.",yes
CVPR-2020-A005870,Stefan Lee,Oregon State University,UNKNOWN,United States,high,Oregon State University is a well-known university located in the United States.,yes
CVPR-2020-A005878,Chenchen Liu,Peking University,UNKNOWN,China,high,Peking University is a well-known institution located in China.,yes
CVPR-2020-A005879,Yang Jin,Beihang University,UNKNOWN,China,high,Beihang University is a well-known university located in China.,yes
CVPR-2020-A005880,Kehan Xu,Peking University,UNKNOWN,China,high,Peking University is a well-known institution located in China.,yes
CVPR-2020-A005881,Guoqiang Gong,Peking University,UNKNOWN,China,high,Peking University is a well-known institution located in China.,yes
CVPR-2020-A005882,Yadong Mu,Peking University,UNKNOWN,China,high,Peking University is a well-known institution located in China.,yes
CVPR-2020-A005883,Mostafa S. Ibrahim,Simon Fraser University,UNKNOWN,Canada,high,Simon Fraser University is a well-known university located in Canada.,yes
CVPR-2020-A005884,Arash Vahdat,Simon Fraser University,UNKNOWN,Canada,high,Simon Fraser University is a well-known university located in Canada.,yes
CVPR-2020-A005885,Mani Ranjbar,Simon Fraser University,UNKNOWN,Canada,high,Simon Fraser University is a well-known university located in Canada.,yes
CVPR-2020-A005886,William G. Macready,Simon Fraser University,UNKNOWN,Canada,high,Simon Fraser University is a well-known university located in Canada.,yes
CVPR-2020-A005887,Boyan Zhou,Megvii Technology Waseda University Nanjing University,UNKNOWN,China | Japan,medium,"Megvii Technology and Nanjing University are associated with China, while Waseda University is associated with Japan.",yes
CVPR-2020-A005888,Quan Cui,Megvii Technology Waseda University Nanjing University,UNKNOWN,China | Japan,medium,"Megvii Technology and Nanjing University are associated with China, while Waseda University is associated with Japan.",yes
CVPR-2020-A005889,Xiu-Shen Wei,Megvii Technology Waseda University Nanjing University,UNKNOWN,China | Japan,medium,"Megvii Technology and Nanjing University are associated with China, while Waseda University is associated with Japan.",yes
CVPR-2020-A005890,Zhao-Min Chen,Megvii Technology Waseda University Nanjing University,UNKNOWN,China | Japan,medium,"Megvii Technology and Nanjing University are associated with China, while Waseda University is associated with Japan.",yes
CVPR-2020-A005896,Zhishuai Zhang,Johns Hopkins University,UNKNOWN,United States,high,Johns Hopkins University is a well-known university located in the United States.,yes
CVPR-2020-A005897,Jiyang Gao,Johns Hopkins University,UNKNOWN,United States,high,Johns Hopkins University is a well-known university located in the United States.,yes
CVPR-2020-A005898,Junhua Mao,Johns Hopkins University,UNKNOWN,United States,high,Johns Hopkins University is a well-known university located in the United States.,yes
CVPR-2020-A005899,Yukai Liu,Johns Hopkins University,UNKNOWN,United States,high,Johns Hopkins University is a well-known university located in the United States.,yes
CVPR-2020-A005900,Dragomir Anguelov,Johns Hopkins University,UNKNOWN,United States,high,Johns Hopkins University is a well-known university located in the United States.,yes
CVPR-2020-A005901,Congcong Li,Johns Hopkins University,UNKNOWN,United States,high,Johns Hopkins University is a well-known university located in the United States.,yes
CVPR-2020-A005904,Rui Tang,"Kujiale, Inc.",UNKNOWN,China,medium,"Kujiale, Inc. is a well-known Chinese company, and the name is commonly associated with China.",yes
CVPR-2020-A005905,Yuhan Wang,"Kujiale, Inc.",UNKNOWN,China,medium,"Kujiale, Inc. is a well-known Chinese company, and the name is commonly associated with China.",yes
CVPR-2020-A005906,Shuai Wang,"Kujiale, Inc.",UNKNOWN,China,medium,"Kujiale, Inc. is a well-known Chinese company, and the name is commonly associated with China.",yes
CVPR-2020-A005912,Youliang Yan,Huawei Noah’s Ark Lab,UNKNOWN,China,high,"Huawei is a well-known Chinese technology company, and the Noah’s Ark Lab is a research laboratory under Huawei.",yes
CVPR-2020-A005913,Zhiwei Dong,"Institute of Artificial Intelligence and Robotics, Xi’an Jiaotong University | SenseTime Research",UNKNOWN,China,high,"Xi’an Jiaotong University is a well-known university located in China, and SenseTime is a Chinese artificial intelligence company.",yes
CVPR-2020-A005915,Yue Liao,Beihang University,UNKNOWN,China,high,Beihang University is a well-known university located in China.,yes
CVPR-2020-A005916,Fei Wang,SenseTime Research,UNKNOWN,China,medium,"SenseTime is a well-known Chinese company, and its research is commonly associated with China.",yes
CVPR-2020-A005917,Pengju Ren,"Institute of Artificial Intelligence and Robotics, Xi’an Jiaotong University",UNKNOWN,China,high,Xi’an Jiaotong University is a well-known university located in China.,yes
CVPR-2020-A005918,Chen Qian,SenseTime Research,UNKNOWN,China,medium,"SenseTime is a well-known Chinese company, and its research is commonly associated with China.",yes
CVPR-2020-A005919,Jie Yang,"SenseTime Group Limited, Tsinghua University",UNKNOWN,China,high,"Tsinghua University is a well-known institution located in China, and SenseTime Group Limited is a Chinese company based in Hong Kong but primarily associated with China.",yes
CVPR-2020-A005920,Jiarou Fan,"SenseTime Group Limited, Tsinghua University",UNKNOWN,China,high,"Tsinghua University is a well-known institution located in China, and SenseTime Group Limited is a Chinese company based in Hong Kong but primarily associated with China.",yes
CVPR-2020-A005921,Yiru Wang,"SenseTime Group Limited, Tsinghua University",UNKNOWN,China,high,"Tsinghua University is a well-known institution located in China, and SenseTime Group Limited is a Chinese company based in Hong Kong but primarily associated with China.",yes
CVPR-2020-A005922,Yige Wang,"SenseTime Group Limited, Tsinghua University",UNKNOWN,China,high,"Tsinghua University is a well-known institution located in China, and SenseTime Group Limited is a Chinese company based in Hong Kong but primarily associated with China.",yes
CVPR-2020-A005923,Weihao Gan,"SenseTime Group Limited, Tsinghua University",UNKNOWN,China,high,"Tsinghua University is a well-known institution located in China, and SenseTime Group Limited is a Chinese company based in Hong Kong but primarily associated with China.",yes
CVPR-2020-A005924,Lin Liu,"SenseTime Group Limited, Tsinghua University",UNKNOWN,China,high,"Tsinghua University is a well-known institution located in China, and SenseTime Group Limited is a Chinese company based in Hong Kong but primarily associated with China.",yes
CVPR-2020-A005925,Wei Wu,"SenseTime Group Limited, Tsinghua University",UNKNOWN,China,high,"Tsinghua University is a well-known institution located in China, and SenseTime Group Limited is a Chinese company based in Hong Kong but primarily associated with China.",yes
CVPR-2020-A005928,Pengkai Zhu,"Electrical and Computer Engineering Department, Boston University",UNKNOWN,United States,high,Boston University is a well-known institution located in the United States.,yes
CVPR-2020-A005929,Hanxiao Wang,"Electrical and Computer Engineering Department, Boston University",UNKNOWN,United States,high,Boston University is a well-known institution located in the United States.,yes
CVPR-2020-A005930,Venkatesh Saligrama,"Electrical and Computer Engineering Department, Boston University",UNKNOWN,United States,high,Boston University is a well-known institution located in the United States.,yes
CVPR-2020-A005931,Xuangeng Chu,Peking University MEGVII Technology,UNKNOWN,China,high,Peking University is a well-known institution located in China. MEGVII Technology is a Chinese company based in Beijing.,yes
CVPR-2020-A005932,Anlin Zheng,Peking University MEGVII Technology,UNKNOWN,China,high,Peking University is a well-known institution located in China. MEGVII Technology is a Chinese company based in Beijing.,yes
CVPR-2020-A005933,Xiangyu Zhang,Peking University MEGVII Technology,UNKNOWN,China,high,Peking University is a well-known institution located in China. MEGVII Technology is a Chinese company based in Beijing.,yes
CVPR-2020-A005934,Jian Sun,Peking University MEGVII Technology,UNKNOWN,China,high,Peking University is a well-known institution located in China. MEGVII Technology is a Chinese company based in Beijing.,yes
CVPR-2020-A005937,Yuhang Cao,"CUHK - SenseTime Joint Lab, The Chinese University of Hong Kong",UNKNOWN,China,high,"The institution name includes 'The Chinese University of Hong Kong', which is located in Hong Kong, China.",yes
CVPR-2020-A005938,Kai Chen,"CUHK - SenseTime Joint Lab, The Chinese University of Hong Kong",UNKNOWN,China,high,"The institution name includes 'The Chinese University of Hong Kong', which is located in Hong Kong, China.",yes
CVPR-2020-A005939,Chen Change Loy,Nanyang Technological University,UNKNOWN,Singapore,high,Nanyang Technological University is a well-known university located in Singapore.,yes
CVPR-2020-A005940,Dahua Lin,"CUHK - SenseTime Joint Lab, The Chinese University of Hong Kong",UNKNOWN,China,high,"The institution name includes 'The Chinese University of Hong Kong', which is located in Hong Kong, China.",yes
CVPR-2020-A005941,Guoqiang Gong,"Noah’s Ark Lab, Huawei",UNKNOWN,China,high,"Huawei is a well-known Chinese company, and Noah's Ark Lab is a research laboratory associated with Huawei.",yes
CVPR-2020-A005942,Xinghan Wang,"Noah’s Ark Lab, Huawei",UNKNOWN,China,high,"Huawei is a well-known Chinese company, and Noah's Ark Lab is a research laboratory associated with Huawei.",yes
CVPR-2020-A005943,Yadong Mu,"Noah’s Ark Lab, Huawei",UNKNOWN,China,high,"Huawei is a well-known Chinese company, and Noah's Ark Lab is a research laboratory associated with Huawei.",yes
CVPR-2020-A005944,Qi Tian,"Noah’s Ark Lab, Huawei",UNKNOWN,China,high,"Huawei is a well-known Chinese company, and Noah's Ark Lab is a research laboratory associated with Huawei.",yes
CVPR-2020-A005957,Aniruddha Kembhavi,Allen Institute for Artificial Intelligence,UNKNOWN,United States,high,The Allen Institute for Artificial Intelligence is a well-known research institution based in the United States.,yes
CVPR-2020-A005960,Myeongjin Kim,Yonsei University,UNKNOWN,South Korea,high,Yonsei University is a well-known university located in South Korea.,yes
CVPR-2020-A005961,Hyeran Byun,Yonsei University,UNKNOWN,South Korea,high,Yonsei University is a well-known university located in South Korea.,yes
CVPR-2020-A005968,Yazhao Li,Tianjin Key Laboratory of Brain-inspired Intelligence Technology,UNKNOWN,China,high,"Tianjin is a city in China, and the institution name includes 'Tianjin', which is a clear indicator of the country.",yes
CVPR-2020-A005969,Yanwei Pang,Tianjin Key Laboratory of Brain-inspired Intelligence Technology,UNKNOWN,China,high,"Tianjin is a city in China, and the institution name includes 'Tianjin', which is a clear indicator of the country.",yes
CVPR-2020-A005970,Jianbing Shen,"Inception Institute of Artificial Intelligence, Abu Dhabi, UAE",UNKNOWN,United Arab Emirates,high,"The institution name explicitly mentions 'Abu Dhabi, UAE', which is a city in the United Arab Emirates.",yes
CVPR-2020-A005971,Jiale Cao,Tianjin Key Laboratory of Brain-inspired Intelligence Technology,UNKNOWN,China,high,"Tianjin is a city in China, and the institution name includes 'Tianjin', which is a clear indicator of the country.",yes
CVPR-2020-A005972,Ling Shao,"Inception Institute of Artificial Intelligence, Abu Dhabi, UAE",UNKNOWN,United Arab Emirates,high,"The institution name explicitly mentions 'Abu Dhabi, UAE', which is a city in the United Arab Emirates.",yes
CVPR-2020-A005973,Yong-Lu Li,Shanghai Jiao Tong University,UNKNOWN,China,high,"Shanghai Jiao Tong University is a well-known university located in Shanghai, China.",yes
CVPR-2020-A005974,Xinpeng Liu,Shanghai Jiao Tong University,UNKNOWN,China,high,"Shanghai Jiao Tong University is a well-known university located in Shanghai, China.",yes
CVPR-2020-A005975,Han Lu,Shanghai Jiao Tong University,UNKNOWN,China,high,"Shanghai Jiao Tong University is a well-known university located in Shanghai, China.",yes
CVPR-2020-A005976,Shiyi Wang,Shanghai Jiao Tong University,UNKNOWN,China,high,"Shanghai Jiao Tong University is a well-known university located in Shanghai, China.",yes
CVPR-2020-A005977,Junqi Liu,Shanghai Jiao Tong University,UNKNOWN,China,high,"Shanghai Jiao Tong University is a well-known university located in Shanghai, China.",yes
CVPR-2020-A005978,Jiefeng Li,Shanghai Jiao Tong University,UNKNOWN,China,high,"Shanghai Jiao Tong University is a well-known university located in Shanghai, China.",yes
CVPR-2020-A005979,Cewu Lu,Shanghai Jiao Tong University,UNKNOWN,China,high,"Shanghai Jiao Tong University is a well-known university located in Shanghai, China.",yes
CVPR-2020-A005990,Haoran Zhou,Nanjing University of Aeronautics and Astronautics | MIIT Key Laboratory of Pattern Analysis and Machine Intelligence,UNKNOWN,China,high,Nanjing University of Aeronautics and Astronautics is a well-known institution located in China.,yes
CVPR-2020-A005991,Honghua Chen,Nanjing University of Aeronautics and Astronautics,UNKNOWN,China,high,Nanjing University of Aeronautics and Astronautics is a well-known institution located in China.,yes
CVPR-2020-A005992,Yidan Feng,Nanjing University of Aeronautics and Astronautics | MIIT Key Laboratory of Pattern Analysis and Machine Intelligence,UNKNOWN,China,high,Nanjing University of Aeronautics and Astronautics is a well-known institution located in China.,yes
CVPR-2020-A005993,Qiong Wang,Shenzhen Institutes of Advanced Technology,UNKNOWN,China,high,"Shenzhen is a city in China, and the Shenzhen Institutes of Advanced Technology are a well-known research institution located there.",yes
CVPR-2020-A005994,Jing Qin,The Hong Kong Polytechnic University,UNKNOWN,Hong Kong,high,"The institution name explicitly includes 'Hong Kong', which is a Special Administrative Region of China but is often treated as a separate entity in academic and institutional contexts.",yes
CVPR-2020-A005995,Haoran Xie,Lingnan University,UNKNOWN,China | Hong Kong,medium,"Lingnan University is located in Hong Kong, which is a Special Administrative Region of China.",yes
CVPR-2020-A005996,Fu Lee Wang,The Open University of Hong Kong,UNKNOWN,Hong Kong,high,The institution name explicitly mentions 'Hong Kong'.,yes
CVPR-2020-A005997,Mingqiang Wei,Nanjing University of Aeronautics and Astronautics | MIIT Key Laboratory of Pattern Analysis and Machine Intelligence,UNKNOWN,China,high,Nanjing University of Aeronautics and Astronautics is a well-known institution located in China.,yes
CVPR-2020-A005998,Jun Wang,Nanjing University of Aeronautics and Astronautics,UNKNOWN,China,high,Nanjing University of Aeronautics and Astronautics is a well-known institution located in China.,yes
CVPR-2020-A006012,Boyuan Jiang,"Institue of Information Science and Electronic Engineering, Zhejiang University",UNKNOWN,China,high,Zhejiang University is a well-known university located in China.,yes
CVPR-2020-A006015,Egor Burkov,"Samsung AI Center, Moscow | Skolkovo Institute of Science and Technology",UNKNOWN,Russia | United States,medium,"Samsung AI Center is associated with Samsung, which is based in South Korea, but the location 'Moscow' points to Russia. Skolkovo Institute of Science and Technology is based in Russia. However, Samsung may have international collaborations, which could involve the United States.",no
CVPR-2020-A006016,Igor Pasechnik,"Samsung AI Center, Moscow",UNKNOWN,Russia,high,"The institution name includes 'Moscow', which is the capital of Russia.",yes
CVPR-2020-A006017,Artur Grigorev,"Samsung AI Center, Moscow",UNKNOWN,Russia,high,"The institution name includes 'Moscow', which is the capital of Russia.",yes
CVPR-2020-A006018,Victor Lempitsky,"Samsung AI Center, Moscow | Skolkovo Institute of Science and Technology",UNKNOWN,Russia | United States,medium,"Samsung AI Center is associated with Samsung, which is based in South Korea, but the location 'Moscow' points to Russia. Skolkovo Institute of Science and Technology is based in Russia. However, Samsung may have international collaborations, which could involve the United States.",no
CVPR-2020-A006020,Zhou Ren,Wormpex AI Research,UNKNOWN,UNKNOWN,low,The institution name 'Wormpex AI Research' does not provide clear evidence of the country it belongs to.,no
CVPR-2020-A006021,Yi Wu,Wormpex AI Research,UNKNOWN,UNKNOWN,low,The institution name 'Wormpex AI Research' does not provide clear evidence of the country it belongs to.,no
CVPR-2020-A006023,Gang Hua,Wormpex AI Research,UNKNOWN,UNKNOWN,low,The institution name 'Wormpex AI Research' does not provide clear evidence of the country it belongs to.,no
CVPR-2020-A006039,Matthias De Lange,"Huawei, Noah’s Ark Lab",UNKNOWN,China,high,"Huawei is a well-known Chinese technology company, and Noah’s Ark Lab is a research laboratory associated with Huawei, located in China.",yes
CVPR-2020-A006040,Xu Jia,"Huawei, Noah’s Ark Lab",UNKNOWN,China,high,"Huawei is a well-known Chinese technology company, and Noah’s Ark Lab is a research laboratory associated with Huawei, located in China.",yes
CVPR-2020-A006041,Sarah Parisot,"Huawei, Noah’s Ark Lab",UNKNOWN,China,high,"Huawei is a well-known Chinese technology company, and Noah’s Ark Lab is a research laboratory associated with Huawei, located in China.",yes
CVPR-2020-A006042,Ales Leonardis,"Huawei, Noah’s Ark Lab",UNKNOWN,China,high,"Huawei is a well-known Chinese technology company, and Noah’s Ark Lab is a research laboratory associated with Huawei, located in China.",yes
CVPR-2020-A006043,Gregory Slabaugh,"Huawei, Noah’s Ark Lab",UNKNOWN,China,high,"Huawei is a well-known Chinese technology company, and Noah’s Ark Lab is a research laboratory associated with Huawei, located in China.",yes
CVPR-2020-A006044,Tinne Tuytelaars,"Huawei, Noah’s Ark Lab",UNKNOWN,China,high,"Huawei is a well-known Chinese technology company, and Noah’s Ark Lab is a research laboratory associated with Huawei, located in China.",yes
CVPR-2020-A006059,Zhichao Lu,Google,UNKNOWN,United States,medium,"Google is a multinational corporation, but its headquarters is in the United States. However, it operates in many countries, so the inference is not definitive.",no
CVPR-2020-A006060,Vivek Rathod,Google,UNKNOWN,United States,medium,"Google is a multinational corporation, but its headquarters is in the United States. However, it operates in many countries, so the inference is not definitive.",no
CVPR-2020-A006061,Ronny Votel,Google,UNKNOWN,United States,medium,"Google is a multinational corporation, but its headquarters is in the United States. However, it operates in many countries, so the inference is not definitive.",no
CVPR-2020-A006062,Jonathan Huang,Google,UNKNOWN,United States,medium,"Google is a multinational corporation, but its headquarters is in the United States. However, it operates in many countries, so the inference is not definitive.",no
CVPR-2020-A006065,Jianfei Cai,Nanyang Technological University | Monash University,UNKNOWN,Singapore | Australia,high,"Nanyang Technological University is located in Singapore, and Monash University is located in Australia.",yes
CVPR-2020-A006066,Jianmin Zheng,Nanyang Technological University,UNKNOWN,Singapore,high,Nanyang Technological University is a well-known university located in Singapore.,yes
CVPR-2020-A006068,Yunhang Shen,"Media Analytics and Computing Lab, Department of Artificial Intelligence",UNKNOWN,UNKNOWN,low,The institution name does not include any explicit reference to a country or region.,no
CVPR-2020-A006069,Rongrong Ji,"Media Analytics and Computing Lab, Department of Artificial Intelligence",UNKNOWN,UNKNOWN,low,The institution name does not include any explicit reference to a country or region.,no
CVPR-2020-A006070,Zhiwei Chen,"Media Analytics and Computing Lab, Department of Artificial Intelligence",UNKNOWN,UNKNOWN,low,The institution name does not include any explicit reference to a country or region.,no
CVPR-2020-A006071,Xiaopeng Hong,Xi’an Jiaotong University,UNKNOWN,China,high,"Xi’an Jiaotong University is a well-known university located in Xi’an, China.",yes
CVPR-2020-A006072,Feng Zheng,"Department of Computer Science and Engineering, Southern University of Science and Technology",UNKNOWN,China,high,Southern University of Science and Technology is a well-known institution located in China.,yes
CVPR-2020-A006073,Jianzhuang Liu,"Noah’s Ark Lab, Huawei Technologies",UNKNOWN,China,high,Huawei Technologies is a well-known Chinese company.,yes
CVPR-2020-A006075,Qi Tian,"Noah’s Ark Lab, Huawei Technologies",UNKNOWN,China,high,Huawei Technologies is a well-known Chinese company.,yes
CVPR-2020-A006091,Qinsong Li,"Institute of Engineering Modeling and Scientific Computing, Central South University",UNKNOWN,China,high,Central South University is a well-known university located in China.,yes
CVPR-2020-A006094,Xinru Liu,"Institute of Engineering Modeling and Scientific Computing, Central South University",UNKNOWN,China,high,Central South University is a well-known university located in China.,yes
CVPR-2020-A006097,Jiahuan Zhou,"Electrical and Computer Engineering Department, Northwestern University",UNKNOWN,United States,high,Northwestern University is a well-known university located in the United States.,yes
CVPR-2020-A006100,Ying Wu,"Electrical and Computer Engineering Department, Northwestern University",UNKNOWN,United States,high,Northwestern University is a well-known university located in the United States.,yes
CVPR-2020-A006102,Mario Bijelic,Ulm University,UNKNOWN,Germany,high,Ulm University is a well-known institution located in Germany.,yes
CVPR-2020-A006103,Tobias Gruber,Ulm University,UNKNOWN,Germany,high,Ulm University is a well-known institution located in Germany.,yes
CVPR-2020-A006104,Fahim Mannan,Ulm University,UNKNOWN,Germany,high,Ulm University is a well-known institution located in Germany.,yes
CVPR-2020-A006105,Florian Kraus,Ulm University,UNKNOWN,Germany,high,Ulm University is a well-known institution located in Germany.,yes
CVPR-2020-A006106,Werner Ritter,Ulm University,UNKNOWN,Germany,high,Ulm University is a well-known institution located in Germany.,yes
CVPR-2020-A006107,Klaus Dietmayer,Ulm University,UNKNOWN,Germany,high,Ulm University is a well-known institution located in Germany.,yes
CVPR-2020-A006108,Felix Heide,Ulm University,UNKNOWN,Germany,high,Ulm University is a well-known institution located in Germany.,yes
CVPR-2020-A006109,Jinhyung Kim,KAIST,UNKNOWN,South Korea,high,"KAIST is the Korea Advanced Institute of Science and Technology, located in South Korea.",yes
CVPR-2020-A006111,Dongyoon Wee,"Clova AI, NAVER Corp.",UNKNOWN,South Korea,high,"NAVER Corp. is a well-known South Korean company, and Clova AI is a subsidiary of NAVER.",yes
CVPR-2020-A006112,Soonmin Bae,"Clova AI, NAVER Corp.",UNKNOWN,South Korea,high,"NAVER Corp. is a well-known South Korean company, and Clova AI is a subsidiary of NAVER.",yes
CVPR-2020-A006113,Junmo Kim,KAIST,UNKNOWN,South Korea,high,"KAIST is the Korea Advanced Institute of Science and Technology, located in South Korea.",yes
CVPR-2020-A006117,Arif Ahmed Sekh,"UiT The Arctic University of Norway, Tromsø, Norway",UNKNOWN,Norway,high,The institution name explicitly includes 'Norway'.,yes
CVPR-2020-A006118,Ida Sundvor Opstad,"UiT The Arctic University of Norway, Tromsø, Norway",UNKNOWN,Norway,high,The institution name explicitly includes 'Norway'.,yes
CVPR-2020-A006120,Truls Myrmel,"UiT The Arctic University of Norway, Tromsø, Norway | University Hospital of North Norway, Tromsø, Norway",UNKNOWN,Norway,high,"Both institutions are explicitly listed as being in Tromsø, Norway.",yes
CVPR-2020-A006121,Balpreet Singh Ahluwalia,"UiT The Arctic University of Norway, Tromsø, Norway",UNKNOWN,Norway,high,The institution name explicitly includes 'Norway'.,yes
CVPR-2020-A006122,Krishna Agarwal,"UiT The Arctic University of Norway, Tromsø, Norway",UNKNOWN,Norway,high,The institution name explicitly includes 'Norway'.,yes
CVPR-2020-A006123,Dilip K. Prasad,"UiT The Arctic University of Norway, Tromsø, Norway",UNKNOWN,Norway,high,The institution name explicitly includes 'Norway'.,yes
CVPR-2020-A006124,Zhengsu Chen,Beihang University,UNKNOWN,China,high,Beihang University is a well-known university located in China.,yes
CVPR-2020-A006125,Jianwei Niu,Beihang University,UNKNOWN,China,high,Beihang University is a well-known university located in China.,yes
CVPR-2020-A006126,Lingxi Xie,Johns Hopkins University,UNKNOWN,United States,high,Johns Hopkins University is a well-known university located in the United States.,yes
CVPR-2020-A006127,Xuefeng Liu,Beihang University,UNKNOWN,China,high,Beihang University is a well-known university located in China.,yes
CVPR-2020-A006128,Longhui Wei,Peking University,UNKNOWN,China,high,Peking University is a well-known institution located in China.,yes
CVPR-2020-A006129,Qi Tian,Xidian University,UNKNOWN,China,high,Xidian University is a well-known university located in China.,yes
CVPR-2020-A006130,Rui Liu,"CUHK-SenseTime Joint Laboratory, Chinese University of Hong Kong",UNKNOWN,China,high,"The institution is affiliated with the Chinese University of Hong Kong, which is located in Hong Kong, China.",yes
CVPR-2020-A006131,Chengxi Yang,SenseTime Research,UNKNOWN,China,medium,"SenseTime is a well-known Chinese company, and its research is commonly associated with China.",yes
CVPR-2020-A006132,Wenxiu Sun,SenseTime Research,UNKNOWN,China,medium,"SenseTime is a well-known Chinese company, and its research is commonly associated with China.",yes
CVPR-2020-A006133,Xiaogang Wang,"CUHK-SenseTime Joint Laboratory, Chinese University of Hong Kong",UNKNOWN,China,high,"The institution is affiliated with the Chinese University of Hong Kong, which is located in Hong Kong, China.",yes
CVPR-2020-A006134,Hongsheng Li,"CUHK-SenseTime Joint Laboratory, Chinese University of Hong Kong",UNKNOWN,China,high,"The institution is affiliated with the Chinese University of Hong Kong, which is located in Hong Kong, China.",yes
CVPR-2020-A006144,Dengsheng Chen,National University of Defense Technology,UNKNOWN,China,high,The National University of Defense Technology is a well-known institution located in China.,yes
CVPR-2020-A006145,Jun Li,National University of Defense Technology,UNKNOWN,China,high,The National University of Defense Technology is a well-known institution located in China.,yes
CVPR-2020-A006146,Zheng Wang,National University of Defense Technology,UNKNOWN,China,high,The National University of Defense Technology is a well-known institution located in China.,yes
CVPR-2020-A006147,Kai Xu,National University of Defense Technology,UNKNOWN,China,high,The National University of Defense Technology is a well-known institution located in China.,yes
CVPR-2020-A006160,Jonah Philion,Vector Institute,UNKNOWN,Canada,high,"The Vector Institute is a well-known research institute located in Toronto, Canada.",yes
CVPR-2020-A006161,Amlan Kar,Vector Institute,UNKNOWN,Canada,high,"The Vector Institute is a well-known research institute located in Toronto, Canada.",yes
CVPR-2020-A006162,Sanja Fidler,Vector Institute,UNKNOWN,Canada,high,"The Vector Institute is a well-known research institute located in Toronto, Canada.",yes
CVPR-2020-A006167,Mingjie Sun,"XJTLU, University of Liverpool, Beijing Jiaotong University",UNKNOWN,China | United Kingdom,high,"XJTLU (Xiamen University) and Beijing Jiaotong University are both located in China, while the University of Liverpool is located in the United Kingdom.",yes
CVPR-2020-A006168,Jimin Xiao,"XJTLU, University of Liverpool, Beijing Jiaotong University",UNKNOWN,China | United Kingdom,high,"XJTLU (Xiamen University) and Beijing Jiaotong University are both located in China, while the University of Liverpool is located in the United Kingdom.",yes
CVPR-2020-A006169,Eng Gee Lim,"XJTLU, University of Liverpool, Beijing Jiaotong University",UNKNOWN,China | United Kingdom,high,"XJTLU (Xiamen University) and Beijing Jiaotong University are both located in China, while the University of Liverpool is located in the United Kingdom.",yes
CVPR-2020-A006170,Bingfeng Zhang,"XJTLU, University of Liverpool, Beijing Jiaotong University",UNKNOWN,China | United Kingdom,high,"XJTLU (Xiamen University) and Beijing Jiaotong University are both located in China, while the University of Liverpool is located in the United Kingdom.",yes
CVPR-2020-A006171,Yao Zhao,"XJTLU, University of Liverpool, Beijing Jiaotong University",UNKNOWN,China | United Kingdom,high,"XJTLU (Xiamen University) and Beijing Jiaotong University are both located in China, while the University of Liverpool is located in the United Kingdom.",yes
CVPR-2020-A006177,Yangtao Zheng,"Beijing Advanced Innovation Center for Big Data and Brain Computing, Beihang University",UNKNOWN,China,high,"The institution name includes 'Beihang University,' which is a well-known university located in China. 'Beijing' is the capital city of China, further confirming the country.",yes
CVPR-2020-A006178,Di Huang,"Beijing Advanced Innovation Center for Big Data and Brain Computing, Beihang University",UNKNOWN,China,high,"The institution name includes 'Beihang University,' which is a well-known university located in China. 'Beijing' is the capital city of China, further confirming the country.",yes
CVPR-2020-A006179,Songtao Liu,"Beijing Advanced Innovation Center for Big Data and Brain Computing, Beihang University",UNKNOWN,China,high,"The institution name includes 'Beihang University,' which is a well-known university located in China. 'Beijing' is the capital city of China, further confirming the country.",yes
CVPR-2020-A006180,Yunhong Wang,"Beijing Advanced Innovation Center for Big Data and Brain Computing, Beihang University",UNKNOWN,China,high,"The institution name includes 'Beihang University,' which is a well-known university located in China. 'Beijing' is the capital city of China, further confirming the country.",yes
CVPR-2020-A006181,Christiane Sommer,Technical University of Munich,UNKNOWN,Germany,high,Technical University of Munich is a well-known institution located in Germany.,yes
CVPR-2020-A006182,Vladyslav Usenko,Technical University of Munich,UNKNOWN,Germany,high,Technical University of Munich is a well-known institution located in Germany.,yes
CVPR-2020-A006183,David Schubert,Technical University of Munich,UNKNOWN,Germany,high,Technical University of Munich is a well-known institution located in Germany.,yes
CVPR-2020-A006184,Nikolaus Demmel,Technical University of Munich,UNKNOWN,Germany,high,Technical University of Munich is a well-known institution located in Germany.,yes
CVPR-2020-A006185,Daniel Cremers,Technical University of Munich,UNKNOWN,Germany,high,Technical University of Munich is a well-known institution located in Germany.,yes
CVPR-2020-A006191,Juncheng Li,Zhejiang University,UNKNOWN,China,high,Zhejiang University is a well-known university located in China.,yes
CVPR-2020-A006192,Xin Wang,"University of California, Santa Barbara",UNKNOWN,United States,high,"The University of California, Santa Barbara is a well-known institution located in the United States.",yes
CVPR-2020-A006193,Siliang Tang,Zhejiang University,UNKNOWN,China,high,Zhejiang University is a well-known university located in China.,yes
CVPR-2020-A006194,Haizhou Shi,Zhejiang University,UNKNOWN,China,high,Zhejiang University is a well-known university located in China.,yes
CVPR-2020-A006195,Fei Wu,Zhejiang University,UNKNOWN,China,high,Zhejiang University is a well-known university located in China.,yes
CVPR-2020-A006196,Yueting Zhuang,Zhejiang University,UNKNOWN,China,high,Zhejiang University is a well-known university located in China.,yes
CVPR-2020-A006197,William Yang Wang,"University of California, Santa Barbara",UNKNOWN,United States,high,"The University of California, Santa Barbara is a well-known institution located in the United States.",yes
CVPR-2020-A006198,Jaehyung Kim,"having several well-organized datasets in research, e.g., CIFAR [",UNKNOWN,UNKNOWN,low,The institution string does not provide any specific country-related information.,no
CVPR-2020-A006199,Jongheon Jeong,"having several well-organized datasets in research, e.g., CIFAR [",UNKNOWN,UNKNOWN,low,The institution string does not provide any specific country-related information.,no
CVPR-2020-A006200,Jinwoo Shin,"having several well-organized datasets in research, e.g., CIFAR [",UNKNOWN,UNKNOWN,low,The institution string does not provide any specific country-related information.,no
CVPR-2020-A006201,Yilun Chen,The Chinese University of Hong Kong SmartMore 𝑢 𝑣,UNKNOWN,China,high,"The institution name includes 'The Chinese University of Hong Kong', which is located in Hong Kong, China.",yes
CVPR-2020-A006202,Shu Liu,The Chinese University of Hong Kong SmartMore 𝑢 𝑣,UNKNOWN,China,high,"The institution name includes 'The Chinese University of Hong Kong', which is located in Hong Kong, China.",yes
CVPR-2020-A006203,Xiaoyong Shen,The Chinese University of Hong Kong SmartMore 𝑢 𝑣,UNKNOWN,China,high,"The institution name includes 'The Chinese University of Hong Kong', which is located in Hong Kong, China.",yes
CVPR-2020-A006204,Jiaya Jia,The Chinese University of Hong Kong SmartMore 𝑢 𝑣,UNKNOWN,China,high,"The institution name includes 'The Chinese University of Hong Kong', which is located in Hong Kong, China.",yes
CVPR-2020-A006205,Thomas Roddick,University of Cambridge,UNKNOWN,United Kingdom,high,The University of Cambridge is a well-known institution located in the United Kingdom.,yes
CVPR-2020-A006206,Roberto Cipolla,University of Cambridge,UNKNOWN,United Kingdom,high,The University of Cambridge is a well-known institution located in the United Kingdom.,yes
CVPR-2020-A006207,Jiaxu Miao,"Baidu Research | ReLER, University of Technology Sydney",UNKNOWN,China | Australia,high,"Baidu Research is based in China, and the University of Technology Sydney is based in Australia.",yes
CVPR-2020-A006208,Yunchao Wei,"ReLER, University of Technology Sydney",UNKNOWN,Australia,high,"The institution 'University of Technology Sydney' is located in Sydney, Australia.",yes
CVPR-2020-A006209,Yi Yang,"ReLER, University of Technology Sydney",UNKNOWN,Australia,high,"The institution 'University of Technology Sydney' is located in Sydney, Australia.",yes
CVPR-2020-A006218,Tao Zhou,"Inception Institute of Artificial Intelligence, Abu Dhabi, UAE.",UNKNOWN,United Arab Emirates,high,"The institution name explicitly mentions 'Abu Dhabi, UAE', which is a city in the United Arab Emirates.",yes
CVPR-2020-A006219,Huazhu Fu,"Inception Institute of Artificial Intelligence, Abu Dhabi, UAE.",UNKNOWN,United Arab Emirates,high,"The institution name explicitly mentions 'Abu Dhabi, UAE', which is a city in the United Arab Emirates.",yes
CVPR-2020-A006220,Chen Gong,The Key Laboratory of Intelligent Perception and Systems for High-Dimensional Information,UNKNOWN,China,medium,"The Key Laboratory of Intelligent Perception and Systems for High-Dimensional Information is commonly associated with Chinese institutions, particularly in the field of computer vision and AI research.",yes
CVPR-2020-A006221,Jianbing Shen,"Inception Institute of Artificial Intelligence, Abu Dhabi, UAE.",UNKNOWN,United Arab Emirates,high,"The institution name explicitly mentions 'Abu Dhabi, UAE', which is a city in the United Arab Emirates.",yes
CVPR-2020-A006222,Ling Shao,"Inception Institute of Artificial Intelligence, Abu Dhabi, UAE.",UNKNOWN,United Arab Emirates,high,"The institution name explicitly mentions 'Abu Dhabi, UAE', which is a city in the United Arab Emirates.",yes
CVPR-2020-A006233,Innfarn Yoo,"Google Research - Mountain View, California",UNKNOWN,United States,high,"Mountain View, California is a well-known location in the United States.",yes
CVPR-2020-A006234,Xiyang Luo,"Google Research - Mountain View, California",UNKNOWN,United States,high,"Mountain View, California is a well-known location in the United States.",yes
CVPR-2020-A006235,Yilin Wang,"Google Research - Mountain View, California",UNKNOWN,United States,high,"Mountain View, California is a well-known location in the United States.",yes
CVPR-2020-A006236,Feng Yang,"Google Research - Mountain View, California",UNKNOWN,United States,high,"Mountain View, California is a well-known location in the United States.",yes
CVPR-2020-A006237,Peyman Milanfar,"Google Research - Mountain View, California",UNKNOWN,United States,high,"Mountain View, California is a well-known location in the United States.",yes
CVPR-2020-A006238,Ricardo Fabbri,University of Liverpool Brown University Georgia Tech CIIRC CTU in Prague,UNKNOWN,United Kingdom | United States | Czech Republic,high,"The institutions listed are from the United Kingdom (University of Liverpool), United States (Brown University, Georgia Tech), and Czech Republic (CIIRC CTU in Prague).",yes
CVPR-2020-A006239,Timothy Duff,University of Liverpool Brown University Georgia Tech CIIRC CTU in Prague,UNKNOWN,United Kingdom | United States | Czech Republic,high,"The institutions listed are from the United Kingdom (University of Liverpool), United States (Brown University, Georgia Tech), and Czech Republic (CIIRC CTU in Prague).",yes
CVPR-2020-A006240,Hongyi Fan,University of Liverpool Brown University Georgia Tech CIIRC CTU in Prague,UNKNOWN,United Kingdom | United States | Czech Republic,high,"The institutions listed are from the United Kingdom (University of Liverpool), United States (Brown University, Georgia Tech), and Czech Republic (CIIRC CTU in Prague).",yes
CVPR-2020-A006241,Margaret H. Regan,University of Liverpool Brown University Georgia Tech CIIRC CTU in Prague,UNKNOWN,United Kingdom | United States | Czech Republic,high,"The institutions listed are from the United Kingdom (University of Liverpool), United States (Brown University, Georgia Tech), and Czech Republic (CIIRC CTU in Prague).",yes
CVPR-2020-A006242,David da Costa de Pinho,University of Liverpool Brown University Georgia Tech CIIRC CTU in Prague,UNKNOWN,United Kingdom | United States | Czech Republic,high,"The institutions listed are from the United Kingdom (University of Liverpool), United States (Brown University, Georgia Tech), and Czech Republic (CIIRC CTU in Prague).",yes
CVPR-2020-A006243,Elias Tsigaridas,University of Liverpool Brown University Georgia Tech CIIRC CTU in Prague,UNKNOWN,United Kingdom | United States | Czech Republic,high,"The institutions listed are from the United Kingdom (University of Liverpool), United States (Brown University, Georgia Tech), and Czech Republic (CIIRC CTU in Prague).",yes
CVPR-2020-A006244,Charles W. Wampler,University of Liverpool Brown University Georgia Tech CIIRC CTU in Prague,UNKNOWN,United Kingdom | United States | Czech Republic,high,"The institutions listed are from the United Kingdom (University of Liverpool), United States (Brown University, Georgia Tech), and Czech Republic (CIIRC CTU in Prague).",yes
CVPR-2020-A006245,Jonathan D. Hauenstein,University of Liverpool Brown University Georgia Tech CIIRC CTU in Prague,UNKNOWN,United Kingdom | United States | Czech Republic,high,"The institutions listed are from the United Kingdom (University of Liverpool), United States (Brown University, Georgia Tech), and Czech Republic (CIIRC CTU in Prague).",yes
CVPR-2020-A006246,Peter J. Giblin,University of Liverpool Brown University Georgia Tech CIIRC CTU in Prague,UNKNOWN,United Kingdom | United States | Czech Republic,high,"The institutions listed are from the United Kingdom (University of Liverpool), United States (Brown University, Georgia Tech), and Czech Republic (CIIRC CTU in Prague).",yes
CVPR-2020-A006247,Benjamin Kimia,University of Liverpool Brown University Georgia Tech CIIRC CTU in Prague,UNKNOWN,United Kingdom | United States | Czech Republic,high,"The institutions listed are from the United Kingdom (University of Liverpool), United States (Brown University, Georgia Tech), and Czech Republic (CIIRC CTU in Prague).",yes
CVPR-2020-A006248,Anton Leykin,University of Liverpool Brown University Georgia Tech CIIRC CTU in Prague,UNKNOWN,United Kingdom | United States | Czech Republic,high,"The institutions listed are from the United Kingdom (University of Liverpool), United States (Brown University, Georgia Tech), and Czech Republic (CIIRC CTU in Prague).",yes
CVPR-2020-A006249,Tomas Pajdla,University of Liverpool Brown University Georgia Tech CIIRC CTU in Prague,UNKNOWN,United Kingdom | United States | Czech Republic,high,"The institutions listed are from the United Kingdom (University of Liverpool), United States (Brown University, Georgia Tech), and Czech Republic (CIIRC CTU in Prague).",yes
CVPR-2020-A006250,Chenhan Jiang,Huawei Noah’s Ark Lab Sun Yat-Sen University,UNKNOWN,China,high,Both Huawei and Sun Yat-Sen University are well-known institutions based in China.,yes
CVPR-2020-A006251,Hang Xu,Huawei Noah’s Ark Lab Sun Yat-Sen University,UNKNOWN,China,high,Both Huawei and Sun Yat-Sen University are well-known institutions based in China.,yes
CVPR-2020-A006252,Wei Zhang,Huawei Noah’s Ark Lab Sun Yat-Sen University,UNKNOWN,China,high,Both Huawei and Sun Yat-Sen University are well-known institutions based in China.,yes
CVPR-2020-A006253,Xiaodan Liang,Huawei Noah’s Ark Lab Sun Yat-Sen University,UNKNOWN,China,high,Both Huawei and Sun Yat-Sen University are well-known institutions based in China.,yes
CVPR-2020-A006254,Zhenguo Li,Huawei Noah’s Ark Lab Sun Yat-Sen University,UNKNOWN,China,high,Both Huawei and Sun Yat-Sen University are well-known institutions based in China.,yes
CVPR-2020-A006258,Fengda Zhu,Monash University,UNKNOWN,Australia,high,Monash University is a well-known university located in Australia.,yes
CVPR-2020-A006259,Zhaohuan Zhan,Sun Yat-sen University,UNKNOWN,China,high,Sun Yat-sen University is a well-known institution located in China.,yes
CVPR-2020-A006260,Bingqian Lin,Sun Yat-sen University,UNKNOWN,China,high,Sun Yat-sen University is a well-known institution located in China.,yes
CVPR-2020-A006262,Xiaojun Chang,Monash University,UNKNOWN,Australia,high,Monash University is a well-known university located in Australia.,yes
CVPR-2020-A006263,Xiaodan Liang,Sun Yat-sen University | Dark Matter AI Inc.,UNKNOWN,China | United States,medium,"Sun Yat-sen University is located in China, while Dark Matter AI Inc. is a company based in the United States.",yes
CVPR-2020-A006264,Alexander Kirillov,Facebook AI Research (FAIR),UNKNOWN,United States,medium,"Facebook AI Research (FAIR) is based in the United States, but the conference (CVPR) and year (2020) do not provide additional country-specific context.",yes
CVPR-2020-A006265,Yuxin Wu,Facebook AI Research (FAIR),UNKNOWN,United States,medium,"Facebook AI Research (FAIR) is based in the United States, but the conference (CVPR) and year (2020) do not provide additional country-specific context.",yes
CVPR-2020-A006266,Kaiming He,Facebook AI Research (FAIR),UNKNOWN,United States,medium,"Facebook AI Research (FAIR) is based in the United States, but the conference (CVPR) and year (2020) do not provide additional country-specific context.",yes
CVPR-2020-A006267,Ross Girshick,Facebook AI Research (FAIR),UNKNOWN,United States,medium,"Facebook AI Research (FAIR) is based in the United States, but the conference (CVPR) and year (2020) do not provide additional country-specific context.",yes
CVPR-2020-A006270,Aditya Prakash,"Max Planck Institute for Intelligent Systems, Tübingen",UNKNOWN,Germany,high,"The Max Planck Institute for Intelligent Systems is located in Tübingen, Germany.",yes
CVPR-2020-A006273,Kashyap Chitta,"Max Planck Institute for Intelligent Systems, Tübingen | University of Tübingen",UNKNOWN,Germany,high,"The institution names 'Max Planck Institute for Intelligent Systems, Tübingen' and 'University of Tübingen' are well-known institutions located in Germany.",yes
CVPR-2020-A006274,Andreas Geiger,"Max Planck Institute for Intelligent Systems, Tübingen | University of Tübingen",UNKNOWN,Germany,high,"The institution names 'Max Planck Institute for Intelligent Systems, Tübingen' and 'University of Tübingen' are well-known institutions located in Germany.",yes
CVPR-2020-A006275,Shunwang Gong,Imperial College London,UNKNOWN,United Kingdom,high,Imperial College London is a well-known institution located in the United Kingdom.,yes
CVPR-2020-A006276,Mehdi Bahri,Imperial College London,UNKNOWN,United Kingdom,high,Imperial College London is a well-known institution located in the United Kingdom.,yes
CVPR-2020-A006277,Michael M. Bronstein,Imperial College London | Twitter | USI Lugano,UNKNOWN,United Kingdom | Switzerland | United States,high,"Imperial College London is in the United Kingdom, USI Lugano is in Switzerland, and Twitter is based in the United States.",yes
CVPR-2020-A006278,Stefanos Zafeiriou,Imperial College London | FaceSoft.io,UNKNOWN,United Kingdom,medium,"Imperial College London is located in the United Kingdom, but FaceSoft.io is not clearly associated with a specific country.",no
CVPR-2020-A006284,Karren Yang,Adobe Research,UNKNOWN,United States,medium,"Adobe Research is a well-known research division based in the United States, though it may have international collaborations.",yes
CVPR-2020-A006285,Bryan Russell,Adobe Research,UNKNOWN,United States,medium,"Adobe Research is a well-known research division based in the United States, though it may have international collaborations.",yes
CVPR-2020-A006286,Justin Salamon,Adobe Research,UNKNOWN,United States,medium,"Adobe Research is a well-known research division based in the United States, though it may have international collaborations.",yes
CVPR-2020-A006288,Sen Lei,Beihang University,UNKNOWN,China,high,Beihang University is a well-known university located in China.,yes
CVPR-2020-A006289,Tianyang Shi,NetEase Fuxi AI Lab,UNKNOWN,China,high,"NetEase is a well-known Chinese company, and the Fuxi AI Lab is associated with NetEase, which is based in China.",yes
CVPR-2020-A006290,Zhenwei Shi,Beihang University,UNKNOWN,China,high,Beihang University is a well-known university located in China.,yes
CVPR-2020-A006299,Shi-Xue Zhang,"School of Computer and Communication Engineering, University of Science and Technology Beijing",UNKNOWN,China,high,"The institution name includes 'University of Science and Technology Beijing', which is a well-known university located in China.",yes
CVPR-2020-A006300,Xiaobin Zhu,"School of Computer and Communication Engineering, University of Science and Technology Beijing",UNKNOWN,China,high,"The institution name includes 'University of Science and Technology Beijing', which is a well-known university located in China.",yes
CVPR-2020-A006301,Jie-Bo Hou,"School of Computer and Communication Engineering, University of Science and Technology Beijing",UNKNOWN,China,high,"The institution name includes 'University of Science and Technology Beijing', which is a well-known university located in China.",yes
CVPR-2020-A006302,Chang Liu,"School of Computer and Communication Engineering, University of Science and Technology Beijing",UNKNOWN,China,high,"The institution name includes 'University of Science and Technology Beijing', which is a well-known university located in China.",yes
CVPR-2020-A006303,Chun Yang,"School of Computer and Communication Engineering, University of Science and Technology Beijing",UNKNOWN,China,high,"The institution name includes 'University of Science and Technology Beijing', which is a well-known university located in China.",yes
CVPR-2020-A006305,Xu-Cheng Yin,"School of Computer and Communication Engineering, University of Science and Technology Beijing | Institute of Artificial Intelligence, University of Science and Technology Beijing | USTB-EEasyTech Joint Lab of Artificial Intelligence",UNKNOWN,China,high,"The institution names include 'University of Science and Technology Beijing' (USTB), which is a well-known university in China. The joint lab name also includes 'USTB', reinforcing the association with China.",yes
CVPR-2020-A006306,Zhihang Li,"NLPR & CEBSIT, CAS NLPR & AIR, CAS Department of Computer Vision Technology (VIS), Baidu Inc. Imperial College London Department of Computer Science and Technology, Tsinghua University.",UNKNOWN,China | United Kingdom,high,Tsinghua University and CAS (Chinese Academy of Sciences) are in China. Imperial College London is in the United Kingdom.,yes
CVPR-2020-A006307,Teng Xi,"NLPR & CEBSIT, CAS NLPR & AIR, CAS Department of Computer Vision Technology (VIS), Baidu Inc. Imperial College London Department of Computer Science and Technology, Tsinghua University.",UNKNOWN,China | United Kingdom,high,Tsinghua University and CAS (Chinese Academy of Sciences) are in China. Imperial College London is in the United Kingdom.,yes
CVPR-2020-A006308,Jiankang Deng,"NLPR & CEBSIT, CAS NLPR & AIR, CAS Department of Computer Vision Technology (VIS), Baidu Inc. Imperial College London Department of Computer Science and Technology, Tsinghua University.",UNKNOWN,China | United Kingdom,high,Tsinghua University and CAS (Chinese Academy of Sciences) are in China. Imperial College London is in the United Kingdom.,yes
CVPR-2020-A006309,Gang Zhang,"NLPR & CEBSIT, CAS NLPR & AIR, CAS Department of Computer Vision Technology (VIS), Baidu Inc. Imperial College London Department of Computer Science and Technology, Tsinghua University.",UNKNOWN,China | United Kingdom,high,Tsinghua University and CAS (Chinese Academy of Sciences) are in China. Imperial College London is in the United Kingdom.,yes
CVPR-2020-A006310,Shengzhao Wen,"NLPR & CEBSIT, CAS NLPR & AIR, CAS Department of Computer Vision Technology (VIS), Baidu Inc. Imperial College London Department of Computer Science and Technology, Tsinghua University.",UNKNOWN,China | United Kingdom,high,Tsinghua University and CAS (Chinese Academy of Sciences) are in China. Imperial College London is in the United Kingdom.,yes
CVPR-2020-A006311,Ran He,"NLPR & CEBSIT, CAS NLPR & AIR, CAS Department of Computer Vision Technology (VIS), Baidu Inc. Imperial College London Department of Computer Science and Technology, Tsinghua University.",UNKNOWN,China | United Kingdom,high,Tsinghua University and CAS (Chinese Academy of Sciences) are in China. Imperial College London is in the United Kingdom.,yes
CVPR-2020-A006312,Zhihao Xia,Washington University in St. Louis Adobe Research,UNKNOWN,United States,high,Washington University in St. Louis is a well-known institution located in the United States.,yes
CVPR-2020-A006313,Federico Perazzi,Washington University in St. Louis Adobe Research,UNKNOWN,United States,high,Washington University in St. Louis is a well-known institution located in the United States.,yes
CVPR-2020-A006314,Michael Gharbi,Washington University in St. Louis Adobe Research,UNKNOWN,United States,high,Washington University in St. Louis is a well-known institution located in the United States.,yes
CVPR-2020-A006315,Kalyan Sunkavalli,Washington University in St. Louis Adobe Research,UNKNOWN,United States,high,Washington University in St. Louis is a well-known institution located in the United States.,yes
CVPR-2020-A006316,Ayan Chakrabarti,Washington University in St. Louis Adobe Research,UNKNOWN,United States,high,Washington University in St. Louis is a well-known institution located in the United States.,yes
CVPR-2020-A006322,Kaiming He,Facebook AI Research (FAIR),UNKNOWN,United States,medium,"Facebook AI Research (FAIR) is based in the United States, but the conference (CVPR) and year (2020) do not provide additional country-specific context.",yes
CVPR-2020-A006323,Haoqi Fan,Facebook AI Research (FAIR),UNKNOWN,United States,medium,"Facebook AI Research (FAIR) is based in the United States, but the conference (CVPR) and year (2020) do not provide additional country-specific context.",yes
CVPR-2020-A006324,Yuxin Wu,Facebook AI Research (FAIR),UNKNOWN,United States,medium,"Facebook AI Research (FAIR) is based in the United States, but the conference (CVPR) and year (2020) do not provide additional country-specific context.",yes
CVPR-2020-A006325,Saining Xie,Facebook AI Research (FAIR),UNKNOWN,United States,medium,"Facebook AI Research (FAIR) is based in the United States, but the conference (CVPR) and year (2020) do not provide additional country-specific context.",yes
CVPR-2020-A006326,Ross Girshick,Facebook AI Research (FAIR),UNKNOWN,United States,medium,"Facebook AI Research (FAIR) is based in the United States, but the conference (CVPR) and year (2020) do not provide additional country-specific context.",yes
CVPR-2020-A006327,Thomas Elsken,Bosch Center for Artificial Intelligence | University of Freiburg,UNKNOWN,Germany,high,The University of Freiburg is a well-known institution located in Germany.,yes
CVPR-2020-A006328,Benedikt Staffler,Bosch Center for Artificial Intelligence,UNKNOWN,Germany,high,"Bosch is a well-known German company, and the Bosch Center for Artificial Intelligence is based in Germany.",yes
CVPR-2020-A006329,Jan Hendrik Metzen,Bosch Center for Artificial Intelligence,UNKNOWN,Germany,high,"Bosch is a well-known German company, and the Bosch Center for Artificial Intelligence is based in Germany.",yes
CVPR-2020-A006330,Frank Hutter,University of Freiburg | Bosch Center for Artificial Intelligence,UNKNOWN,Germany,high,The University of Freiburg is a well-known institution located in Germany.,yes
CVPR-2020-A006334,Moab Arar,Tel Aviv University,UNKNOWN,Israel,high,"Tel Aviv University is a well-known institution located in Tel Aviv, Israel.",yes
CVPR-2020-A006335,Yiftach Ginger,Tel Aviv University,UNKNOWN,Israel,high,"Tel Aviv University is a well-known institution located in Tel Aviv, Israel.",yes
CVPR-2020-A006336,Dov Danon,Tel Aviv University,UNKNOWN,Israel,high,"Tel Aviv University is a well-known institution located in Tel Aviv, Israel.",yes
CVPR-2020-A006337,Amit H. Bermano,Tel Aviv University,UNKNOWN,Israel,high,"Tel Aviv University is a well-known institution located in Tel Aviv, Israel.",yes
CVPR-2020-A006338,Daniel Cohen-Or,Tel Aviv University,UNKNOWN,Israel,high,"Tel Aviv University is a well-known institution located in Tel Aviv, Israel.",yes
CVPR-2020-A006356,Xinyu Wang,University of Malaya,UNKNOWN,Malaysia,high,The institution name 'University of Malaya' is a well-known university located in Malaysia.,yes
CVPR-2020-A006358,Chunhua Shen,University of Malaya,UNKNOWN,Malaysia,high,The institution name 'University of Malaya' is a well-known university located in Malaysia.,yes
CVPR-2020-A006365,Ilija Radosavovic,Facebook AI Research (FAIR),UNKNOWN,United States,medium,"Facebook AI Research (FAIR) is based in the United States, but the conference (CVPR) and year (2020) do not provide additional country-specific context.",yes
CVPR-2020-A006366,Raj Prateek Kosaraju,Facebook AI Research (FAIR),UNKNOWN,United States,medium,"Facebook AI Research (FAIR) is based in the United States, but the conference (CVPR) and year (2020) do not provide additional country-specific context.",yes
CVPR-2020-A006367,Ross Girshick,Facebook AI Research (FAIR),UNKNOWN,United States,medium,"Facebook AI Research (FAIR) is based in the United States, but the conference (CVPR) and year (2020) do not provide additional country-specific context.",yes
CVPR-2020-A006368,Kaiming He,Facebook AI Research (FAIR),UNKNOWN,United States,medium,"Facebook AI Research (FAIR) is based in the United States, but the conference (CVPR) and year (2020) do not provide additional country-specific context.",yes
CVPR-2020-A006369,Piotr Dollar,Facebook AI Research (FAIR),UNKNOWN,United States,medium,"Facebook AI Research (FAIR) is based in the United States, but the conference (CVPR) and year (2020) do not provide additional country-specific context.",yes
CVPR-2020-A006370,Yang Zhong,"KTH Royal Institute of Technology, Sweden",UNKNOWN,Sweden,high,The institution name explicitly includes 'Sweden'.,yes
CVPR-2020-A006371,Atsuto Maki,"KTH Royal Institute of Technology, Sweden",UNKNOWN,Sweden,high,The institution name explicitly includes 'Sweden'.,yes
CVPR-2020-A006372,Yisheng He,Hong Kong University of Science and Technology,UNKNOWN,Hong Kong,high,"The institution name explicitly includes 'Hong Kong', which is a Special Administrative Region of China but is often treated as a separate entity in academic and institutional contexts.",yes
CVPR-2020-A006373,Wei Sun,Megvii Inc.,UNKNOWN,China,high,"Megvii Inc. is a well-known Chinese company based in Beijing, specializing in artificial intelligence and computer vision.",yes
CVPR-2020-A006375,Jianran Liu,Megvii Inc.,UNKNOWN,China,high,"Megvii Inc. is a well-known Chinese company based in Beijing, specializing in artificial intelligence and computer vision.",yes
CVPR-2020-A006376,Haoqiang Fan,Megvii Inc.,UNKNOWN,China,high,"Megvii Inc. is a well-known Chinese company based in Beijing, specializing in artificial intelligence and computer vision.",yes
CVPR-2020-A006377,Jian Sun,Megvii Inc.,UNKNOWN,China,high,"Megvii Inc. is a well-known Chinese company based in Beijing, specializing in artificial intelligence and computer vision.",yes
CVPR-2020-A006384,Oytun Ulutan,"Department of Electrical and Computer Engineering University of California, Santa Barbara, CA",UNKNOWN,United States,high,"The institution is explicitly named as the University of California, Santa Barbara, which is located in the United States.",yes
CVPR-2020-A006385,A S M Iftekhar,"Department of Electrical and Computer Engineering University of California, Santa Barbara, CA",UNKNOWN,United States,high,"The institution is explicitly named as the University of California, Santa Barbara, which is located in the United States.",yes
CVPR-2020-A006386,B. S. Manjunath,"Department of Electrical and Computer Engineering University of California, Santa Barbara, CA",UNKNOWN,United States,high,"The institution is explicitly named as the University of California, Santa Barbara, which is located in the United States.",yes
CVPR-2020-A006387,Kaidi Cao,Stanford University,UNKNOWN,United States,high,Stanford University is located in the United States.,yes
CVPR-2020-A006388,Jingwei Ji,Stanford University,UNKNOWN,United States,high,Stanford University is located in the United States.,yes
CVPR-2020-A006389,Zhangjie Cao,Stanford University,UNKNOWN,United States,high,Stanford University is located in the United States.,yes
CVPR-2020-A006390,Chien-Yi Chang,Stanford University,UNKNOWN,United States,high,Stanford University is located in the United States.,yes
CVPR-2020-A006391,Juan Carlos Niebles,Stanford University,UNKNOWN,United States,high,Stanford University is located in the United States.,yes
CVPR-2020-A006394,Dongdong Chen,Microsoft Research,UNKNOWN,United States,high,Microsoft Research is based in the United States.,yes
CVPR-2020-A006396,Lu Yuan,Microsoft Research,UNKNOWN,United States,high,Microsoft Research is based in the United States.,yes
CVPR-2020-A006406,Peter Anderson,Georgia Institute of Technology,UNKNOWN,United States,high,Georgia Institute of Technology is a well-known university located in the United States.,yes
CVPR-2020-A006407,Xin Wang,"University of California, Santa Barbara",UNKNOWN,United States,high,"The University of California, Santa Barbara is a well-known institution located in the United States.",yes
CVPR-2020-A006408,William Yang Wang,"University of California, Santa Barbara",UNKNOWN,United States,high,"The University of California, Santa Barbara is a well-known institution located in the United States.",yes
CVPR-2020-A006428,Rodrigo F. Berriel,"Federal University of Espı́rito Santo (UFES), Vitória, Brazil",UNKNOWN,Brazil,high,The institution name explicitly mentions 'Brazil'.,yes
CVPR-2020-A006429,Maria C. S. Boeres,"Federal University of Espı́rito Santo (UFES), Vitória, Brazil",UNKNOWN,Brazil,high,The institution name explicitly mentions 'Brazil'.,yes
CVPR-2020-A006431,Claudine Badue,"Federal University of Espı́rito Santo (UFES), Vitória, Brazil",UNKNOWN,Brazil,high,The institution name explicitly mentions 'Brazil'.,yes
CVPR-2020-A006432,Alberto F. De Souza,"Federal University of Espı́rito Santo (UFES), Vitória, Brazil",UNKNOWN,Brazil,high,The institution name explicitly mentions 'Brazil'.,yes
CVPR-2020-A006433,Thiago Oliveira-Santos,"Federal University of Espı́rito Santo (UFES), Vitória, Brazil",UNKNOWN,Brazil,high,The institution name explicitly mentions 'Brazil'.,yes
CVPR-2020-A006434,Kentaro Wada,"Dyson Robotics Laboratory, Imperial College London",UNKNOWN,United Kingdom,high,Imperial College London is a well-known institution located in the United Kingdom.,yes
CVPR-2020-A006435,Edgar Sucar,"Dyson Robotics Laboratory, Imperial College London",UNKNOWN,United Kingdom,high,Imperial College London is a well-known institution located in the United Kingdom.,yes
CVPR-2020-A006436,Stephen James,"Dyson Robotics Laboratory, Imperial College London",UNKNOWN,United Kingdom,high,Imperial College London is a well-known institution located in the United Kingdom.,yes
CVPR-2020-A006437,Daniel Lenton,"Dyson Robotics Laboratory, Imperial College London",UNKNOWN,United Kingdom,high,Imperial College London is a well-known institution located in the United Kingdom.,yes
CVPR-2020-A006438,Andrew J. Davison,"Dyson Robotics Laboratory, Imperial College London",UNKNOWN,United Kingdom,high,Imperial College London is a well-known institution located in the United Kingdom.,yes
CVPR-2020-A006439,Saurabh Singh,Google Research,UNKNOWN,United States,medium,"Google Research is primarily based in the United States, though it has offices in other countries.",no
CVPR-2020-A006440,Shankar Krishnan,Google Research,UNKNOWN,United States,medium,"Google Research is primarily based in the United States, though it has offices in other countries.",no
CVPR-2020-A006441,Kuo-Hao Zeng,"Paul G. Allen School of Computer Science & Engineering, University of Washington",UNKNOWN,United States,high,"The institution is explicitly named as the University of Washington, which is located in the United States.",yes
CVPR-2020-A006442,Roozbeh Mottaghi,"Paul G. Allen School of Computer Science & Engineering, University of Washington",UNKNOWN,United States,high,"The institution is explicitly named as the University of Washington, which is located in the United States.",yes
CVPR-2020-A006443,Luca Weihs,"Paul G. Allen School of Computer Science & Engineering, University of Washington",UNKNOWN,United States,high,"The institution is explicitly named as the University of Washington, which is located in the United States.",yes
CVPR-2020-A006444,Ali Farhadi,"Paul G. Allen School of Computer Science & Engineering, University of Washington",UNKNOWN,United States,high,"The institution is explicitly named as the University of Washington, which is located in the United States.",yes
CVPR-2020-A006450,Sagie Benaim,Google Research | Tel Aviv University,UNKNOWN,Israel | United States,medium,"Tel Aviv University is located in Israel, and Google Research is a global entity with presence in multiple countries, including the United States.",no
CVPR-2020-A006451,Ariel Ephrat,Google Research,UNKNOWN,United States,medium,"Google Research is primarily based in the United States, though it has offices in other countries.",no
CVPR-2020-A006452,Oran Lang,Google Research,UNKNOWN,United States,medium,"Google Research is primarily based in the United States, though it has offices in other countries.",no
CVPR-2020-A006453,Inbar Mosseri,Google Research,UNKNOWN,United States,medium,"Google Research is primarily based in the United States, though it has offices in other countries.",no
CVPR-2020-A006454,William T. Freeman,Google Research,UNKNOWN,United States,medium,"Google Research is primarily based in the United States, though it has offices in other countries.",no
CVPR-2020-A006455,Michael Rubinstein,Google Research,UNKNOWN,United States,medium,"Google Research is primarily based in the United States, though it has offices in other countries.",no
CVPR-2020-A006456,Michal Irani,Google Research | Weizmann Institute,UNKNOWN,Israel | United States,high,"Google Research is based in the United States, and the Weizmann Institute is based in Israel.",yes
CVPR-2020-A006457,Tali Dekel,Google Research,UNKNOWN,United States,medium,"Google Research is primarily based in the United States, though it has offices in other countries.",no
CVPR-2020-A006458,Hui Chen,"School of Software, BNRist, Tsinghua University Kwai Ads Platform; Microsoft Research Kwai Seattle AI Lab, Kwai FeDA Lab, Kwai AI Platform WMG Data Science, University of Warwick",UNKNOWN,China | United Kingdom,medium,"Tsinghua University is located in China, and the University of Warwick is located in the United Kingdom.",no
CVPR-2020-A006459,Guiguang Ding,"School of Software, BNRist, Tsinghua University Kwai Ads Platform; Microsoft Research Kwai Seattle AI Lab, Kwai FeDA Lab, Kwai AI Platform WMG Data Science, University of Warwick",UNKNOWN,China | United Kingdom,medium,"Tsinghua University is located in China, and the University of Warwick is located in the United Kingdom.",no
CVPR-2020-A006460,Xudong Liu,"School of Software, BNRist, Tsinghua University Kwai Ads Platform; Microsoft Research Kwai Seattle AI Lab, Kwai FeDA Lab, Kwai AI Platform WMG Data Science, University of Warwick",UNKNOWN,China | United Kingdom,medium,"Tsinghua University is located in China, and the University of Warwick is located in the United Kingdom.",no
CVPR-2020-A006461,Zijia Lin,"School of Software, BNRist, Tsinghua University Kwai Ads Platform; Microsoft Research Kwai Seattle AI Lab, Kwai FeDA Lab, Kwai AI Platform WMG Data Science, University of Warwick",UNKNOWN,China | United Kingdom,medium,"Tsinghua University is located in China, and the University of Warwick is located in the United Kingdom.",no
CVPR-2020-A006462,Ji Liu,"School of Software, BNRist, Tsinghua University Kwai Ads Platform; Microsoft Research Kwai Seattle AI Lab, Kwai FeDA Lab, Kwai AI Platform WMG Data Science, University of Warwick",UNKNOWN,China | United Kingdom,medium,"Tsinghua University is located in China, and the University of Warwick is located in the United Kingdom.",no
CVPR-2020-A006463,Jungong Han,"School of Software, BNRist, Tsinghua University Kwai Ads Platform; Microsoft Research Kwai Seattle AI Lab, Kwai FeDA Lab, Kwai AI Platform WMG Data Science, University of Warwick",UNKNOWN,China | United Kingdom,medium,"Tsinghua University is located in China, and the University of Warwick is located in the United Kingdom.",no
CVPR-2020-A006470,Yurong You,The Ohio State University,UNKNOWN,United States,high,The Ohio State University is a well-known university located in the United States.,yes
CVPR-2020-A006471,Li Erran Li,Cornell University | Scale AI,UNKNOWN,United States,high,Cornell University is a well-known institution located in the United States.,yes
CVPR-2020-A006472,Bharath Hariharan,The Ohio State University,UNKNOWN,United States,high,The Ohio State University is a well-known university located in the United States.,yes
CVPR-2020-A006473,Mark Campbell,The Ohio State University,UNKNOWN,United States,high,The Ohio State University is a well-known university located in the United States.,yes
CVPR-2020-A006474,Kilian Q. Weinberger,The Ohio State University,UNKNOWN,United States,high,The Ohio State University is a well-known university located in the United States.,yes
CVPR-2020-A006475,Wei-Lun Chao,Columbia University,UNKNOWN,United States,high,Columbia University is a well-known institution located in the United States.,yes
CVPR-2020-A006476,Rongjie Liu,Rice University,UNKNOWN,United States,high,Rice University is a well-known university located in the United States.,yes
CVPR-2020-A006477,Meng Li,Rice University,UNKNOWN,United States,high,Rice University is a well-known university located in the United States.,yes
CVPR-2020-A006479,Ruohan Gao,The University of Texas at Austin | Facebook AI Research,UNKNOWN,United States,high,The University of Texas at Austin is a well-known institution located in the United States. Facebook AI Research is based in the United States as well.,yes
CVPR-2020-A006480,Tae-Hyun Oh,Facebook AI Research,UNKNOWN,United States,medium,"Facebook AI Research is based in the United States, but the conference (CVPR) is international and does not provide direct country information.",yes
CVPR-2020-A006481,Kristen Grauman,The University of Texas at Austin | Facebook AI Research,UNKNOWN,United States,high,The University of Texas at Austin is a well-known institution located in the United States. Facebook AI Research is based in the United States as well.,yes
CVPR-2020-A006482,Lorenzo Torresani,Facebook AI Research,UNKNOWN,United States,medium,"Facebook AI Research is based in the United States, but the conference (CVPR) is international and does not provide direct country information.",yes
CVPR-2020-A006483,Yihong Chen,"Center of Data Science, Peking University | Zhejiang Lab",UNKNOWN,China,high,Both Peking University and Zhejiang Lab are well-known institutions located in China.,yes
CVPR-2020-A006484,Yue Cao,Microsoft Research Asia,UNKNOWN,China,high,Microsoft Research Asia is a well-known research division based in China.,yes
CVPR-2020-A006485,Han Hu,Microsoft Research Asia,UNKNOWN,China,high,Microsoft Research Asia is a well-known research division based in China.,yes
CVPR-2020-A006486,Liwei Wang,"Center of Data Science, Peking University | Key Laboratory of Machine Perception, MOE, School of EECS, Peking University",UNKNOWN,China,high,Peking University is a well-known institution located in China.,yes
CVPR-2020-A006491,Han-Jia Ye,Nanjing University,UNKNOWN,China,high,"Nanjing University is a well-known university located in Nanjing, China.",yes
CVPR-2020-A006492,Su Lu,Nanjing University,UNKNOWN,China,high,"Nanjing University is a well-known university located in Nanjing, China.",yes
CVPR-2020-A006493,De-Chuan Zhan,Nanjing University,UNKNOWN,China,high,"Nanjing University is a well-known university located in Nanjing, China.",yes
CVPR-2020-A006499,Gilad Cohen,Tel Aviv University Tel Aviv,UNKNOWN,Israel,high,"Tel Aviv University is a well-known institution located in Tel Aviv, Israel.",yes
CVPR-2020-A006501,Raja Giryes,Tel Aviv University Tel Aviv,UNKNOWN,Israel,high,"Tel Aviv University is a well-known institution located in Tel Aviv, Israel.",yes
CVPR-2020-A006504,Chenye Guan,"Baidu Research | Inception Institute of Artiﬁcial Intelligence, UAE",UNKNOWN,United Arab Emirates | China,medium,"Baidu is a Chinese company, and Inception Institute of Artiﬁcial Intelligence, UAE is explicitly associated with the UAE.",yes
CVPR-2020-A006505,Dingfu Zhou,"Baidu Research | Inception Institute of Artiﬁcial Intelligence, UAE",UNKNOWN,United Arab Emirates | China,medium,"Baidu is a Chinese company, and Inception Institute of Artiﬁcial Intelligence, UAE is explicitly associated with the UAE.",yes
CVPR-2020-A006506,Ruigang Yang,"Baidu Research | Inception Institute of Artiﬁcial Intelligence, UAE",UNKNOWN,United Arab Emirates | China,medium,"Baidu is a Chinese company, and Inception Institute of Artiﬁcial Intelligence, UAE is explicitly associated with the UAE.",yes
CVPR-2020-A006507,Dan Guo,"Key Laboratory of Knowledge Engineering with Big Data, Hefei University of Technology | School of Computer Science and Information Engineering, Hefei University of Technology",UNKNOWN,China,high,"Hefei University of Technology is a well-known institution located in Hefei, China.",yes
CVPR-2020-A006508,Hui Wang,"Key Laboratory of Knowledge Engineering with Big Data, Hefei University of Technology | School of Computer Science and Information Engineering, Hefei University of Technology",UNKNOWN,China,high,"Hefei University of Technology is a well-known institution located in Hefei, China.",yes
CVPR-2020-A006509,Hanwang Zhang,Nanyang Technological University,UNKNOWN,Singapore,high,Nanyang Technological University is a well-known university located in Singapore.,yes
CVPR-2020-A006511,Meng Wang,"Key Laboratory of Knowledge Engineering with Big Data, Hefei University of Technology | School of Computer Science and Information Engineering, Hefei University of Technology",UNKNOWN,China,high,"Hefei University of Technology is a well-known institution located in Hefei, China.",yes
CVPR-2020-A006512,Dongkai Wang,Peking University,UNKNOWN,China,high,Peking University is a well-known institution located in China.,yes
CVPR-2020-A006513,Shiliang Zhang,Peking University,UNKNOWN,China,high,Peking University is a well-known institution located in China.,yes
CVPR-2020-A006514,Jianyuan Guo,"Key Lab of Machine Perception (MOE), Dept. of Machine Intelligence, Peking University. | Noah’s Ark Lab, Huawei Technologies.",UNKNOWN,China,high,Peking University and Huawei Technologies are well-known institutions based in China.,yes
CVPR-2020-A006515,Kai Han,"Noah’s Ark Lab, Huawei Technologies.",UNKNOWN,China | United States,medium,"Huawei Technologies is a well-known Chinese company, while Noah’s Ark Lab is associated with Huawei and located in the United States.",no
CVPR-2020-A006516,Yunhe Wang,"Noah’s Ark Lab, Huawei Technologies.",UNKNOWN,China | United States,medium,"Huawei Technologies is a well-known Chinese company, while Noah’s Ark Lab is associated with Huawei and located in the United States.",no
CVPR-2020-A006517,Chao Zhang,"Key Lab of Machine Perception (MOE), Dept. of Machine Intelligence, Peking University.",UNKNOWN,China,high,Peking University is a well-known institution located in China.,yes
CVPR-2020-A006518,Zhaohui Yang,"Key Lab of Machine Perception (MOE), Dept. of Machine Intelligence, Peking University.",UNKNOWN,China,high,Peking University is a well-known institution located in China.,yes
CVPR-2020-A006519,Han Wu,"Key Lab of Machine Perception (MOE), Dept. of Machine Intelligence, Peking University.",UNKNOWN,China,high,Peking University is a well-known institution located in China.,yes
CVPR-2020-A006520,Xinghao Chen,"Noah’s Ark Lab, Huawei Technologies.",UNKNOWN,China | United States,medium,"Huawei Technologies is a well-known Chinese company, while Noah’s Ark Lab is associated with Huawei and located in the United States.",no
CVPR-2020-A006521,Chang Xu,"School of Computer Science, Faculty of Engineering, University of Sydney.",UNKNOWN,Australia,high,"The institution is explicitly named as the University of Sydney, which is located in Australia.",yes
CVPR-2020-A006522,Yongzhi Li,"Center for Data Science, EECS, Wangxuan Institute of Computer Technology, Peking University",UNKNOWN,China,high,Peking University is a well-known institution located in China. The Wangxuan Institute of Computer Technology is also associated with Peking University and is based in China.,yes
CVPR-2020-A006523,Duo Zhang,"Center for Data Science, EECS, Wangxuan Institute of Computer Technology, Peking University",UNKNOWN,China,high,Peking University is a well-known institution located in China. The Wangxuan Institute of Computer Technology is also associated with Peking University and is based in China.,yes
CVPR-2020-A006524,Yadong Mu,"Center for Data Science, EECS, Wangxuan Institute of Computer Technology, Peking University",UNKNOWN,China,high,Peking University is a well-known institution located in China. The Wangxuan Institute of Computer Technology is also associated with Peking University and is based in China.,yes
CVPR-2020-A006530,Bo Yan,"Shanghai Key Laboratory of Intelligent Information Processing, School of Computer Science, Fudan University",UNKNOWN,China,high,"Fudan University is a well-known university located in Shanghai, China.",yes
CVPR-2020-A006531,Qing Lin,"Shanghai Key Laboratory of Intelligent Information Processing, School of Computer Science, Fudan University",UNKNOWN,China,high,"Fudan University is a well-known university located in Shanghai, China.",yes
CVPR-2020-A006532,Weimin Tan,"Shanghai Key Laboratory of Intelligent Information Processing, School of Computer Science, Fudan University",UNKNOWN,China,high,"Fudan University is a well-known university located in Shanghai, China.",yes
CVPR-2020-A006533,Shili Zhou,"Shanghai Key Laboratory of Intelligent Information Processing, School of Computer Science, Fudan University",UNKNOWN,China,high,"Fudan University is a well-known university located in Shanghai, China.",yes
CVPR-2020-A006534,Jingru Tan,Tongji University,UNKNOWN,China,high,Tongji University is a well-known university located in China.,yes
CVPR-2020-A006535,Changbao Wang,SenseTime Research,UNKNOWN,China,medium,"SenseTime is a well-known Chinese company, and its research is commonly associated with China.",yes
CVPR-2020-A006536,Buyu Li,The Chinese University of Hong Kong,UNKNOWN,China,high,The institution name explicitly includes 'China'.,yes
CVPR-2020-A006537,Quanquan Li,SenseTime Research,UNKNOWN,China,medium,"SenseTime is a well-known Chinese company, and its research is commonly associated with China.",yes
CVPR-2020-A006539,Changqing Yin,Tongji University,UNKNOWN,China,high,Tongji University is a well-known university located in China.,yes
CVPR-2020-A006540,Junjie Yan,SenseTime Research,UNKNOWN,China,medium,"SenseTime is a well-known Chinese company, and its research is commonly associated with China.",yes
CVPR-2020-A006549,Mete Kemertas,Samsung AI Centre Toronto,UNKNOWN,Canada,high,"The institution name includes 'Toronto', which is a major city in Canada.",yes
CVPR-2020-A006550,Leila Pishdad,Samsung AI Centre Toronto,UNKNOWN,Canada,high,"The institution name includes 'Toronto', which is a major city in Canada.",yes
CVPR-2020-A006551,Konstantinos G. Derpanis,Samsung AI Centre Toronto,UNKNOWN,Canada,high,"The institution name includes 'Toronto', which is a major city in Canada.",yes
CVPR-2020-A006552,Afsaneh Fazly,Samsung AI Centre Toronto,UNKNOWN,Canada,high,"The institution name includes 'Toronto', which is a major city in Canada.",yes
CVPR-2020-A006559,Trevor W. Richardson,"Rochester Data Science Consortium, University of Rochester",UNKNOWN,United States,high,The University of Rochester is a well-known institution located in the United States.,yes
CVPR-2020-A006560,Wencheng Wu,"Rochester Data Science Consortium, University of Rochester",UNKNOWN,United States,high,The University of Rochester is a well-known institution located in the United States.,yes
CVPR-2020-A006561,Lei Lin,"Rochester Data Science Consortium, University of Rochester",UNKNOWN,United States,high,The University of Rochester is a well-known institution located in the United States.,yes
CVPR-2020-A006562,Beilei Xu,"Rochester Data Science Consortium, University of Rochester",UNKNOWN,United States,high,The University of Rochester is a well-known institution located in the United States.,yes
CVPR-2020-A006563,Edgar A. Bernal,"Rochester Data Science Consortium, University of Rochester",UNKNOWN,United States,high,The University of Rochester is a well-known institution located in the United States.,yes
CVPR-2020-A006568,Xingyu Liu,Robotics at Google,UNKNOWN,United States,high,Google is a company based in the United States.,yes
CVPR-2020-A006575,Martin Sundermeyer,"German Aerospace Center (DLR), Technical University of Munich (TUM)",UNKNOWN,Germany,high,"Both institutions, German Aerospace Center (DLR) and Technical University of Munich (TUM), are well-known institutions located in Germany.",yes
CVPR-2020-A006576,Maximilian Durner,"German Aerospace Center (DLR), Technical University of Munich (TUM)",UNKNOWN,Germany,high,"Both institutions, German Aerospace Center (DLR) and Technical University of Munich (TUM), are well-known institutions located in Germany.",yes
CVPR-2020-A006577,En Yen Puang,"German Aerospace Center (DLR), Technical University of Munich (TUM)",UNKNOWN,Germany,high,"Both institutions, German Aerospace Center (DLR) and Technical University of Munich (TUM), are well-known institutions located in Germany.",yes
CVPR-2020-A006578,Zoltan-Csaba Marton,"German Aerospace Center (DLR), Technical University of Munich (TUM)",UNKNOWN,Germany,high,"Both institutions, German Aerospace Center (DLR) and Technical University of Munich (TUM), are well-known institutions located in Germany.",yes
CVPR-2020-A006579,Narunas Vaskevicius,"German Aerospace Center (DLR), Technical University of Munich (TUM)",UNKNOWN,Germany,high,"Both institutions, German Aerospace Center (DLR) and Technical University of Munich (TUM), are well-known institutions located in Germany.",yes
CVPR-2020-A006580,Kai O. Arras,"German Aerospace Center (DLR), Technical University of Munich (TUM)",UNKNOWN,Germany,high,"Both institutions, German Aerospace Center (DLR) and Technical University of Munich (TUM), are well-known institutions located in Germany.",yes
CVPR-2020-A006581,Rudolph Triebel,"German Aerospace Center (DLR), Technical University of Munich (TUM)",UNKNOWN,Germany,high,"Both institutions, German Aerospace Center (DLR) and Technical University of Munich (TUM), are well-known institutions located in Germany.",yes
CVPR-2020-A006582,Yikai Wang,"School of Data Science, Fudan University | Shanghai Key Lab of Intelligent Information Processing, Fudan University",UNKNOWN,China,high,Fudan University is a well-known institution located in China.,yes
CVPR-2020-A006583,Chengming Xu,"School of Data Science, Fudan University",UNKNOWN,China,high,Fudan University is a well-known university located in China.,yes
CVPR-2020-A006584,Chen Liu,"School of Data Science, Fudan University",UNKNOWN,China,high,Fudan University is a well-known university located in China.,yes
CVPR-2020-A006585,Li Zhang,"Department of Engineering Science, University of Oxford",UNKNOWN,United Kingdom,high,The University of Oxford is located in the United Kingdom.,yes
CVPR-2020-A006586,Yanwei Fu,"School of Data Science, Fudan University | MOE Frontiers Center for Brain Science, Fudan University | Shanghai Key Lab of Intelligent Information Processing, Fudan University",UNKNOWN,China,high,"Fudan University is a well-known university located in Shanghai, China. The presence of the Shanghai Key Lab of Intelligent Information Processing further confirms the location in China.",yes
CVPR-2020-A006598,Sen Deng,Nanjing University of Aeronautics and Astronautics | MIIT Key Laboratory of Pattern Analysis and Machine Intelligence,UNKNOWN,China,high,Nanjing University of Aeronautics and Astronautics is a well-known institution located in China.,yes
CVPR-2020-A006599,Mingqiang Wei,Nanjing University of Aeronautics and Astronautics | MIIT Key Laboratory of Pattern Analysis and Machine Intelligence,UNKNOWN,China,high,Nanjing University of Aeronautics and Astronautics is a well-known institution located in China.,yes
CVPR-2020-A006600,Jun Wang,Nanjing University of Aeronautics and Astronautics | MIIT Key Laboratory of Pattern Analysis and Machine Intelligence,UNKNOWN,China,high,Nanjing University of Aeronautics and Astronautics is a well-known institution located in China.,yes
CVPR-2020-A006601,Yidan Feng,Nanjing University of Aeronautics and Astronautics | MIIT Key Laboratory of Pattern Analysis and Machine Intelligence,UNKNOWN,China,high,Nanjing University of Aeronautics and Astronautics is a well-known institution located in China.,yes
CVPR-2020-A006602,Luming Liang,Microsoft Applied Sciences Group,UNKNOWN,United States,medium,"Microsoft is a well-known company headquartered in the United States, but the institution name alone does not explicitly state the country.",yes
CVPR-2020-A006603,Haoran Xie,Lingnan University,UNKNOWN,China | Hong Kong,medium,"Lingnan University is located in Hong Kong, which is a Special Administrative Region of China.",yes
CVPR-2020-A006604,Fu Lee Wang,The Open University of Hong Kong,UNKNOWN,Hong Kong,high,The institution name explicitly mentions 'Hong Kong'.,yes
CVPR-2020-A006605,Meng Wang,Hefei University of Technology,UNKNOWN,China,high,"Hefei University of Technology is a well-known institution located in Hefei, China.",yes
CVPR-2020-A006606,Xingjia Pan,"NLPR, Institute of Automation, CAS | School of Artificial Intelligence, UCAS",UNKNOWN,China,high,NLPR (National Laboratory of Pattern Recognition) and CAS (Chinese Academy of Sciences) are well-known institutions in China. UCAS (University of Chinese Academy of Sciences) is also based in China.,yes
CVPR-2020-A006607,Yuqiang Ren,"Youtu Lab, Tencent",UNKNOWN,China,high,"Tencent is a well-known Chinese technology company, and Youtu Lab is a subsidiary of Tencent focused on AI and computer vision research.",yes
CVPR-2020-A006608,Kekai Sheng,"Youtu Lab, Tencent",UNKNOWN,China,high,"Tencent is a well-known Chinese technology company, and Youtu Lab is a subsidiary of Tencent focused on AI and computer vision research.",yes
CVPR-2020-A006609,Weiming Dong,"NLPR, Institute of Automation, CAS | School of Artificial Intelligence, UCAS | CASIA-LLVision Joint Lab",UNKNOWN,China,high,"Institutions such as Institute of Automation, CAS (Chinese Academy of Sciences), UCAS (University of Chinese Academy of Sciences), and CASIA (Chinese Academy of Sciences Automation Institute) are all based in China.",yes
CVPR-2020-A006610,Haolei Yuan,"Youtu Lab, Tencent",UNKNOWN,China,high,"Tencent is a well-known Chinese technology company, and Youtu Lab is a subsidiary of Tencent focused on AI and computer vision research.",yes
CVPR-2020-A006611,Xiaowei Guo,"Youtu Lab, Tencent",UNKNOWN,China,high,"Tencent is a well-known Chinese technology company, and Youtu Lab is a subsidiary of Tencent focused on AI and computer vision research.",yes
CVPR-2020-A006613,Changsheng Xu,"NLPR, Institute of Automation, CAS | School of Artificial Intelligence, UCAS | CASIA-LLVision Joint Lab",UNKNOWN,China,high,"Institutions such as Institute of Automation, CAS (Chinese Academy of Sciences), UCAS (University of Chinese Academy of Sciences), and CASIA (Chinese Academy of Sciences Automation Institute) are all based in China.",yes
CVPR-2020-A006631,Sivabalan Manivasagam,Uber Advanced Technologies Group University of Toronto Massachusetts Institute of Techonology,UNKNOWN,Canada | United States,high,Uber Advanced Technologies Group is based in the United States. The University of Toronto is in Canada. The Massachusetts Institute of Technology is in the United States.,yes
CVPR-2020-A006632,Shenlong Wang,Uber Advanced Technologies Group University of Toronto Massachusetts Institute of Techonology,UNKNOWN,Canada | United States,high,Uber Advanced Technologies Group is based in the United States. The University of Toronto is in Canada. The Massachusetts Institute of Technology is in the United States.,yes
CVPR-2020-A006633,Kelvin Wong,Uber Advanced Technologies Group University of Toronto Massachusetts Institute of Techonology,UNKNOWN,Canada | United States,high,Uber Advanced Technologies Group is based in the United States. The University of Toronto is in Canada. The Massachusetts Institute of Technology is in the United States.,yes
CVPR-2020-A006634,Wenyuan Zeng,Uber Advanced Technologies Group University of Toronto Massachusetts Institute of Techonology,UNKNOWN,Canada | United States,high,Uber Advanced Technologies Group is based in the United States. The University of Toronto is in Canada. The Massachusetts Institute of Technology is in the United States.,yes
CVPR-2020-A006635,Mikita Sazanovich,Uber Advanced Technologies Group University of Toronto Massachusetts Institute of Techonology,UNKNOWN,Canada | United States,high,Uber Advanced Technologies Group is based in the United States. The University of Toronto is in Canada. The Massachusetts Institute of Technology is in the United States.,yes
CVPR-2020-A006636,Shuhan Tan,Uber Advanced Technologies Group University of Toronto Massachusetts Institute of Techonology,UNKNOWN,Canada | United States,high,Uber Advanced Technologies Group is based in the United States. The University of Toronto is in Canada. The Massachusetts Institute of Technology is in the United States.,yes
CVPR-2020-A006637,Bin Yang,Uber Advanced Technologies Group University of Toronto Massachusetts Institute of Techonology,UNKNOWN,Canada | United States,high,Uber Advanced Technologies Group is based in the United States. The University of Toronto is in Canada. The Massachusetts Institute of Technology is in the United States.,yes
CVPR-2020-A006638,Wei-Chiu Ma,Uber Advanced Technologies Group University of Toronto Massachusetts Institute of Techonology,UNKNOWN,Canada | United States,high,Uber Advanced Technologies Group is based in the United States. The University of Toronto is in Canada. The Massachusetts Institute of Technology is in the United States.,yes
CVPR-2020-A006639,Raquel Urtasun,Uber Advanced Technologies Group University of Toronto Massachusetts Institute of Techonology,UNKNOWN,Canada | United States,high,Uber Advanced Technologies Group is based in the United States. The University of Toronto is in Canada. The Massachusetts Institute of Technology is in the United States.,yes
CVPR-2020-A006640,Debidatta Dwibedi,Google Research DeepMind,UNKNOWN,United Kingdom,high,DeepMind is a subsidiary of Alphabet Inc. (Google) and is based in the United Kingdom.,yes
CVPR-2020-A006641,Yusuf Aytar,Google Research DeepMind,UNKNOWN,United Kingdom,high,DeepMind is a subsidiary of Alphabet Inc. (Google) and is based in the United Kingdom.,yes
CVPR-2020-A006642,Jonathan Tompson,Google Research DeepMind,UNKNOWN,United Kingdom,high,DeepMind is a subsidiary of Alphabet Inc. (Google) and is based in the United Kingdom.,yes
CVPR-2020-A006643,Pierre Sermanet,Google Research DeepMind,UNKNOWN,United Kingdom,high,DeepMind is a subsidiary of Alphabet Inc. (Google) and is based in the United Kingdom.,yes
CVPR-2020-A006644,Andrew Zisserman,Google Research DeepMind,UNKNOWN,United Kingdom,high,DeepMind is a subsidiary of Alphabet Inc. (Google) and is based in the United Kingdom.,yes
CVPR-2020-A006647,Song-Chun Zhu,"Department of Statistics, University of California, Los Angeles, California",UNKNOWN,United States,high,"The institution is explicitly named as the University of California, Los Angeles, which is located in the United States.",yes
CVPR-2020-A006648,Ying Nian Wu,"Department of Statistics, University of California, Los Angeles, California",UNKNOWN,United States,high,"The institution is explicitly named as the University of California, Los Angeles, which is located in the United States.",yes
CVPR-2020-A006671,Jiteng Mu,Johns Hopkins University,UNKNOWN,United States,high,Johns Hopkins University is a well-known university located in the United States.,yes
CVPR-2020-A006672,Weichao Qiu,Johns Hopkins University,UNKNOWN,United States,high,Johns Hopkins University is a well-known university located in the United States.,yes
CVPR-2020-A006673,Gregory D. Hager,Johns Hopkins University,UNKNOWN,United States,high,Johns Hopkins University is a well-known university located in the United States.,yes
CVPR-2020-A006674,Alan L. Yuille,Johns Hopkins University,UNKNOWN,United States,high,Johns Hopkins University is a well-known university located in the United States.,yes
CVPR-2020-A006678,Hui Miao,"State Key Laboratory of Virtual Reality Technology and Systems, Beihang University",UNKNOWN,China,high,Beihang University is a well-known university located in China.,yes
CVPR-2020-A006695,Jiebo Luo,University of Rochester,UNKNOWN,United States,high,The University of Rochester is a well-known institution located in the United States.,yes
CVPR-2020-A006704,Bing Li,"National Laboratory of Pattern Recognition, CASIA | PeopleAI, Inc. | State Key Laboratory of Communication Content Cognition, People’s Daily Online",UNKNOWN,China,high,"The institutions listed (National Laboratory of Pattern Recognition, CASIA, State Key Laboratory of Communication Content Cognition, People’s Daily Online) are all based in China. PeopleAI, Inc. is also a Chinese company.",yes
CVPR-2020-A006708,Yuwei Zhang,"Department of Computer Science and Technology, Tsinghua University",UNKNOWN,China,high,Tsinghua University is a well-known institution located in China.,yes
CVPR-2020-A006709,Peng Zhang,"Department of Computer Science and Technology, Tsinghua University",UNKNOWN,China,high,Tsinghua University is a well-known institution located in China.,yes
CVPR-2020-A006710,Chun Yuan,Tsinghua Shenzhen International Graduate School | Peng Cheng Laboratory,UNKNOWN,China,high,Tsinghua Shenzhen International Graduate School and Peng Cheng Laboratory are both based in China.,yes
CVPR-2020-A006711,Zhi Wang,Tsinghua Shenzhen International Graduate School | Peng Cheng Laboratory,UNKNOWN,China,high,Tsinghua Shenzhen International Graduate School and Peng Cheng Laboratory are both based in China.,yes
CVPR-2020-A006719,Sara Beery,California Institute of Technology* Google,UNKNOWN,United States,high,California Institute of Technology is a well-known institution located in the United States.,yes
CVPR-2020-A006720,Guanhang Wu,California Institute of Technology* Google,UNKNOWN,United States,high,California Institute of Technology is a well-known institution located in the United States.,yes
CVPR-2020-A006721,Vivek Rathod,California Institute of Technology* Google,UNKNOWN,United States,high,California Institute of Technology is a well-known institution located in the United States.,yes
CVPR-2020-A006722,Ronny Votel,California Institute of Technology* Google,UNKNOWN,United States,high,California Institute of Technology is a well-known institution located in the United States.,yes
CVPR-2020-A006723,Jonathan Huang,California Institute of Technology* Google,UNKNOWN,United States,high,California Institute of Technology is a well-known institution located in the United States.,yes
CVPR-2020-A006724,Jialian Wu,State University of New York at Buffalo,UNKNOWN,United States,high,The institution name 'State University of New York at Buffalo' is a well-known university located in the United States.,yes
CVPR-2020-A006725,Chunluan Zhou,Wormpex AI Research,UNKNOWN,UNKNOWN,low,The institution name 'Wormpex AI Research' does not provide clear evidence of the country it belongs to.,no
CVPR-2020-A006726,Ming Yang,"Horizon Robotics, Inc.",UNKNOWN,China,medium,"Horizon Robotics, Inc. is a well-known Chinese company specializing in AI and robotics.",yes
CVPR-2020-A006727,Qian Zhang,"Horizon Robotics, Inc.",UNKNOWN,China,medium,"Horizon Robotics, Inc. is a well-known Chinese company specializing in AI and robotics.",yes
CVPR-2020-A006728,Yuan Li,"Horizon Robotics, Inc.",UNKNOWN,China,medium,"Horizon Robotics, Inc. is a well-known Chinese company specializing in AI and robotics.",yes
CVPR-2020-A006729,Junsong Yuan,State University of New York at Buffalo,UNKNOWN,United States,high,The institution name 'State University of New York at Buffalo' is a well-known university located in the United States.,yes
CVPR-2020-A006730,Xin Huang,Waseda University,UNKNOWN,Japan,high,"Waseda University is a well-known university located in Tokyo, Japan.",yes
CVPR-2020-A006731,Zheng Ge,Waseda University,UNKNOWN,Japan,high,"Waseda University is a well-known university located in Tokyo, Japan.",yes
CVPR-2020-A006732,Zequn Jie,Tencent AI Lab,UNKNOWN,China,high,"Tencent is a well-known Chinese technology company, and its AI Lab is based in China.",yes
CVPR-2020-A006733,Osamu Yoshie,Waseda University,UNKNOWN,Japan,high,"Waseda University is a well-known university located in Tokyo, Japan.",yes
CVPR-2020-A006734,Chenyun Wu,University of Massachusetts Amherst,UNKNOWN,United States,high,University of Massachusetts Amherst is a well-known university located in the United States.,yes
CVPR-2020-A006735,Zhe Lin,Adobe Research,UNKNOWN,United States,medium,"Adobe Research is a well-known research division based in the United States, though it may have international collaborations.",yes
CVPR-2020-A006736,Scott Cohen,Adobe Research,UNKNOWN,United States,medium,"Adobe Research is a well-known research division based in the United States, though it may have international collaborations.",yes
CVPR-2020-A006737,Trung Bui,Adobe Research,UNKNOWN,United States,medium,"Adobe Research is a well-known research division based in the United States, though it may have international collaborations.",yes
CVPR-2020-A006738,Subhransu Maji,University of Massachusetts Amherst,UNKNOWN,United States,high,University of Massachusetts Amherst is a well-known university located in the United States.,yes
CVPR-2020-A006739,Thibaut Durand,Simon Fraser University,UNKNOWN,Canada,high,Simon Fraser University is a well-known university located in Canada.,yes
CVPR-2020-A006740,Yuqi Yang,Microsoft Research Asia,UNKNOWN,China,high,Microsoft Research Asia is a well-known research division based in China.,yes
CVPR-2020-A006741,Shilin Liu,Microsoft Research Asia,UNKNOWN,China,high,Microsoft Research Asia is a well-known research division based in China.,yes
CVPR-2020-A006742,Hao Pan,Microsoft Research Asia,UNKNOWN,China,high,Microsoft Research Asia is a well-known research division based in China.,yes
CVPR-2020-A006743,Yang Liu,Microsoft Research Asia,UNKNOWN,China,high,Microsoft Research Asia is a well-known research division based in China.,yes
CVPR-2020-A006744,Xin Tong,Microsoft Research Asia,UNKNOWN,China,high,Microsoft Research Asia is a well-known research division based in China.,yes
CVPR-2020-A006745,Nina Miolane,Stanford University,UNKNOWN,United States,high,Stanford University is located in the United States.,yes
CVPR-2020-A006746,Susan Holmes,Stanford University,UNKNOWN,United States,high,Stanford University is located in the United States.,yes
CVPR-2020-A006747,Eshed Ohn-Bar,"Max Planck Institute for Intelligent Systems, Tübingen | Boston University",UNKNOWN,Germany | United States,high,"Max Planck Institute for Intelligent Systems is based in Germany, and Boston University is based in the United States.",yes
CVPR-2020-A006748,Aditya Prakash,"Max Planck Institute for Intelligent Systems, Tübingen",UNKNOWN,Germany,high,"The Max Planck Institute for Intelligent Systems is located in Tübingen, Germany.",yes
CVPR-2020-A006749,Aseem Behl,"Max Planck Institute for Intelligent Systems, Tübingen | University of Tübingen",UNKNOWN,Germany,high,"The institution names 'Max Planck Institute for Intelligent Systems, Tübingen' and 'University of Tübingen' are well-known institutions located in Germany.",yes
CVPR-2020-A006750,Kashyap Chitta,"Max Planck Institute for Intelligent Systems, Tübingen | University of Tübingen",UNKNOWN,Germany,high,"The institution names 'Max Planck Institute for Intelligent Systems, Tübingen' and 'University of Tübingen' are well-known institutions located in Germany.",yes
CVPR-2020-A006751,Andreas Geiger,"Max Planck Institute for Intelligent Systems, Tübingen | University of Tübingen",UNKNOWN,Germany,high,"The institution names 'Max Planck Institute for Intelligent Systems, Tübingen' and 'University of Tübingen' are well-known institutions located in Germany.",yes
CVPR-2020-A006752,Shang Gao,Dalian University of Technology,UNKNOWN,China,high,"Dalian University of Technology is a well-known institution located in Dalian, China.",yes
CVPR-2020-A006753,Jingya Wang,"UBTECH Sydney AI Center, The University of Sydney",UNKNOWN,Australia,high,"The University of Sydney is a well-known institution located in Sydney, Australia.",yes
CVPR-2020-A006754,Huchuan Lu,Dalian University of Technology | Pengcheng Lab,UNKNOWN,China,high,"Dalian University of Technology is a well-known institution located in Dalian, China. Pengcheng Lab is also associated with Chinese research institutions.",yes
CVPR-2020-A006755,Zimo Liu,Dalian University of Technology,UNKNOWN,China,high,"Dalian University of Technology is a well-known institution located in Dalian, China.",yes
CVPR-2020-A006756,Qiushan Guo,Beijing University of Posts and Telecommunications,UNKNOWN,China,high,Beijing University of Posts and Telecommunications is a well-known institution located in China.,yes
CVPR-2020-A006761,Xiaolin Hu,Tsinghua University,UNKNOWN,China,high,Tsinghua University is a well-known institution located in China.,yes
CVPR-2020-A006762,Ping Luo,The University of Hong Kong,UNKNOWN,Hong Kong,high,The University of Hong Kong is a well-known institution located in Hong Kong.,yes
CVPR-2020-A006768,Abduallah Mohamed,The University of Texas at Austin,UNKNOWN,United States,high,The University of Texas at Austin is a well-known institution located in the United States.,yes
CVPR-2020-A006769,Kun Qian,The University of Texas at Austin,UNKNOWN,United States,high,The University of Texas at Austin is a well-known institution located in the United States.,yes
CVPR-2020-A006770,Mohamed Elhoseiny,KAUST | Stanford University,UNKNOWN,Saudi Arabia | United States,high,"KAUST is located in Saudi Arabia, and Stanford University is located in the United States.",yes
CVPR-2020-A006771,Christian Claudel,The University of Texas at Austin,UNKNOWN,United States,high,The University of Texas at Austin is a well-known institution located in the United States.,yes
CVPR-2020-A006778,Xi Zhang,Shanghai Jiao Tong University1 McMaster University2 Shandong University3 Tencent4,UNKNOWN,China | Canada | United States,medium,Shanghai Jiao Tong University and Shandong University are in China. McMaster University is in Canada. Tencent is based in China but has global operations.,no
CVPR-2020-A006779,Xiaolin Wu,Shanghai Jiao Tong University1 McMaster University2 Shandong University3 Tencent4,UNKNOWN,China | Canada | United States,medium,Shanghai Jiao Tong University and Shandong University are in China. McMaster University is in Canada. Tencent is based in China but has global operations.,no
CVPR-2020-A006780,Xinliang Zhai,Shanghai Jiao Tong University1 McMaster University2 Shandong University3 Tencent4,UNKNOWN,China | Canada | United States,medium,Shanghai Jiao Tong University and Shandong University are in China. McMaster University is in Canada. Tencent is based in China but has global operations.,no
CVPR-2020-A006781,Xianye Ben,Shanghai Jiao Tong University1 McMaster University2 Shandong University3 Tencent4,UNKNOWN,China | Canada | United States,medium,Shanghai Jiao Tong University and Shandong University are in China. McMaster University is in Canada. Tencent is based in China but has global operations.,no
CVPR-2020-A006782,Chengjie Tu,Shanghai Jiao Tong University1 McMaster University2 Shandong University3 Tencent4,UNKNOWN,China | Canada | United States,medium,Shanghai Jiao Tong University and Shandong University are in China. McMaster University is in Canada. Tencent is based in China but has global operations.,no
CVPR-2020-A006785,Si Liu,"School of Computer Science and Engineering, Beihang University",UNKNOWN,China,high,Beihang University is a well-known university located in China.,yes
CVPR-2020-A006786,Guanbin Li,Sun Yat-sen University,UNKNOWN,China,high,Sun Yat-sen University is a well-known institution located in China.,yes
CVPR-2020-A006787,Yunchao Wei,University of Technology Sydney,UNKNOWN,Australia,high,"The University of Technology Sydney is a well-known institution located in Sydney, Australia.",yes
CVPR-2020-A006790,Bo Li,"School of Computer Science and Engineering, Beihang University",UNKNOWN,China,high,Beihang University is a well-known university located in China.,yes
CVPR-2020-A006793,Kaichun Mo,Stanford University,UNKNOWN,United States,high,Stanford University is located in the United States.,yes
CVPR-2020-A006798,Hanxiao Jiang,Simon Fraser University,UNKNOWN,Canada,high,Simon Fraser University is a well-known university located in Canada.,yes
CVPR-2020-A006800,He Wang,Stanford University,UNKNOWN,United States,high,Stanford University is located in the United States.,yes
CVPR-2020-A006801,Li Yi,Google Research,UNKNOWN,United States,medium,"Google Research is primarily based in the United States, though it has offices in other countries.",no
CVPR-2020-A006802,Angel X. Chang,Simon Fraser University,UNKNOWN,Canada,high,Simon Fraser University is a well-known university located in Canada.,yes
CVPR-2020-A006805,Charles-Olivier Dufresne Camaro,University of Toronto,UNKNOWN,Canada,high,The University of Toronto is a well-known institution located in Canada.,yes
CVPR-2020-A006806,Morteza Rezanejad,"School of Computer Science and Centre for Intelligent Machines, McGill University",UNKNOWN,Canada,high,"McGill University is a well-known institution located in Montreal, Canada.",yes
CVPR-2020-A006807,Stavros Tsogkas,University of Toronto | Samsung Toronto AI Research Center,UNKNOWN,Canada,high,"The University of Toronto is a well-known institution located in Toronto, Canada. The Samsung Toronto AI Research Center also operates in Toronto, Canada.",yes
CVPR-2020-A006808,Kaleem Siddiqi,"School of Computer Science and Centre for Intelligent Machines, McGill University",UNKNOWN,Canada,high,"McGill University is a well-known institution located in Montreal, Canada.",yes
CVPR-2020-A006809,Sven Dickinson,University of Toronto | Samsung Toronto AI Research Center | Vector Institute for Artificial Intelligence,UNKNOWN,Canada,high,"The institutions listed (University of Toronto, Samsung Toronto AI Research Center, Vector Institute for Artificial Intelligence) are all based in Toronto, Canada.",yes
CVPR-2020-A006810,Zhongjie Yu,University of Wisconsin-Madison Futurewei Technologies University of Rochester,UNKNOWN,United States | China,medium,"University of Wisconsin-Madison and University of Rochester are U.S. institutions, while Futurewei Technologies is a Chinese company.",yes
CVPR-2020-A006811,Lin Chen,University of Wisconsin-Madison Futurewei Technologies University of Rochester,UNKNOWN,United States | China,medium,"University of Wisconsin-Madison and University of Rochester are U.S. institutions, while Futurewei Technologies is a Chinese company.",yes
CVPR-2020-A006812,Zhongwei Cheng,University of Wisconsin-Madison Futurewei Technologies University of Rochester,UNKNOWN,United States | China,medium,"University of Wisconsin-Madison and University of Rochester are U.S. institutions, while Futurewei Technologies is a Chinese company.",yes
CVPR-2020-A006813,Jiebo Luo,University of Wisconsin-Madison Futurewei Technologies University of Rochester,UNKNOWN,United States | China,medium,"University of Wisconsin-Madison and University of Rochester are U.S. institutions, while Futurewei Technologies is a Chinese company.",yes
CVPR-2020-A006814,Kaiyue Pang,"SketchX, CVSSP, University of Surrey | Queen Mary University of London",UNKNOWN,United Kingdom,high,Both Queen Mary University of London and the University of Surrey are well-known institutions located in the United Kingdom.,yes
CVPR-2020-A006815,Yongxin Yang,"SketchX, CVSSP, University of Surrey",UNKNOWN,United Kingdom,high,The University of Surrey is located in the United Kingdom.,yes
CVPR-2020-A006816,Timothy M. Hospedales,"SketchX, CVSSP, University of Surrey | The University of Edinburgh",UNKNOWN,United Kingdom,high,Both the University of Surrey and The University of Edinburgh are well-known institutions located in the United Kingdom.,yes
CVPR-2020-A006817,Tao Xiang,"SketchX, CVSSP, University of Surrey",UNKNOWN,United Kingdom,high,The University of Surrey is located in the United Kingdom.,yes
CVPR-2020-A006818,Yi-Zhe Song,"SketchX, CVSSP, University of Surrey",UNKNOWN,United Kingdom,high,The University of Surrey is located in the United Kingdom.,yes
CVPR-2020-A006826,Yue Liao,"School of Computer Science and Engineering, Beihang University | SenseTime Research",UNKNOWN,China,high,"Beihang University is a well-known institution located in China. SenseTime is a Chinese artificial intelligence company, further supporting the inference of China as the country.",yes
CVPR-2020-A006827,Si Liu,"School of Computer Science and Engineering, Beihang University",UNKNOWN,China,high,Beihang University is a well-known university located in China.,yes
CVPR-2020-A006828,Guanbin Li,Sun Yat-sen University,UNKNOWN,China,high,Sun Yat-sen University is a well-known institution located in China.,yes
CVPR-2020-A006829,Fei Wang,SenseTime Research,UNKNOWN,China,medium,"SenseTime is a well-known Chinese company, and its research is commonly associated with China.",yes
CVPR-2020-A006830,Yanjie Chen,SenseTime Research,UNKNOWN,China,medium,"SenseTime is a well-known Chinese company, and its research is commonly associated with China.",yes
CVPR-2020-A006831,Chen Qian,SenseTime Research,UNKNOWN,China,medium,"SenseTime is a well-known Chinese company, and its research is commonly associated with China.",yes
CVPR-2020-A006832,Bo Li,"School of Computer Science and Engineering, Beihang University",UNKNOWN,China,high,Beihang University is a well-known university located in China.,yes
CVPR-2020-A006837,Marvin Eisenberger,Technical University of Munich,UNKNOWN,Germany,high,Technical University of Munich is a well-known institution located in Germany.,yes
CVPR-2020-A006838,Zorah Lahner,Technical University of Munich,UNKNOWN,Germany,high,Technical University of Munich is a well-known institution located in Germany.,yes
CVPR-2020-A006839,Daniel Cremers,Technical University of Munich,UNKNOWN,Germany,high,Technical University of Munich is a well-known institution located in Germany.,yes
CVPR-2020-A006840,Ming Liang,Uber Advanced Technologies Group University of Toronto,UNKNOWN,Canada,high,University of Toronto is a well-known institution located in Canada.,yes
CVPR-2020-A006841,Bin Yang,Uber Advanced Technologies Group University of Toronto,UNKNOWN,Canada,high,University of Toronto is a well-known institution located in Canada.,yes
CVPR-2020-A006842,Wenyuan Zeng,Uber Advanced Technologies Group University of Toronto,UNKNOWN,Canada,high,University of Toronto is a well-known institution located in Canada.,yes
CVPR-2020-A006843,Yun Chen,Uber Advanced Technologies Group University of Toronto,UNKNOWN,Canada,high,University of Toronto is a well-known institution located in Canada.,yes
CVPR-2020-A006844,Rui Hu,Uber Advanced Technologies Group University of Toronto,UNKNOWN,Canada,high,University of Toronto is a well-known institution located in Canada.,yes
CVPR-2020-A006845,Sergio Casas,Uber Advanced Technologies Group University of Toronto,UNKNOWN,Canada,high,University of Toronto is a well-known institution located in Canada.,yes
CVPR-2020-A006846,Raquel Urtasun,Uber Advanced Technologies Group University of Toronto,UNKNOWN,Canada,high,University of Toronto is a well-known institution located in Canada.,yes
CVPR-2020-A006847,Ruimao Zhang,SenseTime Research,UNKNOWN,China,medium,"SenseTime is a well-known Chinese company, and its research is commonly associated with China.",yes
CVPR-2020-A006848,Zhanglin Peng,SenseTime Research,UNKNOWN,China,medium,"SenseTime is a well-known Chinese company, and its research is commonly associated with China.",yes
CVPR-2020-A006849,Lingyun Wu,SenseTime Research,UNKNOWN,China,medium,"SenseTime is a well-known Chinese company, and its research is commonly associated with China.",yes
CVPR-2020-A006850,Zhen Li,The Chinese University of Hong Kong (Shenzhen) | Shenzhen Research Institute of Big Data,UNKNOWN,China,high,"The institution name explicitly includes 'Chinese University of Hong Kong (Shenzhen)' and 'Shenzhen Research Institute of Big Data', both of which are located in Shenzhen, China.",yes
CVPR-2020-A006851,Ping Luo,The University of Hong Kong,UNKNOWN,Hong Kong,high,The University of Hong Kong is a well-known institution located in Hong Kong.,yes
CVPR-2020-A006852,Sibei Yang,The University of Hong Kong,UNKNOWN,Hong Kong,high,The University of Hong Kong is a well-known institution located in Hong Kong.,yes
CVPR-2020-A006853,Guanbin Li,Sun Yat-sen University,UNKNOWN,China,high,Sun Yat-sen University is a well-known institution located in China.,yes
CVPR-2020-A006854,Yizhou Yu,The University of Hong Kong | Deepwise AI Lab,UNKNOWN,Hong Kong | China,medium,"The University of Hong Kong is located in Hong Kong, which is a Special Administrative Region of China.",yes
CVPR-2020-A006859,Lu Jiang,Google Research,UNKNOWN,United States,medium,"Google Research is primarily based in the United States, though it has offices in other countries.",no
CVPR-2020-A006860,Kevin Murphy,Google Research,UNKNOWN,United States,medium,"Google Research is primarily based in the United States, though it has offices in other countries.",no
CVPR-2020-A006861,Ting Yu,Google Cloud AI,UNKNOWN,United States,high,"Google Cloud AI is a division of Google, which is based in the United States.",yes
CVPR-2020-A006863,Enze Xie,The University of Hong Kong | Sensetime Group Ltd,UNKNOWN,Hong Kong | China,medium,"The University of Hong Kong is located in Hong Kong, which is a Special Administrative Region of China. Sensetime Group Ltd is a Chinese company. However, Hong Kong is a separate region with its own legal and administrative system.",no
CVPR-2020-A006864,Peize Sun,Xi’an Jiaotong University,UNKNOWN,China,high,"Xi’an Jiaotong University is a well-known university located in Xi’an, China.",yes
CVPR-2020-A006865,Xiaoge Song,Nanjing University,UNKNOWN,China,high,"Nanjing University is a well-known university located in Nanjing, China.",yes
CVPR-2020-A006866,Wenhai Wang,Nanjing University,UNKNOWN,China,high,"Nanjing University is a well-known university located in Nanjing, China.",yes
CVPR-2020-A006870,Ping Luo,The University of Hong Kong,UNKNOWN,Hong Kong,high,The University of Hong Kong is a well-known institution located in Hong Kong.,yes
CVPR-2020-A006872,Chunyuan Li,"Microsoft Research, Redmond",UNKNOWN,United States,high,"Microsoft Research, Redmond is a well-known research lab located in Redmond, Washington, United States.",yes
CVPR-2020-A006873,Xiujun Li,"Microsoft Research, Redmond",UNKNOWN,United States,high,"Microsoft Research, Redmond is a well-known research lab located in Redmond, Washington, United States.",yes
CVPR-2020-A006875,Jianfeng Gao,"Microsoft Research, Redmond",UNKNOWN,United States,high,"Microsoft Research, Redmond is a well-known research lab located in Redmond, Washington, United States.",yes
CVPR-2020-A006886,Zhuo Chen,"Shenzhen International Graduate School, Tsinghua University | UBTECH Sydney AI Centre, School of Computer Science, Faculty of Engineering",UNKNOWN,China | Australia,high,"Shenzhen International Graduate School, Tsinghua University is located in China, and UBTECH Sydney AI Centre is located in Australia.",yes
CVPR-2020-A006887,Chaoyue Wang,"UBTECH Sydney AI Centre, School of Computer Science, Faculty of Engineering",UNKNOWN,Australia,high,"The institution name includes 'Sydney', which is a major city in Australia.",yes
CVPR-2020-A006888,Bo Yuan,"Shenzhen International Graduate School, Tsinghua University",UNKNOWN,China,high,"Tsinghua University is a well-known university in China, and Shenzhen International Graduate School is a branch of Tsinghua University located in Shenzhen, China.",yes
CVPR-2020-A006889,Dacheng Tao,"UBTECH Sydney AI Centre, School of Computer Science, Faculty of Engineering",UNKNOWN,Australia,high,"The institution name includes 'Sydney', which is a major city in Australia.",yes
CVPR-2020-A006890,Juan Leon Alcazar,"Universidad de los Andes, Adobe Research, King Abdullah University of Science and Technology (KAUST)",UNKNOWN,Colombia | United States | Saudi Arabia,high,"Universidad de los Andes is in Colombia, Adobe Research is based in the United States, and King Abdullah University of Science and Technology (KAUST) is located in Saudi Arabia.",yes
CVPR-2020-A006891,Fabian Caba,"Universidad de los Andes, Adobe Research, King Abdullah University of Science and Technology (KAUST)",UNKNOWN,Colombia | United States | Saudi Arabia,high,"Universidad de los Andes is in Colombia, Adobe Research is based in the United States, and King Abdullah University of Science and Technology (KAUST) is located in Saudi Arabia.",yes
CVPR-2020-A006892,Long Mai,"Universidad de los Andes, Adobe Research, King Abdullah University of Science and Technology (KAUST)",UNKNOWN,Colombia | United States | Saudi Arabia,high,"Universidad de los Andes is in Colombia, Adobe Research is based in the United States, and King Abdullah University of Science and Technology (KAUST) is located in Saudi Arabia.",yes
CVPR-2020-A006893,Federico Perazzi,"Universidad de los Andes, Adobe Research, King Abdullah University of Science and Technology (KAUST)",UNKNOWN,Colombia | United States | Saudi Arabia,high,"Universidad de los Andes is in Colombia, Adobe Research is based in the United States, and King Abdullah University of Science and Technology (KAUST) is located in Saudi Arabia.",yes
CVPR-2020-A006894,Joon-Young Lee,"Universidad de los Andes, Adobe Research, King Abdullah University of Science and Technology (KAUST)",UNKNOWN,Colombia | United States | Saudi Arabia,high,"Universidad de los Andes is in Colombia, Adobe Research is based in the United States, and King Abdullah University of Science and Technology (KAUST) is located in Saudi Arabia.",yes
CVPR-2020-A006895,Pablo Arbelaez,"Universidad de los Andes, Adobe Research, King Abdullah University of Science and Technology (KAUST)",UNKNOWN,Colombia | United States | Saudi Arabia,high,"Universidad de los Andes is in Colombia, Adobe Research is based in the United States, and King Abdullah University of Science and Technology (KAUST) is located in Saudi Arabia.",yes
CVPR-2020-A006896,Bernard Ghanem,"Universidad de los Andes, Adobe Research, King Abdullah University of Science and Technology (KAUST)",UNKNOWN,Colombia | United States | Saudi Arabia,high,"Universidad de los Andes is in Colombia, Adobe Research is based in the United States, and King Abdullah University of Science and Technology (KAUST) is located in Saudi Arabia.",yes
CVPR-2020-A006897,Zetong Yang,The Chinese University of Hong Kong Hong Kong University of Science and Technology,UNKNOWN,China,high,"The institution names explicitly mention 'Chinese University of Hong Kong' and 'Hong Kong University of Science and Technology', which are located in Hong Kong, a Special Administrative Region of China.",yes
CVPR-2020-A006898,Yanan Sun,The Chinese University of Hong Kong Hong Kong University of Science and Technology,UNKNOWN,China,high,"The institution names explicitly mention 'Chinese University of Hong Kong' and 'Hong Kong University of Science and Technology', which are located in Hong Kong, a Special Administrative Region of China.",yes
CVPR-2020-A006899,Shu Liu,The Chinese University of Hong Kong Hong Kong University of Science and Technology,UNKNOWN,China,high,"The institution names explicitly mention 'Chinese University of Hong Kong' and 'Hong Kong University of Science and Technology', which are located in Hong Kong, a Special Administrative Region of China.",yes
CVPR-2020-A006900,Jiaya Jia,The Chinese University of Hong Kong Hong Kong University of Science and Technology,UNKNOWN,China,high,"The institution names explicitly mention 'Chinese University of Hong Kong' and 'Hong Kong University of Science and Technology', which are located in Hong Kong, a Special Administrative Region of China.",yes
CVPR-2020-A006914,Zijun Wei,Adobe Inc.,UNKNOWN,United States,high,Adobe Inc. is a well-known technology company based in the United States.,yes
CVPR-2020-A006915,Jianming Zhang,Adobe Inc.,UNKNOWN,United States,high,Adobe Inc. is a well-known technology company based in the United States.,yes
CVPR-2020-A006916,Zhe Lin,Adobe Inc.,UNKNOWN,United States,high,Adobe Inc. is a well-known technology company based in the United States.,yes
CVPR-2020-A006917,Joon-Young Lee,Adobe Inc.,UNKNOWN,United States,high,Adobe Inc. is a well-known technology company based in the United States.,yes
CVPR-2020-A006918,Niranjan Balasubramanian,Stony Brook University,UNKNOWN,United States,high,Stony Brook University is a well-known university located in the United States.,yes
CVPR-2020-A006919,Minh Hoai,Stony Brook University,UNKNOWN,United States,high,Stony Brook University is a well-known university located in the United States.,yes
CVPR-2020-A006920,Dimitris Samaras,Stony Brook University,UNKNOWN,United States,high,Stony Brook University is a well-known university located in the United States.,yes
CVPR-2020-A006925,Pramuditha Perera,Johns Hopkins University,UNKNOWN,United States,high,Johns Hopkins University is a well-known university located in the United States.,yes
CVPR-2020-A006926,Vlad I. Morariu,Johns Hopkins University,UNKNOWN,United States,high,Johns Hopkins University is a well-known university located in the United States.,yes
CVPR-2020-A006927,Rajiv Jain,Johns Hopkins University,UNKNOWN,United States,high,Johns Hopkins University is a well-known university located in the United States.,yes
CVPR-2020-A006928,Varun Manjunatha,Johns Hopkins University,UNKNOWN,United States,high,Johns Hopkins University is a well-known university located in the United States.,yes
CVPR-2020-A006929,Curtis Wigington,Johns Hopkins University,UNKNOWN,United States,high,Johns Hopkins University is a well-known university located in the United States.,yes
CVPR-2020-A006930,Vicente Ordonez,Johns Hopkins University,UNKNOWN,United States,high,Johns Hopkins University is a well-known university located in the United States.,yes
CVPR-2020-A006931,Vishal M. Patel,Johns Hopkins University,UNKNOWN,United States,high,Johns Hopkins University is a well-known university located in the United States.,yes
CVPR-2020-A006932,Qingyong Hu,University of Oxford,UNKNOWN,United Kingdom,high,The University of Oxford is a well-known institution located in the United Kingdom.,yes
CVPR-2020-A006933,Bo Yang,University of Oxford,UNKNOWN,United Kingdom,high,The University of Oxford is a well-known institution located in the United Kingdom.,yes
CVPR-2020-A006934,Linhai Xie,University of Oxford,UNKNOWN,United Kingdom,high,The University of Oxford is a well-known institution located in the United Kingdom.,yes
CVPR-2020-A006935,Stefano Rosa,University of Oxford,UNKNOWN,United Kingdom,high,The University of Oxford is a well-known institution located in the United Kingdom.,yes
CVPR-2020-A006936,Yulan Guo,Sun Yat-sen University | National University of Defense Technology,UNKNOWN,China,high,Both Sun Yat-sen University and National University of Defense Technology are well-known institutions located in China.,yes
CVPR-2020-A006937,Zhihua Wang,University of Oxford,UNKNOWN,United Kingdom,high,The University of Oxford is a well-known institution located in the United Kingdom.,yes
CVPR-2020-A006938,Niki Trigoni,University of Oxford,UNKNOWN,United Kingdom,high,The University of Oxford is a well-known institution located in the United Kingdom.,yes
CVPR-2020-A006939,Andrew Markham,University of Oxford,UNKNOWN,United Kingdom,high,The University of Oxford is a well-known institution located in the United Kingdom.,yes
CVPR-2020-A006947,Jiang-Jiang Liu,"CS, Nankai University",UNKNOWN,China,high,Nankai University is a well-known university located in China.,yes
CVPR-2020-A006949,Ming-Ming Cheng,"CS, Nankai University",UNKNOWN,China,high,Nankai University is a well-known university located in China.,yes
CVPR-2020-A006950,Changhu Wang,ByteDance AI Lab,UNKNOWN,China,high,"ByteDance is a Chinese company, and the AI Lab is part of ByteDance.",yes
CVPR-2020-A006954,Zhu Zhang,"College of Computer Science, Zhejiang University",UNKNOWN,China,high,Zhejiang University is a well-known institution located in China.,yes
CVPR-2020-A006955,Zhou Zhao,"College of Computer Science, Zhejiang University",UNKNOWN,China,high,Zhejiang University is a well-known institution located in China.,yes
CVPR-2020-A006956,Yang Zhao,"College of Computer Science, Zhejiang University",UNKNOWN,China,high,Zhejiang University is a well-known institution located in China.,yes
CVPR-2020-A006960,Sergey Zakharov,Technical University of Munich,UNKNOWN,Germany,high,Technical University of Munich is a well-known institution located in Germany.,yes
CVPR-2020-A006961,Wadim Kehl,Toyota Research Institute,UNKNOWN,Japan,high,"Toyota is a well-known Japanese company, and the Toyota Research Institute is based in Japan.",yes
CVPR-2020-A006962,Arjun Bhargava,Toyota Research Institute,UNKNOWN,Japan,high,"Toyota is a well-known Japanese company, and the Toyota Research Institute is based in Japan.",yes
CVPR-2020-A006963,Adrien Gaidon,Toyota Research Institute,UNKNOWN,Japan,high,"Toyota is a well-known Japanese company, and the Toyota Research Institute is based in Japan.",yes
CVPR-2020-A006964,Qiuyu Chen,"Department of Computer Science, UNC Charlotte",UNKNOWN,United States,high,UNC Charlotte is a well-known university located in the United States.,yes
CVPR-2020-A006965,Wei Zhang,"Shanghai Key Laboratory of Intelligent Information Processing, School of Computer Science, Fudan University",UNKNOWN,China,high,"Fudan University is a well-known university located in Shanghai, China.",yes
CVPR-2020-A006966,Ning Zhou,Amazon Lab126,UNKNOWN,United States,high,Amazon Lab126 is a well-known research laboratory based in the United States.,yes
CVPR-2020-A006967,Peng Lei,Amazon Lab126,UNKNOWN,United States,high,Amazon Lab126 is a well-known research laboratory based in the United States.,yes
CVPR-2020-A006968,Yi Xu,"Shanghai Key Laboratory of Intelligent Information Processing, School of Computer Science, Fudan University",UNKNOWN,China,high,"Fudan University is a well-known university located in Shanghai, China.",yes
CVPR-2020-A006969,Yu Zheng,"School of Cyber Engineering, Xidian University",UNKNOWN,China,high,Xidian University is a well-known university located in China.,yes
CVPR-2020-A006970,Jianping Fan,"Department of Computer Science, UNC Charlotte",UNKNOWN,United States,high,UNC Charlotte is a well-known university located in the United States.,yes
