paper_id,title,author_ids,conference,year,source_url
CVPR-2015-P0001,Going Deeper With Convolutions,CVPR-2015-A000001|CVPR-2015-A000002|CVPR-2015-A000003|CVPR-2015-A000004|CVPR-2015-A000005|CVPR-2015-A000006|CVPR-2015-A000007|CVPR-2015-A000008|CVPR-2015-A000009,CVPR,2015,https://openaccess.thecvf.com/content_cvpr_2015/html/Szegedy_Going_Deeper_With_2015_CVPR_paper.html
CVPR-2015-P0002,Propagated Image Filtering,CVPR-2015-A000010|CVPR-2015-A000011,CVPR,2015,https://openaccess.thecvf.com/content_cvpr_2015/html/Chang_Propagated_Image_Filtering_2015_CVPR_paper.html
CVPR-2015-P0003,Web Scale Photo Hash Clustering on A Single Machine,CVPR-2015-A000012|CVPR-2015-A000013|CVPR-2015-A000014|CVPR-2015-A000015|CVPR-2015-A000016|CVPR-2015-A000017,CVPR,2015,https://openaccess.thecvf.com/content_cvpr_2015/html/Gong_Web_Scale_Photo_2015_CVPR_paper.html
CVPR-2015-P0004,Expanding Object Detector's Horizon: Incremental Learning Framework for Object Detection in Videos,CVPR-2015-A000018|CVPR-2015-A000019|CVPR-2015-A000020|CVPR-2015-A000021,CVPR,2015,https://openaccess.thecvf.com/content_cvpr_2015/html/Kuznetsova_Expanding_Object_Detectors_2015_CVPR_paper.html
CVPR-2015-P0005,Supervised Discrete Hashing,CVPR-2015-A000022|CVPR-2015-A000023|CVPR-2015-A000024|CVPR-2015-A000025,CVPR,2015,https://openaccess.thecvf.com/content_cvpr_2015/html/Shen_Supervised_Discrete_Hashing_2015_CVPR_paper.html
CVPR-2015-P0006,"What do 15,000 Object Categories Tell Us About Classifying and Localizing Actions?",CVPR-2015-A000026|CVPR-2015-A000027|CVPR-2015-A000028,CVPR,2015,https://openaccess.thecvf.com/content_cvpr_2015/html/Jain_What_do_15000_2015_CVPR_paper.html
CVPR-2015-P0007,Landmarks-Based Kernelized Subspace Alignment for Unsupervised Domain Adaptation,CVPR-2015-A000029|CVPR-2015-A000030|CVPR-2015-A000031|CVPR-2015-A000032,CVPR,2015,https://openaccess.thecvf.com/content_cvpr_2015/html/Aljundi_Landmarks-Based_Kernelized_Subspace_2015_CVPR_paper.html
CVPR-2015-P0008,Blur Kernel Estimation Using Normalized Color-Line Prior,CVPR-2015-A000033|CVPR-2015-A000034|CVPR-2015-A000035|CVPR-2015-A000036,CVPR,2015,https://openaccess.thecvf.com/content_cvpr_2015/html/Lai_Blur_Kernel_Estimation_2015_CVPR_paper.html
CVPR-2015-P0009,A Light Transport Model for Mitigating Multipath Interference in Time-of-Flight Sensors,CVPR-2015-A000037|CVPR-2015-A000038|CVPR-2015-A000039|CVPR-2015-A000040|CVPR-2015-A000041|CVPR-2015-A000042,CVPR,2015,https://openaccess.thecvf.com/content_cvpr_2015/html/Naik_A_Light_Transport_2015_CVPR_paper.html
CVPR-2015-P0010,Traditional Saliency Reloaded: A Good Old Model in New Shape,CVPR-2015-A000043|CVPR-2015-A000044|CVPR-2015-A000045,CVPR,2015,https://openaccess.thecvf.com/content_cvpr_2015/html/Frintrop_Traditional_Saliency_Reloaded_2015_CVPR_paper.html
CVPR-2015-P0011,Automatic Construction Of Robust Spherical Harmonic Subspaces,CVPR-2015-A000046|CVPR-2015-A000047|CVPR-2015-A000048,CVPR,2015,https://openaccess.thecvf.com/content_cvpr_2015/html/Snape_Automatic_Construction_Of_2015_CVPR_paper.html
CVPR-2015-P0012,Leveraging Stereo Matching With Learning-Based Confidence Measures,CVPR-2015-A000049|CVPR-2015-A000050,CVPR,2015,https://openaccess.thecvf.com/content_cvpr_2015/html/Park_Leveraging_Stereo_Matching_2015_CVPR_paper.html
CVPR-2015-P0013,Saliency Detection via Cellular Automata,CVPR-2015-A000051|CVPR-2015-A000052|CVPR-2015-A000053|CVPR-2015-A000054,CVPR,2015,https://openaccess.thecvf.com/content_cvpr_2015/html/Qin_Saliency_Detection_via_2015_CVPR_paper.html
CVPR-2015-P0014,Efficient Sparse-to-Dense Optical Flow Estimation Using a Learned Basis and Layers,CVPR-2015-A000055|CVPR-2015-A000056,CVPR,2015,https://openaccess.thecvf.com/content_cvpr_2015/html/Wulff_Efficient_Sparse-to-Dense_Optical_2015_CVPR_paper.html
CVPR-2015-P0015,Learning Multiple Visual Tasks While Discovering Their Structure,CVPR-2015-A000057|CVPR-2015-A000058|CVPR-2015-A000059,CVPR,2015,https://openaccess.thecvf.com/content_cvpr_2015/html/Ciliberto_Learning_Multiple_Visual_2015_CVPR_paper.html
CVPR-2015-P0016,Projection Metric Learning on Grassmann Manifold With Application to Video Based Face Recognition,CVPR-2015-A000060|CVPR-2015-A000061|CVPR-2015-A000062|CVPR-2015-A000063,CVPR,2015,https://openaccess.thecvf.com/content_cvpr_2015/html/Huang_Projection_Metric_Learning_2015_CVPR_paper.html
CVPR-2015-P0017,Structural Sparse Tracking,CVPR-2015-A000064|CVPR-2015-A000065|CVPR-2015-A000066|CVPR-2015-A000067|CVPR-2015-A000068|CVPR-2015-A000069|CVPR-2015-A000070,CVPR,2015,https://openaccess.thecvf.com/content_cvpr_2015/html/Zhang_Structural_Sparse_Tracking_2015_CVPR_paper.html
CVPR-2015-P0018,Data-Driven Depth Map Refinement via Multi-Scale Sparse Representation,CVPR-2015-A000071|CVPR-2015-A000072|CVPR-2015-A000073,CVPR,2015,https://openaccess.thecvf.com/content_cvpr_2015/html/Kwon_Data-Driven_Depth_Map_2015_CVPR_paper.html
CVPR-2015-P0019,Uncalibrated Photometric Stereo Based on Elevation Angle Recovery From BRDF Symmetry of Isotropic Materials,CVPR-2015-A000074|CVPR-2015-A000075|CVPR-2015-A000076,CVPR,2015,https://openaccess.thecvf.com/content_cvpr_2015/html/Lu_Uncalibrated_Photometric_Stereo_2015_CVPR_paper.html
CVPR-2015-P0020,Attributes and Categories for Generic Instance Search From One Example,CVPR-2015-A000077|CVPR-2015-A000078|CVPR-2015-A000079,CVPR,2015,https://openaccess.thecvf.com/content_cvpr_2015/html/Tao_Attributes_and_Categories_2015_CVPR_paper.html
CVPR-2015-P0021,Heat Diffusion Over Weighted Manifolds: A New Descriptor for Textured 3D Non-Rigid Shapes,CVPR-2015-A000080|CVPR-2015-A000081|CVPR-2015-A000082|CVPR-2015-A000083,CVPR,2015,https://openaccess.thecvf.com/content_cvpr_2015/html/Abdelrahman_Heat_Diffusion_Over_2015_CVPR_paper.html
CVPR-2015-P0022,A Dynamic Programming Approach for Fast and Robust Object Pose Recognition From Range Images,CVPR-2015-A000084|CVPR-2015-A000085|CVPR-2015-A000086,CVPR,2015,https://openaccess.thecvf.com/content_cvpr_2015/html/Zach_A_Dynamic_Programming_2015_CVPR_paper.html
CVPR-2015-P0023,Beyond Gaussian Pyramid: Multi-Skip Feature Stacking for Action Recognition,CVPR-2015-A000087|CVPR-2015-A000088|CVPR-2015-A000089|CVPR-2015-A000090|CVPR-2015-A000091,CVPR,2015,https://openaccess.thecvf.com/content_cvpr_2015/html/Lan_Beyond_Gaussian_Pyramid_2015_CVPR_paper.html
CVPR-2015-P0024,A Geodesic-Preserving Method for Image Warping,CVPR-2015-A000092|CVPR-2015-A000093|CVPR-2015-A000094|CVPR-2015-A000095,CVPR,2015,https://openaccess.thecvf.com/content_cvpr_2015/html/Li_A_Geodesic-Preserving_Method_2015_CVPR_paper.html
CVPR-2015-P0025,Shape Driven Kernel Adaptation in Convolutional Neural Network for Robust Facial Traits Recognition,CVPR-2015-A000096|CVPR-2015-A000097|CVPR-2015-A000098|CVPR-2015-A000099|CVPR-2015-A000100,CVPR,2015,https://openaccess.thecvf.com/content_cvpr_2015/html/Li_Shape_Driven_Kernel_2015_CVPR_paper.html
CVPR-2015-P0026,From Categories to Subcategories: Large-Scale Image Classification With Partial Class Label Refinement,CVPR-2015-A000101|CVPR-2015-A000102|CVPR-2015-A000103|CVPR-2015-A000104,CVPR,2015,https://openaccess.thecvf.com/content_cvpr_2015/html/Ristin_From_Categories_to_2015_CVPR_paper.html
CVPR-2015-P0027,Combination Features and Models for Human Detection,CVPR-2015-A000105|CVPR-2015-A000106,CVPR,2015,https://openaccess.thecvf.com/content_cvpr_2015/html/Jiang_Combination_Features_and_2015_CVPR_paper.html
CVPR-2015-P0028,Improving Object Detection With Deep Convolutional Networks via Bayesian Optimization and Structured Prediction,CVPR-2015-A000107|CVPR-2015-A000108|CVPR-2015-A000109|CVPR-2015-A000110|CVPR-2015-A000111,CVPR,2015,https://openaccess.thecvf.com/content_cvpr_2015/html/Zhang_Improving_Object_Detection_2015_CVPR_paper.html
CVPR-2015-P0029,A Metric Parametrization for Trifocal Tensors With Non-Colinear Pinholes,CVPR-2015-A000112|CVPR-2015-A000113|CVPR-2015-A000114,CVPR,2015,https://openaccess.thecvf.com/content_cvpr_2015/html/Leonardos_A_Metric_Parametrization_2015_CVPR_paper.html
CVPR-2015-P0030,An Efficient Volumetric Framework for Shape Tracking,CVPR-2015-A000115|CVPR-2015-A000116|CVPR-2015-A000117,CVPR,2015,https://openaccess.thecvf.com/content_cvpr_2015/html/Allain_An_Efficient_Volumetric_2015_CVPR_paper.html
CVPR-2015-P0031,Structured Sparse Subspace Clustering: A Unified Optimization Framework,CVPR-2015-A000118|CVPR-2015-A000119,CVPR,2015,https://openaccess.thecvf.com/content_cvpr_2015/html/Li_Structured_Sparse_Subspace_2015_CVPR_paper.html
CVPR-2015-P0032,Delving Into Egocentric Actions,CVPR-2015-A000120|CVPR-2015-A000121|CVPR-2015-A000122,CVPR,2015,https://openaccess.thecvf.com/content_cvpr_2015/html/Li_Delving_Into_Egocentric_2015_CVPR_paper.html
CVPR-2015-P0033,Latent Trees for Estimating Intensity of Facial Action Units,CVPR-2015-A000123|CVPR-2015-A000124|CVPR-2015-A000125,CVPR,2015,https://openaccess.thecvf.com/content_cvpr_2015/html/Kaltwang_Latent_Trees_for_2015_CVPR_paper.html
CVPR-2015-P0034,Robust Regression on Image Manifolds for Ordered Label Denoising,CVPR-2015-A000126|CVPR-2015-A000127,CVPR,2015,https://openaccess.thecvf.com/content_cvpr_2015/html/Wu_Robust_Regression_on_2015_CVPR_paper.html
CVPR-2015-P0035,Privacy Preserving Optics for Miniature Vision Sensors,CVPR-2015-A000128|CVPR-2015-A000129,CVPR,2015,https://openaccess.thecvf.com/content_cvpr_2015/html/Pittaluga_Privacy_Preserving_Optics_2015_CVPR_paper.html
CVPR-2015-P0036,Deep Transfer Metric Learning,CVPR-2015-A000130|CVPR-2015-A000131|CVPR-2015-A000132,CVPR,2015,https://openaccess.thecvf.com/content_cvpr_2015/html/Hu_Deep_Transfer_Metric_2015_CVPR_paper.html
CVPR-2015-P0037,Small-Variance Nonparametric Clustering on the Hypersphere,CVPR-2015-A000133|CVPR-2015-A000134|CVPR-2015-A000135|CVPR-2015-A000136,CVPR,2015,https://openaccess.thecvf.com/content_cvpr_2015/html/Straub_Small-Variance_Nonparametric_Clustering_2015_CVPR_paper.html
CVPR-2015-P0038,DynamicFusion: Reconstruction and Tracking of Non-Rigid Scenes in Real-Time,CVPR-2015-A000137|CVPR-2015-A000138|CVPR-2015-A000139,CVPR,2015,https://openaccess.thecvf.com/content_cvpr_2015/html/Newcombe_DynamicFusion_Reconstruction_and_2015_CVPR_paper.html
CVPR-2015-P0039,Reliable Patch Trackers: Robust Visual Tracking by Exploiting Reliable Patches,CVPR-2015-A000140|CVPR-2015-A000141|CVPR-2015-A000142,CVPR,2015,https://openaccess.thecvf.com/content_cvpr_2015/html/Li_Reliable_Patch_Trackers_2015_CVPR_paper.html
CVPR-2015-P0040,Predicting Eye Fixations Using Convolutional Neural Networks,CVPR-2015-A000143|CVPR-2015-A000144|CVPR-2015-A000145|CVPR-2015-A000146|CVPR-2015-A000147,CVPR,2015,https://openaccess.thecvf.com/content_cvpr_2015/html/Liu_Predicting_Eye_Fixations_2015_CVPR_paper.html
CVPR-2015-P0041,Kernel Fusion for Better Image Deblurring,CVPR-2015-A000148|CVPR-2015-A000149,CVPR,2015,https://openaccess.thecvf.com/content_cvpr_2015/html/Mai_Kernel_Fusion_for_2015_CVPR_paper.html
CVPR-2015-P0042,Direction Matters: Depth Estimation With a Surface Normal Classifier,CVPR-2015-A000150|CVPR-2015-A000151|CVPR-2015-A000152,CVPR,2015,https://openaccess.thecvf.com/content_cvpr_2015/html/Hane_Direction_Matters_Depth_2015_CVPR_paper.html
CVPR-2015-P0043,"Modeling Local and Global Deformations in Deep Learning: Epitomic Convolution, Multiple Instance Learning, and Sliding Window Detection",CVPR-2015-A000153|CVPR-2015-A000154|CVPR-2015-A000155,CVPR,2015,https://openaccess.thecvf.com/content_cvpr_2015/html/Papandreou_Modeling_Local_and_2015_CVPR_paper.html
CVPR-2015-P0044,Grasp Type Revisited: A Modern Perspective on a Classical Feature for Vision,CVPR-2015-A000156|CVPR-2015-A000157|CVPR-2015-A000158|CVPR-2015-A000159,CVPR,2015,https://openaccess.thecvf.com/content_cvpr_2015/html/Yang_Grasp_Type_Revisited_2015_CVPR_paper.html
CVPR-2015-P0045,Learning Hypergraph-Regularized Attribute Predictors,CVPR-2015-A000160|CVPR-2015-A000161|CVPR-2015-A000162|CVPR-2015-A000163,CVPR,2015,https://openaccess.thecvf.com/content_cvpr_2015/html/Huang_Learning_Hypergraph-Regularized_Attribute_2015_CVPR_paper.html
CVPR-2015-P0046,A Coarse-to-Fine Model for 3D Pose Estimation and Sub-Category Recognition,CVPR-2015-A000164|CVPR-2015-A000165|CVPR-2015-A000166,CVPR,2015,https://openaccess.thecvf.com/content_cvpr_2015/html/Mottaghi_A_Coarse-to-Fine_Model_2015_CVPR_paper.html
CVPR-2015-P0047,Deep Neural Networks Are Easily Fooled: High Confidence Predictions for Unrecognizable Images,CVPR-2015-A000167|CVPR-2015-A000168|CVPR-2015-A000169,CVPR,2015,https://openaccess.thecvf.com/content_cvpr_2015/html/Nguyen_Deep_Neural_Networks_2015_CVPR_paper.html
CVPR-2015-P0048,Deformable Part Models are Convolutional Neural Networks,CVPR-2015-A000170|CVPR-2015-A000171|CVPR-2015-A000172|CVPR-2015-A000173,CVPR,2015,https://openaccess.thecvf.com/content_cvpr_2015/html/Girshick_Deformable_Part_Models_2015_CVPR_paper.html
CVPR-2015-P0049,Hypercolumns for Object Segmentation and Fine-Grained Localization,CVPR-2015-A000174|CVPR-2015-A000175|CVPR-2015-A000176|CVPR-2015-A000177,CVPR,2015,https://openaccess.thecvf.com/content_cvpr_2015/html/Hariharan_Hypercolumns_for_Object_2015_CVPR_paper.html
CVPR-2015-P0050,Mapping Visual Features to Semantic Profiles for Retrieval in Medical Imaging,CVPR-2015-A000178|CVPR-2015-A000179,CVPR,2015,https://openaccess.thecvf.com/content_cvpr_2015/html/Hofmanninger_Mapping_Visual_Features_2015_CVPR_paper.html
CVPR-2015-P0051,Event-Driven Stereo Matching for Real-Time 3D Panoramic Vision,CVPR-2015-A000180|CVPR-2015-A000181|CVPR-2015-A000182,CVPR,2015,https://openaccess.thecvf.com/content_cvpr_2015/html/Schraml_Event-Driven_Stereo_Matching_2015_CVPR_paper.html
CVPR-2015-P0052,Graph-Based Simplex Method for Pairwise Energy Minimization With Binary Variables,CVPR-2015-A000183,CVPR,2015,https://openaccess.thecvf.com/content_cvpr_2015/html/Prusa_Graph-Based_Simplex_Method_2015_CVPR_paper.html
CVPR-2015-P0053,Image Denoising via Adaptive Soft-Thresholding Based on Non-Local Samples,CVPR-2015-A000184|CVPR-2015-A000185|CVPR-2015-A000186|CVPR-2015-A000187,CVPR,2015,https://openaccess.thecvf.com/content_cvpr_2015/html/Liu_Image_Denoising_via_2015_CVPR_paper.html
CVPR-2015-P0054,3D Scanning Deformable Objects With a Single RGBD Sensor,CVPR-2015-A000188|CVPR-2015-A000189|CVPR-2015-A000190|CVPR-2015-A000191|CVPR-2015-A000192,CVPR,2015,https://openaccess.thecvf.com/content_cvpr_2015/html/Dou_3D_Scanning_Deformable_2015_CVPR_paper.html
CVPR-2015-P0055,Nested Motion Descriptors,CVPR-2015-A000193,CVPR,2015,https://openaccess.thecvf.com/content_cvpr_2015/html/Byrne_Nested_Motion_Descriptors_2015_CVPR_paper.html
CVPR-2015-P0056,Efficient Minimal-Surface Regularization of Perspective Depth Maps in Variational Stereo,CVPR-2015-A000194|CVPR-2015-A000195|CVPR-2015-A000196|CVPR-2015-A000197,CVPR,2015,https://openaccess.thecvf.com/content_cvpr_2015/html/Graber_Efficient_Minimal-Surface_Regularization_2015_CVPR_paper.html
CVPR-2015-P0057,Maximum Persistency via Iterative Relaxed Inference With Graphical Models,CVPR-2015-A000198|CVPR-2015-A000199|CVPR-2015-A000200,CVPR,2015,https://openaccess.thecvf.com/content_cvpr_2015/html/Shekhovtsov_Maximum_Persistency_via_2015_CVPR_paper.html
CVPR-2015-P0058,Deep Hierarchical Parsing for Semantic Segmentation,CVPR-2015-A000201|CVPR-2015-A000202|CVPR-2015-A000203,CVPR,2015,https://openaccess.thecvf.com/content_cvpr_2015/html/Sharma_Deep_Hierarchical_Parsing_2015_CVPR_paper.html
CVPR-2015-P0059,Designing Deep Networks for Surface Normal Estimation,CVPR-2015-A000204|CVPR-2015-A000205|CVPR-2015-A000206,CVPR,2015,https://openaccess.thecvf.com/content_cvpr_2015/html/Wang_Designing_Deep_Networks_2015_CVPR_paper.html
CVPR-2015-P0060,Layered RGBD Scene Flow Estimation,CVPR-2015-A000207|CVPR-2015-A000208|CVPR-2015-A000209,CVPR,2015,https://openaccess.thecvf.com/content_cvpr_2015/html/Sun_Layered_RGBD_Scene_2015_CVPR_paper.html
CVPR-2015-P0061,Hashing With Binary Autoencoders,CVPR-2015-A000210|CVPR-2015-A000211,CVPR,2015,https://openaccess.thecvf.com/content_cvpr_2015/html/Carreira-Perpinan_Hashing_With_Binary_2015_CVPR_paper.html
CVPR-2015-P0062,SUN RGB-D: A RGB-D Scene Understanding Benchmark Suite,CVPR-2015-A000212|CVPR-2015-A000213|CVPR-2015-A000214,CVPR,2015,https://openaccess.thecvf.com/content_cvpr_2015/html/Song_SUN_RGB-D_A_2015_CVPR_paper.html
CVPR-2015-P0063,Collaborative Feature Learning From Social Media,CVPR-2015-A000215|CVPR-2015-A000216|CVPR-2015-A000217|CVPR-2015-A000218,CVPR,2015,https://openaccess.thecvf.com/content_cvpr_2015/html/Fang_Collaborative_Feature_Learning_2015_CVPR_paper.html
CVPR-2015-P0064,Diversity-Induced Multi-View Subspace Clustering,CVPR-2015-A000219|CVPR-2015-A000220|CVPR-2015-A000221|CVPR-2015-A000222|CVPR-2015-A000223,CVPR,2015,https://openaccess.thecvf.com/content_cvpr_2015/html/Cao_Diversity-Induced_Multi-View_Subspace_2015_CVPR_paper.html
CVPR-2015-P0065,Building a Bird Recognition App and Large Scale Dataset With Citizen Scientists: The Fine Print in Fine-Grained Dataset Collection,CVPR-2015-A000224|CVPR-2015-A000225|CVPR-2015-A000226|CVPR-2015-A000227|CVPR-2015-A000228|CVPR-2015-A000229|CVPR-2015-A000230|CVPR-2015-A000231,CVPR,2015,https://openaccess.thecvf.com/content_cvpr_2015/html/Horn_Building_a_Bird_2015_CVPR_paper.html
CVPR-2015-P0066,Early Burst Detection for Memory-Efficient Image Retrieval,CVPR-2015-A000232|CVPR-2015-A000233|CVPR-2015-A000234,CVPR,2015,https://openaccess.thecvf.com/content_cvpr_2015/html/Shi_Early_Burst_Detection_2015_CVPR_paper.html
CVPR-2015-P0067,Indoor Scene Structure Analysis for Single Image Depth Estimation,CVPR-2015-A000235|CVPR-2015-A000236|CVPR-2015-A000237|CVPR-2015-A000238,CVPR,2015,https://openaccess.thecvf.com/content_cvpr_2015/html/Zhuo_Indoor_Scene_Structure_2015_CVPR_paper.html
CVPR-2015-P0068,Light Field Layer Matting,CVPR-2015-A000239|CVPR-2015-A000240|CVPR-2015-A000241,CVPR,2015,https://openaccess.thecvf.com/content_cvpr_2015/html/Fiss_Light_Field_Layer_2015_CVPR_paper.html
CVPR-2015-P0069,Depth Camera Tracking With Contour Cues,CVPR-2015-A000242|CVPR-2015-A000243,CVPR,2015,https://openaccess.thecvf.com/content_cvpr_2015/html/Zhou_Depth_Camera_Tracking_2015_CVPR_paper.html
CVPR-2015-P0070,Radial Distortion Homography,CVPR-2015-A000244|CVPR-2015-A000245|CVPR-2015-A000246|CVPR-2015-A000247,CVPR,2015,https://openaccess.thecvf.com/content_cvpr_2015/html/Kukelova_Radial_Distortion_Homography_2015_CVPR_paper.html
CVPR-2015-P0071,Efficient Object Localization Using Convolutional Networks,CVPR-2015-A000248|CVPR-2015-A000249|CVPR-2015-A000250|CVPR-2015-A000251|CVPR-2015-A000252,CVPR,2015,https://openaccess.thecvf.com/content_cvpr_2015/html/Tompson_Efficient_Object_Localization_2015_CVPR_paper.html
CVPR-2015-P0072,Just Noticeable Defocus Blur Detection and Estimation,CVPR-2015-A000253|CVPR-2015-A000254|CVPR-2015-A000255,CVPR,2015,https://openaccess.thecvf.com/content_cvpr_2015/html/Shi_Just_Noticeable_Defocus_2015_CVPR_paper.html
CVPR-2015-P0073,How Do We Use Our Hands? Discovering a Diverse Set of Common Grasps,CVPR-2015-A000256|CVPR-2015-A000257|CVPR-2015-A000258|CVPR-2015-A000259,CVPR,2015,https://openaccess.thecvf.com/content_cvpr_2015/html/Huang_How_Do_We_2015_CVPR_paper.html
CVPR-2015-P0074,Rotating Your Face Using Multi-Task Deep Neural Network,CVPR-2015-A000260|CVPR-2015-A000261|CVPR-2015-A000262|CVPR-2015-A000263|CVPR-2015-A000264|CVPR-2015-A000265,CVPR,2015,https://openaccess.thecvf.com/content_cvpr_2015/html/Yim_Rotating_Your_Face_2015_CVPR_paper.html
CVPR-2015-P0075,Is Object Localization for Free? - Weakly-Supervised Learning With Convolutional Neural Networks,CVPR-2015-A000266|CVPR-2015-A000267|CVPR-2015-A000268|CVPR-2015-A000269,CVPR,2015,https://openaccess.thecvf.com/content_cvpr_2015/html/Oquab_Is_Object_Localization_2015_CVPR_paper.html
CVPR-2015-P0076,Super-Resolution Person Re-Identification With Semi-Coupled Low-Rank Discriminant Dictionary Learning,CVPR-2015-A000270|CVPR-2015-A000271|CVPR-2015-A000272|CVPR-2015-A000273|CVPR-2015-A000274|CVPR-2015-A000275|CVPR-2015-A000276|CVPR-2015-A000277,CVPR,2015,https://openaccess.thecvf.com/content_cvpr_2015/html/Jing_Super-Resolution_Person_Re-Identification_2015_CVPR_paper.html
CVPR-2015-P0077,Notice of Violation of IEEE Publication Principles: Dual Domain Filters Based Texture and Structure Preserving Image Non-Blind Deconvolution,CVPR-2015-A000278|CVPR-2015-A000279|CVPR-2015-A000280|CVPR-2015-A000281|CVPR-2015-A000282,CVPR,2015,https://openaccess.thecvf.com/content_cvpr_2015/html/Yang_Dual_Domain_Filters_2015_CVPR_paper.html
CVPR-2015-P0078,Region-Based Temporally Consistent Video Post-Processing,CVPR-2015-A000283|CVPR-2015-A000284|CVPR-2015-A000285|CVPR-2015-A000286,CVPR,2015,https://openaccess.thecvf.com/content_cvpr_2015/html/Dong_Region-Based_Temporally_Consistent_2015_CVPR_paper.html
CVPR-2015-P0079,Global Refinement of Random Forest,CVPR-2015-A000287|CVPR-2015-A000288|CVPR-2015-A000289|CVPR-2015-A000290,CVPR,2015,https://openaccess.thecvf.com/content_cvpr_2015/html/Ren_Global_Refinement_of_2015_CVPR_paper.html
CVPR-2015-P0080,Adaptive Region Pooling for Object Detection,CVPR-2015-A000291|CVPR-2015-A000292|CVPR-2015-A000293,CVPR,2015,https://openaccess.thecvf.com/content_cvpr_2015/html/Tsai_Adaptive_Region_Pooling_2015_CVPR_paper.html
CVPR-2015-P0081,Discriminative and Consistent Similarities in Instance-Level Multiple Instance Learning,CVPR-2015-A000294|CVPR-2015-A000295|CVPR-2015-A000296,CVPR,2015,https://openaccess.thecvf.com/content_cvpr_2015/html/Rastegari_Discriminative_and_Consistent_2015_CVPR_paper.html
CVPR-2015-P0082,MUlti-Store Tracker (MUSTer): A Cognitive Psychology Inspired Approach to Object Tracking,CVPR-2015-A000297|CVPR-2015-A000298|CVPR-2015-A000299|CVPR-2015-A000300|CVPR-2015-A000301|CVPR-2015-A000302,CVPR,2015,https://openaccess.thecvf.com/content_cvpr_2015/html/Hong_MUlti-Store_Tracker_MUSTer_2015_CVPR_paper.html
CVPR-2015-P0083,Finding Action Tubes,CVPR-2015-A000303|CVPR-2015-A000304,CVPR,2015,https://openaccess.thecvf.com/content_cvpr_2015/html/Gkioxari_Finding_Action_Tubes_2015_CVPR_paper.html
CVPR-2015-P0084,Learning a Convolutional Neural Network for Non-Uniform Motion Blur Removal,CVPR-2015-A000305|CVPR-2015-A000306|CVPR-2015-A000307|CVPR-2015-A000308,CVPR,2015,https://openaccess.thecvf.com/content_cvpr_2015/html/Sun_Learning_a_Convolutional_2015_CVPR_paper.html
CVPR-2015-P0085,Complexity-Adaptive Distance Metric for Object Proposals Generation,CVPR-2015-A000309|CVPR-2015-A000310|CVPR-2015-A000311|CVPR-2015-A000312|CVPR-2015-A000313,CVPR,2015,https://openaccess.thecvf.com/content_cvpr_2015/html/Xiao_Complexity-Adaptive_Distance_Metric_2015_CVPR_paper.html
CVPR-2015-P0086,High-Fidelity Pose and Expression Normalization for Face Recognition in the Wild,CVPR-2015-A000314|CVPR-2015-A000315|CVPR-2015-A000316|CVPR-2015-A000317|CVPR-2015-A000318,CVPR,2015,https://openaccess.thecvf.com/content_cvpr_2015/html/Zhu_High-Fidelity_Pose_and_2015_CVPR_paper.html
CVPR-2015-P0087,Transformation of Markov Random Fields for Marginal Distribution Estimation,CVPR-2015-A000319|CVPR-2015-A000320,CVPR,2015,https://openaccess.thecvf.com/content_cvpr_2015/html/Saito_Transformation_of_Markov_2015_CVPR_paper.html
CVPR-2015-P0088,Sparse Convolutional Neural Networks,CVPR-2015-A000321|CVPR-2015-A000322|CVPR-2015-A000323|CVPR-2015-A000324|CVPR-2015-A000325,CVPR,2015,https://openaccess.thecvf.com/content_cvpr_2015/html/Liu_Sparse_Convolutional_Neural_2015_CVPR_paper.html
CVPR-2015-P0089,FaceNet: A Unified Embedding for Face Recognition and Clustering,CVPR-2015-A000326|CVPR-2015-A000327|CVPR-2015-A000328,CVPR,2015,https://openaccess.thecvf.com/content_cvpr_2015/html/Schroff_FaceNet_A_Unified_2015_CVPR_paper.html
CVPR-2015-P0090,Cascaded Hand Pose Regression,CVPR-2015-A000329|CVPR-2015-A000330|CVPR-2015-A000331|CVPR-2015-A000332|CVPR-2015-A000333,CVPR,2015,https://openaccess.thecvf.com/content_cvpr_2015/html/Sun_Cascaded_Hand_Pose_2015_CVPR_paper.html
CVPR-2015-P0091,Cross-Scene Crowd Counting via Deep Convolutional Neural Networks,CVPR-2015-A000334|CVPR-2015-A000335|CVPR-2015-A000336|CVPR-2015-A000337,CVPR,2015,https://openaccess.thecvf.com/content_cvpr_2015/html/Zhang_Cross-Scene_Crowd_Counting_2015_CVPR_paper.html
CVPR-2015-P0092,The Application of Two-Level Attention Models in Deep Convolutional Neural Network for Fine-Grained Image Classification,CVPR-2015-A000338|CVPR-2015-A000339|CVPR-2015-A000340|CVPR-2015-A000341|CVPR-2015-A000342|CVPR-2015-A000343,CVPR,2015,https://openaccess.thecvf.com/content_cvpr_2015/html/Xiao_The_Application_of_2015_CVPR_paper.html
CVPR-2015-P0093,"End-to-End Integration of a Convolution Network, Deformable Parts Model and Non-Maximum Suppression",CVPR-2015-A000344|CVPR-2015-A000345|CVPR-2015-A000346,CVPR,2015,https://openaccess.thecvf.com/content_cvpr_2015/html/Wan_End-to-End_Integration_of_2015_CVPR_paper.html
CVPR-2015-P0094,"A Mixed Bag of Emotions: Model, Predict, and Transfer Emotion Distributions",CVPR-2015-A000347|CVPR-2015-A000348|CVPR-2015-A000349|CVPR-2015-A000350,CVPR,2015,https://openaccess.thecvf.com/content_cvpr_2015/html/Peng_A_Mixed_Bag_2015_CVPR_paper.html
CVPR-2015-P0095,Neuroaesthetics in Fashion: Modeling the Perception of Fashionability,CVPR-2015-A000351|CVPR-2015-A000352|CVPR-2015-A000353|CVPR-2015-A000354,CVPR,2015,https://openaccess.thecvf.com/content_cvpr_2015/html/Simo-Serra_Neuroaesthetics_in_Fashion_2015_CVPR_paper.html
CVPR-2015-P0096,Part-Based Modelling of Compound Scenes From Images,CVPR-2015-A000355|CVPR-2015-A000356|CVPR-2015-A000357|CVPR-2015-A000358|CVPR-2015-A000359|CVPR-2015-A000360|CVPR-2015-A000361,CVPR,2015,https://openaccess.thecvf.com/content_cvpr_2015/html/Hengel_Part-Based_Modelling_of_2015_CVPR_paper.html
CVPR-2015-P0097,Efficient Parallel Optimization for Potts Energy With Hierarchical Fusion,CVPR-2015-A000362,CVPR,2015,https://openaccess.thecvf.com/content_cvpr_2015/html/Veksler_Efficient_Parallel_Optimization_2015_CVPR_paper.html
CVPR-2015-P0098,Pooled Motion Features for First-Person Videos,CVPR-2015-A000363|CVPR-2015-A000364|CVPR-2015-A000365,CVPR,2015,https://openaccess.thecvf.com/content_cvpr_2015/html/Ryoo_Pooled_Motion_Features_2015_CVPR_paper.html
CVPR-2015-P0099,Functional Correspondence by Matrix Completion,CVPR-2015-A000366|CVPR-2015-A000367|CVPR-2015-A000368|CVPR-2015-A000369,CVPR,2015,https://openaccess.thecvf.com/content_cvpr_2015/html/Kovnatsky_Functional_Correspondence_by_2015_CVPR_paper.html
CVPR-2015-P0100,Elastic-Net Regularization of Singular Values for Robust Subspace Learning,CVPR-2015-A000370|CVPR-2015-A000371|CVPR-2015-A000372,CVPR,2015,https://openaccess.thecvf.com/content_cvpr_2015/html/Kim_Elastic-Net_Regularization_of_2015_CVPR_paper.html
CVPR-2015-P0101,Hardware Compliant Approximate Image Codes,CVPR-2015-A000373|CVPR-2015-A000374|CVPR-2015-A000375,CVPR,2015,https://openaccess.thecvf.com/content_cvpr_2015/html/Kuang_Hardware_Compliant_Approximate_2015_CVPR_paper.html
CVPR-2015-P0102,Photometric Refinement of Depth Maps for Multi-Albedo Objects,CVPR-2015-A000376|CVPR-2015-A000377,CVPR,2015,https://openaccess.thecvf.com/content_cvpr_2015/html/Chatterjee_Photometric_Refinement_of_2015_CVPR_paper.html
CVPR-2015-P0103,Predicting the Future Behavior of a Time-Varying Probability Distribution,CVPR-2015-A000378,CVPR,2015,https://openaccess.thecvf.com/content_cvpr_2015/html/Lampert_Predicting_the_Future_2015_CVPR_paper.html
CVPR-2015-P0104,Classifier Based Graph Construction for Video Segmentation,CVPR-2015-A000379|CVPR-2015-A000380|CVPR-2015-A000381|CVPR-2015-A000382,CVPR,2015,https://openaccess.thecvf.com/content_cvpr_2015/html/Khoreva_Classifier_Based_Graph_2015_CVPR_paper.html
CVPR-2015-P0105,ActivityNet: A Large-Scale Video Benchmark for Human Activity Understanding,CVPR-2015-A000383|CVPR-2015-A000384|CVPR-2015-A000385|CVPR-2015-A000386,CVPR,2015,https://openaccess.thecvf.com/content_cvpr_2015/html/Heilbron_ActivityNet_A_Large-Scale_2015_CVPR_paper.html
CVPR-2015-P0106,Mid-Level Deep Pattern Mining,CVPR-2015-A000387|CVPR-2015-A000388|CVPR-2015-A000389|CVPR-2015-A000390,CVPR,2015,https://openaccess.thecvf.com/content_cvpr_2015/html/Li_Mid-Level_Deep_Pattern_2015_CVPR_paper.html
CVPR-2015-P0107,Prediction of Search Targets From Fixations in Open-World Settings,CVPR-2015-A000391|CVPR-2015-A000392|CVPR-2015-A000393|CVPR-2015-A000394,CVPR,2015,https://openaccess.thecvf.com/content_cvpr_2015/html/Sattar_Prediction_of_Search_2015_CVPR_paper.html
CVPR-2015-P0108,Understanding Image Representations by Measuring Their Equivariance and Equivalence,CVPR-2015-A000395|CVPR-2015-A000396,CVPR,2015,https://openaccess.thecvf.com/content_cvpr_2015/html/Lenc_Understanding_Image_Representations_2015_CVPR_paper.html
CVPR-2015-P0109,Effective Learning-Based Illuminant Estimation Using Simple Features,CVPR-2015-A000397|CVPR-2015-A000398|CVPR-2015-A000399|CVPR-2015-A000400,CVPR,2015,https://openaccess.thecvf.com/content_cvpr_2015/html/Cheng_Effective_Learning-Based_Illuminant_2015_CVPR_paper.html
CVPR-2015-P0110,PAIGE: PAirwise Image Geometry Encoding for Improved Efficiency in Structure-From-Motion,CVPR-2015-A000401|CVPR-2015-A000402|CVPR-2015-A000403,CVPR,2015,https://openaccess.thecvf.com/content_cvpr_2015/html/Schonberger_PAIGE_PAirwise_Image_2015_CVPR_paper.html
CVPR-2015-P0111,"Dense, Accurate Optical Flow Estimation With Piecewise Parametric Model",CVPR-2015-A000404|CVPR-2015-A000405,CVPR,2015,https://openaccess.thecvf.com/content_cvpr_2015/html/Yang_Dense_Accurate_Optical_2015_CVPR_paper.html
CVPR-2015-P0112,Single-Image Estimation of the Camera Response Function in Near-Lighting,CVPR-2015-A000406|CVPR-2015-A000407,CVPR,2015,https://openaccess.thecvf.com/content_cvpr_2015/html/Rodrigues_Single-Image_Estimation_of_2015_CVPR_paper.html
CVPR-2015-P0113,Multispectral Pedestrian Detection: Benchmark Dataset and Baseline,CVPR-2015-A000408|CVPR-2015-A000409|CVPR-2015-A000410|CVPR-2015-A000411|CVPR-2015-A000412,CVPR,2015,https://openaccess.thecvf.com/content_cvpr_2015/html/Hwang_Multispectral_Pedestrian_Detection_2015_CVPR_paper.html
CVPR-2015-P0114,A Low-Dimensional Step Pattern Analysis Algorithm With Application to Multimodal Retinal Image Registration,CVPR-2015-A000413|CVPR-2015-A000414|CVPR-2015-A000415|CVPR-2015-A000416|CVPR-2015-A000417|CVPR-2015-A000418|CVPR-2015-A000419|CVPR-2015-A000420|CVPR-2015-A000421,CVPR,2015,https://openaccess.thecvf.com/content_cvpr_2015/html/Lee_A_Low-Dimensional_Step_2015_CVPR_paper.html
CVPR-2015-P0115,Bilinear Heterogeneous Information Machine for RGB-D Action Recognition,CVPR-2015-A000422|CVPR-2015-A000423,CVPR,2015,https://openaccess.thecvf.com/content_cvpr_2015/html/Kong_Bilinear_Heterogeneous_Information_2015_CVPR_paper.html
CVPR-2015-P0116,MRF Optimization by Graph Approximation,CVPR-2015-A000424|CVPR-2015-A000425,CVPR,2015,https://openaccess.thecvf.com/content_cvpr_2015/html/Kim_MRF_Optimization_by_2015_CVPR_paper.html
CVPR-2015-P0117,SALICON: Saliency in Context,CVPR-2015-A000426|CVPR-2015-A000427|CVPR-2015-A000428|CVPR-2015-A000429,CVPR,2015,https://openaccess.thecvf.com/content_cvpr_2015/html/Jiang_SALICON_Saliency_in_2015_CVPR_paper.html
CVPR-2015-P0118,Weakly Supervised Object Detection With Convex Clustering,CVPR-2015-A000430|CVPR-2015-A000431|CVPR-2015-A000432,CVPR,2015,https://openaccess.thecvf.com/content_cvpr_2015/html/Bilen_Weakly_Supervised_Object_2015_CVPR_paper.html
CVPR-2015-P0119,Interleaved Text/Image Deep Mining on a Very Large-Scale Radiology Database,CVPR-2015-A000433|CVPR-2015-A000434|CVPR-2015-A000435|CVPR-2015-A000436|CVPR-2015-A000437|CVPR-2015-A000438,CVPR,2015,https://openaccess.thecvf.com/content_cvpr_2015/html/Shin_Interleaved_TextImage_Deep_2015_CVPR_paper.html
CVPR-2015-P0120,Learning Semantic Relationships for Better Action Retrieval in Images,CVPR-2015-A000439|CVPR-2015-A000440|CVPR-2015-A000441|CVPR-2015-A000442|CVPR-2015-A000443|CVPR-2015-A000444|CVPR-2015-A000445|CVPR-2015-A000446|CVPR-2015-A000447|CVPR-2015-A000448,CVPR,2015,https://openaccess.thecvf.com/content_cvpr_2015/html/Ramanathan_Learning_Semantic_Relationships_2015_CVPR_paper.html
CVPR-2015-P0121,Hierarchical Recurrent Neural Network for Skeleton Based Action Recognition,CVPR-2015-A000449|CVPR-2015-A000450|CVPR-2015-A000451,CVPR,2015,https://openaccess.thecvf.com/content_cvpr_2015/html/Du_Hierarchical_Recurrent_Neural_2015_CVPR_paper.html
CVPR-2015-P0122,Depth and Surface Normal Estimation From Monocular Images Using Regression on Deep Features and Hierarchical CRFs,CVPR-2015-A000452|CVPR-2015-A000453|CVPR-2015-A000454|CVPR-2015-A000455|CVPR-2015-A000456,CVPR,2015,https://openaccess.thecvf.com/content_cvpr_2015/html/Li_Depth_and_Surface_2015_CVPR_paper.html
CVPR-2015-P0123,Discriminative Shape From Shading in Uncalibrated Illumination,CVPR-2015-A000457|CVPR-2015-A000458,CVPR,2015,https://openaccess.thecvf.com/content_cvpr_2015/html/Richter_Discriminative_Shape_From_2015_CVPR_paper.html
CVPR-2015-P0124,Multi-Manifold Deep Metric Learning for Image Set Classification,CVPR-2015-A000459|CVPR-2015-A000460|CVPR-2015-A000461|CVPR-2015-A000462|CVPR-2015-A000463,CVPR,2015,https://openaccess.thecvf.com/content_cvpr_2015/html/Lu_Multi-Manifold_Deep_Metric_2015_CVPR_paper.html
CVPR-2015-P0125,Target Identity-Aware Network Flow for Online Multiple Target Tracking,CVPR-2015-A000464|CVPR-2015-A000465|CVPR-2015-A000466|CVPR-2015-A000467,CVPR,2015,https://openaccess.thecvf.com/content_cvpr_2015/html/Dehghan_Target_Identity-Aware_Network_2015_CVPR_paper.html
CVPR-2015-P0126,Adaptive As-Natural-As-Possible Image Stitching,CVPR-2015-A000468|CVPR-2015-A000469|CVPR-2015-A000470|CVPR-2015-A000471,CVPR,2015,https://openaccess.thecvf.com/content_cvpr_2015/html/Lin_Adaptive_As-Natural-As-Possible_Image_2015_CVPR_paper.html
CVPR-2015-P0127,EpicFlow: Edge-Preserving Interpolation of Correspondences for Optical Flow,CVPR-2015-A000472|CVPR-2015-A000473|CVPR-2015-A000474|CVPR-2015-A000475,CVPR,2015,https://openaccess.thecvf.com/content_cvpr_2015/html/Revaud_EpicFlow_Edge-Preserving_Interpolation_2015_CVPR_paper.html
CVPR-2015-P0128,Learning Coarse-to-Fine Sparselets for Efficient Object Detection and Scene Classification,CVPR-2015-A000476|CVPR-2015-A000477|CVPR-2015-A000478|CVPR-2015-A000479,CVPR,2015,https://openaccess.thecvf.com/content_cvpr_2015/html/Cheng_Learning_Coarse-to-Fine_Sparselets_2015_CVPR_paper.html
CVPR-2015-P0129,Continuous Visibility Feature,CVPR-2015-A000480|CVPR-2015-A000481|CVPR-2015-A000482,CVPR,2015,https://openaccess.thecvf.com/content_cvpr_2015/html/Liu_Continuous_Visibility_Feature_2015_CVPR_paper.html
CVPR-2015-P0130,"FlowWeb: Joint Image Set Alignment by Weaving Consistent, Pixel-Wise Correspondences",CVPR-2015-A000483|CVPR-2015-A000484|CVPR-2015-A000485|CVPR-2015-A000486,CVPR,2015,https://openaccess.thecvf.com/content_cvpr_2015/html/Zhou_FlowWeb_Joint_Image_2015_CVPR_paper.html
CVPR-2015-P0131,Unsupervised Object Discovery and Localization in the Wild: Part-Based Matching With Bottom-Up Region Proposals,CVPR-2015-A000487|CVPR-2015-A000488|CVPR-2015-A000489|CVPR-2015-A000490,CVPR,2015,https://openaccess.thecvf.com/content_cvpr_2015/html/Cho_Unsupervised_Object_Discovery_2015_CVPR_paper.html
CVPR-2015-P0132,Supervised Descriptor Learning for Multi-Output Regression,CVPR-2015-A000491|CVPR-2015-A000492|CVPR-2015-A000493|CVPR-2015-A000494,CVPR,2015,https://openaccess.thecvf.com/content_cvpr_2015/html/Zhen_Supervised_Descriptor_Learning_2015_CVPR_paper.html
CVPR-2015-P0133,A Statistical Model of Riemannian Metric Variation for Deformable Shape Analysis,CVPR-2015-A000495|CVPR-2015-A000496,CVPR,2015,https://openaccess.thecvf.com/content_cvpr_2015/html/Gasparetto_A_Statistical_Model_2015_CVPR_paper.html
CVPR-2015-P0134,Temporally Coherent Interpretations for Long Videos Using Pattern Theory,CVPR-2015-A000497|CVPR-2015-A000498|CVPR-2015-A000499|CVPR-2015-A000500,CVPR,2015,https://openaccess.thecvf.com/content_cvpr_2015/html/Souza_Temporally_Coherent_Interpretations_2015_CVPR_paper.html
CVPR-2015-P0135,Line-Sweep: Cross-Ratio For Wide-Baseline Matching and 3D Reconstruction,CVPR-2015-A000501|CVPR-2015-A000502|CVPR-2015-A000503|CVPR-2015-A000504|CVPR-2015-A000505,CVPR,2015,https://openaccess.thecvf.com/content_cvpr_2015/html/Ramalingam_Line-Sweep_Cross-Ratio_For_2015_CVPR_paper.html
CVPR-2015-P0136,Simplified Mirror-Based Camera Pose Computation via Rotation Averaging,CVPR-2015-A000506|CVPR-2015-A000507|CVPR-2015-A000508|CVPR-2015-A000509|CVPR-2015-A000510,CVPR,2015,https://openaccess.thecvf.com/content_cvpr_2015/html/Long_Simplified_Mirror-Based_Camera_2015_CVPR_paper.html
CVPR-2015-P0137,On the Relationship Between Visual Attributes and Convolutional Networks,CVPR-2015-A000511|CVPR-2015-A000512|CVPR-2015-A000513,CVPR,2015,https://openaccess.thecvf.com/content_cvpr_2015/html/Escorcia_On_the_Relationship_2015_CVPR_paper.html
CVPR-2015-P0138,Saliency Detection by Multi-Context Deep Learning,CVPR-2015-A000514|CVPR-2015-A000515|CVPR-2015-A000516|CVPR-2015-A000517,CVPR,2015,https://openaccess.thecvf.com/content_cvpr_2015/html/Zhao_Saliency_Detection_by_2015_CVPR_paper.html
CVPR-2015-P0139,DeepShape: Deep Learned Shape Descriptor for 3D Shape Matching and Retrieval,CVPR-2015-A000518|CVPR-2015-A000519|CVPR-2015-A000520|CVPR-2015-A000521,CVPR,2015,https://openaccess.thecvf.com/content_cvpr_2015/html/Xie_DeepShape_Deep_Learned_2015_CVPR_paper.html
CVPR-2015-P0140,Bayesian Adaptive Matrix Factorization With Automatic Model Selection,CVPR-2015-A000522|CVPR-2015-A000523|CVPR-2015-A000524|CVPR-2015-A000525,CVPR,2015,https://openaccess.thecvf.com/content_cvpr_2015/html/Chen_Bayesian_Adaptive_Matrix_2015_CVPR_paper.html
CVPR-2015-P0141,Joint Action Recognition and Pose Estimation From Video,CVPR-2015-A000526|CVPR-2015-A000527|CVPR-2015-A000528,CVPR,2015,https://openaccess.thecvf.com/content_cvpr_2015/html/Nie_Joint_Action_Recognition_2015_CVPR_paper.html
CVPR-2015-P0142,Fast Action Proposals for Human Action Detection and Search,CVPR-2015-A000529|CVPR-2015-A000530,CVPR,2015,https://openaccess.thecvf.com/content_cvpr_2015/html/Yu_Fast_Action_Proposals_2015_CVPR_paper.html
CVPR-2015-P0143,Joint Multi-Feature Spatial Context for Scene Recognition on the Semantic Manifold,CVPR-2015-A000531|CVPR-2015-A000532|CVPR-2015-A000533,CVPR,2015,https://openaccess.thecvf.com/content_cvpr_2015/html/Song_Joint_Multi-Feature_Spatial_2015_CVPR_paper.html
CVPR-2015-P0144,Large-Scale Damage Detection Using Satellite Imagery,CVPR-2015-A000534|CVPR-2015-A000535,CVPR,2015,https://openaccess.thecvf.com/content_cvpr_2015/html/Gueguen_Large-Scale_Damage_Detection_2015_CVPR_paper.html
CVPR-2015-P0145,A Novel Locally Linear KNN Model for Visual Recognition,CVPR-2015-A000536|CVPR-2015-A000537,CVPR,2015,https://openaccess.thecvf.com/content_cvpr_2015/html/Liu_A_Novel_Locally_2015_CVPR_paper.html
CVPR-2015-P0146,Bilinear Random Projections for Locality-Sensitive Binary Codes,CVPR-2015-A000538|CVPR-2015-A000539,CVPR,2015,https://openaccess.thecvf.com/content_cvpr_2015/html/Kim_Bilinear_Random_Projections_2015_CVPR_paper.html
CVPR-2015-P0147,Combining Local Appearance and Holistic View: Dual-Source Deep Neural Networks for Human Pose Estimation,CVPR-2015-A000540|CVPR-2015-A000541|CVPR-2015-A000542|CVPR-2015-A000543,CVPR,2015,https://openaccess.thecvf.com/content_cvpr_2015/html/Fan_Combining_Local_Appearance_2015_CVPR_paper.html
CVPR-2015-P0148,Superpixel Segmentation Using Linear Spectral Clustering,CVPR-2015-A000544|CVPR-2015-A000545,CVPR,2015,https://openaccess.thecvf.com/content_cvpr_2015/html/Li_Superpixel_Segmentation_Using_2015_CVPR_paper.html
CVPR-2015-P0149,Person Count Localization in Videos From Noisy Foreground and Detections,CVPR-2015-A000546|CVPR-2015-A000547|CVPR-2015-A000548,CVPR,2015,https://openaccess.thecvf.com/content_cvpr_2015/html/Chen_Person_Count_Localization_2015_CVPR_paper.html
CVPR-2015-P0150,Good Features to Track for Visual SLAM,CVPR-2015-A000549|CVPR-2015-A000550,CVPR,2015,https://openaccess.thecvf.com/content_cvpr_2015/html/Zhang_Good_Features_to_2015_CVPR_paper.html
CVPR-2015-P0151,Discovering States and Transformations in Image Collections,CVPR-2015-A000551|CVPR-2015-A000552|CVPR-2015-A000553,CVPR,2015,https://openaccess.thecvf.com/content_cvpr_2015/html/Isola_Discovering_States_and_2015_CVPR_paper.html
CVPR-2015-P0152,Generalized Deformable Spatial Pyramid: Geometry-Preserving Dense Correspondence Estimation,CVPR-2015-A000554|CVPR-2015-A000555|CVPR-2015-A000556|CVPR-2015-A000557,CVPR,2015,https://openaccess.thecvf.com/content_cvpr_2015/html/Hur_Generalized_Deformable_Spatial_2015_CVPR_paper.html
CVPR-2015-P0153,Classifier Adaptation at Prediction Time,CVPR-2015-A000558|CVPR-2015-A000559,CVPR,2015,https://openaccess.thecvf.com/content_cvpr_2015/html/Royer_Classifier_Adaptation_at_2015_CVPR_paper.html
CVPR-2015-P0154,Phase-Based Frame Interpolation for Video,CVPR-2015-A000560|CVPR-2015-A000561|CVPR-2015-A000562|CVPR-2015-A000563|CVPR-2015-A000564,CVPR,2015,https://openaccess.thecvf.com/content_cvpr_2015/html/Meyer_Phase-Based_Frame_Interpolation_2015_CVPR_paper.html
CVPR-2015-P0155,Matching-CNN Meets KNN: Quasi-Parametric Human Parsing,CVPR-2015-A000565|CVPR-2015-A000566|CVPR-2015-A000567|CVPR-2015-A000568|CVPR-2015-A000569|CVPR-2015-A000570|CVPR-2015-A000571|CVPR-2015-A000572|CVPR-2015-A000573,CVPR,2015,https://openaccess.thecvf.com/content_cvpr_2015/html/Liu_Matching-CNN_Meets_KNN_2015_CVPR_paper.html
CVPR-2015-P0156,Absolute Pose for Cameras Under Flat Refractive Interfaces,CVPR-2015-A000574|CVPR-2015-A000575,CVPR,2015,https://openaccess.thecvf.com/content_cvpr_2015/html/Haner_Absolute_Pose_for_2015_CVPR_paper.html
CVPR-2015-P0157,Protecting Against Screenshots: An Image Processing Approach,CVPR-2015-A000576|CVPR-2015-A000577|CVPR-2015-A000578|CVPR-2015-A000579,CVPR,2015,https://openaccess.thecvf.com/content_cvpr_2015/html/Chia_Protecting_Against_Screenshots_2015_CVPR_paper.html
CVPR-2015-P0158,Pose-Conditioned Joint Angle Limits for 3D Human Pose Reconstruction,CVPR-2015-A000580|CVPR-2015-A000581,CVPR,2015,https://openaccess.thecvf.com/content_cvpr_2015/html/Akhter_Pose-Conditioned_Joint_Angle_2015_CVPR_paper.html
CVPR-2015-P0159,VisKE: Visual Knowledge Extraction and Question Answering by Visual Verification of Relation Phrases,CVPR-2015-A000582|CVPR-2015-A000583|CVPR-2015-A000584,CVPR,2015,https://openaccess.thecvf.com/content_cvpr_2015/html/Sadeghi_VisKE_Visual_Knowledge_2015_CVPR_paper.html
CVPR-2015-P0160,A Graphical Model Approach for Matching Partial Signatures,CVPR-2015-A000585|CVPR-2015-A000586|CVPR-2015-A000587,CVPR,2015,https://openaccess.thecvf.com/content_cvpr_2015/html/Du_A_Graphical_Model_2015_CVPR_paper.html
CVPR-2015-P0161,From Captions to Visual Concepts and Back,CVPR-2015-A000588|CVPR-2015-A000589|CVPR-2015-A000590|CVPR-2015-A000591|CVPR-2015-A000592|CVPR-2015-A000593|CVPR-2015-A000594|CVPR-2015-A000595|CVPR-2015-A000596|CVPR-2015-A000597|CVPR-2015-A000598|CVPR-2015-A000599,CVPR,2015,https://openaccess.thecvf.com/content_cvpr_2015/html/Fang_From_Captions_to_2015_CVPR_paper.html
CVPR-2015-P0162,Semi-Supervised Low-Rank Mapping Learning for Multi-Label Classification,CVPR-2015-A000600|CVPR-2015-A000601|CVPR-2015-A000602|CVPR-2015-A000603,CVPR,2015,https://openaccess.thecvf.com/content_cvpr_2015/html/Jing_Semi-Supervised_Low-Rank_Mapping_2015_CVPR_paper.html
CVPR-2015-P0163,ConceptLearner: Discovering Visual Concepts From Weakly Labeled Image Collections,CVPR-2015-A000604|CVPR-2015-A000605|CVPR-2015-A000606,CVPR,2015,https://openaccess.thecvf.com/content_cvpr_2015/html/Zhou_ConceptLearner_Discovering_Visual_2015_CVPR_paper.html
CVPR-2015-P0164,Computationally Bounded Retrieval,CVPR-2015-A000607|CVPR-2015-A000608|CVPR-2015-A000609|CVPR-2015-A000610,CVPR,2015,https://openaccess.thecvf.com/content_cvpr_2015/html/Rastegari_Computationally_Bounded_Retrieval_2015_CVPR_paper.html
CVPR-2015-P0165,Viewpoints and Keypoints,CVPR-2015-A000611|CVPR-2015-A000612,CVPR,2015,https://openaccess.thecvf.com/content_cvpr_2015/html/Tulsiani_Viewpoints_and_Keypoints_2015_CVPR_paper.html
CVPR-2015-P0166,Discrete Hyper-Graph Matching,CVPR-2015-A000613|CVPR-2015-A000614|CVPR-2015-A000615|CVPR-2015-A000616|CVPR-2015-A000617|CVPR-2015-A000618,CVPR,2015,https://openaccess.thecvf.com/content_cvpr_2015/html/Yan_Discrete_Hyper-Graph_Matching_2015_CVPR_paper.html
CVPR-2015-P0167,Rolling Shutter Motion Deblurring,CVPR-2015-A000619|CVPR-2015-A000620,CVPR,2015,https://openaccess.thecvf.com/content_cvpr_2015/html/Su_Rolling_Shutter_Motion_2015_CVPR_paper.html
CVPR-2015-P0168,Learning to Generate Chairs With Convolutional Neural Networks,CVPR-2015-A000621|CVPR-2015-A000622|CVPR-2015-A000623,CVPR,2015,https://openaccess.thecvf.com/content_cvpr_2015/html/Dosovitskiy_Learning_to_Generate_2015_CVPR_paper.html
CVPR-2015-P0169,Accurate Depth Map Estimation From a Lenslet Light Field Camera,CVPR-2015-A000624|CVPR-2015-A000625|CVPR-2015-A000626|CVPR-2015-A000627|CVPR-2015-A000628|CVPR-2015-A000629|CVPR-2015-A000630,CVPR,2015,https://openaccess.thecvf.com/content_cvpr_2015/html/Jeon_Accurate_Depth_Map_2015_CVPR_paper.html
CVPR-2015-P0170,Deep Semantic Ranking Based Hashing for Multi-Label Image Retrieval,CVPR-2015-A000631|CVPR-2015-A000632|CVPR-2015-A000633|CVPR-2015-A000634,CVPR,2015,https://openaccess.thecvf.com/content_cvpr_2015/html/Zhao_Deep_Semantic_Ranking_2015_CVPR_paper.html
CVPR-2015-P0171,Similarity Learning on an Explicit Polynomial Kernel Feature Map for Person Re-Identification,CVPR-2015-A000635|CVPR-2015-A000636|CVPR-2015-A000637|CVPR-2015-A000638|CVPR-2015-A000639,CVPR,2015,https://openaccess.thecvf.com/content_cvpr_2015/html/Chen_Similarity_Learning_on_2015_CVPR_paper.html
CVPR-2015-P0172,Learning to Propose Objects,CVPR-2015-A000640|CVPR-2015-A000641,CVPR,2015,https://openaccess.thecvf.com/content_cvpr_2015/html/Krahenbuhl_Learning_to_Propose_2015_CVPR_paper.html
CVPR-2015-P0173,Basis Mapping Based Boosting for Object Detection,CVPR-2015-A000642|CVPR-2015-A000643,CVPR,2015,https://openaccess.thecvf.com/content_cvpr_2015/html/Ren_Basis_Mapping_Based_2015_CVPR_paper.html
CVPR-2015-P0174,Computing the Stereo Matching Cost With a Convolutional Neural Network,CVPR-2015-A000644|CVPR-2015-A000645,CVPR,2015,https://openaccess.thecvf.com/content_cvpr_2015/html/Zbontar_Computing_the_Stereo_2015_CVPR_paper.html
CVPR-2015-P0175,Recognize Complex Events From Static Images by Fusing Deep Channels,CVPR-2015-A000646|CVPR-2015-A000647|CVPR-2015-A000648|CVPR-2015-A000649,CVPR,2015,https://openaccess.thecvf.com/content_cvpr_2015/html/Xiong_Recognize_Complex_Events_2015_CVPR_paper.html
CVPR-2015-P0176,Multi-Feature Max-Margin Hierarchical Bayesian Model for Action Recognition,CVPR-2015-A000650|CVPR-2015-A000651|CVPR-2015-A000652|CVPR-2015-A000653|CVPR-2015-A000654,CVPR,2015,https://openaccess.thecvf.com/content_cvpr_2015/html/Yang_Multi-Feature_Max-Margin_Hierarchical_2015_CVPR_paper.html
CVPR-2015-P0177,Model Recommendation: Generating Object Detectors From Few Samples,CVPR-2015-A000655|CVPR-2015-A000656,CVPR,2015,https://openaccess.thecvf.com/content_cvpr_2015/html/Wang_Model_Recommendation_Generating_2015_CVPR_paper.html
CVPR-2015-P0178,A Linear Least-Squares Solution to Elastic Shape-From-Template,CVPR-2015-A000657|CVPR-2015-A000658|CVPR-2015-A000659,CVPR,2015,https://openaccess.thecvf.com/content_cvpr_2015/html/Malti_A_Linear_Least-Squares_2015_CVPR_paper.html
CVPR-2015-P0179,Robust Large Scale Monocular Visual SLAM,CVPR-2015-A000660|CVPR-2015-A000661,CVPR,2015,https://openaccess.thecvf.com/content_cvpr_2015/html/Bourmaud_Robust_Large_Scale_2015_CVPR_paper.html
CVPR-2015-P0180,Membership Representation for Detecting Block-Diagonal Structure in Low-Rank or Sparse Subspace Clustering,CVPR-2015-A000662|CVPR-2015-A000663|CVPR-2015-A000664|CVPR-2015-A000665,CVPR,2015,https://openaccess.thecvf.com/content_cvpr_2015/html/Lee_Membership_Representation_for_2015_CVPR_paper.html
CVPR-2015-P0181,Bayesian Inference for Neighborhood Filters With Application in Denoising,CVPR-2015-A000666,CVPR,2015,https://openaccess.thecvf.com/content_cvpr_2015/html/Huang_Bayesian_Inference_for_2015_CVPR_paper.html
CVPR-2015-P0182,"Deep LAC: Deep Localization, Alignment and Classification for Fine-Grained Recognition",CVPR-2015-A000667|CVPR-2015-A000668|CVPR-2015-A000669|CVPR-2015-A000670,CVPR,2015,https://openaccess.thecvf.com/content_cvpr_2015/html/Lin_Deep_LAC_Deep_2015_CVPR_paper.html
CVPR-2015-P0183,Unconstrained Realtime Facial Performance Capture,CVPR-2015-A000671|CVPR-2015-A000672|CVPR-2015-A000673|CVPR-2015-A000674,CVPR,2015,https://openaccess.thecvf.com/content_cvpr_2015/html/Hsieh_Unconstrained_Realtime_Facial_2015_CVPR_paper.html
CVPR-2015-P0184,Blind Optical Aberration Correction by Exploring Geometric and Visual Priors,CVPR-2015-A000675|CVPR-2015-A000676|CVPR-2015-A000677|CVPR-2015-A000678|CVPR-2015-A000679,CVPR,2015,https://openaccess.thecvf.com/content_cvpr_2015/html/Yue_Blind_Optical_Aberration_2015_CVPR_paper.html
CVPR-2015-P0185,Ontological Supervision for Fine Grained Classification of Street View Storefronts,CVPR-2015-A000680|CVPR-2015-A000681|CVPR-2015-A000682|CVPR-2015-A000683|CVPR-2015-A000684|CVPR-2015-A000685,CVPR,2015,https://openaccess.thecvf.com/content_cvpr_2015/html/Movshovitz-Attias_Ontological_Supervision_for_2015_CVPR_paper.html
CVPR-2015-P0186,Finding Distractors In Images,CVPR-2015-A000686|CVPR-2015-A000687|CVPR-2015-A000688|CVPR-2015-A000689,CVPR,2015,https://openaccess.thecvf.com/content_cvpr_2015/html/Fried_Finding_Distractors_In_2015_CVPR_paper.html
CVPR-2015-P0187,From Image-Level to Pixel-Level Labeling With Convolutional Networks,CVPR-2015-A000690|CVPR-2015-A000691,CVPR,2015,https://openaccess.thecvf.com/content_cvpr_2015/html/Pinheiro_From_Image-Level_to_2015_CVPR_paper.html
CVPR-2015-P0188,Semantic Alignment of LiDAR Data at City Scale,CVPR-2015-A000692|CVPR-2015-A000693|CVPR-2015-A000694,CVPR,2015,https://openaccess.thecvf.com/content_cvpr_2015/html/Yu_Semantic_Alignment_of_2015_CVPR_paper.html
CVPR-2015-P0189,Oriented Edge Forests for Boundary Detection,CVPR-2015-A000695|CVPR-2015-A000696,CVPR,2015,https://openaccess.thecvf.com/content_cvpr_2015/html/Hallman_Oriented_Edge_Forests_2015_CVPR_paper.html
CVPR-2015-P0190,Query-Adaptive Late Fusion for Image Search and Person Re-Identification,CVPR-2015-A000697|CVPR-2015-A000698|CVPR-2015-A000699|CVPR-2015-A000700|CVPR-2015-A000701|CVPR-2015-A000702,CVPR,2015,https://openaccess.thecvf.com/content_cvpr_2015/html/Zheng_Query-Adaptive_Late_Fusion_2015_CVPR_paper.html
CVPR-2015-P0191,Filtered Feature Channels for Pedestrian Detection,CVPR-2015-A000703|CVPR-2015-A000704|CVPR-2015-A000705,CVPR,2015,https://openaccess.thecvf.com/content_cvpr_2015/html/Zhang_Filtered_Feature_Channels_2015_CVPR_paper.html
CVPR-2015-P0192,GRSA: Generalized Range Swap Algorithm for the Efficient Optimization of MRFs,CVPR-2015-A000706|CVPR-2015-A000707|CVPR-2015-A000708|CVPR-2015-A000709,CVPR,2015,https://openaccess.thecvf.com/content_cvpr_2015/html/Liu_GRSA_Generalized_Range_2015_CVPR_paper.html
CVPR-2015-P0193,PatchCut: Data-Driven Object Segmentation via Local Shape Transfer,CVPR-2015-A000710|CVPR-2015-A000711|CVPR-2015-A000712|CVPR-2015-A000713|CVPR-2015-A000714,CVPR,2015,https://openaccess.thecvf.com/content_cvpr_2015/html/Yang_PatchCut_Data-Driven_Object_2015_CVPR_paper.html
CVPR-2015-P0194,Illumination and Reflectance Spectra Separation of a Hyperspectral Image Meets Low-Rank Matrix Factorization,CVPR-2015-A000715|CVPR-2015-A000716|CVPR-2015-A000717,CVPR,2015,https://openaccess.thecvf.com/content_cvpr_2015/html/Zheng_Illumination_and_Reflectance_2015_CVPR_paper.html
CVPR-2015-P0195,Semantic Part Segmentation Using Compositional Model Combining Shape and Appearance,CVPR-2015-A000718|CVPR-2015-A000719,CVPR,2015,https://openaccess.thecvf.com/content_cvpr_2015/html/Wang_Semantic_Part_Segmentation_2015_CVPR_paper.html
CVPR-2015-P0196,A Discriminative CNN Video Representation for Event Detection,CVPR-2015-A000720|CVPR-2015-A000721|CVPR-2015-A000722,CVPR,2015,https://openaccess.thecvf.com/content_cvpr_2015/html/Xu_A_Discriminative_CNN_2015_CVPR_paper.html
CVPR-2015-P0197,24/7 Place Recognition by View Synthesis,CVPR-2015-A000723|CVPR-2015-A000724|CVPR-2015-A000725|CVPR-2015-A000726|CVPR-2015-A000727,CVPR,2015,https://openaccess.thecvf.com/content_cvpr_2015/html/Torii_247_Place_Recognition_2015_CVPR_paper.html
CVPR-2015-P0198,Understanding Image Virality,CVPR-2015-A000728|CVPR-2015-A000729,CVPR,2015,https://openaccess.thecvf.com/content_cvpr_2015/html/Deza_Understanding_Image_Virality_2015_CVPR_paper.html
CVPR-2015-P0199,Book2Movie: Aligning Video Scenes With Book Chapters,CVPR-2015-A000730|CVPR-2015-A000731|CVPR-2015-A000732,CVPR,2015,https://openaccess.thecvf.com/content_cvpr_2015/html/Tapaswi_Book2Movie_Aligning_Video_2015_CVPR_paper.html
CVPR-2015-P0200,3D Model-Based Continuous Emotion Recognition,CVPR-2015-A000733|CVPR-2015-A000734|CVPR-2015-A000735|CVPR-2015-A000736|CVPR-2015-A000737,CVPR,2015,https://openaccess.thecvf.com/content_cvpr_2015/html/Chen_3D_Model-Based_Continuous_2015_CVPR_paper.html
CVPR-2015-P0201,Learning to Rank in Person Re-Identification With Metric Ensembles,CVPR-2015-A000738|CVPR-2015-A000739|CVPR-2015-A000740,CVPR,2015,https://openaccess.thecvf.com/content_cvpr_2015/html/Paisitkriangkrai_Learning_to_Rank_2015_CVPR_paper.html
CVPR-2015-P0202,Making Better Use of Edges via Perceptual Grouping,CVPR-2015-A000741|CVPR-2015-A000742|CVPR-2015-A000743|CVPR-2015-A000744|CVPR-2015-A000745|CVPR-2015-A000746|CVPR-2015-A000747,CVPR,2015,https://openaccess.thecvf.com/content_cvpr_2015/html/Qi_Making_Better_Use_2015_CVPR_paper.html
CVPR-2015-P0203,Real-Time Joint Estimation of Camera Orientation and Vanishing Points,CVPR-2015-A000748|CVPR-2015-A000749,CVPR,2015,https://openaccess.thecvf.com/content_cvpr_2015/html/Lee_Real-Time_Joint_Estimation_2015_CVPR_paper.html
CVPR-2015-P0204,Sketch-Based 3D Shape Retrieval Using Convolutional Neural Networks,CVPR-2015-A000750|CVPR-2015-A000751|CVPR-2015-A000752,CVPR,2015,https://openaccess.thecvf.com/content_cvpr_2015/html/Wang_Sketch-Based_3D_Shape_2015_CVPR_paper.html
CVPR-2015-P0205,Salient Object Detection via Bootstrap Learning,CVPR-2015-A000753|CVPR-2015-A000754|CVPR-2015-A000755|CVPR-2015-A000756,CVPR,2015,https://openaccess.thecvf.com/content_cvpr_2015/html/Tong_Salient_Object_Detection_2015_CVPR_paper.html
CVPR-2015-P0206,Towards Open World Recognition,CVPR-2015-A000757|CVPR-2015-A000758,CVPR,2015,https://openaccess.thecvf.com/content_cvpr_2015/html/Bendale_Towards_Open_World_2015_CVPR_paper.html
CVPR-2015-P0207,Data-Driven 3D Voxel Patterns for Object Category Recognition,CVPR-2015-A000759|CVPR-2015-A000760|CVPR-2015-A000761|CVPR-2015-A000762,CVPR,2015,https://openaccess.thecvf.com/content_cvpr_2015/html/Xiang_Data-Driven_3D_Voxel_2015_CVPR_paper.html
CVPR-2015-P0208,3D ShapeNets: A Deep Representation for Volumetric Shapes,CVPR-2015-A000763|CVPR-2015-A000764|CVPR-2015-A000765|CVPR-2015-A000766|CVPR-2015-A000767|CVPR-2015-A000768|CVPR-2015-A000769,CVPR,2015,https://openaccess.thecvf.com/content_cvpr_2015/html/Wu_3D_ShapeNets_A_2015_CVPR_paper.html
CVPR-2015-P0209,Robust Image Alignment With Multiple Feature Descriptors and Matching-Guided Neighborhoods,CVPR-2015-A000770|CVPR-2015-A000771|CVPR-2015-A000772,CVPR,2015,https://openaccess.thecvf.com/content_cvpr_2015/html/Hsu_Robust_Image_Alignment_2015_CVPR_paper.html
CVPR-2015-P0210,Pushing the Frontiers of Unconstrained Face Detection and Recognition: IARPA Janus Benchmark A,CVPR-2015-A000773|CVPR-2015-A000774|CVPR-2015-A000775|CVPR-2015-A000776|CVPR-2015-A000777|CVPR-2015-A000778|CVPR-2015-A000779|CVPR-2015-A000780|CVPR-2015-A000781,CVPR,2015,https://openaccess.thecvf.com/content_cvpr_2015/html/Klare_Pushing_the_Frontiers_2015_CVPR_paper.html
CVPR-2015-P0211,"Depth From Shading, Defocus, and Correspondence Using Light-Field Angular Coherence",CVPR-2015-A000782|CVPR-2015-A000783|CVPR-2015-A000784|CVPR-2015-A000785|CVPR-2015-A000786,CVPR,2015,https://openaccess.thecvf.com/content_cvpr_2015/html/Tao_Depth_From_Shading_2015_CVPR_paper.html
CVPR-2015-P0212,New Insights Into Laplacian Similarity Search,CVPR-2015-A000787|CVPR-2015-A000788|CVPR-2015-A000789,CVPR,2015,https://openaccess.thecvf.com/content_cvpr_2015/html/Wu_New_Insights_Into_2015_CVPR_paper.html
CVPR-2015-P0213,Feature-Independent Context Estimation for Automatic Image Annotation,CVPR-2015-A000790|CVPR-2015-A000791,CVPR,2015,https://openaccess.thecvf.com/content_cvpr_2015/html/Tariq_Feature-Independent_Context_Estimation_2015_CVPR_paper.html
CVPR-2015-P0214,Category-Specific Object Reconstruction From a Single Image,CVPR-2015-A000792|CVPR-2015-A000793|CVPR-2015-A000794|CVPR-2015-A000795,CVPR,2015,https://openaccess.thecvf.com/content_cvpr_2015/html/Kar_Category-Specific_Object_Reconstruction_2015_CVPR_paper.html
CVPR-2015-P0215,Active Sample Selection and Correction Propagation on a Gradually-Augmented Graph,CVPR-2015-A000796|CVPR-2015-A000797|CVPR-2015-A000798|CVPR-2015-A000799,CVPR,2015,https://openaccess.thecvf.com/content_cvpr_2015/html/Su_Active_Sample_Selection_2015_CVPR_paper.html
CVPR-2015-P0216,Efficient and Accurate Approximations of Nonlinear Convolutional Networks,CVPR-2015-A000800|CVPR-2015-A000801|CVPR-2015-A000802|CVPR-2015-A000803|CVPR-2015-A000804,CVPR,2015,https://openaccess.thecvf.com/content_cvpr_2015/html/Zhang_Efficient_and_Accurate_2015_CVPR_paper.html
CVPR-2015-P0217,Ranking and Retrieval of Image Sequences From Multiple Paragraph Queries,CVPR-2015-A000805|CVPR-2015-A000806|CVPR-2015-A000807,CVPR,2015,https://openaccess.thecvf.com/content_cvpr_2015/html/Kim_Ranking_and_Retrieval_2015_CVPR_paper.html
CVPR-2015-P0218,Casual Stereoscopic Panorama Stitching,CVPR-2015-A000808|CVPR-2015-A000809,CVPR,2015,https://openaccess.thecvf.com/content_cvpr_2015/html/Zhang_Casual_Stereoscopic_Panorama_2015_CVPR_paper.html
CVPR-2015-P0219,Superpixel Meshes for Fast Edge-Preserving Surface Reconstruction,CVPR-2015-A000810|CVPR-2015-A000811|CVPR-2015-A000812,CVPR,2015,https://openaccess.thecvf.com/content_cvpr_2015/html/Bodis-Szomoru_Superpixel_Meshes_for_2015_CVPR_paper.html
CVPR-2015-P0220,Best-Buddies Similarity for Robust Template Matching,CVPR-2015-A000813|CVPR-2015-A000814|CVPR-2015-A000815|CVPR-2015-A000816|CVPR-2015-A000817,CVPR,2015,https://openaccess.thecvf.com/content_cvpr_2015/html/Dekel_Best-Buddies_Similarity_for_2015_CVPR_paper.html
CVPR-2015-P0221,Superdifferential Cuts for Binary Energies,CVPR-2015-A000818|CVPR-2015-A000819|CVPR-2015-A000820,CVPR,2015,https://openaccess.thecvf.com/content_cvpr_2015/html/Taniai_Superdifferential_Cuts_for_2015_CVPR_paper.html
CVPR-2015-P0222,The S-Hock Dataset: Analyzing Crowds at the Stadium,CVPR-2015-A000821|CVPR-2015-A000822|CVPR-2015-A000823|CVPR-2015-A000824|CVPR-2015-A000825|CVPR-2015-A000826|CVPR-2015-A000827,CVPR,2015,https://openaccess.thecvf.com/content_cvpr_2015/html/Conigliaro_The_S-Hock_Dataset_2015_CVPR_paper.html
CVPR-2015-P0223,Discriminant Analysis on Riemannian Manifold of Gaussian Distributions for Face Recognition With Image Sets,CVPR-2015-A000828|CVPR-2015-A000829|CVPR-2015-A000830|CVPR-2015-A000831|CVPR-2015-A000832,CVPR,2015,https://openaccess.thecvf.com/content_cvpr_2015/html/Wang_Discriminant_Analysis_on_2015_CVPR_paper.html
CVPR-2015-P0224,Texture Representations for Image and Video Synthesis,CVPR-2015-A000833|CVPR-2015-A000834|CVPR-2015-A000835,CVPR,2015,https://openaccess.thecvf.com/content_cvpr_2015/html/Georgiadis_Texture_Representations_for_2015_CVPR_paper.html
CVPR-2015-P0225,Shadow Optimization From Structured Deep Edge Detection,CVPR-2015-A000836|CVPR-2015-A000837|CVPR-2015-A000838,CVPR,2015,https://openaccess.thecvf.com/content_cvpr_2015/html/Shen_Shadow_Optimization_From_2015_CVPR_paper.html
CVPR-2015-P0226,Total Variation Regularization of Shape Signals,CVPR-2015-A000839|CVPR-2015-A000840|CVPR-2015-A000841|CVPR-2015-A000842|CVPR-2015-A000843,CVPR,2015,https://openaccess.thecvf.com/content_cvpr_2015/html/Baust_Total_Variation_Regularization_2015_CVPR_paper.html
CVPR-2015-P0227,Learning Similarity Metrics for Dynamic Scene Segmentation,CVPR-2015-A000844|CVPR-2015-A000845|CVPR-2015-A000846|CVPR-2015-A000847,CVPR,2015,https://openaccess.thecvf.com/content_cvpr_2015/html/Teney_Learning_Similarity_Metrics_2015_CVPR_paper.html
CVPR-2015-P0228,Subspace Clustering by Mixture of Gaussian Regression,CVPR-2015-A000848|CVPR-2015-A000849|CVPR-2015-A000850|CVPR-2015-A000851,CVPR,2015,https://openaccess.thecvf.com/content_cvpr_2015/html/Li_Subspace_Clustering_by_2015_CVPR_paper.html
CVPR-2015-P0229,DASC: Dense Adaptive Self-Correlation Descriptor for Multi-Modal and Multi-Spectral Correspondence,CVPR-2015-A000852|CVPR-2015-A000853|CVPR-2015-A000854|CVPR-2015-A000855|CVPR-2015-A000856|CVPR-2015-A000857,CVPR,2015,https://openaccess.thecvf.com/content_cvpr_2015/html/Kim_DASC_Dense_Adaptive_2015_CVPR_paper.html
CVPR-2015-P0230,In Defense of Color-Based Model-Free Tracking,CVPR-2015-A000858|CVPR-2015-A000859|CVPR-2015-A000860,CVPR,2015,https://openaccess.thecvf.com/content_cvpr_2015/html/Possegger_In_Defense_of_2015_CVPR_paper.html
CVPR-2015-P0231,Best of Both Worlds: Human-Machine Collaboration for Object Annotation,CVPR-2015-A000861|CVPR-2015-A000862|CVPR-2015-A000863,CVPR,2015,https://openaccess.thecvf.com/content_cvpr_2015/html/Russakovsky_Best_of_Both_2015_CVPR_paper.html
CVPR-2015-P0232,Robust Multiple Homography Estimation: An Ill-Solved Problem,CVPR-2015-A000864|CVPR-2015-A000865|CVPR-2015-A000866,CVPR,2015,https://openaccess.thecvf.com/content_cvpr_2015/html/Szpak_Robust_Multiple_Homography_2015_CVPR_paper.html
CVPR-2015-P0233,Semi-Supervised Domain Adaptation With Subspace Learning for Visual Recognition,CVPR-2015-A000867|CVPR-2015-A000868|CVPR-2015-A000869|CVPR-2015-A000870|CVPR-2015-A000871,CVPR,2015,https://openaccess.thecvf.com/content_cvpr_2015/html/Yao_Semi-Supervised_Domain_Adaptation_2015_CVPR_paper.html
CVPR-2015-P0234,Articulated Motion Discovery Using Pairs of Trajectories,CVPR-2015-A000872|CVPR-2015-A000873|CVPR-2015-A000874|CVPR-2015-A000875,CVPR,2015,https://openaccess.thecvf.com/content_cvpr_2015/html/Pero_Articulated_Motion_Discovery_2015_CVPR_paper.html
CVPR-2015-P0235,A Solution for Multi-Alignment by Transformation Synchronisation,CVPR-2015-A000876|CVPR-2015-A000877|CVPR-2015-A000878|CVPR-2015-A000879|CVPR-2015-A000880|CVPR-2015-A000881,CVPR,2015,https://openaccess.thecvf.com/content_cvpr_2015/html/Bernard_A_Solution_for_2015_CVPR_paper.html
CVPR-2015-P0236,A Convex Optimization Approach to Robust Fundamental Matrix Estimation,CVPR-2015-A000882|CVPR-2015-A000883|CVPR-2015-A000884|CVPR-2015-A000885,CVPR,2015,https://openaccess.thecvf.com/content_cvpr_2015/html/Cheng_A_Convex_Optimization_2015_CVPR_paper.html
CVPR-2015-P0237,Simultaneous Pose and Non-Rigid Shape With Particle Dynamics,CVPR-2015-A000886|CVPR-2015-A000887,CVPR,2015,https://openaccess.thecvf.com/content_cvpr_2015/html/Agudo_Simultaneous_Pose_and_2015_CVPR_paper.html
CVPR-2015-P0238,Semi-Supervised Learning With Explicit Relationship Regularization,CVPR-2015-A000888|CVPR-2015-A000889|CVPR-2015-A000890|CVPR-2015-A000891,CVPR,2015,https://openaccess.thecvf.com/content_cvpr_2015/html/Kim_Semi-Supervised_Learning_With_2015_CVPR_paper.html
CVPR-2015-P0239,Person Re-Identification by Local Maximal Occurrence Representation and Metric Learning,CVPR-2015-A000892|CVPR-2015-A000893|CVPR-2015-A000894|CVPR-2015-A000895,CVPR,2015,https://openaccess.thecvf.com/content_cvpr_2015/html/Liao_Person_Re-Identification_by_2015_CVPR_paper.html
CVPR-2015-P0240,Joint Patch and Multi-Label Learning for Facial Action Unit Detection,CVPR-2015-A000896|CVPR-2015-A000897|CVPR-2015-A000898|CVPR-2015-A000899|CVPR-2015-A000900,CVPR,2015,https://openaccess.thecvf.com/content_cvpr_2015/html/Zhao_Joint_Patch_and_2015_CVPR_paper.html
CVPR-2015-P0241,Real-Time Visual Analysis of Microvascular Blood Flow for Critical Care,CVPR-2015-A000901|CVPR-2015-A000902|CVPR-2015-A000903|CVPR-2015-A000904|CVPR-2015-A000905|CVPR-2015-A000906,CVPR,2015,https://openaccess.thecvf.com/content_cvpr_2015/html/Liu_Real-Time_Visual_Analysis_2015_CVPR_paper.html
CVPR-2015-P0242,JOTS: Joint Online Tracking and Segmentation,CVPR-2015-A000907|CVPR-2015-A000908|CVPR-2015-A000909|CVPR-2015-A000910|CVPR-2015-A000911,CVPR,2015,https://openaccess.thecvf.com/content_cvpr_2015/html/Wen_JOTS_Joint_Online_2015_CVPR_paper.html
CVPR-2015-P0243,Gaze-Enabled Egocentric Video Summarization via Constrained Submodular Maximization,CVPR-2015-A000912|CVPR-2015-A000913|CVPR-2015-A000914|CVPR-2015-A000915|CVPR-2015-A000916|CVPR-2015-A000917,CVPR,2015,https://openaccess.thecvf.com/content_cvpr_2015/html/Xu_Gaze-Enabled_Egocentric_Video_2015_CVPR_paper.html
CVPR-2015-P0244,Sparse Depth Super Resolution,CVPR-2015-A000918|CVPR-2015-A000919,CVPR,2015,https://openaccess.thecvf.com/content_cvpr_2015/html/Lu_Sparse_Depth_Super_2015_CVPR_paper.html
CVPR-2015-P0245,Efficient Illuminant Estimation for Color Constancy Using Grey Pixels,CVPR-2015-A000920|CVPR-2015-A000921|CVPR-2015-A000922,CVPR,2015,https://openaccess.thecvf.com/content_cvpr_2015/html/Yang_Efficient_Illuminant_Estimation_2015_CVPR_paper.html
CVPR-2015-P0246,Can Humans Fly? Action Understanding With Multiple Classes of Actors,CVPR-2015-A000923|CVPR-2015-A000924|CVPR-2015-A000925|CVPR-2015-A000926,CVPR,2015,https://openaccess.thecvf.com/content_cvpr_2015/html/Xu_Can_Humans_Fly_2015_CVPR_paper.html
CVPR-2015-P0247,Reweighted Laplace Prior Based Hyperspectral Compressive Sensing for Unknown Sparsity,CVPR-2015-A000927|CVPR-2015-A000928|CVPR-2015-A000929|CVPR-2015-A000930|CVPR-2015-A000931,CVPR,2015,https://openaccess.thecvf.com/content_cvpr_2015/html/Zhang_Reweighted_Laplace_Prior_2015_CVPR_paper.html
CVPR-2015-P0248,Class Consistent Multi-Modal Fusion With Binary Features,CVPR-2015-A000932|CVPR-2015-A000933|CVPR-2015-A000934|CVPR-2015-A000935|CVPR-2015-A000936,CVPR,2015,https://openaccess.thecvf.com/content_cvpr_2015/html/Shrivastava_Class_Consistent_Multi-Modal_2015_CVPR_paper.html
CVPR-2015-P0249,R6P - Rolling Shutter Absolute Camera Pose,CVPR-2015-A000937|CVPR-2015-A000938|CVPR-2015-A000939,CVPR,2015,https://openaccess.thecvf.com/content_cvpr_2015/html/Albl_R6P_-_Rolling_2015_CVPR_paper.html
CVPR-2015-P0250,Embedded Phase Shifting: Robust Phase Shifting With Embedded Signals,CVPR-2015-A000940|CVPR-2015-A000941|CVPR-2015-A000942,CVPR,2015,https://openaccess.thecvf.com/content_cvpr_2015/html/Moreno_Embedded_Phase_Shifting_2015_CVPR_paper.html
CVPR-2015-P0251,Shape and Light Directions From Shading and Polarization,CVPR-2015-A000943|CVPR-2015-A000944|CVPR-2015-A000945,CVPR,2015,https://openaccess.thecvf.com/content_cvpr_2015/html/Thanh_Shape_and_Light_2015_CVPR_paper.html
CVPR-2015-P0252,3D Deep Shape Descriptor,CVPR-2015-A000946|CVPR-2015-A000947|CVPR-2015-A000948|CVPR-2015-A000949|CVPR-2015-A000950|CVPR-2015-A000951|CVPR-2015-A000952,CVPR,2015,https://openaccess.thecvf.com/content_cvpr_2015/html/Fang_3D_Deep_Shape_2015_CVPR_paper.html
CVPR-2015-P0253,Cross-Age Face Verification by Coordinating With Cross-Face Age Verification,CVPR-2015-A000953|CVPR-2015-A000954,CVPR,2015,https://openaccess.thecvf.com/content_cvpr_2015/html/Du_Cross-Age_Face_Verification_2015_CVPR_paper.html
CVPR-2015-P0254,Beyond Mahalanobis Metric: Cayley-Klein Metric Learning,CVPR-2015-A000955|CVPR-2015-A000956|CVPR-2015-A000957,CVPR,2015,https://openaccess.thecvf.com/content_cvpr_2015/html/Bi_Beyond_Mahalanobis_Metric_2015_CVPR_paper.html
CVPR-2015-P0255,From Dictionary of Visual Words to Subspaces: Locality-Constrained Affine Subspace Coding,CVPR-2015-A000958|CVPR-2015-A000959|CVPR-2015-A000960,CVPR,2015,https://openaccess.thecvf.com/content_cvpr_2015/html/Li_From_Dictionary_of_2015_CVPR_paper.html
CVPR-2015-P0256,FPA-CS: Focal Plane Array-Based Compressive Imaging in Short-Wave Infrared,CVPR-2015-A000961|CVPR-2015-A000962|CVPR-2015-A000963|CVPR-2015-A000964,CVPR,2015,https://openaccess.thecvf.com/content_cvpr_2015/html/Chen_FPA-CS_Focal_Plane_2015_CVPR_paper.html
CVPR-2015-P0257,BOLD - Binary Online Learned Descriptor For Efficient Image Matching,CVPR-2015-A000965|CVPR-2015-A000966|CVPR-2015-A000967,CVPR,2015,https://openaccess.thecvf.com/content_cvpr_2015/html/Balntas_BOLD_-_Binary_2015_CVPR_paper.html
CVPR-2015-P0258,Defocus Deblurring and Superresolution for Time-of-Flight Depth Cameras,CVPR-2015-A000968|CVPR-2015-A000969|CVPR-2015-A000970|CVPR-2015-A000971|CVPR-2015-A000972|CVPR-2015-A000973|CVPR-2015-A000974,CVPR,2015,https://openaccess.thecvf.com/content_cvpr_2015/html/Xiao_Defocus_Deblurring_and_2015_CVPR_paper.html
CVPR-2015-P0259,Burst Deblurring: Removing Camera Shake Through Fourier Burst Accumulation,CVPR-2015-A000975|CVPR-2015-A000976,CVPR,2015,https://openaccess.thecvf.com/content_cvpr_2015/html/Delbracio_Burst_Deblurring_Removing_2015_CVPR_paper.html
CVPR-2015-P0260,SOM: Semantic Obviousness Metric for Image Quality Assessment,CVPR-2015-A000977|CVPR-2015-A000978|CVPR-2015-A000979|CVPR-2015-A000980,CVPR,2015,https://openaccess.thecvf.com/content_cvpr_2015/html/Zhang_SOM_Semantic_Obviousness_2015_CVPR_paper.html
CVPR-2015-P0261,DeepID-Net: Deformable Deep Convolutional Neural Networks for Object Detection,CVPR-2015-A000981|CVPR-2015-A000982|CVPR-2015-A000983|CVPR-2015-A000984|CVPR-2015-A000985|CVPR-2015-A000986|CVPR-2015-A000987|CVPR-2015-A000988|CVPR-2015-A000989|CVPR-2015-A000990|CVPR-2015-A000991,CVPR,2015,https://openaccess.thecvf.com/content_cvpr_2015/html/Ouyang_DeepID-Net_Deformable_Deep_2015_CVPR_paper.html
CVPR-2015-P0262,Efficient Globally Optimal Consensus Maximisation With Tree Search,CVPR-2015-A000992|CVPR-2015-A000993|CVPR-2015-A000994|CVPR-2015-A000995,CVPR,2015,https://openaccess.thecvf.com/content_cvpr_2015/html/Chin_Efficient_Globally_Optimal_2015_CVPR_paper.html
CVPR-2015-P0263,Mind's Eye: A Recurrent Visual Representation for Image Caption Generation,CVPR-2015-A000996|CVPR-2015-A000997,CVPR,2015,https://openaccess.thecvf.com/content_cvpr_2015/html/Chen_Minds_Eye_A_2015_CVPR_paper.html
CVPR-2015-P0264,Hierarchical Sparse Coding With Geometric Prior For Visual Geo-Location,CVPR-2015-A000998,CVPR,2015,https://openaccess.thecvf.com/content_cvpr_2015/html/Gopalan_Hierarchical_Sparse_Coding_2015_CVPR_paper.html
CVPR-2015-P0265,P3.5P: Pose Estimation With Unknown Focal Length,CVPR-2015-A000999,CVPR,2015,https://openaccess.thecvf.com/content_cvpr_2015/html/Wu_P3.5P_Pose_Estimation_2015_CVPR_paper.html
CVPR-2015-P0266,Joint Vanishing Point Extraction and Tracking,CVPR-2015-A001000|CVPR-2015-A001001|CVPR-2015-A001002,CVPR,2015,https://openaccess.thecvf.com/content_cvpr_2015/html/Kroeger_Joint_Vanishing_Point_2015_CVPR_paper.html
CVPR-2015-P0267,Learning a Non-Linear Knowledge Transfer Model for Cross-View Action Recognition,CVPR-2015-A001003|CVPR-2015-A001004,CVPR,2015,https://openaccess.thecvf.com/content_cvpr_2015/html/Rahmani_Learning_a_Non-Linear_2015_CVPR_paper.html
CVPR-2015-P0268,Random Tree Walk Toward Instantaneous 3D Human Pose Estimation,CVPR-2015-A001005|CVPR-2015-A001006|CVPR-2015-A001007|CVPR-2015-A001008,CVPR,2015,https://openaccess.thecvf.com/content_cvpr_2015/html/Jung_Random_Tree_Walk_2015_CVPR_paper.html
CVPR-2015-P0269,Deep Hashing for Compact Binary Codes Learning,CVPR-2015-A001009|CVPR-2015-A001010|CVPR-2015-A001011|CVPR-2015-A001012|CVPR-2015-A001013,CVPR,2015,https://openaccess.thecvf.com/content_cvpr_2015/html/Liong_Deep_Hashing_for_2015_CVPR_paper.html
CVPR-2015-P0270,Completing 3D Object Shape From One Depth Image,CVPR-2015-A001014|CVPR-2015-A001015|CVPR-2015-A001016|CVPR-2015-A001017|CVPR-2015-A001018|CVPR-2015-A001019,CVPR,2015,https://openaccess.thecvf.com/content_cvpr_2015/html/Rock_Completing_3D_Object_2015_CVPR_paper.html
CVPR-2015-P0271,Encoding Based Saliency Detection for Videos and Images,CVPR-2015-A001020|CVPR-2015-A001021|CVPR-2015-A001022|CVPR-2015-A001023,CVPR,2015,https://openaccess.thecvf.com/content_cvpr_2015/html/Mauthner_Encoding_Based_Saliency_2015_CVPR_paper.html
CVPR-2015-P0272,Online Sketching Hashing,CVPR-2015-A001024|CVPR-2015-A001025|CVPR-2015-A001026|CVPR-2015-A001027|CVPR-2015-A001028,CVPR,2015,https://openaccess.thecvf.com/content_cvpr_2015/html/Leng_Online_Sketching_Hashing_2015_CVPR_paper.html
CVPR-2015-P0273,Enriching Object Detection With 2D-3D Registration and Continuous Viewpoint Estimation,CVPR-2015-A001029|CVPR-2015-A001030|CVPR-2015-A001031|CVPR-2015-A001032,CVPR,2015,https://openaccess.thecvf.com/content_cvpr_2015/html/Choy_Enriching_Object_Detection_2015_CVPR_paper.html
CVPR-2015-P0274,Representing 3D Texture on Mesh Manifolds for Retrieval and Recognition Applications,CVPR-2015-A001033|CVPR-2015-A001034|CVPR-2015-A001035|CVPR-2015-A001036,CVPR,2015,https://openaccess.thecvf.com/content_cvpr_2015/html/Werghi_Representing_3D_Texture_2015_CVPR_paper.html
CVPR-2015-P0275,Saliency Propagation From Simple to Difficult,CVPR-2015-A001037|CVPR-2015-A001038|CVPR-2015-A001039|CVPR-2015-A001040|CVPR-2015-A001041|CVPR-2015-A001042|CVPR-2015-A001043,CVPR,2015,https://openaccess.thecvf.com/content_cvpr_2015/html/Gong_Saliency_Propagation_From_2015_CVPR_paper.html
CVPR-2015-P0276,Learning an Efficient Model of Hand Shape Variation From Depth Images,CVPR-2015-A001044|CVPR-2015-A001045|CVPR-2015-A001046|CVPR-2015-A001047|CVPR-2015-A001048|CVPR-2015-A001049,CVPR,2015,https://openaccess.thecvf.com/content_cvpr_2015/html/Khamis_Learning_an_Efficient_2015_CVPR_paper.html
CVPR-2015-P0277,On the Minimal Problems of Low-Rank Matrix Factorization,CVPR-2015-A001050|CVPR-2015-A001051|CVPR-2015-A001052,CVPR,2015,https://openaccess.thecvf.com/content_cvpr_2015/html/Jiang_On_the_Minimal_2015_CVPR_paper.html
CVPR-2015-P0278,Symmetry-Based Text Line Detection in Natural Scenes,CVPR-2015-A001053|CVPR-2015-A001054|CVPR-2015-A001055|CVPR-2015-A001056,CVPR,2015,https://openaccess.thecvf.com/content_cvpr_2015/html/Zhang_Symmetry-Based_Text_Line_2015_CVPR_paper.html
CVPR-2015-P0279,DevNet: A Deep Event Network for Multimedia Event Detection and Evidence Recounting,CVPR-2015-A001057|CVPR-2015-A001058|CVPR-2015-A001059|CVPR-2015-A001060|CVPR-2015-A001061,CVPR,2015,https://openaccess.thecvf.com/content_cvpr_2015/html/Gan_DevNet_A_Deep_2015_CVPR_paper.html
CVPR-2015-P0280,Learning to Detect Motion Boundaries,CVPR-2015-A001062|CVPR-2015-A001063|CVPR-2015-A001064|CVPR-2015-A001065,CVPR,2015,https://openaccess.thecvf.com/content_cvpr_2015/html/Weinzaepfel_Learning_to_Detect_2015_CVPR_paper.html
CVPR-2015-P0281,Improving Object Proposals With Multi-Thresholding Straddling Expansion,CVPR-2015-A001066|CVPR-2015-A001067|CVPR-2015-A001068|CVPR-2015-A001069,CVPR,2015,https://openaccess.thecvf.com/content_cvpr_2015/html/Chen_Improving_Object_Proposals_2015_CVPR_paper.html
CVPR-2015-P0282,Visual Recognition by Counting Instances: A Multi-Instance Cardinality Potential Kernel,CVPR-2015-A001070|CVPR-2015-A001071|CVPR-2015-A001072|CVPR-2015-A001073,CVPR,2015,https://openaccess.thecvf.com/content_cvpr_2015/html/Hajimirsadeghi_Visual_Recognition_by_2015_CVPR_paper.html
CVPR-2015-P0283,Unconstrained 3D Face Reconstruction,CVPR-2015-A001074|CVPR-2015-A001075|CVPR-2015-A001076,CVPR,2015,https://openaccess.thecvf.com/content_cvpr_2015/html/Roth_Unconstrained_3D_Face_2015_CVPR_paper.html
CVPR-2015-P0284,Becoming the Expert - Interactive Multi-Class Machine Teaching,CVPR-2015-A001077|CVPR-2015-A001078|CVPR-2015-A001079,CVPR,2015,https://openaccess.thecvf.com/content_cvpr_2015/html/Johns_Becoming_the_Expert_2015_CVPR_paper.html
CVPR-2015-P0285,Long-Term Recurrent Convolutional Networks for Visual Recognition and Description,CVPR-2015-A001080|CVPR-2015-A001081|CVPR-2015-A001082|CVPR-2015-A001083|CVPR-2015-A001084|CVPR-2015-A001085|CVPR-2015-A001086,CVPR,2015,https://openaccess.thecvf.com/content_cvpr_2015/html/Donahue_Long-Term_Recurrent_Convolutional_2015_CVPR_paper.html
CVPR-2015-P0286,Zero-Shot Object Recognition by Semantic Manifold Distance,CVPR-2015-A001087|CVPR-2015-A001088|CVPR-2015-A001089|CVPR-2015-A001090,CVPR,2015,https://openaccess.thecvf.com/content_cvpr_2015/html/Fu_Zero-Shot_Object_Recognition_2015_CVPR_paper.html
CVPR-2015-P0287,Hyper-Class Augmented and Regularized Deep Learning for Fine-Grained Image Classification,CVPR-2015-A001091|CVPR-2015-A001092|CVPR-2015-A001093|CVPR-2015-A001094,CVPR,2015,https://openaccess.thecvf.com/content_cvpr_2015/html/Xie_Hyper-Class_Augmented_and_2015_CVPR_paper.html
CVPR-2015-P0288,Direct Structure Estimation for 3D Reconstruction,CVPR-2015-A001095|CVPR-2015-A001096|CVPR-2015-A001097|CVPR-2015-A001098,CVPR,2015,https://openaccess.thecvf.com/content_cvpr_2015/html/Jiang_Direct_Structure_Estimation_2015_CVPR_paper.html
CVPR-2015-P0289,Global Supervised Descent Method,CVPR-2015-A001099|CVPR-2015-A001100,CVPR,2015,https://openaccess.thecvf.com/content_cvpr_2015/html/Xiong_Global_Supervised_Descent_2015_CVPR_paper.html
CVPR-2015-P0290,Robust Camera Location Estimation by Convex Programming,CVPR-2015-A001101|CVPR-2015-A001102,CVPR,2015,https://openaccess.thecvf.com/content_cvpr_2015/html/Ozyesil_Robust_Camera_Location_2015_CVPR_paper.html
CVPR-2015-P0291,Practical Robust Two-View Translation Estimation,CVPR-2015-A001103|CVPR-2015-A001104|CVPR-2015-A001105,CVPR,2015,https://openaccess.thecvf.com/content_cvpr_2015/html/Fredriksson_Practical_Robust_Two-View_2015_CVPR_paper.html
CVPR-2015-P0292,Learning From Massive Noisy Labeled Data for Image Classification,CVPR-2015-A001106|CVPR-2015-A001107|CVPR-2015-A001108|CVPR-2015-A001109|CVPR-2015-A001110,CVPR,2015,https://openaccess.thecvf.com/content_cvpr_2015/html/Xiao_Learning_From_Massive_2015_CVPR_paper.html
CVPR-2015-P0293,KL Divergence Based Agglomerative Clustering for Automated Vitiligo Grading,CVPR-2015-A001111|CVPR-2015-A001112|CVPR-2015-A001113|CVPR-2015-A001114,CVPR,2015,https://openaccess.thecvf.com/content_cvpr_2015/html/Gupta_KL_Divergence_Based_2015_CVPR_paper.html
CVPR-2015-P0294,Robust Saliency Detection via Regularized Random Walks Ranking,CVPR-2015-A001115|CVPR-2015-A001116|CVPR-2015-A001117|CVPR-2015-A001118|CVPR-2015-A001119,CVPR,2015,https://openaccess.thecvf.com/content_cvpr_2015/html/Li_Robust_Saliency_Detection_2015_CVPR_paper.html
CVPR-2015-P0295,Weakly Supervised Semantic Segmentation for Social Images,CVPR-2015-A001120|CVPR-2015-A001121|CVPR-2015-A001122|CVPR-2015-A001123,CVPR,2015,https://openaccess.thecvf.com/content_cvpr_2015/html/Zhang_Weakly_Supervised_Semantic_2015_CVPR_paper.html
CVPR-2015-P0296,Image Specificity,CVPR-2015-A001124|CVPR-2015-A001125,CVPR,2015,https://openaccess.thecvf.com/content_cvpr_2015/html/Jas_Image_Specificity_2015_CVPR_paper.html
CVPR-2015-P0297,A Multi-Plane Block-Coordinate Frank-Wolfe Algorithm for Training Structural SVMs With a Costly Max-Oracle,CVPR-2015-A001126|CVPR-2015-A001127|CVPR-2015-A001128,CVPR,2015,https://openaccess.thecvf.com/content_cvpr_2015/html/Shah_A_Multi-Plane_Block-Coordinate_2015_CVPR_paper.html
CVPR-2015-P0298,Web-Scale Training for Face Identification,CVPR-2015-A001129|CVPR-2015-A001130|CVPR-2015-A001131|CVPR-2015-A001132,CVPR,2015,https://openaccess.thecvf.com/content_cvpr_2015/html/Taigman_Web-Scale_Training_for_2015_CVPR_paper.html
CVPR-2015-P0299,Dynamically Encoded Actions Based on Spacetime Saliency,CVPR-2015-A001133|CVPR-2015-A001134|CVPR-2015-A001135,CVPR,2015,https://openaccess.thecvf.com/content_cvpr_2015/html/Feichtenhofer_Dynamically_Encoded_Actions_2015_CVPR_paper.html
CVPR-2015-P0300,Three Viewpoints Toward Exemplar SVM,CVPR-2015-A001136,CVPR,2015,https://openaccess.thecvf.com/content_cvpr_2015/html/Kobayashi_Three_Viewpoints_Toward_2015_CVPR_paper.html
CVPR-2015-P0301,Visual Recognition by Learning From Web Data: A Weakly Supervised Domain Generalization Approach,CVPR-2015-A001137|CVPR-2015-A001138|CVPR-2015-A001139,CVPR,2015,https://openaccess.thecvf.com/content_cvpr_2015/html/Niu_Visual_Recognition_by_2015_CVPR_paper.html
CVPR-2015-P0302,Clustering of Static-Adaptive Correspondences for Deformable Object Tracking,CVPR-2015-A001140|CVPR-2015-A001141,CVPR,2015,https://openaccess.thecvf.com/content_cvpr_2015/html/Nebehay_Clustering_of_Static-Adaptive_2015_CVPR_paper.html
CVPR-2015-P0303,Geo-Semantic Segmentation,CVPR-2015-A001142|CVPR-2015-A001143|CVPR-2015-A001144,CVPR,2015,https://openaccess.thecvf.com/content_cvpr_2015/html/Ardeshir_Geo-Semantic_Segmentation_2015_CVPR_paper.html
CVPR-2015-P0304,Towards Unified Depth and Semantic Prediction From a Single Image,CVPR-2015-A001145|CVPR-2015-A001146|CVPR-2015-A001147|CVPR-2015-A001148|CVPR-2015-A001149|CVPR-2015-A001150,CVPR,2015,https://openaccess.thecvf.com/content_cvpr_2015/html/Wang_Towards_Unified_Depth_2015_CVPR_paper.html
CVPR-2015-P0305,Towards Force Sensing From Vision: Observing Hand-Object Interactions to Infer Manipulation Forces,CVPR-2015-A001151|CVPR-2015-A001152|CVPR-2015-A001153|CVPR-2015-A001154,CVPR,2015,https://openaccess.thecvf.com/content_cvpr_2015/html/Pham_Towards_Force_Sensing_2015_CVPR_paper.html
CVPR-2015-P0306,A MRF Shape Prior for Facade Parsing With Occlusions,CVPR-2015-A001155|CVPR-2015-A001156|CVPR-2015-A001157|CVPR-2015-A001158|CVPR-2015-A001159,CVPR,2015,https://openaccess.thecvf.com/content_cvpr_2015/html/Kozinski_A_MRF_Shape_2015_CVPR_paper.html
CVPR-2015-P0307,Probability Occupancy Maps for Occluded Depth Images,CVPR-2015-A001160|CVPR-2015-A001161|CVPR-2015-A001162,CVPR,2015,https://openaccess.thecvf.com/content_cvpr_2015/html/Bagautdinov_Probability_Occupancy_Maps_2015_CVPR_paper.html
CVPR-2015-P0308,Segment Based 3D Object Shape Priors,CVPR-2015-A001163|CVPR-2015-A001164|CVPR-2015-A001165,CVPR,2015,https://openaccess.thecvf.com/content_cvpr_2015/html/Mahabadi_Segment_Based_3D_2015_CVPR_paper.html
CVPR-2015-P0309,Shape-From-Template in Flatland,CVPR-2015-A001166|CVPR-2015-A001167|CVPR-2015-A001168|CVPR-2015-A001169,CVPR,2015,https://openaccess.thecvf.com/content_cvpr_2015/html/Gallardo_Shape-From-Template_in_Flatland_2015_CVPR_paper.html
CVPR-2015-P0310,"Understanding Tools: Task-Oriented Object Modeling, Learning and Recognition",CVPR-2015-A001170|CVPR-2015-A001171|CVPR-2015-A001172,CVPR,2015,https://openaccess.thecvf.com/content_cvpr_2015/html/Zhu_Understanding_Tools_Task-Oriented_2015_CVPR_paper.html
CVPR-2015-P0311,Deep Roto-Translation Scattering for Object Classification,CVPR-2015-A001173|CVPR-2015-A001174,CVPR,2015,https://openaccess.thecvf.com/content_cvpr_2015/html/Oyallon_Deep_Roto-Translation_Scattering_2015_CVPR_paper.html
CVPR-2015-P0312,Non-Rigid Registration of Images With Geometric and Photometric Deformation by Using Local Affine Fourier-Moment Matching,CVPR-2015-A001175|CVPR-2015-A001176,CVPR,2015,https://openaccess.thecvf.com/content_cvpr_2015/html/Su_Non-Rigid_Registration_of_2015_CVPR_paper.html
CVPR-2015-P0313,Detector Discovery in the Wild: Joint Multiple Instance and Representation Learning,CVPR-2015-A001177|CVPR-2015-A001178|CVPR-2015-A001179|CVPR-2015-A001180,CVPR,2015,https://openaccess.thecvf.com/content_cvpr_2015/html/Hoffman_Detector_Discovery_in_2015_CVPR_paper.html
CVPR-2015-P0314,"Deeply Learned Face Representations Are Sparse, Selective, and Robust",CVPR-2015-A001181|CVPR-2015-A001182|CVPR-2015-A001183,CVPR,2015,https://openaccess.thecvf.com/content_cvpr_2015/html/Sun_Deeply_Learned_Face_2015_CVPR_paper.html
CVPR-2015-P0315,Unsupervised Visual Alignment With Similarity Graphs,CVPR-2015-A001184|CVPR-2015-A001185|CVPR-2015-A001186,CVPR,2015,https://openaccess.thecvf.com/content_cvpr_2015/html/Yancheshmeh_Unsupervised_Visual_Alignment_2015_CVPR_paper.html
CVPR-2015-P0316,Video Anomaly Detection and Localization Using Hierarchical Feature Representation and Gaussian Process Regression,CVPR-2015-A001187|CVPR-2015-A001188|CVPR-2015-A001189,CVPR,2015,https://openaccess.thecvf.com/content_cvpr_2015/html/Cheng_Video_Anomaly_Detection_2015_CVPR_paper.html
CVPR-2015-P0317,Inferring 3D Layout of Building Facades From a Single Image,CVPR-2015-A001190|CVPR-2015-A001191|CVPR-2015-A001192,CVPR,2015,https://openaccess.thecvf.com/content_cvpr_2015/html/Pan_Inferring_3D_Layout_2015_CVPR_paper.html
CVPR-2015-P0318,Evaluation of Output Embeddings for Fine-Grained Image Classification,CVPR-2015-A001193|CVPR-2015-A001194|CVPR-2015-A001195|CVPR-2015-A001196|CVPR-2015-A001197,CVPR,2015,https://openaccess.thecvf.com/content_cvpr_2015/html/Akata_Evaluation_of_Output_2015_CVPR_paper.html
CVPR-2015-P0319,Virtual View Networks for Object Reconstruction,CVPR-2015-A001198|CVPR-2015-A001199|CVPR-2015-A001200|CVPR-2015-A001201,CVPR,2015,https://openaccess.thecvf.com/content_cvpr_2015/html/Carreira_Virtual_View_Networks_2015_CVPR_paper.html
CVPR-2015-P0320,Real-Time Coarse-to-Fine Topologically Preserving Segmentation,CVPR-2015-A001202|CVPR-2015-A001203|CVPR-2015-A001204|CVPR-2015-A001205,CVPR,2015,https://openaccess.thecvf.com/content_cvpr_2015/html/Yao_Real-Time_Coarse-to-Fine_Topologically_2015_CVPR_paper.html
CVPR-2015-P0321,Supervised Mid-Level Features for Word Image Representation,CVPR-2015-A001206,CVPR,2015,https://openaccess.thecvf.com/content_cvpr_2015/html/Gordo_Supervised_Mid-Level_Features_2015_CVPR_paper.html
CVPR-2015-P0322,Learning Lightness From Human Judgement on Relative Reflectance,CVPR-2015-A001207|CVPR-2015-A001208|CVPR-2015-A001209,CVPR,2015,https://openaccess.thecvf.com/content_cvpr_2015/html/Narihira_Learning_Lightness_From_2015_CVPR_paper.html
CVPR-2015-P0323,Scene Classification With Semantic Fisher Vectors,CVPR-2015-A001210|CVPR-2015-A001211|CVPR-2015-A001212|CVPR-2015-A001213|CVPR-2015-A001214,CVPR,2015,https://openaccess.thecvf.com/content_cvpr_2015/html/Dixit_Scene_Classification_With_2015_CVPR_paper.html
CVPR-2015-P0324,"Don't Just Listen, Use Your Imagination: Leveraging Visual Common Sense for Non-Visual Tasks",CVPR-2015-A001215|CVPR-2015-A001216,CVPR,2015,https://openaccess.thecvf.com/content_cvpr_2015/html/Lin_Dont_Just_Listen_2015_CVPR_paper.html
CVPR-2015-P0325,Co-Saliency Detection via Looking Deep and Wide,CVPR-2015-A001217|CVPR-2015-A001218|CVPR-2015-A001219|CVPR-2015-A001220,CVPR,2015,https://openaccess.thecvf.com/content_cvpr_2015/html/Zhang_Co-Saliency_Detection_via_2015_CVPR_paper.html
CVPR-2015-P0326,Adopting an Unconstrained Ray Model in Light-Field Cameras for 3D Shape Reconstruction,CVPR-2015-A001221|CVPR-2015-A001222|CVPR-2015-A001223|CVPR-2015-A001224|CVPR-2015-A001225|CVPR-2015-A001226,CVPR,2015,https://openaccess.thecvf.com/content_cvpr_2015/html/Bergamasco_Adopting_an_Unconstrained_2015_CVPR_paper.html
CVPR-2015-P0327,Towards 3D Object Detection With Bimodal Deep Boltzmann Machines Over RGBD Imagery,CVPR-2015-A001227|CVPR-2015-A001228|CVPR-2015-A001229,CVPR,2015,https://openaccess.thecvf.com/content_cvpr_2015/html/Liu_Towards_3D_Object_2015_CVPR_paper.html
CVPR-2015-P0328,An Active Search Strategy for Efficient Object Class Detection,CVPR-2015-A001230|CVPR-2015-A001231|CVPR-2015-A001232,CVPR,2015,https://openaccess.thecvf.com/content_cvpr_2015/html/Gonzalez-Garcia_An_Active_Search_2015_CVPR_paper.html
CVPR-2015-P0329,Geodesic Exponential Kernels: When Curvature and Linearity Conflict,CVPR-2015-A001233|CVPR-2015-A001234|CVPR-2015-A001235,CVPR,2015,https://openaccess.thecvf.com/content_cvpr_2015/html/Feragen_Geodesic_Exponential_Kernels_2015_CVPR_paper.html
CVPR-2015-P0330,Transformation-Invariant Convolutional Jungles,CVPR-2015-A001236|CVPR-2015-A001237,CVPR,2015,https://openaccess.thecvf.com/content_cvpr_2015/html/Laptev_Transformation-Invariant_Convolutional_Jungles_2015_CVPR_paper.html
CVPR-2015-P0331,Exemplar SVMs as Visual Feature Encoders,CVPR-2015-A001238|CVPR-2015-A001239,CVPR,2015,https://openaccess.thecvf.com/content_cvpr_2015/html/Zepeda_Exemplar_SVMs_as_2015_CVPR_paper.html
CVPR-2015-P0332,Object Scene Flow for Autonomous Vehicles,CVPR-2015-A001240|CVPR-2015-A001241,CVPR,2015,https://openaccess.thecvf.com/content_cvpr_2015/html/Menze_Object_Scene_Flow_2015_CVPR_paper.html
CVPR-2015-P0333,Reflectance Hashing for Material Recognition,CVPR-2015-A001242|CVPR-2015-A001243|CVPR-2015-A001244,CVPR,2015,https://openaccess.thecvf.com/content_cvpr_2015/html/Zhang_Reflectance_Hashing_for_2015_CVPR_paper.html
CVPR-2015-P0334,Joint Photo Stream and Blog Post Summarization and Exploration,CVPR-2015-A001245|CVPR-2015-A001246|CVPR-2015-A001247,CVPR,2015,https://openaccess.thecvf.com/content_cvpr_2015/html/Kim_Joint_Photo_Stream_2015_CVPR_paper.html
CVPR-2015-P0335,Video Summarization by Learning Submodular Mixtures of Objectives,CVPR-2015-A001248|CVPR-2015-A001249|CVPR-2015-A001250,CVPR,2015,https://openaccess.thecvf.com/content_cvpr_2015/html/Gygli_Video_Summarization_by_2015_CVPR_paper.html
CVPR-2015-P0336,Building Proteins in a Day: Efficient 3D Molecular Reconstruction,CVPR-2015-A001251|CVPR-2015-A001252|CVPR-2015-A001253,CVPR,2015,https://openaccess.thecvf.com/content_cvpr_2015/html/Brubaker_Building_Proteins_in_2015_CVPR_paper.html
CVPR-2015-P0337,Learning Descriptors for Object Recognition and 3D Pose Estimation,CVPR-2015-A001254|CVPR-2015-A001255,CVPR,2015,https://openaccess.thecvf.com/content_cvpr_2015/html/Wohlhart_Learning_Descriptors_for_2015_CVPR_paper.html
CVPR-2015-P0338,Image Partitioning Into Convex Polygons,CVPR-2015-A001256|CVPR-2015-A001257,CVPR,2015,https://openaccess.thecvf.com/content_cvpr_2015/html/Duan_Image_Partitioning_Into_2015_CVPR_paper.html
CVPR-2015-P0339,Deep Visual-Semantic Alignments for Generating Image Descriptions,CVPR-2015-A001258|CVPR-2015-A001259,CVPR,2015,https://openaccess.thecvf.com/content_cvpr_2015/html/Karpathy_Deep_Visual-Semantic_Alignments_2015_CVPR_paper.html
CVPR-2015-P0340,Unsupervised Learning of Complex Articulated Kinematic Structures Combining Motion and Skeleton Information,CVPR-2015-A001260|CVPR-2015-A001261,CVPR,2015,https://openaccess.thecvf.com/content_cvpr_2015/html/Chang_Unsupervised_Learning_of_2015_CVPR_paper.html
CVPR-2015-P0341,Elastic Functional Coding of Human Actions: From Vector-Fields to Latent Variables,CVPR-2015-A001262|CVPR-2015-A001263|CVPR-2015-A001264|CVPR-2015-A001265,CVPR,2015,https://openaccess.thecvf.com/content_cvpr_2015/html/Anirudh_Elastic_Functional_Coding_2015_CVPR_paper.html
CVPR-2015-P0342,Show and Tell: A Neural Image Caption Generator,CVPR-2015-A001266|CVPR-2015-A001267|CVPR-2015-A001268|CVPR-2015-A001269,CVPR,2015,https://openaccess.thecvf.com/content_cvpr_2015/html/Vinyals_Show_and_Tell_2015_CVPR_paper.html
CVPR-2015-P0343,Descriptor Free Visual Indoor Localization With Line Segments,CVPR-2015-A001270|CVPR-2015-A001271,CVPR,2015,https://openaccess.thecvf.com/content_cvpr_2015/html/Micusik_Descriptor_Free_Visual_2015_CVPR_paper.html
CVPR-2015-P0344,Fixation Bank: Learning to Reweight Fixation Candidates,CVPR-2015-A001272|CVPR-2015-A001273|CVPR-2015-A001274,CVPR,2015,https://openaccess.thecvf.com/content_cvpr_2015/html/Zhao_Fixation_Bank_Learning_2015_CVPR_paper.html
CVPR-2015-P0345,Deep Networks for Saliency Detection via Local Estimation and Global Search,CVPR-2015-A001275|CVPR-2015-A001276|CVPR-2015-A001277|CVPR-2015-A001278,CVPR,2015,https://openaccess.thecvf.com/content_cvpr_2015/html/Wang_Deep_Networks_for_2015_CVPR_paper.html
CVPR-2015-P0346,Reflection Removal Using Ghosting Cues,CVPR-2015-A001279|CVPR-2015-A001280|CVPR-2015-A001281|CVPR-2015-A001282,CVPR,2015,https://openaccess.thecvf.com/content_cvpr_2015/html/Shih_Reflection_Removal_Using_2015_CVPR_paper.html
CVPR-2015-P0347,A Dataset for Movie Description,CVPR-2015-A001283|CVPR-2015-A001284|CVPR-2015-A001285|CVPR-2015-A001286,CVPR,2015,https://openaccess.thecvf.com/content_cvpr_2015/html/Rohrbach_A_Dataset_for_2015_CVPR_paper.html
CVPR-2015-P0348,Fast and Robust Hand Tracking Using Detection-Guided Optimization,CVPR-2015-A001287|CVPR-2015-A001288|CVPR-2015-A001289|CVPR-2015-A001290,CVPR,2015,https://openaccess.thecvf.com/content_cvpr_2015/html/Sridhar_Fast_and_Robust_2015_CVPR_paper.html
CVPR-2015-P0349,Efficient SDP Inference for Fully-Connected CRFs Based on Low-Rank Decomposition,CVPR-2015-A001291|CVPR-2015-A001292|CVPR-2015-A001293,CVPR,2015,https://openaccess.thecvf.com/content_cvpr_2015/html/Wang_Efficient_SDP_Inference_2015_CVPR_paper.html
CVPR-2015-P0350,Discriminative Learning of Iteration-Wise Priors for Blind Deconvolution,CVPR-2015-A001294|CVPR-2015-A001295|CVPR-2015-A001296|CVPR-2015-A001297|CVPR-2015-A001298,CVPR,2015,https://openaccess.thecvf.com/content_cvpr_2015/html/Zuo_Discriminative_Learning_of_2015_CVPR_paper.html
CVPR-2015-P0351,Eye Tracking Assisted Extraction of Attentionally Important Objects From Videos,CVPR-2015-A001299|CVPR-2015-A001300|CVPR-2015-A001301|CVPR-2015-A001302,CVPR,2015,https://openaccess.thecvf.com/content_cvpr_2015/html/Vadivel_Eye_Tracking_Assisted_2015_CVPR_paper.html
CVPR-2015-P0352,Multi-View Feature Engineering and Learning,CVPR-2015-A001303|CVPR-2015-A001304|CVPR-2015-A001305|CVPR-2015-A001306|CVPR-2015-A001307|CVPR-2015-A001308,CVPR,2015,https://openaccess.thecvf.com/content_cvpr_2015/html/Dong_Multi-View_Feature_Engineering_2015_CVPR_paper.html
CVPR-2015-P0353,Self Scaled Regularized Robust Regression,CVPR-2015-A001309|CVPR-2015-A001310|CVPR-2015-A001311|CVPR-2015-A001312,CVPR,2015,https://openaccess.thecvf.com/content_cvpr_2015/html/Wang_Self_Scaled_Regularized_2015_CVPR_paper.html
CVPR-2015-P0354,Simultaneous Feature Learning and Hash Coding With Deep Neural Networks,CVPR-2015-A001313|CVPR-2015-A001314|CVPR-2015-A001315|CVPR-2015-A001316,CVPR,2015,https://openaccess.thecvf.com/content_cvpr_2015/html/Lai_Simultaneous_Feature_Learning_2015_CVPR_paper.html
CVPR-2015-P0355,MatchNet: Unifying Feature and Metric Learning for Patch-Based Matching,CVPR-2015-A001317|CVPR-2015-A001318|CVPR-2015-A001319|CVPR-2015-A001320|CVPR-2015-A001321,CVPR,2015,https://openaccess.thecvf.com/content_cvpr_2015/html/Han_MatchNet_Unifying_Feature_2015_CVPR_paper.html
CVPR-2015-P0356,Reconstructing the World* in Six Days *(As Captured by the Yahoo 100 Million Image Dataset),CVPR-2015-A001322|CVPR-2015-A001323|CVPR-2015-A001324|CVPR-2015-A001325,CVPR,2015,https://openaccess.thecvf.com/content_cvpr_2015/html/Heinly_Reconstructing_the_World_2015_CVPR_paper.html
CVPR-2015-P0357,Exact Bias Correction and Covariance Estimation for Stereo Vision,CVPR-2015-A001326|CVPR-2015-A001327|CVPR-2015-A001328,CVPR,2015,https://openaccess.thecvf.com/content_cvpr_2015/html/Freundlich_Exact_Bias_Correction_2015_CVPR_paper.html
CVPR-2015-P0358,Computing Similarity Transformations From Only Image Correspondences,CVPR-2015-A001329|CVPR-2015-A001330|CVPR-2015-A001331|CVPR-2015-A001332,CVPR,2015,https://openaccess.thecvf.com/content_cvpr_2015/html/Sweeney_Computing_Similarity_Transformations_2015_CVPR_paper.html
CVPR-2015-P0359,Image Segmentation in Twenty Questions,CVPR-2015-A001333|CVPR-2015-A001334|CVPR-2015-A001335,CVPR,2015,https://openaccess.thecvf.com/content_cvpr_2015/html/Rupprecht_Image_Segmentation_in_2015_CVPR_paper.html
CVPR-2015-P0360,Interaction Part Mining: A Mid-Level Approach for Fine-Grained Action Recognition,CVPR-2015-A001336|CVPR-2015-A001337|CVPR-2015-A001338|CVPR-2015-A001339|CVPR-2015-A001340,CVPR,2015,https://openaccess.thecvf.com/content_cvpr_2015/html/Zhou_Interaction_Part_Mining_2015_CVPR_paper.html
CVPR-2015-P0361,Sparse Projections for High-Dimensional Binary Codes,CVPR-2015-A001341|CVPR-2015-A001342|CVPR-2015-A001343|CVPR-2015-A001344,CVPR,2015,https://openaccess.thecvf.com/content_cvpr_2015/html/Xia_Sparse_Projections_for_2015_CVPR_paper.html
CVPR-2015-P0362,Hierarchically-Constrained Optical Flow,CVPR-2015-A001345|CVPR-2015-A001346,CVPR,2015,https://openaccess.thecvf.com/content_cvpr_2015/html/Kennedy_Hierarchically-Constrained_Optical_Flow_2015_CVPR_paper.html
CVPR-2015-P0363,The k-Support Norm and Convex Envelopes of Cardinality and Rank,CVPR-2015-A001347|CVPR-2015-A001348|CVPR-2015-A001349|CVPR-2015-A001350,CVPR,2015,https://openaccess.thecvf.com/content_cvpr_2015/html/Eriksson_The_k-Support_Norm_2015_CVPR_paper.html
CVPR-2015-P0364,Matching Bags of Regions in RGBD images,CVPR-2015-A001351,CVPR,2015,https://openaccess.thecvf.com/content_cvpr_2015/html/Jiang_Matching_Bags_of_2015_CVPR_paper.html
CVPR-2015-P0365,Recurrent Convolutional Neural Network for Object Recognition,CVPR-2015-A001352|CVPR-2015-A001353,CVPR,2015,https://openaccess.thecvf.com/content_cvpr_2015/html/Liang_Recurrent_Convolutional_Neural_2015_CVPR_paper.html
CVPR-2015-P0366,Feedforward Semantic Segmentation With Zoom-Out Features,CVPR-2015-A001354|CVPR-2015-A001355|CVPR-2015-A001356,CVPR,2015,https://openaccess.thecvf.com/content_cvpr_2015/html/Mostajabi_Feedforward_Semantic_Segmentation_2015_CVPR_paper.html
CVPR-2015-P0367,The Aperture Problem for Refractive Motion,CVPR-2015-A001357|CVPR-2015-A001358|CVPR-2015-A001359|CVPR-2015-A001360,CVPR,2015,https://openaccess.thecvf.com/content_cvpr_2015/html/Xue_The_Aperture_Problem_2015_CVPR_paper.html
CVPR-2015-P0368,Saliency-Aware Geodesic Video Object Segmentation,CVPR-2015-A001361|CVPR-2015-A001362|CVPR-2015-A001363,CVPR,2015,https://openaccess.thecvf.com/content_cvpr_2015/html/Wang_Saliency-Aware_Geodesic_Video_2015_CVPR_paper.html
CVPR-2015-P0369,DEEP-CARVING: Discovering Visual Attributes by Carving Deep Neural Nets,CVPR-2015-A001364|CVPR-2015-A001365|CVPR-2015-A001366,CVPR,2015,https://openaccess.thecvf.com/content_cvpr_2015/html/Shankar_DEEP-CARVING_Discovering_Visual_2015_CVPR_paper.html
CVPR-2015-P0370,Rent3D: Floor-Plan Priors for Monocular Layout Estimation,CVPR-2015-A001367|CVPR-2015-A001368|CVPR-2015-A001369|CVPR-2015-A001370|CVPR-2015-A001371,CVPR,2015,https://openaccess.thecvf.com/content_cvpr_2015/html/Liu_Rent3D_Floor-Plan_Priors_2015_CVPR_paper.html
CVPR-2015-P0371,Learning a Sequential Search for Landmarks,CVPR-2015-A001372|CVPR-2015-A001373|CVPR-2015-A001374,CVPR,2015,https://openaccess.thecvf.com/content_cvpr_2015/html/Singh_Learning_a_Sequential_2015_CVPR_paper.html
CVPR-2015-P0372,Fully Convolutional Networks for Semantic Segmentation,CVPR-2015-A001375|CVPR-2015-A001376|CVPR-2015-A001377,CVPR,2015,https://openaccess.thecvf.com/content_cvpr_2015/html/Long_Fully_Convolutional_Networks_2015_CVPR_paper.html
CVPR-2015-P0373,Deep Correlation for Matching Images and Text,CVPR-2015-A001378|CVPR-2015-A001379,CVPR,2015,https://openaccess.thecvf.com/content_cvpr_2015/html/Yan_Deep_Correlation_for_2015_CVPR_paper.html
CVPR-2015-P0374,Multi-Objective Convolutional Learning for Face Labeling,CVPR-2015-A001380|CVPR-2015-A001381|CVPR-2015-A001382|CVPR-2015-A001383,CVPR,2015,https://openaccess.thecvf.com/content_cvpr_2015/html/Liu_Multi-Objective_Convolutional_Learning_2015_CVPR_paper.html
CVPR-2015-P0375,Deep Multiple Instance Learning for Image Classification and Auto-Annotation,CVPR-2015-A001384|CVPR-2015-A001385|CVPR-2015-A001386|CVPR-2015-A001387,CVPR,2015,https://openaccess.thecvf.com/content_cvpr_2015/html/Wu_Deep_Multiple_Instance_2015_CVPR_paper.html
CVPR-2015-P0376,Multi-Instance Object Segmentation With Occlusion Handling,CVPR-2015-A001388|CVPR-2015-A001389|CVPR-2015-A001390,CVPR,2015,https://openaccess.thecvf.com/content_cvpr_2015/html/Chen_Multi-Instance_Object_Segmentation_2015_CVPR_paper.html
CVPR-2015-P0377,Material Recognition in the Wild With the Materials in Context Database,CVPR-2015-A001391|CVPR-2015-A001392|CVPR-2015-A001393|CVPR-2015-A001394,CVPR,2015,https://openaccess.thecvf.com/content_cvpr_2015/html/Bell_Material_Recognition_in_2015_CVPR_paper.html
CVPR-2015-P0378,Understanding Pedestrian Behaviors From Stationary Crowd Groups,CVPR-2015-A001395|CVPR-2015-A001396|CVPR-2015-A001397,CVPR,2015,https://openaccess.thecvf.com/content_cvpr_2015/html/Yi_Understanding_Pedestrian_Behaviors_2015_CVPR_paper.html
CVPR-2015-P0379,Depth From Focus With Your Mobile Phone,CVPR-2015-A001398|CVPR-2015-A001399|CVPR-2015-A001400,CVPR,2015,https://openaccess.thecvf.com/content_cvpr_2015/html/Suwajanakorn_Depth_From_Focus_2015_CVPR_paper.html
CVPR-2015-P0380,Fusion Moves for Correlation Clustering,CVPR-2015-A001401|CVPR-2015-A001402|CVPR-2015-A001403,CVPR,2015,https://openaccess.thecvf.com/content_cvpr_2015/html/Beier_Fusion_Moves_for_2015_CVPR_paper.html
CVPR-2015-P0381,Second-Order Constrained Parametric Proposals and Sequential Search-Based Structured Prediction for Semantic Segmentation in RGB-D Images,CVPR-2015-A001404|CVPR-2015-A001405,CVPR,2015,https://openaccess.thecvf.com/content_cvpr_2015/html/Banica_Second-Order_Constrained_Parametric_2015_CVPR_paper.html
CVPR-2015-P0382,Metric Imitation by Manifold Transfer for Efficient Vision Applications,CVPR-2015-A001406|CVPR-2015-A001407|CVPR-2015-A001408|CVPR-2015-A001409,CVPR,2015,https://openaccess.thecvf.com/content_cvpr_2015/html/Dai_Metric_Imitation_by_2015_CVPR_paper.html
CVPR-2015-P0383,The Stitched Puppet: A Graphical Model of 3D Human Shape and Pose,CVPR-2015-A001410|CVPR-2015-A001411,CVPR,2015,https://openaccess.thecvf.com/content_cvpr_2015/html/Zuffi_The_Stitched_Puppet_2015_CVPR_paper.html
CVPR-2015-P0384,Scene Labeling With LSTM Recurrent Neural Networks,CVPR-2015-A001412|CVPR-2015-A001413|CVPR-2015-A001414|CVPR-2015-A001415,CVPR,2015,https://openaccess.thecvf.com/content_cvpr_2015/html/Byeon_Scene_Labeling_With_2015_CVPR_paper.html
CVPR-2015-P0385,FAemb: A Function Approximation-Based Embedding Method for Image Retrieval,CVPR-2015-A001416|CVPR-2015-A001417|CVPR-2015-A001418,CVPR,2015,https://openaccess.thecvf.com/content_cvpr_2015/html/Do_FAemb_A_Function_2015_CVPR_paper.html
CVPR-2015-P0386,Automatically Discovering Local Visual Material Attributes,CVPR-2015-A001419|CVPR-2015-A001420,CVPR,2015,https://openaccess.thecvf.com/content_cvpr_2015/html/Schwartz_Automatically_Discovering_Local_2015_CVPR_paper.html
CVPR-2015-P0387,Depth Image Enhancement Using Local Tangent Plane Approximations,CVPR-2015-A001421|CVPR-2015-A001422,CVPR,2015,https://openaccess.thecvf.com/content_cvpr_2015/html/Matsuo_Depth_Image_Enhancement_2015_CVPR_paper.html
CVPR-2015-P0388,Video Co-Summarization: Video Summarization by Visual Co-Occurrence,CVPR-2015-A001423|CVPR-2015-A001424|CVPR-2015-A001425,CVPR,2015,https://openaccess.thecvf.com/content_cvpr_2015/html/Chu_Video_Co-Summarization_Video_2015_CVPR_paper.html
CVPR-2015-P0389,Watch and Learn: Semi-Supervised Learning for Object Detectors From Video,CVPR-2015-A001426|CVPR-2015-A001427|CVPR-2015-A001428,CVPR,2015,https://openaccess.thecvf.com/content_cvpr_2015/html/Misra_Watch_and_Learn_2015_CVPR_paper.html
CVPR-2015-P0390,Generalized Tensor Total Variation Minimization for Visual Data Recovery,CVPR-2015-A001429|CVPR-2015-A001430,CVPR,2015,https://openaccess.thecvf.com/content_cvpr_2015/html/Guo_Generalized_Tensor_Total_2015_CVPR_paper.html
CVPR-2015-P0391,Active Learning for Structured Probabilistic Models With Histogram Approximation,CVPR-2015-A001431|CVPR-2015-A001432|CVPR-2015-A001433,CVPR,2015,https://openaccess.thecvf.com/content_cvpr_2015/html/Sun_Active_Learning_for_2015_CVPR_paper.html
CVPR-2015-P0392,Image Parsing With a Wide Range of Classes and Scene-Level Context,CVPR-2015-A001434,CVPR,2015,https://openaccess.thecvf.com/content_cvpr_2015/html/George_Image_Parsing_With_2015_CVPR_paper.html
CVPR-2015-P0393,Bayesian Sparse Representation for Hyperspectral Image Super Resolution,CVPR-2015-A001435|CVPR-2015-A001436|CVPR-2015-A001437,CVPR,2015,https://openaccess.thecvf.com/content_cvpr_2015/html/Akhtar_Bayesian_Sparse_Representation_2015_CVPR_paper.html
CVPR-2015-P0394,Semantic Object Segmentation via Detection in Weakly Labeled Video,CVPR-2015-A001438|CVPR-2015-A001439|CVPR-2015-A001440|CVPR-2015-A001441|CVPR-2015-A001442,CVPR,2015,https://openaccess.thecvf.com/content_cvpr_2015/html/Zhang_Semantic_Object_Segmentation_2015_CVPR_paper.html
CVPR-2015-P0395,Learning With Dataset Bias in Latent Subcategory Models,CVPR-2015-A001443|CVPR-2015-A001444|CVPR-2015-A001445|CVPR-2015-A001446|CVPR-2015-A001447|CVPR-2015-A001448,CVPR,2015,https://openaccess.thecvf.com/content_cvpr_2015/html/Stamos_Learning_With_Dataset_2015_CVPR_paper.html
CVPR-2015-P0396,Project-Out Cascaded Regression With an Application to Face Alignment,CVPR-2015-A001449,CVPR,2015,https://openaccess.thecvf.com/content_cvpr_2015/html/Tzimiropoulos_Project-Out_Cascaded_Regression_2015_CVPR_paper.html
CVPR-2015-P0397,Image Retrieval Using Scene Graphs,CVPR-2015-A001450|CVPR-2015-A001451|CVPR-2015-A001452|CVPR-2015-A001453|CVPR-2015-A001454|CVPR-2015-A001455|CVPR-2015-A001456,CVPR,2015,https://openaccess.thecvf.com/content_cvpr_2015/html/Johnson_Image_Retrieval_Using_2015_CVPR_paper.html
CVPR-2015-P0398,Unifying Holistic and Parts-Based Deformable Model Fitting,CVPR-2015-A001457|CVPR-2015-A001458,CVPR,2015,https://openaccess.thecvf.com/content_cvpr_2015/html/Alabort-i-Medina_Unifying_Holistic_and_2015_CVPR_paper.html
CVPR-2015-P0399,Small Instance Detection by Integer Programming on Object Density Maps,CVPR-2015-A001459|CVPR-2015-A001460|CVPR-2015-A001461,CVPR,2015,https://openaccess.thecvf.com/content_cvpr_2015/html/Ma_Small_Instance_Detection_2015_CVPR_paper.html
CVPR-2015-P0400,Motion Part Regularization: Improving Action Recognition via Trajectory Selection,CVPR-2015-A001462|CVPR-2015-A001463|CVPR-2015-A001464|CVPR-2015-A001465,CVPR,2015,https://openaccess.thecvf.com/content_cvpr_2015/html/Ni_Motion_Part_Regularization_2015_CVPR_paper.html
CVPR-2015-P0401,Multi-Task Deep Visual-Semantic Embedding for Video Thumbnail Selection,CVPR-2015-A001466|CVPR-2015-A001467|CVPR-2015-A001468|CVPR-2015-A001469|CVPR-2015-A001470,CVPR,2015,https://openaccess.thecvf.com/content_cvpr_2015/html/Liu_Multi-Task_Deep_Visual-Semantic_2015_CVPR_paper.html
CVPR-2015-P0402,Fine-Grained Visual Categorization via Multi-Stage Metric Learning,CVPR-2015-A001471|CVPR-2015-A001472|CVPR-2015-A001473|CVPR-2015-A001474,CVPR,2015,https://openaccess.thecvf.com/content_cvpr_2015/html/Qian_Fine-Grained_Visual_Categorization_2015_CVPR_paper.html
CVPR-2015-P0403,Saturation-Preserving Specular Reflection Separation,CVPR-2015-A001475|CVPR-2015-A001476|CVPR-2015-A001477|CVPR-2015-A001478,CVPR,2015,https://openaccess.thecvf.com/content_cvpr_2015/html/Liu_Saturation-Preserving_Specular_Reflection_2015_CVPR_paper.html
CVPR-2015-P0404,Joint SFM and Detection Cues for Monocular 3D Localization in Road Scenes,CVPR-2015-A001479|CVPR-2015-A001480,CVPR,2015,https://openaccess.thecvf.com/content_cvpr_2015/html/Song_Joint_SFM_and_2015_CVPR_paper.html
CVPR-2015-P0405,Fisher Vectors Meet Neural Networks: A Hybrid Classification Architecture,CVPR-2015-A001481|CVPR-2015-A001482,CVPR,2015,https://openaccess.thecvf.com/content_cvpr_2015/html/Perronnin_Fisher_Vectors_Meet_2015_CVPR_paper.html
CVPR-2015-P0406,UniHIST: A Unified Framework for Image Restoration With Marginal Histogram Constraints,CVPR-2015-A001483|CVPR-2015-A001484|CVPR-2015-A001485|CVPR-2015-A001486,CVPR,2015,https://openaccess.thecvf.com/content_cvpr_2015/html/Mei_UniHIST_A_Unified_2015_CVPR_paper.html
CVPR-2015-P0407,Human Action Segmentation With Hierarchical Supervoxel Consistency,CVPR-2015-A001487|CVPR-2015-A001488|CVPR-2015-A001489,CVPR,2015,https://openaccess.thecvf.com/content_cvpr_2015/html/Lu_Human_Action_Segmentation_2015_CVPR_paper.html
CVPR-2015-P0408,Robust Manhattan Frame Estimation From a Single RGB-D Image,CVPR-2015-A001490|CVPR-2015-A001491|CVPR-2015-A001492|CVPR-2015-A001493,CVPR,2015,https://openaccess.thecvf.com/content_cvpr_2015/html/Ghanem_Robust_Manhattan_Frame_2015_CVPR_paper.html
CVPR-2015-P0409,Learning to Segment Under Various Forms of Weak Supervision,CVPR-2015-A001494|CVPR-2015-A001495|CVPR-2015-A001496,CVPR,2015,https://openaccess.thecvf.com/content_cvpr_2015/html/Xu_Learning_to_Segment_2015_CVPR_paper.html
CVPR-2015-P0410,Fast and Accurate Image Upscaling With Super-Resolution Forests,CVPR-2015-A001497|CVPR-2015-A001498|CVPR-2015-A001499,CVPR,2015,https://openaccess.thecvf.com/content_cvpr_2015/html/Schulter_Fast_and_Accurate_2015_CVPR_paper.html
CVPR-2015-P0411,Light Field From Micro-Baseline Image Pair,CVPR-2015-A001500|CVPR-2015-A001501|CVPR-2015-A001502,CVPR,2015,https://openaccess.thecvf.com/content_cvpr_2015/html/Zhang_Light_Field_From_2015_CVPR_paper.html
CVPR-2015-P0412,Efficient ConvNet-Based Marker-Less Motion Capture in General Scenes With a Low Number of Cameras,CVPR-2015-A001503|CVPR-2015-A001504|CVPR-2015-A001505|CVPR-2015-A001506|CVPR-2015-A001507|CVPR-2015-A001508|CVPR-2015-A001509|CVPR-2015-A001510|CVPR-2015-A001511,CVPR,2015,https://openaccess.thecvf.com/content_cvpr_2015/html/Elhayek_Efficient_ConvNet-Based_Marker-Less_2015_CVPR_paper.html
CVPR-2015-P0413,Learning Scene-Specific Pedestrian Detectors Without Real Data,CVPR-2015-A001512|CVPR-2015-A001513|CVPR-2015-A001514|CVPR-2015-A001515,CVPR,2015,https://openaccess.thecvf.com/content_cvpr_2015/html/Hattori_Learning_Scene-Specific_Pedestrian_2015_CVPR_paper.html
CVPR-2015-P0414,Deep Filter Banks for Texture Recognition and Segmentation,CVPR-2015-A001516|CVPR-2015-A001517|CVPR-2015-A001518,CVPR,2015,https://openaccess.thecvf.com/content_cvpr_2015/html/Cimpoi_Deep_Filter_Banks_2015_CVPR_paper.html
CVPR-2015-P0415,Multiple Random Walkers and Their Application to Image Cosegmentation,CVPR-2015-A001519|CVPR-2015-A001520|CVPR-2015-A001521|CVPR-2015-A001522,CVPR,2015,https://openaccess.thecvf.com/content_cvpr_2015/html/Lee_Multiple_Random_Walkers_2015_CVPR_paper.html
CVPR-2015-P0416,Beyond the Shortest Path : Unsupervised Domain Adaptation by Sampling Subspaces Along the Spline Flow,CVPR-2015-A001523|CVPR-2015-A001524|CVPR-2015-A001525|CVPR-2015-A001526,CVPR,2015,https://openaccess.thecvf.com/content_cvpr_2015/html/Caseiro_Beyond_the_Shortest_2015_CVPR_paper.html
CVPR-2015-P0417,Spherical Embedding of Inlier Silhouette Dissimilarities,CVPR-2015-A001527|CVPR-2015-A001528|CVPR-2015-A001529,CVPR,2015,https://openaccess.thecvf.com/content_cvpr_2015/html/Littwin_Spherical_Embedding_of_2015_CVPR_paper.html
CVPR-2015-P0418,Semantics-Preserving Hashing for Cross-View Retrieval,CVPR-2015-A001530|CVPR-2015-A001531|CVPR-2015-A001532|CVPR-2015-A001533,CVPR,2015,https://openaccess.thecvf.com/content_cvpr_2015/html/Lin_Semantics-Preserving_Hashing_for_2015_CVPR_paper.html
CVPR-2015-P0419,Object Proposal by Multi-Branch Hierarchical Segmentation,CVPR-2015-A001534|CVPR-2015-A001535|CVPR-2015-A001536|CVPR-2015-A001537|CVPR-2015-A001538|CVPR-2015-A001539,CVPR,2015,https://openaccess.thecvf.com/content_cvpr_2015/html/Wang_Object_Proposal_by_2015_CVPR_paper.html
CVPR-2015-P0420,Ambient Occlusion via Compressive Visibility Estimation,CVPR-2015-A001540|CVPR-2015-A001541|CVPR-2015-A001542|CVPR-2015-A001543|CVPR-2015-A001544|CVPR-2015-A001545,CVPR,2015,https://openaccess.thecvf.com/content_cvpr_2015/html/Yang_Ambient_Occlusion_via_2015_CVPR_paper.html
CVPR-2015-P0421,Shape-Tailored Local Descriptors and Their Application to Segmentation and Tracking,CVPR-2015-A001546|CVPR-2015-A001547|CVPR-2015-A001548|CVPR-2015-A001549,CVPR,2015,https://openaccess.thecvf.com/content_cvpr_2015/html/Khan_Shape-Tailored_Local_Descriptors_2015_CVPR_paper.html
CVPR-2015-P0422,Scalable Object Detection by Filter Compression With Regularized Sparse Coding,CVPR-2015-A001550|CVPR-2015-A001551|CVPR-2015-A001552|CVPR-2015-A001553,CVPR,2015,https://openaccess.thecvf.com/content_cvpr_2015/html/Chao_Scalable_Object_Detection_2015_CVPR_paper.html
CVPR-2015-P0423,An Improved Deep Learning Architecture for Person Re-Identification,CVPR-2015-A001554|CVPR-2015-A001555|CVPR-2015-A001556,CVPR,2015,https://openaccess.thecvf.com/content_cvpr_2015/html/Ahmed_An_Improved_Deep_2015_CVPR_paper.html
CVPR-2015-P0424,Understanding Classifier Errors by Examining Influential Neighbors,CVPR-2015-A001557|CVPR-2015-A001558|CVPR-2015-A001559,CVPR,2015,https://openaccess.thecvf.com/content_cvpr_2015/html/Kabra_Understanding_Classifier_Errors_2015_CVPR_paper.html
CVPR-2015-P0425,Riemannian Coding and Dictionary Learning: Kernels to the Rescue,CVPR-2015-A001560|CVPR-2015-A001561,CVPR,2015,https://openaccess.thecvf.com/content_cvpr_2015/html/Harandi_Riemannian_Coding_and_2015_CVPR_paper.html
CVPR-2015-P0426,Scalable Structure From Motion for Densely Sampled Videos,CVPR-2015-A001562|CVPR-2015-A001563|CVPR-2015-A001564|CVPR-2015-A001565|CVPR-2015-A001566,CVPR,2015,https://openaccess.thecvf.com/content_cvpr_2015/html/Resch_Scalable_Structure_From_2015_CVPR_paper.html
CVPR-2015-P0427,Parsing Occluded People by Flexible Compositions,CVPR-2015-A001567|CVPR-2015-A001568,CVPR,2015,https://openaccess.thecvf.com/content_cvpr_2015/html/Chen_Parsing_Occluded_People_2015_CVPR_paper.html
CVPR-2015-P0428,Joint Calibration of Ensemble of Exemplar SVMs,CVPR-2015-A001569|CVPR-2015-A001570|CVPR-2015-A001571|CVPR-2015-A001572,CVPR,2015,https://openaccess.thecvf.com/content_cvpr_2015/html/Modolo_Joint_Calibration_of_2015_CVPR_paper.html
CVPR-2015-P0429,Holistic 3D Scene Understanding From a Single Geo-Tagged Image,CVPR-2015-A001573|CVPR-2015-A001574|CVPR-2015-A001575,CVPR,2015,https://openaccess.thecvf.com/content_cvpr_2015/html/Wang_Holistic_3D_Scene_2015_CVPR_paper.html
CVPR-2015-P0430,A Large-Scale Car Dataset for Fine-Grained Categorization and Verification,CVPR-2015-A001576|CVPR-2015-A001577|CVPR-2015-A001578|CVPR-2015-A001579,CVPR,2015,https://openaccess.thecvf.com/content_cvpr_2015/html/Yang_A_Large-Scale_Car_2015_CVPR_paper.html
CVPR-2015-P0431,DeepContour: A Deep Convolutional Feature Learned by Positive-Sharing Loss for Contour Detection,CVPR-2015-A001580|CVPR-2015-A001581|CVPR-2015-A001582|CVPR-2015-A001583|CVPR-2015-A001584,CVPR,2015,https://openaccess.thecvf.com/content_cvpr_2015/html/Shen_DeepContour_A_Deep_2015_CVPR_paper.html
CVPR-2015-P0432,Convolutional Feature Masking for Joint Object and Stuff Segmentation,CVPR-2015-A001585|CVPR-2015-A001586|CVPR-2015-A001587,CVPR,2015,https://openaccess.thecvf.com/content_cvpr_2015/html/Dai_Convolutional_Feature_Masking_2015_CVPR_paper.html
CVPR-2015-P0433,A Fixed Viewpoint Approach for Dense Reconstruction of Transparent Objects,CVPR-2015-A001588|CVPR-2015-A001589|CVPR-2015-A001590,CVPR,2015,https://openaccess.thecvf.com/content_cvpr_2015/html/Han_A_Fixed_Viewpoint_2015_CVPR_paper.html
CVPR-2015-P0434,Low-Level Vision by Consensus in a Spatial Hierarchy of Regions,CVPR-2015-A001591|CVPR-2015-A001592|CVPR-2015-A001593|CVPR-2015-A001594,CVPR,2015,https://openaccess.thecvf.com/content_cvpr_2015/html/Chakrabarti_Low-Level_Vision_by_2015_CVPR_paper.html
CVPR-2015-P0435,Line Drawing Interpretation in a Multi-View Context,CVPR-2015-A001595|CVPR-2015-A001596|CVPR-2015-A001597,CVPR,2015,https://openaccess.thecvf.com/content_cvpr_2015/html/Favreau_Line_Drawing_Interpretation_2015_CVPR_paper.html
CVPR-2015-P0436,Toward User-Specific Tracking by Detection of Human Shapes in Multi-Cameras,CVPR-2015-A001598|CVPR-2015-A001599|CVPR-2015-A001600|CVPR-2015-A001601|CVPR-2015-A001602,CVPR,2015,https://openaccess.thecvf.com/content_cvpr_2015/html/Huang_Toward_User-Specific_Tracking_2015_CVPR_paper.html
CVPR-2015-P0437,Intra-Frame Deblurring by Leveraging Inter-Frame Camera Motion,CVPR-2015-A001603|CVPR-2015-A001604,CVPR,2015,https://openaccess.thecvf.com/content_cvpr_2015/html/Zhang_Intra-Frame_Deblurring_by_2015_CVPR_paper.html
CVPR-2015-P0438,Salient Object Subitizing,CVPR-2015-A001605|CVPR-2015-A001606|CVPR-2015-A001607|CVPR-2015-A001608|CVPR-2015-A001609|CVPR-2015-A001610|CVPR-2015-A001611|CVPR-2015-A001612|CVPR-2015-A001613,CVPR,2015,https://openaccess.thecvf.com/content_cvpr_2015/html/Zhang_Salient_Object_Subitizing_2015_CVPR_paper.html
CVPR-2015-P0439,Hierarchical-PEP Model for Real-World Face Recognition,CVPR-2015-A001614|CVPR-2015-A001615,CVPR,2015,https://openaccess.thecvf.com/content_cvpr_2015/html/Li_Hierarchical-PEP_Model_for_2015_CVPR_paper.html
CVPR-2015-P0440,The Common Self-Polar Triangle of Concentric Circles and Its Application to Camera Calibration,CVPR-2015-A001616|CVPR-2015-A001617|CVPR-2015-A001618,CVPR,2015,https://openaccess.thecvf.com/content_cvpr_2015/html/Huang_The_Common_Self-Polar_2015_CVPR_paper.html
CVPR-2015-P0441,Taking a Deeper Look at Pedestrians,CVPR-2015-A001619|CVPR-2015-A001620|CVPR-2015-A001621|CVPR-2015-A001622,CVPR,2015,https://openaccess.thecvf.com/content_cvpr_2015/html/Hosang_Taking_a_Deeper_2015_CVPR_paper.html
CVPR-2015-P0442,Learning to Segment Moving Objects in Videos,CVPR-2015-A001623|CVPR-2015-A001624|CVPR-2015-A001625|CVPR-2015-A001626,CVPR,2015,https://openaccess.thecvf.com/content_cvpr_2015/html/Fragkiadaki_Learning_to_Segment_2015_CVPR_paper.html
CVPR-2015-P0443,GMMCP Tracker: Globally Optimal Generalized Maximum Multi Clique Problem for Multiple Object Tracking,CVPR-2015-A001627|CVPR-2015-A001628|CVPR-2015-A001629,CVPR,2015,https://openaccess.thecvf.com/content_cvpr_2015/html/Dehghan_GMMCP_Tracker_Globally_2015_CVPR_paper.html
CVPR-2015-P0444,Learning Graph Structure for Multi-Label Image Classification via Clique Generation,CVPR-2015-A001630|CVPR-2015-A001631|CVPR-2015-A001632|CVPR-2015-A001633|CVPR-2015-A001634|CVPR-2015-A001635|CVPR-2015-A001636,CVPR,2015,https://openaccess.thecvf.com/content_cvpr_2015/html/Tan_Learning_Graph_Structure_2015_CVPR_paper.html
CVPR-2015-P0445,Matrix Completion for Resolving Label Ambiguity,CVPR-2015-A001637|CVPR-2015-A001638|CVPR-2015-A001639,CVPR,2015,https://openaccess.thecvf.com/content_cvpr_2015/html/Chen_Matrix_Completion_for_2015_CVPR_paper.html
CVPR-2015-P0446,Video Magnification in Presence of Large Motions,CVPR-2015-A001640|CVPR-2015-A001641|CVPR-2015-A001642|CVPR-2015-A001643,CVPR,2015,https://openaccess.thecvf.com/content_cvpr_2015/html/Elgharib_Video_Magnification_in_2015_CVPR_paper.html
CVPR-2015-P0447,Flying Objects Detection From a Single Moving Camera,CVPR-2015-A001644|CVPR-2015-A001645|CVPR-2015-A001646,CVPR,2015,https://openaccess.thecvf.com/content_cvpr_2015/html/Rozantsev_Flying_Objects_Detection_2015_CVPR_paper.html
CVPR-2015-P0448,Line-Based Multi-Label Energy Optimization for Fisheye Image Rectification and Calibration,CVPR-2015-A001647|CVPR-2015-A001648|CVPR-2015-A001649|CVPR-2015-A001650|CVPR-2015-A001651|CVPR-2015-A001652,CVPR,2015,https://openaccess.thecvf.com/content_cvpr_2015/html/Zhang_Line-Based_Multi-Label_Energy_2015_CVPR_paper.html
CVPR-2015-P0449,Adaptive Eye-Camera Calibration for Head-Worn Devices,CVPR-2015-A001653|CVPR-2015-A001654|CVPR-2015-A001655,CVPR,2015,https://openaccess.thecvf.com/content_cvpr_2015/html/Perra_Adaptive_Eye-Camera_Calibration_2015_CVPR_paper.html
CVPR-2015-P0450,Modeling Object Appearance Using Context-Conditioned Component Analysis,CVPR-2015-A001656|CVPR-2015-A001657|CVPR-2015-A001658|CVPR-2015-A001659,CVPR,2015,https://openaccess.thecvf.com/content_cvpr_2015/html/Turmukhambetov_Modeling_Object_Appearance_2015_CVPR_paper.html
CVPR-2015-P0451,Displets: Resolving Stereo Ambiguities Using Object Knowledge,CVPR-2015-A001660|CVPR-2015-A001661,CVPR,2015,https://openaccess.thecvf.com/content_cvpr_2015/html/Guney_Displets_Resolving_Stereo_2015_CVPR_paper.html
CVPR-2015-P0452,Time-to-Contact From Image Intensity,CVPR-2015-A001662|CVPR-2015-A001663|CVPR-2015-A001664,CVPR,2015,https://openaccess.thecvf.com/content_cvpr_2015/html/Watanabe_Time-to-Contact_From_Image_2015_CVPR_paper.html
CVPR-2015-P0453,Transferring a Semantic Representation for Person Re-Identification and Search,CVPR-2015-A001665|CVPR-2015-A001666|CVPR-2015-A001667,CVPR,2015,https://openaccess.thecvf.com/content_cvpr_2015/html/Shi_Transferring_a_Semantic_2015_CVPR_paper.html
CVPR-2015-P0454,Robust Video Segment Proposals With Painless Occlusion Handling,CVPR-2015-A001668|CVPR-2015-A001669|CVPR-2015-A001670|CVPR-2015-A001671,CVPR,2015,https://openaccess.thecvf.com/content_cvpr_2015/html/Wu_Robust_Video_Segment_2015_CVPR_paper.html
CVPR-2015-P0455,Face Alignment Using Cascade Gaussian Process Regression Trees,CVPR-2015-A001672|CVPR-2015-A001673|CVPR-2015-A001674,CVPR,2015,https://openaccess.thecvf.com/content_cvpr_2015/html/Lee_Face_Alignment_Using_2015_CVPR_paper.html
CVPR-2015-P0456,Regularizing Max-Margin Exemplars by Reconstruction and Generative Models,CVPR-2015-A001675|CVPR-2015-A001676,CVPR,2015,https://openaccess.thecvf.com/content_cvpr_2015/html/Rubio_Regularizing_Max-Margin_Exemplars_2015_CVPR_paper.html
CVPR-2015-P0457,A Fast Algorithm for Elastic Shape Distances Between Closed Planar Curves,CVPR-2015-A001677|CVPR-2015-A001678|CVPR-2015-A001679,CVPR,2015,https://openaccess.thecvf.com/content_cvpr_2015/html/Dogan_A_Fast_Algorithm_2015_CVPR_paper.html
CVPR-2015-P0458,Reflection Removal for In-Vehicle Black Box Videos,CVPR-2015-A001680|CVPR-2015-A001681,CVPR,2015,https://openaccess.thecvf.com/content_cvpr_2015/html/Simon_Reflection_Removal_for_2015_CVPR_paper.html
CVPR-2015-P0459,Tree Quantization for Large-Scale Similarity Search and Classification,CVPR-2015-A001682|CVPR-2015-A001683,CVPR,2015,https://openaccess.thecvf.com/content_cvpr_2015/html/Babenko_Tree_Quantization_for_2015_CVPR_paper.html
CVPR-2015-P0460,Integrating Parametric and Non-Parametric Models For Scene Labeling,CVPR-2015-A001684|CVPR-2015-A001685|CVPR-2015-A001686|CVPR-2015-A001687|CVPR-2015-A001688,CVPR,2015,https://openaccess.thecvf.com/content_cvpr_2015/html/Shuai_Integrating_Parametric_and_2015_CVPR_paper.html
CVPR-2015-P0461,Mining Semantic Affordances of Visual Object Categories,CVPR-2015-A001689|CVPR-2015-A001690|CVPR-2015-A001691|CVPR-2015-A001692,CVPR,2015,https://openaccess.thecvf.com/content_cvpr_2015/html/Chao_Mining_Semantic_Affordances_2015_CVPR_paper.html
CVPR-2015-P0462,Causal Video Object Segmentation From Persistence of Occlusions,CVPR-2015-A001693|CVPR-2015-A001694|CVPR-2015-A001695,CVPR,2015,https://openaccess.thecvf.com/content_cvpr_2015/html/Taylor_Causal_Video_Object_2015_CVPR_paper.html
CVPR-2015-P0463,Multiple Instance Learning for Soft Bags via Top Instances,CVPR-2015-A001696|CVPR-2015-A001697,CVPR,2015,https://openaccess.thecvf.com/content_cvpr_2015/html/Li_Multiple_Instance_Learning_2015_CVPR_paper.html
CVPR-2015-P0464,Multiclass Semantic Video Segmentation With Object-Level Active Inference,CVPR-2015-A001698|CVPR-2015-A001699,CVPR,2015,https://openaccess.thecvf.com/content_cvpr_2015/html/Liu_Multiclass_Semantic_Video_2015_CVPR_paper.html
CVPR-2015-P0465,Effective Face Frontalization in Unconstrained Images,CVPR-2015-A001700|CVPR-2015-A001701|CVPR-2015-A001702|CVPR-2015-A001703,CVPR,2015,https://openaccess.thecvf.com/content_cvpr_2015/html/Hassner_Effective_Face_Frontalization_2015_CVPR_paper.html
CVPR-2015-P0466,Action Recognition With Trajectory-Pooled Deep-Convolutional Descriptors,CVPR-2015-A001704|CVPR-2015-A001705|CVPR-2015-A001706,CVPR,2015,https://openaccess.thecvf.com/content_cvpr_2015/html/Wang_Action_Recognition_With_2015_CVPR_paper.html
CVPR-2015-P0467,Weakly Supervised Localization of Novel Objects Using Appearance Transfer,CVPR-2015-A001707|CVPR-2015-A001708,CVPR,2015,https://openaccess.thecvf.com/content_cvpr_2015/html/Rochan_Weakly_Supervised_Localization_2015_CVPR_paper.html
CVPR-2015-P0468,First-Person Pose Recognition Using Egocentric Workspaces,CVPR-2015-A001709|CVPR-2015-A001710|CVPR-2015-A001711,CVPR,2015,https://openaccess.thecvf.com/content_cvpr_2015/html/Rogez_First-Person_Pose_Recognition_2015_CVPR_paper.html
CVPR-2015-P0469,Simultaneous Time-of-Flight Sensing and Photometric Stereo With a Single ToF Sensor,CVPR-2015-A001712|CVPR-2015-A001713|CVPR-2015-A001714|CVPR-2015-A001715,CVPR,2015,https://openaccess.thecvf.com/content_cvpr_2015/html/Ti_Simultaneous_Time-of-Flight_Sensing_2015_CVPR_paper.html
CVPR-2015-P0470,Active Learning and Discovery of Object Categories in the Presence of Unnameable Instances,CVPR-2015-A001716|CVPR-2015-A001717|CVPR-2015-A001718|CVPR-2015-A001719|CVPR-2015-A001720,CVPR,2015,https://openaccess.thecvf.com/content_cvpr_2015/html/Kading_Active_Learning_and_2015_CVPR_paper.html
CVPR-2015-P0471,Learning to Compare Image Patches via Convolutional Neural Networks,CVPR-2015-A001721|CVPR-2015-A001722,CVPR,2015,https://openaccess.thecvf.com/content_cvpr_2015/html/Zagoruyko_Learning_to_Compare_2015_CVPR_paper.html
CVPR-2015-P0472,Watch-n-Patch: Unsupervised Understanding of Actions and Relations,CVPR-2015-A001723|CVPR-2015-A001724|CVPR-2015-A001725|CVPR-2015-A001726,CVPR,2015,https://openaccess.thecvf.com/content_cvpr_2015/html/Wu_Watch-n-Patch_Unsupervised_Understanding_2015_CVPR_paper.html
CVPR-2015-P0473,Optimal Graph Learning With Partial Tags and Multiple Features for Image and Video Annotation,CVPR-2015-A001727|CVPR-2015-A001728|CVPR-2015-A001729|CVPR-2015-A001730|CVPR-2015-A001731|CVPR-2015-A001732,CVPR,2015,https://openaccess.thecvf.com/content_cvpr_2015/html/Gao_Optimal_Graph_Learning_2015_CVPR_paper.html
CVPR-2015-P0474,DeepEdge: A Multi-Scale Bifurcated Deep Network for Top-Down Contour Detection,CVPR-2015-A001733|CVPR-2015-A001734|CVPR-2015-A001735,CVPR,2015,https://openaccess.thecvf.com/content_cvpr_2015/html/Bertasius_DeepEdge_A_Multi-Scale_2015_CVPR_paper.html
CVPR-2015-P0475,Picture: A Probabilistic Programming Language for Scene Perception,CVPR-2015-A001736|CVPR-2015-A001737|CVPR-2015-A001738|CVPR-2015-A001739,CVPR,2015,https://openaccess.thecvf.com/content_cvpr_2015/html/Kulkarni_Picture_A_Probabilistic_2015_CVPR_paper.html
CVPR-2015-P0476,Exploiting Uncertainty in Regression Forests for Accurate Camera Relocalization,CVPR-2015-A001740|CVPR-2015-A001741|CVPR-2015-A001742|CVPR-2015-A001743|CVPR-2015-A001744|CVPR-2015-A001745,CVPR,2015,https://openaccess.thecvf.com/content_cvpr_2015/html/Valentin_Exploiting_Uncertainty_in_2015_CVPR_paper.html
CVPR-2015-P0477,Fusing Subcategory Probabilities for Texture Classification,CVPR-2015-A001746|CVPR-2015-A001747|CVPR-2015-A001748|CVPR-2015-A001749|CVPR-2015-A001750|CVPR-2015-A001751,CVPR,2015,https://openaccess.thecvf.com/content_cvpr_2015/html/Song_Fusing_Subcategory_Probabilities_2015_CVPR_paper.html
CVPR-2015-P0478,Video Event Recognition With Deep Hierarchical Context Model,CVPR-2015-A001752|CVPR-2015-A001753,CVPR,2015,https://openaccess.thecvf.com/content_cvpr_2015/html/Wang_Video_Event_Recognition_2015_CVPR_paper.html
CVPR-2015-P0479,Object-Based RGBD Image Co-Segmentation With Mutex Constraint,CVPR-2015-A001754|CVPR-2015-A001755|CVPR-2015-A001756|CVPR-2015-A001757,CVPR,2015,https://openaccess.thecvf.com/content_cvpr_2015/html/Fu_Object-Based_RGBD_Image_2015_CVPR_paper.html
CVPR-2015-P0480,Associating Neural Word Embeddings With Deep Image Representations Using Fisher Vectors,CVPR-2015-A001758|CVPR-2015-A001759|CVPR-2015-A001760|CVPR-2015-A001761,CVPR,2015,https://openaccess.thecvf.com/content_cvpr_2015/html/Klein_Associating_Neural_Word_2015_CVPR_paper.html
CVPR-2015-P0481,3D Shape Estimation From 2D Landmarks: A Convex Relaxation Approach,CVPR-2015-A001762|CVPR-2015-A001763|CVPR-2015-A001764|CVPR-2015-A001765,CVPR,2015,https://openaccess.thecvf.com/content_cvpr_2015/html/Zhou_3D_Shape_Estimation_2015_CVPR_paper.html
CVPR-2015-P0482,3D All The Way: Semantic Segmentation of Urban Scenes From Start to End in 3D,CVPR-2015-A001766|CVPR-2015-A001767|CVPR-2015-A001768|CVPR-2015-A001769,CVPR,2015,https://openaccess.thecvf.com/content_cvpr_2015/html/Martinovic_3D_All_The_2015_CVPR_paper.html
CVPR-2015-P0483,Fast Bilateral-Space Stereo for Synthetic Defocus,CVPR-2015-A001770|CVPR-2015-A001771|CVPR-2015-A001772|CVPR-2015-A001773,CVPR,2015,https://openaccess.thecvf.com/content_cvpr_2015/html/Barron_Fast_Bilateral-Space_Stereo_2015_CVPR_paper.html
CVPR-2015-P0484,Large-Scale and Drift-Free Surface Reconstruction Using Online Subvolume Registration,CVPR-2015-A001774|CVPR-2015-A001775|CVPR-2015-A001776|CVPR-2015-A001777|CVPR-2015-A001778,CVPR,2015,https://openaccess.thecvf.com/content_cvpr_2015/html/Fioraio_Large-Scale_and_Drift-Free_2015_CVPR_paper.html
CVPR-2015-P0485,Fast Randomized Singular Value Thresholding for Nuclear Norm Minimization,CVPR-2015-A001779|CVPR-2015-A001780|CVPR-2015-A001781|CVPR-2015-A001782,CVPR,2015,https://openaccess.thecvf.com/content_cvpr_2015/html/Oh_Fast_Randomized_Singular_2015_CVPR_paper.html
CVPR-2015-P0486,LMI-Based 2D-3D Registration: From Uncalibrated Images to Euclidean Scene,CVPR-2015-A001783|CVPR-2015-A001784|CVPR-2015-A001785|CVPR-2015-A001786,CVPR,2015,https://openaccess.thecvf.com/content_cvpr_2015/html/Paudel_LMI-Based_2D-3D_Registration_2015_CVPR_paper.html
CVPR-2015-P0487,Clique-Graph Matching by Preserving Global & Local Structure,CVPR-2015-A001787|CVPR-2015-A001788|CVPR-2015-A001789|CVPR-2015-A001790,CVPR,2015,https://openaccess.thecvf.com/content_cvpr_2015/html/Nie_Clique-Graph_Matching_by_2015_CVPR_paper.html
CVPR-2015-P0488,Appearance-Based Gaze Estimation in the Wild,CVPR-2015-A001791|CVPR-2015-A001792|CVPR-2015-A001793|CVPR-2015-A001794,CVPR,2015,https://openaccess.thecvf.com/content_cvpr_2015/html/Zhang_Appearance-Based_Gaze_Estimation_2015_CVPR_paper.html
CVPR-2015-P0489,One-Day Outdoor Photometric Stereo via Skylight Estimation,CVPR-2015-A001795|CVPR-2015-A001796|CVPR-2015-A001797,CVPR,2015,https://openaccess.thecvf.com/content_cvpr_2015/html/Jung_One-Day_Outdoor_Photometric_2015_CVPR_paper.html
CVPR-2015-P0490,A New Retraction for Accelerating the Riemannian Three-Factor Low-Rank Matrix Completion Algorithm,CVPR-2015-A001798|CVPR-2015-A001799|CVPR-2015-A001800|CVPR-2015-A001801,CVPR,2015,https://openaccess.thecvf.com/content_cvpr_2015/html/Li_A_New_Retraction_2015_CVPR_paper.html
CVPR-2015-P0491,Heteroscedastic Max-Min Distance Analysis,CVPR-2015-A001802|CVPR-2015-A001803|CVPR-2015-A001804|CVPR-2015-A001805,CVPR,2015,https://openaccess.thecvf.com/content_cvpr_2015/html/Su_Heteroscedastic_Max-Min_Distance_2015_CVPR_paper.html
CVPR-2015-P0492,Sparse Composite Quantization,CVPR-2015-A001806|CVPR-2015-A001807|CVPR-2015-A001808|CVPR-2015-A001809,CVPR,2015,https://openaccess.thecvf.com/content_cvpr_2015/html/Zhang_Sparse_Composite_Quantization_2015_CVPR_paper.html
CVPR-2015-P0493,Sparse Representation Classification With Manifold Constraints Transfer,CVPR-2015-A001810|CVPR-2015-A001811|CVPR-2015-A001812|CVPR-2015-A001813,CVPR,2015,https://openaccess.thecvf.com/content_cvpr_2015/html/Zhang_Sparse_Representation_Classification_2015_CVPR_paper.html
CVPR-2015-P0494,CIDEr: Consensus-Based Image Description Evaluation,CVPR-2015-A001814|CVPR-2015-A001815|CVPR-2015-A001816,CVPR,2015,https://openaccess.thecvf.com/content_cvpr_2015/html/Vedantam_CIDEr_Consensus-Based_Image_2015_CVPR_paper.html
CVPR-2015-P0495,"Joint Inference of Groups, Events and Human Roles in Aerial Videos",CVPR-2015-A001817|CVPR-2015-A001818|CVPR-2015-A001819|CVPR-2015-A001820|CVPR-2015-A001821,CVPR,2015,https://openaccess.thecvf.com/content_cvpr_2015/html/Shu_Joint_Inference_of_2015_CVPR_paper.html
CVPR-2015-P0496,Photometric Stereo With Near Point Lighting: A Solution by Mesh Deformation,CVPR-2015-A001822|CVPR-2015-A001823|CVPR-2015-A001824,CVPR,2015,https://openaccess.thecvf.com/content_cvpr_2015/html/Xie_Photometric_Stereo_With_2015_CVPR_paper.html
CVPR-2015-P0497,Efficient Label Collection for Unlabeled Image Datasets,CVPR-2015-A001825|CVPR-2015-A001826|CVPR-2015-A001827,CVPR,2015,https://openaccess.thecvf.com/content_cvpr_2015/html/Wigness_Efficient_Label_Collection_2015_CVPR_paper.html
CVPR-2015-P0498,Separating Objects and Clutter in Indoor Scenes,CVPR-2015-A001828|CVPR-2015-A001829|CVPR-2015-A001830|CVPR-2015-A001831|CVPR-2015-A001832,CVPR,2015,https://openaccess.thecvf.com/content_cvpr_2015/html/Khan_Separating_Objects_and_2015_CVPR_paper.html
CVPR-2015-P0499,FaLRR: A Fast Low Rank Representation Solver,CVPR-2015-A001833|CVPR-2015-A001834|CVPR-2015-A001835|CVPR-2015-A001836,CVPR,2015,https://openaccess.thecvf.com/content_cvpr_2015/html/Xiao_FaLRR_A_Fast_2015_CVPR_paper.html
CVPR-2015-P0500,Simulating Makeup Through Physics-Based Manipulation of Intrinsic Image Layers,CVPR-2015-A001837|CVPR-2015-A001838|CVPR-2015-A001839,CVPR,2015,https://openaccess.thecvf.com/content_cvpr_2015/html/Li_Simulating_Makeup_Through_2015_CVPR_paper.html
CVPR-2015-P0501,Correlation Filters With Limited Boundaries,CVPR-2015-A001840|CVPR-2015-A001841|CVPR-2015-A001842,CVPR,2015,https://openaccess.thecvf.com/content_cvpr_2015/html/Galoogahi_Correlation_Filters_With_2015_CVPR_paper.html
CVPR-2015-P0502,Shape-Based Automatic Detection of a Large Number of 3D Facial Landmarks,CVPR-2015-A001843|CVPR-2015-A001844|CVPR-2015-A001845,CVPR,2015,https://openaccess.thecvf.com/content_cvpr_2015/html/Gilani_Shape-Based_Automatic_Detection_2015_CVPR_paper.html
CVPR-2015-P0503,Material Classification With Thermal Imagery,CVPR-2015-A001846|CVPR-2015-A001847|CVPR-2015-A001848|CVPR-2015-A001849,CVPR,2015,https://openaccess.thecvf.com/content_cvpr_2015/html/Saponaro_Material_Classification_With_2015_CVPR_paper.html
CVPR-2015-P0504,Deeply Learned Attributes for Crowded Scene Understanding,CVPR-2015-A001850|CVPR-2015-A001851|CVPR-2015-A001852|CVPR-2015-A001853,CVPR,2015,https://openaccess.thecvf.com/content_cvpr_2015/html/Shao_Deeply_Learned_Attributes_2015_CVPR_paper.html
CVPR-2015-P0505,Learning To Look Up: Realtime Monocular Gaze Correction Using Machine Learning,CVPR-2015-A001854|CVPR-2015-A001855,CVPR,2015,https://openaccess.thecvf.com/content_cvpr_2015/html/Kononenko_Learning_To_Look_2015_CVPR_paper.html
CVPR-2015-P0506,Background Subtraction via Generalized Fused Lasso Foreground Modeling,CVPR-2015-A001856|CVPR-2015-A001857|CVPR-2015-A001858|CVPR-2015-A001859,CVPR,2015,https://openaccess.thecvf.com/content_cvpr_2015/html/Xin_Background_Subtraction_via_2015_CVPR_paper.html
CVPR-2015-P0507,"Mirror, Mirror on the Wall, Tell Me, Is the Error Small?",CVPR-2015-A001860|CVPR-2015-A001861,CVPR,2015,https://openaccess.thecvf.com/content_cvpr_2015/html/Yang_Mirror_Mirror_on_2015_CVPR_paper.html
CVPR-2015-P0508,Beyond Short Snippets: Deep Networks for Video Classification,CVPR-2015-A001862|CVPR-2015-A001863|CVPR-2015-A001864|CVPR-2015-A001865|CVPR-2015-A001866|CVPR-2015-A001867,CVPR,2015,https://openaccess.thecvf.com/content_cvpr_2015/html/Ng_Beyond_Short_Snippets_2015_CVPR_paper.html
CVPR-2015-P0509,segDeepM: Exploiting Segmentation and Context in Deep Neural Networks for Object Detection,CVPR-2015-A001868|CVPR-2015-A001869|CVPR-2015-A001870|CVPR-2015-A001871,CVPR,2015,https://openaccess.thecvf.com/content_cvpr_2015/html/Zhu_segDeepM_Exploiting_Segmentation_2015_CVPR_paper.html
CVPR-2015-P0510,Situational Object Boundary Detection,CVPR-2015-A001872|CVPR-2015-A001873,CVPR,2015,https://openaccess.thecvf.com/content_cvpr_2015/html/Uijlings_Situational_Object_Boundary_2015_CVPR_paper.html
CVPR-2015-P0511,Real-Time 3D Head Pose and Facial Landmark Estimation From Depth Images Using Triangular Surface Patch Features,CVPR-2015-A001874|CVPR-2015-A001875|CVPR-2015-A001876,CVPR,2015,https://openaccess.thecvf.com/content_cvpr_2015/html/Papazov_Real-Time_3D_Head_2015_CVPR_paper.html
CVPR-2015-P0512,Aligning 3D Models to RGB-D Images of Cluttered Scenes,CVPR-2015-A001877|CVPR-2015-A001878|CVPR-2015-A001879|CVPR-2015-A001880,CVPR,2015,https://openaccess.thecvf.com/content_cvpr_2015/html/Gupta_Aligning_3D_Models_2015_CVPR_paper.html
CVPR-2015-P0513,A Stable Multi-Scale Kernel for Topological Machine Learning,CVPR-2015-A001881|CVPR-2015-A001882|CVPR-2015-A001883|CVPR-2015-A001884,CVPR,2015,https://openaccess.thecvf.com/content_cvpr_2015/html/Reininghaus_A_Stable_Multi-Scale_2015_CVPR_paper.html
CVPR-2015-P0514,The Treasure Beneath Convolutional Layers: Cross-Convolutional-Layer Pooling for Image Classification,CVPR-2015-A001885|CVPR-2015-A001886|CVPR-2015-A001887,CVPR,2015,https://openaccess.thecvf.com/content_cvpr_2015/html/Liu_The_Treasure_Beneath_2015_CVPR_paper.html
CVPR-2015-P0515,Face Video Retrieval With Image Query via Hashing Across Euclidean Space and Riemannian Manifold,CVPR-2015-A001888|CVPR-2015-A001889|CVPR-2015-A001890|CVPR-2015-A001891|CVPR-2015-A001892,CVPR,2015,https://openaccess.thecvf.com/content_cvpr_2015/html/Li_Face_Video_Retrieval_2015_CVPR_paper.html
CVPR-2015-P0516,EgoSampling: Fast-Forward and Stereo for Egocentric Videos,CVPR-2015-A001893|CVPR-2015-A001894|CVPR-2015-A001895|CVPR-2015-A001896,CVPR,2015,https://openaccess.thecvf.com/content_cvpr_2015/html/Poleg_EgoSampling_Fast-Forward_and_2015_CVPR_paper.html
CVPR-2015-P0517,Social Saliency Prediction,CVPR-2015-A001897|CVPR-2015-A001898,CVPR,2015,https://openaccess.thecvf.com/content_cvpr_2015/html/Park_Social_Saliency_Prediction_2015_CVPR_paper.html
CVPR-2015-P0518,Beyond Principal Components: Deep Boltzmann Machines for Face Modeling,CVPR-2015-A001899|CVPR-2015-A001900|CVPR-2015-A001901|CVPR-2015-A001902,CVPR,2015,https://openaccess.thecvf.com/content_cvpr_2015/html/Duong_Beyond_Principal_Components_2015_CVPR_paper.html
CVPR-2015-P0519,Statistical Inference Models for Image Datasets With Systematic Variations,CVPR-2015-A001903|CVPR-2015-A001904|CVPR-2015-A001905|CVPR-2015-A001906|CVPR-2015-A001907,CVPR,2015,https://openaccess.thecvf.com/content_cvpr_2015/html/Kim_Statistical_Inference_Models_2015_CVPR_paper.html
CVPR-2015-P0520,Beyond Frontal Faces: Improving Person Recognition Using Multiple Cues,CVPR-2015-A001908|CVPR-2015-A001909|CVPR-2015-A001910|CVPR-2015-A001911|CVPR-2015-A001912,CVPR,2015,https://openaccess.thecvf.com/content_cvpr_2015/html/Zhang_Beyond_Frontal_Faces_2015_CVPR_paper.html
CVPR-2015-P0521,Superpixel-Based Video Object Segmentation Using Perceptual Organization and Location Prior,CVPR-2015-A001913|CVPR-2015-A001914|CVPR-2015-A001915|CVPR-2015-A001916,CVPR,2015,https://openaccess.thecvf.com/content_cvpr_2015/html/Giordano_Superpixel-Based_Video_Object_2015_CVPR_paper.html
CVPR-2015-P0522,Robust Image Filtering Using Joint Static and Dynamic Guidance,CVPR-2015-A001917|CVPR-2015-A001918|CVPR-2015-A001919,CVPR,2015,https://openaccess.thecvf.com/content_cvpr_2015/html/Ham_Robust_Image_Filtering_2015_CVPR_paper.html
CVPR-2015-P0523,Solving Multiple Square Jigsaw Puzzles With Missing Pieces,CVPR-2015-A001920|CVPR-2015-A001921,CVPR,2015,https://openaccess.thecvf.com/content_cvpr_2015/html/Paikin_Solving_Multiple_Square_2015_CVPR_paper.html
CVPR-2015-P0524,A Dynamic Convolutional Layer for Short Range Weather Prediction,CVPR-2015-A001922|CVPR-2015-A001923|CVPR-2015-A001924,CVPR,2015,https://openaccess.thecvf.com/content_cvpr_2015/html/Klein_A_Dynamic_Convolutional_2015_CVPR_paper.html
CVPR-2015-P0525,SWIFT: Sparse Withdrawal of Inliers in a First Trial,CVPR-2015-A001925|CVPR-2015-A001926|CVPR-2015-A001927,CVPR,2015,https://openaccess.thecvf.com/content_cvpr_2015/html/Jaberi_SWIFT_Sparse_Withdrawal_2015_CVPR_paper.html
CVPR-2015-P0526,VIP: Finding Important People in Images,CVPR-2015-A001928|CVPR-2015-A001929|CVPR-2015-A001930,CVPR,2015,https://openaccess.thecvf.com/content_cvpr_2015/html/Mathialagan_VIP_Finding_Important_2015_CVPR_paper.html
CVPR-2015-P0527,Dataset Fingerprints: Exploring Image Collections Through Data Mining,CVPR-2015-A001931|CVPR-2015-A001932|CVPR-2015-A001933|CVPR-2015-A001934,CVPR,2015,https://openaccess.thecvf.com/content_cvpr_2015/html/Rematas_Dataset_Fingerprints_Exploring_2015_CVPR_paper.html
CVPR-2015-P0528,Transport-Based Single Frame Super Resolution of Very Low Resolution Face Images,CVPR-2015-A001935|CVPR-2015-A001936,CVPR,2015,https://openaccess.thecvf.com/content_cvpr_2015/html/Kolouri_Transport-Based_Single_Frame_2015_CVPR_paper.html
CVPR-2015-P0529,3D Reconstruction in the Presence of Glasses by Acoustic and Stereo Fusion,CVPR-2015-A001937|CVPR-2015-A001938|CVPR-2015-A001939|CVPR-2015-A001940,CVPR,2015,https://openaccess.thecvf.com/content_cvpr_2015/html/Ye_3D_Reconstruction_in_2015_CVPR_paper.html
CVPR-2015-P0530,Deep Sparse Representation for Robust Image Registration,CVPR-2015-A001941|CVPR-2015-A001942|CVPR-2015-A001943|CVPR-2015-A001944,CVPR,2015,https://openaccess.thecvf.com/content_cvpr_2015/html/Li_Deep_Sparse_Representation_2015_CVPR_paper.html
CVPR-2015-P0531,Real-Time Part-Based Visual Tracking via Adaptive Correlation Filters,CVPR-2015-A001945|CVPR-2015-A001946|CVPR-2015-A001947,CVPR,2015,https://openaccess.thecvf.com/content_cvpr_2015/html/Liu_Real-Time_Part-Based_Visual_2015_CVPR_paper.html
CVPR-2015-P0532,Beyond Spatial Pooling: Fine-Grained Representation Learning in Multiple Domains,CVPR-2015-A001948|CVPR-2015-A001949|CVPR-2015-A001950,CVPR,2015,https://openaccess.thecvf.com/content_cvpr_2015/html/Li_Beyond_Spatial_Pooling_2015_CVPR_paper.html
CVPR-2015-P0533,HC-Search for Structured Prediction in Computer Vision,CVPR-2015-A001951|CVPR-2015-A001952|CVPR-2015-A001953|CVPR-2015-A001954,CVPR,2015,https://openaccess.thecvf.com/content_cvpr_2015/html/Lam_HC-Search_for_Structured_2015_CVPR_paper.html
CVPR-2015-P0534,Revisiting Kernelized Locality-Sensitive Hashing for Improved Large-Scale Image Retrieval,CVPR-2015-A001955|CVPR-2015-A001956|CVPR-2015-A001957,CVPR,2015,https://openaccess.thecvf.com/content_cvpr_2015/html/Jiang_Revisiting_Kernelized_Locality-Sensitive_2015_CVPR_paper.html
CVPR-2015-P0535,High-Speed Hyperspectral Video Acquisition With a Dual-Camera Architecture,CVPR-2015-A001958|CVPR-2015-A001959|CVPR-2015-A001960|CVPR-2015-A001961|CVPR-2015-A001962|CVPR-2015-A001963,CVPR,2015,https://openaccess.thecvf.com/content_cvpr_2015/html/Wang_High-Speed_Hyperspectral_Video_2015_CVPR_paper.html
CVPR-2015-P0536,More About VLAD: A Leap From Euclidean to Riemannian Manifolds,CVPR-2015-A001964|CVPR-2015-A001965|CVPR-2015-A001966,CVPR,2015,https://openaccess.thecvf.com/content_cvpr_2015/html/Faraki_More_About_VLAD_2015_CVPR_paper.html
CVPR-2015-P0537,Camera Intrinsic Blur Kernel Estimation: A Reliable Framework,CVPR-2015-A001967|CVPR-2015-A001968|CVPR-2015-A001969|CVPR-2015-A001970|CVPR-2015-A001971,CVPR,2015,https://openaccess.thecvf.com/content_cvpr_2015/html/Mosleh_Camera_Intrinsic_Blur_2015_CVPR_paper.html
CVPR-2015-P0538,Classifier Learning With Hidden Information,CVPR-2015-A001972|CVPR-2015-A001973,CVPR,2015,https://openaccess.thecvf.com/content_cvpr_2015/html/Wang_Classifier_Learning_With_2015_CVPR_paper.html
CVPR-2015-P0539,Single Target Tracking Using Adaptive Clustered Decision Trees and Dynamic Multi-Level Appearance Models,CVPR-2015-A001974|CVPR-2015-A001975|CVPR-2015-A001976,CVPR,2015,https://openaccess.thecvf.com/content_cvpr_2015/html/Xiao_Single_Target_Tracking_2015_CVPR_paper.html
CVPR-2015-P0540,Simultaneous Video Defogging and Stereo Reconstruction,CVPR-2015-A001977|CVPR-2015-A001978|CVPR-2015-A001979|CVPR-2015-A001980|CVPR-2015-A001981|CVPR-2015-A001982,CVPR,2015,https://openaccess.thecvf.com/content_cvpr_2015/html/Li_Simultaneous_Video_Defogging_2015_CVPR_paper.html
CVPR-2015-P0541,Face Alignment by Coarse-to-Fine Shape Searching,CVPR-2015-A001983|CVPR-2015-A001984|CVPR-2015-A001985|CVPR-2015-A001986,CVPR,2015,https://openaccess.thecvf.com/content_cvpr_2015/html/Zhu_Face_Alignment_by_2015_CVPR_paper.html
CVPR-2015-P0542,Learning Deep Representations for Ground-to-Aerial Geolocalization,CVPR-2015-A001987|CVPR-2015-A001988|CVPR-2015-A001989|CVPR-2015-A001990,CVPR,2015,https://openaccess.thecvf.com/content_cvpr_2015/html/Lin_Learning_Deep_Representations_2015_CVPR_paper.html
CVPR-2015-P0543,Unsupervised Simultaneous Orthogonal Basis Clustering Feature Selection,CVPR-2015-A001991|CVPR-2015-A001992,CVPR,2015,https://openaccess.thecvf.com/content_cvpr_2015/html/Han_Unsupervised_Simultaneous_Orthogonal_2015_CVPR_paper.html
CVPR-2015-P0544,Space-Time Tree Ensemble for Action Recognition,CVPR-2015-A001993|CVPR-2015-A001994|CVPR-2015-A001995,CVPR,2015,https://openaccess.thecvf.com/content_cvpr_2015/html/Ma_Space-Time_Tree_Ensemble_2015_CVPR_paper.html
CVPR-2015-P0545,Subgraph Decomposition for Multi-Target Tracking,CVPR-2015-A001996|CVPR-2015-A001997|CVPR-2015-A001998|CVPR-2015-A001999,CVPR,2015,https://openaccess.thecvf.com/content_cvpr_2015/html/Tang_Subgraph_Decomposition_for_2015_CVPR_paper.html
CVPR-2015-P0546,Understanding Image Structure via Hierarchical Shape Parsing,CVPR-2015-A002000|CVPR-2015-A002001|CVPR-2015-A002002|CVPR-2015-A002003|CVPR-2015-A002004|CVPR-2015-A002005,CVPR,2015,https://openaccess.thecvf.com/content_cvpr_2015/html/Liu_Understanding_Image_Structure_2015_CVPR_paper.html
CVPR-2015-P0547,Coarse-To-Fine Region Selection and Matching,CVPR-2015-A002006|CVPR-2015-A002007|CVPR-2015-A002008,CVPR,2015,https://openaccess.thecvf.com/content_cvpr_2015/html/Yang_Coarse-To-Fine_Region_Selection_2015_CVPR_paper.html
CVPR-2015-P0548,Label Consistent Quadratic Surrogate Model for Visual Saliency Prediction,CVPR-2015-A002009|CVPR-2015-A002010|CVPR-2015-A002011,CVPR,2015,https://openaccess.thecvf.com/content_cvpr_2015/html/Luo_Label_Consistent_Quadratic_2015_CVPR_paper.html
CVPR-2015-P0549,Subgraph Matching Using Compactness Prior for Robust Feature Correspondence,CVPR-2015-A002012|CVPR-2015-A002013|CVPR-2015-A002014,CVPR,2015,https://openaccess.thecvf.com/content_cvpr_2015/html/Suh_Subgraph_Matching_Using_2015_CVPR_paper.html
CVPR-2015-P0550,Pedestrian Detection Aided by Deep Learning Semantic Tasks,CVPR-2015-A002015|CVPR-2015-A002016|CVPR-2015-A002017|CVPR-2015-A002018,CVPR,2015,https://openaccess.thecvf.com/content_cvpr_2015/html/Tian_Pedestrian_Detection_Aided_2015_CVPR_paper.html
CVPR-2015-P0551,Multihypothesis Trajectory Analysis for Robust Visual Tracking,CVPR-2015-A002019|CVPR-2015-A002020|CVPR-2015-A002021,CVPR,2015,https://openaccess.thecvf.com/content_cvpr_2015/html/Lee_Multihypothesis_Trajectory_Analysis_2015_CVPR_paper.html
CVPR-2015-P0552,Domain-Size Pooling in Local Descriptors: DSP-SIFT,CVPR-2015-A002022|CVPR-2015-A002023,CVPR,2015,https://openaccess.thecvf.com/content_cvpr_2015/html/Dong_Domain-Size_Pooling_in_2015_CVPR_paper.html
CVPR-2015-P0553,Object Detection by Labeling Superpixels,CVPR-2015-A002024|CVPR-2015-A002025|CVPR-2015-A002026|CVPR-2015-A002027|CVPR-2015-A002028,CVPR,2015,https://openaccess.thecvf.com/content_cvpr_2015/html/Yan_Object_Detection_by_2015_CVPR_paper.html
CVPR-2015-P0554,Fast 2D Border Ownership Assignment,CVPR-2015-A002029|CVPR-2015-A002030|CVPR-2015-A002031,CVPR,2015,https://openaccess.thecvf.com/content_cvpr_2015/html/Teo_Fast_2D_Border_2015_CVPR_paper.html
CVPR-2015-P0555,From Single Image Query to Detailed 3D Reconstruction,CVPR-2015-A002032|CVPR-2015-A002033|CVPR-2015-A002034|CVPR-2015-A002035,CVPR,2015,https://openaccess.thecvf.com/content_cvpr_2015/html/Schonberger_From_Single_Image_2015_CVPR_paper.html
CVPR-2015-P0556,Fast and Flexible Convolutional Sparse Coding,CVPR-2015-A002036|CVPR-2015-A002037|CVPR-2015-A002038,CVPR,2015,https://openaccess.thecvf.com/content_cvpr_2015/html/Heide_Fast_and_Flexible_2015_CVPR_paper.html
CVPR-2015-P0557,Iteratively Reweighted Graph Cut for Multi-Label MRFs With Non-Convex Priors,CVPR-2015-A002039|CVPR-2015-A002040|CVPR-2015-A002041|CVPR-2015-A002042,CVPR,2015,https://openaccess.thecvf.com/content_cvpr_2015/html/Ajanthan_Iteratively_Reweighted_Graph_2015_CVPR_paper.html
CVPR-2015-P0558,Pairwise Geometric Matching for Large-Scale Object Retrieval,CVPR-2015-A002043|CVPR-2015-A002044|CVPR-2015-A002045,CVPR,2015,https://openaccess.thecvf.com/content_cvpr_2015/html/Li_Pairwise_Geometric_Matching_2015_CVPR_paper.html
CVPR-2015-P0559,Deep Convolutional Neural Fields for Depth Estimation From a Single Image,CVPR-2015-A002046|CVPR-2015-A002047|CVPR-2015-A002048,CVPR,2015,https://openaccess.thecvf.com/content_cvpr_2015/html/Liu_Deep_Convolutional_Neural_2015_CVPR_paper.html
CVPR-2015-P0560,Data-Driven Sparsity-Based Restoration of JPEG-Compressed Images in Dual Transform-Pixel Domain,CVPR-2015-A002049|CVPR-2015-A002050|CVPR-2015-A002051|CVPR-2015-A002052,CVPR,2015,https://openaccess.thecvf.com/content_cvpr_2015/html/Liu_Data-Driven_Sparsity-Based_Restoration_2015_CVPR_paper.html
CVPR-2015-P0561,TVSum: Summarizing Web Videos Using Titles,CVPR-2015-A002053|CVPR-2015-A002054|CVPR-2015-A002055|CVPR-2015-A002056,CVPR,2015,https://openaccess.thecvf.com/content_cvpr_2015/html/Song_TVSum_Summarizing_Web_2015_CVPR_paper.html
CVPR-2015-P0562,Understanding Deep Image Representations by Inverting Them,CVPR-2015-A002057|CVPR-2015-A002058,CVPR,2015,https://openaccess.thecvf.com/content_cvpr_2015/html/Mahendran_Understanding_Deep_Image_2015_CVPR_paper.html
CVPR-2015-P0563,Single Image Super-Resolution From Transformed Self-Exemplars,CVPR-2015-A002059|CVPR-2015-A002060|CVPR-2015-A002061,CVPR,2015,https://openaccess.thecvf.com/content_cvpr_2015/html/Huang_Single_Image_Super-Resolution_2015_CVPR_paper.html
CVPR-2015-P0564,Constrained Planar Cuts - Object Partitioning for Point Clouds,CVPR-2015-A002062|CVPR-2015-A002063|CVPR-2015-A002064,CVPR,2015,https://openaccess.thecvf.com/content_cvpr_2015/html/Schoeler_Constrained_Planar_Cuts_2015_CVPR_paper.html
CVPR-2015-P0565,A Weighted Sparse Coding Framework for Saliency Detection,CVPR-2015-A002065|CVPR-2015-A002066|CVPR-2015-A002067,CVPR,2015,https://openaccess.thecvf.com/content_cvpr_2015/html/Li_A_Weighted_Sparse_2015_CVPR_paper.html
CVPR-2015-P0566,Handling Motion Blur in Multi-Frame Super-Resolution,CVPR-2015-A002068|CVPR-2015-A002069|CVPR-2015-A002070|CVPR-2015-A002071|CVPR-2015-A002072|CVPR-2015-A002073,CVPR,2015,https://openaccess.thecvf.com/content_cvpr_2015/html/Ma_Handling_Motion_Blur_2015_CVPR_paper.html
CVPR-2015-P0567,Approximate Nearest Neighbor Fields in Video,CVPR-2015-A002074|CVPR-2015-A002075,CVPR,2015,https://openaccess.thecvf.com/content_cvpr_2015/html/Ben-Zrihem_Approximate_Nearest_Neighbor_2015_CVPR_paper.html
CVPR-2015-P0568,Inverting RANSAC: Global Model Detection via Inlier Rate Estimation,CVPR-2015-A002076|CVPR-2015-A002077|CVPR-2015-A002078|CVPR-2015-A002079,CVPR,2015,https://openaccess.thecvf.com/content_cvpr_2015/html/Litman_Inverting_RANSAC_Global_2015_CVPR_paper.html
CVPR-2015-P0569,Robust Multi-Image Based Blind Face Hallucination,CVPR-2015-A002080|CVPR-2015-A002081,CVPR,2015,https://openaccess.thecvf.com/content_cvpr_2015/html/Jin_Robust_Multi-Image_Based_2015_CVPR_paper.html
CVPR-2015-P0570,On Learning Optimized Reaction Diffusion Processes for Effective Image Restoration,CVPR-2015-A002082|CVPR-2015-A002083|CVPR-2015-A002084,CVPR,2015,https://openaccess.thecvf.com/content_cvpr_2015/html/Chen_On_Learning_Optimized_2015_CVPR_paper.html
CVPR-2015-P0571,A Flexible Tensor Block Coordinate Ascent Scheme for Hypergraph Matching,CVPR-2015-A002085|CVPR-2015-A002086|CVPR-2015-A002087,CVPR,2015,https://openaccess.thecvf.com/content_cvpr_2015/html/Nguyen_A_Flexible_Tensor_2015_CVPR_paper.html
CVPR-2015-P0572,TILDE: A Temporally Invariant Learned DEtector,CVPR-2015-A002088|CVPR-2015-A002089|CVPR-2015-A002090|CVPR-2015-A002091,CVPR,2015,https://openaccess.thecvf.com/content_cvpr_2015/html/Verdie_TILDE_A_Temporally_2015_CVPR_paper.html
CVPR-2015-P0573,A Maximum Entropy Feature Descriptor for Age Invariant Face Recognition,CVPR-2015-A002092|CVPR-2015-A002093|CVPR-2015-A002094|CVPR-2015-A002095|CVPR-2015-A002096,CVPR,2015,https://openaccess.thecvf.com/content_cvpr_2015/html/Gong_A_Maximum_Entropy_2015_CVPR_paper.html
CVPR-2015-P0574,Sense Discovery via Co-Clustering on Images and Text,CVPR-2015-A002097|CVPR-2015-A002098|CVPR-2015-A002099|CVPR-2015-A002100,CVPR,2015,https://openaccess.thecvf.com/content_cvpr_2015/html/Chen_Sense_Discovery_via_2015_CVPR_paper.html
CVPR-2015-P0575,An Approximate Shading Model for Object Relighting,CVPR-2015-A002101|CVPR-2015-A002102|CVPR-2015-A002103,CVPR,2015,https://openaccess.thecvf.com/content_cvpr_2015/html/Liao_An_Approximate_Shading_2015_CVPR_paper.html
CVPR-2015-P0576,Deep Domain Adaptation for Describing People Based on Fine-Grained Clothing Attributes,CVPR-2015-A002104|CVPR-2015-A002105|CVPR-2015-A002106|CVPR-2015-A002107|CVPR-2015-A002108|CVPR-2015-A002109,CVPR,2015,https://openaccess.thecvf.com/content_cvpr_2015/html/Chen_Deep_Domain_Adaptation_2015_CVPR_paper.html
CVPR-2015-P0577,A Convolutional Neural Network Cascade for Face Detection,CVPR-2015-A002110|CVPR-2015-A002111|CVPR-2015-A002112|CVPR-2015-A002113|CVPR-2015-A002114,CVPR,2015,https://openaccess.thecvf.com/content_cvpr_2015/html/Li_A_Convolutional_Neural_2015_CVPR_paper.html
CVPR-2015-P0578,Visual Vibrometry: Estimating Material Properties From Small Motion in Video,CVPR-2015-A002115|CVPR-2015-A002116|CVPR-2015-A002117|CVPR-2015-A002118|CVPR-2015-A002119|CVPR-2015-A002120,CVPR,2015,https://openaccess.thecvf.com/content_cvpr_2015/html/Davis_Visual_Vibrometry_Estimating_2015_CVPR_paper.html
CVPR-2015-P0579,Jointly Learning Heterogeneous Features for RGB-D Activity Recognition,CVPR-2015-A002121|CVPR-2015-A002122|CVPR-2015-A002123|CVPR-2015-A002124,CVPR,2015,https://openaccess.thecvf.com/content_cvpr_2015/html/Hu_Jointly_Learning_Heterogeneous_2015_CVPR_paper.html
CVPR-2015-P0580,Convolutional Neural Networks at Constrained Time Cost,CVPR-2015-A002125|CVPR-2015-A002126,CVPR,2015,https://openaccess.thecvf.com/content_cvpr_2015/html/He_Convolutional_Neural_Networks_2015_CVPR_paper.html
CVPR-2015-P0581,Fine-Grained Histopathological Image Analysis via Robust Segmentation and Large-Scale Retrieval,CVPR-2015-A002127|CVPR-2015-A002128|CVPR-2015-A002129|CVPR-2015-A002130,CVPR,2015,https://openaccess.thecvf.com/content_cvpr_2015/html/Zhang_Fine-Grained_Histopathological_Image_2015_CVPR_paper.html
CVPR-2015-P0582,L0TV: A New Method for Image Restoration in the Presence of Impulse Noise,CVPR-2015-A002131|CVPR-2015-A002132,CVPR,2015,https://openaccess.thecvf.com/content_cvpr_2015/html/Yuan_L0TV_A_New_2015_CVPR_paper.html
CVPR-2015-P0583,Modeling Video Evolution for Action Recognition,CVPR-2015-A002133|CVPR-2015-A002134|CVPR-2015-A002135|CVPR-2015-A002136|CVPR-2015-A002137,CVPR,2015,https://openaccess.thecvf.com/content_cvpr_2015/html/Fernando_Modeling_Video_Evolution_2015_CVPR_paper.html
CVPR-2015-P0584,Long-Term Correlation Tracking,CVPR-2015-A002138|CVPR-2015-A002139|CVPR-2015-A002140|CVPR-2015-A002141,CVPR,2015,https://openaccess.thecvf.com/content_cvpr_2015/html/Ma_Long-Term_Correlation_Tracking_2015_CVPR_paper.html
CVPR-2015-P0585,Joint Tracking and Segmentation of Multiple Targets,CVPR-2015-A002142|CVPR-2015-A002143|CVPR-2015-A002144|CVPR-2015-A002145,CVPR,2015,https://openaccess.thecvf.com/content_cvpr_2015/html/Milan_Joint_Tracking_and_2015_CVPR_paper.html
CVPR-2015-P0586,RGBD-Fusion: Real-Time High Precision Depth Recovery,CVPR-2015-A002146|CVPR-2015-A002147|CVPR-2015-A002148|CVPR-2015-A002149|CVPR-2015-A002150,CVPR,2015,https://openaccess.thecvf.com/content_cvpr_2015/html/El_RGBD-Fusion_Real-Time_High_2015_CVPR_paper.html
CVPR-2015-P0587,Modeling Deformable Gradient Compositions for Single-Image Super-Resolution,CVPR-2015-A002151|CVPR-2015-A002152|CVPR-2015-A002153|CVPR-2015-A002154,CVPR,2015,https://openaccess.thecvf.com/content_cvpr_2015/html/Zhu_Modeling_Deformable_Gradient_2015_CVPR_paper.html
CVPR-2015-P0588,Generalized Video Deblurring for Dynamic Scenes,CVPR-2015-A002155|CVPR-2015-A002156,CVPR,2015,https://openaccess.thecvf.com/content_cvpr_2015/html/Kim_Generalized_Video_Deblurring_2015_CVPR_paper.html
CVPR-2015-P0589,Active Pictorial Structures,CVPR-2015-A002157|CVPR-2015-A002158|CVPR-2015-A002159,CVPR,2015,https://openaccess.thecvf.com/content_cvpr_2015/html/Antonakos_Active_Pictorial_Structures_2015_CVPR_paper.html
CVPR-2015-P0590,Ego-Surfing First-Person Videos,CVPR-2015-A002160|CVPR-2015-A002161|CVPR-2015-A002162,CVPR,2015,https://openaccess.thecvf.com/content_cvpr_2015/html/Yonetani_Ego-Surfing_First-Person_Videos_2015_CVPR_paper.html
CVPR-2015-P0591,Visual Saliency Based on Multiscale Deep Features,CVPR-2015-A002163|CVPR-2015-A002164,CVPR,2015,https://openaccess.thecvf.com/content_cvpr_2015/html/Li_Visual_Saliency_Based_2015_CVPR_paper.html
CVPR-2015-P0592,Recovering Inner Slices of Translucent Objects by Multi-Frequency Illumination,CVPR-2015-A002165|CVPR-2015-A002166|CVPR-2015-A002167|CVPR-2015-A002168|CVPR-2015-A002169,CVPR,2015,https://openaccess.thecvf.com/content_cvpr_2015/html/Tanaka_Recovering_Inner_Slices_2015_CVPR_paper.html
CVPR-2015-P0593,Local High-Order Regularization on Data Manifolds,CVPR-2015-A002170|CVPR-2015-A002171|CVPR-2015-A002172|CVPR-2015-A002173,CVPR,2015,https://openaccess.thecvf.com/content_cvpr_2015/html/Kim_Local_High-Order_Regularization_2015_CVPR_paper.html
CVPR-2015-P0594,Fine-Grained Classification of Pedestrians in Video: Benchmark and State of the Art,CVPR-2015-A002174|CVPR-2015-A002175,CVPR,2015,https://openaccess.thecvf.com/content_cvpr_2015/html/Hall_Fine-Grained_Classification_of_2015_CVPR_paper.html
CVPR-2015-P0595,Curriculum Learning of Multiple Tasks,CVPR-2015-A002176|CVPR-2015-A002177|CVPR-2015-A002178,CVPR,2015,https://openaccess.thecvf.com/content_cvpr_2015/html/Pentina_Curriculum_Learning_of_2015_CVPR_paper.html
CVPR-2015-P0596,How Many Bits Does it Take for a Stimulus to Be Salient?,CVPR-2015-A002179|CVPR-2015-A002180|CVPR-2015-A002181|CVPR-2015-A002182,CVPR,2015,https://openaccess.thecvf.com/content_cvpr_2015/html/Khatoonabadi_How_Many_Bits_2015_CVPR_paper.html
CVPR-2015-P0597,Discrete Optimization of Ray Potentials for Semantic 3D Reconstruction,CVPR-2015-A002183|CVPR-2015-A002184|CVPR-2015-A002185|CVPR-2015-A002186,CVPR,2015,https://openaccess.thecvf.com/content_cvpr_2015/html/Savinov_Discrete_Optimization_of_2015_CVPR_paper.html
CVPR-2015-P0598,SOLD: Sub-Optimal Low-rank Decomposition for Efficient Video Segmentation,CVPR-2015-A002187|CVPR-2015-A002188|CVPR-2015-A002189|CVPR-2015-A002190|CVPR-2015-A002191,CVPR,2015,https://openaccess.thecvf.com/content_cvpr_2015/html/Li_SOLD_Sub-Optimal_Low-rank_2015_CVPR_paper.html
CVPR-2015-P0599,On the Appearance of Translucent Edges,CVPR-2015-A002192|CVPR-2015-A002193|CVPR-2015-A002194|CVPR-2015-A002195|CVPR-2015-A002196,CVPR,2015,https://openaccess.thecvf.com/content_cvpr_2015/html/Gkioulekas_On_the_Appearance_2015_CVPR_paper.html
CVPR-2015-P0600,On Pairwise Costs for Network Flow Multi-Object Tracking,CVPR-2015-A002197|CVPR-2015-A002198|CVPR-2015-A002199|CVPR-2015-A002200,CVPR,2015,https://openaccess.thecvf.com/content_cvpr_2015/html/Chari_On_Pairwise_Costs_2015_CVPR_paper.html
CVPR-2015-P0601,Fine-Grained Recognition Without Part Annotations,CVPR-2015-A002201|CVPR-2015-A002202|CVPR-2015-A002203|CVPR-2015-A002204,CVPR,2015,https://openaccess.thecvf.com/content_cvpr_2015/html/Krause_Fine-Grained_Recognition_Without_2015_CVPR_paper.html
CVPR-2015-P0602,Robust Reconstruction of Indoor Scenes,CVPR-2015-A002205|CVPR-2015-A002206|CVPR-2015-A002207,CVPR,2015,https://openaccess.thecvf.com/content_cvpr_2015/html/Choi_Robust_Reconstruction_of_2015_CVPR_paper.html
