author_id,author_name,institution,country,conference,year
ICML-2024-A000001,Elias Abad Rocamora,UNKNOWN,UNKNOWN,ICML,2024
ICML-2024-A000002,Yongtao Wu,UNKNOWN,UNKNOWN,ICML,2024
ICML-2024-A000003,Fanghui Liu,UNKNOWN,UNKNOWN,ICML,2024
ICML-2024-A000004,Grigorios Chrysos,UNKNOWN,UNKNOWN,ICML,2024
ICML-2024-A000005,Volkan Cevher,UNKNOWN,UNKNOWN,ICML,2024
ICML-2024-A000006,Kenshi Abe,UNKNOWN,UNKNOWN,ICML,2024
ICML-2024-A000007,Kaito Ariu,UNKNOWN,UNKNOWN,ICML,2024
ICML-2024-A000008,Mitsuki Sakamoto,UNKNOWN,UNKNOWN,ICML,2024
ICML-2024-A000009,Atsushi Iwasaki,UNKNOWN,UNKNOWN,ICML,2024
ICML-2024-A000010,Reyna Abhyankar,UNKNOWN,UNKNOWN,ICML,2024
ICML-2024-A000011,Zijian He,UNKNOWN,UNKNOWN,ICML,2024
ICML-2024-A000012,Vikranth Srivatsa,UNKNOWN,UNKNOWN,ICML,2024
ICML-2024-A000013,Hao Zhang,UNKNOWN,UNKNOWN,ICML,2024
ICML-2024-A000014,Yiying Zhang,UNKNOWN,UNKNOWN,ICML,2024
ICML-2024-A000015,Abhinab Acharya,UNKNOWN,UNKNOWN,ICML,2024
ICML-2024-A000016,Dayou Yu,UNKNOWN,UNKNOWN,ICML,2024
ICML-2024-A000017,Qi Yu,UNKNOWN,UNKNOWN,ICML,2024
ICML-2024-A000018,Xumin Liu,UNKNOWN,UNKNOWN,ICML,2024
ICML-2024-A000019,Idan Achituve,UNKNOWN,UNKNOWN,ICML,2024
ICML-2024-A000020,Idit Diamant,UNKNOWN,UNKNOWN,ICML,2024
ICML-2024-A000021,Arnon Netzer,UNKNOWN,UNKNOWN,ICML,2024
ICML-2024-A000022,Gal Chechik,UNKNOWN,UNKNOWN,ICML,2024
ICML-2024-A000023,Ethan Fetaya,UNKNOWN,UNKNOWN,ICML,2024
ICML-2024-A000024,Reduan Achtibat,UNKNOWN,UNKNOWN,ICML,2024
ICML-2024-A000025,Sayed Mohammad Vakilzadeh Hatefi,UNKNOWN,UNKNOWN,ICML,2024
ICML-2024-A000026,Maximilian Dreyer,UNKNOWN,UNKNOWN,ICML,2024
ICML-2024-A000027,Aakriti Jain,UNKNOWN,UNKNOWN,ICML,2024
ICML-2024-A000028,Thomas Wiegand,UNKNOWN,UNKNOWN,ICML,2024
ICML-2024-A000029,Sebastian Lapuschkin,UNKNOWN,UNKNOWN,ICML,2024
ICML-2024-A000030,Wojciech Samek,UNKNOWN,UNKNOWN,ICML,2024
ICML-2024-A000031,Ben Adcock,UNKNOWN,UNKNOWN,ICML,2024
ICML-2024-A000032,Juan M. Cardenas,UNKNOWN,UNKNOWN,ICML,2024
ICML-2024-A000033,Nick Dexter,UNKNOWN,UNKNOWN,ICML,2024
ICML-2024-A000034,Harshavardhan Adepu,UNKNOWN,UNKNOWN,ICML,2024
ICML-2024-A000035,Zhanpeng Zeng,UNKNOWN,UNKNOWN,ICML,2024
ICML-2024-A000036,Li Zhang,UNKNOWN,UNKNOWN,ICML,2024
ICML-2024-A000037,Vikas Singh,UNKNOWN,UNKNOWN,ICML,2024
ICML-2024-A000038,Sandesh Adhikary,UNKNOWN,UNKNOWN,ICML,2024
ICML-2024-A000039,Anqi Li,UNKNOWN,UNKNOWN,ICML,2024
ICML-2024-A000040,Byron Boots,UNKNOWN,UNKNOWN,ICML,2024
ICML-2024-A000041,Dyah Adila,UNKNOWN,UNKNOWN,ICML,2024
ICML-2024-A000042,Shuai Zhang,UNKNOWN,UNKNOWN,ICML,2024
ICML-2024-A000043,Boran Han,UNKNOWN,UNKNOWN,ICML,2024
ICML-2024-A000044,Bernie Wang,UNKNOWN,UNKNOWN,ICML,2024
ICML-2024-A000045,Peyman Afshani,UNKNOWN,UNKNOWN,ICML,2024
ICML-2024-A000046,Chris Schwiegelshohn,UNKNOWN,UNKNOWN,ICML,2024
ICML-2024-A000047,Arshia Afzal,UNKNOWN,UNKNOWN,ICML,2024
ICML-2024-A000048,Grigorios Chrysos,UNKNOWN,UNKNOWN,ICML,2024
ICML-2024-A000049,Volkan Cevher,UNKNOWN,UNKNOWN,ICML,2024
ICML-2024-A000050,Mahsa Shoaran,UNKNOWN,UNKNOWN,ICML,2024
ICML-2024-A000051,Saurabh Agarwal,UNKNOWN,UNKNOWN,ICML,2024
ICML-2024-A000052,Bilge Acun,UNKNOWN,UNKNOWN,ICML,2024
ICML-2024-A000053,Basil Hosmer,UNKNOWN,UNKNOWN,ICML,2024
ICML-2024-A000054,Mostafa Elhoushi,UNKNOWN,UNKNOWN,ICML,2024
ICML-2024-A000055,Yejin Lee,UNKNOWN,UNKNOWN,ICML,2024
ICML-2024-A000056,Shivaram Venkataraman,UNKNOWN,UNKNOWN,ICML,2024
ICML-2024-A000057,Dimitris Papailiopoulos,UNKNOWN,UNKNOWN,ICML,2024
ICML-2024-A000058,Carole-Jean Wu,UNKNOWN,UNKNOWN,ICML,2024
ICML-2024-A000059,Pranav Agarwal,UNKNOWN,UNKNOWN,ICML,2024
ICML-2024-A000060,Sheldon Andrews,UNKNOWN,UNKNOWN,ICML,2024
ICML-2024-A000061,Samira Ebrahimi Kahou,UNKNOWN,UNKNOWN,ICML,2024
ICML-2024-A000062,Sanyam Agarwal,UNKNOWN,UNKNOWN,ICML,2024
ICML-2024-A000063,Markus Bläser,UNKNOWN,UNKNOWN,ICML,2024
ICML-2024-A000064,Naman Agarwal,UNKNOWN,UNKNOWN,ICML,2024
ICML-2024-A000065,Satyen Kale,UNKNOWN,UNKNOWN,ICML,2024
ICML-2024-A000066,Karan Singh,UNKNOWN,UNKNOWN,ICML,2024
ICML-2024-A000067,Abhradeep Guha Thakurta,UNKNOWN,UNKNOWN,ICML,2024
ICML-2024-A000068,Alekh Agarwal,UNKNOWN,UNKNOWN,ICML,2024
ICML-2024-A000069,Jian Qian,UNKNOWN,UNKNOWN,ICML,2024
ICML-2024-A000070,Alexander Rakhlin,UNKNOWN,UNKNOWN,ICML,2024
ICML-2024-A000071,Tong Zhang,UNKNOWN,UNKNOWN,ICML,2024
ICML-2024-A000072,Akhil Agnihotri,UNKNOWN,UNKNOWN,ICML,2024
ICML-2024-A000073,Rahul Jain,UNKNOWN,UNKNOWN,ICML,2024
ICML-2024-A000074,Haipeng Luo,UNKNOWN,UNKNOWN,ICML,2024
ICML-2024-A000075,Shashank Agnihotri,UNKNOWN,UNKNOWN,ICML,2024
ICML-2024-A000076,Steffen Jung,UNKNOWN,UNKNOWN,ICML,2024
ICML-2024-A000077,Margret Keuper,UNKNOWN,UNKNOWN,ICML,2024
ICML-2024-A000078,Victor Agostinelli Iii,UNKNOWN,UNKNOWN,ICML,2024
ICML-2024-A000079,Sanghyun Hong,UNKNOWN,UNKNOWN,ICML,2024
ICML-2024-A000080,Lizhong Chen,UNKNOWN,UNKNOWN,ICML,2024
ICML-2024-A000081,Shubhada Agrawal,UNKNOWN,UNKNOWN,ICML,2024
ICML-2024-A000082,Prashanth L A,UNKNOWN,UNKNOWN,ICML,2024
ICML-2024-A000083,Siva Theja Maguluri,UNKNOWN,UNKNOWN,ICML,2024
ICML-2024-A000084,Gustaf Ahdritz,UNKNOWN,UNKNOWN,ICML,2024
ICML-2024-A000085,Tian Qin,UNKNOWN,UNKNOWN,ICML,2024
ICML-2024-A000086,Nikhil Vyas,UNKNOWN,UNKNOWN,ICML,2024
ICML-2024-A000087,Boaz Barak,UNKNOWN,UNKNOWN,ICML,2024
ICML-2024-A000088,Benjamin L. Edelman,UNKNOWN,UNKNOWN,ICML,2024
ICML-2024-A000089,Sara Ahmadian,UNKNOWN,UNKNOWN,ICML,2024
ICML-2024-A000090,Edith Cohen,UNKNOWN,UNKNOWN,ICML,2024
ICML-2024-A000091,Ali Ahmaditeshnizi,UNKNOWN,UNKNOWN,ICML,2024
ICML-2024-A000092,Wenzhi Gao,UNKNOWN,UNKNOWN,ICML,2024
ICML-2024-A000093,Madeleine Udell,UNKNOWN,UNKNOWN,ICML,2024
ICML-2024-A000094,Kwangjun Ahn,UNKNOWN,UNKNOWN,ICML,2024
ICML-2024-A000095,Ali Jadbabaie,UNKNOWN,UNKNOWN,ICML,2024
ICML-2024-A000096,Suvrit Sra,UNKNOWN,UNKNOWN,ICML,2024
ICML-2024-A000097,Kwangjun Ahn,UNKNOWN,UNKNOWN,ICML,2024
ICML-2024-A000098,Zhiyu Zhang,UNKNOWN,UNKNOWN,ICML,2024
ICML-2024-A000099,Yunbum Kook,UNKNOWN,UNKNOWN,ICML,2024
ICML-2024-A000100,Yan Dai,UNKNOWN,UNKNOWN,ICML,2024
ICML-2024-A000101,Jiahao Ai,UNKNOWN,UNKNOWN,ICML,2024
ICML-2024-A000102,Zhimei Ren,UNKNOWN,UNKNOWN,ICML,2024
ICML-2024-A000103,Sina Akbari,UNKNOWN,UNKNOWN,ICML,2024
ICML-2024-A000104,Negar Kiyavash,UNKNOWN,UNKNOWN,ICML,2024
ICML-2024-A000105,Pedram Akbarian,UNKNOWN,UNKNOWN,ICML,2024
ICML-2024-A000106,Tongzheng Ren,UNKNOWN,UNKNOWN,ICML,2024
ICML-2024-A000107,Jiacheng Zhuo,UNKNOWN,UNKNOWN,ICML,2024
ICML-2024-A000108,Sujay Sanghavi,UNKNOWN,UNKNOWN,ICML,2024
ICML-2024-A000109,Nhat Ho,UNKNOWN,UNKNOWN,ICML,2024
ICML-2024-A000110,Emmanuel Akeweje,UNKNOWN,UNKNOWN,ICML,2024
ICML-2024-A000111,Mimi Zhang,UNKNOWN,UNKNOWN,ICML,2024
ICML-2024-A000112,Yash Akhauri,UNKNOWN,UNKNOWN,ICML,2024
ICML-2024-A000113,Mohamed S Abdelfattah,UNKNOWN,UNKNOWN,ICML,2024
ICML-2024-A000114,Tara Akhound-Sadegh,UNKNOWN,UNKNOWN,ICML,2024
ICML-2024-A000115,Jarrid Rector-Brooks,UNKNOWN,UNKNOWN,ICML,2024
ICML-2024-A000116,Joey Bose,UNKNOWN,UNKNOWN,ICML,2024
ICML-2024-A000117,Sarthak Mittal,UNKNOWN,UNKNOWN,ICML,2024
ICML-2024-A000118,Pablo Lemos,UNKNOWN,UNKNOWN,ICML,2024
ICML-2024-A000119,Cheng-Hao Liu,UNKNOWN,UNKNOWN,ICML,2024
ICML-2024-A000120,Marcin Sendera,UNKNOWN,UNKNOWN,ICML,2024
ICML-2024-A000121,Siamak Ravanbakhsh,UNKNOWN,UNKNOWN,ICML,2024
ICML-2024-A000122,Gauthier Gidel,UNKNOWN,UNKNOWN,ICML,2024
ICML-2024-A000123,Yoshua Bengio,UNKNOWN,UNKNOWN,ICML,2024
ICML-2024-A000124,Nikolay Malkin,UNKNOWN,UNKNOWN,ICML,2024
ICML-2024-A000125,Alexander Tong,UNKNOWN,UNKNOWN,ICML,2024
ICML-2024-A000126,Ekin Akyürek,UNKNOWN,UNKNOWN,ICML,2024
ICML-2024-A000127,Bailin Wang,UNKNOWN,UNKNOWN,ICML,2024
ICML-2024-A000128,Yoon Kim,UNKNOWN,UNKNOWN,ICML,2024
ICML-2024-A000129,Jacob Andreas,UNKNOWN,UNKNOWN,ICML,2024
ICML-2024-A000130,Mohammad Al-Jarrah,UNKNOWN,UNKNOWN,ICML,2024
ICML-2024-A000131,Niyizhen Jin,UNKNOWN,UNKNOWN,ICML,2024
ICML-2024-A000132,Bamdad Hosseini,UNKNOWN,UNKNOWN,ICML,2024
ICML-2024-A000133,Amirhossein Taghvaei,UNKNOWN,UNKNOWN,ICML,2024
ICML-2024-A000134,Ahmet Alacaoglu,UNKNOWN,UNKNOWN,ICML,2024
ICML-2024-A000135,Donghwan Kim,UNKNOWN,UNKNOWN,ICML,2024
ICML-2024-A000136,Stephen Wright,UNKNOWN,UNKNOWN,ICML,2024
ICML-2024-A000137,Mathieu Alain,UNKNOWN,UNKNOWN,ICML,2024
ICML-2024-A000138,So Takao,UNKNOWN,UNKNOWN,ICML,2024
ICML-2024-A000139,Brooks Paige,UNKNOWN,UNKNOWN,ICML,2024
ICML-2024-A000140,Marc Peter Deisenroth,UNKNOWN,UNKNOWN,ICML,2024
ICML-2024-A000141,Parand A. Alamdari,UNKNOWN,UNKNOWN,ICML,2024
ICML-2024-A000142,Toryn Q. Klassen,UNKNOWN,UNKNOWN,ICML,2024
ICML-2024-A000143,Elliot Creager,UNKNOWN,UNKNOWN,ICML,2024
ICML-2024-A000144,Sheila A. Mcilraith,UNKNOWN,UNKNOWN,ICML,2024
ICML-2024-A000145,Michael Samuel Albergo,UNKNOWN,UNKNOWN,ICML,2024
ICML-2024-A000146,Mark Goldstein,UNKNOWN,UNKNOWN,ICML,2024
ICML-2024-A000147,Nicholas Matthew Boffi,UNKNOWN,UNKNOWN,ICML,2024
ICML-2024-A000148,Rajesh Ranganath,UNKNOWN,UNKNOWN,ICML,2024
ICML-2024-A000149,Eric Vanden-Eijnden,UNKNOWN,UNKNOWN,ICML,2024
ICML-2024-A000150,Isabela Albuquerque,UNKNOWN,UNKNOWN,ICML,2024
ICML-2024-A000151,Jessica Schrouff,UNKNOWN,UNKNOWN,ICML,2024
ICML-2024-A000152,David Warde-Farley,UNKNOWN,UNKNOWN,ICML,2024
ICML-2024-A000153,Ali Taylan Cemgil,UNKNOWN,UNKNOWN,ICML,2024
ICML-2024-A000154,Sven Gowal,UNKNOWN,UNKNOWN,ICML,2024
ICML-2024-A000155,Olivia Wiles,UNKNOWN,UNKNOWN,ICML,2024
ICML-2024-A000156,Nicolas Alder,UNKNOWN,UNKNOWN,ICML,2024
ICML-2024-A000157,Ralf Herbrich,UNKNOWN,UNKNOWN,ICML,2024
ICML-2024-A000158,Motasem Alfarra,UNKNOWN,UNKNOWN,ICML,2024
ICML-2024-A000159,Hani Itani,UNKNOWN,UNKNOWN,ICML,2024
ICML-2024-A000160,Alejandro Pardo,UNKNOWN,UNKNOWN,ICML,2024
ICML-2024-A000161,Shyma Yaser Alhuwaider,UNKNOWN,UNKNOWN,ICML,2024
ICML-2024-A000162,Merey Ramazanova,UNKNOWN,UNKNOWN,ICML,2024
ICML-2024-A000163,Juan Camilo Perez,UNKNOWN,UNKNOWN,ICML,2024
ICML-2024-A000164,Zhipeng Cai,UNKNOWN,UNKNOWN,ICML,2024
ICML-2024-A000165,Matthias Müller,UNKNOWN,UNKNOWN,ICML,2024
ICML-2024-A000166,Bernard Ghanem,UNKNOWN,UNKNOWN,ICML,2024
ICML-2024-A000167,Christian H.X. Ali Mehmeti-Göpel,UNKNOWN,UNKNOWN,ICML,2024
ICML-2024-A000168,Michael Wand,UNKNOWN,UNKNOWN,ICML,2024
ICML-2024-A000169,Meysam Alishahi,UNKNOWN,UNKNOWN,ICML,2024
ICML-2024-A000170,Jeff M. Phillips,UNKNOWN,UNKNOWN,ICML,2024
ICML-2024-A000171,Miltiadis Allamanis,UNKNOWN,UNKNOWN,ICML,2024
ICML-2024-A000172,Sheena Panthaplackel,UNKNOWN,UNKNOWN,ICML,2024
ICML-2024-A000173,Pengcheng Yin,UNKNOWN,UNKNOWN,ICML,2024
ICML-2024-A000174,Zeyuan Allen-Zhu,UNKNOWN,UNKNOWN,ICML,2024
ICML-2024-A000175,Yuanzhi Li,UNKNOWN,UNKNOWN,ICML,2024
ICML-2024-A000176,Youssef Allouah,UNKNOWN,UNKNOWN,ICML,2024
ICML-2024-A000177,Sadegh Farhadkhani,UNKNOWN,UNKNOWN,ICML,2024
ICML-2024-A000178,Rachid Guerraoui,UNKNOWN,UNKNOWN,ICML,2024
ICML-2024-A000179,Nirupam Gupta,UNKNOWN,UNKNOWN,ICML,2024
ICML-2024-A000180,Rafael Pinot,UNKNOWN,UNKNOWN,ICML,2024
ICML-2024-A000181,Geovani Rizk,UNKNOWN,UNKNOWN,ICML,2024
ICML-2024-A000182,Sasha Voitovych,UNKNOWN,UNKNOWN,ICML,2024
ICML-2024-A000183,Youssef Allouah,UNKNOWN,UNKNOWN,ICML,2024
ICML-2024-A000184,Anastasia Koloskova,UNKNOWN,UNKNOWN,ICML,2024
ICML-2024-A000185,Aymane El Firdoussi,UNKNOWN,UNKNOWN,ICML,2024
ICML-2024-A000186,Martin Jaggi,UNKNOWN,UNKNOWN,ICML,2024
ICML-2024-A000187,Rachid Guerraoui,UNKNOWN,UNKNOWN,ICML,2024
ICML-2024-A000188,Pedro Alonso Campana,UNKNOWN,UNKNOWN,ICML,2024
ICML-2024-A000189,Paul Prasse,UNKNOWN,UNKNOWN,ICML,2024
ICML-2024-A000190,Tobias Scheffer,UNKNOWN,UNKNOWN,ICML,2024
ICML-2024-A000191,Matias Altamirano,UNKNOWN,UNKNOWN,ICML,2024
ICML-2024-A000192,Francois-Xavier Briol,UNKNOWN,UNKNOWN,ICML,2024
ICML-2024-A000193,Jeremias Knoblauch,UNKNOWN,UNKNOWN,ICML,2024
ICML-2024-A000194,Andres Altieri,UNKNOWN,UNKNOWN,ICML,2024
ICML-2024-A000195,Marco Romanelli,UNKNOWN,UNKNOWN,ICML,2024
ICML-2024-A000196,Georg Pichler,UNKNOWN,UNKNOWN,ICML,2024
ICML-2024-A000197,Florence Alberge,UNKNOWN,UNKNOWN,ICML,2024
ICML-2024-A000198,Pablo Piantanida,UNKNOWN,UNKNOWN,ICML,2024
ICML-2024-A000199,Patrick Altmeyer,UNKNOWN,UNKNOWN,ICML,2024
ICML-2024-A000200,Andrew M. Demetriou,UNKNOWN,UNKNOWN,ICML,2024
ICML-2024-A000201,Antony Bartlett,UNKNOWN,UNKNOWN,ICML,2024
ICML-2024-A000202,Cynthia C. S. Liem,UNKNOWN,UNKNOWN,ICML,2024
ICML-2024-A000203,Nico Alvarado,UNKNOWN,UNKNOWN,ICML,2024
ICML-2024-A000204,Hans Lobel,UNKNOWN,UNKNOWN,ICML,2024
ICML-2024-A000205,Luca Ambrogioni,UNKNOWN,UNKNOWN,ICML,2024
ICML-2024-A000206,Taha Ameen,UNKNOWN,UNKNOWN,ICML,2024
ICML-2024-A000207,Bruce Hajek,UNKNOWN,UNKNOWN,ICML,2024
ICML-2024-A000208,Konstantinos Ameranis,UNKNOWN,UNKNOWN,ICML,2024
ICML-2024-A000209,Adela Frances Depavia,UNKNOWN,UNKNOWN,ICML,2024
ICML-2024-A000210,Lorenzo Orecchia,UNKNOWN,UNKNOWN,ICML,2024
ICML-2024-A000211,Erasmo Tani,UNKNOWN,UNKNOWN,ICML,2024
ICML-2024-A000212,Alan Nawzad Amin,UNKNOWN,UNKNOWN,ICML,2024
ICML-2024-A000213,Andrew Gordon Wilson,UNKNOWN,UNKNOWN,ICML,2024
ICML-2024-A000214,Gholamali Aminian,UNKNOWN,UNKNOWN,ICML,2024
ICML-2024-A000215,Yixuan He,UNKNOWN,UNKNOWN,ICML,2024
ICML-2024-A000216,Gesine Reinert,UNKNOWN,UNKNOWN,ICML,2024
ICML-2024-A000217,Lukasz Szpruch,UNKNOWN,UNKNOWN,ICML,2024
ICML-2024-A000218,Samuel N. Cohen,UNKNOWN,UNKNOWN,ICML,2024
ICML-2024-A000219,Philip Amortila,UNKNOWN,UNKNOWN,ICML,2024
ICML-2024-A000220,Dylan J Foster,UNKNOWN,UNKNOWN,ICML,2024
ICML-2024-A000221,Akshay Krishnamurthy,UNKNOWN,UNKNOWN,ICML,2024
ICML-2024-A000222,Bang An,UNKNOWN,UNKNOWN,ICML,2024
ICML-2024-A000223,Mucong Ding,UNKNOWN,UNKNOWN,ICML,2024
ICML-2024-A000224,Tahseen Rabbani,UNKNOWN,UNKNOWN,ICML,2024
ICML-2024-A000225,Aakriti Agrawal,UNKNOWN,UNKNOWN,ICML,2024
ICML-2024-A000226,Yuancheng Xu,UNKNOWN,UNKNOWN,ICML,2024
ICML-2024-A000227,Chenghao Deng,UNKNOWN,UNKNOWN,ICML,2024
ICML-2024-A000228,Sicheng Zhu,UNKNOWN,UNKNOWN,ICML,2024
ICML-2024-A000229,Abdirisak Mohamed,UNKNOWN,UNKNOWN,ICML,2024
ICML-2024-A000230,Yuxin Wen,UNKNOWN,UNKNOWN,ICML,2024
ICML-2024-A000231,Tom Goldstein,UNKNOWN,UNKNOWN,ICML,2024
ICML-2024-A000232,Furong Huang,UNKNOWN,UNKNOWN,ICML,2024
ICML-2024-A000233,Chenxin An,UNKNOWN,UNKNOWN,ICML,2024
ICML-2024-A000234,Fei Huang,UNKNOWN,UNKNOWN,ICML,2024
ICML-2024-A000235,Jun Zhang,UNKNOWN,UNKNOWN,ICML,2024
ICML-2024-A000236,Shansan Gong,UNKNOWN,UNKNOWN,ICML,2024
ICML-2024-A000237,Xipeng Qiu,UNKNOWN,UNKNOWN,ICML,2024
ICML-2024-A000238,Chang Zhou,UNKNOWN,UNKNOWN,ICML,2024
ICML-2024-A000239,Lingpeng Kong,UNKNOWN,UNKNOWN,ICML,2024
ICML-2024-A000240,Sotiris Anagnostidis,UNKNOWN,UNKNOWN,ICML,2024
ICML-2024-A000241,Gregor Bachmann,UNKNOWN,UNKNOWN,ICML,2024
ICML-2024-A000242,Imanol Schlag,UNKNOWN,UNKNOWN,ICML,2024
ICML-2024-A000243,Thomas Hofmann,UNKNOWN,UNKNOWN,ICML,2024
ICML-2024-A000244,Alaa Anani,UNKNOWN,UNKNOWN,ICML,2024
ICML-2024-A000245,Tobias Lorenz,UNKNOWN,UNKNOWN,ICML,2024
ICML-2024-A000246,Bernt Schiele,UNKNOWN,UNKNOWN,ICML,2024
ICML-2024-A000247,Mario Fritz,UNKNOWN,UNKNOWN,ICML,2024
ICML-2024-A000248,Christopher J. Anders,UNKNOWN,UNKNOWN,ICML,2024
ICML-2024-A000249,Kim Andrea Nicoli,UNKNOWN,UNKNOWN,ICML,2024
ICML-2024-A000250,Bingting Wu,UNKNOWN,UNKNOWN,ICML,2024
ICML-2024-A000251,Naima Elosegui,UNKNOWN,UNKNOWN,ICML,2024
ICML-2024-A000252,Samuele Pedrielli,UNKNOWN,UNKNOWN,ICML,2024
ICML-2024-A000253,Lena Funcke,UNKNOWN,UNKNOWN,ICML,2024
ICML-2024-A000254,Karl Jansen,UNKNOWN,UNKNOWN,ICML,2024
ICML-2024-A000255,Stefan Kühn,UNKNOWN,UNKNOWN,ICML,2024
ICML-2024-A000256,Shinichi Nakajima,UNKNOWN,UNKNOWN,ICML,2024
ICML-2024-A000257,Rico Angell,UNKNOWN,UNKNOWN,ICML,2024
ICML-2024-A000258,Andrew Mccallum,UNKNOWN,UNKNOWN,ICML,2024
ICML-2024-A000259,Anastasios Nikolas Angelopoulos,UNKNOWN,UNKNOWN,ICML,2024
ICML-2024-A000260,Rina Barber,UNKNOWN,UNKNOWN,ICML,2024
ICML-2024-A000261,Stephen Bates,UNKNOWN,UNKNOWN,ICML,2024
ICML-2024-A000262,Ifigeneia Apostolopoulou,UNKNOWN,UNKNOWN,ICML,2024
ICML-2024-A000263,Benjamin Eysenbach,UNKNOWN,UNKNOWN,ICML,2024
ICML-2024-A000264,Frank Nielsen,UNKNOWN,UNKNOWN,ICML,2024
ICML-2024-A000265,Artur Dubrawski,UNKNOWN,UNKNOWN,ICML,2024
ICML-2024-A000266,Aaron Archer,UNKNOWN,UNKNOWN,ICML,2024
ICML-2024-A000267,Matthew Fahrbach,UNKNOWN,UNKNOWN,ICML,2024
ICML-2024-A000268,Kuikui Liu,UNKNOWN,UNKNOWN,ICML,2024
ICML-2024-A000269,Prakash Prabhu,UNKNOWN,UNKNOWN,ICML,2024
ICML-2024-A000270,Md Rifat Arefin,UNKNOWN,UNKNOWN,ICML,2024
ICML-2024-A000271,Yan Zhang,UNKNOWN,UNKNOWN,ICML,2024
ICML-2024-A000272,Aristide Baratin,UNKNOWN,UNKNOWN,ICML,2024
ICML-2024-A000273,Francesco Locatello,UNKNOWN,UNKNOWN,ICML,2024
ICML-2024-A000274,Irina Rish,UNKNOWN,UNKNOWN,ICML,2024
ICML-2024-A000275,Dianbo Liu,UNKNOWN,UNKNOWN,ICML,2024
ICML-2024-A000276,Kenji Kawaguchi,UNKNOWN,UNKNOWN,ICML,2024
ICML-2024-A000277,Sohei Arisaka,UNKNOWN,UNKNOWN,ICML,2024
ICML-2024-A000278,Qianxiao Li,UNKNOWN,UNKNOWN,ICML,2024
ICML-2024-A000279,Núria Armengol Urpı́,UNKNOWN,UNKNOWN,ICML,2024
ICML-2024-A000280,Marco Bagatella,UNKNOWN,UNKNOWN,ICML,2024
ICML-2024-A000281,Marin Vlastelica,UNKNOWN,UNKNOWN,ICML,2024
ICML-2024-A000282,Georg Martius,UNKNOWN,UNKNOWN,ICML,2024
ICML-2024-A000283,Luca Arnaboldi,UNKNOWN,UNKNOWN,ICML,2024
ICML-2024-A000284,Yatin Dandi,UNKNOWN,UNKNOWN,ICML,2024
ICML-2024-A000285,Florent Krzakala,UNKNOWN,UNKNOWN,ICML,2024
ICML-2024-A000286,Bruno Loureiro,UNKNOWN,UNKNOWN,ICML,2024
ICML-2024-A000287,Luca Pesce,UNKNOWN,UNKNOWN,ICML,2024
ICML-2024-A000288,Ludovic Stephan,UNKNOWN,UNKNOWN,ICML,2024
ICML-2024-A000289,Simran Arora,UNKNOWN,UNKNOWN,ICML,2024
ICML-2024-A000290,Sabri Eyuboglu,UNKNOWN,UNKNOWN,ICML,2024
ICML-2024-A000291,Michael Zhang,UNKNOWN,UNKNOWN,ICML,2024
ICML-2024-A000292,Aman Timalsina,UNKNOWN,UNKNOWN,ICML,2024
ICML-2024-A000293,Silas Alberti,UNKNOWN,UNKNOWN,ICML,2024
ICML-2024-A000294,James Zou,UNKNOWN,UNKNOWN,ICML,2024
ICML-2024-A000295,Atri Rudra,UNKNOWN,UNKNOWN,ICML,2024
ICML-2024-A000296,Christopher Re,UNKNOWN,UNKNOWN,ICML,2024
ICML-2024-A000297,Gabriel Arpino,UNKNOWN,UNKNOWN,ICML,2024
ICML-2024-A000298,Xiaoqi Liu,UNKNOWN,UNKNOWN,ICML,2024
ICML-2024-A000299,Ramji Venkataramanan,UNKNOWN,UNKNOWN,ICML,2024
ICML-2024-A000300,Jonas Arruda,UNKNOWN,UNKNOWN,ICML,2024
ICML-2024-A000301,Yannik Schälte,UNKNOWN,UNKNOWN,ICML,2024
ICML-2024-A000302,Clemens Peiter,UNKNOWN,UNKNOWN,ICML,2024
ICML-2024-A000303,Olga Teplytska,UNKNOWN,UNKNOWN,ICML,2024
ICML-2024-A000304,Ulrich Jaehde,UNKNOWN,UNKNOWN,ICML,2024
ICML-2024-A000305,Jan Hasenauer,UNKNOWN,UNKNOWN,ICML,2024
ICML-2024-A000306,Kavosh Asadi,UNKNOWN,UNKNOWN,ICML,2024
ICML-2024-A000307,Yao Liu,UNKNOWN,UNKNOWN,ICML,2024
ICML-2024-A000308,Shoham Sabach,UNKNOWN,UNKNOWN,ICML,2024
ICML-2024-A000309,Ming Yin,UNKNOWN,UNKNOWN,ICML,2024
ICML-2024-A000310,Rasool Fakoor,UNKNOWN,UNKNOWN,ICML,2024
ICML-2024-A000311,Matthew Ashman,UNKNOWN,UNKNOWN,ICML,2024
ICML-2024-A000312,Cristiana Diaconu,UNKNOWN,UNKNOWN,ICML,2024
ICML-2024-A000313,Junhyuck Kim,UNKNOWN,UNKNOWN,ICML,2024
ICML-2024-A000314,Lakee Sivaraya,UNKNOWN,UNKNOWN,ICML,2024
ICML-2024-A000315,Stratis Markou,UNKNOWN,UNKNOWN,ICML,2024
ICML-2024-A000316,James Requeima,UNKNOWN,UNKNOWN,ICML,2024
ICML-2024-A000317,Wessel P Bruinsma,UNKNOWN,UNKNOWN,ICML,2024
ICML-2024-A000318,Richard E. Turner,UNKNOWN,UNKNOWN,ICML,2024
ICML-2024-A000319,Hilal Asi,UNKNOWN,UNKNOWN,ICML,2024
ICML-2024-A000320,Vitaly Feldman,UNKNOWN,UNKNOWN,ICML,2024
ICML-2024-A000321,Jelani Nelson,UNKNOWN,UNKNOWN,ICML,2024
ICML-2024-A000322,Huy Nguyen,UNKNOWN,UNKNOWN,ICML,2024
ICML-2024-A000323,Kunal Talwar,UNKNOWN,UNKNOWN,ICML,2024
ICML-2024-A000324,Samson Zhou,UNKNOWN,UNKNOWN,ICML,2024
ICML-2024-A000325,Ben Athiwaratkun,UNKNOWN,UNKNOWN,ICML,2024
ICML-2024-A000326,Sujan Kumar Gonugondla,UNKNOWN,UNKNOWN,ICML,2024
ICML-2024-A000327,Sanjay Krishna Gouda,UNKNOWN,UNKNOWN,ICML,2024
ICML-2024-A000328,Haifeng Qian,UNKNOWN,UNKNOWN,ICML,2024
ICML-2024-A000329,Hantian Ding,UNKNOWN,UNKNOWN,ICML,2024
ICML-2024-A000330,Qing Sun,UNKNOWN,UNKNOWN,ICML,2024
ICML-2024-A000331,Jun Wang,UNKNOWN,UNKNOWN,ICML,2024
ICML-2024-A000332,Jiacheng Guo,UNKNOWN,UNKNOWN,ICML,2024
ICML-2024-A000333,Liangfu Chen,UNKNOWN,UNKNOWN,ICML,2024
ICML-2024-A000334,Parminder Bhatia,UNKNOWN,UNKNOWN,ICML,2024
ICML-2024-A000335,Ramesh Nallapati,UNKNOWN,UNKNOWN,ICML,2024
ICML-2024-A000336,Sudipta Sengupta,UNKNOWN,UNKNOWN,ICML,2024
ICML-2024-A000337,Bing Xiang,UNKNOWN,UNKNOWN,ICML,2024
ICML-2024-A000338,Hugo Attali,UNKNOWN,UNKNOWN,ICML,2024
ICML-2024-A000339,Davide Buscaldi,UNKNOWN,UNKNOWN,ICML,2024
ICML-2024-A000340,Nathalie Pernelle,UNKNOWN,UNKNOWN,ICML,2024
ICML-2024-A000341,Amit Attia,UNKNOWN,UNKNOWN,ICML,2024
ICML-2024-A000342,Tomer Koren,UNKNOWN,UNKNOWN,ICML,2024
ICML-2024-A000343,Idan Attias,UNKNOWN,UNKNOWN,ICML,2024
ICML-2024-A000344,Gintare Karolina Dziugaite,UNKNOWN,UNKNOWN,ICML,2024
ICML-2024-A000345,Mahdi Haghifam,UNKNOWN,UNKNOWN,ICML,2024
ICML-2024-A000346,Roi Livni,UNKNOWN,UNKNOWN,ICML,2024
ICML-2024-A000347,Daniel M. Roy,UNKNOWN,UNKNOWN,ICML,2024
ICML-2024-A000348,Idan Attias,UNKNOWN,UNKNOWN,ICML,2024
ICML-2024-A000349,Steve Hanneke,UNKNOWN,UNKNOWN,ICML,2024
ICML-2024-A000350,Aryeh Kontorovich,UNKNOWN,UNKNOWN,ICML,2024
ICML-2024-A000351,Menachem Sadigurschi,UNKNOWN,UNKNOWN,ICML,2024
ICML-2024-A000352,Kyriakos Axiotis,UNKNOWN,UNKNOWN,ICML,2024
ICML-2024-A000353,Vincent Cohen-Addad,UNKNOWN,UNKNOWN,ICML,2024
ICML-2024-A000354,Monika Henzinger,UNKNOWN,UNKNOWN,ICML,2024
ICML-2024-A000355,Sammy Jerome,UNKNOWN,UNKNOWN,ICML,2024
ICML-2024-A000356,Vahab Mirrokni,UNKNOWN,UNKNOWN,ICML,2024
ICML-2024-A000357,David Saulpic,UNKNOWN,UNKNOWN,ICML,2024
ICML-2024-A000358,David Woodruff,UNKNOWN,UNKNOWN,ICML,2024
ICML-2024-A000359,Michael Wunder,UNKNOWN,UNKNOWN,ICML,2024
ICML-2024-A000360,Alexis Ayme,UNKNOWN,UNKNOWN,ICML,2024
ICML-2024-A000361,Claire Boyer,UNKNOWN,UNKNOWN,ICML,2024
ICML-2024-A000362,Aymeric Dieuleveut,UNKNOWN,UNKNOWN,ICML,2024
ICML-2024-A000363,Erwan Scornet,UNKNOWN,UNKNOWN,ICML,2024
ICML-2024-A000364,Alex Ayoub,UNKNOWN,UNKNOWN,ICML,2024
ICML-2024-A000365,Kaiwen Wang,UNKNOWN,UNKNOWN,ICML,2024
ICML-2024-A000366,Vincent Liu,UNKNOWN,UNKNOWN,ICML,2024
ICML-2024-A000367,Samuel Robertson,UNKNOWN,UNKNOWN,ICML,2024
ICML-2024-A000368,James Mcinerney,UNKNOWN,UNKNOWN,ICML,2024
ICML-2024-A000369,Dawen Liang,UNKNOWN,UNKNOWN,ICML,2024
ICML-2024-A000370,Nathan Kallus,UNKNOWN,UNKNOWN,ICML,2024
ICML-2024-A000371,Csaba Szepesvari,UNKNOWN,UNKNOWN,ICML,2024
ICML-2024-A000372,Amir Azarmehr,UNKNOWN,UNKNOWN,ICML,2024
ICML-2024-A000373,Soheil Behnezhad,UNKNOWN,UNKNOWN,ICML,2024
ICML-2024-A000374,Mohammad Roghani,UNKNOWN,UNKNOWN,ICML,2024
ICML-2024-A000375,Waı̈ss Azizian,UNKNOWN,UNKNOWN,ICML,2024
ICML-2024-A000376,Franck Iutzeler,UNKNOWN,UNKNOWN,ICML,2024
ICML-2024-A000377,Jerome Malick,UNKNOWN,UNKNOWN,ICML,2024
ICML-2024-A000378,Panayotis Mertikopoulos,UNKNOWN,UNKNOWN,ICML,2024
ICML-2024-A000379,Sudarshan Babu,UNKNOWN,UNKNOWN,ICML,2024
ICML-2024-A000380,Richard Liu,UNKNOWN,UNKNOWN,ICML,2024
ICML-2024-A000381,Avery Zhou,UNKNOWN,UNKNOWN,ICML,2024
ICML-2024-A000382,Michael Maire,UNKNOWN,UNKNOWN,ICML,2024
ICML-2024-A000383,Greg Shakhnarovich,UNKNOWN,UNKNOWN,ICML,2024
ICML-2024-A000384,Rana Hanocka,UNKNOWN,UNKNOWN,ICML,2024
ICML-2024-A000385,Dheeraj Baby,UNKNOWN,UNKNOWN,ICML,2024
ICML-2024-A000386,Soumyabrata Pal,UNKNOWN,UNKNOWN,ICML,2024
ICML-2024-A000387,Alan Tendler Leibel Bacellar,UNKNOWN,UNKNOWN,ICML,2024
ICML-2024-A000388,Zachary Susskind,UNKNOWN,UNKNOWN,ICML,2024
ICML-2024-A000389,Mauricio Breternitz Jr,UNKNOWN,UNKNOWN,ICML,2024
ICML-2024-A000390,Eugene John,UNKNOWN,UNKNOWN,ICML,2024
ICML-2024-A000391,Lizy Kurian John,UNKNOWN,UNKNOWN,ICML,2024
ICML-2024-A000392,Priscila Machado Vieira Lima,UNKNOWN,UNKNOWN,ICML,2024
ICML-2024-A000393,Felipe M.G. França,UNKNOWN,UNKNOWN,ICML,2024
ICML-2024-A000394,Gregor Bachmann,UNKNOWN,UNKNOWN,ICML,2024
ICML-2024-A000395,Vaishnavh Nagarajan,UNKNOWN,UNKNOWN,ICML,2024
ICML-2024-A000396,Artur Back De Luca,UNKNOWN,UNKNOWN,ICML,2024
ICML-2024-A000397,Kimon Fountoulakis,UNKNOWN,UNKNOWN,ICML,2024
ICML-2024-A000398,Lu Bai,UNKNOWN,UNKNOWN,ICML,2024
ICML-2024-A000399,Lixin Cui,UNKNOWN,UNKNOWN,ICML,2024
ICML-2024-A000400,Ming Li,UNKNOWN,UNKNOWN,ICML,2024
ICML-2024-A000401,Yue Wang,UNKNOWN,UNKNOWN,ICML,2024
ICML-2024-A000402,Edwin Hancock,UNKNOWN,UNKNOWN,ICML,2024
ICML-2024-A000403,Mingyuan Bai,UNKNOWN,UNKNOWN,ICML,2024
ICML-2024-A000404,Wei Huang,UNKNOWN,UNKNOWN,ICML,2024
ICML-2024-A000405,Tenghui Li,UNKNOWN,UNKNOWN,ICML,2024
ICML-2024-A000406,Andong Wang,UNKNOWN,UNKNOWN,ICML,2024
ICML-2024-A000407,Junbin Gao,UNKNOWN,UNKNOWN,ICML,2024
ICML-2024-A000408,Cesar F Caiafa,UNKNOWN,UNKNOWN,ICML,2024
ICML-2024-A000409,Qibin Zhao,UNKNOWN,UNKNOWN,ICML,2024
ICML-2024-A000410,Yunyan Bai,UNKNOWN,UNKNOWN,ICML,2024
ICML-2024-A000411,Yuxing Liu,UNKNOWN,UNKNOWN,ICML,2024
ICML-2024-A000412,Luo Luo,UNKNOWN,UNKNOWN,ICML,2024
ICML-2024-A000413,Chenjia Bai,UNKNOWN,UNKNOWN,ICML,2024
ICML-2024-A000414,Rushuai Yang,UNKNOWN,UNKNOWN,ICML,2024
ICML-2024-A000415,Qiaosheng Zhang,UNKNOWN,UNKNOWN,ICML,2024
ICML-2024-A000416,Kang Xu,UNKNOWN,UNKNOWN,ICML,2024
ICML-2024-A000417,Yi Chen,UNKNOWN,UNKNOWN,ICML,2024
ICML-2024-A000418,Ting Xiao,UNKNOWN,UNKNOWN,ICML,2024
ICML-2024-A000419,Xuelong Li,UNKNOWN,UNKNOWN,ICML,2024
ICML-2024-A000420,Luke Bailey,UNKNOWN,UNKNOWN,ICML,2024
ICML-2024-A000421,Euan Ong,UNKNOWN,UNKNOWN,ICML,2024
ICML-2024-A000422,Stuart Russell,UNKNOWN,UNKNOWN,ICML,2024
ICML-2024-A000423,Scott Emmons,UNKNOWN,UNKNOWN,ICML,2024
ICML-2024-A000424,Justin Baker,UNKNOWN,UNKNOWN,ICML,2024
ICML-2024-A000425,Shih-Hsin Wang,UNKNOWN,UNKNOWN,ICML,2024
ICML-2024-A000426,Tommaso De Fernex,UNKNOWN,UNKNOWN,ICML,2024
ICML-2024-A000427,Bao Wang,UNKNOWN,UNKNOWN,ICML,2024
ICML-2024-A000428,Nikita Balabin,UNKNOWN,UNKNOWN,ICML,2024
ICML-2024-A000429,Daria Voronkova,UNKNOWN,UNKNOWN,ICML,2024
ICML-2024-A000430,Ilya Trofimov,UNKNOWN,UNKNOWN,ICML,2024
ICML-2024-A000431,Evgeny Burnaev,UNKNOWN,UNKNOWN,ICML,2024
ICML-2024-A000432,Serguei Barannikov,UNKNOWN,UNKNOWN,ICML,2024
ICML-2024-A000433,Rishab Balasubramanian,UNKNOWN,UNKNOWN,ICML,2024
ICML-2024-A000434,Jiawei Li,UNKNOWN,UNKNOWN,ICML,2024
ICML-2024-A000435,Prasad Tadepalli,UNKNOWN,UNKNOWN,ICML,2024
ICML-2024-A000436,Huazheng Wang,UNKNOWN,UNKNOWN,ICML,2024
ICML-2024-A000437,Qingyun Wu,UNKNOWN,UNKNOWN,ICML,2024
ICML-2024-A000438,Haoyu Zhao,UNKNOWN,UNKNOWN,ICML,2024
ICML-2024-A000439,Ivana Balazevic,UNKNOWN,UNKNOWN,ICML,2024
ICML-2024-A000440,Yuge Shi,UNKNOWN,UNKNOWN,ICML,2024
ICML-2024-A000441,Pinelopi Papalampidi,UNKNOWN,UNKNOWN,ICML,2024
ICML-2024-A000442,Rahma Chaabouni,UNKNOWN,UNKNOWN,ICML,2024
ICML-2024-A000443,Skanda Koppula,UNKNOWN,UNKNOWN,ICML,2024
ICML-2024-A000444,Olivier J Henaff,UNKNOWN,UNKNOWN,ICML,2024
ICML-2024-A000445,Randall Balestriero,UNKNOWN,UNKNOWN,ICML,2024
ICML-2024-A000446,Romain Cosentino,UNKNOWN,UNKNOWN,ICML,2024
ICML-2024-A000447,Sarath Shekkizhar,UNKNOWN,UNKNOWN,ICML,2024
ICML-2024-A000448,Randall Balestriero,UNKNOWN,UNKNOWN,ICML,2024
ICML-2024-A000449,Yann Lecun,UNKNOWN,UNKNOWN,ICML,2024
ICML-2024-A000450,Vicente Balmaseda,UNKNOWN,UNKNOWN,ICML,2024
ICML-2024-A000451,Ying Xu,UNKNOWN,UNKNOWN,ICML,2024
ICML-2024-A000452,Yixin Cao,UNKNOWN,UNKNOWN,ICML,2024
ICML-2024-A000453,Nate Veldt,UNKNOWN,UNKNOWN,ICML,2024
ICML-2024-A000454,Santiago R. Balseiro,UNKNOWN,UNKNOWN,ICML,2024
ICML-2024-A000455,Kshipra Bhawalkar,UNKNOWN,UNKNOWN,ICML,2024
ICML-2024-A000456,Zhe Feng,UNKNOWN,UNKNOWN,ICML,2024
ICML-2024-A000457,Haihao Lu,UNKNOWN,UNKNOWN,ICML,2024
ICML-2024-A000458,Vahab Mirrokni,UNKNOWN,UNKNOWN,ICML,2024
ICML-2024-A000459,Balasubramanian Sivan,UNKNOWN,UNKNOWN,ICML,2024
ICML-2024-A000460,Di Wang,UNKNOWN,UNKNOWN,ICML,2024
ICML-2024-A000461,Carles Balsells-Rodas,UNKNOWN,UNKNOWN,ICML,2024
ICML-2024-A000462,Yixin Wang,UNKNOWN,UNKNOWN,ICML,2024
ICML-2024-A000463,Yingzhen Li,UNKNOWN,UNKNOWN,ICML,2024
ICML-2024-A000464,Etienne Bamas,UNKNOWN,UNKNOWN,ICML,2024
ICML-2024-A000465,Sai Ganesh Nagarajan,UNKNOWN,UNKNOWN,ICML,2024
ICML-2024-A000466,Ola Svensson,UNKNOWN,UNKNOWN,ICML,2024
ICML-2024-A000467,Evripidis Bampis,UNKNOWN,UNKNOWN,ICML,2024
ICML-2024-A000468,Bruno Escoffier,UNKNOWN,UNKNOWN,ICML,2024
ICML-2024-A000469,Michalis Xefteris,UNKNOWN,UNKNOWN,ICML,2024
ICML-2024-A000470,Hao Ban,UNKNOWN,UNKNOWN,ICML,2024
ICML-2024-A000471,Kaiyi Ji,UNKNOWN,UNKNOWN,ICML,2024
ICML-2024-A000472,Neil Band,UNKNOWN,UNKNOWN,ICML,2024
ICML-2024-A000473,Xuechen Li,UNKNOWN,UNKNOWN,ICML,2024
ICML-2024-A000474,Tengyu Ma,UNKNOWN,UNKNOWN,ICML,2024
ICML-2024-A000475,Tatsunori Hashimoto,UNKNOWN,UNKNOWN,ICML,2024
ICML-2024-A000476,Debangshu Banerjee,UNKNOWN,UNKNOWN,ICML,2024
ICML-2024-A000477,Gagandeep Singh,UNKNOWN,UNKNOWN,ICML,2024
ICML-2024-A000478,Kiarash Banihashem,UNKNOWN,UNKNOWN,ICML,2024
ICML-2024-A000479,Samira Goudarzi,UNKNOWN,UNKNOWN,ICML,2024
ICML-2024-A000480,Mohammadtaghi Hajiaghayi,UNKNOWN,UNKNOWN,ICML,2024
ICML-2024-A000481,Peyman Jabbarzade,UNKNOWN,UNKNOWN,ICML,2024
ICML-2024-A000482,Morteza Monemizadeh,UNKNOWN,UNKNOWN,ICML,2024
ICML-2024-A000483,Kiarash Banihashem,UNKNOWN,UNKNOWN,ICML,2024
ICML-2024-A000484,Mohammadtaghi Hajiaghayi,UNKNOWN,UNKNOWN,ICML,2024
ICML-2024-A000485,Dariusz Rafal Kowalski,UNKNOWN,UNKNOWN,ICML,2024
ICML-2024-A000486,Jan Olkowski,UNKNOWN,UNKNOWN,ICML,2024
ICML-2024-A000487,Max Springer,UNKNOWN,UNKNOWN,ICML,2024
ICML-2024-A000488,Anahita Baninajjar,UNKNOWN,UNKNOWN,ICML,2024
ICML-2024-A000489,Ahmed Rezine,UNKNOWN,UNKNOWN,ICML,2024
ICML-2024-A000490,Amir Aminifar,UNKNOWN,UNKNOWN,ICML,2024
ICML-2024-A000491,Yajie Bao,UNKNOWN,UNKNOWN,ICML,2024
ICML-2024-A000492,Michael Crawshaw,UNKNOWN,UNKNOWN,ICML,2024
ICML-2024-A000493,Mingrui Liu,UNKNOWN,UNKNOWN,ICML,2024
ICML-2024-A000494,Han Bao,UNKNOWN,UNKNOWN,ICML,2024
ICML-2024-A000495,Ryuichiro Hataya,UNKNOWN,UNKNOWN,ICML,2024
ICML-2024-A000496,Ryo Karakida,UNKNOWN,UNKNOWN,ICML,2024
ICML-2024-A000497,Tianyi Bao,UNKNOWN,UNKNOWN,ICML,2024
ICML-2024-A000498,Qitian Wu,UNKNOWN,UNKNOWN,ICML,2024
ICML-2024-A000499,Zetian Jiang,UNKNOWN,UNKNOWN,ICML,2024
ICML-2024-A000500,Yiting Chen,UNKNOWN,UNKNOWN,ICML,2024
ICML-2024-A000501,Jiawei Sun,UNKNOWN,UNKNOWN,ICML,2024
ICML-2024-A000502,Junchi Yan,UNKNOWN,UNKNOWN,ICML,2024
ICML-2024-A000503,Amir Bar,UNKNOWN,UNKNOWN,ICML,2024
ICML-2024-A000504,Florian Bordes,UNKNOWN,UNKNOWN,ICML,2024
ICML-2024-A000505,Assaf Shocher,UNKNOWN,UNKNOWN,ICML,2024
ICML-2024-A000506,Mido Assran,UNKNOWN,UNKNOWN,ICML,2024
ICML-2024-A000507,Pascal Vincent,UNKNOWN,UNKNOWN,ICML,2024
ICML-2024-A000508,Nicolas Ballas,UNKNOWN,UNKNOWN,ICML,2024
ICML-2024-A000509,Trevor Darrell,UNKNOWN,UNKNOWN,ICML,2024
ICML-2024-A000510,Amir Globerson,UNKNOWN,UNKNOWN,ICML,2024
ICML-2024-A000511,Yann Lecun,UNKNOWN,UNKNOWN,ICML,2024
ICML-2024-A000512,Guy Bar-Shalom,UNKNOWN,UNKNOWN,ICML,2024
ICML-2024-A000513,Beatrice Bevilacqua,UNKNOWN,UNKNOWN,ICML,2024
ICML-2024-A000514,Haggai Maron,UNKNOWN,UNKNOWN,ICML,2024
ICML-2024-A000515,Giovanni Barbarani,UNKNOWN,UNKNOWN,ICML,2024
ICML-2024-A000516,Francesco Vaccarino,UNKNOWN,UNKNOWN,ICML,2024
ICML-2024-A000517,Gabriele Trivigno,UNKNOWN,UNKNOWN,ICML,2024
ICML-2024-A000518,Marco Guerra,UNKNOWN,UNKNOWN,ICML,2024
ICML-2024-A000519,Gabriele Berton,UNKNOWN,UNKNOWN,ICML,2024
ICML-2024-A000520,Carlo Masone,UNKNOWN,UNKNOWN,ICML,2024
ICML-2024-A000521,George-Octavian Bărbulescu,UNKNOWN,UNKNOWN,ICML,2024
ICML-2024-A000522,Peter Triantafillou,UNKNOWN,UNKNOWN,ICML,2024
ICML-2024-A000523,Lorenzo Bardone,UNKNOWN,UNKNOWN,ICML,2024
ICML-2024-A000524,Sebastian Goldt,UNKNOWN,UNKNOWN,ICML,2024
ICML-2024-A000525,Brian R. Bartoldson,UNKNOWN,UNKNOWN,ICML,2024
ICML-2024-A000526,James Diffenderfer,UNKNOWN,UNKNOWN,ICML,2024
ICML-2024-A000527,Konstantinos Parasyris,UNKNOWN,UNKNOWN,ICML,2024
ICML-2024-A000528,Bhavya Kailkhura,UNKNOWN,UNKNOWN,ICML,2024
ICML-2024-A000529,Grigory Bartosh,UNKNOWN,UNKNOWN,ICML,2024
ICML-2024-A000530,Dmitry Vetrov,UNKNOWN,UNKNOWN,ICML,2024
ICML-2024-A000531,Christian A. Naesseth,UNKNOWN,UNKNOWN,ICML,2024
ICML-2024-A000532,Daniel Barzilai,UNKNOWN,UNKNOWN,ICML,2024
ICML-2024-A000533,Ohad Shamir,UNKNOWN,UNKNOWN,ICML,2024
ICML-2024-A000534,Shahaf Bassan,UNKNOWN,UNKNOWN,ICML,2024
ICML-2024-A000535,Guy Amir,UNKNOWN,UNKNOWN,ICML,2024
ICML-2024-A000536,Guy Katz,UNKNOWN,UNKNOWN,ICML,2024
ICML-2024-A000537,Raef Bassily,UNKNOWN,UNKNOWN,ICML,2024
ICML-2024-A000538,Corinna Cortes,UNKNOWN,UNKNOWN,ICML,2024
ICML-2024-A000539,Anqi Mao,UNKNOWN,UNKNOWN,ICML,2024
ICML-2024-A000540,Mehryar Mohri,UNKNOWN,UNKNOWN,ICML,2024
ICML-2024-A000541,Soumya Basu,UNKNOWN,UNKNOWN,ICML,2024
ICML-2024-A000542,Ankit Singh Rawat,UNKNOWN,UNKNOWN,ICML,2024
ICML-2024-A000543,Manzil Zaheer,UNKNOWN,UNKNOWN,ICML,2024
ICML-2024-A000544,Samyadeep Basu,UNKNOWN,UNKNOWN,ICML,2024
ICML-2024-A000545,Keivan Rezaei,UNKNOWN,UNKNOWN,ICML,2024
ICML-2024-A000546,Priyatham Kattakinda,UNKNOWN,UNKNOWN,ICML,2024
ICML-2024-A000547,Vlad I Morariu,UNKNOWN,UNKNOWN,ICML,2024
ICML-2024-A000548,Nanxuan Zhao,UNKNOWN,UNKNOWN,ICML,2024
ICML-2024-A000549,Ryan A. Rossi,UNKNOWN,UNKNOWN,ICML,2024
ICML-2024-A000550,Varun Manjunatha,UNKNOWN,UNKNOWN,ICML,2024
ICML-2024-A000551,Soheil Feizi,UNKNOWN,UNKNOWN,ICML,2024
ICML-2024-A000552,Yahav Bechavod,UNKNOWN,UNKNOWN,ICML,2024
ICML-2024-A000553,Maya Bechler-Speicher,UNKNOWN,UNKNOWN,ICML,2024
ICML-2024-A000554,Ido Amos,UNKNOWN,UNKNOWN,ICML,2024
ICML-2024-A000555,Ran Gilad-Bachrach,UNKNOWN,UNKNOWN,ICML,2024
ICML-2024-A000556,Amir Globerson,UNKNOWN,UNKNOWN,ICML,2024
ICML-2024-A000557,Jonas Beck,UNKNOWN,UNKNOWN,ICML,2024
ICML-2024-A000558,Nathanael Bosch,UNKNOWN,UNKNOWN,ICML,2024
ICML-2024-A000559,Michael Deistler,UNKNOWN,UNKNOWN,ICML,2024
ICML-2024-A000560,Kyra L. Kadhim,UNKNOWN,UNKNOWN,ICML,2024
ICML-2024-A000561,Jakob H. Macke,UNKNOWN,UNKNOWN,ICML,2024
ICML-2024-A000562,Philipp Hennig,UNKNOWN,UNKNOWN,ICML,2024
ICML-2024-A000563,Philipp Berens,UNKNOWN,UNKNOWN,ICML,2024
ICML-2024-A000564,Ann-Kristin Becker,UNKNOWN,UNKNOWN,ICML,2024
ICML-2024-A000565,Oana Dumitrasc,UNKNOWN,UNKNOWN,ICML,2024
ICML-2024-A000566,Klaus Broelemann,UNKNOWN,UNKNOWN,ICML,2024
ICML-2024-A000567,Ali Behrouz,UNKNOWN,UNKNOWN,ICML,2024
ICML-2024-A000568,Parsa Delavari,UNKNOWN,UNKNOWN,ICML,2024
ICML-2024-A000569,Farnoosh Hashemi,UNKNOWN,UNKNOWN,ICML,2024
ICML-2024-A000570,Nora Belrose,UNKNOWN,UNKNOWN,ICML,2024
ICML-2024-A000571,Quintin Pope,UNKNOWN,UNKNOWN,ICML,2024
ICML-2024-A000572,Lucia Quirke,UNKNOWN,UNKNOWN,ICML,2024
ICML-2024-A000573,Alex Troy Mallen,UNKNOWN,UNKNOWN,ICML,2024
ICML-2024-A000574,Xiaoli Fern,UNKNOWN,UNKNOWN,ICML,2024
ICML-2024-A000575,Ran Ben-Basat,UNKNOWN,UNKNOWN,ICML,2024
ICML-2024-A000576,Shay Vargaftik,UNKNOWN,UNKNOWN,ICML,2024
ICML-2024-A000577,Amit Portnoy,UNKNOWN,UNKNOWN,ICML,2024
ICML-2024-A000578,Gil Einziger,UNKNOWN,UNKNOWN,ICML,2024
ICML-2024-A000579,Yaniv Ben-Itzhak,UNKNOWN,UNKNOWN,ICML,2024
ICML-2024-A000580,Michael Mitzenmacher,UNKNOWN,UNKNOWN,ICML,2024
ICML-2024-A000581,Omri Ben-Dov,UNKNOWN,UNKNOWN,ICML,2024
ICML-2024-A000582,Jake Fawkes,UNKNOWN,UNKNOWN,ICML,2024
ICML-2024-A000583,Samira Samadi,UNKNOWN,UNKNOWN,ICML,2024
ICML-2024-A000584,Amartya Sanyal,UNKNOWN,UNKNOWN,ICML,2024
ICML-2024-A000585,Heli Ben-Hamu,UNKNOWN,UNKNOWN,ICML,2024
ICML-2024-A000586,Omri Puny,UNKNOWN,UNKNOWN,ICML,2024
ICML-2024-A000587,Itai Gat,UNKNOWN,UNKNOWN,ICML,2024
ICML-2024-A000588,Brian Karrer,UNKNOWN,UNKNOWN,ICML,2024
ICML-2024-A000589,Uriel Singer,UNKNOWN,UNKNOWN,ICML,2024
ICML-2024-A000590,Yaron Lipman,UNKNOWN,UNKNOWN,ICML,2024
ICML-2024-A000591,Ryan Benkert,UNKNOWN,UNKNOWN,ICML,2024
ICML-2024-A000592,Mohit Prabhushankar,UNKNOWN,UNKNOWN,ICML,2024
ICML-2024-A000593,Ghassan Alregib,UNKNOWN,UNKNOWN,ICML,2024
ICML-2024-A000594,Ziyad Benomar,UNKNOWN,UNKNOWN,ICML,2024
ICML-2024-A000595,Vianney Perchet,UNKNOWN,UNKNOWN,ICML,2024
ICML-2024-A000596,Nimrod Berman,UNKNOWN,UNKNOWN,ICML,2024
ICML-2024-A000597,Ilan Naiman,UNKNOWN,UNKNOWN,ICML,2024
ICML-2024-A000598,Idan Arbiv,UNKNOWN,UNKNOWN,ICML,2024
ICML-2024-A000599,Gal Fadlon,UNKNOWN,UNKNOWN,ICML,2024
ICML-2024-A000600,Omri Azencot,UNKNOWN,UNKNOWN,ICML,2024
ICML-2024-A000601,Jules Berman,UNKNOWN,UNKNOWN,ICML,2024
ICML-2024-A000602,Benjamin Peherstorfer,UNKNOWN,UNKNOWN,ICML,2024
ICML-2024-A000603,Francesco Bertolotti,UNKNOWN,UNKNOWN,ICML,2024
ICML-2024-A000604,Walter Cazzola,UNKNOWN,UNKNOWN,ICML,2024
ICML-2024-A000605,Matteo Bettini,UNKNOWN,UNKNOWN,ICML,2024
ICML-2024-A000606,Ryan Kortvelesy,UNKNOWN,UNKNOWN,ICML,2024
ICML-2024-A000607,Amanda Prorok,UNKNOWN,UNKNOWN,ICML,2024
ICML-2024-A000608,Michael Beukman,UNKNOWN,UNKNOWN,ICML,2024
ICML-2024-A000609,Samuel Coward,UNKNOWN,UNKNOWN,ICML,2024
ICML-2024-A000610,Michael Matthews,UNKNOWN,UNKNOWN,ICML,2024
ICML-2024-A000611,Mattie Fellows,UNKNOWN,UNKNOWN,ICML,2024
ICML-2024-A000612,Minqi Jiang,UNKNOWN,UNKNOWN,ICML,2024
ICML-2024-A000613,Michael D Dennis,UNKNOWN,UNKNOWN,ICML,2024
ICML-2024-A000614,Jakob Nicolaus Foerster,UNKNOWN,UNKNOWN,ICML,2024
ICML-2024-A000615,Luca Beurer-Kellner,UNKNOWN,UNKNOWN,ICML,2024
ICML-2024-A000616,Marc Fischer,UNKNOWN,UNKNOWN,ICML,2024
ICML-2024-A000617,Martin Vechev,UNKNOWN,UNKNOWN,ICML,2024
ICML-2024-A000618,Luca Beurer-Kellner,UNKNOWN,UNKNOWN,ICML,2024
ICML-2024-A000619,Mark Niklas Mueller,UNKNOWN,UNKNOWN,ICML,2024
ICML-2024-A000620,Marc Fischer,UNKNOWN,UNKNOWN,ICML,2024
ICML-2024-A000621,Martin Vechev,UNKNOWN,UNKNOWN,ICML,2024
ICML-2024-A000622,Tom Bewley,UNKNOWN,UNKNOWN,ICML,2024
ICML-2024-A000623,Salim I. Amoukou,UNKNOWN,UNKNOWN,ICML,2024
ICML-2024-A000624,Saumitra Mishra,UNKNOWN,UNKNOWN,ICML,2024
ICML-2024-A000625,Daniele Magazzeni,UNKNOWN,UNKNOWN,ICML,2024
ICML-2024-A000626,Manuela Veloso,UNKNOWN,UNKNOWN,ICML,2024
ICML-2024-A000627,Aleksandr Beznosikov,UNKNOWN,UNKNOWN,ICML,2024
ICML-2024-A000628,David Dobre,UNKNOWN,UNKNOWN,ICML,2024
ICML-2024-A000629,Gauthier Gidel,UNKNOWN,UNKNOWN,ICML,2024
ICML-2024-A000630,Homanga Bharadhwaj,UNKNOWN,UNKNOWN,ICML,2024
ICML-2024-A000631,Sayan Bhattacharya,UNKNOWN,UNKNOWN,ICML,2024
ICML-2024-A000632,Gramoz Goranci,UNKNOWN,UNKNOWN,ICML,2024
ICML-2024-A000633,Shaofeng H.-C. Jiang,UNKNOWN,UNKNOWN,ICML,2024
ICML-2024-A000634,Yi Qian,UNKNOWN,UNKNOWN,ICML,2024
ICML-2024-A000635,Yubo Zhang,UNKNOWN,UNKNOWN,ICML,2024
ICML-2024-A000636,Arnab Bhattacharyya,UNKNOWN,UNKNOWN,ICML,2024
ICML-2024-A000637,Sutanu Gayen,UNKNOWN,UNKNOWN,ICML,2024
ICML-2024-A000638,Kuldeep S. Meel,UNKNOWN,UNKNOWN,ICML,2024
ICML-2024-A000639,Dimitrios Myrisiotis,UNKNOWN,UNKNOWN,ICML,2024
ICML-2024-A000640,A. Pavan,UNKNOWN,UNKNOWN,ICML,2024
ICML-2024-A000641,N. V. Vinodchandran,UNKNOWN,UNKNOWN,ICML,2024
ICML-2024-A000642,Raunaq Bhirangi,UNKNOWN,UNKNOWN,ICML,2024
ICML-2024-A000643,Chenyu Wang,UNKNOWN,UNKNOWN,ICML,2024
ICML-2024-A000644,Venkatesh Pattabiraman,UNKNOWN,UNKNOWN,ICML,2024
ICML-2024-A000645,Carmel Majidi,UNKNOWN,UNKNOWN,ICML,2024
ICML-2024-A000646,Abhinav Gupta,UNKNOWN,UNKNOWN,ICML,2024
ICML-2024-A000647,Tess Hellebrekers,UNKNOWN,UNKNOWN,ICML,2024
ICML-2024-A000648,Lerrel Pinto,UNKNOWN,UNKNOWN,ICML,2024
ICML-2024-A000649,Pratik Bhowal,UNKNOWN,UNKNOWN,ICML,2024
ICML-2024-A000650,Achint Soni,UNKNOWN,UNKNOWN,ICML,2024
ICML-2024-A000651,Sirisha Rambhatla,UNKNOWN,UNKNOWN,ICML,2024
ICML-2024-A000652,Neelkamal Bhuyan,UNKNOWN,UNKNOWN,ICML,2024
ICML-2024-A000653,Debankur Mukherjee,UNKNOWN,UNKNOWN,ICML,2024
ICML-2024-A000654,Adam Wierman,UNKNOWN,UNKNOWN,ICML,2024
ICML-2024-A000655,Yuxuan Bian,UNKNOWN,UNKNOWN,ICML,2024
ICML-2024-A000656,Xuan Ju,UNKNOWN,UNKNOWN,ICML,2024
ICML-2024-A000657,Jiangtong Li,UNKNOWN,UNKNOWN,ICML,2024
ICML-2024-A000658,Zhijian Xu,UNKNOWN,UNKNOWN,ICML,2024
ICML-2024-A000659,Dawei Cheng,UNKNOWN,UNKNOWN,ICML,2024
ICML-2024-A000660,Qiang Xu,UNKNOWN,UNKNOWN,ICML,2024
ICML-2024-A000661,Song Bian,UNKNOWN,UNKNOWN,ICML,2024
ICML-2024-A000662,Xiating Ouyang,UNKNOWN,UNKNOWN,ICML,2024
ICML-2024-A000663,Zhiwei Fan,UNKNOWN,UNKNOWN,ICML,2024
ICML-2024-A000664,Paraschos Koutris,UNKNOWN,UNKNOWN,ICML,2024
ICML-2024-A000665,Federico Bianchi,UNKNOWN,UNKNOWN,ICML,2024
ICML-2024-A000666,Patrick John Chia,UNKNOWN,UNKNOWN,ICML,2024
ICML-2024-A000667,Mert Yuksekgonul,UNKNOWN,UNKNOWN,ICML,2024
ICML-2024-A000668,Jacopo Tagliabue,UNKNOWN,UNKNOWN,ICML,2024
ICML-2024-A000669,Dan Jurafsky,UNKNOWN,UNKNOWN,ICML,2024
ICML-2024-A000670,James Zou,UNKNOWN,UNKNOWN,ICML,2024
ICML-2024-A000671,Federico Bianchi,UNKNOWN,UNKNOWN,ICML,2024
ICML-2024-A000672,Edoardo Zorzi,UNKNOWN,UNKNOWN,ICML,2024
ICML-2024-A000673,Alberto Castellini,UNKNOWN,UNKNOWN,ICML,2024
ICML-2024-A000674,Thiago D. Simão,UNKNOWN,UNKNOWN,ICML,2024
ICML-2024-A000675,Matthijs T. J. Spaan,UNKNOWN,UNKNOWN,ICML,2024
ICML-2024-A000676,Alessandro Farinelli,UNKNOWN,UNKNOWN,ICML,2024
ICML-2024-A000677,Ioana Bica,UNKNOWN,UNKNOWN,ICML,2024
ICML-2024-A000678,Anastasija Ilic,UNKNOWN,UNKNOWN,ICML,2024
ICML-2024-A000679,Matthias Bauer,UNKNOWN,UNKNOWN,ICML,2024
ICML-2024-A000680,Goker Erdogan,UNKNOWN,UNKNOWN,ICML,2024
ICML-2024-A000681,Matko Bošnjak,UNKNOWN,UNKNOWN,ICML,2024
ICML-2024-A000682,Christos Kaplanis,UNKNOWN,UNKNOWN,ICML,2024
ICML-2024-A000683,Alexey A. Gritsenko,UNKNOWN,UNKNOWN,ICML,2024
ICML-2024-A000684,Matthias Minderer,UNKNOWN,UNKNOWN,ICML,2024
ICML-2024-A000685,Charles Blundell,UNKNOWN,UNKNOWN,ICML,2024
ICML-2024-A000686,Razvan Pascanu,UNKNOWN,UNKNOWN,ICML,2024
ICML-2024-A000687,Jovana Mitrovic,UNKNOWN,UNKNOWN,ICML,2024
ICML-2024-A000688,Przemyslaw Biecek,UNKNOWN,UNKNOWN,ICML,2024
ICML-2024-A000689,Wojciech Samek,UNKNOWN,UNKNOWN,ICML,2024
ICML-2024-A000690,Massimo Bini,UNKNOWN,UNKNOWN,ICML,2024
ICML-2024-A000691,Karsten Roth,UNKNOWN,UNKNOWN,ICML,2024
ICML-2024-A000692,Zeynep Akata,UNKNOWN,UNKNOWN,ICML,2024
ICML-2024-A000693,Anna Khoreva,UNKNOWN,UNKNOWN,ICML,2024
ICML-2024-A000694,Darya Biparva,UNKNOWN,UNKNOWN,ICML,2024
ICML-2024-A000695,Donatello Materassi,UNKNOWN,UNKNOWN,ICML,2024
ICML-2024-A000696,Lasse Blaauwbroek,UNKNOWN,UNKNOWN,ICML,2024
ICML-2024-A000697,Mirek Olšák,UNKNOWN,UNKNOWN,ICML,2024
ICML-2024-A000698,Jason Rute,UNKNOWN,UNKNOWN,ICML,2024
ICML-2024-A000699,Fidel Ivan Schaposnik Massolo,UNKNOWN,UNKNOWN,ICML,2024
ICML-2024-A000700,Jelle Piepenbrock,UNKNOWN,UNKNOWN,ICML,2024
ICML-2024-A000701,Vasily Pestun,UNKNOWN,UNKNOWN,ICML,2024
ICML-2024-A000702,Mitchell Black,UNKNOWN,UNKNOWN,ICML,2024
ICML-2024-A000703,Lucy Lin,UNKNOWN,UNKNOWN,ICML,2024
ICML-2024-A000704,Weng-Keen Wong,UNKNOWN,UNKNOWN,ICML,2024
ICML-2024-A000705,Amir Nayyeri,UNKNOWN,UNKNOWN,ICML,2024
ICML-2024-A000706,Mitchell Black,UNKNOWN,UNKNOWN,ICML,2024
ICML-2024-A000707,Zhengchao Wan,UNKNOWN,UNKNOWN,ICML,2024
ICML-2024-A000708,Gal Mishne,UNKNOWN,UNKNOWN,ICML,2024
ICML-2024-A000709,Amir Nayyeri,UNKNOWN,UNKNOWN,ICML,2024
ICML-2024-A000710,Yusu Wang,UNKNOWN,UNKNOWN,ICML,2024
ICML-2024-A000711,Jose Blanchet,UNKNOWN,UNKNOWN,ICML,2024
ICML-2024-A000712,Peng Cui,UNKNOWN,UNKNOWN,ICML,2024
ICML-2024-A000713,Jiajin Li,UNKNOWN,UNKNOWN,ICML,2024
ICML-2024-A000714,Jiashuo Liu,UNKNOWN,UNKNOWN,ICML,2024
ICML-2024-A000715,Linus Bleistein,UNKNOWN,UNKNOWN,ICML,2024
ICML-2024-A000716,Van Tuan Nguyen,UNKNOWN,UNKNOWN,ICML,2024
ICML-2024-A000717,Adeline Fermanian,UNKNOWN,UNKNOWN,ICML,2024
ICML-2024-A000718,Agathe Guilloux,UNKNOWN,UNKNOWN,ICML,2024
ICML-2024-A000719,Denis Blessing,UNKNOWN,UNKNOWN,ICML,2024
ICML-2024-A000720,Xiaogang Jia,UNKNOWN,UNKNOWN,ICML,2024
ICML-2024-A000721,Johannes Esslinger,UNKNOWN,UNKNOWN,ICML,2024
ICML-2024-A000722,Francisco Vargas,UNKNOWN,UNKNOWN,ICML,2024
ICML-2024-A000723,Gerhard Neumann,UNKNOWN,UNKNOWN,ICML,2024
ICML-2024-A000724,Jinho Bok,UNKNOWN,UNKNOWN,ICML,2024
ICML-2024-A000725,Weijie J Su,UNKNOWN,UNKNOWN,ICML,2024
ICML-2024-A000726,Jason Altschuler,UNKNOWN,UNKNOWN,ICML,2024
ICML-2024-A000727,Simone Bombari,UNKNOWN,UNKNOWN,ICML,2024
ICML-2024-A000728,Marco Mondelli,UNKNOWN,UNKNOWN,ICML,2024
ICML-2024-A000729,Simone Bombari,UNKNOWN,UNKNOWN,ICML,2024
ICML-2024-A000730,Marco Mondelli,UNKNOWN,UNKNOWN,ICML,2024
ICML-2024-A000731,Eleonora Bonel,UNKNOWN,UNKNOWN,ICML,2024
ICML-2024-A000732,Luca Nannini,UNKNOWN,UNKNOWN,ICML,2024
ICML-2024-A000733,Davide Bassi,UNKNOWN,UNKNOWN,ICML,2024
ICML-2024-A000734,Michele Joshua Maggini,UNKNOWN,UNKNOWN,ICML,2024
ICML-2024-A000735,Blake Bordelon,UNKNOWN,UNKNOWN,ICML,2024
ICML-2024-A000736,Alexander Atanasov,UNKNOWN,UNKNOWN,ICML,2024
ICML-2024-A000737,Cengiz Pehlevan,UNKNOWN,UNKNOWN,ICML,2024
ICML-2024-A000738,Tobia Boschi,UNKNOWN,UNKNOWN,ICML,2024
ICML-2024-A000739,Francesca Bonin,UNKNOWN,UNKNOWN,ICML,2024
ICML-2024-A000740,Rodrigo Ordonez-Hurtado,UNKNOWN,UNKNOWN,ICML,2024
ICML-2024-A000741,Alessandra Pascale,UNKNOWN,UNKNOWN,ICML,2024
ICML-2024-A000742,Jonathan P Epperlein,UNKNOWN,UNKNOWN,ICML,2024
ICML-2024-A000743,Florent Bouchard,UNKNOWN,UNKNOWN,ICML,2024
ICML-2024-A000744,Ammar Mian,UNKNOWN,UNKNOWN,ICML,2024
ICML-2024-A000745,Malik Tiomoko,UNKNOWN,UNKNOWN,ICML,2024
ICML-2024-A000746,Guillaume Ginolhac,UNKNOWN,UNKNOWN,ICML,2024
ICML-2024-A000747,Frederic Pascal,UNKNOWN,UNKNOWN,ICML,2024
ICML-2024-A000748,Kouroche Bouchiat,UNKNOWN,UNKNOWN,ICML,2024
ICML-2024-A000749,Alexander Immer,UNKNOWN,UNKNOWN,ICML,2024
ICML-2024-A000750,Hugo Yèche,UNKNOWN,UNKNOWN,ICML,2024
ICML-2024-A000751,Gunnar Ratsch,UNKNOWN,UNKNOWN,ICML,2024
ICML-2024-A000752,Vincent Fortuin,UNKNOWN,UNKNOWN,ICML,2024
ICML-2024-A000753,Mustapha Bounoua,UNKNOWN,UNKNOWN,ICML,2024
ICML-2024-A000754,Giulio Franzese,UNKNOWN,UNKNOWN,ICML,2024
ICML-2024-A000755,Pietro Michiardi,UNKNOWN,UNKNOWN,ICML,2024
ICML-2024-A000756,César Bravo,UNKNOWN,UNKNOWN,ICML,2024
ICML-2024-A000757,Alexander Kozachinskiy,UNKNOWN,UNKNOWN,ICML,2024
ICML-2024-A000758,Cristobal Rojas,UNKNOWN,UNKNOWN,ICML,2024
ICML-2024-A000759,Manuel Brenner,UNKNOWN,UNKNOWN,ICML,2024
ICML-2024-A000760,Florian Hess,UNKNOWN,UNKNOWN,ICML,2024
ICML-2024-A000761,Georgia Koppe,UNKNOWN,UNKNOWN,ICML,2024
ICML-2024-A000762,Daniel Durstewitz,UNKNOWN,UNKNOWN,ICML,2024
ICML-2024-A000763,Marco Bressan,UNKNOWN,UNKNOWN,ICML,2024
ICML-2024-A000764,Mauro Sozio,UNKNOWN,UNKNOWN,ICML,2024
ICML-2024-A000765,Kirill Brilliantov,UNKNOWN,UNKNOWN,ICML,2024
ICML-2024-A000766,Fedor Pavutnitskiy,UNKNOWN,UNKNOWN,ICML,2024
ICML-2024-A000767,Dmitry Pasechnyuk,UNKNOWN,UNKNOWN,ICML,2024
ICML-2024-A000768,German Magai,UNKNOWN,UNKNOWN,ICML,2024
ICML-2024-A000769,Gavin R Brown,UNKNOWN,UNKNOWN,ICML,2024
ICML-2024-A000770,Krishnamurthy Dj Dvijotham,UNKNOWN,UNKNOWN,ICML,2024
ICML-2024-A000771,Georgina Evans,UNKNOWN,UNKNOWN,ICML,2024
ICML-2024-A000772,Daogao Liu,UNKNOWN,UNKNOWN,ICML,2024
ICML-2024-A000773,Adam Smith,UNKNOWN,UNKNOWN,ICML,2024
ICML-2024-A000774,Abhradeep Guha Thakurta,UNKNOWN,UNKNOWN,ICML,2024
ICML-2024-A000775,Jonah Brown-Cohen,UNKNOWN,UNKNOWN,ICML,2024
ICML-2024-A000776,Geoffrey Irving,UNKNOWN,UNKNOWN,ICML,2024
ICML-2024-A000777,Georgios Piliouras,UNKNOWN,UNKNOWN,ICML,2024
ICML-2024-A000778,Jake Bruce,UNKNOWN,UNKNOWN,ICML,2024
ICML-2024-A000779,Michael D Dennis,UNKNOWN,UNKNOWN,ICML,2024
ICML-2024-A000780,Ashley Edwards,UNKNOWN,UNKNOWN,ICML,2024
ICML-2024-A000781,Jack Parker-Holder,UNKNOWN,UNKNOWN,ICML,2024
ICML-2024-A000782,Yuge Shi,UNKNOWN,UNKNOWN,ICML,2024
ICML-2024-A000783,Edward Hughes,UNKNOWN,UNKNOWN,ICML,2024
ICML-2024-A000784,Matthew Lai,UNKNOWN,UNKNOWN,ICML,2024
ICML-2024-A000785,Aditi Mavalankar,UNKNOWN,UNKNOWN,ICML,2024
ICML-2024-A000786,Richie Steigerwald,UNKNOWN,UNKNOWN,ICML,2024
ICML-2024-A000787,Chris Apps,UNKNOWN,UNKNOWN,ICML,2024
ICML-2024-A000788,Yusuf Aytar,UNKNOWN,UNKNOWN,ICML,2024
ICML-2024-A000789,Sarah Maria Elisabeth Bechtle,UNKNOWN,UNKNOWN,ICML,2024
ICML-2024-A000790,Feryal Behbahani,UNKNOWN,UNKNOWN,ICML,2024
ICML-2024-A000791,Stephanie C.Y. Chan,UNKNOWN,UNKNOWN,ICML,2024
ICML-2024-A000792,Nicolas Heess,UNKNOWN,UNKNOWN,ICML,2024
ICML-2024-A000793,Lucy Gonzalez,UNKNOWN,UNKNOWN,ICML,2024
ICML-2024-A000794,Simon Osindero,UNKNOWN,UNKNOWN,ICML,2024
ICML-2024-A000795,Sherjil Ozair,UNKNOWN,UNKNOWN,ICML,2024
ICML-2024-A000796,Scott Reed,UNKNOWN,UNKNOWN,ICML,2024
ICML-2024-A000797,Jingwei Zhang,UNKNOWN,UNKNOWN,ICML,2024
ICML-2024-A000798,Konrad Zolna,UNKNOWN,UNKNOWN,ICML,2024
ICML-2024-A000799,Jeff Clune,UNKNOWN,UNKNOWN,ICML,2024
ICML-2024-A000800,Nando De Freitas,UNKNOWN,UNKNOWN,ICML,2024
ICML-2024-A000801,Satinder Singh,UNKNOWN,UNKNOWN,ICML,2024
ICML-2024-A000802,Tim Rocktäschel,UNKNOWN,UNKNOWN,ICML,2024
ICML-2024-A000803,Andrey Bryutkin,UNKNOWN,UNKNOWN,ICML,2024
ICML-2024-A000804,Jiahao Huang,UNKNOWN,UNKNOWN,ICML,2024
ICML-2024-A000805,Zhongying Deng,UNKNOWN,UNKNOWN,ICML,2024
ICML-2024-A000806,Guang Yang,UNKNOWN,UNKNOWN,ICML,2024
ICML-2024-A000807,Carola-Bibiane Schönlieb,UNKNOWN,UNKNOWN,ICML,2024
ICML-2024-A000808,Angelica I Aviles-Rivero,UNKNOWN,UNKNOWN,ICML,2024
ICML-2024-A000809,Dake Bu,UNKNOWN,UNKNOWN,ICML,2024
ICML-2024-A000810,Wei Huang,UNKNOWN,UNKNOWN,ICML,2024
ICML-2024-A000811,Taiji Suzuki,UNKNOWN,UNKNOWN,ICML,2024
ICML-2024-A000812,Ji Cheng,UNKNOWN,UNKNOWN,ICML,2024
ICML-2024-A000813,Qingfu Zhang,UNKNOWN,UNKNOWN,ICML,2024
ICML-2024-A000814,Zhiqiang Xu,UNKNOWN,UNKNOWN,ICML,2024
ICML-2024-A000815,Hau-San Wong,UNKNOWN,UNKNOWN,ICML,2024
ICML-2024-A000816,Fanchen Bu,UNKNOWN,UNKNOWN,ICML,2024
ICML-2024-A000817,Hyeonsoo Jo,UNKNOWN,UNKNOWN,ICML,2024
ICML-2024-A000818,Soo Yong Lee,UNKNOWN,UNKNOWN,ICML,2024
ICML-2024-A000819,Sungsoo Ahn,UNKNOWN,UNKNOWN,ICML,2024
ICML-2024-A000820,Kijung Shin,UNKNOWN,UNKNOWN,ICML,2024
ICML-2024-A000821,Zhiqi Bu,UNKNOWN,UNKNOWN,ICML,2024
ICML-2024-A000822,Yu-Xiang Wang,UNKNOWN,UNKNOWN,ICML,2024
ICML-2024-A000823,Sheng Zha,UNKNOWN,UNKNOWN,ICML,2024
ICML-2024-A000824,George Karypis,UNKNOWN,UNKNOWN,ICML,2024
ICML-2024-A000825,Poompol Buathong,UNKNOWN,UNKNOWN,ICML,2024
ICML-2024-A000826,Jiayue Wan,UNKNOWN,UNKNOWN,ICML,2024
ICML-2024-A000827,Raul Astudillo,UNKNOWN,UNKNOWN,ICML,2024
ICML-2024-A000828,Sam Daulton,UNKNOWN,UNKNOWN,ICML,2024
ICML-2024-A000829,Maximilian Balandat,UNKNOWN,UNKNOWN,ICML,2024
ICML-2024-A000830,Peter I. Frazier,UNKNOWN,UNKNOWN,ICML,2024
ICML-2024-A000831,Simon Buchholz,UNKNOWN,UNKNOWN,ICML,2024
ICML-2024-A000832,Bernhard Schölkopf,UNKNOWN,UNKNOWN,ICML,2024
ICML-2024-A000833,Ha Manh Bui,UNKNOWN,UNKNOWN,ICML,2024
ICML-2024-A000834,Anqi Liu,UNKNOWN,UNKNOWN,ICML,2024
ICML-2024-A000835,Ngoc Bui,UNKNOWN,UNKNOWN,ICML,2024
ICML-2024-A000836,Hieu Trung Nguyen,UNKNOWN,UNKNOWN,ICML,2024
ICML-2024-A000837,Viet Anh Nguyen,UNKNOWN,UNKNOWN,ICML,2024
ICML-2024-A000838,Rex Ying,UNKNOWN,UNKNOWN,ICML,2024
ICML-2024-A000839,Jannis Bulian,UNKNOWN,UNKNOWN,ICML,2024
ICML-2024-A000840,Mike S. Schäfer,UNKNOWN,UNKNOWN,ICML,2024
ICML-2024-A000841,Afra Amini,UNKNOWN,UNKNOWN,ICML,2024
ICML-2024-A000842,Heidi Lam,UNKNOWN,UNKNOWN,ICML,2024
ICML-2024-A000843,Massimiliano Ciaramita,UNKNOWN,UNKNOWN,ICML,2024
ICML-2024-A000844,Ben Gaiarin,UNKNOWN,UNKNOWN,ICML,2024
ICML-2024-A000845,Michelle Chen Huebscher,UNKNOWN,UNKNOWN,ICML,2024
ICML-2024-A000846,Christian Buck,UNKNOWN,UNKNOWN,ICML,2024
ICML-2024-A000847,Niels G. Mede,UNKNOWN,UNKNOWN,ICML,2024
ICML-2024-A000848,Markus Leippold,UNKNOWN,UNKNOWN,ICML,2024
ICML-2024-A000849,Nadine Strauss,UNKNOWN,UNKNOWN,ICML,2024
ICML-2024-A000850,Thomas F Burns,UNKNOWN,UNKNOWN,ICML,2024
ICML-2024-A000851,Collin Burns,UNKNOWN,UNKNOWN,ICML,2024
ICML-2024-A000852,Pavel Izmailov,UNKNOWN,UNKNOWN,ICML,2024
ICML-2024-A000853,Jan Hendrik Kirchner,UNKNOWN,UNKNOWN,ICML,2024
ICML-2024-A000854,Bowen Baker,UNKNOWN,UNKNOWN,ICML,2024
ICML-2024-A000855,Leo Gao,UNKNOWN,UNKNOWN,ICML,2024
ICML-2024-A000856,Leopold Aschenbrenner,UNKNOWN,UNKNOWN,ICML,2024
ICML-2024-A000857,Yining Chen,UNKNOWN,UNKNOWN,ICML,2024
ICML-2024-A000858,Adrien Ecoffet,UNKNOWN,UNKNOWN,ICML,2024
ICML-2024-A000859,Manas Joglekar,UNKNOWN,UNKNOWN,ICML,2024
ICML-2024-A000860,Jan Leike,UNKNOWN,UNKNOWN,ICML,2024
ICML-2024-A000861,Ilya Sutskever,UNKNOWN,UNKNOWN,ICML,2024
ICML-2024-A000862,Jeffrey Wu,UNKNOWN,UNKNOWN,ICML,2024
ICML-2024-A000863,Natasha Butt,UNKNOWN,UNKNOWN,ICML,2024
ICML-2024-A000864,Blazej Manczak,UNKNOWN,UNKNOWN,ICML,2024
ICML-2024-A000865,Auke Wiggers,UNKNOWN,UNKNOWN,ICML,2024
ICML-2024-A000866,Corrado Rainone,UNKNOWN,UNKNOWN,ICML,2024
ICML-2024-A000867,David W. Zhang,UNKNOWN,UNKNOWN,ICML,2024
ICML-2024-A000868,Michaël Defferrard,UNKNOWN,UNKNOWN,ICML,2024
ICML-2024-A000869,Taco Cohen,UNKNOWN,UNKNOWN,ICML,2024
ICML-2024-A000870,Gon Buzaglo,UNKNOWN,UNKNOWN,ICML,2024
ICML-2024-A000871,Itamar Harel,UNKNOWN,UNKNOWN,ICML,2024
ICML-2024-A000872,Mor Shpigel Nacson,UNKNOWN,UNKNOWN,ICML,2024
ICML-2024-A000873,Alon Brutzkus,UNKNOWN,UNKNOWN,ICML,2024
ICML-2024-A000874,Nathan Srebro,UNKNOWN,UNKNOWN,ICML,2024
ICML-2024-A000875,Daniel Soudry,UNKNOWN,UNKNOWN,ICML,2024
ICML-2024-A000876,Undral Byambadalai,UNKNOWN,UNKNOWN,ICML,2024
ICML-2024-A000877,Tatsushi Oka,UNKNOWN,UNKNOWN,ICML,2024
ICML-2024-A000878,Shota Yasui,UNKNOWN,UNKNOWN,ICML,2024
ICML-2024-A000879,Vivien Cabannes,UNKNOWN,UNKNOWN,ICML,2024
ICML-2024-A000880,Berfin Simsek,UNKNOWN,UNKNOWN,ICML,2024
ICML-2024-A000881,Alberto Bietti,UNKNOWN,UNKNOWN,ICML,2024
ICML-2024-A000882,Theo Cachet,UNKNOWN,UNKNOWN,ICML,2024
ICML-2024-A000883,Christopher R Dance,UNKNOWN,UNKNOWN,ICML,2024
ICML-2024-A000884,Olivier Sigaud,UNKNOWN,UNKNOWN,ICML,2024
ICML-2024-A000885,Yongqiang Cai,UNKNOWN,UNKNOWN,ICML,2024
ICML-2024-A000886,Tianle Cai,UNKNOWN,UNKNOWN,ICML,2024
ICML-2024-A000887,Yuhong Li,UNKNOWN,UNKNOWN,ICML,2024
ICML-2024-A000888,Zhengyang Geng,UNKNOWN,UNKNOWN,ICML,2024
ICML-2024-A000889,Hongwu Peng,UNKNOWN,UNKNOWN,ICML,2024
ICML-2024-A000890,Jason D. Lee,UNKNOWN,UNKNOWN,ICML,2024
ICML-2024-A000891,Deming Chen,UNKNOWN,UNKNOWN,ICML,2024
ICML-2024-A000892,Tri Dao,UNKNOWN,UNKNOWN,ICML,2024
ICML-2024-A000893,Lincan Cai,UNKNOWN,UNKNOWN,ICML,2024
ICML-2024-A000894,Shuang Li,UNKNOWN,UNKNOWN,ICML,2024
ICML-2024-A000895,Wenxuan Ma,UNKNOWN,UNKNOWN,ICML,2024
ICML-2024-A000896,Jingxuan Kang,UNKNOWN,UNKNOWN,ICML,2024
ICML-2024-A000897,Binhui Xie,UNKNOWN,UNKNOWN,ICML,2024
ICML-2024-A000898,Zixun Sun,UNKNOWN,UNKNOWN,ICML,2024
ICML-2024-A000899,Chengwei Zhu,UNKNOWN,UNKNOWN,ICML,2024
ICML-2024-A000900,Diana Cai,UNKNOWN,UNKNOWN,ICML,2024
ICML-2024-A000901,Chirag Modi,UNKNOWN,UNKNOWN,ICML,2024
ICML-2024-A000902,Loucas Pillaud-Vivien,UNKNOWN,UNKNOWN,ICML,2024
ICML-2024-A000903,Charles Margossian,UNKNOWN,UNKNOWN,ICML,2024
ICML-2024-A000904,Robert M. Gower,UNKNOWN,UNKNOWN,ICML,2024
ICML-2024-A000905,David Blei,UNKNOWN,UNKNOWN,ICML,2024
ICML-2024-A000906,Lawrence K. Saul,UNKNOWN,UNKNOWN,ICML,2024
ICML-2024-A000907,Ruisi Cai,UNKNOWN,UNKNOWN,ICML,2024
ICML-2024-A000908,Saurav Muralidharan,UNKNOWN,UNKNOWN,ICML,2024
ICML-2024-A000909,Greg Heinrich,UNKNOWN,UNKNOWN,ICML,2024
ICML-2024-A000910,Hongxu Yin,UNKNOWN,UNKNOWN,ICML,2024
ICML-2024-A000911,Zhangyang Wang,UNKNOWN,UNKNOWN,ICML,2024
ICML-2024-A000912,Jan Kautz,UNKNOWN,UNKNOWN,ICML,2024
ICML-2024-A000913,Pavlo Molchanov,UNKNOWN,UNKNOWN,ICML,2024
ICML-2024-A000914,Yang Cai,UNKNOWN,UNKNOWN,ICML,2024
ICML-2024-A000915,Argyris Oikonomou,UNKNOWN,UNKNOWN,ICML,2024
ICML-2024-A000916,Weiqiang Zheng,UNKNOWN,UNKNOWN,ICML,2024
ICML-2024-A000917,Ruisi Cai,UNKNOWN,UNKNOWN,ICML,2024
ICML-2024-A000918,Yuandong Tian,UNKNOWN,UNKNOWN,ICML,2024
ICML-2024-A000919,Zhangyang Wang,UNKNOWN,UNKNOWN,ICML,2024
ICML-2024-A000920,Beidi Chen,UNKNOWN,UNKNOWN,ICML,2024
ICML-2024-A000921,Yi Cai,UNKNOWN,UNKNOWN,ICML,2024
ICML-2024-A000922,Gerhard Wunder,UNKNOWN,UNKNOWN,ICML,2024
ICML-2024-A000923,Chengyi Cai,UNKNOWN,UNKNOWN,ICML,2024
ICML-2024-A000924,Zesheng Ye,UNKNOWN,UNKNOWN,ICML,2024
ICML-2024-A000925,Lei Feng,UNKNOWN,UNKNOWN,ICML,2024
ICML-2024-A000926,Jianzhong Qi,UNKNOWN,UNKNOWN,ICML,2024
ICML-2024-A000927,Feng Liu,UNKNOWN,UNKNOWN,ICML,2024
ICML-2024-A000928,Daniele Calandriello,UNKNOWN,UNKNOWN,ICML,2024
ICML-2024-A000929,Zhaohan Daniel Guo,UNKNOWN,UNKNOWN,ICML,2024
ICML-2024-A000930,Remi Munos,UNKNOWN,UNKNOWN,ICML,2024
ICML-2024-A000931,Mark Rowland,UNKNOWN,UNKNOWN,ICML,2024
ICML-2024-A000932,Yunhao Tang,UNKNOWN,UNKNOWN,ICML,2024
ICML-2024-A000933,Bernardo Avila Pires,UNKNOWN,UNKNOWN,ICML,2024
ICML-2024-A000934,Pierre Harvey Richemond,UNKNOWN,UNKNOWN,ICML,2024
ICML-2024-A000935,Charline Le Lan,UNKNOWN,UNKNOWN,ICML,2024
ICML-2024-A000936,Michal Valko,UNKNOWN,UNKNOWN,ICML,2024
ICML-2024-A000937,Tianqi Liu,UNKNOWN,UNKNOWN,ICML,2024
ICML-2024-A000938,Rishabh Joshi,UNKNOWN,UNKNOWN,ICML,2024
ICML-2024-A000939,Zeyu Zheng,UNKNOWN,UNKNOWN,ICML,2024
ICML-2024-A000940,Bilal Piot,UNKNOWN,UNKNOWN,ICML,2024
ICML-2024-A000941,Sergio Calvo Ordoñez,UNKNOWN,UNKNOWN,ICML,2024
ICML-2024-A000942,Matthieu Meunier,UNKNOWN,UNKNOWN,ICML,2024
ICML-2024-A000943,Francesco Piatti,UNKNOWN,UNKNOWN,ICML,2024
ICML-2024-A000944,Yuantao Shi,UNKNOWN,UNKNOWN,ICML,2024
ICML-2024-A000945,Andrew Campbell,UNKNOWN,UNKNOWN,ICML,2024
ICML-2024-A000946,Jason Yim,UNKNOWN,UNKNOWN,ICML,2024
ICML-2024-A000947,Regina Barzilay,UNKNOWN,UNKNOWN,ICML,2024
ICML-2024-A000948,Tom Rainforth,UNKNOWN,UNKNOWN,ICML,2024
ICML-2024-A000949,Tommi Jaakkola,UNKNOWN,UNKNOWN,ICML,2024
ICML-2024-A000950,Joao Candido Ramos,UNKNOWN,UNKNOWN,ICML,2024
ICML-2024-A000951,Lionel Blondé,UNKNOWN,UNKNOWN,ICML,2024
ICML-2024-A000952,Naoya Takeishi,UNKNOWN,UNKNOWN,ICML,2024
ICML-2024-A000953,Alexandros Kalousis,UNKNOWN,UNKNOWN,ICML,2024
ICML-2024-A000954,Semih Cantürk,UNKNOWN,UNKNOWN,ICML,2024
ICML-2024-A000955,Renming Liu,UNKNOWN,UNKNOWN,ICML,2024
ICML-2024-A000956,Olivier Lapointe-Gagné,UNKNOWN,UNKNOWN,ICML,2024
ICML-2024-A000957,Vincent Létourneau,UNKNOWN,UNKNOWN,ICML,2024
ICML-2024-A000958,Guy Wolf,UNKNOWN,UNKNOWN,ICML,2024
ICML-2024-A000959,Dominique Beaini,UNKNOWN,UNKNOWN,ICML,2024
ICML-2024-A000960,Ladislav Rampášek,UNKNOWN,UNKNOWN,ICML,2024
ICML-2024-A000961,Meng Cao,UNKNOWN,UNKNOWN,ICML,2024
ICML-2024-A000962,Mehdi Fatemi,UNKNOWN,UNKNOWN,ICML,2024
ICML-2024-A000963,Jackie Ck Cheung,UNKNOWN,UNKNOWN,ICML,2024
ICML-2024-A000964,Samira Shabanian,UNKNOWN,UNKNOWN,ICML,2024
ICML-2024-A000965,Xingchen Cao,UNKNOWN,UNKNOWN,ICML,2024
ICML-2024-A000966,Fan-Ming Luo,UNKNOWN,UNKNOWN,ICML,2024
ICML-2024-A000967,Junyin Ye,UNKNOWN,UNKNOWN,ICML,2024
ICML-2024-A000968,Tian Xu,UNKNOWN,UNKNOWN,ICML,2024
ICML-2024-A000969,Zhilong Zhang,UNKNOWN,UNKNOWN,ICML,2024
ICML-2024-A000970,Yang Yu,UNKNOWN,UNKNOWN,ICML,2024
ICML-2024-A000971,Bing Cao,UNKNOWN,UNKNOWN,ICML,2024
ICML-2024-A000972,Yinan Xia,UNKNOWN,UNKNOWN,ICML,2024
ICML-2024-A000973,Yi Ding,UNKNOWN,UNKNOWN,ICML,2024
ICML-2024-A000974,Changqing Zhang,UNKNOWN,UNKNOWN,ICML,2024
ICML-2024-A000975,Qinghua Hu,UNKNOWN,UNKNOWN,ICML,2024
ICML-2024-A000976,Chentao Cao,UNKNOWN,UNKNOWN,ICML,2024
ICML-2024-A000977,Zhun Zhong,UNKNOWN,UNKNOWN,ICML,2024
ICML-2024-A000978,Zhanke Zhou,UNKNOWN,UNKNOWN,ICML,2024
ICML-2024-A000979,Yang Liu,UNKNOWN,UNKNOWN,ICML,2024
ICML-2024-A000980,Tongliang Liu,UNKNOWN,UNKNOWN,ICML,2024
ICML-2024-A000981,Bo Han,UNKNOWN,UNKNOWN,ICML,2024
ICML-2024-A000982,Ioannis Caragiannis,UNKNOWN,UNKNOWN,ICML,2024
ICML-2024-A000983,Evi Micha,UNKNOWN,UNKNOWN,ICML,2024
ICML-2024-A000984,Jannik Peters,UNKNOWN,UNKNOWN,ICML,2024
ICML-2024-A000985,Nicholas Carlini,UNKNOWN,UNKNOWN,ICML,2024
ICML-2024-A000986,Daniel Paleka,UNKNOWN,UNKNOWN,ICML,2024
ICML-2024-A000987,Krishnamurthy Dj Dvijotham,UNKNOWN,UNKNOWN,ICML,2024
ICML-2024-A000988,Thomas Steinke,UNKNOWN,UNKNOWN,ICML,2024
ICML-2024-A000989,Jonathan Hayase,UNKNOWN,UNKNOWN,ICML,2024
ICML-2024-A000990,A. Feder Cooper,UNKNOWN,UNKNOWN,ICML,2024
ICML-2024-A000991,Katherine Lee,UNKNOWN,UNKNOWN,ICML,2024
ICML-2024-A000992,Matthew Jagielski,UNKNOWN,UNKNOWN,ICML,2024
ICML-2024-A000993,Milad Nasr,UNKNOWN,UNKNOWN,ICML,2024
ICML-2024-A000994,Arthur Conmy,UNKNOWN,UNKNOWN,ICML,2024
ICML-2024-A000995,Eric Wallace,UNKNOWN,UNKNOWN,ICML,2024
ICML-2024-A000996,David Rolnick,UNKNOWN,UNKNOWN,ICML,2024
ICML-2024-A000997,Florian Tramèr,UNKNOWN,UNKNOWN,ICML,2024
ICML-2024-A000998,Micah Carroll,UNKNOWN,UNKNOWN,ICML,2024
ICML-2024-A000999,Davis Foote,UNKNOWN,UNKNOWN,ICML,2024
ICML-2024-A001000,Anand Siththaranjan,UNKNOWN,UNKNOWN,ICML,2024
ICML-2024-A001001,Stuart Russell,UNKNOWN,UNKNOWN,ICML,2024
ICML-2024-A001002,Anca Dragan,UNKNOWN,UNKNOWN,ICML,2024
ICML-2024-A001003,Asaf Cassel,UNKNOWN,UNKNOWN,ICML,2024
ICML-2024-A001004,Haipeng Luo,UNKNOWN,UNKNOWN,ICML,2024
ICML-2024-A001005,Aviv Rosenberg,UNKNOWN,UNKNOWN,ICML,2024
ICML-2024-A001006,Dmitry Sotnikov,UNKNOWN,UNKNOWN,ICML,2024
ICML-2024-A001007,Matteo Castiglioni,UNKNOWN,UNKNOWN,ICML,2024
ICML-2024-A001008,Andrea Celli,UNKNOWN,UNKNOWN,ICML,2024
ICML-2024-A001009,Christian Kroer,UNKNOWN,UNKNOWN,ICML,2024
ICML-2024-A001010,Valérie Castin,UNKNOWN,UNKNOWN,ICML,2024
ICML-2024-A001011,Pierre Ablin,UNKNOWN,UNKNOWN,ICML,2024
ICML-2024-A001012,Gabriel Peyré,UNKNOWN,UNKNOWN,ICML,2024
ICML-2024-A001013,Marta Catalano,UNKNOWN,UNKNOWN,ICML,2024
ICML-2024-A001014,Hugo Lavenant,UNKNOWN,UNKNOWN,ICML,2024
ICML-2024-A001015,Matias D. Cattaneo,UNKNOWN,UNKNOWN,ICML,2024
ICML-2024-A001016,Jason Matthew Klusowski,UNKNOWN,UNKNOWN,ICML,2024
ICML-2024-A001017,Boris Shigida,UNKNOWN,UNKNOWN,ICML,2024
ICML-2024-A001018,Onur Celik,UNKNOWN,UNKNOWN,ICML,2024
ICML-2024-A001019,Aleksandar Taranovic,UNKNOWN,UNKNOWN,ICML,2024
ICML-2024-A001020,Gerhard Neumann,UNKNOWN,UNKNOWN,ICML,2024
ICML-2024-A001021,L. Elisa Celis,UNKNOWN,UNKNOWN,ICML,2024
ICML-2024-A001022,Amit Kumar,UNKNOWN,UNKNOWN,ICML,2024
ICML-2024-A001023,Nisheeth K. Vishnoi,UNKNOWN,UNKNOWN,ICML,2024
ICML-2024-A001024,Andrew Xu,UNKNOWN,UNKNOWN,ICML,2024
ICML-2024-A001025,Jun Cen,UNKNOWN,UNKNOWN,ICML,2024
ICML-2024-A001026,Chenfei Wu,UNKNOWN,UNKNOWN,ICML,2024
ICML-2024-A001027,Xiao Liu,UNKNOWN,UNKNOWN,ICML,2024
ICML-2024-A001028,Shengming Yin,UNKNOWN,UNKNOWN,ICML,2024
ICML-2024-A001029,Yixuan Pei,UNKNOWN,UNKNOWN,ICML,2024
ICML-2024-A001030,Jinglong Yang,UNKNOWN,UNKNOWN,ICML,2024
ICML-2024-A001031,Qifeng Chen,UNKNOWN,UNKNOWN,ICML,2024
ICML-2024-A001032,Nan Duan,UNKNOWN,UNKNOWN,ICML,2024
ICML-2024-A001033,Jianguo Zhang,UNKNOWN,UNKNOWN,ICML,2024
ICML-2024-A001034,Zhepeng Cen,UNKNOWN,UNKNOWN,ICML,2024
ICML-2024-A001035,Yihang Yao,UNKNOWN,UNKNOWN,ICML,2024
ICML-2024-A001036,Zuxin Liu,UNKNOWN,UNKNOWN,ICML,2024
ICML-2024-A001037,Ding Zhao,UNKNOWN,UNKNOWN,ICML,2024
ICML-2024-A001038,Edoardo Cetin,UNKNOWN,UNKNOWN,ICML,2024
ICML-2024-A001039,Andrea Tirinzoni,UNKNOWN,UNKNOWN,ICML,2024
ICML-2024-A001040,Matteo Pirotta,UNKNOWN,UNKNOWN,ICML,2024
ICML-2024-A001041,Alessandro Lazaric,UNKNOWN,UNKNOWN,ICML,2024
ICML-2024-A001042,Yann Ollivier,UNKNOWN,UNKNOWN,ICML,2024
ICML-2024-A001043,Ahmed Touati,UNKNOWN,UNKNOWN,ICML,2024
ICML-2024-A001044,Sungmin Cha,UNKNOWN,UNKNOWN,ICML,2024
ICML-2024-A001045,Kyunghyun Cho,UNKNOWN,UNKNOWN,ICML,2024
ICML-2024-A001046,Taesup Moon,UNKNOWN,UNKNOWN,ICML,2024
ICML-2024-A001047,Karan Chadha,UNKNOWN,UNKNOWN,ICML,2024
ICML-2024-A001048,Matthew Jagielski,UNKNOWN,UNKNOWN,ICML,2024
ICML-2024-A001049,Nicolas Papernot,UNKNOWN,UNKNOWN,ICML,2024
ICML-2024-A001050,Christopher A. Choquette-Choo,UNKNOWN,UNKNOWN,ICML,2024
ICML-2024-A001051,Milad Nasr,UNKNOWN,UNKNOWN,ICML,2024
ICML-2024-A001052,Souradip Chakraborty,UNKNOWN,UNKNOWN,ICML,2024
ICML-2024-A001053,Amrit Bedi,UNKNOWN,UNKNOWN,ICML,2024
ICML-2024-A001054,Sicheng Zhu,UNKNOWN,UNKNOWN,ICML,2024
ICML-2024-A001055,Bang An,UNKNOWN,UNKNOWN,ICML,2024
ICML-2024-A001056,Dinesh Manocha,UNKNOWN,UNKNOWN,ICML,2024
ICML-2024-A001057,Furong Huang,UNKNOWN,UNKNOWN,ICML,2024
ICML-2024-A001058,Souradip Chakraborty,UNKNOWN,UNKNOWN,ICML,2024
ICML-2024-A001059,Jiahao Qiu,UNKNOWN,UNKNOWN,ICML,2024
ICML-2024-A001060,Hui Yuan,UNKNOWN,UNKNOWN,ICML,2024
ICML-2024-A001061,Alec Koppel,UNKNOWN,UNKNOWN,ICML,2024
ICML-2024-A001062,Dinesh Manocha,UNKNOWN,UNKNOWN,ICML,2024
ICML-2024-A001063,Furong Huang,UNKNOWN,UNKNOWN,ICML,2024
ICML-2024-A001064,Amrit Bedi,UNKNOWN,UNKNOWN,ICML,2024
ICML-2024-A001065,Mengdi Wang,UNKNOWN,UNKNOWN,ICML,2024
ICML-2024-A001066,Alex James Chan,UNKNOWN,UNKNOWN,ICML,2024
ICML-2024-A001067,Hao Sun,UNKNOWN,UNKNOWN,ICML,2024
ICML-2024-A001068,Samuel Holt,UNKNOWN,UNKNOWN,ICML,2024
ICML-2024-A001069,Mihaela Van Der Schaar,UNKNOWN,UNKNOWN,ICML,2024
ICML-2024-A001070,Guiyang Chan,UNKNOWN,UNKNOWN,ICML,2024
ICML-2024-A001071,Pengcheng Zhang,UNKNOWN,UNKNOWN,ICML,2024
ICML-2024-A001072,Hai Dong,UNKNOWN,UNKNOWN,ICML,2024
ICML-2024-A001073,Shunhui Ji,UNKNOWN,UNKNOWN,ICML,2024
ICML-2024-A001074,Bainian Chen,UNKNOWN,UNKNOWN,ICML,2024
ICML-2024-A001075,Peter W Chang,UNKNOWN,UNKNOWN,ICML,2024
ICML-2024-A001076,Leor Fishman,UNKNOWN,UNKNOWN,ICML,2024
ICML-2024-A001077,Seth Neel,UNKNOWN,UNKNOWN,ICML,2024
ICML-2024-A001078,Serina Chang,UNKNOWN,UNKNOWN,ICML,2024
ICML-2024-A001079,Frederic Koehler,UNKNOWN,UNKNOWN,ICML,2024
ICML-2024-A001080,Zhaonan Qu,UNKNOWN,UNKNOWN,ICML,2024
ICML-2024-A001081,Jure Leskovec,UNKNOWN,UNKNOWN,ICML,2024
ICML-2024-A001082,Johan Ugander,UNKNOWN,UNKNOWN,ICML,2024
ICML-2024-A001083,Chen-Chia Chang,UNKNOWN,UNKNOWN,ICML,2024
ICML-2024-A001084,Yikang Shen,UNKNOWN,UNKNOWN,ICML,2024
ICML-2024-A001085,Shaoze Fan,UNKNOWN,UNKNOWN,ICML,2024
ICML-2024-A001086,Jing Li,UNKNOWN,UNKNOWN,ICML,2024
ICML-2024-A001087,Shun Zhang,UNKNOWN,UNKNOWN,ICML,2024
ICML-2024-A001088,Ningyuan Cao,UNKNOWN,UNKNOWN,ICML,2024
ICML-2024-A001089,Yiran Chen,UNKNOWN,UNKNOWN,ICML,2024
ICML-2024-A001090,Xin Zhang,UNKNOWN,UNKNOWN,ICML,2024
ICML-2024-A001091,Di Chang,UNKNOWN,UNKNOWN,ICML,2024
ICML-2024-A001092,Yichun Shi,UNKNOWN,UNKNOWN,ICML,2024
ICML-2024-A001093,Quankai Gao,UNKNOWN,UNKNOWN,ICML,2024
ICML-2024-A001094,Hongyi Xu,UNKNOWN,UNKNOWN,ICML,2024
ICML-2024-A001095,Jessica Fu,UNKNOWN,UNKNOWN,ICML,2024
ICML-2024-A001096,Guoxian Song,UNKNOWN,UNKNOWN,ICML,2024
ICML-2024-A001097,Qing Yan,UNKNOWN,UNKNOWN,ICML,2024
ICML-2024-A001098,Yizhe Zhu,UNKNOWN,UNKNOWN,ICML,2024
ICML-2024-A001099,Xiao Yang,UNKNOWN,UNKNOWN,ICML,2024
ICML-2024-A001100,Mohammad Soleymani,UNKNOWN,UNKNOWN,ICML,2024
ICML-2024-A001101,Trenton Chang,UNKNOWN,UNKNOWN,ICML,2024
ICML-2024-A001102,Jenna Wiens,UNKNOWN,UNKNOWN,ICML,2024
ICML-2024-A001103,Sudhanshu Chanpuriya,UNKNOWN,UNKNOWN,ICML,2024
ICML-2024-A001104,Cameron N Musco,UNKNOWN,UNKNOWN,ICML,2024
ICML-2024-A001105,Konstantinos Sotiropoulos,UNKNOWN,UNKNOWN,ICML,2024
ICML-2024-A001106,Charalampos Tsourakakis,UNKNOWN,UNKNOWN,ICML,2024
ICML-2024-A001107,Aditya Chattopadhyay,UNKNOWN,UNKNOWN,ICML,2024
ICML-2024-A001108,Benjamin David Haeffele,UNKNOWN,UNKNOWN,ICML,2024
ICML-2024-A001109,Rene Vidal,UNKNOWN,UNKNOWN,ICML,2024
ICML-2024-A001110,Donald Geman,UNKNOWN,UNKNOWN,ICML,2024
ICML-2024-A001111,Fengdi Che,UNKNOWN,UNKNOWN,ICML,2024
ICML-2024-A001112,Chenjun Xiao,UNKNOWN,UNKNOWN,ICML,2024
ICML-2024-A001113,Jincheng Mei,UNKNOWN,UNKNOWN,ICML,2024
ICML-2024-A001114,Bo Dai,UNKNOWN,UNKNOWN,ICML,2024
ICML-2024-A001115,Ramki Gummadi,UNKNOWN,UNKNOWN,ICML,2024
ICML-2024-A001116,Oscar A Ramirez,UNKNOWN,UNKNOWN,ICML,2024
ICML-2024-A001117,Christopher K Harris,UNKNOWN,UNKNOWN,ICML,2024
ICML-2024-A001118,A. Rupam Mahmood,UNKNOWN,UNKNOWN,ICML,2024
ICML-2024-A001119,Dale Schuurmans,UNKNOWN,UNKNOWN,ICML,2024
ICML-2024-A001120,Chang Chen,UNKNOWN,UNKNOWN,ICML,2024
ICML-2024-A001121,Junyeob Baek,UNKNOWN,UNKNOWN,ICML,2024
ICML-2024-A001122,Fei Deng,UNKNOWN,UNKNOWN,ICML,2024
ICML-2024-A001123,Kenji Kawaguchi,UNKNOWN,UNKNOWN,ICML,2024
ICML-2024-A001124,Caglar Gulcehre,UNKNOWN,UNKNOWN,ICML,2024
ICML-2024-A001125,Sungjin Ahn,UNKNOWN,UNKNOWN,ICML,2024
ICML-2024-A001126,Yongqiang Chen,UNKNOWN,UNKNOWN,ICML,2024
ICML-2024-A001127,Yatao Bian,UNKNOWN,UNKNOWN,ICML,2024
ICML-2024-A001128,Bo Han,UNKNOWN,UNKNOWN,ICML,2024
ICML-2024-A001129,James Cheng,UNKNOWN,UNKNOWN,ICML,2024
ICML-2024-A001130,Weilin Chen,UNKNOWN,UNKNOWN,ICML,2024
ICML-2024-A001131,Ruichu Cai,UNKNOWN,UNKNOWN,ICML,2024
ICML-2024-A001132,Zeqin Yang,UNKNOWN,UNKNOWN,ICML,2024
ICML-2024-A001133,Jie Qiao,UNKNOWN,UNKNOWN,ICML,2024
ICML-2024-A001134,Yuguang Yan,UNKNOWN,UNKNOWN,ICML,2024
ICML-2024-A001135,Zijian Li,UNKNOWN,UNKNOWN,ICML,2024
ICML-2024-A001136,Zhifeng Hao,UNKNOWN,UNKNOWN,ICML,2024
ICML-2024-A001137,Xuexin Chen,UNKNOWN,UNKNOWN,ICML,2024
ICML-2024-A001138,Ruichu Cai,UNKNOWN,UNKNOWN,ICML,2024
ICML-2024-A001139,Zhengting Huang,UNKNOWN,UNKNOWN,ICML,2024
ICML-2024-A001140,Yuxuan Zhu,UNKNOWN,UNKNOWN,ICML,2024
ICML-2024-A001141,Julien Horwood,UNKNOWN,UNKNOWN,ICML,2024
ICML-2024-A001142,Zhifeng Hao,UNKNOWN,UNKNOWN,ICML,2024
ICML-2024-A001143,Zijian Li,UNKNOWN,UNKNOWN,ICML,2024
ICML-2024-A001144,José Miguel Hernández-Lobato,UNKNOWN,UNKNOWN,ICML,2024
ICML-2024-A001145,Lichang Chen,UNKNOWN,UNKNOWN,ICML,2024
ICML-2024-A001146,Jiuhai Chen,UNKNOWN,UNKNOWN,ICML,2024
ICML-2024-A001147,Tom Goldstein,UNKNOWN,UNKNOWN,ICML,2024
ICML-2024-A001148,Heng Huang,UNKNOWN,UNKNOWN,ICML,2024
ICML-2024-A001149,Tianyi Zhou,UNKNOWN,UNKNOWN,ICML,2024
ICML-2024-A001150,Yizhuo Chen,UNKNOWN,UNKNOWN,ICML,2024
ICML-2024-A001151,Chun-Fu Chen,UNKNOWN,UNKNOWN,ICML,2024
ICML-2024-A001152,Hsiang Hsu,UNKNOWN,UNKNOWN,ICML,2024
ICML-2024-A001153,Shaohan Hu,UNKNOWN,UNKNOWN,ICML,2024
ICML-2024-A001154,Marco Pistoia,UNKNOWN,UNKNOWN,ICML,2024
ICML-2024-A001155,Tarek F. Abdelzaher,UNKNOWN,UNKNOWN,ICML,2024
ICML-2024-A001156,Ruifeng Chen,UNKNOWN,UNKNOWN,ICML,2024
ICML-2024-A001157,Xiong-Hui Chen,UNKNOWN,UNKNOWN,ICML,2024
ICML-2024-A001158,Yihao Sun,UNKNOWN,UNKNOWN,ICML,2024
ICML-2024-A001159,Siyuan Xiao,UNKNOWN,UNKNOWN,ICML,2024
ICML-2024-A001160,Minhui Li,UNKNOWN,UNKNOWN,ICML,2024
ICML-2024-A001161,Yang Yu,UNKNOWN,UNKNOWN,ICML,2024
ICML-2024-A001162,Dongping Chen,UNKNOWN,UNKNOWN,ICML,2024
ICML-2024-A001163,Ruoxi Chen,UNKNOWN,UNKNOWN,ICML,2024
ICML-2024-A001164,Shilin Zhang,UNKNOWN,UNKNOWN,ICML,2024
ICML-2024-A001165,Yaochen Wang,UNKNOWN,UNKNOWN,ICML,2024
ICML-2024-A001166,Yinuo Liu,UNKNOWN,UNKNOWN,ICML,2024
ICML-2024-A001167,Huichi Zhou,UNKNOWN,UNKNOWN,ICML,2024
ICML-2024-A001168,Qihui Zhang,UNKNOWN,UNKNOWN,ICML,2024
ICML-2024-A001169,Yao Wan,UNKNOWN,UNKNOWN,ICML,2024
ICML-2024-A001170,Pan Zhou,UNKNOWN,UNKNOWN,ICML,2024
ICML-2024-A001171,Lichao Sun,UNKNOWN,UNKNOWN,ICML,2024
ICML-2024-A001172,Xinyun Chen,UNKNOWN,UNKNOWN,ICML,2024
ICML-2024-A001173,Ryan Andrew Chi,UNKNOWN,UNKNOWN,ICML,2024
ICML-2024-A001174,Xuezhi Wang,UNKNOWN,UNKNOWN,ICML,2024
ICML-2024-A001175,Denny Zhou,UNKNOWN,UNKNOWN,ICML,2024
ICML-2024-A001176,Zixiang Chen,UNKNOWN,UNKNOWN,ICML,2024
ICML-2024-A001177,Yihe Deng,UNKNOWN,UNKNOWN,ICML,2024
ICML-2024-A001178,Huizhuo Yuan,UNKNOWN,UNKNOWN,ICML,2024
ICML-2024-A001179,Kaixuan Ji,UNKNOWN,UNKNOWN,ICML,2024
ICML-2024-A001180,Quanquan Gu,UNKNOWN,UNKNOWN,ICML,2024
ICML-2024-A001181,Huanran Chen,UNKNOWN,UNKNOWN,ICML,2024
ICML-2024-A001182,Yinpeng Dong,UNKNOWN,UNKNOWN,ICML,2024
ICML-2024-A001183,Zhengyi Wang,UNKNOWN,UNKNOWN,ICML,2024
ICML-2024-A001184,Xiao Yang,UNKNOWN,UNKNOWN,ICML,2024
ICML-2024-A001185,Chengqi Duan,UNKNOWN,UNKNOWN,ICML,2024
ICML-2024-A001186,Hang Su,UNKNOWN,UNKNOWN,ICML,2024
ICML-2024-A001187,Jun Zhu,UNKNOWN,UNKNOWN,ICML,2024
ICML-2024-A001188,Yang Chen,UNKNOWN,UNKNOWN,ICML,2024
ICML-2024-A001189,Cong Fang,UNKNOWN,UNKNOWN,ICML,2024
ICML-2024-A001190,Zhouchen Lin,UNKNOWN,UNKNOWN,ICML,2024
ICML-2024-A001191,Bing Liu,UNKNOWN,UNKNOWN,ICML,2024
ICML-2024-A001192,Zhiliang Chen,UNKNOWN,UNKNOWN,ICML,2024
ICML-2024-A001193,Chuan-Sheng Foo,UNKNOWN,UNKNOWN,ICML,2024
ICML-2024-A001194,Bryan Kian Hsiang Low,UNKNOWN,UNKNOWN,ICML,2024
ICML-2024-A001195,Yifan Chen,UNKNOWN,UNKNOWN,ICML,2024
ICML-2024-A001196,Mark Goldstein,UNKNOWN,UNKNOWN,ICML,2024
ICML-2024-A001197,Mengjian Hua,UNKNOWN,UNKNOWN,ICML,2024
ICML-2024-A001198,Michael Samuel Albergo,UNKNOWN,UNKNOWN,ICML,2024
ICML-2024-A001199,Nicholas Matthew Boffi,UNKNOWN,UNKNOWN,ICML,2024
ICML-2024-A001200,Eric Vanden-Eijnden,UNKNOWN,UNKNOWN,ICML,2024
ICML-2024-A001201,Kaiyuan Chen,UNKNOWN,UNKNOWN,ICML,2024
ICML-2024-A001202,Xingzhuo Guo,UNKNOWN,UNKNOWN,ICML,2024
ICML-2024-A001203,Yu Zhang,UNKNOWN,UNKNOWN,ICML,2024
ICML-2024-A001204,Jianmin Wang,UNKNOWN,UNKNOWN,ICML,2024
ICML-2024-A001205,Mingsheng Long,UNKNOWN,UNKNOWN,ICML,2024
ICML-2024-A001206,Houshuang Chen,UNKNOWN,UNKNOWN,ICML,2024
ICML-2024-A001207,Yuchen He,UNKNOWN,UNKNOWN,ICML,2024
ICML-2024-A001208,Chihao Zhang,UNKNOWN,UNKNOWN,ICML,2024
ICML-2024-A001209,Xi Chen,UNKNOWN,UNKNOWN,ICML,2024
ICML-2024-A001210,Zhewen Hou,UNKNOWN,UNKNOWN,ICML,2024
ICML-2024-A001211,Christopher Metzler,UNKNOWN,UNKNOWN,ICML,2024
ICML-2024-A001212,Arian Maleki,UNKNOWN,UNKNOWN,ICML,2024
ICML-2024-A001213,Shirin Jalali,UNKNOWN,UNKNOWN,ICML,2024
ICML-2024-A001214,Brian K Chen,UNKNOWN,UNKNOWN,ICML,2024
ICML-2024-A001215,Tianyang Hu,UNKNOWN,UNKNOWN,ICML,2024
ICML-2024-A001216,Hui Jin,UNKNOWN,UNKNOWN,ICML,2024
ICML-2024-A001217,Hwee Kuan Lee,UNKNOWN,UNKNOWN,ICML,2024
ICML-2024-A001218,Kenji Kawaguchi,UNKNOWN,UNKNOWN,ICML,2024
ICML-2024-A001219,Ziyi Chen,UNKNOWN,UNKNOWN,ICML,2024
ICML-2024-A001220,Heng Huang,UNKNOWN,UNKNOWN,ICML,2024
ICML-2024-A001221,Yen-Ju Chen,UNKNOWN,UNKNOWN,ICML,2024
ICML-2024-A001222,Nai-Chieh Huang,UNKNOWN,UNKNOWN,ICML,2024
ICML-2024-A001223,Ching-Pei Lee,UNKNOWN,UNKNOWN,ICML,2024
ICML-2024-A001224,Ping-Chun Hsieh,UNKNOWN,UNKNOWN,ICML,2024
ICML-2024-A001225,Wei Chen,UNKNOWN,UNKNOWN,ICML,2024
ICML-2024-A001226,Zhen Huang,UNKNOWN,UNKNOWN,ICML,2024
ICML-2024-A001227,Liang Xie,UNKNOWN,UNKNOWN,ICML,2024
ICML-2024-A001228,Binbin Lin,UNKNOWN,UNKNOWN,ICML,2024
ICML-2024-A001229,Houqiang Li,UNKNOWN,UNKNOWN,ICML,2024
ICML-2024-A001230,Le Lu,UNKNOWN,UNKNOWN,ICML,2024
ICML-2024-A001231,Xinmei Tian,UNKNOWN,UNKNOWN,ICML,2024
ICML-2024-A001232,Deng Cai,UNKNOWN,UNKNOWN,ICML,2024
ICML-2024-A001233,Yonggang Zhang,UNKNOWN,UNKNOWN,ICML,2024
ICML-2024-A001234,Wenxiao Wang,UNKNOWN,UNKNOWN,ICML,2024
ICML-2024-A001235,Xu Shen,UNKNOWN,UNKNOWN,ICML,2024
ICML-2024-A001236,Jieping Ye,UNKNOWN,UNKNOWN,ICML,2024
ICML-2024-A001237,Wei-Ning Chen,UNKNOWN,UNKNOWN,ICML,2024
ICML-2024-A001238,Berivan Isik,UNKNOWN,UNKNOWN,ICML,2024
ICML-2024-A001239,Peter Kairouz,UNKNOWN,UNKNOWN,ICML,2024
ICML-2024-A001240,Albert No,UNKNOWN,UNKNOWN,ICML,2024
ICML-2024-A001241,Sewoong Oh,UNKNOWN,UNKNOWN,ICML,2024
ICML-2024-A001242,Zheng Xu,UNKNOWN,UNKNOWN,ICML,2024
ICML-2024-A001243,Ruifeng Chen,UNKNOWN,UNKNOWN,ICML,2024
ICML-2024-A001244,Chengxing Jia,UNKNOWN,UNKNOWN,ICML,2024
ICML-2024-A001245,Zefang Huang,UNKNOWN,UNKNOWN,ICML,2024
ICML-2024-A001246,Tian-Shuo Liu,UNKNOWN,UNKNOWN,ICML,2024
ICML-2024-A001247,Xu-Hui Liu,UNKNOWN,UNKNOWN,ICML,2024
ICML-2024-A001248,Yang Yu,UNKNOWN,UNKNOWN,ICML,2024
ICML-2024-A001249,Weiyu Chen,UNKNOWN,UNKNOWN,ICML,2024
ICML-2024-A001250,James Kwok,UNKNOWN,UNKNOWN,ICML,2024
ICML-2024-A001251,Sijia Chen,UNKNOWN,UNKNOWN,ICML,2024
ICML-2024-A001252,Baochun Li,UNKNOWN,UNKNOWN,ICML,2024
ICML-2024-A001253,Mouxiang Chen,UNKNOWN,UNKNOWN,ICML,2024
ICML-2024-A001254,Chenghao Liu,UNKNOWN,UNKNOWN,ICML,2024
ICML-2024-A001255,Zemin Liu,UNKNOWN,UNKNOWN,ICML,2024
ICML-2024-A001256,Zhuo Li,UNKNOWN,UNKNOWN,ICML,2024
ICML-2024-A001257,Jianling Sun,UNKNOWN,UNKNOWN,ICML,2024
ICML-2024-A001258,Yihang Chen,UNKNOWN,UNKNOWN,ICML,2024
ICML-2024-A001259,Fanghui Liu,UNKNOWN,UNKNOWN,ICML,2024
ICML-2024-A001260,Taiji Suzuki,UNKNOWN,UNKNOWN,ICML,2024
ICML-2024-A001261,Volkan Cevher,UNKNOWN,UNKNOWN,ICML,2024
ICML-2024-A001262,Hanting Chen,UNKNOWN,UNKNOWN,ICML,2024
ICML-2024-A001263,Liu Zhicheng,UNKNOWN,UNKNOWN,ICML,2024
ICML-2024-A001264,Xutao Wang,UNKNOWN,UNKNOWN,ICML,2024
ICML-2024-A001265,Yuchuan Tian,UNKNOWN,UNKNOWN,ICML,2024
ICML-2024-A001266,Yunhe Wang,UNKNOWN,UNKNOWN,ICML,2024
ICML-2024-A001267,Tianlang Chen,UNKNOWN,UNKNOWN,ICML,2024
ICML-2024-A001268,Shengjie Luo,UNKNOWN,UNKNOWN,ICML,2024
ICML-2024-A001269,Di He,UNKNOWN,UNKNOWN,ICML,2024
ICML-2024-A001270,Shuxin Zheng,UNKNOWN,UNKNOWN,ICML,2024
ICML-2024-A001271,Tie-Yan Liu,UNKNOWN,UNKNOWN,ICML,2024
ICML-2024-A001272,Liwei Wang,UNKNOWN,UNKNOWN,ICML,2024
ICML-2024-A001273,Zhuo Chen,UNKNOWN,UNKNOWN,ICML,2024
ICML-2024-A001274,Jacob Mccarran,UNKNOWN,UNKNOWN,ICML,2024
ICML-2024-A001275,Esteban Vizcaino,UNKNOWN,UNKNOWN,ICML,2024
ICML-2024-A001276,Marin Soljacic,UNKNOWN,UNKNOWN,ICML,2024
ICML-2024-A001277,Di Luo,UNKNOWN,UNKNOWN,ICML,2024
ICML-2024-A001278,Yanxi Chen,UNKNOWN,UNKNOWN,ICML,2024
ICML-2024-A001279,Xuchen Pan,UNKNOWN,UNKNOWN,ICML,2024
ICML-2024-A001280,Yaliang Li,UNKNOWN,UNKNOWN,ICML,2024
ICML-2024-A001281,Bolin Ding,UNKNOWN,UNKNOWN,ICML,2024
ICML-2024-A001282,Jingren Zhou,UNKNOWN,UNKNOWN,ICML,2024
ICML-2024-A001283,Xiwen Chen,UNKNOWN,UNKNOWN,ICML,2024
ICML-2024-A001284,Peijie Qiu,UNKNOWN,UNKNOWN,ICML,2024
ICML-2024-A001285,Wenhui Zhu,UNKNOWN,UNKNOWN,ICML,2024
ICML-2024-A001286,Huayu Li,UNKNOWN,UNKNOWN,ICML,2024
ICML-2024-A001287,Hao Wang,UNKNOWN,UNKNOWN,ICML,2024
ICML-2024-A001288,Aristeidis Sotiras,UNKNOWN,UNKNOWN,ICML,2024
ICML-2024-A001289,Yalin Wang,UNKNOWN,UNKNOWN,ICML,2024
ICML-2024-A001290,Abolfazl Razi,UNKNOWN,UNKNOWN,ICML,2024
ICML-2024-A001291,Dong Chen,UNKNOWN,UNKNOWN,ICML,2024
ICML-2024-A001292,Hongyuan Qu,UNKNOWN,UNKNOWN,ICML,2024
ICML-2024-A001293,Guangwu Xu,UNKNOWN,UNKNOWN,ICML,2024
ICML-2024-A001294,Justin Chen,UNKNOWN,UNKNOWN,ICML,2024
ICML-2024-A001295,Swarnadeep Saha,UNKNOWN,UNKNOWN,ICML,2024
ICML-2024-A001296,Elias Stengel-Eskin,UNKNOWN,UNKNOWN,ICML,2024
ICML-2024-A001297,Mohit Bansal,UNKNOWN,UNKNOWN,ICML,2024
ICML-2024-A001298,Guangyi Chen,UNKNOWN,UNKNOWN,ICML,2024
ICML-2024-A001299,Yifan Shen,UNKNOWN,UNKNOWN,ICML,2024
ICML-2024-A001300,Zhenhao Chen,UNKNOWN,UNKNOWN,ICML,2024
ICML-2024-A001301,Xiangchen Song,UNKNOWN,UNKNOWN,ICML,2024
ICML-2024-A001302,Yuewen Sun,UNKNOWN,UNKNOWN,ICML,2024
ICML-2024-A001303,Weiran Yao,UNKNOWN,UNKNOWN,ICML,2024
ICML-2024-A001304,Xiao Liu,UNKNOWN,UNKNOWN,ICML,2024
ICML-2024-A001305,Kun Zhang,UNKNOWN,UNKNOWN,ICML,2024
ICML-2024-A001306,Weixin Chen,UNKNOWN,UNKNOWN,ICML,2024
ICML-2024-A001307,Dawn Song,UNKNOWN,UNKNOWN,ICML,2024
ICML-2024-A001308,Bo Li,UNKNOWN,UNKNOWN,ICML,2024
ICML-2024-A001309,Shengzhuang Chen,UNKNOWN,UNKNOWN,ICML,2024
ICML-2024-A001310,Jihoon Tack,UNKNOWN,UNKNOWN,ICML,2024
ICML-2024-A001311,Yunqiao Yang,UNKNOWN,UNKNOWN,ICML,2024
ICML-2024-A001312,Yee Whye Teh,UNKNOWN,UNKNOWN,ICML,2024
ICML-2024-A001313,Jonathan Richard Schwarz,UNKNOWN,UNKNOWN,ICML,2024
ICML-2024-A001314,Ying Wei,UNKNOWN,UNKNOWN,ICML,2024
ICML-2024-A001315,Yatong Chen,UNKNOWN,UNKNOWN,ICML,2024
ICML-2024-A001316,Wei Tang,UNKNOWN,UNKNOWN,ICML,2024
ICML-2024-A001317,Chien-Ju Ho,UNKNOWN,UNKNOWN,ICML,2024
ICML-2024-A001318,Yang Liu,UNKNOWN,UNKNOWN,ICML,2024
ICML-2024-A001319,Yingyi Chen,UNKNOWN,UNKNOWN,ICML,2024
ICML-2024-A001320,Qinghua Tao,UNKNOWN,UNKNOWN,ICML,2024
ICML-2024-A001321,Francesco Tonin,UNKNOWN,UNKNOWN,ICML,2024
ICML-2024-A001322,Johan Suykens,UNKNOWN,UNKNOWN,ICML,2024
ICML-2024-A001323,Huancheng Chen,UNKNOWN,UNKNOWN,ICML,2024
ICML-2024-A001324,Haris Vikalo,UNKNOWN,UNKNOWN,ICML,2024
ICML-2024-A001325,Haozhe Chen,UNKNOWN,UNKNOWN,ICML,2024
ICML-2024-A001326,Carl Vondrick,UNKNOWN,UNKNOWN,ICML,2024
ICML-2024-A001327,Chengzhi Mao,UNKNOWN,UNKNOWN,ICML,2024
ICML-2024-A001328,Ziqin Chen,UNKNOWN,UNKNOWN,ICML,2024
ICML-2024-A001329,Yongqiang Wang,UNKNOWN,UNKNOWN,ICML,2024
ICML-2024-A001330,Runfa Chen,UNKNOWN,UNKNOWN,ICML,2024
ICML-2024-A001331,Ling Wang,UNKNOWN,UNKNOWN,ICML,2024
ICML-2024-A001332,Yu Du,UNKNOWN,UNKNOWN,ICML,2024
ICML-2024-A001333,Tianrui Xue,UNKNOWN,UNKNOWN,ICML,2024
ICML-2024-A001334,Fuchun Sun,UNKNOWN,UNKNOWN,ICML,2024
ICML-2024-A001335,Jianwei Zhang,UNKNOWN,UNKNOWN,ICML,2024
ICML-2024-A001336,Wenbing Huang,UNKNOWN,UNKNOWN,ICML,2024
ICML-2024-A001337,Hao Chen,UNKNOWN,UNKNOWN,ICML,2024
ICML-2024-A001338,Jindong Wang,UNKNOWN,UNKNOWN,ICML,2024
ICML-2024-A001339,Lei Feng,UNKNOWN,UNKNOWN,ICML,2024
ICML-2024-A001340,Xiang Li,UNKNOWN,UNKNOWN,ICML,2024
ICML-2024-A001341,Yidong Wang,UNKNOWN,UNKNOWN,ICML,2024
ICML-2024-A001342,Xing Xie,UNKNOWN,UNKNOWN,ICML,2024
ICML-2024-A001343,Masashi Sugiyama,UNKNOWN,UNKNOWN,ICML,2024
ICML-2024-A001344,Rita Singh,UNKNOWN,UNKNOWN,ICML,2024
ICML-2024-A001345,Bhiksha Raj,UNKNOWN,UNKNOWN,ICML,2024
ICML-2024-A001346,Shang-Fu Chen,UNKNOWN,UNKNOWN,ICML,2024
ICML-2024-A001347,Hsiang-Chun Wang,UNKNOWN,UNKNOWN,ICML,2024
ICML-2024-A001348,Ming-Hao Hsu,UNKNOWN,UNKNOWN,ICML,2024
ICML-2024-A001349,Chun-Mao Lai,UNKNOWN,UNKNOWN,ICML,2024
ICML-2024-A001350,Shao-Hua Sun,UNKNOWN,UNKNOWN,ICML,2024
ICML-2024-A001351,Huilai Chen,UNKNOWN,UNKNOWN,ICML,2024
ICML-2024-A001352,Yuanbo Wen,UNKNOWN,UNKNOWN,ICML,2024
ICML-2024-A001353,Limin Cheng,UNKNOWN,UNKNOWN,ICML,2024
ICML-2024-A001354,Shouxu Kuang,UNKNOWN,UNKNOWN,ICML,2024
ICML-2024-A001355,Yumeng Liu,UNKNOWN,UNKNOWN,ICML,2024
ICML-2024-A001356,Weijia Li,UNKNOWN,UNKNOWN,ICML,2024
ICML-2024-A001357,Ling Li,UNKNOWN,UNKNOWN,ICML,2024
ICML-2024-A001358,Rui Zhang,UNKNOWN,UNKNOWN,ICML,2024
ICML-2024-A001359,Xinkai Song,UNKNOWN,UNKNOWN,ICML,2024
ICML-2024-A001360,Wei Li,UNKNOWN,UNKNOWN,ICML,2024
ICML-2024-A001361,Qi Guo,UNKNOWN,UNKNOWN,ICML,2024
ICML-2024-A001362,Yunji Chen,UNKNOWN,UNKNOWN,ICML,2024
ICML-2024-A001363,Junfeng Chen,UNKNOWN,UNKNOWN,ICML,2024
ICML-2024-A001364,Kailiang Wu,UNKNOWN,UNKNOWN,ICML,2024
ICML-2024-A001365,Shiqi Chen,UNKNOWN,UNKNOWN,ICML,2024
ICML-2024-A001366,Miao Xiong,UNKNOWN,UNKNOWN,ICML,2024
ICML-2024-A001367,Junteng Liu,UNKNOWN,UNKNOWN,ICML,2024
ICML-2024-A001368,Zhengxuan Wu,UNKNOWN,UNKNOWN,ICML,2024
ICML-2024-A001369,Teng Xiao,UNKNOWN,UNKNOWN,ICML,2024
ICML-2024-A001370,Siyang Gao,UNKNOWN,UNKNOWN,ICML,2024
ICML-2024-A001371,Junxian He,UNKNOWN,UNKNOWN,ICML,2024
ICML-2024-A001372,Anthony Chen,UNKNOWN,UNKNOWN,ICML,2024
ICML-2024-A001373,Huanrui Yang,UNKNOWN,UNKNOWN,ICML,2024
ICML-2024-A001374,Yulu Gan,UNKNOWN,UNKNOWN,ICML,2024
ICML-2024-A001375,Denis A Gudovskiy,UNKNOWN,UNKNOWN,ICML,2024
ICML-2024-A001376,Zhen Dong,UNKNOWN,UNKNOWN,ICML,2024
ICML-2024-A001377,Haofan Wang,UNKNOWN,UNKNOWN,ICML,2024
ICML-2024-A001378,Tomoyuki Okuno,UNKNOWN,UNKNOWN,ICML,2024
ICML-2024-A001379,Yohei Nakata,UNKNOWN,UNKNOWN,ICML,2024
ICML-2024-A001380,Kurt Keutzer,UNKNOWN,UNKNOWN,ICML,2024
ICML-2024-A001381,Shanghang Zhang,UNKNOWN,UNKNOWN,ICML,2024
ICML-2024-A001382,Xiong-Hui Chen,UNKNOWN,UNKNOWN,ICML,2024
ICML-2024-A001383,Junyin Ye,UNKNOWN,UNKNOWN,ICML,2024
ICML-2024-A001384,Hang Zhao,UNKNOWN,UNKNOWN,ICML,2024
ICML-2024-A001385,Yi-Chen Li,UNKNOWN,UNKNOWN,ICML,2024
ICML-2024-A001386,Xu-Hui Liu,UNKNOWN,UNKNOWN,ICML,2024
ICML-2024-A001387,Haoran Shi,UNKNOWN,UNKNOWN,ICML,2024
ICML-2024-A001388,Yu-Yan Xu,UNKNOWN,UNKNOWN,ICML,2024
ICML-2024-A001389,Zhihao Ye,UNKNOWN,UNKNOWN,ICML,2024
ICML-2024-A001390,Si-Hang Yang,UNKNOWN,UNKNOWN,ICML,2024
ICML-2024-A001391,Yang Yu,UNKNOWN,UNKNOWN,ICML,2024
ICML-2024-A001392,Anqi Huang,UNKNOWN,UNKNOWN,ICML,2024
ICML-2024-A001393,Kai Xu,UNKNOWN,UNKNOWN,ICML,2024
ICML-2024-A001394,Zongzhang Zhang,UNKNOWN,UNKNOWN,ICML,2024
ICML-2024-A001395,Baoying Chen,UNKNOWN,UNKNOWN,ICML,2024
ICML-2024-A001396,Jishen Zeng,UNKNOWN,UNKNOWN,ICML,2024
ICML-2024-A001397,Jianquan Yang,UNKNOWN,UNKNOWN,ICML,2024
ICML-2024-A001398,Rui Yang,UNKNOWN,UNKNOWN,ICML,2024
ICML-2024-A001399,Dingyang Chen,UNKNOWN,UNKNOWN,ICML,2024
ICML-2024-A001400,Qi Zhang,UNKNOWN,UNKNOWN,ICML,2024
ICML-2024-A001401,Jiayi Chen,UNKNOWN,UNKNOWN,ICML,2024
ICML-2024-A001402,Aidong Zhang,UNKNOWN,UNKNOWN,ICML,2024
ICML-2024-A001403,Honghao Chen,UNKNOWN,UNKNOWN,ICML,2024
ICML-2024-A001404,Yurong Zhang,UNKNOWN,UNKNOWN,ICML,2024
ICML-2024-A001405,Xiaokun Feng,UNKNOWN,UNKNOWN,ICML,2024
ICML-2024-A001406,Xiangxiang Chu,UNKNOWN,UNKNOWN,ICML,2024
ICML-2024-A001407,Kaiqi Huang,UNKNOWN,UNKNOWN,ICML,2024
ICML-2024-A001408,Chaochao Chen,UNKNOWN,UNKNOWN,ICML,2024
ICML-2024-A001409,Jiaming Zhang,UNKNOWN,UNKNOWN,ICML,2024
ICML-2024-A001410,Yuyuan Li,UNKNOWN,UNKNOWN,ICML,2024
ICML-2024-A001411,Zhongxuan Han,UNKNOWN,UNKNOWN,ICML,2024
ICML-2024-A001412,Zhuomin Chen,UNKNOWN,UNKNOWN,ICML,2024
ICML-2024-A001413,Jiaxing Zhang,UNKNOWN,UNKNOWN,ICML,2024
ICML-2024-A001414,Jingchao Ni,UNKNOWN,UNKNOWN,ICML,2024
ICML-2024-A001415,Xiaoting Li,UNKNOWN,UNKNOWN,ICML,2024
ICML-2024-A001416,Yuchen Bian,UNKNOWN,UNKNOWN,ICML,2024
ICML-2024-A001417,Md Mezbahul Islam,UNKNOWN,UNKNOWN,ICML,2024
ICML-2024-A001418,Ananda Mondal,UNKNOWN,UNKNOWN,ICML,2024
ICML-2024-A001419,Hua Wei,UNKNOWN,UNKNOWN,ICML,2024
ICML-2024-A001420,Dongsheng Luo,UNKNOWN,UNKNOWN,ICML,2024
ICML-2024-A001421,Wenlin Chen,UNKNOWN,UNKNOWN,ICML,2024
ICML-2024-A001422,Mingtian Zhang,UNKNOWN,UNKNOWN,ICML,2024
ICML-2024-A001423,Brooks Paige,UNKNOWN,UNKNOWN,ICML,2024
ICML-2024-A001424,José Miguel Hernández-Lobato,UNKNOWN,UNKNOWN,ICML,2024
ICML-2024-A001425,David Barber,UNKNOWN,UNKNOWN,ICML,2024
ICML-2024-A001426,Yu Chen,UNKNOWN,UNKNOWN,ICML,2024
ICML-2024-A001427,Xiangcheng Zhang,UNKNOWN,UNKNOWN,ICML,2024
ICML-2024-A001428,Siwei Wang,UNKNOWN,UNKNOWN,ICML,2024
ICML-2024-A001429,Longbo Huang,UNKNOWN,UNKNOWN,ICML,2024
ICML-2024-A001430,Guanjie Chen,Warning: This paper includes examples and model-generated content that may be deemed offensive.,UNKNOWN,ICML,2024
ICML-2024-A001431,Xinyu Zhao,Warning: This paper includes examples and model-generated content that may be deemed offensive.,UNKNOWN,ICML,2024
ICML-2024-A001432,Tianlong Chen,Warning: This paper includes examples and model-generated content that may be deemed offensive.,UNKNOWN,ICML,2024
ICML-2024-A001433,Yu Cheng,Warning: This paper includes examples and model-generated content that may be deemed offensive.,UNKNOWN,ICML,2024
ICML-2024-A001434,Runjin Chen,UNKNOWN,UNKNOWN,ICML,2024
ICML-2024-A001435,Tong Zhao,UNKNOWN,UNKNOWN,ICML,2024
ICML-2024-A001436,Ajay Kumar Jaiswal,UNKNOWN,UNKNOWN,ICML,2024
ICML-2024-A001437,Neil Shah,UNKNOWN,UNKNOWN,ICML,2024
ICML-2024-A001438,Zhangyang Wang,UNKNOWN,UNKNOWN,ICML,2024
ICML-2024-A001439,Zhaorun Chen,UNKNOWN,UNKNOWN,ICML,2024
ICML-2024-A001440,Zhuokai Zhao,UNKNOWN,UNKNOWN,ICML,2024
ICML-2024-A001441,Hongyin Luo,UNKNOWN,UNKNOWN,ICML,2024
ICML-2024-A001442,Huaxiu Yao,UNKNOWN,UNKNOWN,ICML,2024
ICML-2024-A001443,Bo Li,UNKNOWN,UNKNOWN,ICML,2024
ICML-2024-A001444,Jiawei Zhou,UNKNOWN,UNKNOWN,ICML,2024
ICML-2024-A001445,Wenbo Chen,UNKNOWN,UNKNOWN,ICML,2024
ICML-2024-A001446,Haoruo Zhao,UNKNOWN,UNKNOWN,ICML,2024
ICML-2024-A001447,Mathieu Tanneau,UNKNOWN,UNKNOWN,ICML,2024
ICML-2024-A001448,Pascal Van Hentenryck,UNKNOWN,UNKNOWN,ICML,2024
ICML-2024-A001449,Liyan Chen,UNKNOWN,UNKNOWN,ICML,2024
ICML-2024-A001450,Yan Zheng,UNKNOWN,UNKNOWN,ICML,2024
ICML-2024-A001451,Yang Li,UNKNOWN,UNKNOWN,ICML,2024
ICML-2024-A001452,Lohit Anirudh Jagarapu,UNKNOWN,UNKNOWN,ICML,2024
ICML-2024-A001453,Haoxiang Li,UNKNOWN,UNKNOWN,ICML,2024
ICML-2024-A001454,Hao Kang,UNKNOWN,UNKNOWN,ICML,2024
ICML-2024-A001455,Gang Hua,UNKNOWN,UNKNOWN,ICML,2024
ICML-2024-A001456,Qixing Huang,UNKNOWN,UNKNOWN,ICML,2024
ICML-2024-A001457,Yanda Chen,UNKNOWN,UNKNOWN,ICML,2024
ICML-2024-A001458,Ruiqi Zhong,UNKNOWN,UNKNOWN,ICML,2024
ICML-2024-A001459,Narutatsu Ri,UNKNOWN,UNKNOWN,ICML,2024
ICML-2024-A001460,Chen Zhao,UNKNOWN,UNKNOWN,ICML,2024
ICML-2024-A001461,He He,UNKNOWN,UNKNOWN,ICML,2024
ICML-2024-A001462,Jacob Steinhardt,UNKNOWN,UNKNOWN,ICML,2024
ICML-2024-A001463,Zhou Yu,UNKNOWN,UNKNOWN,ICML,2024
ICML-2024-A001464,Kathleen Mckeown,UNKNOWN,UNKNOWN,ICML,2024
ICML-2024-A001465,Defang Chen,UNKNOWN,UNKNOWN,ICML,2024
ICML-2024-A001466,Zhenyu Zhou,UNKNOWN,UNKNOWN,ICML,2024
ICML-2024-A001467,Can Wang,UNKNOWN,UNKNOWN,ICML,2024
ICML-2024-A001468,Chunhua Shen,UNKNOWN,UNKNOWN,ICML,2024
ICML-2024-A001469,Siwei Lyu,UNKNOWN,UNKNOWN,ICML,2024
ICML-2024-A001470,Lichang Chen,UNKNOWN,UNKNOWN,ICML,2024
ICML-2024-A001471,Chen Zhu,UNKNOWN,UNKNOWN,ICML,2024
ICML-2024-A001472,Jiuhai Chen,UNKNOWN,UNKNOWN,ICML,2024
ICML-2024-A001473,Davit Soselia,UNKNOWN,UNKNOWN,ICML,2024
ICML-2024-A001474,Tianyi Zhou,UNKNOWN,UNKNOWN,ICML,2024
ICML-2024-A001475,Tom Goldstein,UNKNOWN,UNKNOWN,ICML,2024
ICML-2024-A001476,Heng Huang,UNKNOWN,UNKNOWN,ICML,2024
ICML-2024-A001477,Mohammad Shoeybi,UNKNOWN,UNKNOWN,ICML,2024
ICML-2024-A001478,Bryan Catanzaro,UNKNOWN,UNKNOWN,ICML,2024
ICML-2024-A001479,Zhuojun Chen,UNKNOWN,UNKNOWN,ICML,2024
ICML-2024-A001480,Xinghua Zhu,UNKNOWN,UNKNOWN,ICML,2024
ICML-2024-A001481,Dongzhe Su,UNKNOWN,UNKNOWN,ICML,2024
ICML-2024-A001482,Justin C. I. Chuang,UNKNOWN,UNKNOWN,ICML,2024
ICML-2024-A001483,Xingwu Chen,UNKNOWN,UNKNOWN,ICML,2024
ICML-2024-A001484,Difan Zou,UNKNOWN,UNKNOWN,ICML,2024
ICML-2024-A001485,Xiang Cheng,UNKNOWN,UNKNOWN,ICML,2024
ICML-2024-A001486,Yuxin Chen,UNKNOWN,UNKNOWN,ICML,2024
ICML-2024-A001487,Suvrit Sra,UNKNOWN,UNKNOWN,ICML,2024
ICML-2024-A001488,Xu Cheng,UNKNOWN,UNKNOWN,ICML,2024
ICML-2024-A001489,Lei Cheng,UNKNOWN,UNKNOWN,ICML,2024
ICML-2024-A001490,Zhaoran Peng,UNKNOWN,UNKNOWN,ICML,2024
ICML-2024-A001491,Yang Xu,UNKNOWN,UNKNOWN,ICML,2024
ICML-2024-A001492,Tian Han,UNKNOWN,UNKNOWN,ICML,2024
ICML-2024-A001493,Quanshi Zhang,UNKNOWN,UNKNOWN,ICML,2024
ICML-2024-A001494,Ze Cheng,UNKNOWN,UNKNOWN,ICML,2024
ICML-2024-A001495,Zhongkai Hao,UNKNOWN,UNKNOWN,ICML,2024
ICML-2024-A001496,Xiaoqiang Wang,UNKNOWN,UNKNOWN,ICML,2024
ICML-2024-A001497,Jianing Huang,UNKNOWN,UNKNOWN,ICML,2024
ICML-2024-A001498,Youjia Wu,UNKNOWN,UNKNOWN,ICML,2024
ICML-2024-A001499,Xudan Liu,UNKNOWN,UNKNOWN,ICML,2024
ICML-2024-A001500,Yiru Zhao,UNKNOWN,UNKNOWN,ICML,2024
ICML-2024-A001501,Songming Liu,UNKNOWN,UNKNOWN,ICML,2024
ICML-2024-A001502,Hang Su,UNKNOWN,UNKNOWN,ICML,2024
ICML-2024-A001503,Gary Cheng,UNKNOWN,UNKNOWN,ICML,2024
ICML-2024-A001504,Moritz Hardt,UNKNOWN,UNKNOWN,ICML,2024
ICML-2024-A001505,Celestine Mendler-Dünner,UNKNOWN,UNKNOWN,ICML,2024
ICML-2024-A001506,Zhiyuan Cheng,Benign Monocular Depth Estimation (MDE),UNKNOWN,ICML,2024
ICML-2024-A001507,Zhaoyi Liu,Benign Monocular Depth Estimation (MDE),UNKNOWN,ICML,2024
ICML-2024-A001508,Tengda Guo,Benign Monocular Depth Estimation (MDE),UNKNOWN,ICML,2024
ICML-2024-A001509,Shiwei Feng,Benign Monocular Depth Estimation (MDE),UNKNOWN,ICML,2024
ICML-2024-A001510,Dongfang Liu,Benign Monocular Depth Estimation (MDE),UNKNOWN,ICML,2024
ICML-2024-A001511,Mingjie Tang,Benign Monocular Depth Estimation (MDE),UNKNOWN,ICML,2024
ICML-2024-A001512,Xiangyu Zhang,Benign Monocular Depth Estimation (MDE),UNKNOWN,ICML,2024
ICML-2024-A001513,Kai Cheng,UNKNOWN,UNKNOWN,ICML,2024
ICML-2024-A001514,Xiaoxiao Long,UNKNOWN,UNKNOWN,ICML,2024
ICML-2024-A001515,Kaizhi Yang,UNKNOWN,UNKNOWN,ICML,2024
ICML-2024-A001516,Yao Yao,UNKNOWN,UNKNOWN,ICML,2024
ICML-2024-A001517,Wei Yin,UNKNOWN,UNKNOWN,ICML,2024
ICML-2024-A001518,Yuexin Ma,UNKNOWN,UNKNOWN,ICML,2024
ICML-2024-A001519,Wenping Wang,UNKNOWN,UNKNOWN,ICML,2024
ICML-2024-A001520,Xuejin Chen,UNKNOWN,UNKNOWN,ICML,2024
ICML-2024-A001521,Tin Sum Cheng,UNKNOWN,UNKNOWN,ICML,2024
ICML-2024-A001522,Aurelien Lucchi,UNKNOWN,UNKNOWN,ICML,2024
ICML-2024-A001523,Anastasis Kratsios,UNKNOWN,UNKNOWN,ICML,2024
ICML-2024-A001524,David Belius,UNKNOWN,UNKNOWN,ICML,2024
ICML-2024-A001525,Shuyu Cheng,UNKNOWN,UNKNOWN,ICML,2024
ICML-2024-A001526,Yibo Miao,UNKNOWN,UNKNOWN,ICML,2024
ICML-2024-A001527,Yinpeng Dong,UNKNOWN,UNKNOWN,ICML,2024
ICML-2024-A001528,Xiao Yang,UNKNOWN,UNKNOWN,ICML,2024
ICML-2024-A001529,Xiao-Shan Gao,UNKNOWN,UNKNOWN,ICML,2024
ICML-2024-A001530,Jun Zhu,UNKNOWN,UNKNOWN,ICML,2024
ICML-2024-A001531,Qinyuan Cheng,UNKNOWN,UNKNOWN,ICML,2024
ICML-2024-A001532,Tianxiang Sun,UNKNOWN,UNKNOWN,ICML,2024
ICML-2024-A001533,Xiangyang Liu,UNKNOWN,UNKNOWN,ICML,2024
ICML-2024-A001534,Wenwei Zhang,UNKNOWN,UNKNOWN,ICML,2024
ICML-2024-A001535,Zhangyue Yin,UNKNOWN,UNKNOWN,ICML,2024
ICML-2024-A001536,Shimin Li,UNKNOWN,UNKNOWN,ICML,2024
ICML-2024-A001537,Linyang Li,UNKNOWN,UNKNOWN,ICML,2024
ICML-2024-A001538,Zhengfu He,UNKNOWN,UNKNOWN,ICML,2024
ICML-2024-A001539,Kai Chen,UNKNOWN,UNKNOWN,ICML,2024
ICML-2024-A001540,Xipeng Qiu,UNKNOWN,UNKNOWN,ICML,2024
ICML-2024-A001541,Zelei Cheng,UNKNOWN,UNKNOWN,ICML,2024
ICML-2024-A001542,Xian Wu,UNKNOWN,UNKNOWN,ICML,2024
ICML-2024-A001543,Jiahao Yu,UNKNOWN,UNKNOWN,ICML,2024
ICML-2024-A001544,Sabrina Yang,UNKNOWN,UNKNOWN,ICML,2024
ICML-2024-A001545,Gang Wang,UNKNOWN,UNKNOWN,ICML,2024
ICML-2024-A001546,Xinyu Xing,UNKNOWN,UNKNOWN,ICML,2024
ICML-2024-A001547,Jie Cheng,UNKNOWN,UNKNOWN,ICML,2024
ICML-2024-A001548,Gang Xiong,UNKNOWN,UNKNOWN,ICML,2024
ICML-2024-A001549,Xingyuan Dai,UNKNOWN,UNKNOWN,ICML,2024
ICML-2024-A001550,Qinghai Miao,UNKNOWN,UNKNOWN,ICML,2024
ICML-2024-A001551,Yisheng Lv,UNKNOWN,UNKNOWN,ICML,2024
ICML-2024-A001552,Fei-Yue Wang,UNKNOWN,UNKNOWN,ICML,2024
ICML-2024-A001553,Ziheng Cheng,UNKNOWN,UNKNOWN,ICML,2024
ICML-2024-A001554,Longlin Yu,UNKNOWN,UNKNOWN,ICML,2024
ICML-2024-A001555,Tianyu Xie,UNKNOWN,UNKNOWN,ICML,2024
ICML-2024-A001556,Shiyue Zhang,UNKNOWN,UNKNOWN,ICML,2024
ICML-2024-A001557,Cheng Zhang,UNKNOWN,UNKNOWN,ICML,2024
ICML-2024-A001558,Manuel Cherep,UNKNOWN,UNKNOWN,ICML,2024
ICML-2024-A001559,Nikhil Singh,UNKNOWN,UNKNOWN,ICML,2024
ICML-2024-A001560,Jessica Shand,UNKNOWN,UNKNOWN,ICML,2024
ICML-2024-A001561,Wang Chi Cheung,UNKNOWN,UNKNOWN,ICML,2024
ICML-2024-A001562,Lixing Lyu,UNKNOWN,UNKNOWN,ICML,2024
ICML-2024-A001563,Alexis Chevalier,UNKNOWN,UNKNOWN,ICML,2024
ICML-2024-A001564,Jiayi Geng,UNKNOWN,UNKNOWN,ICML,2024
ICML-2024-A001565,Alexander Wettig,UNKNOWN,UNKNOWN,ICML,2024
ICML-2024-A001566,Howard Chen,UNKNOWN,UNKNOWN,ICML,2024
ICML-2024-A001567,Sebastian Mizera,UNKNOWN,UNKNOWN,ICML,2024
ICML-2024-A001568,Toni Annala,UNKNOWN,UNKNOWN,ICML,2024
ICML-2024-A001569,Max Aragon,UNKNOWN,UNKNOWN,ICML,2024
ICML-2024-A001570,Arturo Rodriguez Fanlo,UNKNOWN,UNKNOWN,ICML,2024
ICML-2024-A001571,Simon Frieder,UNKNOWN,UNKNOWN,ICML,2024
ICML-2024-A001572,Simon Machado,UNKNOWN,UNKNOWN,ICML,2024
ICML-2024-A001573,Akshara Prabhakar,UNKNOWN,UNKNOWN,ICML,2024
ICML-2024-A001574,Ellie Thieu,UNKNOWN,UNKNOWN,ICML,2024
ICML-2024-A001575,Jiachen T. Wang,UNKNOWN,UNKNOWN,ICML,2024
ICML-2024-A001576,Zirui Wang,UNKNOWN,UNKNOWN,ICML,2024
ICML-2024-A001577,Xindi Wu,UNKNOWN,UNKNOWN,ICML,2024
ICML-2024-A001578,Mengzhou Xia,UNKNOWN,UNKNOWN,ICML,2024
ICML-2024-A001579,Wenhan Xia,UNKNOWN,UNKNOWN,ICML,2024
ICML-2024-A001580,Jiatong Yu,UNKNOWN,UNKNOWN,ICML,2024
ICML-2024-A001581,Junjie Zhu,UNKNOWN,UNKNOWN,ICML,2024
ICML-2024-A001582,Zhiyong Ren,UNKNOWN,UNKNOWN,ICML,2024
ICML-2024-A001583,Sanjeev Arora,UNKNOWN,UNKNOWN,ICML,2024
ICML-2024-A001584,Danqi Chen,UNKNOWN,UNKNOWN,ICML,2024
ICML-2024-A001585,Chia-Cheng Chiang,UNKNOWN,UNKNOWN,ICML,2024
ICML-2024-A001586,Li-Cheng Lan,UNKNOWN,UNKNOWN,ICML,2024
ICML-2024-A001587,Wei-Fang Sun,UNKNOWN,UNKNOWN,ICML,2024
ICML-2024-A001588,Chien Feng,UNKNOWN,UNKNOWN,ICML,2024
ICML-2024-A001589,Cho-Jui Hsieh,UNKNOWN,UNKNOWN,ICML,2024
ICML-2024-A001590,Chun-Yi Lee,UNKNOWN,UNKNOWN,ICML,2024
ICML-2024-A001591,Wei-Lin Chiang,UNKNOWN,UNKNOWN,ICML,2024
ICML-2024-A001592,Lianmin Zheng,UNKNOWN,UNKNOWN,ICML,2024
ICML-2024-A001593,Ying Sheng,UNKNOWN,UNKNOWN,ICML,2024
ICML-2024-A001594,Anastasios Nikolas Angelopoulos,UNKNOWN,UNKNOWN,ICML,2024
ICML-2024-A001595,Tianle Li,UNKNOWN,UNKNOWN,ICML,2024
ICML-2024-A001596,Dacheng Li,UNKNOWN,UNKNOWN,ICML,2024
ICML-2024-A001597,Banghua Zhu,UNKNOWN,UNKNOWN,ICML,2024
ICML-2024-A001598,Hao Zhang,UNKNOWN,UNKNOWN,ICML,2024
ICML-2024-A001599,Michael Jordan,UNKNOWN,UNKNOWN,ICML,2024
ICML-2024-A001600,Joseph E. Gonzalez,UNKNOWN,UNKNOWN,ICML,2024
ICML-2024-A001601,Ion Stoica,UNKNOWN,UNKNOWN,ICML,2024
ICML-2024-A001602,Pranav Singh Chib,UNKNOWN,UNKNOWN,ICML,2024
ICML-2024-A001603,Achintya Nath,UNKNOWN,UNKNOWN,ICML,2024
ICML-2024-A001604,Paritosh Kabra,UNKNOWN,UNKNOWN,ICML,2024
ICML-2024-A001605,Ishu Gupta,UNKNOWN,UNKNOWN,ICML,2024
ICML-2024-A001606,Pravendra Singh,UNKNOWN,UNKNOWN,ICML,2024
ICML-2024-A001607,Pranav Singh Chib,UNKNOWN,UNKNOWN,ICML,2024
ICML-2024-A001608,Pravendra Singh,UNKNOWN,UNKNOWN,ICML,2024
ICML-2024-A001609,Muthu Chidambaram,UNKNOWN,UNKNOWN,ICML,2024
ICML-2024-A001610,Holden Lee,UNKNOWN,UNKNOWN,ICML,2024
ICML-2024-A001611,Colin Mcswiggen,UNKNOWN,UNKNOWN,ICML,2024
ICML-2024-A001612,Semon Rezchikov,UNKNOWN,UNKNOWN,ICML,2024
ICML-2024-A001613,Isabel Chien,UNKNOWN,UNKNOWN,ICML,2024
ICML-2024-A001614,Wessel P Bruinsma,UNKNOWN,UNKNOWN,ICML,2024
ICML-2024-A001615,Javier Gonzalez,UNKNOWN,UNKNOWN,ICML,2024
ICML-2024-A001616,Richard E. Turner,UNKNOWN,UNKNOWN,ICML,2024
ICML-2024-A001617,Zhi-Yi Chin,UNKNOWN,UNKNOWN,ICML,2024
ICML-2024-A001618,Chieh Ming Jiang,UNKNOWN,UNKNOWN,ICML,2024
ICML-2024-A001619,Ching-Chun Huang,UNKNOWN,UNKNOWN,ICML,2024
ICML-2024-A001620,Pin-Yu Chen,UNKNOWN,UNKNOWN,ICML,2024
ICML-2024-A001621,Wei-Chen Chiu,UNKNOWN,UNKNOWN,ICML,2024
ICML-2024-A001622,Brian M Cho,UNKNOWN,UNKNOWN,ICML,2024
ICML-2024-A001623,Kyra Gan,UNKNOWN,UNKNOWN,ICML,2024
ICML-2024-A001624,Nathan Kallus,UNKNOWN,UNKNOWN,ICML,2024
ICML-2024-A001625,Woojin Cho,UNKNOWN,UNKNOWN,ICML,2024
ICML-2024-A001626,Minju Jo,UNKNOWN,UNKNOWN,ICML,2024
ICML-2024-A001627,Haksoo Lim,UNKNOWN,UNKNOWN,ICML,2024
ICML-2024-A001628,Kookjin Lee,UNKNOWN,UNKNOWN,ICML,2024
ICML-2024-A001629,Dongeun Lee,UNKNOWN,UNKNOWN,ICML,2024
ICML-2024-A001630,Sanghyun Hong,UNKNOWN,UNKNOWN,ICML,2024
ICML-2024-A001631,Noseong Park,UNKNOWN,UNKNOWN,ICML,2024
ICML-2024-A001632,Brian M Cho,UNKNOWN,UNKNOWN,ICML,2024
ICML-2024-A001633,Yaroslav Mukhin,UNKNOWN,UNKNOWN,ICML,2024
ICML-2024-A001634,Kyra Gan,UNKNOWN,UNKNOWN,ICML,2024
ICML-2024-A001635,Ivana Malenica,UNKNOWN,UNKNOWN,ICML,2024
ICML-2024-A001636,Myungsik Cho,UNKNOWN,UNKNOWN,ICML,2024
ICML-2024-A001637,Jongeui Park,UNKNOWN,UNKNOWN,ICML,2024
ICML-2024-A001638,Suyoung Lee,UNKNOWN,UNKNOWN,ICML,2024
ICML-2024-A001639,Youngchul Sung,UNKNOWN,UNKNOWN,ICML,2024
ICML-2024-A001640,Minsik Cho,UNKNOWN,UNKNOWN,ICML,2024
ICML-2024-A001641,Mohammad Rastegari,UNKNOWN,UNKNOWN,ICML,2024
ICML-2024-A001642,Devang Naik,UNKNOWN,UNKNOWN,ICML,2024
ICML-2024-A001643,Hyuna Cho,UNKNOWN,UNKNOWN,ICML,2024
ICML-2024-A001644,Jaeyoon Sim,UNKNOWN,UNKNOWN,ICML,2024
ICML-2024-A001645,Guorong Wu,UNKNOWN,UNKNOWN,ICML,2024
ICML-2024-A001646,Won Hwa Kim,UNKNOWN,UNKNOWN,ICML,2024
ICML-2024-A001647,Gyusang Cho,UNKNOWN,UNKNOWN,ICML,2024
ICML-2024-A001648,Chan-Hyun Youn,UNKNOWN,UNKNOWN,ICML,2024
ICML-2024-A001649,Jaemoo Choi,UNKNOWN,UNKNOWN,ICML,2024
ICML-2024-A001650,Jaewoong Choi,UNKNOWN,UNKNOWN,ICML,2024
ICML-2024-A001651,Myungjoo Kang,UNKNOWN,UNKNOWN,ICML,2024
ICML-2024-A001652,Heewoong Choi,UNKNOWN,UNKNOWN,ICML,2024
ICML-2024-A001653,Sangwon Jung,UNKNOWN,UNKNOWN,ICML,2024
ICML-2024-A001654,Hongjoon Ahn,UNKNOWN,UNKNOWN,ICML,2024
ICML-2024-A001655,Taesup Moon,UNKNOWN,UNKNOWN,ICML,2024
ICML-2024-A001656,Hoyong Choi,UNKNOWN,UNKNOWN,ICML,2024
ICML-2024-A001657,Nohyun Ki,UNKNOWN,UNKNOWN,ICML,2024
ICML-2024-A001658,Hye Won Chung,UNKNOWN,UNKNOWN,ICML,2024
ICML-2024-A001659,Wonje Choi,UNKNOWN,UNKNOWN,ICML,2024
ICML-2024-A001660,Woo Kyung Kim,UNKNOWN,UNKNOWN,ICML,2024
ICML-2024-A001661,Minjong Yoo,UNKNOWN,UNKNOWN,ICML,2024
ICML-2024-A001662,Honguk Woo,UNKNOWN,UNKNOWN,ICML,2024
ICML-2024-A001663,Hyeong Kyu Choi,UNKNOWN,UNKNOWN,ICML,2024
ICML-2024-A001664,Yixuan Li,UNKNOWN,UNKNOWN,ICML,2024
ICML-2024-A001665,Jeongwhan Choi,UNKNOWN,UNKNOWN,ICML,2024
ICML-2024-A001666,Sumin Park,UNKNOWN,UNKNOWN,ICML,2024
ICML-2024-A001667,Hyowon Wi,UNKNOWN,UNKNOWN,ICML,2024
ICML-2024-A001668,Sung-Bae Cho,UNKNOWN,UNKNOWN,ICML,2024
ICML-2024-A001669,Noseong Park,UNKNOWN,UNKNOWN,ICML,2024
ICML-2024-A001670,Davin Choo,UNKNOWN,UNKNOWN,ICML,2024
ICML-2024-A001671,Themistoklis Gouleakis,UNKNOWN,UNKNOWN,ICML,2024
ICML-2024-A001672,Chun Kai Ling,UNKNOWN,UNKNOWN,ICML,2024
ICML-2024-A001673,Arnab Bhattacharyya,UNKNOWN,UNKNOWN,ICML,2024
ICML-2024-A001674,Nicolas Chopin,UNKNOWN,UNKNOWN,ICML,2024
ICML-2024-A001675,Francesca Crucinio,UNKNOWN,UNKNOWN,ICML,2024
ICML-2024-A001676,Anna Korba,UNKNOWN,UNKNOWN,ICML,2024
ICML-2024-A001677,Yoni Choukroun,UNKNOWN,UNKNOWN,ICML,2024
ICML-2024-A001678,Lior Wolf,UNKNOWN,UNKNOWN,ICML,2024
ICML-2024-A001679,Mohammed Nowaz Rabbani Chowdhury,UNKNOWN,UNKNOWN,ICML,2024
ICML-2024-A001680,Meng Wang,UNKNOWN,UNKNOWN,ICML,2024
ICML-2024-A001681,Kaoutar El Maghraoui,UNKNOWN,UNKNOWN,ICML,2024
ICML-2024-A001682,Naigang Wang,UNKNOWN,UNKNOWN,ICML,2024
ICML-2024-A001683,Pin-Yu Chen,UNKNOWN,UNKNOWN,ICML,2024
ICML-2024-A001684,Christopher Carothers,UNKNOWN,UNKNOWN,ICML,2024
ICML-2024-A001685,Tianshu Chu,UNKNOWN,UNKNOWN,ICML,2024
ICML-2024-A001686,Dachuan Xu,UNKNOWN,UNKNOWN,ICML,2024
ICML-2024-A001687,Wei Yao,UNKNOWN,UNKNOWN,ICML,2024
ICML-2024-A001688,Jin Zhang,UNKNOWN,UNKNOWN,ICML,2024
ICML-2024-A001689,Lynn Chua,UNKNOWN,UNKNOWN,ICML,2024
ICML-2024-A001690,Badih Ghazi,UNKNOWN,UNKNOWN,ICML,2024
ICML-2024-A001691,Pritish Kamath,UNKNOWN,UNKNOWN,ICML,2024
ICML-2024-A001692,Ravi Kumar,UNKNOWN,UNKNOWN,ICML,2024
ICML-2024-A001693,Pasin Manurangsi,UNKNOWN,UNKNOWN,ICML,2024
ICML-2024-A001694,Amer Sinha,UNKNOWN,UNKNOWN,ICML,2024
ICML-2024-A001695,Chiyuan Zhang,UNKNOWN,UNKNOWN,ICML,2024
ICML-2024-A001696,Youngseog Chung,UNKNOWN,UNKNOWN,ICML,2024
ICML-2024-A001697,Ian Char,UNKNOWN,UNKNOWN,ICML,2024
ICML-2024-A001698,Jeff Schneider,UNKNOWN,UNKNOWN,ICML,2024
ICML-2024-A001699,Hyungjin Chung,UNKNOWN,UNKNOWN,ICML,2024
ICML-2024-A001700,Jong Chul Ye,UNKNOWN,UNKNOWN,ICML,2024
ICML-2024-A001701,Peyman Milanfar,UNKNOWN,UNKNOWN,ICML,2024
ICML-2024-A001702,Mauricio Delbracio,UNKNOWN,UNKNOWN,ICML,2024
ICML-2024-A001703,Geoffrey Cideron,UNKNOWN,UNKNOWN,ICML,2024
ICML-2024-A001704,Sertan Girgin,UNKNOWN,UNKNOWN,ICML,2024
ICML-2024-A001705,Mauro Verzetti,UNKNOWN,UNKNOWN,ICML,2024
ICML-2024-A001706,Damien Vincent,UNKNOWN,UNKNOWN,ICML,2024
ICML-2024-A001707,Matej Kastelic,UNKNOWN,UNKNOWN,ICML,2024
ICML-2024-A001708,Zalán Borsos,UNKNOWN,UNKNOWN,ICML,2024
ICML-2024-A001709,Brian Mcwilliams,UNKNOWN,UNKNOWN,ICML,2024
ICML-2024-A001710,Victor Ungureanu,UNKNOWN,UNKNOWN,ICML,2024
ICML-2024-A001711,Olivier Bachem,UNKNOWN,UNKNOWN,ICML,2024
ICML-2024-A001712,Olivier Pietquin,UNKNOWN,UNKNOWN,ICML,2024
ICML-2024-A001713,Matthieu Geist,UNKNOWN,UNKNOWN,ICML,2024
ICML-2024-A001714,Leonard Hussenot,UNKNOWN,UNKNOWN,ICML,2024
ICML-2024-A001715,Neil Zeghidour,UNKNOWN,UNKNOWN,ICML,2024
ICML-2024-A001716,Andrea Agostinelli,UNKNOWN,UNKNOWN,ICML,2024
ICML-2024-A001717,Andrea Cini,UNKNOWN,UNKNOWN,ICML,2024
ICML-2024-A001718,Danilo Mandic,UNKNOWN,UNKNOWN,ICML,2024
ICML-2024-A001719,Cesare Alippi,UNKNOWN,UNKNOWN,ICML,2024
ICML-2024-A001720,Ross M Clarke,UNKNOWN,UNKNOWN,ICML,2024
ICML-2024-A001721,José Miguel Hernández-Lobato,UNKNOWN,UNKNOWN,ICML,2024
ICML-2024-A001722,Pierre Clavier,UNKNOWN,UNKNOWN,ICML,2024
ICML-2024-A001723,Tom Huix,UNKNOWN,UNKNOWN,ICML,2024
ICML-2024-A001724,Alain Oliviero Durmus,UNKNOWN,UNKNOWN,ICML,2024
ICML-2024-A001725,Julian Coda-Forno,CogBench: a large language model walks into a psychology lab,UNKNOWN,ICML,2024
ICML-2024-A001726,Marcel Binz,CogBench: a large language model walks into a psychology lab,UNKNOWN,ICML,2024
ICML-2024-A001727,Jane X Wang,CogBench: a large language model walks into a psychology lab,UNKNOWN,ICML,2024
ICML-2024-A001728,Eric Schulz,CogBench: a large language model walks into a psychology lab,UNKNOWN,ICML,2024
ICML-2024-A001729,Nathaniel Cohen,UNKNOWN,UNKNOWN,ICML,2024
ICML-2024-A001730,Vladimir Kulikov,UNKNOWN,UNKNOWN,ICML,2024
ICML-2024-A001731,Matan Kleiner,UNKNOWN,UNKNOWN,ICML,2024
ICML-2024-A001732,Inbar Huberman-Spiegelglas,UNKNOWN,UNKNOWN,ICML,2024
ICML-2024-A001733,Tomer Michaeli,UNKNOWN,UNKNOWN,ICML,2024
ICML-2024-A001734,Lior Cohen,UNKNOWN,UNKNOWN,ICML,2024
ICML-2024-A001735,Kaixin Wang,UNKNOWN,UNKNOWN,ICML,2024
ICML-2024-A001736,Bingyi Kang,UNKNOWN,UNKNOWN,ICML,2024
ICML-2024-A001737,Shie Mannor,UNKNOWN,UNKNOWN,ICML,2024
ICML-2024-A001738,Vincent Cohen-Addad,UNKNOWN,UNKNOWN,ICML,2024
ICML-2024-A001739,Tommaso D’Orsi,UNKNOWN,UNKNOWN,ICML,2024
ICML-2024-A001740,Alessandro Epasto,UNKNOWN,UNKNOWN,ICML,2024
ICML-2024-A001741,Vahab Mirrokni,UNKNOWN,UNKNOWN,ICML,2024
ICML-2024-A001742,Peilin Zhong,UNKNOWN,UNKNOWN,ICML,2024
ICML-2024-A001743,Vincent Cohen-Addad,UNKNOWN,UNKNOWN,ICML,2024
ICML-2024-A001744,Tommaso D’Orsi,UNKNOWN,UNKNOWN,ICML,2024
ICML-2024-A001745,Silvio Lattanzi,UNKNOWN,UNKNOWN,ICML,2024
ICML-2024-A001746,Rajai Nasser,UNKNOWN,UNKNOWN,ICML,2024
ICML-2024-A001747,Vincent Cohen-Addad,UNKNOWN,UNKNOWN,ICML,2024
ICML-2024-A001748,Tommaso D’Orsi,UNKNOWN,UNKNOWN,ICML,2024
ICML-2024-A001749,Aida Mousavifar,UNKNOWN,UNKNOWN,ICML,2024
ICML-2024-A001750,Vincent Cohen-Addad,UNKNOWN,UNKNOWN,ICML,2024
ICML-2024-A001751,Silvio Lattanzi,UNKNOWN,UNKNOWN,ICML,2024
ICML-2024-A001752,Andreas Maggiori,UNKNOWN,UNKNOWN,ICML,2024
ICML-2024-A001753,Nikos Parotsidis,UNKNOWN,UNKNOWN,ICML,2024
ICML-2024-A001754,Ian Colbert,UNKNOWN,UNKNOWN,ICML,2024
ICML-2024-A001755,Alessandro Pappalardo,UNKNOWN,UNKNOWN,ICML,2024
ICML-2024-A001756,Jakoba Petri-Koenig,UNKNOWN,UNKNOWN,ICML,2024
ICML-2024-A001757,Yaman Umuroglu,UNKNOWN,UNKNOWN,ICML,2024
ICML-2024-A001758,Liam Collins,UNKNOWN,UNKNOWN,ICML,2024
ICML-2024-A001759,Hamed Hassani,UNKNOWN,UNKNOWN,ICML,2024
ICML-2024-A001760,Mahdi Soltanolkotabi,UNKNOWN,UNKNOWN,ICML,2024
ICML-2024-A001761,Aryan Mokhtari,UNKNOWN,UNKNOWN,ICML,2024
ICML-2024-A001762,Sanjay Shakkottai,UNKNOWN,UNKNOWN,ICML,2024
ICML-2024-A001763,Vincent Conitzer,UNKNOWN,UNKNOWN,ICML,2024
ICML-2024-A001764,Rachel Freedman,UNKNOWN,UNKNOWN,ICML,2024
ICML-2024-A001765,Jobst Heitzig,UNKNOWN,UNKNOWN,ICML,2024
ICML-2024-A001766,Wesley H. Holliday,UNKNOWN,UNKNOWN,ICML,2024
ICML-2024-A001767,Bob M. Jacobs,UNKNOWN,UNKNOWN,ICML,2024
ICML-2024-A001768,Nathan Lambert,UNKNOWN,UNKNOWN,ICML,2024
ICML-2024-A001769,Milan Mosse,UNKNOWN,UNKNOWN,ICML,2024
ICML-2024-A001770,Eric Pacuit,UNKNOWN,UNKNOWN,ICML,2024
ICML-2024-A001771,Stuart Russell,UNKNOWN,UNKNOWN,ICML,2024
ICML-2024-A001772,Hailey Schoelkopf,UNKNOWN,UNKNOWN,ICML,2024
ICML-2024-A001773,Emanuel Tewolde,UNKNOWN,UNKNOWN,ICML,2024
ICML-2024-A001774,William S. Zwicker,UNKNOWN,UNKNOWN,ICML,2024
ICML-2024-A001775,Santiago Cortes-Gomez,UNKNOWN,UNKNOWN,ICML,2024
ICML-2024-A001776,Mateo Dulce Rubio,UNKNOWN,UNKNOWN,ICML,2024
ICML-2024-A001777,Carlos Miguel Patiño,UNKNOWN,UNKNOWN,ICML,2024
ICML-2024-A001778,Bryan Wilder,UNKNOWN,UNKNOWN,ICML,2024
ICML-2024-A001779,Ian Connick Covert,UNKNOWN,UNKNOWN,ICML,2024
ICML-2024-A001780,Wenlong Ji,UNKNOWN,UNKNOWN,ICML,2024
ICML-2024-A001781,Tatsunori Hashimoto,UNKNOWN,UNKNOWN,ICML,2024
ICML-2024-A001782,James Zou,UNKNOWN,UNKNOWN,ICML,2024
ICML-2024-A001783,Jonathan Crabbé,UNKNOWN,UNKNOWN,ICML,2024
ICML-2024-A001784,Nicolas Huynh,UNKNOWN,UNKNOWN,ICML,2024
ICML-2024-A001785,Jan Pawel Stanczuk,UNKNOWN,UNKNOWN,ICML,2024
ICML-2024-A001786,Mihaela Van Der Schaar,UNKNOWN,UNKNOWN,ICML,2024
ICML-2024-A001787,Jesse C. Cresswell,UNKNOWN,UNKNOWN,ICML,2024
ICML-2024-A001788,Yi Sui,UNKNOWN,UNKNOWN,ICML,2024
ICML-2024-A001789,Bhargava Kumar,UNKNOWN,UNKNOWN,ICML,2024
ICML-2024-A001790,Noël Vouitsis,UNKNOWN,UNKNOWN,ICML,2024
ICML-2024-A001791,Nicholas Crispino,UNKNOWN,UNKNOWN,ICML,2024
ICML-2024-A001792,Kyle Montgomery,UNKNOWN,UNKNOWN,ICML,2024
ICML-2024-A001793,Fankun Zeng,UNKNOWN,UNKNOWN,ICML,2024
ICML-2024-A001794,Dawn Song,UNKNOWN,UNKNOWN,ICML,2024
ICML-2024-A001795,Chenguang Wang,UNKNOWN,UNKNOWN,ICML,2024
ICML-2024-A001796,Katherine Crowson,UNKNOWN,UNKNOWN,ICML,2024
ICML-2024-A001797,Stefan Andreas Baumann,UNKNOWN,UNKNOWN,ICML,2024
ICML-2024-A001798,Alex Birch,UNKNOWN,UNKNOWN,ICML,2024
ICML-2024-A001799,Tanishq Mathew Abraham,UNKNOWN,UNKNOWN,ICML,2024
ICML-2024-A001800,Daniel Z Kaplan,UNKNOWN,UNKNOWN,ICML,2024
ICML-2024-A001801,Enrico Shippole,UNKNOWN,UNKNOWN,ICML,2024
ICML-2024-A001802,Daniel Csillag,UNKNOWN,UNKNOWN,ICML,2024
ICML-2024-A001803,Claudio Jose Struchiner,UNKNOWN,UNKNOWN,ICML,2024
ICML-2024-A001804,Guilherme Tegoni Goedert,UNKNOWN,UNKNOWN,ICML,2024
ICML-2024-A001805,Kai Cui,UNKNOWN,UNKNOWN,ICML,2024
ICML-2024-A001806,Christian Fabian,UNKNOWN,UNKNOWN,ICML,2024
ICML-2024-A001807,Anam Tahir,UNKNOWN,UNKNOWN,ICML,2024
ICML-2024-A001808,Heinz Koeppl,UNKNOWN,UNKNOWN,ICML,2024
ICML-2024-A001809,Jiali Cui,UNKNOWN,UNKNOWN,ICML,2024
ICML-2024-A001810,Tian Han,UNKNOWN,UNKNOWN,ICML,2024
ICML-2024-A001811,Tianyu Cui,UNKNOWN,UNKNOWN,ICML,2024
ICML-2024-A001812,Hongxia Li,UNKNOWN,UNKNOWN,ICML,2024
ICML-2024-A001813,Jingya Wang,UNKNOWN,UNKNOWN,ICML,2024
ICML-2024-A001814,Ye Shi,UNKNOWN,UNKNOWN,ICML,2024
ICML-2024-A001815,Hugo Cui,UNKNOWN,UNKNOWN,ICML,2024
ICML-2024-A001816,Luca Pesce,UNKNOWN,UNKNOWN,ICML,2024
ICML-2024-A001817,Yatin Dandi,UNKNOWN,UNKNOWN,ICML,2024
ICML-2024-A001818,Florent Krzakala,UNKNOWN,UNKNOWN,ICML,2024
ICML-2024-A001819,Yue Lu,UNKNOWN,UNKNOWN,ICML,2024
ICML-2024-A001820,Lenka Zdeborova,UNKNOWN,UNKNOWN,ICML,2024
ICML-2024-A001821,Bruno Loureiro,UNKNOWN,UNKNOWN,ICML,2024
ICML-2024-A001822,Justin Cui,UNKNOWN,UNKNOWN,ICML,2024
ICML-2024-A001823,Ruochen Wang,UNKNOWN,UNKNOWN,ICML,2024
ICML-2024-A001824,Yuanhao Xiong,UNKNOWN,UNKNOWN,ICML,2024
ICML-2024-A001825,Cho-Jui Hsieh,UNKNOWN,UNKNOWN,ICML,2024
ICML-2024-A001826,Ganqu Cui,UNKNOWN,UNKNOWN,ICML,2024
ICML-2024-A001827,Lifan Yuan,UNKNOWN,UNKNOWN,ICML,2024
ICML-2024-A001828,Ning Ding,UNKNOWN,UNKNOWN,ICML,2024
ICML-2024-A001829,Guanming Yao,UNKNOWN,UNKNOWN,ICML,2024
ICML-2024-A001830,Bingxiang He,UNKNOWN,UNKNOWN,ICML,2024
ICML-2024-A001831,Wei Zhu,UNKNOWN,UNKNOWN,ICML,2024
ICML-2024-A001832,Yuan Ni,UNKNOWN,UNKNOWN,ICML,2024
ICML-2024-A001833,Guotong Xie,UNKNOWN,UNKNOWN,ICML,2024
ICML-2024-A001834,Ruobing Xie,UNKNOWN,UNKNOWN,ICML,2024
ICML-2024-A001835,Yankai Lin,UNKNOWN,UNKNOWN,ICML,2024
ICML-2024-A001836,Zhiyuan Liu,UNKNOWN,UNKNOWN,ICML,2024
ICML-2024-A001837,Maosong Sun,UNKNOWN,UNKNOWN,ICML,2024
ICML-2024-A001838,Andrew Craig Cullen,UNKNOWN,UNKNOWN,ICML,2024
ICML-2024-A001839,Shijie Liu,UNKNOWN,UNKNOWN,ICML,2024
ICML-2024-A001840,Paul Montague,UNKNOWN,UNKNOWN,ICML,2024
ICML-2024-A001841,Sarah Monazam Erfani,UNKNOWN,UNKNOWN,ICML,2024
ICML-2024-A001842,Benjamin I. P. Rubinstein,UNKNOWN,UNKNOWN,ICML,2024
ICML-2024-A001843,Edwige Cyffers,UNKNOWN,UNKNOWN,ICML,2024
ICML-2024-A001844,Aurélien Bellet,UNKNOWN,UNKNOWN,ICML,2024
ICML-2024-A001845,Jalaj Upadhyay,UNKNOWN,UNKNOWN,ICML,2024
ICML-2024-A001846,Gautier Dagan,UNKNOWN,UNKNOWN,ICML,2024
ICML-2024-A001847,Gabriel Synnaeve,UNKNOWN,UNKNOWN,ICML,2024
ICML-2024-A001848,Baptiste Roziere,UNKNOWN,UNKNOWN,ICML,2024
ICML-2024-A001849,Tehila Dahan,UNKNOWN,UNKNOWN,ICML,2024
ICML-2024-A001850,Kfir Yehuda Levy,UNKNOWN,UNKNOWN,ICML,2024
ICML-2024-A001851,Jessica Dai,UNKNOWN,UNKNOWN,ICML,2024
ICML-2024-A001852,Hao Dai,UNKNOWN,UNKNOWN,ICML,2024
ICML-2024-A001853,Yang Liu,UNKNOWN,UNKNOWN,ICML,2024
ICML-2024-A001854,Peng Su,UNKNOWN,UNKNOWN,ICML,2024
ICML-2024-A001855,Hecheng Cai,UNKNOWN,UNKNOWN,ICML,2024
ICML-2024-A001856,Shudong Huang,UNKNOWN,UNKNOWN,ICML,2024
ICML-2024-A001857,Jiancheng Lv,UNKNOWN,UNKNOWN,ICML,2024
ICML-2024-A001858,Yu Dai,UNKNOWN,UNKNOWN,ICML,2024
ICML-2024-A001859,Junchen Shen,UNKNOWN,UNKNOWN,ICML,2024
ICML-2024-A001860,Zijie Zhai,UNKNOWN,UNKNOWN,ICML,2024
ICML-2024-A001861,Danlin Liu,UNKNOWN,UNKNOWN,ICML,2024
ICML-2024-A001862,Jingyang Chen,UNKNOWN,UNKNOWN,ICML,2024
ICML-2024-A001863,Yu Sun,UNKNOWN,UNKNOWN,ICML,2024
ICML-2024-A001864,Ping Li,UNKNOWN,UNKNOWN,ICML,2024
ICML-2024-A001865,Jie Zhang,UNKNOWN,UNKNOWN,ICML,2024
ICML-2024-A001866,Kai Zhang,UNKNOWN,UNKNOWN,ICML,2024
ICML-2024-A001867,Juntao Dai,UNKNOWN,UNKNOWN,ICML,2024
ICML-2024-A001868,Yaodong Yang,UNKNOWN,UNKNOWN,ICML,2024
ICML-2024-A001869,Qian Zheng,UNKNOWN,UNKNOWN,ICML,2024
ICML-2024-A001870,Gang Pan,UNKNOWN,UNKNOWN,ICML,2024
ICML-2024-A001871,Brett Daley,UNKNOWN,UNKNOWN,ICML,2024
ICML-2024-A001872,Martha White,UNKNOWN,UNKNOWN,ICML,2024
ICML-2024-A001873,Marlos C. Machado,UNKNOWN,UNKNOWN,ICML,2024
ICML-2024-A001874,Mina Dalirrooyfard,UNKNOWN,UNKNOWN,ICML,2024
ICML-2024-A001875,Konstantin Makarychev,UNKNOWN,UNKNOWN,ICML,2024
ICML-2024-A001876,Slobodan Mitrovic,UNKNOWN,UNKNOWN,ICML,2024
ICML-2024-A001877,David Dalton,UNKNOWN,UNKNOWN,ICML,2024
ICML-2024-A001878,Dirk Husmeier,UNKNOWN,UNKNOWN,ICML,2024
ICML-2024-A001879,Hao Gao,UNKNOWN,UNKNOWN,ICML,2024
ICML-2024-A001880,Tingting Dan,UNKNOWN,UNKNOWN,ICML,2024
ICML-2024-A001881,Ziquan Wei,UNKNOWN,UNKNOWN,ICML,2024
ICML-2024-A001882,Won Hwa Kim,UNKNOWN,UNKNOWN,ICML,2024
ICML-2024-A001883,Guorong Wu,UNKNOWN,UNKNOWN,ICML,2024
ICML-2024-A001884,Yatin Dandi,UNKNOWN,UNKNOWN,ICML,2024
ICML-2024-A001885,Emanuele Troiani,UNKNOWN,UNKNOWN,ICML,2024
ICML-2024-A001886,Luca Arnaboldi,UNKNOWN,UNKNOWN,ICML,2024
ICML-2024-A001887,Luca Pesce,UNKNOWN,UNKNOWN,ICML,2024
ICML-2024-A001888,Lenka Zdeborova,UNKNOWN,UNKNOWN,ICML,2024
ICML-2024-A001889,Florent Krzakala,UNKNOWN,UNKNOWN,ICML,2024
ICML-2024-A001890,Hien Dang,UNKNOWN,UNKNOWN,ICML,2024
ICML-2024-A001891,Tho Tran Huu,UNKNOWN,UNKNOWN,ICML,2024
ICML-2024-A001892,Tan Minh Nguyen,UNKNOWN,UNKNOWN,ICML,2024
ICML-2024-A001893,Nhat Ho,UNKNOWN,UNKNOWN,ICML,2024
ICML-2024-A001894,Tri Dao,UNKNOWN,UNKNOWN,ICML,2024
ICML-2024-A001895,Albert Gu,UNKNOWN,UNKNOWN,ICML,2024
ICML-2024-A001896,Manh Cuong Dao,UNKNOWN,UNKNOWN,ICML,2024
ICML-2024-A001897,Phi Le Nguyen,UNKNOWN,UNKNOWN,ICML,2024
ICML-2024-A001898,Thao Nguyen Truong,UNKNOWN,UNKNOWN,ICML,2024
ICML-2024-A001899,Trong Nghia Hoang,UNKNOWN,UNKNOWN,ICML,2024
ICML-2024-A001900,Giannis Daras,UNKNOWN,UNKNOWN,ICML,2024
ICML-2024-A001901,Alex Dimakis,UNKNOWN,UNKNOWN,ICML,2024
ICML-2024-A001902,Constantinos Costis Daskalakis,UNKNOWN,UNKNOWN,ICML,2024
ICML-2024-A001903,Payel Das,UNKNOWN,UNKNOWN,ICML,2024
ICML-2024-A001904,Subhajit Chaudhury,UNKNOWN,UNKNOWN,ICML,2024
ICML-2024-A001905,Elliot Nelson,UNKNOWN,UNKNOWN,ICML,2024
ICML-2024-A001906,Igor Melnyk,UNKNOWN,UNKNOWN,ICML,2024
ICML-2024-A001907,Sarathkrishna Swaminathan,UNKNOWN,UNKNOWN,ICML,2024
ICML-2024-A001908,Sihui Dai,UNKNOWN,UNKNOWN,ICML,2024
ICML-2024-A001909,Aurelie Lozano,UNKNOWN,UNKNOWN,ICML,2024
ICML-2024-A001910,Georgios Kollias,UNKNOWN,UNKNOWN,ICML,2024
ICML-2024-A001911,Vijil Chenthamarakshan,UNKNOWN,UNKNOWN,ICML,2024
ICML-2024-A001912,Jiri Navratil,UNKNOWN,UNKNOWN,ICML,2024
ICML-2024-A001913,Soham Dan,UNKNOWN,UNKNOWN,ICML,2024
ICML-2024-A001914,Pin-Yu Chen,UNKNOWN,UNKNOWN,ICML,2024
ICML-2024-A001915,Rudrajit Das,UNKNOWN,UNKNOWN,ICML,2024
ICML-2024-A001916,Xi Chen,UNKNOWN,UNKNOWN,ICML,2024
ICML-2024-A001917,Bertram Ieong,UNKNOWN,UNKNOWN,ICML,2024
ICML-2024-A001918,Parikshit Bansal,UNKNOWN,UNKNOWN,ICML,2024
ICML-2024-A001919,Sujay Sanghavi,UNKNOWN,UNKNOWN,ICML,2024
ICML-2024-A001920,Abhimanyu Das,UNKNOWN,UNKNOWN,ICML,2024
ICML-2024-A001921,Weihao Kong,UNKNOWN,UNKNOWN,ICML,2024
ICML-2024-A001922,Rajat Sen,UNKNOWN,UNKNOWN,ICML,2024
ICML-2024-A001923,Yichen Zhou,UNKNOWN,UNKNOWN,ICML,2024
ICML-2024-A001924,Saswat Das,UNKNOWN,UNKNOWN,ICML,2024
ICML-2024-A001925,Marco Romanelli,UNKNOWN,UNKNOWN,ICML,2024
ICML-2024-A001926,Ferdinando Fioretto,UNKNOWN,UNKNOWN,ICML,2024
ICML-2024-A001927,Sanjoy Dasgupta,UNKNOWN,UNKNOWN,ICML,2024
ICML-2024-A001928,Eduardo Sany Laber,UNKNOWN,UNKNOWN,ICML,2024
ICML-2024-A001929,Riccardo De Santi,UNKNOWN,UNKNOWN,ICML,2024
ICML-2024-A001930,Federico Arangath Joseph,UNKNOWN,UNKNOWN,ICML,2024
ICML-2024-A001931,Noah Liniger,UNKNOWN,UNKNOWN,ICML,2024
ICML-2024-A001932,Mirco Mutti,UNKNOWN,UNKNOWN,ICML,2024
ICML-2024-A001933,Andreas Krause,UNKNOWN,UNKNOWN,ICML,2024
ICML-2024-A001934,Riccardo De Santi,UNKNOWN,UNKNOWN,ICML,2024
ICML-2024-A001935,Manish Prajapat,UNKNOWN,UNKNOWN,ICML,2024
ICML-2024-A001936,Andreas Krause,UNKNOWN,UNKNOWN,ICML,2024
ICML-2024-A001937,Thomas Decker,UNKNOWN,UNKNOWN,ICML,2024
ICML-2024-A001938,Ananta R. Bhattarai,UNKNOWN,UNKNOWN,ICML,2024
ICML-2024-A001939,Jindong Gu,UNKNOWN,UNKNOWN,ICML,2024
ICML-2024-A001940,Volker Tresp,UNKNOWN,UNKNOWN,ICML,2024
ICML-2024-A001941,Florian Buettner,UNKNOWN,UNKNOWN,ICML,2024
ICML-2024-A001942,Antoine Dedieu,UNKNOWN,UNKNOWN,ICML,2024
ICML-2024-A001943,Wolfgang Lehrach,UNKNOWN,UNKNOWN,ICML,2024
ICML-2024-A001944,Guangyao Zhou,UNKNOWN,UNKNOWN,ICML,2024
ICML-2024-A001945,Dileep George,UNKNOWN,UNKNOWN,ICML,2024
ICML-2024-A001946,Miguel Lazaro-Gredilla,UNKNOWN,UNKNOWN,ICML,2024
ICML-2024-A001947,Vikas Deep,UNKNOWN,UNKNOWN,ICML,2024
ICML-2024-A001948,Achal Bassamboo,UNKNOWN,UNKNOWN,ICML,2024
ICML-2024-A001949,Sandeep Kumar Juneja,UNKNOWN,UNKNOWN,ICML,2024
ICML-2024-A001950,Francesco Demelas,UNKNOWN,UNKNOWN,ICML,2024
ICML-2024-A001951,Joseph Le Roux,UNKNOWN,UNKNOWN,ICML,2024
ICML-2024-A001952,Mathieu Lacroix,UNKNOWN,UNKNOWN,ICML,2024
ICML-2024-A001953,Axel Parmentier,UNKNOWN,UNKNOWN,ICML,2024
ICML-2024-A001954,Ilker Demirel,UNKNOWN,UNKNOWN,ICML,2024
ICML-2024-A001955,Ahmed Alaa,UNKNOWN,UNKNOWN,ICML,2024
ICML-2024-A001956,Anthony Philippakis,UNKNOWN,UNKNOWN,ICML,2024
ICML-2024-A001957,David Sontag,UNKNOWN,UNKNOWN,ICML,2024
ICML-2024-A001958,Berken Utku Demirel,UNKNOWN,UNKNOWN,ICML,2024
ICML-2024-A001959,Christian Holz,UNKNOWN,UNKNOWN,ICML,2024
ICML-2024-A001960,Samuel Deng,UNKNOWN,UNKNOWN,ICML,2024
ICML-2024-A001961,Daniel Hsu,UNKNOWN,UNKNOWN,ICML,2024
ICML-2024-A001962,Xun Deng,UNKNOWN,UNKNOWN,ICML,2024
ICML-2024-A001963,Junlong Liu,UNKNOWN,UNKNOWN,ICML,2024
ICML-2024-A001964,Han Zhong,UNKNOWN,UNKNOWN,ICML,2024
ICML-2024-A001965,Fuli Feng,UNKNOWN,UNKNOWN,ICML,2024
ICML-2024-A001966,Chen Shen,UNKNOWN,UNKNOWN,ICML,2024
ICML-2024-A001967,Xiangnan He,UNKNOWN,UNKNOWN,ICML,2024
ICML-2024-A001968,Jieping Ye,UNKNOWN,UNKNOWN,ICML,2024
ICML-2024-A001969,Zheng Wang,UNKNOWN,UNKNOWN,ICML,2024
ICML-2024-A001970,Wei Deng,UNKNOWN,UNKNOWN,ICML,2024
ICML-2024-A001971,Weijian Luo,UNKNOWN,UNKNOWN,ICML,2024
ICML-2024-A001972,Yixin Tan,UNKNOWN,UNKNOWN,ICML,2024
ICML-2024-A001973,Marin Biloš,UNKNOWN,UNKNOWN,ICML,2024
ICML-2024-A001974,Yu Chen,UNKNOWN,UNKNOWN,ICML,2024
ICML-2024-A001975,Yuriy Nevmyvaka,UNKNOWN,UNKNOWN,ICML,2024
ICML-2024-A001976,Ricky T. Q. Chen,UNKNOWN,UNKNOWN,ICML,2024
ICML-2024-A001977,Yuyang Deng,UNKNOWN,UNKNOWN,ICML,2024
ICML-2024-A001978,Mingda Qiao,UNKNOWN,UNKNOWN,ICML,2024
ICML-2024-A001979,Haoyu Deng,UNKNOWN,UNKNOWN,ICML,2024
ICML-2024-A001980,Zijing Xu,UNKNOWN,UNKNOWN,ICML,2024
ICML-2024-A001981,Yule Duan,UNKNOWN,UNKNOWN,ICML,2024
ICML-2024-A001982,Xiao Wu,UNKNOWN,UNKNOWN,ICML,2024
ICML-2024-A001983,Wenjie Shu,UNKNOWN,UNKNOWN,ICML,2024
ICML-2024-A001984,Liang-Jian Deng,UNKNOWN,UNKNOWN,ICML,2024
ICML-2024-A001985,Jiayi Deng,UNKNOWN,UNKNOWN,ICML,2024
ICML-2024-A001986,Xiaodong Yang,UNKNOWN,UNKNOWN,ICML,2024
ICML-2024-A001987,Jun Yu,UNKNOWN,UNKNOWN,ICML,2024
ICML-2024-A001988,Jun Liu,UNKNOWN,UNKNOWN,ICML,2024
ICML-2024-A001989,Zhaiming Shen,UNKNOWN,UNKNOWN,ICML,2024
ICML-2024-A001990,Danyang Huang,UNKNOWN,UNKNOWN,ICML,2024
ICML-2024-A001991,Huimin Cheng,UNKNOWN,UNKNOWN,ICML,2024
ICML-2024-A001992,Justin Deschenaux,UNKNOWN,UNKNOWN,ICML,2024
ICML-2024-A001993,Igor Krawczuk,UNKNOWN,UNKNOWN,ICML,2024
ICML-2024-A001994,Grigorios Chrysos,UNKNOWN,UNKNOWN,ICML,2024
ICML-2024-A001995,Volkan Cevher,UNKNOWN,UNKNOWN,ICML,2024
ICML-2024-A001996,Gianluca Detommaso,UNKNOWN,UNKNOWN,ICML,2024
ICML-2024-A001997,Martin Andres Bertran,UNKNOWN,UNKNOWN,ICML,2024
ICML-2024-A001998,Riccardo Fogliato,UNKNOWN,UNKNOWN,ICML,2024
ICML-2024-A001999,Aaron Roth,UNKNOWN,UNKNOWN,ICML,2024
ICML-2024-A002000,Jannik Deuschel,UNKNOWN,UNKNOWN,ICML,2024
ICML-2024-A002001,Caleb Ellington,UNKNOWN,UNKNOWN,ICML,2024
ICML-2024-A002002,Yingtao Luo,UNKNOWN,UNKNOWN,ICML,2024
ICML-2024-A002003,Ben Lengerich,UNKNOWN,UNKNOWN,ICML,2024
ICML-2024-A002004,Pascal Friederich,UNKNOWN,UNKNOWN,ICML,2024
ICML-2024-A002005,Eric P. Xing,UNKNOWN,UNKNOWN,ICML,2024
ICML-2024-A002006,Siddartha Devic,UNKNOWN,UNKNOWN,ICML,2024
ICML-2024-A002007,Aleksandra Korolova,UNKNOWN,UNKNOWN,ICML,2024
ICML-2024-A002008,David Kempe,UNKNOWN,UNKNOWN,ICML,2024
ICML-2024-A002009,Vatsal Sharan,UNKNOWN,UNKNOWN,ICML,2024
ICML-2024-A002010,Alex Deweese,UNKNOWN,UNKNOWN,ICML,2024
ICML-2024-A002011,Guannan Qu,UNKNOWN,UNKNOWN,ICML,2024
ICML-2024-A002012,Anish Dhir,UNKNOWN,UNKNOWN,ICML,2024
ICML-2024-A002013,Samuel Power,UNKNOWN,UNKNOWN,ICML,2024
ICML-2024-A002014,Mark Van Der Wilk,UNKNOWN,UNKNOWN,ICML,2024
ICML-2024-A002015,Amit Dhurandhar,UNKNOWN,UNKNOWN,ICML,2024
ICML-2024-A002016,Swagatam Haldar,UNKNOWN,UNKNOWN,ICML,2024
ICML-2024-A002017,Dennis Wei,UNKNOWN,UNKNOWN,ICML,2024
ICML-2024-A002018,Karthikeyan Natesan Ramamurthy,UNKNOWN,UNKNOWN,ICML,2024
ICML-2024-A002019,Hao Di,UNKNOWN,UNKNOWN,ICML,2024
ICML-2024-A002020,Haishan Ye,UNKNOWN,UNKNOWN,ICML,2024
ICML-2024-A002021,Xiangyu Chang,UNKNOWN,UNKNOWN,ICML,2024
ICML-2024-A002022,Guang Dai,UNKNOWN,UNKNOWN,ICML,2024
ICML-2024-A002023,Ivor Tsang,UNKNOWN,UNKNOWN,ICML,2024
ICML-2024-A002024,Hao Di,UNKNOWN,UNKNOWN,ICML,2024
ICML-2024-A002025,Haishan Ye,UNKNOWN,UNKNOWN,ICML,2024
ICML-2024-A002026,Yueling Zhang,UNKNOWN,UNKNOWN,ICML,2024
ICML-2024-A002027,Xiangyu Chang,UNKNOWN,UNKNOWN,ICML,2024
ICML-2024-A002028,Guang Dai,UNKNOWN,UNKNOWN,ICML,2024
ICML-2024-A002029,Ivor Tsang,UNKNOWN,UNKNOWN,ICML,2024
ICML-2024-A002030,Ilias Diakonikolas,UNKNOWN,UNKNOWN,ICML,2024
ICML-2024-A002031,Daniel Kane,UNKNOWN,UNKNOWN,ICML,2024
ICML-2024-A002032,Sushrut Karmalkar,UNKNOWN,UNKNOWN,ICML,2024
ICML-2024-A002033,Ankit Pensia,UNKNOWN,UNKNOWN,ICML,2024
ICML-2024-A002034,Thanasis Pittas,UNKNOWN,UNKNOWN,ICML,2024
ICML-2024-A002035,Ilias Diakonikolas,UNKNOWN,UNKNOWN,ICML,2024
ICML-2024-A002036,Mingchen Ma,UNKNOWN,UNKNOWN,ICML,2024
ICML-2024-A002037,Lisheng Ren,UNKNOWN,UNKNOWN,ICML,2024
ICML-2024-A002038,Christos Tzamos,UNKNOWN,UNKNOWN,ICML,2024
ICML-2024-A002039,Charles Andrew Dickens,UNKNOWN,UNKNOWN,ICML,2024
ICML-2024-A002040,Changyu Gao,UNKNOWN,UNKNOWN,ICML,2024
ICML-2024-A002041,Connor Pryor,UNKNOWN,UNKNOWN,ICML,2024
ICML-2024-A002042,Stephen Wright,UNKNOWN,UNKNOWN,ICML,2024
ICML-2024-A002043,Lise Getoor,UNKNOWN,UNKNOWN,ICML,2024
ICML-2024-A002044,Angeliki Dimitriou,UNKNOWN,UNKNOWN,ICML,2024
ICML-2024-A002045,Maria Lymperaiou,UNKNOWN,UNKNOWN,ICML,2024
ICML-2024-A002046,Georgios Filandrianos,UNKNOWN,UNKNOWN,ICML,2024
ICML-2024-A002047,Konstantinos Thomas,UNKNOWN,UNKNOWN,ICML,2024
ICML-2024-A002048,Giorgos Stamou,UNKNOWN,UNKNOWN,ICML,2024
ICML-2024-A002049,Lisang Ding,UNKNOWN,UNKNOWN,ICML,2024
ICML-2024-A002050,Ziang Chen,UNKNOWN,UNKNOWN,ICML,2024
ICML-2024-A002051,Xinshang Wang,UNKNOWN,UNKNOWN,ICML,2024
ICML-2024-A002052,Wotao Yin,UNKNOWN,UNKNOWN,ICML,2024
ICML-2024-A002053,Li Ding,UNKNOWN,UNKNOWN,ICML,2024
ICML-2024-A002054,Wen Fei,UNKNOWN,UNKNOWN,ICML,2024
ICML-2024-A002055,Yuyang Huang,UNKNOWN,UNKNOWN,ICML,2024
ICML-2024-A002056,Shuangrui Ding,UNKNOWN,UNKNOWN,ICML,2024
ICML-2024-A002057,Wenrui Dai,UNKNOWN,UNKNOWN,ICML,2024
ICML-2024-A002058,Chenglin Li,UNKNOWN,UNKNOWN,ICML,2024
ICML-2024-A002059,Junni Zou,UNKNOWN,UNKNOWN,ICML,2024
ICML-2024-A002060,Hongkai Xiong,UNKNOWN,UNKNOWN,ICML,2024
ICML-2024-A002061,Meng Ding,UNKNOWN,UNKNOWN,ICML,2024
ICML-2024-A002062,Kaiyi Ji,UNKNOWN,UNKNOWN,ICML,2024
ICML-2024-A002063,Di Wang,UNKNOWN,UNKNOWN,ICML,2024
ICML-2024-A002064,Jinhui Xu,UNKNOWN,UNKNOWN,ICML,2024
ICML-2024-A002065,Yuhui Ding,UNKNOWN,UNKNOWN,ICML,2024
ICML-2024-A002066,Antonio Orvieto,UNKNOWN,UNKNOWN,ICML,2024
ICML-2024-A002067,Bobby He,UNKNOWN,UNKNOWN,ICML,2024
ICML-2024-A002068,Thomas Hofmann,UNKNOWN,UNKNOWN,ICML,2024
ICML-2024-A002069,Jianhao Ding,UNKNOWN,UNKNOWN,ICML,2024
ICML-2024-A002070,Zhiyu Pan,UNKNOWN,UNKNOWN,ICML,2024
ICML-2024-A002071,Yujia Liu,UNKNOWN,UNKNOWN,ICML,2024
ICML-2024-A002072,Zhaofei Yu,UNKNOWN,UNKNOWN,ICML,2024
ICML-2024-A002073,Tiejun Huang,UNKNOWN,UNKNOWN,ICML,2024
ICML-2024-A002074,Hantian Ding,UNKNOWN,UNKNOWN,ICML,2024
ICML-2024-A002075,Zijian Wang,UNKNOWN,UNKNOWN,ICML,2024
ICML-2024-A002076,Giovanni Paolini,UNKNOWN,UNKNOWN,ICML,2024
ICML-2024-A002077,Varun Kumar,UNKNOWN,UNKNOWN,ICML,2024
ICML-2024-A002078,Anoop Deoras,UNKNOWN,UNKNOWN,ICML,2024
ICML-2024-A002079,Dan Roth,UNKNOWN,UNKNOWN,ICML,2024
ICML-2024-A002080,Stefano Soatto,UNKNOWN,UNKNOWN,ICML,2024
ICML-2024-A002081,Youlong Ding,UNKNOWN,UNKNOWN,ICML,2024
ICML-2024-A002082,Xueyang Wu,UNKNOWN,UNKNOWN,ICML,2024
ICML-2024-A002083,Yining Meng,UNKNOWN,UNKNOWN,ICML,2024
ICML-2024-A002084,Yonggang Luo,UNKNOWN,UNKNOWN,ICML,2024
ICML-2024-A002085,Hao Wang,UNKNOWN,UNKNOWN,ICML,2024
ICML-2024-A002086,Weike Pan,UNKNOWN,UNKNOWN,ICML,2024
ICML-2024-A002087,Li Ding,UNKNOWN,UNKNOWN,ICML,2024
ICML-2024-A002088,Jenny Zhang,UNKNOWN,UNKNOWN,ICML,2024
ICML-2024-A002089,Jeff Clune,UNKNOWN,UNKNOWN,ICML,2024
ICML-2024-A002090,Lee Spector,UNKNOWN,UNKNOWN,ICML,2024
ICML-2024-A002091,Joel Lehman,UNKNOWN,UNKNOWN,ICML,2024
ICML-2024-A002092,Yiran Ding,UNKNOWN,UNKNOWN,ICML,2024
ICML-2024-A002093,Li Lyna Zhang,UNKNOWN,UNKNOWN,ICML,2024
ICML-2024-A002094,Chengruidong Zhang,UNKNOWN,UNKNOWN,ICML,2024
ICML-2024-A002095,Yuanyuan Xu,UNKNOWN,UNKNOWN,ICML,2024
ICML-2024-A002096,Ning Shang,UNKNOWN,UNKNOWN,ICML,2024
ICML-2024-A002097,Jiahang Xu,UNKNOWN,UNKNOWN,ICML,2024
ICML-2024-A002098,Fan Yang,UNKNOWN,UNKNOWN,ICML,2024
ICML-2024-A002099,Mao Yang,UNKNOWN,UNKNOWN,ICML,2024
ICML-2024-A002100,Daniel Dodd,UNKNOWN,UNKNOWN,ICML,2024
ICML-2024-A002101,Louis Sharrock,UNKNOWN,UNKNOWN,ICML,2024
ICML-2024-A002102,Christopher Nemeth,UNKNOWN,UNKNOWN,ICML,2024
ICML-2024-A002103,Elvis Dohmatob,UNKNOWN,UNKNOWN,ICML,2024
ICML-2024-A002104,Elvis Dohmatob,UNKNOWN,UNKNOWN,ICML,2024
ICML-2024-A002105,Yunzhen Feng,UNKNOWN,UNKNOWN,ICML,2024
ICML-2024-A002106,Pu Yang,UNKNOWN,UNKNOWN,ICML,2024
ICML-2024-A002107,Francois Charton,UNKNOWN,UNKNOWN,ICML,2024
ICML-2024-A002108,Julia Kempe,UNKNOWN,UNKNOWN,ICML,2024
ICML-2024-A002109,Elvis Dohmatob,UNKNOWN,UNKNOWN,ICML,2024
ICML-2024-A002110,Meyer Scetbon,UNKNOWN,UNKNOWN,ICML,2024
ICML-2024-A002111,Nikita Doikov,UNKNOWN,UNKNOWN,ICML,2024
ICML-2024-A002112,Sebastian U Stich,UNKNOWN,UNKNOWN,ICML,2024
ICML-2024-A002113,Martin Jaggi,UNKNOWN,UNKNOWN,ICML,2024
ICML-2024-A002114,Kate Donahue,UNKNOWN,UNKNOWN,ICML,2024
ICML-2024-A002115,Nicole Immorlica,UNKNOWN,UNKNOWN,ICML,2024
ICML-2024-A002116,Meena Jagadeesan,UNKNOWN,UNKNOWN,ICML,2024
ICML-2024-A002117,Brendan Lucier,UNKNOWN,UNKNOWN,ICML,2024
ICML-2024-A002118,Aleksandrs Slivkins,UNKNOWN,UNKNOWN,ICML,2024
ICML-2024-A002119,Yuxin Dong,UNKNOWN,UNKNOWN,ICML,2024
ICML-2024-A002120,Tieliang Gong,UNKNOWN,UNKNOWN,ICML,2024
ICML-2024-A002121,Hong Chen,UNKNOWN,UNKNOWN,ICML,2024
ICML-2024-A002122,Zhongjiang He,UNKNOWN,UNKNOWN,ICML,2024
ICML-2024-A002123,Mengxiang Li,UNKNOWN,UNKNOWN,ICML,2024
ICML-2024-A002124,Shuangyong Song,UNKNOWN,UNKNOWN,ICML,2024
ICML-2024-A002125,Chen Li,UNKNOWN,UNKNOWN,ICML,2024
ICML-2024-A002126,Peijie Dong,UNKNOWN,UNKNOWN,ICML,2024
ICML-2024-A002127,Lujun Li,UNKNOWN,UNKNOWN,ICML,2024
ICML-2024-A002128,Zhenheng Tang,UNKNOWN,UNKNOWN,ICML,2024
ICML-2024-A002129,Xiang Liu,UNKNOWN,UNKNOWN,ICML,2024
ICML-2024-A002130,Xinglin Pan,UNKNOWN,UNKNOWN,ICML,2024
ICML-2024-A002131,Qiang Wang,UNKNOWN,UNKNOWN,ICML,2024
ICML-2024-A002132,Xiaowen Chu,UNKNOWN,UNKNOWN,ICML,2024
ICML-2024-A002133,Yi Dong,UNKNOWN,UNKNOWN,ICML,2024
ICML-2024-A002134,Ronghui Mu,UNKNOWN,UNKNOWN,ICML,2024
ICML-2024-A002135,Gaojie Jin,UNKNOWN,UNKNOWN,ICML,2024
ICML-2024-A002136,Yi Qi,UNKNOWN,UNKNOWN,ICML,2024
ICML-2024-A002137,Jinwei Hu,UNKNOWN,UNKNOWN,ICML,2024
ICML-2024-A002138,Xingyu Zhao,UNKNOWN,UNKNOWN,ICML,2024
ICML-2024-A002139,Jie Meng,UNKNOWN,UNKNOWN,ICML,2024
ICML-2024-A002140,Wenjie Ruan,UNKNOWN,UNKNOWN,ICML,2024
ICML-2024-A002141,Xiaowei Huang,UNKNOWN,UNKNOWN,ICML,2024
ICML-2024-A002142,Huanshuo Dong,UNKNOWN,UNKNOWN,ICML,2024
ICML-2024-A002143,Hong Wang,UNKNOWN,UNKNOWN,ICML,2024
ICML-2024-A002144,Haoyang Liu,UNKNOWN,UNKNOWN,ICML,2024
ICML-2024-A002145,Jian Luo,UNKNOWN,UNKNOWN,ICML,2024
ICML-2024-A002146,Jie Wang,UNKNOWN,UNKNOWN,ICML,2024
ICML-2024-A002147,Jiaxiang Dong,UNKNOWN,UNKNOWN,ICML,2024
ICML-2024-A002148,Haixu Wu,UNKNOWN,UNKNOWN,ICML,2024
ICML-2024-A002149,Yuxuan Wang,UNKNOWN,UNKNOWN,ICML,2024
ICML-2024-A002150,Yun-Zhong Qiu,UNKNOWN,UNKNOWN,ICML,2024
ICML-2024-A002151,Li Zhang,UNKNOWN,UNKNOWN,ICML,2024
ICML-2024-A002152,Jianmin Wang,UNKNOWN,UNKNOWN,ICML,2024
ICML-2024-A002153,Mingsheng Long,UNKNOWN,UNKNOWN,ICML,2024
ICML-2024-A002154,Harry Dong,UNKNOWN,UNKNOWN,ICML,2024
ICML-2024-A002155,Xinyu Yang,UNKNOWN,UNKNOWN,ICML,2024
ICML-2024-A002156,Zhenyu Zhang,UNKNOWN,UNKNOWN,ICML,2024
ICML-2024-A002157,Zhangyang Wang,UNKNOWN,UNKNOWN,ICML,2024
ICML-2024-A002158,Yuejie Chi,UNKNOWN,UNKNOWN,ICML,2024
ICML-2024-A002159,Beidi Chen,UNKNOWN,UNKNOWN,ICML,2024
ICML-2024-A002160,Konstantin Donhauser,UNKNOWN,UNKNOWN,ICML,2024
ICML-2024-A002161,Javier Abad,UNKNOWN,UNKNOWN,ICML,2024
ICML-2024-A002162,Neha Hulkund,UNKNOWN,UNKNOWN,ICML,2024
ICML-2024-A002163,Fanny Yang,UNKNOWN,UNKNOWN,ICML,2024
ICML-2024-A002164,Kevin Doran,UNKNOWN,UNKNOWN,ICML,2024
ICML-2024-A002165,Marvin Seifert,UNKNOWN,UNKNOWN,ICML,2024
ICML-2024-A002166,Carola A. M. Yovanovich,UNKNOWN,UNKNOWN,ICML,2024
ICML-2024-A002167,Tom Baden,UNKNOWN,UNKNOWN,ICML,2024
ICML-2024-A002168,Ron Dorfman,UNKNOWN,UNKNOWN,ICML,2024
ICML-2024-A002169,Naseem Amin Yehya,UNKNOWN,UNKNOWN,ICML,2024
ICML-2024-A002170,Kfir Yehuda Levy,UNKNOWN,UNKNOWN,ICML,2024
ICML-2024-A002171,Florian E. Dorner,UNKNOWN,UNKNOWN,ICML,2024
ICML-2024-A002172,Moritz Hardt,UNKNOWN,UNKNOWN,ICML,2024
ICML-2024-A002173,Jordan Dotzel,UNKNOWN,UNKNOWN,ICML,2024
ICML-2024-A002174,Yuzong Chen,UNKNOWN,UNKNOWN,ICML,2024
ICML-2024-A002175,Bahaa Kotb,UNKNOWN,UNKNOWN,ICML,2024
ICML-2024-A002176,Sushma Prasad,UNKNOWN,UNKNOWN,ICML,2024
ICML-2024-A002177,Gang Wu,UNKNOWN,UNKNOWN,ICML,2024
ICML-2024-A002178,Sheng Li,UNKNOWN,UNKNOWN,ICML,2024
ICML-2024-A002179,Mohamed S Abdelfattah,UNKNOWN,UNKNOWN,ICML,2024
ICML-2024-A002180,Zhiru Zhang,UNKNOWN,UNKNOWN,ICML,2024
ICML-2024-A002181,Zehao Dou,UNKNOWN,UNKNOWN,ICML,2024
ICML-2024-A002182,Minshuo Chen,UNKNOWN,UNKNOWN,ICML,2024
ICML-2024-A002183,Mengdi Wang,UNKNOWN,UNKNOWN,ICML,2024
ICML-2024-A002184,Zhuoran Yang,UNKNOWN,UNKNOWN,ICML,2024
ICML-2024-A002185,Felix Draxler,UNKNOWN,UNKNOWN,ICML,2024
ICML-2024-A002186,Stefan Wahl,UNKNOWN,UNKNOWN,ICML,2024
ICML-2024-A002187,Christoph Schnoerr,UNKNOWN,UNKNOWN,ICML,2024
ICML-2024-A002188,Ullrich Koethe,UNKNOWN,UNKNOWN,ICML,2024
ICML-2024-A002189,Alexandre Drouin,UNKNOWN,UNKNOWN,ICML,2024
ICML-2024-A002190,Maxime Gasse,UNKNOWN,UNKNOWN,ICML,2024
ICML-2024-A002191,Massimo Caccia,UNKNOWN,UNKNOWN,ICML,2024
ICML-2024-A002192,Issam H. Laradji,UNKNOWN,UNKNOWN,ICML,2024
ICML-2024-A002193,Manuel Del Verme,UNKNOWN,UNKNOWN,ICML,2024
ICML-2024-A002194,Tom Marty,UNKNOWN,UNKNOWN,ICML,2024
ICML-2024-A002195,David Vazquez,UNKNOWN,UNKNOWN,ICML,2024
ICML-2024-A002196,Nicolas Chapados,UNKNOWN,UNKNOWN,ICML,2024
ICML-2024-A002197,Alexandre Lacoste,UNKNOWN,UNKNOWN,ICML,2024
ICML-2024-A002198,Li Du,UNKNOWN,UNKNOWN,ICML,2024
ICML-2024-A002199,Afra Amini,UNKNOWN,UNKNOWN,ICML,2024
ICML-2024-A002200,Lucas Torroba Hennigen,UNKNOWN,UNKNOWN,ICML,2024
ICML-2024-A002201,Xinyan Velocity Yu,UNKNOWN,UNKNOWN,ICML,2024
ICML-2024-A002202,Holden Lee,UNKNOWN,UNKNOWN,ICML,2024
ICML-2024-A002203,Jason Eisner,UNKNOWN,UNKNOWN,ICML,2024
ICML-2024-A002204,Ryan Cotterell,UNKNOWN,UNKNOWN,ICML,2024
ICML-2024-A002205,Chaoqun Du,UNKNOWN,UNKNOWN,ICML,2024
ICML-2024-A002206,Yizeng Han,UNKNOWN,UNKNOWN,ICML,2024
ICML-2024-A002207,Gao Huang,UNKNOWN,UNKNOWN,ICML,2024
ICML-2024-A002208,Cunxiao Du,UNKNOWN,UNKNOWN,ICML,2024
ICML-2024-A002209,Jing Jiang,UNKNOWN,UNKNOWN,ICML,2024
ICML-2024-A002210,Xu Yuanchen,UNKNOWN,UNKNOWN,ICML,2024
ICML-2024-A002211,Jiawei Wu,UNKNOWN,UNKNOWN,ICML,2024
ICML-2024-A002212,Sicheng Yu,UNKNOWN,UNKNOWN,ICML,2024
ICML-2024-A002213,Yongqi Li,UNKNOWN,UNKNOWN,ICML,2024
ICML-2024-A002214,Shenggui Li,UNKNOWN,UNKNOWN,ICML,2024
ICML-2024-A002215,Kai Xu,UNKNOWN,UNKNOWN,ICML,2024
ICML-2024-A002216,Liqiang Nie,UNKNOWN,UNKNOWN,ICML,2024
ICML-2024-A002217,Zhaopeng Tu,UNKNOWN,UNKNOWN,ICML,2024
ICML-2024-A002218,Yang You,UNKNOWN,UNKNOWN,ICML,2024
ICML-2024-A002219,Yilun Du,UNKNOWN,UNKNOWN,ICML,2024
ICML-2024-A002220,Leslie Pack Kaelbling,UNKNOWN,UNKNOWN,ICML,2024
ICML-2024-A002221,Yilun Du,UNKNOWN,UNKNOWN,ICML,2024
ICML-2024-A002222,Shuang Li,UNKNOWN,UNKNOWN,ICML,2024
ICML-2024-A002223,Antonio Torralba,UNKNOWN,UNKNOWN,ICML,2024
ICML-2024-A002224,Joshua B. Tenenbaum,UNKNOWN,UNKNOWN,ICML,2024
ICML-2024-A002225,Igor Mordatch,UNKNOWN,UNKNOWN,ICML,2024
ICML-2024-A002226,Yilun Du,UNKNOWN,UNKNOWN,ICML,2024
ICML-2024-A002227,Jiayuan Mao,UNKNOWN,UNKNOWN,ICML,2024
ICML-2024-A002228,Joshua B. Tenenbaum,UNKNOWN,UNKNOWN,ICML,2024
ICML-2024-A002229,Xuefeng Du,UNKNOWN,UNKNOWN,ICML,2024
ICML-2024-A002230,Yiyou Sun,UNKNOWN,UNKNOWN,ICML,2024
ICML-2024-A002231,Yixuan Li,UNKNOWN,UNKNOWN,ICML,2024
ICML-2024-A002232,Yu Du,UNKNOWN,UNKNOWN,ICML,2024
ICML-2024-A002233,Fangyun Wei,UNKNOWN,UNKNOWN,ICML,2024
ICML-2024-A002234,Hongyang Zhang,UNKNOWN,UNKNOWN,ICML,2024
ICML-2024-A002235,Yihan Du,UNKNOWN,UNKNOWN,ICML,2024
ICML-2024-A002236,Anna Winnicki,UNKNOWN,UNKNOWN,ICML,2024
ICML-2024-A002237,Gal Dalal,UNKNOWN,UNKNOWN,ICML,2024
ICML-2024-A002238,Shie Mannor,UNKNOWN,UNKNOWN,ICML,2024
ICML-2024-A002239,R. Srikant,UNKNOWN,UNKNOWN,ICML,2024
ICML-2024-A002240,Xin Du,UNKNOWN,UNKNOWN,ICML,2024
ICML-2024-A002241,Lixin Xiu,UNKNOWN,UNKNOWN,ICML,2024
ICML-2024-A002242,Kumiko Tanaka-Ishii,UNKNOWN,UNKNOWN,ICML,2024
ICML-2024-A002243,Jiangfei Duan,UNKNOWN,UNKNOWN,ICML,2024
ICML-2024-A002244,Runyu Lu,UNKNOWN,UNKNOWN,ICML,2024
ICML-2024-A002245,Haojie Duanmu,UNKNOWN,UNKNOWN,ICML,2024
ICML-2024-A002246,Xiuhong Li,UNKNOWN,UNKNOWN,ICML,2024
ICML-2024-A002247,Xingcheng Zhang,UNKNOWN,UNKNOWN,ICML,2024
ICML-2024-A002248,Dahua Lin,UNKNOWN,UNKNOWN,ICML,2024
ICML-2024-A002249,Ion Stoica,UNKNOWN,UNKNOWN,ICML,2024
ICML-2024-A002250,Hao Zhang,UNKNOWN,UNKNOWN,ICML,2024
ICML-2024-A002251,Jufang Duan,UNKNOWN,UNKNOWN,ICML,2024
ICML-2024-A002252,Wei Zheng,UNKNOWN,UNKNOWN,ICML,2024
ICML-2024-A002253,Yangzhou Du,UNKNOWN,UNKNOWN,ICML,2024
ICML-2024-A002254,Wenfa Wu,UNKNOWN,UNKNOWN,ICML,2024
ICML-2024-A002255,Haipeng Jiang,UNKNOWN,UNKNOWN,ICML,2024
ICML-2024-A002256,Hongsheng Qi,UNKNOWN,UNKNOWN,ICML,2024
ICML-2024-A002257,André Vicente Duarte,UNKNOWN,UNKNOWN,ICML,2024
ICML-2024-A002258,Xuandong Zhao,UNKNOWN,UNKNOWN,ICML,2024
ICML-2024-A002259,Arlindo L. Oliveira,UNKNOWN,UNKNOWN,ICML,2024
ICML-2024-A002260,Lei Li,UNKNOWN,UNKNOWN,ICML,2024
ICML-2024-A002261,Ivan Dubrovsky,UNKNOWN,UNKNOWN,ICML,2024
ICML-2024-A002262,Andrei Dmitrenko,UNKNOWN,UNKNOWN,ICML,2024
ICML-2024-A002263,Aleksei Dmitrenko,UNKNOWN,UNKNOWN,ICML,2024
ICML-2024-A002264,Nikita Serov,UNKNOWN,UNKNOWN,ICML,2024
ICML-2024-A002265,Vladimir Vinogradov,UNKNOWN,UNKNOWN,ICML,2024
ICML-2024-A002266,Paul Duetting,UNKNOWN,UNKNOWN,ICML,2024
ICML-2024-A002267,Federico Fusco,UNKNOWN,UNKNOWN,ICML,2024
ICML-2024-A002268,Silvio Lattanzi,UNKNOWN,UNKNOWN,ICML,2024
ICML-2024-A002269,Ashkan Norouzi-Fard,UNKNOWN,UNKNOWN,ICML,2024
ICML-2024-A002270,Morteza Zadimoghaddam,UNKNOWN,UNKNOWN,ICML,2024
ICML-2024-A002271,Jacob Dunefsky,UNKNOWN,UNKNOWN,ICML,2024
ICML-2024-A002272,Arman Cohan,UNKNOWN,UNKNOWN,ICML,2024
ICML-2024-A002273,Hoang Anh Dung,UNKNOWN,UNKNOWN,ICML,2024
ICML-2024-A002274,Cuong Pham,UNKNOWN,UNKNOWN,ICML,2024
ICML-2024-A002275,Trung Le,UNKNOWN,UNKNOWN,ICML,2024
ICML-2024-A002276,Jianfei Cai,UNKNOWN,UNKNOWN,ICML,2024
ICML-2024-A002277,Thanh-Toan Do,UNKNOWN,UNKNOWN,ICML,2024
ICML-2024-A002278,Max Dupre La Tour,UNKNOWN,UNKNOWN,ICML,2024
ICML-2024-A002279,Monika Henzinger,UNKNOWN,UNKNOWN,ICML,2024
ICML-2024-A002280,David Saulpic,UNKNOWN,UNKNOWN,ICML,2024
ICML-2024-A002281,Benjamin Dupuis,UNKNOWN,UNKNOWN,ICML,2024
ICML-2024-A002282,Umut Simsekli,UNKNOWN,UNKNOWN,ICML,2024
ICML-2024-A002283,Gerardo Duran-Martin,UNKNOWN,UNKNOWN,ICML,2024
ICML-2024-A002284,Matias Altamirano,UNKNOWN,UNKNOWN,ICML,2024
ICML-2024-A002285,Alex Shestopaloff,UNKNOWN,UNKNOWN,ICML,2024
ICML-2024-A002286,Leandro Sánchez-Betancourt,UNKNOWN,UNKNOWN,ICML,2024
ICML-2024-A002287,Jeremias Knoblauch,UNKNOWN,UNKNOWN,ICML,2024
ICML-2024-A002288,Matt Jones,UNKNOWN,UNKNOWN,ICML,2024
ICML-2024-A002289,Francois-Xavier Briol,UNKNOWN,UNKNOWN,ICML,2024
ICML-2024-A002290,Kevin Patrick Murphy,UNKNOWN,UNKNOWN,ICML,2024
ICML-2024-A002291,Nikita Durasov,UNKNOWN,UNKNOWN,ICML,2024
ICML-2024-A002292,Doruk Oner,UNKNOWN,UNKNOWN,ICML,2024
ICML-2024-A002293,Jonathan Donier,UNKNOWN,UNKNOWN,ICML,2024
ICML-2024-A002294,Hieu Le,UNKNOWN,UNKNOWN,ICML,2024
ICML-2024-A002295,Pascal Fua,UNKNOWN,UNKNOWN,ICML,2024
ICML-2024-A002296,Pavel Dvurechensky,UNKNOWN,UNKNOWN,ICML,2024
ICML-2024-A002297,Mathias Staudigl,UNKNOWN,UNKNOWN,ICML,2024
ICML-2024-A002298,Vikranth Dwaracherla,UNKNOWN,UNKNOWN,ICML,2024
ICML-2024-A002299,Seyed Mohammad Asghari,UNKNOWN,UNKNOWN,ICML,2024
ICML-2024-A002300,Botao Hao,UNKNOWN,UNKNOWN,ICML,2024
ICML-2024-A002301,Benjamin Van Roy,UNKNOWN,UNKNOWN,ICML,2024
ICML-2024-A002302,Nadav Dym,UNKNOWN,UNKNOWN,ICML,2024
ICML-2024-A002303,Hannah Lawrence,UNKNOWN,UNKNOWN,ICML,2024
ICML-2024-A002304,Jonathan W. Siegel,UNKNOWN,UNKNOWN,ICML,2024
ICML-2024-A002305,Stephanie Eckman,UNKNOWN,UNKNOWN,ICML,2024
ICML-2024-A002306,Barbara Plank,UNKNOWN,UNKNOWN,ICML,2024
ICML-2024-A002307,Frauke Kreuter,UNKNOWN,UNKNOWN,ICML,2024
ICML-2024-A002308,Vage Egiazarian,UNKNOWN,UNKNOWN,ICML,2024
ICML-2024-A002309,Andrei Panferov,UNKNOWN,UNKNOWN,ICML,2024
ICML-2024-A002310,Denis Kuznedelev,UNKNOWN,UNKNOWN,ICML,2024
ICML-2024-A002311,Elias Frantar,UNKNOWN,UNKNOWN,ICML,2024
ICML-2024-A002312,Artem Babenko,UNKNOWN,UNKNOWN,ICML,2024
ICML-2024-A002313,Dan Alistarh,UNKNOWN,UNKNOWN,ICML,2024
ICML-2024-A002314,Evgenii Egorov,UNKNOWN,UNKNOWN,ICML,2024
ICML-2024-A002315,Riccardo Valperga,UNKNOWN,UNKNOWN,ICML,2024
ICML-2024-A002316,Stratis Gavves,UNKNOWN,UNKNOWN,ICML,2024
ICML-2024-A002317,Francisco Eiras,UNKNOWN,UNKNOWN,ICML,2024
ICML-2024-A002318,Adel Bibi,UNKNOWN,UNKNOWN,ICML,2024
ICML-2024-A002319,Rudy R Bunel,UNKNOWN,UNKNOWN,ICML,2024
ICML-2024-A002320,Krishnamurthy Dj Dvijotham,UNKNOWN,UNKNOWN,ICML,2024
ICML-2024-A002321,Philip Torr,UNKNOWN,UNKNOWN,ICML,2024
ICML-2024-A002322,M. Pawan Kumar,UNKNOWN,UNKNOWN,ICML,2024
ICML-2024-A002323,Francisco Eiras,UNKNOWN,UNKNOWN,ICML,2024
ICML-2024-A002324,Aleksandar Petrov,UNKNOWN,UNKNOWN,ICML,2024
ICML-2024-A002325,Bertie Vidgen,UNKNOWN,UNKNOWN,ICML,2024
ICML-2024-A002326,Christian Schroeder De Witt,UNKNOWN,UNKNOWN,ICML,2024
ICML-2024-A002327,Fabio Pizzati,UNKNOWN,UNKNOWN,ICML,2024
ICML-2024-A002328,Katherine Elkins,UNKNOWN,UNKNOWN,ICML,2024
ICML-2024-A002329,Supratik Mukhopadhyay,UNKNOWN,UNKNOWN,ICML,2024
ICML-2024-A002330,Adel Bibi,UNKNOWN,UNKNOWN,ICML,2024
ICML-2024-A002331,Botos Csaba,UNKNOWN,UNKNOWN,ICML,2024
ICML-2024-A002332,Fabro Steibel,UNKNOWN,UNKNOWN,ICML,2024
ICML-2024-A002333,Fazl Barez,UNKNOWN,UNKNOWN,ICML,2024
ICML-2024-A002334,Genevieve Smith,UNKNOWN,UNKNOWN,ICML,2024
ICML-2024-A002335,Gianluca Guadagni,UNKNOWN,UNKNOWN,ICML,2024
ICML-2024-A002336,Jon Chun,UNKNOWN,UNKNOWN,ICML,2024
ICML-2024-A002337,Jordi Cabot,UNKNOWN,UNKNOWN,ICML,2024
ICML-2024-A002338,Joseph Marvin Imperial,UNKNOWN,UNKNOWN,ICML,2024
ICML-2024-A002339,Juan A. Nolazco-Flores,UNKNOWN,UNKNOWN,ICML,2024
ICML-2024-A002340,Lori Landay,UNKNOWN,UNKNOWN,ICML,2024
ICML-2024-A002341,Matthew Thomas Jackson,UNKNOWN,UNKNOWN,ICML,2024
ICML-2024-A002342,Paul Rottger,UNKNOWN,UNKNOWN,ICML,2024
ICML-2024-A002343,Philip Torr,UNKNOWN,UNKNOWN,ICML,2024
ICML-2024-A002344,Trevor Darrell,UNKNOWN,UNKNOWN,ICML,2024
ICML-2024-A002345,Yong Suk Lee,UNKNOWN,UNKNOWN,ICML,2024
ICML-2024-A002346,Jakob Nicolaus Foerster,UNKNOWN,UNKNOWN,ICML,2024
ICML-2024-A002347,Alaaeldin El-Nouby,UNKNOWN,UNKNOWN,ICML,2024
ICML-2024-A002348,Michal Klein,UNKNOWN,UNKNOWN,ICML,2024
ICML-2024-A002349,Shuangfei Zhai,UNKNOWN,UNKNOWN,ICML,2024
ICML-2024-A002350,Miguel Ángel Bautista,UNKNOWN,UNKNOWN,ICML,2024
ICML-2024-A002351,Vaishaal Shankar,UNKNOWN,UNKNOWN,ICML,2024
ICML-2024-A002352,Alexander T Toshev,UNKNOWN,UNKNOWN,ICML,2024
ICML-2024-A002353,Joshua M. Susskind,UNKNOWN,UNKNOWN,ICML,2024
ICML-2024-A002354,Armand Joulin,UNKNOWN,UNKNOWN,ICML,2024
ICML-2024-A002355,Muhammad Qasim Elahi,UNKNOWN,UNKNOWN,ICML,2024
ICML-2024-A002356,Lai Wei,UNKNOWN,UNKNOWN,ICML,2024
ICML-2024-A002357,Murat Kocaoglu,UNKNOWN,UNKNOWN,ICML,2024
ICML-2024-A002358,Mahsa Ghasemi,UNKNOWN,UNKNOWN,ICML,2024
ICML-2024-A002359,Emadeldeen Eldele,UNKNOWN,UNKNOWN,ICML,2024
ICML-2024-A002360,Mohamed Ragab,UNKNOWN,UNKNOWN,ICML,2024
ICML-2024-A002361,Zhenghua Chen,UNKNOWN,UNKNOWN,ICML,2024
ICML-2024-A002362,Min Wu,UNKNOWN,UNKNOWN,ICML,2024
ICML-2024-A002363,Xiaoli Li,UNKNOWN,UNKNOWN,ICML,2024
ICML-2024-A002364,Mohannad Elhamod,UNKNOWN,UNKNOWN,ICML,2024
ICML-2024-A002365,Anuj Karpatne,UNKNOWN,UNKNOWN,ICML,2024
ICML-2024-A002366,Mohamed Elsayed,UNKNOWN,UNKNOWN,ICML,2024
ICML-2024-A002367,Homayoon Farrahi,UNKNOWN,UNKNOWN,ICML,2024
ICML-2024-A002368,Felix Dangel,UNKNOWN,UNKNOWN,ICML,2024
ICML-2024-A002369,A. Rupam Mahmood,UNKNOWN,UNKNOWN,ICML,2024
ICML-2024-A002370,Joshua Engels,UNKNOWN,UNKNOWN,ICML,2024
ICML-2024-A002371,Ben Landrum,UNKNOWN,UNKNOWN,ICML,2024
ICML-2024-A002372,Shangdi Yu,UNKNOWN,UNKNOWN,ICML,2024
ICML-2024-A002373,Laxman Dhulipala,UNKNOWN,UNKNOWN,ICML,2024
ICML-2024-A002374,Julian Shun,UNKNOWN,UNKNOWN,ICML,2024
ICML-2024-A002375,Logan Engstrom,UNKNOWN,UNKNOWN,ICML,2024
ICML-2024-A002376,Axel Feldmann,UNKNOWN,UNKNOWN,ICML,2024
ICML-2024-A002377,Aleksander Madry,UNKNOWN,UNKNOWN,ICML,2024
ICML-2024-A002378,Taha Entesari,UNKNOWN,UNKNOWN,ICML,2024
ICML-2024-A002379,Sina Sharifi,UNKNOWN,UNKNOWN,ICML,2024
ICML-2024-A002380,Mahyar Fazlyab,UNKNOWN,UNKNOWN,ICML,2024
ICML-2024-A002381,Dave Epstein,UNKNOWN,UNKNOWN,ICML,2024
ICML-2024-A002382,Ben Poole,UNKNOWN,UNKNOWN,ICML,2024
ICML-2024-A002383,Ben Mildenhall,UNKNOWN,UNKNOWN,ICML,2024
ICML-2024-A002384,Alexei A Efros,UNKNOWN,UNKNOWN,ICML,2024
ICML-2024-A002385,Aleksander Holynski,UNKNOWN,UNKNOWN,ICML,2024
ICML-2024-A002386,Deividas Eringis,UNKNOWN,UNKNOWN,ICML,2024
ICML-2024-A002387,John Leth,UNKNOWN,UNKNOWN,ICML,2024
ICML-2024-A002388,Zheng-Hua Tan,UNKNOWN,UNKNOWN,ICML,2024
ICML-2024-A002389,Rafal Wisniewski,UNKNOWN,UNKNOWN,ICML,2024
ICML-2024-A002390,Mihaly Petreczky,UNKNOWN,UNKNOWN,ICML,2024
ICML-2024-A002391,Hossein Esfandiari,UNKNOWN,UNKNOWN,ICML,2024
ICML-2024-A002392,Praneeth Kacham,UNKNOWN,UNKNOWN,ICML,2024
ICML-2024-A002393,Vahab Mirrokni,UNKNOWN,UNKNOWN,ICML,2024
ICML-2024-A002394,David Woodruff,UNKNOWN,UNKNOWN,ICML,2024
ICML-2024-A002395,Peilin Zhong,UNKNOWN,UNKNOWN,ICML,2024
ICML-2024-A002396,Patrick Esser,UNKNOWN,UNKNOWN,ICML,2024
ICML-2024-A002397,Sumith Kulal,UNKNOWN,UNKNOWN,ICML,2024
ICML-2024-A002398,Andreas Blattmann,UNKNOWN,UNKNOWN,ICML,2024
ICML-2024-A002399,Rahim Entezari,UNKNOWN,UNKNOWN,ICML,2024
ICML-2024-A002400,Jonas Müller,UNKNOWN,UNKNOWN,ICML,2024
ICML-2024-A002401,Harry Saini,UNKNOWN,UNKNOWN,ICML,2024
ICML-2024-A002402,Yam Levi,UNKNOWN,UNKNOWN,ICML,2024
ICML-2024-A002403,Dominik Lorenz,UNKNOWN,UNKNOWN,ICML,2024
ICML-2024-A002404,Axel Sauer,UNKNOWN,UNKNOWN,ICML,2024
ICML-2024-A002405,Frederic Boesel,UNKNOWN,UNKNOWN,ICML,2024
ICML-2024-A002406,Dustin Podell,UNKNOWN,UNKNOWN,ICML,2024
ICML-2024-A002407,Tim Dockhorn,UNKNOWN,UNKNOWN,ICML,2024
ICML-2024-A002408,Zion English,UNKNOWN,UNKNOWN,ICML,2024
ICML-2024-A002409,Robin Rombach,UNKNOWN,UNKNOWN,ICML,2024
ICML-2024-A002410,Kawin Ethayarajh,UNKNOWN,UNKNOWN,ICML,2024
ICML-2024-A002411,Winnie Xu,UNKNOWN,UNKNOWN,ICML,2024
ICML-2024-A002412,Niklas Muennighoff,UNKNOWN,UNKNOWN,ICML,2024
ICML-2024-A002413,Dan Jurafsky,UNKNOWN,UNKNOWN,ICML,2024
ICML-2024-A002414,Douwe Kiela,UNKNOWN,UNKNOWN,ICML,2024
ICML-2024-A002415,Zach Evans,UNKNOWN,UNKNOWN,ICML,2024
ICML-2024-A002416,Cj Carr,UNKNOWN,UNKNOWN,ICML,2024
ICML-2024-A002417,Josiah Taylor,UNKNOWN,UNKNOWN,ICML,2024
ICML-2024-A002418,Scott H. Hawley,UNKNOWN,UNKNOWN,ICML,2024
ICML-2024-A002419,Jordi Pons,UNKNOWN,UNKNOWN,ICML,2024
ICML-2024-A002420,Katie E Everett,UNKNOWN,UNKNOWN,ICML,2024
ICML-2024-A002421,Lechao Xiao,UNKNOWN,UNKNOWN,ICML,2024
ICML-2024-A002422,Mitchell Wortsman,UNKNOWN,UNKNOWN,ICML,2024
ICML-2024-A002423,Alexander A Alemi,UNKNOWN,UNKNOWN,ICML,2024
ICML-2024-A002424,Roman Novak,UNKNOWN,UNKNOWN,ICML,2024
ICML-2024-A002425,Peter J Liu,UNKNOWN,UNKNOWN,ICML,2024
ICML-2024-A002426,Izzeddin Gur,UNKNOWN,UNKNOWN,ICML,2024
ICML-2024-A002427,Jascha Sohl-Dickstein,UNKNOWN,UNKNOWN,ICML,2024
ICML-2024-A002428,Leslie Pack Kaelbling,UNKNOWN,UNKNOWN,ICML,2024
ICML-2024-A002429,Jaehoon Lee,UNKNOWN,UNKNOWN,ICML,2024
ICML-2024-A002430,Jeffrey Pennington,UNKNOWN,UNKNOWN,ICML,2024
ICML-2024-A002431,Benjamin Eyre,UNKNOWN,UNKNOWN,ICML,2024
ICML-2024-A002432,Elliot Creager,UNKNOWN,UNKNOWN,ICML,2024
ICML-2024-A002433,David Madras,UNKNOWN,UNKNOWN,ICML,2024
ICML-2024-A002434,Vardan Papyan,UNKNOWN,UNKNOWN,ICML,2024
ICML-2024-A002435,Richard Zemel,UNKNOWN,UNKNOWN,ICML,2024
ICML-2024-A002436,Zalan Fabian,UNKNOWN,UNKNOWN,ICML,2024
ICML-2024-A002437,Berk Tinaz,UNKNOWN,UNKNOWN,ICML,2024
ICML-2024-A002438,Mahdi Soltanolkotabi,UNKNOWN,UNKNOWN,ICML,2024
ICML-2024-A002439,Zalan Fabian,UNKNOWN,UNKNOWN,ICML,2024
ICML-2024-A002440,Berk Tinaz,UNKNOWN,UNKNOWN,ICML,2024
ICML-2024-A002441,Mahdi Soltanolkotabi,UNKNOWN,UNKNOWN,ICML,2024
ICML-2024-A002442,Fabian Falck,UNKNOWN,UNKNOWN,ICML,2024
ICML-2024-A002443,Ziyu Wang,UNKNOWN,UNKNOWN,ICML,2024
ICML-2024-A002444,Christopher C. Holmes,UNKNOWN,UNKNOWN,ICML,2024
ICML-2024-A002445,Shunxing Fan,UNKNOWN,UNKNOWN,ICML,2024
ICML-2024-A002446,Mingming Gong,UNKNOWN,UNKNOWN,ICML,2024
ICML-2024-A002447,Kun Zhang,UNKNOWN,UNKNOWN,ICML,2024
ICML-2024-A002448,Junyi Fan,UNKNOWN,UNKNOWN,ICML,2024
ICML-2024-A002449,Yuxuan Han,UNKNOWN,UNKNOWN,ICML,2024
ICML-2024-A002450,Zijian Liu,UNKNOWN,UNKNOWN,ICML,2024
ICML-2024-A002451,Jian-Feng Cai,UNKNOWN,UNKNOWN,ICML,2024
ICML-2024-A002452,Yang Wang,UNKNOWN,UNKNOWN,ICML,2024
ICML-2024-A002453,Zhengyuan Zhou,UNKNOWN,UNKNOWN,ICML,2024
ICML-2024-A002454,Ziqing Fan,UNKNOWN,UNKNOWN,ICML,2024
ICML-2024-A002455,Shengchao Hu,UNKNOWN,UNKNOWN,ICML,2024
ICML-2024-A002456,Jiangchao Yao,UNKNOWN,UNKNOWN,ICML,2024
ICML-2024-A002457,Gang Niu,UNKNOWN,UNKNOWN,ICML,2024
ICML-2024-A002458,Ya Zhang,UNKNOWN,UNKNOWN,ICML,2024
ICML-2024-A002459,Masashi Sugiyama,UNKNOWN,UNKNOWN,ICML,2024
ICML-2024-A002460,Yanfeng Wang,UNKNOWN,UNKNOWN,ICML,2024
ICML-2024-A002461,Wen-Shu Fan,UNKNOWN,UNKNOWN,ICML,2024
ICML-2024-A002462,Su Lu,UNKNOWN,UNKNOWN,ICML,2024
ICML-2024-A002463,Xin-Chun Li,UNKNOWN,UNKNOWN,ICML,2024
ICML-2024-A002464,De-Chuan Zhan,UNKNOWN,UNKNOWN,ICML,2024
ICML-2024-A002465,Le Gan,UNKNOWN,UNKNOWN,ICML,2024
ICML-2024-A002466,Simin Fan,UNKNOWN,UNKNOWN,ICML,2024
ICML-2024-A002467,Matteo Pagliardini,UNKNOWN,UNKNOWN,ICML,2024
ICML-2024-A002468,Martin Jaggi,UNKNOWN,UNKNOWN,ICML,2024
ICML-2024-A002469,Mingzhou Fan,UNKNOWN,UNKNOWN,ICML,2024
ICML-2024-A002470,Ruida Zhou,UNKNOWN,UNKNOWN,ICML,2024
ICML-2024-A002471,Chao Tian,UNKNOWN,UNKNOWN,ICML,2024
ICML-2024-A002472,Xiaoning Qian,UNKNOWN,UNKNOWN,ICML,2024
ICML-2024-A002473,Luyang Fang,UNKNOWN,UNKNOWN,ICML,2024
ICML-2024-A002474,Yongkai Chen,UNKNOWN,UNKNOWN,ICML,2024
ICML-2024-A002475,Wenxuan Zhong,UNKNOWN,UNKNOWN,ICML,2024
ICML-2024-A002476,Ping Ma,UNKNOWN,UNKNOWN,ICML,2024
ICML-2024-A002477,Taoran Fang,UNKNOWN,UNKNOWN,ICML,2024
ICML-2024-A002478,Wei Chow,UNKNOWN,UNKNOWN,ICML,2024
ICML-2024-A002479,Yifei Sun,UNKNOWN,UNKNOWN,ICML,2024
ICML-2024-A002480,Kaiqiao Han,UNKNOWN,UNKNOWN,ICML,2024
ICML-2024-A002481,Lvbin Ma,UNKNOWN,UNKNOWN,ICML,2024
ICML-2024-A002482,Yang Yang,UNKNOWN,UNKNOWN,ICML,2024
ICML-2024-A002483,Han Fang,UNKNOWN,UNKNOWN,ICML,2024
ICML-2024-A002484,Zhihao Song,UNKNOWN,UNKNOWN,ICML,2024
ICML-2024-A002485,Paul Weng,UNKNOWN,UNKNOWN,ICML,2024
ICML-2024-A002486,Yutong Ban,UNKNOWN,UNKNOWN,ICML,2024
ICML-2024-A002487,Shikai Fang,UNKNOWN,UNKNOWN,ICML,2024
ICML-2024-A002488,Qingsong Wen,UNKNOWN,UNKNOWN,ICML,2024
ICML-2024-A002489,Yingtao Luo,UNKNOWN,UNKNOWN,ICML,2024
ICML-2024-A002490,Shandian Zhe,UNKNOWN,UNKNOWN,ICML,2024
ICML-2024-A002491,Liang Sun,UNKNOWN,UNKNOWN,ICML,2024
ICML-2024-A002492,Weike Fang,UNKNOWN,UNKNOWN,ICML,2024
ICML-2024-A002493,Zhejian Zhou,UNKNOWN,UNKNOWN,ICML,2024
ICML-2024-A002494,Junzhou He,UNKNOWN,UNKNOWN,ICML,2024
ICML-2024-A002495,Weihang Wang,UNKNOWN,UNKNOWN,ICML,2024
ICML-2024-A002496,Eros Fanı̀,UNKNOWN,UNKNOWN,ICML,2024
ICML-2024-A002497,Raffaello Camoriano,UNKNOWN,UNKNOWN,ICML,2024
ICML-2024-A002498,Barbara Caputo,UNKNOWN,UNKNOWN,ICML,2024
ICML-2024-A002499,Marco Ciccone,UNKNOWN,UNKNOWN,ICML,2024
ICML-2024-A002500,Jesse Farebrother,UNKNOWN,UNKNOWN,ICML,2024
ICML-2024-A002501,Jordi Orbay,UNKNOWN,UNKNOWN,ICML,2024
ICML-2024-A002502,Quan Vuong,UNKNOWN,UNKNOWN,ICML,2024
ICML-2024-A002503,Adrien Ali Taiga,UNKNOWN,UNKNOWN,ICML,2024
ICML-2024-A002504,Yevgen Chebotar,UNKNOWN,UNKNOWN,ICML,2024
ICML-2024-A002505,Ted Xiao,UNKNOWN,UNKNOWN,ICML,2024
ICML-2024-A002506,Alex Irpan,UNKNOWN,UNKNOWN,ICML,2024
ICML-2024-A002507,Sergey Levine,UNKNOWN,UNKNOWN,ICML,2024
ICML-2024-A002508,Pablo Samuel Castro,UNKNOWN,UNKNOWN,ICML,2024
ICML-2024-A002509,Aleksandra Faust,UNKNOWN,UNKNOWN,ICML,2024
ICML-2024-A002510,Aviral Kumar,UNKNOWN,UNKNOWN,ICML,2024
ICML-2024-A002511,Rishabh Agarwal,UNKNOWN,UNKNOWN,ICML,2024
ICML-2024-A002512,Golnoosh Farnadi,UNKNOWN,UNKNOWN,ICML,2024
ICML-2024-A002513,Mohammad Havaei,UNKNOWN,UNKNOWN,ICML,2024
ICML-2024-A002514,Negar Rostamzadeh,UNKNOWN,UNKNOWN,ICML,2024
ICML-2024-A002515,Amirhossein Farzam,UNKNOWN,UNKNOWN,ICML,2024
ICML-2024-A002516,Allen Tannenbaum,UNKNOWN,UNKNOWN,ICML,2024
ICML-2024-A002517,Guillermo Sapiro,UNKNOWN,UNKNOWN,ICML,2024
ICML-2024-A002518,Hao Fei,UNKNOWN,UNKNOWN,ICML,2024
ICML-2024-A002519,Shengqiong Wu,UNKNOWN,UNKNOWN,ICML,2024
ICML-2024-A002520,Wei Ji,UNKNOWN,UNKNOWN,ICML,2024
ICML-2024-A002521,Hanwang Zhang,UNKNOWN,UNKNOWN,ICML,2024
ICML-2024-A002522,Meishan Zhang,UNKNOWN,UNKNOWN,ICML,2024
ICML-2024-A002523,Mong-Li Lee,UNKNOWN,UNKNOWN,ICML,2024
ICML-2024-A002524,Wynne Hsu,UNKNOWN,UNKNOWN,ICML,2024
ICML-2024-A002525,Mattie Fellows,UNKNOWN,UNKNOWN,ICML,2024
ICML-2024-A002526,Brandon Gary Kaplowitz,UNKNOWN,UNKNOWN,ICML,2024
ICML-2024-A002527,Christian Schroeder De Witt,UNKNOWN,UNKNOWN,ICML,2024
ICML-2024-A002528,Shimon Whiteson,UNKNOWN,UNKNOWN,ICML,2024
ICML-2024-A002529,Yinan Feng,UNKNOWN,UNKNOWN,ICML,2024
ICML-2024-A002530,Yinpeng Chen,UNKNOWN,UNKNOWN,ICML,2024
ICML-2024-A002531,Peng Jin,UNKNOWN,UNKNOWN,ICML,2024
ICML-2024-A002532,Shihang Feng,UNKNOWN,UNKNOWN,ICML,2024
ICML-2024-A002533,Youzuo Lin,UNKNOWN,UNKNOWN,ICML,2024
ICML-2024-A002534,Lang Feng,UNKNOWN,UNKNOWN,ICML,2024
ICML-2024-A002535,Pengjie Gu,UNKNOWN,UNKNOWN,ICML,2024
ICML-2024-A002536,Bo An,UNKNOWN,UNKNOWN,ICML,2024
ICML-2024-A002537,Gang Pan,UNKNOWN,UNKNOWN,ICML,2024
ICML-2024-A002538,Ying Feng,UNKNOWN,UNKNOWN,ICML,2024
ICML-2024-A002539,Aayush Jain,UNKNOWN,UNKNOWN,ICML,2024
ICML-2024-A002540,David Woodruff,UNKNOWN,UNKNOWN,ICML,2024
ICML-2024-A002541,Yongchao Feng,UNKNOWN,UNKNOWN,ICML,2024
ICML-2024-A002542,Shiwei Li,UNKNOWN,UNKNOWN,ICML,2024
ICML-2024-A002543,Yingjie Gao,UNKNOWN,UNKNOWN,ICML,2024
ICML-2024-A002544,Ziyue Huang,UNKNOWN,UNKNOWN,ICML,2024
ICML-2024-A002545,Yanan Zhang,UNKNOWN,UNKNOWN,ICML,2024
ICML-2024-A002546,Qingjie Liu,UNKNOWN,UNKNOWN,ICML,2024
ICML-2024-A002547,Yunhong Wang,UNKNOWN,UNKNOWN,ICML,2024
ICML-2024-A002548,Kaituo Feng,UNKNOWN,UNKNOWN,ICML,2024
ICML-2024-A002549,Changsheng Li,UNKNOWN,UNKNOWN,ICML,2024
ICML-2024-A002550,Xiaolu Zhang,UNKNOWN,UNKNOWN,ICML,2024
ICML-2024-A002551,Jun Zhou,UNKNOWN,UNKNOWN,ICML,2024
ICML-2024-A002552,Ye Yuan,UNKNOWN,UNKNOWN,ICML,2024
ICML-2024-A002553,Guoren Wang,UNKNOWN,UNKNOWN,ICML,2024
ICML-2024-A002554,Shikun Feng,UNKNOWN,UNKNOWN,ICML,2024
ICML-2024-A002555,Yuyan Ni,UNKNOWN,UNKNOWN,ICML,2024
ICML-2024-A002556,Minghao Li,UNKNOWN,UNKNOWN,ICML,2024
ICML-2024-A002557,Yanwen Huang,UNKNOWN,UNKNOWN,ICML,2024
ICML-2024-A002558,Zhi-Ming Ma,UNKNOWN,UNKNOWN,ICML,2024
ICML-2024-A002559,Wei-Ying Ma,UNKNOWN,UNKNOWN,ICML,2024
ICML-2024-A002560,Yanyan Lan,UNKNOWN,UNKNOWN,ICML,2024
ICML-2024-A002561,Yi Feng,UNKNOWN,UNKNOWN,ICML,2024
ICML-2024-A002562,Georgios Piliouras,UNKNOWN,UNKNOWN,ICML,2024
ICML-2024-A002563,Xiao Wang,UNKNOWN,UNKNOWN,ICML,2024
ICML-2024-A002564,Shanglun Feng,UNKNOWN,UNKNOWN,ICML,2024
ICML-2024-A002565,Florian Tramèr,UNKNOWN,UNKNOWN,ICML,2024
ICML-2024-A002566,Leo Feng,UNKNOWN,UNKNOWN,ICML,2024
ICML-2024-A002567,Frederick Tung,UNKNOWN,UNKNOWN,ICML,2024
ICML-2024-A002568,Hossein Hajimirsadeghi,UNKNOWN,UNKNOWN,ICML,2024
ICML-2024-A002569,Yoshua Bengio,UNKNOWN,UNKNOWN,ICML,2024
ICML-2024-A002570,Mohamed Osama Ahmed,UNKNOWN,UNKNOWN,ICML,2024
ICML-2024-A002571,Songtao Feng,UNKNOWN,UNKNOWN,ICML,2024
ICML-2024-A002572,Ming Yin,UNKNOWN,UNKNOWN,ICML,2024
ICML-2024-A002573,Yu-Xiang Wang,UNKNOWN,UNKNOWN,ICML,2024
ICML-2024-A002574,Jing Yang,UNKNOWN,UNKNOWN,ICML,2024
ICML-2024-A002575,Yingbin Liang,UNKNOWN,UNKNOWN,ICML,2024
ICML-2024-A002576,Weitao Feng,UNKNOWN,UNKNOWN,ICML,2024
ICML-2024-A002577,Wenbo Zhou,UNKNOWN,UNKNOWN,ICML,2024
ICML-2024-A002578,Jiyan He,UNKNOWN,UNKNOWN,ICML,2024
ICML-2024-A002579,Jie Zhang,UNKNOWN,UNKNOWN,ICML,2024
ICML-2024-A002580,Tianyi Wei,UNKNOWN,UNKNOWN,ICML,2024
ICML-2024-A002581,Guanlin Li,UNKNOWN,UNKNOWN,ICML,2024
ICML-2024-A002582,Tianwei Zhang,UNKNOWN,UNKNOWN,ICML,2024
ICML-2024-A002583,Weiming Zhang,UNKNOWN,UNKNOWN,ICML,2024
ICML-2024-A002584,Nenghai Yu,UNKNOWN,UNKNOWN,ICML,2024
ICML-2024-A002585,Aaron M Ferber,UNKNOWN,UNKNOWN,ICML,2024
ICML-2024-A002586,Arman Zharmagambetov,UNKNOWN,UNKNOWN,ICML,2024
ICML-2024-A002587,Taoan Huang,UNKNOWN,UNKNOWN,ICML,2024
ICML-2024-A002588,Bistra Dilkina,UNKNOWN,UNKNOWN,ICML,2024
ICML-2024-A002589,Yuandong Tian,UNKNOWN,UNKNOWN,ICML,2024
ICML-2024-A002590,Hafedh El Ferchichi,UNKNOWN,UNKNOWN,ICML,2024
ICML-2024-A002591,Matthieu Lerasle,UNKNOWN,UNKNOWN,ICML,2024
ICML-2024-A002592,Vianney Perchet,UNKNOWN,UNKNOWN,ICML,2024
ICML-2024-A002593,Chrisantha Fernando,UNKNOWN,UNKNOWN,ICML,2024
ICML-2024-A002594,Dylan Sunil Banarse,UNKNOWN,UNKNOWN,ICML,2024
ICML-2024-A002595,Henryk Michalewski,UNKNOWN,UNKNOWN,ICML,2024
ICML-2024-A002596,Simon Osindero,UNKNOWN,UNKNOWN,ICML,2024
ICML-2024-A002597,Tim Rocktäschel,UNKNOWN,UNKNOWN,ICML,2024
ICML-2024-A002598,Julien Ferry,UNKNOWN,UNKNOWN,ICML,2024
ICML-2024-A002599,Ricardo Fukasawa,UNKNOWN,UNKNOWN,ICML,2024
ICML-2024-A002600,Timothée Pascal,UNKNOWN,UNKNOWN,ICML,2024
ICML-2024-A002601,Thibaut Vidal,UNKNOWN,UNKNOWN,ICML,2024
ICML-2024-A002602,Thomas Ferté,UNKNOWN,UNKNOWN,ICML,2024
ICML-2024-A002603,Dan Dutartre,UNKNOWN,UNKNOWN,ICML,2024
ICML-2024-A002604,Boris P Hejblum,UNKNOWN,UNKNOWN,ICML,2024
ICML-2024-A002605,Romain Griffier,UNKNOWN,UNKNOWN,ICML,2024
ICML-2024-A002606,Vianney Jouhet,UNKNOWN,UNKNOWN,ICML,2024
ICML-2024-A002607,Rodolphe Thiébaut,UNKNOWN,UNKNOWN,ICML,2024
ICML-2024-A002608,Pierrick Legrand,UNKNOWN,UNKNOWN,ICML,2024
ICML-2024-A002609,Xavier Hinaut,UNKNOWN,UNKNOWN,ICML,2024
ICML-2024-A002610,Matthias Fey,UNKNOWN,UNKNOWN,ICML,2024
ICML-2024-A002611,Weihua Hu,UNKNOWN,UNKNOWN,ICML,2024
ICML-2024-A002612,Kexin Huang,UNKNOWN,UNKNOWN,ICML,2024
ICML-2024-A002613,Jan Eric Lenssen,UNKNOWN,UNKNOWN,ICML,2024
ICML-2024-A002614,Rishabh Ranjan,UNKNOWN,UNKNOWN,ICML,2024
ICML-2024-A002615,Joshua Robinson,UNKNOWN,UNKNOWN,ICML,2024
ICML-2024-A002616,Rex Ying,UNKNOWN,UNKNOWN,ICML,2024
ICML-2024-A002617,Jiaxuan You,UNKNOWN,UNKNOWN,ICML,2024
ICML-2024-A002618,Jure Leskovec,UNKNOWN,UNKNOWN,ICML,2024
ICML-2024-A002619,Christian Fiedler,UNKNOWN,UNKNOWN,ICML,2024
ICML-2024-A002620,Pierre-François Massiani,UNKNOWN,UNKNOWN,ICML,2024
ICML-2024-A002621,Friedrich Solowjow,UNKNOWN,UNKNOWN,ICML,2024
ICML-2024-A002622,Sebastian Trimpe,UNKNOWN,UNKNOWN,ICML,2024
ICML-2024-A002623,Ben Finkelshtein,UNKNOWN,UNKNOWN,ICML,2024
ICML-2024-A002624,Xingyue Huang,UNKNOWN,UNKNOWN,ICML,2024
ICML-2024-A002625,Michael M. Bronstein,UNKNOWN,UNKNOWN,ICML,2024
ICML-2024-A002626,Ismail Ilkan Ceylan,UNKNOWN,UNKNOWN,ICML,2024
ICML-2024-A002627,Kirsten Fischer,UNKNOWN,UNKNOWN,ICML,2024
ICML-2024-A002628,Javed Lindner,UNKNOWN,UNKNOWN,ICML,2024
ICML-2024-A002629,David Dahmen,UNKNOWN,UNKNOWN,ICML,2024
ICML-2024-A002630,Zohar Ringel,UNKNOWN,UNKNOWN,ICML,2024
ICML-2024-A002631,Michael Krämer,UNKNOWN,UNKNOWN,ICML,2024
ICML-2024-A002632,Moritz Helias,UNKNOWN,UNKNOWN,ICML,2024
ICML-2024-A002633,Tom Fischer,UNKNOWN,UNKNOWN,ICML,2024
ICML-2024-A002634,Pascal Peter,UNKNOWN,UNKNOWN,ICML,2024
ICML-2024-A002635,Joachim Weickert,UNKNOWN,UNKNOWN,ICML,2024
ICML-2024-A002636,Eddy Ilg,UNKNOWN,UNKNOWN,ICML,2024
ICML-2024-A002637,Aaron Fisher,UNKNOWN,UNKNOWN,ICML,2024
ICML-2024-A002638,Fares Fourati,UNKNOWN,UNKNOWN,ICML,2024
ICML-2024-A002639,Vaneet Aggarwal,UNKNOWN,UNKNOWN,ICML,2024
ICML-2024-A002640,Mohamed-Slim Alouini,UNKNOWN,UNKNOWN,ICML,2024
ICML-2024-A002641,Fares Fourati,UNKNOWN,UNKNOWN,ICML,2024
ICML-2024-A002642,Mohamed-Slim Alouini,UNKNOWN,UNKNOWN,ICML,2024
ICML-2024-A002643,Vaneet Aggarwal,UNKNOWN,UNKNOWN,ICML,2024
ICML-2024-A002644,Emanuele Francazi,UNKNOWN,UNKNOWN,ICML,2024
ICML-2024-A002645,Aurelien Lucchi,UNKNOWN,UNKNOWN,ICML,2024
ICML-2024-A002646,Marco Baity-Jesi,UNKNOWN,UNKNOWN,ICML,2024
ICML-2024-A002647,Luca Franceschi,UNKNOWN,UNKNOWN,ICML,2024
ICML-2024-A002648,Michele Donini,UNKNOWN,UNKNOWN,ICML,2024
ICML-2024-A002649,Cedric Archambeau,UNKNOWN,UNKNOWN,ICML,2024
ICML-2024-A002650,Matthias Seeger,UNKNOWN,UNKNOWN,ICML,2024
ICML-2024-A002651,Luca Franco,UNKNOWN,UNKNOWN,ICML,2024
ICML-2024-A002652,Paolo Mandica,UNKNOWN,UNKNOWN,ICML,2024
ICML-2024-A002653,Konstantinos Kallidromitis,UNKNOWN,UNKNOWN,ICML,2024
ICML-2024-A002654,Devin Guillory,UNKNOWN,UNKNOWN,ICML,2024
ICML-2024-A002655,Yu-Teng Li,UNKNOWN,UNKNOWN,ICML,2024
ICML-2024-A002656,Trevor Darrell,UNKNOWN,UNKNOWN,ICML,2024
ICML-2024-A002657,Fabio Galasso,UNKNOWN,UNKNOWN,ICML,2024
ICML-2024-A002658,Billy Joe Franks,UNKNOWN,UNKNOWN,ICML,2024
ICML-2024-A002659,Christopher Morris,UNKNOWN,UNKNOWN,ICML,2024
ICML-2024-A002660,Ameya Velingker,UNKNOWN,UNKNOWN,ICML,2024
ICML-2024-A002661,Floris Geerts,UNKNOWN,UNKNOWN,ICML,2024
ICML-2024-A002662,Kevin Frans,"University of California, Berkeley",United States,ICML,2024
ICML-2024-A002663,Seohong Park,"University of California, Berkeley",United States,ICML,2024
ICML-2024-A002664,Pieter Abbeel,"University of California, Berkeley",United States,ICML,2024
ICML-2024-A002665,Sergey Levine,"University of California, Berkeley",United States,ICML,2024
ICML-2024-A002666,Dennis Frauen,UNKNOWN,UNKNOWN,ICML,2024
ICML-2024-A002667,Valentyn Melnychuk,UNKNOWN,UNKNOWN,ICML,2024
ICML-2024-A002668,Stefan Feuerriegel,UNKNOWN,UNKNOWN,ICML,2024
ICML-2024-A002669,Bernd Frauenknecht,UNKNOWN,UNKNOWN,ICML,2024
ICML-2024-A002670,Artur Eisele,UNKNOWN,UNKNOWN,ICML,2024
ICML-2024-A002671,Devdutt Subhasish,UNKNOWN,UNKNOWN,ICML,2024
ICML-2024-A002672,Friedrich Solowjow,UNKNOWN,UNKNOWN,ICML,2024
ICML-2024-A002673,Sebastian Trimpe,UNKNOWN,UNKNOWN,ICML,2024
ICML-2024-A002674,Jesse Friedbaum,UNKNOWN,UNKNOWN,ICML,2024
ICML-2024-A002675,Sudarshan Adiga,UNKNOWN,UNKNOWN,ICML,2024
ICML-2024-A002676,Ravi Tandon,UNKNOWN,UNKNOWN,ICML,2024
ICML-2024-A002677,Dan Friedman,UNKNOWN,UNKNOWN,ICML,2024
ICML-2024-A002678,Andrew Kyle Lampinen,UNKNOWN,UNKNOWN,ICML,2024
ICML-2024-A002679,Lucas Dixon,UNKNOWN,UNKNOWN,ICML,2024
ICML-2024-A002680,Danqi Chen,UNKNOWN,UNKNOWN,ICML,2024
ICML-2024-A002681,Asma Ghandeharioun,UNKNOWN,UNKNOWN,ICML,2024
ICML-2024-A002682,Yichao Fu,UNKNOWN,UNKNOWN,ICML,2024
ICML-2024-A002683,Peter Bailis,UNKNOWN,UNKNOWN,ICML,2024
ICML-2024-A002684,Ion Stoica,UNKNOWN,UNKNOWN,ICML,2024
ICML-2024-A002685,Hao Zhang,UNKNOWN,UNKNOWN,ICML,2024
ICML-2024-A002686,Letian Fu,UNKNOWN,UNKNOWN,ICML,2024
ICML-2024-A002687,Gaurav Datta,UNKNOWN,UNKNOWN,ICML,2024
ICML-2024-A002688,Huang Huang,UNKNOWN,UNKNOWN,ICML,2024
ICML-2024-A002689,William Chung-Ho Panitch,UNKNOWN,UNKNOWN,ICML,2024
ICML-2024-A002690,Jaimyn Drake,UNKNOWN,UNKNOWN,ICML,2024
ICML-2024-A002691,Joseph Ortiz,UNKNOWN,UNKNOWN,ICML,2024
ICML-2024-A002692,Mustafa Mukadam,UNKNOWN,UNKNOWN,ICML,2024
ICML-2024-A002693,Mike Lambeta,UNKNOWN,UNKNOWN,ICML,2024
ICML-2024-A002694,Roberto Calandra,UNKNOWN,UNKNOWN,ICML,2024
ICML-2024-A002695,Ken Goldberg,UNKNOWN,UNKNOWN,ICML,2024
ICML-2024-A002696,Xingcheng Fu,UNKNOWN,UNKNOWN,ICML,2024
ICML-2024-A002697,Yisen Gao,UNKNOWN,UNKNOWN,ICML,2024
ICML-2024-A002698,Yuecen Wei,UNKNOWN,UNKNOWN,ICML,2024
ICML-2024-A002699,Qingyun Sun,UNKNOWN,UNKNOWN,ICML,2024
ICML-2024-A002700,Hao Peng,UNKNOWN,UNKNOWN,ICML,2024
ICML-2024-A002701,Jianxin Li,UNKNOWN,UNKNOWN,ICML,2024
ICML-2024-A002702,Xianxian Li,UNKNOWN,UNKNOWN,ICML,2024
ICML-2024-A002703,Yao Fu,UNKNOWN,UNKNOWN,ICML,2024
ICML-2024-A002704,Rameswar Panda,UNKNOWN,UNKNOWN,ICML,2024
ICML-2024-A002705,Xinyao Niu,UNKNOWN,UNKNOWN,ICML,2024
ICML-2024-A002706,Xiang Yue,UNKNOWN,UNKNOWN,ICML,2024
ICML-2024-A002707,Hannaneh Hajishirzi,UNKNOWN,UNKNOWN,ICML,2024
ICML-2024-A002708,Yoon Kim,UNKNOWN,UNKNOWN,ICML,2024
ICML-2024-A002709,Hao Peng,UNKNOWN,UNKNOWN,ICML,2024
ICML-2024-A002710,Haotian Fu,UNKNOWN,UNKNOWN,ICML,2024
ICML-2024-A002711,Pratyusha Sharma,UNKNOWN,UNKNOWN,ICML,2024
ICML-2024-A002712,Elias Stengel-Eskin,UNKNOWN,UNKNOWN,ICML,2024
ICML-2024-A002713,George Konidaris,UNKNOWN,UNKNOWN,ICML,2024
ICML-2024-A002714,Nicolas Le Roux,UNKNOWN,UNKNOWN,ICML,2024
ICML-2024-A002715,Marc-Alexandre Côté,UNKNOWN,UNKNOWN,ICML,2024
ICML-2024-A002716,Xingdi Yuan,UNKNOWN,UNKNOWN,ICML,2024
ICML-2024-A002717,Han Fu,UNKNOWN,UNKNOWN,ICML,2024
ICML-2024-A002718,Jian Tan,UNKNOWN,UNKNOWN,ICML,2024
ICML-2024-A002719,Pinhan Zhang,UNKNOWN,UNKNOWN,ICML,2024
ICML-2024-A002720,Feifei Li,UNKNOWN,UNKNOWN,ICML,2024
ICML-2024-A002721,Jianling Sun,UNKNOWN,UNKNOWN,ICML,2024
ICML-2024-A002722,Qiang Fu,UNKNOWN,UNKNOWN,ICML,2024
ICML-2024-A002723,Ashia Camage Wilson,UNKNOWN,UNKNOWN,ICML,2024
ICML-2024-A002724,Jingwen Fu,UNKNOWN,UNKNOWN,ICML,2024
ICML-2024-A002725,Tao Yang,UNKNOWN,UNKNOWN,ICML,2024
ICML-2024-A002726,Yuwang Wang,UNKNOWN,UNKNOWN,ICML,2024
ICML-2024-A002727,Yan Lu,UNKNOWN,UNKNOWN,ICML,2024
ICML-2024-A002728,Nanning Zheng,UNKNOWN,UNKNOWN,ICML,2024
ICML-2024-A002729,Shi Fu,UNKNOWN,UNKNOWN,ICML,2024
ICML-2024-A002730,Sen Zhang,UNKNOWN,UNKNOWN,ICML,2024
ICML-2024-A002731,Yingjie Wang,UNKNOWN,UNKNOWN,ICML,2024
ICML-2024-A002732,Xinmei Tian,UNKNOWN,UNKNOWN,ICML,2024
ICML-2024-A002733,Dacheng Tao,UNKNOWN,UNKNOWN,ICML,2024
ICML-2024-A002734,Yuwei Fu,UNKNOWN,UNKNOWN,ICML,2024
ICML-2024-A002735,Haichao Zhang,UNKNOWN,UNKNOWN,ICML,2024
ICML-2024-A002736,Di Wu,UNKNOWN,UNKNOWN,ICML,2024
ICML-2024-A002737,Wei Xu,UNKNOWN,UNKNOWN,ICML,2024
ICML-2024-A002738,Benoit Boulet,UNKNOWN,UNKNOWN,ICML,2024
ICML-2024-A002739,Dominik Fuchsgruber,UNKNOWN,UNKNOWN,ICML,2024
ICML-2024-A002740,Tom Wollschläger,UNKNOWN,UNKNOWN,ICML,2024
ICML-2024-A002741,Bertrand Charpentier,UNKNOWN,UNKNOWN,ICML,2024
ICML-2024-A002742,Antonio Oroz,UNKNOWN,UNKNOWN,ICML,2024
ICML-2024-A002743,Stephan Günnemann,UNKNOWN,UNKNOWN,ICML,2024
ICML-2024-A002744,Fabian Fumagalli,UNKNOWN,UNKNOWN,ICML,2024
ICML-2024-A002745,Maximilian Muschalik,UNKNOWN,UNKNOWN,ICML,2024
ICML-2024-A002746,Patrick Kolpaczki,UNKNOWN,UNKNOWN,ICML,2024
ICML-2024-A002747,Eyke Hüllermeier,UNKNOWN,UNKNOWN,ICML,2024
ICML-2024-A002748,Barbara Hammer,UNKNOWN,UNKNOWN,ICML,2024
ICML-2024-A002749,Magzhan Gabidolla,UNKNOWN,UNKNOWN,ICML,2024
ICML-2024-A002750,Arman Zharmagambetov,UNKNOWN,UNKNOWN,ICML,2024
ICML-2024-A002751,Miguel Á. Carreira-Perpiñán,UNKNOWN,UNKNOWN,ICML,2024
ICML-2024-A002752,Mateusz Gabor,UNKNOWN,UNKNOWN,ICML,2024
ICML-2024-A002753,Tomasz Piotrowski,UNKNOWN,UNKNOWN,ICML,2024
ICML-2024-A002754,Renato L. G. Cavalcante,UNKNOWN,UNKNOWN,ICML,2024
ICML-2024-A002755,Artyom Gadetsky,UNKNOWN,UNKNOWN,ICML,2024
ICML-2024-A002756,Yulun Jiang,UNKNOWN,UNKNOWN,ICML,2024
ICML-2024-A002757,Maria Brbic,UNKNOWN,UNKNOWN,ICML,2024
ICML-2024-A002758,Uri Gadot,UNKNOWN,UNKNOWN,ICML,2024
ICML-2024-A002759,Kaixin Wang,UNKNOWN,UNKNOWN,ICML,2024
ICML-2024-A002760,Navdeep Kumar,UNKNOWN,UNKNOWN,ICML,2024
ICML-2024-A002761,Kfir Yehuda Levy,UNKNOWN,UNKNOWN,ICML,2024
ICML-2024-A002762,Shie Mannor,UNKNOWN,UNKNOWN,ICML,2024
ICML-2024-A002763,Jay Gala,UNKNOWN,UNKNOWN,ICML,2024
ICML-2024-A002764,Pengtao Xie,UNKNOWN,UNKNOWN,ICML,2024
ICML-2024-A002765,Kai Gan,UNKNOWN,UNKNOWN,ICML,2024
ICML-2024-A002766,Tong Wei,UNKNOWN,UNKNOWN,ICML,2024
ICML-2024-A002767,Yaozhong Gan,UNKNOWN,UNKNOWN,ICML,2024
ICML-2024-A002768,Renye Yan,UNKNOWN,UNKNOWN,ICML,2024
ICML-2024-A002769,Zhe Wu,UNKNOWN,UNKNOWN,ICML,2024
ICML-2024-A002770,Junliang Xing,UNKNOWN,UNKNOWN,ICML,2024
ICML-2024-A002771,Sriram Ganapathi Subramanian,UNKNOWN,UNKNOWN,ICML,2024
ICML-2024-A002772,Guiliang Liu,UNKNOWN,UNKNOWN,ICML,2024
ICML-2024-A002773,Mohammed Elmahgiubi,UNKNOWN,UNKNOWN,ICML,2024
ICML-2024-A002774,Kasra Rezaee,UNKNOWN,UNKNOWN,ICML,2024
ICML-2024-A002775,Pascal Poupart,UNKNOWN,UNKNOWN,ICML,2024
ICML-2024-A002776,Aditya Gangrade,UNKNOWN,UNKNOWN,ICML,2024
ICML-2024-A002777,Aditya Gopalan,UNKNOWN,UNKNOWN,ICML,2024
ICML-2024-A002778,Venkatesh Saligrama,UNKNOWN,UNKNOWN,ICML,2024
ICML-2024-A002779,Clayton Scott,UNKNOWN,UNKNOWN,ICML,2024
ICML-2024-A002780,Hongchang Gao,UNKNOWN,UNKNOWN,ICML,2024
ICML-2024-A002781,Yudong Gao,UNKNOWN,UNKNOWN,ICML,2024
ICML-2024-A002782,Honglong Chen,UNKNOWN,UNKNOWN,ICML,2024
ICML-2024-A002783,Peng Sun,UNKNOWN,UNKNOWN,ICML,2024
ICML-2024-A002784,Zhe Li,UNKNOWN,UNKNOWN,ICML,2024
ICML-2024-A002785,Junjian Li,UNKNOWN,UNKNOWN,ICML,2024
ICML-2024-A002786,Huajie Shao,UNKNOWN,UNKNOWN,ICML,2024
ICML-2024-A002787,Alexander Gao,UNKNOWN,UNKNOWN,ICML,2024
ICML-2024-A002788,Maurice Chu,UNKNOWN,UNKNOWN,ICML,2024
ICML-2024-A002789,Mubbasir Kapadia,UNKNOWN,UNKNOWN,ICML,2024
ICML-2024-A002790,Ming Lin,UNKNOWN,UNKNOWN,ICML,2024
ICML-2024-A002791,Hsueh-Ti Derek Liu,UNKNOWN,UNKNOWN,ICML,2024
ICML-2024-A002792,Wenzhi Gao,UNKNOWN,UNKNOWN,ICML,2024
ICML-2024-A002793,Qi Deng,UNKNOWN,UNKNOWN,ICML,2024
ICML-2024-A002794,Zhangyang Gao,UNKNOWN,UNKNOWN,ICML,2024
ICML-2024-A002795,Daize Dong,UNKNOWN,UNKNOWN,ICML,2024
ICML-2024-A002796,Cheng Tan,UNKNOWN,UNKNOWN,ICML,2024
ICML-2024-A002797,Jun Xia,UNKNOWN,UNKNOWN,ICML,2024
ICML-2024-A002798,Bozhen Hu,UNKNOWN,UNKNOWN,ICML,2024
ICML-2024-A002799,Stan Z. Li,UNKNOWN,UNKNOWN,ICML,2024
ICML-2024-A002800,Songyang Gao,UNKNOWN,UNKNOWN,ICML,2024
ICML-2024-A002801,Qiming Ge,UNKNOWN,UNKNOWN,ICML,2024
ICML-2024-A002802,Wei Shen,UNKNOWN,UNKNOWN,ICML,2024
ICML-2024-A002803,Shihan Dou,UNKNOWN,UNKNOWN,ICML,2024
ICML-2024-A002804,Junjie Ye,UNKNOWN,UNKNOWN,ICML,2024
ICML-2024-A002805,Xiao Wang,UNKNOWN,UNKNOWN,ICML,2024
ICML-2024-A002806,Rui Zheng,UNKNOWN,UNKNOWN,ICML,2024
ICML-2024-A002807,Yicheng Zou,UNKNOWN,UNKNOWN,ICML,2024
ICML-2024-A002808,Zhi Chen,UNKNOWN,UNKNOWN,ICML,2024
ICML-2024-A002809,Hang Yan,UNKNOWN,UNKNOWN,ICML,2024
ICML-2024-A002810,Qi Zhang,UNKNOWN,UNKNOWN,ICML,2024
ICML-2024-A002811,Dahua Lin,UNKNOWN,UNKNOWN,ICML,2024
ICML-2024-A002812,Riqiang Gao,UNKNOWN,UNKNOWN,ICML,2024
ICML-2024-A002813,Florin-Cristian Ghesu,UNKNOWN,UNKNOWN,ICML,2024
ICML-2024-A002814,Simon Arberet,UNKNOWN,UNKNOWN,ICML,2024
ICML-2024-A002815,Shahab Basiri,UNKNOWN,UNKNOWN,ICML,2024
ICML-2024-A002816,Esa Kuusela,UNKNOWN,UNKNOWN,ICML,2024
ICML-2024-A002817,Martin Kraus,UNKNOWN,UNKNOWN,ICML,2024
ICML-2024-A002818,Dorin Comaniciu,UNKNOWN,UNKNOWN,ICML,2024
ICML-2024-A002819,Ali Kamen,UNKNOWN,UNKNOWN,ICML,2024
ICML-2024-A002820,Yuan Gao,UNKNOWN,UNKNOWN,ICML,2024
ICML-2024-A002821,Shuguo Jiang,UNKNOWN,UNKNOWN,ICML,2024
ICML-2024-A002822,Moran Li,UNKNOWN,UNKNOWN,ICML,2024
ICML-2024-A002823,Jin-Gang Yu,UNKNOWN,UNKNOWN,ICML,2024
ICML-2024-A002824,Gui-Song Xia,UNKNOWN,UNKNOWN,ICML,2024
ICML-2024-A002825,Changyu Gao,UNKNOWN,UNKNOWN,ICML,2024
ICML-2024-A002826,Andrew Lowy,UNKNOWN,UNKNOWN,ICML,2024
ICML-2024-A002827,Xingyu Zhou,UNKNOWN,UNKNOWN,ICML,2024
ICML-2024-A002828,Stephen Wright,UNKNOWN,UNKNOWN,ICML,2024
ICML-2024-A002829,Heting Gao,UNKNOWN,UNKNOWN,ICML,2024
ICML-2024-A002830,Kaizhi Qian,UNKNOWN,UNKNOWN,ICML,2024
ICML-2024-A002831,Junrui Ni,UNKNOWN,UNKNOWN,ICML,2024
ICML-2024-A002832,Chuang Gan,UNKNOWN,UNKNOWN,ICML,2024
ICML-2024-A002833,Mark A. Hasegawa-Johnson,UNKNOWN,UNKNOWN,ICML,2024
ICML-2024-A002834,Shiyu Chang,UNKNOWN,UNKNOWN,ICML,2024
ICML-2024-A002835,Yang Zhang,UNKNOWN,UNKNOWN,ICML,2024
ICML-2024-A002836,Bowen Gao,UNKNOWN,UNKNOWN,ICML,2024
ICML-2024-A002837,Minsi Ren,UNKNOWN,UNKNOWN,ICML,2024
ICML-2024-A002838,Yuyan Ni,UNKNOWN,UNKNOWN,ICML,2024
ICML-2024-A002839,Yanwen Huang,UNKNOWN,UNKNOWN,ICML,2024
ICML-2024-A002840,Bo Qiang,UNKNOWN,UNKNOWN,ICML,2024
ICML-2024-A002841,Zhi-Ming Ma,UNKNOWN,UNKNOWN,ICML,2024
ICML-2024-A002842,Wei-Ying Ma,UNKNOWN,UNKNOWN,ICML,2024
ICML-2024-A002843,Yanyan Lan,UNKNOWN,UNKNOWN,ICML,2024
ICML-2024-A002844,Yuan Gao,UNKNOWN,UNKNOWN,ICML,2024
ICML-2024-A002845,Anton Rodomanov,UNKNOWN,UNKNOWN,ICML,2024
ICML-2024-A002846,Sebastian U Stich,UNKNOWN,UNKNOWN,ICML,2024
ICML-2024-A002847,Feng Gao,UNKNOWN,UNKNOWN,ICML,2024
ICML-2024-A002848,Liangzhi Shi,UNKNOWN,UNKNOWN,ICML,2024
ICML-2024-A002849,Shenao Zhang,UNKNOWN,UNKNOWN,ICML,2024
ICML-2024-A002850,Zhaoran Wang,UNKNOWN,UNKNOWN,ICML,2024
ICML-2024-A002851,Yi Wu,UNKNOWN,UNKNOWN,ICML,2024
ICML-2024-A002852,Wenzhi Gao,UNKNOWN,UNKNOWN,ICML,2024
ICML-2024-A002853,Chunlin Sun,UNKNOWN,UNKNOWN,ICML,2024
ICML-2024-A002854,Chenyu Xue,UNKNOWN,UNKNOWN,ICML,2024
ICML-2024-A002855,Yinyu Ye,UNKNOWN,UNKNOWN,ICML,2024
ICML-2024-A002856,Ziqi Gao,UNKNOWN,UNKNOWN,ICML,2024
ICML-2024-A002857,Qichao Wang,UNKNOWN,UNKNOWN,ICML,2024
ICML-2024-A002858,Aochuan Chen,UNKNOWN,UNKNOWN,ICML,2024
ICML-2024-A002859,Zijing Liu,UNKNOWN,UNKNOWN,ICML,2024
ICML-2024-A002860,Bingzhe Wu,UNKNOWN,UNKNOWN,ICML,2024
ICML-2024-A002861,Liang Chen,UNKNOWN,UNKNOWN,ICML,2024
ICML-2024-A002862,Jia Li,UNKNOWN,UNKNOWN,ICML,2024
ICML-2024-A002863,Junyu Gao,UNKNOWN,UNKNOWN,ICML,2024
ICML-2024-A002864,Xuan Yao,UNKNOWN,UNKNOWN,ICML,2024
ICML-2024-A002865,Changsheng Xu,UNKNOWN,UNKNOWN,ICML,2024
ICML-2024-A002866,Chenyin Gao,UNKNOWN,UNKNOWN,ICML,2024
ICML-2024-A002867,Zhiming Zhang,UNKNOWN,UNKNOWN,ICML,2024
ICML-2024-A002868,Shu Yang,UNKNOWN,UNKNOWN,ICML,2024
ICML-2024-A002869,Haihan Gao,UNKNOWN,UNKNOWN,ICML,2024
ICML-2024-A002870,Rui Zhang,UNKNOWN,UNKNOWN,ICML,2024
ICML-2024-A002871,Qi Yi,UNKNOWN,UNKNOWN,ICML,2024
ICML-2024-A002872,Hantao Yao,UNKNOWN,UNKNOWN,ICML,2024
ICML-2024-A002873,Haochen Li,UNKNOWN,UNKNOWN,ICML,2024
ICML-2024-A002874,Jiaming Guo,UNKNOWN,UNKNOWN,ICML,2024
ICML-2024-A002875,Shaohui Peng,UNKNOWN,UNKNOWN,ICML,2024
ICML-2024-A002876,Yunkai Gao,UNKNOWN,UNKNOWN,ICML,2024
ICML-2024-A002877,Qicheng Wang,UNKNOWN,UNKNOWN,ICML,2024
ICML-2024-A002878,Xing Hu,UNKNOWN,UNKNOWN,ICML,2024
ICML-2024-A002879,Yuanbo Wen,UNKNOWN,UNKNOWN,ICML,2024
ICML-2024-A002880,Zihao Zhang,UNKNOWN,UNKNOWN,ICML,2024
ICML-2024-A002881,Zidong Du,UNKNOWN,UNKNOWN,ICML,2024
ICML-2024-A002882,Ling Li,UNKNOWN,UNKNOWN,ICML,2024
ICML-2024-A002883,Qi Guo,UNKNOWN,UNKNOWN,ICML,2024
ICML-2024-A002884,Yunji Chen,UNKNOWN,UNKNOWN,ICML,2024
ICML-2024-A002885,Jintong Gao,UNKNOWN,UNKNOWN,ICML,2024
ICML-2024-A002886,He Zhao,UNKNOWN,UNKNOWN,ICML,2024
ICML-2024-A002887,Dan Dan Guo,UNKNOWN,UNKNOWN,ICML,2024
ICML-2024-A002888,Hongyuan Zha,UNKNOWN,UNKNOWN,ICML,2024
ICML-2024-A002889,Dan Garber,UNKNOWN,UNKNOWN,ICML,2024
ICML-2024-A002890,Ben Kretzu,UNKNOWN,UNKNOWN,ICML,2024
ICML-2024-A002891,Samuel Garcin,UNKNOWN,UNKNOWN,ICML,2024
ICML-2024-A002892,James Doran,UNKNOWN,UNKNOWN,ICML,2024
ICML-2024-A002893,Shangmin Guo,UNKNOWN,UNKNOWN,ICML,2024
ICML-2024-A002894,Christopher G. Lucas,UNKNOWN,UNKNOWN,ICML,2024
ICML-2024-A002895,Stefano V Albrecht,UNKNOWN,UNKNOWN,ICML,2024
ICML-2024-A002896,Joshua P Gardner,UNKNOWN,UNKNOWN,ICML,2024
ICML-2024-A002897,Simon Durand,UNKNOWN,UNKNOWN,ICML,2024
ICML-2024-A002898,Daniel Stoller,UNKNOWN,UNKNOWN,ICML,2024
ICML-2024-A002899,Rachel M Bittner,UNKNOWN,UNKNOWN,ICML,2024
ICML-2024-A002900,Isha Garg,UNKNOWN,UNKNOWN,ICML,2024
ICML-2024-A002901,Deepak Ravikumar,UNKNOWN,UNKNOWN,ICML,2024
ICML-2024-A002902,Kaushik Roy,UNKNOWN,UNKNOWN,ICML,2024
ICML-2024-A002903,Khashayar Gatmiry,UNKNOWN,UNKNOWN,ICML,2024
ICML-2024-A002904,Zhiyuan Li,UNKNOWN,UNKNOWN,ICML,2024
ICML-2024-A002905,Sashank J. Reddi,UNKNOWN,UNKNOWN,ICML,2024
ICML-2024-A002906,Stefanie Jegelka,UNKNOWN,UNKNOWN,ICML,2024
ICML-2024-A002907,Khashayar Gatmiry,UNKNOWN,UNKNOWN,ICML,2024
ICML-2024-A002908,Nikunj Saunshi,UNKNOWN,UNKNOWN,ICML,2024
ICML-2024-A002909,Sashank J. Reddi,UNKNOWN,UNKNOWN,ICML,2024
ICML-2024-A002910,Stefanie Jegelka,UNKNOWN,UNKNOWN,ICML,2024
ICML-2024-A002911,Sanjiv Kumar,UNKNOWN,UNKNOWN,ICML,2024
ICML-2024-A002912,Mudit Gaur,research is the widening gap between theoretical models,UNKNOWN,ICML,2024
ICML-2024-A002913,Amrit Bedi,research is the widening gap between theoretical models,UNKNOWN,ICML,2024
ICML-2024-A002914,Di Wang,research is the widening gap between theoretical models,UNKNOWN,ICML,2024
ICML-2024-A002915,Vaneet Aggarwal,research is the widening gap between theoretical models,UNKNOWN,ICML,2024
ICML-2024-A002916,Tanmay Gautam,UNKNOWN,UNKNOWN,ICML,2024
ICML-2024-A002917,Youngsuk Park,UNKNOWN,UNKNOWN,ICML,2024
ICML-2024-A002918,Hao Zhou,UNKNOWN,UNKNOWN,ICML,2024
ICML-2024-A002919,Parameswaran Raman,UNKNOWN,UNKNOWN,ICML,2024
ICML-2024-A002920,Wooseok Ha,UNKNOWN,UNKNOWN,ICML,2024
ICML-2024-A002921,Bruno Gavranović,UNKNOWN,UNKNOWN,ICML,2024
ICML-2024-A002922,Paul Lessard,UNKNOWN,UNKNOWN,ICML,2024
ICML-2024-A002923,Andrew Joseph Dudzik,UNKNOWN,UNKNOWN,ICML,2024
ICML-2024-A002924,Tamara Von Glehn,UNKNOWN,UNKNOWN,ICML,2024
ICML-2024-A002925,João Guilherme Madeira Araújo,UNKNOWN,UNKNOWN,ICML,2024
ICML-2024-A002926,Petar Veličković,UNKNOWN,UNKNOWN,ICML,2024
ICML-2024-A002927,Shiming Ge,UNKNOWN,UNKNOWN,ICML,2024
ICML-2024-A002928,Weijia Guo,UNKNOWN,UNKNOWN,ICML,2024
ICML-2024-A002929,Chenyu Li,UNKNOWN,UNKNOWN,ICML,2024
ICML-2024-A002930,Zhang Junzheng,UNKNOWN,UNKNOWN,ICML,2024
ICML-2024-A002931,Yong Li,UNKNOWN,UNKNOWN,ICML,2024
ICML-2024-A002932,Dan Zeng,UNKNOWN,UNKNOWN,ICML,2024
ICML-2024-A002933,Zhenxing Ge,UNKNOWN,UNKNOWN,ICML,2024
ICML-2024-A002934,Zheng Xu,UNKNOWN,UNKNOWN,ICML,2024
ICML-2024-A002935,Tianyu Ding,UNKNOWN,UNKNOWN,ICML,2024
ICML-2024-A002936,Linjian Meng,UNKNOWN,UNKNOWN,ICML,2024
ICML-2024-A002937,Bo An,UNKNOWN,UNKNOWN,ICML,2024
ICML-2024-A002938,Wenbin Li,UNKNOWN,UNKNOWN,ICML,2024
ICML-2024-A002939,Yang Gao,UNKNOWN,UNKNOWN,ICML,2024
ICML-2024-A002940,Daniel Gedon,UNKNOWN,UNKNOWN,ICML,2024
ICML-2024-A002941,Antonio H. Ribeiro,UNKNOWN,UNKNOWN,ICML,2024
ICML-2024-A002942,Thomas B. Schön,UNKNOWN,UNKNOWN,ICML,2024
ICML-2024-A002943,Robert Geirhos,UNKNOWN,UNKNOWN,ICML,2024
ICML-2024-A002944,Roland S. Zimmermann,UNKNOWN,UNKNOWN,ICML,2024
ICML-2024-A002945,Blair Bilodeau,UNKNOWN,UNKNOWN,ICML,2024
ICML-2024-A002946,Wieland Brendel,UNKNOWN,UNKNOWN,ICML,2024
ICML-2024-A002947,Been Kim,UNKNOWN,UNKNOWN,ICML,2024
ICML-2024-A002948,Andreas René Geist,UNKNOWN,UNKNOWN,ICML,2024
ICML-2024-A002949,Jonas Frey,UNKNOWN,UNKNOWN,ICML,2024
ICML-2024-A002950,Mikel Zhobro,UNKNOWN,UNKNOWN,ICML,2024
ICML-2024-A002951,Anna Levina,UNKNOWN,UNKNOWN,ICML,2024
ICML-2024-A002952,Georg Martius,UNKNOWN,UNKNOWN,ICML,2024
ICML-2024-A002953,Gianmarco Genalti,UNKNOWN,UNKNOWN,ICML,2024
ICML-2024-A002954,Marco Mussi,UNKNOWN,UNKNOWN,ICML,2024
ICML-2024-A002955,Nicola Gatti,UNKNOWN,UNKNOWN,ICML,2024
ICML-2024-A002956,Marcello Restelli,UNKNOWN,UNKNOWN,ICML,2024
ICML-2024-A002957,Matteo Castiglioni,UNKNOWN,UNKNOWN,ICML,2024
ICML-2024-A002958,Alberto Maria Metelli,UNKNOWN,UNKNOWN,ICML,2024
ICML-2024-A002959,Cong Geng,UNKNOWN,UNKNOWN,ICML,2024
ICML-2024-A002960,Tian Han,UNKNOWN,UNKNOWN,ICML,2024
ICML-2024-A002961,Peng-Tao Jiang,UNKNOWN,UNKNOWN,ICML,2024
ICML-2024-A002962,Hao Zhang,UNKNOWN,UNKNOWN,ICML,2024
ICML-2024-A002963,Jinwei Chen,UNKNOWN,UNKNOWN,ICML,2024
ICML-2024-A002964,Søren Hauberg,UNKNOWN,UNKNOWN,ICML,2024
ICML-2024-A002965,Bo Li,UNKNOWN,UNKNOWN,ICML,2024
ICML-2024-A002966,Zijie Geng,UNKNOWN,UNKNOWN,ICML,2024
ICML-2024-A002967,Jie Wang,UNKNOWN,UNKNOWN,ICML,2024
ICML-2024-A002968,Ziyan Liu,UNKNOWN,UNKNOWN,ICML,2024
ICML-2024-A002969,Siyuan Xu,UNKNOWN,UNKNOWN,ICML,2024
ICML-2024-A002970,Zhentao Tang,UNKNOWN,UNKNOWN,ICML,2024
ICML-2024-A002971,Mingxuan Yuan,UNKNOWN,UNKNOWN,ICML,2024
ICML-2024-A002972,Jianye Hao,UNKNOWN,UNKNOWN,ICML,2024
ICML-2024-A002973,Yongdong Zhang,UNKNOWN,UNKNOWN,ICML,2024
ICML-2024-A002974,Feng Wu,UNKNOWN,UNKNOWN,ICML,2024
ICML-2024-A002975,Ignat Georgiev,UNKNOWN,UNKNOWN,ICML,2024
ICML-2024-A002976,Krishnan Srinivasan,UNKNOWN,UNKNOWN,ICML,2024
ICML-2024-A002977,Jie Xu,UNKNOWN,UNKNOWN,ICML,2024
ICML-2024-A002978,Eric Heiden,UNKNOWN,UNKNOWN,ICML,2024
ICML-2024-A002979,Animesh Garg,UNKNOWN,UNKNOWN,ICML,2024
ICML-2024-A002980,Jan E Gerken,UNKNOWN,UNKNOWN,ICML,2024
ICML-2024-A002981,Pan Kessel,UNKNOWN,UNKNOWN,ICML,2024
ICML-2024-A002982,Asma Ghandeharioun,UNKNOWN,UNKNOWN,ICML,2024
ICML-2024-A002983,Avi Caciularu,UNKNOWN,UNKNOWN,ICML,2024
ICML-2024-A002984,Adam Pearce,UNKNOWN,UNKNOWN,ICML,2024
ICML-2024-A002985,Lucas Dixon,UNKNOWN,UNKNOWN,ICML,2024
ICML-2024-A002986,Mor Geva,UNKNOWN,UNKNOWN,ICML,2024
ICML-2024-A002987,Badih Ghazi,UNKNOWN,UNKNOWN,ICML,2024
ICML-2024-A002988,Pritish Kamath,UNKNOWN,UNKNOWN,ICML,2024
ICML-2024-A002989,Ravi Kumar,UNKNOWN,UNKNOWN,ICML,2024
ICML-2024-A002990,Pasin Manurangsi,UNKNOWN,UNKNOWN,ICML,2024
ICML-2024-A002991,Adam Sealfon,UNKNOWN,UNKNOWN,ICML,2024
ICML-2024-A002992,Mukesh Ghimire,UNKNOWN,UNKNOWN,ICML,2024
ICML-2024-A002993,Lei Zhang,UNKNOWN,UNKNOWN,ICML,2024
ICML-2024-A002994,Zhe Xu,UNKNOWN,UNKNOWN,ICML,2024
ICML-2024-A002995,Yi Ren,UNKNOWN,UNKNOWN,ICML,2024
ICML-2024-A002996,Gaurav Rohit Ghosal,UNKNOWN,UNKNOWN,ICML,2024
ICML-2024-A002997,Tatsunori Hashimoto,UNKNOWN,UNKNOWN,ICML,2024
ICML-2024-A002998,Aditi Raghunathan,UNKNOWN,UNKNOWN,ICML,2024
ICML-2024-A002999,Sreyan Ghosh,UNKNOWN,UNKNOWN,ICML,2024
ICML-2024-A003000,Chandra Kiran Reddy Evuru,UNKNOWN,UNKNOWN,ICML,2024
ICML-2024-A003001,Sonal Kumar,UNKNOWN,UNKNOWN,ICML,2024
ICML-2024-A003002,Ramaneswaran S,UNKNOWN,UNKNOWN,ICML,2024
ICML-2024-A003003,Deepali Aneja,UNKNOWN,UNKNOWN,ICML,2024
ICML-2024-A003004,Zeyu Jin,UNKNOWN,UNKNOWN,ICML,2024
ICML-2024-A003005,Ramani Duraiswami,UNKNOWN,UNKNOWN,ICML,2024
ICML-2024-A003006,Dinesh Manocha,UNKNOWN,UNKNOWN,ICML,2024
ICML-2024-A003007,Avishek Ghosh,UNKNOWN,UNKNOWN,ICML,2024
ICML-2024-A003008,Arya Mazumdar,UNKNOWN,UNKNOWN,ICML,2024
ICML-2024-A003009,Avrajit Ghosh,UNKNOWN,UNKNOWN,ICML,2024
ICML-2024-A003010,Xitong Zhang,UNKNOWN,UNKNOWN,ICML,2024
ICML-2024-A003011,Kenneth K. Sun,UNKNOWN,UNKNOWN,ICML,2024
ICML-2024-A003012,Qing Qu,UNKNOWN,UNKNOWN,ICML,2024
ICML-2024-A003013,Saiprasad Ravishankar,UNKNOWN,UNKNOWN,ICML,2024
ICML-2024-A003014,Rongrong Wang,UNKNOWN,UNKNOWN,ICML,2024
ICML-2024-A003015,Nate Gillman,UNKNOWN,UNKNOWN,ICML,2024
ICML-2024-A003016,Michael Freeman,UNKNOWN,UNKNOWN,ICML,2024
ICML-2024-A003017,Daksh Aggarwal,UNKNOWN,UNKNOWN,ICML,2024
ICML-2024-A003018,Chia-Hong Hsu,UNKNOWN,UNKNOWN,ICML,2024
ICML-2024-A003019,Calvin Luo,UNKNOWN,UNKNOWN,ICML,2024
ICML-2024-A003020,Yonglong Tian,UNKNOWN,UNKNOWN,ICML,2024
ICML-2024-A003021,Chen Sun,UNKNOWN,UNKNOWN,ICML,2024
ICML-2024-A003022,Pierre Glaser,UNKNOWN,UNKNOWN,ICML,2024
ICML-2024-A003023,Steffanie Paul,UNKNOWN,UNKNOWN,ICML,2024
ICML-2024-A003024,Alissa M Hummer,UNKNOWN,UNKNOWN,ICML,2024
ICML-2024-A003025,Charlotte Deane,UNKNOWN,UNKNOWN,ICML,2024
ICML-2024-A003026,Debora Susan Marks,UNKNOWN,UNKNOWN,ICML,2024
ICML-2024-A003027,Alan Nawzad Amin,UNKNOWN,UNKNOWN,ICML,2024
ICML-2024-A003028,Fabian Gloeckle,UNKNOWN,UNKNOWN,ICML,2024
ICML-2024-A003029,Badr Youbi Idrissi,UNKNOWN,UNKNOWN,ICML,2024
ICML-2024-A003030,Baptiste Roziere,UNKNOWN,UNKNOWN,ICML,2024
ICML-2024-A003031,David Lopez-Paz,UNKNOWN,UNKNOWN,ICML,2024
ICML-2024-A003032,Gabriel Synnaeve,UNKNOWN,UNKNOWN,ICML,2024
ICML-2024-A003033,Manuel Gloeckler,UNKNOWN,UNKNOWN,ICML,2024
ICML-2024-A003034,Michael Deistler,UNKNOWN,UNKNOWN,ICML,2024
ICML-2024-A003035,Christian Dietrich Weilbach,UNKNOWN,UNKNOWN,ICML,2024
ICML-2024-A003036,Frank Wood,UNKNOWN,UNKNOWN,ICML,2024
ICML-2024-A003037,Jakob H. Macke,UNKNOWN,UNKNOWN,ICML,2024
ICML-2024-A003038,David Glukhov,UNKNOWN,UNKNOWN,ICML,2024
ICML-2024-A003039,Ilia Shumailov,UNKNOWN,UNKNOWN,ICML,2024
ICML-2024-A003040,Yarin Gal,UNKNOWN,UNKNOWN,ICML,2024
ICML-2024-A003041,Nicolas Papernot,UNKNOWN,UNKNOWN,ICML,2024
ICML-2024-A003042,Vardan Papyan,UNKNOWN,UNKNOWN,ICML,2024
ICML-2024-A003043,Micah Goldblum,UNKNOWN,UNKNOWN,ICML,2024
ICML-2024-A003044,Marc Anton Finzi,UNKNOWN,UNKNOWN,ICML,2024
ICML-2024-A003045,Keefer Rowan,UNKNOWN,UNKNOWN,ICML,2024
ICML-2024-A003046,Andrew Gordon Wilson,UNKNOWN,UNKNOWN,ICML,2024
ICML-2024-A003047,Junchao Gong,UNKNOWN,UNKNOWN,ICML,2024
ICML-2024-A003048,Lei Bai,UNKNOWN,UNKNOWN,ICML,2024
ICML-2024-A003049,Peng Ye,UNKNOWN,UNKNOWN,ICML,2024
ICML-2024-A003050,Wanghan Xu,UNKNOWN,UNKNOWN,ICML,2024
ICML-2024-A003051,Na Liu,UNKNOWN,UNKNOWN,ICML,2024
ICML-2024-A003052,Jianhua Dai,UNKNOWN,UNKNOWN,ICML,2024
ICML-2024-A003053,Xiaokang Yang,UNKNOWN,UNKNOWN,ICML,2024
ICML-2024-A003054,Wanli Ouyang,UNKNOWN,UNKNOWN,ICML,2024
ICML-2024-A003055,Xiuwen Gong,UNKNOWN,UNKNOWN,ICML,2024
ICML-2024-A003056,Nitin Bisht,UNKNOWN,UNKNOWN,ICML,2024
ICML-2024-A003057,Guandong Xu,UNKNOWN,UNKNOWN,ICML,2024
ICML-2024-A003058,Linyuan Gong,UNKNOWN,UNKNOWN,ICML,2024
ICML-2024-A003059,Mostafa Elhoushi,UNKNOWN,UNKNOWN,ICML,2024
ICML-2024-A003060,Alvin Cheung,UNKNOWN,UNKNOWN,ICML,2024
ICML-2024-A003061,Xiaochuan Gong,UNKNOWN,UNKNOWN,ICML,2024
ICML-2024-A003062,Jie Hao,UNKNOWN,UNKNOWN,ICML,2024
ICML-2024-A003063,Mingrui Liu,UNKNOWN,UNKNOWN,ICML,2024
ICML-2024-A003064,Chengyue Gong,UNKNOWN,UNKNOWN,ICML,2024
ICML-2024-A003065,Adam Klivans,UNKNOWN,UNKNOWN,ICML,2024
ICML-2024-A003066,James Madigan Loy,UNKNOWN,UNKNOWN,ICML,2024
ICML-2024-A003067,Tianlong Chen,UNKNOWN,UNKNOWN,ICML,2024
ICML-2024-A003068,Qiang Liu,UNKNOWN,UNKNOWN,ICML,2024
ICML-2024-A003069,Daniel Jesus Diaz,UNKNOWN,UNKNOWN,ICML,2024
ICML-2024-A003070,Linyuan Gong,UNKNOWN,UNKNOWN,ICML,2024
ICML-2024-A003071,Sida Wang,UNKNOWN,UNKNOWN,ICML,2024
ICML-2024-A003072,Mostafa Elhoushi,UNKNOWN,UNKNOWN,ICML,2024
ICML-2024-A003073,Alvin Cheung,UNKNOWN,UNKNOWN,ICML,2024
ICML-2024-A003074,Yifan Gong,UNKNOWN,UNKNOWN,ICML,2024
ICML-2024-A003075,Zheng Zhan,UNKNOWN,UNKNOWN,ICML,2024
ICML-2024-A003076,Qing Jin,UNKNOWN,UNKNOWN,ICML,2024
ICML-2024-A003077,Yanyu Li,UNKNOWN,UNKNOWN,ICML,2024
ICML-2024-A003078,Yerlan Idelbayev,UNKNOWN,UNKNOWN,ICML,2024
ICML-2024-A003079,Xian Liu,UNKNOWN,UNKNOWN,ICML,2024
ICML-2024-A003080,Andrey Zharkov,UNKNOWN,UNKNOWN,ICML,2024
ICML-2024-A003081,Kfir Aberman,UNKNOWN,UNKNOWN,ICML,2024
ICML-2024-A003082,Sergey Tulyakov,UNKNOWN,UNKNOWN,ICML,2024
ICML-2024-A003083,Yanzhi Wang,UNKNOWN,UNKNOWN,ICML,2024
ICML-2024-A003084,Jian Ren,UNKNOWN,UNKNOWN,ICML,2024
ICML-2024-A003085,Eduard Gorbunov,UNKNOWN,UNKNOWN,ICML,2024
ICML-2024-A003086,Abdurakhmon Sadiev,UNKNOWN,UNKNOWN,ICML,2024
ICML-2024-A003087,Marina Danilova,UNKNOWN,UNKNOWN,ICML,2024
ICML-2024-A003088,Samuel Horváth,UNKNOWN,UNKNOWN,ICML,2024
ICML-2024-A003089,Gauthier Gidel,UNKNOWN,UNKNOWN,ICML,2024
ICML-2024-A003090,Pavel Dvurechensky,UNKNOWN,UNKNOWN,ICML,2024
ICML-2024-A003091,Alexander Gasnikov,UNKNOWN,UNKNOWN,ICML,2024
ICML-2024-A003092,Peter Richtárik,UNKNOWN,UNKNOWN,ICML,2024
ICML-2024-A003093,Niclas Alexander Göring,UNKNOWN,UNKNOWN,ICML,2024
ICML-2024-A003094,Florian Hess,UNKNOWN,UNKNOWN,ICML,2024
ICML-2024-A003095,Manuel Brenner,UNKNOWN,UNKNOWN,ICML,2024
ICML-2024-A003096,Zahra Monfared,UNKNOWN,UNKNOWN,ICML,2024
ICML-2024-A003097,Daniel Durstewitz,UNKNOWN,UNKNOWN,ICML,2024
ICML-2024-A003098,Mononito Goswami,UNKNOWN,UNKNOWN,ICML,2024
ICML-2024-A003099,Konrad Szafer,UNKNOWN,UNKNOWN,ICML,2024
ICML-2024-A003100,Arjun Choudhry,UNKNOWN,UNKNOWN,ICML,2024
ICML-2024-A003101,Yifu Cai,UNKNOWN,UNKNOWN,ICML,2024
ICML-2024-A003102,Shuo Li,UNKNOWN,UNKNOWN,ICML,2024
ICML-2024-A003103,Artur Dubrawski,UNKNOWN,UNKNOWN,ICML,2024
ICML-2024-A003104,Lee-Ad Gottlieb,UNKNOWN,UNKNOWN,ICML,2024
ICML-2024-A003105,Timor Sharabi,UNKNOWN,UNKNOWN,ICML,2024
ICML-2024-A003106,Roi Weiss,UNKNOWN,UNKNOWN,ICML,2024
ICML-2024-A003107,Yuanbiao Gou,UNKNOWN,UNKNOWN,ICML,2024
ICML-2024-A003108,Haiyu Zhao,UNKNOWN,UNKNOWN,ICML,2024
ICML-2024-A003109,Boyun Li,UNKNOWN,UNKNOWN,ICML,2024
ICML-2024-A003110,Xinyan Xiao,UNKNOWN,UNKNOWN,ICML,2024
ICML-2024-A003111,Xi Peng,UNKNOWN,UNKNOWN,ICML,2024
ICML-2024-A003112,Jordi Grau-Moya,UNKNOWN,UNKNOWN,ICML,2024
ICML-2024-A003113,Tim Genewein,UNKNOWN,UNKNOWN,ICML,2024
ICML-2024-A003114,Marcus Hutter,UNKNOWN,UNKNOWN,ICML,2024
ICML-2024-A003115,Laurent Orseau,UNKNOWN,UNKNOWN,ICML,2024
ICML-2024-A003116,Gregoire Deletang,UNKNOWN,UNKNOWN,ICML,2024
ICML-2024-A003117,Elliot Catt,UNKNOWN,UNKNOWN,ICML,2024
ICML-2024-A003118,Anian Ruoss,UNKNOWN,UNKNOWN,ICML,2024
ICML-2024-A003119,Li Kevin Wenliang,UNKNOWN,UNKNOWN,ICML,2024
ICML-2024-A003120,Christopher Mattern,UNKNOWN,UNKNOWN,ICML,2024
ICML-2024-A003121,Matthew Aitchison,UNKNOWN,UNKNOWN,ICML,2024
ICML-2024-A003122,Joel Veness,UNKNOWN,UNKNOWN,ICML,2024
ICML-2024-A003123,Alessio Gravina,UNKNOWN,UNKNOWN,ICML,2024
ICML-2024-A003124,Giulio Lovisotto,UNKNOWN,UNKNOWN,ICML,2024
ICML-2024-A003125,Claudio Gallicchio,UNKNOWN,UNKNOWN,ICML,2024
ICML-2024-A003126,Davide Bacciu,UNKNOWN,UNKNOWN,ICML,2024
ICML-2024-A003127,Claas Grohnfeldt,UNKNOWN,UNKNOWN,ICML,2024
ICML-2024-A003128,Caterina Graziani,UNKNOWN,UNKNOWN,ICML,2024
ICML-2024-A003129,Tamara Drucks,UNKNOWN,UNKNOWN,ICML,2024
ICML-2024-A003130,Fabian Jogl,UNKNOWN,UNKNOWN,ICML,2024
ICML-2024-A003131,Monica Bianchini,UNKNOWN,UNKNOWN,ICML,2024
ICML-2024-A003132,Franco Scarselli,UNKNOWN,UNKNOWN,ICML,2024
ICML-2024-A003133,Thomas Gärtner,UNKNOWN,UNKNOWN,ICML,2024
ICML-2024-A003134,Riccardo Grazzi,UNKNOWN,UNKNOWN,ICML,2024
ICML-2024-A003135,Massimiliano Pontil,UNKNOWN,UNKNOWN,ICML,2024
ICML-2024-A003136,Saverio Salzo,UNKNOWN,UNKNOWN,ICML,2024
ICML-2024-A003137,Matej Grcic,UNKNOWN,UNKNOWN,ICML,2024
ICML-2024-A003138,Artyom Gadetsky,UNKNOWN,UNKNOWN,ICML,2024
ICML-2024-A003139,Maria Brbic,UNKNOWN,UNKNOWN,ICML,2024
ICML-2024-A003140,Ryan Greenblatt,UNKNOWN,UNKNOWN,ICML,2024
ICML-2024-A003141,Buck Shlegeris,UNKNOWN,UNKNOWN,ICML,2024
ICML-2024-A003142,Kshitij Sachan,UNKNOWN,UNKNOWN,ICML,2024
ICML-2024-A003143,Fabien Roger,UNKNOWN,UNKNOWN,ICML,2024
ICML-2024-A003144,Louis Grenioux,UNKNOWN,UNKNOWN,ICML,2024
ICML-2024-A003145,Maxence Noble,UNKNOWN,UNKNOWN,ICML,2024
ICML-2024-A003146,Marylou Gabrié,UNKNOWN,UNKNOWN,ICML,2024
ICML-2024-A003147,Alain Oliviero Durmus,UNKNOWN,UNKNOWN,ICML,2024
ICML-2024-A003148,Nir Greshler,UNKNOWN,UNKNOWN,ICML,2024
ICML-2024-A003149,David Ben Eli,UNKNOWN,UNKNOWN,ICML,2024
ICML-2024-A003150,Carmel Rabinovitz,UNKNOWN,UNKNOWN,ICML,2024
ICML-2024-A003151,Gabi Guetta,UNKNOWN,UNKNOWN,ICML,2024
ICML-2024-A003152,Liran Gispan,UNKNOWN,UNKNOWN,ICML,2024
ICML-2024-A003153,Guy Zohar,UNKNOWN,UNKNOWN,ICML,2024
ICML-2024-A003154,Aviv Tamar,UNKNOWN,UNKNOWN,ICML,2024
ICML-2024-A003155,Samuel James Greydanus,UNKNOWN,UNKNOWN,ICML,2024
ICML-2024-A003156,Dmitry Kobak,UNKNOWN,UNKNOWN,ICML,2024
ICML-2024-A003157,Luca Grillotti,UNKNOWN,UNKNOWN,ICML,2024
ICML-2024-A003158,Maxence Faldor,UNKNOWN,UNKNOWN,ICML,2024
ICML-2024-A003159,Borja G. León,UNKNOWN,UNKNOWN,ICML,2024
ICML-2024-A003160,Antoine Cully,UNKNOWN,UNKNOWN,ICML,2024
ICML-2024-A003161,Sebastian Gregor Gruber,UNKNOWN,UNKNOWN,ICML,2024
ICML-2024-A003162,Florian Buettner,UNKNOWN,UNKNOWN,ICML,2024
ICML-2024-A003163,Lukas Gruber,UNKNOWN,UNKNOWN,ICML,2024
ICML-2024-A003164,Markus Holzleitner,UNKNOWN,UNKNOWN,ICML,2024
ICML-2024-A003165,Johannes Lehner,UNKNOWN,UNKNOWN,ICML,2024
ICML-2024-A003166,Sepp Hochreiter,UNKNOWN,UNKNOWN,ICML,2024
ICML-2024-A003167,Werner Zellinger,UNKNOWN,UNKNOWN,ICML,2024
ICML-2024-A003168,Kerui Gu,UNKNOWN,UNKNOWN,ICML,2024
ICML-2024-A003169,Rongyu Chen,UNKNOWN,UNKNOWN,ICML,2024
ICML-2024-A003170,Xuanlong Yu,UNKNOWN,UNKNOWN,ICML,2024
ICML-2024-A003171,Angela Yao,UNKNOWN,UNKNOWN,ICML,2024
ICML-2024-A003172,Zhibin Gu,UNKNOWN,UNKNOWN,ICML,2024
ICML-2024-A003173,Zhendong Li,UNKNOWN,UNKNOWN,ICML,2024
ICML-2024-A003174,Songhe Feng,UNKNOWN,UNKNOWN,ICML,2024
ICML-2024-A003175,Alex Gu,UNKNOWN,UNKNOWN,ICML,2024
ICML-2024-A003176,Baptiste Roziere,UNKNOWN,UNKNOWN,ICML,2024
ICML-2024-A003177,Hugh James Leather,UNKNOWN,UNKNOWN,ICML,2024
ICML-2024-A003178,Armando Solar-Lezama,UNKNOWN,UNKNOWN,ICML,2024
ICML-2024-A003179,Gabriel Synnaeve,UNKNOWN,UNKNOWN,ICML,2024
ICML-2024-A003180,Sida Wang,UNKNOWN,UNKNOWN,ICML,2024
ICML-2024-A003181,Jiatao Gu,UNKNOWN,UNKNOWN,ICML,2024
ICML-2024-A003182,Chen Wang,UNKNOWN,UNKNOWN,ICML,2024
ICML-2024-A003183,Shuangfei Zhai,UNKNOWN,UNKNOWN,ICML,2024
ICML-2024-A003184,Yizhe Zhang,UNKNOWN,UNKNOWN,ICML,2024
ICML-2024-A003185,Lingjie Liu,UNKNOWN,UNKNOWN,ICML,2024
ICML-2024-A003186,Joshua M. Susskind,UNKNOWN,UNKNOWN,ICML,2024
ICML-2024-A003187,Xiangming Gu,UNKNOWN,UNKNOWN,ICML,2024
ICML-2024-A003188,Xiaosen Zheng,UNKNOWN,UNKNOWN,ICML,2024
ICML-2024-A003189,Tianyu Pang,UNKNOWN,UNKNOWN,ICML,2024
ICML-2024-A003190,Chao Du,UNKNOWN,UNKNOWN,ICML,2024
ICML-2024-A003191,Qian Liu,UNKNOWN,UNKNOWN,ICML,2024
ICML-2024-A003192,Ye Wang,UNKNOWN,UNKNOWN,ICML,2024
ICML-2024-A003193,Jing Jiang,UNKNOWN,UNKNOWN,ICML,2024
ICML-2024-A003194,Min Lin,UNKNOWN,UNKNOWN,ICML,2024
ICML-2024-A003195,Luke Guerdan,UNKNOWN,UNKNOWN,ICML,2024
ICML-2024-A003196,Amanda Lee Coston,UNKNOWN,UNKNOWN,ICML,2024
ICML-2024-A003197,Ken Holstein,UNKNOWN,UNKNOWN,ICML,2024
ICML-2024-A003198,Steven Wu,UNKNOWN,UNKNOWN,ICML,2024
ICML-2024-A003199,Etash Kumar Guha,UNKNOWN,UNKNOWN,ICML,2024
ICML-2024-A003200,Vihan Lakshman,UNKNOWN,UNKNOWN,ICML,2024
ICML-2024-A003201,Haokun Gui,UNKNOWN,UNKNOWN,ICML,2024
ICML-2024-A003202,Xiucheng Li,UNKNOWN,UNKNOWN,ICML,2024
ICML-2024-A003203,Xinyang Chen,UNKNOWN,UNKNOWN,ICML,2024
ICML-2024-A003204,Charles Guille-Escuret,UNKNOWN,UNKNOWN,ICML,2024
ICML-2024-A003205,Hiroki Naganuma,UNKNOWN,UNKNOWN,ICML,2024
ICML-2024-A003206,Kilian Fatras,UNKNOWN,UNKNOWN,ICML,2024
ICML-2024-A003207,Ioannis Mitliagkas,UNKNOWN,UNKNOWN,ICML,2024
ICML-2024-A003208,Gauthier Guinet,UNKNOWN,UNKNOWN,ICML,2024
ICML-2024-A003209,Behrooz Omidvar-Tehrani,UNKNOWN,UNKNOWN,ICML,2024
ICML-2024-A003210,Anoop Deoras,UNKNOWN,UNKNOWN,ICML,2024
ICML-2024-A003211,Laurent Callot,UNKNOWN,UNKNOWN,ICML,2024
ICML-2024-A003212,Jialong Guo,UNKNOWN,UNKNOWN,ICML,2024
ICML-2024-A003213,Xinghao Chen,UNKNOWN,UNKNOWN,ICML,2024
ICML-2024-A003214,Yehui Tang,UNKNOWN,UNKNOWN,ICML,2024
ICML-2024-A003215,Yunhe Wang,UNKNOWN,UNKNOWN,ICML,2024
ICML-2024-A003216,Siyuan Guo,UNKNOWN,UNKNOWN,ICML,2024
ICML-2024-A003217,Cheng Deng,UNKNOWN,UNKNOWN,ICML,2024
ICML-2024-A003218,Ying Wen,UNKNOWN,UNKNOWN,ICML,2024
ICML-2024-A003219,Hechang Chen,UNKNOWN,UNKNOWN,ICML,2024
ICML-2024-A003220,Yi Chang,UNKNOWN,UNKNOWN,ICML,2024
ICML-2024-A003221,Jun Wang,UNKNOWN,UNKNOWN,ICML,2024
ICML-2024-A003222,Tianyu Guo,UNKNOWN,UNKNOWN,ICML,2024
ICML-2024-A003223,Sai Praneeth Karimireddy,UNKNOWN,UNKNOWN,ICML,2024
ICML-2024-A003224,Michael Jordan,UNKNOWN,UNKNOWN,ICML,2024
ICML-2024-A003225,Ziao Guo,UNKNOWN,UNKNOWN,ICML,2024
ICML-2024-A003226,Yang Li,UNKNOWN,UNKNOWN,ICML,2024
ICML-2024-A003227,Chang Liu,UNKNOWN,UNKNOWN,ICML,2024
ICML-2024-A003228,Wenli Ouyang,UNKNOWN,UNKNOWN,ICML,2024
ICML-2024-A003229,Junchi Yan,UNKNOWN,UNKNOWN,ICML,2024
ICML-2024-A003230,Xingzhuo Guo,UNKNOWN,UNKNOWN,ICML,2024
ICML-2024-A003231,Junwei Pan,UNKNOWN,UNKNOWN,ICML,2024
ICML-2024-A003232,Ximei Wang,UNKNOWN,UNKNOWN,ICML,2024
ICML-2024-A003233,Baixu Chen,UNKNOWN,UNKNOWN,ICML,2024
ICML-2024-A003234,Jie Jiang,UNKNOWN,UNKNOWN,ICML,2024
ICML-2024-A003235,Mingsheng Long,UNKNOWN,UNKNOWN,ICML,2024
ICML-2024-A003236,Yongxin Guo,UNKNOWN,UNKNOWN,ICML,2024
ICML-2024-A003237,Xiaoying Tang,UNKNOWN,UNKNOWN,ICML,2024
ICML-2024-A003238,Tao Lin,UNKNOWN,UNKNOWN,ICML,2024
ICML-2024-A003239,Jinyang Guo,UNKNOWN,UNKNOWN,ICML,2024
ICML-2024-A003240,Jianyu Wu,UNKNOWN,UNKNOWN,ICML,2024
ICML-2024-A003241,Zining Wang,UNKNOWN,UNKNOWN,ICML,2024
ICML-2024-A003242,Jiaheng Liu,UNKNOWN,UNKNOWN,ICML,2024
ICML-2024-A003243,Ge Yang,UNKNOWN,UNKNOWN,ICML,2024
ICML-2024-A003244,Yifu Ding,UNKNOWN,UNKNOWN,ICML,2024
ICML-2024-A003245,Ruihao Gong,UNKNOWN,UNKNOWN,ICML,2024
ICML-2024-A003246,Haotong Qin,UNKNOWN,UNKNOWN,ICML,2024
ICML-2024-A003247,Xianglong Liu,UNKNOWN,UNKNOWN,ICML,2024
ICML-2024-A003248,Xinyu Guo,UNKNOWN,UNKNOWN,ICML,2024
ICML-2024-A003249,Kai Wu,UNKNOWN,UNKNOWN,ICML,2024
ICML-2024-A003250,Xiaoyu Zhang,UNKNOWN,UNKNOWN,ICML,2024
ICML-2024-A003251,Jing Liu,UNKNOWN,UNKNOWN,ICML,2024
ICML-2024-A003252,Xingang Guo,UNKNOWN,UNKNOWN,ICML,2024
ICML-2024-A003253,Fangxu Yu,UNKNOWN,UNKNOWN,ICML,2024
ICML-2024-A003254,Huan Zhang,UNKNOWN,UNKNOWN,ICML,2024
ICML-2024-A003255,Lianhui Qin,UNKNOWN,UNKNOWN,ICML,2024
ICML-2024-A003256,Bin Hu,UNKNOWN,UNKNOWN,ICML,2024
ICML-2024-A003257,Zijian Guo,UNKNOWN,UNKNOWN,ICML,2024
ICML-2024-A003258,Weichao Zhou,UNKNOWN,UNKNOWN,ICML,2024
ICML-2024-A003259,Wenchao Li,UNKNOWN,UNKNOWN,ICML,2024
ICML-2024-A003260,Shivam Gupta,UNKNOWN,UNKNOWN,ICML,2024
ICML-2024-A003261,Ajil Jalal,UNKNOWN,UNKNOWN,ICML,2024
ICML-2024-A003262,Aditya Parulekar,UNKNOWN,UNKNOWN,ICML,2024
ICML-2024-A003263,Eric Price,UNKNOWN,UNKNOWN,ICML,2024
ICML-2024-A003264,Zhiyang Xun,UNKNOWN,UNKNOWN,ICML,2024
ICML-2024-A003265,Ritwik Gupta,UNKNOWN,UNKNOWN,ICML,2024
ICML-2024-A003266,Shufan Li,UNKNOWN,UNKNOWN,ICML,2024
ICML-2024-A003267,Tyler Zhu,UNKNOWN,UNKNOWN,ICML,2024
ICML-2024-A003268,Jitendra Malik,UNKNOWN,UNKNOWN,ICML,2024
ICML-2024-A003269,Trevor Darrell,UNKNOWN,UNKNOWN,ICML,2024
ICML-2024-A003270,Karttikeya Mangalam,UNKNOWN,UNKNOWN,ICML,2024
ICML-2024-A003271,Shivanshu Gupta,UNKNOWN,UNKNOWN,ICML,2024
ICML-2024-A003272,Clemens Rosenbaum,UNKNOWN,UNKNOWN,ICML,2024
ICML-2024-A003273,Ethan R. Elenberg,UNKNOWN,UNKNOWN,ICML,2024
ICML-2024-A003274,Nikita Gushchin,UNKNOWN,UNKNOWN,ICML,2024
ICML-2024-A003275,Sergei Kholkin,UNKNOWN,UNKNOWN,ICML,2024
ICML-2024-A003276,Evgeny Burnaev,UNKNOWN,UNKNOWN,ICML,2024
ICML-2024-A003277,Alexander Korotin,UNKNOWN,UNKNOWN,ICML,2024
ICML-2024-A003278,Soroush H. Zargarbashi,UNKNOWN,UNKNOWN,ICML,2024
ICML-2024-A003279,Mohammad Sadegh Akhondzadeh,UNKNOWN,UNKNOWN,ICML,2024
ICML-2024-A003280,Aleksandar Bojchevski,UNKNOWN,UNKNOWN,ICML,2024
ICML-2024-A003281,Shahrzad Haddadan,UNKNOWN,UNKNOWN,ICML,2024
ICML-2024-A003282,Cheng Xin,UNKNOWN,UNKNOWN,ICML,2024
ICML-2024-A003283,Jie Gao,UNKNOWN,UNKNOWN,ICML,2024
ICML-2024-A003284,Jan Hagnberger,UNKNOWN,UNKNOWN,ICML,2024
ICML-2024-A003285,Marimuthu Kalimuthu,UNKNOWN,UNKNOWN,ICML,2024
ICML-2024-A003286,Daniel Musekamp,UNKNOWN,UNKNOWN,ICML,2024
ICML-2024-A003287,Mathias Niepert,UNKNOWN,UNKNOWN,ICML,2024
ICML-2024-A003288,Jaehoon Hahm,UNKNOWN,UNKNOWN,ICML,2024
ICML-2024-A003289,Junho Lee,UNKNOWN,UNKNOWN,ICML,2024
ICML-2024-A003290,Sunghyun Kim,UNKNOWN,UNKNOWN,ICML,2024
ICML-2024-A003291,Joonseok Lee,UNKNOWN,UNKNOWN,ICML,2024
ICML-2024-A003292,Seok-Ju Hahn,UNKNOWN,UNKNOWN,ICML,2024
ICML-2024-A003293,Gi-Soo Kim,UNKNOWN,UNKNOWN,ICML,2024
ICML-2024-A003294,Junghye Lee,UNKNOWN,UNKNOWN,ICML,2024
ICML-2024-A003295,Ghadi S. Al Hajj,UNKNOWN,UNKNOWN,ICML,2024
ICML-2024-A003296,Aliaksandr Hubin,UNKNOWN,UNKNOWN,ICML,2024
ICML-2024-A003297,Chakravarthi Kanduri,UNKNOWN,UNKNOWN,ICML,2024
ICML-2024-A003298,Milena Pavlovic,UNKNOWN,UNKNOWN,ICML,2024
ICML-2024-A003299,Knut Dagestad Rand,UNKNOWN,UNKNOWN,ICML,2024
ICML-2024-A003300,Michael Widrich,UNKNOWN,UNKNOWN,ICML,2024
ICML-2024-A003301,Anne Schistad Solberg,UNKNOWN,UNKNOWN,ICML,2024
ICML-2024-A003302,Victor Greiff,UNKNOWN,UNKNOWN,ICML,2024
ICML-2024-A003303,Johan Pensar,UNKNOWN,UNKNOWN,ICML,2024
ICML-2024-A003304,Günter Klambauer,UNKNOWN,UNKNOWN,ICML,2024
ICML-2024-A003305,Geir Kjetil Sandve,UNKNOWN,UNKNOWN,ICML,2024
ICML-2024-A003306,Danny Halawi,UNKNOWN,UNKNOWN,ICML,2024
ICML-2024-A003307,Alexander Wei,UNKNOWN,UNKNOWN,ICML,2024
ICML-2024-A003308,Eric Wallace,UNKNOWN,UNKNOWN,ICML,2024
ICML-2024-A003309,Tony Tong Wang,UNKNOWN,UNKNOWN,ICML,2024
ICML-2024-A003310,Nika Haghtalab,UNKNOWN,UNKNOWN,ICML,2024
ICML-2024-A003311,Jacob Steinhardt,UNKNOWN,UNKNOWN,ICML,2024
ICML-2024-A003312,Nadav Hallak,UNKNOWN,UNKNOWN,ICML,2024
ICML-2024-A003313,Kfir Yehuda Levy,UNKNOWN,UNKNOWN,ICML,2024
ICML-2024-A003314,Hany Hamed,UNKNOWN,UNKNOWN,ICML,2024
ICML-2024-A003315,Subin Kim,UNKNOWN,UNKNOWN,ICML,2024
ICML-2024-A003316,Dongyeong Kim,UNKNOWN,UNKNOWN,ICML,2024
ICML-2024-A003317,Jaesik Yoon,UNKNOWN,UNKNOWN,ICML,2024
ICML-2024-A003318,Sungjin Ahn,UNKNOWN,UNKNOWN,ICML,2024
ICML-2024-A003319,Xi Han,UNKNOWN,UNKNOWN,ICML,2024
ICML-2024-A003320,Fei Hou,UNKNOWN,UNKNOWN,ICML,2024
ICML-2024-A003321,Hong Qin,UNKNOWN,UNKNOWN,ICML,2024
ICML-2024-A003322,Elise Han,UNKNOWN,UNKNOWN,ICML,2024
ICML-2024-A003323,Chengpiao Huang,UNKNOWN,UNKNOWN,ICML,2024
ICML-2024-A003324,Kaizheng Wang,UNKNOWN,UNKNOWN,ICML,2024
ICML-2024-A003325,Andi Han,UNKNOWN,UNKNOWN,ICML,2024
ICML-2024-A003326,Pratik Jawanpuria,UNKNOWN,UNKNOWN,ICML,2024
ICML-2024-A003327,Bamdev Mishra,UNKNOWN,UNKNOWN,ICML,2024
ICML-2024-A003328,Cheng Han,UNKNOWN,UNKNOWN,ICML,2024
ICML-2024-A003329,Yawen Lu,UNKNOWN,UNKNOWN,ICML,2024
ICML-2024-A003330,Guohao Sun,UNKNOWN,UNKNOWN,ICML,2024
ICML-2024-A003331,James Chenhao Liang,UNKNOWN,UNKNOWN,ICML,2024
ICML-2024-A003332,Zhiwen Cao,UNKNOWN,UNKNOWN,ICML,2024
ICML-2024-A003333,Qifan Wang,UNKNOWN,UNKNOWN,ICML,2024
ICML-2024-A003334,Qiang Guan,UNKNOWN,UNKNOWN,ICML,2024
ICML-2024-A003335,Sohail Dianat,UNKNOWN,UNKNOWN,ICML,2024
ICML-2024-A003336,Raghuveer Rao,UNKNOWN,UNKNOWN,ICML,2024
ICML-2024-A003337,Tong Geng,UNKNOWN,UNKNOWN,ICML,2024
ICML-2024-A003338,Zhiqiang Tao,UNKNOWN,UNKNOWN,ICML,2024
ICML-2024-A003339,Dongfang Liu,UNKNOWN,UNKNOWN,ICML,2024
ICML-2024-A003340,Lu Han,UNKNOWN,UNKNOWN,ICML,2024
ICML-2024-A003341,Han-Jia Ye,UNKNOWN,UNKNOWN,ICML,2024
ICML-2024-A003342,De-Chuan Zhan,UNKNOWN,UNKNOWN,ICML,2024
ICML-2024-A003343,Sungwon Han,UNKNOWN,UNKNOWN,ICML,2024
ICML-2024-A003344,Jinsung Yoon,UNKNOWN,UNKNOWN,ICML,2024
ICML-2024-A003345,Sercan O Arik,UNKNOWN,UNKNOWN,ICML,2024
ICML-2024-A003346,Tomas Pfister,UNKNOWN,UNKNOWN,ICML,2024
ICML-2024-A003347,Yujin Han,UNKNOWN,UNKNOWN,ICML,2024
ICML-2024-A003348,Difan Zou,UNKNOWN,UNKNOWN,ICML,2024
ICML-2024-A003349,Jun-Yi Hang,UNKNOWN,UNKNOWN,ICML,2024
ICML-2024-A003350,Min-Ling Zhang,UNKNOWN,UNKNOWN,ICML,2024
ICML-2024-A003351,Abhimanyu Hans,UNKNOWN,UNKNOWN,ICML,2024
ICML-2024-A003352,Avi Schwarzschild,UNKNOWN,UNKNOWN,ICML,2024
ICML-2024-A003353,Valeriia Cherepanova,UNKNOWN,UNKNOWN,ICML,2024
ICML-2024-A003354,Hamid Kazemi,UNKNOWN,UNKNOWN,ICML,2024
ICML-2024-A003355,Aniruddha Saha,UNKNOWN,UNKNOWN,ICML,2024
ICML-2024-A003356,Micah Goldblum,UNKNOWN,UNKNOWN,ICML,2024
ICML-2024-A003357,Jonas Geiping,UNKNOWN,UNKNOWN,ICML,2024
ICML-2024-A003358,Tom Goldstein,UNKNOWN,UNKNOWN,ICML,2024
ICML-2024-A003359,Andreas Abildtrup Hansen,UNKNOWN,UNKNOWN,ICML,2024
ICML-2024-A003360,Anna Calissano,UNKNOWN,UNKNOWN,ICML,2024
ICML-2024-A003361,Aasa Feragen,UNKNOWN,UNKNOWN,ICML,2024
ICML-2024-A003362,Yongchang Hao,UNKNOWN,UNKNOWN,ICML,2024
ICML-2024-A003363,Yanshuai Cao,UNKNOWN,UNKNOWN,ICML,2024
ICML-2024-A003364,Lili Mou,UNKNOWN,UNKNOWN,ICML,2024
ICML-2024-A003365,Zhiwei Hao,UNKNOWN,UNKNOWN,ICML,2024
ICML-2024-A003366,Jianyuan Guo,UNKNOWN,UNKNOWN,ICML,2024
ICML-2024-A003367,Chengcheng Wang,UNKNOWN,UNKNOWN,ICML,2024
ICML-2024-A003368,Yehui Tang,UNKNOWN,UNKNOWN,ICML,2024
ICML-2024-A003369,Han Wu,UNKNOWN,UNKNOWN,ICML,2024
ICML-2024-A003370,Han Hu,UNKNOWN,UNKNOWN,ICML,2024
ICML-2024-A003371,Kai Han,UNKNOWN,UNKNOWN,ICML,2024
ICML-2024-A003372,Chang Xu,UNKNOWN,UNKNOWN,ICML,2024
ICML-2024-A003373,Wei Hao,UNKNOWN,UNKNOWN,ICML,2024
ICML-2024-A003374,Daniel Mendoza,UNKNOWN,UNKNOWN,ICML,2024
ICML-2024-A003375,Rafael Mendes,UNKNOWN,UNKNOWN,ICML,2024
ICML-2024-A003376,Deepak Narayanan,UNKNOWN,UNKNOWN,ICML,2024
ICML-2024-A003377,Amar Phanishayee,UNKNOWN,UNKNOWN,ICML,2024
ICML-2024-A003378,Asaf Cidon,UNKNOWN,UNKNOWN,ICML,2024
ICML-2024-A003379,Junfeng Yang,UNKNOWN,UNKNOWN,ICML,2024
ICML-2024-A003380,Zhongkai Hao,UNKNOWN,UNKNOWN,ICML,2024
ICML-2024-A003381,Chang Su,UNKNOWN,UNKNOWN,ICML,2024
ICML-2024-A003382,Songming Liu,UNKNOWN,UNKNOWN,ICML,2024
ICML-2024-A003383,Julius Berner,UNKNOWN,UNKNOWN,ICML,2024
ICML-2024-A003384,Chengyang Ying,UNKNOWN,UNKNOWN,ICML,2024
ICML-2024-A003385,Hang Su,UNKNOWN,UNKNOWN,ICML,2024
ICML-2024-A003386,Anima Anandkumar,UNKNOWN,UNKNOWN,ICML,2024
ICML-2024-A003387,Jian Song,UNKNOWN,UNKNOWN,ICML,2024
ICML-2024-A003388,Jun Zhu,UNKNOWN,UNKNOWN,ICML,2024
ICML-2024-A003389,Christopher Harker,UNKNOWN,UNKNOWN,ICML,2024
ICML-2024-A003390,Aditya Bhaskara,UNKNOWN,UNKNOWN,ICML,2024
ICML-2024-A003391,Juha Harviainen,UNKNOWN,UNKNOWN,ICML,2024
ICML-2024-A003392,Mikko Koivisto,UNKNOWN,UNKNOWN,ICML,2024
ICML-2024-A003393,Yuka Hashimoto,UNKNOWN,UNKNOWN,ICML,2024
ICML-2024-A003394,Masahiro Ikeda,UNKNOWN,UNKNOWN,ICML,2024
ICML-2024-A003395,Hachem Kadri,UNKNOWN,UNKNOWN,ICML,2024
ICML-2024-A003396,Aaron J Havens,UNKNOWN,UNKNOWN,ICML,2024
ICML-2024-A003397,Alexandre Araujo,UNKNOWN,UNKNOWN,ICML,2024
ICML-2024-A003398,Huan Zhang,UNKNOWN,UNKNOWN,ICML,2024
ICML-2024-A003399,Bin Hu,UNKNOWN,UNKNOWN,ICML,2024
ICML-2024-A003400,Doron Haviv,UNKNOWN,UNKNOWN,ICML,2024
ICML-2024-A003401,Russell Zhang Kunes,UNKNOWN,UNKNOWN,ICML,2024
ICML-2024-A003402,Thomas Dougherty,UNKNOWN,UNKNOWN,ICML,2024
ICML-2024-A003403,Cassandra Burdziak,UNKNOWN,UNKNOWN,ICML,2024
ICML-2024-A003404,Tal Nawy,UNKNOWN,UNKNOWN,ICML,2024
ICML-2024-A003405,Anna Gilbert,UNKNOWN,UNKNOWN,ICML,2024
ICML-2024-A003406,Dana Pe’Er,UNKNOWN,UNKNOWN,ICML,2024
ICML-2024-A003407,Alexander Havrilla,UNKNOWN,UNKNOWN,ICML,2024
ICML-2024-A003408,Sharath Chandra Raparthy,UNKNOWN,UNKNOWN,ICML,2024
ICML-2024-A003409,Christoforos Nalmpantis,UNKNOWN,UNKNOWN,ICML,2024
ICML-2024-A003410,Jane Dwivedi-Yu,UNKNOWN,UNKNOWN,ICML,2024
ICML-2024-A003411,Maksym Zhuravinskyi,UNKNOWN,UNKNOWN,ICML,2024
ICML-2024-A003412,Eric Hambro,UNKNOWN,UNKNOWN,ICML,2024
ICML-2024-A003413,Roberta Raileanu,UNKNOWN,UNKNOWN,ICML,2024
ICML-2024-A003414,Tomohiro Hayase,UNKNOWN,UNKNOWN,ICML,2024
ICML-2024-A003415,Ryo Karakida,UNKNOWN,UNKNOWN,ICML,2024
ICML-2024-A003416,Alexandre Hayderi,UNKNOWN,UNKNOWN,ICML,2024
ICML-2024-A003417,Amin Saberi,UNKNOWN,UNKNOWN,ICML,2024
ICML-2024-A003418,Ellen Vitercik,UNKNOWN,UNKNOWN,ICML,2024
ICML-2024-A003419,Anders Wikum,UNKNOWN,UNKNOWN,ICML,2024
ICML-2024-A003420,Soufiane Hayou,UNKNOWN,UNKNOWN,ICML,2024
ICML-2024-A003421,Nikhil Ghosh,UNKNOWN,UNKNOWN,ICML,2024
ICML-2024-A003422,Bin Yu,UNKNOWN,UNKNOWN,ICML,2024
ICML-2024-A003423,Jianliang He,UNKNOWN,UNKNOWN,ICML,2024
ICML-2024-A003424,Siyu Chen,UNKNOWN,UNKNOWN,ICML,2024
ICML-2024-A003425,Fengzhuo Zhang,UNKNOWN,UNKNOWN,ICML,2024
ICML-2024-A003426,Zhuoran Yang,UNKNOWN,UNKNOWN,ICML,2024
ICML-2024-A003427,Yuhang He,UNKNOWN,UNKNOWN,ICML,2024
ICML-2024-A003428,Anoop Cherian,UNKNOWN,UNKNOWN,ICML,2024
ICML-2024-A003429,Gordon Wichern,UNKNOWN,UNKNOWN,ICML,2024
ICML-2024-A003430,Andrew Markham,UNKNOWN,UNKNOWN,ICML,2024
ICML-2024-A003431,Zhenyu He,UNKNOWN,UNKNOWN,ICML,2024
ICML-2024-A003432,Guhao Feng,UNKNOWN,UNKNOWN,ICML,2024
ICML-2024-A003433,Shengjie Luo,UNKNOWN,UNKNOWN,ICML,2024
ICML-2024-A003434,Kai Yang,UNKNOWN,UNKNOWN,ICML,2024
ICML-2024-A003435,Liwei Wang,UNKNOWN,UNKNOWN,ICML,2024
ICML-2024-A003436,Jingjing Xu,UNKNOWN,UNKNOWN,ICML,2024
ICML-2024-A003437,Zhi Zhang,UNKNOWN,UNKNOWN,ICML,2024
ICML-2024-A003438,Hongxia Yang,UNKNOWN,UNKNOWN,ICML,2024
ICML-2024-A003439,Di He,UNKNOWN,UNKNOWN,ICML,2024
ICML-2024-A003440,Yutong He,UNKNOWN,UNKNOWN,ICML,2024
ICML-2024-A003441,Jie Hu,UNKNOWN,UNKNOWN,ICML,2024
ICML-2024-A003442,Xinmeng Huang,UNKNOWN,UNKNOWN,ICML,2024
ICML-2024-A003443,Songtao Lu,UNKNOWN,UNKNOWN,ICML,2024
ICML-2024-A003444,Bin Wang,UNKNOWN,UNKNOWN,ICML,2024
ICML-2024-A003445,Kun Yuan,UNKNOWN,UNKNOWN,ICML,2024
ICML-2024-A003446,Nantian He,UNKNOWN,UNKNOWN,ICML,2024
ICML-2024-A003447,Shaohui Li,UNKNOWN,UNKNOWN,ICML,2024
ICML-2024-A003448,Zhi Li,UNKNOWN,UNKNOWN,ICML,2024
ICML-2024-A003449,Yu Liu,UNKNOWN,UNKNOWN,ICML,2024
ICML-2024-A003450,You He,UNKNOWN,UNKNOWN,ICML,2024
ICML-2024-A003451,Yue He,UNKNOWN,UNKNOWN,ICML,2024
ICML-2024-A003452,Dongbai Li,UNKNOWN,UNKNOWN,ICML,2024
ICML-2024-A003453,Pengfei Tian,UNKNOWN,UNKNOWN,ICML,2024
ICML-2024-A003454,Han Yu,UNKNOWN,UNKNOWN,ICML,2024
ICML-2024-A003455,Jiashuo Liu,UNKNOWN,UNKNOWN,ICML,2024
ICML-2024-A003456,Hao Zou,UNKNOWN,UNKNOWN,ICML,2024
ICML-2024-A003457,Peng Cui,UNKNOWN,UNKNOWN,ICML,2024
ICML-2024-A003458,Jianhao He,UNKNOWN,UNKNOWN,ICML,2024
ICML-2024-A003459,Chengchang Liu,UNKNOWN,UNKNOWN,ICML,2024
ICML-2024-A003460,Xutong Liu,UNKNOWN,UNKNOWN,ICML,2024
ICML-2024-A003461,Lvzhou Li,UNKNOWN,UNKNOWN,ICML,2024
ICML-2024-A003462,John C.S. Lui,UNKNOWN,UNKNOWN,ICML,2024
ICML-2024-A003463,Chang He,UNKNOWN,UNKNOWN,ICML,2024
ICML-2024-A003464,Zhaoye Pan,UNKNOWN,UNKNOWN,ICML,2024
ICML-2024-A003465,Xiao Wang,UNKNOWN,UNKNOWN,ICML,2024
ICML-2024-A003466,Bo Jiang,UNKNOWN,UNKNOWN,ICML,2024
ICML-2024-A003467,Songhua He,UNKNOWN,UNKNOWN,ICML,2024
ICML-2024-A003468,Periklis A. Papakonstantinou,UNKNOWN,UNKNOWN,ICML,2024
ICML-2024-A003469,Hao-Yuan He,UNKNOWN,UNKNOWN,ICML,2024
ICML-2024-A003470,Hui Sun,UNKNOWN,UNKNOWN,ICML,2024
ICML-2024-A003471,Zheng Xie,UNKNOWN,UNKNOWN,ICML,2024
ICML-2024-A003472,Ming Li,UNKNOWN,UNKNOWN,ICML,2024
ICML-2024-A003473,Jingxuan He,UNKNOWN,UNKNOWN,ICML,2024
ICML-2024-A003474,Mark Vero,UNKNOWN,UNKNOWN,ICML,2024
ICML-2024-A003475,Gabriela Krasnopolska,UNKNOWN,UNKNOWN,ICML,2024
ICML-2024-A003476,Martin Vechev,UNKNOWN,UNKNOWN,ICML,2024
ICML-2024-A003477,Zhiyuan He,UNKNOWN,UNKNOWN,ICML,2024
ICML-2024-A003478,Yijun Yang,UNKNOWN,UNKNOWN,ICML,2024
ICML-2024-A003479,Pin-Yu Chen,UNKNOWN,UNKNOWN,ICML,2024
ICML-2024-A003480,Qiang Xu,UNKNOWN,UNKNOWN,ICML,2024
ICML-2024-A003481,Tsung-Yi Ho,UNKNOWN,UNKNOWN,ICML,2024
ICML-2024-A003482,Liulu He,UNKNOWN,UNKNOWN,ICML,2024
ICML-2024-A003483,Yufei Zhao,UNKNOWN,UNKNOWN,ICML,2024
ICML-2024-A003484,Rui Gao,UNKNOWN,UNKNOWN,ICML,2024
ICML-2024-A003485,Yuan Du,UNKNOWN,UNKNOWN,ICML,2024
ICML-2024-A003486,Li Du,UNKNOWN,UNKNOWN,ICML,2024
ICML-2024-A003487,Yifei He,UNKNOWN,UNKNOWN,ICML,2024
ICML-2024-A003488,Shiji Zhou,UNKNOWN,UNKNOWN,ICML,2024
ICML-2024-A003489,Guojun Zhang,UNKNOWN,UNKNOWN,ICML,2024
ICML-2024-A003490,Hyokun Yun,UNKNOWN,UNKNOWN,ICML,2024
ICML-2024-A003491,Yi Xu,UNKNOWN,UNKNOWN,ICML,2024
ICML-2024-A003492,Belinda Zeng,UNKNOWN,UNKNOWN,ICML,2024
ICML-2024-A003493,Trishul Chilimbi,UNKNOWN,UNKNOWN,ICML,2024
ICML-2024-A003494,Han Zhao,UNKNOWN,UNKNOWN,ICML,2024
ICML-2024-A003495,Kaibo He,UNKNOWN,UNKNOWN,ICML,2024
ICML-2024-A003496,Chenhui Zuo,UNKNOWN,UNKNOWN,ICML,2024
ICML-2024-A003497,Chengtian Ma,UNKNOWN,UNKNOWN,ICML,2024
ICML-2024-A003498,Yanan Sui,UNKNOWN,UNKNOWN,ICML,2024
ICML-2024-A003499,S Ashwin Hebbar,UNKNOWN,UNKNOWN,ICML,2024
ICML-2024-A003500,Sravan Kumar Ankireddy,UNKNOWN,UNKNOWN,ICML,2024
ICML-2024-A003501,Hyeji Kim,UNKNOWN,UNKNOWN,ICML,2024
ICML-2024-A003502,Sewoong Oh,UNKNOWN,UNKNOWN,ICML,2024
ICML-2024-A003503,Pramod Viswanath,UNKNOWN,UNKNOWN,ICML,2024
ICML-2024-A003504,Xenia Heilmann,UNKNOWN,UNKNOWN,ICML,2024
ICML-2024-A003505,Mattia Cerrato,UNKNOWN,UNKNOWN,ICML,2024
ICML-2024-A003506,Ernst Althaus,UNKNOWN,UNKNOWN,ICML,2024
ICML-2024-A003507,Christoph Jürgen Hemmer,UNKNOWN,UNKNOWN,ICML,2024
ICML-2024-A003508,Manuel Brenner,UNKNOWN,UNKNOWN,ICML,2024
ICML-2024-A003509,Florian Hess,UNKNOWN,UNKNOWN,ICML,2024
ICML-2024-A003510,Daniel Durstewitz,UNKNOWN,UNKNOWN,ICML,2024
ICML-2024-A003511,Vincent Herrmann,UNKNOWN,UNKNOWN,ICML,2024
ICML-2024-A003512,Francesco Faccio,UNKNOWN,UNKNOWN,ICML,2024
ICML-2024-A003513,Jürgen Schmidhuber,UNKNOWN,UNKNOWN,ICML,2024
ICML-2024-A003514,Moritz Herrmann,UNKNOWN,UNKNOWN,ICML,2024
ICML-2024-A003515,F. Julian D. Lange,UNKNOWN,UNKNOWN,ICML,2024
ICML-2024-A003516,Katharina Eggensperger,UNKNOWN,UNKNOWN,ICML,2024
ICML-2024-A003517,Giuseppe Casalicchio,UNKNOWN,UNKNOWN,ICML,2024
ICML-2024-A003518,Marcel Wever,UNKNOWN,UNKNOWN,ICML,2024
ICML-2024-A003519,Matthias Feurer,UNKNOWN,UNKNOWN,ICML,2024
ICML-2024-A003520,David Rügamer,UNKNOWN,UNKNOWN,ICML,2024
ICML-2024-A003521,Eyke Hüllermeier,UNKNOWN,UNKNOWN,ICML,2024
ICML-2024-A003522,Anne-Laure Boulesteix,UNKNOWN,UNKNOWN,ICML,2024
ICML-2024-A003523,Bernd Bischl,UNKNOWN,UNKNOWN,ICML,2024
ICML-2024-A003524,Maxime Heuillet,UNKNOWN,UNKNOWN,ICML,2024
ICML-2024-A003525,Ola Ahmad,UNKNOWN,UNKNOWN,ICML,2024
ICML-2024-A003526,Audrey Durand,UNKNOWN,UNKNOWN,ICML,2024
ICML-2024-A003527,David Heurtel-Depeiges,UNKNOWN,UNKNOWN,ICML,2024
ICML-2024-A003528,Charles Margossian,UNKNOWN,UNKNOWN,ICML,2024
ICML-2024-A003529,Ruben Ohana,UNKNOWN,UNKNOWN,ICML,2024
ICML-2024-A003530,Bruno Régaldo-Saint Blancard,UNKNOWN,UNKNOWN,ICML,2024
ICML-2024-A003531,Saya Higuchi,UNKNOWN,UNKNOWN,ICML,2024
ICML-2024-A003532,Sebastian Kairat,UNKNOWN,UNKNOWN,ICML,2024
ICML-2024-A003533,Sander Bohte,UNKNOWN,UNKNOWN,ICML,2024
ICML-2024-A003534,Sebastian Otte,UNKNOWN,UNKNOWN,ICML,2024
ICML-2024-A003535,Yuji Hirono,UNKNOWN,UNKNOWN,ICML,2024
ICML-2024-A003536,Akinori Tanaka,UNKNOWN,UNKNOWN,ICML,2024
ICML-2024-A003537,Kenji Fukushima,UNKNOWN,UNKNOWN,ICML,2024
ICML-2024-A003538,Yukinari Hisaki,UNKNOWN,UNKNOWN,ICML,2024
ICML-2024-A003539,Isao Ono,UNKNOWN,UNKNOWN,ICML,2024
ICML-2024-A003540,Minh Hoang,UNKNOWN,UNKNOWN,ICML,2024
ICML-2024-A003541,Azza Fadhel,UNKNOWN,UNKNOWN,ICML,2024
ICML-2024-A003542,Aryan Deshwal,UNKNOWN,UNKNOWN,ICML,2024
ICML-2024-A003543,Jana Doppa,UNKNOWN,UNKNOWN,ICML,2024
ICML-2024-A003544,Trong Nghia Hoang,UNKNOWN,UNKNOWN,ICML,2024
ICML-2024-A003545,Liam Hodgson,UNKNOWN,UNKNOWN,ICML,2024
ICML-2024-A003546,Danilo Bzdok,UNKNOWN,UNKNOWN,ICML,2024
ICML-2024-A003547,David T Hoffmann,UNKNOWN,UNKNOWN,ICML,2024
ICML-2024-A003548,Simon Schrodi,UNKNOWN,UNKNOWN,ICML,2024
ICML-2024-A003549,Jelena Bratulić,UNKNOWN,UNKNOWN,ICML,2024
ICML-2024-A003550,Nadine Behrmann,UNKNOWN,UNKNOWN,ICML,2024
ICML-2024-A003551,Volker Fischer,UNKNOWN,UNKNOWN,ICML,2024
ICML-2024-A003552,Thomas Brox,UNKNOWN,UNKNOWN,ICML,2024
ICML-2024-A003553,David W Hogg,UNKNOWN,UNKNOWN,ICML,2024
ICML-2024-A003554,Soledad Villar,UNKNOWN,UNKNOWN,ICML,2024
ICML-2024-A003555,Mikael Møller Høgsgaard,UNKNOWN,UNKNOWN,ICML,2024
ICML-2024-A003556,Lior Kamma,UNKNOWN,UNKNOWN,ICML,2024
ICML-2024-A003557,Kasper Green Larsen,UNKNOWN,UNKNOWN,ICML,2024
ICML-2024-A003558,Jelani Nelson,UNKNOWN,UNKNOWN,ICML,2024
ICML-2024-A003559,Chris Schwiegelshohn,UNKNOWN,UNKNOWN,ICML,2024
ICML-2024-A003560,Rasmus Høier,UNKNOWN,UNKNOWN,ICML,2024
ICML-2024-A003561,Christopher Zach,UNKNOWN,UNKNOWN,ICML,2024
ICML-2024-A003562,Christopher Hojny,UNKNOWN,UNKNOWN,ICML,2024
ICML-2024-A003563,Shiqiang Zhang,UNKNOWN,UNKNOWN,ICML,2024
ICML-2024-A003564,Juan S Campos,UNKNOWN,UNKNOWN,ICML,2024
ICML-2024-A003565,Ruth Misener,UNKNOWN,UNKNOWN,ICML,2024
ICML-2024-A003566,Philipp Holl,UNKNOWN,UNKNOWN,ICML,2024
ICML-2024-A003567,Nils Thuerey,UNKNOWN,UNKNOWN,ICML,2024
ICML-2024-A003568,Matthew J. Holland,UNKNOWN,UNKNOWN,ICML,2024
ICML-2024-A003569,Floris Holstege,UNKNOWN,UNKNOWN,ICML,2024
ICML-2024-A003570,Bram Wouters,UNKNOWN,UNKNOWN,ICML,2024
ICML-2024-A003571,Noud Van Giersbergen,UNKNOWN,UNKNOWN,ICML,2024
ICML-2024-A003572,Cees Diks,UNKNOWN,UNKNOWN,ICML,2024
ICML-2024-A003573,Junyuan Hong,UNKNOWN,UNKNOWN,ICML,2024
ICML-2024-A003574,Jinhao Duan,UNKNOWN,UNKNOWN,ICML,2024
ICML-2024-A003575,Chenhui Zhang,UNKNOWN,UNKNOWN,ICML,2024
ICML-2024-A003576,Zhangheng Li,UNKNOWN,UNKNOWN,ICML,2024
ICML-2024-A003577,Chulin Xie,UNKNOWN,UNKNOWN,ICML,2024
ICML-2024-A003578,Kelsey Lieberman,UNKNOWN,UNKNOWN,ICML,2024
ICML-2024-A003579,James Diffenderfer,UNKNOWN,UNKNOWN,ICML,2024
ICML-2024-A003580,Brian R. Bartoldson,UNKNOWN,UNKNOWN,ICML,2024
ICML-2024-A003581,Ajay Kumar Jaiswal,UNKNOWN,UNKNOWN,ICML,2024
ICML-2024-A003582,Kaidi Xu,UNKNOWN,UNKNOWN,ICML,2024
ICML-2024-A003583,Bhavya Kailkhura,UNKNOWN,UNKNOWN,ICML,2024
ICML-2024-A003584,Dan Hendrycks,UNKNOWN,UNKNOWN,ICML,2024
ICML-2024-A003585,Dawn Song,UNKNOWN,UNKNOWN,ICML,2024
ICML-2024-A003586,Zhangyang Wang,UNKNOWN,UNKNOWN,ICML,2024
ICML-2024-A003587,Bo Li,UNKNOWN,UNKNOWN,ICML,2024
ICML-2024-A003588,Seungbeom Hong,UNKNOWN,UNKNOWN,ICML,2024
ICML-2024-A003589,Ilmun Kim,UNKNOWN,UNKNOWN,ICML,2024
ICML-2024-A003590,Jun Song,UNKNOWN,UNKNOWN,ICML,2024
ICML-2024-A003591,Feng Hong,UNKNOWN,UNKNOWN,ICML,2024
ICML-2024-A003592,Yueming Lyu,UNKNOWN,UNKNOWN,ICML,2024
ICML-2024-A003593,Jiangchao Yao,UNKNOWN,UNKNOWN,ICML,2024
ICML-2024-A003594,Ya Zhang,UNKNOWN,UNKNOWN,ICML,2024
ICML-2024-A003595,Ivor Tsang,UNKNOWN,UNKNOWN,ICML,2024
ICML-2024-A003596,Yanfeng Wang,UNKNOWN,UNKNOWN,ICML,2024
ICML-2024-A003597,Mao Hong,UNKNOWN,UNKNOWN,ICML,2024
ICML-2024-A003598,Zhengling Qi,UNKNOWN,UNKNOWN,ICML,2024
ICML-2024-A003599,Yanxun Xu,UNKNOWN,UNKNOWN,ICML,2024
ICML-2024-A003600,Kihyuk Hong,UNKNOWN,UNKNOWN,ICML,2024
ICML-2024-A003601,Ambuj Tewari,UNKNOWN,UNKNOWN,ICML,2024
ICML-2024-A003602,Ashish Hooda,UNKNOWN,UNKNOWN,ICML,2024
ICML-2024-A003603,Mihai Christodorescu,UNKNOWN,UNKNOWN,ICML,2024
ICML-2024-A003604,Miltiadis Allamanis,UNKNOWN,UNKNOWN,ICML,2024
ICML-2024-A003605,Aaron Wilson,UNKNOWN,UNKNOWN,ICML,2024
ICML-2024-A003606,Kassem Fawaz,UNKNOWN,UNKNOWN,ICML,2024
ICML-2024-A003607,Somesh Jha,UNKNOWN,UNKNOWN,ICML,2024
ICML-2024-A003608,Snir Hordan,UNKNOWN,UNKNOWN,ICML,2024
ICML-2024-A003609,Tal Amir,UNKNOWN,UNKNOWN,ICML,2024
ICML-2024-A003610,Nadav Dym,UNKNOWN,UNKNOWN,ICML,2024
ICML-2024-A003611,Masanobu Horie,UNKNOWN,UNKNOWN,ICML,2024
ICML-2024-A003612,Naoto Mitsume,UNKNOWN,UNKNOWN,ICML,2024
ICML-2024-A003613,Stefan Horoi,UNKNOWN,UNKNOWN,ICML,2024
ICML-2024-A003614,Albert Manuel Orozco Camacho,UNKNOWN,UNKNOWN,ICML,2024
ICML-2024-A003615,Eugene Belilovsky,UNKNOWN,UNKNOWN,ICML,2024
ICML-2024-A003616,Guy Wolf,UNKNOWN,UNKNOWN,ICML,2024
ICML-2024-A003617,Guy Horowitz,UNKNOWN,UNKNOWN,ICML,2024
ICML-2024-A003618,Yonatan Sommer,UNKNOWN,UNKNOWN,ICML,2024
ICML-2024-A003619,Moran Koren,UNKNOWN,UNKNOWN,ICML,2024
ICML-2024-A003620,Nir Rosenfeld,UNKNOWN,UNKNOWN,ICML,2024
ICML-2024-A003621,Samuel Horváth,UNKNOWN,UNKNOWN,ICML,2024
ICML-2024-A003622,Stefanos Laskaridis,UNKNOWN,UNKNOWN,ICML,2024
ICML-2024-A003623,Shashank Rajput,UNKNOWN,UNKNOWN,ICML,2024
ICML-2024-A003624,Hongyi Wang,UNKNOWN,UNKNOWN,ICML,2024
ICML-2024-A003625,Eliahu Horwitz,UNKNOWN,UNKNOWN,ICML,2024
ICML-2024-A003626,Jonathan Kahana,UNKNOWN,UNKNOWN,ICML,2024
ICML-2024-A003627,Yedid Hoshen,UNKNOWN,UNKNOWN,ICML,2024
ICML-2024-A003628,Safwan Hossain,UNKNOWN,UNKNOWN,ICML,2024
ICML-2024-A003629,Yiling Chen,UNKNOWN,UNKNOWN,ICML,2024
ICML-2024-A003630,Safwan Hossain,UNKNOWN,UNKNOWN,ICML,2024
ICML-2024-A003631,Andjela Mladenovic,UNKNOWN,UNKNOWN,ICML,2024
ICML-2024-A003632,Yiling Chen,UNKNOWN,UNKNOWN,ICML,2024
ICML-2024-A003633,Gauthier Gidel,UNKNOWN,UNKNOWN,ICML,2024
ICML-2024-A003634,Safwan Hossain,UNKNOWN,UNKNOWN,ICML,2024
ICML-2024-A003635,Tonghan Wang,UNKNOWN,UNKNOWN,ICML,2024
ICML-2024-A003636,Tao Lin,UNKNOWN,UNKNOWN,ICML,2024
ICML-2024-A003637,Yiling Chen,UNKNOWN,UNKNOWN,ICML,2024
ICML-2024-A003638,David C. Parkes,UNKNOWN,UNKNOWN,ICML,2024
ICML-2024-A003639,Haifeng Xu,UNKNOWN,UNKNOWN,ICML,2024
ICML-2024-A003640,Alexandra Hotti,UNKNOWN,UNKNOWN,ICML,2024
ICML-2024-A003641,Oskar Kviman,UNKNOWN,UNKNOWN,ICML,2024
ICML-2024-A003642,Ricky Molén,UNKNOWN,UNKNOWN,ICML,2024
ICML-2024-A003643,Vı́ctor Elvira,UNKNOWN,UNKNOWN,ICML,2024
ICML-2024-A003644,Jens Lagergren,UNKNOWN,UNKNOWN,ICML,2024
ICML-2024-A003645,Linshan Hou,UNKNOWN,UNKNOWN,ICML,2024
ICML-2024-A003646,Ruili Feng,UNKNOWN,UNKNOWN,ICML,2024
ICML-2024-A003647,Zhongyun Hua,UNKNOWN,UNKNOWN,ICML,2024
ICML-2024-A003648,Wei Luo,UNKNOWN,UNKNOWN,ICML,2024
ICML-2024-A003649,Leo Yu Zhang,UNKNOWN,UNKNOWN,ICML,2024
ICML-2024-A003650,Yiming Li,UNKNOWN,UNKNOWN,ICML,2024
ICML-2024-A003651,Bairu Hou,UNKNOWN,UNKNOWN,ICML,2024
ICML-2024-A003652,Yujian Liu,UNKNOWN,UNKNOWN,ICML,2024
ICML-2024-A003653,Kaizhi Qian,UNKNOWN,UNKNOWN,ICML,2024
ICML-2024-A003654,Jacob Andreas,UNKNOWN,UNKNOWN,ICML,2024
ICML-2024-A003655,Shiyu Chang,UNKNOWN,UNKNOWN,ICML,2024
ICML-2024-A003656,Yang Zhang,UNKNOWN,UNKNOWN,ICML,2024
ICML-2024-A003657,Charlie Hou,UNKNOWN,UNKNOWN,ICML,2024
ICML-2024-A003658,Akshat Shrivastava,UNKNOWN,UNKNOWN,ICML,2024
ICML-2024-A003659,Hongyuan Zhan,UNKNOWN,UNKNOWN,ICML,2024
ICML-2024-A003660,Rylan Conway,UNKNOWN,UNKNOWN,ICML,2024
ICML-2024-A003661,Trang Le,UNKNOWN,UNKNOWN,ICML,2024
ICML-2024-A003662,Adithya Sagar,UNKNOWN,UNKNOWN,ICML,2024
ICML-2024-A003663,Giulia Fanti,UNKNOWN,UNKNOWN,ICML,2024
ICML-2024-A003664,Daniel Lazar,UNKNOWN,UNKNOWN,ICML,2024
ICML-2024-A003665,Ignacio Hounie,UNKNOWN,UNKNOWN,ICML,2024
ICML-2024-A003666,Javier Porras-Valenzuela,UNKNOWN,UNKNOWN,ICML,2024
ICML-2024-A003667,Alejandro Ribeiro,UNKNOWN,UNKNOWN,ICML,2024
ICML-2024-A003668,Yu-Guan Hsieh,UNKNOWN,UNKNOWN,ICML,2024
ICML-2024-A003669,James Thornton,UNKNOWN,UNKNOWN,ICML,2024
ICML-2024-A003670,Eugene Ndiaye,UNKNOWN,UNKNOWN,ICML,2024
ICML-2024-A003671,Michal Klein,UNKNOWN,UNKNOWN,ICML,2024
ICML-2024-A003672,Marco Cuturi,UNKNOWN,UNKNOWN,ICML,2024
ICML-2024-A003673,Pierre Ablin,UNKNOWN,UNKNOWN,ICML,2024
ICML-2024-A003674,Kyle Hsu,UNKNOWN,UNKNOWN,ICML,2024
ICML-2024-A003675,Jubayer Ibn Hamid,UNKNOWN,UNKNOWN,ICML,2024
ICML-2024-A003676,Kaylee Burns,UNKNOWN,UNKNOWN,ICML,2024
ICML-2024-A003677,Chelsea Finn,UNKNOWN,UNKNOWN,ICML,2024
ICML-2024-A003678,Jiajun Wu,UNKNOWN,UNKNOWN,ICML,2024
ICML-2024-A003679,Jerry Yao-Chieh Hu,UNKNOWN,UNKNOWN,ICML,2024
ICML-2024-A003680,Pei-Hsuan Chang,UNKNOWN,UNKNOWN,ICML,2024
ICML-2024-A003681,Haozheng Luo,UNKNOWN,UNKNOWN,ICML,2024
ICML-2024-A003682,Hong-Yu Chen,UNKNOWN,UNKNOWN,ICML,2024
ICML-2024-A003683,Weijian Li,UNKNOWN,UNKNOWN,ICML,2024
ICML-2024-A003684,Wei-Po Wang,UNKNOWN,UNKNOWN,ICML,2024
ICML-2024-A003685,Han Liu,UNKNOWN,UNKNOWN,ICML,2024
ICML-2024-A003686,Yusong Hu,UNKNOWN,UNKNOWN,ICML,2024
ICML-2024-A003687,De Cheng,UNKNOWN,UNKNOWN,ICML,2024
ICML-2024-A003688,Dingwen Zhang,UNKNOWN,UNKNOWN,ICML,2024
ICML-2024-A003689,Nannan Wang,UNKNOWN,UNKNOWN,ICML,2024
ICML-2024-A003690,Tongliang Liu,UNKNOWN,UNKNOWN,ICML,2024
ICML-2024-A003691,Xinbo Gao,UNKNOWN,UNKNOWN,ICML,2024
ICML-2024-A003692,Shengchao Hu,UNKNOWN,UNKNOWN,ICML,2024
ICML-2024-A003693,Ziqing Fan,UNKNOWN,UNKNOWN,ICML,2024
ICML-2024-A003694,Chaoqin Huang,UNKNOWN,UNKNOWN,ICML,2024
ICML-2024-A003695,Li Shen,UNKNOWN,UNKNOWN,ICML,2024
ICML-2024-A003696,Ya Zhang,UNKNOWN,UNKNOWN,ICML,2024
ICML-2024-A003697,Yanfeng Wang,UNKNOWN,UNKNOWN,ICML,2024
ICML-2024-A003698,Dacheng Tao,UNKNOWN,UNKNOWN,ICML,2024
ICML-2024-A003699,Shengchao Hu,UNKNOWN,UNKNOWN,ICML,2024
ICML-2024-A003700,Ziqing Fan,UNKNOWN,UNKNOWN,ICML,2024
ICML-2024-A003701,Li Shen,UNKNOWN,UNKNOWN,ICML,2024
ICML-2024-A003702,Ya Zhang,UNKNOWN,UNKNOWN,ICML,2024
ICML-2024-A003703,Yanfeng Wang,UNKNOWN,UNKNOWN,ICML,2024
ICML-2024-A003704,Dacheng Tao,UNKNOWN,UNKNOWN,ICML,2024
ICML-2024-A003705,Xiaoyan Hu,UNKNOWN,UNKNOWN,ICML,2024
ICML-2024-A003706,Farzan Farnia,UNKNOWN,UNKNOWN,ICML,2024
ICML-2024-A003707,Ho-Fung Leung,UNKNOWN,UNKNOWN,ICML,2024
ICML-2024-A003708,Zhengmian Hu,UNKNOWN,UNKNOWN,ICML,2024
ICML-2024-A003709,Heng Huang,UNKNOWN,UNKNOWN,ICML,2024
ICML-2024-A003710,Ziniu Hu,UNKNOWN,UNKNOWN,ICML,2024
ICML-2024-A003711,Ahmet Iscen,UNKNOWN,UNKNOWN,ICML,2024
ICML-2024-A003712,Aashi Jain,UNKNOWN,UNKNOWN,ICML,2024
ICML-2024-A003713,Thomas Kipf,UNKNOWN,UNKNOWN,ICML,2024
ICML-2024-A003714,Yisong Yue,UNKNOWN,UNKNOWN,ICML,2024
ICML-2024-A003715,David A Ross,UNKNOWN,UNKNOWN,ICML,2024
ICML-2024-A003716,Cordelia Schmid,UNKNOWN,UNKNOWN,ICML,2024
ICML-2024-A003717,Alireza Fathi,UNKNOWN,UNKNOWN,ICML,2024
ICML-2024-A003718,Zhengyang Hu,UNKNOWN,UNKNOWN,ICML,2024
ICML-2024-A003719,Song Kang,UNKNOWN,UNKNOWN,ICML,2024
ICML-2024-A003720,Qunsong Zeng,UNKNOWN,UNKNOWN,ICML,2024
ICML-2024-A003721,Kaibin Huang,UNKNOWN,UNKNOWN,ICML,2024
ICML-2024-A003722,Yanchao Yang,UNKNOWN,UNKNOWN,ICML,2024
ICML-2024-A003723,Dapeng Hu,UNKNOWN,UNKNOWN,ICML,2024
ICML-2024-A003724,Jian Liang,UNKNOWN,UNKNOWN,ICML,2024
ICML-2024-A003725,Xinchao Wang,UNKNOWN,UNKNOWN,ICML,2024
ICML-2024-A003726,Chuan-Sheng Foo,UNKNOWN,UNKNOWN,ICML,2024
ICML-2024-A003727,Jerry Yao-Chieh Hu,UNKNOWN,UNKNOWN,ICML,2024
ICML-2024-A003728,Thomas Lin,UNKNOWN,UNKNOWN,ICML,2024
ICML-2024-A003729,Zhao Song,UNKNOWN,UNKNOWN,ICML,2024
ICML-2024-A003730,Han Liu,UNKNOWN,UNKNOWN,ICML,2024
ICML-2024-A003731,Lijie Hu,UNKNOWN,UNKNOWN,ICML,2024
ICML-2024-A003732,Yixin Liu,UNKNOWN,UNKNOWN,ICML,2024
ICML-2024-A003733,Ninghao Liu,UNKNOWN,UNKNOWN,ICML,2024
ICML-2024-A003734,Mengdi Huai,UNKNOWN,UNKNOWN,ICML,2024
ICML-2024-A003735,Lichao Sun,UNKNOWN,UNKNOWN,ICML,2024
ICML-2024-A003736,Di Wang,UNKNOWN,UNKNOWN,ICML,2024
ICML-2024-A003737,Lunjia Hu,UNKNOWN,UNKNOWN,ICML,2024
ICML-2024-A003738,Charlotte Peale,UNKNOWN,UNKNOWN,ICML,2024
ICML-2024-A003739,Judy Hanwen Shen,UNKNOWN,UNKNOWN,ICML,2024
ICML-2024-A003740,Yaxi Hu,UNKNOWN,UNKNOWN,ICML,2024
ICML-2024-A003741,Amartya Sanyal,UNKNOWN,UNKNOWN,ICML,2024
ICML-2024-A003742,Bernhard Schölkopf,UNKNOWN,UNKNOWN,ICML,2024
ICML-2024-A003743,Yi Hu,UNKNOWN,UNKNOWN,ICML,2024
ICML-2024-A003744,Xiaojuan Tang,UNKNOWN,UNKNOWN,ICML,2024
ICML-2024-A003745,Haotong Yang,UNKNOWN,UNKNOWN,ICML,2024
ICML-2024-A003746,Muhan Zhang,UNKNOWN,UNKNOWN,ICML,2024
ICML-2024-A003747,Zixuan Hu,UNKNOWN,UNKNOWN,ICML,2024
ICML-2024-A003748,Yongxian Wei,UNKNOWN,UNKNOWN,ICML,2024
ICML-2024-A003749,Li Shen,UNKNOWN,UNKNOWN,ICML,2024
ICML-2024-A003750,Zhenyi Wang,UNKNOWN,UNKNOWN,ICML,2024
ICML-2024-A003751,Lei Li,UNKNOWN,UNKNOWN,ICML,2024
ICML-2024-A003752,Chun Yuan,UNKNOWN,UNKNOWN,ICML,2024
ICML-2024-A003753,Dacheng Tao,UNKNOWN,UNKNOWN,ICML,2024
ICML-2024-A003754,Hao Hu,UNKNOWN,UNKNOWN,ICML,2024
ICML-2024-A003755,Yiqin Yang,UNKNOWN,UNKNOWN,ICML,2024
ICML-2024-A003756,Jianing Ye,UNKNOWN,UNKNOWN,ICML,2024
ICML-2024-A003757,Chengjie Wu,UNKNOWN,UNKNOWN,ICML,2024
ICML-2024-A003758,Ziqing Mai,UNKNOWN,UNKNOWN,ICML,2024
ICML-2024-A003759,Yujing Hu,UNKNOWN,UNKNOWN,ICML,2024
ICML-2024-A003760,Tangjie Lv,UNKNOWN,UNKNOWN,ICML,2024
ICML-2024-A003761,Changjie Fan,UNKNOWN,UNKNOWN,ICML,2024
ICML-2024-A003762,Qianchuan Zhao,UNKNOWN,UNKNOWN,ICML,2024
ICML-2024-A003763,Chongjie Zhang,UNKNOWN,UNKNOWN,ICML,2024
ICML-2024-A003764,Jiakui Hu,UNKNOWN,UNKNOWN,ICML,2024
ICML-2024-A003765,Man Yao,UNKNOWN,UNKNOWN,ICML,2024
ICML-2024-A003766,Xuerui Qiu,UNKNOWN,UNKNOWN,ICML,2024
ICML-2024-A003767,Yuhong Chou,UNKNOWN,UNKNOWN,ICML,2024
ICML-2024-A003768,Yuxuan Cai,UNKNOWN,UNKNOWN,ICML,2024
ICML-2024-A003769,Ning Qiao,UNKNOWN,UNKNOWN,ICML,2024
ICML-2024-A003770,Yonghong Tian,UNKNOWN,UNKNOWN,ICML,2024
ICML-2024-A003771,Bo Xu,UNKNOWN,UNKNOWN,ICML,2024
ICML-2024-A003772,Guoqi Li,UNKNOWN,UNKNOWN,ICML,2024
ICML-2024-A003773,Yuezhou Hu,UNKNOWN,UNKNOWN,ICML,2024
ICML-2024-A003774,Kang Zhao,UNKNOWN,UNKNOWN,ICML,2024
ICML-2024-A003775,Weiyu Huang,UNKNOWN,UNKNOWN,ICML,2024
ICML-2024-A003776,Jianfei Chen,UNKNOWN,UNKNOWN,ICML,2024
ICML-2024-A003777,Jun Zhu,UNKNOWN,UNKNOWN,ICML,2024
ICML-2024-A003778,Xueyu Hu,UNKNOWN,UNKNOWN,ICML,2024
ICML-2024-A003779,Ziyu Zhao,UNKNOWN,UNKNOWN,ICML,2024
ICML-2024-A003780,Shuang Wei,UNKNOWN,UNKNOWN,ICML,2024
ICML-2024-A003781,Ziwei Chai,UNKNOWN,UNKNOWN,ICML,2024
ICML-2024-A003782,Qianli Ma,UNKNOWN,UNKNOWN,ICML,2024
ICML-2024-A003783,Guoyin Wang,UNKNOWN,UNKNOWN,ICML,2024
ICML-2024-A003784,Xuwu Wang,UNKNOWN,UNKNOWN,ICML,2024
ICML-2024-A003785,Jing Su,UNKNOWN,UNKNOWN,ICML,2024
ICML-2024-A003786,Jingjing Xu,UNKNOWN,UNKNOWN,ICML,2024
ICML-2024-A003787,Ming Zhu,UNKNOWN,UNKNOWN,ICML,2024
ICML-2024-A003788,Yao Cheng,UNKNOWN,UNKNOWN,ICML,2024
ICML-2024-A003789,Jianbo Yuan,UNKNOWN,UNKNOWN,ICML,2024
ICML-2024-A003790,Jiwei Li,UNKNOWN,UNKNOWN,ICML,2024
ICML-2024-A003791,Kun Kuang,UNKNOWN,UNKNOWN,ICML,2024
ICML-2024-A003792,Yang Yang,UNKNOWN,UNKNOWN,ICML,2024
ICML-2024-A003793,Hongxia Yang,UNKNOWN,UNKNOWN,ICML,2024
ICML-2024-A003794,Fei Wu,UNKNOWN,UNKNOWN,ICML,2024
ICML-2024-A003795,Cong Hua,UNKNOWN,UNKNOWN,ICML,2024
ICML-2024-A003796,Qianqian Xu,UNKNOWN,UNKNOWN,ICML,2024
ICML-2024-A003797,Shilong Bao,UNKNOWN,UNKNOWN,ICML,2024
ICML-2024-A003798,Zhiyong Yang,UNKNOWN,UNKNOWN,ICML,2024
ICML-2024-A003799,Qingming Huang,UNKNOWN,UNKNOWN,ICML,2024
ICML-2024-A003800,Feihu Huang,UNKNOWN,UNKNOWN,ICML,2024
ICML-2024-A003801,Shi-Sheng Huang,UNKNOWN,UNKNOWN,ICML,2024
ICML-2024-A003802,Guo Chen,UNKNOWN,UNKNOWN,ICML,2024
ICML-2024-A003803,Chen Li Heng,UNKNOWN,UNKNOWN,ICML,2024
ICML-2024-A003804,Hua Huang,UNKNOWN,UNKNOWN,ICML,2024
ICML-2024-A003805,Kexin Huang,UNKNOWN,UNKNOWN,ICML,2024
ICML-2024-A003806,Ziqian Chen,UNKNOWN,UNKNOWN,ICML,2024
ICML-2024-A003807,Xue Wang,UNKNOWN,UNKNOWN,ICML,2024
ICML-2024-A003808,Chongming Gao,UNKNOWN,UNKNOWN,ICML,2024
ICML-2024-A003809,Jinyang Gao,UNKNOWN,UNKNOWN,ICML,2024
ICML-2024-A003810,Bolin Ding,UNKNOWN,UNKNOWN,ICML,2024
ICML-2024-A003811,Xiang Wang,UNKNOWN,UNKNOWN,ICML,2024
ICML-2024-A003812,Yu Huang,UNKNOWN,UNKNOWN,ICML,2024
ICML-2024-A003813,Yuan Cheng,UNKNOWN,UNKNOWN,ICML,2024
ICML-2024-A003814,Yingbin Liang,UNKNOWN,UNKNOWN,ICML,2024
ICML-2024-A003815,Junyu Huang,UNKNOWN,UNKNOWN,ICML,2024
ICML-2024-A003816,Qilong Feng,UNKNOWN,UNKNOWN,ICML,2024
ICML-2024-A003817,Ziyun Huang,UNKNOWN,UNKNOWN,ICML,2024
ICML-2024-A003818,Jinhui Xu,UNKNOWN,UNKNOWN,ICML,2024
ICML-2024-A003819,Jianxin Wang,UNKNOWN,UNKNOWN,ICML,2024
ICML-2024-A003820,Taoan Huang,UNKNOWN,UNKNOWN,ICML,2024
ICML-2024-A003821,Aaron M Ferber,UNKNOWN,UNKNOWN,ICML,2024
ICML-2024-A003822,Arman Zharmagambetov,UNKNOWN,UNKNOWN,ICML,2024
ICML-2024-A003823,Yuandong Tian,UNKNOWN,UNKNOWN,ICML,2024
ICML-2024-A003824,Bistra Dilkina,UNKNOWN,UNKNOWN,ICML,2024
ICML-2024-A003825,Yujia Huang,UNKNOWN,UNKNOWN,ICML,2024
ICML-2024-A003826,Adishree Ghatare,UNKNOWN,UNKNOWN,ICML,2024
ICML-2024-A003827,Yuanzhe Liu,UNKNOWN,UNKNOWN,ICML,2024
ICML-2024-A003828,Ziniu Hu,UNKNOWN,UNKNOWN,ICML,2024
ICML-2024-A003829,Qinsheng Zhang,UNKNOWN,UNKNOWN,ICML,2024
ICML-2024-A003830,Chandramouli Shama Sastry,UNKNOWN,UNKNOWN,ICML,2024
ICML-2024-A003831,Siddharth Gururani,UNKNOWN,UNKNOWN,ICML,2024
ICML-2024-A003832,Sageev Oore,UNKNOWN,UNKNOWN,ICML,2024
ICML-2024-A003833,Yisong Yue,UNKNOWN,UNKNOWN,ICML,2024
ICML-2024-A003834,Langwen Huang,UNKNOWN,UNKNOWN,ICML,2024
ICML-2024-A003835,Lukas Gianinazzi,UNKNOWN,UNKNOWN,ICML,2024
ICML-2024-A003836,Yuejiang Yu,UNKNOWN,UNKNOWN,ICML,2024
ICML-2024-A003837,Peter Dominik Dueben,UNKNOWN,UNKNOWN,ICML,2024
ICML-2024-A003838,Torsten Hoefler,UNKNOWN,UNKNOWN,ICML,2024
ICML-2024-A003839,Jiawei Huang,UNKNOWN,UNKNOWN,ICML,2024
ICML-2024-A003840,Niao He,UNKNOWN,UNKNOWN,ICML,2024
ICML-2024-A003841,Andreas Krause,UNKNOWN,UNKNOWN,ICML,2024
ICML-2024-A003842,Sili Huang,UNKNOWN,UNKNOWN,ICML,2024
ICML-2024-A003843,Jifeng Hu,UNKNOWN,UNKNOWN,ICML,2024
ICML-2024-A003844,Hechang Chen,UNKNOWN,UNKNOWN,ICML,2024
ICML-2024-A003845,Lichao Sun,UNKNOWN,UNKNOWN,ICML,2024
ICML-2024-A003846,Bo Yang,UNKNOWN,UNKNOWN,ICML,2024
ICML-2024-A003847,Rongjie Huang,UNKNOWN,UNKNOWN,ICML,2024
ICML-2024-A003848,Ruofan Hu,UNKNOWN,UNKNOWN,ICML,2024
ICML-2024-A003849,Yongqi Wang,UNKNOWN,UNKNOWN,ICML,2024
ICML-2024-A003850,Zehan Wang,UNKNOWN,UNKNOWN,ICML,2024
ICML-2024-A003851,Xize Cheng,UNKNOWN,UNKNOWN,ICML,2024
ICML-2024-A003852,Ziyue Jiang,UNKNOWN,UNKNOWN,ICML,2024
ICML-2024-A003853,Zhenhui Ye,UNKNOWN,UNKNOWN,ICML,2024
ICML-2024-A003854,Dongchao Yang,UNKNOWN,UNKNOWN,ICML,2024
ICML-2024-A003855,Luping Liu,UNKNOWN,UNKNOWN,ICML,2024
ICML-2024-A003856,Peng Gao,UNKNOWN,UNKNOWN,ICML,2024
ICML-2024-A003857,Zhou Zhao,UNKNOWN,UNKNOWN,ICML,2024
ICML-2024-A003858,Ding Huang,UNKNOWN,UNKNOWN,ICML,2024
ICML-2024-A003859,Ting Li,UNKNOWN,UNKNOWN,ICML,2024
ICML-2024-A003860,Jian Huang,UNKNOWN,UNKNOWN,ICML,2024
ICML-2024-A003861,Zhongzhan Huang,UNKNOWN,UNKNOWN,ICML,2024
ICML-2024-A003862,Mingfu Liang,UNKNOWN,UNKNOWN,ICML,2024
ICML-2024-A003863,Shanshan Zhong,UNKNOWN,UNKNOWN,ICML,2024
ICML-2024-A003864,Liang Lin,UNKNOWN,UNKNOWN,ICML,2024
ICML-2024-A003865,Yulong Huang,UNKNOWN,UNKNOWN,ICML,2024
ICML-2024-A003866,Xiaopeng Lin,UNKNOWN,UNKNOWN,ICML,2024
ICML-2024-A003867,Hongwei Ren,UNKNOWN,UNKNOWN,ICML,2024
ICML-2024-A003868,Haotian Fu,UNKNOWN,UNKNOWN,ICML,2024
ICML-2024-A003869,Yue Zhou,UNKNOWN,UNKNOWN,ICML,2024
ICML-2024-A003870,Zunchang Liu,UNKNOWN,UNKNOWN,ICML,2024
ICML-2024-A003871,Biao Pan,UNKNOWN,UNKNOWN,ICML,2024
ICML-2024-A003872,Bojun Cheng,UNKNOWN,UNKNOWN,ICML,2024
ICML-2024-A003873,Zhuo Huang,UNKNOWN,UNKNOWN,ICML,2024
ICML-2024-A003874,Chang Liu,UNKNOWN,UNKNOWN,ICML,2024
ICML-2024-A003875,Yinpeng Dong,UNKNOWN,UNKNOWN,ICML,2024
ICML-2024-A003876,Hang Su,UNKNOWN,UNKNOWN,ICML,2024
ICML-2024-A003877,Shibao Zheng,UNKNOWN,UNKNOWN,ICML,2024
ICML-2024-A003878,Tongliang Liu,UNKNOWN,UNKNOWN,ICML,2024
ICML-2024-A003879,Yizhe Huang,UNKNOWN,UNKNOWN,ICML,2024
ICML-2024-A003880,Anji Liu,UNKNOWN,UNKNOWN,ICML,2024
ICML-2024-A003881,Fanqi Kong,UNKNOWN,UNKNOWN,ICML,2024
ICML-2024-A003882,Yaodong Yang,UNKNOWN,UNKNOWN,ICML,2024
ICML-2024-A003883,Song-Chun Zhu,UNKNOWN,UNKNOWN,ICML,2024
ICML-2024-A003884,Xue Feng,UNKNOWN,UNKNOWN,ICML,2024
ICML-2024-A003885,Wei Huang,UNKNOWN,UNKNOWN,ICML,2024
ICML-2024-A003886,Yangdong Liu,UNKNOWN,UNKNOWN,ICML,2024
ICML-2024-A003887,Haotong Qin,UNKNOWN,UNKNOWN,ICML,2024
ICML-2024-A003888,Ying Li,UNKNOWN,UNKNOWN,ICML,2024
ICML-2024-A003889,Shiming Zhang,UNKNOWN,UNKNOWN,ICML,2024
ICML-2024-A003890,Xianglong Liu,UNKNOWN,UNKNOWN,ICML,2024
ICML-2024-A003891,Michele Magno,UNKNOWN,UNKNOWN,ICML,2024
ICML-2024-A003892,Xiaojuan Qi,UNKNOWN,UNKNOWN,ICML,2024
ICML-2024-A003893,Qiang Huang,UNKNOWN,UNKNOWN,ICML,2024
ICML-2024-A003894,Chuizheng Meng,UNKNOWN,UNKNOWN,ICML,2024
ICML-2024-A003895,Defu Cao,UNKNOWN,UNKNOWN,ICML,2024
ICML-2024-A003896,Biwei Huang,UNKNOWN,UNKNOWN,ICML,2024
ICML-2024-A003897,Yi Chang,UNKNOWN,UNKNOWN,ICML,2024
ICML-2024-A003898,Yan Liu,UNKNOWN,UNKNOWN,ICML,2024
ICML-2024-A003899,Shuying Huang,UNKNOWN,UNKNOWN,ICML,2024
ICML-2024-A003900,Mingyang Ren,UNKNOWN,UNKNOWN,ICML,2024
ICML-2024-A003901,Yong Yang,UNKNOWN,UNKNOWN,ICML,2024
ICML-2024-A003902,Xiaozheng Wang,UNKNOWN,UNKNOWN,ICML,2024
ICML-2024-A003903,Yingzhi Wei,UNKNOWN,UNKNOWN,ICML,2024
ICML-2024-A003904,Jincheng Huang,UNKNOWN,UNKNOWN,ICML,2024
ICML-2024-A003905,Jialie Shen,UNKNOWN,UNKNOWN,ICML,2024
ICML-2024-A003906,Xiaoshuang Shi,UNKNOWN,UNKNOWN,ICML,2024
ICML-2024-A003907,Xiaofeng Zhu,UNKNOWN,UNKNOWN,ICML,2024
ICML-2024-A003908,Wenke Huang,UNKNOWN,UNKNOWN,ICML,2024
ICML-2024-A003909,Zekun Shi,UNKNOWN,UNKNOWN,ICML,2024
ICML-2024-A003910,Mang Ye,UNKNOWN,UNKNOWN,ICML,2024
ICML-2024-A003911,He Li,UNKNOWN,UNKNOWN,ICML,2024
ICML-2024-A003912,Bo Du,UNKNOWN,UNKNOWN,ICML,2024
ICML-2024-A003913,Chun-Yin Huang,UNKNOWN,UNKNOWN,ICML,2024
ICML-2024-A003914,Kartik Srinivas,UNKNOWN,UNKNOWN,ICML,2024
ICML-2024-A003915,Xin Zhang,UNKNOWN,UNKNOWN,ICML,2024
ICML-2024-A003916,Xiaoxiao Li,UNKNOWN,UNKNOWN,ICML,2024
ICML-2024-A003917,Zhen Huang,UNKNOWN,UNKNOWN,ICML,2024
ICML-2024-A003918,Jiajin Sun,UNKNOWN,UNKNOWN,ICML,2024
ICML-2024-A003919,Yian Huang,UNKNOWN,UNKNOWN,ICML,2024
ICML-2024-A003920,Yue Huang,UNKNOWN,UNKNOWN,ICML,2024
ICML-2024-A003921,Lichao Sun,UNKNOWN,UNKNOWN,ICML,2024
ICML-2024-A003922,Haoran Wang,UNKNOWN,UNKNOWN,ICML,2024
ICML-2024-A003923,Siyuan Wu,UNKNOWN,UNKNOWN,ICML,2024
ICML-2024-A003924,Qihui Zhang,UNKNOWN,UNKNOWN,ICML,2024
ICML-2024-A003925,Yuan Li,UNKNOWN,UNKNOWN,ICML,2024
ICML-2024-A003926,Chujie Gao,UNKNOWN,UNKNOWN,ICML,2024
ICML-2024-A003927,Yixin Huang,UNKNOWN,UNKNOWN,ICML,2024
ICML-2024-A003928,Wenhan Lyu,UNKNOWN,UNKNOWN,ICML,2024
ICML-2024-A003929,Yixuan Zhang,UNKNOWN,UNKNOWN,ICML,2024
ICML-2024-A003930,Xiner Li,UNKNOWN,UNKNOWN,ICML,2024
ICML-2024-A003931,Hanchi Sun,UNKNOWN,UNKNOWN,ICML,2024
ICML-2024-A003932,Zhengliang Liu,UNKNOWN,UNKNOWN,ICML,2024
ICML-2024-A003933,Yixin Liu,UNKNOWN,UNKNOWN,ICML,2024
ICML-2024-A003934,Yijue Wang,UNKNOWN,UNKNOWN,ICML,2024
ICML-2024-A003935,Zhikun Zhang,UNKNOWN,UNKNOWN,ICML,2024
ICML-2024-A003936,Bertie Vidgen,UNKNOWN,UNKNOWN,ICML,2024
ICML-2024-A003937,Bhavya Kailkhura,UNKNOWN,UNKNOWN,ICML,2024
ICML-2024-A003938,Caiming Xiong,UNKNOWN,UNKNOWN,ICML,2024
ICML-2024-A003939,Chaowei Xiao,UNKNOWN,UNKNOWN,ICML,2024
ICML-2024-A003940,Chunyuan Li,UNKNOWN,UNKNOWN,ICML,2024
ICML-2024-A003941,Eric P. Xing,UNKNOWN,UNKNOWN,ICML,2024
ICML-2024-A003942,Furong Huang,UNKNOWN,UNKNOWN,ICML,2024
ICML-2024-A003943,Hao Liu,UNKNOWN,UNKNOWN,ICML,2024
ICML-2024-A003944,Heng Ji,UNKNOWN,UNKNOWN,ICML,2024
ICML-2024-A003945,Hongyi Wang,UNKNOWN,UNKNOWN,ICML,2024
ICML-2024-A003946,Huan Zhang,UNKNOWN,UNKNOWN,ICML,2024
ICML-2024-A003947,Huaxiu Yao,UNKNOWN,UNKNOWN,ICML,2024
ICML-2024-A003948,Manolis Kellis,UNKNOWN,UNKNOWN,ICML,2024
ICML-2024-A003949,Marinka Zitnik,UNKNOWN,UNKNOWN,ICML,2024
ICML-2024-A003950,Meng Jiang,UNKNOWN,UNKNOWN,ICML,2024
ICML-2024-A003951,Mohit Bansal,UNKNOWN,UNKNOWN,ICML,2024
ICML-2024-A003952,James Zou,UNKNOWN,UNKNOWN,ICML,2024
ICML-2024-A003953,Jian Pei,UNKNOWN,UNKNOWN,ICML,2024
ICML-2024-A003954,Jian Liu,UNKNOWN,UNKNOWN,ICML,2024
ICML-2024-A003955,Jianfeng Gao,UNKNOWN,UNKNOWN,ICML,2024
ICML-2024-A003956,Jiawei Han,UNKNOWN,UNKNOWN,ICML,2024
ICML-2024-A003957,Jieyu Zhao,UNKNOWN,UNKNOWN,ICML,2024
ICML-2024-A003958,Jiliang Tang,UNKNOWN,UNKNOWN,ICML,2024
ICML-2024-A003959,Jindong Wang,UNKNOWN,UNKNOWN,ICML,2024
ICML-2024-A003960,Joaquin Vanschoren,UNKNOWN,UNKNOWN,ICML,2024
ICML-2024-A003961,John Mitchell,UNKNOWN,UNKNOWN,ICML,2024
ICML-2024-A003962,Kai Shu,UNKNOWN,UNKNOWN,ICML,2024
ICML-2024-A003963,Kaidi Xu,UNKNOWN,UNKNOWN,ICML,2024
ICML-2024-A003964,Kai-Wei Chang,UNKNOWN,UNKNOWN,ICML,2024
ICML-2024-A003965,Lifang He,UNKNOWN,UNKNOWN,ICML,2024
ICML-2024-A003966,Lifu Huang,UNKNOWN,UNKNOWN,ICML,2024
ICML-2024-A003967,Michael Backes,UNKNOWN,UNKNOWN,ICML,2024
ICML-2024-A003968,Neil Zhenqiang Gong,UNKNOWN,UNKNOWN,ICML,2024
ICML-2024-A003969,Philip S. Yu,UNKNOWN,UNKNOWN,ICML,2024
ICML-2024-A003970,Pin-Yu Chen,UNKNOWN,UNKNOWN,ICML,2024
ICML-2024-A003971,Quanquan Gu,UNKNOWN,UNKNOWN,ICML,2024
ICML-2024-A003972,Ran Xu,UNKNOWN,UNKNOWN,ICML,2024
ICML-2024-A003973,Rex Ying,UNKNOWN,UNKNOWN,ICML,2024
ICML-2024-A003974,Shuiwang Ji,UNKNOWN,UNKNOWN,ICML,2024
ICML-2024-A003975,Suman Jana,UNKNOWN,UNKNOWN,ICML,2024
ICML-2024-A003976,Tianlong Chen,UNKNOWN,UNKNOWN,ICML,2024
ICML-2024-A003977,Tianming Liu,UNKNOWN,UNKNOWN,ICML,2024
ICML-2024-A003978,Tianyi Zhou,UNKNOWN,UNKNOWN,ICML,2024
ICML-2024-A003979,William Yang Wang,UNKNOWN,UNKNOWN,ICML,2024
ICML-2024-A003980,Xiang Li,UNKNOWN,UNKNOWN,ICML,2024
ICML-2024-A003981,Xiangliang Zhang,UNKNOWN,UNKNOWN,ICML,2024
ICML-2024-A003982,Xiao Wang,UNKNOWN,UNKNOWN,ICML,2024
ICML-2024-A003983,Xing Xie,UNKNOWN,UNKNOWN,ICML,2024
ICML-2024-A003984,Xun Chen,UNKNOWN,UNKNOWN,ICML,2024
ICML-2024-A003985,Xuyu Wang,UNKNOWN,UNKNOWN,ICML,2024
ICML-2024-A003986,Yan Liu,UNKNOWN,UNKNOWN,ICML,2024
ICML-2024-A003987,Yanfang Ye,UNKNOWN,UNKNOWN,ICML,2024
ICML-2024-A003988,Yinzhi Cao,UNKNOWN,UNKNOWN,ICML,2024
ICML-2024-A003989,Yong Chen,UNKNOWN,UNKNOWN,ICML,2024
ICML-2024-A003990,Yue Zhao,UNKNOWN,UNKNOWN,ICML,2024
ICML-2024-A003991,Qian Huang,UNKNOWN,UNKNOWN,ICML,2024
ICML-2024-A003992,Jian Vora,UNKNOWN,UNKNOWN,ICML,2024
ICML-2024-A003993,Percy Liang,UNKNOWN,UNKNOWN,ICML,2024
ICML-2024-A003994,Jure Leskovec,UNKNOWN,UNKNOWN,ICML,2024
ICML-2024-A003995,Keke Huang,UNKNOWN,UNKNOWN,ICML,2024
ICML-2024-A003996,Yu Guang Wang,UNKNOWN,UNKNOWN,ICML,2024
ICML-2024-A003997,Ming Li,UNKNOWN,UNKNOWN,ICML,2024
ICML-2024-A003998,Pietro Lio,UNKNOWN,UNKNOWN,ICML,2024
ICML-2024-A003999,Jianguo Huang,UNKNOWN,UNKNOWN,ICML,2024
ICML-2024-A004000,Huajun Xi,UNKNOWN,UNKNOWN,ICML,2024
ICML-2024-A004001,Linjun Zhang,UNKNOWN,UNKNOWN,ICML,2024
ICML-2024-A004002,Huaxiu Yao,UNKNOWN,UNKNOWN,ICML,2024
ICML-2024-A004003,Yue Qiu,UNKNOWN,UNKNOWN,ICML,2024
ICML-2024-A004004,Hongxin Wei,UNKNOWN,UNKNOWN,ICML,2024
ICML-2024-A004005,Zhilin Huang,UNKNOWN,UNKNOWN,ICML,2024
ICML-2024-A004006,Ling Yang,UNKNOWN,UNKNOWN,ICML,2024
ICML-2024-A004007,Xiangxin Zhou,UNKNOWN,UNKNOWN,ICML,2024
ICML-2024-A004008,Chujun Qin,UNKNOWN,UNKNOWN,ICML,2024
ICML-2024-A004009,Yijie Yu,UNKNOWN,UNKNOWN,ICML,2024
ICML-2024-A004010,Xiawu Zheng,UNKNOWN,UNKNOWN,ICML,2024
ICML-2024-A004011,Zikun Zhou,UNKNOWN,UNKNOWN,ICML,2024
ICML-2024-A004012,Wentao Zhang,UNKNOWN,UNKNOWN,ICML,2024
ICML-2024-A004013,Yu Wang,UNKNOWN,UNKNOWN,ICML,2024
ICML-2024-A004014,Wenming Yang,UNKNOWN,UNKNOWN,ICML,2024
ICML-2024-A004015,Zheng Huang,UNKNOWN,UNKNOWN,ICML,2024
ICML-2024-A004016,Qihui Yang,UNKNOWN,UNKNOWN,ICML,2024
ICML-2024-A004017,Dawei Zhou,UNKNOWN,UNKNOWN,ICML,2024
ICML-2024-A004018,Yujun Yan,UNKNOWN,UNKNOWN,ICML,2024
ICML-2024-A004019,Yancheng Huang,UNKNOWN,UNKNOWN,ICML,2024
ICML-2024-A004020,Kai Yang,UNKNOWN,UNKNOWN,ICML,2024
ICML-2024-A004021,Zelin Zhu,UNKNOWN,UNKNOWN,ICML,2024
ICML-2024-A004022,Leian Chen,UNKNOWN,UNKNOWN,ICML,2024
ICML-2024-A004023,Jiangyong Huang,UNKNOWN,UNKNOWN,ICML,2024
ICML-2024-A004024,Silong Yong,UNKNOWN,UNKNOWN,ICML,2024
ICML-2024-A004025,Xiaojian Ma,UNKNOWN,UNKNOWN,ICML,2024
ICML-2024-A004026,Xiongkun Linghu,UNKNOWN,UNKNOWN,ICML,2024
ICML-2024-A004027,Puhao Li,UNKNOWN,UNKNOWN,ICML,2024
ICML-2024-A004028,Yan Wang,UNKNOWN,UNKNOWN,ICML,2024
ICML-2024-A004029,Qing Li,UNKNOWN,UNKNOWN,ICML,2024
ICML-2024-A004030,Song-Chun Zhu,UNKNOWN,UNKNOWN,ICML,2024
ICML-2024-A004031,Baoxiong Jia,UNKNOWN,UNKNOWN,ICML,2024
ICML-2024-A004032,Siyuan Huang,UNKNOWN,UNKNOWN,ICML,2024
ICML-2024-A004033,Zhe Huang,UNKNOWN,UNKNOWN,ICML,2024
ICML-2024-A004034,Xiaowei Yu,UNKNOWN,UNKNOWN,ICML,2024
ICML-2024-A004035,Dajiang Zhu,UNKNOWN,UNKNOWN,ICML,2024
ICML-2024-A004036,Michael C Hughes,UNKNOWN,UNKNOWN,ICML,2024
ICML-2024-A004037,Yufei Huang,UNKNOWN,UNKNOWN,ICML,2024
ICML-2024-A004038,Odin Zhang,UNKNOWN,UNKNOWN,ICML,2024
ICML-2024-A004039,Lirong Wu,UNKNOWN,UNKNOWN,ICML,2024
ICML-2024-A004040,Cheng Tan,UNKNOWN,UNKNOWN,ICML,2024
ICML-2024-A004041,Haitao Lin,UNKNOWN,UNKNOWN,ICML,2024
ICML-2024-A004042,Zhangyang Gao,UNKNOWN,UNKNOWN,ICML,2024
ICML-2024-A004043,Siyuan Li,UNKNOWN,UNKNOWN,ICML,2024
ICML-2024-A004044,Stan Z. Li,UNKNOWN,UNKNOWN,ICML,2024
ICML-2024-A004045,Feihu Huang,UNKNOWN,UNKNOWN,ICML,2024
ICML-2024-A004046,Jianyu Zhao,UNKNOWN,UNKNOWN,ICML,2024
ICML-2024-A004047,Haonan Huang,UNKNOWN,UNKNOWN,ICML,2024
ICML-2024-A004048,Guoxu Zhou,UNKNOWN,UNKNOWN,ICML,2024
ICML-2024-A004049,Yanghang Zheng,UNKNOWN,UNKNOWN,ICML,2024
ICML-2024-A004050,Yuning Qiu,UNKNOWN,UNKNOWN,ICML,2024
ICML-2024-A004051,Andong Wang,UNKNOWN,UNKNOWN,ICML,2024
ICML-2024-A004052,Qibin Zhao,UNKNOWN,UNKNOWN,ICML,2024
ICML-2024-A004053,Xunpeng Huang,UNKNOWN,UNKNOWN,ICML,2024
ICML-2024-A004054,Difan Zou,UNKNOWN,UNKNOWN,ICML,2024
ICML-2024-A004055,Hanze Dong,UNKNOWN,UNKNOWN,ICML,2024
ICML-2024-A004056,Yian Ma,UNKNOWN,UNKNOWN,ICML,2024
ICML-2024-A004057,Tong Zhang,UNKNOWN,UNKNOWN,ICML,2024
ICML-2024-A004058,Edward Hughes,UNKNOWN,UNKNOWN,ICML,2024
ICML-2024-A004059,Michael D Dennis,UNKNOWN,UNKNOWN,ICML,2024
ICML-2024-A004060,Jack Parker-Holder,UNKNOWN,UNKNOWN,ICML,2024
ICML-2024-A004061,Feryal Behbahani,UNKNOWN,UNKNOWN,ICML,2024
ICML-2024-A004062,Aditi Mavalankar,UNKNOWN,UNKNOWN,ICML,2024
ICML-2024-A004063,Yuge Shi,UNKNOWN,UNKNOWN,ICML,2024
ICML-2024-A004064,Tom Schaul,UNKNOWN,UNKNOWN,ICML,2024
ICML-2024-A004065,Tim Rocktäschel,UNKNOWN,UNKNOWN,ICML,2024
ICML-2024-A004066,Minyoung Huh,UNKNOWN,UNKNOWN,ICML,2024
ICML-2024-A004067,Brian Cheung,UNKNOWN,UNKNOWN,ICML,2024
ICML-2024-A004068,Tongzhou Wang,UNKNOWN,UNKNOWN,ICML,2024
ICML-2024-A004069,Phillip Isola,UNKNOWN,UNKNOWN,ICML,2024
ICML-2024-A004070,Joon Suk Huh,UNKNOWN,UNKNOWN,ICML,2024
ICML-2024-A004071,Kirthevasan Kandasamy,UNKNOWN,UNKNOWN,ICML,2024
ICML-2024-A004072,Ka-Hei Hui,UNKNOWN,UNKNOWN,ICML,2024
ICML-2024-A004073,Aditya Sanghi,UNKNOWN,UNKNOWN,ICML,2024
ICML-2024-A004074,Arianna Rampini,UNKNOWN,UNKNOWN,ICML,2024
ICML-2024-A004075,Kamal Rahimi Malekshan,UNKNOWN,UNKNOWN,ICML,2024
ICML-2024-A004076,Zhengzhe Liu,UNKNOWN,UNKNOWN,ICML,2024
ICML-2024-A004077,Hooman Shayani,UNKNOWN,UNKNOWN,ICML,2024
ICML-2024-A004078,Chi-Wing Fu,UNKNOWN,UNKNOWN,ICML,2024
ICML-2024-A004079,Iris A.M. Huijben,UNKNOWN,UNKNOWN,ICML,2024
ICML-2024-A004080,Matthijs Douze,UNKNOWN,UNKNOWN,ICML,2024
ICML-2024-A004081,Matthew J. Muckley,UNKNOWN,UNKNOWN,ICML,2024
ICML-2024-A004082,Ruud Van Sloun,UNKNOWN,UNKNOWN,ICML,2024
ICML-2024-A004083,Jakob Verbeek,UNKNOWN,UNKNOWN,ICML,2024
ICML-2024-A004084,Tom Huix,UNKNOWN,UNKNOWN,ICML,2024
ICML-2024-A004085,Anna Korba,UNKNOWN,UNKNOWN,ICML,2024
ICML-2024-A004086,Alain Oliviero Durmus,UNKNOWN,UNKNOWN,ICML,2024
ICML-2024-A004087,Eric Moulines,UNKNOWN,UNKNOWN,ICML,2024
ICML-2024-A004088,Ahmed Imtiaz Humayun,UNKNOWN,UNKNOWN,ICML,2024
ICML-2024-A004089,Randall Balestriero,UNKNOWN,UNKNOWN,ICML,2024
ICML-2024-A004090,Richard Baraniuk,UNKNOWN,UNKNOWN,ICML,2024
ICML-2024-A004091,Mingjia Huo,UNKNOWN,UNKNOWN,ICML,2024
ICML-2024-A004092,Sai Ashish Somayajula,UNKNOWN,UNKNOWN,ICML,2024
ICML-2024-A004093,Youwei Liang,UNKNOWN,UNKNOWN,ICML,2024
ICML-2024-A004094,Ruisi Zhang,UNKNOWN,UNKNOWN,ICML,2024
ICML-2024-A004095,Farinaz Koushanfar,UNKNOWN,UNKNOWN,ICML,2024
ICML-2024-A004096,Pengtao Xie,UNKNOWN,UNKNOWN,ICML,2024
ICML-2024-A004097,Md Shamim Hussain,UNKNOWN,UNKNOWN,ICML,2024
ICML-2024-A004098,Mohammed J Zaki,UNKNOWN,UNKNOWN,ICML,2024
ICML-2024-A004099,Dharmashankar Subramanian,UNKNOWN,UNKNOWN,ICML,2024
ICML-2024-A004100,Carl Hvarfner,UNKNOWN,UNKNOWN,ICML,2024
ICML-2024-A004101,Erik Orm Hellsten,UNKNOWN,UNKNOWN,ICML,2024
ICML-2024-A004102,Luigi Nardi,UNKNOWN,UNKNOWN,ICML,2024
ICML-2024-A004103,Inwoo Hwang,UNKNOWN,UNKNOWN,ICML,2024
ICML-2024-A004104,Yesong Choe,UNKNOWN,UNKNOWN,ICML,2024
ICML-2024-A004105,Yeahoon Kwon,UNKNOWN,UNKNOWN,ICML,2024
ICML-2024-A004106,Sanghack Lee,UNKNOWN,UNKNOWN,ICML,2024
ICML-2024-A004107,Inwoo Hwang,UNKNOWN,UNKNOWN,ICML,2024
ICML-2024-A004108,Yunhyeok Kwak,UNKNOWN,UNKNOWN,ICML,2024
ICML-2024-A004109,Suhyung Choi,UNKNOWN,UNKNOWN,ICML,2024
ICML-2024-A004110,Byoung-Tak Zhang,UNKNOWN,UNKNOWN,ICML,2024
ICML-2024-A004111,Sanghack Lee,UNKNOWN,UNKNOWN,ICML,2024
ICML-2024-A004112,Dongyoon Hwang,UNKNOWN,UNKNOWN,ICML,2024
ICML-2024-A004113,Byungkun Lee,UNKNOWN,UNKNOWN,ICML,2024
ICML-2024-A004114,Hojoon Lee,UNKNOWN,UNKNOWN,ICML,2024
ICML-2024-A004115,Hyunseung Kim,UNKNOWN,UNKNOWN,ICML,2024
ICML-2024-A004116,Jaegul Choo,UNKNOWN,UNKNOWN,ICML,2024
ICML-2024-A004117,Sunil Hwang,UNKNOWN,UNKNOWN,ICML,2024
ICML-2024-A004118,Jaehong Yoon,UNKNOWN,UNKNOWN,ICML,2024
ICML-2024-A004119,Youngwan Lee,UNKNOWN,UNKNOWN,ICML,2024
ICML-2024-A004120,Sung Ju Hwang,UNKNOWN,UNKNOWN,ICML,2024
ICML-2024-A004121,Christian Igel,UNKNOWN,UNKNOWN,ICML,2024
ICML-2024-A004122,Romain Ilbert,UNKNOWN,UNKNOWN,ICML,2024
ICML-2024-A004123,Ambroise Odonnat,UNKNOWN,UNKNOWN,ICML,2024
ICML-2024-A004124,Vasilii Feofanov,UNKNOWN,UNKNOWN,ICML,2024
ICML-2024-A004125,Aladin Virmaux,UNKNOWN,UNKNOWN,ICML,2024
ICML-2024-A004126,Giuseppe Paolo,UNKNOWN,UNKNOWN,ICML,2024
ICML-2024-A004127,Themis Palpanas,UNKNOWN,UNKNOWN,ICML,2024
ICML-2024-A004128,Ievgen Redko,UNKNOWN,UNKNOWN,ICML,2024
ICML-2024-A004129,Muhammed Emrullah Ildiz,UNKNOWN,UNKNOWN,ICML,2024
ICML-2024-A004130,Yixiao Huang,UNKNOWN,UNKNOWN,ICML,2024
ICML-2024-A004131,Yingcong Li,UNKNOWN,UNKNOWN,ICML,2024
ICML-2024-A004132,Ankit Singh Rawat,UNKNOWN,UNKNOWN,ICML,2024
ICML-2024-A004133,Samet Oymak,UNKNOWN,UNKNOWN,ICML,2024
ICML-2024-A004134,Shawn Im,UNKNOWN,UNKNOWN,ICML,2024
ICML-2024-A004135,Yixuan Li,UNKNOWN,UNKNOWN,ICML,2024
ICML-2024-A004136,Tyler Ingebrand,UNKNOWN,UNKNOWN,ICML,2024
ICML-2024-A004137,Amy Zhang,UNKNOWN,UNKNOWN,ICML,2024
ICML-2024-A004138,Ufuk Topcu,UNKNOWN,UNKNOWN,ICML,2024
ICML-2024-A004139,Jacopo Iollo,UNKNOWN,UNKNOWN,ICML,2024
ICML-2024-A004140,Christophe Heinkelé,UNKNOWN,UNKNOWN,ICML,2024
ICML-2024-A004141,Pierre Alliez,UNKNOWN,UNKNOWN,ICML,2024
ICML-2024-A004142,Florence Forbes,UNKNOWN,UNKNOWN,ICML,2024
ICML-2024-A004143,Sahel Iqbal,UNKNOWN,UNKNOWN,ICML,2024
ICML-2024-A004144,Adrien Corenflos,UNKNOWN,UNKNOWN,ICML,2024
ICML-2024-A004145,Simo Särkkä,UNKNOWN,UNKNOWN,ICML,2024
ICML-2024-A004146,Hany Abdulsamad,UNKNOWN,UNKNOWN,ICML,2024
ICML-2024-A004147,Jayaraman J. Thiagarajan,UNKNOWN,UNKNOWN,ICML,2024
ICML-2024-A004148,Vivek Narayanaswamy,UNKNOWN,UNKNOWN,ICML,2024
ICML-2024-A004149,Puja Trivedi,UNKNOWN,UNKNOWN,ICML,2024
ICML-2024-A004150,Rushil Anirudh,UNKNOWN,UNKNOWN,ICML,2024
ICML-2024-A004151,Andrew Jacobsen,UNKNOWN,UNKNOWN,ICML,2024
ICML-2024-A004152,Ashok Cutkosky,UNKNOWN,UNKNOWN,ICML,2024
ICML-2024-A004153,Akshay Kumar Jagadish,UNKNOWN,UNKNOWN,ICML,2024
ICML-2024-A004154,Julian Coda-Forno,UNKNOWN,UNKNOWN,ICML,2024
ICML-2024-A004155,Mirko Thalmann,UNKNOWN,UNKNOWN,ICML,2024
ICML-2024-A004156,Eric Schulz,UNKNOWN,UNKNOWN,ICML,2024
ICML-2024-A004157,Marcel Binz,UNKNOWN,UNKNOWN,ICML,2024
ICML-2024-A004158,Shomik Jain,UNKNOWN,UNKNOWN,ICML,2024
ICML-2024-A004159,Kathleen Creel,UNKNOWN,UNKNOWN,ICML,2024
ICML-2024-A004160,Ashia Camage Wilson,UNKNOWN,UNKNOWN,ICML,2024
ICML-2024-A004161,Vineet Jain,UNKNOWN,UNKNOWN,ICML,2024
ICML-2024-A004162,Siamak Ravanbakhsh,UNKNOWN,UNKNOWN,ICML,2024
ICML-2024-A004163,Naman Jain,UNKNOWN,UNKNOWN,ICML,2024
ICML-2024-A004164,Manish Shetty,UNKNOWN,UNKNOWN,ICML,2024
ICML-2024-A004165,Tianjun Zhang,UNKNOWN,UNKNOWN,ICML,2024
ICML-2024-A004166,King Han,UNKNOWN,UNKNOWN,ICML,2024
ICML-2024-A004167,Koushik Sen,UNKNOWN,UNKNOWN,ICML,2024
ICML-2024-A004168,Ion Stoica,UNKNOWN,UNKNOWN,ICML,2024
ICML-2024-A004169,Fateme Jamshidi,UNKNOWN,UNKNOWN,ICML,2024
ICML-2024-A004170,Luca Ganassali,UNKNOWN,UNKNOWN,ICML,2024
ICML-2024-A004171,Negar Kiyavash,UNKNOWN,UNKNOWN,ICML,2024
ICML-2024-A004172,Jonggyu Jang,UNKNOWN,UNKNOWN,ICML,2024
ICML-2024-A004173,Seongjin Hwang,UNKNOWN,UNKNOWN,ICML,2024
ICML-2024-A004174,Hyun Jong Yang,UNKNOWN,UNKNOWN,ICML,2024
ICML-2024-A004175,Youngsoo Jang,UNKNOWN,UNKNOWN,ICML,2024
ICML-2024-A004176,Geon-Hyeong Kim,UNKNOWN,UNKNOWN,ICML,2024
ICML-2024-A004177,Byoungjip Kim,UNKNOWN,UNKNOWN,ICML,2024
ICML-2024-A004178,Yu Jin Kim,UNKNOWN,UNKNOWN,ICML,2024
ICML-2024-A004179,Honglak Lee,UNKNOWN,UNKNOWN,ICML,2024
ICML-2024-A004180,Moontae Lee,UNKNOWN,UNKNOWN,ICML,2024
ICML-2024-A004181,Huiwon Jang,UNKNOWN,UNKNOWN,ICML,2024
ICML-2024-A004182,Dongyoung Kim,UNKNOWN,UNKNOWN,ICML,2024
ICML-2024-A004183,Junsu Kim,UNKNOWN,UNKNOWN,ICML,2024
ICML-2024-A004184,Jinwoo Shin,UNKNOWN,UNKNOWN,ICML,2024
ICML-2024-A004185,Pieter Abbeel,UNKNOWN,UNKNOWN,ICML,2024
ICML-2024-A004186,Younggyo Seo,UNKNOWN,UNKNOWN,ICML,2024
ICML-2024-A004187,Uijeong Jang,UNKNOWN,UNKNOWN,ICML,2024
ICML-2024-A004188,Jason D. Lee,UNKNOWN,UNKNOWN,ICML,2024
ICML-2024-A004189,Ernest K. Ryu,UNKNOWN,UNKNOWN,ICML,2024
ICML-2024-A004190,Kyoungseok Jang,UNKNOWN,UNKNOWN,ICML,2024
ICML-2024-A004191,Chicheng Zhang,UNKNOWN,UNKNOWN,ICML,2024
ICML-2024-A004192,Kwang-Sung Jun,UNKNOWN,UNKNOWN,ICML,2024
ICML-2024-A004193,Noémie Jaquier,UNKNOWN,UNKNOWN,ICML,2024
ICML-2024-A004194,Leonel Rozo,UNKNOWN,UNKNOWN,ICML,2024
ICML-2024-A004195,Miguel González-Duque,UNKNOWN,UNKNOWN,ICML,2024
ICML-2024-A004196,Viacheslav Borovitskiy,UNKNOWN,UNKNOWN,ICML,2024
ICML-2024-A004197,Tamim Asfour,UNKNOWN,UNKNOWN,ICML,2024
ICML-2024-A004198,Adel Javanmard,UNKNOWN,UNKNOWN,ICML,2024
ICML-2024-A004199,Matthew Fahrbach,UNKNOWN,UNKNOWN,ICML,2024
ICML-2024-A004200,Vahab Mirrokni,UNKNOWN,UNKNOWN,ICML,2024
ICML-2024-A004201,Yassir Jedra,UNKNOWN,UNKNOWN,ICML,2024
ICML-2024-A004202,William Réveillard,UNKNOWN,UNKNOWN,ICML,2024
ICML-2024-A004203,Stefan Stojanovic,UNKNOWN,UNKNOWN,ICML,2024
ICML-2024-A004204,Alexandre Proutiere,UNKNOWN,UNKNOWN,ICML,2024
ICML-2024-A004205,Kishaan Jeeveswaran,UNKNOWN,UNKNOWN,ICML,2024
ICML-2024-A004206,Elahe Arani,UNKNOWN,UNKNOWN,ICML,2024
ICML-2024-A004207,Bahram Zonooz,UNKNOWN,UNKNOWN,ICML,2024
ICML-2024-A004208,Samy Jelassi,UNKNOWN,UNKNOWN,ICML,2024
ICML-2024-A004209,David Brandfonbrener,UNKNOWN,UNKNOWN,ICML,2024
ICML-2024-A004210,Sham M. Kakade,UNKNOWN,UNKNOWN,ICML,2024
ICML-2024-A004211,Eran Malach,UNKNOWN,UNKNOWN,ICML,2024
ICML-2024-A004212,Hong Jun Jeon,UNKNOWN,UNKNOWN,ICML,2024
ICML-2024-A004213,Jason D. Lee,UNKNOWN,UNKNOWN,ICML,2024
ICML-2024-A004214,Qi Lei,UNKNOWN,UNKNOWN,ICML,2024
ICML-2024-A004215,Benjamin Van Roy,UNKNOWN,UNKNOWN,ICML,2024
ICML-2024-A004216,Loh Sher En Jessica,UNKNOWN,UNKNOWN,ICML,2024
ICML-2024-A004217,Naheed Anjum Arafat,UNKNOWN,UNKNOWN,ICML,2024
ICML-2024-A004218,Wei Xian Lim,UNKNOWN,UNKNOWN,ICML,2024
ICML-2024-A004219,Wai Lee Chan,UNKNOWN,UNKNOWN,ICML,2024
ICML-2024-A004220,Adams Wai-Kin Kong,UNKNOWN,UNKNOWN,ICML,2024
ICML-2024-A004221,Andrew Jesson,UNKNOWN,UNKNOWN,ICML,2024
ICML-2024-A004222,Chris Lu,UNKNOWN,UNKNOWN,ICML,2024
ICML-2024-A004223,Gunshi Gupta,UNKNOWN,UNKNOWN,ICML,2024
ICML-2024-A004224,Nicolas Beltran-Velez,UNKNOWN,UNKNOWN,ICML,2024
ICML-2024-A004225,Angelos Filos,UNKNOWN,UNKNOWN,ICML,2024
ICML-2024-A004226,Jakob Nicolaus Foerster,UNKNOWN,UNKNOWN,ICML,2024
ICML-2024-A004227,Yarin Gal,UNKNOWN,UNKNOWN,ICML,2024
ICML-2024-A004228,Jie Ji,UNKNOWN,UNKNOWN,ICML,2024
ICML-2024-A004229,Gen Li,UNKNOWN,UNKNOWN,ICML,2024
ICML-2024-A004230,Lu Yin,UNKNOWN,UNKNOWN,ICML,2024
ICML-2024-A004231,Minghai Qin,UNKNOWN,UNKNOWN,ICML,2024
ICML-2024-A004232,Geng Yuan,UNKNOWN,UNKNOWN,ICML,2024
ICML-2024-A004233,Linke Guo,UNKNOWN,UNKNOWN,ICML,2024
ICML-2024-A004234,Shiwei Liu,UNKNOWN,UNKNOWN,ICML,2024
ICML-2024-A004235,Xiaolong Ma,UNKNOWN,UNKNOWN,ICML,2024
ICML-2024-A004236,Tianying Ji,UNKNOWN,UNKNOWN,ICML,2024
ICML-2024-A004237,Yongyuan Liang,UNKNOWN,UNKNOWN,ICML,2024
ICML-2024-A004238,Yan Zeng,UNKNOWN,UNKNOWN,ICML,2024
ICML-2024-A004239,Yu Luo,UNKNOWN,UNKNOWN,ICML,2024
ICML-2024-A004240,Guowei Xu,UNKNOWN,UNKNOWN,ICML,2024
ICML-2024-A004241,Jiawei Guo,UNKNOWN,UNKNOWN,ICML,2024
ICML-2024-A004242,Ruijie Zheng,UNKNOWN,UNKNOWN,ICML,2024
ICML-2024-A004243,Furong Huang,UNKNOWN,UNKNOWN,ICML,2024
ICML-2024-A004244,Fuchun Sun,UNKNOWN,UNKNOWN,ICML,2024
ICML-2024-A004245,Huazhe Xu,UNKNOWN,UNKNOWN,ICML,2024
ICML-2024-A004246,Haozhe Ji,UNKNOWN,UNKNOWN,ICML,2024
ICML-2024-A004247,Cheng Lu,UNKNOWN,UNKNOWN,ICML,2024
ICML-2024-A004248,Yilin Niu,UNKNOWN,UNKNOWN,ICML,2024
ICML-2024-A004249,Pei Ke,UNKNOWN,UNKNOWN,ICML,2024
ICML-2024-A004250,Hongning Wang,UNKNOWN,UNKNOWN,ICML,2024
ICML-2024-A004251,Jun Zhu,UNKNOWN,UNKNOWN,ICML,2024
ICML-2024-A004252,Jie Tang,UNKNOWN,UNKNOWN,ICML,2024
ICML-2024-A004253,Minlie Huang,UNKNOWN,UNKNOWN,ICML,2024
ICML-2024-A004254,Tianying Ji,UNKNOWN,UNKNOWN,ICML,2024
ICML-2024-A004255,Yu Luo,UNKNOWN,UNKNOWN,ICML,2024
ICML-2024-A004256,Fuchun Sun,UNKNOWN,UNKNOWN,ICML,2024
ICML-2024-A004257,Xianyuan Zhan,UNKNOWN,UNKNOWN,ICML,2024
ICML-2024-A004258,Jianwei Zhang,UNKNOWN,UNKNOWN,ICML,2024
ICML-2024-A004259,Huazhe Xu,UNKNOWN,UNKNOWN,ICML,2024
ICML-2024-A004260,Deyi Ji,UNKNOWN,UNKNOWN,ICML,2024
ICML-2024-A004261,Feng Zhao,UNKNOWN,UNKNOWN,ICML,2024
ICML-2024-A004262,Lanyun Zhu,UNKNOWN,UNKNOWN,ICML,2024
ICML-2024-A004263,Wenwei Jin,UNKNOWN,UNKNOWN,ICML,2024
ICML-2024-A004264,Hongtao Lu,UNKNOWN,UNKNOWN,ICML,2024
ICML-2024-A004265,Jieping Ye,UNKNOWN,UNKNOWN,ICML,2024
ICML-2024-A004266,He Jia,UNKNOWN,UNKNOWN,ICML,2024
ICML-2024-A004267,Ding Jia,UNKNOWN,UNKNOWN,ICML,2024
ICML-2024-A004268,Jianyuan Guo,UNKNOWN,UNKNOWN,ICML,2024
ICML-2024-A004269,Kai Han,UNKNOWN,UNKNOWN,ICML,2024
ICML-2024-A004270,Han Wu,UNKNOWN,UNKNOWN,ICML,2024
ICML-2024-A004271,Chao Zhang,UNKNOWN,UNKNOWN,ICML,2024
ICML-2024-A004272,Chang Xu,UNKNOWN,UNKNOWN,ICML,2024
ICML-2024-A004273,Xinghao Chen,UNKNOWN,UNKNOWN,ICML,2024
ICML-2024-A004274,Zhiwei Jia,UNKNOWN,UNKNOWN,ICML,2024
ICML-2024-A004275,Vineet Thumuluri,UNKNOWN,UNKNOWN,ICML,2024
ICML-2024-A004276,Fangchen Liu,UNKNOWN,UNKNOWN,ICML,2024
ICML-2024-A004277,Linghao Chen,UNKNOWN,UNKNOWN,ICML,2024
ICML-2024-A004278,Zhiao Huang,UNKNOWN,UNKNOWN,ICML,2024
ICML-2024-A004279,Hao Su,UNKNOWN,UNKNOWN,ICML,2024
ICML-2024-A004280,Zhao Jiale,UNKNOWN,UNKNOWN,ICML,2024
ICML-2024-A004281,Wanru Zhuang,UNKNOWN,UNKNOWN,ICML,2024
ICML-2024-A004282,Jia Song,UNKNOWN,UNKNOWN,ICML,2024
ICML-2024-A004283,Yaqi Li,UNKNOWN,UNKNOWN,ICML,2024
ICML-2024-A004284,Shuqi Lu,UNKNOWN,UNKNOWN,ICML,2024
ICML-2024-A004285,Haiyan Jiang,UNKNOWN,UNKNOWN,ICML,2024
ICML-2024-A004286,Giulia De Masi,UNKNOWN,UNKNOWN,ICML,2024
ICML-2024-A004287,Huan Xiong,UNKNOWN,UNKNOWN,ICML,2024
ICML-2024-A004288,Bin Gu,UNKNOWN,UNKNOWN,ICML,2024
ICML-2024-A004289,Ziwei Jiang,UNKNOWN,UNKNOWN,ICML,2024
ICML-2024-A004290,Murat Kocaoglu,UNKNOWN,UNKNOWN,ICML,2024
ICML-2024-A004291,Xiangjian Jiang,UNKNOWN,UNKNOWN,ICML,2024
ICML-2024-A004292,Andrei Margeloiu,UNKNOWN,UNKNOWN,ICML,2024
ICML-2024-A004293,Nikola Simidjievski,UNKNOWN,UNKNOWN,ICML,2024
ICML-2024-A004294,Mateja Jamnik,UNKNOWN,UNKNOWN,ICML,2024
ICML-2024-A004295,Yibo Jiang,UNKNOWN,UNKNOWN,ICML,2024
ICML-2024-A004296,Goutham Rajendran,UNKNOWN,UNKNOWN,ICML,2024
ICML-2024-A004297,Pradeep Kumar Ravikumar,UNKNOWN,UNKNOWN,ICML,2024
ICML-2024-A004298,Bryon Aragam,UNKNOWN,UNKNOWN,ICML,2024
ICML-2024-A004299,Victor Veitch,UNKNOWN,UNKNOWN,ICML,2024
ICML-2024-A004300,Xiaowen Jiang,UNKNOWN,UNKNOWN,ICML,2024
ICML-2024-A004301,Anton Rodomanov,UNKNOWN,UNKNOWN,ICML,2024
ICML-2024-A004302,Sebastian U Stich,UNKNOWN,UNKNOWN,ICML,2024
ICML-2024-A004303,Youhe Jiang,UNKNOWN,UNKNOWN,ICML,2024
ICML-2024-A004304,Ran Yan,UNKNOWN,UNKNOWN,ICML,2024
ICML-2024-A004305,Xiaozhe Yao,UNKNOWN,UNKNOWN,ICML,2024
ICML-2024-A004306,Yang Zhou,UNKNOWN,UNKNOWN,ICML,2024
ICML-2024-A004307,Beidi Chen,UNKNOWN,UNKNOWN,ICML,2024
ICML-2024-A004308,Binhang Yuan,UNKNOWN,UNKNOWN,ICML,2024
ICML-2024-A004309,Wei Jiang,UNKNOWN,UNKNOWN,ICML,2024
ICML-2024-A004310,Sifan Yang,UNKNOWN,UNKNOWN,ICML,2024
ICML-2024-A004311,Wenhao Yang,UNKNOWN,UNKNOWN,ICML,2024
ICML-2024-A004312,Yibo Wang,UNKNOWN,UNKNOWN,ICML,2024
ICML-2024-A004313,Yuanyu Wan,UNKNOWN,UNKNOWN,ICML,2024
ICML-2024-A004314,Lijun Zhang,UNKNOWN,UNKNOWN,ICML,2024
ICML-2024-A004315,Jun-Peng Jiang,UNKNOWN,UNKNOWN,ICML,2024
ICML-2024-A004316,Han-Jia Ye,UNKNOWN,UNKNOWN,ICML,2024
ICML-2024-A004317,Leye Wang,UNKNOWN,UNKNOWN,ICML,2024
ICML-2024-A004318,Yang Yang,UNKNOWN,UNKNOWN,ICML,2024
ICML-2024-A004319,Yuan Jiang,UNKNOWN,UNKNOWN,ICML,2024
ICML-2024-A004320,De-Chuan Zhan,UNKNOWN,UNKNOWN,ICML,2024
ICML-2024-A004321,Jiachen Jiang,UNKNOWN,UNKNOWN,ICML,2024
ICML-2024-A004322,Jinxin Zhou,UNKNOWN,UNKNOWN,ICML,2024
ICML-2024-A004323,Peng Wang,UNKNOWN,UNKNOWN,ICML,2024
ICML-2024-A004324,Qing Qu,UNKNOWN,UNKNOWN,ICML,2024
ICML-2024-A004325,Dustin G. Mixon,UNKNOWN,UNKNOWN,ICML,2024
ICML-2024-A004326,Chong You,UNKNOWN,UNKNOWN,ICML,2024
ICML-2024-A004327,Zhihui Zhu,UNKNOWN,UNKNOWN,ICML,2024
ICML-2024-A004328,Fang Jiawei,UNKNOWN,UNKNOWN,ICML,2024
ICML-2024-A004329,Haishan Song,UNKNOWN,UNKNOWN,ICML,2024
ICML-2024-A004330,Chengxu Zuo,UNKNOWN,UNKNOWN,ICML,2024
ICML-2024-A004331,Xiaoxia Gao,UNKNOWN,UNKNOWN,ICML,2024
ICML-2024-A004332,Xiaowei Chen,UNKNOWN,UNKNOWN,ICML,2024
ICML-2024-A004333,Shihui Guo,UNKNOWN,UNKNOWN,ICML,2024
ICML-2024-A004334,Yipeng Qin,UNKNOWN,UNKNOWN,ICML,2024
ICML-2024-A004335,Shibo Jie,UNKNOWN,UNKNOWN,ICML,2024
ICML-2024-A004336,Yehui Tang,UNKNOWN,UNKNOWN,ICML,2024
ICML-2024-A004337,Ning Ding,UNKNOWN,UNKNOWN,ICML,2024
ICML-2024-A004338,Zhi-Hong Deng,UNKNOWN,UNKNOWN,ICML,2024
ICML-2024-A004339,Kai Han,UNKNOWN,UNKNOWN,ICML,2024
ICML-2024-A004340,Yunhe Wang,UNKNOWN,UNKNOWN,ICML,2024
ICML-2024-A004341,Emily Jin,UNKNOWN,UNKNOWN,ICML,2024
ICML-2024-A004342,Michael M. Bronstein,UNKNOWN,UNKNOWN,ICML,2024
ICML-2024-A004343,Ismail Ilkan Ceylan,UNKNOWN,UNKNOWN,ICML,2024
ICML-2024-A004344,Matthias Lanzinger,UNKNOWN,UNKNOWN,ICML,2024
ICML-2024-A004345,Hongye Jin,UNKNOWN,UNKNOWN,ICML,2024
ICML-2024-A004346,Xiaotian Han,UNKNOWN,UNKNOWN,ICML,2024
ICML-2024-A004347,Jingfeng Yang,UNKNOWN,UNKNOWN,ICML,2024
ICML-2024-A004348,Zhimeng Jiang,UNKNOWN,UNKNOWN,ICML,2024
ICML-2024-A004349,Zirui Liu,UNKNOWN,UNKNOWN,ICML,2024
ICML-2024-A004350,Chia-Yuan Chang,UNKNOWN,UNKNOWN,ICML,2024
ICML-2024-A004351,Huiyuan Chen,UNKNOWN,UNKNOWN,ICML,2024
ICML-2024-A004352,Xia Hu,UNKNOWN,UNKNOWN,ICML,2024
ICML-2024-A004353,Jinqiu Jin,UNKNOWN,UNKNOWN,ICML,2024
ICML-2024-A004354,Haoxuan Li,UNKNOWN,UNKNOWN,ICML,2024
ICML-2024-A004355,Fuli Feng,UNKNOWN,UNKNOWN,ICML,2024
ICML-2024-A004356,Xisen Jin,UNKNOWN,UNKNOWN,ICML,2024
ICML-2024-A004357,Xiang Ren,UNKNOWN,UNKNOWN,ICML,2024
ICML-2024-A004358,Charles Jin,UNKNOWN,UNKNOWN,ICML,2024
ICML-2024-A004359,Martin Rinard,UNKNOWN,UNKNOWN,ICML,2024
ICML-2024-A004360,Yang Jin,UNKNOWN,UNKNOWN,ICML,2024
ICML-2024-A004361,Zhicheng Sun,UNKNOWN,UNKNOWN,ICML,2024
ICML-2024-A004362,Kun Xu,UNKNOWN,UNKNOWN,ICML,2024
ICML-2024-A004363,Kun Xu,UNKNOWN,UNKNOWN,ICML,2024
ICML-2024-A004364,Liwei Chen,UNKNOWN,UNKNOWN,ICML,2024
ICML-2024-A004365,Hao Jiang,UNKNOWN,UNKNOWN,ICML,2024
ICML-2024-A004366,Quzhe Huang,UNKNOWN,UNKNOWN,ICML,2024
ICML-2024-A004367,Chengru Song,UNKNOWN,UNKNOWN,ICML,2024
ICML-2024-A004368,Yuliang Liu,UNKNOWN,UNKNOWN,ICML,2024
ICML-2024-A004369,Di Zhang,UNKNOWN,UNKNOWN,ICML,2024
ICML-2024-A004370,Yang Song,UNKNOWN,UNKNOWN,ICML,2024
ICML-2024-A004371,Kun Gai,UNKNOWN,UNKNOWN,ICML,2024
ICML-2024-A004372,Yadong Mu,UNKNOWN,UNKNOWN,ICML,2024
ICML-2024-A004373,Chen Jin,UNKNOWN,UNKNOWN,ICML,2024
ICML-2024-A004374,Ryutaro Tanno,UNKNOWN,UNKNOWN,ICML,2024
ICML-2024-A004375,Amrutha Saseendran,UNKNOWN,UNKNOWN,ICML,2024
ICML-2024-A004376,Tom Diethe,UNKNOWN,UNKNOWN,ICML,2024
ICML-2024-A004377,Philip Alexander Teare,UNKNOWN,UNKNOWN,ICML,2024
ICML-2024-A004378,Bowen Jin,UNKNOWN,UNKNOWN,ICML,2024
ICML-2024-A004379,Hansi Zeng,UNKNOWN,UNKNOWN,ICML,2024
ICML-2024-A004380,Guoyin Wang,UNKNOWN,UNKNOWN,ICML,2024
ICML-2024-A004381,Xiusi Chen,UNKNOWN,UNKNOWN,ICML,2024
ICML-2024-A004382,Tianxin Wei,UNKNOWN,UNKNOWN,ICML,2024
ICML-2024-A004383,Ruirui Li,UNKNOWN,UNKNOWN,ICML,2024
ICML-2024-A004384,Zhengyang Wang,UNKNOWN,UNKNOWN,ICML,2024
ICML-2024-A004385,Zheng Li,UNKNOWN,UNKNOWN,ICML,2024
ICML-2024-A004386,Yang Li,UNKNOWN,UNKNOWN,ICML,2024
ICML-2024-A004387,Hanqing Lu,UNKNOWN,UNKNOWN,ICML,2024
ICML-2024-A004388,Suhang Wang,UNKNOWN,UNKNOWN,ICML,2024
ICML-2024-A004389,Jiawei Han,UNKNOWN,UNKNOWN,ICML,2024
ICML-2024-A004390,Xianfeng Tang,UNKNOWN,UNKNOWN,ICML,2024
ICML-2024-A004391,Ming Jin,and outline promising avenues for future research.,UNKNOWN,ICML,2024
ICML-2024-A004392,Yifan Zhang,and outline promising avenues for future research.,UNKNOWN,ICML,2024
ICML-2024-A004393,Wei Chen,and outline promising avenues for future research.,UNKNOWN,ICML,2024
ICML-2024-A004394,Kexin Zhang,and outline promising avenues for future research.,UNKNOWN,ICML,2024
ICML-2024-A004395,Yuxuan Liang,and outline promising avenues for future research.,UNKNOWN,ICML,2024
ICML-2024-A004396,Bin Yang,and outline promising avenues for future research.,UNKNOWN,ICML,2024
ICML-2024-A004397,Jindong Wang,and outline promising avenues for future research.,UNKNOWN,ICML,2024
ICML-2024-A004398,Shirui Pan,and outline promising avenues for future research.,UNKNOWN,ICML,2024
ICML-2024-A004399,Qingsong Wen,and outline promising avenues for future research.,UNKNOWN,ICML,2024
ICML-2024-A004400,Bowen Jing,UNKNOWN,UNKNOWN,ICML,2024
ICML-2024-A004401,Bonnie Berger,UNKNOWN,UNKNOWN,ICML,2024
ICML-2024-A004402,Tommi Jaakkola,UNKNOWN,UNKNOWN,ICML,2024
ICML-2024-A004403,Shusen Jing,UNKNOWN,UNKNOWN,ICML,2024
ICML-2024-A004404,Anlan Yu,UNKNOWN,UNKNOWN,ICML,2024
ICML-2024-A004405,Shuai Zhang,UNKNOWN,UNKNOWN,ICML,2024
ICML-2024-A004406,Songyang Zhang,UNKNOWN,UNKNOWN,ICML,2024
ICML-2024-A004407,Yuu Jinnai,UNKNOWN,UNKNOWN,ICML,2024
ICML-2024-A004408,Tetsuro Morimura,UNKNOWN,UNKNOWN,ICML,2024
ICML-2024-A004409,Ukyo Honda,UNKNOWN,UNKNOWN,ICML,2024
ICML-2024-A004410,Kaito Ariu,UNKNOWN,UNKNOWN,ICML,2024
ICML-2024-A004411,Kenshi Abe,UNKNOWN,UNKNOWN,ICML,2024
ICML-2024-A004412,Jaehyeong Jo,UNKNOWN,UNKNOWN,ICML,2024
ICML-2024-A004413,Sung Ju Hwang,UNKNOWN,UNKNOWN,ICML,2024
ICML-2024-A004414,Jaehyeong Jo,UNKNOWN,UNKNOWN,ICML,2024
ICML-2024-A004415,Dongki Kim,UNKNOWN,UNKNOWN,ICML,2024
ICML-2024-A004416,Sung Ju Hwang,UNKNOWN,UNKNOWN,ICML,2024
ICML-2024-A004417,Daniel D. Johnson,UNKNOWN,UNKNOWN,ICML,2024
ICML-2024-A004418,Daniel Tarlow,UNKNOWN,UNKNOWN,ICML,2024
ICML-2024-A004419,David Duvenaud,UNKNOWN,UNKNOWN,ICML,2024
ICML-2024-A004420,Chris J. Maddison,UNKNOWN,UNKNOWN,ICML,2024
ICML-2024-A004421,R. Kenny Jones,UNKNOWN,UNKNOWN,ICML,2024
ICML-2024-A004422,Siddhartha Chaudhuri,UNKNOWN,UNKNOWN,ICML,2024
ICML-2024-A004423,Daniel Ritchie,UNKNOWN,UNKNOWN,ICML,2024
ICML-2024-A004424,Arvi Jonnarth,UNKNOWN,UNKNOWN,ICML,2024
ICML-2024-A004425,Jie Zhao,UNKNOWN,UNKNOWN,ICML,2024
ICML-2024-A004426,Michael Felsberg,UNKNOWN,UNKNOWN,ICML,2024
ICML-2024-A004427,Taejong Joo,UNKNOWN,UNKNOWN,ICML,2024
ICML-2024-A004428,Diego Klabjan,UNKNOWN,UNKNOWN,ICML,2024
ICML-2024-A004429,Mikkel Jordahn,UNKNOWN,UNKNOWN,ICML,2024
ICML-2024-A004430,Pablo M. Olmos,UNKNOWN,UNKNOWN,ICML,2024
ICML-2024-A004431,Scott M. Jordan,Position: Benchmarking is Limited in Reinforcement Learning Research,UNKNOWN,ICML,2024
ICML-2024-A004432,Adam White,Position: Benchmarking is Limited in Reinforcement Learning Research,UNKNOWN,ICML,2024
ICML-2024-A004433,Bruno Castro Da Silva,Position: Benchmarking is Limited in Reinforcement Learning Research,UNKNOWN,ICML,2024
ICML-2024-A004434,Martha White,Position: Benchmarking is Limited in Reinforcement Learning Research,UNKNOWN,ICML,2024
ICML-2024-A004435,Philip S. Thomas,Position: Benchmarking is Limited in Reinforcement Learning Research,UNKNOWN,ICML,2024
ICML-2024-A004436,Nikola Jovanović,UNKNOWN,UNKNOWN,ICML,2024
ICML-2024-A004437,Robin Staab,UNKNOWN,UNKNOWN,ICML,2024
ICML-2024-A004438,Martin Vechev,UNKNOWN,UNKNOWN,ICML,2024
ICML-2024-A004439,Wei Ju,UNKNOWN,UNKNOWN,ICML,2024
ICML-2024-A004440,Zhengyang Mao,UNKNOWN,UNKNOWN,ICML,2024
ICML-2024-A004441,Siyu Yi,UNKNOWN,UNKNOWN,ICML,2024
ICML-2024-A004442,Yifang Qin,UNKNOWN,UNKNOWN,ICML,2024
ICML-2024-A004443,Yiyang Gu,UNKNOWN,UNKNOWN,ICML,2024
ICML-2024-A004444,Zhiping Xiao,UNKNOWN,UNKNOWN,ICML,2024
ICML-2024-A004445,Yifan Wang,UNKNOWN,UNKNOWN,ICML,2024
ICML-2024-A004446,Xiao Luo,UNKNOWN,UNKNOWN,ICML,2024
ICML-2024-A004447,Ming Zhang,UNKNOWN,UNKNOWN,ICML,2024
ICML-2024-A004448,Zeqian Ju,UNKNOWN,UNKNOWN,ICML,2024
ICML-2024-A004449,Yuancheng Wang,UNKNOWN,UNKNOWN,ICML,2024
ICML-2024-A004450,Kai Shen,UNKNOWN,UNKNOWN,ICML,2024
ICML-2024-A004451,Xu Tan,UNKNOWN,UNKNOWN,ICML,2024
ICML-2024-A004452,Detai Xin,UNKNOWN,UNKNOWN,ICML,2024
ICML-2024-A004453,Dongchao Yang,UNKNOWN,UNKNOWN,ICML,2024
ICML-2024-A004454,Eric Liu,UNKNOWN,UNKNOWN,ICML,2024
ICML-2024-A004455,Yichong Leng,UNKNOWN,UNKNOWN,ICML,2024
ICML-2024-A004456,Kaitao Song,UNKNOWN,UNKNOWN,ICML,2024
ICML-2024-A004457,Siliang Tang,UNKNOWN,UNKNOWN,ICML,2024
ICML-2024-A004458,Zhizheng Wu,UNKNOWN,UNKNOWN,ICML,2024
ICML-2024-A004459,Tao Qin,UNKNOWN,UNKNOWN,ICML,2024
ICML-2024-A004460,Xiangyang Li,UNKNOWN,UNKNOWN,ICML,2024
ICML-2024-A004461,Wei Ye,UNKNOWN,UNKNOWN,ICML,2024
ICML-2024-A004462,Shikun Zhang,UNKNOWN,UNKNOWN,ICML,2024
ICML-2024-A004463,Jiang Bian,UNKNOWN,UNKNOWN,ICML,2024
ICML-2024-A004464,Lei He,UNKNOWN,UNKNOWN,ICML,2024
ICML-2024-A004465,Jinyu Li,UNKNOWN,UNKNOWN,ICML,2024
ICML-2024-A004466,Sheng Zhao,UNKNOWN,UNKNOWN,ICML,2024
ICML-2024-A004467,Mira Juergens,UNKNOWN,UNKNOWN,ICML,2024
ICML-2024-A004468,Nis Meinert,UNKNOWN,UNKNOWN,ICML,2024
ICML-2024-A004469,Viktor Bengs,UNKNOWN,UNKNOWN,ICML,2024
ICML-2024-A004470,Eyke Hüllermeier,UNKNOWN,UNKNOWN,ICML,2024
ICML-2024-A004471,Willem Waegeman,UNKNOWN,UNKNOWN,ICML,2024
ICML-2024-A004472,Kwang-Sung Jun,UNKNOWN,UNKNOWN,ICML,2024
ICML-2024-A004473,Jungtaek Kim,UNKNOWN,UNKNOWN,ICML,2024
ICML-2024-A004474,Jihyeong Jung,UNKNOWN,UNKNOWN,ICML,2024
ICML-2024-A004475,Sangwoo Seo,UNKNOWN,UNKNOWN,ICML,2024
ICML-2024-A004476,Sungwon Kim,UNKNOWN,UNKNOWN,ICML,2024
ICML-2024-A004477,Chanyoung Park,UNKNOWN,UNKNOWN,ICML,2024
ICML-2024-A004478,Yeonsung Jung,UNKNOWN,UNKNOWN,ICML,2024
ICML-2024-A004479,Heecheol Yun,UNKNOWN,UNKNOWN,ICML,2024
ICML-2024-A004480,Joonhyung Park,UNKNOWN,UNKNOWN,ICML,2024
ICML-2024-A004481,Jin-Hwa Kim,UNKNOWN,UNKNOWN,ICML,2024
ICML-2024-A004482,Eunho Yang,UNKNOWN,UNKNOWN,ICML,2024
ICML-2024-A004483,Rishabh Kabra,UNKNOWN,UNKNOWN,ICML,2024
ICML-2024-A004484,Loic Matthey,UNKNOWN,UNKNOWN,ICML,2024
ICML-2024-A004485,Alexander Lerchner,UNKNOWN,UNKNOWN,ICML,2024
ICML-2024-A004486,Niloy Mitra,UNKNOWN,UNKNOWN,ICML,2024
ICML-2024-A004487,Praneeth Kacham,UNKNOWN,UNKNOWN,ICML,2024
ICML-2024-A004488,Vahab Mirrokni,UNKNOWN,UNKNOWN,ICML,2024
ICML-2024-A004489,Peilin Zhong,UNKNOWN,UNKNOWN,ICML,2024
ICML-2024-A004490,Gabriela Kadlecová,UNKNOWN,UNKNOWN,ICML,2024
ICML-2024-A004491,Jovita Lukasik,UNKNOWN,UNKNOWN,ICML,2024
ICML-2024-A004492,Martin Pilát,UNKNOWN,UNKNOWN,ICML,2024
ICML-2024-A004493,Petra Vidnerová,UNKNOWN,UNKNOWN,ICML,2024
ICML-2024-A004494,Mahmoud Safari,UNKNOWN,UNKNOWN,ICML,2024
ICML-2024-A004495,Roman Neruda,UNKNOWN,UNKNOWN,ICML,2024
ICML-2024-A004496,Frank Hutter,UNKNOWN,UNKNOWN,ICML,2024
ICML-2024-A004497,Dachun Kai,UNKNOWN,UNKNOWN,ICML,2024
ICML-2024-A004498,Jiayao Lu,UNKNOWN,UNKNOWN,ICML,2024
ICML-2024-A004499,Yueyi Zhang,UNKNOWN,UNKNOWN,ICML,2024
ICML-2024-A004500,Xiaoyan Sun,UNKNOWN,UNKNOWN,ICML,2024
ICML-2024-A004501,Georgios Kaissis,UNKNOWN,UNKNOWN,ICML,2024
ICML-2024-A004502,Stefan Kolek,UNKNOWN,UNKNOWN,ICML,2024
ICML-2024-A004503,Borja Balle,UNKNOWN,UNKNOWN,ICML,2024
ICML-2024-A004504,Jamie Hayes,UNKNOWN,UNKNOWN,ICML,2024
ICML-2024-A004505,Daniel Rueckert,UNKNOWN,UNKNOWN,ICML,2024
ICML-2024-A004506,Alkis Kalavasis,UNKNOWN,UNKNOWN,ICML,2024
ICML-2024-A004507,Amin Karbasi,UNKNOWN,UNKNOWN,ICML,2024
ICML-2024-A004508,Kasper Green Larsen,UNKNOWN,UNKNOWN,ICML,2024
ICML-2024-A004509,Grigoris Velegkas,UNKNOWN,UNKNOWN,ICML,2024
ICML-2024-A004510,Felix Zhou,UNKNOWN,UNKNOWN,ICML,2024
ICML-2024-A004511,Tarun Kalluri,UNKNOWN,UNKNOWN,ICML,2024
ICML-2024-A004512,Bodhisattwa Prasad Majumder,UNKNOWN,UNKNOWN,ICML,2024
ICML-2024-A004513,Manmohan Chandraker,UNKNOWN,UNKNOWN,ICML,2024
ICML-2024-A004514,Subbarao Kambhampati,UNKNOWN,UNKNOWN,ICML,2024
ICML-2024-A004515,Karthik Valmeekam,UNKNOWN,UNKNOWN,ICML,2024
ICML-2024-A004516,Lin Guan,UNKNOWN,UNKNOWN,ICML,2024
ICML-2024-A004517,Mudit Verma,UNKNOWN,UNKNOWN,ICML,2024
ICML-2024-A004518,Kaya Stechly,UNKNOWN,UNKNOWN,ICML,2024
ICML-2024-A004519,Siddhant Bhambri,UNKNOWN,UNKNOWN,ICML,2024
ICML-2024-A004520,Lucas Paul Saldyt,UNKNOWN,UNKNOWN,ICML,2024
ICML-2024-A004521,Anil B Murthy,UNKNOWN,UNKNOWN,ICML,2024
ICML-2024-A004522,Hamidreza Kamkari,UNKNOWN,UNKNOWN,ICML,2024
ICML-2024-A004523,Brendan Leigh Ross,UNKNOWN,UNKNOWN,ICML,2024
ICML-2024-A004524,Jesse C. Cresswell,UNKNOWN,UNKNOWN,ICML,2024
ICML-2024-A004525,Anthony L. Caterini,UNKNOWN,UNKNOWN,ICML,2024
ICML-2024-A004526,Rahul Krishnan,UNKNOWN,UNKNOWN,ICML,2024
ICML-2024-A004527,Gabriel Loaiza-Ganem,UNKNOWN,UNKNOWN,ICML,2024
ICML-2024-A004528,Kentaro Kanamori,UNKNOWN,UNKNOWN,ICML,2024
ICML-2024-A004529,Takuya Takagi,UNKNOWN,UNKNOWN,ICML,2024
ICML-2024-A004530,Ken Kobayashi,UNKNOWN,UNKNOWN,ICML,2024
ICML-2024-A004531,Yuichi Ike,UNKNOWN,UNKNOWN,ICML,2024
ICML-2024-A004532,Mintong Kang,UNKNOWN,UNKNOWN,ICML,2024
ICML-2024-A004533,Nezihe Merve Gürel,UNKNOWN,UNKNOWN,ICML,2024
ICML-2024-A004534,Ning Yu,UNKNOWN,UNKNOWN,ICML,2024
ICML-2024-A004535,Dawn Song,UNKNOWN,UNKNOWN,ICML,2024
ICML-2024-A004536,Bo Li,UNKNOWN,UNKNOWN,ICML,2024
ICML-2024-A004537,Jikun Kang,UNKNOWN,UNKNOWN,ICML,2024
ICML-2024-A004538,Romain Laroche,UNKNOWN,UNKNOWN,ICML,2024
ICML-2024-A004539,Xingdi Yuan,UNKNOWN,UNKNOWN,ICML,2024
ICML-2024-A004540,Adam Trischler,UNKNOWN,UNKNOWN,ICML,2024
ICML-2024-A004541,Xue Liu,UNKNOWN,UNKNOWN,ICML,2024
ICML-2024-A004542,Jie Fu,UNKNOWN,UNKNOWN,ICML,2024
ICML-2024-A004543,Mintong Kang,UNKNOWN,UNKNOWN,ICML,2024
ICML-2024-A004544,Zhen Lin,UNKNOWN,UNKNOWN,ICML,2024
ICML-2024-A004545,Jimeng Sun,UNKNOWN,UNKNOWN,ICML,2024
ICML-2024-A004546,Cao Xiao,UNKNOWN,UNKNOWN,ICML,2024
ICML-2024-A004547,Bo Li,UNKNOWN,UNKNOWN,ICML,2024
ICML-2024-A004548,Ryuichi Kanoh,UNKNOWN,UNKNOWN,ICML,2024
ICML-2024-A004549,Mahito Sugiyama,UNKNOWN,UNKNOWN,ICML,2024
ICML-2024-A004550,Sayash Kapoor,UNKNOWN,UNKNOWN,ICML,2024
ICML-2024-A004551,Rishi Bommasani,UNKNOWN,UNKNOWN,ICML,2024
ICML-2024-A004552,Kevin Klyman,UNKNOWN,UNKNOWN,ICML,2024
ICML-2024-A004553,Shayne Longpre,UNKNOWN,UNKNOWN,ICML,2024
ICML-2024-A004554,Ashwin Ramaswami,UNKNOWN,UNKNOWN,ICML,2024
ICML-2024-A004555,Peter Cihon,UNKNOWN,UNKNOWN,ICML,2024
ICML-2024-A004556,Aspen K Hopkins,UNKNOWN,UNKNOWN,ICML,2024
ICML-2024-A004557,Kevin Bankston,UNKNOWN,UNKNOWN,ICML,2024
ICML-2024-A004558,Stella Biderman,UNKNOWN,UNKNOWN,ICML,2024
ICML-2024-A004559,Miranda Bogen,UNKNOWN,UNKNOWN,ICML,2024
ICML-2024-A004560,Rumman Chowdhury,UNKNOWN,UNKNOWN,ICML,2024
ICML-2024-A004561,Alex Engler,UNKNOWN,UNKNOWN,ICML,2024
ICML-2024-A004562,Peter Henderson,UNKNOWN,UNKNOWN,ICML,2024
ICML-2024-A004563,Yacine Jernite,UNKNOWN,UNKNOWN,ICML,2024
ICML-2024-A004564,Seth Lazar,UNKNOWN,UNKNOWN,ICML,2024
ICML-2024-A004565,Stefano Maffulli,UNKNOWN,UNKNOWN,ICML,2024
ICML-2024-A004566,Alondra Nelson,UNKNOWN,UNKNOWN,ICML,2024
ICML-2024-A004567,Joelle Pineau,UNKNOWN,UNKNOWN,ICML,2024
ICML-2024-A004568,Aviya Skowron,UNKNOWN,UNKNOWN,ICML,2024
ICML-2024-A004569,Dawn Song,UNKNOWN,UNKNOWN,ICML,2024
ICML-2024-A004570,Victor Storchan,UNKNOWN,UNKNOWN,ICML,2024
ICML-2024-A004571,Daniel Zhang,UNKNOWN,UNKNOWN,ICML,2024
ICML-2024-A004572,Daniel E. Ho,UNKNOWN,UNKNOWN,ICML,2024
ICML-2024-A004573,Percy Liang,UNKNOWN,UNKNOWN,ICML,2024
ICML-2024-A004574,Arvind Narayanan,UNKNOWN,UNKNOWN,ICML,2024
ICML-2024-A004575,Aleksandr Karakulev,UNKNOWN,UNKNOWN,ICML,2024
ICML-2024-A004576,Dave Zachariah,UNKNOWN,UNKNOWN,ICML,2024
ICML-2024-A004577,Prashant Singh,UNKNOWN,UNKNOWN,ICML,2024
ICML-2024-A004578,Siddharth Karamcheti,UNKNOWN,UNKNOWN,ICML,2024
ICML-2024-A004579,Suraj Nair,UNKNOWN,UNKNOWN,ICML,2024
ICML-2024-A004580,Ashwin Balakrishna,UNKNOWN,UNKNOWN,ICML,2024
ICML-2024-A004581,Percy Liang,UNKNOWN,UNKNOWN,ICML,2024
ICML-2024-A004582,Thomas Kollar,UNKNOWN,UNKNOWN,ICML,2024
ICML-2024-A004583,Dorsa Sadigh,UNKNOWN,UNKNOWN,ICML,2024
ICML-2024-A004584,Ari Karchmer,UNKNOWN,UNKNOWN,ICML,2024
ICML-2024-A004585,Rafal Karczewski,UNKNOWN,UNKNOWN,ICML,2024
ICML-2024-A004586,Amauri H Souza,UNKNOWN,UNKNOWN,ICML,2024
ICML-2024-A004587,Vikas Garg,UNKNOWN,UNKNOWN,ICML,2024
ICML-2024-A004588,Taylan Kargin,UNKNOWN,UNKNOWN,ICML,2024
ICML-2024-A004589,Joudi Hajar,UNKNOWN,UNKNOWN,ICML,2024
ICML-2024-A004590,Vikrant Malik,UNKNOWN,UNKNOWN,ICML,2024
ICML-2024-A004591,Babak Hassibi,UNKNOWN,UNKNOWN,ICML,2024
ICML-2024-A004592,Amir Mohammad Karimi Mamaghan,UNKNOWN,UNKNOWN,ICML,2024
ICML-2024-A004593,Panagiotis Tigas,UNKNOWN,UNKNOWN,ICML,2024
ICML-2024-A004594,Karl Henrik Johansson,UNKNOWN,UNKNOWN,ICML,2024
ICML-2024-A004595,Yarin Gal,UNKNOWN,UNKNOWN,ICML,2024
ICML-2024-A004596,Yashas Annadani,UNKNOWN,UNKNOWN,ICML,2024
ICML-2024-A004597,Stefan Bauer,UNKNOWN,UNKNOWN,ICML,2024
ICML-2024-A004598,Sanjay Kariyappa,UNKNOWN,UNKNOWN,ICML,2024
ICML-2024-A004599,Freddy Lecue,UNKNOWN,UNKNOWN,ICML,2024
ICML-2024-A004600,Saumitra Mishra,UNKNOWN,UNKNOWN,ICML,2024
ICML-2024-A004601,Christopher Pond,UNKNOWN,UNKNOWN,ICML,2024
ICML-2024-A004602,Daniele Magazzeni,UNKNOWN,UNKNOWN,ICML,2024
ICML-2024-A004603,Manuela Veloso,UNKNOWN,UNKNOWN,ICML,2024
ICML-2024-A004604,Florian Karl,UNKNOWN,UNKNOWN,ICML,2024
ICML-2024-A004605,Malte Kemeter,UNKNOWN,UNKNOWN,ICML,2024
ICML-2024-A004606,Gabriel Dax,UNKNOWN,UNKNOWN,ICML,2024
ICML-2024-A004607,Paulina Sierak,UNKNOWN,UNKNOWN,ICML,2024
ICML-2024-A004608,Arjun Karuvally,UNKNOWN,UNKNOWN,ICML,2024
ICML-2024-A004609,Terrence Sejnowski,UNKNOWN,UNKNOWN,ICML,2024
ICML-2024-A004610,Hava T Siegelmann,UNKNOWN,UNKNOWN,ICML,2024
ICML-2024-A004611,Masahiro Kato,UNKNOWN,UNKNOWN,ICML,2024
ICML-2024-A004612,Akihiro Oga,UNKNOWN,UNKNOWN,ICML,2024
ICML-2024-A004613,Wataru Komatsubara,UNKNOWN,UNKNOWN,ICML,2024
ICML-2024-A004614,Ryo Inokuchi,UNKNOWN,UNKNOWN,ICML,2024
ICML-2024-A004615,Ilya Kaufman,UNKNOWN,UNKNOWN,ICML,2024
ICML-2024-A004616,Omri Azencot,UNKNOWN,UNKNOWN,ICML,2024
ICML-2024-A004617,Chiraag Kaushik,UNKNOWN,UNKNOWN,ICML,2024
ICML-2024-A004618,Ran Liu,UNKNOWN,UNKNOWN,ICML,2024
ICML-2024-A004619,Chi-Heng Lin,UNKNOWN,UNKNOWN,ICML,2024
ICML-2024-A004620,Amrit Khera,UNKNOWN,UNKNOWN,ICML,2024
ICML-2024-A004621,Matthew Y Jin,UNKNOWN,UNKNOWN,ICML,2024
ICML-2024-A004622,Wenrui Ma,UNKNOWN,UNKNOWN,ICML,2024
ICML-2024-A004623,Vidya Muthukumar,UNKNOWN,UNKNOWN,ICML,2024
ICML-2024-A004624,Eva L Dyer,UNKNOWN,UNKNOWN,ICML,2024
ICML-2024-A004625,Arnold Kazadi,UNKNOWN,UNKNOWN,ICML,2024
ICML-2024-A004626,James Doss-Gollin,UNKNOWN,UNKNOWN,ICML,2024
ICML-2024-A004627,Arlei Lopes Da Silva,UNKNOWN,UNKNOWN,ICML,2024
ICML-2024-A004628,Tianjun Ke,UNKNOWN,UNKNOWN,ICML,2024
ICML-2024-A004629,Haoqun Cao,UNKNOWN,UNKNOWN,ICML,2024
ICML-2024-A004630,Feng Zhou,UNKNOWN,UNKNOWN,ICML,2024
ICML-2024-A004631,Zhifa Ke,UNKNOWN,UNKNOWN,ICML,2024
ICML-2024-A004632,Zaiwen Wen,UNKNOWN,UNKNOWN,ICML,2024
ICML-2024-A004633,Junyu Zhang,UNKNOWN,UNKNOWN,ICML,2024
ICML-2024-A004634,Zhaoru Ke,UNKNOWN,UNKNOWN,ICML,2024
ICML-2024-A004635,Hang Yu,UNKNOWN,UNKNOWN,ICML,2024
ICML-2024-A004636,Jianguo Li,UNKNOWN,UNKNOWN,ICML,2024
ICML-2024-A004637,Haipeng Zhang,UNKNOWN,UNKNOWN,ICML,2024
ICML-2024-A004638,Akhil Kedia,UNKNOWN,UNKNOWN,ICML,2024
ICML-2024-A004639,Mohd Abbas Zaidi,UNKNOWN,UNKNOWN,ICML,2024
ICML-2024-A004640,Sushil Khyalia,UNKNOWN,UNKNOWN,ICML,2024
ICML-2024-A004641,Jungho Jung,UNKNOWN,UNKNOWN,ICML,2024
ICML-2024-A004642,Harshith Goka,UNKNOWN,UNKNOWN,ICML,2024
ICML-2024-A004643,Haejun Lee,UNKNOWN,UNKNOWN,ICML,2024
ICML-2024-A004644,Phillip Kerger,UNKNOWN,UNKNOWN,ICML,2024
ICML-2024-A004645,Marco Molinaro,UNKNOWN,UNKNOWN,ICML,2024
ICML-2024-A004646,Hongyi Jiang,UNKNOWN,UNKNOWN,ICML,2024
ICML-2024-A004647,Amitabh Basu,UNKNOWN,UNKNOWN,ICML,2024
ICML-2024-A004648,Vijay Keswani,UNKNOWN,UNKNOWN,ICML,2024
ICML-2024-A004649,Anay Mehrotra,UNKNOWN,UNKNOWN,ICML,2024
ICML-2024-A004650,L. Elisa Celis,UNKNOWN,UNKNOWN,ICML,2024
ICML-2024-A004651,Shervin Khalafi,UNKNOWN,UNKNOWN,ICML,2024
ICML-2024-A004652,Saurabh Sihag,UNKNOWN,UNKNOWN,ICML,2024
ICML-2024-A004653,Alejandro Ribeiro,UNKNOWN,UNKNOWN,ICML,2024
ICML-2024-A004654,Ahmed Khaled,UNKNOWN,UNKNOWN,ICML,2024
ICML-2024-A004655,Chi Jin,UNKNOWN,UNKNOWN,ICML,2024
ICML-2024-A004656,Akbir Khan,UNKNOWN,UNKNOWN,ICML,2024
ICML-2024-A004657,John Hughes,UNKNOWN,UNKNOWN,ICML,2024
ICML-2024-A004658,Dan Valentine,UNKNOWN,UNKNOWN,ICML,2024
ICML-2024-A004659,Laura Ruis,UNKNOWN,UNKNOWN,ICML,2024
ICML-2024-A004660,Kshitij Sachan,UNKNOWN,UNKNOWN,ICML,2024
ICML-2024-A004661,Ansh Radhakrishnan,UNKNOWN,UNKNOWN,ICML,2024
ICML-2024-A004662,Edward Grefenstette,UNKNOWN,UNKNOWN,ICML,2024
ICML-2024-A004663,Samuel R. Bowman,UNKNOWN,UNKNOWN,ICML,2024
ICML-2024-A004664,Tim Rocktäschel,UNKNOWN,UNKNOWN,ICML,2024
ICML-2024-A004665,Ethan Perez,UNKNOWN,UNKNOWN,ICML,2024
ICML-2024-A004666,Samir Khan,UNKNOWN,UNKNOWN,ICML,2024
ICML-2024-A004667,Martin Saveski,UNKNOWN,UNKNOWN,ICML,2024
ICML-2024-A004668,Johan Ugander,UNKNOWN,UNKNOWN,ICML,2024
ICML-2024-A004669,Mikail Khona,UNKNOWN,UNKNOWN,ICML,2024
ICML-2024-A004670,Maya Okawa,UNKNOWN,UNKNOWN,ICML,2024
ICML-2024-A004671,Jan Hula,UNKNOWN,UNKNOWN,ICML,2024
ICML-2024-A004672,Rahul Ramesh,UNKNOWN,UNKNOWN,ICML,2024
ICML-2024-A004673,Kento Nishi,UNKNOWN,UNKNOWN,ICML,2024
ICML-2024-A004674,Robert P. Dick,UNKNOWN,UNKNOWN,ICML,2024
ICML-2024-A004675,Ekdeep Singh Lubana,UNKNOWN,UNKNOWN,ICML,2024
ICML-2024-A004676,Hidenori Tanaka,UNKNOWN,UNKNOWN,ICML,2024
ICML-2024-A004677,Jinsook Kim,UNKNOWN,UNKNOWN,ICML,2024
ICML-2024-A004678,Seongsu Kim,UNKNOWN,UNKNOWN,ICML,2024
ICML-2024-A004679,Sungsoo Ahn,UNKNOWN,UNKNOWN,ICML,2024
ICML-2024-A004680,Jinuk Kim,UNKNOWN,UNKNOWN,ICML,2024
ICML-2024-A004681,Marwa El Halabi,UNKNOWN,UNKNOWN,ICML,2024
ICML-2024-A004682,Mingi Ji,UNKNOWN,UNKNOWN,ICML,2024
ICML-2024-A004683,Hyun Oh Song,UNKNOWN,UNKNOWN,ICML,2024
ICML-2024-A004684,Myung Jun Kim,UNKNOWN,UNKNOWN,ICML,2024
ICML-2024-A004685,Leo Grinsztajn,UNKNOWN,UNKNOWN,ICML,2024
ICML-2024-A004686,Gael Varoquaux,UNKNOWN,UNKNOWN,ICML,2024
ICML-2024-A004687,Do-Yeon Kim,UNKNOWN,UNKNOWN,ICML,2024
ICML-2024-A004688,Dong-Jun Han,UNKNOWN,UNKNOWN,ICML,2024
ICML-2024-A004689,Jun Seo,UNKNOWN,UNKNOWN,ICML,2024
ICML-2024-A004690,Jaekyun Moon,UNKNOWN,UNKNOWN,ICML,2024
ICML-2024-A004691,Sehoon Kim,UNKNOWN,UNKNOWN,ICML,2024
ICML-2024-A004692,Coleman Richard Charles Hooper,UNKNOWN,UNKNOWN,ICML,2024
ICML-2024-A004693,Amir Gholami,UNKNOWN,UNKNOWN,ICML,2024
ICML-2024-A004694,Zhen Dong,UNKNOWN,UNKNOWN,ICML,2024
ICML-2024-A004695,Xiuyu Li,UNKNOWN,UNKNOWN,ICML,2024
ICML-2024-A004696,Sheng Shen,UNKNOWN,UNKNOWN,ICML,2024
ICML-2024-A004697,Michael W. Mahoney,UNKNOWN,UNKNOWN,ICML,2024
ICML-2024-A004698,Kurt Keutzer,UNKNOWN,UNKNOWN,ICML,2024
ICML-2024-A004699,Hoyoung Kim,UNKNOWN,UNKNOWN,ICML,2024
ICML-2024-A004700,Sehyun Hwang,UNKNOWN,UNKNOWN,ICML,2024
ICML-2024-A004701,Suha Kwak,UNKNOWN,UNKNOWN,ICML,2024
ICML-2024-A004702,Jungseul Ok,UNKNOWN,UNKNOWN,ICML,2024
ICML-2024-A004703,Dongha Kim,UNKNOWN,UNKNOWN,ICML,2024
ICML-2024-A004704,Jaesung Hwang,UNKNOWN,UNKNOWN,ICML,2024
ICML-2024-A004705,Jongjin Lee,UNKNOWN,UNKNOWN,ICML,2024
ICML-2024-A004706,Kunwoong Kim,UNKNOWN,UNKNOWN,ICML,2024
ICML-2024-A004707,Yongdai Kim,UNKNOWN,UNKNOWN,ICML,2024
ICML-2024-A004708,Hyomin Kim,UNKNOWN,UNKNOWN,ICML,2024
ICML-2024-A004709,Yunhui Jang,UNKNOWN,UNKNOWN,ICML,2024
ICML-2024-A004710,Jaeho Lee,UNKNOWN,UNKNOWN,ICML,2024
ICML-2024-A004711,Sungsoo Ahn,UNKNOWN,UNKNOWN,ICML,2024
ICML-2024-A004712,Mingyu Kim,UNKNOWN,UNKNOWN,ICML,2024
ICML-2024-A004713,Kim Jun-Seong,UNKNOWN,UNKNOWN,ICML,2024
ICML-2024-A004714,Se-Young Yun,UNKNOWN,UNKNOWN,ICML,2024
ICML-2024-A004715,Jin-Hwa Kim,UNKNOWN,UNKNOWN,ICML,2024
ICML-2024-A004716,Seunghyun Kim,UNKNOWN,UNKNOWN,ICML,2024
ICML-2024-A004717,Seohyeon Jung,UNKNOWN,UNKNOWN,ICML,2024
ICML-2024-A004718,Seonghyeon Kim,UNKNOWN,UNKNOWN,ICML,2024
ICML-2024-A004719,Juho Lee,UNKNOWN,UNKNOWN,ICML,2024
ICML-2024-A004720,Nayeong Kim,UNKNOWN,UNKNOWN,ICML,2024
ICML-2024-A004721,Juwon Kang,UNKNOWN,UNKNOWN,ICML,2024
ICML-2024-A004722,Sungsoo Ahn,UNKNOWN,UNKNOWN,ICML,2024
ICML-2024-A004723,Jungseul Ok,UNKNOWN,UNKNOWN,ICML,2024
ICML-2024-A004724,Suha Kwak,UNKNOWN,UNKNOWN,ICML,2024
ICML-2024-A004725,Kyuwon Kim,UNKNOWN,UNKNOWN,ICML,2024
ICML-2024-A004726,Donghwan Kim,UNKNOWN,UNKNOWN,ICML,2024
ICML-2024-A004727,Hyeongjin Kim,UNKNOWN,UNKNOWN,ICML,2024
ICML-2024-A004728,Sangwon Kim,UNKNOWN,UNKNOWN,ICML,2024
ICML-2024-A004729,Dasom Ahn,UNKNOWN,UNKNOWN,ICML,2024
ICML-2024-A004730,Jong Taek Lee,UNKNOWN,UNKNOWN,ICML,2024
ICML-2024-A004731,Byoung Chul Ko,UNKNOWN,UNKNOWN,ICML,2024
ICML-2024-A004732,Hyeonah Kim,UNKNOWN,UNKNOWN,ICML,2024
ICML-2024-A004733,Minsu Kim,UNKNOWN,UNKNOWN,ICML,2024
ICML-2024-A004734,Sungsoo Ahn,UNKNOWN,UNKNOWN,ICML,2024
ICML-2024-A004735,Jinkyoo Park,UNKNOWN,UNKNOWN,ICML,2024
ICML-2024-A004736,Heasung Kim,UNKNOWN,UNKNOWN,ICML,2024
ICML-2024-A004737,Hyeji Kim,UNKNOWN,UNKNOWN,ICML,2024
ICML-2024-A004738,Gustavo De Veciana,UNKNOWN,UNKNOWN,ICML,2024
ICML-2024-A004739,Hyunsu Kim,UNKNOWN,UNKNOWN,ICML,2024
ICML-2024-A004740,Yegon Kim,UNKNOWN,UNKNOWN,ICML,2024
ICML-2024-A004741,Hongseok Yang,UNKNOWN,UNKNOWN,ICML,2024
ICML-2024-A004742,Juho Lee,UNKNOWN,UNKNOWN,ICML,2024
ICML-2024-A004743,Kyurae Kim,UNKNOWN,UNKNOWN,ICML,2024
ICML-2024-A004744,Joohwan Ko,UNKNOWN,UNKNOWN,ICML,2024
ICML-2024-A004745,Yian Ma,UNKNOWN,UNKNOWN,ICML,2024
ICML-2024-A004746,Jacob R. Gardner,UNKNOWN,UNKNOWN,ICML,2024
ICML-2024-A004747,Minsu Kim,UNKNOWN,UNKNOWN,ICML,2024
ICML-2024-A004748,Joohwan Ko,UNKNOWN,UNKNOWN,ICML,2024
ICML-2024-A004749,Taeyoung Yun,UNKNOWN,UNKNOWN,ICML,2024
ICML-2024-A004750,Dinghuai Zhang,UNKNOWN,UNKNOWN,ICML,2024
ICML-2024-A004751,Ling Pan,UNKNOWN,UNKNOWN,ICML,2024
ICML-2024-A004752,Woo Chang Kim,UNKNOWN,UNKNOWN,ICML,2024
ICML-2024-A004753,Jinkyoo Park,UNKNOWN,UNKNOWN,ICML,2024
ICML-2024-A004754,Emmanuel Bengio,UNKNOWN,UNKNOWN,ICML,2024
ICML-2024-A004755,Yoshua Bengio,UNKNOWN,UNKNOWN,ICML,2024
ICML-2024-A004756,Dongkyun Kim,UNKNOWN,UNKNOWN,ICML,2024
ICML-2024-A004757,Mingi Kwon,UNKNOWN,UNKNOWN,ICML,2024
ICML-2024-A004758,Youngjung Uh,UNKNOWN,UNKNOWN,ICML,2024
ICML-2024-A004759,Donghu Kim,UNKNOWN,UNKNOWN,ICML,2024
ICML-2024-A004760,Hojoon Lee,UNKNOWN,UNKNOWN,ICML,2024
ICML-2024-A004761,Kyungmin Lee,UNKNOWN,UNKNOWN,ICML,2024
ICML-2024-A004762,Dongyoon Hwang,UNKNOWN,UNKNOWN,ICML,2024
ICML-2024-A004763,Jaegul Choo,UNKNOWN,UNKNOWN,ICML,2024
ICML-2024-A004764,Jongsuk Kim,UNKNOWN,UNKNOWN,ICML,2024
ICML-2024-A004765,Hyeongkeun Lee,UNKNOWN,UNKNOWN,ICML,2024
ICML-2024-A004766,Kyeongha Rho,UNKNOWN,UNKNOWN,ICML,2024
ICML-2024-A004767,Junmo Kim,UNKNOWN,UNKNOWN,ICML,2024
ICML-2024-A004768,Joon Son Chung,UNKNOWN,UNKNOWN,ICML,2024
ICML-2024-A004769,Yechan Kim,UNKNOWN,UNKNOWN,ICML,2024
ICML-2024-A004770,Hwijoon Lim,UNKNOWN,UNKNOWN,ICML,2024
ICML-2024-A004771,Dongsu Han,UNKNOWN,UNKNOWN,ICML,2024
ICML-2024-A004772,Ju-Hyun Kim,UNKNOWN,UNKNOWN,ICML,2024
ICML-2024-A004773,Seungki Min,UNKNOWN,UNKNOWN,ICML,2024
ICML-2024-A004774,Sehoon Kim,UNKNOWN,UNKNOWN,ICML,2024
ICML-2024-A004775,Suhong Moon,UNKNOWN,UNKNOWN,ICML,2024
ICML-2024-A004776,Ryan Tabrizi,UNKNOWN,UNKNOWN,ICML,2024
ICML-2024-A004777,Nicholas Lee,UNKNOWN,UNKNOWN,ICML,2024
ICML-2024-A004778,Michael W. Mahoney,UNKNOWN,UNKNOWN,ICML,2024
ICML-2024-A004779,Kurt Keutzer,UNKNOWN,UNKNOWN,ICML,2024
ICML-2024-A004780,Amir Gholami,UNKNOWN,UNKNOWN,ICML,2024
ICML-2024-A004781,Seojin Kim,UNKNOWN,UNKNOWN,ICML,2024
ICML-2024-A004782,Jaehyun Nam,UNKNOWN,UNKNOWN,ICML,2024
ICML-2024-A004783,Sihyun Yu,UNKNOWN,UNKNOWN,ICML,2024
ICML-2024-A004784,Younghoon Shin,UNKNOWN,UNKNOWN,ICML,2024
ICML-2024-A004785,Jinwoo Shin,UNKNOWN,UNKNOWN,ICML,2024
ICML-2024-A004786,Dongkwan Kim,UNKNOWN,UNKNOWN,ICML,2024
ICML-2024-A004787,Alice Oh,UNKNOWN,UNKNOWN,ICML,2024
ICML-2024-A004788,Jae-Yun Kim,UNKNOWN,UNKNOWN,ICML,2024
ICML-2024-A004789,Saerom Park,UNKNOWN,UNKNOWN,ICML,2024
ICML-2024-A004790,Joohee Lee,UNKNOWN,UNKNOWN,ICML,2024
ICML-2024-A004791,Jung Hee Cheon,UNKNOWN,UNKNOWN,ICML,2024
ICML-2024-A004792,Sungyoon Kim,UNKNOWN,UNKNOWN,ICML,2024
ICML-2024-A004793,Mert Pilanci,UNKNOWN,UNKNOWN,ICML,2024
ICML-2024-A004794,Seungyeon Kim,UNKNOWN,UNKNOWN,ICML,2024
ICML-2024-A004795,Ankit Singh Rawat,UNKNOWN,UNKNOWN,ICML,2024
ICML-2024-A004796,Manzil Zaheer,UNKNOWN,UNKNOWN,ICML,2024
ICML-2024-A004797,Wittawat Jitkrittum,UNKNOWN,UNKNOWN,ICML,2024
ICML-2024-A004798,Veeranjaneyulu Sadhanala,UNKNOWN,UNKNOWN,ICML,2024
ICML-2024-A004799,Sadeep Jayasumana,UNKNOWN,UNKNOWN,ICML,2024
ICML-2024-A004800,Aditya Krishna Menon,UNKNOWN,UNKNOWN,ICML,2024
ICML-2024-A004801,Rob Fergus,UNKNOWN,UNKNOWN,ICML,2024
ICML-2024-A004802,Sanjiv Kumar,UNKNOWN,UNKNOWN,ICML,2024
ICML-2024-A004803,Jayoung Kim,UNKNOWN,UNKNOWN,ICML,2024
ICML-2024-A004804,Yehjin Shin,UNKNOWN,UNKNOWN,ICML,2024
ICML-2024-A004805,Jeongwhan Choi,UNKNOWN,UNKNOWN,ICML,2024
ICML-2024-A004806,Hyowon Wi,UNKNOWN,UNKNOWN,ICML,2024
ICML-2024-A004807,Noseong Park,UNKNOWN,UNKNOWN,ICML,2024
ICML-2024-A004808,Juno Kim,UNKNOWN,UNKNOWN,ICML,2024
ICML-2024-A004809,Taiji Suzuki,UNKNOWN,UNKNOWN,ICML,2024
ICML-2024-A004810,Chohee Kim,UNKNOWN,UNKNOWN,ICML,2024
ICML-2024-A004811,Mihaela Van Der Schaar,UNKNOWN,UNKNOWN,ICML,2024
ICML-2024-A004812,Changhee Lee,UNKNOWN,UNKNOWN,ICML,2024
ICML-2024-A004813,Taeyoung Kim,UNKNOWN,UNKNOWN,ICML,2024
ICML-2024-A004814,Hongseok Yang,UNKNOWN,UNKNOWN,ICML,2024
ICML-2024-A004815,Doyoung Kim,UNKNOWN,UNKNOWN,ICML,2024
ICML-2024-A004816,Susik Yoon,UNKNOWN,UNKNOWN,ICML,2024
ICML-2024-A004817,Dongmin Park,UNKNOWN,UNKNOWN,ICML,2024
ICML-2024-A004818,Youngjun Lee,UNKNOWN,UNKNOWN,ICML,2024
ICML-2024-A004819,Hwanjun Song,UNKNOWN,UNKNOWN,ICML,2024
ICML-2024-A004820,Jihwan Bang,UNKNOWN,UNKNOWN,ICML,2024
ICML-2024-A004821,Jae-Gil Lee,UNKNOWN,UNKNOWN,ICML,2024
ICML-2024-A004822,Jungeun Kim,UNKNOWN,UNKNOWN,ICML,2024
ICML-2024-A004823,Junwon You,UNKNOWN,UNKNOWN,ICML,2024
ICML-2024-A004824,Dongjin Lee,UNKNOWN,UNKNOWN,ICML,2024
ICML-2024-A004825,Ha Young Kim,UNKNOWN,UNKNOWN,ICML,2024
ICML-2024-A004826,Jae-Hun Jung,UNKNOWN,UNKNOWN,ICML,2024
ICML-2024-A004827,Kihyun Kim,UNKNOWN,UNKNOWN,ICML,2024
ICML-2024-A004828,Jiawei Zhang,UNKNOWN,UNKNOWN,ICML,2024
ICML-2024-A004829,Asuman E. Ozdaglar,UNKNOWN,UNKNOWN,ICML,2024
ICML-2024-A004830,Pablo Parrilo,UNKNOWN,UNKNOWN,ICML,2024
ICML-2024-A004831,Nikolas Kirschstein,UNKNOWN,UNKNOWN,ICML,2024
ICML-2024-A004832,Yixuan Sun,UNKNOWN,UNKNOWN,ICML,2024
ICML-2024-A004833,Ouail Kitouni,UNKNOWN,UNKNOWN,ICML,2024
ICML-2024-A004834,Niklas Nolte,UNKNOWN,UNKNOWN,ICML,2024
ICML-2024-A004835,Vı́ctor Samuel Pérez-Dı́az,UNKNOWN,UNKNOWN,ICML,2024
ICML-2024-A004836,Sokratis Trifinopoulos,UNKNOWN,UNKNOWN,ICML,2024
ICML-2024-A004837,Mike Williams,UNKNOWN,UNKNOWN,ICML,2024
ICML-2024-A004838,Shayan Kiyani,UNKNOWN,UNKNOWN,ICML,2024
ICML-2024-A004839,George J. Pappas,UNKNOWN,UNKNOWN,ICML,2024
ICML-2024-A004840,Hamed Hassani,UNKNOWN,UNKNOWN,ICML,2024
ICML-2024-A004841,Leo Klarner,UNKNOWN,UNKNOWN,ICML,2024
ICML-2024-A004842,Tim G. J. Rudner,UNKNOWN,UNKNOWN,ICML,2024
ICML-2024-A004843,Garrett M Morris,UNKNOWN,UNKNOWN,ICML,2024
ICML-2024-A004844,Charlotte Deane,UNKNOWN,UNKNOWN,ICML,2024
ICML-2024-A004845,Yee Whye Teh,UNKNOWN,UNKNOWN,ICML,2024
ICML-2024-A004846,Thomas Kleine Buening,UNKNOWN,UNKNOWN,ICML,2024
ICML-2024-A004847,Victor Villin,UNKNOWN,UNKNOWN,ICML,2024
ICML-2024-A004848,Christos Dimitrakakis,UNKNOWN,UNKNOWN,ICML,2024
ICML-2024-A004849,Ching-Yun Ko,UNKNOWN,UNKNOWN,ICML,2024
ICML-2024-A004850,Pin-Yu Chen,UNKNOWN,UNKNOWN,ICML,2024
ICML-2024-A004851,Payel Das,UNKNOWN,UNKNOWN,ICML,2024
ICML-2024-A004852,Jeet Mohapatra,UNKNOWN,UNKNOWN,ICML,2024
ICML-2024-A004853,Luca Daniel,UNKNOWN,UNKNOWN,ICML,2024
ICML-2024-A004854,Hyunouk Ko,UNKNOWN,UNKNOWN,ICML,2024
ICML-2024-A004855,Xiaoming Huo,UNKNOWN,UNKNOWN,ICML,2024
ICML-2024-A004856,Jongwoo Ko,UNKNOWN,UNKNOWN,ICML,2024
ICML-2024-A004857,Sungnyun Kim,UNKNOWN,UNKNOWN,ICML,2024
ICML-2024-A004858,Tianyi Chen,UNKNOWN,UNKNOWN,ICML,2024
ICML-2024-A004859,Se-Young Yun,UNKNOWN,UNKNOWN,ICML,2024
ICML-2024-A004860,Joohwan Ko,UNKNOWN,UNKNOWN,ICML,2024
ICML-2024-A004861,Kyurae Kim,UNKNOWN,UNKNOWN,ICML,2024
ICML-2024-A004862,Woo Chang Kim,UNKNOWN,UNKNOWN,ICML,2024
ICML-2024-A004863,Jacob R. Gardner,UNKNOWN,UNKNOWN,ICML,2024
ICML-2024-A004864,Juyeon Ko,UNKNOWN,UNKNOWN,ICML,2024
ICML-2024-A004865,Inho Kong,UNKNOWN,UNKNOWN,ICML,2024
ICML-2024-A004866,Dogyun Park,UNKNOWN,UNKNOWN,ICML,2024
ICML-2024-A004867,Hyunwoo J. Kim,UNKNOWN,UNKNOWN,ICML,2024
ICML-2024-A004868,Kevin Kögler,UNKNOWN,UNKNOWN,ICML,2024
ICML-2024-A004869,Aleksandr Shevchenko,UNKNOWN,UNKNOWN,ICML,2024
ICML-2024-A004870,Hamed Hassani,UNKNOWN,UNKNOWN,ICML,2024
ICML-2024-A004871,Marco Mondelli,UNKNOWN,UNKNOWN,ICML,2024
ICML-2024-A004872,Alexander Kolesov,UNKNOWN,UNKNOWN,ICML,2024
ICML-2024-A004873,Petr Mokrov,UNKNOWN,UNKNOWN,ICML,2024
ICML-2024-A004874,Igor Udovichenko,UNKNOWN,UNKNOWN,ICML,2024
ICML-2024-A004875,Milena Gazdieva,UNKNOWN,UNKNOWN,ICML,2024
ICML-2024-A004876,Gudmund Pammer,UNKNOWN,UNKNOWN,ICML,2024
ICML-2024-A004877,Evgeny Burnaev,UNKNOWN,UNKNOWN,ICML,2024
ICML-2024-A004878,Alexander Korotin,UNKNOWN,UNKNOWN,ICML,2024
ICML-2024-A004879,Adeesh Kolluru,UNKNOWN,UNKNOWN,ICML,2024
ICML-2024-A004880,John R. Kitchin,UNKNOWN,UNKNOWN,ICML,2024
ICML-2024-A004881,Anastasia Koloskova,UNKNOWN,UNKNOWN,ICML,2024
ICML-2024-A004882,Nikita Doikov,UNKNOWN,UNKNOWN,ICML,2024
ICML-2024-A004883,Sebastian U Stich,UNKNOWN,UNKNOWN,ICML,2024
ICML-2024-A004884,Martin Jaggi,UNKNOWN,UNKNOWN,ICML,2024
ICML-2024-A004885,Michael Komodromos,UNKNOWN,UNKNOWN,ICML,2024
ICML-2024-A004886,Marina Evangelou,UNKNOWN,UNKNOWN,ICML,2024
ICML-2024-A004887,Sarah Lucie Filippi,UNKNOWN,UNKNOWN,ICML,2024
ICML-2024-A004888,Dan Kondratyuk,UNKNOWN,UNKNOWN,ICML,2024
ICML-2024-A004889,Lijun Yu,UNKNOWN,UNKNOWN,ICML,2024
ICML-2024-A004890,Xiuye Gu,UNKNOWN,UNKNOWN,ICML,2024
ICML-2024-A004891,Jose Lezama,UNKNOWN,UNKNOWN,ICML,2024
ICML-2024-A004892,Jonathan Huang,UNKNOWN,UNKNOWN,ICML,2024
ICML-2024-A004893,Grant Schindler,UNKNOWN,UNKNOWN,ICML,2024
ICML-2024-A004894,Rachel Hornung,UNKNOWN,UNKNOWN,ICML,2024
ICML-2024-A004895,Vighnesh Birodkar,UNKNOWN,UNKNOWN,ICML,2024
ICML-2024-A004896,Jimmy Yan,UNKNOWN,UNKNOWN,ICML,2024
ICML-2024-A004897,Ming-Chang Chiu,UNKNOWN,UNKNOWN,ICML,2024
ICML-2024-A004898,Krishna Somandepalli,UNKNOWN,UNKNOWN,ICML,2024
ICML-2024-A004899,Hassan Akbari,UNKNOWN,UNKNOWN,ICML,2024
ICML-2024-A004900,Yair Alon,UNKNOWN,UNKNOWN,ICML,2024
ICML-2024-A004901,Yong Cheng,UNKNOWN,UNKNOWN,ICML,2024
ICML-2024-A004902,Joshua V. Dillon,UNKNOWN,UNKNOWN,ICML,2024
ICML-2024-A004903,Agrim Gupta,UNKNOWN,UNKNOWN,ICML,2024
ICML-2024-A004904,Meera Hahn,UNKNOWN,UNKNOWN,ICML,2024
ICML-2024-A004905,Anja Hauth,UNKNOWN,UNKNOWN,ICML,2024
ICML-2024-A004906,David Hendon,UNKNOWN,UNKNOWN,ICML,2024
ICML-2024-A004907,Alonso Martinez,UNKNOWN,UNKNOWN,ICML,2024
ICML-2024-A004908,David Minnen,UNKNOWN,UNKNOWN,ICML,2024
ICML-2024-A004909,Mikhail Sirotenko,UNKNOWN,UNKNOWN,ICML,2024
ICML-2024-A004910,Kihyuk Sohn,UNKNOWN,UNKNOWN,ICML,2024
ICML-2024-A004911,Xuan Yang,UNKNOWN,UNKNOWN,ICML,2024
ICML-2024-A004912,Hartwig Adam,UNKNOWN,UNKNOWN,ICML,2024
ICML-2024-A004913,Ming-Hsuan Yang,UNKNOWN,UNKNOWN,ICML,2024
ICML-2024-A004914,Irfan Essa,UNKNOWN,UNKNOWN,ICML,2024
ICML-2024-A004915,Huisheng Wang,UNKNOWN,UNKNOWN,ICML,2024
ICML-2024-A004916,David A Ross,UNKNOWN,UNKNOWN,ICML,2024
ICML-2024-A004917,Bryan Seybold,UNKNOWN,UNKNOWN,ICML,2024
ICML-2024-A004918,Lu Jiang,UNKNOWN,UNKNOWN,ICML,2024
ICML-2024-A004919,Zhifeng Kong,UNKNOWN,UNKNOWN,ICML,2024
ICML-2024-A004920,Arushi Goel,UNKNOWN,UNKNOWN,ICML,2024
ICML-2024-A004921,Rohan Badlani,UNKNOWN,UNKNOWN,ICML,2024
ICML-2024-A004922,Wei Ping,UNKNOWN,UNKNOWN,ICML,2024
ICML-2024-A004923,Rafael Valle,UNKNOWN,UNKNOWN,ICML,2024
ICML-2024-A004924,Bryan Catanzaro,UNKNOWN,UNKNOWN,ICML,2024
ICML-2024-A004925,Xiangzhe Kong,UNKNOWN,UNKNOWN,ICML,2024
ICML-2024-A004926,Wenbing Huang,UNKNOWN,UNKNOWN,ICML,2024
ICML-2024-A004927,Yang Liu,UNKNOWN,UNKNOWN,ICML,2024
ICML-2024-A004928,Jungil Kong,UNKNOWN,UNKNOWN,ICML,2024
ICML-2024-A004929,Junmo Lee,UNKNOWN,UNKNOWN,ICML,2024
ICML-2024-A004930,Jeongmin Kim,UNKNOWN,UNKNOWN,ICML,2024
ICML-2024-A004931,Beomjeong Kim,UNKNOWN,UNKNOWN,ICML,2024
ICML-2024-A004932,Jihoon Park,UNKNOWN,UNKNOWN,ICML,2024
ICML-2024-A004933,Dohee Kong,UNKNOWN,UNKNOWN,ICML,2024
ICML-2024-A004934,Changheon Lee,UNKNOWN,UNKNOWN,ICML,2024
ICML-2024-A004935,Sangjin Kim,UNKNOWN,UNKNOWN,ICML,2024
ICML-2024-A004936,Andreas Kontogiannis,UNKNOWN,UNKNOWN,ICML,2024
ICML-2024-A004937,Vasilis Pollatos,UNKNOWN,UNKNOWN,ICML,2024
ICML-2024-A004938,Sotiris Kanellopoulos,UNKNOWN,UNKNOWN,ICML,2024
ICML-2024-A004939,Panayotis Mertikopoulos,UNKNOWN,UNKNOWN,ICML,2024
ICML-2024-A004940,Aris Pagourtzis,UNKNOWN,UNKNOWN,ICML,2024
ICML-2024-A004941,Ioannis Panageas,UNKNOWN,UNKNOWN,ICML,2024
ICML-2024-A004942,Alec Koppel,UNKNOWN,UNKNOWN,ICML,2024
ICML-2024-A004943,Sujay Bhatt,UNKNOWN,UNKNOWN,ICML,2024
ICML-2024-A004944,Jiacheng Guo,UNKNOWN,UNKNOWN,ICML,2024
ICML-2024-A004945,Joe Eappen,UNKNOWN,UNKNOWN,ICML,2024
ICML-2024-A004946,Mengdi Wang,UNKNOWN,UNKNOWN,ICML,2024
ICML-2024-A004947,Sumitra Ganesh,UNKNOWN,UNKNOWN,ICML,2024
ICML-2024-A004948,Ezgi Korkmaz,UNKNOWN,UNKNOWN,ICML,2024
ICML-2024-A004949,Panagiotis Koromilas,UNKNOWN,UNKNOWN,ICML,2024
ICML-2024-A004950,Giorgos Bouritsas,UNKNOWN,UNKNOWN,ICML,2024
ICML-2024-A004951,Theodoros Giannakopoulos,UNKNOWN,UNKNOWN,ICML,2024
ICML-2024-A004952,Mihalis Nicolaou,UNKNOWN,UNKNOWN,ICML,2024
ICML-2024-A004953,Yannis Panagakis,UNKNOWN,UNKNOWN,ICML,2024
ICML-2024-A004954,Roman Koshkin,UNKNOWN,UNKNOWN,ICML,2024
ICML-2024-A004955,Tomoki Fukai,UNKNOWN,UNKNOWN,ICML,2024
ICML-2024-A004956,Antti Koskela,UNKNOWN,UNKNOWN,ICML,2024
ICML-2024-A004957,Rachel Emily Redberg,UNKNOWN,UNKNOWN,ICML,2024
ICML-2024-A004958,Yu-Xiang Wang,UNKNOWN,UNKNOWN,ICML,2024
ICML-2024-A004959,Atli Kosson,UNKNOWN,UNKNOWN,ICML,2024
ICML-2024-A004960,Bettina Messmer,UNKNOWN,UNKNOWN,ICML,2024
ICML-2024-A004961,Martin Jaggi,UNKNOWN,UNKNOWN,ICML,2024
ICML-2024-A004962,Vladimir R Kostic,UNKNOWN,UNKNOWN,ICML,2024
ICML-2024-A004963,Karim Lounici,UNKNOWN,UNKNOWN,ICML,2024
ICML-2024-A004964,Prune Inzerilli,UNKNOWN,UNKNOWN,ICML,2024
ICML-2024-A004965,Pietro Novelli,UNKNOWN,UNKNOWN,ICML,2024
ICML-2024-A004966,Massimiliano Pontil,UNKNOWN,UNKNOWN,ICML,2024
ICML-2024-A004967,Wojciech Kotlowski,UNKNOWN,UNKNOWN,ICML,2024
ICML-2024-A004968,Marek Wydmuch,UNKNOWN,UNKNOWN,ICML,2024
ICML-2024-A004969,Erik Schultheis,UNKNOWN,UNKNOWN,ICML,2024
ICML-2024-A004970,Rohit Babbar,UNKNOWN,UNKNOWN,ICML,2024
ICML-2024-A004971,Krzysztof Dembczynski,UNKNOWN,UNKNOWN,ICML,2024
ICML-2024-A004972,Siqi Kou,UNKNOWN,UNKNOWN,ICML,2024
ICML-2024-A004973,Lanxiang Hu,UNKNOWN,UNKNOWN,ICML,2024
ICML-2024-A004974,Zhezhi He,UNKNOWN,UNKNOWN,ICML,2024
ICML-2024-A004975,Zhijie Deng,UNKNOWN,UNKNOWN,ICML,2024
ICML-2024-A004976,Hao Zhang,UNKNOWN,UNKNOWN,ICML,2024
ICML-2024-A004977,Longxin Kou,UNKNOWN,UNKNOWN,ICML,2024
ICML-2024-A004978,Fei Ni,UNKNOWN,UNKNOWN,ICML,2024
ICML-2024-A004979,Yan Zheng,UNKNOWN,UNKNOWN,ICML,2024
ICML-2024-A004980,Jinyi Liu,UNKNOWN,UNKNOWN,ICML,2024
ICML-2024-A004981,Yifu Yuan,UNKNOWN,UNKNOWN,ICML,2024
ICML-2024-A004982,Zibin Dong,UNKNOWN,UNKNOWN,ICML,2024
ICML-2024-A004983,Jianye Hao,UNKNOWN,UNKNOWN,ICML,2024
ICML-2024-A004984,Anurag Koul,UNKNOWN,UNKNOWN,ICML,2024
ICML-2024-A004985,Shivakanth Sujit,UNKNOWN,UNKNOWN,ICML,2024
ICML-2024-A004986,Shaoru Chen,UNKNOWN,UNKNOWN,ICML,2024
ICML-2024-A004987,Ben Evans,UNKNOWN,UNKNOWN,ICML,2024
ICML-2024-A004988,Lili Wu,UNKNOWN,UNKNOWN,ICML,2024
ICML-2024-A004989,Byron Xu,UNKNOWN,UNKNOWN,ICML,2024
ICML-2024-A004990,Rajan Chari,UNKNOWN,UNKNOWN,ICML,2024
ICML-2024-A004991,Riashat Islam,UNKNOWN,UNKNOWN,ICML,2024
ICML-2024-A004992,Raihan Seraj,UNKNOWN,UNKNOWN,ICML,2024
ICML-2024-A004993,Yonathan Efroni,UNKNOWN,UNKNOWN,ICML,2024
ICML-2024-A004994,Lekan P Molu,UNKNOWN,UNKNOWN,ICML,2024
ICML-2024-A004995,Miroslav Dudı́k,UNKNOWN,UNKNOWN,ICML,2024
ICML-2024-A004996,John Langford,UNKNOWN,UNKNOWN,ICML,2024
ICML-2024-A004997,Alex Lamb,UNKNOWN,UNKNOWN,ICML,2024
ICML-2024-A004998,Mark Kozdoba,UNKNOWN,UNKNOWN,ICML,2024
ICML-2024-A004999,Binyamin Perets,UNKNOWN,UNKNOWN,ICML,2024
ICML-2024-A005000,Shie Mannor,UNKNOWN,UNKNOWN,ICML,2024
ICML-2024-A005001,Dmitrii Krasheninnikov,UNKNOWN,UNKNOWN,ICML,2024
ICML-2024-A005002,Egor Krasheninnikov,UNKNOWN,UNKNOWN,ICML,2024
ICML-2024-A005003,Bruno Kacper Mlodozeniec,UNKNOWN,UNKNOWN,ICML,2024
ICML-2024-A005004,Tegan Maharaj,UNKNOWN,UNKNOWN,ICML,2024
ICML-2024-A005005,David Krueger,UNKNOWN,UNKNOWN,ICML,2024
ICML-2024-A005006,Heiner Kremer,UNKNOWN,UNKNOWN,ICML,2024
ICML-2024-A005007,Bernhard Schölkopf,UNKNOWN,UNKNOWN,ICML,2024
ICML-2024-A005008,Satyapriya Krishna,UNKNOWN,UNKNOWN,ICML,2024
ICML-2024-A005009,Chirag Agarwal,UNKNOWN,UNKNOWN,ICML,2024
ICML-2024-A005010,Himabindu Lakkaraju,UNKNOWN,UNKNOWN,ICML,2024
ICML-2024-A005011,Agustinus Kristiadi,UNKNOWN,UNKNOWN,ICML,2024
ICML-2024-A005012,Felix Strieth-Kalthoff,UNKNOWN,UNKNOWN,ICML,2024
ICML-2024-A005013,Marta Skreta,UNKNOWN,UNKNOWN,ICML,2024
ICML-2024-A005014,Pascal Poupart,UNKNOWN,UNKNOWN,ICML,2024
ICML-2024-A005015,Alan Aspuru-Guzik,UNKNOWN,UNKNOWN,ICML,2024
ICML-2024-A005016,Geoff Pleiss,UNKNOWN,UNKNOWN,ICML,2024
ICML-2024-A005017,Yufei Kuang,UNKNOWN,UNKNOWN,ICML,2024
ICML-2024-A005018,Jie Wang,UNKNOWN,UNKNOWN,ICML,2024
ICML-2024-A005019,Yuyan Zhou,UNKNOWN,UNKNOWN,ICML,2024
ICML-2024-A005020,Xijun Li,UNKNOWN,UNKNOWN,ICML,2024
ICML-2024-A005021,Fangzhou Zhu,UNKNOWN,UNKNOWN,ICML,2024
ICML-2024-A005022,Jianye Hao,UNKNOWN,UNKNOWN,ICML,2024
ICML-2024-A005023,Feng Wu,UNKNOWN,UNKNOWN,ICML,2024
ICML-2024-A005024,Alex Kulesza,UNKNOWN,UNKNOWN,ICML,2024
ICML-2024-A005025,Ananda Theertha Suresh,UNKNOWN,UNKNOWN,ICML,2024
ICML-2024-A005026,Yuyan Wang,UNKNOWN,UNKNOWN,ICML,2024
ICML-2024-A005027,Tanishq Kumar,UNKNOWN,UNKNOWN,ICML,2024
ICML-2024-A005028,Kevin Luo,UNKNOWN,UNKNOWN,ICML,2024
ICML-2024-A005029,Mark Sellke,UNKNOWN,UNKNOWN,ICML,2024
ICML-2024-A005030,Navdeep Kumar,UNKNOWN,UNKNOWN,ICML,2024
ICML-2024-A005031,Kaixin Wang,UNKNOWN,UNKNOWN,ICML,2024
ICML-2024-A005032,Kfir Yehuda Levy,UNKNOWN,UNKNOWN,ICML,2024
ICML-2024-A005033,Shie Mannor,UNKNOWN,UNKNOWN,ICML,2024
ICML-2024-A005034,Gil Kur,UNKNOWN,UNKNOWN,ICML,2024
ICML-2024-A005035,Pedro Abdalla,UNKNOWN,UNKNOWN,ICML,2024
ICML-2024-A005036,Pierre Bizeul,UNKNOWN,UNKNOWN,ICML,2024
ICML-2024-A005037,Fanny Yang,UNKNOWN,UNKNOWN,ICML,2024
ICML-2024-A005038,Jeongyeol Kwon,UNKNOWN,UNKNOWN,ICML,2024
ICML-2024-A005039,Yonathan Efroni,UNKNOWN,UNKNOWN,ICML,2024
ICML-2024-A005040,Shie Mannor,UNKNOWN,UNKNOWN,ICML,2024
ICML-2024-A005041,Constantine Caramanis,UNKNOWN,UNKNOWN,ICML,2024
ICML-2024-A005042,Jeongyeol Kwon,UNKNOWN,UNKNOWN,ICML,2024
ICML-2024-A005043,Dohyun Kwon,UNKNOWN,UNKNOWN,ICML,2024
ICML-2024-A005044,Hanbaek Lyu,UNKNOWN,UNKNOWN,ICML,2024
ICML-2024-A005045,Young D. Kwon,UNKNOWN,UNKNOWN,ICML,2024
ICML-2024-A005046,Rui Li,UNKNOWN,UNKNOWN,ICML,2024
ICML-2024-A005047,Stylianos Venieris,UNKNOWN,UNKNOWN,ICML,2024
ICML-2024-A005048,Jagmohan Chauhan,UNKNOWN,UNKNOWN,ICML,2024
ICML-2024-A005049,Nicholas Donald Lane,UNKNOWN,UNKNOWN,ICML,2024
ICML-2024-A005050,Cecilia Mascolo,UNKNOWN,UNKNOWN,ICML,2024
ICML-2024-A005051,Steinar Laenen,UNKNOWN,UNKNOWN,ICML,2024
ICML-2024-A005052,He Sun,UNKNOWN,UNKNOWN,ICML,2024
ICML-2024-A005053,Yuni Lai,UNKNOWN,UNKNOWN,ICML,2024
ICML-2024-A005054,Bailin Pan,UNKNOWN,UNKNOWN,ICML,2024
ICML-2024-A005055,Kaihuang Chen,UNKNOWN,UNKNOWN,ICML,2024
ICML-2024-A005056,Yancheng Yuan,UNKNOWN,UNKNOWN,ICML,2024
ICML-2024-A005057,Kai Zhou,UNKNOWN,UNKNOWN,ICML,2024
ICML-2024-A005058,Shiyang Lai,UNKNOWN,UNKNOWN,ICML,2024
ICML-2024-A005059,Yujin Potter,UNKNOWN,UNKNOWN,ICML,2024
ICML-2024-A005060,Junsol Kim,UNKNOWN,UNKNOWN,ICML,2024
ICML-2024-A005061,Richard Zhuang,UNKNOWN,UNKNOWN,ICML,2024
ICML-2024-A005062,Dawn Song,UNKNOWN,UNKNOWN,ICML,2024
ICML-2024-A005063,James Evans,UNKNOWN,UNKNOWN,ICML,2024
ICML-2024-A005064,Zhao-Rong Lai,UNKNOWN,UNKNOWN,ICML,2024
ICML-2024-A005065,Weiwen Wang,UNKNOWN,UNKNOWN,ICML,2024
ICML-2024-A005066,Clément Lalanne,UNKNOWN,UNKNOWN,ICML,2024
ICML-2024-A005067,Sébastien Gadat,UNKNOWN,UNKNOWN,ICML,2024
ICML-2024-A005068,Kai Weixian Lan,UNKNOWN,UNKNOWN,ICML,2024
ICML-2024-A005069,Elias Gueidon,UNKNOWN,UNKNOWN,ICML,2024
ICML-2024-A005070,Ayano Kaneda,UNKNOWN,UNKNOWN,ICML,2024
ICML-2024-A005071,Julian Panetta,UNKNOWN,UNKNOWN,ICML,2024
ICML-2024-A005072,Joseph Teran,UNKNOWN,UNKNOWN,ICML,2024
ICML-2024-A005073,Dong Lao,UNKNOWN,UNKNOWN,ICML,2024
ICML-2024-A005074,Yangchao Wu,UNKNOWN,UNKNOWN,ICML,2024
ICML-2024-A005075,Tian Yu Liu,UNKNOWN,UNKNOWN,ICML,2024
ICML-2024-A005076,Alex Wong,UNKNOWN,UNKNOWN,ICML,2024
ICML-2024-A005077,Stefano Soatto,UNKNOWN,UNKNOWN,ICML,2024
ICML-2024-A005078,Mike Laszkiewicz,UNKNOWN,UNKNOWN,ICML,2024
ICML-2024-A005079,Jonas Ricker,UNKNOWN,UNKNOWN,ICML,2024
ICML-2024-A005080,Johannes Lederer,UNKNOWN,UNKNOWN,ICML,2024
ICML-2024-A005081,Asja Fischer,UNKNOWN,UNKNOWN,ICML,2024
ICML-2024-A005082,Itay Lavie,UNKNOWN,UNKNOWN,ICML,2024
ICML-2024-A005083,Guy Gur-Ari,UNKNOWN,UNKNOWN,ICML,2024
ICML-2024-A005084,Zohar Ringel,UNKNOWN,UNKNOWN,ICML,2024
ICML-2024-A005085,Samuel Lavoie,UNKNOWN,UNKNOWN,ICML,2024
ICML-2024-A005086,Polina Kirichenko,UNKNOWN,UNKNOWN,ICML,2024
ICML-2024-A005087,Mark Ibrahim,UNKNOWN,UNKNOWN,ICML,2024
ICML-2024-A005088,Mido Assran,UNKNOWN,UNKNOWN,ICML,2024
ICML-2024-A005089,Andrew Gordon Wilson,UNKNOWN,UNKNOWN,ICML,2024
ICML-2024-A005090,Aaron Courville,UNKNOWN,UNKNOWN,ICML,2024
ICML-2024-A005091,Nicolas Ballas,UNKNOWN,UNKNOWN,ICML,2024
ICML-2024-A005092,Filippo Lazzati,UNKNOWN,UNKNOWN,ICML,2024
ICML-2024-A005093,Mirco Mutti,UNKNOWN,UNKNOWN,ICML,2024
ICML-2024-A005094,Alberto Maria Metelli,UNKNOWN,UNKNOWN,ICML,2024
ICML-2024-A005095,Tam Le,UNKNOWN,UNKNOWN,ICML,2024
ICML-2024-A005096,Truyen Nguyen,UNKNOWN,UNKNOWN,ICML,2024
ICML-2024-A005097,Kenji Fukumizu,UNKNOWN,UNKNOWN,ICML,2024
ICML-2024-A005098,Tuan Anh Le,UNKNOWN,UNKNOWN,ICML,2024
ICML-2024-A005099,Pavel Sountsov,UNKNOWN,UNKNOWN,ICML,2024
ICML-2024-A005100,Matthew Douglas Hoffman,UNKNOWN,UNKNOWN,ICML,2024
ICML-2024-A005101,Ben Lee,UNKNOWN,UNKNOWN,ICML,2024
ICML-2024-A005102,Brian Patton,UNKNOWN,UNKNOWN,ICML,2024
ICML-2024-A005103,Rif A. Saurous,UNKNOWN,UNKNOWN,ICML,2024
ICML-2024-A005104,Duy Le,UNKNOWN,UNKNOWN,ICML,2024
ICML-2024-A005105,Shaochen Zhong,UNKNOWN,UNKNOWN,ICML,2024
ICML-2024-A005106,Zirui Liu,UNKNOWN,UNKNOWN,ICML,2024
ICML-2024-A005107,Shuai Xu,UNKNOWN,UNKNOWN,ICML,2024
ICML-2024-A005108,Vipin Chaudhary,UNKNOWN,UNKNOWN,ICML,2024
ICML-2024-A005109,Kaixiong Zhou,UNKNOWN,UNKNOWN,ICML,2024
ICML-2024-A005110,Zhaozhuo Xu,UNKNOWN,UNKNOWN,ICML,2024
ICML-2024-A005111,Batiste Le Bars,UNKNOWN,UNKNOWN,ICML,2024
ICML-2024-A005112,Aurélien Bellet,UNKNOWN,UNKNOWN,ICML,2024
ICML-2024-A005113,Marc Tommasi,UNKNOWN,UNKNOWN,ICML,2024
ICML-2024-A005114,Kevin Scaman,UNKNOWN,UNKNOWN,ICML,2024
ICML-2024-A005115,Giovanni Neglia,UNKNOWN,UNKNOWN,ICML,2024
ICML-2024-A005116,Kevin Leahy,UNKNOWN,UNKNOWN,ICML,2024
ICML-2024-A005117,Makai Mann,UNKNOWN,UNKNOWN,ICML,2024
ICML-2024-A005118,Zachary Serlin,UNKNOWN,UNKNOWN,ICML,2024
ICML-2024-A005119,Adam Lechowicz,UNKNOWN,UNKNOWN,ICML,2024
ICML-2024-A005120,Nicolas Christianson,UNKNOWN,UNKNOWN,ICML,2024
ICML-2024-A005121,Bo Sun,UNKNOWN,UNKNOWN,ICML,2024
ICML-2024-A005122,Noman Bashir,UNKNOWN,UNKNOWN,ICML,2024
ICML-2024-A005123,Mohammad Hajiesmaili,UNKNOWN,UNKNOWN,ICML,2024
ICML-2024-A005124,Adam Wierman,UNKNOWN,UNKNOWN,ICML,2024
ICML-2024-A005125,Prashant Shenoy,UNKNOWN,UNKNOWN,ICML,2024
ICML-2024-A005126,Antoine Ledent,UNKNOWN,UNKNOWN,ICML,2024
ICML-2024-A005127,Rodrigo Alves,UNKNOWN,UNKNOWN,ICML,2024
ICML-2024-A005128,Andrew Lee,UNKNOWN,UNKNOWN,ICML,2024
ICML-2024-A005129,Xiaoyan Bai,UNKNOWN,UNKNOWN,ICML,2024
ICML-2024-A005130,Itamar Pres,UNKNOWN,UNKNOWN,ICML,2024
ICML-2024-A005131,Martin Wattenberg,UNKNOWN,UNKNOWN,ICML,2024
ICML-2024-A005132,Jonathan K. Kummerfeld,UNKNOWN,UNKNOWN,ICML,2024
ICML-2024-A005133,Rada Mihalcea,UNKNOWN,UNKNOWN,ICML,2024
ICML-2024-A005134,Jae-Hong Lee,UNKNOWN,UNKNOWN,ICML,2024
ICML-2024-A005135,Joon-Hyuk Chang,UNKNOWN,UNKNOWN,ICML,2024
ICML-2024-A005136,Kuang-Huei Lee,UNKNOWN,UNKNOWN,ICML,2024
ICML-2024-A005137,Xinyun Chen,UNKNOWN,UNKNOWN,ICML,2024
ICML-2024-A005138,Hiroki Furuta,UNKNOWN,UNKNOWN,ICML,2024
ICML-2024-A005139,John Canny,UNKNOWN,UNKNOWN,ICML,2024
ICML-2024-A005140,Ian Fischer,UNKNOWN,UNKNOWN,ICML,2024
ICML-2024-A005141,Hojoon Lee,UNKNOWN,UNKNOWN,ICML,2024
ICML-2024-A005142,Hyeonseo Cho,UNKNOWN,UNKNOWN,ICML,2024
ICML-2024-A005143,Hyunseung Kim,UNKNOWN,UNKNOWN,ICML,2024
ICML-2024-A005144,Donghu Kim,UNKNOWN,UNKNOWN,ICML,2024
ICML-2024-A005145,Dugki Min,UNKNOWN,UNKNOWN,ICML,2024
ICML-2024-A005146,Jaegul Choo,UNKNOWN,UNKNOWN,ICML,2024
ICML-2024-A005147,Clare Lyle,UNKNOWN,UNKNOWN,ICML,2024
ICML-2024-A005148,Jaewook Lee,UNKNOWN,UNKNOWN,ICML,2024
ICML-2024-A005149,Hanseul Cho,UNKNOWN,UNKNOWN,ICML,2024
ICML-2024-A005150,Chulhee Yun,UNKNOWN,UNKNOWN,ICML,2024
ICML-2024-A005151,Hyeyoon Lee,UNKNOWN,UNKNOWN,ICML,2024
ICML-2024-A005152,Kanghyun Choi,UNKNOWN,UNKNOWN,ICML,2024
ICML-2024-A005153,Dain Kwon,UNKNOWN,UNKNOWN,ICML,2024
ICML-2024-A005154,Sunjong Park,UNKNOWN,UNKNOWN,ICML,2024
ICML-2024-A005155,Mayoore Selvarasa Jaiswal,UNKNOWN,UNKNOWN,ICML,2024
ICML-2024-A005156,Noseong Park,UNKNOWN,UNKNOWN,ICML,2024
ICML-2024-A005157,Jonghyun Choi,UNKNOWN,UNKNOWN,ICML,2024
ICML-2024-A005158,Jinho Lee,UNKNOWN,UNKNOWN,ICML,2024
ICML-2024-A005159,Yongmin Lee,UNKNOWN,UNKNOWN,ICML,2024
ICML-2024-A005160,Hye Won Chung,UNKNOWN,UNKNOWN,ICML,2024
ICML-2024-A005161,Royson Lee,UNKNOWN,UNKNOWN,ICML,2024
ICML-2024-A005162,Javier Fernandez-Marques,UNKNOWN,UNKNOWN,ICML,2024
ICML-2024-A005163,Shell Xu Hu,UNKNOWN,UNKNOWN,ICML,2024
ICML-2024-A005164,Da Li,UNKNOWN,UNKNOWN,ICML,2024
ICML-2024-A005165,Stefanos Laskaridis,UNKNOWN,UNKNOWN,ICML,2024
ICML-2024-A005166,Łukasz Dudziak,UNKNOWN,UNKNOWN,ICML,2024
ICML-2024-A005167,Timothy Hospedales,UNKNOWN,UNKNOWN,ICML,2024
ICML-2024-A005168,Ferenc Huszár,UNKNOWN,UNKNOWN,ICML,2024
ICML-2024-A005169,Nicholas Donald Lane,UNKNOWN,UNKNOWN,ICML,2024
ICML-2024-A005170,Jaejun Lee,UNKNOWN,UNKNOWN,ICML,2024
ICML-2024-A005171,Minsung Hwang,UNKNOWN,UNKNOWN,ICML,2024
ICML-2024-A005172,Joyce Jiyoung Whang,UNKNOWN,UNKNOWN,ICML,2024
ICML-2024-A005173,Soochan Lee,UNKNOWN,UNKNOWN,ICML,2024
ICML-2024-A005174,Hyeonseong Jeon,UNKNOWN,UNKNOWN,ICML,2024
ICML-2024-A005175,Jaehyeon Son,UNKNOWN,UNKNOWN,ICML,2024
ICML-2024-A005176,Gunhee Kim,UNKNOWN,UNKNOWN,ICML,2024
ICML-2024-A005177,See Hian Lee,UNKNOWN,UNKNOWN,ICML,2024
ICML-2024-A005178,Feng Ji,UNKNOWN,UNKNOWN,ICML,2024
ICML-2024-A005179,Kelin Xia,UNKNOWN,UNKNOWN,ICML,2024
ICML-2024-A005180,Wee Peng Tay,UNKNOWN,UNKNOWN,ICML,2024
ICML-2024-A005181,Hyunin Lee,UNKNOWN,UNKNOWN,ICML,2024
ICML-2024-A005182,Ming Jin,UNKNOWN,UNKNOWN,ICML,2024
ICML-2024-A005183,Javad Lavaei,UNKNOWN,UNKNOWN,ICML,2024
ICML-2024-A005184,Somayeh Sojoudi,UNKNOWN,UNKNOWN,ICML,2024
ICML-2024-A005185,Soo Yong Lee,UNKNOWN,UNKNOWN,ICML,2024
ICML-2024-A005186,Sunwoo Kim,UNKNOWN,UNKNOWN,ICML,2024
ICML-2024-A005187,Fanchen Bu,UNKNOWN,UNKNOWN,ICML,2024
ICML-2024-A005188,Jaemin Yoo,UNKNOWN,UNKNOWN,ICML,2024
ICML-2024-A005189,Jiliang Tang,UNKNOWN,UNKNOWN,ICML,2024
ICML-2024-A005190,Kijung Shin,UNKNOWN,UNKNOWN,ICML,2024
ICML-2024-A005191,Hagyeong Lee,UNKNOWN,UNKNOWN,ICML,2024
ICML-2024-A005192,Minkyu Kim,UNKNOWN,UNKNOWN,ICML,2024
ICML-2024-A005193,Jun-Hyuk Kim,UNKNOWN,UNKNOWN,ICML,2024
ICML-2024-A005194,Seungeon Kim,UNKNOWN,UNKNOWN,ICML,2024
ICML-2024-A005195,Dokwan Oh,UNKNOWN,UNKNOWN,ICML,2024
ICML-2024-A005196,Jaeho Lee,UNKNOWN,UNKNOWN,ICML,2024
ICML-2024-A005197,Seul Lee,UNKNOWN,UNKNOWN,ICML,2024
ICML-2024-A005198,Seanie Lee,UNKNOWN,UNKNOWN,ICML,2024
ICML-2024-A005199,Kenji Kawaguchi,UNKNOWN,UNKNOWN,ICML,2024
ICML-2024-A005200,Sung Ju Hwang,UNKNOWN,UNKNOWN,ICML,2024
ICML-2024-A005201,Joowon Lee,UNKNOWN,UNKNOWN,ICML,2024
ICML-2024-A005202,Hanbaek Lyu,UNKNOWN,UNKNOWN,ICML,2024
ICML-2024-A005203,Weixin Yao,UNKNOWN,UNKNOWN,ICML,2024
ICML-2024-A005204,Sangmin Lee,UNKNOWN,UNKNOWN,ICML,2024
ICML-2024-A005205,Abbas Mammadov,UNKNOWN,UNKNOWN,ICML,2024
ICML-2024-A005206,Jong Chul Ye,UNKNOWN,UNKNOWN,ICML,2024
ICML-2024-A005207,Jin Hwa Lee,UNKNOWN,UNKNOWN,ICML,2024
ICML-2024-A005208,Stefano Sarao Mannelli,UNKNOWN,UNKNOWN,ICML,2024
ICML-2024-A005209,Andrew M Saxe,UNKNOWN,UNKNOWN,ICML,2024
ICML-2024-A005210,Nahyuk Lee,UNKNOWN,UNKNOWN,ICML,2024
ICML-2024-A005211,Juhong Min,UNKNOWN,UNKNOWN,ICML,2024
ICML-2024-A005212,Junha Lee,UNKNOWN,UNKNOWN,ICML,2024
ICML-2024-A005213,Seungwook Kim,UNKNOWN,UNKNOWN,ICML,2024
ICML-2024-A005214,Kanghee Lee,UNKNOWN,UNKNOWN,ICML,2024
ICML-2024-A005215,Jaesik Park,UNKNOWN,UNKNOWN,ICML,2024
ICML-2024-A005216,Minsu Cho,UNKNOWN,UNKNOWN,ICML,2024
ICML-2024-A005217,Harrison Lee,UNKNOWN,UNKNOWN,ICML,2024
ICML-2024-A005218,Samrat Phatale,UNKNOWN,UNKNOWN,ICML,2024
ICML-2024-A005219,Hassan Mansoor,UNKNOWN,UNKNOWN,ICML,2024
ICML-2024-A005220,Thomas Mesnard,UNKNOWN,UNKNOWN,ICML,2024
ICML-2024-A005221,Johan Ferret,UNKNOWN,UNKNOWN,ICML,2024
ICML-2024-A005222,Kellie Ren Lu,UNKNOWN,UNKNOWN,ICML,2024
ICML-2024-A005223,Colton Bishop,UNKNOWN,UNKNOWN,ICML,2024
ICML-2024-A005224,Ethan Hall,UNKNOWN,UNKNOWN,ICML,2024
ICML-2024-A005225,Victor Carbune,UNKNOWN,UNKNOWN,ICML,2024
ICML-2024-A005226,Abhinav Rastogi,UNKNOWN,UNKNOWN,ICML,2024
ICML-2024-A005227,Sushant Prakash,UNKNOWN,UNKNOWN,ICML,2024
ICML-2024-A005228,Hyunjong Lee,UNKNOWN,UNKNOWN,ICML,2024
ICML-2024-A005229,Yedarm Seong,UNKNOWN,UNKNOWN,ICML,2024
ICML-2024-A005230,Sungdong Lee,UNKNOWN,UNKNOWN,ICML,2024
ICML-2024-A005231,Joong-Ho Won,UNKNOWN,UNKNOWN,ICML,2024
ICML-2024-A005232,Kyungeun Lee,UNKNOWN,UNKNOWN,ICML,2024
ICML-2024-A005233,Ye Seul Sim,UNKNOWN,UNKNOWN,ICML,2024
ICML-2024-A005234,Hyeseung Cho,UNKNOWN,UNKNOWN,ICML,2024
ICML-2024-A005235,Moonjung Eo,UNKNOWN,UNKNOWN,ICML,2024
ICML-2024-A005236,Suhee Yoon,UNKNOWN,UNKNOWN,ICML,2024
ICML-2024-A005237,Sanghyu Yoon,UNKNOWN,UNKNOWN,ICML,2024
ICML-2024-A005238,Woohyung Lim,UNKNOWN,UNKNOWN,ICML,2024
ICML-2024-A005239,Deokjae Lee,UNKNOWN,UNKNOWN,ICML,2024
ICML-2024-A005240,Hyun Oh Song,UNKNOWN,UNKNOWN,ICML,2024
ICML-2024-A005241,Kyunghyun Cho,UNKNOWN,UNKNOWN,ICML,2024
ICML-2024-A005242,Minji Lee,UNKNOWN,UNKNOWN,ICML,2024
ICML-2024-A005243,Luiz Felipe Vecchietti,UNKNOWN,UNKNOWN,ICML,2024
ICML-2024-A005244,Hyunkyu Jung,UNKNOWN,UNKNOWN,ICML,2024
ICML-2024-A005245,Hyun Joo Ro,UNKNOWN,UNKNOWN,ICML,2024
ICML-2024-A005246,Meeyoung Cha,UNKNOWN,UNKNOWN,ICML,2024
ICML-2024-A005247,Ho Min Kim,UNKNOWN,UNKNOWN,ICML,2024
ICML-2024-A005248,Seungjae Lee,UNKNOWN,UNKNOWN,ICML,2024
ICML-2024-A005249,Yibin Wang,UNKNOWN,UNKNOWN,ICML,2024
ICML-2024-A005250,Haritheja Etukuru,UNKNOWN,UNKNOWN,ICML,2024
ICML-2024-A005251,H. Jin Kim,UNKNOWN,UNKNOWN,ICML,2024
ICML-2024-A005252,Nur Muhammad Mahi Shafiullah,UNKNOWN,UNKNOWN,ICML,2024
ICML-2024-A005253,Lerrel Pinto,UNKNOWN,UNKNOWN,ICML,2024
ICML-2024-A005254,Joonho Lee,UNKNOWN,UNKNOWN,ICML,2024
ICML-2024-A005255,Jae Oh Woo,UNKNOWN,UNKNOWN,ICML,2024
ICML-2024-A005256,Juree Seok,UNKNOWN,UNKNOWN,ICML,2024
ICML-2024-A005257,Parisa Hassanzadeh,UNKNOWN,UNKNOWN,ICML,2024
ICML-2024-A005258,Wooseok Jang,UNKNOWN,UNKNOWN,ICML,2024
ICML-2024-A005259,Juyoun Son,UNKNOWN,UNKNOWN,ICML,2024
ICML-2024-A005260,Sima Didari,UNKNOWN,UNKNOWN,ICML,2024
ICML-2024-A005261,Baruch Gutow,UNKNOWN,UNKNOWN,ICML,2024
ICML-2024-A005262,Heng Hao,UNKNOWN,UNKNOWN,ICML,2024
ICML-2024-A005263,Hankyu Moon,UNKNOWN,UNKNOWN,ICML,2024
ICML-2024-A005264,Wenjun Hu,UNKNOWN,UNKNOWN,ICML,2024
ICML-2024-A005265,Yeong-Dae Kwon,UNKNOWN,UNKNOWN,ICML,2024
ICML-2024-A005266,Taehee Lee,UNKNOWN,UNKNOWN,ICML,2024
ICML-2024-A005267,Seungjai Min,UNKNOWN,UNKNOWN,ICML,2024
ICML-2024-A005268,Taehwan Lee,UNKNOWN,UNKNOWN,ICML,2024
ICML-2024-A005269,Sung Whan Yoon,UNKNOWN,UNKNOWN,ICML,2024
ICML-2024-A005270,Daeun Lee,UNKNOWN,UNKNOWN,ICML,2024
ICML-2024-A005271,Jaehong Yoon,UNKNOWN,UNKNOWN,ICML,2024
ICML-2024-A005272,Sung Ju Hwang,UNKNOWN,UNKNOWN,ICML,2024
ICML-2024-A005273,Jaewoo Lee,UNKNOWN,UNKNOWN,ICML,2024
ICML-2024-A005274,Jaehong Yoon,UNKNOWN,UNKNOWN,ICML,2024
ICML-2024-A005275,Wonjae Kim,UNKNOWN,UNKNOWN,ICML,2024
ICML-2024-A005276,Yunji Kim,UNKNOWN,UNKNOWN,ICML,2024
ICML-2024-A005277,Sung Ju Hwang,UNKNOWN,UNKNOWN,ICML,2024
ICML-2024-A005278,Su Hyeong Lee,UNKNOWN,UNKNOWN,ICML,2024
ICML-2024-A005279,Qingqi Zhang,UNKNOWN,UNKNOWN,ICML,2024
ICML-2024-A005280,Risi Kondor,UNKNOWN,UNKNOWN,ICML,2024
ICML-2024-A005281,Davide Legacci,UNKNOWN,UNKNOWN,ICML,2024
ICML-2024-A005282,Panayotis Mertikopoulos,UNKNOWN,UNKNOWN,ICML,2024
ICML-2024-A005283,Bary Pradelski,UNKNOWN,UNKNOWN,ICML,2024
ICML-2024-A005284,Fenghao Lei,UNKNOWN,UNKNOWN,ICML,2024
ICML-2024-A005285,Long Yang,UNKNOWN,UNKNOWN,ICML,2024
ICML-2024-A005286,Shiting Wen,UNKNOWN,UNKNOWN,ICML,2024
ICML-2024-A005287,Zhixiong Huang,UNKNOWN,UNKNOWN,ICML,2024
ICML-2024-A005288,Zhiwang Zhang,UNKNOWN,UNKNOWN,ICML,2024
ICML-2024-A005289,Chaoyi Pang,UNKNOWN,UNKNOWN,ICML,2024
ICML-2024-A005290,Rémi Leluc,UNKNOWN,UNKNOWN,ICML,2024
ICML-2024-A005291,Aymeric Dieuleveut,UNKNOWN,UNKNOWN,ICML,2024
ICML-2024-A005292,François Portier,UNKNOWN,UNKNOWN,ICML,2024
ICML-2024-A005293,Johan Segers,UNKNOWN,UNKNOWN,ICML,2024
ICML-2024-A005294,Aigerim Zhuman,UNKNOWN,UNKNOWN,ICML,2024
ICML-2024-A005295,Jean-Marie Lemercier,UNKNOWN,UNKNOWN,ICML,2024
ICML-2024-A005296,Simon Rouard,UNKNOWN,UNKNOWN,ICML,2024
ICML-2024-A005297,Jade Copet,UNKNOWN,UNKNOWN,ICML,2024
ICML-2024-A005298,Yossi Adi,UNKNOWN,UNKNOWN,ICML,2024
ICML-2024-A005299,Alexandre Défossez,UNKNOWN,UNKNOWN,ICML,2024
ICML-2024-A005300,Pablo Lemos,UNKNOWN,UNKNOWN,ICML,2024
ICML-2024-A005301,Nikolay Malkin,UNKNOWN,UNKNOWN,ICML,2024
ICML-2024-A005302,Will Handley,UNKNOWN,UNKNOWN,ICML,2024
ICML-2024-A005303,Yoshua Bengio,UNKNOWN,UNKNOWN,ICML,2024
ICML-2024-A005304,Yashar Hezaveh,UNKNOWN,UNKNOWN,ICML,2024
ICML-2024-A005305,Laurence Perreault-Levasseur,UNKNOWN,UNKNOWN,ICML,2024
ICML-2024-A005306,Victor Letzelter,UNKNOWN,UNKNOWN,ICML,2024
ICML-2024-A005307,David Perera,UNKNOWN,UNKNOWN,ICML,2024
ICML-2024-A005308,Cédric Rommel,UNKNOWN,UNKNOWN,ICML,2024
ICML-2024-A005309,Mathieu Fontaine,UNKNOWN,UNKNOWN,ICML,2024
ICML-2024-A005310,Slim Essid,UNKNOWN,UNKNOWN,ICML,2024
ICML-2024-A005311,Gaël Richard,UNKNOWN,UNKNOWN,ICML,2024
ICML-2024-A005312,Patrick Perez,UNKNOWN,UNKNOWN,ICML,2024
ICML-2024-A005313,Filippo Leveni,UNKNOWN,UNKNOWN,ICML,2024
ICML-2024-A005314,Guilherme Weigert Cassales,UNKNOWN,UNKNOWN,ICML,2024
ICML-2024-A005315,Bernhard Pfahringer,UNKNOWN,UNKNOWN,ICML,2024
ICML-2024-A005316,Albert Bifet,UNKNOWN,UNKNOWN,ICML,2024
ICML-2024-A005317,Giacomo Boracchi,UNKNOWN,UNKNOWN,ICML,2024
ICML-2024-A005318,Daniel Levine,UNKNOWN,UNKNOWN,ICML,2024
ICML-2024-A005319,Syed A Rizvi,UNKNOWN,UNKNOWN,ICML,2024
ICML-2024-A005320,Sacha Lévy,UNKNOWN,UNKNOWN,ICML,2024
ICML-2024-A005321,Nazreen Pallikkavaliyaveetil,UNKNOWN,UNKNOWN,ICML,2024
ICML-2024-A005322,David Zhang,UNKNOWN,UNKNOWN,ICML,2024
ICML-2024-A005323,Xingyu Chen,UNKNOWN,UNKNOWN,ICML,2024
ICML-2024-A005324,Sina Ghadermarzi,UNKNOWN,UNKNOWN,ICML,2024
ICML-2024-A005325,Ruiming Wu,UNKNOWN,UNKNOWN,ICML,2024
ICML-2024-A005326,Zihe Zheng,UNKNOWN,UNKNOWN,ICML,2024
ICML-2024-A005327,Ivan Vrkic,UNKNOWN,UNKNOWN,ICML,2024
ICML-2024-A005328,Anna Zhong,UNKNOWN,UNKNOWN,ICML,2024
ICML-2024-A005329,Daphne Raskin,UNKNOWN,UNKNOWN,ICML,2024
ICML-2024-A005330,Insu Han,UNKNOWN,UNKNOWN,ICML,2024
ICML-2024-A005331,Antonio Henrique De Oliveira Fonseca,UNKNOWN,UNKNOWN,ICML,2024
ICML-2024-A005332,Josue Ortega Caro,UNKNOWN,UNKNOWN,ICML,2024
ICML-2024-A005333,Amin Karbasi,UNKNOWN,UNKNOWN,ICML,2024
ICML-2024-A005334,Rahul Madhav Dhodapkar,UNKNOWN,UNKNOWN,ICML,2024
ICML-2024-A005335,David Van Dijk,UNKNOWN,UNKNOWN,ICML,2024
ICML-2024-A005336,Orin Levy,UNKNOWN,UNKNOWN,ICML,2024
ICML-2024-A005337,Asaf Cassel,UNKNOWN,UNKNOWN,ICML,2024
ICML-2024-A005338,Alon Cohen,UNKNOWN,UNKNOWN,ICML,2024
ICML-2024-A005339,Yishay Mansour,UNKNOWN,UNKNOWN,ICML,2024
ICML-2024-A005340,Francesca-Zhoufan Li,UNKNOWN,UNKNOWN,ICML,2024
ICML-2024-A005341,Ava P Amini,UNKNOWN,UNKNOWN,ICML,2024
ICML-2024-A005342,Yisong Yue,UNKNOWN,UNKNOWN,ICML,2024
ICML-2024-A005343,Kevin K Yang,UNKNOWN,UNKNOWN,ICML,2024
ICML-2024-A005344,Alex Xijie Lu,UNKNOWN,UNKNOWN,ICML,2024
ICML-2024-A005345,Yuchen Li,UNKNOWN,UNKNOWN,ICML,2024
ICML-2024-A005346,Laura Balzano,UNKNOWN,UNKNOWN,ICML,2024
ICML-2024-A005347,Deanna Needell,UNKNOWN,UNKNOWN,ICML,2024
ICML-2024-A005348,Hanbaek Lyu,UNKNOWN,UNKNOWN,ICML,2024
ICML-2024-A005349,Lujun Li,UNKNOWN,UNKNOWN,ICML,2024
ICML-2024-A005350,Yufan Bao,UNKNOWN,UNKNOWN,ICML,2024
ICML-2024-A005351,Peijie Dong,UNKNOWN,UNKNOWN,ICML,2024
ICML-2024-A005352,Chuanguang Yang,UNKNOWN,UNKNOWN,ICML,2024
ICML-2024-A005353,Anggeng Li,UNKNOWN,UNKNOWN,ICML,2024
ICML-2024-A005354,Wenhan Luo,UNKNOWN,UNKNOWN,ICML,2024
ICML-2024-A005355,Qifeng Liu,UNKNOWN,UNKNOWN,ICML,2024
ICML-2024-A005356,Wei Xue,UNKNOWN,UNKNOWN,ICML,2024
ICML-2024-A005357,Yike Guo,UNKNOWN,UNKNOWN,ICML,2024
ICML-2024-A005358,Yazhe Li,UNKNOWN,UNKNOWN,ICML,2024
ICML-2024-A005359,Jorg Bornschein,UNKNOWN,UNKNOWN,ICML,2024
ICML-2024-A005360,Ting Chen,UNKNOWN,UNKNOWN,ICML,2024
ICML-2024-A005361,Boheng Li,UNKNOWN,UNKNOWN,ICML,2024
ICML-2024-A005362,Yishuo Cai,UNKNOWN,UNKNOWN,ICML,2024
ICML-2024-A005363,Jisong Cai,UNKNOWN,UNKNOWN,ICML,2024
ICML-2024-A005364,Yiming Li,UNKNOWN,UNKNOWN,ICML,2024
ICML-2024-A005365,Han Qiu,UNKNOWN,UNKNOWN,ICML,2024
ICML-2024-A005366,Run Wang,UNKNOWN,UNKNOWN,ICML,2024
ICML-2024-A005367,Tianwei Zhang,UNKNOWN,UNKNOWN,ICML,2024
ICML-2024-A005368,Zhiming Li,UNKNOWN,UNKNOWN,ICML,2024
ICML-2024-A005369,Yushi Cao,UNKNOWN,UNKNOWN,ICML,2024
ICML-2024-A005370,Yan Zheng,UNKNOWN,UNKNOWN,ICML,2024
ICML-2024-A005371,Xu Liu,UNKNOWN,UNKNOWN,ICML,2024
ICML-2024-A005372,Bozhi Wu,UNKNOWN,UNKNOWN,ICML,2024
ICML-2024-A005373,Tianlin Li,UNKNOWN,UNKNOWN,ICML,2024
ICML-2024-A005374,Xiufeng Xu,UNKNOWN,UNKNOWN,ICML,2024
ICML-2024-A005375,Junzhe Jiang,UNKNOWN,UNKNOWN,ICML,2024
ICML-2024-A005376,Yon Shin Teo,UNKNOWN,UNKNOWN,ICML,2024
ICML-2024-A005377,Shang-Wei Lin,UNKNOWN,UNKNOWN,ICML,2024
ICML-2024-A005378,Yang Liu,UNKNOWN,UNKNOWN,ICML,2024
ICML-2024-A005379,Marvin Li,UNKNOWN,UNKNOWN,ICML,2024
ICML-2024-A005380,Sitan Chen,UNKNOWN,UNKNOWN,ICML,2024
ICML-2024-A005381,Yuke Li,UNKNOWN,UNKNOWN,ICML,2024
ICML-2024-A005382,Guangyi Chen,UNKNOWN,UNKNOWN,ICML,2024
ICML-2024-A005383,Ben Abramowitz,UNKNOWN,UNKNOWN,ICML,2024
ICML-2024-A005384,Stefano Anzellotti,UNKNOWN,UNKNOWN,ICML,2024
ICML-2024-A005385,Donglai Wei,UNKNOWN,UNKNOWN,ICML,2024
ICML-2024-A005386,Xuhong Li,UNKNOWN,UNKNOWN,ICML,2024
ICML-2024-A005387,Jiamin Chen,UNKNOWN,UNKNOWN,ICML,2024
ICML-2024-A005388,Yekun Chai,UNKNOWN,UNKNOWN,ICML,2024
ICML-2024-A005389,Haoyi Xiong,UNKNOWN,UNKNOWN,ICML,2024
ICML-2024-A005390,Xiang Li,UNKNOWN,UNKNOWN,ICML,2024
ICML-2024-A005391,Yinpeng Chen,UNKNOWN,UNKNOWN,ICML,2024
ICML-2024-A005392,Chung-Ching Lin,UNKNOWN,UNKNOWN,ICML,2024
ICML-2024-A005393,Hao Chen,UNKNOWN,UNKNOWN,ICML,2024
ICML-2024-A005394,Kai Hu,UNKNOWN,UNKNOWN,ICML,2024
ICML-2024-A005395,Rita Singh,UNKNOWN,UNKNOWN,ICML,2024
ICML-2024-A005396,Bhiksha Raj,UNKNOWN,UNKNOWN,ICML,2024
ICML-2024-A005397,Lijuan Wang,UNKNOWN,UNKNOWN,ICML,2024
ICML-2024-A005398,Zicheng Liu,UNKNOWN,UNKNOWN,ICML,2024
ICML-2024-A005399,Hanqi Li,UNKNOWN,UNKNOWN,ICML,2024
ICML-2024-A005400,Lu Chen,UNKNOWN,UNKNOWN,ICML,2024
ICML-2024-A005401,Da Ma,UNKNOWN,UNKNOWN,ICML,2024
ICML-2024-A005402,Zijian Wu,UNKNOWN,UNKNOWN,ICML,2024
ICML-2024-A005403,Su Zhu,UNKNOWN,UNKNOWN,ICML,2024
ICML-2024-A005404,Kai Yu,UNKNOWN,UNKNOWN,ICML,2024
ICML-2024-A005405,Yangyi Li,UNKNOWN,UNKNOWN,ICML,2024
ICML-2024-A005406,Aobo Chen,UNKNOWN,UNKNOWN,ICML,2024
ICML-2024-A005407,Wei Qian,UNKNOWN,UNKNOWN,ICML,2024
ICML-2024-A005408,Chenxu Zhao,UNKNOWN,UNKNOWN,ICML,2024
ICML-2024-A005409,Divya Lidder,UNKNOWN,UNKNOWN,ICML,2024
ICML-2024-A005410,Mengdi Huai,UNKNOWN,UNKNOWN,ICML,2024
ICML-2024-A005411,Wenshuo Li,UNKNOWN,UNKNOWN,ICML,2024
ICML-2024-A005412,Xinghao Chen,UNKNOWN,UNKNOWN,ICML,2024
ICML-2024-A005413,Han Shu,UNKNOWN,UNKNOWN,ICML,2024
ICML-2024-A005414,Yehui Tang,UNKNOWN,UNKNOWN,ICML,2024
ICML-2024-A005415,Yunhe Wang,UNKNOWN,UNKNOWN,ICML,2024
ICML-2024-A005416,Yuantong Li,UNKNOWN,UNKNOWN,ICML,2024
ICML-2024-A005417,Guang Cheng,UNKNOWN,UNKNOWN,ICML,2024
ICML-2024-A005418,Xiaowu Dai,UNKNOWN,UNKNOWN,ICML,2024
ICML-2024-A005419,Jiahan Li,UNKNOWN,UNKNOWN,ICML,2024
ICML-2024-A005420,Chaoran Cheng,UNKNOWN,UNKNOWN,ICML,2024
ICML-2024-A005421,Zuofan Wu,UNKNOWN,UNKNOWN,ICML,2024
ICML-2024-A005422,Ruihan Guo,UNKNOWN,UNKNOWN,ICML,2024
ICML-2024-A005423,Shitong Luo,UNKNOWN,UNKNOWN,ICML,2024
ICML-2024-A005424,Zhizhou Ren,UNKNOWN,UNKNOWN,ICML,2024
ICML-2024-A005425,Jian Peng,UNKNOWN,UNKNOWN,ICML,2024
ICML-2024-A005426,Jianzhu Ma,UNKNOWN,UNKNOWN,ICML,2024
ICML-2024-A005427,Changchun Li,UNKNOWN,UNKNOWN,ICML,2024
ICML-2024-A005428,Yuanchao Dai,UNKNOWN,UNKNOWN,ICML,2024
ICML-2024-A005429,Lei Feng,UNKNOWN,UNKNOWN,ICML,2024
ICML-2024-A005430,Ximing Li,UNKNOWN,UNKNOWN,ICML,2024
ICML-2024-A005431,Bing Wang,UNKNOWN,UNKNOWN,ICML,2024
ICML-2024-A005432,Jihong Ouyang,UNKNOWN,UNKNOWN,ICML,2024
ICML-2024-A005433,Wenzhe Li,UNKNOWN,UNKNOWN,ICML,2024
ICML-2024-A005434,Zihan Ding,UNKNOWN,UNKNOWN,ICML,2024
ICML-2024-A005435,Seth Karten,UNKNOWN,UNKNOWN,ICML,2024
ICML-2024-A005436,Chi Jin,UNKNOWN,UNKNOWN,ICML,2024
ICML-2024-A005437,Lingxiao Li,UNKNOWN,UNKNOWN,ICML,2024
ICML-2024-A005438,Raaz Dwivedi,UNKNOWN,UNKNOWN,ICML,2024
ICML-2024-A005439,Lester Mackey,UNKNOWN,UNKNOWN,ICML,2024
ICML-2024-A005440,Wei Li,UNKNOWN,UNKNOWN,ICML,2024
ICML-2024-A005441,Hehe Fan,UNKNOWN,UNKNOWN,ICML,2024
ICML-2024-A005442,Yongkang Wong,UNKNOWN,UNKNOWN,ICML,2024
ICML-2024-A005443,Yi Yang,UNKNOWN,UNKNOWN,ICML,2024
ICML-2024-A005444,Mohan Kankanhalli,UNKNOWN,UNKNOWN,ICML,2024
ICML-2024-A005445,Boning Li,UNKNOWN,UNKNOWN,ICML,2024
ICML-2024-A005446,Zhixuan Fang,UNKNOWN,UNKNOWN,ICML,2024
ICML-2024-A005447,Longbo Huang,UNKNOWN,UNKNOWN,ICML,2024
ICML-2024-A005448,Yuxin Li,UNKNOWN,UNKNOWN,ICML,2024
ICML-2024-A005449,Yaoxuan Feng,UNKNOWN,UNKNOWN,ICML,2024
ICML-2024-A005450,Bo Chen,UNKNOWN,UNKNOWN,ICML,2024
ICML-2024-A005451,Wenchao Chen,UNKNOWN,UNKNOWN,ICML,2024
ICML-2024-A005452,Yubiao Wang,UNKNOWN,UNKNOWN,ICML,2024
ICML-2024-A005453,Xinyue Hu,UNKNOWN,UNKNOWN,ICML,2024
ICML-2024-A005454,Baolin Sun,UNKNOWN,UNKNOWN,ICML,2024
ICML-2024-A005455,Chunhui Qu,UNKNOWN,UNKNOWN,ICML,2024
ICML-2024-A005456,Mingyuan Zhou,UNKNOWN,UNKNOWN,ICML,2024
ICML-2024-A005457,Michael Y. Li,UNKNOWN,UNKNOWN,ICML,2024
ICML-2024-A005458,Emily Fox,UNKNOWN,UNKNOWN,ICML,2024
ICML-2024-A005459,Noah Goodman,UNKNOWN,UNKNOWN,ICML,2024
ICML-2024-A005460,Xudong Li,UNKNOWN,UNKNOWN,ICML,2024
ICML-2024-A005461,Timin Gao,UNKNOWN,UNKNOWN,ICML,2024
ICML-2024-A005462,Runze Hu,UNKNOWN,UNKNOWN,ICML,2024
ICML-2024-A005463,Yan Zhang,UNKNOWN,UNKNOWN,ICML,2024
ICML-2024-A005464,Shengchuan Zhang,UNKNOWN,UNKNOWN,ICML,2024
ICML-2024-A005465,Xiawu Zheng,UNKNOWN,UNKNOWN,ICML,2024
ICML-2024-A005466,Jingyuan Zheng,UNKNOWN,UNKNOWN,ICML,2024
ICML-2024-A005467,Yunhang Shen,UNKNOWN,UNKNOWN,ICML,2024
ICML-2024-A005468,Ke Li,UNKNOWN,UNKNOWN,ICML,2024
ICML-2024-A005469,Yutao Liu,UNKNOWN,UNKNOWN,ICML,2024
ICML-2024-A005470,Pingyang Dai,UNKNOWN,UNKNOWN,ICML,2024
ICML-2024-A005471,Rongrong Ji,UNKNOWN,UNKNOWN,ICML,2024
ICML-2024-A005472,Jiachen Li,UNKNOWN,UNKNOWN,ICML,2024
ICML-2024-A005473,Qiaozi Gao,UNKNOWN,UNKNOWN,ICML,2024
ICML-2024-A005474,Michael Johnston,UNKNOWN,UNKNOWN,ICML,2024
ICML-2024-A005475,Xiaofeng Gao,UNKNOWN,UNKNOWN,ICML,2024
ICML-2024-A005476,Xuehai He,UNKNOWN,UNKNOWN,ICML,2024
ICML-2024-A005477,Hangjie Shi,UNKNOWN,UNKNOWN,ICML,2024
ICML-2024-A005478,Suhaila Shakiah,UNKNOWN,UNKNOWN,ICML,2024
ICML-2024-A005479,Reza Ghanadan,UNKNOWN,UNKNOWN,ICML,2024
ICML-2024-A005480,William Yang Wang,UNKNOWN,UNKNOWN,ICML,2024
ICML-2024-A005481,Xiner Li,UNKNOWN,UNKNOWN,ICML,2024
ICML-2024-A005482,Shurui Gui,UNKNOWN,UNKNOWN,ICML,2024
ICML-2024-A005483,Youzhi Luo,UNKNOWN,UNKNOWN,ICML,2024
ICML-2024-A005484,Shuiwang Ji,UNKNOWN,UNKNOWN,ICML,2024
ICML-2024-A005485,Pengyi Li,UNKNOWN,UNKNOWN,ICML,2024
ICML-2024-A005486,Jianye Hao,UNKNOWN,UNKNOWN,ICML,2024
ICML-2024-A005487,Hongyao Tang,UNKNOWN,UNKNOWN,ICML,2024
ICML-2024-A005488,Yan Zheng,UNKNOWN,UNKNOWN,ICML,2024
ICML-2024-A005489,Fazl Barez,UNKNOWN,UNKNOWN,ICML,2024
ICML-2024-A005490,Yunfan Li,UNKNOWN,UNKNOWN,ICML,2024
ICML-2024-A005491,Peng Hu,UNKNOWN,UNKNOWN,ICML,2024
ICML-2024-A005492,Dezhong Peng,UNKNOWN,UNKNOWN,ICML,2024
ICML-2024-A005493,Jiancheng Lv,UNKNOWN,UNKNOWN,ICML,2024
ICML-2024-A005494,Jianping Fan,UNKNOWN,UNKNOWN,ICML,2024
ICML-2024-A005495,Xi Peng,UNKNOWN,UNKNOWN,ICML,2024
ICML-2024-A005496,Yunxin Li,UNKNOWN,UNKNOWN,ICML,2024
ICML-2024-A005497,Baotian Hu,UNKNOWN,UNKNOWN,ICML,2024
ICML-2024-A005498,Haoyuan Shi,UNKNOWN,UNKNOWN,ICML,2024
ICML-2024-A005499,Wei Wang,UNKNOWN,UNKNOWN,ICML,2024
ICML-2024-A005500,Longyue Wang,UNKNOWN,UNKNOWN,ICML,2024
ICML-2024-A005501,Min Zhang,UNKNOWN,UNKNOWN,ICML,2024
ICML-2024-A005502,Xudong Li,UNKNOWN,UNKNOWN,ICML,2024
ICML-2024-A005503,Runze Hu,UNKNOWN,UNKNOWN,ICML,2024
ICML-2024-A005504,Jingyuan Zheng,UNKNOWN,UNKNOWN,ICML,2024
ICML-2024-A005505,Yan Zhang,UNKNOWN,UNKNOWN,ICML,2024
ICML-2024-A005506,Shengchuan Zhang,UNKNOWN,UNKNOWN,ICML,2024
ICML-2024-A005507,Xiawu Zheng,UNKNOWN,UNKNOWN,ICML,2024
ICML-2024-A005508,Ke Li,UNKNOWN,UNKNOWN,ICML,2024
ICML-2024-A005509,Yunhang Shen,UNKNOWN,UNKNOWN,ICML,2024
ICML-2024-A005510,Yutao Liu,UNKNOWN,UNKNOWN,ICML,2024
ICML-2024-A005511,Pingyang Dai,UNKNOWN,UNKNOWN,ICML,2024
ICML-2024-A005512,Rongrong Ji,UNKNOWN,UNKNOWN,ICML,2024
ICML-2024-A005513,Gen Li,UNKNOWN,UNKNOWN,ICML,2024
ICML-2024-A005514,Yu Huang,UNKNOWN,UNKNOWN,ICML,2024
ICML-2024-A005515,Timofey Efimov,UNKNOWN,UNKNOWN,ICML,2024
ICML-2024-A005516,Yuting Wei,UNKNOWN,UNKNOWN,ICML,2024
ICML-2024-A005517,Yuejie Chi,UNKNOWN,UNKNOWN,ICML,2024
ICML-2024-A005518,Yuxin Chen,UNKNOWN,UNKNOWN,ICML,2024
ICML-2024-A005519,Kenneth Li,UNKNOWN,UNKNOWN,ICML,2024
ICML-2024-A005520,Samy Jelassi,UNKNOWN,UNKNOWN,ICML,2024
ICML-2024-A005521,Hugh Zhang,UNKNOWN,UNKNOWN,ICML,2024
ICML-2024-A005522,Sham M. Kakade,UNKNOWN,UNKNOWN,ICML,2024
ICML-2024-A005523,Martin Wattenberg,UNKNOWN,UNKNOWN,ICML,2024
ICML-2024-A005524,David Brandfonbrener,UNKNOWN,UNKNOWN,ICML,2024
ICML-2024-A005525,Yuchen Li,UNKNOWN,UNKNOWN,ICML,2024
ICML-2024-A005526,Alexandre Kirchmeyer,UNKNOWN,UNKNOWN,ICML,2024
ICML-2024-A005527,Aashay Mehta,UNKNOWN,UNKNOWN,ICML,2024
ICML-2024-A005528,Yilong Qin,UNKNOWN,UNKNOWN,ICML,2024
ICML-2024-A005529,Boris Dadachev,UNKNOWN,UNKNOWN,ICML,2024
ICML-2024-A005530,Kishore Papineni,UNKNOWN,UNKNOWN,ICML,2024
ICML-2024-A005531,Sanjiv Kumar,UNKNOWN,UNKNOWN,ICML,2024
ICML-2024-A005532,Andrej Risteski,UNKNOWN,UNKNOWN,ICML,2024
ICML-2024-A005533,Jinhao Li,UNKNOWN,UNKNOWN,ICML,2024
ICML-2024-A005534,Haopeng Li,UNKNOWN,UNKNOWN,ICML,2024
ICML-2024-A005535,Sarah Monazam Erfani,UNKNOWN,UNKNOWN,ICML,2024
ICML-2024-A005536,Lei Feng,UNKNOWN,UNKNOWN,ICML,2024
ICML-2024-A005537,James Bailey,UNKNOWN,UNKNOWN,ICML,2024
ICML-2024-A005538,Feng Liu,UNKNOWN,UNKNOWN,ICML,2024
ICML-2024-A005539,Rui Li,UNKNOWN,UNKNOWN,ICML,2024
ICML-2024-A005540,Chaozhuo Li,UNKNOWN,UNKNOWN,ICML,2024
ICML-2024-A005541,Yanming Shen,UNKNOWN,UNKNOWN,ICML,2024
ICML-2024-A005542,Zeyu Zhang,UNKNOWN,UNKNOWN,ICML,2024
ICML-2024-A005543,Xu Chen,UNKNOWN,UNKNOWN,ICML,2024
ICML-2024-A005544,Pengyu Li,UNKNOWN,UNKNOWN,ICML,2024
ICML-2024-A005545,Xiao Li,UNKNOWN,UNKNOWN,ICML,2024
ICML-2024-A005546,Yutong Wang,UNKNOWN,UNKNOWN,ICML,2024
ICML-2024-A005547,Qing Qu,UNKNOWN,UNKNOWN,ICML,2024
ICML-2024-A005548,Chengrui Li,UNKNOWN,UNKNOWN,ICML,2024
ICML-2024-A005549,Weihan Li,UNKNOWN,UNKNOWN,ICML,2024
ICML-2024-A005550,Yule Wang,UNKNOWN,UNKNOWN,ICML,2024
ICML-2024-A005551,Anqi Wu,UNKNOWN,UNKNOWN,ICML,2024
ICML-2024-A005552,Weihan Li,UNKNOWN,UNKNOWN,ICML,2024
ICML-2024-A005553,Chengrui Li,UNKNOWN,UNKNOWN,ICML,2024
ICML-2024-A005554,Yule Wang,UNKNOWN,UNKNOWN,ICML,2024
ICML-2024-A005555,Anqi Wu,UNKNOWN,UNKNOWN,ICML,2024
ICML-2024-A005556,Baohong Li,UNKNOWN,UNKNOWN,ICML,2024
ICML-2024-A005557,Haoxuan Li,UNKNOWN,UNKNOWN,ICML,2024
ICML-2024-A005558,Anpeng Wu,UNKNOWN,UNKNOWN,ICML,2024
ICML-2024-A005559,Minqin Zhu,UNKNOWN,UNKNOWN,ICML,2024
ICML-2024-A005560,Shiyuan Peng,UNKNOWN,UNKNOWN,ICML,2024
ICML-2024-A005561,Qingyu Cao,UNKNOWN,UNKNOWN,ICML,2024
ICML-2024-A005562,Kun Kuang,UNKNOWN,UNKNOWN,ICML,2024
ICML-2024-A005563,Baohong Li,UNKNOWN,UNKNOWN,ICML,2024
ICML-2024-A005564,Haoxuan Li,UNKNOWN,UNKNOWN,ICML,2024
ICML-2024-A005565,Ruoxuan Xiong,UNKNOWN,UNKNOWN,ICML,2024
ICML-2024-A005566,Anpeng Wu,UNKNOWN,UNKNOWN,ICML,2024
ICML-2024-A005567,Fei Wu,UNKNOWN,UNKNOWN,ICML,2024
ICML-2024-A005568,Kun Kuang,UNKNOWN,UNKNOWN,ICML,2024
ICML-2024-A005569,Pengdeng Li,UNKNOWN,UNKNOWN,ICML,2024
ICML-2024-A005570,Shuxin Li,UNKNOWN,UNKNOWN,ICML,2024
ICML-2024-A005571,Chang Yang,UNKNOWN,UNKNOWN,ICML,2024
ICML-2024-A005572,Xinrun Wang,UNKNOWN,UNKNOWN,ICML,2024
ICML-2024-A005573,Shuyue Hu,UNKNOWN,UNKNOWN,ICML,2024
ICML-2024-A005574,Xiao Huang,UNKNOWN,UNKNOWN,ICML,2024
ICML-2024-A005575,Hau Chan,UNKNOWN,UNKNOWN,ICML,2024
ICML-2024-A005576,Bo An,UNKNOWN,UNKNOWN,ICML,2024
ICML-2024-A005577,Lan Li,UNKNOWN,UNKNOWN,ICML,2024
ICML-2024-A005578,Xin-Chun Li,UNKNOWN,UNKNOWN,ICML,2024
ICML-2024-A005579,Han-Jia Ye,UNKNOWN,UNKNOWN,ICML,2024
ICML-2024-A005580,De-Chuan Zhan,UNKNOWN,UNKNOWN,ICML,2024
ICML-2024-A005581,Wenqiang Li,UNKNOWN,UNKNOWN,ICML,2024
ICML-2024-A005582,Weijun Li,UNKNOWN,UNKNOWN,ICML,2024
ICML-2024-A005583,Lina Yu,UNKNOWN,UNKNOWN,ICML,2024
ICML-2024-A005584,Min Wu,UNKNOWN,UNKNOWN,ICML,2024
ICML-2024-A005585,Linjun Sun,UNKNOWN,UNKNOWN,ICML,2024
ICML-2024-A005586,Jingyi Liu,UNKNOWN,UNKNOWN,ICML,2024
ICML-2024-A005587,Yanjie Li,UNKNOWN,UNKNOWN,ICML,2024
ICML-2024-A005588,Shu Wei,UNKNOWN,UNKNOWN,ICML,2024
ICML-2024-A005589,Deng Yusong,UNKNOWN,UNKNOWN,ICML,2024
ICML-2024-A005590,Meilan Hao,UNKNOWN,UNKNOWN,ICML,2024
ICML-2024-A005591,Yunheng Li,UNKNOWN,UNKNOWN,ICML,2024
ICML-2024-A005592,Zhong-Yu Li,UNKNOWN,UNKNOWN,ICML,2024
ICML-2024-A005593,Quan-Sheng Zeng,UNKNOWN,UNKNOWN,ICML,2024
ICML-2024-A005594,Qibin Hou,UNKNOWN,UNKNOWN,ICML,2024
ICML-2024-A005595,Ming-Ming Cheng,UNKNOWN,UNKNOWN,ICML,2024
ICML-2024-A005596,Chengshu Li,UNKNOWN,UNKNOWN,ICML,2024
ICML-2024-A005597,Jacky Liang,UNKNOWN,UNKNOWN,ICML,2024
ICML-2024-A005598,Andy Zeng,UNKNOWN,UNKNOWN,ICML,2024
ICML-2024-A005599,Xinyun Chen,UNKNOWN,UNKNOWN,ICML,2024
ICML-2024-A005600,Karol Hausman,UNKNOWN,UNKNOWN,ICML,2024
ICML-2024-A005601,Dorsa Sadigh,UNKNOWN,UNKNOWN,ICML,2024
ICML-2024-A005602,Sergey Levine,UNKNOWN,UNKNOWN,ICML,2024
ICML-2024-A005603,Li Fei-Fei,UNKNOWN,UNKNOWN,ICML,2024
ICML-2024-A005604,Fei Xia,UNKNOWN,UNKNOWN,ICML,2024
ICML-2024-A005605,Brian Ichter,UNKNOWN,UNKNOWN,ICML,2024
ICML-2024-A005606,Ying Li,UNKNOWN,UNKNOWN,ICML,2024
ICML-2024-A005607,Zhidi Lin,UNKNOWN,UNKNOWN,ICML,2024
ICML-2024-A005608,Feng Yin,UNKNOWN,UNKNOWN,ICML,2024
ICML-2024-A005609,Michael Minyi Zhang,UNKNOWN,UNKNOWN,ICML,2024
ICML-2024-A005610,Boqi Li,UNKNOWN,UNKNOWN,ICML,2024
ICML-2024-A005611,Weiwei Liu,UNKNOWN,UNKNOWN,ICML,2024
ICML-2024-A005612,Shaojie Li,UNKNOWN,UNKNOWN,ICML,2024
ICML-2024-A005613,Yong Liu,UNKNOWN,UNKNOWN,ICML,2024
ICML-2024-A005614,Zhangheng Li,UNKNOWN,UNKNOWN,ICML,2024
ICML-2024-A005615,Shiwei Liu,UNKNOWN,UNKNOWN,ICML,2024
ICML-2024-A005616,Tianlong Chen,UNKNOWN,UNKNOWN,ICML,2024
ICML-2024-A005617,Ajay Kumar Jaiswal,UNKNOWN,UNKNOWN,ICML,2024
ICML-2024-A005618,Zhenyu Zhang,UNKNOWN,UNKNOWN,ICML,2024
ICML-2024-A005619,Dilin Wang,UNKNOWN,UNKNOWN,ICML,2024
ICML-2024-A005620,Raghuraman Krishnamoorthi,UNKNOWN,UNKNOWN,ICML,2024
ICML-2024-A005621,Shiyu Chang,UNKNOWN,UNKNOWN,ICML,2024
ICML-2024-A005622,Zhangyang Wang,UNKNOWN,UNKNOWN,ICML,2024
ICML-2024-A005623,Xinran Li,UNKNOWN,UNKNOWN,ICML,2024
ICML-2024-A005624,Zifan Liu,UNKNOWN,UNKNOWN,ICML,2024
ICML-2024-A005625,Shibo Chen,UNKNOWN,UNKNOWN,ICML,2024
ICML-2024-A005626,Jun Zhang,UNKNOWN,UNKNOWN,ICML,2024
ICML-2024-A005627,Yongxin Li,UNKNOWN,UNKNOWN,ICML,2024
ICML-2024-A005628,Mengyuan Liu,UNKNOWN,UNKNOWN,ICML,2024
ICML-2024-A005629,You Wu,UNKNOWN,UNKNOWN,ICML,2024
ICML-2024-A005630,Xucheng Wang,UNKNOWN,UNKNOWN,ICML,2024
ICML-2024-A005631,Xiangyang Yang,UNKNOWN,UNKNOWN,ICML,2024
ICML-2024-A005632,Shuiwang Li,UNKNOWN,UNKNOWN,ICML,2024
ICML-2024-A005633,Ang Li,UNKNOWN,UNKNOWN,ICML,2024
ICML-2024-A005634,Yichuan Mo,UNKNOWN,UNKNOWN,ICML,2024
ICML-2024-A005635,Mingjie Li,UNKNOWN,UNKNOWN,ICML,2024
ICML-2024-A005636,Yisen Wang,UNKNOWN,UNKNOWN,ICML,2024
ICML-2024-A005637,Yexin Li,UNKNOWN,UNKNOWN,ICML,2024
ICML-2024-A005638,Zhancun Mu,UNKNOWN,UNKNOWN,ICML,2024
ICML-2024-A005639,Siyuan Qi,UNKNOWN,UNKNOWN,ICML,2024
ICML-2024-A005640,Aaron Jiaxun Li,UNKNOWN,UNKNOWN,ICML,2024
ICML-2024-A005641,Robin Netzorg,UNKNOWN,UNKNOWN,ICML,2024
ICML-2024-A005642,Zhihan Cheng,UNKNOWN,UNKNOWN,ICML,2024
ICML-2024-A005643,Zhuoqin Zhang,UNKNOWN,UNKNOWN,ICML,2024
ICML-2024-A005644,Bin Yu,UNKNOWN,UNKNOWN,ICML,2024
ICML-2024-A005645,Shiyao Li,UNKNOWN,UNKNOWN,ICML,2024
ICML-2024-A005646,Xuefei Ning,UNKNOWN,UNKNOWN,ICML,2024
ICML-2024-A005647,Luning Wang,UNKNOWN,UNKNOWN,ICML,2024
ICML-2024-A005648,Tengxuan Liu,UNKNOWN,UNKNOWN,ICML,2024
ICML-2024-A005649,Xiangsheng Shi,UNKNOWN,UNKNOWN,ICML,2024
ICML-2024-A005650,Shengen Yan,UNKNOWN,UNKNOWN,ICML,2024
ICML-2024-A005651,Guohao Dai,UNKNOWN,UNKNOWN,ICML,2024
ICML-2024-A005652,Huazhong Yang,UNKNOWN,UNKNOWN,ICML,2024
ICML-2024-A005653,Yu Wang,UNKNOWN,UNKNOWN,ICML,2024
ICML-2024-A005654,Nathaniel Li,UNKNOWN,UNKNOWN,ICML,2024
ICML-2024-A005655,Alexander Pan,UNKNOWN,UNKNOWN,ICML,2024
ICML-2024-A005656,Anjali Gopal,UNKNOWN,UNKNOWN,ICML,2024
ICML-2024-A005657,Summer Yue,UNKNOWN,UNKNOWN,ICML,2024
ICML-2024-A005658,Daniel Berrios,UNKNOWN,UNKNOWN,ICML,2024
ICML-2024-A005659,Alice Gatti,UNKNOWN,UNKNOWN,ICML,2024
ICML-2024-A005660,Justin D. Li,UNKNOWN,UNKNOWN,ICML,2024
ICML-2024-A005661,Ann-Kathrin Dombrowski,UNKNOWN,UNKNOWN,ICML,2024
ICML-2024-A005662,Shashwat Goel,UNKNOWN,UNKNOWN,ICML,2024
ICML-2024-A005663,Gabriel Mukobi,UNKNOWN,UNKNOWN,ICML,2024
ICML-2024-A005664,Nathan Helm-Burger,UNKNOWN,UNKNOWN,ICML,2024
ICML-2024-A005665,Rassin Lababidi,UNKNOWN,UNKNOWN,ICML,2024
ICML-2024-A005666,Lennart Justen,UNKNOWN,UNKNOWN,ICML,2024
ICML-2024-A005667,Andrew Bo Liu,UNKNOWN,UNKNOWN,ICML,2024
ICML-2024-A005668,Michael Chen,UNKNOWN,UNKNOWN,ICML,2024
ICML-2024-A005669,Isabelle Barrass,UNKNOWN,UNKNOWN,ICML,2024
ICML-2024-A005670,Oliver Zhang,UNKNOWN,UNKNOWN,ICML,2024
ICML-2024-A005671,Xiaoyuan Zhu,UNKNOWN,UNKNOWN,ICML,2024
ICML-2024-A005672,Rishub Tamirisa,UNKNOWN,UNKNOWN,ICML,2024
ICML-2024-A005673,Bhrugu Bharathi,UNKNOWN,UNKNOWN,ICML,2024
ICML-2024-A005674,Ariel Herbert-Voss,UNKNOWN,UNKNOWN,ICML,2024
ICML-2024-A005675,Cort B Breuer,UNKNOWN,UNKNOWN,ICML,2024
ICML-2024-A005676,Andy Zou,UNKNOWN,UNKNOWN,ICML,2024
ICML-2024-A005677,Mantas Mazeika,UNKNOWN,UNKNOWN,ICML,2024
ICML-2024-A005678,Zifan Wang,UNKNOWN,UNKNOWN,ICML,2024
ICML-2024-A005679,Palash Oswal,UNKNOWN,UNKNOWN,ICML,2024
ICML-2024-A005680,Weiran Lin,UNKNOWN,UNKNOWN,ICML,2024
ICML-2024-A005681,Adam Alfred Hunt,UNKNOWN,UNKNOWN,ICML,2024
ICML-2024-A005682,Justin Tienken-Harder,UNKNOWN,UNKNOWN,ICML,2024
ICML-2024-A005683,Kevin Y. Shih,UNKNOWN,UNKNOWN,ICML,2024
ICML-2024-A005684,Kemper Talley,UNKNOWN,UNKNOWN,ICML,2024
ICML-2024-A005685,John Guan,UNKNOWN,UNKNOWN,ICML,2024
ICML-2024-A005686,Ian Steneker,UNKNOWN,UNKNOWN,ICML,2024
ICML-2024-A005687,David Campbell,UNKNOWN,UNKNOWN,ICML,2024
ICML-2024-A005688,Brad Jokubaitis,UNKNOWN,UNKNOWN,ICML,2024
ICML-2024-A005689,Steven Basart,UNKNOWN,UNKNOWN,ICML,2024
ICML-2024-A005690,Stephen Fitz,UNKNOWN,UNKNOWN,ICML,2024
ICML-2024-A005691,Ponnurangam Kumaraguru,UNKNOWN,UNKNOWN,ICML,2024
ICML-2024-A005692,Kallol Krishna Karmakar,UNKNOWN,UNKNOWN,ICML,2024
ICML-2024-A005693,Uday Tupakula,UNKNOWN,UNKNOWN,ICML,2024
ICML-2024-A005694,Vijay Varadharajan,UNKNOWN,UNKNOWN,ICML,2024
ICML-2024-A005695,Yan Shoshitaishvili,UNKNOWN,UNKNOWN,ICML,2024
ICML-2024-A005696,Jimmy Ba,UNKNOWN,UNKNOWN,ICML,2024
ICML-2024-A005697,Kevin M. Esvelt,UNKNOWN,UNKNOWN,ICML,2024
ICML-2024-A005698,Alexandr Wang,UNKNOWN,UNKNOWN,ICML,2024
ICML-2024-A005699,Dan Hendrycks,UNKNOWN,UNKNOWN,ICML,2024
ICML-2024-A005700,Jiate Li,UNKNOWN,UNKNOWN,ICML,2024
ICML-2024-A005701,Meng Pang,UNKNOWN,UNKNOWN,ICML,2024
ICML-2024-A005702,Yun Dong,UNKNOWN,UNKNOWN,ICML,2024
ICML-2024-A005703,Jinyuan Jia,UNKNOWN,UNKNOWN,ICML,2024
ICML-2024-A005704,Binghui Wang,UNKNOWN,UNKNOWN,ICML,2024
ICML-2024-A005705,Zhening Li,UNKNOWN,UNKNOWN,ICML,2024
ICML-2024-A005706,Gabriel Poesia,UNKNOWN,UNKNOWN,ICML,2024
ICML-2024-A005707,Armando Solar-Lezama,UNKNOWN,UNKNOWN,ICML,2024
ICML-2024-A005708,Guanghe Li,UNKNOWN,UNKNOWN,ICML,2024
ICML-2024-A005709,Yixiang Shan,UNKNOWN,UNKNOWN,ICML,2024
ICML-2024-A005710,Zhengbang Zhu,UNKNOWN,UNKNOWN,ICML,2024
ICML-2024-A005711,Ting Long,UNKNOWN,UNKNOWN,ICML,2024
ICML-2024-A005712,Weinan Zhang,UNKNOWN,UNKNOWN,ICML,2024
ICML-2024-A005713,Jiachun Li,UNKNOWN,UNKNOWN,ICML,2024
ICML-2024-A005714,Kaining Shi,UNKNOWN,UNKNOWN,ICML,2024
ICML-2024-A005715,David Simchi-Levi,UNKNOWN,UNKNOWN,ICML,2024
ICML-2024-A005716,Ting Li,UNKNOWN,UNKNOWN,ICML,2024
ICML-2024-A005717,Chengchun Shi,UNKNOWN,UNKNOWN,ICML,2024
ICML-2024-A005718,Qianglin Wen,UNKNOWN,UNKNOWN,ICML,2024
ICML-2024-A005719,Yang Sui,UNKNOWN,UNKNOWN,ICML,2024
ICML-2024-A005720,Yongli Qin,UNKNOWN,UNKNOWN,ICML,2024
ICML-2024-A005721,Chunbo Lai,UNKNOWN,UNKNOWN,ICML,2024
ICML-2024-A005722,Hongtu Zhu,UNKNOWN,UNKNOWN,ICML,2024
ICML-2024-A005723,Guangyan Li,UNKNOWN,UNKNOWN,ICML,2024
ICML-2024-A005724,Yongqiang Tang,UNKNOWN,UNKNOWN,ICML,2024
ICML-2024-A005725,Wensheng Zhang,UNKNOWN,UNKNOWN,ICML,2024
ICML-2024-A005726,Ji Li,UNKNOWN,UNKNOWN,ICML,2024
ICML-2024-A005727,Chao Wang,UNKNOWN,UNKNOWN,ICML,2024
ICML-2024-A005728,Depeng Li,UNKNOWN,UNKNOWN,ICML,2024
ICML-2024-A005729,Tianqi Wang,UNKNOWN,UNKNOWN,ICML,2024
ICML-2024-A005730,Junwei Chen,UNKNOWN,UNKNOWN,ICML,2024
ICML-2024-A005731,Wei Dai,UNKNOWN,UNKNOWN,ICML,2024
ICML-2024-A005732,Zhigang Zeng,UNKNOWN,UNKNOWN,ICML,2024
ICML-2024-A005733,Zhihao Li,UNKNOWN,UNKNOWN,ICML,2024
ICML-2024-A005734,Yufei Wang,UNKNOWN,UNKNOWN,ICML,2024
ICML-2024-A005735,Alex Kot,UNKNOWN,UNKNOWN,ICML,2024
ICML-2024-A005736,Bihan Wen,UNKNOWN,UNKNOWN,ICML,2024
ICML-2024-A005737,Siyuan Li,UNKNOWN,UNKNOWN,ICML,2024
ICML-2024-A005738,Zedong Wang,UNKNOWN,UNKNOWN,ICML,2024
ICML-2024-A005739,Zicheng Liu,UNKNOWN,UNKNOWN,ICML,2024
ICML-2024-A005740,Di Wu,UNKNOWN,UNKNOWN,ICML,2024
ICML-2024-A005741,Cheng Tan,UNKNOWN,UNKNOWN,ICML,2024
ICML-2024-A005742,Jiangbin Zheng,UNKNOWN,UNKNOWN,ICML,2024
ICML-2024-A005743,Yufei Huang,UNKNOWN,UNKNOWN,ICML,2024
ICML-2024-A005744,Stan Z. Li,UNKNOWN,UNKNOWN,ICML,2024
ICML-2024-A005745,Hongkang Li,UNKNOWN,UNKNOWN,ICML,2024
ICML-2024-A005746,Meng Wang,UNKNOWN,UNKNOWN,ICML,2024
ICML-2024-A005747,Songtao Lu,UNKNOWN,UNKNOWN,ICML,2024
ICML-2024-A005748,Xiaodong Cui,UNKNOWN,UNKNOWN,ICML,2024
ICML-2024-A005749,Pin-Yu Chen,UNKNOWN,UNKNOWN,ICML,2024
ICML-2024-A005750,Hongkang Li,UNKNOWN,UNKNOWN,ICML,2024
ICML-2024-A005751,Meng Wang,UNKNOWN,UNKNOWN,ICML,2024
ICML-2024-A005752,Tengfei Ma,UNKNOWN,UNKNOWN,ICML,2024
ICML-2024-A005753,Sijia Liu,UNKNOWN,UNKNOWN,ICML,2024
ICML-2024-A005754,Zaixi Zhang,UNKNOWN,UNKNOWN,ICML,2024
ICML-2024-A005755,Pin-Yu Chen,UNKNOWN,UNKNOWN,ICML,2024
ICML-2024-A005756,Lin Li,UNKNOWN,UNKNOWN,ICML,2024
ICML-2024-A005757,Yifei Wang,UNKNOWN,UNKNOWN,ICML,2024
ICML-2024-A005758,Chawin Sitawarin,UNKNOWN,UNKNOWN,ICML,2024
ICML-2024-A005759,Michael W. Spratling,UNKNOWN,UNKNOWN,ICML,2024
ICML-2024-A005760,Bo Li,UNKNOWN,UNKNOWN,ICML,2024
ICML-2024-A005761,Wei Wang,UNKNOWN,UNKNOWN,ICML,2024
ICML-2024-A005762,Peng Ye,UNKNOWN,UNKNOWN,ICML,2024
ICML-2024-A005763,Haoyang Li,UNKNOWN,UNKNOWN,ICML,2024
ICML-2024-A005764,Xin Wang,UNKNOWN,UNKNOWN,ICML,2024
ICML-2024-A005765,Zeyang Zhang,UNKNOWN,UNKNOWN,ICML,2024
ICML-2024-A005766,Haibo Chen,UNKNOWN,UNKNOWN,ICML,2024
ICML-2024-A005767,Ziwei Zhang,UNKNOWN,UNKNOWN,ICML,2024
ICML-2024-A005768,Wenwu Zhu,UNKNOWN,UNKNOWN,ICML,2024
ICML-2024-A005769,Cheng Li,UNKNOWN,UNKNOWN,ICML,2024
ICML-2024-A005770,Jindong Wang,UNKNOWN,UNKNOWN,ICML,2024
ICML-2024-A005771,Yixuan Zhang,UNKNOWN,UNKNOWN,ICML,2024
ICML-2024-A005772,Kaijie Zhu,UNKNOWN,UNKNOWN,ICML,2024
ICML-2024-A005773,Xinyi Wang,UNKNOWN,UNKNOWN,ICML,2024
ICML-2024-A005774,Wenxin Hou,UNKNOWN,UNKNOWN,ICML,2024
ICML-2024-A005775,Jianxun Lian,UNKNOWN,UNKNOWN,ICML,2024
ICML-2024-A005776,Fang Luo,UNKNOWN,UNKNOWN,ICML,2024
ICML-2024-A005777,Qiang Yang,UNKNOWN,UNKNOWN,ICML,2024
ICML-2024-A005778,Xing Xie,UNKNOWN,UNKNOWN,ICML,2024
ICML-2024-A005779,Yuhui Li,UNKNOWN,UNKNOWN,ICML,2024
ICML-2024-A005780,Fangyun Wei,UNKNOWN,UNKNOWN,ICML,2024
ICML-2024-A005781,Chao Zhang,UNKNOWN,UNKNOWN,ICML,2024
ICML-2024-A005782,Hongyang Zhang,UNKNOWN,UNKNOWN,ICML,2024
ICML-2024-A005783,Baohong Li,UNKNOWN,UNKNOWN,ICML,2024
ICML-2024-A005784,Anpeng Wu,UNKNOWN,UNKNOWN,ICML,2024
ICML-2024-A005785,Ruoxuan Xiong,UNKNOWN,UNKNOWN,ICML,2024
ICML-2024-A005786,Kun Kuang,UNKNOWN,UNKNOWN,ICML,2024
ICML-2024-A005787,Muyang Li,UNKNOWN,UNKNOWN,ICML,2024
ICML-2024-A005788,Xiaobo Xia,UNKNOWN,UNKNOWN,ICML,2024
ICML-2024-A005789,Runze Wu,UNKNOWN,UNKNOWN,ICML,2024
ICML-2024-A005790,Fengming Huang,UNKNOWN,UNKNOWN,ICML,2024
ICML-2024-A005791,Jun Yu,UNKNOWN,UNKNOWN,ICML,2024
ICML-2024-A005792,Bo Han,UNKNOWN,UNKNOWN,ICML,2024
ICML-2024-A005793,Tongliang Liu,UNKNOWN,UNKNOWN,ICML,2024
ICML-2024-A005794,Zhonghang Li,UNKNOWN,UNKNOWN,ICML,2024
ICML-2024-A005795,Lianghao Xia,UNKNOWN,UNKNOWN,ICML,2024
ICML-2024-A005796,Yong Xu,UNKNOWN,UNKNOWN,ICML,2024
ICML-2024-A005797,Chao Huang,UNKNOWN,UNKNOWN,ICML,2024
ICML-2024-A005798,Feiran Li,UNKNOWN,UNKNOWN,ICML,2024
ICML-2024-A005799,Qianqian Xu,UNKNOWN,UNKNOWN,ICML,2024
ICML-2024-A005800,Shilong Bao,UNKNOWN,UNKNOWN,ICML,2024
ICML-2024-A005801,Zhiyong Yang,UNKNOWN,UNKNOWN,ICML,2024
ICML-2024-A005802,Runmin Cong,UNKNOWN,UNKNOWN,ICML,2024
ICML-2024-A005803,Xiaochun Cao,UNKNOWN,UNKNOWN,ICML,2024
ICML-2024-A005804,Qingming Huang,UNKNOWN,UNKNOWN,ICML,2024
ICML-2024-A005805,Yingru Li,UNKNOWN,UNKNOWN,ICML,2024
ICML-2024-A005806,Jiawei Xu,UNKNOWN,UNKNOWN,ICML,2024
ICML-2024-A005807,Lei Han,UNKNOWN,UNKNOWN,ICML,2024
ICML-2024-A005808,Zhi-Quan Luo,UNKNOWN,UNKNOWN,ICML,2024
ICML-2024-A005809,Yaxin Li,UNKNOWN,UNKNOWN,ICML,2024
ICML-2024-A005810,Qi Xu,UNKNOWN,UNKNOWN,ICML,2024
ICML-2024-A005811,Jiangrong Shen,UNKNOWN,UNKNOWN,ICML,2024
ICML-2024-A005812,Hongming Xu,UNKNOWN,UNKNOWN,ICML,2024
ICML-2024-A005813,Long Chen,UNKNOWN,UNKNOWN,ICML,2024
ICML-2024-A005814,Gang Pan,UNKNOWN,UNKNOWN,ICML,2024
ICML-2024-A005815,Shiwei Li,UNKNOWN,UNKNOWN,ICML,2024
ICML-2024-A005816,Wenchao Xu,UNKNOWN,UNKNOWN,ICML,2024
ICML-2024-A005817,Haozhao Wang,UNKNOWN,UNKNOWN,ICML,2024
ICML-2024-A005818,Xing Tang,UNKNOWN,UNKNOWN,ICML,2024
ICML-2024-A005819,Yining Qi,UNKNOWN,UNKNOWN,ICML,2024
ICML-2024-A005820,Shijie Xu,UNKNOWN,UNKNOWN,ICML,2024
ICML-2024-A005821,Weihong Luo,UNKNOWN,UNKNOWN,ICML,2024
ICML-2024-A005822,Yuhua Li,UNKNOWN,UNKNOWN,ICML,2024
ICML-2024-A005823,Xiuqiang He,UNKNOWN,UNKNOWN,ICML,2024
ICML-2024-A005824,Ruixuan Li,UNKNOWN,UNKNOWN,ICML,2024
ICML-2024-A005825,Zichong Li,UNKNOWN,UNKNOWN,ICML,2024
ICML-2024-A005826,Qunzhi Xu,UNKNOWN,UNKNOWN,ICML,2024
ICML-2024-A005827,Zhenghao Xu,UNKNOWN,UNKNOWN,ICML,2024
ICML-2024-A005828,Yajun Mei,UNKNOWN,UNKNOWN,ICML,2024
ICML-2024-A005829,Tuo Zhao,UNKNOWN,UNKNOWN,ICML,2024
ICML-2024-A005830,Hongyuan Zha,UNKNOWN,UNKNOWN,ICML,2024
ICML-2024-A005831,Zhiyi Li,UNKNOWN,UNKNOWN,ICML,2024
ICML-2024-A005832,Yunbei Xu,UNKNOWN,UNKNOWN,ICML,2024
ICML-2024-A005833,Ruohan Zhan,UNKNOWN,UNKNOWN,ICML,2024
ICML-2024-A005834,Ziniu Li,UNKNOWN,UNKNOWN,ICML,2024
ICML-2024-A005835,Tian Xu,UNKNOWN,UNKNOWN,ICML,2024
ICML-2024-A005836,Yushun Zhang,UNKNOWN,UNKNOWN,ICML,2024
ICML-2024-A005837,Zhihang Lin,UNKNOWN,UNKNOWN,ICML,2024
ICML-2024-A005838,Yang Yu,UNKNOWN,UNKNOWN,ICML,2024
ICML-2024-A005839,Ruoyu Sun,UNKNOWN,UNKNOWN,ICML,2024
ICML-2024-A005840,Zhi-Quan Luo,UNKNOWN,UNKNOWN,ICML,2024
ICML-2024-A005841,Bingheng Li,UNKNOWN,UNKNOWN,ICML,2024
ICML-2024-A005842,Linxin Yang,UNKNOWN,UNKNOWN,ICML,2024
ICML-2024-A005843,Yupeng Chen,UNKNOWN,UNKNOWN,ICML,2024
ICML-2024-A005844,Senmiao Wang,UNKNOWN,UNKNOWN,ICML,2024
ICML-2024-A005845,Haitao Mao,UNKNOWN,UNKNOWN,ICML,2024
ICML-2024-A005846,Qian Chen,UNKNOWN,UNKNOWN,ICML,2024
ICML-2024-A005847,Yao Ma,UNKNOWN,UNKNOWN,ICML,2024
ICML-2024-A005848,Akang Wang,UNKNOWN,UNKNOWN,ICML,2024
ICML-2024-A005849,Tian Ding,UNKNOWN,UNKNOWN,ICML,2024
ICML-2024-A005850,Jiliang Tang,UNKNOWN,UNKNOWN,ICML,2024
ICML-2024-A005851,Ruoyu Sun,UNKNOWN,UNKNOWN,ICML,2024
ICML-2024-A005852,Kai Li,UNKNOWN,UNKNOWN,ICML,2024
ICML-2024-A005853,Runxuan Yang,UNKNOWN,UNKNOWN,ICML,2024
ICML-2024-A005854,Fuchun Sun,UNKNOWN,UNKNOWN,ICML,2024
ICML-2024-A005855,Xiaolin Hu,UNKNOWN,UNKNOWN,ICML,2024
ICML-2024-A005856,Chao Li,UNKNOWN,UNKNOWN,ICML,2024
ICML-2024-A005857,Anbang Yao,UNKNOWN,UNKNOWN,ICML,2024
ICML-2024-A005858,Ling Li,UNKNOWN,UNKNOWN,ICML,2024
ICML-2024-A005859,Yu Ye,UNKNOWN,UNKNOWN,ICML,2024
ICML-2024-A005860,Bingchuan Jiang,UNKNOWN,UNKNOWN,ICML,2024
ICML-2024-A005861,Wei Zeng,UNKNOWN,UNKNOWN,ICML,2024
ICML-2024-A005862,Yingying Li,UNKNOWN,UNKNOWN,ICML,2024
ICML-2024-A005863,Jing Yu,UNKNOWN,UNKNOWN,ICML,2024
ICML-2024-A005864,Lauren Conger,UNKNOWN,UNKNOWN,ICML,2024
ICML-2024-A005865,Taylan Kargin,UNKNOWN,UNKNOWN,ICML,2024
ICML-2024-A005866,Adam Wierman,UNKNOWN,UNKNOWN,ICML,2024
ICML-2024-A005867,Fabing Li,UNKNOWN,UNKNOWN,ICML,2024
ICML-2024-A005868,Yuanhao Zhai,UNKNOWN,UNKNOWN,ICML,2024
ICML-2024-A005869,Shuangyu Cai,UNKNOWN,UNKNOWN,ICML,2024
ICML-2024-A005870,Mingyu Gao,UNKNOWN,UNKNOWN,ICML,2024
ICML-2024-A005871,Yichen Li,UNKNOWN,UNKNOWN,ICML,2024
ICML-2024-A005872,Chicheng Zhang,UNKNOWN,UNKNOWN,ICML,2024
ICML-2024-A005873,Haoran Li,UNKNOWN,UNKNOWN,ICML,2024
ICML-2024-A005874,Zicheng Zhang,UNKNOWN,UNKNOWN,ICML,2024
ICML-2024-A005875,Wang Luo,UNKNOWN,UNKNOWN,ICML,2024
ICML-2024-A005876,Congying Han,UNKNOWN,UNKNOWN,ICML,2024
ICML-2024-A005877,Yudong Hu,UNKNOWN,UNKNOWN,ICML,2024
ICML-2024-A005878,Tiande Guo,UNKNOWN,UNKNOWN,ICML,2024
ICML-2024-A005879,Shichen Liao,UNKNOWN,UNKNOWN,ICML,2024
ICML-2024-A005880,Haoyu Li,UNKNOWN,UNKNOWN,ICML,2024
ICML-2024-A005881,Shichang Zhang,UNKNOWN,UNKNOWN,ICML,2024
ICML-2024-A005882,Longwen Tang,UNKNOWN,UNKNOWN,ICML,2024
ICML-2024-A005883,Mathieu Bauchy,UNKNOWN,UNKNOWN,ICML,2024
ICML-2024-A005884,Yizhou Sun,UNKNOWN,UNKNOWN,ICML,2024
ICML-2024-A005885,Xin Li,UNKNOWN,UNKNOWN,ICML,2024
ICML-2024-A005886,Jingdong Zhang,UNKNOWN,UNKNOWN,ICML,2024
ICML-2024-A005887,Qunxi Zhu,UNKNOWN,UNKNOWN,ICML,2024
ICML-2024-A005888,Chengli Zhao,UNKNOWN,UNKNOWN,ICML,2024
ICML-2024-A005889,Xue Zhang,UNKNOWN,UNKNOWN,ICML,2024
ICML-2024-A005890,Xiaojun Duan,UNKNOWN,UNKNOWN,ICML,2024
ICML-2024-A005891,Wei Lin,UNKNOWN,UNKNOWN,ICML,2024
ICML-2024-A005892,Xuheng Li,UNKNOWN,UNKNOWN,ICML,2024
ICML-2024-A005893,Heyang Zhao,UNKNOWN,UNKNOWN,ICML,2024
ICML-2024-A005894,Quanquan Gu,UNKNOWN,UNKNOWN,ICML,2024
ICML-2024-A005895,Pengyi Li,UNKNOWN,UNKNOWN,ICML,2024
ICML-2024-A005896,Yan Zheng,UNKNOWN,UNKNOWN,ICML,2024
ICML-2024-A005897,Hongyao Tang,UNKNOWN,UNKNOWN,ICML,2024
ICML-2024-A005898,Xian Fu,UNKNOWN,UNKNOWN,ICML,2024
ICML-2024-A005899,Jianye Hao,UNKNOWN,UNKNOWN,ICML,2024
ICML-2024-A005900,Haoxuan Li,UNKNOWN,UNKNOWN,ICML,2024
ICML-2024-A005901,Chunyuan Zheng,UNKNOWN,UNKNOWN,ICML,2024
ICML-2024-A005902,Shuyi Wang,UNKNOWN,UNKNOWN,ICML,2024
ICML-2024-A005903,Kunhan Wu,UNKNOWN,UNKNOWN,ICML,2024
ICML-2024-A005904,Eric Wang,UNKNOWN,UNKNOWN,ICML,2024
ICML-2024-A005905,Peng Wu,UNKNOWN,UNKNOWN,ICML,2024
ICML-2024-A005906,Zhi Geng,UNKNOWN,UNKNOWN,ICML,2024
ICML-2024-A005907,Xu Chen,UNKNOWN,UNKNOWN,ICML,2024
ICML-2024-A005908,Xiao-Hua Zhou,UNKNOWN,UNKNOWN,ICML,2024
ICML-2024-A005909,Jianxiong Li,UNKNOWN,UNKNOWN,ICML,2024
ICML-2024-A005910,Jinliang Zheng,UNKNOWN,UNKNOWN,ICML,2024
ICML-2024-A005911,Yinan Zheng,UNKNOWN,UNKNOWN,ICML,2024
ICML-2024-A005912,Liyuan Mao,UNKNOWN,UNKNOWN,ICML,2024
ICML-2024-A005913,Xiao Hu,UNKNOWN,UNKNOWN,ICML,2024
ICML-2024-A005914,Sijie Cheng,UNKNOWN,UNKNOWN,ICML,2024
ICML-2024-A005915,Haoyi Niu,UNKNOWN,UNKNOWN,ICML,2024
ICML-2024-A005916,Jihao Liu,UNKNOWN,UNKNOWN,ICML,2024
ICML-2024-A005917,Yu Liu,UNKNOWN,UNKNOWN,ICML,2024
ICML-2024-A005918,Jingjing Liu,UNKNOWN,UNKNOWN,ICML,2024
ICML-2024-A005919,Ya-Qin Zhang,UNKNOWN,UNKNOWN,ICML,2024
ICML-2024-A005920,Xianyuan Zhan,UNKNOWN,UNKNOWN,ICML,2024
ICML-2024-A005921,Shaojie Li,UNKNOWN,UNKNOWN,ICML,2024
ICML-2024-A005922,Bowei Zhu,UNKNOWN,UNKNOWN,ICML,2024
ICML-2024-A005923,Yong Liu,UNKNOWN,UNKNOWN,ICML,2024
ICML-2024-A005924,Junrong Lian,UNKNOWN,UNKNOWN,ICML,2024
ICML-2024-A005925,Ziyue Dong,UNKNOWN,UNKNOWN,ICML,2024
ICML-2024-A005926,Pengxu Wei,UNKNOWN,UNKNOWN,ICML,2024
ICML-2024-A005927,Wei Ke,UNKNOWN,UNKNOWN,ICML,2024
ICML-2024-A005928,Chang Liu,UNKNOWN,UNKNOWN,ICML,2024
ICML-2024-A005929,Qixiang Ye,UNKNOWN,UNKNOWN,ICML,2024
ICML-2024-A005930,Xiangyang Ji,UNKNOWN,UNKNOWN,ICML,2024
ICML-2024-A005931,Liang Lin,UNKNOWN,UNKNOWN,ICML,2024
ICML-2024-A005932,Dongze Lian,UNKNOWN,UNKNOWN,ICML,2024
ICML-2024-A005933,Weihao Yu,UNKNOWN,UNKNOWN,ICML,2024
ICML-2024-A005934,Xinchao Wang,UNKNOWN,UNKNOWN,ICML,2024
ICML-2024-A005935,Shijie Lian,UNKNOWN,UNKNOWN,ICML,2024
ICML-2024-A005936,Ziyi Zhang,UNKNOWN,UNKNOWN,ICML,2024
ICML-2024-A005937,Hua Li,UNKNOWN,UNKNOWN,ICML,2024
ICML-2024-A005938,Wenjie Li,UNKNOWN,UNKNOWN,ICML,2024
ICML-2024-A005939,Laurence Tianruo Yang,UNKNOWN,UNKNOWN,ICML,2024
ICML-2024-A005940,Sam Kwong,UNKNOWN,UNKNOWN,ICML,2024
ICML-2024-A005941,Runmin Cong,UNKNOWN,UNKNOWN,ICML,2024
ICML-2024-A005942,Jianqing Liang,UNKNOWN,UNKNOWN,ICML,2024
ICML-2024-A005943,Min Chen,UNKNOWN,UNKNOWN,ICML,2024
ICML-2024-A005944,Jiye Liang,UNKNOWN,UNKNOWN,ICML,2024
ICML-2024-A005945,Weixin Liang,UNKNOWN,UNKNOWN,ICML,2024
ICML-2024-A005946,Zachary Izzo,UNKNOWN,UNKNOWN,ICML,2024
ICML-2024-A005947,Yaohui Zhang,UNKNOWN,UNKNOWN,ICML,2024
ICML-2024-A005948,Haley Lepp,UNKNOWN,UNKNOWN,ICML,2024
ICML-2024-A005949,Hancheng Cao,UNKNOWN,UNKNOWN,ICML,2024
ICML-2024-A005950,Xuandong Zhao,UNKNOWN,UNKNOWN,ICML,2024
ICML-2024-A005951,Lingjiao Chen,UNKNOWN,UNKNOWN,ICML,2024
ICML-2024-A005952,Haotian Ye,UNKNOWN,UNKNOWN,ICML,2024
ICML-2024-A005953,Sheng Liu,UNKNOWN,UNKNOWN,ICML,2024
ICML-2024-A005954,Zhi Huang,UNKNOWN,UNKNOWN,ICML,2024
ICML-2024-A005955,Daniel Mcfarland,UNKNOWN,UNKNOWN,ICML,2024
ICML-2024-A005956,James Y. Zou,UNKNOWN,UNKNOWN,ICML,2024
ICML-2024-A005957,Langzhang Liang,UNKNOWN,UNKNOWN,ICML,2024
ICML-2024-A005958,Sunwoo Kim,UNKNOWN,UNKNOWN,ICML,2024
ICML-2024-A005959,Kijung Shin,UNKNOWN,UNKNOWN,ICML,2024
ICML-2024-A005960,Zenglin Xu,UNKNOWN,UNKNOWN,ICML,2024
ICML-2024-A005961,Shirui Pan,UNKNOWN,UNKNOWN,ICML,2024
ICML-2024-A005962,Yuan Qi,UNKNOWN,UNKNOWN,ICML,2024
ICML-2024-A005963,Zhipeng Liang,UNKNOWN,UNKNOWN,ICML,2024
ICML-2024-A005964,Xiaoteng Ma,UNKNOWN,UNKNOWN,ICML,2024
ICML-2024-A005965,Jose Blanchet,UNKNOWN,UNKNOWN,ICML,2024
ICML-2024-A005966,Jun Yang,UNKNOWN,UNKNOWN,ICML,2024
ICML-2024-A005967,Jiheng Zhang,UNKNOWN,UNKNOWN,ICML,2024
ICML-2024-A005968,Zhengyuan Zhou,UNKNOWN,UNKNOWN,ICML,2024
ICML-2024-A005969,Jian Liang,UNKNOWN,UNKNOWN,ICML,2024
ICML-2024-A005970,Lijun Sheng,UNKNOWN,UNKNOWN,ICML,2024
ICML-2024-A005971,Zhengbo Wang,UNKNOWN,UNKNOWN,ICML,2024
ICML-2024-A005972,Ran He,UNKNOWN,UNKNOWN,ICML,2024
ICML-2024-A005973,Tieniu Tan,UNKNOWN,UNKNOWN,ICML,2024
ICML-2024-A005974,Yuanbang Liang,UNKNOWN,UNKNOWN,ICML,2024
ICML-2024-A005975,Jing Wu,UNKNOWN,UNKNOWN,ICML,2024
ICML-2024-A005976,Yu-Kun Lai,UNKNOWN,UNKNOWN,ICML,2024
ICML-2024-A005977,Yipeng Qin,UNKNOWN,UNKNOWN,ICML,2024
ICML-2024-A005978,Weixuan Liang,UNKNOWN,UNKNOWN,ICML,2024
ICML-2024-A005979,En Zhu,UNKNOWN,UNKNOWN,ICML,2024
ICML-2024-A005980,Shengju Yu,UNKNOWN,UNKNOWN,ICML,2024
ICML-2024-A005981,Huiying Xu,UNKNOWN,UNKNOWN,ICML,2024
ICML-2024-A005982,Xinzhong Zhu,UNKNOWN,UNKNOWN,ICML,2024
ICML-2024-A005983,Xinwang Liu,UNKNOWN,UNKNOWN,ICML,2024
ICML-2024-A005984,Fangshuo Liao,UNKNOWN,UNKNOWN,ICML,2024
ICML-2024-A005985,Junhyung Lyle Kim,UNKNOWN,UNKNOWN,ICML,2024
ICML-2024-A005986,Cruz Barnum,UNKNOWN,UNKNOWN,ICML,2024
ICML-2024-A005987,Anastasios Kyrillidis,UNKNOWN,UNKNOWN,ICML,2024
ICML-2024-A005988,Luofeng Liao,UNKNOWN,UNKNOWN,ICML,2024
ICML-2024-A005989,Christian Kroer,UNKNOWN,UNKNOWN,ICML,2024
ICML-2024-A005990,Yun-Hsuan Lien,UNKNOWN,UNKNOWN,ICML,2024
ICML-2024-A005991,Ping-Chun Hsieh,UNKNOWN,UNKNOWN,ICML,2024
ICML-2024-A005992,Tzu-Mao Li,UNKNOWN,UNKNOWN,ICML,2024
ICML-2024-A005993,Yu-Shuen Wang,UNKNOWN,UNKNOWN,ICML,2024
ICML-2024-A005994,Jungbin Lim,UNKNOWN,UNKNOWN,ICML,2024
ICML-2024-A005995,Jihwan Kim,UNKNOWN,UNKNOWN,ICML,2024
ICML-2024-A005996,Yonghyeon Lee,UNKNOWN,UNKNOWN,ICML,2024
ICML-2024-A005997,Cheongjae Jang,UNKNOWN,UNKNOWN,ICML,2024
ICML-2024-A005998,Frank C. Park,UNKNOWN,UNKNOWN,ICML,2024
ICML-2024-A005999,Jen Ning Lim,UNKNOWN,UNKNOWN,ICML,2024
ICML-2024-A006000,Juan Kuntz,UNKNOWN,UNKNOWN,ICML,2024
ICML-2024-A006001,Samuel Power,UNKNOWN,UNKNOWN,ICML,2024
ICML-2024-A006002,Adam Michael Johansen,UNKNOWN,UNKNOWN,ICML,2024
ICML-2024-A006003,Weichen Lin,UNKNOWN,UNKNOWN,ICML,2024
ICML-2024-A006004,Jiaxiang Chen,UNKNOWN,UNKNOWN,ICML,2024
ICML-2024-A006005,Ruomin Huang,UNKNOWN,UNKNOWN,ICML,2024
ICML-2024-A006006,Hu Ding,UNKNOWN,UNKNOWN,ICML,2024
ICML-2024-A006007,Peijia Lin,UNKNOWN,UNKNOWN,ICML,2024
ICML-2024-A006008,Pin Chen,UNKNOWN,UNKNOWN,ICML,2024
ICML-2024-A006009,Rui Jiao,UNKNOWN,UNKNOWN,ICML,2024
ICML-2024-A006010,Qing Mo,UNKNOWN,UNKNOWN,ICML,2024
ICML-2024-A006011,Cen Jianhuan,UNKNOWN,UNKNOWN,ICML,2024
ICML-2024-A006012,Wenbing Huang,UNKNOWN,UNKNOWN,ICML,2024
ICML-2024-A006013,Yang Liu,UNKNOWN,UNKNOWN,ICML,2024
ICML-2024-A006014,Dan Huang,UNKNOWN,UNKNOWN,ICML,2024
ICML-2024-A006015,Yutong Lu,UNKNOWN,UNKNOWN,ICML,2024
ICML-2024-A006016,Zhiqiu Lin,UNKNOWN,UNKNOWN,ICML,2024
ICML-2024-A006017,Xinyue Chen,UNKNOWN,UNKNOWN,ICML,2024
ICML-2024-A006018,Deepak Pathak,UNKNOWN,UNKNOWN,ICML,2024
ICML-2024-A006019,Pengchuan Zhang,UNKNOWN,UNKNOWN,ICML,2024
ICML-2024-A006020,Deva Ramanan,UNKNOWN,UNKNOWN,ICML,2024
ICML-2024-A006021,Wang Lin,UNKNOWN,UNKNOWN,ICML,2024
ICML-2024-A006022,Jingyuan Chen,UNKNOWN,UNKNOWN,ICML,2024
ICML-2024-A006023,Jiaxin Shi,UNKNOWN,UNKNOWN,ICML,2024
ICML-2024-A006024,Yichen Zhu,UNKNOWN,UNKNOWN,ICML,2024
ICML-2024-A006025,Chen Liang,UNKNOWN,UNKNOWN,ICML,2024
ICML-2024-A006026,Junzhong Miao,UNKNOWN,UNKNOWN,ICML,2024
ICML-2024-A006027,Tao Jin,UNKNOWN,UNKNOWN,ICML,2024
ICML-2024-A006028,Zhou Zhao,UNKNOWN,UNKNOWN,ICML,2024
ICML-2024-A006029,Fei Wu,UNKNOWN,UNKNOWN,ICML,2024
ICML-2024-A006030,Shuicheng Yan,UNKNOWN,UNKNOWN,ICML,2024
ICML-2024-A006031,Hanwang Zhang,UNKNOWN,UNKNOWN,ICML,2024
ICML-2024-A006032,Wu Lin,UNKNOWN,UNKNOWN,ICML,2024
ICML-2024-A006033,Felix Dangel,UNKNOWN,UNKNOWN,ICML,2024
ICML-2024-A006034,Runa Eschenhagen,UNKNOWN,UNKNOWN,ICML,2024
ICML-2024-A006035,Juhan Bae,UNKNOWN,UNKNOWN,ICML,2024
ICML-2024-A006036,Richard E. Turner,UNKNOWN,UNKNOWN,ICML,2024
ICML-2024-A006037,Alireza Makhzani,UNKNOWN,UNKNOWN,ICML,2024
ICML-2024-A006038,Wu Lin,UNKNOWN,UNKNOWN,ICML,2024
ICML-2024-A006039,Felix Dangel,UNKNOWN,UNKNOWN,ICML,2024
ICML-2024-A006040,Runa Eschenhagen,UNKNOWN,UNKNOWN,ICML,2024
ICML-2024-A006041,Kirill Neklyudov,UNKNOWN,UNKNOWN,ICML,2024
ICML-2024-A006042,Agustinus Kristiadi,UNKNOWN,UNKNOWN,ICML,2024
ICML-2024-A006043,Richard E. Turner,UNKNOWN,UNKNOWN,ICML,2024
ICML-2024-A006044,Alireza Makhzani,UNKNOWN,UNKNOWN,ICML,2024
ICML-2024-A006045,Jessy Lin,UNKNOWN,UNKNOWN,ICML,2024
ICML-2024-A006046,Yuqing Du,UNKNOWN,UNKNOWN,ICML,2024
ICML-2024-A006047,Olivia Watkins,UNKNOWN,UNKNOWN,ICML,2024
ICML-2024-A006048,Danijar Hafner,UNKNOWN,UNKNOWN,ICML,2024
ICML-2024-A006049,Pieter Abbeel,UNKNOWN,UNKNOWN,ICML,2024
ICML-2024-A006050,Dan Klein,UNKNOWN,UNKNOWN,ICML,2024
ICML-2024-A006051,Anca Dragan,UNKNOWN,UNKNOWN,ICML,2024
ICML-2024-A006052,Kang Lin,UNKNOWN,UNKNOWN,ICML,2024
ICML-2024-A006053,Reinhard Heckel,UNKNOWN,UNKNOWN,ICML,2024
ICML-2024-A006054,Yuchao Lin,UNKNOWN,UNKNOWN,ICML,2024
ICML-2024-A006055,Jacob Helwig,UNKNOWN,UNKNOWN,ICML,2024
ICML-2024-A006056,Shurui Gui,UNKNOWN,UNKNOWN,ICML,2024
ICML-2024-A006057,Shuiwang Ji,UNKNOWN,UNKNOWN,ICML,2024
ICML-2024-A006058,Haowei Lin,UNKNOWN,UNKNOWN,ICML,2024
ICML-2024-A006059,Baizhou Huang,UNKNOWN,UNKNOWN,ICML,2024
ICML-2024-A006060,Haotian Ye,UNKNOWN,UNKNOWN,ICML,2024
ICML-2024-A006061,Qinyu Chen,UNKNOWN,UNKNOWN,ICML,2024
ICML-2024-A006062,Zihao Wang,UNKNOWN,UNKNOWN,ICML,2024
ICML-2024-A006063,Sujian Li,UNKNOWN,UNKNOWN,ICML,2024
ICML-2024-A006064,Jianzhu Ma,UNKNOWN,UNKNOWN,ICML,2024
ICML-2024-A006065,Xiaojun Wan,UNKNOWN,UNKNOWN,ICML,2024
ICML-2024-A006066,James Zou,UNKNOWN,UNKNOWN,ICML,2024
ICML-2024-A006067,Yitao Liang,UNKNOWN,UNKNOWN,ICML,2024
ICML-2024-A006068,Fangru Lin,UNKNOWN,UNKNOWN,ICML,2024
ICML-2024-A006069,Emanuele La Malfa,UNKNOWN,UNKNOWN,ICML,2024
ICML-2024-A006070,Valentin Hofmann,UNKNOWN,UNKNOWN,ICML,2024
ICML-2024-A006071,Elle Michelle Yang,UNKNOWN,UNKNOWN,ICML,2024
ICML-2024-A006072,Anthony G. Cohn,UNKNOWN,UNKNOWN,ICML,2024
ICML-2024-A006073,Janet B. Pierrehumbert,UNKNOWN,UNKNOWN,ICML,2024
ICML-2024-A006074,Ziqian Lin,UNKNOWN,UNKNOWN,ICML,2024
ICML-2024-A006075,Kangwook Lee,UNKNOWN,UNKNOWN,ICML,2024
ICML-2024-A006076,Bor-Jiun Lin,UNKNOWN,UNKNOWN,ICML,2024
ICML-2024-A006077,Chun-Yi Lee,UNKNOWN,UNKNOWN,ICML,2024
ICML-2024-A006078,Shengsheng Lin,UNKNOWN,UNKNOWN,ICML,2024
ICML-2024-A006079,Weiwei Lin,UNKNOWN,UNKNOWN,ICML,2024
ICML-2024-A006080,Wentai Wu,UNKNOWN,UNKNOWN,ICML,2024
ICML-2024-A006081,Haojun Chen,UNKNOWN,UNKNOWN,ICML,2024
ICML-2024-A006082,Junjie Yang,UNKNOWN,UNKNOWN,ICML,2024
ICML-2024-A006083,Jiabin Lin,UNKNOWN,UNKNOWN,ICML,2024
ICML-2024-A006084,Shana Moothedath,UNKNOWN,UNKNOWN,ICML,2024
ICML-2024-A006085,Namrata Vaswani,UNKNOWN,UNKNOWN,ICML,2024
ICML-2024-A006086,Haotian Lin,UNKNOWN,UNKNOWN,ICML,2024
ICML-2024-A006087,Matthew Reimherr,UNKNOWN,UNKNOWN,ICML,2024
ICML-2024-A006088,Haotian Lin,UNKNOWN,UNKNOWN,ICML,2024
ICML-2024-A006089,Matthew Reimherr,UNKNOWN,UNKNOWN,ICML,2024
ICML-2024-A006090,Xiaoqiang Lin,UNKNOWN,UNKNOWN,ICML,2024
ICML-2024-A006091,Zhaoxuan Wu,UNKNOWN,UNKNOWN,ICML,2024
ICML-2024-A006092,Zhongxiang Dai,UNKNOWN,UNKNOWN,ICML,2024
ICML-2024-A006093,Wenyang Hu,UNKNOWN,UNKNOWN,ICML,2024
ICML-2024-A006094,Yao Shu,UNKNOWN,UNKNOWN,ICML,2024
ICML-2024-A006095,See-Kiong Ng,UNKNOWN,UNKNOWN,ICML,2024
ICML-2024-A006096,Patrick Jaillet,UNKNOWN,UNKNOWN,ICML,2024
ICML-2024-A006097,Bryan Kian Hsiang Low,UNKNOWN,UNKNOWN,ICML,2024
ICML-2024-A006098,Haitao Lin,UNKNOWN,UNKNOWN,ICML,2024
ICML-2024-A006099,Lirong Wu,UNKNOWN,UNKNOWN,ICML,2024
ICML-2024-A006100,Yufei Huang,UNKNOWN,UNKNOWN,ICML,2024
ICML-2024-A006101,Yunfan Liu,UNKNOWN,UNKNOWN,ICML,2024
ICML-2024-A006102,Odin Zhang,UNKNOWN,UNKNOWN,ICML,2024
ICML-2024-A006103,Yuanqing Zhou,UNKNOWN,UNKNOWN,ICML,2024
ICML-2024-A006104,Rui Sun,UNKNOWN,UNKNOWN,ICML,2024
ICML-2024-A006105,Stan Z. Li,UNKNOWN,UNKNOWN,ICML,2024
ICML-2024-A006106,Xiaoqiang Lin,UNKNOWN,UNKNOWN,ICML,2024
ICML-2024-A006107,Xinyi Xu,UNKNOWN,UNKNOWN,ICML,2024
ICML-2024-A006108,Zhaoxuan Wu,UNKNOWN,UNKNOWN,ICML,2024
ICML-2024-A006109,See-Kiong Ng,UNKNOWN,UNKNOWN,ICML,2024
ICML-2024-A006110,Bryan Kian Hsiang Low,UNKNOWN,UNKNOWN,ICML,2024
ICML-2024-A006111,Zhenwei Lin,UNKNOWN,UNKNOWN,ICML,2024
ICML-2024-A006112,Chenyu Xue,UNKNOWN,UNKNOWN,ICML,2024
ICML-2024-A006113,Qi Deng,UNKNOWN,UNKNOWN,ICML,2024
ICML-2024-A006114,Yinyu Ye,UNKNOWN,UNKNOWN,ICML,2024
ICML-2024-A006115,Runqi Lin,UNKNOWN,UNKNOWN,ICML,2024
ICML-2024-A006116,Chaojian Yu,UNKNOWN,UNKNOWN,ICML,2024
ICML-2024-A006117,Bo Han,UNKNOWN,UNKNOWN,ICML,2024
ICML-2024-A006118,Hang Su,UNKNOWN,UNKNOWN,ICML,2024
ICML-2024-A006119,Tongliang Liu,UNKNOWN,UNKNOWN,ICML,2024
ICML-2024-A006120,Yizun Lin,UNKNOWN,UNKNOWN,ICML,2024
ICML-2024-A006121,Yangyu Zhang,UNKNOWN,UNKNOWN,ICML,2024
ICML-2024-A006122,Zhao-Rong Lai,UNKNOWN,UNKNOWN,ICML,2024
ICML-2024-A006123,Cheng Li,UNKNOWN,UNKNOWN,ICML,2024
ICML-2024-A006124,Xixun Lin,UNKNOWN,UNKNOWN,ICML,2024
ICML-2024-A006125,Wenxiao Zhang,UNKNOWN,UNKNOWN,ICML,2024
ICML-2024-A006126,Fengzhao Shi,UNKNOWN,UNKNOWN,ICML,2024
ICML-2024-A006127,Chuan Zhou,UNKNOWN,UNKNOWN,ICML,2024
ICML-2024-A006128,Lixin Zou,UNKNOWN,UNKNOWN,ICML,2024
ICML-2024-A006129,Xiangyu Zhao,UNKNOWN,UNKNOWN,ICML,2024
ICML-2024-A006130,Dawei Yin,UNKNOWN,UNKNOWN,ICML,2024
ICML-2024-A006131,Shirui Pan,UNKNOWN,UNKNOWN,ICML,2024
ICML-2024-A006132,Yanan Cao,UNKNOWN,UNKNOWN,ICML,2024
ICML-2024-A006133,Xi Lin,UNKNOWN,UNKNOWN,ICML,2024
ICML-2024-A006134,Xiaoyuan Zhang,UNKNOWN,UNKNOWN,ICML,2024
ICML-2024-A006135,Zhiyuan Yang,UNKNOWN,UNKNOWN,ICML,2024
ICML-2024-A006136,Fei Liu,UNKNOWN,UNKNOWN,ICML,2024
ICML-2024-A006137,Zhenkun Wang,UNKNOWN,UNKNOWN,ICML,2024
ICML-2024-A006138,Qingfu Zhang,UNKNOWN,UNKNOWN,ICML,2024
ICML-2024-A006139,Haitao Lin,UNKNOWN,UNKNOWN,ICML,2024
ICML-2024-A006140,Odin Zhang,UNKNOWN,UNKNOWN,ICML,2024
ICML-2024-A006141,Huifeng Zhao,UNKNOWN,UNKNOWN,ICML,2024
ICML-2024-A006142,Dejun Jiang,UNKNOWN,UNKNOWN,ICML,2024
ICML-2024-A006143,Lirong Wu,UNKNOWN,UNKNOWN,ICML,2024
ICML-2024-A006144,Zicheng Liu,UNKNOWN,UNKNOWN,ICML,2024
ICML-2024-A006145,Yufei Huang,UNKNOWN,UNKNOWN,ICML,2024
ICML-2024-A006146,Stan Z. Li,UNKNOWN,UNKNOWN,ICML,2024
ICML-2024-A006147,Tzu-Yuan Lin,UNKNOWN,UNKNOWN,ICML,2024
ICML-2024-A006148,Minghan Zhu,UNKNOWN,UNKNOWN,ICML,2024
ICML-2024-A006149,Maani Ghaffari,UNKNOWN,UNKNOWN,ICML,2024
ICML-2024-A006150,Licong Lin,UNKNOWN,UNKNOWN,ICML,2024
ICML-2024-A006151,Tijana Zrnic,UNKNOWN,UNKNOWN,ICML,2024
ICML-2024-A006152,Marius Lindauer,UNKNOWN,UNKNOWN,ICML,2024
ICML-2024-A006153,Florian Karl,UNKNOWN,UNKNOWN,ICML,2024
ICML-2024-A006154,Anne Klier,UNKNOWN,UNKNOWN,ICML,2024
ICML-2024-A006155,Julia Moosbauer,UNKNOWN,UNKNOWN,ICML,2024
ICML-2024-A006156,Alexander Tornede,UNKNOWN,UNKNOWN,ICML,2024
ICML-2024-A006157,Andreas C Mueller,UNKNOWN,UNKNOWN,ICML,2024
ICML-2024-A006158,Frank Hutter,UNKNOWN,UNKNOWN,ICML,2024
ICML-2024-A006159,Matthias Feurer,UNKNOWN,UNKNOWN,ICML,2024
ICML-2024-A006160,Bernd Bischl,UNKNOWN,UNKNOWN,ICML,2024
ICML-2024-A006161,Zenan Ling,UNKNOWN,UNKNOWN,ICML,2024
ICML-2024-A006162,Longbo Li,UNKNOWN,UNKNOWN,ICML,2024
ICML-2024-A006163,Zhanbo Feng,UNKNOWN,UNKNOWN,ICML,2024
ICML-2024-A006164,Yixuan Zhang,UNKNOWN,UNKNOWN,ICML,2024
ICML-2024-A006165,Feng Zhou,UNKNOWN,UNKNOWN,ICML,2024
ICML-2024-A006166,Robert C Qiu,UNKNOWN,UNKNOWN,ICML,2024
ICML-2024-A006167,Zhenyu Liao,UNKNOWN,UNKNOWN,ICML,2024
ICML-2024-A006168,Levi E. Lingsch,UNKNOWN,UNKNOWN,ICML,2024
ICML-2024-A006169,Mike Yan Michelis,UNKNOWN,UNKNOWN,ICML,2024
ICML-2024-A006170,Emmanuel De Bezenac,UNKNOWN,UNKNOWN,ICML,2024
ICML-2024-A006171,Sirani M. Perera,UNKNOWN,UNKNOWN,ICML,2024
ICML-2024-A006172,Robert K. Katzschmann,UNKNOWN,UNKNOWN,ICML,2024
ICML-2024-A006173,Siddhartha Mishra,UNKNOWN,UNKNOWN,ICML,2024
ICML-2024-A006174,Anji Liu,UNKNOWN,UNKNOWN,ICML,2024
ICML-2024-A006175,Kareem Ahmed,UNKNOWN,UNKNOWN,ICML,2024
ICML-2024-A006176,Guy Van Den Broeck,UNKNOWN,UNKNOWN,ICML,2024
ICML-2024-A006177,Ziyi Liu,UNKNOWN,UNKNOWN,ICML,2024
ICML-2024-A006178,Idan Attias,UNKNOWN,UNKNOWN,ICML,2024
ICML-2024-A006179,Daniel M. Roy,UNKNOWN,UNKNOWN,ICML,2024
ICML-2024-A006180,Kaizhao Liu,UNKNOWN,UNKNOWN,ICML,2024
ICML-2024-A006181,Jose Blanchet,UNKNOWN,UNKNOWN,ICML,2024
ICML-2024-A006182,Lexing Ying,UNKNOWN,UNKNOWN,ICML,2024
ICML-2024-A006183,Yiping Lu,UNKNOWN,UNKNOWN,ICML,2024
ICML-2024-A006184,Yang Liu,UNKNOWN,UNKNOWN,ICML,2024
ICML-2024-A006185,Deyu Bo,UNKNOWN,UNKNOWN,ICML,2024
ICML-2024-A006186,Chuan Shi,UNKNOWN,UNKNOWN,ICML,2024
ICML-2024-A006187,Yepeng Liu,UNKNOWN,UNKNOWN,ICML,2024
ICML-2024-A006188,Yuheng Bu,UNKNOWN,UNKNOWN,ICML,2024
ICML-2024-A006189,Yujia Liu,UNKNOWN,UNKNOWN,ICML,2024
ICML-2024-A006190,Tong Bu,UNKNOWN,UNKNOWN,ICML,2024
ICML-2024-A006191,Jianhao Ding,UNKNOWN,UNKNOWN,ICML,2024
ICML-2024-A006192,Zecheng Hao,UNKNOWN,UNKNOWN,ICML,2024
ICML-2024-A006193,Tiejun Huang,UNKNOWN,UNKNOWN,ICML,2024
ICML-2024-A006194,Zhaofei Yu,UNKNOWN,UNKNOWN,ICML,2024
ICML-2024-A006195,Chenghao Liu,UNKNOWN,UNKNOWN,ICML,2024
ICML-2024-A006196,Minghua Chen,UNKNOWN,UNKNOWN,ICML,2024
ICML-2024-A006197,Songtao Liu,UNKNOWN,UNKNOWN,ICML,2024
ICML-2024-A006198,Jinghui Chen,UNKNOWN,UNKNOWN,ICML,2024
ICML-2024-A006199,Tianfan Fu,UNKNOWN,UNKNOWN,ICML,2024
ICML-2024-A006200,Lu Lin,UNKNOWN,UNKNOWN,ICML,2024
ICML-2024-A006201,Marinka Zitnik,UNKNOWN,UNKNOWN,ICML,2024
ICML-2024-A006202,Dinghao Wu,UNKNOWN,UNKNOWN,ICML,2024
ICML-2024-A006203,Yuxing Liu,UNKNOWN,UNKNOWN,ICML,2024
ICML-2024-A006204,Lesi Chen,UNKNOWN,UNKNOWN,ICML,2024
ICML-2024-A006205,Luo Luo,UNKNOWN,UNKNOWN,ICML,2024
ICML-2024-A006206,Zhuanghua Liu,UNKNOWN,UNKNOWN,ICML,2024
ICML-2024-A006207,Cheng Chen,UNKNOWN,UNKNOWN,ICML,2024
ICML-2024-A006208,Luo Luo,UNKNOWN,UNKNOWN,ICML,2024
ICML-2024-A006209,Bryan Kian Hsiang Low,UNKNOWN,UNKNOWN,ICML,2024
ICML-2024-A006210,Yihao Liu,UNKNOWN,UNKNOWN,ICML,2024
ICML-2024-A006211,Xiangyu Chen,UNKNOWN,UNKNOWN,ICML,2024
ICML-2024-A006212,Xianzheng Ma,UNKNOWN,UNKNOWN,ICML,2024
ICML-2024-A006213,Xintao Wang,UNKNOWN,UNKNOWN,ICML,2024
ICML-2024-A006214,Jiantao Zhou,UNKNOWN,UNKNOWN,ICML,2024
ICML-2024-A006215,Yu Qiao,UNKNOWN,UNKNOWN,ICML,2024
ICML-2024-A006216,Chao Dong,UNKNOWN,UNKNOWN,ICML,2024
ICML-2024-A006217,Hongyu Liu,UNKNOWN,UNKNOWN,ICML,2024
ICML-2024-A006218,Runmin Cong,UNKNOWN,UNKNOWN,ICML,2024
ICML-2024-A006219,Hua Li,UNKNOWN,UNKNOWN,ICML,2024
ICML-2024-A006220,Qianqian Xu,UNKNOWN,UNKNOWN,ICML,2024
ICML-2024-A006221,Qingming Huang,UNKNOWN,UNKNOWN,ICML,2024
ICML-2024-A006222,Wei Zhang,UNKNOWN,UNKNOWN,ICML,2024
ICML-2024-A006223,Ziquan Liu,UNKNOWN,UNKNOWN,ICML,2024
ICML-2024-A006224,Yufei Cui,UNKNOWN,UNKNOWN,ICML,2024
ICML-2024-A006225,Yan Yan,UNKNOWN,UNKNOWN,ICML,2024
ICML-2024-A006226,Yi Xu,UNKNOWN,UNKNOWN,ICML,2024
ICML-2024-A006227,Xiangyang Ji,UNKNOWN,UNKNOWN,ICML,2024
ICML-2024-A006228,Xue Liu,UNKNOWN,UNKNOWN,ICML,2024
ICML-2024-A006229,Antoni B. Chan,UNKNOWN,UNKNOWN,ICML,2024
ICML-2024-A006230,Songtao Liu,UNKNOWN,UNKNOWN,ICML,2024
ICML-2024-A006231,Hanjun Dai,UNKNOWN,UNKNOWN,ICML,2024
ICML-2024-A006232,Yue Zhao,UNKNOWN,UNKNOWN,ICML,2024
ICML-2024-A006233,Peng Liu,UNKNOWN,UNKNOWN,ICML,2024
ICML-2024-A006234,Runze Liu,UNKNOWN,UNKNOWN,ICML,2024
ICML-2024-A006235,Yali Du,UNKNOWN,UNKNOWN,ICML,2024
ICML-2024-A006236,Fengshuo Bai,UNKNOWN,UNKNOWN,ICML,2024
ICML-2024-A006237,Jiafei Lyu,UNKNOWN,UNKNOWN,ICML,2024
ICML-2024-A006238,Xiu Li,UNKNOWN,UNKNOWN,ICML,2024
ICML-2024-A006239,Ning Liu,UNKNOWN,UNKNOWN,ICML,2024
ICML-2024-A006240,Yiming Fan,UNKNOWN,UNKNOWN,ICML,2024
ICML-2024-A006241,Xianyi Zeng,UNKNOWN,UNKNOWN,ICML,2024
ICML-2024-A006242,Milan Klöwer,UNKNOWN,UNKNOWN,ICML,2024
ICML-2024-A006243,Lu Zhang,UNKNOWN,UNKNOWN,ICML,2024
ICML-2024-A006244,Yue Yu,UNKNOWN,UNKNOWN,ICML,2024
ICML-2024-A006245,Zhenlong Liu,UNKNOWN,UNKNOWN,ICML,2024
ICML-2024-A006246,Lei Feng,UNKNOWN,UNKNOWN,ICML,2024
ICML-2024-A006247,Huiping Zhuang,UNKNOWN,UNKNOWN,ICML,2024
ICML-2024-A006248,Xiaofeng Cao,UNKNOWN,UNKNOWN,ICML,2024
ICML-2024-A006249,Hongxin Wei,UNKNOWN,UNKNOWN,ICML,2024
ICML-2024-A006250,Tianlin Liu,UNKNOWN,UNKNOWN,ICML,2024
ICML-2024-A006251,Shangmin Guo,UNKNOWN,UNKNOWN,ICML,2024
ICML-2024-A006252,Leonardo Bianco,UNKNOWN,UNKNOWN,ICML,2024
ICML-2024-A006253,Daniele Calandriello,UNKNOWN,UNKNOWN,ICML,2024
ICML-2024-A006254,Quentin Berthet,UNKNOWN,UNKNOWN,ICML,2024
ICML-2024-A006255,Felipe Llinares-López,UNKNOWN,UNKNOWN,ICML,2024
ICML-2024-A006256,Jessica Hoffmann,UNKNOWN,UNKNOWN,ICML,2024
ICML-2024-A006257,Lucas Dixon,UNKNOWN,UNKNOWN,ICML,2024
ICML-2024-A006258,Michal Valko,UNKNOWN,UNKNOWN,ICML,2024
ICML-2024-A006259,Mathieu Blondel,UNKNOWN,UNKNOWN,ICML,2024
ICML-2024-A006260,Jinxin Liu,UNKNOWN,UNKNOWN,ICML,2024
ICML-2024-A006261,Xinghong Guo,UNKNOWN,UNKNOWN,ICML,2024
ICML-2024-A006262,Zifeng Zhuang,UNKNOWN,UNKNOWN,ICML,2024
ICML-2024-A006263,Donglin Wang,UNKNOWN,UNKNOWN,ICML,2024
ICML-2024-A006264,Yuanwei Liu,UNKNOWN,UNKNOWN,ICML,2024
ICML-2024-A006265,Junwei Han,UNKNOWN,UNKNOWN,ICML,2024
ICML-2024-A006266,Xiwen Yao,UNKNOWN,UNKNOWN,ICML,2024
ICML-2024-A006267,Salman Khan,UNKNOWN,UNKNOWN,ICML,2024
ICML-2024-A006268,Hisham Cholakkal,UNKNOWN,UNKNOWN,ICML,2024
ICML-2024-A006269,Rao Muhammad Anwer,UNKNOWN,UNKNOWN,ICML,2024
ICML-2024-A006270,Nian Liu,UNKNOWN,UNKNOWN,ICML,2024
ICML-2024-A006271,Fahad Shahbaz Khan,UNKNOWN,UNKNOWN,ICML,2024
ICML-2024-A006272,Jiashun Liu,UNKNOWN,UNKNOWN,ICML,2024
ICML-2024-A006273,Jianye Hao,UNKNOWN,UNKNOWN,ICML,2024
ICML-2024-A006274,Yi Ma,UNKNOWN,UNKNOWN,ICML,2024
ICML-2024-A006275,Shuyin Xia,UNKNOWN,UNKNOWN,ICML,2024
ICML-2024-A006276,Pengwei Liu,UNKNOWN,UNKNOWN,ICML,2024
ICML-2024-A006277,Zhongkai Hao,UNKNOWN,UNKNOWN,ICML,2024
ICML-2024-A006278,Xingyu Ren,UNKNOWN,UNKNOWN,ICML,2024
ICML-2024-A006279,Hangjie Yuan,UNKNOWN,UNKNOWN,ICML,2024
ICML-2024-A006280,Jiayang Ren,UNKNOWN,UNKNOWN,ICML,2024
ICML-2024-A006281,Dong Ni,UNKNOWN,UNKNOWN,ICML,2024
ICML-2024-A006282,Limin Liu,UNKNOWN,UNKNOWN,ICML,2024
ICML-2024-A006283,Shuai He,UNKNOWN,UNKNOWN,ICML,2024
ICML-2024-A006284,Anlong Ming,UNKNOWN,UNKNOWN,ICML,2024
ICML-2024-A006285,Rui Xie,UNKNOWN,UNKNOWN,ICML,2024
ICML-2024-A006286,Huadong Ma,UNKNOWN,UNKNOWN,ICML,2024
ICML-2024-A006287,Ruipeng Liu,UNKNOWN,UNKNOWN,ICML,2024
ICML-2024-A006288,Borui He,UNKNOWN,UNKNOWN,ICML,2024
ICML-2024-A006289,Naveed Tahir,UNKNOWN,UNKNOWN,ICML,2024
ICML-2024-A006290,Garrett Ethan Katz,UNKNOWN,UNKNOWN,ICML,2024
ICML-2024-A006291,Xiaoxuan Liu,UNKNOWN,UNKNOWN,ICML,2024
ICML-2024-A006292,Lanxiang Hu,UNKNOWN,UNKNOWN,ICML,2024
ICML-2024-A006293,Peter Bailis,UNKNOWN,UNKNOWN,ICML,2024
ICML-2024-A006294,Alvin Cheung,UNKNOWN,UNKNOWN,ICML,2024
ICML-2024-A006295,Zhijie Deng,UNKNOWN,UNKNOWN,ICML,2024
ICML-2024-A006296,Ion Stoica,UNKNOWN,UNKNOWN,ICML,2024
ICML-2024-A006297,Hao Zhang,UNKNOWN,UNKNOWN,ICML,2024
ICML-2024-A006298,Yi Liu,UNKNOWN,UNKNOWN,ICML,2024
ICML-2024-A006299,Qirui Hu,UNKNOWN,UNKNOWN,ICML,2024
ICML-2024-A006300,Linglong Kong,UNKNOWN,UNKNOWN,ICML,2024
ICML-2024-A006301,Xuantong Liu,UNKNOWN,UNKNOWN,ICML,2024
ICML-2024-A006302,Tianyang Hu,UNKNOWN,UNKNOWN,ICML,2024
ICML-2024-A006303,Wenjia Wang,UNKNOWN,UNKNOWN,ICML,2024
ICML-2024-A006304,Kenji Kawaguchi,UNKNOWN,UNKNOWN,ICML,2024
ICML-2024-A006305,Yuan Yao,UNKNOWN,UNKNOWN,ICML,2024
ICML-2024-A006306,Zhihan Liu,UNKNOWN,UNKNOWN,ICML,2024
ICML-2024-A006307,Hao Hu,UNKNOWN,UNKNOWN,ICML,2024
ICML-2024-A006308,Shenao Zhang,UNKNOWN,UNKNOWN,ICML,2024
ICML-2024-A006309,Hongyi Guo,UNKNOWN,UNKNOWN,ICML,2024
ICML-2024-A006310,Shuqi Ke,UNKNOWN,UNKNOWN,ICML,2024
ICML-2024-A006311,Boyi Liu,UNKNOWN,UNKNOWN,ICML,2024
ICML-2024-A006312,Zhaoran Wang,UNKNOWN,UNKNOWN,ICML,2024
ICML-2024-A006313,Pei Liu,UNKNOWN,UNKNOWN,ICML,2024
ICML-2024-A006314,Luping Ji,UNKNOWN,UNKNOWN,ICML,2024
ICML-2024-A006315,Songhua Liu,UNKNOWN,UNKNOWN,ICML,2024
ICML-2024-A006316,Xin Jin,UNKNOWN,UNKNOWN,ICML,2024
ICML-2024-A006317,Xingyi Yang,UNKNOWN,UNKNOWN,ICML,2024
ICML-2024-A006318,Jingwen Ye,UNKNOWN,UNKNOWN,ICML,2024
ICML-2024-A006319,Xinchao Wang,UNKNOWN,UNKNOWN,ICML,2024
ICML-2024-A006320,Haoxin Liu,UNKNOWN,UNKNOWN,ICML,2024
ICML-2024-A006321,Harshavardhan Kamarthi,UNKNOWN,UNKNOWN,ICML,2024
ICML-2024-A006322,Lingkai Kong,UNKNOWN,UNKNOWN,ICML,2024
ICML-2024-A006323,Zhiyuan Zhao,UNKNOWN,UNKNOWN,ICML,2024
ICML-2024-A006324,Chao Zhang,UNKNOWN,UNKNOWN,ICML,2024
ICML-2024-A006325,B. Aditya Prakash,UNKNOWN,UNKNOWN,ICML,2024
ICML-2024-A006326,Ce Liu,UNKNOWN,UNKNOWN,ICML,2024
ICML-2024-A006327,Suryansh Kumar,UNKNOWN,UNKNOWN,ICML,2024
ICML-2024-A006328,Shuhang Gu,UNKNOWN,UNKNOWN,ICML,2024
ICML-2024-A006329,Radu Timofte,UNKNOWN,UNKNOWN,ICML,2024
ICML-2024-A006330,Yao Yao,UNKNOWN,UNKNOWN,ICML,2024
ICML-2024-A006331,Luc Van Gool,UNKNOWN,UNKNOWN,ICML,2024
ICML-2024-A006332,Yi Liu,UNKNOWN,UNKNOWN,ICML,2024
ICML-2024-A006333,Alexander Levis,UNKNOWN,UNKNOWN,ICML,2024
ICML-2024-A006334,Sharon-Lise Normand,UNKNOWN,UNKNOWN,ICML,2024
ICML-2024-A006335,Larry Han,UNKNOWN,UNKNOWN,ICML,2024
ICML-2024-A006336,Fusheng Liu,UNKNOWN,UNKNOWN,ICML,2024
ICML-2024-A006337,Qianxiao Li,UNKNOWN,UNKNOWN,ICML,2024
ICML-2024-A006338,Tenglong Liu,UNKNOWN,UNKNOWN,ICML,2024
ICML-2024-A006339,Yang Li,UNKNOWN,UNKNOWN,ICML,2024
ICML-2024-A006340,Yixing Lan,UNKNOWN,UNKNOWN,ICML,2024
ICML-2024-A006341,Hao Gao,UNKNOWN,UNKNOWN,ICML,2024
ICML-2024-A006342,Wei Pan,UNKNOWN,UNKNOWN,ICML,2024
ICML-2024-A006343,Xin Xu,UNKNOWN,UNKNOWN,ICML,2024
ICML-2024-A006344,Haitong Liu,UNKNOWN,UNKNOWN,ICML,2024
ICML-2024-A006345,Qiang Li,UNKNOWN,UNKNOWN,ICML,2024
ICML-2024-A006346,Hoi To Wai,UNKNOWN,UNKNOWN,ICML,2024
ICML-2024-A006347,Zicheng Liu,UNKNOWN,UNKNOWN,ICML,2024
ICML-2024-A006348,Siyuan Li,UNKNOWN,UNKNOWN,ICML,2024
ICML-2024-A006349,Li Wang,UNKNOWN,UNKNOWN,ICML,2024
ICML-2024-A006350,Zedong Wang,UNKNOWN,UNKNOWN,ICML,2024
ICML-2024-A006351,Yunfan Liu,UNKNOWN,UNKNOWN,ICML,2024
ICML-2024-A006352,Stan Z. Li,UNKNOWN,UNKNOWN,ICML,2024
ICML-2024-A006353,Mingju Liu,UNKNOWN,UNKNOWN,ICML,2024
ICML-2024-A006354,Yingjie Li,UNKNOWN,UNKNOWN,ICML,2024
ICML-2024-A006355,Jiaqi Yin,UNKNOWN,UNKNOWN,ICML,2024
ICML-2024-A006356,Zhiru Zhang,UNKNOWN,UNKNOWN,ICML,2024
ICML-2024-A006357,Cunxi Yu,UNKNOWN,UNKNOWN,ICML,2024
ICML-2024-A006358,Chenghao Liu,UNKNOWN,UNKNOWN,ICML,2024
ICML-2024-A006359,Enming Liang,UNKNOWN,UNKNOWN,ICML,2024
ICML-2024-A006360,Minghua Chen,UNKNOWN,UNKNOWN,ICML,2024
ICML-2024-A006361,Yujing Liu,UNKNOWN,UNKNOWN,ICML,2024
ICML-2024-A006362,Zhixin Liu,UNKNOWN,UNKNOWN,ICML,2024
ICML-2024-A006363,Lei Guo,UNKNOWN,UNKNOWN,ICML,2024
ICML-2024-A006364,Xu-Hui Liu,UNKNOWN,UNKNOWN,ICML,2024
ICML-2024-A006365,Tian-Shuo Liu,UNKNOWN,UNKNOWN,ICML,2024
ICML-2024-A006366,Shengyi Jiang,UNKNOWN,UNKNOWN,ICML,2024
ICML-2024-A006367,Ruifeng Chen,UNKNOWN,UNKNOWN,ICML,2024
ICML-2024-A006368,Zhilong Zhang,UNKNOWN,UNKNOWN,ICML,2024
ICML-2024-A006369,Xinwei Chen,UNKNOWN,UNKNOWN,ICML,2024
ICML-2024-A006370,Yang Yu,UNKNOWN,UNKNOWN,ICML,2024
ICML-2024-A006371,Risheng Liu,UNKNOWN,UNKNOWN,ICML,2024
ICML-2024-A006372,Zhu Liu,UNKNOWN,UNKNOWN,ICML,2024
ICML-2024-A006373,Wei Yao,UNKNOWN,UNKNOWN,ICML,2024
ICML-2024-A006374,Shangzhi Zeng,UNKNOWN,UNKNOWN,ICML,2024
ICML-2024-A006375,Jin Zhang,UNKNOWN,UNKNOWN,ICML,2024
ICML-2024-A006376,Xiaoqian Liu,UNKNOWN,UNKNOWN,ICML,2024
ICML-2024-A006377,Xingzhou Lou,UNKNOWN,UNKNOWN,ICML,2024
ICML-2024-A006378,Jianbin Jiao,UNKNOWN,UNKNOWN,ICML,2024
ICML-2024-A006379,Junge Zhang,UNKNOWN,UNKNOWN,ICML,2024
ICML-2024-A006380,Yangfan Liu,UNKNOWN,UNKNOWN,ICML,2024
ICML-2024-A006381,Jiaqi Lv,UNKNOWN,UNKNOWN,ICML,2024
ICML-2024-A006382,Xin Geng,UNKNOWN,UNKNOWN,ICML,2024
ICML-2024-A006383,Ning Xu,UNKNOWN,UNKNOWN,ICML,2024
ICML-2024-A006384,Qinglin Liu,UNKNOWN,UNKNOWN,ICML,2024
ICML-2024-A006385,Xiaoqian Lv,UNKNOWN,UNKNOWN,ICML,2024
ICML-2024-A006386,Quanling Meng,UNKNOWN,UNKNOWN,ICML,2024
ICML-2024-A006387,Zonglin Li,UNKNOWN,UNKNOWN,ICML,2024
ICML-2024-A006388,Xiangyuan Lan,UNKNOWN,UNKNOWN,ICML,2024
ICML-2024-A006389,Shuo Yang,UNKNOWN,UNKNOWN,ICML,2024
ICML-2024-A006390,Shengping Zhang,UNKNOWN,UNKNOWN,ICML,2024
ICML-2024-A006391,Liqiang Nie,UNKNOWN,UNKNOWN,ICML,2024
ICML-2024-A006392,Yongtuo Liu,UNKNOWN,UNKNOWN,ICML,2024
ICML-2024-A006393,Sara Magliacane,UNKNOWN,UNKNOWN,ICML,2024
ICML-2024-A006394,Miltiadis Kofinas,UNKNOWN,UNKNOWN,ICML,2024
ICML-2024-A006395,Stratis Gavves,UNKNOWN,UNKNOWN,ICML,2024
ICML-2024-A006396,Junnan Liu,UNKNOWN,UNKNOWN,ICML,2024
ICML-2024-A006397,Qianren Mao,UNKNOWN,UNKNOWN,ICML,2024
ICML-2024-A006398,Weifeng Jiang,UNKNOWN,UNKNOWN,ICML,2024
ICML-2024-A006399,Jianxin Li,UNKNOWN,UNKNOWN,ICML,2024
ICML-2024-A006400,Ke Liu,UNKNOWN,UNKNOWN,ICML,2024
ICML-2024-A006401,Weian Mao,UNKNOWN,UNKNOWN,ICML,2024
ICML-2024-A006402,Shuaike Shen,UNKNOWN,UNKNOWN,ICML,2024
ICML-2024-A006403,Xiaoran Jiao,UNKNOWN,UNKNOWN,ICML,2024
ICML-2024-A006404,Zheng Sun,UNKNOWN,UNKNOWN,ICML,2024
ICML-2024-A006405,Hao Chen,UNKNOWN,UNKNOWN,ICML,2024
ICML-2024-A006406,Chunhua Shen,UNKNOWN,UNKNOWN,ICML,2024
ICML-2024-A006407,Yirui Liu,UNKNOWN,UNKNOWN,ICML,2024
ICML-2024-A006408,Xinghao Qiao,UNKNOWN,UNKNOWN,ICML,2024
ICML-2024-A006409,Yulong Pei,UNKNOWN,UNKNOWN,ICML,2024
ICML-2024-A006410,Liying Wang,UNKNOWN,UNKNOWN,ICML,2024
ICML-2024-A006411,Litian Liu,UNKNOWN,UNKNOWN,ICML,2024
ICML-2024-A006412,Yao Qin,UNKNOWN,UNKNOWN,ICML,2024
ICML-2024-A006413,Zhining Liu,UNKNOWN,UNKNOWN,ICML,2024
ICML-2024-A006414,Ruizhong Qiu,UNKNOWN,UNKNOWN,ICML,2024
ICML-2024-A006415,Zhichen Zeng,UNKNOWN,UNKNOWN,ICML,2024
ICML-2024-A006416,Hyunsik Yoo,UNKNOWN,UNKNOWN,ICML,2024
ICML-2024-A006417,David Zhou,UNKNOWN,UNKNOWN,ICML,2024
ICML-2024-A006418,Zhe Xu,UNKNOWN,UNKNOWN,ICML,2024
ICML-2024-A006419,Yada Zhu,UNKNOWN,UNKNOWN,ICML,2024
ICML-2024-A006420,Kommy Weldemariam,UNKNOWN,UNKNOWN,ICML,2024
ICML-2024-A006421,Jingrui He,UNKNOWN,UNKNOWN,ICML,2024
ICML-2024-A006422,Hanghang Tong,UNKNOWN,UNKNOWN,ICML,2024
ICML-2024-A006423,Sulin Liu,UNKNOWN,UNKNOWN,ICML,2024
ICML-2024-A006424,Peter Ramadge,UNKNOWN,UNKNOWN,ICML,2024
ICML-2024-A006425,Ryan P Adams,UNKNOWN,UNKNOWN,ICML,2024
ICML-2024-A006426,Renpu Liu,UNKNOWN,UNKNOWN,ICML,2024
ICML-2024-A006427,Cong Shen,UNKNOWN,UNKNOWN,ICML,2024
ICML-2024-A006428,Jing Yang,UNKNOWN,UNKNOWN,ICML,2024
ICML-2024-A006429,Ryan Liu,UNKNOWN,UNKNOWN,ICML,2024
ICML-2024-A006430,Theodore Sumers,UNKNOWN,UNKNOWN,ICML,2024
ICML-2024-A006431,Ishita Dasgupta,UNKNOWN,UNKNOWN,ICML,2024
ICML-2024-A006432,Thomas L. Griffiths,UNKNOWN,UNKNOWN,ICML,2024
ICML-2024-A006433,Mingzhou Liu,UNKNOWN,UNKNOWN,ICML,2024
ICML-2024-A006434,Xinwei Sun,UNKNOWN,UNKNOWN,ICML,2024
ICML-2024-A006435,Yu Qiao,UNKNOWN,UNKNOWN,ICML,2024
ICML-2024-A006436,Yizhou Wang,UNKNOWN,UNKNOWN,ICML,2024
ICML-2024-A006437,Jingyu Liu,UNKNOWN,UNKNOWN,ICML,2024
ICML-2024-A006438,Huayi Tang,UNKNOWN,UNKNOWN,ICML,2024
ICML-2024-A006439,Yong Liu,UNKNOWN,UNKNOWN,ICML,2024
ICML-2024-A006440,Xuefeng Liu,UNKNOWN,UNKNOWN,ICML,2024
ICML-2024-A006441,Chih-Chan Tien,UNKNOWN,UNKNOWN,ICML,2024
ICML-2024-A006442,Peng Ding,UNKNOWN,UNKNOWN,ICML,2024
ICML-2024-A006443,Songhao Jiang,UNKNOWN,UNKNOWN,ICML,2024
ICML-2024-A006444,Rick L. Stevens,UNKNOWN,UNKNOWN,ICML,2024
ICML-2024-A006445,Hongcheng Liu,UNKNOWN,UNKNOWN,ICML,2024
ICML-2024-A006446,Jindong Tong,UNKNOWN,UNKNOWN,ICML,2024
ICML-2024-A006447,Che Liu,UNKNOWN,UNKNOWN,ICML,2024
ICML-2024-A006448,Zhongwei Wan,UNKNOWN,UNKNOWN,ICML,2024
ICML-2024-A006449,Cheng Ouyang,UNKNOWN,UNKNOWN,ICML,2024
ICML-2024-A006450,Anand Shah,UNKNOWN,UNKNOWN,ICML,2024
ICML-2024-A006451,Wenjia Bai,UNKNOWN,UNKNOWN,ICML,2024
ICML-2024-A006452,Rossella Arcucci,UNKNOWN,UNKNOWN,ICML,2024
ICML-2024-A006453,Guangyi Liu,UNKNOWN,UNKNOWN,ICML,2024
ICML-2024-A006454,Yu Wang,UNKNOWN,UNKNOWN,ICML,2024
ICML-2024-A006455,Zeyu Feng,UNKNOWN,UNKNOWN,ICML,2024
ICML-2024-A006456,Qiyu Wu,UNKNOWN,UNKNOWN,ICML,2024
ICML-2024-A006457,Liping Tang,UNKNOWN,UNKNOWN,ICML,2024
ICML-2024-A006458,Yuan Gao,UNKNOWN,UNKNOWN,ICML,2024
ICML-2024-A006459,Zhen Li,UNKNOWN,UNKNOWN,ICML,2024
ICML-2024-A006460,Shuguang Cui,UNKNOWN,UNKNOWN,ICML,2024
ICML-2024-A006461,Julian Mcauley,UNKNOWN,UNKNOWN,ICML,2024
ICML-2024-A006462,Zichao Yang,UNKNOWN,UNKNOWN,ICML,2024
ICML-2024-A006463,Eric P. Xing,UNKNOWN,UNKNOWN,ICML,2024
ICML-2024-A006464,Zhiting Hu,UNKNOWN,UNKNOWN,ICML,2024
ICML-2024-A006465,Kai Liu,UNKNOWN,UNKNOWN,ICML,2024
ICML-2024-A006466,Ruohui Wang,UNKNOWN,UNKNOWN,ICML,2024
ICML-2024-A006467,Jianfei Gao,UNKNOWN,UNKNOWN,ICML,2024
ICML-2024-A006468,Kai Chen,UNKNOWN,UNKNOWN,ICML,2024
ICML-2024-A006469,Huikang Liu,UNKNOWN,UNKNOWN,ICML,2024
ICML-2024-A006470,Peng Wang,UNKNOWN,UNKNOWN,ICML,2024
ICML-2024-A006471,Longxiu Huang,UNKNOWN,UNKNOWN,ICML,2024
ICML-2024-A006472,Qing Qu,UNKNOWN,UNKNOWN,ICML,2024
ICML-2024-A006473,Laura Balzano,UNKNOWN,UNKNOWN,ICML,2024
ICML-2024-A006474,Qinshuo Liu,UNKNOWN,UNKNOWN,ICML,2024
ICML-2024-A006475,Zixin Wang,UNKNOWN,UNKNOWN,ICML,2024
ICML-2024-A006476,Xi’An Li,UNKNOWN,UNKNOWN,ICML,2024
ICML-2024-A006477,Xinyao Ji,UNKNOWN,UNKNOWN,ICML,2024
ICML-2024-A006478,Lei Zhang,UNKNOWN,UNKNOWN,ICML,2024
ICML-2024-A006479,Lin Liu,UNKNOWN,UNKNOWN,ICML,2024
ICML-2024-A006480,Zhonghua Liu,UNKNOWN,UNKNOWN,ICML,2024
ICML-2024-A006481,Zichuan Liu,UNKNOWN,UNKNOWN,ICML,2024
ICML-2024-A006482,Tianchun Wang,UNKNOWN,UNKNOWN,ICML,2024
ICML-2024-A006483,Jimeng Shi,UNKNOWN,UNKNOWN,ICML,2024
ICML-2024-A006484,Xu Zheng,UNKNOWN,UNKNOWN,ICML,2024
ICML-2024-A006485,Zhuomin Chen,UNKNOWN,UNKNOWN,ICML,2024
ICML-2024-A006486,Lei Song,UNKNOWN,UNKNOWN,ICML,2024
ICML-2024-A006487,Wenqian Dong,UNKNOWN,UNKNOWN,ICML,2024
ICML-2024-A006488,Jayantha Obeysekera,UNKNOWN,UNKNOWN,ICML,2024
ICML-2024-A006489,Farhad Shirani,UNKNOWN,UNKNOWN,ICML,2024
ICML-2024-A006490,Dongsheng Luo,UNKNOWN,UNKNOWN,ICML,2024
ICML-2024-A006491,Tianci Liu,UNKNOWN,UNKNOWN,ICML,2024
ICML-2024-A006492,Haoyu Wang,UNKNOWN,UNKNOWN,ICML,2024
ICML-2024-A006493,Shiyang Wang,UNKNOWN,UNKNOWN,ICML,2024
ICML-2024-A006494,Yu Cheng,UNKNOWN,UNKNOWN,ICML,2024
ICML-2024-A006495,Jing Gao,UNKNOWN,UNKNOWN,ICML,2024
ICML-2024-A006496,Shih-Yang Liu,UNKNOWN,UNKNOWN,ICML,2024
ICML-2024-A006497,Chien-Yi Wang,UNKNOWN,UNKNOWN,ICML,2024
ICML-2024-A006498,Hongxu Yin,UNKNOWN,UNKNOWN,ICML,2024
ICML-2024-A006499,Pavlo Molchanov,UNKNOWN,UNKNOWN,ICML,2024
ICML-2024-A006500,Yu-Chiang Frank Wang,UNKNOWN,UNKNOWN,ICML,2024
ICML-2024-A006501,Kwang-Ting Cheng,UNKNOWN,UNKNOWN,ICML,2024
ICML-2024-A006502,Min-Hung Chen,UNKNOWN,UNKNOWN,ICML,2024
ICML-2024-A006503,Langqi Liu,UNKNOWN,UNKNOWN,ICML,2024
ICML-2024-A006504,Yibo Wang,UNKNOWN,UNKNOWN,ICML,2024
ICML-2024-A006505,Lijun Zhang,UNKNOWN,UNKNOWN,ICML,2024
ICML-2024-A006506,Xutong Liu,UNKNOWN,UNKNOWN,ICML,2024
ICML-2024-A006507,Siwei Wang,UNKNOWN,UNKNOWN,ICML,2024
ICML-2024-A006508,Jinhang Zuo,UNKNOWN,UNKNOWN,ICML,2024
ICML-2024-A006509,Han Zhong,UNKNOWN,UNKNOWN,ICML,2024
ICML-2024-A006510,Xuchuang Wang,UNKNOWN,UNKNOWN,ICML,2024
ICML-2024-A006511,Zhiyong Wang,UNKNOWN,UNKNOWN,ICML,2024
ICML-2024-A006512,Shuai Li,UNKNOWN,UNKNOWN,ICML,2024
ICML-2024-A006513,Mohammad Hajiesmaili,UNKNOWN,UNKNOWN,ICML,2024
ICML-2024-A006514,John C.S. Lui,UNKNOWN,UNKNOWN,ICML,2024
ICML-2024-A006515,Wei Chen,UNKNOWN,UNKNOWN,ICML,2024
ICML-2024-A006516,Yicheng Liu,UNKNOWN,UNKNOWN,ICML,2024
ICML-2024-A006517,Jie Wen,UNKNOWN,UNKNOWN,ICML,2024
ICML-2024-A006518,Chengliang Liu,UNKNOWN,UNKNOWN,ICML,2024
ICML-2024-A006519,Xiaozhao Fang,UNKNOWN,UNKNOWN,ICML,2024
ICML-2024-A006520,Zuoyong Li,UNKNOWN,UNKNOWN,ICML,2024
ICML-2024-A006521,Yong Xu,UNKNOWN,UNKNOWN,ICML,2024
ICML-2024-A006522,Zheng Zhang,UNKNOWN,UNKNOWN,ICML,2024
ICML-2024-A006523,Jiashuo Liu,UNKNOWN,UNKNOWN,ICML,2024
ICML-2024-A006524,Jiayun Wu,UNKNOWN,UNKNOWN,ICML,2024
ICML-2024-A006525,Tianyu Wang,UNKNOWN,UNKNOWN,ICML,2024
ICML-2024-A006526,Hao Zou,UNKNOWN,UNKNOWN,ICML,2024
ICML-2024-A006527,Bo Li,UNKNOWN,UNKNOWN,ICML,2024
ICML-2024-A006528,Peng Cui,UNKNOWN,UNKNOWN,ICML,2024
ICML-2024-A006529,Fei Liu,UNKNOWN,UNKNOWN,ICML,2024
ICML-2024-A006530,Tong Xialiang,UNKNOWN,UNKNOWN,ICML,2024
ICML-2024-A006531,Mingxuan Yuan,UNKNOWN,UNKNOWN,ICML,2024
ICML-2024-A006532,Xi Lin,UNKNOWN,UNKNOWN,ICML,2024
ICML-2024-A006533,Fu Luo,UNKNOWN,UNKNOWN,ICML,2024
ICML-2024-A006534,Zhenkun Wang,UNKNOWN,UNKNOWN,ICML,2024
ICML-2024-A006535,Zhichao Lu,UNKNOWN,UNKNOWN,ICML,2024
ICML-2024-A006536,Qingfu Zhang,UNKNOWN,UNKNOWN,ICML,2024
ICML-2024-A006537,Biao Liu,UNKNOWN,UNKNOWN,ICML,2024
ICML-2024-A006538,Ning Xu,UNKNOWN,UNKNOWN,ICML,2024
ICML-2024-A006539,Xiangyu Fang,UNKNOWN,UNKNOWN,ICML,2024
ICML-2024-A006540,Xin Geng,UNKNOWN,UNKNOWN,ICML,2024
ICML-2024-A006541,Yiran Liu,UNKNOWN,UNKNOWN,ICML,2024
ICML-2024-A006542,Xiaoang Xu,UNKNOWN,UNKNOWN,ICML,2024
ICML-2024-A006543,Zhiyi Hou,UNKNOWN,UNKNOWN,ICML,2024
ICML-2024-A006544,Yang Yu,UNKNOWN,UNKNOWN,ICML,2024
ICML-2024-A006545,Chengliang Liu,UNKNOWN,UNKNOWN,ICML,2024
ICML-2024-A006546,Gehui Xu,UNKNOWN,UNKNOWN,ICML,2024
ICML-2024-A006547,Jie Wen,UNKNOWN,UNKNOWN,ICML,2024
ICML-2024-A006548,Yabo Liu,UNKNOWN,UNKNOWN,ICML,2024
ICML-2024-A006549,Chao Huang,UNKNOWN,UNKNOWN,ICML,2024
ICML-2024-A006550,Yong Xu,UNKNOWN,UNKNOWN,ICML,2024
ICML-2024-A006551,Yejia Liu,UNKNOWN,UNKNOWN,ICML,2024
ICML-2024-A006552,Jianyi Yang,UNKNOWN,UNKNOWN,ICML,2024
ICML-2024-A006553,Pengfei Li,UNKNOWN,UNKNOWN,ICML,2024
ICML-2024-A006554,Tongxin Li,UNKNOWN,UNKNOWN,ICML,2024
ICML-2024-A006555,Shaolei Ren,UNKNOWN,UNKNOWN,ICML,2024
ICML-2024-A006556,Sheng Liu,UNKNOWN,UNKNOWN,ICML,2024
ICML-2024-A006557,Haotian Ye,UNKNOWN,UNKNOWN,ICML,2024
ICML-2024-A006558,Lei Xing,UNKNOWN,UNKNOWN,ICML,2024
ICML-2024-A006559,James Y. Zou,UNKNOWN,UNKNOWN,ICML,2024
ICML-2024-A006560,Song Liu,UNKNOWN,UNKNOWN,ICML,2024
ICML-2024-A006561,Jiahao Yu,UNKNOWN,UNKNOWN,ICML,2024
ICML-2024-A006562,Jack Simons,UNKNOWN,UNKNOWN,ICML,2024
ICML-2024-A006563,Mingxuan Yi,UNKNOWN,UNKNOWN,ICML,2024
ICML-2024-A006564,Mark Beaumont,UNKNOWN,UNKNOWN,ICML,2024
ICML-2024-A006565,Zirui Liu,UNKNOWN,UNKNOWN,ICML,2024
ICML-2024-A006566,Jiayi Yuan,UNKNOWN,UNKNOWN,ICML,2024
ICML-2024-A006567,Hongye Jin,UNKNOWN,UNKNOWN,ICML,2024
ICML-2024-A006568,Shaochen Zhong,UNKNOWN,UNKNOWN,ICML,2024
ICML-2024-A006569,Zhaozhuo Xu,UNKNOWN,UNKNOWN,ICML,2024
ICML-2024-A006570,Vladimir Braverman,UNKNOWN,UNKNOWN,ICML,2024
ICML-2024-A006571,Beidi Chen,UNKNOWN,UNKNOWN,ICML,2024
ICML-2024-A006572,Xia Hu,UNKNOWN,UNKNOWN,ICML,2024
ICML-2024-A006573,Shuze Liu,UNKNOWN,UNKNOWN,ICML,2024
ICML-2024-A006574,Shangtong Zhang,UNKNOWN,UNKNOWN,ICML,2024
ICML-2024-A006575,Yong Liu,UNKNOWN,UNKNOWN,ICML,2024
ICML-2024-A006576,Haoran Zhang,UNKNOWN,UNKNOWN,ICML,2024
ICML-2024-A006577,Chenyu Li,UNKNOWN,UNKNOWN,ICML,2024
ICML-2024-A006578,Xiangdong Huang,UNKNOWN,UNKNOWN,ICML,2024
ICML-2024-A006579,Jianmin Wang,UNKNOWN,UNKNOWN,ICML,2024
ICML-2024-A006580,Mingsheng Long,UNKNOWN,UNKNOWN,ICML,2024
ICML-2024-A006581,Dongyang Liu,UNKNOWN,UNKNOWN,ICML,2024
ICML-2024-A006582,Renrui Zhang,UNKNOWN,UNKNOWN,ICML,2024
ICML-2024-A006583,Longtian Qiu,UNKNOWN,UNKNOWN,ICML,2024
ICML-2024-A006584,Siyuan Huang,UNKNOWN,UNKNOWN,ICML,2024
ICML-2024-A006585,Weifeng Lin,UNKNOWN,UNKNOWN,ICML,2024
ICML-2024-A006586,Shitian Zhao,UNKNOWN,UNKNOWN,ICML,2024
ICML-2024-A006587,Shijie Geng,UNKNOWN,UNKNOWN,ICML,2024
ICML-2024-A006588,Ziyi Lin,UNKNOWN,UNKNOWN,ICML,2024
ICML-2024-A006589,Peng Jin,UNKNOWN,UNKNOWN,ICML,2024
ICML-2024-A006590,Kaipeng Zhang,UNKNOWN,UNKNOWN,ICML,2024
ICML-2024-A006591,Wenqi Shao,UNKNOWN,UNKNOWN,ICML,2024
ICML-2024-A006592,Chao Xu,UNKNOWN,UNKNOWN,ICML,2024
ICML-2024-A006593,Conghui He,UNKNOWN,UNKNOWN,ICML,2024
ICML-2024-A006594,Junjun He,UNKNOWN,UNKNOWN,ICML,2024
ICML-2024-A006595,Hao Shao,UNKNOWN,UNKNOWN,ICML,2024
ICML-2024-A006596,Pan Lu,UNKNOWN,UNKNOWN,ICML,2024
ICML-2024-A006597,Yu Qiao,UNKNOWN,UNKNOWN,ICML,2024
ICML-2024-A006598,Hongsheng Li,UNKNOWN,UNKNOWN,ICML,2024
ICML-2024-A006599,Peng Gao,UNKNOWN,UNKNOWN,ICML,2024
ICML-2024-A006600,Kang Liu,UNKNOWN,UNKNOWN,ICML,2024
ICML-2024-A006601,Yingyi Zhang,UNKNOWN,UNKNOWN,ICML,2024
ICML-2024-A006602,Jingyun Zhang,UNKNOWN,UNKNOWN,ICML,2024
ICML-2024-A006603,Jinmin Li,UNKNOWN,UNKNOWN,ICML,2024
ICML-2024-A006604,Jun Wang,UNKNOWN,UNKNOWN,ICML,2024
ICML-2024-A006605,Shaoming Wang,UNKNOWN,UNKNOWN,ICML,2024
ICML-2024-A006606,Chun Yuan,UNKNOWN,UNKNOWN,ICML,2024
ICML-2024-A006607,Rizen Guo,UNKNOWN,UNKNOWN,ICML,2024
ICML-2024-A006608,Zechun Liu,UNKNOWN,UNKNOWN,ICML,2024
ICML-2024-A006609,Changsheng Zhao,UNKNOWN,UNKNOWN,ICML,2024
ICML-2024-A006610,Forrest Iandola,UNKNOWN,UNKNOWN,ICML,2024
ICML-2024-A006611,Chen Lai,UNKNOWN,UNKNOWN,ICML,2024
ICML-2024-A006612,Yuandong Tian,UNKNOWN,UNKNOWN,ICML,2024
ICML-2024-A006613,Igor Fedorov,UNKNOWN,UNKNOWN,ICML,2024
ICML-2024-A006614,Yunyang Xiong,UNKNOWN,UNKNOWN,ICML,2024
ICML-2024-A006615,Ernie Chang,UNKNOWN,UNKNOWN,ICML,2024
ICML-2024-A006616,Yangyang Shi,UNKNOWN,UNKNOWN,ICML,2024
ICML-2024-A006617,Raghuraman Krishnamoorthi,UNKNOWN,UNKNOWN,ICML,2024
ICML-2024-A006618,Liangzhen Lai,UNKNOWN,UNKNOWN,ICML,2024
ICML-2024-A006619,Vikas Chandra,UNKNOWN,UNKNOWN,ICML,2024
ICML-2024-A006620,Weiming Liu,UNKNOWN,UNKNOWN,ICML,2024
ICML-2024-A006621,Xiaolin Zheng,UNKNOWN,UNKNOWN,ICML,2024
ICML-2024-A006622,Chaochao Chen,UNKNOWN,UNKNOWN,ICML,2024
ICML-2024-A006623,Jiahe Xu,UNKNOWN,UNKNOWN,ICML,2024
ICML-2024-A006624,Xinting Liao,UNKNOWN,UNKNOWN,ICML,2024
ICML-2024-A006625,Fan Wang,UNKNOWN,UNKNOWN,ICML,2024
ICML-2024-A006626,Yanchao Tan,UNKNOWN,UNKNOWN,ICML,2024
ICML-2024-A006627,Yew-Soon Ong,UNKNOWN,UNKNOWN,ICML,2024
ICML-2024-A006628,Zijian Liu,UNKNOWN,UNKNOWN,ICML,2024
ICML-2024-A006629,Zhengyuan Zhou,UNKNOWN,UNKNOWN,ICML,2024
ICML-2024-A006630,Jiahao Liu,UNKNOWN,UNKNOWN,ICML,2024
ICML-2024-A006631,Yipeng Zhou,UNKNOWN,UNKNOWN,ICML,2024
ICML-2024-A006632,Di Wu,UNKNOWN,UNKNOWN,ICML,2024
ICML-2024-A006633,Miao Hu,UNKNOWN,UNKNOWN,ICML,2024
ICML-2024-A006634,Mohsen Guizani,UNKNOWN,UNKNOWN,ICML,2024
ICML-2024-A006635,Quan Z. Sheng,UNKNOWN,UNKNOWN,ICML,2024
ICML-2024-A006636,Shikun Liu,UNKNOWN,UNKNOWN,ICML,2024
ICML-2024-A006637,Deyu Zou,UNKNOWN,UNKNOWN,ICML,2024
ICML-2024-A006638,Han Zhao,UNKNOWN,UNKNOWN,ICML,2024
ICML-2024-A006639,Pan Li,UNKNOWN,UNKNOWN,ICML,2024
ICML-2024-A006640,Miguel Liu-Schiaffini,UNKNOWN,UNKNOWN,ICML,2024
ICML-2024-A006641,Julius Berner,UNKNOWN,UNKNOWN,ICML,2024
ICML-2024-A006642,Boris Bonev,UNKNOWN,UNKNOWN,ICML,2024
ICML-2024-A006643,Thorsten Kurth,UNKNOWN,UNKNOWN,ICML,2024
ICML-2024-A006644,Kamyar Azizzadenesheli,UNKNOWN,UNKNOWN,ICML,2024
ICML-2024-A006645,Anima Anandkumar,UNKNOWN,UNKNOWN,ICML,2024
ICML-2024-A006646,Maude Lizaire,UNKNOWN,UNKNOWN,ICML,2024
ICML-2024-A006647,Michael Rizvi-Martel,UNKNOWN,UNKNOWN,ICML,2024
ICML-2024-A006648,Marawan Gamal,UNKNOWN,UNKNOWN,ICML,2024
ICML-2024-A006649,Guillaume Rabusseau,UNKNOWN,UNKNOWN,ICML,2024
ICML-2024-A006650,Sebastian Bugge Loeschcke,UNKNOWN,UNKNOWN,ICML,2024
ICML-2024-A006651,Dan Wang,UNKNOWN,UNKNOWN,ICML,2024
ICML-2024-A006652,Christian Munklinde Leth-Espensen,UNKNOWN,UNKNOWN,ICML,2024
ICML-2024-A006653,Serge Belongie,UNKNOWN,UNKNOWN,ICML,2024
ICML-2024-A006654,Michael Kastoryano,UNKNOWN,UNKNOWN,ICML,2024
ICML-2024-A006655,Sagie Benaim,UNKNOWN,UNKNOWN,ICML,2024
ICML-2024-A006656,Emanuele Loffredo,UNKNOWN,UNKNOWN,ICML,2024
ICML-2024-A006657,Mauro Pastore,UNKNOWN,UNKNOWN,ICML,2024
ICML-2024-A006658,Simona Cocco,UNKNOWN,UNKNOWN,ICML,2024
ICML-2024-A006659,Remi Monasson,UNKNOWN,UNKNOWN,ICML,2024
ICML-2024-A006660,Joshua R. Loftus,UNKNOWN,UNKNOWN,ICML,2024
ICML-2024-A006661,Yunfei Long,UNKNOWN,UNKNOWN,ICML,2024
ICML-2024-A006662,Zilin Tian,UNKNOWN,UNKNOWN,ICML,2024
ICML-2024-A006663,Liguo Zhang,UNKNOWN,UNKNOWN,ICML,2024
ICML-2024-A006664,Huosheng Xu,UNKNOWN,UNKNOWN,ICML,2024
ICML-2024-A006665,Shayne Longpre,UNKNOWN,UNKNOWN,ICML,2024
ICML-2024-A006666,Sayash Kapoor,UNKNOWN,UNKNOWN,ICML,2024
ICML-2024-A006667,Kevin Klyman,UNKNOWN,UNKNOWN,ICML,2024
ICML-2024-A006668,Ashwin Ramaswami,UNKNOWN,UNKNOWN,ICML,2024
ICML-2024-A006669,Rishi Bommasani,UNKNOWN,UNKNOWN,ICML,2024
ICML-2024-A006670,Borhane Blili-Hamelin,UNKNOWN,UNKNOWN,ICML,2024
ICML-2024-A006671,Yangsibo Huang,UNKNOWN,UNKNOWN,ICML,2024
ICML-2024-A006672,Aviya Skowron,UNKNOWN,UNKNOWN,ICML,2024
ICML-2024-A006673,Zheng Xin Yong,UNKNOWN,UNKNOWN,ICML,2024
ICML-2024-A006674,Suhas Kotha,UNKNOWN,UNKNOWN,ICML,2024
ICML-2024-A006675,Yi Zeng,UNKNOWN,UNKNOWN,ICML,2024
ICML-2024-A006676,Weiyan Shi,UNKNOWN,UNKNOWN,ICML,2024
ICML-2024-A006677,Xianjun Yang,UNKNOWN,UNKNOWN,ICML,2024
ICML-2024-A006678,Reid Southen,UNKNOWN,UNKNOWN,ICML,2024
ICML-2024-A006679,Alexander Robey,UNKNOWN,UNKNOWN,ICML,2024
ICML-2024-A006680,Patrick Chao,UNKNOWN,UNKNOWN,ICML,2024
ICML-2024-A006681,Diyi Yang,UNKNOWN,UNKNOWN,ICML,2024
ICML-2024-A006682,Ruoxi Jia,UNKNOWN,UNKNOWN,ICML,2024
ICML-2024-A006683,Daniel Kang,UNKNOWN,UNKNOWN,ICML,2024
ICML-2024-A006684,Alex Pentland,UNKNOWN,UNKNOWN,ICML,2024
ICML-2024-A006685,Arvind Narayanan,UNKNOWN,UNKNOWN,ICML,2024
ICML-2024-A006686,Percy Liang,UNKNOWN,UNKNOWN,ICML,2024
ICML-2024-A006687,Peter Henderson,UNKNOWN,UNKNOWN,ICML,2024
ICML-2024-A006688,Shayne Longpre,UNKNOWN,UNKNOWN,ICML,2024
ICML-2024-A006689,Robert Mahari,UNKNOWN,UNKNOWN,ICML,2024
ICML-2024-A006690,Naana Obeng-Marnu,UNKNOWN,UNKNOWN,ICML,2024
ICML-2024-A006691,William Brannon,UNKNOWN,UNKNOWN,ICML,2024
ICML-2024-A006692,Tobin South,UNKNOWN,UNKNOWN,ICML,2024
ICML-2024-A006693,Katy Ilonka Gero,UNKNOWN,UNKNOWN,ICML,2024
ICML-2024-A006694,Alex Pentland,UNKNOWN,UNKNOWN,ICML,2024
ICML-2024-A006695,Jad Kabbara,UNKNOWN,UNKNOWN,ICML,2024
ICML-2024-A006696,Ben Lonnqvist,UNKNOWN,UNKNOWN,ICML,2024
ICML-2024-A006697,Zhengqing Wu,UNKNOWN,UNKNOWN,ICML,2024
ICML-2024-A006698,Michael Herzog,UNKNOWN,UNKNOWN,ICML,2024
ICML-2024-A006699,Noel Loo,UNKNOWN,UNKNOWN,ICML,2024
ICML-2024-A006700,Alaa Maalouf,UNKNOWN,UNKNOWN,ICML,2024
ICML-2024-A006701,Ramin Hasani,UNKNOWN,UNKNOWN,ICML,2024
ICML-2024-A006702,Mathias Lechner,UNKNOWN,UNKNOWN,ICML,2024
ICML-2024-A006703,Alexander Amini,UNKNOWN,UNKNOWN,ICML,2024
ICML-2024-A006704,Daniela Rus,UNKNOWN,UNKNOWN,ICML,2024
ICML-2024-A006705,Gianluigi Lopardo,UNKNOWN,UNKNOWN,ICML,2024
ICML-2024-A006706,Frederic Precioso,UNKNOWN,UNKNOWN,ICML,2024
ICML-2024-A006707,Damien Garreau,UNKNOWN,UNKNOWN,ICML,2024
ICML-2024-A006708,Sanae Lotfi,UNKNOWN,UNKNOWN,ICML,2024
ICML-2024-A006709,Marc Anton Finzi,UNKNOWN,UNKNOWN,ICML,2024
ICML-2024-A006710,Yilun Kuang,UNKNOWN,UNKNOWN,ICML,2024
ICML-2024-A006711,Tim G. J. Rudner,UNKNOWN,UNKNOWN,ICML,2024
ICML-2024-A006712,Micah Goldblum,UNKNOWN,UNKNOWN,ICML,2024
ICML-2024-A006713,Andrew Gordon Wilson,UNKNOWN,UNKNOWN,ICML,2024
ICML-2024-A006714,Aaron Lou,UNKNOWN,UNKNOWN,ICML,2024
ICML-2024-A006715,Chenlin Meng,UNKNOWN,UNKNOWN,ICML,2024
ICML-2024-A006716,Stefano Ermon,UNKNOWN,UNKNOWN,ICML,2024
ICML-2024-A006717,Andrew Lowy,UNKNOWN,UNKNOWN,ICML,2024
ICML-2024-A006718,Zeman Li,UNKNOWN,UNKNOWN,ICML,2024
ICML-2024-A006719,Tianjian Huang,UNKNOWN,UNKNOWN,ICML,2024
ICML-2024-A006720,Meisam Razaviyayn,UNKNOWN,UNKNOWN,ICML,2024
ICML-2024-A006721,Andrew Lowy,UNKNOWN,UNKNOWN,ICML,2024
ICML-2024-A006722,Jonathan Ullman,UNKNOWN,UNKNOWN,ICML,2024
ICML-2024-A006723,Stephen Wright,UNKNOWN,UNKNOWN,ICML,2024
ICML-2024-A006724,Zhihe Lu,UNKNOWN,UNKNOWN,ICML,2024
ICML-2024-A006725,Jiawang Bai,UNKNOWN,UNKNOWN,ICML,2024
ICML-2024-A006726,Xin Li,UNKNOWN,UNKNOWN,ICML,2024
ICML-2024-A006727,Zeyu Xiao,UNKNOWN,UNKNOWN,ICML,2024
ICML-2024-A006728,Xinchao Wang,UNKNOWN,UNKNOWN,ICML,2024
ICML-2024-A006729,Shunlin Lu,UNKNOWN,UNKNOWN,ICML,2024
ICML-2024-A006730,Ling-Hao Chen,UNKNOWN,UNKNOWN,ICML,2024
ICML-2024-A006731,Ailing Zeng,UNKNOWN,UNKNOWN,ICML,2024
ICML-2024-A006732,Jing Lin,UNKNOWN,UNKNOWN,ICML,2024
ICML-2024-A006733,Ruimao Zhang,UNKNOWN,UNKNOWN,ICML,2024
ICML-2024-A006734,Lei Zhang,UNKNOWN,UNKNOWN,ICML,2024
ICML-2024-A006735,Heung-Yeung Shum,UNKNOWN,UNKNOWN,ICML,2024
ICML-2024-A006736,Lin Lu,UNKNOWN,UNKNOWN,ICML,2024
ICML-2024-A006737,Chenxi Dai,UNKNOWN,UNKNOWN,ICML,2024
ICML-2024-A006738,Wangcheng Tao,UNKNOWN,UNKNOWN,ICML,2024
ICML-2024-A006739,Binhang Yuan,UNKNOWN,UNKNOWN,ICML,2024
ICML-2024-A006740,Yanan Sun,UNKNOWN,UNKNOWN,ICML,2024
ICML-2024-A006741,Pan Zhou,UNKNOWN,UNKNOWN,ICML,2024
ICML-2024-A006742,Jiecheng Lu,UNKNOWN,UNKNOWN,ICML,2024
ICML-2024-A006743,Xu Han,UNKNOWN,UNKNOWN,ICML,2024
ICML-2024-A006744,Yan Sun,UNKNOWN,UNKNOWN,ICML,2024
ICML-2024-A006745,Shihao Yang,UNKNOWN,UNKNOWN,ICML,2024
ICML-2024-A006746,Xing Han Lu,UNKNOWN,UNKNOWN,ICML,2024
ICML-2024-A006747,Zdeněk Kasner,UNKNOWN,UNKNOWN,ICML,2024
ICML-2024-A006748,Siva Reddy,UNKNOWN,UNKNOWN,ICML,2024
ICML-2024-A006749,Sidi Lu,UNKNOWN,UNKNOWN,ICML,2024
ICML-2024-A006750,Hongyi Liu,UNKNOWN,UNKNOWN,ICML,2024
ICML-2024-A006751,Asli Celikyilmaz,UNKNOWN,UNKNOWN,ICML,2024
ICML-2024-A006752,Tianlu Wang,UNKNOWN,UNKNOWN,ICML,2024
ICML-2024-A006753,Nanyun Peng,UNKNOWN,UNKNOWN,ICML,2024
ICML-2024-A006754,Shengyao Lu,UNKNOWN,UNKNOWN,ICML,2024
ICML-2024-A006755,Bang Liu,UNKNOWN,UNKNOWN,ICML,2024
ICML-2024-A006756,Keith G Mills,UNKNOWN,UNKNOWN,ICML,2024
ICML-2024-A006757,Jiao He,UNKNOWN,UNKNOWN,ICML,2024
ICML-2024-A006758,Di Niu,UNKNOWN,UNKNOWN,ICML,2024
ICML-2024-A006759,Chenhao Lu,UNKNOWN,UNKNOWN,ICML,2024
ICML-2024-A006760,Ruizhe Shi,UNKNOWN,UNKNOWN,ICML,2024
ICML-2024-A006761,Yuyao Liu,UNKNOWN,UNKNOWN,ICML,2024
ICML-2024-A006762,Kaizhe Hu,UNKNOWN,UNKNOWN,ICML,2024
ICML-2024-A006763,Simon Shaolei Du,UNKNOWN,UNKNOWN,ICML,2024
ICML-2024-A006764,Huazhe Xu,UNKNOWN,UNKNOWN,ICML,2024
ICML-2024-A006765,Junxin Lu,UNKNOWN,UNKNOWN,ICML,2024
ICML-2024-A006766,Shiliang Sun,UNKNOWN,UNKNOWN,ICML,2024
ICML-2024-A006767,Haofan Lu,UNKNOWN,UNKNOWN,ICML,2024
ICML-2024-A006768,Christopher Vattheuer,UNKNOWN,UNKNOWN,ICML,2024
ICML-2024-A006769,Baharan Mirzasoleiman,UNKNOWN,UNKNOWN,ICML,2024
ICML-2024-A006770,Omid Abari,UNKNOWN,UNKNOWN,ICML,2024
ICML-2024-A006771,Zeyu Lu,UNKNOWN,UNKNOWN,ICML,2024
ICML-2024-A006772,Zidong Wang,UNKNOWN,UNKNOWN,ICML,2024
ICML-2024-A006773,Di Huang,UNKNOWN,UNKNOWN,ICML,2024
ICML-2024-A006774,Chengyue Wu,UNKNOWN,UNKNOWN,ICML,2024
ICML-2024-A006775,Xihui Liu,UNKNOWN,UNKNOWN,ICML,2024
ICML-2024-A006776,Wanli Ouyang,UNKNOWN,UNKNOWN,ICML,2024
ICML-2024-A006777,Lei Bai,UNKNOWN,UNKNOWN,ICML,2024
ICML-2024-A006778,Kejing Lu,UNKNOWN,UNKNOWN,ICML,2024
ICML-2024-A006779,Chuan Xiao,UNKNOWN,UNKNOWN,ICML,2024
ICML-2024-A006780,Yoshiharu Ishikawa,UNKNOWN,UNKNOWN,ICML,2024
ICML-2024-A006781,Yiwei Lu,UNKNOWN,UNKNOWN,ICML,2024
ICML-2024-A006782,Matthew Y. R. Yang,UNKNOWN,UNKNOWN,ICML,2024
ICML-2024-A006783,Zuoqiu Liu,UNKNOWN,UNKNOWN,ICML,2024
ICML-2024-A006784,Gautam Kamath,UNKNOWN,UNKNOWN,ICML,2024
ICML-2024-A006785,Yaoliang Yu,UNKNOWN,UNKNOWN,ICML,2024
ICML-2024-A006786,Bin Lu,UNKNOWN,UNKNOWN,ICML,2024
ICML-2024-A006787,Ze Zhao,UNKNOWN,UNKNOWN,ICML,2024
ICML-2024-A006788,Luyu Han,UNKNOWN,UNKNOWN,ICML,2024
ICML-2024-A006789,Xiaoying Gan,UNKNOWN,UNKNOWN,ICML,2024
ICML-2024-A006790,Yuntao Zhou,UNKNOWN,UNKNOWN,ICML,2024
ICML-2024-A006791,Lei Zhou,UNKNOWN,UNKNOWN,ICML,2024
ICML-2024-A006792,Luoyi Fu,UNKNOWN,UNKNOWN,ICML,2024
ICML-2024-A006793,Xinbing Wang,UNKNOWN,UNKNOWN,ICML,2024
ICML-2024-A006794,Chenghu Zhou,UNKNOWN,UNKNOWN,ICML,2024
ICML-2024-A006795,Jing Zhang,UNKNOWN,UNKNOWN,ICML,2024
ICML-2024-A006796,Sidi Lu,UNKNOWN,UNKNOWN,ICML,2024
ICML-2024-A006797,Wenbo Zhao,UNKNOWN,UNKNOWN,ICML,2024
ICML-2024-A006798,Chenyang Tao,UNKNOWN,UNKNOWN,ICML,2024
ICML-2024-A006799,Arpit Gupta,UNKNOWN,UNKNOWN,ICML,2024
ICML-2024-A006800,Shanchan Wu,UNKNOWN,UNKNOWN,ICML,2024
ICML-2024-A006801,Tagyoung Chung,UNKNOWN,UNKNOWN,ICML,2024
ICML-2024-A006802,Nanyun Peng,UNKNOWN,UNKNOWN,ICML,2024
ICML-2024-A006803,Xudong Lu,UNKNOWN,UNKNOWN,ICML,2024
ICML-2024-A006804,Aojun Zhou,UNKNOWN,UNKNOWN,ICML,2024
ICML-2024-A006805,Yuhui Xu,UNKNOWN,UNKNOWN,ICML,2024
ICML-2024-A006806,Renrui Zhang,UNKNOWN,UNKNOWN,ICML,2024
ICML-2024-A006807,Peng Gao,UNKNOWN,UNKNOWN,ICML,2024
ICML-2024-A006808,Hongsheng Li,UNKNOWN,UNKNOWN,ICML,2024
ICML-2024-A006809,Jan Ludziejewski,UNKNOWN,UNKNOWN,ICML,2024
ICML-2024-A006810,Jakub Krajewski,UNKNOWN,UNKNOWN,ICML,2024
ICML-2024-A006811,Kamil Adamczewski,UNKNOWN,UNKNOWN,ICML,2024
ICML-2024-A006812,Maciej Pióro,UNKNOWN,UNKNOWN,ICML,2024
ICML-2024-A006813,Michał Krutul,UNKNOWN,UNKNOWN,ICML,2024
ICML-2024-A006814,Szymon Antoniak,UNKNOWN,UNKNOWN,ICML,2024
ICML-2024-A006815,Kamil Ciebiera,UNKNOWN,UNKNOWN,ICML,2024
ICML-2024-A006816,Krystian Król,UNKNOWN,UNKNOWN,ICML,2024
ICML-2024-A006817,Tomasz Odrzygóźdź,UNKNOWN,UNKNOWN,ICML,2024
ICML-2024-A006818,Piotr Sankowski,UNKNOWN,UNKNOWN,ICML,2024
ICML-2024-A006819,Marek Cygan,UNKNOWN,UNKNOWN,ICML,2024
ICML-2024-A006820,Sebastian Jaszczur,UNKNOWN,UNKNOWN,ICML,2024
ICML-2024-A006821,Shitong Luo,UNKNOWN,UNKNOWN,ICML,2024
ICML-2024-A006822,Wenhao Gao,UNKNOWN,UNKNOWN,ICML,2024
ICML-2024-A006823,Zuofan Wu,UNKNOWN,UNKNOWN,ICML,2024
ICML-2024-A006824,Jian Peng,UNKNOWN,UNKNOWN,ICML,2024
ICML-2024-A006825,Connor W. Coley,UNKNOWN,UNKNOWN,ICML,2024
ICML-2024-A006826,Jianzhu Ma,UNKNOWN,UNKNOWN,ICML,2024
ICML-2024-A006827,Xiao Luo,UNKNOWN,UNKNOWN,ICML,2024
ICML-2024-A006828,Yiyang Gu,UNKNOWN,UNKNOWN,ICML,2024
ICML-2024-A006829,Huiyu Jiang,UNKNOWN,UNKNOWN,ICML,2024
ICML-2024-A006830,Hang Zhou,UNKNOWN,UNKNOWN,ICML,2024
ICML-2024-A006831,Jinsheng Huang,UNKNOWN,UNKNOWN,ICML,2024
ICML-2024-A006832,Wei Ju,UNKNOWN,UNKNOWN,ICML,2024
ICML-2024-A006833,Zhiping Xiao,UNKNOWN,UNKNOWN,ICML,2024
ICML-2024-A006834,Ming Zhang,UNKNOWN,UNKNOWN,ICML,2024
ICML-2024-A006835,Yizhou Sun,UNKNOWN,UNKNOWN,ICML,2024
ICML-2024-A006836,Zhankun Luo,UNKNOWN,UNKNOWN,ICML,2024
ICML-2024-A006837,Abolfazl Hashemi,UNKNOWN,UNKNOWN,ICML,2024
ICML-2024-A006838,Yu Luo,UNKNOWN,UNKNOWN,ICML,2024
ICML-2024-A006839,Tianying Ji,UNKNOWN,UNKNOWN,ICML,2024
ICML-2024-A006840,Fuchun Sun,UNKNOWN,UNKNOWN,ICML,2024
ICML-2024-A006841,Jianwei Zhang,UNKNOWN,UNKNOWN,ICML,2024
ICML-2024-A006842,Huazhe Xu,UNKNOWN,UNKNOWN,ICML,2024
ICML-2024-A006843,Xianyuan Zhan,UNKNOWN,UNKNOWN,ICML,2024
ICML-2024-A006844,Yu Luo,UNKNOWN,UNKNOWN,ICML,2024
ICML-2024-A006845,Tianying Ji,UNKNOWN,UNKNOWN,ICML,2024
ICML-2024-A006846,Fuchun Sun,UNKNOWN,UNKNOWN,ICML,2024
ICML-2024-A006847,Jianwei Zhang,UNKNOWN,UNKNOWN,ICML,2024
ICML-2024-A006848,Huazhe Xu,UNKNOWN,UNKNOWN,ICML,2024
ICML-2024-A006849,Xianyuan Zhan,UNKNOWN,UNKNOWN,ICML,2024
ICML-2024-A006850,Zhiyao Luo,UNKNOWN,UNKNOWN,ICML,2024
ICML-2024-A006851,Yangchen Pan,UNKNOWN,UNKNOWN,ICML,2024
ICML-2024-A006852,Peter Watkinson,UNKNOWN,UNKNOWN,ICML,2024
ICML-2024-A006853,Tingting Zhu,UNKNOWN,UNKNOWN,ICML,2024
ICML-2024-A006854,Xihaier Luo,UNKNOWN,UNKNOWN,ICML,2024
ICML-2024-A006855,Xiaoning Qian,UNKNOWN,UNKNOWN,ICML,2024
ICML-2024-A006856,Byung-Jun Yoon,UNKNOWN,UNKNOWN,ICML,2024
ICML-2024-A006857,Yunhao Luo,UNKNOWN,UNKNOWN,ICML,2024
ICML-2024-A006858,Chen Sun,UNKNOWN,UNKNOWN,ICML,2024
ICML-2024-A006859,Joshua B. Tenenbaum,UNKNOWN,UNKNOWN,ICML,2024
ICML-2024-A006860,Yilun Du,UNKNOWN,UNKNOWN,ICML,2024
ICML-2024-A006861,Jifei Luo,UNKNOWN,UNKNOWN,ICML,2024
ICML-2024-A006862,Hantao Yao,UNKNOWN,UNKNOWN,ICML,2024
ICML-2024-A006863,Changsheng Xu,UNKNOWN,UNKNOWN,ICML,2024
ICML-2024-A006864,Lirui Luo,UNKNOWN,UNKNOWN,ICML,2024
ICML-2024-A006865,Guoxi Zhang,UNKNOWN,UNKNOWN,ICML,2024
ICML-2024-A006866,Hongming Xu,UNKNOWN,UNKNOWN,ICML,2024
ICML-2024-A006867,Yaodong Yang,UNKNOWN,UNKNOWN,ICML,2024
ICML-2024-A006868,Cong Fang,UNKNOWN,UNKNOWN,ICML,2024
ICML-2024-A006869,Qing Li,UNKNOWN,UNKNOWN,ICML,2024
ICML-2024-A006870,Qi Lv,UNKNOWN,UNKNOWN,ICML,2024
ICML-2024-A006871,Hao Li,UNKNOWN,UNKNOWN,ICML,2024
ICML-2024-A006872,Xiang Deng,UNKNOWN,UNKNOWN,ICML,2024
ICML-2024-A006873,Rui Shao,UNKNOWN,UNKNOWN,ICML,2024
ICML-2024-A006874,Michael Y Wang,UNKNOWN,UNKNOWN,ICML,2024
ICML-2024-A006875,Liqiang Nie,UNKNOWN,UNKNOWN,ICML,2024
ICML-2024-A006876,Wenxi Lv,UNKNOWN,UNKNOWN,ICML,2024
ICML-2024-A006877,Qinliang Su,UNKNOWN,UNKNOWN,ICML,2024
ICML-2024-A006878,Hai Wan,UNKNOWN,UNKNOWN,ICML,2024
ICML-2024-A006879,Hongteng Xu,UNKNOWN,UNKNOWN,ICML,2024
ICML-2024-A006880,Wenchao Xu,UNKNOWN,UNKNOWN,ICML,2024
ICML-2024-A006881,Qitan Lv,UNKNOWN,UNKNOWN,ICML,2024
ICML-2024-A006882,Jie Wang,UNKNOWN,UNKNOWN,ICML,2024
ICML-2024-A006883,Hanzhu Chen,UNKNOWN,UNKNOWN,ICML,2024
ICML-2024-A006884,Bin Li,UNKNOWN,UNKNOWN,ICML,2024
ICML-2024-A006885,Yongdong Zhang,UNKNOWN,UNKNOWN,ICML,2024
ICML-2024-A006886,Feng Wu,UNKNOWN,UNKNOWN,ICML,2024
ICML-2024-A006887,Changze Lv,UNKNOWN,UNKNOWN,ICML,2024
ICML-2024-A006888,Yansen Wang,UNKNOWN,UNKNOWN,ICML,2024
ICML-2024-A006889,Dongqi Han,UNKNOWN,UNKNOWN,ICML,2024
ICML-2024-A006890,Xiaoqing Zheng,UNKNOWN,UNKNOWN,ICML,2024
ICML-2024-A006891,Xuanjing Huang,UNKNOWN,UNKNOWN,ICML,2024
ICML-2024-A006892,Dongsheng Li,UNKNOWN,UNKNOWN,ICML,2024
ICML-2024-A006893,Jiafei Lyu,UNKNOWN,UNKNOWN,ICML,2024
ICML-2024-A006894,Chenjia Bai,UNKNOWN,UNKNOWN,ICML,2024
ICML-2024-A006895,Jing-Wen Yang,UNKNOWN,UNKNOWN,ICML,2024
ICML-2024-A006896,Zongqing Lu,UNKNOWN,UNKNOWN,ICML,2024
ICML-2024-A006897,Xiu Li,UNKNOWN,UNKNOWN,ICML,2024
ICML-2024-A006898,Junlong Lyu,UNKNOWN,UNKNOWN,ICML,2024
ICML-2024-A006899,Zhitang Chen,UNKNOWN,UNKNOWN,ICML,2024
ICML-2024-A006900,Shoubo Feng,UNKNOWN,UNKNOWN,ICML,2024
ICML-2024-A006901,Xinyu Ma,UNKNOWN,UNKNOWN,ICML,2024
ICML-2024-A006902,Xu Chu,UNKNOWN,UNKNOWN,ICML,2024
ICML-2024-A006903,Zhibang Yang,UNKNOWN,UNKNOWN,ICML,2024
ICML-2024-A006904,Yang Lin,UNKNOWN,UNKNOWN,ICML,2024
ICML-2024-A006905,Xin Gao,UNKNOWN,UNKNOWN,ICML,2024
ICML-2024-A006906,Junfeng Zhao,UNKNOWN,UNKNOWN,ICML,2024
ICML-2024-A006907,Yi Ma,UNKNOWN,UNKNOWN,ICML,2024
ICML-2024-A006908,Jianye Hao,UNKNOWN,UNKNOWN,ICML,2024
ICML-2024-A006909,Hebin Liang,UNKNOWN,UNKNOWN,ICML,2024
ICML-2024-A006910,Chenjun Xiao,UNKNOWN,UNKNOWN,ICML,2024
ICML-2024-A006911,Yuheng Ma,UNKNOWN,UNKNOWN,ICML,2024
ICML-2024-A006912,Ke Jia,UNKNOWN,UNKNOWN,ICML,2024
ICML-2024-A006913,Hanfang Yang,UNKNOWN,UNKNOWN,ICML,2024
ICML-2024-A006914,Wenxuan Ma,UNKNOWN,UNKNOWN,ICML,2024
ICML-2024-A006915,Shuang Li,UNKNOWN,UNKNOWN,ICML,2024
ICML-2024-A006916,Lincan Cai,UNKNOWN,UNKNOWN,ICML,2024
ICML-2024-A006917,Jingxuan Kang,UNKNOWN,UNKNOWN,ICML,2024
ICML-2024-A006918,Mengmeng Ma,UNKNOWN,UNKNOWN,ICML,2024
ICML-2024-A006919,Tang Li,UNKNOWN,UNKNOWN,ICML,2024
ICML-2024-A006920,Xi Peng,UNKNOWN,UNKNOWN,ICML,2024
ICML-2024-A006921,Yuexiao Ma,UNKNOWN,UNKNOWN,ICML,2024
ICML-2024-A006922,Huixia Li,UNKNOWN,UNKNOWN,ICML,2024
ICML-2024-A006923,Xiawu Zheng,UNKNOWN,UNKNOWN,ICML,2024
ICML-2024-A006924,Feng Ling,UNKNOWN,UNKNOWN,ICML,2024
ICML-2024-A006925,Xuefeng Xiao,UNKNOWN,UNKNOWN,ICML,2024
ICML-2024-A006926,Rui Wang,UNKNOWN,UNKNOWN,ICML,2024
ICML-2024-A006927,Shilei Wen,UNKNOWN,UNKNOWN,ICML,2024
ICML-2024-A006928,Fei Chao,UNKNOWN,UNKNOWN,ICML,2024
ICML-2024-A006929,Rongrong Ji,UNKNOWN,UNKNOWN,ICML,2024
ICML-2024-A006930,Yiwei Ma,UNKNOWN,UNKNOWN,ICML,2024
ICML-2024-A006931,Zhekai Lin,UNKNOWN,UNKNOWN,ICML,2024
ICML-2024-A006932,Jiayi Ji,UNKNOWN,UNKNOWN,ICML,2024
ICML-2024-A006933,Yijun Fan,UNKNOWN,UNKNOWN,ICML,2024
ICML-2024-A006934,Xiaoshuai Sun,UNKNOWN,UNKNOWN,ICML,2024
ICML-2024-A006935,Rongrong Ji,UNKNOWN,UNKNOWN,ICML,2024
ICML-2024-A006936,Jun-Yu Ma,UNKNOWN,UNKNOWN,ICML,2024
ICML-2024-A006937,Zhen-Hua Ling,UNKNOWN,UNKNOWN,ICML,2024
ICML-2024-A006938,Ningyu Zhang,UNKNOWN,UNKNOWN,ICML,2024
ICML-2024-A006939,Jia-Chen Gu,UNKNOWN,UNKNOWN,ICML,2024
ICML-2024-A006940,Michel Ma,UNKNOWN,UNKNOWN,ICML,2024
ICML-2024-A006941,Tianwei Ni,UNKNOWN,UNKNOWN,ICML,2024
ICML-2024-A006942,Clement Gehring,UNKNOWN,UNKNOWN,ICML,2024
ICML-2024-A006943,Pierluca D’Oro,UNKNOWN,UNKNOWN,ICML,2024
ICML-2024-A006944,Pierre-Luc Bacon,UNKNOWN,UNKNOWN,ICML,2024
ICML-2024-A006945,Xutao Ma,UNKNOWN,UNKNOWN,ICML,2024
ICML-2024-A006946,Chao Ning,UNKNOWN,UNKNOWN,ICML,2024
ICML-2024-A006947,Wenli Du,UNKNOWN,UNKNOWN,ICML,2024
ICML-2024-A006948,Liheng Ma,UNKNOWN,UNKNOWN,ICML,2024
ICML-2024-A006949,Soumyasundar Pal,UNKNOWN,UNKNOWN,ICML,2024
ICML-2024-A006950,Yitian Zhang,UNKNOWN,UNKNOWN,ICML,2024
ICML-2024-A006951,Jiaming Zhou,UNKNOWN,UNKNOWN,ICML,2024
ICML-2024-A006952,Yingxue Zhang,UNKNOWN,UNKNOWN,ICML,2024
ICML-2024-A006953,Mark Coates,UNKNOWN,UNKNOWN,ICML,2024
ICML-2024-A006954,Haozhe Ma,UNKNOWN,UNKNOWN,ICML,2024
ICML-2024-A006955,Kuankuan Sima,UNKNOWN,UNKNOWN,ICML,2024
ICML-2024-A006956,Thanh Vinh Vo,UNKNOWN,UNKNOWN,ICML,2024
ICML-2024-A006957,Di Fu,UNKNOWN,UNKNOWN,ICML,2024
ICML-2024-A006958,Tze-Yun Leong,UNKNOWN,UNKNOWN,ICML,2024
ICML-2024-A006959,Pingchuan Ma,UNKNOWN,UNKNOWN,ICML,2024
ICML-2024-A006960,Tsun-Hsuan Wang,UNKNOWN,UNKNOWN,ICML,2024
ICML-2024-A006961,Minghao Guo,UNKNOWN,UNKNOWN,ICML,2024
ICML-2024-A006962,Zhiqing Sun,UNKNOWN,UNKNOWN,ICML,2024
ICML-2024-A006963,Joshua B. Tenenbaum,UNKNOWN,UNKNOWN,ICML,2024
ICML-2024-A006964,Daniela Rus,UNKNOWN,UNKNOWN,ICML,2024
ICML-2024-A006965,Chuang Gan,UNKNOWN,UNKNOWN,ICML,2024
ICML-2024-A006966,Wojciech Matusik,UNKNOWN,UNKNOWN,ICML,2024
ICML-2024-A006967,Long Ma,UNKNOWN,UNKNOWN,ICML,2024
ICML-2024-A006968,Yuanfei Wang,UNKNOWN,UNKNOWN,ICML,2024
ICML-2024-A006969,Fangwei Zhong,UNKNOWN,UNKNOWN,ICML,2024
ICML-2024-A006970,Song-Chun Zhu,UNKNOWN,UNKNOWN,ICML,2024
ICML-2024-A006971,Yizhou Wang,UNKNOWN,UNKNOWN,ICML,2024
ICML-2024-A006972,Haoyu Ma,UNKNOWN,UNKNOWN,ICML,2024
ICML-2024-A006973,Jialong Wu,UNKNOWN,UNKNOWN,ICML,2024
ICML-2024-A006974,Ningya Feng,UNKNOWN,UNKNOWN,ICML,2024
ICML-2024-A006975,Chenjun Xiao,UNKNOWN,UNKNOWN,ICML,2024
ICML-2024-A006976,Dong Li,UNKNOWN,UNKNOWN,ICML,2024
ICML-2024-A006977,Jianye Hao,UNKNOWN,UNKNOWN,ICML,2024
ICML-2024-A006978,Jianmin Wang,UNKNOWN,UNKNOWN,ICML,2024
ICML-2024-A006979,Mingsheng Long,UNKNOWN,UNKNOWN,ICML,2024
ICML-2024-A006980,Wanteng Ma,UNKNOWN,UNKNOWN,ICML,2024
ICML-2024-A006981,Dong Xia,UNKNOWN,UNKNOWN,ICML,2024
ICML-2024-A006982,Jiashuo Jiang,UNKNOWN,UNKNOWN,ICML,2024
ICML-2024-A006983,Ziping Ma,UNKNOWN,UNKNOWN,ICML,2024
ICML-2024-A006984,Furong Xu,UNKNOWN,UNKNOWN,ICML,2024
ICML-2024-A006985,Jian Liu,UNKNOWN,UNKNOWN,ICML,2024
ICML-2024-A006986,Ming Yang,UNKNOWN,UNKNOWN,ICML,2024
ICML-2024-A006987,Qingpei Guo,UNKNOWN,UNKNOWN,ICML,2024
ICML-2024-A006988,Jiajun Ma,UNKNOWN,UNKNOWN,ICML,2024
ICML-2024-A006989,Shuchen Xue,UNKNOWN,UNKNOWN,ICML,2024
ICML-2024-A006990,Tianyang Hu,UNKNOWN,UNKNOWN,ICML,2024
ICML-2024-A006991,Wenjia Wang,UNKNOWN,UNKNOWN,ICML,2024
ICML-2024-A006992,Zhaoqiang Liu,UNKNOWN,UNKNOWN,ICML,2024
ICML-2024-A006993,Zhenguo Li,UNKNOWN,UNKNOWN,ICML,2024
ICML-2024-A006994,Zhi-Ming Ma,UNKNOWN,UNKNOWN,ICML,2024
ICML-2024-A006995,Kenji Kawaguchi,UNKNOWN,UNKNOWN,ICML,2024
ICML-2024-A006996,Yiyang Ma,UNKNOWN,UNKNOWN,ICML,2024
ICML-2024-A006997,Wenhan Yang,UNKNOWN,UNKNOWN,ICML,2024
ICML-2024-A006998,Jiaying Liu,UNKNOWN,UNKNOWN,ICML,2024
ICML-2024-A006999,Xinsong Ma,UNKNOWN,UNKNOWN,ICML,2024
ICML-2024-A007000,Xin Zou,UNKNOWN,UNKNOWN,ICML,2024
ICML-2024-A007001,Weiwei Liu,UNKNOWN,UNKNOWN,ICML,2024
ICML-2024-A007002,Gautam Machiraju,UNKNOWN,UNKNOWN,ICML,2024
ICML-2024-A007003,Alexander Derry,UNKNOWN,UNKNOWN,ICML,2024
ICML-2024-A007004,Arjun D Desai,UNKNOWN,UNKNOWN,ICML,2024
ICML-2024-A007005,Neel Guha,UNKNOWN,UNKNOWN,ICML,2024
ICML-2024-A007006,Amir-Hossein Karimi,UNKNOWN,UNKNOWN,ICML,2024
ICML-2024-A007007,James Zou,UNKNOWN,UNKNOWN,ICML,2024
ICML-2024-A007008,Russ B Altman,UNKNOWN,UNKNOWN,ICML,2024
ICML-2024-A007009,Christopher Re,UNKNOWN,UNKNOWN,ICML,2024
ICML-2024-A007010,Parag Mallick,UNKNOWN,UNKNOWN,ICML,2024
ICML-2024-A007011,Hiren Madhu,UNKNOWN,UNKNOWN,ICML,2024
ICML-2024-A007012,Sravanthi Gurugubelli,UNKNOWN,UNKNOWN,ICML,2024
ICML-2024-A007013,Sundeep Prabhakar Chepuri,UNKNOWN,UNKNOWN,ICML,2024
ICML-2024-A007014,Andreas Madsen,UNKNOWN,UNKNOWN,ICML,2024
ICML-2024-A007015,Siva Reddy,UNKNOWN,UNKNOWN,ICML,2024
ICML-2024-A007016,Sarath Chandar,UNKNOWN,UNKNOWN,ICML,2024
ICML-2024-A007017,Jaron Maene,UNKNOWN,UNKNOWN,ICML,2024
ICML-2024-A007018,Vincent Derkinderen,UNKNOWN,UNKNOWN,ICML,2024
ICML-2024-A007019,Luc De Raedt,UNKNOWN,UNKNOWN,ICML,2024
ICML-2024-A007020,Srinath V. Mahankali,UNKNOWN,UNKNOWN,ICML,2024
ICML-2024-A007021,Zhang-Wei Hong,UNKNOWN,UNKNOWN,ICML,2024
ICML-2024-A007022,Ayush Sekhari,UNKNOWN,UNKNOWN,ICML,2024
ICML-2024-A007023,Alexander Rakhlin,UNKNOWN,UNKNOWN,ICML,2024
ICML-2024-A007024,Pulkit Agrawal,UNKNOWN,UNKNOWN,ICML,2024
ICML-2024-A007025,Yannik Mahlau,UNKNOWN,UNKNOWN,ICML,2024
ICML-2024-A007026,Frederik Schubert,UNKNOWN,UNKNOWN,ICML,2024
ICML-2024-A007027,Bodo Rosenhahn,UNKNOWN,UNKNOWN,ICML,2024
ICML-2024-A007028,Peihua Mai,UNKNOWN,UNKNOWN,ICML,2024
ICML-2024-A007029,Ran Yan,UNKNOWN,UNKNOWN,ICML,2024
ICML-2024-A007030,Zhe Huang,UNKNOWN,UNKNOWN,ICML,2024
ICML-2024-A007031,Youjia Yang,UNKNOWN,UNKNOWN,ICML,2024
ICML-2024-A007032,Yan Pang,UNKNOWN,UNKNOWN,ICML,2024
ICML-2024-A007033,Felipe Maia Polo,UNKNOWN,UNKNOWN,ICML,2024
ICML-2024-A007034,Lucas Weber,UNKNOWN,UNKNOWN,ICML,2024
ICML-2024-A007035,Leshem Choshen,UNKNOWN,UNKNOWN,ICML,2024
ICML-2024-A007036,Yuekai Sun,UNKNOWN,UNKNOWN,ICML,2024
ICML-2024-A007037,Gongjun Xu,UNKNOWN,UNKNOWN,ICML,2024
ICML-2024-A007038,Mikhail Yurochkin,UNKNOWN,UNKNOWN,ICML,2024
ICML-2024-A007039,Anay Majee,UNKNOWN,UNKNOWN,ICML,2024
ICML-2024-A007040,Suraj Nandkishor Kothawade,UNKNOWN,UNKNOWN,ICML,2024
ICML-2024-A007041,Krishnateja Killamsetty,UNKNOWN,UNKNOWN,ICML,2024
ICML-2024-A007042,Rishabh K Iyer,UNKNOWN,UNKNOWN,ICML,2024
ICML-2024-A007043,Bodhisattwa Prasad Majumder,UNKNOWN,UNKNOWN,ICML,2024
ICML-2024-A007044,Harshit Surana,UNKNOWN,UNKNOWN,ICML,2024
ICML-2024-A007045,Dhruv Agarwal,UNKNOWN,UNKNOWN,ICML,2024
ICML-2024-A007046,Sanchaita Hazra,UNKNOWN,UNKNOWN,ICML,2024
ICML-2024-A007047,Ashish Sabharwal,UNKNOWN,UNKNOWN,ICML,2024
ICML-2024-A007048,Peter Clark,UNKNOWN,UNKNOWN,ICML,2024
ICML-2024-A007049,Ashok Vardhan Makkuva,UNKNOWN,UNKNOWN,ICML,2024
ICML-2024-A007050,Marco Bondaschi,UNKNOWN,UNKNOWN,ICML,2024
ICML-2024-A007051,Thijs Vogels,UNKNOWN,UNKNOWN,ICML,2024
ICML-2024-A007052,Martin Jaggi,UNKNOWN,UNKNOWN,ICML,2024
ICML-2024-A007053,Hyeji Kim,UNKNOWN,UNKNOWN,ICML,2024
ICML-2024-A007054,Michael Gastpar,UNKNOWN,UNKNOWN,ICML,2024
ICML-2024-A007055,Eran Malach,UNKNOWN,UNKNOWN,ICML,2024
ICML-2024-A007056,Mikel Malagon,UNKNOWN,UNKNOWN,ICML,2024
ICML-2024-A007057,Josu Ceberio,UNKNOWN,UNKNOWN,ICML,2024
ICML-2024-A007058,Jose A. Lozano,UNKNOWN,UNKNOWN,ICML,2024
ICML-2024-A007059,Saber Malekmohammadi,UNKNOWN,UNKNOWN,ICML,2024
ICML-2024-A007060,Yaoliang Yu,UNKNOWN,UNKNOWN,ICML,2024
ICML-2024-A007061,Yang Cao,UNKNOWN,UNKNOWN,ICML,2024
ICML-2024-A007062,Cedric Malherbe,UNKNOWN,UNKNOWN,ICML,2024
ICML-2024-A007063,Emilio Domı́nguez-Sánchez,UNKNOWN,UNKNOWN,ICML,2024
ICML-2024-A007064,Merwan Barlier,UNKNOWN,UNKNOWN,ICML,2024
ICML-2024-A007065,Igor Colin,UNKNOWN,UNKNOWN,ICML,2024
ICML-2024-A007066,Haitham Bou Ammar,UNKNOWN,UNKNOWN,ICML,2024
ICML-2024-A007067,Tom Diethe,UNKNOWN,UNKNOWN,ICML,2024
ICML-2024-A007068,Srikanth Malla,UNKNOWN,UNKNOWN,ICML,2024
ICML-2024-A007069,Joon Hee Choi,UNKNOWN,UNKNOWN,ICML,2024
ICML-2024-A007070,Chiho Choi,UNKNOWN,UNKNOWN,ICML,2024
ICML-2024-A007071,Neil Rohit Mallinar,UNKNOWN,UNKNOWN,ICML,2024
ICML-2024-A007072,Austin Zane,UNKNOWN,UNKNOWN,ICML,2024
ICML-2024-A007073,Spencer Frei,UNKNOWN,UNKNOWN,ICML,2024
ICML-2024-A007074,Bin Yu,UNKNOWN,UNKNOWN,ICML,2024
ICML-2024-A007075,Stefano Sarao Mannelli,UNKNOWN,UNKNOWN,ICML,2024
ICML-2024-A007076,Yaraslau Ivashynka,UNKNOWN,UNKNOWN,ICML,2024
ICML-2024-A007077,Andrew M Saxe,UNKNOWN,UNKNOWN,ICML,2024
ICML-2024-A007078,Luca Saglietti,UNKNOWN,UNKNOWN,ICML,2024
ICML-2024-A007079,Hila Manor,UNKNOWN,UNKNOWN,ICML,2024
ICML-2024-A007080,Tomer Michaeli,UNKNOWN,UNKNOWN,ICML,2024
ICML-2024-A007081,Piyushi Manupriya,UNKNOWN,UNKNOWN,ICML,2024
ICML-2024-A007082,Pratik Jawanpuria,UNKNOWN,UNKNOWN,ICML,2024
ICML-2024-A007083,Karthik S. Gurumoorthy,UNKNOWN,UNKNOWN,ICML,2024
ICML-2024-A007084,Sakethanath Jagarlapudi,UNKNOWN,UNKNOWN,ICML,2024
ICML-2024-A007085,Bamdev Mishra,UNKNOWN,UNKNOWN,ICML,2024
ICML-2024-A007086,Rohin Manvi,UNKNOWN,UNKNOWN,ICML,2024
ICML-2024-A007087,Samar Khanna,UNKNOWN,UNKNOWN,ICML,2024
ICML-2024-A007088,Marshall Burke,UNKNOWN,UNKNOWN,ICML,2024
ICML-2024-A007089,David B. Lobell,UNKNOWN,UNKNOWN,ICML,2024
ICML-2024-A007090,Stefano Ermon,UNKNOWN,UNKNOWN,ICML,2024
ICML-2024-A007091,Haitao Mao,UNKNOWN,UNKNOWN,ICML,2024
ICML-2024-A007092,Zhikai Chen,UNKNOWN,UNKNOWN,ICML,2024
ICML-2024-A007093,Wenzhuo Tang,UNKNOWN,UNKNOWN,ICML,2024
ICML-2024-A007094,Jianan Zhao,UNKNOWN,UNKNOWN,ICML,2024
ICML-2024-A007095,Yao Ma,UNKNOWN,UNKNOWN,ICML,2024
ICML-2024-A007096,Tong Zhao,UNKNOWN,UNKNOWN,ICML,2024
ICML-2024-A007097,Neil Shah,UNKNOWN,UNKNOWN,ICML,2024
ICML-2024-A007098,Mikhail Galkin,UNKNOWN,UNKNOWN,ICML,2024
ICML-2024-A007099,Jiliang Tang,UNKNOWN,UNKNOWN,ICML,2024
ICML-2024-A007100,Chenkai Mao,UNKNOWN,UNKNOWN,ICML,2024
ICML-2024-A007101,Robert Lupoiu,UNKNOWN,UNKNOWN,ICML,2024
ICML-2024-A007102,Tianxiang Dai,UNKNOWN,UNKNOWN,ICML,2024
ICML-2024-A007103,Mingkun Chen,UNKNOWN,UNKNOWN,ICML,2024
ICML-2024-A007104,Jonathan Fan,UNKNOWN,UNKNOWN,ICML,2024
ICML-2024-A007105,Anqi Mao,UNKNOWN,UNKNOWN,ICML,2024
ICML-2024-A007106,Mehryar Mohri,UNKNOWN,UNKNOWN,ICML,2024
ICML-2024-A007107,Yutao Zhong,UNKNOWN,UNKNOWN,ICML,2024
ICML-2024-A007108,Anqi Mao,UNKNOWN,UNKNOWN,ICML,2024
ICML-2024-A007109,Mehryar Mohri,UNKNOWN,UNKNOWN,ICML,2024
ICML-2024-A007110,Yutao Zhong,UNKNOWN,UNKNOWN,ICML,2024
ICML-2024-A007111,Davide Maran,UNKNOWN,UNKNOWN,ICML,2024
ICML-2024-A007112,Alberto Maria Metelli,UNKNOWN,UNKNOWN,ICML,2024
ICML-2024-A007113,Matteo Papini,UNKNOWN,UNKNOWN,ICML,2024
ICML-2024-A007114,Marcello Restelli,UNKNOWN,UNKNOWN,ICML,2024
ICML-2024-A007115,Sibylle Marcotte,UNKNOWN,UNKNOWN,ICML,2024
ICML-2024-A007116,Rémi Gribonval,UNKNOWN,UNKNOWN,ICML,2024
ICML-2024-A007117,Gabriel Peyré,UNKNOWN,UNKNOWN,ICML,2024
ICML-2024-A007118,Nicola Mariella,UNKNOWN,UNKNOWN,ICML,2024
ICML-2024-A007119,Albert Akhriev,UNKNOWN,UNKNOWN,ICML,2024
ICML-2024-A007120,Francesco Tacchino,UNKNOWN,UNKNOWN,ICML,2024
ICML-2024-A007121,Christa Zoufal,UNKNOWN,UNKNOWN,ICML,2024
ICML-2024-A007122,Juan Carlos Gonzalez-Espitia,UNKNOWN,UNKNOWN,ICML,2024
ICML-2024-A007123,Benedek Harsanyi,UNKNOWN,UNKNOWN,ICML,2024
ICML-2024-A007124,Eugene Koskin,UNKNOWN,UNKNOWN,ICML,2024
ICML-2024-A007125,Ivano Tavernelli,UNKNOWN,UNKNOWN,ICML,2024
ICML-2024-A007126,Stefan Woerner,UNKNOWN,UNKNOWN,ICML,2024
ICML-2024-A007127,Marianna Rapsomaniki,UNKNOWN,UNKNOWN,ICML,2024
ICML-2024-A007128,Sergiy Zhuk,UNKNOWN,UNKNOWN,ICML,2024
ICML-2024-A007129,Jannis Born,UNKNOWN,UNKNOWN,ICML,2024
ICML-2024-A007130,Ivan Marisca,UNKNOWN,UNKNOWN,ICML,2024
ICML-2024-A007131,Cesare Alippi,UNKNOWN,UNKNOWN,ICML,2024
ICML-2024-A007132,Filippo Maria Bianchi,UNKNOWN,UNKNOWN,ICML,2024
ICML-2024-A007133,Yosra Marnissi,UNKNOWN,UNKNOWN,ICML,2024
ICML-2024-A007134,Maxime Leiber,UNKNOWN,UNKNOWN,ICML,2024
ICML-2024-A007135,Flavio Martinelli,UNKNOWN,UNKNOWN,ICML,2024
ICML-2024-A007136,Berfin Simsek,UNKNOWN,UNKNOWN,ICML,2024
ICML-2024-A007137,Wulfram Gerstner,UNKNOWN,UNKNOWN,ICML,2024
ICML-2024-A007138,Johanni Brea,UNKNOWN,UNKNOWN,ICML,2024
ICML-2024-A007139,David Martı́nez-Rubio,UNKNOWN,UNKNOWN,ICML,2024
ICML-2024-A007140,Christophe Roux,UNKNOWN,UNKNOWN,ICML,2024
ICML-2024-A007141,Sebastian Pokutta,UNKNOWN,UNKNOWN,ICML,2024
ICML-2024-A007142,Laura Marusich,UNKNOWN,UNKNOWN,ICML,2024
ICML-2024-A007143,Jonathan Bakdash,UNKNOWN,UNKNOWN,ICML,2024
ICML-2024-A007144,Yan Zhou,UNKNOWN,UNKNOWN,ICML,2024
ICML-2024-A007145,Murat Kantarcioglu,UNKNOWN,UNKNOWN,ICML,2024
ICML-2024-A007146,Reda Marzouk,UNKNOWN,UNKNOWN,ICML,2024
ICML-2024-A007147,Colin De La Higuera,UNKNOWN,UNKNOWN,ICML,2024
ICML-2024-A007148,Luca Masserano,UNKNOWN,UNKNOWN,ICML,2024
ICML-2024-A007149,Alexander Shen,UNKNOWN,UNKNOWN,ICML,2024
ICML-2024-A007150,Michele Doro,UNKNOWN,UNKNOWN,ICML,2024
ICML-2024-A007151,Tommaso Dorigo,UNKNOWN,UNKNOWN,ICML,2024
ICML-2024-A007152,Rafael Izbicki,UNKNOWN,UNKNOWN,ICML,2024
ICML-2024-A007153,Ann B. Lee,UNKNOWN,UNKNOWN,ICML,2024
ICML-2024-A007154,Pierre-François Massiani,UNKNOWN,UNKNOWN,ICML,2024
ICML-2024-A007155,Sebastian Trimpe,UNKNOWN,UNKNOWN,ICML,2024
ICML-2024-A007156,Friedrich Solowjow,UNKNOWN,UNKNOWN,ICML,2024
ICML-2024-A007157,Alessandro Mastrototaro,UNKNOWN,UNKNOWN,ICML,2024
ICML-2024-A007158,Jimmy Olsson,UNKNOWN,UNKNOWN,ICML,2024
ICML-2024-A007159,Alan L. S. Matias,UNKNOWN,UNKNOWN,ICML,2024
ICML-2024-A007160,César Lincoln Mattos,UNKNOWN,UNKNOWN,ICML,2024
ICML-2024-A007161,João Paulo Pordeus Gomes,UNKNOWN,UNKNOWN,ICML,2024
ICML-2024-A007162,Diego Mesquita,UNKNOWN,UNKNOWN,ICML,2024
ICML-2024-A007163,Paul Mattes,UNKNOWN,UNKNOWN,ICML,2024
ICML-2024-A007164,Rainer Schlosser,UNKNOWN,UNKNOWN,ICML,2024
ICML-2024-A007165,Ralf Herbrich,UNKNOWN,UNKNOWN,ICML,2024
ICML-2024-A007166,Michael Matthews,UNKNOWN,UNKNOWN,ICML,2024
ICML-2024-A007167,Michael Beukman,UNKNOWN,UNKNOWN,ICML,2024
ICML-2024-A007168,Benjamin Ellis,UNKNOWN,UNKNOWN,ICML,2024
ICML-2024-A007169,Mikayel Samvelyan,UNKNOWN,UNKNOWN,ICML,2024
ICML-2024-A007170,Matthew Thomas Jackson,UNKNOWN,UNKNOWN,ICML,2024
ICML-2024-A007171,Samuel Coward,UNKNOWN,UNKNOWN,ICML,2024
ICML-2024-A007172,Jakob Nicolaus Foerster,UNKNOWN,UNKNOWN,ICML,2024
ICML-2024-A007173,Aimee Maurais,UNKNOWN,UNKNOWN,ICML,2024
ICML-2024-A007174,Youssef Marzouk,UNKNOWN,UNKNOWN,ICML,2024
ICML-2024-A007175,Natalie Maus,UNKNOWN,UNKNOWN,ICML,2024
ICML-2024-A007176,Zhiyuan Jerry Lin,UNKNOWN,UNKNOWN,ICML,2024
ICML-2024-A007177,Maximilian Balandat,UNKNOWN,UNKNOWN,ICML,2024
ICML-2024-A007178,Eytan Bakshy,UNKNOWN,UNKNOWN,ICML,2024
ICML-2024-A007179,Mantas Mazeika,UNKNOWN,UNKNOWN,ICML,2024
ICML-2024-A007180,Long Phan,UNKNOWN,UNKNOWN,ICML,2024
ICML-2024-A007181,Xuwang Yin,UNKNOWN,UNKNOWN,ICML,2024
ICML-2024-A007182,Andy Zou,UNKNOWN,UNKNOWN,ICML,2024
ICML-2024-A007183,Zifan Wang,UNKNOWN,UNKNOWN,ICML,2024
ICML-2024-A007184,Norman Mu,UNKNOWN,UNKNOWN,ICML,2024
ICML-2024-A007185,Elham Sakhaee,UNKNOWN,UNKNOWN,ICML,2024
ICML-2024-A007186,Nathaniel Li,UNKNOWN,UNKNOWN,ICML,2024
ICML-2024-A007187,Steven Basart,UNKNOWN,UNKNOWN,ICML,2024
ICML-2024-A007188,Bo Li,UNKNOWN,UNKNOWN,ICML,2024
ICML-2024-A007189,David Forsyth,UNKNOWN,UNKNOWN,ICML,2024
ICML-2024-A007190,Dan Hendrycks,UNKNOWN,UNKNOWN,ICML,2024
ICML-2024-A007191,Hanna Mazzawi,UNKNOWN,UNKNOWN,ICML,2024
ICML-2024-A007192,Javier Gonzalvo,UNKNOWN,UNKNOWN,ICML,2024
ICML-2024-A007193,Michael Wunder,UNKNOWN,UNKNOWN,ICML,2024
ICML-2024-A007194,Sammy Jerome,UNKNOWN,UNKNOWN,ICML,2024
ICML-2024-A007195,Benoit Dherin,UNKNOWN,UNKNOWN,ICML,2024
ICML-2024-A007196,Samuel Mccauley,UNKNOWN,UNKNOWN,ICML,2024
ICML-2024-A007197,Benjamin Moseley,UNKNOWN,UNKNOWN,ICML,2024
ICML-2024-A007198,Aidin Niaparast,UNKNOWN,UNKNOWN,ICML,2024
ICML-2024-A007199,Shikha Singh,UNKNOWN,UNKNOWN,ICML,2024
ICML-2024-A007200,Daniel Mcduff,UNKNOWN,UNKNOWN,ICML,2024
ICML-2024-A007201,Tim Korjakow,UNKNOWN,UNKNOWN,ICML,2024
ICML-2024-A007202,Scott Cambo,UNKNOWN,UNKNOWN,ICML,2024
ICML-2024-A007203,Jesse Josua Benjamin,UNKNOWN,UNKNOWN,ICML,2024
ICML-2024-A007204,Jenny Lee,UNKNOWN,UNKNOWN,ICML,2024
ICML-2024-A007205,Yacine Jernite,UNKNOWN,UNKNOWN,ICML,2024
ICML-2024-A007206,Carlos Muñoz Ferrandis,UNKNOWN,UNKNOWN,ICML,2024
ICML-2024-A007207,Aaron Gokaslan,UNKNOWN,UNKNOWN,ICML,2024
ICML-2024-A007208,Alek Tarkowski,UNKNOWN,UNKNOWN,ICML,2024
ICML-2024-A007209,Joseph Lindley,UNKNOWN,UNKNOWN,ICML,2024
ICML-2024-A007210,A. Feder Cooper,UNKNOWN,UNKNOWN,ICML,2024
ICML-2024-A007211,Danish Contractor,UNKNOWN,UNKNOWN,ICML,2024
ICML-2024-A007212,Jeremy Mcmahan,UNKNOWN,UNKNOWN,ICML,2024
ICML-2024-A007213,Giovanni Artiglio,UNKNOWN,UNKNOWN,ICML,2024
ICML-2024-A007214,Qiaomin Xie,UNKNOWN,UNKNOWN,ICML,2024
ICML-2024-A007215,Matthieu Meeus,UNKNOWN,UNKNOWN,ICML,2024
ICML-2024-A007216,Igor Shilov,UNKNOWN,UNKNOWN,ICML,2024
ICML-2024-A007217,Manuel Faysse,UNKNOWN,UNKNOWN,ICML,2024
ICML-2024-A007218,Yves-Alexandre De Montjoye,UNKNOWN,UNKNOWN,ICML,2024
ICML-2024-A007219,Luke Melas-Kyriazi,UNKNOWN,UNKNOWN,ICML,2024
ICML-2024-A007220,Iro Laina,UNKNOWN,UNKNOWN,ICML,2024
ICML-2024-A007221,Christian Rupprecht,UNKNOWN,UNKNOWN,ICML,2024
ICML-2024-A007222,Natalia Neverova,UNKNOWN,UNKNOWN,ICML,2024
ICML-2024-A007223,Andrea Vedaldi,UNKNOWN,UNKNOWN,ICML,2024
ICML-2024-A007224,Oran Gafni,UNKNOWN,UNKNOWN,ICML,2024
ICML-2024-A007225,Filippos Kokkinos,UNKNOWN,UNKNOWN,ICML,2024
ICML-2024-A007226,Pavlo Melnyk,UNKNOWN,UNKNOWN,ICML,2024
ICML-2024-A007227,Michael Felsberg,UNKNOWN,UNKNOWN,ICML,2024
ICML-2024-A007228,Mårten Wadenbäck,UNKNOWN,UNKNOWN,ICML,2024
ICML-2024-A007229,Andreas Robinson,UNKNOWN,UNKNOWN,ICML,2024
ICML-2024-A007230,Cuong Le,UNKNOWN,UNKNOWN,ICML,2024
ICML-2024-A007231,Eva Memmel,UNKNOWN,UNKNOWN,ICML,2024
ICML-2024-A007232,Clara Menzen,UNKNOWN,UNKNOWN,ICML,2024
ICML-2024-A007233,Jetze Schuurmans,UNKNOWN,UNKNOWN,ICML,2024
ICML-2024-A007234,Frederiek Wesel,UNKNOWN,UNKNOWN,ICML,2024
ICML-2024-A007235,Kim Batselier,UNKNOWN,UNKNOWN,ICML,2024
ICML-2024-A007236,Xiang Meng,UNKNOWN,UNKNOWN,ICML,2024
ICML-2024-A007237,Shibal Ibrahim,UNKNOWN,UNKNOWN,ICML,2024
ICML-2024-A007238,Kayhan Behdin,UNKNOWN,UNKNOWN,ICML,2024
ICML-2024-A007239,Hussein Hazimeh,UNKNOWN,UNKNOWN,ICML,2024
ICML-2024-A007240,Natalia Ponomareva,UNKNOWN,UNKNOWN,ICML,2024
ICML-2024-A007241,Rahul Mazumder,UNKNOWN,UNKNOWN,ICML,2024
ICML-2024-A007242,Yiming Meng,UNKNOWN,UNKNOWN,ICML,2024
ICML-2024-A007243,Ruikun Zhou,UNKNOWN,UNKNOWN,ICML,2024
ICML-2024-A007244,Amartya Mukherjee,UNKNOWN,UNKNOWN,ICML,2024
ICML-2024-A007245,Maxwell Fitzsimmons,UNKNOWN,UNKNOWN,ICML,2024
ICML-2024-A007246,Christopher Song,UNKNOWN,UNKNOWN,ICML,2024
ICML-2024-A007247,Jun Liu,UNKNOWN,UNKNOWN,ICML,2024
ICML-2024-A007248,Xuran Meng,UNKNOWN,UNKNOWN,ICML,2024
ICML-2024-A007249,Difan Zou,UNKNOWN,UNKNOWN,ICML,2024
ICML-2024-A007250,Yuan Cao,UNKNOWN,UNKNOWN,ICML,2024
ICML-2024-A007251,Pierre Mergny,UNKNOWN,UNKNOWN,ICML,2024
ICML-2024-A007252,Justin Ko,UNKNOWN,UNKNOWN,ICML,2024
ICML-2024-A007253,Florent Krzakala,UNKNOWN,UNKNOWN,ICML,2024
ICML-2024-A007254,William Merrill,UNKNOWN,UNKNOWN,ICML,2024
ICML-2024-A007255,Jackson Petty,UNKNOWN,UNKNOWN,ICML,2024
ICML-2024-A007256,Ashish Sabharwal,UNKNOWN,UNKNOWN,ICML,2024
ICML-2024-A007257,Thomas Merth,UNKNOWN,UNKNOWN,ICML,2024
ICML-2024-A007258,Qichen Fu,UNKNOWN,UNKNOWN,ICML,2024
ICML-2024-A007259,Mohammad Rastegari,UNKNOWN,UNKNOWN,ICML,2024
ICML-2024-A007260,Mahyar Najibi,UNKNOWN,UNKNOWN,ICML,2024
ICML-2024-A007261,Keyan Miao,UNKNOWN,UNKNOWN,ICML,2024
ICML-2024-A007262,Konstantinos Gatsis,UNKNOWN,UNKNOWN,ICML,2024
ICML-2024-A007263,Siqi Miao,UNKNOWN,UNKNOWN,ICML,2024
ICML-2024-A007264,Zhiyuan Lu,UNKNOWN,UNKNOWN,ICML,2024
ICML-2024-A007265,Mia Liu,UNKNOWN,UNKNOWN,ICML,2024
ICML-2024-A007266,Javier Duarte,UNKNOWN,UNKNOWN,ICML,2024
ICML-2024-A007267,Pan Li,UNKNOWN,UNKNOWN,ICML,2024
ICML-2024-A007268,Rui Miao,UNKNOWN,UNKNOWN,ICML,2024
ICML-2024-A007269,Kaixiong Zhou,UNKNOWN,UNKNOWN,ICML,2024
ICML-2024-A007270,Yili Wang,UNKNOWN,UNKNOWN,ICML,2024
ICML-2024-A007271,Ninghao Liu,UNKNOWN,UNKNOWN,ICML,2024
ICML-2024-A007272,Ying Wang,UNKNOWN,UNKNOWN,ICML,2024
ICML-2024-A007273,Xin Wang,UNKNOWN,UNKNOWN,ICML,2024
ICML-2024-A007274,Chenfeng Miao,UNKNOWN,UNKNOWN,ICML,2024
ICML-2024-A007275,Qingying Zhu,UNKNOWN,UNKNOWN,ICML,2024
ICML-2024-A007276,Minchuan Chen,UNKNOWN,UNKNOWN,ICML,2024
ICML-2024-A007277,Wei Hu,UNKNOWN,UNKNOWN,ICML,2024
ICML-2024-A007278,Zijian Li,UNKNOWN,UNKNOWN,ICML,2024
ICML-2024-A007279,Shaojun Wang,UNKNOWN,UNKNOWN,ICML,2024
ICML-2024-A007280,Jing Xiao,UNKNOWN,UNKNOWN,ICML,2024
ICML-2024-A007281,Nicolas Michel,UNKNOWN,UNKNOWN,ICML,2024
ICML-2024-A007282,Maorong Wang,UNKNOWN,UNKNOWN,ICML,2024
ICML-2024-A007283,Ling Xiao,UNKNOWN,UNKNOWN,ICML,2024
ICML-2024-A007284,Toshihiko Yamasaki,UNKNOWN,UNKNOWN,ICML,2024
ICML-2024-A007285,Vincent Micheli,UNKNOWN,UNKNOWN,ICML,2024
ICML-2024-A007286,Eloi Alonso,UNKNOWN,UNKNOWN,ICML,2024
ICML-2024-A007287,François Fleuret,UNKNOWN,UNKNOWN,ICML,2024
ICML-2024-A007288,Martin Mihelich,UNKNOWN,UNKNOWN,ICML,2024
ICML-2024-A007289,François Castagnos,UNKNOWN,UNKNOWN,ICML,2024
ICML-2024-A007290,Charles Dognin,UNKNOWN,UNKNOWN,ICML,2024
ICML-2024-A007291,Peter Mikhael,UNKNOWN,UNKNOWN,ICML,2024
ICML-2024-A007292,Itamar Chinn,UNKNOWN,UNKNOWN,ICML,2024
ICML-2024-A007293,Regina Barzilay,UNKNOWN,UNKNOWN,ICML,2024
ICML-2024-A007294,Benjamin Kurt Miller,UNKNOWN,UNKNOWN,ICML,2024
ICML-2024-A007295,Ricky T. Q. Chen,UNKNOWN,UNKNOWN,ICML,2024
ICML-2024-A007296,Anuroop Sriram,UNKNOWN,UNKNOWN,ICML,2024
ICML-2024-A007297,Brandon M Wood,UNKNOWN,UNKNOWN,ICML,2024
ICML-2024-A007298,Hancheng Min,UNKNOWN,UNKNOWN,ICML,2024
ICML-2024-A007299,Rene Vidal,UNKNOWN,UNKNOWN,ICML,2024
ICML-2024-A007300,Yifei Ming,UNKNOWN,UNKNOWN,ICML,2024
ICML-2024-A007301,Yixuan Li,UNKNOWN,UNKNOWN,ICML,2024
ICML-2024-A007302,Hossein Mirzaei,UNKNOWN,UNKNOWN,ICML,2024
ICML-2024-A007303,Mohammad Jafari,UNKNOWN,UNKNOWN,ICML,2024
ICML-2024-A007304,Hamid Reza Dehbashi,UNKNOWN,UNKNOWN,ICML,2024
ICML-2024-A007305,Ali Ansari,UNKNOWN,UNKNOWN,ICML,2024
ICML-2024-A007306,Sepehr Ghobadi,UNKNOWN,UNKNOWN,ICML,2024
ICML-2024-A007307,Masoud Hadi,UNKNOWN,UNKNOWN,ICML,2024
ICML-2024-A007308,Arshia Soltani Moakhar,UNKNOWN,UNKNOWN,ICML,2024
ICML-2024-A007309,Mohammad Azizmalayeri,UNKNOWN,UNKNOWN,ICML,2024
ICML-2024-A007310,Mahdieh Soleymani Baghshah,UNKNOWN,UNKNOWN,ICML,2024
ICML-2024-A007311,Mohammad Hossein Rohban,UNKNOWN,UNKNOWN,ICML,2024
ICML-2024-A007312,Konstantin Mishchenko,UNKNOWN,UNKNOWN,ICML,2024
ICML-2024-A007313,Aaron Defazio,UNKNOWN,UNKNOWN,ICML,2024
ICML-2024-A007314,Saurabh Kumar Mishra,UNKNOWN,UNKNOWN,ICML,2024
ICML-2024-A007315,Anant Raj,UNKNOWN,UNKNOWN,ICML,2024
ICML-2024-A007316,Sharan Vaswani,UNKNOWN,UNKNOWN,ICML,2024
ICML-2024-A007317,Dipendra Misra,UNKNOWN,UNKNOWN,ICML,2024
ICML-2024-A007318,Aldo Pacchiano,UNKNOWN,UNKNOWN,ICML,2024
ICML-2024-A007319,Robert E. Schapire,UNKNOWN,UNKNOWN,ICML,2024
ICML-2024-A007320,Catalin Mitelut,UNKNOWN,UNKNOWN,ICML,2024
ICML-2024-A007321,Benjamin Smith,UNKNOWN,UNKNOWN,ICML,2024
ICML-2024-A007322,Peter Vamplew,UNKNOWN,UNKNOWN,ICML,2024
ICML-2024-A007323,Slobodan Mitrovic,UNKNOWN,UNKNOWN,ICML,2024
ICML-2024-A007324,Theodore Pan,UNKNOWN,UNKNOWN,ICML,2024
ICML-2024-A007325,Yichuan Mo,UNKNOWN,UNKNOWN,ICML,2024
ICML-2024-A007326,Hui Huang,UNKNOWN,UNKNOWN,ICML,2024
ICML-2024-A007327,Mingjie Li,UNKNOWN,UNKNOWN,ICML,2024
ICML-2024-A007328,Ang Li,UNKNOWN,UNKNOWN,ICML,2024
ICML-2024-A007329,Yisen Wang,UNKNOWN,UNKNOWN,ICML,2024
ICML-2024-A007330,Ionut-Vlad Modoranu,UNKNOWN,UNKNOWN,ICML,2024
ICML-2024-A007331,Aleksei Kalinov,UNKNOWN,UNKNOWN,ICML,2024
ICML-2024-A007332,Eldar Kurtic,UNKNOWN,UNKNOWN,ICML,2024
ICML-2024-A007333,Elias Frantar,UNKNOWN,UNKNOWN,ICML,2024
ICML-2024-A007334,Dan Alistarh,UNKNOWN,UNKNOWN,ICML,2024
ICML-2024-A007335,Mohamad Amin Mohamadi,UNKNOWN,UNKNOWN,ICML,2024
ICML-2024-A007336,Zhiyuan Li,UNKNOWN,UNKNOWN,ICML,2024
ICML-2024-A007337,Lei Wu,UNKNOWN,UNKNOWN,ICML,2024
ICML-2024-A007338,Danica J. Sutherland,UNKNOWN,UNKNOWN,ICML,2024
ICML-2024-A007339,Mimoun Mohamed,UNKNOWN,UNKNOWN,ICML,2024
ICML-2024-A007340,Francois Malgouyres,UNKNOWN,UNKNOWN,ICML,2024
ICML-2024-A007341,Valentin Emiya,UNKNOWN,UNKNOWN,ICML,2024
ICML-2024-A007342,Caroline Chaux,UNKNOWN,UNKNOWN,ICML,2024
ICML-2024-A007343,Shikhar Mohan,UNKNOWN,UNKNOWN,ICML,2024
ICML-2024-A007344,Deepak Saini,UNKNOWN,UNKNOWN,ICML,2024
ICML-2024-A007345,Anshul Mittal,UNKNOWN,UNKNOWN,ICML,2024
ICML-2024-A007346,Sayak Ray Chowdhury,UNKNOWN,UNKNOWN,ICML,2024
ICML-2024-A007347,Bhawna Paliwal,UNKNOWN,UNKNOWN,ICML,2024
ICML-2024-A007348,Jian Jiao,UNKNOWN,UNKNOWN,ICML,2024
ICML-2024-A007349,Manish Gupta,UNKNOWN,UNKNOWN,ICML,2024
ICML-2024-A007350,Manik Varma,UNKNOWN,UNKNOWN,ICML,2024
ICML-2024-A007351,Christopher Mohri,UNKNOWN,UNKNOWN,ICML,2024
ICML-2024-A007352,Tatsunori Hashimoto,UNKNOWN,UNKNOWN,ICML,2024
ICML-2024-A007353,Bjørn Leth Møller,UNKNOWN,UNKNOWN,ICML,2024
ICML-2024-A007354,Christian Igel,UNKNOWN,UNKNOWN,ICML,2024
ICML-2024-A007355,Kristoffer Knutsen Wickstrøm,UNKNOWN,UNKNOWN,ICML,2024
ICML-2024-A007356,Jon Sporring,UNKNOWN,UNKNOWN,ICML,2024
ICML-2024-A007357,Robert Jenssen,UNKNOWN,UNKNOWN,ICML,2024
ICML-2024-A007358,Bulat Ibragimov,UNKNOWN,UNKNOWN,ICML,2024
ICML-2024-A007359,Nicholas Monath,UNKNOWN,UNKNOWN,ICML,2024
ICML-2024-A007360,Will Sussman Grathwohl,UNKNOWN,UNKNOWN,ICML,2024
ICML-2024-A007361,Michael Boratko,UNKNOWN,UNKNOWN,ICML,2024
ICML-2024-A007362,Rob Fergus,UNKNOWN,UNKNOWN,ICML,2024
ICML-2024-A007363,Andrew Mccallum,UNKNOWN,UNKNOWN,ICML,2024
ICML-2024-A007364,Manzil Zaheer,UNKNOWN,UNKNOWN,ICML,2024
ICML-2024-A007365,Shanka Subhra Mondal,UNKNOWN,UNKNOWN,ICML,2024
ICML-2024-A007366,Jonathan D. Cohen,UNKNOWN,UNKNOWN,ICML,2024
ICML-2024-A007367,Taylor Whittington Webb,UNKNOWN,UNKNOWN,ICML,2024
ICML-2024-A007368,Behrad Moniri,UNKNOWN,UNKNOWN,ICML,2024
ICML-2024-A007369,Donghwan Lee,UNKNOWN,UNKNOWN,ICML,2024
ICML-2024-A007370,Hamed Hassani,UNKNOWN,UNKNOWN,ICML,2024
ICML-2024-A007371,Edgar Dobriban,UNKNOWN,UNKNOWN,ICML,2024
ICML-2024-A007372,Alessandro Montenegro,UNKNOWN,UNKNOWN,ICML,2024
ICML-2024-A007373,Marco Mussi,UNKNOWN,UNKNOWN,ICML,2024
ICML-2024-A007374,Alberto Maria Metelli,UNKNOWN,UNKNOWN,ICML,2024
ICML-2024-A007375,Matteo Papini,UNKNOWN,UNKNOWN,ICML,2024
ICML-2024-A007376,Taehong Moon,UNKNOWN,UNKNOWN,ICML,2024
ICML-2024-A007377,Moonseok Choi,UNKNOWN,UNKNOWN,ICML,2024
ICML-2024-A007378,Eunggu Yun,UNKNOWN,UNKNOWN,ICML,2024
ICML-2024-A007379,Jongmin Yoon,UNKNOWN,UNKNOWN,ICML,2024
ICML-2024-A007380,Gayoung Lee,UNKNOWN,UNKNOWN,ICML,2024
ICML-2024-A007381,Jaewoong Cho,UNKNOWN,UNKNOWN,ICML,2024
ICML-2024-A007382,Juho Lee,UNKNOWN,UNKNOWN,ICML,2024
ICML-2024-A007383,Goncalo Mordido,UNKNOWN,UNKNOWN,ICML,2024
ICML-2024-A007384,Pranshu Malviya,UNKNOWN,UNKNOWN,ICML,2024
ICML-2024-A007385,Aristide Baratin,UNKNOWN,UNKNOWN,ICML,2024
ICML-2024-A007386,Sarath Chandar,UNKNOWN,UNKNOWN,ICML,2024
ICML-2024-A007387,Hiroshi Morioka,UNKNOWN,UNKNOWN,ICML,2024
ICML-2024-A007388,Aapo Hyvarinen,UNKNOWN,UNKNOWN,ICML,2024
ICML-2024-A007389,Christopher Morris,UNKNOWN,UNKNOWN,ICML,2024
ICML-2024-A007390,Fabrizio Frasca,UNKNOWN,UNKNOWN,ICML,2024
ICML-2024-A007391,Nadav Dym,UNKNOWN,UNKNOWN,ICML,2024
ICML-2024-A007392,Haggai Maron,UNKNOWN,UNKNOWN,ICML,2024
ICML-2024-A007393,Ismail Ilkan Ceylan,UNKNOWN,UNKNOWN,ICML,2024
ICML-2024-A007394,Ron Levie,UNKNOWN,UNKNOWN,ICML,2024
ICML-2024-A007395,Derek Lim,UNKNOWN,UNKNOWN,ICML,2024
ICML-2024-A007396,Michael M. Bronstein,UNKNOWN,UNKNOWN,ICML,2024
ICML-2024-A007397,Martin Grohe,UNKNOWN,UNKNOWN,ICML,2024
ICML-2024-A007398,Stefanie Jegelka,UNKNOWN,UNKNOWN,ICML,2024
ICML-2024-A007399,Meredith Ringel Morris,UNKNOWN,UNKNOWN,ICML,2024
ICML-2024-A007400,Jascha Sohl-Dickstein,UNKNOWN,UNKNOWN,ICML,2024
ICML-2024-A007401,Noah Fiedel,UNKNOWN,UNKNOWN,ICML,2024
ICML-2024-A007402,Tris Warkentin,UNKNOWN,UNKNOWN,ICML,2024
ICML-2024-A007403,Allan Dafoe,UNKNOWN,UNKNOWN,ICML,2024
ICML-2024-A007404,Aleksandra Faust,UNKNOWN,UNKNOWN,ICML,2024
ICML-2024-A007405,Clement Farabet,UNKNOWN,UNKNOWN,ICML,2024
ICML-2024-A007406,Shane Legg,UNKNOWN,UNKNOWN,ICML,2024
ICML-2024-A007407,Arsalan Motamedi,UNKNOWN,UNKNOWN,ICML,2024
ICML-2024-A007408,Pooya Ronagh,UNKNOWN,UNKNOWN,ICML,2024
ICML-2024-A007409,S Chandra Mouli,UNKNOWN,UNKNOWN,ICML,2024
ICML-2024-A007410,Danielle C. Maddix,UNKNOWN,UNKNOWN,ICML,2024
ICML-2024-A007411,Shima Alizadeh,UNKNOWN,UNKNOWN,ICML,2024
ICML-2024-A007412,Gaurav Gupta,UNKNOWN,UNKNOWN,ICML,2024
ICML-2024-A007413,Andrew Stuart,UNKNOWN,UNKNOWN,ICML,2024
ICML-2024-A007414,Michael W. Mahoney,UNKNOWN,UNKNOWN,ICML,2024
ICML-2024-A007415,Bernie Wang,UNKNOWN,UNKNOWN,ICML,2024
ICML-2024-A007416,Abdellah El Mrini,UNKNOWN,UNKNOWN,ICML,2024
ICML-2024-A007417,Edwige Cyffers,UNKNOWN,UNKNOWN,ICML,2024
ICML-2024-A007418,Aurélien Bellet,UNKNOWN,UNKNOWN,ICML,2024
ICML-2024-A007419,Yao Mu,UNKNOWN,UNKNOWN,ICML,2024
ICML-2024-A007420,Junting Chen,UNKNOWN,UNKNOWN,ICML,2024
ICML-2024-A007421,Qing-Long Zhang,UNKNOWN,UNKNOWN,ICML,2024
ICML-2024-A007422,Shoufa Chen,UNKNOWN,UNKNOWN,ICML,2024
ICML-2024-A007423,Qiaojun Yu,UNKNOWN,UNKNOWN,ICML,2024
ICML-2024-A007424,Chongjian Ge,UNKNOWN,UNKNOWN,ICML,2024
ICML-2024-A007425,Runjian Chen,UNKNOWN,UNKNOWN,ICML,2024
ICML-2024-A007426,Zhixuan Liang,UNKNOWN,UNKNOWN,ICML,2024
ICML-2024-A007427,Mengkang Hu,UNKNOWN,UNKNOWN,ICML,2024
ICML-2024-A007428,Chaofan Tao,UNKNOWN,UNKNOWN,ICML,2024
ICML-2024-A007429,Peize Sun,UNKNOWN,UNKNOWN,ICML,2024
ICML-2024-A007430,Haibao Yu,UNKNOWN,UNKNOWN,ICML,2024
ICML-2024-A007431,Chao Yang,UNKNOWN,UNKNOWN,ICML,2024
ICML-2024-A007432,Wenqi Shao,UNKNOWN,UNKNOWN,ICML,2024
ICML-2024-A007433,Wenhai Wang,UNKNOWN,UNKNOWN,ICML,2024
ICML-2024-A007434,Jifeng Dai,UNKNOWN,UNKNOWN,ICML,2024
ICML-2024-A007435,Yu Qiao,UNKNOWN,UNKNOWN,ICML,2024
ICML-2024-A007436,Mingyu Ding,UNKNOWN,UNKNOWN,ICML,2024
ICML-2024-A007437,Ping Luo,UNKNOWN,UNKNOWN,ICML,2024
ICML-2024-A007438,Siqiao Mu,UNKNOWN,UNKNOWN,ICML,2024
ICML-2024-A007439,Diego Klabjan,UNKNOWN,UNKNOWN,ICML,2024
ICML-2024-A007440,Sidharth Mudgal,UNKNOWN,UNKNOWN,ICML,2024
ICML-2024-A007441,Jong Lee,UNKNOWN,UNKNOWN,ICML,2024
ICML-2024-A007442,Harish Ganapathy,UNKNOWN,UNKNOWN,ICML,2024
ICML-2024-A007443,Yaguang Li,UNKNOWN,UNKNOWN,ICML,2024
ICML-2024-A007444,Tao Wang,UNKNOWN,UNKNOWN,ICML,2024
ICML-2024-A007445,Yanping Huang,UNKNOWN,UNKNOWN,ICML,2024
ICML-2024-A007446,Zhifeng Chen,UNKNOWN,UNKNOWN,ICML,2024
ICML-2024-A007447,Heng-Tze Cheng,UNKNOWN,UNKNOWN,ICML,2024
ICML-2024-A007448,Michael Collins,UNKNOWN,UNKNOWN,ICML,2024
ICML-2024-A007449,Trevor Strohman,UNKNOWN,UNKNOWN,ICML,2024
ICML-2024-A007450,Jilin Chen,UNKNOWN,UNKNOWN,ICML,2024
ICML-2024-A007451,Alex Beutel,UNKNOWN,UNKNOWN,ICML,2024
ICML-2024-A007452,Ahmad Beirami,UNKNOWN,UNKNOWN,ICML,2024
ICML-2024-A007453,Noga Mudrik,UNKNOWN,UNKNOWN,ICML,2024
ICML-2024-A007454,Gal Mishne,UNKNOWN,UNKNOWN,ICML,2024
ICML-2024-A007455,Adam Shabti Charles,UNKNOWN,UNKNOWN,ICML,2024
ICML-2024-A007456,Subhojyoti Mukherjee,UNKNOWN,UNKNOWN,ICML,2024
ICML-2024-A007457,Josiah P. Hanna,UNKNOWN,UNKNOWN,ICML,2024
ICML-2024-A007458,Robert D Nowak,UNKNOWN,UNKNOWN,ICML,2024
ICML-2024-A007459,William Muldrew,UNKNOWN,UNKNOWN,ICML,2024
ICML-2024-A007460,Peter Hayes,UNKNOWN,UNKNOWN,ICML,2024
ICML-2024-A007461,Mingtian Zhang,UNKNOWN,UNKNOWN,ICML,2024
ICML-2024-A007462,David Barber,UNKNOWN,UNKNOWN,ICML,2024
ICML-2024-A007463,Lorenz K Muller,UNKNOWN,UNKNOWN,ICML,2024
ICML-2024-A007464,Adrian Müller,UNKNOWN,UNKNOWN,ICML,2024
ICML-2024-A007465,Pragnya Alatur,UNKNOWN,UNKNOWN,ICML,2024
ICML-2024-A007466,Volkan Cevher,UNKNOWN,UNKNOWN,ICML,2024
ICML-2024-A007467,Giorgia Ramponi,UNKNOWN,UNKNOWN,ICML,2024
ICML-2024-A007468,Niao He,UNKNOWN,UNKNOWN,ICML,2024
ICML-2024-A007469,Luis Müller,UNKNOWN,UNKNOWN,ICML,2024
ICML-2024-A007470,Christopher Morris,UNKNOWN,UNKNOWN,ICML,2024
ICML-2024-A007471,Johannes Müller,UNKNOWN,UNKNOWN,ICML,2024
ICML-2024-A007472,Marius Zeinhofer,UNKNOWN,UNKNOWN,ICML,2024
ICML-2024-A007473,Kamesh Munagala,UNKNOWN,UNKNOWN,ICML,2024
ICML-2024-A007474,Govind S. Sankar,UNKNOWN,UNKNOWN,ICML,2024
ICML-2024-A007475,Remi Munos,UNKNOWN,UNKNOWN,ICML,2024
ICML-2024-A007476,Michal Valko,UNKNOWN,UNKNOWN,ICML,2024
ICML-2024-A007477,Daniele Calandriello,UNKNOWN,UNKNOWN,ICML,2024
ICML-2024-A007478,Mohammad Gheshlaghi Azar,UNKNOWN,UNKNOWN,ICML,2024
ICML-2024-A007479,Mark Rowland,UNKNOWN,UNKNOWN,ICML,2024
ICML-2024-A007480,Zhaohan Daniel Guo,UNKNOWN,UNKNOWN,ICML,2024
ICML-2024-A007481,Yunhao Tang,UNKNOWN,UNKNOWN,ICML,2024
ICML-2024-A007482,Matthieu Geist,UNKNOWN,UNKNOWN,ICML,2024
ICML-2024-A007483,Thomas Mesnard,UNKNOWN,UNKNOWN,ICML,2024
ICML-2024-A007484,Côme Fiegel,UNKNOWN,UNKNOWN,ICML,2024
ICML-2024-A007485,Andrea Michi,UNKNOWN,UNKNOWN,ICML,2024
ICML-2024-A007486,Marco Selvi,UNKNOWN,UNKNOWN,ICML,2024
ICML-2024-A007487,Sertan Girgin,UNKNOWN,UNKNOWN,ICML,2024
ICML-2024-A007488,Nikola Momchev,UNKNOWN,UNKNOWN,ICML,2024
ICML-2024-A007489,Olivier Bachem,UNKNOWN,UNKNOWN,ICML,2024
ICML-2024-A007490,Daniel J Mankowitz,UNKNOWN,UNKNOWN,ICML,2024
ICML-2024-A007491,Doina Precup,UNKNOWN,UNKNOWN,ICML,2024
ICML-2024-A007492,Bilal Piot,UNKNOWN,UNKNOWN,ICML,2024
ICML-2024-A007493,Alexander Munteanu,UNKNOWN,UNKNOWN,ICML,2024
ICML-2024-A007494,Simon Omlor,UNKNOWN,UNKNOWN,ICML,2024
ICML-2024-A007495,Alexander Munteanu,UNKNOWN,UNKNOWN,ICML,2024
ICML-2024-A007496,Simon Omlor,UNKNOWN,UNKNOWN,ICML,2024
ICML-2024-A007497,Mohammed Muqeeth,UNKNOWN,UNKNOWN,ICML,2024
ICML-2024-A007498,Haokun Liu,UNKNOWN,UNKNOWN,ICML,2024
ICML-2024-A007499,Yufan Liu,UNKNOWN,UNKNOWN,ICML,2024
ICML-2024-A007500,Colin Raffel,UNKNOWN,UNKNOWN,ICML,2024
ICML-2024-A007501,Logan Murphy,UNKNOWN,UNKNOWN,ICML,2024
ICML-2024-A007502,Kaiyu Yang,UNKNOWN,UNKNOWN,ICML,2024
ICML-2024-A007503,Jialiang Sun,UNKNOWN,UNKNOWN,ICML,2024
ICML-2024-A007504,Zhaoyu Li,UNKNOWN,UNKNOWN,ICML,2024
ICML-2024-A007505,Anima Anandkumar,UNKNOWN,UNKNOWN,ICML,2024
ICML-2024-A007506,Xujie Si,UNKNOWN,UNKNOWN,ICML,2024
ICML-2024-A007507,Shikhar Murty,UNKNOWN,UNKNOWN,ICML,2024
ICML-2024-A007508,Christopher D Manning,UNKNOWN,UNKNOWN,ICML,2024
ICML-2024-A007509,Peter Shaw,UNKNOWN,UNKNOWN,ICML,2024
ICML-2024-A007510,Mandar Joshi,UNKNOWN,UNKNOWN,ICML,2024
ICML-2024-A007511,Kenton Lee,UNKNOWN,UNKNOWN,ICML,2024
ICML-2024-A007512,Marco Mussi,UNKNOWN,UNKNOWN,ICML,2024
ICML-2024-A007513,Simone Drago,UNKNOWN,UNKNOWN,ICML,2024
ICML-2024-A007514,Marcello Restelli,UNKNOWN,UNKNOWN,ICML,2024
ICML-2024-A007515,Alberto Maria Metelli,UNKNOWN,UNKNOWN,ICML,2024
ICML-2024-A007516,Marco Mussi,UNKNOWN,UNKNOWN,ICML,2024
ICML-2024-A007517,Alessandro Montenegro,UNKNOWN,UNKNOWN,ICML,2024
ICML-2024-A007518,Francesco Trovò,UNKNOWN,UNKNOWN,ICML,2024
ICML-2024-A007519,Marcello Restelli,UNKNOWN,UNKNOWN,ICML,2024
ICML-2024-A007520,Alberto Maria Metelli,UNKNOWN,UNKNOWN,ICML,2024
ICML-2024-A007521,Nimrah Mustafa,UNKNOWN,UNKNOWN,ICML,2024
ICML-2024-A007522,Rebekka Burkholz,UNKNOWN,UNKNOWN,ICML,2024
ICML-2024-A007523,Mirco Mutti,UNKNOWN,UNKNOWN,ICML,2024
ICML-2024-A007524,Aviv Tamar,UNKNOWN,UNKNOWN,ICML,2024
ICML-2024-A007525,Sabine Muzellec,UNKNOWN,UNKNOWN,ICML,2024
ICML-2024-A007526,Thomas Fel,UNKNOWN,UNKNOWN,ICML,2024
ICML-2024-A007527,Victor Boutin,UNKNOWN,UNKNOWN,ICML,2024
ICML-2024-A007528,Léo Andéol,UNKNOWN,UNKNOWN,ICML,2024
ICML-2024-A007529,Rufin Vanrullen,UNKNOWN,UNKNOWN,ICML,2024
ICML-2024-A007530,Thomas Serre,UNKNOWN,UNKNOWN,ICML,2024
ICML-2024-A007531,Vivek Myers,UNKNOWN,UNKNOWN,ICML,2024
ICML-2024-A007532,Chongyi Zheng,UNKNOWN,UNKNOWN,ICML,2024
ICML-2024-A007533,Anca Dragan,UNKNOWN,UNKNOWN,ICML,2024
ICML-2024-A007534,Sergey Levine,UNKNOWN,UNKNOWN,ICML,2024
ICML-2024-A007535,Benjamin Eysenbach,UNKNOWN,UNKNOWN,ICML,2024
ICML-2024-A007536,Byeonghu Na,UNKNOWN,UNKNOWN,ICML,2024
ICML-2024-A007537,Yeongmin Kim,UNKNOWN,UNKNOWN,ICML,2024
ICML-2024-A007538,Minsang Park,UNKNOWN,UNKNOWN,ICML,2024
ICML-2024-A007539,Donghyeok Shin,UNKNOWN,UNKNOWN,ICML,2024
ICML-2024-A007540,Wanmo Kang,UNKNOWN,UNKNOWN,ICML,2024
ICML-2024-A007541,Il-Chul Moon,UNKNOWN,UNKNOWN,ICML,2024
ICML-2024-A007542,Hyungho Na,UNKNOWN,UNKNOWN,ICML,2024
ICML-2024-A007543,Il-Chul Moon,UNKNOWN,UNKNOWN,ICML,2024
ICML-2024-A007544,Seth Nabarro,UNKNOWN,UNKNOWN,ICML,2024
ICML-2024-A007545,Mark Van Der Wilk,UNKNOWN,UNKNOWN,ICML,2024
ICML-2024-A007546,Andrew Davison,UNKNOWN,UNKNOWN,ICML,2024
ICML-2024-A007547,Saeid Naderiparizi,UNKNOWN,UNKNOWN,ICML,2024
ICML-2024-A007548,Xiaoxuan Liang,UNKNOWN,UNKNOWN,ICML,2024
ICML-2024-A007549,Setareh Cohan,UNKNOWN,UNKNOWN,ICML,2024
ICML-2024-A007550,Berend Zwartsenberg,UNKNOWN,UNKNOWN,ICML,2024
ICML-2024-A007551,Frank Wood,UNKNOWN,UNKNOWN,ICML,2024
ICML-2024-A007552,Yididiya Y. Nadew,UNKNOWN,UNKNOWN,ICML,2024
ICML-2024-A007553,Xuhui Fan,UNKNOWN,UNKNOWN,ICML,2024
ICML-2024-A007554,Christopher John Quinn,UNKNOWN,UNKNOWN,ICML,2024
ICML-2024-A007555,Kimia Nadjahi,UNKNOWN,UNKNOWN,ICML,2024
ICML-2024-A007556,Kristjan Greenewald,UNKNOWN,UNKNOWN,ICML,2024
ICML-2024-A007557,Rickard Brüel Gabrielsson,UNKNOWN,UNKNOWN,ICML,2024
ICML-2024-A007558,Justin Solomon,UNKNOWN,UNKNOWN,ICML,2024
ICML-2024-A007559,Lokesh Nagalapatti,UNKNOWN,UNKNOWN,ICML,2024
ICML-2024-A007560,Pranava Singhal,UNKNOWN,UNKNOWN,ICML,2024
ICML-2024-A007561,Avishek Ghosh,UNKNOWN,UNKNOWN,ICML,2024
ICML-2024-A007562,Sunita Sarawagi,UNKNOWN,UNKNOWN,ICML,2024
ICML-2024-A007563,Ryosuke Nagumo,UNKNOWN,UNKNOWN,ICML,2024
ICML-2024-A007564,Hironori Fujisawa,UNKNOWN,UNKNOWN,ICML,2024
ICML-2024-A007565,Hong Chul Nam,UNKNOWN,UNKNOWN,ICML,2024
ICML-2024-A007566,Julius Berner,UNKNOWN,UNKNOWN,ICML,2024
ICML-2024-A007567,Anima Anandkumar,UNKNOWN,UNKNOWN,ICML,2024
ICML-2024-A007568,Sai Shankar Narasimhan,UNKNOWN,UNKNOWN,ICML,2024
ICML-2024-A007569,Shubhankar Agarwal,UNKNOWN,UNKNOWN,ICML,2024
ICML-2024-A007570,Oguzhan Akcin,UNKNOWN,UNKNOWN,ICML,2024
ICML-2024-A007571,Sujay Sanghavi,UNKNOWN,UNKNOWN,ICML,2024
ICML-2024-A007572,Sandeep P. Chinchali,UNKNOWN,UNKNOWN,ICML,2024
ICML-2024-A007573,Soroush Nasiriany,UNKNOWN,UNKNOWN,ICML,2024
ICML-2024-A007574,Fei Xia,UNKNOWN,UNKNOWN,ICML,2024
ICML-2024-A007575,Wenhao Yu,UNKNOWN,UNKNOWN,ICML,2024
ICML-2024-A007576,Ted Xiao,UNKNOWN,UNKNOWN,ICML,2024
ICML-2024-A007577,Jacky Liang,UNKNOWN,UNKNOWN,ICML,2024
ICML-2024-A007578,Ishita Dasgupta,UNKNOWN,UNKNOWN,ICML,2024
ICML-2024-A007579,Annie Xie,UNKNOWN,UNKNOWN,ICML,2024
ICML-2024-A007580,Danny Driess,UNKNOWN,UNKNOWN,ICML,2024
ICML-2024-A007581,Ayzaan Wahid,UNKNOWN,UNKNOWN,ICML,2024
ICML-2024-A007582,Zhuo Xu,UNKNOWN,UNKNOWN,ICML,2024
ICML-2024-A007583,Quan Vuong,UNKNOWN,UNKNOWN,ICML,2024
ICML-2024-A007584,Tingnan Zhang,UNKNOWN,UNKNOWN,ICML,2024
ICML-2024-A007585,Tsang-Wei Edward Lee,UNKNOWN,UNKNOWN,ICML,2024
ICML-2024-A007586,Kuang-Huei Lee,UNKNOWN,UNKNOWN,ICML,2024
ICML-2024-A007587,Peng Xu,UNKNOWN,UNKNOWN,ICML,2024
ICML-2024-A007588,Sean Kirmani,UNKNOWN,UNKNOWN,ICML,2024
ICML-2024-A007589,Yuke Zhu,UNKNOWN,UNKNOWN,ICML,2024
ICML-2024-A007590,Andy Zeng,UNKNOWN,UNKNOWN,ICML,2024
ICML-2024-A007591,Karol Hausman,UNKNOWN,UNKNOWN,ICML,2024
ICML-2024-A007592,Nicolas Heess,UNKNOWN,UNKNOWN,ICML,2024
ICML-2024-A007593,Chelsea Finn,UNKNOWN,UNKNOWN,ICML,2024
ICML-2024-A007594,Sergey Levine,UNKNOWN,UNKNOWN,ICML,2024
ICML-2024-A007595,Brian Ichter,UNKNOWN,UNKNOWN,ICML,2024
ICML-2024-A007596,Michal Nauman,UNKNOWN,UNKNOWN,ICML,2024
ICML-2024-A007597,Michał Bortkiewicz,UNKNOWN,UNKNOWN,ICML,2024
ICML-2024-A007598,Piotr Miłoś,UNKNOWN,UNKNOWN,ICML,2024
ICML-2024-A007599,Tomasz Trzcinski,UNKNOWN,UNKNOWN,ICML,2024
ICML-2024-A007600,Mateusz Ostaszewski,UNKNOWN,UNKNOWN,ICML,2024
ICML-2024-A007601,Marek Cygan,UNKNOWN,UNKNOWN,ICML,2024
ICML-2024-A007602,Lucas Fabian Naumann,UNKNOWN,UNKNOWN,ICML,2024
ICML-2024-A007603,Jannik Irmai,UNKNOWN,UNKNOWN,ICML,2024
ICML-2024-A007604,Shengxian Zhao,UNKNOWN,UNKNOWN,ICML,2024
ICML-2024-A007605,Bjoern Andres,UNKNOWN,UNKNOWN,ICML,2024
ICML-2024-A007606,Aviv Navon,UNKNOWN,UNKNOWN,ICML,2024
ICML-2024-A007607,Aviv Shamsian,UNKNOWN,UNKNOWN,ICML,2024
ICML-2024-A007608,Ethan Fetaya,UNKNOWN,UNKNOWN,ICML,2024
ICML-2024-A007609,Gal Chechik,UNKNOWN,UNKNOWN,ICML,2024
ICML-2024-A007610,Nadav Dym,UNKNOWN,UNKNOWN,ICML,2024
ICML-2024-A007611,Haggai Maron,UNKNOWN,UNKNOWN,ICML,2024
ICML-2024-A007612,Piotr Nawrot,University of Wrocław,UNKNOWN,ICML,2024
ICML-2024-A007613,Adrian Łańcucki,University of Wrocław,UNKNOWN,ICML,2024
ICML-2024-A007614,Marcin Chochowski,University of Wrocław,UNKNOWN,ICML,2024
ICML-2024-A007615,David Tarjan,University of Wrocław,UNKNOWN,ICML,2024
ICML-2024-A007616,Edoardo Ponti,University of Wrocław,UNKNOWN,ICML,2024
ICML-2024-A007617,Achille Nazaret,UNKNOWN,UNKNOWN,ICML,2024
ICML-2024-A007618,Justin Hong,UNKNOWN,UNKNOWN,ICML,2024
ICML-2024-A007619,Elham Azizi,UNKNOWN,UNKNOWN,ICML,2024
ICML-2024-A007620,David Blei,UNKNOWN,UNKNOWN,ICML,2024
ICML-2024-A007621,Paarth Neekhara,UNKNOWN,UNKNOWN,ICML,2024
ICML-2024-A007622,Shehzeen Samarah Hussain,UNKNOWN,UNKNOWN,ICML,2024
ICML-2024-A007623,Rafael Valle,UNKNOWN,UNKNOWN,ICML,2024
ICML-2024-A007624,Boris Ginsburg,UNKNOWN,UNKNOWN,ICML,2024
ICML-2024-A007625,Rishabh Ranjan,UNKNOWN,UNKNOWN,ICML,2024
ICML-2024-A007626,Shlomo Dubnov,UNKNOWN,UNKNOWN,ICML,2024
ICML-2024-A007627,Farinaz Koushanfar,UNKNOWN,UNKNOWN,ICML,2024
ICML-2024-A007628,Julian Mcauley,UNKNOWN,UNKNOWN,ICML,2024
ICML-2024-A007629,Kirill Neklyudov,UNKNOWN,UNKNOWN,ICML,2024
ICML-2024-A007630,Rob Brekelmans,UNKNOWN,UNKNOWN,ICML,2024
ICML-2024-A007631,Alexander Tong,UNKNOWN,UNKNOWN,ICML,2024
ICML-2024-A007632,Lazar Atanackovic,UNKNOWN,UNKNOWN,ICML,2024
ICML-2024-A007633,Qiang Liu,UNKNOWN,UNKNOWN,ICML,2024
ICML-2024-A007634,Alireza Makhzani,UNKNOWN,UNKNOWN,ICML,2024
ICML-2024-A007635,Sree Harsha Nelaturu,UNKNOWN,UNKNOWN,ICML,2024
ICML-2024-A007636,Nishaanth Kanna Ravichandran,UNKNOWN,UNKNOWN,ICML,2024
ICML-2024-A007637,Cuong Tran,UNKNOWN,UNKNOWN,ICML,2024
ICML-2024-A007638,Sara Hooker,UNKNOWN,UNKNOWN,ICML,2024
ICML-2024-A007639,Ferdinando Fioretto,UNKNOWN,UNKNOWN,ICML,2024
ICML-2024-A007640,Gergely Neu,UNKNOWN,UNKNOWN,ICML,2024
ICML-2024-A007641,Nneka Okolo,UNKNOWN,UNKNOWN,ICML,2024
ICML-2024-A007642,Ignavier Ng,UNKNOWN,UNKNOWN,ICML,2024
ICML-2024-A007643,Xinshuai Dong,UNKNOWN,UNKNOWN,ICML,2024
ICML-2024-A007644,Haoyue Dai,UNKNOWN,UNKNOWN,ICML,2024
ICML-2024-A007645,Biwei Huang,UNKNOWN,UNKNOWN,ICML,2024
ICML-2024-A007646,Peter Spirtes,UNKNOWN,UNKNOWN,ICML,2024
ICML-2024-A007647,Kun Zhang,UNKNOWN,UNKNOWN,ICML,2024
ICML-2024-A007648,Nathan Hoyen Ng,UNKNOWN,UNKNOWN,ICML,2024
ICML-2024-A007649,Roger Baker Grosse,UNKNOWN,UNKNOWN,ICML,2024
ICML-2024-A007650,Marzyeh Ghassemi,UNKNOWN,UNKNOWN,ICML,2024
ICML-2024-A007651,Huy Nguyen,UNKNOWN,UNKNOWN,ICML,2024
ICML-2024-A007652,Pedram Akbarian,UNKNOWN,UNKNOWN,ICML,2024
ICML-2024-A007653,Nhat Ho,UNKNOWN,UNKNOWN,ICML,2024
ICML-2024-A007654,Huy Nguyen,UNKNOWN,UNKNOWN,ICML,2024
ICML-2024-A007655,Pedram Akbarian,UNKNOWN,UNKNOWN,ICML,2024
ICML-2024-A007656,Trungtin Nguyen,UNKNOWN,UNKNOWN,ICML,2024
ICML-2024-A007657,Nhat Ho,UNKNOWN,UNKNOWN,ICML,2024
ICML-2024-A007658,Phong C.H. Nguyen,UNKNOWN,UNKNOWN,ICML,2024
ICML-2024-A007659,Xinlun Cheng,UNKNOWN,UNKNOWN,ICML,2024
ICML-2024-A007660,Shahab Azarfar,UNKNOWN,UNKNOWN,ICML,2024
ICML-2024-A007661,Pradeep Seshadri,UNKNOWN,UNKNOWN,ICML,2024
ICML-2024-A007662,Yen T. Nguyen,UNKNOWN,UNKNOWN,ICML,2024
ICML-2024-A007663,Munho Kim,UNKNOWN,UNKNOWN,ICML,2024
ICML-2024-A007664,Sanghun Choi,UNKNOWN,UNKNOWN,ICML,2024
ICML-2024-A007665,H.S. Udaykumar,UNKNOWN,UNKNOWN,ICML,2024
ICML-2024-A007666,Stephen Baek,UNKNOWN,UNKNOWN,ICML,2024
ICML-2024-A007667,Quan Nguyen,UNKNOWN,UNKNOWN,ICML,2024
ICML-2024-A007668,Adji Bousso Dieng,UNKNOWN,UNKNOWN,ICML,2024
ICML-2024-A007669,Ta Duy Nguyen,UNKNOWN,UNKNOWN,ICML,2024
ICML-2024-A007670,Alina Ene,UNKNOWN,UNKNOWN,ICML,2024
ICML-2024-A007671,Huy Nguyen,UNKNOWN,UNKNOWN,ICML,2024
ICML-2024-A007672,Nhat Ho,UNKNOWN,UNKNOWN,ICML,2024
ICML-2024-A007673,Alessandro Rinaldo,UNKNOWN,UNKNOWN,ICML,2024
ICML-2024-A007674,Duy Minh Ho Nguyen,UNKNOWN,UNKNOWN,ICML,2024
ICML-2024-A007675,Nina Lukashina,UNKNOWN,UNKNOWN,ICML,2024
ICML-2024-A007676,Tai Nguyen,UNKNOWN,UNKNOWN,ICML,2024
ICML-2024-A007677,An Thai Le,UNKNOWN,UNKNOWN,ICML,2024
ICML-2024-A007678,Trungtin Nguyen,UNKNOWN,UNKNOWN,ICML,2024
ICML-2024-A007679,Nhat Ho,UNKNOWN,UNKNOWN,ICML,2024
ICML-2024-A007680,Jan Peters,UNKNOWN,UNKNOWN,ICML,2024
ICML-2024-A007681,Daniel Sonntag,UNKNOWN,UNKNOWN,ICML,2024
ICML-2024-A007682,Viktor Zaverkin,UNKNOWN,UNKNOWN,ICML,2024
ICML-2024-A007683,Mathias Niepert,UNKNOWN,UNKNOWN,ICML,2024
ICML-2024-A007684,Bao Nguyen,UNKNOWN,UNKNOWN,ICML,2024
ICML-2024-A007685,Binh Nguyen,UNKNOWN,UNKNOWN,ICML,2024
ICML-2024-A007686,Hieu Trung Nguyen,UNKNOWN,UNKNOWN,ICML,2024
ICML-2024-A007687,Viet Anh Nguyen,UNKNOWN,UNKNOWN,ICML,2024
ICML-2024-A007688,Tam Minh Nguyen,UNKNOWN,UNKNOWN,ICML,2024
ICML-2024-A007689,Cesar A Uribe,UNKNOWN,UNKNOWN,ICML,2024
ICML-2024-A007690,Tan Minh Nguyen,UNKNOWN,UNKNOWN,ICML,2024
ICML-2024-A007691,Richard Baraniuk,UNKNOWN,UNKNOWN,ICML,2024
ICML-2024-A007692,Dung Nguyen,UNKNOWN,UNKNOWN,ICML,2024
ICML-2024-A007693,Anil Kumar Vullikanti,UNKNOWN,UNKNOWN,ICML,2024
ICML-2024-A007694,Duc Nguyen,UNKNOWN,UNKNOWN,ICML,2024
ICML-2024-A007695,Anderson Ye Zhang,UNKNOWN,UNKNOWN,ICML,2024
ICML-2024-A007696,Khai Nguyen,UNKNOWN,UNKNOWN,ICML,2024
ICML-2024-A007697,Shujian Zhang,UNKNOWN,UNKNOWN,ICML,2024
ICML-2024-A007698,Tam Le,UNKNOWN,UNKNOWN,ICML,2024
ICML-2024-A007699,Nhat Ho,UNKNOWN,UNKNOWN,ICML,2024
ICML-2024-A007700,Thanh Nguyen-Tang,UNKNOWN,UNKNOWN,ICML,2024
ICML-2024-A007701,Raman Arora,UNKNOWN,UNKNOWN,ICML,2024
ICML-2024-A007702,Ansong Ni,UNKNOWN,UNKNOWN,ICML,2024
ICML-2024-A007703,Miltiadis Allamanis,UNKNOWN,UNKNOWN,ICML,2024
ICML-2024-A007704,Arman Cohan,UNKNOWN,UNKNOWN,ICML,2024
ICML-2024-A007705,Yinlin Deng,UNKNOWN,UNKNOWN,ICML,2024
ICML-2024-A007706,Kensen Shi,UNKNOWN,UNKNOWN,ICML,2024
ICML-2024-A007707,Charles Sutton,UNKNOWN,UNKNOWN,ICML,2024
ICML-2024-A007708,Pengcheng Yin,UNKNOWN,UNKNOWN,ICML,2024
ICML-2024-A007709,Yunhao Ni,UNKNOWN,UNKNOWN,ICML,2024
ICML-2024-A007710,Yuxin Guo,UNKNOWN,UNKNOWN,ICML,2024
ICML-2024-A007711,Junlong Jia,UNKNOWN,UNKNOWN,ICML,2024
ICML-2024-A007712,Lei Huang,UNKNOWN,UNKNOWN,ICML,2024
ICML-2024-A007713,Xinyi Ni,UNKNOWN,UNKNOWN,ICML,2024
ICML-2024-A007714,Guanlin Liu,UNKNOWN,UNKNOWN,ICML,2024
ICML-2024-A007715,Lifeng Lai,UNKNOWN,UNKNOWN,ICML,2024
ICML-2024-A007716,Eshaan Nichani,UNKNOWN,UNKNOWN,ICML,2024
ICML-2024-A007717,Alex Damian,UNKNOWN,UNKNOWN,ICML,2024
ICML-2024-A007718,Jason D. Lee,UNKNOWN,UNKNOWN,ICML,2024
ICML-2024-A007719,Lunyiu Nie,UNKNOWN,UNKNOWN,ICML,2024
ICML-2024-A007720,Zhimin Ding,UNKNOWN,UNKNOWN,ICML,2024
ICML-2024-A007721,Erdong Hu,UNKNOWN,UNKNOWN,ICML,2024
ICML-2024-A007722,Christopher Jermaine,UNKNOWN,UNKNOWN,ICML,2024
ICML-2024-A007723,Swarat Chaudhuri,UNKNOWN,UNKNOWN,ICML,2024
ICML-2024-A007724,Weili Nie,UNKNOWN,UNKNOWN,ICML,2024
ICML-2024-A007725,Sifei Liu,UNKNOWN,UNKNOWN,ICML,2024
ICML-2024-A007726,Morteza Mardani,UNKNOWN,UNKNOWN,ICML,2024
ICML-2024-A007727,Chao Liu,UNKNOWN,UNKNOWN,ICML,2024
ICML-2024-A007728,Benjamin Eckart,UNKNOWN,UNKNOWN,ICML,2024
ICML-2024-A007729,Arash Vahdat,UNKNOWN,UNKNOWN,ICML,2024
ICML-2024-A007730,Matthew Niedoba,UNKNOWN,UNKNOWN,ICML,2024
ICML-2024-A007731,Dylan Green,UNKNOWN,UNKNOWN,ICML,2024
ICML-2024-A007732,Saeid Naderiparizi,UNKNOWN,UNKNOWN,ICML,2024
ICML-2024-A007733,Vasileios Lioutas,UNKNOWN,UNKNOWN,ICML,2024
ICML-2024-A007734,Jonathan Wilder Lavington,UNKNOWN,UNKNOWN,ICML,2024
ICML-2024-A007735,Xiaoxuan Liang,UNKNOWN,UNKNOWN,ICML,2024
ICML-2024-A007736,Yunpeng Liu,UNKNOWN,UNKNOWN,ICML,2024
ICML-2024-A007737,Ke Zhang,UNKNOWN,UNKNOWN,ICML,2024
ICML-2024-A007738,Setareh Dabiri,UNKNOWN,UNKNOWN,ICML,2024
ICML-2024-A007739,Adam Scibior,UNKNOWN,UNKNOWN,ICML,2024
ICML-2024-A007740,Berend Zwartsenberg,UNKNOWN,UNKNOWN,ICML,2024
ICML-2024-A007741,Frank Wood,UNKNOWN,UNKNOWN,ICML,2024
ICML-2024-A007742,Andi Nika,UNKNOWN,UNKNOWN,ICML,2024
ICML-2024-A007743,Debmalya Mandal,UNKNOWN,UNKNOWN,ICML,2024
ICML-2024-A007744,Parameswaran Kamalaruban,UNKNOWN,UNKNOWN,ICML,2024
ICML-2024-A007745,Georgios Tzannetos,UNKNOWN,UNKNOWN,ICML,2024
ICML-2024-A007746,Goran Radanovic,UNKNOWN,UNKNOWN,ICML,2024
ICML-2024-A007747,Adish Singla,UNKNOWN,UNKNOWN,ICML,2024
ICML-2024-A007748,Mahdi Nikdan,UNKNOWN,UNKNOWN,ICML,2024
ICML-2024-A007749,Soroush Tabesh,UNKNOWN,UNKNOWN,ICML,2024
ICML-2024-A007750,Elvir Crnčević,UNKNOWN,UNKNOWN,ICML,2024
ICML-2024-A007751,Dan Alistarh,UNKNOWN,UNKNOWN,ICML,2024
ICML-2024-A007752,Viktor Nilsson,UNKNOWN,UNKNOWN,ICML,2024
ICML-2024-A007753,Anirban Samaddar,UNKNOWN,UNKNOWN,ICML,2024
ICML-2024-A007754,Sandeep Madireddy,UNKNOWN,UNKNOWN,ICML,2024
ICML-2024-A007755,Pierre Nyquist,UNKNOWN,UNKNOWN,ICML,2024
ICML-2024-A007756,Alfred Nilsson,UNKNOWN,UNKNOWN,ICML,2024
ICML-2024-A007757,Klas Wijk,UNKNOWN,UNKNOWN,ICML,2024
ICML-2024-A007758,Sai Bharath Chandra Gutha,UNKNOWN,UNKNOWN,ICML,2024
ICML-2024-A007759,Erik Englesson,UNKNOWN,UNKNOWN,ICML,2024
ICML-2024-A007760,Alexandra Hotti,UNKNOWN,UNKNOWN,ICML,2024
ICML-2024-A007761,Carlo Saccardi,UNKNOWN,UNKNOWN,ICML,2024
ICML-2024-A007762,Oskar Kviman,UNKNOWN,UNKNOWN,ICML,2024
ICML-2024-A007763,Jens Lagergren,UNKNOWN,UNKNOWN,ICML,2024
ICML-2024-A007764,Ricardo Vinuesa Motilva,UNKNOWN,UNKNOWN,ICML,2024
ICML-2024-A007765,Hossein Azizpour,UNKNOWN,UNKNOWN,ICML,2024
ICML-2024-A007766,Masaaki Nishino,UNKNOWN,UNKNOWN,ICML,2024
ICML-2024-A007767,Kengo Nakamura,UNKNOWN,UNKNOWN,ICML,2024
ICML-2024-A007768,Norihito Yasuda,UNKNOWN,UNKNOWN,ICML,2024
ICML-2024-A007769,Apoorva Nitsure,UNKNOWN,UNKNOWN,ICML,2024
ICML-2024-A007770,Youssef Mroueh,UNKNOWN,UNKNOWN,ICML,2024
ICML-2024-A007771,Mattia Rigotti,UNKNOWN,UNKNOWN,ICML,2024
ICML-2024-A007772,Kristjan Greenewald,UNKNOWN,UNKNOWN,ICML,2024
ICML-2024-A007773,Brian Belgodere,UNKNOWN,UNKNOWN,ICML,2024
ICML-2024-A007774,Mikhail Yurochkin,UNKNOWN,UNKNOWN,ICML,2024
ICML-2024-A007775,Jiri Navratil,UNKNOWN,UNKNOWN,ICML,2024
ICML-2024-A007776,Igor Melnyk,UNKNOWN,UNKNOWN,ICML,2024
ICML-2024-A007777,Jarret Ross,UNKNOWN,UNKNOWN,ICML,2024
ICML-2024-A007778,Shuaicheng Niu,UNKNOWN,UNKNOWN,ICML,2024
ICML-2024-A007779,Chunyan Miao,UNKNOWN,UNKNOWN,ICML,2024
ICML-2024-A007780,Guohao Chen,UNKNOWN,UNKNOWN,ICML,2024
ICML-2024-A007781,Pengcheng Wu,UNKNOWN,UNKNOWN,ICML,2024
ICML-2024-A007782,Peilin Zhao,UNKNOWN,UNKNOWN,ICML,2024
ICML-2024-A007783,Xinlei Niu,UNKNOWN,UNKNOWN,ICML,2024
ICML-2024-A007784,Christian Walder,UNKNOWN,UNKNOWN,ICML,2024
ICML-2024-A007785,Jing Zhang,UNKNOWN,UNKNOWN,ICML,2024
ICML-2024-A007786,Charles Patrick Martin,UNKNOWN,UNKNOWN,ICML,2024
ICML-2024-A007787,Puhua Niu,UNKNOWN,UNKNOWN,ICML,2024
ICML-2024-A007788,Shili Wu,UNKNOWN,UNKNOWN,ICML,2024
ICML-2024-A007789,Mingzhou Fan,UNKNOWN,UNKNOWN,ICML,2024
ICML-2024-A007790,Xiaoning Qian,UNKNOWN,UNKNOWN,ICML,2024
ICML-2024-A007791,Ruijia Niu,UNKNOWN,UNKNOWN,ICML,2024
ICML-2024-A007792,Dongxia Wu,UNKNOWN,UNKNOWN,ICML,2024
ICML-2024-A007793,Kai Kim,UNKNOWN,UNKNOWN,ICML,2024
ICML-2024-A007794,Yian Ma,UNKNOWN,UNKNOWN,ICML,2024
ICML-2024-A007795,Duncan Watson-Parris,UNKNOWN,UNKNOWN,ICML,2024
ICML-2024-A007796,Rose Yu,UNKNOWN,UNKNOWN,ICML,2024
ICML-2024-A007797,Divya Nori,UNKNOWN,UNKNOWN,ICML,2024
ICML-2024-A007798,Wengong Jin,UNKNOWN,UNKNOWN,ICML,2024
ICML-2024-A007799,Kolby Nottingham,UNKNOWN,UNKNOWN,ICML,2024
ICML-2024-A007800,Bodhisattwa Prasad Majumder,UNKNOWN,UNKNOWN,ICML,2024
ICML-2024-A007801,Bhavana Dalvi Mishra,UNKNOWN,UNKNOWN,ICML,2024
ICML-2024-A007802,Sameer Singh,UNKNOWN,UNKNOWN,ICML,2024
ICML-2024-A007803,Peter Clark,UNKNOWN,UNKNOWN,ICML,2024
ICML-2024-A007804,Roy Fox,UNKNOWN,UNKNOWN,ICML,2024
ICML-2024-A007805,Zachary Novack,UNKNOWN,UNKNOWN,ICML,2024
ICML-2024-A007806,Julian Mcauley,UNKNOWN,UNKNOWN,ICML,2024
ICML-2024-A007807,Taylor Berg-Kirkpatrick,UNKNOWN,UNKNOWN,ICML,2024
ICML-2024-A007808,Nicholas J. Bryan,UNKNOWN,UNKNOWN,ICML,2024
ICML-2024-A007809,Nicola Novello,UNKNOWN,UNKNOWN,ICML,2024
ICML-2024-A007810,Andrea M Tonello,UNKNOWN,UNKNOWN,ICML,2024
ICML-2024-A007811,Aleksandra Nowak,UNKNOWN,UNKNOWN,ICML,2024
ICML-2024-A007812,Łukasz Gniecki,UNKNOWN,UNKNOWN,ICML,2024
ICML-2024-A007813,Filip Szatkowski,UNKNOWN,UNKNOWN,ICML,2024
ICML-2024-A007814,Jacek Tabor,UNKNOWN,UNKNOWN,ICML,2024
ICML-2024-A007815,Johan Samir Obando Ceron,UNKNOWN,UNKNOWN,ICML,2024
ICML-2024-A007816,Aaron Courville,UNKNOWN,UNKNOWN,ICML,2024
ICML-2024-A007817,Pablo Samuel Castro,UNKNOWN,UNKNOWN,ICML,2024
ICML-2024-A007818,Johan Samir Obando Ceron,UNKNOWN,UNKNOWN,ICML,2024
ICML-2024-A007819,Ghada Sokar,UNKNOWN,UNKNOWN,ICML,2024
ICML-2024-A007820,Timon Willi,UNKNOWN,UNKNOWN,ICML,2024
ICML-2024-A007821,Clare Lyle,UNKNOWN,UNKNOWN,ICML,2024
ICML-2024-A007822,Jesse Farebrother,UNKNOWN,UNKNOWN,ICML,2024
ICML-2024-A007823,Jakob Nicolaus Foerster,UNKNOWN,UNKNOWN,ICML,2024
ICML-2024-A007824,Gintare Karolina Dziugaite,UNKNOWN,UNKNOWN,ICML,2024
ICML-2024-A007825,Doina Precup,UNKNOWN,UNKNOWN,ICML,2024
ICML-2024-A007826,Pablo Samuel Castro,UNKNOWN,UNKNOWN,ICML,2024
ICML-2024-A007827,Jeongheon Oh,UNKNOWN,UNKNOWN,ICML,2024
ICML-2024-A007828,Kibok Lee,UNKNOWN,UNKNOWN,ICML,2024
ICML-2024-A007829,Hyunseok Oh,UNKNOWN,UNKNOWN,ICML,2024
ICML-2024-A007830,Youngki Lee,UNKNOWN,UNKNOWN,ICML,2024
ICML-2024-A007831,Guy Ohayon,UNKNOWN,UNKNOWN,ICML,2024
ICML-2024-A007832,Tomer Michaeli,UNKNOWN,UNKNOWN,ICML,2024
ICML-2024-A007833,Michael Elad,UNKNOWN,UNKNOWN,ICML,2024
ICML-2024-A007834,Tuomas Oikarinen,UNKNOWN,UNKNOWN,ICML,2024
ICML-2024-A007835,Tsui-Wei Weng,UNKNOWN,UNKNOWN,ICML,2024
ICML-2024-A007836,Konstantinos Oikonomidis,UNKNOWN,UNKNOWN,ICML,2024
ICML-2024-A007837,Emanuel Laude,UNKNOWN,UNKNOWN,ICML,2024
ICML-2024-A007838,Puya Latafat,UNKNOWN,UNKNOWN,ICML,2024
ICML-2024-A007839,Andreas Themelis,UNKNOWN,UNKNOWN,ICML,2024
ICML-2024-A007840,Panagiotis Patrinos,UNKNOWN,UNKNOWN,ICML,2024
ICML-2024-A007841,Kazusato Oko,UNKNOWN,UNKNOWN,ICML,2024
ICML-2024-A007842,Shunta Akiyama,UNKNOWN,UNKNOWN,ICML,2024
ICML-2024-A007843,Denny Wu,UNKNOWN,UNKNOWN,ICML,2024
ICML-2024-A007844,Tomoya Murata,UNKNOWN,UNKNOWN,ICML,2024
ICML-2024-A007845,Taiji Suzuki,UNKNOWN,UNKNOWN,ICML,2024
ICML-2024-A007846,Harrie Oosterhuis,UNKNOWN,UNKNOWN,ICML,2024
ICML-2024-A007847,Lijun Lyu,UNKNOWN,UNKNOWN,ICML,2024
ICML-2024-A007848,Avishek Anand,UNKNOWN,UNKNOWN,ICML,2024
ICML-2024-A007849,Andreas Opedal,UNKNOWN,UNKNOWN,ICML,2024
ICML-2024-A007850,Alessandro Stolfo,UNKNOWN,UNKNOWN,ICML,2024
ICML-2024-A007851,Haruki Shirakami,UNKNOWN,UNKNOWN,ICML,2024
ICML-2024-A007852,Ying Jiao,UNKNOWN,UNKNOWN,ICML,2024
ICML-2024-A007853,Ryan Cotterell,UNKNOWN,UNKNOWN,ICML,2024
ICML-2024-A007854,Bernhard Schölkopf,UNKNOWN,UNKNOWN,ICML,2024
ICML-2024-A007855,Abulhair Saparov,UNKNOWN,UNKNOWN,ICML,2024
ICML-2024-A007856,Mrinmaya Sachan,UNKNOWN,UNKNOWN,ICML,2024
ICML-2024-A007857,Elena Orlova,UNKNOWN,UNKNOWN,ICML,2024
ICML-2024-A007858,Aleksei Ustimenko,UNKNOWN,UNKNOWN,ICML,2024
ICML-2024-A007859,Ruoxi Jiang,UNKNOWN,UNKNOWN,ICML,2024
ICML-2024-A007860,Peter Y. Lu,UNKNOWN,UNKNOWN,ICML,2024
ICML-2024-A007861,Rebecca Willett,UNKNOWN,UNKNOWN,ICML,2024
ICML-2024-A007862,Luis A. Ortega,UNKNOWN,UNKNOWN,ICML,2024
ICML-2024-A007863,Simon Rodriguez Santana,UNKNOWN,UNKNOWN,ICML,2024
ICML-2024-A007864,Daniel Hernández-Lobato,UNKNOWN,UNKNOWN,ICML,2024
ICML-2024-A007865,Antonio Orvieto,UNKNOWN,UNKNOWN,ICML,2024
ICML-2024-A007866,Soham De,UNKNOWN,UNKNOWN,ICML,2024
ICML-2024-A007867,Caglar Gulcehre,UNKNOWN,UNKNOWN,ICML,2024
ICML-2024-A007868,Razvan Pascanu,UNKNOWN,UNKNOWN,ICML,2024
ICML-2024-A007869,Samuel L Smith,UNKNOWN,UNKNOWN,ICML,2024
ICML-2024-A007870,Takayuki Osa,UNKNOWN,UNKNOWN,ICML,2024
ICML-2024-A007871,Tatsuya Harada,UNKNOWN,UNKNOWN,ICML,2024
ICML-2024-A007872,Oleksiy Ostapenko,UNKNOWN,UNKNOWN,ICML,2024
ICML-2024-A007873,Zhan Su,UNKNOWN,UNKNOWN,ICML,2024
ICML-2024-A007874,Edoardo Ponti,UNKNOWN,UNKNOWN,ICML,2024
ICML-2024-A007875,Laurent Charlin,UNKNOWN,UNKNOWN,ICML,2024
ICML-2024-A007876,Nicolas Le Roux,UNKNOWN,UNKNOWN,ICML,2024
ICML-2024-A007877,Lucas Caccia,UNKNOWN,UNKNOWN,ICML,2024
ICML-2024-A007878,Alessandro Sordoni,UNKNOWN,UNKNOWN,ICML,2024
ICML-2024-A007879,Amine Ouasfi,UNKNOWN,UNKNOWN,ICML,2024
ICML-2024-A007880,Adnane Boukhayma,UNKNOWN,UNKNOWN,ICML,2024
ICML-2024-A007881,Ziyad Oulhaj,UNKNOWN,UNKNOWN,ICML,2024
ICML-2024-A007882,Mathieu Carrière,UNKNOWN,UNKNOWN,ICML,2024
ICML-2024-A007883,Bertrand Michel,UNKNOWN,UNKNOWN,ICML,2024
ICML-2024-A007884,Siru Ouyang,UNKNOWN,UNKNOWN,ICML,2024
ICML-2024-A007885,Zhuosheng Zhang,UNKNOWN,UNKNOWN,ICML,2024
ICML-2024-A007886,Bing Yan,UNKNOWN,UNKNOWN,ICML,2024
ICML-2024-A007887,Xuan Liu,UNKNOWN,UNKNOWN,ICML,2024
ICML-2024-A007888,Yejin Choi,UNKNOWN,UNKNOWN,ICML,2024
ICML-2024-A007889,Jiawei Han,UNKNOWN,UNKNOWN,ICML,2024
ICML-2024-A007890,Lianhui Qin,UNKNOWN,UNKNOWN,ICML,2024
ICML-2024-A007891,Guneykan Ozgul,UNKNOWN,UNKNOWN,ICML,2024
ICML-2024-A007892,Xiantao Li,UNKNOWN,UNKNOWN,ICML,2024
ICML-2024-A007893,Mehrdad Mahdavi,UNKNOWN,UNKNOWN,ICML,2024
ICML-2024-A007894,Chunhao Wang,UNKNOWN,UNKNOWN,ICML,2024
ICML-2024-A007895,Kaan Ozkara,UNKNOWN,UNKNOWN,ICML,2024
ICML-2024-A007896,Can Karakus,UNKNOWN,UNKNOWN,ICML,2024
ICML-2024-A007897,Parameswaran Raman,UNKNOWN,UNKNOWN,ICML,2024
ICML-2024-A007898,Mingyi Hong,UNKNOWN,UNKNOWN,ICML,2024
ICML-2024-A007899,Shoham Sabach,UNKNOWN,UNKNOWN,ICML,2024
ICML-2024-A007900,Branislav Kveton,UNKNOWN,UNKNOWN,ICML,2024
ICML-2024-A007901,Volkan Cevher,UNKNOWN,UNKNOWN,ICML,2024
ICML-2024-A007902,Francesco Paissan,UNKNOWN,UNKNOWN,ICML,2024
ICML-2024-A007903,Mirco Ravanelli,UNKNOWN,UNKNOWN,ICML,2024
ICML-2024-A007904,Cem Subakan,UNKNOWN,UNKNOWN,ICML,2024
ICML-2024-A007905,Sourav Pal,UNKNOWN,UNKNOWN,ICML,2024
ICML-2024-A007906,Harshavardhan Adepu,UNKNOWN,UNKNOWN,ICML,2024
ICML-2024-A007907,Clinton Wang,UNKNOWN,UNKNOWN,ICML,2024
ICML-2024-A007908,Polina Golland,UNKNOWN,UNKNOWN,ICML,2024
ICML-2024-A007909,Vikas Singh,UNKNOWN,UNKNOWN,ICML,2024
ICML-2024-A007910,Alessandro B. Palmarini,UNKNOWN,UNKNOWN,ICML,2024
ICML-2024-A007911,Christopher G. Lucas,UNKNOWN,UNKNOWN,ICML,2024
ICML-2024-A007912,Siddharth N,UNKNOWN,UNKNOWN,ICML,2024
ICML-2024-A007913,Nils Palumbo,UNKNOWN,UNKNOWN,ICML,2024
ICML-2024-A007914,Yang Guo,UNKNOWN,UNKNOWN,ICML,2024
ICML-2024-A007915,Xi Wu,UNKNOWN,UNKNOWN,ICML,2024
ICML-2024-A007916,Jiefeng Chen,UNKNOWN,UNKNOWN,ICML,2024
ICML-2024-A007917,Yingyu Liang,UNKNOWN,UNKNOWN,ICML,2024
ICML-2024-A007918,Somesh Jha,UNKNOWN,UNKNOWN,ICML,2024
ICML-2024-A007919,Yushu Pan,UNKNOWN,UNKNOWN,ICML,2024
ICML-2024-A007920,Elias Bareinboim,UNKNOWN,UNKNOWN,ICML,2024
ICML-2024-A007921,Jiarong Pan,UNKNOWN,UNKNOWN,ICML,2024
ICML-2024-A007922,Stefan Falkner,UNKNOWN,UNKNOWN,ICML,2024
ICML-2024-A007923,Felix Berkenkamp,UNKNOWN,UNKNOWN,ICML,2024
ICML-2024-A007924,Joaquin Vanschoren,UNKNOWN,UNKNOWN,ICML,2024
ICML-2024-A007925,Zijie Pan,UNKNOWN,UNKNOWN,ICML,2024
ICML-2024-A007926,Yushan Jiang,UNKNOWN,UNKNOWN,ICML,2024
ICML-2024-A007927,Sahil Garg,UNKNOWN,UNKNOWN,ICML,2024
ICML-2024-A007928,Anderson Schneider,UNKNOWN,UNKNOWN,ICML,2024
ICML-2024-A007929,Yuriy Nevmyvaka,UNKNOWN,UNKNOWN,ICML,2024
ICML-2024-A007930,Dongjin Song,UNKNOWN,UNKNOWN,ICML,2024
ICML-2024-A007931,Alexander Pan,UNKNOWN,UNKNOWN,ICML,2024
ICML-2024-A007932,Erik Jones,UNKNOWN,UNKNOWN,ICML,2024
ICML-2024-A007933,Meena Jagadeesan,UNKNOWN,UNKNOWN,ICML,2024
ICML-2024-A007934,Jacob Steinhardt,UNKNOWN,UNKNOWN,ICML,2024
ICML-2024-A007935,Xiaokang Pan,UNKNOWN,UNKNOWN,ICML,2024
ICML-2024-A007936,Xingyu Li,UNKNOWN,UNKNOWN,ICML,2024
ICML-2024-A007937,Jin Liu,UNKNOWN,UNKNOWN,ICML,2024
ICML-2024-A007938,Tao Sun,UNKNOWN,UNKNOWN,ICML,2024
ICML-2024-A007939,Kai Sun,UNKNOWN,UNKNOWN,ICML,2024
ICML-2024-A007940,Lixing Chen,UNKNOWN,UNKNOWN,ICML,2024
ICML-2024-A007941,Zhe Qu,UNKNOWN,UNKNOWN,ICML,2024
ICML-2024-A007942,Haihui Pan,UNKNOWN,UNKNOWN,ICML,2024
ICML-2024-A007943,Zhifang Liao,UNKNOWN,UNKNOWN,ICML,2024
ICML-2024-A007944,Wenrui Xie,UNKNOWN,UNKNOWN,ICML,2024
ICML-2024-A007945,Kun Han,UNKNOWN,UNKNOWN,ICML,2024
ICML-2024-A007946,Michelle Pan,UNKNOWN,UNKNOWN,ICML,2024
ICML-2024-A007947,Mariah L Schrum,UNKNOWN,UNKNOWN,ICML,2024
ICML-2024-A007948,Vivek Myers,UNKNOWN,UNKNOWN,ICML,2024
ICML-2024-A007949,Erdem Biyik,UNKNOWN,UNKNOWN,ICML,2024
ICML-2024-A007950,Anca Dragan,UNKNOWN,UNKNOWN,ICML,2024
ICML-2024-A007951,Kaihang Pan,UNKNOWN,UNKNOWN,ICML,2024
ICML-2024-A007952,Siliang Tang,UNKNOWN,UNKNOWN,ICML,2024
ICML-2024-A007953,Juncheng Li,UNKNOWN,UNKNOWN,ICML,2024
ICML-2024-A007954,Zhaoyu Fan,UNKNOWN,UNKNOWN,ICML,2024
ICML-2024-A007955,Wei Chow,UNKNOWN,UNKNOWN,ICML,2024
ICML-2024-A007956,Shuicheng Yan,UNKNOWN,UNKNOWN,ICML,2024
ICML-2024-A007957,Tat-Seng Chua,UNKNOWN,UNKNOWN,ICML,2024
ICML-2024-A007958,Yueting Zhuang,UNKNOWN,UNKNOWN,ICML,2024
ICML-2024-A007959,Hanwang Zhang,UNKNOWN,UNKNOWN,ICML,2024
ICML-2024-A007960,Kishan Panaganti,UNKNOWN,UNKNOWN,ICML,2024
ICML-2024-A007961,Adam Wierman,UNKNOWN,UNKNOWN,ICML,2024
ICML-2024-A007962,Eric Mazumdar,UNKNOWN,UNKNOWN,ICML,2024
ICML-2024-A007963,Ashwinee Panda,UNKNOWN,UNKNOWN,ICML,2024
ICML-2024-A007964,Xinyu Tang,UNKNOWN,UNKNOWN,ICML,2024
ICML-2024-A007965,Saeed Mahloujifar,UNKNOWN,UNKNOWN,ICML,2024
ICML-2024-A007966,Vikash Sehwag,UNKNOWN,UNKNOWN,ICML,2024
ICML-2024-A007967,Prateek Mittal,UNKNOWN,UNKNOWN,ICML,2024
ICML-2024-A007968,Gaurav Pandey,UNKNOWN,UNKNOWN,ICML,2024
ICML-2024-A007969,Yatin Nandwani,UNKNOWN,UNKNOWN,ICML,2024
ICML-2024-A007970,Tahira Naseem,UNKNOWN,UNKNOWN,ICML,2024
ICML-2024-A007971,Mayank Mishra,UNKNOWN,UNKNOWN,ICML,2024
ICML-2024-A007972,Guangxuan Xu,UNKNOWN,UNKNOWN,ICML,2024
ICML-2024-A007973,Dinesh Raghu,UNKNOWN,UNKNOWN,ICML,2024
ICML-2024-A007974,Sachindra Joshi,UNKNOWN,UNKNOWN,ICML,2024
ICML-2024-A007975,Asim Munawar,UNKNOWN,UNKNOWN,ICML,2024
ICML-2024-A007976,Ramón Fernandez Astudillo,UNKNOWN,UNKNOWN,ICML,2024
ICML-2024-A007977,Xianghe Pang,UNKNOWN,UNKNOWN,ICML,2024
ICML-2024-A007978,Shuo Tang,UNKNOWN,UNKNOWN,ICML,2024
ICML-2024-A007979,Rui Ye,UNKNOWN,UNKNOWN,ICML,2024
ICML-2024-A007980,Yuxin Xiong,UNKNOWN,UNKNOWN,ICML,2024
ICML-2024-A007981,Bolun Zhang,UNKNOWN,UNKNOWN,ICML,2024
ICML-2024-A007982,Yanfeng Wang,UNKNOWN,UNKNOWN,ICML,2024
ICML-2024-A007983,Siheng Chen,UNKNOWN,UNKNOWN,ICML,2024
ICML-2024-A007984,Abhishek Panigrahi,UNKNOWN,UNKNOWN,ICML,2024
ICML-2024-A007985,Sadhika Malladi,UNKNOWN,UNKNOWN,ICML,2024
ICML-2024-A007986,Mengzhou Xia,UNKNOWN,UNKNOWN,ICML,2024
ICML-2024-A007987,Sanjeev Arora,UNKNOWN,UNKNOWN,ICML,2024
ICML-2024-A007988,Giuseppe Paolo,UNKNOWN,UNKNOWN,ICML,2024
ICML-2024-A007989,Jonas Gonzalez-Billandon,UNKNOWN,UNKNOWN,ICML,2024
ICML-2024-A007990,Balázs Kégl,UNKNOWN,UNKNOWN,ICML,2024
ICML-2024-A007991,Vassilis Papadopoulos,UNKNOWN,UNKNOWN,ICML,2024
ICML-2024-A007992,Jérémie Wenger,UNKNOWN,UNKNOWN,ICML,2024
ICML-2024-A007993,Clément Hongler,UNKNOWN,UNKNOWN,ICML,2024
ICML-2024-A007994,Theodore Papamarkou,UNKNOWN,UNKNOWN,ICML,2024
ICML-2024-A007995,Tolga Birdal,UNKNOWN,UNKNOWN,ICML,2024
ICML-2024-A007996,Michael M. Bronstein,UNKNOWN,UNKNOWN,ICML,2024
ICML-2024-A007997,Gunnar E. Carlsson,UNKNOWN,UNKNOWN,ICML,2024
ICML-2024-A007998,Justin Curry,UNKNOWN,UNKNOWN,ICML,2024
ICML-2024-A007999,Yue Gao,UNKNOWN,UNKNOWN,ICML,2024
ICML-2024-A008000,Mustafa Hajij,UNKNOWN,UNKNOWN,ICML,2024
ICML-2024-A008001,Roland Kwitt,UNKNOWN,UNKNOWN,ICML,2024
ICML-2024-A008002,Pietro Lio,UNKNOWN,UNKNOWN,ICML,2024
ICML-2024-A008003,Paolo Di Lorenzo,UNKNOWN,UNKNOWN,ICML,2024
ICML-2024-A008004,Vasileios Maroulas,UNKNOWN,UNKNOWN,ICML,2024
ICML-2024-A008005,Nina Miolane,UNKNOWN,UNKNOWN,ICML,2024
ICML-2024-A008006,Farzana Nasrin,UNKNOWN,UNKNOWN,ICML,2024
ICML-2024-A008007,Karthikeyan Natesan Ramamurthy,UNKNOWN,UNKNOWN,ICML,2024
ICML-2024-A008008,Bastian Rieck,UNKNOWN,UNKNOWN,ICML,2024
ICML-2024-A008009,Simone Scardapane,UNKNOWN,UNKNOWN,ICML,2024
ICML-2024-A008010,Michael T Schaub,UNKNOWN,UNKNOWN,ICML,2024
ICML-2024-A008011,Petar Veličković,UNKNOWN,UNKNOWN,ICML,2024
ICML-2024-A008012,Bei Wang,UNKNOWN,UNKNOWN,ICML,2024
ICML-2024-A008013,Yusu Wang,UNKNOWN,UNKNOWN,ICML,2024
ICML-2024-A008014,Guowei Wei,UNKNOWN,UNKNOWN,ICML,2024
ICML-2024-A008015,Ghada Zamzmi,UNKNOWN,UNKNOWN,ICML,2024
ICML-2024-A008016,Theodore Papamarkou,highlights some exciting research avenues aimed,UNKNOWN,ICML,2024
ICML-2024-A008017,Maria Skoularidou,highlights some exciting research avenues aimed,UNKNOWN,ICML,2024
ICML-2024-A008018,Konstantina Palla,highlights some exciting research avenues aimed,UNKNOWN,ICML,2024
ICML-2024-A008019,Laurence Aitchison,highlights some exciting research avenues aimed,UNKNOWN,ICML,2024
ICML-2024-A008020,Julyan Arbel,highlights some exciting research avenues aimed,UNKNOWN,ICML,2024
ICML-2024-A008021,David Dunson,highlights some exciting research avenues aimed,UNKNOWN,ICML,2024
ICML-2024-A008022,Maurizio Filippone,highlights some exciting research avenues aimed,UNKNOWN,ICML,2024
ICML-2024-A008023,Vincent Fortuin,highlights some exciting research avenues aimed,UNKNOWN,ICML,2024
ICML-2024-A008024,Philipp Hennig,highlights some exciting research avenues aimed,UNKNOWN,ICML,2024
ICML-2024-A008025,José Miguel Hernández-Lobato,highlights some exciting research avenues aimed,UNKNOWN,ICML,2024
ICML-2024-A008026,Aliaksandr Hubin,highlights some exciting research avenues aimed,UNKNOWN,ICML,2024
ICML-2024-A008027,Alexander Immer,highlights some exciting research avenues aimed,UNKNOWN,ICML,2024
ICML-2024-A008028,Theofanis Karaletsos,highlights some exciting research avenues aimed,UNKNOWN,ICML,2024
ICML-2024-A008029,Mohammad Emtiyaz Khan,highlights some exciting research avenues aimed,UNKNOWN,ICML,2024
ICML-2024-A008030,Agustinus Kristiadi,highlights some exciting research avenues aimed,UNKNOWN,ICML,2024
ICML-2024-A008031,Yingzhen Li,highlights some exciting research avenues aimed,UNKNOWN,ICML,2024
ICML-2024-A008032,Stephan Mandt,highlights some exciting research avenues aimed,UNKNOWN,ICML,2024
ICML-2024-A008033,Christopher Nemeth,highlights some exciting research avenues aimed,UNKNOWN,ICML,2024
ICML-2024-A008034,Michael A Osborne,highlights some exciting research avenues aimed,UNKNOWN,ICML,2024
ICML-2024-A008035,Tim G. J. Rudner,highlights some exciting research avenues aimed,UNKNOWN,ICML,2024
ICML-2024-A008036,David Rügamer,highlights some exciting research avenues aimed,UNKNOWN,ICML,2024
ICML-2024-A008037,Yee Whye Teh,highlights some exciting research avenues aimed,UNKNOWN,ICML,2024
ICML-2024-A008038,Max Welling,highlights some exciting research avenues aimed,UNKNOWN,ICML,2024
ICML-2024-A008039,Andrew Gordon Wilson,highlights some exciting research avenues aimed,UNKNOWN,ICML,2024
ICML-2024-A008040,Ruqi Zhang,highlights some exciting research avenues aimed,UNKNOWN,ICML,2024
ICML-2024-A008041,Sangjun Park,UNKNOWN,UNKNOWN,ICML,2024
ICML-2024-A008042,Jinyeong Bak,UNKNOWN,UNKNOWN,ICML,2024
ICML-2024-A008043,Giseung Park,UNKNOWN,UNKNOWN,ICML,2024
ICML-2024-A008044,Woohyeon Byeon,UNKNOWN,UNKNOWN,ICML,2024
ICML-2024-A008045,Seongmin Kim,UNKNOWN,UNKNOWN,ICML,2024
ICML-2024-A008046,Elad Havakuk,UNKNOWN,UNKNOWN,ICML,2024
ICML-2024-A008047,Amir Leshem,UNKNOWN,UNKNOWN,ICML,2024
ICML-2024-A008048,Youngchul Sung,UNKNOWN,UNKNOWN,ICML,2024
ICML-2024-A008049,Kiho Park,UNKNOWN,UNKNOWN,ICML,2024
ICML-2024-A008050,Yo Joong Choe,UNKNOWN,UNKNOWN,ICML,2024
ICML-2024-A008051,Victor Veitch,UNKNOWN,UNKNOWN,ICML,2024
ICML-2024-A008052,Moonjeong Park,UNKNOWN,UNKNOWN,ICML,2024
ICML-2024-A008053,Jaeseung Heo,UNKNOWN,UNKNOWN,ICML,2024
ICML-2024-A008054,Dongwoo Kim,UNKNOWN,UNKNOWN,ICML,2024
ICML-2024-A008055,Yeonhong Park,UNKNOWN,UNKNOWN,ICML,2024
ICML-2024-A008056,Jake Hyun,UNKNOWN,UNKNOWN,ICML,2024
ICML-2024-A008057,Sanglyul Cho,UNKNOWN,UNKNOWN,ICML,2024
ICML-2024-A008058,Bonggeun Sim,UNKNOWN,UNKNOWN,ICML,2024
ICML-2024-A008059,Jae W. Lee,UNKNOWN,UNKNOWN,ICML,2024
ICML-2024-A008060,Sungwoo Park,UNKNOWN,UNKNOWN,ICML,2024
ICML-2024-A008061,Dongjun Kim,UNKNOWN,UNKNOWN,ICML,2024
ICML-2024-A008062,Ahmed Alaa,UNKNOWN,UNKNOWN,ICML,2024
ICML-2024-A008063,Seohong Park,UNKNOWN,UNKNOWN,ICML,2024
ICML-2024-A008064,Tobias Kreiman,UNKNOWN,UNKNOWN,ICML,2024
ICML-2024-A008065,Sergey Levine,UNKNOWN,UNKNOWN,ICML,2024
ICML-2024-A008066,Chanho Park,UNKNOWN,UNKNOWN,ICML,2024
ICML-2024-A008067,Namyoon Lee,UNKNOWN,UNKNOWN,ICML,2024
ICML-2024-A008068,Younghyo Park,UNKNOWN,UNKNOWN,ICML,2024
ICML-2024-A008069,Gabriel B. Margolis,UNKNOWN,UNKNOWN,ICML,2024
ICML-2024-A008070,Pulkit Agrawal,UNKNOWN,UNKNOWN,ICML,2024
ICML-2024-A008071,Jongho Park,UNKNOWN,UNKNOWN,ICML,2024
ICML-2024-A008072,Jaeseung Park,UNKNOWN,UNKNOWN,ICML,2024
ICML-2024-A008073,Zheyang Xiong,UNKNOWN,UNKNOWN,ICML,2024
ICML-2024-A008074,Nayoung Lee,UNKNOWN,UNKNOWN,ICML,2024
ICML-2024-A008075,Jaewoong Cho,UNKNOWN,UNKNOWN,ICML,2024
ICML-2024-A008076,Samet Oymak,UNKNOWN,UNKNOWN,ICML,2024
ICML-2024-A008077,Kangwook Lee,UNKNOWN,UNKNOWN,ICML,2024
ICML-2024-A008078,Dimitris Papailiopoulos,UNKNOWN,UNKNOWN,ICML,2024
ICML-2024-A008079,Ji Won Park,UNKNOWN,UNKNOWN,ICML,2024
ICML-2024-A008080,Natasa Tagasovska,UNKNOWN,UNKNOWN,ICML,2024
ICML-2024-A008081,Michael Maser,UNKNOWN,UNKNOWN,ICML,2024
ICML-2024-A008082,Stephen Ra,UNKNOWN,UNKNOWN,ICML,2024
ICML-2024-A008083,Kyunghyun Cho,UNKNOWN,UNKNOWN,ICML,2024
ICML-2024-A008084,Rom Parnichkun,UNKNOWN,UNKNOWN,ICML,2024
ICML-2024-A008085,Stefano Massaroli,UNKNOWN,UNKNOWN,ICML,2024
ICML-2024-A008086,Alessandro Moro,UNKNOWN,UNKNOWN,ICML,2024
ICML-2024-A008087,Jimmy T.H. Smith,UNKNOWN,UNKNOWN,ICML,2024
ICML-2024-A008088,Ramin Hasani,UNKNOWN,UNKNOWN,ICML,2024
ICML-2024-A008089,Mathias Lechner,UNKNOWN,UNKNOWN,ICML,2024
ICML-2024-A008090,Qi An,UNKNOWN,UNKNOWN,ICML,2024
ICML-2024-A008091,Christopher Re,UNKNOWN,UNKNOWN,ICML,2024
ICML-2024-A008092,Hajime Asama,UNKNOWN,UNKNOWN,ICML,2024
ICML-2024-A008093,Stefano Ermon,UNKNOWN,UNKNOWN,ICML,2024
ICML-2024-A008094,Taiji Suzuki,UNKNOWN,UNKNOWN,ICML,2024
ICML-2024-A008095,Michael Poli,UNKNOWN,UNKNOWN,ICML,2024
ICML-2024-A008096,Atsushi Yamashita,UNKNOWN,UNKNOWN,ICML,2024
ICML-2024-A008097,Yash Patel,UNKNOWN,UNKNOWN,ICML,2024
ICML-2024-A008098,Declan Mcnamara,UNKNOWN,UNKNOWN,ICML,2024
ICML-2024-A008099,Jackson Loper,UNKNOWN,UNKNOWN,ICML,2024
ICML-2024-A008100,Jeffrey Regier,UNKNOWN,UNKNOWN,ICML,2024
ICML-2024-A008101,Ambuj Tewari,UNKNOWN,UNKNOWN,ICML,2024
ICML-2024-A008102,Bhrij Patel,UNKNOWN,UNKNOWN,ICML,2024
ICML-2024-A008103,Wesley A Suttle,UNKNOWN,UNKNOWN,ICML,2024
ICML-2024-A008104,Alec Koppel,UNKNOWN,UNKNOWN,ICML,2024
ICML-2024-A008105,Vaneet Aggarwal,UNKNOWN,UNKNOWN,ICML,2024
ICML-2024-A008106,Brian M. Sadler,UNKNOWN,UNKNOWN,ICML,2024
ICML-2024-A008107,Dinesh Manocha,UNKNOWN,UNKNOWN,ICML,2024
ICML-2024-A008108,Amrit Bedi,UNKNOWN,UNKNOWN,ICML,2024
ICML-2024-A008109,Pratik Patil,UNKNOWN,UNKNOWN,ICML,2024
ICML-2024-A008110,Jin-Hong Du,UNKNOWN,UNKNOWN,ICML,2024
ICML-2024-A008111,Ryan Tibshirani,UNKNOWN,UNKNOWN,ICML,2024
ICML-2024-A008112,Kartik Patwari,UNKNOWN,UNKNOWN,ICML,2024
ICML-2024-A008113,Chen-Nee Chuah,UNKNOWN,UNKNOWN,ICML,2024
ICML-2024-A008114,Lingjuan Lyu,UNKNOWN,UNKNOWN,ICML,2024
ICML-2024-A008115,Vivek Sharma,UNKNOWN,UNKNOWN,ICML,2024
ICML-2024-A008116,Jan Pauls,UNKNOWN,UNKNOWN,ICML,2024
ICML-2024-A008117,Max Zimmer,UNKNOWN,UNKNOWN,ICML,2024
ICML-2024-A008118,Una M. Kelly,UNKNOWN,UNKNOWN,ICML,2024
ICML-2024-A008119,Martin Schwartz,UNKNOWN,UNKNOWN,ICML,2024
ICML-2024-A008120,Sassan Saatchi,UNKNOWN,UNKNOWN,ICML,2024
ICML-2024-A008121,Philippe Ciais,UNKNOWN,UNKNOWN,ICML,2024
ICML-2024-A008122,Sebastian Pokutta,UNKNOWN,UNKNOWN,ICML,2024
ICML-2024-A008123,Martin Brandt,UNKNOWN,UNKNOWN,ICML,2024
ICML-2024-A008124,Fabian Gieseke,UNKNOWN,UNKNOWN,ICML,2024
ICML-2024-A008125,Anselm Paulus,UNKNOWN,UNKNOWN,ICML,2024
ICML-2024-A008126,Georg Martius,UNKNOWN,UNKNOWN,ICML,2024
ICML-2024-A008127,Vı́t Musil,UNKNOWN,UNKNOWN,ICML,2024
ICML-2024-A008128,Brahma S Pavse,UNKNOWN,UNKNOWN,ICML,2024
ICML-2024-A008129,Matthew Zurek,UNKNOWN,UNKNOWN,ICML,2024
ICML-2024-A008130,Yudong Chen,UNKNOWN,UNKNOWN,ICML,2024
ICML-2024-A008131,Qiaomin Xie,UNKNOWN,UNKNOWN,ICML,2024
ICML-2024-A008132,Josiah P. Hanna,UNKNOWN,UNKNOWN,ICML,2024
ICML-2024-A008133,Martin Pawelczyk,UNKNOWN,UNKNOWN,ICML,2024
ICML-2024-A008134,Seth Neel,UNKNOWN,UNKNOWN,ICML,2024
ICML-2024-A008135,Himabindu Lakkaraju,UNKNOWN,UNKNOWN,ICML,2024
ICML-2024-A008136,Edward Pearce-Crump,UNKNOWN,UNKNOWN,ICML,2024
ICML-2024-A008137,William Knottenbelt,UNKNOWN,UNKNOWN,ICML,2024
ICML-2024-A008138,Hongbin Pei,UNKNOWN,UNKNOWN,ICML,2024
ICML-2024-A008139,Yu Li,UNKNOWN,UNKNOWN,ICML,2024
ICML-2024-A008140,Huiqi Deng,UNKNOWN,UNKNOWN,ICML,2024
ICML-2024-A008141,Jingxin Hai,UNKNOWN,UNKNOWN,ICML,2024
ICML-2024-A008142,Pinghui Wang,UNKNOWN,UNKNOWN,ICML,2024
ICML-2024-A008143,Jie Ma,UNKNOWN,UNKNOWN,ICML,2024
ICML-2024-A008144,Jing Tao,UNKNOWN,UNKNOWN,ICML,2024
ICML-2024-A008145,Yuheng Xiong,UNKNOWN,UNKNOWN,ICML,2024
ICML-2024-A008146,Xiaohong Guan,UNKNOWN,UNKNOWN,ICML,2024
ICML-2024-A008147,Kexin Pei,UNKNOWN,UNKNOWN,ICML,2024
ICML-2024-A008148,Weichen Li,UNKNOWN,UNKNOWN,ICML,2024
ICML-2024-A008149,Qirui Jin,UNKNOWN,UNKNOWN,ICML,2024
ICML-2024-A008150,Shuyang Liu,UNKNOWN,UNKNOWN,ICML,2024
ICML-2024-A008151,Scott Geng,UNKNOWN,UNKNOWN,ICML,2024
ICML-2024-A008152,Lorenzo Cavallaro,UNKNOWN,UNKNOWN,ICML,2024
ICML-2024-A008153,Junfeng Yang,UNKNOWN,UNKNOWN,ICML,2024
ICML-2024-A008154,Suman Jana,UNKNOWN,UNKNOWN,ICML,2024
ICML-2024-A008155,Zhengqi Pei,UNKNOWN,UNKNOWN,ICML,2024
ICML-2024-A008156,Anran Zhang,UNKNOWN,UNKNOWN,ICML,2024
ICML-2024-A008157,Shuhui Wang,UNKNOWN,UNKNOWN,ICML,2024
ICML-2024-A008158,Qingming Huang,UNKNOWN,UNKNOWN,ICML,2024
ICML-2024-A008159,Zhengqi Pei,UNKNOWN,UNKNOWN,ICML,2024
ICML-2024-A008160,Anran Zhang,UNKNOWN,UNKNOWN,ICML,2024
ICML-2024-A008161,Shuhui Wang,UNKNOWN,UNKNOWN,ICML,2024
ICML-2024-A008162,Xiangyang Ji,UNKNOWN,UNKNOWN,ICML,2024
ICML-2024-A008163,Qingming Huang,UNKNOWN,UNKNOWN,ICML,2024
ICML-2024-A008164,Zehua Pei,UNKNOWN,UNKNOWN,ICML,2024
ICML-2024-A008165,Huiling Zhen,UNKNOWN,UNKNOWN,ICML,2024
ICML-2024-A008166,Mingxuan Yuan,UNKNOWN,UNKNOWN,ICML,2024
ICML-2024-A008167,Yu Huang,UNKNOWN,UNKNOWN,ICML,2024
ICML-2024-A008168,Bei Yu,UNKNOWN,UNKNOWN,ICML,2024
ICML-2024-A008169,Amit Peleg,UNKNOWN,UNKNOWN,ICML,2024
ICML-2024-A008170,Matthias Hein,UNKNOWN,UNKNOWN,ICML,2024
ICML-2024-A008171,Bo Peng,UNKNOWN,UNKNOWN,ICML,2024
ICML-2024-A008172,Zhen Fang,UNKNOWN,UNKNOWN,ICML,2024
ICML-2024-A008173,Guangquan Zhang,UNKNOWN,UNKNOWN,ICML,2024
ICML-2024-A008174,Jie Lu,UNKNOWN,UNKNOWN,ICML,2024
ICML-2024-A008175,Duo Peng,UNKNOWN,UNKNOWN,ICML,2024
ICML-2024-A008176,Qiuhong Ke,UNKNOWN,UNKNOWN,ICML,2024
ICML-2024-A008177,Jun Liu,UNKNOWN,UNKNOWN,ICML,2024
ICML-2024-A008178,Bo Peng,UNKNOWN,UNKNOWN,ICML,2024
ICML-2024-A008179,Xinyi Ling,UNKNOWN,UNKNOWN,ICML,2024
ICML-2024-A008180,Ziru Chen,UNKNOWN,UNKNOWN,ICML,2024
ICML-2024-A008181,Huan Sun,UNKNOWN,UNKNOWN,ICML,2024
ICML-2024-A008182,Xia Ning,UNKNOWN,UNKNOWN,ICML,2024
ICML-2024-A008183,Andi Peng,UNKNOWN,UNKNOWN,ICML,2024
ICML-2024-A008184,Yuying Sun,UNKNOWN,UNKNOWN,ICML,2024
ICML-2024-A008185,Tianmin Shu,UNKNOWN,UNKNOWN,ICML,2024
ICML-2024-A008186,David Abel,UNKNOWN,UNKNOWN,ICML,2024
ICML-2024-A008187,Dezhi Peng,UNKNOWN,UNKNOWN,ICML,2024
ICML-2024-A008188,Zhenhua Yang,UNKNOWN,UNKNOWN,ICML,2024
ICML-2024-A008189,Jiaxin Zhang,UNKNOWN,UNKNOWN,ICML,2024
ICML-2024-A008190,Chongyu Liu,UNKNOWN,UNKNOWN,ICML,2024
ICML-2024-A008191,Yongxin Shi,UNKNOWN,UNKNOWN,ICML,2024
ICML-2024-A008192,Kai Ding,UNKNOWN,UNKNOWN,ICML,2024
ICML-2024-A008193,Fengjun Guo,UNKNOWN,UNKNOWN,ICML,2024
ICML-2024-A008194,Lianwen Jin,UNKNOWN,UNKNOWN,ICML,2024
ICML-2024-A008195,Liangzu Peng,UNKNOWN,UNKNOWN,ICML,2024
ICML-2024-A008196,Wotao Yin,UNKNOWN,UNKNOWN,ICML,2024
ICML-2024-A008197,Hongyi Peng,UNKNOWN,UNKNOWN,ICML,2024
ICML-2024-A008198,Han Yu,UNKNOWN,UNKNOWN,ICML,2024
ICML-2024-A008199,Xiaoli Tang,UNKNOWN,UNKNOWN,ICML,2024
ICML-2024-A008200,Xiaoxiao Li,UNKNOWN,UNKNOWN,ICML,2024
ICML-2024-A008201,Xinyu Peng,UNKNOWN,UNKNOWN,ICML,2024
ICML-2024-A008202,Ziyang Zheng,UNKNOWN,UNKNOWN,ICML,2024
ICML-2024-A008203,Wenrui Dai,UNKNOWN,UNKNOWN,ICML,2024
ICML-2024-A008204,Nuoqian Xiao,UNKNOWN,UNKNOWN,ICML,2024
ICML-2024-A008205,Chenglin Li,UNKNOWN,UNKNOWN,ICML,2024
ICML-2024-A008206,Junni Zou,UNKNOWN,UNKNOWN,ICML,2024
ICML-2024-A008207,Hongkai Xiong,UNKNOWN,UNKNOWN,ICML,2024
ICML-2024-A008208,Ankit Pensia,UNKNOWN,UNKNOWN,ICML,2024
ICML-2024-A008209,Sikha Pentyala,UNKNOWN,UNKNOWN,ICML,2024
ICML-2024-A008210,Mayana Pereira,UNKNOWN,UNKNOWN,ICML,2024
ICML-2024-A008211,Martine De Cock,UNKNOWN,UNKNOWN,ICML,2024
ICML-2024-A008212,Johan Peralez,UNKNOWN,UNKNOWN,ICML,2024
ICML-2024-A008213,Aurélien Delage,UNKNOWN,UNKNOWN,ICML,2024
ICML-2024-A008214,Olivier Buffet,UNKNOWN,UNKNOWN,ICML,2024
ICML-2024-A008215,Jilles Steeve Dibangoye,UNKNOWN,UNKNOWN,ICML,2024
ICML-2024-A008216,Juan Carlos Perdomo,UNKNOWN,UNKNOWN,ICML,2024
ICML-2024-A008217,Frank Permenter,UNKNOWN,UNKNOWN,ICML,2024
ICML-2024-A008218,Chenyang Yuan,UNKNOWN,UNKNOWN,ICML,2024
ICML-2024-A008219,Adeel Pervez,UNKNOWN,UNKNOWN,ICML,2024
ICML-2024-A008220,Francesco Locatello,UNKNOWN,UNKNOWN,ICML,2024
ICML-2024-A008221,Stratis Gavves,UNKNOWN,UNKNOWN,ICML,2024
ICML-2024-A008222,Marek Petrik,UNKNOWN,UNKNOWN,ICML,2024
ICML-2024-A008223,Guy Tennenholtz,UNKNOWN,UNKNOWN,ICML,2024
ICML-2024-A008224,Mohammad Ghavamzadeh,UNKNOWN,UNKNOWN,ICML,2024
ICML-2024-A008225,Aleksandar Petrov,UNKNOWN,UNKNOWN,ICML,2024
ICML-2024-A008226,Philip Torr,UNKNOWN,UNKNOWN,ICML,2024
ICML-2024-A008227,Adel Bibi,UNKNOWN,UNKNOWN,ICML,2024
ICML-2024-A008228,Mohammad Pezeshki,UNKNOWN,UNKNOWN,ICML,2024
ICML-2024-A008229,Diane Bouchacourt,UNKNOWN,UNKNOWN,ICML,2024
ICML-2024-A008230,Mark Ibrahim,UNKNOWN,UNKNOWN,ICML,2024
ICML-2024-A008231,Nicolas Ballas,UNKNOWN,UNKNOWN,ICML,2024
ICML-2024-A008232,Pascal Vincent,UNKNOWN,UNKNOWN,ICML,2024
ICML-2024-A008233,David Lopez-Paz,UNKNOWN,UNKNOWN,ICML,2024
ICML-2024-A008234,Samuel Pfrommer,UNKNOWN,UNKNOWN,ICML,2024
ICML-2024-A008235,Brendon G. Anderson,UNKNOWN,UNKNOWN,ICML,2024
ICML-2024-A008236,Somayeh Sojoudi,UNKNOWN,UNKNOWN,ICML,2024
ICML-2024-A008237,Tuan Pham,UNKNOWN,UNKNOWN,ICML,2024
ICML-2024-A008238,Stephan Mandt,UNKNOWN,UNKNOWN,ICML,2024
ICML-2024-A008239,Trung X. Pham,Korea Advanced Institute of Science and Technology (KAIST),South Korea,ICML,2024
ICML-2024-A008240,Kang Zhang,Korea Advanced Institute of Science and Technology (KAIST),South Korea,ICML,2024
ICML-2024-A008241,Chang D. Yoo,Korea Advanced Institute of Science and Technology (KAIST),South Korea,ICML,2024
ICML-2024-A008242,My Phan,UNKNOWN,UNKNOWN,ICML,2024
ICML-2024-A008243,Kianté Brantley,UNKNOWN,UNKNOWN,ICML,2024
ICML-2024-A008244,Stephanie Milani,UNKNOWN,UNKNOWN,ICML,2024
ICML-2024-A008245,Soroush Mehri,UNKNOWN,UNKNOWN,ICML,2024
ICML-2024-A008246,Gokul Swamy,UNKNOWN,UNKNOWN,ICML,2024
ICML-2024-A008247,Geoffrey J. Gordon,UNKNOWN,UNKNOWN,ICML,2024
ICML-2024-A008248,Hoang Phan,UNKNOWN,UNKNOWN,ICML,2024
ICML-2024-A008249,Andrew Gordon Wilson,UNKNOWN,UNKNOWN,ICML,2024
ICML-2024-A008250,Qi Lei,UNKNOWN,UNKNOWN,ICML,2024
ICML-2024-A008251,Angus Phillips,UNKNOWN,UNKNOWN,ICML,2024
ICML-2024-A008252,Hai-Dang Dau,UNKNOWN,UNKNOWN,ICML,2024
ICML-2024-A008253,Michael John Hutchinson,UNKNOWN,UNKNOWN,ICML,2024
ICML-2024-A008254,Valentin De Bortoli,UNKNOWN,UNKNOWN,ICML,2024
ICML-2024-A008255,George Deligiannidis,UNKNOWN,UNKNOWN,ICML,2024
ICML-2024-A008256,Arnaud Doucet,UNKNOWN,UNKNOWN,ICML,2024
ICML-2024-A008257,Hongming Piao,UNKNOWN,UNKNOWN,ICML,2024
ICML-2024-A008258,Yichen Wu,UNKNOWN,UNKNOWN,ICML,2024
ICML-2024-A008259,Dapeng Wu,UNKNOWN,UNKNOWN,ICML,2024
ICML-2024-A008260,Ying Wei,UNKNOWN,UNKNOWN,ICML,2024
ICML-2024-A008261,Fabian Raoul Pieroth,UNKNOWN,UNKNOWN,ICML,2024
ICML-2024-A008262,Katherine Fitch,UNKNOWN,UNKNOWN,ICML,2024
ICML-2024-A008263,Lenz Belzner,UNKNOWN,UNKNOWN,ICML,2024
ICML-2024-A008264,Clément Pierquin,UNKNOWN,UNKNOWN,ICML,2024
ICML-2024-A008265,Aurélien Bellet,UNKNOWN,UNKNOWN,ICML,2024
ICML-2024-A008266,Marc Tommasi,UNKNOWN,UNKNOWN,ICML,2024
ICML-2024-A008267,Matthieu Boussard,UNKNOWN,UNKNOWN,ICML,2024
ICML-2024-A008268,Pedro O. Pinheiro,UNKNOWN,UNKNOWN,ICML,2024
ICML-2024-A008269,Arian Rokkum Jamasb,UNKNOWN,UNKNOWN,ICML,2024
ICML-2024-A008270,Omar Mahmood,UNKNOWN,UNKNOWN,ICML,2024
ICML-2024-A008271,Vishnu Sresht,UNKNOWN,UNKNOWN,ICML,2024
ICML-2024-A008272,Saeed Saremi,UNKNOWN,UNKNOWN,ICML,2024
ICML-2024-A008273,Francesco Pinto,UNKNOWN,UNKNOWN,ICML,2024
ICML-2024-A008274,Nathalie Rauschmayr,UNKNOWN,UNKNOWN,ICML,2024
ICML-2024-A008275,Florian Tramèr,UNKNOWN,UNKNOWN,ICML,2024
ICML-2024-A008276,Philip Torr,UNKNOWN,UNKNOWN,ICML,2024
ICML-2024-A008277,Federico Tombari,UNKNOWN,UNKNOWN,ICML,2024
ICML-2024-A008278,Zoe Piran,UNKNOWN,UNKNOWN,ICML,2024
ICML-2024-A008279,Michal Klein,UNKNOWN,UNKNOWN,ICML,2024
ICML-2024-A008280,James Thornton,UNKNOWN,UNKNOWN,ICML,2024
ICML-2024-A008281,Marco Cuturi,UNKNOWN,UNKNOWN,ICML,2024
ICML-2024-A008282,Ulyana Piterbarg,UNKNOWN,UNKNOWN,ICML,2024
ICML-2024-A008283,Lerrel Pinto,UNKNOWN,UNKNOWN,ICML,2024
ICML-2024-A008284,Rob Fergus,UNKNOWN,UNKNOWN,ICML,2024
ICML-2024-A008285,Anton Plaksin,UNKNOWN,UNKNOWN,ICML,2024
ICML-2024-A008286,Vitaly Kalev,UNKNOWN,UNKNOWN,ICML,2024
ICML-2024-A008287,Aleksandr Podkopaev,UNKNOWN,UNKNOWN,ICML,2024
ICML-2024-A008288,Dong Xu,UNKNOWN,UNKNOWN,ICML,2024
ICML-2024-A008289,Kuang-Chih Lee,UNKNOWN,UNKNOWN,ICML,2024
ICML-2024-A008290,Michael Poli,UNKNOWN,UNKNOWN,ICML,2024
ICML-2024-A008291,Armin W Thomas,UNKNOWN,UNKNOWN,ICML,2024
ICML-2024-A008292,Eric Nguyen,UNKNOWN,UNKNOWN,ICML,2024
ICML-2024-A008293,Pragaash Ponnusamy,UNKNOWN,UNKNOWN,ICML,2024
ICML-2024-A008294,Björn Deiseroth,UNKNOWN,UNKNOWN,ICML,2024
ICML-2024-A008295,Kristian Kersting,UNKNOWN,UNKNOWN,ICML,2024
ICML-2024-A008296,Taiji Suzuki,UNKNOWN,UNKNOWN,ICML,2024
ICML-2024-A008297,Brian Hie,UNKNOWN,UNKNOWN,ICML,2024
ICML-2024-A008298,Stefano Ermon,UNKNOWN,UNKNOWN,ICML,2024
ICML-2024-A008299,Christopher Re,UNKNOWN,UNKNOWN,ICML,2024
ICML-2024-A008300,Ce Zhang,UNKNOWN,UNKNOWN,ICML,2024
ICML-2024-A008301,Stefano Massaroli,UNKNOWN,UNKNOWN,ICML,2024
ICML-2024-A008302,Thomas Pouplin,UNKNOWN,UNKNOWN,ICML,2024
ICML-2024-A008303,Alan Jeffares,UNKNOWN,UNKNOWN,ICML,2024
ICML-2024-A008304,Nabeel Seedat,UNKNOWN,UNKNOWN,ICML,2024
ICML-2024-A008305,Mihaela Van Der Schaar,UNKNOWN,UNKNOWN,ICML,2024
ICML-2024-A008306,Mehran Poursoltani,UNKNOWN,UNKNOWN,ICML,2024
ICML-2024-A008307,Erick Delage,UNKNOWN,UNKNOWN,ICML,2024
ICML-2024-A008308,Angelos Georghiou,UNKNOWN,UNKNOWN,ICML,2024
ICML-2024-A008309,William Powell,UNKNOWN,UNKNOWN,ICML,2024
ICML-2024-A008310,Hanbaek Lyu,UNKNOWN,UNKNOWN,ICML,2024
ICML-2024-A008311,Milind Prabhu,UNKNOWN,UNKNOWN,ICML,2024
ICML-2024-A008312,David Woodruff,UNKNOWN,UNKNOWN,ICML,2024
ICML-2024-A008313,K R Prajwal,UNKNOWN,UNKNOWN,ICML,2024
ICML-2024-A008314,Bowen Shi,UNKNOWN,UNKNOWN,ICML,2024
ICML-2024-A008315,Matthew Le,UNKNOWN,UNKNOWN,ICML,2024
ICML-2024-A008316,Apoorv Vyas,UNKNOWN,UNKNOWN,ICML,2024
ICML-2024-A008317,Andros Tjandra,UNKNOWN,UNKNOWN,ICML,2024
ICML-2024-A008318,Mahi Luthra,UNKNOWN,UNKNOWN,ICML,2024
ICML-2024-A008319,Baishan Guo,UNKNOWN,UNKNOWN,ICML,2024
ICML-2024-A008320,Huiyu Wang,UNKNOWN,UNKNOWN,ICML,2024
ICML-2024-A008321,Triantafyllos Afouras,UNKNOWN,UNKNOWN,ICML,2024
ICML-2024-A008322,David Kant,UNKNOWN,UNKNOWN,ICML,2024
ICML-2024-A008323,Wei-Ning Hsu,UNKNOWN,UNKNOWN,ICML,2024
ICML-2024-A008324,Ori Press,UNKNOWN,UNKNOWN,ICML,2024
ICML-2024-A008325,Ravid Shwartz-Ziv,UNKNOWN,UNKNOWN,ICML,2024
ICML-2024-A008326,Yann Lecun,UNKNOWN,UNKNOWN,ICML,2024
ICML-2024-A008327,Matthias Bethge,UNKNOWN,UNKNOWN,ICML,2024
ICML-2024-A008328,Drew Prinster,UNKNOWN,UNKNOWN,ICML,2024
ICML-2024-A008329,Samuel Don Stanton,UNKNOWN,UNKNOWN,ICML,2024
ICML-2024-A008330,Anqi Liu,UNKNOWN,UNKNOWN,ICML,2024
ICML-2024-A008331,Suchi Saria,UNKNOWN,UNKNOWN,ICML,2024
ICML-2024-A008332,Victor Prokhorov,UNKNOWN,UNKNOWN,ICML,2024
ICML-2024-A008333,Ivan Titov,UNKNOWN,UNKNOWN,ICML,2024
ICML-2024-A008334,Siddharth N,UNKNOWN,UNKNOWN,ICML,2024
ICML-2024-A008335,Danil Provodin,UNKNOWN,UNKNOWN,ICML,2024
ICML-2024-A008336,Maurits Clemens Kaptein,UNKNOWN,UNKNOWN,ICML,2024
ICML-2024-A008337,Mykola Pechenizkiy,UNKNOWN,UNKNOWN,ICML,2024
ICML-2024-A008338,Michael Psenka,UNKNOWN,UNKNOWN,ICML,2024
ICML-2024-A008339,Alejandro Escontrela,UNKNOWN,UNKNOWN,ICML,2024
ICML-2024-A008340,Pieter Abbeel,UNKNOWN,UNKNOWN,ICML,2024
ICML-2024-A008341,Yi Ma,UNKNOWN,UNKNOWN,ICML,2024
ICML-2024-A008342,Yuanhao Pu,UNKNOWN,UNKNOWN,ICML,2024
ICML-2024-A008343,Xiaolong Chen,UNKNOWN,UNKNOWN,ICML,2024
ICML-2024-A008344,Xu Huang,UNKNOWN,UNKNOWN,ICML,2024
ICML-2024-A008345,Jin Chen,UNKNOWN,UNKNOWN,ICML,2024
ICML-2024-A008346,Defu Lian,UNKNOWN,UNKNOWN,ICML,2024
ICML-2024-A008347,Enhong Chen,UNKNOWN,UNKNOWN,ICML,2024
ICML-2024-A008348,Bin Pu,UNKNOWN,UNKNOWN,ICML,2024
ICML-2024-A008349,Xingguo Lv,UNKNOWN,UNKNOWN,ICML,2024
ICML-2024-A008350,Jiewen Yang,UNKNOWN,UNKNOWN,ICML,2024
ICML-2024-A008351,He Guannan,UNKNOWN,UNKNOWN,ICML,2024
ICML-2024-A008352,Xingbo Dong,UNKNOWN,UNKNOWN,ICML,2024
ICML-2024-A008353,Yiqun Lin,UNKNOWN,UNKNOWN,ICML,2024
ICML-2024-A008354,Li Shengli,UNKNOWN,UNKNOWN,ICML,2024
ICML-2024-A008355,Tan Ying,UNKNOWN,UNKNOWN,ICML,2024
ICML-2024-A008356,Liu Fei,UNKNOWN,UNKNOWN,ICML,2024
ICML-2024-A008357,Ming Chen,UNKNOWN,UNKNOWN,ICML,2024
ICML-2024-A008358,Zhe Jin,UNKNOWN,UNKNOWN,ICML,2024
ICML-2024-A008359,Kenli Li,UNKNOWN,UNKNOWN,ICML,2024
ICML-2024-A008360,Xiaomeng Li,UNKNOWN,UNKNOWN,ICML,2024
ICML-2024-A008361,Yewen Pu,UNKNOWN,UNKNOWN,ICML,2024
ICML-2024-A008362,Saujas Vaduguru,UNKNOWN,UNKNOWN,ICML,2024
ICML-2024-A008363,Priyan Vaithilingam,UNKNOWN,UNKNOWN,ICML,2024
ICML-2024-A008364,Elena Glassman,UNKNOWN,UNKNOWN,ICML,2024
ICML-2024-A008365,Daniel Fried,UNKNOWN,UNKNOWN,ICML,2024
ICML-2024-A008366,Pol Puigdemont,UNKNOWN,UNKNOWN,ICML,2024
ICML-2024-A008367,Stratis Skoulakis,UNKNOWN,UNKNOWN,ICML,2024
ICML-2024-A008368,Grigorios Chrysos,UNKNOWN,UNKNOWN,ICML,2024
ICML-2024-A008369,Volkan Cevher,UNKNOWN,UNKNOWN,ICML,2024
ICML-2024-A008370,Denys Pushkin,UNKNOWN,UNKNOWN,ICML,2024
ICML-2024-A008371,Raphaël Berthier,UNKNOWN,UNKNOWN,ICML,2024
ICML-2024-A008372,Emmanuel Abbe,UNKNOWN,UNKNOWN,ICML,2024
ICML-2024-A008373,Spandan Pyakurel,UNKNOWN,UNKNOWN,ICML,2024
ICML-2024-A008374,Qi Yu,UNKNOWN,UNKNOWN,ICML,2024
ICML-2024-A008375,Shi-Ang Qi,UNKNOWN,UNKNOWN,ICML,2024
ICML-2024-A008376,Yakun Yu,UNKNOWN,UNKNOWN,ICML,2024
ICML-2024-A008377,Russell Greiner,UNKNOWN,UNKNOWN,ICML,2024
ICML-2024-A008378,Long Qian,UNKNOWN,UNKNOWN,ICML,2024
ICML-2024-A008379,Juncheng Li,UNKNOWN,UNKNOWN,ICML,2024
ICML-2024-A008380,Yu Wu,UNKNOWN,UNKNOWN,ICML,2024
ICML-2024-A008381,Yaobo Ye,UNKNOWN,UNKNOWN,ICML,2024
ICML-2024-A008382,Hao Fei,UNKNOWN,UNKNOWN,ICML,2024
ICML-2024-A008383,Tat-Seng Chua,UNKNOWN,UNKNOWN,ICML,2024
ICML-2024-A008384,Yueting Zhuang,UNKNOWN,UNKNOWN,ICML,2024
ICML-2024-A008385,Siliang Tang,UNKNOWN,UNKNOWN,ICML,2024
ICML-2024-A008386,Chengde Qian,UNKNOWN,UNKNOWN,ICML,2024
ICML-2024-A008387,Mengyuan Wang,UNKNOWN,UNKNOWN,ICML,2024
ICML-2024-A008388,Haojie Ren,UNKNOWN,UNKNOWN,ICML,2024
ICML-2024-A008389,Changliang Zou,UNKNOWN,UNKNOWN,ICML,2024
ICML-2024-A008390,Yu-Yang Qian,UNKNOWN,UNKNOWN,ICML,2024
ICML-2024-A008391,Peng Zhao,UNKNOWN,UNKNOWN,ICML,2024
ICML-2024-A008392,Yu-Jie Zhang,UNKNOWN,UNKNOWN,ICML,2024
ICML-2024-A008393,Masashi Sugiyama,UNKNOWN,UNKNOWN,ICML,2024
ICML-2024-A008394,Zhi-Hua Zhou,UNKNOWN,UNKNOWN,ICML,2024
ICML-2024-A008395,Fengchun Qiao,UNKNOWN,UNKNOWN,ICML,2024
ICML-2024-A008396,Xi Peng,UNKNOWN,UNKNOWN,ICML,2024
ICML-2024-A008397,Dan Qiao,UNKNOWN,UNKNOWN,ICML,2024
ICML-2024-A008398,Yu-Xiang Wang,UNKNOWN,UNKNOWN,ICML,2024
ICML-2024-A008399,Congyu Qiao,UNKNOWN,UNKNOWN,ICML,2024
ICML-2024-A008400,Ning Xu,UNKNOWN,UNKNOWN,ICML,2024
ICML-2024-A008401,Yihao Hu,UNKNOWN,UNKNOWN,ICML,2024
ICML-2024-A008402,Xin Geng,UNKNOWN,UNKNOWN,ICML,2024
ICML-2024-A008403,Zhen Qin,UNKNOWN,UNKNOWN,ICML,2024
ICML-2024-A008404,Daoyuan Chen,UNKNOWN,UNKNOWN,ICML,2024
ICML-2024-A008405,Bingchen Qian,UNKNOWN,UNKNOWN,ICML,2024
ICML-2024-A008406,Bolin Ding,UNKNOWN,UNKNOWN,ICML,2024
ICML-2024-A008407,Yaliang Li,UNKNOWN,UNKNOWN,ICML,2024
ICML-2024-A008408,Shuiguang Deng,UNKNOWN,UNKNOWN,ICML,2024
ICML-2024-A008409,Haotong Qin,UNKNOWN,UNKNOWN,ICML,2024
ICML-2024-A008410,Xudong Ma,UNKNOWN,UNKNOWN,ICML,2024
ICML-2024-A008411,Xingyu Zheng,UNKNOWN,UNKNOWN,ICML,2024
ICML-2024-A008412,Xiaoyang Li,UNKNOWN,UNKNOWN,ICML,2024
ICML-2024-A008413,Yang Zhang,UNKNOWN,UNKNOWN,ICML,2024
ICML-2024-A008414,Shouda Liu,UNKNOWN,UNKNOWN,ICML,2024
ICML-2024-A008415,Jie Luo,UNKNOWN,UNKNOWN,ICML,2024
ICML-2024-A008416,Xianglong Liu,UNKNOWN,UNKNOWN,ICML,2024
ICML-2024-A008417,Michele Magno,UNKNOWN,UNKNOWN,ICML,2024
ICML-2024-A008418,Zhen Qin,UNKNOWN,UNKNOWN,ICML,2024
ICML-2024-A008419,Weigao Sun,UNKNOWN,UNKNOWN,ICML,2024
ICML-2024-A008420,Dong Li,UNKNOWN,UNKNOWN,ICML,2024
ICML-2024-A008421,Xuyang Shen,UNKNOWN,UNKNOWN,ICML,2024
ICML-2024-A008422,Weixuan Sun,UNKNOWN,UNKNOWN,ICML,2024
ICML-2024-A008423,Yiran Zhong,UNKNOWN,UNKNOWN,ICML,2024
ICML-2024-A008424,Shentao Qin,UNKNOWN,UNKNOWN,ICML,2024
ICML-2024-A008425,Yujie Yang,UNKNOWN,UNKNOWN,ICML,2024
ICML-2024-A008426,Yao Mu,UNKNOWN,UNKNOWN,ICML,2024
ICML-2024-A008427,Jie Li,UNKNOWN,UNKNOWN,ICML,2024
ICML-2024-A008428,Wenjun Zou,UNKNOWN,UNKNOWN,ICML,2024
ICML-2024-A008429,Jingliang Duan,UNKNOWN,UNKNOWN,ICML,2024
ICML-2024-A008430,Shengbo Eben Li,UNKNOWN,UNKNOWN,ICML,2024
ICML-2024-A008431,Zirou Qiu,UNKNOWN,UNKNOWN,ICML,2024
ICML-2024-A008432,Abhijin Adiga,UNKNOWN,UNKNOWN,ICML,2024
ICML-2024-A008433,Madhav Marathe,UNKNOWN,UNKNOWN,ICML,2024
ICML-2024-A008434,S. S. Ravi,UNKNOWN,UNKNOWN,ICML,2024
ICML-2024-A008435,Daniel Rosenkrantz,UNKNOWN,UNKNOWN,ICML,2024
ICML-2024-A008436,Richard Stearns,UNKNOWN,UNKNOWN,ICML,2024
ICML-2024-A008437,Anil Kumar Vullikanti,UNKNOWN,UNKNOWN,ICML,2024
ICML-2024-A008438,Weikang Qiu,UNKNOWN,UNKNOWN,ICML,2024
ICML-2024-A008439,Huangrui Chu,UNKNOWN,UNKNOWN,ICML,2024
ICML-2024-A008440,Selena Wang,UNKNOWN,UNKNOWN,ICML,2024
ICML-2024-A008441,Haolan Zuo,UNKNOWN,UNKNOWN,ICML,2024
ICML-2024-A008442,Xiaoxiao Li,UNKNOWN,UNKNOWN,ICML,2024
ICML-2024-A008443,Yize Zhao,UNKNOWN,UNKNOWN,ICML,2024
ICML-2024-A008444,Rex Ying,UNKNOWN,UNKNOWN,ICML,2024
ICML-2024-A008445,Zi-Hao Qiu,UNKNOWN,UNKNOWN,ICML,2024
ICML-2024-A008446,Siqi Guo,UNKNOWN,UNKNOWN,ICML,2024
ICML-2024-A008447,Mao Xu,UNKNOWN,UNKNOWN,ICML,2024
ICML-2024-A008448,Tuo Zhao,UNKNOWN,UNKNOWN,ICML,2024
ICML-2024-A008449,Lijun Zhang,UNKNOWN,UNKNOWN,ICML,2024
ICML-2024-A008450,Tianbao Yang,UNKNOWN,UNKNOWN,ICML,2024
ICML-2024-A008451,Shikai Qiu,UNKNOWN,UNKNOWN,ICML,2024
ICML-2024-A008452,Boran Han,UNKNOWN,UNKNOWN,ICML,2024
ICML-2024-A008453,Danielle C. Maddix,UNKNOWN,UNKNOWN,ICML,2024
ICML-2024-A008454,Shuai Zhang,UNKNOWN,UNKNOWN,ICML,2024
ICML-2024-A008455,Bernie Wang,UNKNOWN,UNKNOWN,ICML,2024
ICML-2024-A008456,Andrew Gordon Wilson,UNKNOWN,UNKNOWN,ICML,2024
ICML-2024-A008457,Guanwen Qiu,UNKNOWN,UNKNOWN,ICML,2024
ICML-2024-A008458,Da Kuang,UNKNOWN,UNKNOWN,ICML,2024
ICML-2024-A008459,Surbhi Goel,UNKNOWN,UNKNOWN,ICML,2024
ICML-2024-A008460,Shikai Qiu,UNKNOWN,UNKNOWN,ICML,2024
ICML-2024-A008461,Andres Potapczynski,UNKNOWN,UNKNOWN,ICML,2024
ICML-2024-A008462,Marc Anton Finzi,UNKNOWN,UNKNOWN,ICML,2024
ICML-2024-A008463,Micah Goldblum,UNKNOWN,UNKNOWN,ICML,2024
ICML-2024-A008464,Andrew Gordon Wilson,UNKNOWN,UNKNOWN,ICML,2024
ICML-2024-A008465,Ruizhong Qiu,UNKNOWN,UNKNOWN,ICML,2024
ICML-2024-A008466,Hanghang Tong,UNKNOWN,UNKNOWN,ICML,2024
ICML-2024-A008467,Yanru Qu,UNKNOWN,UNKNOWN,ICML,2024
ICML-2024-A008468,Keyue Qiu,UNKNOWN,UNKNOWN,ICML,2024
ICML-2024-A008469,Yuxuan Song,UNKNOWN,UNKNOWN,ICML,2024
ICML-2024-A008470,Jingjing Gong,UNKNOWN,UNKNOWN,ICML,2024
ICML-2024-A008471,Jiawei Han,UNKNOWN,UNKNOWN,ICML,2024
ICML-2024-A008472,Mingyue Zheng,UNKNOWN,UNKNOWN,ICML,2024
ICML-2024-A008473,Hao Zhou,UNKNOWN,UNKNOWN,ICML,2024
ICML-2024-A008474,Wei-Ying Ma,UNKNOWN,UNKNOWN,ICML,2024
ICML-2024-A008475,Helen Qu,UNKNOWN,UNKNOWN,ICML,2024
ICML-2024-A008476,Sang Michael Xie,UNKNOWN,UNKNOWN,ICML,2024
ICML-2024-A008477,Guorui Quan,UNKNOWN,UNKNOWN,ICML,2024
ICML-2024-A008478,Zhiqiang Xu,UNKNOWN,UNKNOWN,ICML,2024
ICML-2024-A008479,Guiliang Liu,UNKNOWN,UNKNOWN,ICML,2024
ICML-2024-A008480,Nguyen Minh Quang,UNKNOWN,UNKNOWN,ICML,2024
ICML-2024-A008481,Hady W. Lauw,UNKNOWN,UNKNOWN,ICML,2024
ICML-2024-A008482,Victor Quintas-Martinez,UNKNOWN,UNKNOWN,ICML,2024
ICML-2024-A008483,Mohammad Taha Bahadori,UNKNOWN,UNKNOWN,ICML,2024
ICML-2024-A008484,Eduardo Santiago,UNKNOWN,UNKNOWN,ICML,2024
ICML-2024-A008485,Jeff Mu,UNKNOWN,UNKNOWN,ICML,2024
ICML-2024-A008486,David Heckerman,UNKNOWN,UNKNOWN,ICML,2024
ICML-2024-A008487,Akbar Rafiey,UNKNOWN,UNKNOWN,ICML,2024
ICML-2024-A008488,Sharath Raghvendra,UNKNOWN,UNKNOWN,ICML,2024
ICML-2024-A008489,Pouyan Shirzadian,UNKNOWN,UNKNOWN,ICML,2024
ICML-2024-A008490,Kaiyi Zhang,UNKNOWN,UNKNOWN,ICML,2024
ICML-2024-A008491,Md Musfiqur Rahman,UNKNOWN,UNKNOWN,ICML,2024
ICML-2024-A008492,Murat Kocaoglu,UNKNOWN,UNKNOWN,ICML,2024
ICML-2024-A008493,Mohammad Reza Rahmani,UNKNOWN,UNKNOWN,ICML,2024
ICML-2024-A008494,Mohammad Hossein Yassaee,UNKNOWN,UNKNOWN,ICML,2024
ICML-2024-A008495,Mohammad Ali Maddah-Ali,UNKNOWN,UNKNOWN,ICML,2024
ICML-2024-A008496,Mohammad Reza Aref,UNKNOWN,UNKNOWN,ICML,2024
ICML-2024-A008497,Ossi Räisä,UNKNOWN,UNKNOWN,ICML,2024
ICML-2024-A008498,Joonas Jälkö,UNKNOWN,UNKNOWN,ICML,2024
ICML-2024-A008499,Antti Honkela,UNKNOWN,UNKNOWN,ICML,2024
ICML-2024-A008500,Herilalaina Rakotoarison,UNKNOWN,UNKNOWN,ICML,2024
ICML-2024-A008501,Steven Adriaensen,UNKNOWN,UNKNOWN,ICML,2024
ICML-2024-A008502,Neeratyoy Mallik,UNKNOWN,UNKNOWN,ICML,2024
ICML-2024-A008503,Samir Garibov,UNKNOWN,UNKNOWN,ICML,2024
ICML-2024-A008504,Eddie Bergman,UNKNOWN,UNKNOWN,ICML,2024
ICML-2024-A008505,Frank Hutter,UNKNOWN,UNKNOWN,ICML,2024
ICML-2024-A008506,Naveen Janaki Raman,UNKNOWN,UNKNOWN,ICML,2024
ICML-2024-A008507,Mateo Espinosa Zarlenga,UNKNOWN,UNKNOWN,ICML,2024
ICML-2024-A008508,Mateja Jamnik,UNKNOWN,UNKNOWN,ICML,2024
ICML-2024-A008509,Narun Krishnamurthi Raman,UNKNOWN,UNKNOWN,ICML,2024
ICML-2024-A008510,Taylor Lundy,UNKNOWN,UNKNOWN,ICML,2024
ICML-2024-A008511,Samuel Joseph Amouyal,UNKNOWN,UNKNOWN,ICML,2024
ICML-2024-A008512,Yoav Levine,UNKNOWN,UNKNOWN,ICML,2024
ICML-2024-A008513,Kevin Leyton-Brown,UNKNOWN,UNKNOWN,ICML,2024
ICML-2024-A008514,Moshe Tennenholtz,UNKNOWN,UNKNOWN,ICML,2024
ICML-2024-A008515,Alexandre Rame,UNKNOWN,UNKNOWN,ICML,2024
ICML-2024-A008516,Nino Vieillard,UNKNOWN,UNKNOWN,ICML,2024
ICML-2024-A008517,Leonard Hussenot,UNKNOWN,UNKNOWN,ICML,2024
ICML-2024-A008518,Robert Dadashi-Tazehozi,UNKNOWN,UNKNOWN,ICML,2024
ICML-2024-A008519,Geoffrey Cideron,UNKNOWN,UNKNOWN,ICML,2024
ICML-2024-A008520,Olivier Bachem,UNKNOWN,UNKNOWN,ICML,2024
ICML-2024-A008521,Johan Ferret,UNKNOWN,UNKNOWN,ICML,2024
ICML-2024-A008522,Rahul Ramesh,UNKNOWN,UNKNOWN,ICML,2024
ICML-2024-A008523,Ekdeep Singh Lubana,UNKNOWN,UNKNOWN,ICML,2024
ICML-2024-A008524,Mikail Khona,UNKNOWN,UNKNOWN,ICML,2024
ICML-2024-A008525,Robert P. Dick,UNKNOWN,UNKNOWN,ICML,2024
ICML-2024-A008526,Hidenori Tanaka,UNKNOWN,UNKNOWN,ICML,2024
ICML-2024-A008527,Aditya Ramesh,UNKNOWN,UNKNOWN,ICML,2024
ICML-2024-A008528,Kenny John Young,UNKNOWN,UNKNOWN,ICML,2024
ICML-2024-A008529,Louis Kirsch,UNKNOWN,UNKNOWN,ICML,2024
ICML-2024-A008530,Jürgen Schmidhuber,UNKNOWN,UNKNOWN,ICML,2024
ICML-2024-A008531,Sunayana Rane,UNKNOWN,UNKNOWN,ICML,2024
ICML-2024-A008532,Sharath Chandra Raparthy,UNKNOWN,UNKNOWN,ICML,2024
ICML-2024-A008533,Eric Hambro,UNKNOWN,UNKNOWN,ICML,2024
ICML-2024-A008534,Robert Kirk,UNKNOWN,UNKNOWN,ICML,2024
ICML-2024-A008535,Mikael Henaff,UNKNOWN,UNKNOWN,ICML,2024
ICML-2024-A008536,Roberta Raileanu,UNKNOWN,UNKNOWN,ICML,2024
ICML-2024-A008537,Pratik Rathore,UNKNOWN,UNKNOWN,ICML,2024
ICML-2024-A008538,Weimu Lei,UNKNOWN,UNKNOWN,ICML,2024
ICML-2024-A008539,Zachary Frangella,UNKNOWN,UNKNOWN,ICML,2024
ICML-2024-A008540,Lu Lu,UNKNOWN,UNKNOWN,ICML,2024
ICML-2024-A008541,Madeleine Udell,UNKNOWN,UNKNOWN,ICML,2024
ICML-2024-A008542,Deepak Ravikumar,UNKNOWN,UNKNOWN,ICML,2024
ICML-2024-A008543,Efstathia Soufleri,UNKNOWN,UNKNOWN,ICML,2024
ICML-2024-A008544,Abolfazl Hashemi,UNKNOWN,UNKNOWN,ICML,2024
ICML-2024-A008545,Kaushik Roy,UNKNOWN,UNKNOWN,ICML,2024
ICML-2024-A008546,Ishaan Singh Rawal,UNKNOWN,UNKNOWN,ICML,2024
ICML-2024-A008547,Alexander Matyasko,UNKNOWN,UNKNOWN,ICML,2024
ICML-2024-A008548,Shantanu Jaiswal,UNKNOWN,UNKNOWN,ICML,2024
ICML-2024-A008549,Basura Fernando,UNKNOWN,UNKNOWN,ICML,2024
ICML-2024-A008550,Cheston Tan,UNKNOWN,UNKNOWN,ICML,2024
ICML-2024-A008551,Bhaskar Ray Chaudhury,UNKNOWN,UNKNOWN,ICML,2024
ICML-2024-A008552,Aniket Murhekar,UNKNOWN,UNKNOWN,ICML,2024
ICML-2024-A008553,Zhuowen Yuan,UNKNOWN,UNKNOWN,ICML,2024
ICML-2024-A008554,Bo Li,UNKNOWN,UNKNOWN,ICML,2024
ICML-2024-A008555,Ruta Mehta,UNKNOWN,UNKNOWN,ICML,2024
ICML-2024-A008556,Ariel D. Procaccia,UNKNOWN,UNKNOWN,ICML,2024
ICML-2024-A008557,Sayak Ray Chowdhury,UNKNOWN,UNKNOWN,ICML,2024
ICML-2024-A008558,Anush Kini,UNKNOWN,UNKNOWN,ICML,2024
ICML-2024-A008559,Nagarajan Natarajan,UNKNOWN,UNKNOWN,ICML,2024
ICML-2024-A008560,Noam Razin,UNKNOWN,UNKNOWN,ICML,2024
ICML-2024-A008561,Yotam Alexander,UNKNOWN,UNKNOWN,ICML,2024
ICML-2024-A008562,Edo Cohen-Karlik,UNKNOWN,UNKNOWN,ICML,2024
ICML-2024-A008563,Raja Giryes,UNKNOWN,UNKNOWN,ICML,2024
ICML-2024-A008564,Amir Globerson,UNKNOWN,UNKNOWN,ICML,2024
ICML-2024-A008565,Nadav Cohen,UNKNOWN,UNKNOWN,ICML,2024
ICML-2024-A008566,Sam Reifenstein,UNKNOWN,UNKNOWN,ICML,2024
ICML-2024-A008567,Timothee Leleu,UNKNOWN,UNKNOWN,ICML,2024
ICML-2024-A008568,Yoshihisa Yamamoto,UNKNOWN,UNKNOWN,ICML,2024
ICML-2024-A008569,Patrik Reizinger,UNKNOWN,UNKNOWN,ICML,2024
ICML-2024-A008570,Szilvia Ujváry,UNKNOWN,UNKNOWN,ICML,2024
ICML-2024-A008571,Anna Mészáros,UNKNOWN,UNKNOWN,ICML,2024
ICML-2024-A008572,Anna Kerekes,UNKNOWN,UNKNOWN,ICML,2024
ICML-2024-A008573,Wieland Brendel,UNKNOWN,UNKNOWN,ICML,2024
ICML-2024-A008574,Ferenc Huszár,UNKNOWN,UNKNOWN,ICML,2024
ICML-2024-A008575,Xuanfei Ren,UNKNOWN,UNKNOWN,ICML,2024
ICML-2024-A008576,Tianyuan Jin,UNKNOWN,UNKNOWN,ICML,2024
ICML-2024-A008577,Pan Xu,UNKNOWN,UNKNOWN,ICML,2024
ICML-2024-A008578,Weijieying Ren,UNKNOWN,UNKNOWN,ICML,2024
ICML-2024-A008579,Xiaoting Li,UNKNOWN,UNKNOWN,ICML,2024
ICML-2024-A008580,Huiyuan Chen,UNKNOWN,UNKNOWN,ICML,2024
ICML-2024-A008581,Vineeth Rakesh,UNKNOWN,UNKNOWN,ICML,2024
ICML-2024-A008582,Zhuoyi Wang,UNKNOWN,UNKNOWN,ICML,2024
ICML-2024-A008583,Mahashweta Das,UNKNOWN,UNKNOWN,ICML,2024
ICML-2024-A008584,Vasant G Honavar,UNKNOWN,UNKNOWN,ICML,2024
ICML-2024-A008585,Juntao Ren,UNKNOWN,UNKNOWN,ICML,2024
ICML-2024-A008586,Gokul Swamy,UNKNOWN,UNKNOWN,ICML,2024
ICML-2024-A008587,Steven Wu,UNKNOWN,UNKNOWN,ICML,2024
ICML-2024-A008588,Drew Bagnell,UNKNOWN,UNKNOWN,ICML,2024
ICML-2024-A008589,Sanjiban Choudhury,UNKNOWN,UNKNOWN,ICML,2024
ICML-2024-A008590,Sucheng Ren,UNKNOWN,UNKNOWN,ICML,2024
ICML-2024-A008591,Zeyu Wang,UNKNOWN,UNKNOWN,ICML,2024
ICML-2024-A008592,Hongru Zhu,UNKNOWN,UNKNOWN,ICML,2024
ICML-2024-A008593,Junfei Xiao,UNKNOWN,UNKNOWN,ICML,2024
ICML-2024-A008594,Alan Yuille,UNKNOWN,UNKNOWN,ICML,2024
ICML-2024-A008595,Cihang Xie,UNKNOWN,UNKNOWN,ICML,2024
ICML-2024-A008596,Milong Ren,UNKNOWN,UNKNOWN,ICML,2024
ICML-2024-A008597,Tian Zhu,UNKNOWN,UNKNOWN,ICML,2024
ICML-2024-A008598,Haicang Zhang,UNKNOWN,UNKNOWN,ICML,2024
ICML-2024-A008599,Marien Renaud,UNKNOWN,UNKNOWN,ICML,2024
ICML-2024-A008600,Jean Prost,UNKNOWN,UNKNOWN,ICML,2024
ICML-2024-A008601,Arthur Leclaire,UNKNOWN,UNKNOWN,ICML,2024
ICML-2024-A008602,Nicolas Papadakis,UNKNOWN,UNKNOWN,ICML,2024
ICML-2024-A008603,Roie Reshef,UNKNOWN,UNKNOWN,ICML,2024
ICML-2024-A008604,Kfir Yehuda Levy,UNKNOWN,UNKNOWN,ICML,2024
ICML-2024-A008605,Anka Reuel,Position: Technical Research and Talent is Needed for Effective AI Governance,UNKNOWN,ICML,2024
ICML-2024-A008606,Lisa Soder,Position: Technical Research and Talent is Needed for Effective AI Governance,UNKNOWN,ICML,2024
ICML-2024-A008607,Benjamin Bucknall,Position: Technical Research and Talent is Needed for Effective AI Governance,UNKNOWN,ICML,2024
ICML-2024-A008608,Trond Arne Undheim,Position: Technical Research and Talent is Needed for Effective AI Governance,UNKNOWN,ICML,2024
ICML-2024-A008609,Luka Ribar,UNKNOWN,UNKNOWN,ICML,2024
ICML-2024-A008610,Ivan Chelombiev,UNKNOWN,UNKNOWN,ICML,2024
ICML-2024-A008611,Luke Hudlass-Galley,UNKNOWN,UNKNOWN,ICML,2024
ICML-2024-A008612,Charlie Blake,UNKNOWN,UNKNOWN,ICML,2024
ICML-2024-A008613,Carlo Luschi,UNKNOWN,UNKNOWN,ICML,2024
ICML-2024-A008614,Douglas Orr,UNKNOWN,UNKNOWN,ICML,2024
ICML-2024-A008615,Liran Ringel,UNKNOWN,UNKNOWN,ICML,2024
ICML-2024-A008616,Regev Cohen,UNKNOWN,UNKNOWN,ICML,2024
ICML-2024-A008617,Daniel Freedman,UNKNOWN,UNKNOWN,ICML,2024
ICML-2024-A008618,Michael Elad,UNKNOWN,UNKNOWN,ICML,2024
ICML-2024-A008619,Yaniv Romano,UNKNOWN,UNKNOWN,ICML,2024
ICML-2024-A008620,Zachary Robertson,UNKNOWN,UNKNOWN,ICML,2024
ICML-2024-A008621,Sanmi Koyejo,UNKNOWN,UNKNOWN,ICML,2024
ICML-2024-A008622,Anton Rodomanov,UNKNOWN,UNKNOWN,ICML,2024
ICML-2024-A008623,Ali Kavis,UNKNOWN,UNKNOWN,ICML,2024
ICML-2024-A008624,Yongtao Wu,UNKNOWN,UNKNOWN,ICML,2024
ICML-2024-A008625,Kimon Antonakopoulos,UNKNOWN,UNKNOWN,ICML,2024
ICML-2024-A008626,Volkan Cevher,UNKNOWN,UNKNOWN,ICML,2024
ICML-2024-A008627,Anna Rogers,Position: Key Claims in LLM Research Have a Long Tail of Footnotes,UNKNOWN,ICML,2024
ICML-2024-A008628,Sasha Luccioni,Position: Key Claims in LLM Research Have a Long Tail of Footnotes,UNKNOWN,ICML,2024
ICML-2024-A008629,Yuji Roh,UNKNOWN,UNKNOWN,ICML,2024
ICML-2024-A008630,Qingyun Liu,UNKNOWN,UNKNOWN,ICML,2024
ICML-2024-A008631,Huan Gui,UNKNOWN,UNKNOWN,ICML,2024
ICML-2024-A008632,Zhe Yuan,UNKNOWN,UNKNOWN,ICML,2024
ICML-2024-A008633,Yujin Tang,UNKNOWN,UNKNOWN,ICML,2024
ICML-2024-A008634,Steven Euijong Whang,UNKNOWN,UNKNOWN,ICML,2024
ICML-2024-A008635,Liang Liu,UNKNOWN,UNKNOWN,ICML,2024
ICML-2024-A008636,Shuchao Bi,UNKNOWN,UNKNOWN,ICML,2024
ICML-2024-A008637,Lichan Hong,UNKNOWN,UNKNOWN,ICML,2024
ICML-2024-A008638,Ed H. Chi,UNKNOWN,UNKNOWN,ICML,2024
ICML-2024-A008639,Zhe Zhao,UNKNOWN,UNKNOWN,ICML,2024
ICML-2024-A008640,Esther Rolf,UNKNOWN,UNKNOWN,ICML,2024
ICML-2024-A008641,Konstantin Klemmer,UNKNOWN,UNKNOWN,ICML,2024
ICML-2024-A008642,Caleb Robinson,UNKNOWN,UNKNOWN,ICML,2024
ICML-2024-A008643,Hannah Kerner,UNKNOWN,UNKNOWN,ICML,2024
ICML-2024-A008644,David Rolnick,UNKNOWN,UNKNOWN,ICML,2024
ICML-2024-A008645,Alan Aspuru-Guzik,UNKNOWN,UNKNOWN,ICML,2024
ICML-2024-A008646,Sara Beery,UNKNOWN,UNKNOWN,ICML,2024
ICML-2024-A008647,Bistra Dilkina,UNKNOWN,UNKNOWN,ICML,2024
ICML-2024-A008648,Priya L. Donti,UNKNOWN,UNKNOWN,ICML,2024
ICML-2024-A008649,Marzyeh Ghassemi,UNKNOWN,UNKNOWN,ICML,2024
ICML-2024-A008650,Hannah Kerner,UNKNOWN,UNKNOWN,ICML,2024
ICML-2024-A008651,Claire Monteleoni,UNKNOWN,UNKNOWN,ICML,2024
ICML-2024-A008652,Esther Rolf,UNKNOWN,UNKNOWN,ICML,2024
ICML-2024-A008653,Milind Tambe,UNKNOWN,UNKNOWN,ICML,2024
ICML-2024-A008654,Adam White,UNKNOWN,UNKNOWN,ICML,2024
ICML-2024-A008655,Elan Rosenfeld,UNKNOWN,UNKNOWN,ICML,2024
ICML-2024-A008656,Nir Rosenfeld,UNKNOWN,UNKNOWN,ICML,2024
ICML-2024-A008657,Albane Ruaud,UNKNOWN,UNKNOWN,ICML,2024
ICML-2024-A008658,Cansu Sancaktar,UNKNOWN,UNKNOWN,ICML,2024
ICML-2024-A008659,Marco Bagatella,UNKNOWN,UNKNOWN,ICML,2024
ICML-2024-A008660,Christoph Ratzke,UNKNOWN,UNKNOWN,ICML,2024
ICML-2024-A008661,Georg Martius,UNKNOWN,UNKNOWN,ICML,2024
ICML-2024-A008662,Alexander Rudikov,UNKNOWN,UNKNOWN,ICML,2024
ICML-2024-A008663,Vladimir Fanaskov,UNKNOWN,UNKNOWN,ICML,2024
ICML-2024-A008664,Ekaterina Muravleva,UNKNOWN,UNKNOWN,ICML,2024
ICML-2024-A008665,Yuri M. Laevsky,UNKNOWN,UNKNOWN,ICML,2024
ICML-2024-A008666,Ivan Oseledets,UNKNOWN,UNKNOWN,ICML,2024
ICML-2024-A008667,Cynthia Rudin,UNKNOWN,UNKNOWN,ICML,2024
ICML-2024-A008668,Chudi Zhong,UNKNOWN,UNKNOWN,ICML,2024
ICML-2024-A008669,Lesia Semenova,UNKNOWN,UNKNOWN,ICML,2024
ICML-2024-A008670,Margo Seltzer,UNKNOWN,UNKNOWN,ICML,2024
ICML-2024-A008671,Ronald Parr,UNKNOWN,UNKNOWN,ICML,2024
ICML-2024-A008672,Jiachang Liu,UNKNOWN,UNKNOWN,ICML,2024
ICML-2024-A008673,Srikar Katta,UNKNOWN,UNKNOWN,ICML,2024
ICML-2024-A008674,Jon Donnelly,UNKNOWN,UNKNOWN,ICML,2024
ICML-2024-A008675,Harry Chen,UNKNOWN,UNKNOWN,ICML,2024
ICML-2024-A008676,Zachery Boner,UNKNOWN,UNKNOWN,ICML,2024
ICML-2024-A008677,David Rügamer,UNKNOWN,UNKNOWN,ICML,2024
ICML-2024-A008678,Chris Kolb,UNKNOWN,UNKNOWN,ICML,2024
ICML-2024-A008679,Tobias Weber,UNKNOWN,UNKNOWN,ICML,2024
ICML-2024-A008680,Lucas Kook,UNKNOWN,UNKNOWN,ICML,2024
ICML-2024-A008681,Thomas Nagler,UNKNOWN,UNKNOWN,ICML,2024
ICML-2024-A008682,David Ruhe,UNKNOWN,UNKNOWN,ICML,2024
ICML-2024-A008683,Jonathan Heek,UNKNOWN,UNKNOWN,ICML,2024
ICML-2024-A008684,Tim Salimans,UNKNOWN,UNKNOWN,ICML,2024
ICML-2024-A008685,Emiel Hoogeboom,UNKNOWN,UNKNOWN,ICML,2024
ICML-2024-A008686,Cody Rushing,UNKNOWN,UNKNOWN,ICML,2024
ICML-2024-A008687,Neel Nanda,UNKNOWN,UNKNOWN,ICML,2024
ICML-2024-A008688,Jongha Jon Ryu,UNKNOWN,UNKNOWN,ICML,2024
ICML-2024-A008689,Gregory W. Wornell,UNKNOWN,UNKNOWN,ICML,2024
ICML-2024-A008690,Jongha Jon Ryu,UNKNOWN,UNKNOWN,ICML,2024
ICML-2024-A008691,Xiangxiang Xu,UNKNOWN,UNKNOWN,ICML,2024
ICML-2024-A008692,Hasan Sabri Melihcan Erol,UNKNOWN,UNKNOWN,ICML,2024
ICML-2024-A008693,Yuheng Bu,UNKNOWN,UNKNOWN,ICML,2024
ICML-2024-A008694,Lizhong Zheng,UNKNOWN,UNKNOWN,ICML,2024
ICML-2024-A008695,Gregory W. Wornell,UNKNOWN,UNKNOWN,ICML,2024
ICML-2024-A008696,Aishwarya P S,UNKNOWN,UNKNOWN,ICML,2024
ICML-2024-A008697,Pranav Ajit Nair,UNKNOWN,UNKNOWN,ICML,2024
ICML-2024-A008698,Yashas Samaga B L,UNKNOWN,UNKNOWN,ICML,2024
ICML-2024-A008699,Toby James Boyd,UNKNOWN,UNKNOWN,ICML,2024
ICML-2024-A008700,Sanjiv Kumar,UNKNOWN,UNKNOWN,ICML,2024
ICML-2024-A008701,Prateek Jain,UNKNOWN,UNKNOWN,ICML,2024
ICML-2024-A008702,Praneeth Netrapalli,UNKNOWN,UNKNOWN,ICML,2024
ICML-2024-A008703,Jon Saad-Falcon,UNKNOWN,UNKNOWN,ICML,2024
ICML-2024-A008704,Daniel Y Fu,UNKNOWN,UNKNOWN,ICML,2024
ICML-2024-A008705,Simran Arora,UNKNOWN,UNKNOWN,ICML,2024
ICML-2024-A008706,Neel Guha,UNKNOWN,UNKNOWN,ICML,2024
ICML-2024-A008707,Christopher Re,UNKNOWN,UNKNOWN,ICML,2024
ICML-2024-A008708,Amirmojtaba Sabour,UNKNOWN,UNKNOWN,ICML,2024
ICML-2024-A008709,Sanja Fidler,UNKNOWN,UNKNOWN,ICML,2024
ICML-2024-A008710,Karsten Kreis,UNKNOWN,UNKNOWN,ICML,2024
ICML-2024-A008711,Vinu Sankar Sadasivan,UNKNOWN,UNKNOWN,ICML,2024
ICML-2024-A008712,Shoumik Saha,UNKNOWN,UNKNOWN,ICML,2024
ICML-2024-A008713,Gaurang Sriramanan,UNKNOWN,UNKNOWN,ICML,2024
ICML-2024-A008714,Priyatham Kattakinda,UNKNOWN,UNKNOWN,ICML,2024
ICML-2024-A008715,Atoosa Chegini,UNKNOWN,UNKNOWN,ICML,2024
ICML-2024-A008716,Soheil Feizi,UNKNOWN,UNKNOWN,ICML,2024
ICML-2024-A008717,Som Sagar,UNKNOWN,UNKNOWN,ICML,2024
ICML-2024-A008718,Aditya Taparia,UNKNOWN,UNKNOWN,ICML,2024
ICML-2024-A008719,Ransalu Senanayake,UNKNOWN,UNKNOWN,ICML,2024
ICML-2024-A008720,Barna Saha,UNKNOWN,UNKNOWN,ICML,2024
ICML-2024-A008721,Christopher Ye,UNKNOWN,UNKNOWN,ICML,2024
ICML-2024-A008722,Emre Sahinoglu,UNKNOWN,UNKNOWN,ICML,2024
ICML-2024-A008723,Shahin Shahrampour,UNKNOWN,UNKNOWN,ICML,2024
ICML-2024-A008724,Yusuf Sale,UNKNOWN,UNKNOWN,ICML,2024
ICML-2024-A008725,Viktor Bengs,UNKNOWN,UNKNOWN,ICML,2024
ICML-2024-A008726,Michele Caprio,UNKNOWN,UNKNOWN,ICML,2024
ICML-2024-A008727,Eyke Hüllermeier,UNKNOWN,UNKNOWN,ICML,2024
ICML-2024-A008728,Ehsan Saleh,UNKNOWN,UNKNOWN,ICML,2024
ICML-2024-A008729,Saba Ghaffari,UNKNOWN,UNKNOWN,ICML,2024
ICML-2024-A008730,Tim Bretl,UNKNOWN,UNKNOWN,ICML,2024
ICML-2024-A008731,Luke Olson,UNKNOWN,UNKNOWN,ICML,2024
ICML-2024-A008732,Matthew West,UNKNOWN,UNKNOWN,ICML,2024
ICML-2024-A008733,Sudeep Salgia,UNKNOWN,UNKNOWN,ICML,2024
ICML-2024-A008734,Sattar Vakili,UNKNOWN,UNKNOWN,ICML,2024
ICML-2024-A008735,Qing Zhao,UNKNOWN,UNKNOWN,ICML,2024
ICML-2024-A008736,Tommaso Salvatori,UNKNOWN,UNKNOWN,ICML,2024
ICML-2024-A008737,Luca Pinchetti,UNKNOWN,UNKNOWN,ICML,2024
ICML-2024-A008738,Amine M’Charrak,UNKNOWN,UNKNOWN,ICML,2024
ICML-2024-A008739,Beren Millidge,UNKNOWN,UNKNOWN,ICML,2024
ICML-2024-A008740,Thomas Lukasiewicz,UNKNOWN,UNKNOWN,ICML,2024
ICML-2024-A008741,Robin San Roman,UNKNOWN,UNKNOWN,ICML,2024
ICML-2024-A008742,Pierre Fernandez,UNKNOWN,UNKNOWN,ICML,2024
ICML-2024-A008743,Hady Elsahar,UNKNOWN,UNKNOWN,ICML,2024
ICML-2024-A008744,Alexandre Défossez,UNKNOWN,UNKNOWN,ICML,2024
ICML-2024-A008745,Teddy Furon,UNKNOWN,UNKNOWN,ICML,2024
ICML-2024-A008746,Tuan Tran,UNKNOWN,UNKNOWN,ICML,2024
ICML-2024-A008747,Guillaume Sanchez,UNKNOWN,UNKNOWN,ICML,2024
ICML-2024-A008748,Alexander Spangher,UNKNOWN,UNKNOWN,ICML,2024
ICML-2024-A008749,Honglu Fan,UNKNOWN,UNKNOWN,ICML,2024
ICML-2024-A008750,Elad Levi,UNKNOWN,UNKNOWN,ICML,2024
ICML-2024-A008751,Stella Biderman,UNKNOWN,UNKNOWN,ICML,2024
ICML-2024-A008752,Michael Eli Sander,UNKNOWN,UNKNOWN,ICML,2024
ICML-2024-A008753,Raja Giryes,UNKNOWN,UNKNOWN,ICML,2024
ICML-2024-A008754,Taiji Suzuki,UNKNOWN,UNKNOWN,ICML,2024
ICML-2024-A008755,Mathieu Blondel,UNKNOWN,UNKNOWN,ICML,2024
ICML-2024-A008756,Gabriel Peyré,UNKNOWN,UNKNOWN,ICML,2024
ICML-2024-A008757,Tom Sander,UNKNOWN,UNKNOWN,ICML,2024
ICML-2024-A008758,Yaodong Yu,UNKNOWN,UNKNOWN,ICML,2024
ICML-2024-A008759,Maziar Sanjabi,UNKNOWN,UNKNOWN,ICML,2024
ICML-2024-A008760,Alain Oliviero Durmus,UNKNOWN,UNKNOWN,ICML,2024
ICML-2024-A008761,Yi Ma,UNKNOWN,UNKNOWN,ICML,2024
ICML-2024-A008762,Kamalika Chaudhuri,UNKNOWN,UNKNOWN,ICML,2024
ICML-2024-A008763,Chuan Guo,UNKNOWN,UNKNOWN,ICML,2024
ICML-2024-A008764,Clayton Sanford,UNKNOWN,UNKNOWN,ICML,2024
ICML-2024-A008765,Daniel Hsu,UNKNOWN,UNKNOWN,ICML,2024
ICML-2024-A008766,Matus Telgarsky,UNKNOWN,UNKNOWN,ICML,2024
ICML-2024-A008767,Karthik Abinav Sankararaman,UNKNOWN,UNKNOWN,ICML,2024
ICML-2024-A008768,Aravind Srinivasan,UNKNOWN,UNKNOWN,ICML,2024
ICML-2024-A008769,Pan Xu,UNKNOWN,UNKNOWN,ICML,2024
ICML-2024-A008770,Sebastian Sanokowski,UNKNOWN,UNKNOWN,ICML,2024
ICML-2024-A008771,Sepp Hochreiter,UNKNOWN,UNKNOWN,ICML,2024
ICML-2024-A008772,Sebastian Lehner,UNKNOWN,UNKNOWN,ICML,2024
ICML-2024-A008773,Saul José Rodrigues Dos Santos,UNKNOWN,UNKNOWN,ICML,2024
ICML-2024-A008774,Vlad Niculae,UNKNOWN,UNKNOWN,ICML,2024
ICML-2024-A008775,Daniel C Mcnamee,UNKNOWN,UNKNOWN,ICML,2024
ICML-2024-A008776,Andre Martins,UNKNOWN,UNKNOWN,ICML,2024
ICML-2024-A008777,Hitesh Sapkota,UNKNOWN,UNKNOWN,ICML,2024
ICML-2024-A008778,Krishna Prasad Neupane,UNKNOWN,UNKNOWN,ICML,2024
ICML-2024-A008779,Qi Yu,UNKNOWN,UNKNOWN,ICML,2024
ICML-2024-A008780,Silvia Sapora,UNKNOWN,UNKNOWN,ICML,2024
ICML-2024-A008781,Gokul Swamy,UNKNOWN,UNKNOWN,ICML,2024
ICML-2024-A008782,Chris Lu,UNKNOWN,UNKNOWN,ICML,2024
ICML-2024-A008783,Yee Whye Teh,UNKNOWN,UNKNOWN,ICML,2024
ICML-2024-A008784,Jakob Nicolaus Foerster,UNKNOWN,UNKNOWN,ICML,2024
ICML-2024-A008785,Hemanth Saratchandran,UNKNOWN,UNKNOWN,ICML,2024
ICML-2024-A008786,Sameera Ramasinghe,UNKNOWN,UNKNOWN,ICML,2024
ICML-2024-A008787,Violetta Shevchenko,UNKNOWN,UNKNOWN,ICML,2024
ICML-2024-A008788,Alexander Long,UNKNOWN,UNKNOWN,ICML,2024
ICML-2024-A008789,Simon Lucey,UNKNOWN,UNKNOWN,ICML,2024
ICML-2024-A008790,Nikhil Sardana,UNKNOWN,UNKNOWN,ICML,2024
ICML-2024-A008791,Jacob Portes,UNKNOWN,UNKNOWN,ICML,2024
ICML-2024-A008792,Sasha Doubov,UNKNOWN,UNKNOWN,ICML,2024
ICML-2024-A008793,Jonathan Frankle,UNKNOWN,UNKNOWN,ICML,2024
ICML-2024-A008794,M. Saquib Sarfraz,UNKNOWN,UNKNOWN,ICML,2024
ICML-2024-A008795,Mei-Yen Chen,UNKNOWN,UNKNOWN,ICML,2024
ICML-2024-A008796,Lukas Layer,UNKNOWN,UNKNOWN,ICML,2024
ICML-2024-A008797,Kunyu Peng,UNKNOWN,UNKNOWN,ICML,2024
ICML-2024-A008798,Marios Koulakis,UNKNOWN,UNKNOWN,ICML,2024
ICML-2024-A008799,Benjamin Scellier,UNKNOWN,UNKNOWN,ICML,2024
ICML-2024-A008800,Meyer Scetbon,UNKNOWN,UNKNOWN,ICML,2024
ICML-2024-A008801,Joel Jennings,UNKNOWN,UNKNOWN,ICML,2024
ICML-2024-A008802,Agrin Hilmkil,UNKNOWN,UNKNOWN,ICML,2024
ICML-2024-A008803,Cheng Zhang,UNKNOWN,UNKNOWN,ICML,2024
ICML-2024-A008804,Chao Ma,UNKNOWN,UNKNOWN,ICML,2024
ICML-2024-A008805,Fabian Schaipp,UNKNOWN,UNKNOWN,ICML,2024
ICML-2024-A008806,Ruben Ohana,UNKNOWN,UNKNOWN,ICML,2024
ICML-2024-A008807,Michael Eickenberg,UNKNOWN,UNKNOWN,ICML,2024
ICML-2024-A008808,Aaron Defazio,UNKNOWN,UNKNOWN,ICML,2024
ICML-2024-A008809,Robert M. Gower,UNKNOWN,UNKNOWN,ICML,2024
ICML-2024-A008810,Philip Schär,UNKNOWN,UNKNOWN,ICML,2024
ICML-2024-A008811,Michael Habeck,UNKNOWN,UNKNOWN,ICML,2024
ICML-2024-A008812,Daniel Rudolf,UNKNOWN,UNKNOWN,ICML,2024
ICML-2024-A008813,Antoine Scheid,UNKNOWN,UNKNOWN,ICML,2024
ICML-2024-A008814,Daniil Tiapkin,UNKNOWN,UNKNOWN,ICML,2024
ICML-2024-A008815,Etienne Boursier,UNKNOWN,UNKNOWN,ICML,2024
ICML-2024-A008816,Aymeric Capitaine,UNKNOWN,UNKNOWN,ICML,2024
ICML-2024-A008817,Eric Moulines,UNKNOWN,UNKNOWN,ICML,2024
ICML-2024-A008818,Michael Jordan,UNKNOWN,UNKNOWN,ICML,2024
ICML-2024-A008819,El-Mahdi El-Mhamdi,UNKNOWN,UNKNOWN,ICML,2024
ICML-2024-A008820,Alain Oliviero Durmus,UNKNOWN,UNKNOWN,ICML,2024
ICML-2024-A008821,Yair Schiff,UNKNOWN,UNKNOWN,ICML,2024
ICML-2024-A008822,Chia Hsiang Kao,UNKNOWN,UNKNOWN,ICML,2024
ICML-2024-A008823,Aaron Gokaslan,UNKNOWN,UNKNOWN,ICML,2024
ICML-2024-A008824,Tri Dao,UNKNOWN,UNKNOWN,ICML,2024
ICML-2024-A008825,Albert Gu,UNKNOWN,UNKNOWN,ICML,2024
ICML-2024-A008826,Volodymyr Kuleshov,UNKNOWN,UNKNOWN,ICML,2024
ICML-2024-A008827,Yair Schiff,UNKNOWN,UNKNOWN,ICML,2024
ICML-2024-A008828,Zhong Yi Wan,UNKNOWN,UNKNOWN,ICML,2024
ICML-2024-A008829,Jeffrey B. Parker,UNKNOWN,UNKNOWN,ICML,2024
ICML-2024-A008830,Stephan Hoyer,UNKNOWN,UNKNOWN,ICML,2024
ICML-2024-A008831,Volodymyr Kuleshov,UNKNOWN,UNKNOWN,ICML,2024
ICML-2024-A008832,Fei Sha,UNKNOWN,UNKNOWN,ICML,2024
ICML-2024-A008833,Leonardo Zepeda-Núñez,UNKNOWN,UNKNOWN,ICML,2024
ICML-2024-A008834,Christian Schlarmann,UNKNOWN,UNKNOWN,ICML,2024
ICML-2024-A008835,Naman Deep Singh,UNKNOWN,UNKNOWN,ICML,2024
ICML-2024-A008836,Francesco Croce,UNKNOWN,UNKNOWN,ICML,2024
ICML-2024-A008837,Matthias Hein,UNKNOWN,UNKNOWN,ICML,2024
ICML-2024-A008838,Johann Schmidt,UNKNOWN,UNKNOWN,ICML,2024
ICML-2024-A008839,Sebastian Stober,UNKNOWN,UNKNOWN,ICML,2024
ICML-2024-A008840,Marvin Schmitt,UNKNOWN,UNKNOWN,ICML,2024
ICML-2024-A008841,Desi R. Ivanova,UNKNOWN,UNKNOWN,ICML,2024
ICML-2024-A008842,Daniel Habermann,UNKNOWN,UNKNOWN,ICML,2024
ICML-2024-A008843,Ullrich Koethe,UNKNOWN,UNKNOWN,ICML,2024
ICML-2024-A008844,Paul-Christian Bürkner,UNKNOWN,UNKNOWN,ICML,2024
ICML-2024-A008845,Stefan T. Radev,UNKNOWN,UNKNOWN,ICML,2024
ICML-2024-A008846,Peter Schmitt-Förster,UNKNOWN,UNKNOWN,ICML,2024
ICML-2024-A008847,Tobias Sutter,UNKNOWN,UNKNOWN,ICML,2024
ICML-2024-A008848,Jan Philipp Schneider,UNKNOWN,UNKNOWN,ICML,2024
ICML-2024-A008849,Mishal Fatima,UNKNOWN,UNKNOWN,ICML,2024
ICML-2024-A008850,Jovita Lukasik,UNKNOWN,UNKNOWN,ICML,2024
ICML-2024-A008851,Andreas Kolb,UNKNOWN,UNKNOWN,ICML,2024
ICML-2024-A008852,Margret Keuper,UNKNOWN,UNKNOWN,ICML,2024
ICML-2024-A008853,Michael Moeller,UNKNOWN,UNKNOWN,ICML,2024
ICML-2024-A008854,Jon Schneider,UNKNOWN,UNKNOWN,ICML,2024
ICML-2024-A008855,Kiran Vodrahalli,UNKNOWN,UNKNOWN,ICML,2024
ICML-2024-A008856,Henrik Schopmans,UNKNOWN,UNKNOWN,ICML,2024
ICML-2024-A008857,Pascal Friederich,UNKNOWN,UNKNOWN,ICML,2024
ICML-2024-A008858,Liam Schramm,UNKNOWN,UNKNOWN,ICML,2024
ICML-2024-A008859,Abdeslam Boularias,UNKNOWN,UNKNOWN,ICML,2024
ICML-2024-A008860,Dominik Schröder,UNKNOWN,UNKNOWN,ICML,2024
ICML-2024-A008861,Daniil Dmitriev,UNKNOWN,UNKNOWN,ICML,2024
ICML-2024-A008862,Hugo Cui,UNKNOWN,UNKNOWN,ICML,2024
ICML-2024-A008863,Bruno Loureiro,UNKNOWN,UNKNOWN,ICML,2024
ICML-2024-A008864,Cornelius Schröder,UNKNOWN,UNKNOWN,ICML,2024
ICML-2024-A008865,Jakob H. Macke,UNKNOWN,UNKNOWN,ICML,2024
ICML-2024-A008866,Johannes A. Schubert,UNKNOWN,UNKNOWN,ICML,2024
ICML-2024-A008867,Akshay Kumar Jagadish,UNKNOWN,UNKNOWN,ICML,2024
ICML-2024-A008868,Marcel Binz,UNKNOWN,UNKNOWN,ICML,2024
ICML-2024-A008869,Eric Schulz,UNKNOWN,UNKNOWN,ICML,2024
ICML-2024-A008870,Konstantin Schürholt,UNKNOWN,UNKNOWN,ICML,2024
ICML-2024-A008871,Michael W. Mahoney,UNKNOWN,UNKNOWN,ICML,2024
ICML-2024-A008872,Damian Borth,UNKNOWN,UNKNOWN,ICML,2024
ICML-2024-A008873,Jonas Schweisthal,UNKNOWN,UNKNOWN,ICML,2024
ICML-2024-A008874,Dennis Frauen,UNKNOWN,UNKNOWN,ICML,2024
ICML-2024-A008875,Mihaela Van Der Schaar,UNKNOWN,UNKNOWN,ICML,2024
ICML-2024-A008876,Stefan Feuerriegel,UNKNOWN,UNKNOWN,ICML,2024
ICML-2024-A008877,Luis Scoccola,UNKNOWN,UNKNOWN,ICML,2024
ICML-2024-A008878,Siddharth Setlur,UNKNOWN,UNKNOWN,ICML,2024
ICML-2024-A008879,David Loiseaux,UNKNOWN,UNKNOWN,ICML,2024
ICML-2024-A008880,Mathieu Carrière,UNKNOWN,UNKNOWN,ICML,2024
ICML-2024-A008881,Steve Oudot,UNKNOWN,UNKNOWN,ICML,2024
ICML-2024-A008882,Jonathan Scott,UNKNOWN,UNKNOWN,ICML,2024
ICML-2024-A008883,Áine Cahill,UNKNOWN,UNKNOWN,ICML,2024
ICML-2024-A008884,Paul Steven Scotti,UNKNOWN,UNKNOWN,ICML,2024
ICML-2024-A008885,Mihir Tripathy,UNKNOWN,UNKNOWN,ICML,2024
ICML-2024-A008886,Cesar Torrico,UNKNOWN,UNKNOWN,ICML,2024
ICML-2024-A008887,Reese Kneeland,UNKNOWN,UNKNOWN,ICML,2024
ICML-2024-A008888,Tong Chen,UNKNOWN,UNKNOWN,ICML,2024
ICML-2024-A008889,Ashutosh Narang,UNKNOWN,UNKNOWN,ICML,2024
ICML-2024-A008890,Charan Santhirasegaran,UNKNOWN,UNKNOWN,ICML,2024
ICML-2024-A008891,Jonathan Xu,UNKNOWN,UNKNOWN,ICML,2024
ICML-2024-A008892,Thomas Naselaris,UNKNOWN,UNKNOWN,ICML,2024
ICML-2024-A008893,Kenneth A. Norman,UNKNOWN,UNKNOWN,ICML,2024
ICML-2024-A008894,Tanishq Mathew Abraham,UNKNOWN,UNKNOWN,ICML,2024
ICML-2024-A008895,Nabeel Seedat,UNKNOWN,UNKNOWN,ICML,2024
ICML-2024-A008896,Nicolas Huynh,UNKNOWN,UNKNOWN,ICML,2024
ICML-2024-A008897,Boris van Breugel,UNKNOWN,UNKNOWN,ICML,2024
ICML-2024-A008898,Mihaela van der Schaar,UNKNOWN,UNKNOWN,ICML,2024
ICML-2024-A008899,Milad Sefidgaran,UNKNOWN,UNKNOWN,ICML,2024
ICML-2024-A008900,Romain Chor,UNKNOWN,UNKNOWN,ICML,2024
ICML-2024-A008901,Abdellatif Zaidi,UNKNOWN,UNKNOWN,ICML,2024
ICML-2024-A008902,Yijun Wan,UNKNOWN,UNKNOWN,ICML,2024
ICML-2024-A008903,Bilgehan Sel,UNKNOWN,UNKNOWN,ICML,2024
ICML-2024-A008904,Ahmad Tawaha,UNKNOWN,UNKNOWN,ICML,2024
ICML-2024-A008905,Vanshaj Khattar,UNKNOWN,UNKNOWN,ICML,2024
ICML-2024-A008906,Ruoxi Jia,UNKNOWN,UNKNOWN,ICML,2024
ICML-2024-A008907,Ming Jin,UNKNOWN,UNKNOWN,ICML,2024
ICML-2024-A008908,Junyoung Seo,UNKNOWN,UNKNOWN,ICML,2024
ICML-2024-A008909,Susung Hong,UNKNOWN,UNKNOWN,ICML,2024
ICML-2024-A008910,Wooseok Jang,UNKNOWN,UNKNOWN,ICML,2024
ICML-2024-A008911,Inès Hyeonsu Kim,UNKNOWN,UNKNOWN,ICML,2024
ICML-2024-A008912,Min-Seop Kwak,UNKNOWN,UNKNOWN,ICML,2024
ICML-2024-A008913,Doyup Lee,UNKNOWN,UNKNOWN,ICML,2024
ICML-2024-A008914,Seungryong Kim,UNKNOWN,UNKNOWN,ICML,2024
ICML-2024-A008915,Hyunki Seong,UNKNOWN,UNKNOWN,ICML,2024
ICML-2024-A008916,Hyunchul Shim,UNKNOWN,UNKNOWN,ICML,2024
ICML-2024-A008917,Amrith Setlur,UNKNOWN,UNKNOWN,ICML,2024
ICML-2024-A008918,Saurabh Garg,UNKNOWN,UNKNOWN,ICML,2024
ICML-2024-A008919,Virginia Smith,UNKNOWN,UNKNOWN,ICML,2024
ICML-2024-A008920,Sergey Levine,UNKNOWN,UNKNOWN,ICML,2024
ICML-2024-A008921,Harshay Shah,UNKNOWN,UNKNOWN,ICML,2024
ICML-2024-A008922,Andrew Ilyas,UNKNOWN,UNKNOWN,ICML,2024
ICML-2024-A008923,Aleksander Madry,UNKNOWN,UNKNOWN,ICML,2024
ICML-2024-A008924,Tamar Rott Shaham,UNKNOWN,UNKNOWN,ICML,2024
ICML-2024-A008925,Sarah Schwettmann,UNKNOWN,UNKNOWN,ICML,2024
ICML-2024-A008926,Franklin Wang,UNKNOWN,UNKNOWN,ICML,2024
ICML-2024-A008927,Achyuta Rajaram,UNKNOWN,UNKNOWN,ICML,2024
ICML-2024-A008928,Evan Hernandez,UNKNOWN,UNKNOWN,ICML,2024
ICML-2024-A008929,Jacob Andreas,UNKNOWN,UNKNOWN,ICML,2024
ICML-2024-A008930,Antonio Torralba,UNKNOWN,UNKNOWN,ICML,2024
ICML-2024-A008931,Novin Shahroudi,UNKNOWN,UNKNOWN,ICML,2024
ICML-2024-A008932,Mihkel Lepson,UNKNOWN,UNKNOWN,ICML,2024
ICML-2024-A008933,Meelis Kull,UNKNOWN,UNKNOWN,ICML,2024
ICML-2024-A008934,Daniel Shalam,UNKNOWN,UNKNOWN,ICML,2024
ICML-2024-A008935,Simon Korman,UNKNOWN,UNKNOWN,ICML,2024
ICML-2024-A008936,Yara Shamshoum,UNKNOWN,UNKNOWN,ICML,2024
ICML-2024-A008937,Nitzan Hodos,UNKNOWN,UNKNOWN,ICML,2024
ICML-2024-A008938,Yuval Sieradzki,UNKNOWN,UNKNOWN,ICML,2024
ICML-2024-A008939,Assaf Schuster,UNKNOWN,UNKNOWN,ICML,2024
ICML-2024-A008940,Aviv Shamsian,UNKNOWN,UNKNOWN,ICML,2024
ICML-2024-A008941,Aviv Navon,UNKNOWN,UNKNOWN,ICML,2024
ICML-2024-A008942,David W. Zhang,UNKNOWN,UNKNOWN,ICML,2024
ICML-2024-A008943,Yan Zhang,UNKNOWN,UNKNOWN,ICML,2024
ICML-2024-A008944,Ethan Fetaya,UNKNOWN,UNKNOWN,ICML,2024
ICML-2024-A008945,Gal Chechik,UNKNOWN,UNKNOWN,ICML,2024
ICML-2024-A008946,Haggai Maron,UNKNOWN,UNKNOWN,ICML,2024
ICML-2024-A008947,Shiv Shankar,UNKNOWN,UNKNOWN,ICML,2024
ICML-2024-A008948,Ritwik Sinha,UNKNOWN,UNKNOWN,ICML,2024
ICML-2024-A008949,Madalina Fiterau,UNKNOWN,UNKNOWN,ICML,2024
ICML-2024-A008950,Weijia Shao,UNKNOWN,UNKNOWN,ICML,2024
ICML-2024-A008951,Yuming Shao,UNKNOWN,UNKNOWN,ICML,2024
ICML-2024-A008952,Zhixuan Fang,UNKNOWN,UNKNOWN,ICML,2024
ICML-2024-A008953,Chenze Shao,UNKNOWN,UNKNOWN,ICML,2024
ICML-2024-A008954,Fandong Meng,UNKNOWN,UNKNOWN,ICML,2024
ICML-2024-A008955,Yijin Liu,UNKNOWN,UNKNOWN,ICML,2024
ICML-2024-A008956,Jie Zhou,UNKNOWN,UNKNOWN,ICML,2024
ICML-2024-A008957,Daqian Shao,UNKNOWN,UNKNOWN,ICML,2024
ICML-2024-A008958,Ashkan Soleymani,UNKNOWN,UNKNOWN,ICML,2024
ICML-2024-A008959,Francesco Quinzan,UNKNOWN,UNKNOWN,ICML,2024
ICML-2024-A008960,Marta Kwiatkowska,UNKNOWN,UNKNOWN,ICML,2024
ICML-2024-A008961,Mohit Sharma,UNKNOWN,UNKNOWN,ICML,2024
ICML-2024-A008962,Amit Deshpande,UNKNOWN,UNKNOWN,ICML,2024
ICML-2024-A008963,Kartik Sharma,UNKNOWN,UNKNOWN,ICML,2024
ICML-2024-A008964,Srijan Kumar,UNKNOWN,UNKNOWN,ICML,2024
ICML-2024-A008965,Rakshit Trivedi,UNKNOWN,UNKNOWN,ICML,2024
ICML-2024-A008966,Louis Sharrock,UNKNOWN,UNKNOWN,ICML,2024
ICML-2024-A008967,Jack Simons,UNKNOWN,UNKNOWN,ICML,2024
ICML-2024-A008968,Song Liu,UNKNOWN,UNKNOWN,ICML,2024
ICML-2024-A008969,Mark Beaumont,UNKNOWN,UNKNOWN,ICML,2024
ICML-2024-A008970,Neta Shaul,UNKNOWN,UNKNOWN,ICML,2024
ICML-2024-A008971,Uriel Singer,UNKNOWN,UNKNOWN,ICML,2024
ICML-2024-A008972,Ricky T. Q. Chen,UNKNOWN,UNKNOWN,ICML,2024
ICML-2024-A008973,Matthew Le,UNKNOWN,UNKNOWN,ICML,2024
ICML-2024-A008974,Ali Thabet,UNKNOWN,UNKNOWN,ICML,2024
ICML-2024-A008975,Albert Pumarola,UNKNOWN,UNKNOWN,ICML,2024
ICML-2024-A008976,Yaron Lipman,UNKNOWN,UNKNOWN,ICML,2024
ICML-2024-A008977,Shubhanshu Shekhar,UNKNOWN,UNKNOWN,ICML,2024
ICML-2024-A008978,Aaditya Ramdas,UNKNOWN,UNKNOWN,ICML,2024
ICML-2024-A008979,Guohao Shen,UNKNOWN,UNKNOWN,ICML,2024
ICML-2024-A008980,Yuesong Shen,UNKNOWN,UNKNOWN,ICML,2024
ICML-2024-A008981,Nico Daheim,UNKNOWN,UNKNOWN,ICML,2024
ICML-2024-A008982,Bai Cong,UNKNOWN,UNKNOWN,ICML,2024
ICML-2024-A008983,Peter Nickl,UNKNOWN,UNKNOWN,ICML,2024
ICML-2024-A008984,Gian Maria Marconi,UNKNOWN,UNKNOWN,ICML,2024
ICML-2024-A008985,Bazan Clement Emile Marcel Raoul,UNKNOWN,UNKNOWN,ICML,2024
ICML-2024-A008986,Rio Yokota,UNKNOWN,UNKNOWN,ICML,2024
ICML-2024-A008987,Iryna Gurevych,UNKNOWN,UNKNOWN,ICML,2024
ICML-2024-A008988,Daniel Cremers,UNKNOWN,UNKNOWN,ICML,2024
ICML-2024-A008989,Mohammad Emtiyaz Khan,UNKNOWN,UNKNOWN,ICML,2024
ICML-2024-A008990,Thomas Möllenhoff,UNKNOWN,UNKNOWN,ICML,2024
ICML-2024-A008991,Maohao Shen,UNKNOWN,UNKNOWN,ICML,2024
ICML-2024-A008992,Subhro Das,UNKNOWN,UNKNOWN,ICML,2024
ICML-2024-A008993,Kristjan Greenewald,UNKNOWN,UNKNOWN,ICML,2024
ICML-2024-A008994,Prasanna Sattigeri,UNKNOWN,UNKNOWN,ICML,2024
ICML-2024-A008995,Gregory W. Wornell,UNKNOWN,UNKNOWN,ICML,2024
ICML-2024-A008996,Soumya Ghosh,UNKNOWN,UNKNOWN,ICML,2024
ICML-2024-A008997,Lingfeng Shen,UNKNOWN,UNKNOWN,ICML,2024
ICML-2024-A008998,Aayush Mishra,UNKNOWN,UNKNOWN,ICML,2024
ICML-2024-A008999,Daniel Khashabi,UNKNOWN,UNKNOWN,ICML,2024
ICML-2024-A009000,Yunzhuang Shen,UNKNOWN,UNKNOWN,ICML,2024
ICML-2024-A009001,Yuan Sun,UNKNOWN,UNKNOWN,ICML,2024
ICML-2024-A009002,Xiaodong Li,UNKNOWN,UNKNOWN,ICML,2024
ICML-2024-A009003,Zhiguang Cao,UNKNOWN,UNKNOWN,ICML,2024
ICML-2024-A009004,Andrew Eberhard,UNKNOWN,UNKNOWN,ICML,2024
ICML-2024-A009005,Guangquan Zhang,UNKNOWN,UNKNOWN,ICML,2024
ICML-2024-A009006,Junhong Shen,UNKNOWN,UNKNOWN,ICML,2024
ICML-2024-A009007,Neil Tenenholtz,UNKNOWN,UNKNOWN,ICML,2024
ICML-2024-A009008,James Brian Hall,UNKNOWN,UNKNOWN,ICML,2024
ICML-2024-A009009,David Alvarez-Melis,UNKNOWN,UNKNOWN,ICML,2024
ICML-2024-A009010,Nicolo Fusi,UNKNOWN,UNKNOWN,ICML,2024
ICML-2024-A009011,Han Shen,UNKNOWN,UNKNOWN,ICML,2024
ICML-2024-A009012,Zhuoran Yang,UNKNOWN,UNKNOWN,ICML,2024
ICML-2024-A009013,Tianyi Chen,UNKNOWN,UNKNOWN,ICML,2024
ICML-2024-A009014,Joseph Shenouda,UNKNOWN,UNKNOWN,ICML,2024
ICML-2024-A009015,Yamin Zhou,UNKNOWN,UNKNOWN,ICML,2024
ICML-2024-A009016,Robert D Nowak,UNKNOWN,UNKNOWN,ICML,2024
ICML-2024-A009017,Uri Sherman,UNKNOWN,UNKNOWN,ICML,2024
ICML-2024-A009018,Alon Cohen,UNKNOWN,UNKNOWN,ICML,2024
ICML-2024-A009019,Tomer Koren,UNKNOWN,UNKNOWN,ICML,2024
ICML-2024-A009020,Yishay Mansour,UNKNOWN,UNKNOWN,ICML,2024
ICML-2024-A009021,Wanli Shi,UNKNOWN,UNKNOWN,ICML,2024
ICML-2024-A009022,Yi Chang,UNKNOWN,UNKNOWN,ICML,2024
ICML-2024-A009023,Bin Gu,UNKNOWN,UNKNOWN,ICML,2024
ICML-2024-A009024,Liangliang Shi,UNKNOWN,UNKNOWN,ICML,2024
ICML-2024-A009025,Jack Fan,UNKNOWN,UNKNOWN,ICML,2024
ICML-2024-A009026,Junchi Yan,UNKNOWN,UNKNOWN,ICML,2024
ICML-2024-A009027,Jia Shi,UNKNOWN,UNKNOWN,ICML,2024
ICML-2024-A009028,Gautam Rajendrakumar Gare,UNKNOWN,UNKNOWN,ICML,2024
ICML-2024-A009029,Jinjin Tian,UNKNOWN,UNKNOWN,ICML,2024
ICML-2024-A009030,Siqi Chai,UNKNOWN,UNKNOWN,ICML,2024
ICML-2024-A009031,Zhiqiu Lin,UNKNOWN,UNKNOWN,ICML,2024
ICML-2024-A009032,Arun Balajee Vasudevan,UNKNOWN,UNKNOWN,ICML,2024
ICML-2024-A009033,Di Feng,UNKNOWN,UNKNOWN,ICML,2024
ICML-2024-A009034,Francesco Ferroni,UNKNOWN,UNKNOWN,ICML,2024
ICML-2024-A009035,Shu Kong,UNKNOWN,UNKNOWN,ICML,2024
ICML-2024-A009036,Laixi Shi,UNKNOWN,UNKNOWN,ICML,2024
ICML-2024-A009037,Eric Mazumdar,UNKNOWN,UNKNOWN,ICML,2024
ICML-2024-A009038,Yuejie Chi,UNKNOWN,UNKNOWN,ICML,2024
ICML-2024-A009039,Adam Wierman,UNKNOWN,UNKNOWN,ICML,2024
ICML-2024-A009040,Dachuan Shi,UNKNOWN,UNKNOWN,ICML,2024
ICML-2024-A009041,Chaofan Tao,UNKNOWN,UNKNOWN,ICML,2024
ICML-2024-A009042,Anyi Rao,UNKNOWN,UNKNOWN,ICML,2024
ICML-2024-A009043,Zhendong Yang,UNKNOWN,UNKNOWN,ICML,2024
ICML-2024-A009044,Chun Yuan,UNKNOWN,UNKNOWN,ICML,2024
ICML-2024-A009045,Jiaqi Wang,UNKNOWN,UNKNOWN,ICML,2024
ICML-2024-A009046,Zhenmei Shi,UNKNOWN,UNKNOWN,ICML,2024
ICML-2024-A009047,Junyi Wei,UNKNOWN,UNKNOWN,ICML,2024
ICML-2024-A009048,Zhuoyan Xu,UNKNOWN,UNKNOWN,ICML,2024
ICML-2024-A009049,Yingyu Liang,UNKNOWN,UNKNOWN,ICML,2024
ICML-2024-A009050,Jiang-Xin Shi,UNKNOWN,UNKNOWN,ICML,2024
ICML-2024-A009051,Tong Wei,UNKNOWN,UNKNOWN,ICML,2024
ICML-2024-A009052,Zhi Zhou,UNKNOWN,UNKNOWN,ICML,2024
ICML-2024-A009053,Jie-Jing Shao,UNKNOWN,UNKNOWN,ICML,2024
ICML-2024-A009054,Xin-Yan Han,UNKNOWN,UNKNOWN,ICML,2024
ICML-2024-A009055,Yu-Feng Li,UNKNOWN,UNKNOWN,ICML,2024
ICML-2024-A009056,Eiki Shimizu,UNKNOWN,UNKNOWN,ICML,2024
ICML-2024-A009057,Kenji Fukumizu,UNKNOWN,UNKNOWN,ICML,2024
ICML-2024-A009058,Dino Sejdinovic,UNKNOWN,UNKNOWN,ICML,2024
ICML-2024-A009059,Kirankumar Shiragur,UNKNOWN,UNKNOWN,ICML,2024
ICML-2024-A009060,Jiaqi Zhang,UNKNOWN,UNKNOWN,ICML,2024
ICML-2024-A009061,Caroline Uhler,UNKNOWN,UNKNOWN,ICML,2024
ICML-2024-A009062,Tomohiro Shiraishi,UNKNOWN,UNKNOWN,ICML,2024
ICML-2024-A009063,Daiki Miwa,UNKNOWN,UNKNOWN,ICML,2024
ICML-2024-A009064,Teruyuki Katsuoka,UNKNOWN,UNKNOWN,ICML,2024
ICML-2024-A009065,Vo Nguyen Le Duy,UNKNOWN,UNKNOWN,ICML,2024
ICML-2024-A009066,Kouichi Taji,UNKNOWN,UNKNOWN,ICML,2024
ICML-2024-A009067,Ichiro Takeuchi,UNKNOWN,UNKNOWN,ICML,2024
ICML-2024-A009068,Toru Shirakawa,UNKNOWN,UNKNOWN,ICML,2024
ICML-2024-A009069,Yi Li,UNKNOWN,UNKNOWN,ICML,2024
ICML-2024-A009070,Yulun Wu,UNKNOWN,UNKNOWN,ICML,2024
ICML-2024-A009071,Sky Qiu,UNKNOWN,UNKNOWN,ICML,2024
ICML-2024-A009072,Yuxuan Li,UNKNOWN,UNKNOWN,ICML,2024
ICML-2024-A009073,Mingduo Zhao,UNKNOWN,UNKNOWN,ICML,2024
ICML-2024-A009074,Hiroyasu Iso,UNKNOWN,UNKNOWN,ICML,2024
ICML-2024-A009075,Mark J. Van Der Laan,UNKNOWN,UNKNOWN,ICML,2024
ICML-2024-A009076,Ali Shirali,UNKNOWN,UNKNOWN,ICML,2024
ICML-2024-A009077,Rediet Abebe,UNKNOWN,UNKNOWN,ICML,2024
ICML-2024-A009078,Moritz Hardt,UNKNOWN,UNKNOWN,ICML,2024
ICML-2024-A009079,Shirin Shoushtari,UNKNOWN,UNKNOWN,ICML,2024
ICML-2024-A009080,Jiaming Liu,UNKNOWN,UNKNOWN,ICML,2024
ICML-2024-A009081,Edward P. Chandler,UNKNOWN,UNKNOWN,ICML,2024
ICML-2024-A009082,M. Salman Asif,UNKNOWN,UNKNOWN,ICML,2024
ICML-2024-A009083,Ulugbek S. Kamilov,UNKNOWN,UNKNOWN,ICML,2024
ICML-2024-A009084,Youwei Shu,UNKNOWN,UNKNOWN,ICML,2024
ICML-2024-A009085,Xi Xiao,UNKNOWN,UNKNOWN,ICML,2024
ICML-2024-A009086,Derui Wang,UNKNOWN,UNKNOWN,ICML,2024
ICML-2024-A009087,Yuxin Cao,UNKNOWN,UNKNOWN,ICML,2024
ICML-2024-A009088,Siji Chen,UNKNOWN,UNKNOWN,ICML,2024
ICML-2024-A009089,Jason Xue,UNKNOWN,UNKNOWN,ICML,2024
ICML-2024-A009090,Linyi Li,UNKNOWN,UNKNOWN,ICML,2024
ICML-2024-A009091,Bo Li,UNKNOWN,UNKNOWN,ICML,2024
ICML-2024-A009092,Kumar Shubham,UNKNOWN,UNKNOWN,ICML,2024
ICML-2024-A009093,Aishwarya Jayagopal,UNKNOWN,UNKNOWN,ICML,2024
ICML-2024-A009094,Syed Mohammed Danish,UNKNOWN,UNKNOWN,ICML,2024
ICML-2024-A009095,Prathosh Ap,UNKNOWN,UNKNOWN,ICML,2024
ICML-2024-A009096,Vaibhav Rajan,UNKNOWN,UNKNOWN,ICML,2024
ICML-2024-A009097,Megh Shukla,UNKNOWN,UNKNOWN,ICML,2024
ICML-2024-A009098,Mathieu Salzmann,UNKNOWN,UNKNOWN,ICML,2024
ICML-2024-A009099,Alexandre Alahi,UNKNOWN,UNKNOWN,ICML,2024
ICML-2024-A009100,Egor Shulgin,UNKNOWN,UNKNOWN,ICML,2024
ICML-2024-A009101,Peter Richtárik,UNKNOWN,UNKNOWN,ICML,2024
ICML-2024-A009102,Zakhar Shumaylov,UNKNOWN,UNKNOWN,ICML,2024
ICML-2024-A009103,Jeremy Budd,UNKNOWN,UNKNOWN,ICML,2024
ICML-2024-A009104,Subhadip Mukherjee,UNKNOWN,UNKNOWN,ICML,2024
ICML-2024-A009105,Carola-Bibiane Schönlieb,UNKNOWN,UNKNOWN,ICML,2024
ICML-2024-A009106,Sergei Shumilin,UNKNOWN,UNKNOWN,ICML,2024
ICML-2024-A009107,Alexander Ryabov,UNKNOWN,UNKNOWN,ICML,2024
ICML-2024-A009108,Nikolay Yavich,UNKNOWN,UNKNOWN,ICML,2024
ICML-2024-A009109,Evgeny Burnaev,UNKNOWN,UNKNOWN,ICML,2024
ICML-2024-A009110,Vladimir Vanovskiy,UNKNOWN,UNKNOWN,ICML,2024
ICML-2024-A009111,Ekaterina Shumitskaya,UNKNOWN,UNKNOWN,ICML,2024
ICML-2024-A009112,Anastasia Antsiferova,UNKNOWN,UNKNOWN,ICML,2024
ICML-2024-A009113,Dmitriy S. Vatolin,UNKNOWN,UNKNOWN,ICML,2024
ICML-2024-A009114,Jacob Yoke Hong Si,UNKNOWN,UNKNOWN,ICML,2024
ICML-2024-A009115,Wendy Yusi Cheng,UNKNOWN,UNKNOWN,ICML,2024
ICML-2024-A009116,Michael Cooper,UNKNOWN,UNKNOWN,ICML,2024
ICML-2024-A009117,Rahul Krishnan,UNKNOWN,UNKNOWN,ICML,2024
ICML-2024-A009118,Tiago Silva,UNKNOWN,UNKNOWN,ICML,2024
ICML-2024-A009119,Luiz Max Carvalho,UNKNOWN,UNKNOWN,ICML,2024
ICML-2024-A009120,Amauri H Souza,UNKNOWN,UNKNOWN,ICML,2024
ICML-2024-A009121,Samuel Kaski,UNKNOWN,UNKNOWN,ICML,2024
ICML-2024-A009122,Diego Mesquita,UNKNOWN,UNKNOWN,ICML,2024
ICML-2024-A009123,Álvaro Labarca Silva,UNKNOWN,UNKNOWN,ICML,2024
ICML-2024-A009124,Denis Parra,UNKNOWN,UNKNOWN,ICML,2024
ICML-2024-A009125,Rodrigo Toro Icarte,UNKNOWN,UNKNOWN,ICML,2024
ICML-2024-A009126,Thalles Silva,UNKNOWN,UNKNOWN,ICML,2024
ICML-2024-A009127,Helio Pedrini,UNKNOWN,UNKNOWN,ICML,2024
ICML-2024-A009128,Adı́n Ramı́rez Rivera,UNKNOWN,UNKNOWN,ICML,2024
ICML-2024-A009129,Rachael Hwee Ling Sim,UNKNOWN,UNKNOWN,ICML,2024
ICML-2024-A009130,Jue Fan,UNKNOWN,UNKNOWN,ICML,2024
ICML-2024-A009131,Xiao Tian,UNKNOWN,UNKNOWN,ICML,2024
ICML-2024-A009132,Patrick Jaillet,UNKNOWN,UNKNOWN,ICML,2024
ICML-2024-A009133,Bryan Kian Hsiang Low,UNKNOWN,UNKNOWN,ICML,2024
ICML-2024-A009134,Riley Simmons-Edler,Threaten AI Research,UNKNOWN,ICML,2024
ICML-2024-A009135,Ryan Paul Badman,Threaten AI Research,UNKNOWN,ICML,2024
ICML-2024-A009136,Shayne Longpre,Threaten AI Research,UNKNOWN,ICML,2024
ICML-2024-A009137,Kanaka Rajan,Threaten AI Research,UNKNOWN,ICML,2024
ICML-2024-A009138,Maksim Sinelnikov,UNKNOWN,UNKNOWN,ICML,2024
ICML-2024-A009139,Manuel Haussmann,UNKNOWN,UNKNOWN,ICML,2024
ICML-2024-A009140,Harri Lähdesmäki,UNKNOWN,UNKNOWN,ICML,2024
ICML-2024-A009141,Anurag Singh,UNKNOWN,UNKNOWN,ICML,2024
ICML-2024-A009142,Siu Lun Chau,UNKNOWN,UNKNOWN,ICML,2024
ICML-2024-A009143,Shahine Bouabid,UNKNOWN,UNKNOWN,ICML,2024
ICML-2024-A009144,Krikamol Muandet,UNKNOWN,UNKNOWN,ICML,2024
ICML-2024-A009145,Rahul Singh,UNKNOWN,UNKNOWN,ICML,2024
ICML-2024-A009146,Akshay Mete,UNKNOWN,UNKNOWN,ICML,2024
ICML-2024-A009147,Avik Kar,UNKNOWN,UNKNOWN,ICML,2024
ICML-2024-A009148,Panganamala Kumar,UNKNOWN,UNKNOWN,ICML,2024
ICML-2024-A009149,Aaditya K Singh,UNKNOWN,UNKNOWN,ICML,2024
ICML-2024-A009150,Ted Moskovitz,UNKNOWN,UNKNOWN,ICML,2024
ICML-2024-A009151,Felix Hill,UNKNOWN,UNKNOWN,ICML,2024
ICML-2024-A009152,Stephanie C.Y. Chan,UNKNOWN,UNKNOWN,ICML,2024
ICML-2024-A009153,Andrew M Saxe,UNKNOWN,UNKNOWN,ICML,2024
ICML-2024-A009154,Shashwat Singh,UNKNOWN,UNKNOWN,ICML,2024
ICML-2024-A009155,Shauli Ravfogel,UNKNOWN,UNKNOWN,ICML,2024
ICML-2024-A009156,Jonathan Herzig,UNKNOWN,UNKNOWN,ICML,2024
ICML-2024-A009157,Roee Aharoni,UNKNOWN,UNKNOWN,ICML,2024
ICML-2024-A009158,Ryan Cotterell,UNKNOWN,UNKNOWN,ICML,2024
ICML-2024-A009159,Ponnurangam Kumaraguru,UNKNOWN,UNKNOWN,ICML,2024
ICML-2024-A009160,Utsav Singh,UNKNOWN,UNKNOWN,ICML,2024
ICML-2024-A009161,Wesley A Suttle,UNKNOWN,UNKNOWN,ICML,2024
ICML-2024-A009162,Brian M. Sadler,UNKNOWN,UNKNOWN,ICML,2024
ICML-2024-A009163,Vinay P. Namboodiri,UNKNOWN,UNKNOWN,ICML,2024
ICML-2024-A009164,Amrit Bedi,UNKNOWN,UNKNOWN,ICML,2024
ICML-2024-A009165,Ankit Pratap Singh,UNKNOWN,UNKNOWN,ICML,2024
ICML-2024-A009166,Namrata Vaswani,UNKNOWN,UNKNOWN,ICML,2024
ICML-2024-A009167,Gautam Singh,UNKNOWN,UNKNOWN,ICML,2024
ICML-2024-A009168,Yue Wang,UNKNOWN,UNKNOWN,ICML,2024
ICML-2024-A009169,Jiawei Yang,UNKNOWN,UNKNOWN,ICML,2024
ICML-2024-A009170,Boris Ivanovic,UNKNOWN,UNKNOWN,ICML,2024
ICML-2024-A009171,Sungjin Ahn,UNKNOWN,UNKNOWN,ICML,2024
ICML-2024-A009172,Marco Pavone,UNKNOWN,UNKNOWN,ICML,2024
ICML-2024-A009173,Tong Che,UNKNOWN,UNKNOWN,ICML,2024
ICML-2024-A009174,Raghav Singhal,UNKNOWN,UNKNOWN,ICML,2024
ICML-2024-A009175,Mark Goldstein,UNKNOWN,UNKNOWN,ICML,2024
ICML-2024-A009176,Rajesh Ranganath,UNKNOWN,UNKNOWN,ICML,2024
ICML-2024-A009177,Jayesh Singla,UNKNOWN,UNKNOWN,ICML,2024
ICML-2024-A009178,Ananye Agarwal,UNKNOWN,UNKNOWN,ICML,2024
ICML-2024-A009179,Deepak Pathak,UNKNOWN,UNKNOWN,ICML,2024
ICML-2024-A009180,Viacheslav Sinii,UNKNOWN,UNKNOWN,ICML,2024
ICML-2024-A009181,Alexander Nikulin,UNKNOWN,UNKNOWN,ICML,2024
ICML-2024-A009182,Vladislav Kurenkov,UNKNOWN,UNKNOWN,ICML,2024
ICML-2024-A009183,Ilya Zisman,UNKNOWN,UNKNOWN,ICML,2024
ICML-2024-A009184,Sergey Kolesnikov,UNKNOWN,UNKNOWN,ICML,2024
ICML-2024-A009185,Pietro Sittoni,UNKNOWN,UNKNOWN,ICML,2024
ICML-2024-A009186,Francesco Tudisco,UNKNOWN,UNKNOWN,ICML,2024
ICML-2024-A009187,Amutheezan Sivagnanam,UNKNOWN,UNKNOWN,ICML,2024
ICML-2024-A009188,Ava Pettet,UNKNOWN,UNKNOWN,ICML,2024
ICML-2024-A009189,Hunter Lee,UNKNOWN,UNKNOWN,ICML,2024
ICML-2024-A009190,Ayan Mukhopadhyay,UNKNOWN,UNKNOWN,ICML,2024
ICML-2024-A009191,Abhishek Dubey,UNKNOWN,UNKNOWN,ICML,2024
ICML-2024-A009192,Aron Laszka,UNKNOWN,UNKNOWN,ICML,2024
ICML-2024-A009193,Oscar Smee,UNKNOWN,UNKNOWN,ICML,2024
ICML-2024-A009194,Fred Roosta,UNKNOWN,UNKNOWN,ICML,2024
ICML-2024-A009195,Andries Petrus Smit,UNKNOWN,UNKNOWN,ICML,2024
ICML-2024-A009196,Nathan Grinsztajn,UNKNOWN,UNKNOWN,ICML,2024
ICML-2024-A009197,Paul Duckworth,UNKNOWN,UNKNOWN,ICML,2024
ICML-2024-A009198,Thomas D Barrett,UNKNOWN,UNKNOWN,ICML,2024
ICML-2024-A009199,Arnu Pretorius,UNKNOWN,UNKNOWN,ICML,2024
ICML-2024-A009200,Paulo Soares,UNKNOWN,UNKNOWN,ICML,2024
ICML-2024-A009201,Adarsh Pyarelal,UNKNOWN,UNKNOWN,ICML,2024
ICML-2024-A009202,Meghavarshini Krishnaswamy,UNKNOWN,UNKNOWN,ICML,2024
ICML-2024-A009203,Emily Butler,UNKNOWN,UNKNOWN,ICML,2024
ICML-2024-A009204,Kobus Barnard,UNKNOWN,UNKNOWN,ICML,2024
ICML-2024-A009205,Motahareh Sohrabi,UNKNOWN,UNKNOWN,ICML,2024
ICML-2024-A009206,Juan Ramirez,UNKNOWN,UNKNOWN,ICML,2024
ICML-2024-A009207,Tianyue H. Zhang,UNKNOWN,UNKNOWN,ICML,2024
ICML-2024-A009208,Simon Lacoste-Julien,UNKNOWN,UNKNOWN,ICML,2024
ICML-2024-A009209,Jose Gallego-Posada,UNKNOWN,UNKNOWN,ICML,2024
ICML-2024-A009210,Arshia Soltani Moakhar,UNKNOWN,UNKNOWN,ICML,2024
ICML-2024-A009211,Eugenia Iofinova,UNKNOWN,UNKNOWN,ICML,2024
ICML-2024-A009212,Elias Frantar,UNKNOWN,UNKNOWN,ICML,2024
ICML-2024-A009213,Dan Alistarh,UNKNOWN,UNKNOWN,ICML,2024
ICML-2024-A009214,Emanuel Sommer,UNKNOWN,UNKNOWN,ICML,2024
ICML-2024-A009215,Lisa Wimmer,UNKNOWN,UNKNOWN,ICML,2024
ICML-2024-A009216,Theodore Papamarkou,UNKNOWN,UNKNOWN,ICML,2024
ICML-2024-A009217,Ludwig Bothmann,UNKNOWN,UNKNOWN,ICML,2024
ICML-2024-A009218,Bernd Bischl,UNKNOWN,UNKNOWN,ICML,2024
ICML-2024-A009219,David Rügamer,UNKNOWN,UNKNOWN,ICML,2024
ICML-2024-A009220,Yuda Song,UNKNOWN,UNKNOWN,ICML,2024
ICML-2024-A009221,Drew Bagnell,UNKNOWN,UNKNOWN,ICML,2024
ICML-2024-A009222,Aarti Singh,UNKNOWN,UNKNOWN,ICML,2024
ICML-2024-A009223,Andrew H. Song,UNKNOWN,UNKNOWN,ICML,2024
ICML-2024-A009224,Richard J. Chen,UNKNOWN,UNKNOWN,ICML,2024
ICML-2024-A009225,Guillaume Jaume,UNKNOWN,UNKNOWN,ICML,2024
ICML-2024-A009226,Anurag Jayant Vaidya,UNKNOWN,UNKNOWN,ICML,2024
ICML-2024-A009227,Alexander Baras,UNKNOWN,UNKNOWN,ICML,2024
ICML-2024-A009228,Faisal Mahmood,UNKNOWN,UNKNOWN,ICML,2024
ICML-2024-A009229,Zhenqiao Song,UNKNOWN,UNKNOWN,ICML,2024
ICML-2024-A009230,Tinglin Huang,UNKNOWN,UNKNOWN,ICML,2024
ICML-2024-A009231,Lei Li,UNKNOWN,UNKNOWN,ICML,2024
ICML-2024-A009232,Wengong Jin,UNKNOWN,UNKNOWN,ICML,2024
ICML-2024-A009233,Ziyang Song,UNKNOWN,UNKNOWN,ICML,2024
ICML-2024-A009234,Jinxi Li,UNKNOWN,UNKNOWN,ICML,2024
ICML-2024-A009235,Bo Yang,UNKNOWN,UNKNOWN,ICML,2024
ICML-2024-A009236,Weixi Song,UNKNOWN,UNKNOWN,ICML,2024
ICML-2024-A009237,Zuchao Li,UNKNOWN,UNKNOWN,ICML,2024
ICML-2024-A009238,Lefei Zhang,UNKNOWN,UNKNOWN,ICML,2024
ICML-2024-A009239,Hai Zhao,UNKNOWN,UNKNOWN,ICML,2024
ICML-2024-A009240,Bo Du,UNKNOWN,UNKNOWN,ICML,2024
ICML-2024-A009241,Jiwon Song,UNKNOWN,UNKNOWN,ICML,2024
ICML-2024-A009242,Kyungseok Oh,UNKNOWN,UNKNOWN,ICML,2024
ICML-2024-A009243,Taesu Kim,UNKNOWN,UNKNOWN,ICML,2024
ICML-2024-A009244,Hyungjun Kim,UNKNOWN,UNKNOWN,ICML,2024
ICML-2024-A009245,Yulhwa Kim,UNKNOWN,UNKNOWN,ICML,2024
ICML-2024-A009246,Jae-Joon Kim,UNKNOWN,UNKNOWN,ICML,2024
ICML-2024-A009247,Kun Song,UNKNOWN,UNKNOWN,ICML,2024
ICML-2024-A009248,Zhiquan Tan,UNKNOWN,UNKNOWN,ICML,2024
ICML-2024-A009249,Bochao Zou,UNKNOWN,UNKNOWN,ICML,2024
ICML-2024-A009250,Huimin Ma,UNKNOWN,UNKNOWN,ICML,2024
ICML-2024-A009251,Weiran Huang,UNKNOWN,UNKNOWN,ICML,2024
ICML-2024-A009252,Xingyou Song,UNKNOWN,UNKNOWN,ICML,2024
ICML-2024-A009253,Yingtao Tian,UNKNOWN,UNKNOWN,ICML,2024
ICML-2024-A009254,Robert Tjarko Lange,UNKNOWN,UNKNOWN,ICML,2024
ICML-2024-A009255,Chansoo Lee,UNKNOWN,UNKNOWN,ICML,2024
ICML-2024-A009256,Yujin Tang,UNKNOWN,UNKNOWN,ICML,2024
ICML-2024-A009257,Yutian Chen,UNKNOWN,UNKNOWN,ICML,2024
ICML-2024-A009258,Yuda Song,UNKNOWN,UNKNOWN,ICML,2024
ICML-2024-A009259,Lili Wu,UNKNOWN,UNKNOWN,ICML,2024
ICML-2024-A009260,Dylan J Foster,UNKNOWN,UNKNOWN,ICML,2024
ICML-2024-A009261,Akshay Krishnamurthy,UNKNOWN,UNKNOWN,ICML,2024
ICML-2024-A009262,Zitao Song,UNKNOWN,UNKNOWN,ICML,2024
ICML-2024-A009263,Chao Yang,UNKNOWN,UNKNOWN,ICML,2024
ICML-2024-A009264,Chaojie Wang,UNKNOWN,UNKNOWN,ICML,2024
ICML-2024-A009265,Bo An,UNKNOWN,UNKNOWN,ICML,2024
ICML-2024-A009266,Shuang Li,UNKNOWN,UNKNOWN,ICML,2024
ICML-2024-A009267,Zhenqiao Song,UNKNOWN,UNKNOWN,ICML,2024
ICML-2024-A009268,Yunlong Zhao,UNKNOWN,UNKNOWN,ICML,2024
ICML-2024-A009269,Wenxian Shi,UNKNOWN,UNKNOWN,ICML,2024
ICML-2024-A009270,Wengong Jin,UNKNOWN,UNKNOWN,ICML,2024
ICML-2024-A009271,Yang Yang,UNKNOWN,UNKNOWN,ICML,2024
ICML-2024-A009272,Lei Li,UNKNOWN,UNKNOWN,ICML,2024
ICML-2024-A009273,Taylor Sorensen,UNKNOWN,UNKNOWN,ICML,2024
ICML-2024-A009274,Jared Moore,UNKNOWN,UNKNOWN,ICML,2024
ICML-2024-A009275,Jillian Fisher,UNKNOWN,UNKNOWN,ICML,2024
ICML-2024-A009276,Mitchell L Gordon,UNKNOWN,UNKNOWN,ICML,2024
ICML-2024-A009277,Niloofar Mireshghallah,UNKNOWN,UNKNOWN,ICML,2024
ICML-2024-A009278,Christopher Michael Rytting,UNKNOWN,UNKNOWN,ICML,2024
ICML-2024-A009279,Andre Ye,UNKNOWN,UNKNOWN,ICML,2024
ICML-2024-A009280,Liwei Jiang,UNKNOWN,UNKNOWN,ICML,2024
ICML-2024-A009281,Ximing Lu,UNKNOWN,UNKNOWN,ICML,2024
ICML-2024-A009282,Nouha Dziri,UNKNOWN,UNKNOWN,ICML,2024
ICML-2024-A009283,Tim Althoff,UNKNOWN,UNKNOWN,ICML,2024
ICML-2024-A009284,Yejin Choi,UNKNOWN,UNKNOWN,ICML,2024
ICML-2024-A009285,Lucas Spangher,UNKNOWN,UNKNOWN,ICML,2024
ICML-2024-A009286,Allen M. Wang,UNKNOWN,UNKNOWN,ICML,2024
ICML-2024-A009287,Andrew Maris,UNKNOWN,UNKNOWN,ICML,2024
ICML-2024-A009288,Myles Stapelberg,UNKNOWN,UNKNOWN,ICML,2024
ICML-2024-A009289,Viraj Mehta,UNKNOWN,UNKNOWN,ICML,2024
ICML-2024-A009290,Alex Saperstein,UNKNOWN,UNKNOWN,ICML,2024
ICML-2024-A009291,Stephen Lane-Walsh,UNKNOWN,UNKNOWN,ICML,2024
ICML-2024-A009292,Akshata Kishore Moharir,UNKNOWN,UNKNOWN,ICML,2024
ICML-2024-A009293,Alessandro Pau,UNKNOWN,UNKNOWN,ICML,2024
ICML-2024-A009294,Cristina Rea,UNKNOWN,UNKNOWN,ICML,2024
ICML-2024-A009295,Jost Tobias Springenberg,UNKNOWN,UNKNOWN,ICML,2024
ICML-2024-A009296,Abbas Abdolmaleki,UNKNOWN,UNKNOWN,ICML,2024
ICML-2024-A009297,Jingwei Zhang,UNKNOWN,UNKNOWN,ICML,2024
ICML-2024-A009298,Oliver Groth,UNKNOWN,UNKNOWN,ICML,2024
ICML-2024-A009299,Michael Bloesch,UNKNOWN,UNKNOWN,ICML,2024
ICML-2024-A009300,Thomas Lampe,UNKNOWN,UNKNOWN,ICML,2024
ICML-2024-A009301,Philemon Brakel,UNKNOWN,UNKNOWN,ICML,2024
ICML-2024-A009302,Sarah Maria Elisabeth Bechtle,UNKNOWN,UNKNOWN,ICML,2024
ICML-2024-A009303,Steven Kapturowski,UNKNOWN,UNKNOWN,ICML,2024
ICML-2024-A009304,Roland Hafner,UNKNOWN,UNKNOWN,ICML,2024
ICML-2024-A009305,Nicolas Heess,UNKNOWN,UNKNOWN,ICML,2024
ICML-2024-A009306,Martin Riedmiller,UNKNOWN,UNKNOWN,ICML,2024
ICML-2024-A009307,Henry W. Sprueill,UNKNOWN,UNKNOWN,ICML,2024
ICML-2024-A009308,Carl Edwards,UNKNOWN,UNKNOWN,ICML,2024
ICML-2024-A009309,Khushbu Agarwal,UNKNOWN,UNKNOWN,ICML,2024
ICML-2024-A009310,Mariefel V Olarte,UNKNOWN,UNKNOWN,ICML,2024
ICML-2024-A009311,Udishnu Sanyal,UNKNOWN,UNKNOWN,ICML,2024
ICML-2024-A009312,Conrad Johnston,UNKNOWN,UNKNOWN,ICML,2024
ICML-2024-A009313,Hongbin Liu,UNKNOWN,UNKNOWN,ICML,2024
ICML-2024-A009314,Heng Ji,UNKNOWN,UNKNOWN,ICML,2024
ICML-2024-A009315,Sutanay Choudhury,UNKNOWN,UNKNOWN,ICML,2024
ICML-2024-A009316,Ram Dyuthi Sristi,UNKNOWN,UNKNOWN,ICML,2024
ICML-2024-A009317,Ofir Lindenbaum,UNKNOWN,UNKNOWN,ICML,2024
ICML-2024-A009318,Shira Lifshitz,UNKNOWN,UNKNOWN,ICML,2024
ICML-2024-A009319,Maria Lavzin,UNKNOWN,UNKNOWN,ICML,2024
ICML-2024-A009320,Jackie Schiller,UNKNOWN,UNKNOWN,ICML,2024
ICML-2024-A009321,Gal Mishne,UNKNOWN,UNKNOWN,ICML,2024
ICML-2024-A009322,Hadas Benisty,UNKNOWN,UNKNOWN,ICML,2024
ICML-2024-A009323,Theresa Stadler,UNKNOWN,UNKNOWN,ICML,2024
ICML-2024-A009324,Bogdan Kulynych,UNKNOWN,UNKNOWN,ICML,2024
ICML-2024-A009325,Michael Gastpar,UNKNOWN,UNKNOWN,ICML,2024
ICML-2024-A009326,Nicolas Papernot,UNKNOWN,UNKNOWN,ICML,2024
ICML-2024-A009327,Carmela Troncoso,UNKNOWN,UNKNOWN,ICML,2024
ICML-2024-A009328,Jan Pawel Stanczuk,UNKNOWN,UNKNOWN,ICML,2024
ICML-2024-A009329,Georgios Batzolis,UNKNOWN,UNKNOWN,ICML,2024
ICML-2024-A009330,Teo Deveney,UNKNOWN,UNKNOWN,ICML,2024
ICML-2024-A009331,Carola-Bibiane Schönlieb,UNKNOWN,UNKNOWN,ICML,2024
ICML-2024-A009332,Dashiell Stander,UNKNOWN,UNKNOWN,ICML,2024
ICML-2024-A009333,Qinan Yu,UNKNOWN,UNKNOWN,ICML,2024
ICML-2024-A009334,Honglu Fan,UNKNOWN,UNKNOWN,ICML,2024
ICML-2024-A009335,Stella Biderman,UNKNOWN,UNKNOWN,ICML,2024
ICML-2024-A009336,Hannes Stark,UNKNOWN,UNKNOWN,ICML,2024
ICML-2024-A009337,Bowen Jing,UNKNOWN,UNKNOWN,ICML,2024
ICML-2024-A009338,Regina Barzilay,UNKNOWN,UNKNOWN,ICML,2024
ICML-2024-A009339,Tommi Jaakkola,UNKNOWN,UNKNOWN,ICML,2024
ICML-2024-A009340,Hannes Stark,UNKNOWN,UNKNOWN,ICML,2024
ICML-2024-A009341,Bowen Jing,UNKNOWN,UNKNOWN,ICML,2024
ICML-2024-A009342,Chenyu Wang,UNKNOWN,UNKNOWN,ICML,2024
ICML-2024-A009343,Gabriele Corso,UNKNOWN,UNKNOWN,ICML,2024
ICML-2024-A009344,Bonnie Berger,UNKNOWN,UNKNOWN,ICML,2024
ICML-2024-A009345,Regina Barzilay,UNKNOWN,UNKNOWN,ICML,2024
ICML-2024-A009346,Tommi Jaakkola,UNKNOWN,UNKNOWN,ICML,2024
ICML-2024-A009347,David Stein,UNKNOWN,UNKNOWN,ICML,2024
ICML-2024-A009348,Bjoern Andres,UNKNOWN,UNKNOWN,ICML,2024
ICML-2024-A009349,Adam Stein,UNKNOWN,UNKNOWN,ICML,2024
ICML-2024-A009350,Aaditya Naik,UNKNOWN,UNKNOWN,ICML,2024
ICML-2024-A009351,Yinjun Wu,UNKNOWN,UNKNOWN,ICML,2024
ICML-2024-A009352,Mayur Naik,UNKNOWN,UNKNOWN,ICML,2024
ICML-2024-A009353,Eric Wong,UNKNOWN,UNKNOWN,ICML,2024
ICML-2024-A009354,David Steinmann,UNKNOWN,UNKNOWN,ICML,2024
ICML-2024-A009355,Wolfgang Stammer,UNKNOWN,UNKNOWN,ICML,2024
ICML-2024-A009356,Felix Friedrich,UNKNOWN,UNKNOWN,ICML,2024
ICML-2024-A009357,Kristian Kersting,UNKNOWN,UNKNOWN,ICML,2024
ICML-2024-A009358,Gabriel Stella,UNKNOWN,UNKNOWN,ICML,2024
ICML-2024-A009359,Dmitri Loguinov,UNKNOWN,UNKNOWN,ICML,2024
ICML-2024-A009360,Uri Stemmer,UNKNOWN,UNKNOWN,ICML,2024
ICML-2024-A009361,Elias Stengel-Eskin,UNKNOWN,UNKNOWN,ICML,2024
ICML-2024-A009362,Archiki Prasad,UNKNOWN,UNKNOWN,ICML,2024
ICML-2024-A009363,Mohit Bansal,UNKNOWN,UNKNOWN,ICML,2024
ICML-2024-A009364,Moritz Pascal Stephan,UNKNOWN,UNKNOWN,ICML,2024
ICML-2024-A009365,Alexander Khazatsky,UNKNOWN,UNKNOWN,ICML,2024
ICML-2024-A009366,Eric Mitchell,UNKNOWN,UNKNOWN,ICML,2024
ICML-2024-A009367,Annie S Chen,UNKNOWN,UNKNOWN,ICML,2024
ICML-2024-A009368,Sheryl Hsu,UNKNOWN,UNKNOWN,ICML,2024
ICML-2024-A009369,Archit Sharma,UNKNOWN,UNKNOWN,ICML,2024
ICML-2024-A009370,Chelsea Finn,UNKNOWN,UNKNOWN,ICML,2024
ICML-2024-A009371,Ana-Andreea Stoica,UNKNOWN,UNKNOWN,ICML,2024
ICML-2024-A009372,Vivian Yvonne Nastl,UNKNOWN,UNKNOWN,ICML,2024
ICML-2024-A009373,Moritz Hardt,UNKNOWN,UNKNOWN,ICML,2024
ICML-2024-A009374,Francesco Emanuele Stradi,UNKNOWN,UNKNOWN,ICML,2024
ICML-2024-A009375,Jacopo Germano,UNKNOWN,UNKNOWN,ICML,2024
ICML-2024-A009376,Gianmarco Genalti,UNKNOWN,UNKNOWN,ICML,2024
ICML-2024-A009377,Matteo Castiglioni,UNKNOWN,UNKNOWN,ICML,2024
ICML-2024-A009378,Alberto Marchesi,UNKNOWN,UNKNOWN,ICML,2024
ICML-2024-A009379,Nicola Gatti,UNKNOWN,UNKNOWN,ICML,2024
ICML-2024-A009380,Eleni Straitouri,UNKNOWN,UNKNOWN,ICML,2024
ICML-2024-A009381,Manuel Gomez Rodriguez,UNKNOWN,UNKNOWN,ICML,2024
ICML-2024-A009382,Foteini Strati,UNKNOWN,UNKNOWN,ICML,2024
ICML-2024-A009383,Sara Mcallister,UNKNOWN,UNKNOWN,ICML,2024
ICML-2024-A009384,Amar Phanishayee,UNKNOWN,UNKNOWN,ICML,2024
ICML-2024-A009385,Jakub Tarnawski,UNKNOWN,UNKNOWN,ICML,2024
ICML-2024-A009386,Ana Klimovic,UNKNOWN,UNKNOWN,ICML,2024
ICML-2024-A009387,Jinyan Su,UNKNOWN,UNKNOWN,ICML,2024
ICML-2024-A009388,Sarah Dean,UNKNOWN,UNKNOWN,ICML,2024
ICML-2024-A009389,Kun Su,UNKNOWN,UNKNOWN,ICML,2024
ICML-2024-A009390,Xiulong Liu,UNKNOWN,UNKNOWN,ICML,2024
ICML-2024-A009391,Eli Shlizerman,UNKNOWN,UNKNOWN,ICML,2024
ICML-2024-A009392,Jocelin Su,UNKNOWN,UNKNOWN,ICML,2024
ICML-2024-A009393,Nan Liu,UNKNOWN,UNKNOWN,ICML,2024
ICML-2024-A009394,Yanbo Wang,UNKNOWN,UNKNOWN,ICML,2024
ICML-2024-A009395,Joshua B. Tenenbaum,UNKNOWN,UNKNOWN,ICML,2024
ICML-2024-A009396,Yilun Du,UNKNOWN,UNKNOWN,ICML,2024
ICML-2024-A009397,Xavier Suau,UNKNOWN,UNKNOWN,ICML,2024
ICML-2024-A009398,Pieter Delobelle,UNKNOWN,UNKNOWN,ICML,2024
ICML-2024-A009399,Katherine Metcalf,UNKNOWN,UNKNOWN,ICML,2024
ICML-2024-A009400,Armand Joulin,UNKNOWN,UNKNOWN,ICML,2024
ICML-2024-A009401,Nicholas Apostoloff,UNKNOWN,UNKNOWN,ICML,2024
ICML-2024-A009402,Luca Zappella,UNKNOWN,UNKNOWN,ICML,2024
ICML-2024-A009403,Pau Rodriguez,UNKNOWN,UNKNOWN,ICML,2024
ICML-2024-A009404,Vighnesh Subramaniam,UNKNOWN,UNKNOWN,ICML,2024
ICML-2024-A009405,Colin Conwell,UNKNOWN,UNKNOWN,ICML,2024
ICML-2024-A009406,Christopher Wang,UNKNOWN,UNKNOWN,ICML,2024
ICML-2024-A009407,Gabriel Kreiman,UNKNOWN,UNKNOWN,ICML,2024
ICML-2024-A009408,Boris Katz,UNKNOWN,UNKNOWN,ICML,2024
ICML-2024-A009409,Ignacio Cases,UNKNOWN,UNKNOWN,ICML,2024
ICML-2024-A009410,Andrei Barbu,UNKNOWN,UNKNOWN,ICML,2024
ICML-2024-A009411,Arjun Subramonian,UNKNOWN,UNKNOWN,ICML,2024
ICML-2024-A009412,Levent Sagun,UNKNOWN,UNKNOWN,ICML,2024
ICML-2024-A009413,Yizhou Sun,UNKNOWN,UNKNOWN,ICML,2024
ICML-2024-A009414,Geewon Suh,UNKNOWN,UNKNOWN,ICML,2024
ICML-2024-A009415,Gyeongjo Hwang,UNKNOWN,UNKNOWN,ICML,2024
ICML-2024-A009416,Seokjun Kang,UNKNOWN,UNKNOWN,ICML,2024
ICML-2024-A009417,Doojin Baek,UNKNOWN,UNKNOWN,ICML,2024
ICML-2024-A009418,Mingeun Kang,UNKNOWN,UNKNOWN,ICML,2024
ICML-2024-A009419,Liwen Sun,ED-Copilot: Reduce Emergency Department Wait Time,UNKNOWN,ICML,2024
ICML-2024-A009420,Abhineet Agarwal,ED-Copilot: Reduce Emergency Department Wait Time,UNKNOWN,ICML,2024
ICML-2024-A009421,Aaron Kornblith,ED-Copilot: Reduce Emergency Department Wait Time,UNKNOWN,ICML,2024
ICML-2024-A009422,Bin Yu,ED-Copilot: Reduce Emergency Department Wait Time,UNKNOWN,ICML,2024
ICML-2024-A009423,Chenyan Xiong,ED-Copilot: Reduce Emergency Department Wait Time,UNKNOWN,ICML,2024
ICML-2024-A009424,Chung-En Sun,UNKNOWN,UNKNOWN,ICML,2024
ICML-2024-A009425,Sicun Gao,UNKNOWN,UNKNOWN,ICML,2024
ICML-2024-A009426,Tsui-Wei Weng,UNKNOWN,UNKNOWN,ICML,2024
ICML-2024-A009427,Michael Sun,UNKNOWN,UNKNOWN,ICML,2024
ICML-2024-A009428,Minghao Guo,UNKNOWN,UNKNOWN,ICML,2024
ICML-2024-A009429,Weize Yuan,UNKNOWN,UNKNOWN,ICML,2024
ICML-2024-A009430,Veronika Thost,UNKNOWN,UNKNOWN,ICML,2024
ICML-2024-A009431,Crystal Elaine Owens,UNKNOWN,UNKNOWN,ICML,2024
ICML-2024-A009432,Aristotle Franklin Grosz,UNKNOWN,UNKNOWN,ICML,2024
ICML-2024-A009433,Sharvaa Selvan,UNKNOWN,UNKNOWN,ICML,2024
ICML-2024-A009434,Katelyn Zhou,UNKNOWN,UNKNOWN,ICML,2024
ICML-2024-A009435,Hassan Mohiuddin,UNKNOWN,UNKNOWN,ICML,2024
ICML-2024-A009436,Benjamin J Pedretti,UNKNOWN,UNKNOWN,ICML,2024
ICML-2024-A009437,Zachary P Smith,UNKNOWN,UNKNOWN,ICML,2024
ICML-2024-A009438,Jie Chen,UNKNOWN,UNKNOWN,ICML,2024
ICML-2024-A009439,Wojciech Matusik,UNKNOWN,UNKNOWN,ICML,2024
ICML-2024-A009440,Zhongchang Sun,UNKNOWN,UNKNOWN,ICML,2024
ICML-2024-A009441,Sihong He,UNKNOWN,UNKNOWN,ICML,2024
ICML-2024-A009442,Fei Miao,UNKNOWN,UNKNOWN,ICML,2024
ICML-2024-A009443,Shaofeng Zou,UNKNOWN,UNKNOWN,ICML,2024
ICML-2024-A009444,Yiyou Sun,UNKNOWN,UNKNOWN,ICML,2024
ICML-2024-A009445,Junjie Hu,UNKNOWN,UNKNOWN,ICML,2024
ICML-2024-A009446,Wei Cheng,UNKNOWN,UNKNOWN,ICML,2024
ICML-2024-A009447,Haifeng Chen,UNKNOWN,UNKNOWN,ICML,2024
ICML-2024-A009448,Bo Sun,UNKNOWN,UNKNOWN,ICML,2024
ICML-2024-A009449,Jerry Huang,UNKNOWN,UNKNOWN,ICML,2024
ICML-2024-A009450,Nicolas Christianson,UNKNOWN,UNKNOWN,ICML,2024
ICML-2024-A009451,Mohammad Hajiesmaili,UNKNOWN,UNKNOWN,ICML,2024
ICML-2024-A009452,Adam Wierman,UNKNOWN,UNKNOWN,ICML,2024
ICML-2024-A009453,Raouf Boutaba,UNKNOWN,UNKNOWN,ICML,2024
ICML-2024-A009454,Li Sun,UNKNOWN,UNKNOWN,ICML,2024
ICML-2024-A009455,Zhenhao Huang,UNKNOWN,UNKNOWN,ICML,2024
ICML-2024-A009456,Hao Peng,UNKNOWN,UNKNOWN,ICML,2024
ICML-2024-A009457,Yujie Wang,UNKNOWN,UNKNOWN,ICML,2024
ICML-2024-A009458,Chunyang Liu,UNKNOWN,UNKNOWN,ICML,2024
ICML-2024-A009459,Philip S. Yu,UNKNOWN,UNKNOWN,ICML,2024
ICML-2024-A009460,Sophia Huiwen Sun,UNKNOWN,UNKNOWN,ICML,2024
ICML-2024-A009461,Abishek Sankararaman,UNKNOWN,UNKNOWN,ICML,2024
ICML-2024-A009462,Balakrishnan Murali Narayanaswamy,UNKNOWN,UNKNOWN,ICML,2024
ICML-2024-A009463,Ziheng Sun,UNKNOWN,UNKNOWN,ICML,2024
ICML-2024-A009464,Xudong Wang,UNKNOWN,UNKNOWN,ICML,2024
ICML-2024-A009465,Chris Ding,UNKNOWN,UNKNOWN,ICML,2024
ICML-2024-A009466,Jicong Fan,UNKNOWN,UNKNOWN,ICML,2024
ICML-2024-A009467,Jingwei Sun,UNKNOWN,UNKNOWN,ICML,2024
ICML-2024-A009468,Ziyue Xu,UNKNOWN,UNKNOWN,ICML,2024
ICML-2024-A009469,Hongxu Yin,UNKNOWN,UNKNOWN,ICML,2024
ICML-2024-A009470,Dong Yang,UNKNOWN,UNKNOWN,ICML,2024
ICML-2024-A009471,Daguang Xu,UNKNOWN,UNKNOWN,ICML,2024
ICML-2024-A009472,Yudong Liu,UNKNOWN,UNKNOWN,ICML,2024
ICML-2024-A009473,Zhixu Du,UNKNOWN,UNKNOWN,ICML,2024
ICML-2024-A009474,Yiran Chen,UNKNOWN,UNKNOWN,ICML,2024
ICML-2024-A009475,Holger R Roth,UNKNOWN,UNKNOWN,ICML,2024
ICML-2024-A009476,Yifan Sun,UNKNOWN,UNKNOWN,ICML,2024
ICML-2024-A009477,Grace Yi,UNKNOWN,UNKNOWN,ICML,2024
ICML-2024-A009478,Guangzhi Sun,UNKNOWN,UNKNOWN,ICML,2024
ICML-2024-A009479,Wenyi Yu,UNKNOWN,UNKNOWN,ICML,2024
ICML-2024-A009480,Changli Tang,UNKNOWN,UNKNOWN,ICML,2024
ICML-2024-A009481,Xianzhao Chen,UNKNOWN,UNKNOWN,ICML,2024
ICML-2024-A009482,Tian Tan,UNKNOWN,UNKNOWN,ICML,2024
ICML-2024-A009483,Wei Li,UNKNOWN,UNKNOWN,ICML,2024
ICML-2024-A009484,Lu Lu,UNKNOWN,UNKNOWN,ICML,2024
ICML-2024-A009485,Zejun Ma,UNKNOWN,UNKNOWN,ICML,2024
ICML-2024-A009486,Yuxuan Wang,UNKNOWN,UNKNOWN,ICML,2024
ICML-2024-A009487,Chao Zhang,UNKNOWN,UNKNOWN,ICML,2024
ICML-2024-A009488,Chuanhao Sun,UNKNOWN,UNKNOWN,ICML,2024
ICML-2024-A009489,Zhihang Yuan,UNKNOWN,UNKNOWN,ICML,2024
ICML-2024-A009490,Kai Xu,UNKNOWN,UNKNOWN,ICML,2024
ICML-2024-A009491,Luo Mai,UNKNOWN,UNKNOWN,ICML,2024
ICML-2024-A009492,Siddharth N,UNKNOWN,UNKNOWN,ICML,2024
ICML-2024-A009493,Shuo Chen,UNKNOWN,UNKNOWN,ICML,2024
ICML-2024-A009494,Mahesh K. Marina,UNKNOWN,UNKNOWN,ICML,2024
ICML-2024-A009495,Ruixiang Sun,UNKNOWN,UNKNOWN,ICML,2024
ICML-2024-A009496,Hongyu Zang,UNKNOWN,UNKNOWN,ICML,2024
ICML-2024-A009497,Xin Li,UNKNOWN,UNKNOWN,ICML,2024
ICML-2024-A009498,Riashat Islam,UNKNOWN,UNKNOWN,ICML,2024
ICML-2024-A009499,Yi-Xuan Sun,UNKNOWN,UNKNOWN,ICML,2024
ICML-2024-A009500,Ya-Lin Zhang,UNKNOWN,UNKNOWN,ICML,2024
ICML-2024-A009501,Bin Han,UNKNOWN,UNKNOWN,ICML,2024
ICML-2024-A009502,Longfei Li,UNKNOWN,UNKNOWN,ICML,2024
ICML-2024-A009503,Jun Zhou,UNKNOWN,UNKNOWN,ICML,2024
ICML-2024-A009504,Haotian Sun,UNKNOWN,UNKNOWN,ICML,2024
ICML-2024-A009505,Yuchen Zhuang,UNKNOWN,UNKNOWN,ICML,2024
ICML-2024-A009506,Wei Wei,UNKNOWN,UNKNOWN,ICML,2024
ICML-2024-A009507,Chao Zhang,UNKNOWN,UNKNOWN,ICML,2024
ICML-2024-A009508,Bo Dai,UNKNOWN,UNKNOWN,ICML,2024
ICML-2024-A009509,Joakim Sunde,UNKNOWN,UNKNOWN,ICML,2024
ICML-2024-A009510,Brigt Håvardstun,UNKNOWN,UNKNOWN,ICML,2024
ICML-2024-A009511,Jan Kratochvı́l,UNKNOWN,UNKNOWN,ICML,2024
ICML-2024-A009512,Jan Arne Telle,UNKNOWN,UNKNOWN,ICML,2024
ICML-2024-A009513,Jonathan Svirsky,UNKNOWN,UNKNOWN,ICML,2024
ICML-2024-A009514,Ofir Lindenbaum,UNKNOWN,UNKNOWN,ICML,2024
ICML-2024-A009515,Jakub Svoboda,UNKNOWN,UNKNOWN,ICML,2024
ICML-2024-A009516,Suguman Bansal,UNKNOWN,UNKNOWN,ICML,2024
ICML-2024-A009517,Krishnendu Chatterjee,UNKNOWN,UNKNOWN,ICML,2024
ICML-2024-A009518,Gokul Swamy,UNKNOWN,UNKNOWN,ICML,2024
ICML-2024-A009519,Christoph Dann,UNKNOWN,UNKNOWN,ICML,2024
ICML-2024-A009520,Rahul Kidambi,UNKNOWN,UNKNOWN,ICML,2024
ICML-2024-A009521,Steven Wu,UNKNOWN,UNKNOWN,ICML,2024
ICML-2024-A009522,Alekh Agarwal,UNKNOWN,UNKNOWN,ICML,2024
ICML-2024-A009523,William Joseph Swartworth,UNKNOWN,UNKNOWN,ICML,2024
ICML-2024-A009524,David Woodruff,UNKNOWN,UNKNOWN,ICML,2024
ICML-2024-A009525,Behrooz Tahmasebi,UNKNOWN,UNKNOWN,ICML,2024
ICML-2024-A009526,Stefanie Jegelka,UNKNOWN,UNKNOWN,ICML,2024
ICML-2024-A009527,Behrooz Tahmasebi,UNKNOWN,UNKNOWN,ICML,2024
ICML-2024-A009528,Ashkan Soleymani,UNKNOWN,UNKNOWN,ICML,2024
ICML-2024-A009529,Dara Bahri,UNKNOWN,UNKNOWN,ICML,2024
ICML-2024-A009530,Stefanie Jegelka,UNKNOWN,UNKNOWN,ICML,2024
ICML-2024-A009531,Patrick Jaillet,UNKNOWN,UNKNOWN,ICML,2024
ICML-2024-A009532,Fahim Tajwar,UNKNOWN,UNKNOWN,ICML,2024
ICML-2024-A009533,Anikait Singh,UNKNOWN,UNKNOWN,ICML,2024
ICML-2024-A009534,Archit Sharma,UNKNOWN,UNKNOWN,ICML,2024
ICML-2024-A009535,Rafael Rafailov,UNKNOWN,UNKNOWN,ICML,2024
ICML-2024-A009536,Jeff Schneider,UNKNOWN,UNKNOWN,ICML,2024
ICML-2024-A009537,Tengyang Xie,UNKNOWN,UNKNOWN,ICML,2024
ICML-2024-A009538,Stefano Ermon,UNKNOWN,UNKNOWN,ICML,2024
ICML-2024-A009539,Chelsea Finn,UNKNOWN,UNKNOWN,ICML,2024
ICML-2024-A009540,Aviral Kumar,UNKNOWN,UNKNOWN,ICML,2024
ICML-2024-A009541,Shokichi Takakura,UNKNOWN,UNKNOWN,ICML,2024
ICML-2024-A009542,Taiji Suzuki,UNKNOWN,UNKNOWN,ICML,2024
ICML-2024-A009543,Shion Takeno,UNKNOWN,UNKNOWN,ICML,2024
ICML-2024-A009544,Yu Inatsu,UNKNOWN,UNKNOWN,ICML,2024
ICML-2024-A009545,Masayuki Karasuyama,UNKNOWN,UNKNOWN,ICML,2024
ICML-2024-A009546,Ichiro Takeuchi,UNKNOWN,UNKNOWN,ICML,2024
ICML-2024-A009547,Alex Tamkin,UNKNOWN,UNKNOWN,ICML,2024
ICML-2024-A009548,Mohammad Taufeeque,UNKNOWN,UNKNOWN,ICML,2024
ICML-2024-A009549,Noah Goodman,UNKNOWN,UNKNOWN,ICML,2024
ICML-2024-A009550,Cheng Tan,UNKNOWN,UNKNOWN,ICML,2024
ICML-2024-A009551,Zhangyang Gao,UNKNOWN,UNKNOWN,ICML,2024
ICML-2024-A009552,Hanqun Cao,UNKNOWN,UNKNOWN,ICML,2024
ICML-2024-A009553,Xingran Chen,UNKNOWN,UNKNOWN,ICML,2024
ICML-2024-A009554,Ge Wang,UNKNOWN,UNKNOWN,ICML,2024
ICML-2024-A009555,Lirong Wu,UNKNOWN,UNKNOWN,ICML,2024
ICML-2024-A009556,Jun Xia,UNKNOWN,UNKNOWN,ICML,2024
ICML-2024-A009557,Jiangbin Zheng,UNKNOWN,UNKNOWN,ICML,2024
ICML-2024-A009558,Stan Z. Li,UNKNOWN,UNKNOWN,ICML,2024
ICML-2024-A009559,Shiyin Tan,UNKNOWN,UNKNOWN,ICML,2024
ICML-2024-A009560,Dongyuan Li,UNKNOWN,UNKNOWN,ICML,2024
ICML-2024-A009561,Renhe Jiang,UNKNOWN,UNKNOWN,ICML,2024
ICML-2024-A009562,Ying Zhang,UNKNOWN,UNKNOWN,ICML,2024
ICML-2024-A009563,Manabu Okumura,UNKNOWN,UNKNOWN,ICML,2024
ICML-2024-A009564,Hengkai Tan,UNKNOWN,UNKNOWN,ICML,2024
ICML-2024-A009565,Songming Liu,UNKNOWN,UNKNOWN,ICML,2024
ICML-2024-A009566,Kai Ma,UNKNOWN,UNKNOWN,ICML,2024
ICML-2024-A009567,Chengyang Ying,UNKNOWN,UNKNOWN,ICML,2024
ICML-2024-A009568,Xingxing Zhang,UNKNOWN,UNKNOWN,ICML,2024
ICML-2024-A009569,Hang Su,UNKNOWN,UNKNOWN,ICML,2024
ICML-2024-A009570,Jun Zhu,UNKNOWN,UNKNOWN,ICML,2024
ICML-2024-A009571,Zhentao Tan,UNKNOWN,UNKNOWN,ICML,2024
ICML-2024-A009572,Yadong Mu,UNKNOWN,UNKNOWN,ICML,2024
ICML-2024-A009573,Zhiquan Tan,UNKNOWN,UNKNOWN,ICML,2024
ICML-2024-A009574,Jingqin Yang,UNKNOWN,UNKNOWN,ICML,2024
ICML-2024-A009575,Weiran Huang,UNKNOWN,UNKNOWN,ICML,2024
ICML-2024-A009576,Yang Yuan,UNKNOWN,UNKNOWN,ICML,2024
ICML-2024-A009577,Yifan Zhang,UNKNOWN,UNKNOWN,ICML,2024
ICML-2024-A009578,Zhiquan Tan,UNKNOWN,UNKNOWN,ICML,2024
ICML-2024-A009579,Kaipeng Zheng,UNKNOWN,UNKNOWN,ICML,2024
ICML-2024-A009580,Weiran Huang,UNKNOWN,UNKNOWN,ICML,2024
ICML-2024-A009581,Andong Tan,UNKNOWN,UNKNOWN,ICML,2024
ICML-2024-A009582,Fengtao Zhou,UNKNOWN,UNKNOWN,ICML,2024
ICML-2024-A009583,Hao Chen,UNKNOWN,UNKNOWN,ICML,2024
ICML-2024-A009584,Xueyang Tang,UNKNOWN,UNKNOWN,ICML,2024
ICML-2024-A009585,Song Guo,UNKNOWN,UNKNOWN,ICML,2024
ICML-2024-A009586,Jingcai Guo,UNKNOWN,UNKNOWN,ICML,2024
ICML-2024-A009587,Jie Zhang,UNKNOWN,UNKNOWN,ICML,2024
ICML-2024-A009588,Yue Yu,UNKNOWN,UNKNOWN,ICML,2024
ICML-2024-A009589,Yunhao Tang,UNKNOWN,UNKNOWN,ICML,2024
ICML-2024-A009590,Zhaohan Daniel Guo,UNKNOWN,UNKNOWN,ICML,2024
ICML-2024-A009591,Zeyu Zheng,UNKNOWN,UNKNOWN,ICML,2024
ICML-2024-A009592,Daniele Calandriello,UNKNOWN,UNKNOWN,ICML,2024
ICML-2024-A009593,Remi Munos,UNKNOWN,UNKNOWN,ICML,2024
ICML-2024-A009594,Mark Rowland,UNKNOWN,UNKNOWN,ICML,2024
ICML-2024-A009595,Pierre Harvey Richemond,UNKNOWN,UNKNOWN,ICML,2024
ICML-2024-A009596,Michal Valko,UNKNOWN,UNKNOWN,ICML,2024
ICML-2024-A009597,Bernardo Avila Pires,UNKNOWN,UNKNOWN,ICML,2024
ICML-2024-A009598,Bilal Piot,UNKNOWN,UNKNOWN,ICML,2024
ICML-2024-A009599,Yehui Tang,UNKNOWN,UNKNOWN,ICML,2024
ICML-2024-A009600,Kai Han,UNKNOWN,UNKNOWN,ICML,2024
ICML-2024-A009601,Fangcheng Liu,UNKNOWN,UNKNOWN,ICML,2024
ICML-2024-A009602,Yunsheng Ni,UNKNOWN,UNKNOWN,ICML,2024
ICML-2024-A009603,Yuchuan Tian,UNKNOWN,UNKNOWN,ICML,2024
ICML-2024-A009604,Zheyuan Bai,UNKNOWN,UNKNOWN,ICML,2024
ICML-2024-A009605,Yi-Qi Hu,UNKNOWN,UNKNOWN,ICML,2024
ICML-2024-A009606,Sichao Liu,UNKNOWN,UNKNOWN,ICML,2024
ICML-2024-A009607,Shangling Jui,UNKNOWN,UNKNOWN,ICML,2024
ICML-2024-A009608,Yunhe Wang,UNKNOWN,UNKNOWN,ICML,2024
ICML-2024-A009609,Xiaole Tang,UNKNOWN,UNKNOWN,ICML,2024
ICML-2024-A009610,Xin Hu,UNKNOWN,UNKNOWN,ICML,2024
ICML-2024-A009611,Xiang Gu,UNKNOWN,UNKNOWN,ICML,2024
ICML-2024-A009612,Jian Sun,UNKNOWN,UNKNOWN,ICML,2024
ICML-2024-A009613,Anke Tang,UNKNOWN,UNKNOWN,ICML,2024
ICML-2024-A009614,Li Shen,UNKNOWN,UNKNOWN,ICML,2024
ICML-2024-A009615,Yong Luo,UNKNOWN,UNKNOWN,ICML,2024
ICML-2024-A009616,Nan Yin,UNKNOWN,UNKNOWN,ICML,2024
ICML-2024-A009617,Lefei Zhang,UNKNOWN,UNKNOWN,ICML,2024
ICML-2024-A009618,Dacheng Tao,UNKNOWN,UNKNOWN,ICML,2024
ICML-2024-A009619,Zhiwei Tang,UNKNOWN,UNKNOWN,ICML,2024
ICML-2024-A009620,Jiasheng Tang,UNKNOWN,UNKNOWN,ICML,2024
ICML-2024-A009621,Hao Luo,UNKNOWN,UNKNOWN,ICML,2024
ICML-2024-A009622,Fan Wang,UNKNOWN,UNKNOWN,ICML,2024
ICML-2024-A009623,Tsung-Hui Chang,UNKNOWN,UNKNOWN,ICML,2024
ICML-2024-A009624,Shuai Tang,UNKNOWN,UNKNOWN,ICML,2024
ICML-2024-A009625,Steven Wu,UNKNOWN,UNKNOWN,ICML,2024
ICML-2024-A009626,Sergul Aydore,UNKNOWN,UNKNOWN,ICML,2024
ICML-2024-A009627,Michael Kearns,UNKNOWN,UNKNOWN,ICML,2024
ICML-2024-A009628,Aaron Roth,UNKNOWN,UNKNOWN,ICML,2024
ICML-2024-A009629,Zecheng Tang,UNKNOWN,UNKNOWN,ICML,2024
ICML-2024-A009630,Chenfei Wu,UNKNOWN,UNKNOWN,ICML,2024
ICML-2024-A009631,Zekai Zhang,UNKNOWN,UNKNOWN,ICML,2024
ICML-2024-A009632,Minheng Ni,UNKNOWN,UNKNOWN,ICML,2024
ICML-2024-A009633,Shengming Yin,UNKNOWN,UNKNOWN,ICML,2024
ICML-2024-A009634,Yu Liu,UNKNOWN,UNKNOWN,ICML,2024
ICML-2024-A009635,Zhengyuan Yang,UNKNOWN,UNKNOWN,ICML,2024
ICML-2024-A009636,Lijuan Wang,UNKNOWN,UNKNOWN,ICML,2024
ICML-2024-A009637,Zicheng Liu,UNKNOWN,UNKNOWN,ICML,2024
ICML-2024-A009638,Juntao Li,UNKNOWN,UNKNOWN,ICML,2024
ICML-2024-A009639,Nan Duan,UNKNOWN,UNKNOWN,ICML,2024
ICML-2024-A009640,Yehui Tang,UNKNOWN,UNKNOWN,ICML,2024
ICML-2024-A009641,Nianzu Yang,UNKNOWN,UNKNOWN,ICML,2024
ICML-2024-A009642,Mabiao Long,UNKNOWN,UNKNOWN,ICML,2024
ICML-2024-A009643,Junchi Yan,UNKNOWN,UNKNOWN,ICML,2024
ICML-2024-A009644,Qian Tang,UNKNOWN,UNKNOWN,ICML,2024
ICML-2024-A009645,Yikai Zhang,UNKNOWN,UNKNOWN,ICML,2024
ICML-2024-A009646,Boxiang Wang,UNKNOWN,UNKNOWN,ICML,2024
ICML-2024-A009647,Zhengyang Tang,UNKNOWN,UNKNOWN,ICML,2024
ICML-2024-A009648,Xingxing Zhang,UNKNOWN,UNKNOWN,ICML,2024
ICML-2024-A009649,Benyou Wang,UNKNOWN,UNKNOWN,ICML,2024
ICML-2024-A009650,Furu Wei,UNKNOWN,UNKNOWN,ICML,2024
ICML-2024-A009651,Jiaming Tang,UNKNOWN,UNKNOWN,ICML,2024
ICML-2024-A009652,Yilong Zhao,UNKNOWN,UNKNOWN,ICML,2024
ICML-2024-A009653,Kan Zhu,UNKNOWN,UNKNOWN,ICML,2024
ICML-2024-A009654,Guangxuan Xiao,UNKNOWN,UNKNOWN,ICML,2024
ICML-2024-A009655,Baris Kasikci,UNKNOWN,UNKNOWN,ICML,2024
ICML-2024-A009656,Song Han,UNKNOWN,UNKNOWN,ICML,2024
ICML-2024-A009657,Bowen Tao,UNKNOWN,UNKNOWN,ICML,2024
ICML-2024-A009658,Xin-Chun Li,UNKNOWN,UNKNOWN,ICML,2024
ICML-2024-A009659,De-Chuan Zhan,UNKNOWN,UNKNOWN,ICML,2024
ICML-2024-A009660,Qinghua Tao,UNKNOWN,UNKNOWN,ICML,2024
ICML-2024-A009661,Francesco Tonin,UNKNOWN,UNKNOWN,ICML,2024
ICML-2024-A009662,Alex Lambert,UNKNOWN,UNKNOWN,ICML,2024
ICML-2024-A009663,Yingyi Chen,UNKNOWN,UNKNOWN,ICML,2024
ICML-2024-A009664,Panagiotis Patrinos,UNKNOWN,UNKNOWN,ICML,2024
ICML-2024-A009665,Johan Suykens,UNKNOWN,UNKNOWN,ICML,2024
ICML-2024-A009666,Damien Teney,UNKNOWN,UNKNOWN,ICML,2024
ICML-2024-A009667,Jindong Wang,UNKNOWN,UNKNOWN,ICML,2024
ICML-2024-A009668,Ehsan Abbasnejad,UNKNOWN,UNKNOWN,ICML,2024
ICML-2024-A009669,Slimane Thabet,UNKNOWN,UNKNOWN,ICML,2024
ICML-2024-A009670,Mehdi Djellabi,UNKNOWN,UNKNOWN,ICML,2024
ICML-2024-A009671,Igor Olegovich Sokolov,UNKNOWN,UNKNOWN,ICML,2024
ICML-2024-A009672,Sachin Kasture,UNKNOWN,UNKNOWN,ICML,2024
ICML-2024-A009673,Louis-Paul Henry,UNKNOWN,UNKNOWN,ICML,2024
ICML-2024-A009674,Loic Henriet,UNKNOWN,UNKNOWN,ICML,2024
ICML-2024-A009675,Vithursan Thangarasa,UNKNOWN,UNKNOWN,ICML,2024
ICML-2024-A009676,Shreyas Saxena,UNKNOWN,UNKNOWN,ICML,2024
ICML-2024-A009677,Abhay Gupta,UNKNOWN,UNKNOWN,ICML,2024
ICML-2024-A009678,Sean Lie,UNKNOWN,UNKNOWN,ICML,2024
ICML-2024-A009679,Rahul Thapa,UNKNOWN,UNKNOWN,ICML,2024
ICML-2024-A009680,Bryan He,UNKNOWN,UNKNOWN,ICML,2024
ICML-2024-A009681,Magnus Ruud Kjaer,UNKNOWN,UNKNOWN,ICML,2024
ICML-2024-A009682,Hyatt Moore Iv,UNKNOWN,UNKNOWN,ICML,2024
ICML-2024-A009683,Gauri Ganjoo,UNKNOWN,UNKNOWN,ICML,2024
ICML-2024-A009684,Emmanuel Mignot,UNKNOWN,UNKNOWN,ICML,2024
ICML-2024-A009685,James Zou,UNKNOWN,UNKNOWN,ICML,2024
ICML-2024-A009686,Jeevan Thapa,UNKNOWN,UNKNOWN,ICML,2024
ICML-2024-A009687,Rui Li,UNKNOWN,UNKNOWN,ICML,2024
ICML-2024-A009688,Lucas Theis,UNKNOWN,UNKNOWN,ICML,2024
ICML-2024-A009689,Theo Guyard,UNKNOWN,UNKNOWN,ICML,2024
ICML-2024-A009690,Cédric Herzet,UNKNOWN,UNKNOWN,ICML,2024
ICML-2024-A009691,Clément Elvira,UNKNOWN,UNKNOWN,ICML,2024
ICML-2024-A009692,Ayse-Nur Arslan,UNKNOWN,UNKNOWN,ICML,2024
ICML-2024-A009693,Hugo Thimonier,UNKNOWN,UNKNOWN,ICML,2024
ICML-2024-A009694,Fabrice Popineau,UNKNOWN,UNKNOWN,ICML,2024
ICML-2024-A009695,Arpad Rimmel,UNKNOWN,UNKNOWN,ICML,2024
ICML-2024-A009696,Bich-Liên Doan,UNKNOWN,UNKNOWN,ICML,2024
ICML-2024-A009697,Gugan Thoppe,UNKNOWN,UNKNOWN,ICML,2024
ICML-2024-A009698,Prashanth L A,UNKNOWN,UNKNOWN,ICML,2024
ICML-2024-A009699,Sanjay P. Bhat,UNKNOWN,UNKNOWN,ICML,2024
ICML-2024-A009700,Qiwei Tian,UNKNOWN,UNKNOWN,ICML,2024
ICML-2024-A009701,Chenhao Lin,UNKNOWN,UNKNOWN,ICML,2024
ICML-2024-A009702,Zhengyu Zhao,UNKNOWN,UNKNOWN,ICML,2024
ICML-2024-A009703,Qian Li,UNKNOWN,UNKNOWN,ICML,2024
ICML-2024-A009704,Chao Shen,UNKNOWN,UNKNOWN,ICML,2024
ICML-2024-A009705,Hongduan Tian,UNKNOWN,UNKNOWN,ICML,2024
ICML-2024-A009706,Feng Liu,UNKNOWN,UNKNOWN,ICML,2024
ICML-2024-A009707,Tongliang Liu,UNKNOWN,UNKNOWN,ICML,2024
ICML-2024-A009708,Bo Du,UNKNOWN,UNKNOWN,ICML,2024
ICML-2024-A009709,Yiu-Ming Cheung,UNKNOWN,UNKNOWN,ICML,2024
ICML-2024-A009710,Bo Han,UNKNOWN,UNKNOWN,ICML,2024
ICML-2024-A009711,Yifeng Tian,UNKNOWN,UNKNOWN,ICML,2024
ICML-2024-A009712,Nishant Panda,UNKNOWN,UNKNOWN,ICML,2024
ICML-2024-A009713,Yen Ting Lin,UNKNOWN,UNKNOWN,ICML,2024
ICML-2024-A009714,Chunlin Tian,UNKNOWN,UNKNOWN,ICML,2024
ICML-2024-A009715,Zhan Shi,UNKNOWN,UNKNOWN,ICML,2024
ICML-2024-A009716,Xinpeng Qin,UNKNOWN,UNKNOWN,ICML,2024
ICML-2024-A009717,Li Li,UNKNOWN,UNKNOWN,ICML,2024
ICML-2024-A009718,Cheng-Zhong Xu,UNKNOWN,UNKNOWN,ICML,2024
ICML-2024-A009719,Ye Tian,UNKNOWN,UNKNOWN,ICML,2024
ICML-2024-A009720,Haolei Weng,UNKNOWN,UNKNOWN,ICML,2024
ICML-2024-A009721,Yang Feng,UNKNOWN,UNKNOWN,ICML,2024
ICML-2024-A009722,Jinyue Tian,UNKNOWN,UNKNOWN,ICML,2024
ICML-2024-A009723,Hui Xue,UNKNOWN,UNKNOWN,ICML,2024
ICML-2024-A009724,Yanfang Xue,UNKNOWN,UNKNOWN,ICML,2024
ICML-2024-A009725,Pengfei Fang,UNKNOWN,UNKNOWN,ICML,2024
ICML-2024-A009726,Yunsheng Tian,UNKNOWN,UNKNOWN,ICML,2024
ICML-2024-A009727,Ane Zuniga,UNKNOWN,UNKNOWN,ICML,2024
ICML-2024-A009728,Xinwei Zhang,UNKNOWN,UNKNOWN,ICML,2024
ICML-2024-A009729,Johannes P. Dürholt,UNKNOWN,UNKNOWN,ICML,2024
ICML-2024-A009730,Payel Das,UNKNOWN,UNKNOWN,ICML,2024
ICML-2024-A009731,Jie Chen,UNKNOWN,UNKNOWN,ICML,2024
ICML-2024-A009732,Wojciech Matusik,UNKNOWN,UNKNOWN,ICML,2024
ICML-2024-A009733,Mina Konakovic Lukovic,UNKNOWN,UNKNOWN,ICML,2024
ICML-2024-A009734,Alexandru Tifrea,UNKNOWN,UNKNOWN,ICML,2024
ICML-2024-A009735,Preethi Lahoti,UNKNOWN,UNKNOWN,ICML,2024
ICML-2024-A009736,Ben Packer,UNKNOWN,UNKNOWN,ICML,2024
ICML-2024-A009737,Yoni Halpern,UNKNOWN,UNKNOWN,ICML,2024
ICML-2024-A009738,Ahmad Beirami,UNKNOWN,UNKNOWN,ICML,2024
ICML-2024-A009739,Flavien Prost,UNKNOWN,UNKNOWN,ICML,2024
ICML-2024-A009740,Mo Tiwari,UNKNOWN,UNKNOWN,ICML,2024
ICML-2024-A009741,Ryan Kang,UNKNOWN,UNKNOWN,ICML,2024
ICML-2024-A009742,Jaeyong Lee,UNKNOWN,UNKNOWN,ICML,2024
ICML-2024-A009743,Donghyun Lee,UNKNOWN,UNKNOWN,ICML,2024
ICML-2024-A009744,Christopher J Piech,UNKNOWN,UNKNOWN,ICML,2024
ICML-2024-A009745,Sebastian Thrun,UNKNOWN,UNKNOWN,ICML,2024
ICML-2024-A009746,Ilan Shomorony,UNKNOWN,UNKNOWN,ICML,2024
ICML-2024-A009747,Martin Jinye Zhang,UNKNOWN,UNKNOWN,ICML,2024
ICML-2024-A009748,Yegor Tkachenko,UNKNOWN,UNKNOWN,ICML,2024
ICML-2024-A009749,Umberto Maria Tomasini,UNKNOWN,UNKNOWN,ICML,2024
ICML-2024-A009750,Matthieu Wyart,UNKNOWN,UNKNOWN,ICML,2024
ICML-2024-A009751,Paulina Tomaszewska,UNKNOWN,UNKNOWN,ICML,2024
ICML-2024-A009752,Przemyslaw Biecek,UNKNOWN,UNKNOWN,ICML,2024
ICML-2024-A009753,William Toner,UNKNOWN,UNKNOWN,ICML,2024
ICML-2024-A009754,Luke Nicholas Darlow,UNKNOWN,UNKNOWN,ICML,2024
ICML-2024-A009755,Artur Toshev,UNKNOWN,UNKNOWN,ICML,2024
ICML-2024-A009756,Jonas A. Erbesdobler,UNKNOWN,UNKNOWN,ICML,2024
ICML-2024-A009757,Nikolaus A. Adams,UNKNOWN,UNKNOWN,ICML,2024
ICML-2024-A009758,Johannes Brandstetter,UNKNOWN,UNKNOWN,ICML,2024
ICML-2024-A009759,Florian Tramèr,UNKNOWN,UNKNOWN,ICML,2024
ICML-2024-A009760,Gautam Kamath,UNKNOWN,UNKNOWN,ICML,2024
ICML-2024-A009761,Nicholas Carlini,UNKNOWN,UNKNOWN,ICML,2024
ICML-2024-A009762,Daniele Tramontano,UNKNOWN,UNKNOWN,ICML,2024
ICML-2024-A009763,Yaroslav Kivva,UNKNOWN,UNKNOWN,ICML,2024
ICML-2024-A009764,Saber Salehkaleybar,UNKNOWN,UNKNOWN,ICML,2024
ICML-2024-A009765,Mathias Drton,UNKNOWN,UNKNOWN,ICML,2024
ICML-2024-A009766,Negar Kiyavash,UNKNOWN,UNKNOWN,ICML,2024
ICML-2024-A009767,Huy Tran,UNKNOWN,UNKNOWN,ICML,2024
ICML-2024-A009768,Yikun Bai,UNKNOWN,UNKNOWN,ICML,2024
ICML-2024-A009769,Abihith Kothapalli,UNKNOWN,UNKNOWN,ICML,2024
ICML-2024-A009770,Ashkan Shahbazi,UNKNOWN,UNKNOWN,ICML,2024
ICML-2024-A009771,Xinran Liu,UNKNOWN,UNKNOWN,ICML,2024
ICML-2024-A009772,Rocio P Diaz Martin,UNKNOWN,UNKNOWN,ICML,2024
ICML-2024-A009773,Soheil Kolouri,UNKNOWN,UNKNOWN,ICML,2024
ICML-2024-A009774,Allen Tran,UNKNOWN,UNKNOWN,ICML,2024
ICML-2024-A009775,Aurelien Bibaut,UNKNOWN,UNKNOWN,ICML,2024
ICML-2024-A009776,Nathan Kallus,UNKNOWN,UNKNOWN,ICML,2024
ICML-2024-A009777,Stelios Triantafyllou,UNKNOWN,UNKNOWN,ICML,2024
ICML-2024-A009778,Aleksa Sukovic,UNKNOWN,UNKNOWN,ICML,2024
ICML-2024-A009779,Debmalya Mandal,UNKNOWN,UNKNOWN,ICML,2024
ICML-2024-A009780,Goran Radanovic,UNKNOWN,UNKNOWN,ICML,2024
ICML-2024-A009781,Puja Trivedi,UNKNOWN,UNKNOWN,ICML,2024
ICML-2024-A009782,Ryan A. Rossi,UNKNOWN,UNKNOWN,ICML,2024
ICML-2024-A009783,David Arbour,UNKNOWN,UNKNOWN,ICML,2024
ICML-2024-A009784,Tong Yu,UNKNOWN,UNKNOWN,ICML,2024
ICML-2024-A009785,Franck Dernoncourt,UNKNOWN,UNKNOWN,ICML,2024
ICML-2024-A009786,Sungchul Kim,UNKNOWN,UNKNOWN,ICML,2024
ICML-2024-A009787,Nedim Lipka,UNKNOWN,UNKNOWN,ICML,2024
ICML-2024-A009788,Namyong Park,UNKNOWN,UNKNOWN,ICML,2024
ICML-2024-A009789,Nesreen K. Ahmed,UNKNOWN,UNKNOWN,ICML,2024
ICML-2024-A009790,Danai Koutra,UNKNOWN,UNKNOWN,ICML,2024
ICML-2024-A009791,Albert Tseng,UNKNOWN,UNKNOWN,ICML,2024
ICML-2024-A009792,Jerry Chee,UNKNOWN,UNKNOWN,ICML,2024
ICML-2024-A009793,Qingyao Sun,UNKNOWN,UNKNOWN,ICML,2024
ICML-2024-A009794,Volodymyr Kuleshov,UNKNOWN,UNKNOWN,ICML,2024
ICML-2024-A009795,Christopher De Sa,UNKNOWN,UNKNOWN,ICML,2024
ICML-2024-A009796,Anastasios Tsiamis,UNKNOWN,UNKNOWN,ICML,2024
ICML-2024-A009797,Aren Karapetyan,UNKNOWN,UNKNOWN,ICML,2024
ICML-2024-A009798,Yueshan Li,UNKNOWN,UNKNOWN,ICML,2024
ICML-2024-A009799,Efe C. Balta,UNKNOWN,UNKNOWN,ICML,2024
ICML-2024-A009800,John Lygeros,UNKNOWN,UNKNOWN,ICML,2024
ICML-2024-A009801,Asterios Tsiourvas,UNKNOWN,UNKNOWN,ICML,2024
ICML-2024-A009802,Georgia Perakis,UNKNOWN,UNKNOWN,ICML,2024
ICML-2024-A009803,Asterios Tsiourvas,UNKNOWN,UNKNOWN,ICML,2024
ICML-2024-A009804,Wei Sun,UNKNOWN,UNKNOWN,ICML,2024
ICML-2024-A009805,Georgia Perakis,UNKNOWN,UNKNOWN,ICML,2024
ICML-2024-A009806,Pin-Yu Chen,UNKNOWN,UNKNOWN,ICML,2024
ICML-2024-A009807,Yada Zhu,UNKNOWN,UNKNOWN,ICML,2024
ICML-2024-A009808,Nikita Tsoy,UNKNOWN,UNKNOWN,ICML,2024
ICML-2024-A009809,Nikola Konstantinov,UNKNOWN,UNKNOWN,ICML,2024
ICML-2024-A009810,Taira Tsuchiya,UNKNOWN,UNKNOWN,ICML,2024
ICML-2024-A009811,Shinji Ito,UNKNOWN,UNKNOWN,ICML,2024
ICML-2024-A009812,Junya Honda,UNKNOWN,UNKNOWN,ICML,2024
ICML-2024-A009813,Weijie Tu,UNKNOWN,UNKNOWN,ICML,2024
ICML-2024-A009814,Weijian Deng,UNKNOWN,UNKNOWN,ICML,2024
ICML-2024-A009815,Dylan Campbell,UNKNOWN,UNKNOWN,ICML,2024
ICML-2024-A009816,Stephen Gould,UNKNOWN,UNKNOWN,ICML,2024
ICML-2024-A009817,Tom Gedeon,UNKNOWN,UNKNOWN,ICML,2024
ICML-2024-A009818,Aaron David Tucker,UNKNOWN,UNKNOWN,ICML,2024
ICML-2024-A009819,Kianté Brantley,UNKNOWN,UNKNOWN,ICML,2024
ICML-2024-A009820,Adam Cahall,UNKNOWN,UNKNOWN,ICML,2024
ICML-2024-A009821,Thorsten Joachims,UNKNOWN,UNKNOWN,ICML,2024
ICML-2024-A009822,Hitesh Tulsiani,UNKNOWN,UNKNOWN,ICML,2024
ICML-2024-A009823,David Chan,UNKNOWN,UNKNOWN,ICML,2024
ICML-2024-A009824,Shalini Ghosh,UNKNOWN,UNKNOWN,ICML,2024
ICML-2024-A009825,Garima Lalwani,UNKNOWN,UNKNOWN,ICML,2024
ICML-2024-A009826,Prabhat Pandey,UNKNOWN,UNKNOWN,ICML,2024
ICML-2024-A009827,Ankish Bansal,UNKNOWN,UNKNOWN,ICML,2024
ICML-2024-A009828,Sri Garimella,UNKNOWN,UNKNOWN,ICML,2024
ICML-2024-A009829,Ariya Rastrow,UNKNOWN,UNKNOWN,ICML,2024
ICML-2024-A009830,Björn Hoffmeister,UNKNOWN,UNKNOWN,ICML,2024
ICML-2024-A009831,Carmen Martin Turrero,UNKNOWN,UNKNOWN,ICML,2024
ICML-2024-A009832,Maxence Bouvier,UNKNOWN,UNKNOWN,ICML,2024
ICML-2024-A009833,Manuel Breitenstein,UNKNOWN,UNKNOWN,ICML,2024
ICML-2024-A009834,Pietro Zanuttigh,UNKNOWN,UNKNOWN,ICML,2024
ICML-2024-A009835,Vincent Parret,UNKNOWN,UNKNOWN,ICML,2024
ICML-2024-A009836,Ruo-Chun Tzeng,UNKNOWN,UNKNOWN,ICML,2024
ICML-2024-A009837,Naoto Ohsaka,UNKNOWN,UNKNOWN,ICML,2024
ICML-2024-A009838,Kaito Ariu,UNKNOWN,UNKNOWN,ICML,2024
ICML-2024-A009839,Talip Ucar,UNKNOWN,UNKNOWN,ICML,2024
ICML-2024-A009840,Aubin Ramon,UNKNOWN,UNKNOWN,ICML,2024
ICML-2024-A009841,Dino Oglic,UNKNOWN,UNKNOWN,ICML,2024
ICML-2024-A009842,Rebecca Croasdale-Wood,UNKNOWN,UNKNOWN,ICML,2024
ICML-2024-A009843,Tom Diethe,UNKNOWN,UNKNOWN,ICML,2024
ICML-2024-A009844,Pietro Sormanni,UNKNOWN,UNKNOWN,ICML,2024
ICML-2024-A009845,Masatoshi Uehara,UNKNOWN,UNKNOWN,ICML,2024
ICML-2024-A009846,Yulai Zhao,UNKNOWN,UNKNOWN,ICML,2024
ICML-2024-A009847,Kevin Black,UNKNOWN,UNKNOWN,ICML,2024
ICML-2024-A009848,Ehsan Hajiramezanali,UNKNOWN,UNKNOWN,ICML,2024
ICML-2024-A009849,Gabriele Scalia,UNKNOWN,UNKNOWN,ICML,2024
ICML-2024-A009850,Nathaniel Lee Diamant,UNKNOWN,UNKNOWN,ICML,2024
ICML-2024-A009851,Alex M Tseng,UNKNOWN,UNKNOWN,ICML,2024
ICML-2024-A009852,Sergey Levine,UNKNOWN,UNKNOWN,ICML,2024
ICML-2024-A009853,Tommaso Biancalani,UNKNOWN,UNKNOWN,ICML,2024
ICML-2024-A009854,Keyon Vafa,UNKNOWN,UNKNOWN,ICML,2024
ICML-2024-A009855,Ashesh Rambachan,UNKNOWN,UNKNOWN,ICML,2024
ICML-2024-A009856,Sendhil Mullainathan,UNKNOWN,UNKNOWN,ICML,2024
ICML-2024-A009857,Sattar Vakili,UNKNOWN,UNKNOWN,ICML,2024
ICML-2024-A009858,Farhang Nabiei,UNKNOWN,UNKNOWN,ICML,2024
ICML-2024-A009859,Da-Shan Shiu,UNKNOWN,UNKNOWN,ICML,2024
ICML-2024-A009860,Alberto Bernacchia,UNKNOWN,UNKNOWN,ICML,2024
ICML-2024-A009861,Michael Valancius,UNKNOWN,UNKNOWN,ICML,2024
ICML-2024-A009862,Maxwell Lennon,UNKNOWN,UNKNOWN,ICML,2024
ICML-2024-A009863,Junier Oliva,UNKNOWN,UNKNOWN,ICML,2024
ICML-2024-A009864,Boris Van Breugel,Position: Why Tabular Foundation Models Should Be a Research Priority,UNKNOWN,ICML,2024
ICML-2024-A009865,Mihaela Van Der Schaar,Position: Why Tabular Foundation Models Should Be a Research Priority,UNKNOWN,ICML,2024
ICML-2024-A009866,Mim Van Den Bos,UNKNOWN,UNKNOWN,ICML,2024
ICML-2024-A009867,Jacobus G. M. Van Der Linden,UNKNOWN,UNKNOWN,ICML,2024
ICML-2024-A009868,Emir Demirović,UNKNOWN,UNKNOWN,ICML,2024
ICML-2024-A009869,Jan Van Den Brand,UNKNOWN,UNKNOWN,ICML,2024
ICML-2024-A009870,Zhao Song,UNKNOWN,UNKNOWN,ICML,2024
ICML-2024-A009871,Tianyi Zhou,UNKNOWN,UNKNOWN,ICML,2024
ICML-2024-A009872,Marten Van Dijk,UNKNOWN,UNKNOWN,ICML,2024
ICML-2024-A009873,Nhuong Van Nguyen,UNKNOWN,UNKNOWN,ICML,2024
ICML-2024-A009874,Toan N. Nguyen,UNKNOWN,UNKNOWN,ICML,2024
ICML-2024-A009875,Lam M. Nguyen,UNKNOWN,UNKNOWN,ICML,2024
ICML-2024-A009876,Phuong Ha Nguyen,UNKNOWN,UNKNOWN,ICML,2024
ICML-2024-A009877,Emile Van Krieken,UNKNOWN,UNKNOWN,ICML,2024
ICML-2024-A009878,Pasquale Minervini,UNKNOWN,UNKNOWN,ICML,2024
ICML-2024-A009879,Edoardo Ponti,UNKNOWN,UNKNOWN,ICML,2024
ICML-2024-A009880,Antonio Vergari,UNKNOWN,UNKNOWN,ICML,2024
ICML-2024-A009881,Loek Van Rossem,UNKNOWN,UNKNOWN,ICML,2024
ICML-2024-A009882,Andrew M Saxe,UNKNOWN,UNKNOWN,ICML,2024
ICML-2024-A009883,Ankit Vani,UNKNOWN,UNKNOWN,ICML,2024
ICML-2024-A009884,Frederick Tung,UNKNOWN,UNKNOWN,ICML,2024
ICML-2024-A009885,Gabriel L. Oliveira,UNKNOWN,UNKNOWN,ICML,2024
ICML-2024-A009886,Hossein Sharifi-Noghabi,UNKNOWN,UNKNOWN,ICML,2024
ICML-2024-A009887,Daniil Vankov,UNKNOWN,UNKNOWN,ICML,2024
ICML-2024-A009888,Angelia Nedich,UNKNOWN,UNKNOWN,ICML,2024
ICML-2024-A009889,Lalitha Sankar,UNKNOWN,UNKNOWN,ICML,2024
ICML-2024-A009890,Sumanth Varambally,UNKNOWN,UNKNOWN,ICML,2024
ICML-2024-A009891,Yian Ma,UNKNOWN,UNKNOWN,ICML,2024
ICML-2024-A009892,Rose Yu,UNKNOWN,UNKNOWN,ICML,2024
ICML-2024-A009893,Elen Vardanyan,UNKNOWN,UNKNOWN,ICML,2024
ICML-2024-A009894,Sona Hunanyan,UNKNOWN,UNKNOWN,ICML,2024
ICML-2024-A009895,Tigran Galstyan,UNKNOWN,UNKNOWN,ICML,2024
ICML-2024-A009896,Arshak Minasyan,UNKNOWN,UNKNOWN,ICML,2024
ICML-2024-A009897,Arnak S. Dalalyan,UNKNOWN,UNKNOWN,ICML,2024
ICML-2024-A009898,Simon Vary,UNKNOWN,UNKNOWN,ICML,2024
ICML-2024-A009899,Pierre Ablin,UNKNOWN,UNKNOWN,ICML,2024
ICML-2024-A009900,Bin Gao,UNKNOWN,UNKNOWN,ICML,2024
ICML-2024-A009901,Pierre-Antoine Absil,UNKNOWN,UNKNOWN,ICML,2024
ICML-2024-A009902,Lars Veefkind,UNKNOWN,UNKNOWN,ICML,2024
ICML-2024-A009903,Gabriele Cesa,UNKNOWN,UNKNOWN,ICML,2024
ICML-2024-A009904,Rodrigo Veiga,UNKNOWN,UNKNOWN,ICML,2024
ICML-2024-A009905,Anastasia Remizova,UNKNOWN,UNKNOWN,ICML,2024
ICML-2024-A009906,Nicolas Macris,UNKNOWN,UNKNOWN,ICML,2024
ICML-2024-A009907,Raviteja Vemulapalli,UNKNOWN,UNKNOWN,ICML,2024
ICML-2024-A009908,Hadi Pouransari,UNKNOWN,UNKNOWN,ICML,2024
ICML-2024-A009909,Fartash Faghri,UNKNOWN,UNKNOWN,ICML,2024
ICML-2024-A009910,Sachin Mehta,UNKNOWN,UNKNOWN,ICML,2024
ICML-2024-A009911,Mehrdad Farajtabar,UNKNOWN,UNKNOWN,ICML,2024
ICML-2024-A009912,Mohammad Rastegari,UNKNOWN,UNKNOWN,ICML,2024
ICML-2024-A009913,Oncel Tuzel,UNKNOWN,UNKNOWN,ICML,2024
ICML-2024-A009914,David Venuto,UNKNOWN,UNKNOWN,ICML,2024
ICML-2024-A009915,Mohammad Sami Nur Islam,UNKNOWN,UNKNOWN,ICML,2024
ICML-2024-A009916,Martin Klissarov,UNKNOWN,UNKNOWN,ICML,2024
ICML-2024-A009917,Doina Precup,UNKNOWN,UNKNOWN,ICML,2024
ICML-2024-A009918,Sherry Yang,UNKNOWN,UNKNOWN,ICML,2024
ICML-2024-A009919,Ankit Anand,UNKNOWN,UNKNOWN,ICML,2024
ICML-2024-A009920,Yogesh Verma,UNKNOWN,UNKNOWN,ICML,2024
ICML-2024-A009921,Amauri H Souza,UNKNOWN,UNKNOWN,ICML,2024
ICML-2024-A009922,Vikas Garg,UNKNOWN,UNKNOWN,ICML,2024
ICML-2024-A009923,Mark Vero,UNKNOWN,UNKNOWN,ICML,2024
ICML-2024-A009924,Mislav Balunovic,UNKNOWN,UNKNOWN,ICML,2024
ICML-2024-A009925,Martin Vechev,UNKNOWN,UNKNOWN,ICML,2024
ICML-2024-A009926,Nina Vesseron,UNKNOWN,UNKNOWN,ICML,2024
ICML-2024-A009927,Marco Cuturi,UNKNOWN,UNKNOWN,ICML,2024
ICML-2024-A009928,Grigorii Veviurko,UNKNOWN,UNKNOWN,ICML,2024
ICML-2024-A009929,Wendelin Boehmer,UNKNOWN,UNKNOWN,ICML,2024
ICML-2024-A009930,Mathijs De Weerdt,UNKNOWN,UNKNOWN,ICML,2024
ICML-2024-A009931,Luca Viano,  log | Π | e O expert demonstrations to ensure with high ( −γ) ϵE probability that the output policy is at most ϵE -suboptimal.,UNKNOWN,ICML,2024
ICML-2024-A009932,Stratis Skoulakis,  log | Π | e O expert demonstrations to ensure with high ( −γ) ϵE probability that the output policy is at most ϵE -suboptimal.,UNKNOWN,ICML,2024
ICML-2024-A009933,Volkan Cevher,  log | Π | e O expert demonstrations to ensure with high ( −γ) ϵE probability that the output policy is at most ϵE -suboptimal.,UNKNOWN,ICML,2024
ICML-2024-A009934,Martina G. Vilas,UNKNOWN,UNKNOWN,ICML,2024
ICML-2024-A009935,Federico Adolfi,UNKNOWN,UNKNOWN,ICML,2024
ICML-2024-A009936,David Poeppel,UNKNOWN,UNKNOWN,ICML,2024
ICML-2024-A009937,Gemma Roig,UNKNOWN,UNKNOWN,ICML,2024
ICML-2024-A009938,Pablo Villalobos,UNKNOWN,UNKNOWN,ICML,2024
ICML-2024-A009939,Anson Ho,UNKNOWN,UNKNOWN,ICML,2024
ICML-2024-A009940,Jaime Sevilla,UNKNOWN,UNKNOWN,ICML,2024
ICML-2024-A009941,Tamay Besiroglu,UNKNOWN,UNKNOWN,ICML,2024
ICML-2024-A009942,Lennart Heim,UNKNOWN,UNKNOWN,ICML,2024
ICML-2024-A009943,Marius Hobbhahn,UNKNOWN,UNKNOWN,ICML,2024
ICML-2024-A009944,Kirill Vishniakov,UNKNOWN,UNKNOWN,ICML,2024
ICML-2024-A009945,Zhiqiang Shen,UNKNOWN,UNKNOWN,ICML,2024
ICML-2024-A009946,Zhuang Liu,UNKNOWN,UNKNOWN,ICML,2024
ICML-2024-A009947,Germain Vivier-Ardisson,UNKNOWN,UNKNOWN,ICML,2024
ICML-2024-A009948,Alexandre Forel,UNKNOWN,UNKNOWN,ICML,2024
ICML-2024-A009949,Axel Parmentier,UNKNOWN,UNKNOWN,ICML,2024
ICML-2024-A009950,Thibaut Vidal,UNKNOWN,UNKNOWN,ICML,2024
ICML-2024-A009951,Vy Vo,UNKNOWN,UNKNOWN,ICML,2024
ICML-2024-A009952,Trung Le,UNKNOWN,UNKNOWN,ICML,2024
ICML-2024-A009953,Long Tung Vuong,UNKNOWN,UNKNOWN,ICML,2024
ICML-2024-A009954,He Zhao,UNKNOWN,UNKNOWN,ICML,2024
ICML-2024-A009955,Edwin V. Bonilla,UNKNOWN,UNKNOWN,ICML,2024
ICML-2024-A009956,Dinh Phung,UNKNOWN,UNKNOWN,ICML,2024
ICML-2024-A009957,Vy Vo,UNKNOWN,UNKNOWN,ICML,2024
ICML-2024-A009958,He Zhao,UNKNOWN,UNKNOWN,ICML,2024
ICML-2024-A009959,Trung Le,UNKNOWN,UNKNOWN,ICML,2024
ICML-2024-A009960,Edwin V. Bonilla,UNKNOWN,UNKNOWN,ICML,2024
ICML-2024-A009961,Dinh Phung,UNKNOWN,UNKNOWN,ICML,2024
ICML-2024-A009962,Kailas Vodrahalli,UNKNOWN,UNKNOWN,ICML,2024
ICML-2024-A009963,James Zou,UNKNOWN,UNKNOWN,ICML,2024
ICML-2024-A009964,Dimitri Von Rütte,UNKNOWN,UNKNOWN,ICML,2024
ICML-2024-A009965,Sotiris Anagnostidis,UNKNOWN,UNKNOWN,ICML,2024
ICML-2024-A009966,Gregor Bachmann,UNKNOWN,UNKNOWN,ICML,2024
ICML-2024-A009967,Thomas Hofmann,UNKNOWN,UNKNOWN,ICML,2024
ICML-2024-A009968,Vaclav Voracek,UNKNOWN,UNKNOWN,ICML,2024
ICML-2024-A009969,Tomas Werner,UNKNOWN,UNKNOWN,ICML,2024
ICML-2024-A009970,Nikhil Vyas,UNKNOWN,UNKNOWN,ICML,2024
ICML-2024-A009971,Depen Morwani,UNKNOWN,UNKNOWN,ICML,2024
ICML-2024-A009972,Rosie Zhao,UNKNOWN,UNKNOWN,ICML,2024
ICML-2024-A009973,Gal Kaplun,UNKNOWN,UNKNOWN,ICML,2024
ICML-2024-A009974,Sham M. Kakade,UNKNOWN,UNKNOWN,ICML,2024
ICML-2024-A009975,Boaz Barak,UNKNOWN,UNKNOWN,ICML,2024
ICML-2024-A009976,Artem M Vysogorets,UNKNOWN,UNKNOWN,ICML,2024
ICML-2024-A009977,Anna Dawid,UNKNOWN,UNKNOWN,ICML,2024
ICML-2024-A009978,Julia Kempe,UNKNOWN,UNKNOWN,ICML,2024
ICML-2024-A009979,Rohan Wadhawan,UNKNOWN,UNKNOWN,ICML,2024
ICML-2024-A009980,Hritik Bansal,UNKNOWN,UNKNOWN,ICML,2024
ICML-2024-A009981,Kai-Wei Chang,UNKNOWN,UNKNOWN,ICML,2024
ICML-2024-A009982,Nanyun Peng,UNKNOWN,UNKNOWN,ICML,2024
ICML-2024-A009983,Stefan Sylvius Wagner,UNKNOWN,UNKNOWN,ICML,2024
ICML-2024-A009984,Stefan Harmeling,UNKNOWN,UNKNOWN,ICML,2024
ICML-2024-A009985,Suppakit Waiwitlikhit,UNKNOWN,UNKNOWN,ICML,2024
ICML-2024-A009986,Ion Stoica,UNKNOWN,UNKNOWN,ICML,2024
ICML-2024-A009987,Yi Sun,UNKNOWN,UNKNOWN,ICML,2024
ICML-2024-A009988,Tatsunori Hashimoto,UNKNOWN,UNKNOWN,ICML,2024
ICML-2024-A009989,Daniel Kang,UNKNOWN,UNKNOWN,ICML,2024
ICML-2024-A009990,Benjamin Walker,UNKNOWN,UNKNOWN,ICML,2024
ICML-2024-A009991,Andrew Donald Mcleod,UNKNOWN,UNKNOWN,ICML,2024
ICML-2024-A009992,Tiexin Qin,UNKNOWN,UNKNOWN,ICML,2024
ICML-2024-A009993,Yichuan Cheng,UNKNOWN,UNKNOWN,ICML,2024
ICML-2024-A009994,Haoliang Li,UNKNOWN,UNKNOWN,ICML,2024
ICML-2024-A009995,Terry Lyons,UNKNOWN,UNKNOWN,ICML,2024
ICML-2024-A009996,Yijun Wan,UNKNOWN,UNKNOWN,ICML,2024
ICML-2024-A009997,Melih Barsbey,UNKNOWN,UNKNOWN,ICML,2024
ICML-2024-A009998,Abdellatif Zaidi,UNKNOWN,UNKNOWN,ICML,2024
ICML-2024-A009999,Umut Simsekli,UNKNOWN,UNKNOWN,ICML,2024
ICML-2024-A010000,Shenghua Wan,UNKNOWN,UNKNOWN,ICML,2024
ICML-2024-A010001,Ziyuan Chen,UNKNOWN,UNKNOWN,ICML,2024
ICML-2024-A010002,Le Gan,UNKNOWN,UNKNOWN,ICML,2024
ICML-2024-A010003,Shuai Feng,UNKNOWN,UNKNOWN,ICML,2024
ICML-2024-A010004,De-Chuan Zhan,UNKNOWN,UNKNOWN,ICML,2024
ICML-2024-A010005,Ziyu Wan,UNKNOWN,UNKNOWN,ICML,2024
ICML-2024-A010006,Xidong Feng,UNKNOWN,UNKNOWN,ICML,2024
ICML-2024-A010007,Muning Wen,UNKNOWN,UNKNOWN,ICML,2024
ICML-2024-A010008,Stephen Marcus Mcaleer,UNKNOWN,UNKNOWN,ICML,2024
ICML-2024-A010009,Ying Wen,UNKNOWN,UNKNOWN,ICML,2024
ICML-2024-A010010,Weinan Zhang,UNKNOWN,UNKNOWN,ICML,2024
ICML-2024-A010011,Jun Wang,UNKNOWN,UNKNOWN,ICML,2024
ICML-2024-A010012,Zhaoliang Wan,UNKNOWN,UNKNOWN,ICML,2024
ICML-2024-A010013,Yonggen Ling,UNKNOWN,UNKNOWN,ICML,2024
ICML-2024-A010014,Senlin Yi,UNKNOWN,UNKNOWN,ICML,2024
ICML-2024-A010015,Lu Qi,UNKNOWN,UNKNOWN,ICML,2024
ICML-2024-A010016,Wang Wei Lee,UNKNOWN,UNKNOWN,ICML,2024
ICML-2024-A010017,Minglei Lu,UNKNOWN,UNKNOWN,ICML,2024
ICML-2024-A010018,Sicheng Yang,UNKNOWN,UNKNOWN,ICML,2024
ICML-2024-A010019,Xiao Teng,UNKNOWN,UNKNOWN,ICML,2024
ICML-2024-A010020,Peng Lu,UNKNOWN,UNKNOWN,ICML,2024
ICML-2024-A010021,Xu Yang,UNKNOWN,UNKNOWN,ICML,2024
ICML-2024-A010022,Ming-Hsuan Yang,UNKNOWN,UNKNOWN,ICML,2024
ICML-2024-A010023,Hui Cheng,UNKNOWN,UNKNOWN,ICML,2024
ICML-2024-A010024,Xinhang Wan,UNKNOWN,UNKNOWN,ICML,2024
ICML-2024-A010025,Jiyuan Liu,UNKNOWN,UNKNOWN,ICML,2024
ICML-2024-A010026,Xinwang Liu,UNKNOWN,UNKNOWN,ICML,2024
ICML-2024-A010027,Yi Wen,UNKNOWN,UNKNOWN,ICML,2024
ICML-2024-A010028,Hao Yu,UNKNOWN,UNKNOWN,ICML,2024
ICML-2024-A010029,Siwei Wang,UNKNOWN,UNKNOWN,ICML,2024
ICML-2024-A010030,Shengju Yu,UNKNOWN,UNKNOWN,ICML,2024
ICML-2024-A010031,Tianjiao Wan,UNKNOWN,UNKNOWN,ICML,2024
ICML-2024-A010032,Jun Wang,UNKNOWN,UNKNOWN,ICML,2024
ICML-2024-A010033,En Zhu,UNKNOWN,UNKNOWN,ICML,2024
ICML-2024-A010034,Diwen Wan,UNKNOWN,UNKNOWN,ICML,2024
ICML-2024-A010035,Ruijie Lu,UNKNOWN,UNKNOWN,ICML,2024
ICML-2024-A010036,Gang Zeng,UNKNOWN,UNKNOWN,ICML,2024
ICML-2024-A010037,Guancheng Wan,UNKNOWN,UNKNOWN,ICML,2024
ICML-2024-A010038,Yijun Tian,UNKNOWN,UNKNOWN,ICML,2024
ICML-2024-A010039,Wenke Huang,UNKNOWN,UNKNOWN,ICML,2024
ICML-2024-A010040,Nitesh V Chawla,UNKNOWN,UNKNOWN,ICML,2024
ICML-2024-A010041,Mang Ye,UNKNOWN,UNKNOWN,ICML,2024
ICML-2024-A010042,Yuanyu Wan,UNKNOWN,UNKNOWN,ICML,2024
ICML-2024-A010043,Chang Yao,UNKNOWN,UNKNOWN,ICML,2024
ICML-2024-A010044,Mingli Song,UNKNOWN,UNKNOWN,ICML,2024
ICML-2024-A010045,Lijun Zhang,UNKNOWN,UNKNOWN,ICML,2024
ICML-2024-A010046,Xingyu Wan,UNKNOWN,UNKNOWN,ICML,2024
ICML-2024-A010047,Chengquan Zhang,UNKNOWN,UNKNOWN,ICML,2024
ICML-2024-A010048,Pengyuan Lyu,UNKNOWN,UNKNOWN,ICML,2024
ICML-2024-A010049,Sen Fan,UNKNOWN,UNKNOWN,ICML,2024
ICML-2024-A010050,Zihan Ni,UNKNOWN,UNKNOWN,ICML,2024
ICML-2024-A010051,Kun Yao,UNKNOWN,UNKNOWN,ICML,2024
ICML-2024-A010052,Errui Ding,UNKNOWN,UNKNOWN,ICML,2024
ICML-2024-A010053,Jingdong Wang,UNKNOWN,UNKNOWN,ICML,2024
ICML-2024-A010054,Xinyi Wang,UNKNOWN,UNKNOWN,ICML,2024
ICML-2024-A010055,Alfonso Amayuelas,UNKNOWN,UNKNOWN,ICML,2024
ICML-2024-A010056,Kexun Zhang,UNKNOWN,UNKNOWN,ICML,2024
ICML-2024-A010057,Liangming Pan,UNKNOWN,UNKNOWN,ICML,2024
ICML-2024-A010058,Wenhu Chen,UNKNOWN,UNKNOWN,ICML,2024
ICML-2024-A010059,William Yang Wang,UNKNOWN,UNKNOWN,ICML,2024
ICML-2024-A010060,Ruochen Wang,UNKNOWN,UNKNOWN,ICML,2024
ICML-2024-A010061,Sohyun An,UNKNOWN,UNKNOWN,ICML,2024
ICML-2024-A010062,Minhao Cheng,UNKNOWN,UNKNOWN,ICML,2024
ICML-2024-A010063,Tianyi Zhou,UNKNOWN,UNKNOWN,ICML,2024
ICML-2024-A010064,Sung Ju Hwang,UNKNOWN,UNKNOWN,ICML,2024
ICML-2024-A010065,Cho-Jui Hsieh,UNKNOWN,UNKNOWN,ICML,2024
ICML-2024-A010066,Po-An Wang,UNKNOWN,UNKNOWN,ICML,2024
ICML-2024-A010067,Kaito Ariu,UNKNOWN,UNKNOWN,ICML,2024
ICML-2024-A010068,Alexandre Proutiere,UNKNOWN,UNKNOWN,ICML,2024
ICML-2024-A010069,Yunjuan Wang,UNKNOWN,UNKNOWN,ICML,2024
ICML-2024-A010070,Raman Arora,UNKNOWN,UNKNOWN,ICML,2024
ICML-2024-A010071,Chao Wang,UNKNOWN,UNKNOWN,ICML,2024
ICML-2024-A010072,Xin Bing,UNKNOWN,UNKNOWN,ICML,2024
ICML-2024-A010073,Xin He,UNKNOWN,UNKNOWN,ICML,2024
ICML-2024-A010074,Caixing Wang,UNKNOWN,UNKNOWN,ICML,2024
ICML-2024-A010075,Xiuheng Wang,UNKNOWN,UNKNOWN,ICML,2024
ICML-2024-A010076,Ricardo Augusto Borsoi,UNKNOWN,UNKNOWN,ICML,2024
ICML-2024-A010077,Cédric Richard,UNKNOWN,UNKNOWN,ICML,2024
ICML-2024-A010078,Zhihai Wang,UNKNOWN,UNKNOWN,ICML,2024
ICML-2024-A010079,Lei Chen,UNKNOWN,UNKNOWN,ICML,2024
ICML-2024-A010080,Jie Wang,UNKNOWN,UNKNOWN,ICML,2024
ICML-2024-A010081,Yinqi Bai,UNKNOWN,UNKNOWN,ICML,2024
ICML-2024-A010082,Xing Li,UNKNOWN,UNKNOWN,ICML,2024
ICML-2024-A010083,Xijun Li,UNKNOWN,UNKNOWN,ICML,2024
ICML-2024-A010084,Mingxuan Yuan,UNKNOWN,UNKNOWN,ICML,2024
ICML-2024-A010085,Jianye Hao,UNKNOWN,UNKNOWN,ICML,2024
ICML-2024-A010086,Yongdong Zhang,UNKNOWN,UNKNOWN,ICML,2024
ICML-2024-A010087,Feng Wu,UNKNOWN,UNKNOWN,ICML,2024
ICML-2024-A010088,Xingyao Wang,UNKNOWN,UNKNOWN,ICML,2024
ICML-2024-A010089,Yangyi Chen,UNKNOWN,UNKNOWN,ICML,2024
ICML-2024-A010090,Lifan Yuan,UNKNOWN,UNKNOWN,ICML,2024
ICML-2024-A010091,Yizhe Zhang,UNKNOWN,UNKNOWN,ICML,2024
ICML-2024-A010092,Yunzhu Li,UNKNOWN,UNKNOWN,ICML,2024
ICML-2024-A010093,Hao Peng,UNKNOWN,UNKNOWN,ICML,2024
ICML-2024-A010094,Heng Ji,UNKNOWN,UNKNOWN,ICML,2024
ICML-2024-A010095,Yuzhu Wang,UNKNOWN,UNKNOWN,ICML,2024
ICML-2024-A010096,Lechao Cheng,UNKNOWN,UNKNOWN,ICML,2024
ICML-2024-A010097,Chaowei Fang,UNKNOWN,UNKNOWN,ICML,2024
ICML-2024-A010098,Dingwen Zhang,UNKNOWN,UNKNOWN,ICML,2024
ICML-2024-A010099,Manni Duan,UNKNOWN,UNKNOWN,ICML,2024
ICML-2024-A010100,Meng Wang,UNKNOWN,UNKNOWN,ICML,2024
ICML-2024-A010101,Guanchu Wang,UNKNOWN,UNKNOWN,ICML,2024
ICML-2024-A010102,Yu-Neng Chuang,UNKNOWN,UNKNOWN,ICML,2024
ICML-2024-A010103,Fan Yang,UNKNOWN,UNKNOWN,ICML,2024
ICML-2024-A010104,Mengnan Du,UNKNOWN,UNKNOWN,ICML,2024
ICML-2024-A010105,Chia-Yuan Chang,UNKNOWN,UNKNOWN,ICML,2024
ICML-2024-A010106,Shaochen Zhong,UNKNOWN,UNKNOWN,ICML,2024
ICML-2024-A010107,Zirui Liu,UNKNOWN,UNKNOWN,ICML,2024
ICML-2024-A010108,Zhaozhuo Xu,UNKNOWN,UNKNOWN,ICML,2024
ICML-2024-A010109,Kaixiong Zhou,UNKNOWN,UNKNOWN,ICML,2024
ICML-2024-A010110,Xuanting Cai,UNKNOWN,UNKNOWN,ICML,2024
ICML-2024-A010111,Xia Hu,UNKNOWN,UNKNOWN,ICML,2024
ICML-2024-A010112,Ke Wang,UNKNOWN,UNKNOWN,ICML,2024
ICML-2024-A010113,Nikolaos Dimitriadis,UNKNOWN,UNKNOWN,ICML,2024
ICML-2024-A010114,Guillermo Ortiz-Jimenez,UNKNOWN,UNKNOWN,ICML,2024
ICML-2024-A010115,François Fleuret,UNKNOWN,UNKNOWN,ICML,2024
ICML-2024-A010116,Pascal Frossard,UNKNOWN,UNKNOWN,ICML,2024
ICML-2024-A010117,Jingyuan Wang,UNKNOWN,UNKNOWN,ICML,2024
ICML-2024-A010118,Perry Dong,UNKNOWN,UNKNOWN,ICML,2024
ICML-2024-A010119,Ying Jin,UNKNOWN,UNKNOWN,ICML,2024
ICML-2024-A010120,Ruohan Zhan,UNKNOWN,UNKNOWN,ICML,2024
ICML-2024-A010121,Zhengyuan Zhou,UNKNOWN,UNKNOWN,ICML,2024
ICML-2024-A010122,Yunke Wang,UNKNOWN,UNKNOWN,ICML,2024
ICML-2024-A010123,Minjing Dong,UNKNOWN,UNKNOWN,ICML,2024
ICML-2024-A010124,Yukun Zhao,UNKNOWN,UNKNOWN,ICML,2024
ICML-2024-A010125,Bo Du,UNKNOWN,UNKNOWN,ICML,2024
ICML-2024-A010126,Chang Xu,UNKNOWN,UNKNOWN,ICML,2024
ICML-2024-A010127,Jin Wang,UNKNOWN,UNKNOWN,ICML,2024
ICML-2024-A010128,Shichao Dong,UNKNOWN,UNKNOWN,ICML,2024
ICML-2024-A010129,Yapeng Zhu,UNKNOWN,UNKNOWN,ICML,2024
ICML-2024-A010130,Kelu Yao,UNKNOWN,UNKNOWN,ICML,2024
ICML-2024-A010131,Weidong Zhao,UNKNOWN,UNKNOWN,ICML,2024
ICML-2024-A010132,Chao Li,UNKNOWN,UNKNOWN,ICML,2024
ICML-2024-A010133,Ping Luo,UNKNOWN,UNKNOWN,ICML,2024
ICML-2024-A010134,Tian-Zuo Wang,UNKNOWN,UNKNOWN,ICML,2024
ICML-2024-A010135,Wen-Bo Du,UNKNOWN,UNKNOWN,ICML,2024
ICML-2024-A010136,Zhi-Hua Zhou,UNKNOWN,UNKNOWN,ICML,2024
ICML-2024-A010137,Ruigang Wang,UNKNOWN,UNKNOWN,ICML,2024
ICML-2024-A010138,Krishnamurthy Dj Dvijotham,UNKNOWN,UNKNOWN,ICML,2024
ICML-2024-A010139,Ian Manchester,UNKNOWN,UNKNOWN,ICML,2024
ICML-2024-A010140,Yuyang Wang,UNKNOWN,UNKNOWN,ICML,2024
ICML-2024-A010141,Ahmed A. A. Elhag,UNKNOWN,UNKNOWN,ICML,2024
ICML-2024-A010142,Navdeep Jaitly,UNKNOWN,UNKNOWN,ICML,2024
ICML-2024-A010143,Joshua M. Susskind,UNKNOWN,UNKNOWN,ICML,2024
ICML-2024-A010144,Miguel Ángel Bautista,UNKNOWN,UNKNOWN,ICML,2024
ICML-2024-A010145,Caixing Wang,"requirements, scaling as O( | D | ), where | D | is the sample size of the dataset. This limitation has motivated significant research efforts towards scalable kernel methods",UNKNOWN,ICML,2024
ICML-2024-A010146,Xingdong Feng,"requirements, scaling as O( | D | ), where | D | is the sample size of the dataset. This limitation has motivated significant research efforts towards scalable kernel methods",UNKNOWN,ICML,2024
ICML-2024-A010147,Yu Wang,UNKNOWN,UNKNOWN,ICML,2024
ICML-2024-A010148,Yifan Gao,UNKNOWN,UNKNOWN,ICML,2024
ICML-2024-A010149,Xiusi Chen,UNKNOWN,UNKNOWN,ICML,2024
ICML-2024-A010150,Haoming Jiang,UNKNOWN,UNKNOWN,ICML,2024
ICML-2024-A010151,Shiyang Li,UNKNOWN,UNKNOWN,ICML,2024
ICML-2024-A010152,Jingfeng Yang,UNKNOWN,UNKNOWN,ICML,2024
ICML-2024-A010153,Qingyu Yin,UNKNOWN,UNKNOWN,ICML,2024
ICML-2024-A010154,Zheng Li,UNKNOWN,UNKNOWN,ICML,2024
ICML-2024-A010155,Xian Li,UNKNOWN,UNKNOWN,ICML,2024
ICML-2024-A010156,Bing Yin,UNKNOWN,UNKNOWN,ICML,2024
ICML-2024-A010157,Jingbo Shang,UNKNOWN,UNKNOWN,ICML,2024
ICML-2024-A010158,Julian Mcauley,UNKNOWN,UNKNOWN,ICML,2024
ICML-2024-A010159,Zixiao Wang,UNKNOWN,UNKNOWN,ICML,2024
ICML-2024-A010160,Amiremad Ghassami,UNKNOWN,UNKNOWN,ICML,2024
ICML-2024-A010161,Ilya Shpitser,UNKNOWN,UNKNOWN,ICML,2024
ICML-2024-A010162,Junfu Wang,UNKNOWN,UNKNOWN,ICML,2024
ICML-2024-A010163,Yuanfang Guo,UNKNOWN,UNKNOWN,ICML,2024
ICML-2024-A010164,Liang Yang,UNKNOWN,UNKNOWN,ICML,2024
ICML-2024-A010165,Yunhong Wang,UNKNOWN,UNKNOWN,ICML,2024
ICML-2024-A010166,Han Wang,UNKNOWN,UNKNOWN,ICML,2024
ICML-2024-A010167,Sihong He,UNKNOWN,UNKNOWN,ICML,2024
ICML-2024-A010168,Zhili Zhang,UNKNOWN,UNKNOWN,ICML,2024
ICML-2024-A010169,Fei Miao,UNKNOWN,UNKNOWN,ICML,2024
ICML-2024-A010170,James Anderson,UNKNOWN,UNKNOWN,ICML,2024
ICML-2024-A010171,Jiaxu Wang,UNKNOWN,UNKNOWN,ICML,2024
ICML-2024-A010172,Junhao He,UNKNOWN,UNKNOWN,ICML,2024
ICML-2024-A010173,Ziyi Zhang,UNKNOWN,UNKNOWN,ICML,2024
ICML-2024-A010174,Mingyuan Sun,UNKNOWN,UNKNOWN,ICML,2024
ICML-2024-A010175,Jingkai Sun,UNKNOWN,UNKNOWN,ICML,2024
ICML-2024-A010176,Renjing Xu,UNKNOWN,UNKNOWN,ICML,2024
ICML-2024-A010177,Tao Wang,UNKNOWN,UNKNOWN,ICML,2024
ICML-2024-A010178,Sylvia Lee Herbert,UNKNOWN,UNKNOWN,ICML,2024
ICML-2024-A010179,Sicun Gao,UNKNOWN,UNKNOWN,ICML,2024
ICML-2024-A010180,Rui Wang,UNKNOWN,UNKNOWN,ICML,2024
ICML-2024-A010181,Elyssa Hofgard,UNKNOWN,UNKNOWN,ICML,2024
ICML-2024-A010182,Han Gao,UNKNOWN,UNKNOWN,ICML,2024
ICML-2024-A010183,Robin Walters,UNKNOWN,UNKNOWN,ICML,2024
ICML-2024-A010184,Tess Smidt,UNKNOWN,UNKNOWN,ICML,2024
ICML-2024-A010185,Xiaoxuan Wang,S CI B ENCH: Evaluating College-Level Scientific Problem-Solving Abilities of,UNKNOWN,ICML,2024
ICML-2024-A010186,Ziniu Hu,S CI B ENCH: Evaluating College-Level Scientific Problem-Solving Abilities of,UNKNOWN,ICML,2024
ICML-2024-A010187,Pan Lu,S CI B ENCH: Evaluating College-Level Scientific Problem-Solving Abilities of,UNKNOWN,ICML,2024
ICML-2024-A010188,Yanqiao Zhu,S CI B ENCH: Evaluating College-Level Scientific Problem-Solving Abilities of,UNKNOWN,ICML,2024
ICML-2024-A010189,Jieyu Zhang,S CI B ENCH: Evaluating College-Level Scientific Problem-Solving Abilities of,UNKNOWN,ICML,2024
ICML-2024-A010190,Satyen Subramaniam,S CI B ENCH: Evaluating College-Level Scientific Problem-Solving Abilities of,UNKNOWN,ICML,2024
ICML-2024-A010191,Arjun R Loomba,S CI B ENCH: Evaluating College-Level Scientific Problem-Solving Abilities of,UNKNOWN,ICML,2024
ICML-2024-A010192,Shichang Zhang,S CI B ENCH: Evaluating College-Level Scientific Problem-Solving Abilities of,UNKNOWN,ICML,2024
ICML-2024-A010193,Yizhou Sun,S CI B ENCH: Evaluating College-Level Scientific Problem-Solving Abilities of,UNKNOWN,ICML,2024
ICML-2024-A010194,Wei Wang,S CI B ENCH: Evaluating College-Level Scientific Problem-Solving Abilities of,UNKNOWN,ICML,2024
ICML-2024-A010195,Wenjie Wang,UNKNOWN,UNKNOWN,ICML,2024
ICML-2024-A010196,Biwei Huang,UNKNOWN,UNKNOWN,ICML,2024
ICML-2024-A010197,Feng Liu,UNKNOWN,UNKNOWN,ICML,2024
ICML-2024-A010198,Xinge You,UNKNOWN,UNKNOWN,ICML,2024
ICML-2024-A010199,Tongliang Liu,UNKNOWN,UNKNOWN,ICML,2024
ICML-2024-A010200,Kun Zhang,UNKNOWN,UNKNOWN,ICML,2024
ICML-2024-A010201,Mingming Gong,UNKNOWN,UNKNOWN,ICML,2024
ICML-2024-A010202,Raymond Wang,UNKNOWN,UNKNOWN,ICML,2024
ICML-2024-A010203,Jaedong Hwang,UNKNOWN,UNKNOWN,ICML,2024
ICML-2024-A010204,Akhilan Boopathy,UNKNOWN,UNKNOWN,ICML,2024
ICML-2024-A010205,Ila R Fiete,UNKNOWN,UNKNOWN,ICML,2024
ICML-2024-A010206,Wei Wang,UNKNOWN,UNKNOWN,ICML,2024
ICML-2024-A010207,Takashi Ishida,UNKNOWN,UNKNOWN,ICML,2024
ICML-2024-A010208,Yu-Jie Zhang,UNKNOWN,UNKNOWN,ICML,2024
ICML-2024-A010209,Gang Niu,UNKNOWN,UNKNOWN,ICML,2024
ICML-2024-A010210,Masashi Sugiyama,UNKNOWN,UNKNOWN,ICML,2024
ICML-2024-A010211,Wenshuo Wang,UNKNOWN,UNKNOWN,ICML,2024
ICML-2024-A010212,Lucas Janson,UNKNOWN,UNKNOWN,ICML,2024
ICML-2024-A010213,Lihua Lei,UNKNOWN,UNKNOWN,ICML,2024
ICML-2024-A010214,Aaditya Ramdas,UNKNOWN,UNKNOWN,ICML,2024
ICML-2024-A010215,Zhijie Wang,UNKNOWN,UNKNOWN,ICML,2024
ICML-2024-A010216,Bo Jiang,UNKNOWN,UNKNOWN,ICML,2024
ICML-2024-A010217,Shuai Li,UNKNOWN,UNKNOWN,ICML,2024
ICML-2024-A010218,Jian Wang,UNKNOWN,UNKNOWN,ICML,2024
ICML-2024-A010219,Xin Lan,UNKNOWN,UNKNOWN,ICML,2024
ICML-2024-A010220,Yuxin Tian,UNKNOWN,UNKNOWN,ICML,2024
ICML-2024-A010221,Jiancheng Lv,UNKNOWN,UNKNOWN,ICML,2024
ICML-2024-A010222,Shida Wang,UNKNOWN,UNKNOWN,ICML,2024
ICML-2024-A010223,Qianxiao Li,UNKNOWN,UNKNOWN,ICML,2024
ICML-2024-A010224,Yaoming Wang,UNKNOWN,UNKNOWN,ICML,2024
ICML-2024-A010225,Jin Li,UNKNOWN,UNKNOWN,ICML,2024
ICML-2024-A010226,Wenrui Dai,UNKNOWN,UNKNOWN,ICML,2024
ICML-2024-A010227,Bowen Shi,UNKNOWN,UNKNOWN,ICML,2024
ICML-2024-A010228,Xiaopeng Zhang,UNKNOWN,UNKNOWN,ICML,2024
ICML-2024-A010229,Chenglin Li,UNKNOWN,UNKNOWN,ICML,2024
ICML-2024-A010230,Hongkai Xiong,UNKNOWN,UNKNOWN,ICML,2024
ICML-2024-A010231,Yuhui Wang,UNKNOWN,UNKNOWN,ICML,2024
ICML-2024-A010232,Weida Li,UNKNOWN,UNKNOWN,ICML,2024
ICML-2024-A010233,Francesco Faccio,UNKNOWN,UNKNOWN,ICML,2024
ICML-2024-A010234,Qingyuan Wu,UNKNOWN,UNKNOWN,ICML,2024
ICML-2024-A010235,Jürgen Schmidhuber,UNKNOWN,UNKNOWN,ICML,2024
ICML-2024-A010236,Da Wang,UNKNOWN,UNKNOWN,ICML,2024
ICML-2024-A010237,Lin Li,UNKNOWN,UNKNOWN,ICML,2024
ICML-2024-A010238,Wei Wei,UNKNOWN,UNKNOWN,ICML,2024
ICML-2024-A010239,Qixian Yu,UNKNOWN,UNKNOWN,ICML,2024
ICML-2024-A010240,Jianye Hao,UNKNOWN,UNKNOWN,ICML,2024
ICML-2024-A010241,Jiye Liang,UNKNOWN,UNKNOWN,ICML,2024
ICML-2024-A010242,Yancheng Wang,UNKNOWN,UNKNOWN,ICML,2024
ICML-2024-A010243,Ping Li,UNKNOWN,UNKNOWN,ICML,2024
ICML-2024-A010244,Yingzhen Yang,UNKNOWN,UNKNOWN,ICML,2024
ICML-2024-A010245,Yasen Wang,UNKNOWN,UNKNOWN,ICML,2024
ICML-2024-A010246,Junlin Li,UNKNOWN,UNKNOWN,ICML,2024
ICML-2024-A010247,Zuogong Yue,UNKNOWN,UNKNOWN,ICML,2024
ICML-2024-A010248,Ye Yuan,UNKNOWN,UNKNOWN,ICML,2024
ICML-2024-A010249,Xiyuan Wang,UNKNOWN,UNKNOWN,ICML,2024
ICML-2024-A010250,Pan Li,UNKNOWN,UNKNOWN,ICML,2024
ICML-2024-A010251,Muhan Zhang,UNKNOWN,UNKNOWN,ICML,2024
ICML-2024-A010252,Jianhong Wang,UNKNOWN,UNKNOWN,ICML,2024
ICML-2024-A010253,Yang Li,UNKNOWN,UNKNOWN,ICML,2024
ICML-2024-A010254,Yuan Zhang,UNKNOWN,UNKNOWN,ICML,2024
ICML-2024-A010255,Wei Pan,UNKNOWN,UNKNOWN,ICML,2024
ICML-2024-A010256,Samuel Kaski,UNKNOWN,UNKNOWN,ICML,2024
ICML-2024-A010257,Zhengbo Wang,UNKNOWN,UNKNOWN,ICML,2024
ICML-2024-A010258,Jian Liang,UNKNOWN,UNKNOWN,ICML,2024
ICML-2024-A010259,Ran He,UNKNOWN,UNKNOWN,ICML,2024
ICML-2024-A010260,Zilei Wang,UNKNOWN,UNKNOWN,ICML,2024
ICML-2024-A010261,Tieniu Tan,UNKNOWN,UNKNOWN,ICML,2024
ICML-2024-A010262,Xiyu Wang,UNKNOWN,UNKNOWN,ICML,2024
ICML-2024-A010263,Baijiong Lin,UNKNOWN,UNKNOWN,ICML,2024
ICML-2024-A010264,Daochang Liu,UNKNOWN,UNKNOWN,ICML,2024
ICML-2024-A010265,Ying-Cong Chen,UNKNOWN,UNKNOWN,ICML,2024
ICML-2024-A010266,Chang Xu,UNKNOWN,UNKNOWN,ICML,2024
ICML-2024-A010267,Jingtan Wang,UNKNOWN,UNKNOWN,ICML,2024
ICML-2024-A010268,Xiaoqiang Lin,UNKNOWN,UNKNOWN,ICML,2024
ICML-2024-A010269,Rui Qiao,UNKNOWN,UNKNOWN,ICML,2024
ICML-2024-A010270,Chuan-Sheng Foo,UNKNOWN,UNKNOWN,ICML,2024
ICML-2024-A010271,Bryan Kian Hsiang Low,UNKNOWN,UNKNOWN,ICML,2024
ICML-2024-A010272,Ruochen Wang,UNKNOWN,UNKNOWN,ICML,2024
ICML-2024-A010273,Ting Liu,UNKNOWN,UNKNOWN,ICML,2024
ICML-2024-A010274,Cho-Jui Hsieh,UNKNOWN,UNKNOWN,ICML,2024
ICML-2024-A010275,Boqing Gong,UNKNOWN,UNKNOWN,ICML,2024
ICML-2024-A010276,Peng Wang,UNKNOWN,UNKNOWN,ICML,2024
ICML-2024-A010277,Huikang Liu,UNKNOWN,UNKNOWN,ICML,2024
ICML-2024-A010278,Druv Pai,UNKNOWN,UNKNOWN,ICML,2024
ICML-2024-A010279,Yaodong Yu,UNKNOWN,UNKNOWN,ICML,2024
ICML-2024-A010280,Zhihui Zhu,UNKNOWN,UNKNOWN,ICML,2024
ICML-2024-A010281,Qing Qu,UNKNOWN,UNKNOWN,ICML,2024
ICML-2024-A010282,Yi Ma,UNKNOWN,UNKNOWN,ICML,2024
ICML-2024-A010283,Shengjie Wang,UNKNOWN,UNKNOWN,ICML,2024
ICML-2024-A010284,Shaohuai Liu,UNKNOWN,UNKNOWN,ICML,2024
ICML-2024-A010285,Weirui Ye,UNKNOWN,UNKNOWN,ICML,2024
ICML-2024-A010286,Jiacheng You,UNKNOWN,UNKNOWN,ICML,2024
ICML-2024-A010287,Yang Gao,UNKNOWN,UNKNOWN,ICML,2024
ICML-2024-A010288,Xin Wang,"cascio, ), the inherent high costs and ethical constraints have increased the emphasis on estimating counterfactuals from observational data.",UNKNOWN,ICML,2024
ICML-2024-A010289,Shengfei Lyu,"cascio, ), the inherent high costs and ethical constraints have increased the emphasis on estimating counterfactuals from observational data.",UNKNOWN,ICML,2024
ICML-2024-A010290,Lishan Yang,"cascio, ), the inherent high costs and ethical constraints have increased the emphasis on estimating counterfactuals from observational data.",UNKNOWN,ICML,2024
ICML-2024-A010291,Yibing Zhan,"cascio, ), the inherent high costs and ethical constraints have increased the emphasis on estimating counterfactuals from observational data.",UNKNOWN,ICML,2024
ICML-2024-A010292,Huanhuan Chen,"cascio, ), the inherent high costs and ethical constraints have increased the emphasis on estimating counterfactuals from observational data.",UNKNOWN,ICML,2024
ICML-2024-A010293,Zhangyu Wang,UNKNOWN,UNKNOWN,ICML,2024
ICML-2024-A010294,Gengchen Mai,UNKNOWN,UNKNOWN,ICML,2024
ICML-2024-A010295,Krzysztof Janowicz,UNKNOWN,UNKNOWN,ICML,2024
ICML-2024-A010296,Ni Lao,UNKNOWN,UNKNOWN,ICML,2024
ICML-2024-A010297,Haohui Wang,UNKNOWN,UNKNOWN,ICML,2024
ICML-2024-A010298,Yuzhen Mao,UNKNOWN,UNKNOWN,ICML,2024
ICML-2024-A010299,Yujun Yan,UNKNOWN,UNKNOWN,ICML,2024
ICML-2024-A010300,Yaoqing Yang,UNKNOWN,UNKNOWN,ICML,2024
ICML-2024-A010301,Jianhui Sun,UNKNOWN,UNKNOWN,ICML,2024
ICML-2024-A010302,Kevin Choi,UNKNOWN,UNKNOWN,ICML,2024
ICML-2024-A010303,Balaji Veeramani,UNKNOWN,UNKNOWN,ICML,2024
ICML-2024-A010304,Alison Hu,UNKNOWN,UNKNOWN,ICML,2024
ICML-2024-A010305,Edward Bowen,UNKNOWN,UNKNOWN,ICML,2024
ICML-2024-A010306,Tyler Cody,UNKNOWN,UNKNOWN,ICML,2024
ICML-2024-A010307,Dawei Zhou,UNKNOWN,UNKNOWN,ICML,2024
ICML-2024-A010308,Mingze Wang,UNKNOWN,UNKNOWN,ICML,2024
ICML-2024-A010309,Zeping Min,UNKNOWN,UNKNOWN,ICML,2024
ICML-2024-A010310,Lei Wu,UNKNOWN,UNKNOWN,ICML,2024
ICML-2024-A010311,Zihao Wang,UNKNOWN,UNKNOWN,ICML,2024
ICML-2024-A010312,Chirag Nagpal,UNKNOWN,UNKNOWN,ICML,2024
ICML-2024-A010313,Jonathan Berant,UNKNOWN,UNKNOWN,ICML,2024
ICML-2024-A010314,Jacob Eisenstein,UNKNOWN,UNKNOWN,ICML,2024
ICML-2024-A010315,Alexander Nicholas D’Amour,UNKNOWN,UNKNOWN,ICML,2024
ICML-2024-A010316,Sanmi Koyejo,UNKNOWN,UNKNOWN,ICML,2024
ICML-2024-A010317,Victor Veitch,UNKNOWN,UNKNOWN,ICML,2024
ICML-2024-A010318,Zhiruo Wang,UNKNOWN,UNKNOWN,ICML,2024
ICML-2024-A010319,Graham Neubig,UNKNOWN,UNKNOWN,ICML,2024
ICML-2024-A010320,Daniel Fried,UNKNOWN,UNKNOWN,ICML,2024
ICML-2024-A010321,Kaiwen Wang,UNKNOWN,UNKNOWN,ICML,2024
ICML-2024-A010322,Owen Oertell,UNKNOWN,UNKNOWN,ICML,2024
ICML-2024-A010323,Alekh Agarwal,UNKNOWN,UNKNOWN,ICML,2024
ICML-2024-A010324,Nathan Kallus,UNKNOWN,UNKNOWN,ICML,2024
ICML-2024-A010325,Wen Sun,UNKNOWN,UNKNOWN,ICML,2024
ICML-2024-A010326,Ke Wang,UNKNOWN,UNKNOWN,ICML,2024
ICML-2024-A010327,Guillermo Ortiz-Jimenez,UNKNOWN,UNKNOWN,ICML,2024
ICML-2024-A010328,Rodolphe Jenatton,UNKNOWN,UNKNOWN,ICML,2024
ICML-2024-A010329,Mark Collier,UNKNOWN,UNKNOWN,ICML,2024
ICML-2024-A010330,Efi Kokiopoulou,UNKNOWN,UNKNOWN,ICML,2024
ICML-2024-A010331,Pascal Frossard,UNKNOWN,UNKNOWN,ICML,2024
ICML-2024-A010332,Yafei Wang,UNKNOWN,UNKNOWN,ICML,2024
ICML-2024-A010333,Bo Pan,UNKNOWN,UNKNOWN,ICML,2024
ICML-2024-A010334,Mei Li,UNKNOWN,UNKNOWN,ICML,2024
ICML-2024-A010335,Jianya Lu,UNKNOWN,UNKNOWN,ICML,2024
ICML-2024-A010336,Lingchen Kong,UNKNOWN,UNKNOWN,ICML,2024
ICML-2024-A010337,Bei Jiang,UNKNOWN,UNKNOWN,ICML,2024
ICML-2024-A010338,Linglong Kong,UNKNOWN,UNKNOWN,ICML,2024
ICML-2024-A010339,Boxin Wang,UNKNOWN,UNKNOWN,ICML,2024
ICML-2024-A010340,Wei Ping,UNKNOWN,UNKNOWN,ICML,2024
ICML-2024-A010341,Lawrence Mcafee,UNKNOWN,UNKNOWN,ICML,2024
ICML-2024-A010342,Peng Xu,UNKNOWN,UNKNOWN,ICML,2024
ICML-2024-A010343,Bo Li,UNKNOWN,UNKNOWN,ICML,2024
ICML-2024-A010344,Mohammad Shoeybi,UNKNOWN,UNKNOWN,ICML,2024
ICML-2024-A010345,Bryan Catanzaro,UNKNOWN,UNKNOWN,ICML,2024
ICML-2024-A010346,Jiayi Wang,UNKNOWN,UNKNOWN,ICML,2024
ICML-2024-A010347,Zhengling Qi,UNKNOWN,UNKNOWN,ICML,2024
ICML-2024-A010348,Raymond K. W. Wong,UNKNOWN,UNKNOWN,ICML,2024
ICML-2024-A010349,Yanran Wang,UNKNOWN,UNKNOWN,ICML,2024
ICML-2024-A010350,Qiuchen Qian,UNKNOWN,UNKNOWN,ICML,2024
ICML-2024-A010351,David Boyle,UNKNOWN,UNKNOWN,ICML,2024
ICML-2024-A010352,Zhou Wang,UNKNOWN,UNKNOWN,ICML,2024
ICML-2024-A010353,Xingye Qiao,UNKNOWN,UNKNOWN,ICML,2024
ICML-2024-A010354,Boyuan Wang,UNKNOWN,UNKNOWN,ICML,2024
ICML-2024-A010355,Yun Qu,UNKNOWN,UNKNOWN,ICML,2024
ICML-2024-A010356,Yuhang Jiang,UNKNOWN,UNKNOWN,ICML,2024
ICML-2024-A010357,Jianzhun Shao,UNKNOWN,UNKNOWN,ICML,2024
ICML-2024-A010358,Chang Liu,UNKNOWN,UNKNOWN,ICML,2024
ICML-2024-A010359,Wenming Yang,UNKNOWN,UNKNOWN,ICML,2024
ICML-2024-A010360,Xiangyang Ji,UNKNOWN,UNKNOWN,ICML,2024
ICML-2024-A010361,Chentong Wang,UNKNOWN,UNKNOWN,ICML,2024
ICML-2024-A010362,Yannan Qu,UNKNOWN,UNKNOWN,ICML,2024
ICML-2024-A010363,Zhangzhi Peng,UNKNOWN,UNKNOWN,ICML,2024
ICML-2024-A010364,Yukai Wang,UNKNOWN,UNKNOWN,ICML,2024
ICML-2024-A010365,Hongli Zhu,UNKNOWN,UNKNOWN,ICML,2024
ICML-2024-A010366,Dachuan Chen,UNKNOWN,UNKNOWN,ICML,2024
ICML-2024-A010367,Longxing Cao,UNKNOWN,UNKNOWN,ICML,2024
ICML-2024-A010368,Zhenting Wang,UNKNOWN,UNKNOWN,ICML,2024
ICML-2024-A010369,Vikash Sehwag,UNKNOWN,UNKNOWN,ICML,2024
ICML-2024-A010370,Chen Chen,UNKNOWN,UNKNOWN,ICML,2024
ICML-2024-A010371,Lingjuan Lyu,UNKNOWN,UNKNOWN,ICML,2024
ICML-2024-A010372,Dimitris N. Metaxas,UNKNOWN,UNKNOWN,ICML,2024
ICML-2024-A010373,Shiqing Ma,UNKNOWN,UNKNOWN,ICML,2024
ICML-2024-A010374,Caixing Wang,UNKNOWN,UNKNOWN,ICML,2024
ICML-2024-A010375,Ziliang Shen,UNKNOWN,UNKNOWN,ICML,2024
ICML-2024-A010376,Peng Wang,UNKNOWN,UNKNOWN,ICML,2024
ICML-2024-A010377,Li Shen,UNKNOWN,UNKNOWN,ICML,2024
ICML-2024-A010378,Zerui Tao,UNKNOWN,UNKNOWN,ICML,2024
ICML-2024-A010379,Shuaida He,UNKNOWN,UNKNOWN,ICML,2024
ICML-2024-A010380,Dacheng Tao,UNKNOWN,UNKNOWN,ICML,2024
ICML-2024-A010381,Haonan Wang,UNKNOWN,UNKNOWN,ICML,2024
ICML-2024-A010382,Qianli Shen,UNKNOWN,UNKNOWN,ICML,2024
ICML-2024-A010383,Yao Tong,UNKNOWN,UNKNOWN,ICML,2024
ICML-2024-A010384,Yang Zhang,UNKNOWN,UNKNOWN,ICML,2024
ICML-2024-A010385,Kenji Kawaguchi,UNKNOWN,UNKNOWN,ICML,2024
ICML-2024-A010386,Yufei Wang,UNKNOWN,UNKNOWN,ICML,2024
ICML-2024-A010387,Zhanyi Sun,UNKNOWN,UNKNOWN,ICML,2024
ICML-2024-A010388,Jesse Zhang,UNKNOWN,UNKNOWN,ICML,2024
ICML-2024-A010389,Zhou Xian,UNKNOWN,UNKNOWN,ICML,2024
ICML-2024-A010390,Erdem Biyik,UNKNOWN,UNKNOWN,ICML,2024
ICML-2024-A010391,David Held,UNKNOWN,UNKNOWN,ICML,2024
ICML-2024-A010392,Zackory Erickson,UNKNOWN,UNKNOWN,ICML,2024
ICML-2024-A010393,Hengyi Wang,UNKNOWN,UNKNOWN,ICML,2024
ICML-2024-A010394,Shiwei Tan,UNKNOWN,UNKNOWN,ICML,2024
ICML-2024-A010395,Hao Wang,UNKNOWN,UNKNOWN,ICML,2024
ICML-2024-A010396,Irene Wang,UNKNOWN,UNKNOWN,ICML,2024
ICML-2024-A010397,Jakub Tarnawski,UNKNOWN,UNKNOWN,ICML,2024
ICML-2024-A010398,Amar Phanishayee,UNKNOWN,UNKNOWN,ICML,2024
ICML-2024-A010399,Divya Mahajan,UNKNOWN,UNKNOWN,ICML,2024
ICML-2024-A010400,Yucen Wang,UNKNOWN,UNKNOWN,ICML,2024
ICML-2024-A010401,Shenghua Wan,UNKNOWN,UNKNOWN,ICML,2024
ICML-2024-A010402,Le Gan,UNKNOWN,UNKNOWN,ICML,2024
ICML-2024-A010403,Shuai Feng,UNKNOWN,UNKNOWN,ICML,2024
ICML-2024-A010404,De-Chuan Zhan,UNKNOWN,UNKNOWN,ICML,2024
ICML-2024-A010405,Yipei Wang,UNKNOWN,UNKNOWN,ICML,2024
ICML-2024-A010406,Xiaoqian Wang,UNKNOWN,UNKNOWN,ICML,2024
ICML-2024-A010407,Yi Wang,UNKNOWN,UNKNOWN,ICML,2024
ICML-2024-A010408,Zhiren Wang,UNKNOWN,UNKNOWN,ICML,2024
ICML-2024-A010409,Haixiao Wang,UNKNOWN,UNKNOWN,ICML,2024
ICML-2024-A010410,Zhichao Wang,UNKNOWN,UNKNOWN,ICML,2024
ICML-2024-A010411,Jiayi Wang,UNKNOWN,UNKNOWN,ICML,2024
ICML-2024-A010412,Shiqiang Wang,UNKNOWN,UNKNOWN,ICML,2024
ICML-2024-A010413,Rong-Rong Chen,UNKNOWN,UNKNOWN,ICML,2024
ICML-2024-A010414,Mingyue Ji,UNKNOWN,UNKNOWN,ICML,2024
ICML-2024-A010415,Yujia Wang,UNKNOWN,UNKNOWN,ICML,2024
ICML-2024-A010416,Shiqiang Wang,UNKNOWN,UNKNOWN,ICML,2024
ICML-2024-A010417,Songtao Lu,UNKNOWN,UNKNOWN,ICML,2024
ICML-2024-A010418,Jinghui Chen,UNKNOWN,UNKNOWN,ICML,2024
ICML-2024-A010419,Shuoyuan Wang,UNKNOWN,UNKNOWN,ICML,2024
ICML-2024-A010420,Jindong Wang,UNKNOWN,UNKNOWN,ICML,2024
ICML-2024-A010421,Guoqing Wang,UNKNOWN,UNKNOWN,ICML,2024
ICML-2024-A010422,Bob Zhang,UNKNOWN,UNKNOWN,ICML,2024
ICML-2024-A010423,Kaiyang Zhou,UNKNOWN,UNKNOWN,ICML,2024
ICML-2024-A010424,Hongxin Wei,UNKNOWN,UNKNOWN,ICML,2024
ICML-2024-A010425,Vivienne Huiling Wang,UNKNOWN,UNKNOWN,ICML,2024
ICML-2024-A010426,Tinghuai Wang,UNKNOWN,UNKNOWN,ICML,2024
ICML-2024-A010427,Wenyan Yang,UNKNOWN,UNKNOWN,ICML,2024
ICML-2024-A010428,Joni-Kristian Kamarainen,UNKNOWN,UNKNOWN,ICML,2024
ICML-2024-A010429,Joni Pajarinen,UNKNOWN,UNKNOWN,ICML,2024
ICML-2024-A010430,Yudan Wang,UNKNOWN,UNKNOWN,ICML,2024
ICML-2024-A010431,Yue Wang,UNKNOWN,UNKNOWN,ICML,2024
ICML-2024-A010432,Yi Zhou,UNKNOWN,UNKNOWN,ICML,2024
ICML-2024-A010433,Shaofeng Zou,UNKNOWN,UNKNOWN,ICML,2024
ICML-2024-A010434,Zhihai Wang,UNKNOWN,UNKNOWN,ICML,2024
ICML-2024-A010435,Jie Wang,UNKNOWN,UNKNOWN,ICML,2024
ICML-2024-A010436,Dongsheng Zuo,UNKNOWN,UNKNOWN,ICML,2024
ICML-2024-A010437,Ji Yunjie,UNKNOWN,UNKNOWN,ICML,2024
ICML-2024-A010438,Xilin Xia,UNKNOWN,UNKNOWN,ICML,2024
ICML-2024-A010439,Yuzhe Ma,UNKNOWN,UNKNOWN,ICML,2024
ICML-2024-A010440,Jianye Hao,UNKNOWN,UNKNOWN,ICML,2024
ICML-2024-A010441,Mingxuan Yuan,UNKNOWN,UNKNOWN,ICML,2024
ICML-2024-A010442,Yongdong Zhang,UNKNOWN,UNKNOWN,ICML,2024
ICML-2024-A010443,Feng Wu,UNKNOWN,UNKNOWN,ICML,2024
ICML-2024-A010444,Zixuan Wang,UNKNOWN,UNKNOWN,ICML,2024
ICML-2024-A010445,Stanley Wei,UNKNOWN,UNKNOWN,ICML,2024
ICML-2024-A010446,Daniel Hsu,UNKNOWN,UNKNOWN,ICML,2024
ICML-2024-A010447,Jason D. Lee,UNKNOWN,UNKNOWN,ICML,2024
ICML-2024-A010448,Zhenyi Wang,UNKNOWN,UNKNOWN,ICML,2024
ICML-2024-A010449,Yihan Wu,UNKNOWN,UNKNOWN,ICML,2024
ICML-2024-A010450,Heng Huang,UNKNOWN,UNKNOWN,ICML,2024
ICML-2024-A010451,Yufei Wang,UNKNOWN,UNKNOWN,ICML,2024
ICML-2024-A010452,Zhou Xian,UNKNOWN,UNKNOWN,ICML,2024
ICML-2024-A010453,Feng Chen,UNKNOWN,UNKNOWN,ICML,2024
ICML-2024-A010454,Tsun-Hsuan Wang,UNKNOWN,UNKNOWN,ICML,2024
ICML-2024-A010455,Yian Wang,UNKNOWN,UNKNOWN,ICML,2024
ICML-2024-A010456,Katerina Fragkiadaki,UNKNOWN,UNKNOWN,ICML,2024
ICML-2024-A010457,Zackory Erickson,UNKNOWN,UNKNOWN,ICML,2024
ICML-2024-A010458,David Held,UNKNOWN,UNKNOWN,ICML,2024
ICML-2024-A010459,Chuang Gan,UNKNOWN,UNKNOWN,ICML,2024
ICML-2024-A010460,Ren-Jian Wang,UNKNOWN,UNKNOWN,ICML,2024
ICML-2024-A010461,Ke Xue,UNKNOWN,UNKNOWN,ICML,2024
ICML-2024-A010462,Cong Guan,UNKNOWN,UNKNOWN,ICML,2024
ICML-2024-A010463,Chao Qian,UNKNOWN,UNKNOWN,ICML,2024
ICML-2024-A010464,Hao Wang,UNKNOWN,UNKNOWN,ICML,2024
ICML-2024-A010465,Kaifeng Yang,UNKNOWN,UNKNOWN,ICML,2024
ICML-2024-A010466,Michael Affenzeller,UNKNOWN,UNKNOWN,ICML,2024
ICML-2024-A010467,Qiufeng Wang,UNKNOWN,UNKNOWN,ICML,2024
ICML-2024-A010468,Xu Yang,UNKNOWN,UNKNOWN,ICML,2024
ICML-2024-A010469,Haokun Chen,UNKNOWN,UNKNOWN,ICML,2024
ICML-2024-A010470,Xin Geng,UNKNOWN,UNKNOWN,ICML,2024
ICML-2024-A010471,Jiachen T. Wang,UNKNOWN,UNKNOWN,ICML,2024
ICML-2024-A010472,Tianji Yang,UNKNOWN,UNKNOWN,ICML,2024
ICML-2024-A010473,James Zou,UNKNOWN,UNKNOWN,ICML,2024
ICML-2024-A010474,Yongchan Kwon,UNKNOWN,UNKNOWN,ICML,2024
ICML-2024-A010475,Ruoxi Jia,UNKNOWN,UNKNOWN,ICML,2024
ICML-2024-A010476,Yilong Wang,UNKNOWN,UNKNOWN,ICML,2024
ICML-2024-A010477,Haishan Ye,UNKNOWN,UNKNOWN,ICML,2024
ICML-2024-A010478,Guang Dai,UNKNOWN,UNKNOWN,ICML,2024
ICML-2024-A010479,Ivor Tsang,UNKNOWN,UNKNOWN,ICML,2024
ICML-2024-A010480,Lihao Wang,UNKNOWN,UNKNOWN,ICML,2024
ICML-2024-A010481,Zhaofei Yu,UNKNOWN,UNKNOWN,ICML,2024
ICML-2024-A010482,Jing Wang,UNKNOWN,UNKNOWN,ICML,2024
ICML-2024-A010483,Miao Yu,UNKNOWN,UNKNOWN,ICML,2024
ICML-2024-A010484,Peng Zhao,UNKNOWN,UNKNOWN,ICML,2024
ICML-2024-A010485,Zhi-Hua Zhou,UNKNOWN,UNKNOWN,ICML,2024
ICML-2024-A010486,Lei Wang,UNKNOWN,UNKNOWN,ICML,2024
ICML-2024-A010487,Xiuyuan Yuan,UNKNOWN,UNKNOWN,ICML,2024
ICML-2024-A010488,Tom Gedeon,UNKNOWN,UNKNOWN,ICML,2024
ICML-2024-A010489,Liang Zheng,UNKNOWN,UNKNOWN,ICML,2024
ICML-2024-A010490,Yanbo Wang,UNKNOWN,UNKNOWN,ICML,2024
ICML-2024-A010491,Muhan Zhang,UNKNOWN,UNKNOWN,ICML,2024
ICML-2024-A010492,Deng-Bao Wang,UNKNOWN,UNKNOWN,ICML,2024
ICML-2024-A010493,Min-Ling Zhang,UNKNOWN,UNKNOWN,ICML,2024
ICML-2024-A010494,Yunjuan Wang,UNKNOWN,UNKNOWN,ICML,2024
ICML-2024-A010495,Kaibo Zhang,UNKNOWN,UNKNOWN,ICML,2024
ICML-2024-A010496,Raman Arora,UNKNOWN,UNKNOWN,ICML,2024
ICML-2024-A010497,Zehan Wang,UNKNOWN,UNKNOWN,ICML,2024
ICML-2024-A010498,Ziang Zhang,UNKNOWN,UNKNOWN,ICML,2024
ICML-2024-A010499,Xize Cheng,UNKNOWN,UNKNOWN,ICML,2024
ICML-2024-A010500,Rongjie Huang,UNKNOWN,UNKNOWN,ICML,2024
ICML-2024-A010501,Luping Liu,UNKNOWN,UNKNOWN,ICML,2024
ICML-2024-A010502,Zhenhui Ye,UNKNOWN,UNKNOWN,ICML,2024
ICML-2024-A010503,Haifeng Huang,UNKNOWN,UNKNOWN,ICML,2024
ICML-2024-A010504,Yang Zhao,UNKNOWN,UNKNOWN,ICML,2024
ICML-2024-A010505,Tao Jin,UNKNOWN,UNKNOWN,ICML,2024
ICML-2024-A010506,Peng Gao,UNKNOWN,UNKNOWN,ICML,2024
ICML-2024-A010507,Zhou Zhao,UNKNOWN,UNKNOWN,ICML,2024
ICML-2024-A010508,Hanzhang Wang,UNKNOWN,UNKNOWN,ICML,2024
ICML-2024-A010509,Jiawen Zhang,UNKNOWN,UNKNOWN,ICML,2024
ICML-2024-A010510,Qingyuan Ma,UNKNOWN,UNKNOWN,ICML,2024
ICML-2024-A010511,Yuhao Wang,UNKNOWN,UNKNOWN,ICML,2024
ICML-2024-A010512,Qiang Zhang,UNKNOWN,UNKNOWN,ICML,2024
ICML-2024-A010513,Ming Qin,UNKNOWN,UNKNOWN,ICML,2024
ICML-2024-A010514,Xiang Zhuang,UNKNOWN,UNKNOWN,ICML,2024
ICML-2024-A010515,Xiaotong Li,UNKNOWN,UNKNOWN,ICML,2024
ICML-2024-A010516,Zhichen Gong,UNKNOWN,UNKNOWN,ICML,2024
ICML-2024-A010517,Zeyuan Wang,UNKNOWN,UNKNOWN,ICML,2024
ICML-2024-A010518,Yu Zhao,UNKNOWN,UNKNOWN,ICML,2024
ICML-2024-A010519,Jianhua Yao,UNKNOWN,UNKNOWN,ICML,2024
ICML-2024-A010520,Keyan Ding,UNKNOWN,UNKNOWN,ICML,2024
ICML-2024-A010521,Huajun Chen,UNKNOWN,UNKNOWN,ICML,2024
ICML-2024-A010522,Jiawei Wang,UNKNOWN,UNKNOWN,ICML,2024
ICML-2024-A010523,Yuchen Zhang,UNKNOWN,UNKNOWN,ICML,2024
ICML-2024-A010524,Jiaxin Zou,UNKNOWN,UNKNOWN,ICML,2024
ICML-2024-A010525,Yan Zeng,UNKNOWN,UNKNOWN,ICML,2024
ICML-2024-A010526,Guoqiang Wei,UNKNOWN,UNKNOWN,ICML,2024
ICML-2024-A010527,Liping Yuan,UNKNOWN,UNKNOWN,ICML,2024
ICML-2024-A010528,Hang Li,UNKNOWN,UNKNOWN,ICML,2024
ICML-2024-A010529,Jiaqi Wang,UNKNOWN,UNKNOWN,ICML,2024
ICML-2024-A010530,Chenxu Zhao,UNKNOWN,UNKNOWN,ICML,2024
ICML-2024-A010531,Lingjuan Lyu,UNKNOWN,UNKNOWN,ICML,2024
ICML-2024-A010532,Quanzeng You,UNKNOWN,UNKNOWN,ICML,2024
ICML-2024-A010533,Mengdi Huai,UNKNOWN,UNKNOWN,ICML,2024
ICML-2024-A010534,Fenglong Ma,UNKNOWN,UNKNOWN,ICML,2024
ICML-2024-A010535,Xinyou Wang,UNKNOWN,UNKNOWN,ICML,2024
ICML-2024-A010536,Zaixiang Zheng,UNKNOWN,UNKNOWN,ICML,2024
ICML-2024-A010537,Fei Ye,UNKNOWN,UNKNOWN,ICML,2024
ICML-2024-A010538,Dongyu Xue,UNKNOWN,UNKNOWN,ICML,2024
ICML-2024-A010539,Shujian Huang,UNKNOWN,UNKNOWN,ICML,2024
ICML-2024-A010540,Quanquan Gu,UNKNOWN,UNKNOWN,ICML,2024
ICML-2024-A010541,Chendi Wang,UNKNOWN,UNKNOWN,ICML,2024
ICML-2024-A010542,Yuqing Zhu,UNKNOWN,UNKNOWN,ICML,2024
ICML-2024-A010543,Weijie J Su,UNKNOWN,UNKNOWN,ICML,2024
ICML-2024-A010544,Yu-Xiang Wang,UNKNOWN,UNKNOWN,ICML,2024
ICML-2024-A010545,Wang Ziqi,UNKNOWN,UNKNOWN,ICML,2024
ICML-2024-A010546,Wei Wang,UNKNOWN,UNKNOWN,ICML,2024
ICML-2024-A010547,Chao Huang,UNKNOWN,UNKNOWN,ICML,2024
ICML-2024-A010548,Jie Wen,UNKNOWN,UNKNOWN,ICML,2024
ICML-2024-A010549,Cong Wang,UNKNOWN,UNKNOWN,ICML,2024
ICML-2024-A010550,Jeremy Wayland,UNKNOWN,UNKNOWN,ICML,2024
ICML-2024-A010551,Corinna Coupette,UNKNOWN,UNKNOWN,ICML,2024
ICML-2024-A010552,Bastian Rieck,UNKNOWN,UNKNOWN,ICML,2024
ICML-2024-A010553,Lucas Weber,UNKNOWN,UNKNOWN,ICML,2024
ICML-2024-A010554,Ana Busic,UNKNOWN,UNKNOWN,ICML,2024
ICML-2024-A010555,Jiamin Zhu,UNKNOWN,UNKNOWN,ICML,2024
ICML-2024-A010556,Logan Weber,UNKNOWN,UNKNOWN,ICML,2024
ICML-2024-A010557,Jesse Michel,UNKNOWN,UNKNOWN,ICML,2024
ICML-2024-A010558,Alex Renda,UNKNOWN,UNKNOWN,ICML,2024
ICML-2024-A010559,Michael Carbin,UNKNOWN,UNKNOWN,ICML,2024
ICML-2024-A010560,Thomas Wedenig,UNKNOWN,UNKNOWN,ICML,2024
ICML-2024-A010561,Rishub Nagpal,UNKNOWN,UNKNOWN,ICML,2024
ICML-2024-A010562,Gaëtan Cassiers,UNKNOWN,UNKNOWN,ICML,2024
ICML-2024-A010563,Stefan Mangard,UNKNOWN,UNKNOWN,ICML,2024
ICML-2024-A010564,Robert Peharz,UNKNOWN,UNKNOWN,ICML,2024
ICML-2024-A010565,Zixi Wei,UNKNOWN,UNKNOWN,ICML,2024
ICML-2024-A010566,Yuzhou Cao,UNKNOWN,UNKNOWN,ICML,2024
ICML-2024-A010567,Lei Feng,UNKNOWN,UNKNOWN,ICML,2024
ICML-2024-A010568,Deliang Wei,UNKNOWN,UNKNOWN,ICML,2024
ICML-2024-A010569,Peng Chen,UNKNOWN,UNKNOWN,ICML,2024
ICML-2024-A010570,Fang Li,UNKNOWN,UNKNOWN,ICML,2024
ICML-2024-A010571,Fangyun Wei,UNKNOWN,UNKNOWN,ICML,2024
ICML-2024-A010572,Xi Chen,UNKNOWN,UNKNOWN,ICML,2024
ICML-2024-A010573,Lin Luo,UNKNOWN,UNKNOWN,ICML,2024
ICML-2024-A010574,Yake Wei,UNKNOWN,UNKNOWN,ICML,2024
ICML-2024-A010575,Di Hu,UNKNOWN,UNKNOWN,ICML,2024
ICML-2024-A010576,Yongxian Wei,UNKNOWN,UNKNOWN,ICML,2024
ICML-2024-A010577,Zixuan Hu,UNKNOWN,UNKNOWN,ICML,2024
ICML-2024-A010578,Li Shen,UNKNOWN,UNKNOWN,ICML,2024
ICML-2024-A010579,Zhenyi Wang,UNKNOWN,UNKNOWN,ICML,2024
ICML-2024-A010580,Yu Li,UNKNOWN,UNKNOWN,ICML,2024
ICML-2024-A010581,Chun Yuan,UNKNOWN,UNKNOWN,ICML,2024
ICML-2024-A010582,Dacheng Tao,UNKNOWN,UNKNOWN,ICML,2024
ICML-2024-A010583,Boyi Wei,Princeton University,UNKNOWN,ICML,2024
ICML-2024-A010584,Kaixuan Huang,Princeton University,UNKNOWN,ICML,2024
ICML-2024-A010585,Yangsibo Huang,Princeton University,UNKNOWN,ICML,2024
ICML-2024-A010586,Tinghao Xie,Princeton University,UNKNOWN,ICML,2024
ICML-2024-A010587,Xiangyu Qi,Princeton University,UNKNOWN,ICML,2024
ICML-2024-A010588,Mengzhou Xia,Princeton University,UNKNOWN,ICML,2024
ICML-2024-A010589,Prateek Mittal,Princeton University,UNKNOWN,ICML,2024
ICML-2024-A010590,Mengdi Wang,Princeton University,UNKNOWN,ICML,2024
ICML-2024-A010591,Peter Henderson,Princeton University,UNKNOWN,ICML,2024
ICML-2024-A010592,Tong Wei,UNKNOWN,UNKNOWN,ICML,2024
ICML-2024-A010593,Zhen Mao,UNKNOWN,UNKNOWN,ICML,2024
ICML-2024-A010594,Zi-Hao Zhou,UNKNOWN,UNKNOWN,ICML,2024
ICML-2024-A010595,Yuanyu Wan,UNKNOWN,UNKNOWN,ICML,2024
ICML-2024-A010596,Min-Ling Zhang,UNKNOWN,UNKNOWN,ICML,2024
ICML-2024-A010597,Yuxiang Wei,UNKNOWN,UNKNOWN,ICML,2024
ICML-2024-A010598,Zhe Wang,UNKNOWN,UNKNOWN,ICML,2024
ICML-2024-A010599,Jiawei Liu,UNKNOWN,UNKNOWN,ICML,2024
ICML-2024-A010600,Yifeng Ding,UNKNOWN,UNKNOWN,ICML,2024
ICML-2024-A010601,Lingming Zhang,UNKNOWN,UNKNOWN,ICML,2024
ICML-2024-A010602,Siwei Wei,UNKNOWN,UNKNOWN,ICML,2024
ICML-2024-A010603,Xudong Zhang,UNKNOWN,UNKNOWN,ICML,2024
ICML-2024-A010604,Zhiyang Zhou,UNKNOWN,UNKNOWN,ICML,2024
ICML-2024-A010605,Yan Cai,UNKNOWN,UNKNOWN,ICML,2024
ICML-2024-A010606,Iain Weissburg,UNKNOWN,UNKNOWN,ICML,2024
ICML-2024-A010607,Mehir Arora,UNKNOWN,UNKNOWN,ICML,2024
ICML-2024-A010608,Xinyi Wang,UNKNOWN,UNKNOWN,ICML,2024
ICML-2024-A010609,Liangming Pan,UNKNOWN,UNKNOWN,ICML,2024
ICML-2024-A010610,William Yang Wang,UNKNOWN,UNKNOWN,ICML,2024
ICML-2024-A010611,Matthias Weissenbacher,UNKNOWN,UNKNOWN,ICML,2024
ICML-2024-A010612,Rishabh Agarwal,UNKNOWN,UNKNOWN,ICML,2024
ICML-2024-A010613,Yoshinobu Kawahara,UNKNOWN,UNKNOWN,ICML,2024
ICML-2024-A010614,Xiaoyu Wen,UNKNOWN,UNKNOWN,ICML,2024
ICML-2024-A010615,Chenjia Bai,UNKNOWN,UNKNOWN,ICML,2024
ICML-2024-A010616,Kang Xu,UNKNOWN,UNKNOWN,ICML,2024
ICML-2024-A010617,Xudong Yu,UNKNOWN,UNKNOWN,ICML,2024
ICML-2024-A010618,Yang Zhang,UNKNOWN,UNKNOWN,ICML,2024
ICML-2024-A010619,Xuelong Li,UNKNOWN,UNKNOWN,ICML,2024
ICML-2024-A010620,Zhen Wang,UNKNOWN,UNKNOWN,ICML,2024
ICML-2024-A010621,Shuo Wen,UNKNOWN,UNKNOWN,ICML,2024
ICML-2024-A010622,Maria Brbic,UNKNOWN,UNKNOWN,ICML,2024
ICML-2024-A010623,Jie Wen,UNKNOWN,UNKNOWN,ICML,2024
ICML-2024-A010624,Shijie Deng,UNKNOWN,UNKNOWN,ICML,2024
ICML-2024-A010625,Waikeung Wong,UNKNOWN,UNKNOWN,ICML,2024
ICML-2024-A010626,Guoqing Chao,UNKNOWN,UNKNOWN,ICML,2024
ICML-2024-A010627,Chao Huang,UNKNOWN,UNKNOWN,ICML,2024
ICML-2024-A010628,Lunke Fei,UNKNOWN,UNKNOWN,ICML,2024
ICML-2024-A010629,Yong Xu,UNKNOWN,UNKNOWN,ICML,2024
ICML-2024-A010630,Yuxiao Wen,UNKNOWN,UNKNOWN,ICML,2024
ICML-2024-A010631,Arthur Jacot,UNKNOWN,UNKNOWN,ICML,2024
ICML-2024-A010632,Qianlong Wen,UNKNOWN,UNKNOWN,ICML,2024
ICML-2024-A010633,Mingxuan Ju,UNKNOWN,UNKNOWN,ICML,2024
ICML-2024-A010634,Zhongyu Ouyang,UNKNOWN,UNKNOWN,ICML,2024
ICML-2024-A010635,Chuxu Zhang,UNKNOWN,UNKNOWN,ICML,2024
ICML-2024-A010636,Yanfang Ye,UNKNOWN,UNKNOWN,ICML,2024
ICML-2024-A010637,Yichen Wen,UNKNOWN,UNKNOWN,ICML,2024
ICML-2024-A010638,Zhiquan Tan,UNKNOWN,UNKNOWN,ICML,2024
ICML-2024-A010639,Kaipeng Zheng,UNKNOWN,UNKNOWN,ICML,2024
ICML-2024-A010640,Chuanlong Xie,UNKNOWN,UNKNOWN,ICML,2024
ICML-2024-A010641,Weiran Huang,UNKNOWN,UNKNOWN,ICML,2024
ICML-2024-A010642,Li Kevin Wenliang,UNKNOWN,UNKNOWN,ICML,2024
ICML-2024-A010643,Gregoire Deletang,UNKNOWN,UNKNOWN,ICML,2024
ICML-2024-A010644,Matthew Aitchison,UNKNOWN,UNKNOWN,ICML,2024
ICML-2024-A010645,Marcus Hutter,UNKNOWN,UNKNOWN,ICML,2024
ICML-2024-A010646,Anian Ruoss,UNKNOWN,UNKNOWN,ICML,2024
ICML-2024-A010647,Arthur Gretton,UNKNOWN,UNKNOWN,ICML,2024
ICML-2024-A010648,Mark Rowland,UNKNOWN,UNKNOWN,ICML,2024
ICML-2024-A010649,Jacob Westerhout,UNKNOWN,UNKNOWN,ICML,2024
ICML-2024-A010650,Trungtin Nguyen,UNKNOWN,UNKNOWN,ICML,2024
ICML-2024-A010651,Xin Guo,UNKNOWN,UNKNOWN,ICML,2024
ICML-2024-A010652,Hien Duy Nguyen,UNKNOWN,UNKNOWN,ICML,2024
ICML-2024-A010653,Theodor Westny,UNKNOWN,UNKNOWN,ICML,2024
ICML-2024-A010654,Arman Mohammadi,UNKNOWN,UNKNOWN,ICML,2024
ICML-2024-A010655,Daniel Jung,UNKNOWN,UNKNOWN,ICML,2024
ICML-2024-A010656,Erik Frisk,UNKNOWN,UNKNOWN,ICML,2024
ICML-2024-A010657,Alexander Wettig,UNKNOWN,UNKNOWN,ICML,2024
ICML-2024-A010658,Aatmik Gupta,UNKNOWN,UNKNOWN,ICML,2024
ICML-2024-A010659,Saumya Malik,UNKNOWN,UNKNOWN,ICML,2024
ICML-2024-A010660,Danqi Chen,UNKNOWN,UNKNOWN,ICML,2024
ICML-2024-A010661,Steven Wilkins-Reeves,UNKNOWN,UNKNOWN,ICML,2024
ICML-2024-A010662,Xu Chen,UNKNOWN,UNKNOWN,ICML,2024
ICML-2024-A010663,Qi Ma,UNKNOWN,UNKNOWN,ICML,2024
ICML-2024-A010664,Christine Agarwal,UNKNOWN,UNKNOWN,ICML,2024
ICML-2024-A010665,Aude Hofleitner,UNKNOWN,UNKNOWN,ICML,2024
ICML-2024-A010666,Harley Wiltzer,UNKNOWN,UNKNOWN,ICML,2024
ICML-2024-A010667,Jesse Farebrother,UNKNOWN,UNKNOWN,ICML,2024
ICML-2024-A010668,Arthur Gretton,UNKNOWN,UNKNOWN,ICML,2024
ICML-2024-A010669,Yunhao Tang,UNKNOWN,UNKNOWN,ICML,2024
ICML-2024-A010670,Andre Barreto,UNKNOWN,UNKNOWN,ICML,2024
ICML-2024-A010671,Will Dabney,UNKNOWN,UNKNOWN,ICML,2024
ICML-2024-A010672,Marc G Bellemare,UNKNOWN,UNKNOWN,ICML,2024
ICML-2024-A010673,Mark Rowland,UNKNOWN,UNKNOWN,ICML,2024
ICML-2024-A010674,Ludwig Winkler,UNKNOWN,UNKNOWN,ICML,2024
ICML-2024-A010675,Lorenz Richter,UNKNOWN,UNKNOWN,ICML,2024
ICML-2024-A010676,Manfred Opper,UNKNOWN,UNKNOWN,ICML,2024
ICML-2024-A010677,Maciej Wolczyk,UNKNOWN,UNKNOWN,ICML,2024
ICML-2024-A010678,Bartłomiej Cupiał,UNKNOWN,UNKNOWN,ICML,2024
ICML-2024-A010679,Mateusz Ostaszewski,UNKNOWN,UNKNOWN,ICML,2024
ICML-2024-A010680,Michał Bortkiewicz,UNKNOWN,UNKNOWN,ICML,2024
ICML-2024-A010681,Michał Zając,UNKNOWN,UNKNOWN,ICML,2024
ICML-2024-A010682,Razvan Pascanu,UNKNOWN,UNKNOWN,ICML,2024
ICML-2024-A010683,Łukasz Kuciński,UNKNOWN,UNKNOWN,ICML,2024
ICML-2024-A010684,Piotr Miłoś,UNKNOWN,UNKNOWN,ICML,2024
ICML-2024-A010685,Yotam Wolf,UNKNOWN,UNKNOWN,ICML,2024
ICML-2024-A010686,Noam Wies,UNKNOWN,UNKNOWN,ICML,2024
ICML-2024-A010687,Oshri Avnery,UNKNOWN,UNKNOWN,ICML,2024
ICML-2024-A010688,Yoav Levine,UNKNOWN,UNKNOWN,ICML,2024
ICML-2024-A010689,Amnon Shashua,UNKNOWN,UNKNOWN,ICML,2024
ICML-2024-A010690,Tom Wollschläger,UNKNOWN,UNKNOWN,ICML,2024
ICML-2024-A010691,Niklas Kemper,UNKNOWN,UNKNOWN,ICML,2024
ICML-2024-A010692,Leon Hetzel,UNKNOWN,UNKNOWN,ICML,2024
ICML-2024-A010693,Johanna Sommer,UNKNOWN,UNKNOWN,ICML,2024
ICML-2024-A010694,Stephan Günnemann,UNKNOWN,UNKNOWN,ICML,2024
ICML-2024-A010695,Gerald Woo,UNKNOWN,UNKNOWN,ICML,2024
ICML-2024-A010696,Chenghao Liu,UNKNOWN,UNKNOWN,ICML,2024
ICML-2024-A010697,Akshat Kumar,UNKNOWN,UNKNOWN,ICML,2024
ICML-2024-A010698,Caiming Xiong,UNKNOWN,UNKNOWN,ICML,2024
ICML-2024-A010699,Silvio Savarese,UNKNOWN,UNKNOWN,ICML,2024
ICML-2024-A010700,Doyen Sahoo,UNKNOWN,UNKNOWN,ICML,2024
ICML-2024-A010701,Jiin Woo,UNKNOWN,UNKNOWN,ICML,2024
ICML-2024-A010702,Laixi Shi,UNKNOWN,UNKNOWN,ICML,2024
ICML-2024-A010703,Gauri Joshi,UNKNOWN,UNKNOWN,ICML,2024
ICML-2024-A010704,Yuejie Chi,UNKNOWN,UNKNOWN,ICML,2024
ICML-2024-A010705,David Woodruff,UNKNOWN,UNKNOWN,ICML,2024
ICML-2024-A010706,Taisuke Yasuda,UNKNOWN,UNKNOWN,ICML,2024
ICML-2024-A010707,David Woodruff,UNKNOWN,UNKNOWN,ICML,2024
ICML-2024-A010708,Taisuke Yasuda,UNKNOWN,UNKNOWN,ICML,2024
ICML-2024-A010709,Bram Wouters,UNKNOWN,UNKNOWN,ICML,2024
ICML-2024-A010710,Di Wu,UNKNOWN,UNKNOWN,ICML,2024
ICML-2024-A010711,Wasi Uddin Ahmad,UNKNOWN,UNKNOWN,ICML,2024
ICML-2024-A010712,Dejiao Zhang,UNKNOWN,UNKNOWN,ICML,2024
ICML-2024-A010713,Murali Krishna Ramanathan,UNKNOWN,UNKNOWN,ICML,2024
ICML-2024-A010714,Xiaofei Ma,UNKNOWN,UNKNOWN,ICML,2024
ICML-2024-A010715,Yuchen Wu,UNKNOWN,UNKNOWN,ICML,2024
ICML-2024-A010716,Minshuo Chen,UNKNOWN,UNKNOWN,ICML,2024
ICML-2024-A010717,Zihao Li,UNKNOWN,UNKNOWN,ICML,2024
ICML-2024-A010718,Mengdi Wang,UNKNOWN,UNKNOWN,ICML,2024
ICML-2024-A010719,Yuting Wei,UNKNOWN,UNKNOWN,ICML,2024
ICML-2024-A010720,Yusong Wu,UNKNOWN,UNKNOWN,ICML,2024
ICML-2024-A010721,Tim Cooijmans,UNKNOWN,UNKNOWN,ICML,2024
ICML-2024-A010722,Kyle Kastner,UNKNOWN,UNKNOWN,ICML,2024
ICML-2024-A010723,Adam Roberts,UNKNOWN,UNKNOWN,ICML,2024
ICML-2024-A010724,Ian Simon,UNKNOWN,UNKNOWN,ICML,2024
ICML-2024-A010725,Alexander Scarlatos,UNKNOWN,UNKNOWN,ICML,2024
ICML-2024-A010726,Chris Donahue,UNKNOWN,UNKNOWN,ICML,2024
ICML-2024-A010727,Cassie Tarakajian,UNKNOWN,UNKNOWN,ICML,2024
ICML-2024-A010728,Shayegan Omidshafiei,UNKNOWN,UNKNOWN,ICML,2024
ICML-2024-A010729,Aaron Courville,UNKNOWN,UNKNOWN,ICML,2024
ICML-2024-A010730,Pablo Samuel Castro,UNKNOWN,UNKNOWN,ICML,2024
ICML-2024-A010731,Natasha Jaques,UNKNOWN,UNKNOWN,ICML,2024
ICML-2024-A010732,Cheng-Zhi Anna Huang,UNKNOWN,UNKNOWN,ICML,2024
ICML-2024-A010733,Haoqi Wu,UNKNOWN,UNKNOWN,ICML,2024
ICML-2024-A010734,Wenjing Fang,UNKNOWN,UNKNOWN,ICML,2024
ICML-2024-A010735,Yancheng Zheng,UNKNOWN,UNKNOWN,ICML,2024
ICML-2024-A010736,Junming Ma,UNKNOWN,UNKNOWN,ICML,2024
ICML-2024-A010737,Jin Tan,UNKNOWN,UNKNOWN,ICML,2024
ICML-2024-A010738,Lei Wang,UNKNOWN,UNKNOWN,ICML,2024
ICML-2024-A010739,Shengqiong Wu,UNKNOWN,UNKNOWN,ICML,2024
ICML-2024-A010740,Hao Fei,UNKNOWN,UNKNOWN,ICML,2024
ICML-2024-A010741,Leigang Qu,UNKNOWN,UNKNOWN,ICML,2024
ICML-2024-A010742,Wei Ji,UNKNOWN,UNKNOWN,ICML,2024
ICML-2024-A010743,Tat-Seng Chua,UNKNOWN,UNKNOWN,ICML,2024
ICML-2024-A010744,Kaiwen Wu,UNKNOWN,UNKNOWN,ICML,2024
ICML-2024-A010745,Jacob R. Gardner,UNKNOWN,UNKNOWN,ICML,2024
ICML-2024-A010746,Ruidong Wu,UNKNOWN,UNKNOWN,ICML,2024
ICML-2024-A010747,Ruihan Guo,UNKNOWN,UNKNOWN,ICML,2024
ICML-2024-A010748,Rui Wang,UNKNOWN,UNKNOWN,ICML,2024
ICML-2024-A010749,Shitong Luo,UNKNOWN,UNKNOWN,ICML,2024
ICML-2024-A010750,Yue Xu,UNKNOWN,UNKNOWN,ICML,2024
ICML-2024-A010751,Jiahan Li,UNKNOWN,UNKNOWN,ICML,2024
ICML-2024-A010752,Jianzhu Ma,UNKNOWN,UNKNOWN,ICML,2024
ICML-2024-A010753,Qiang Liu,UNKNOWN,UNKNOWN,ICML,2024
ICML-2024-A010754,Yunan Luo,UNKNOWN,UNKNOWN,ICML,2024
ICML-2024-A010755,Jian Peng,UNKNOWN,UNKNOWN,ICML,2024
ICML-2024-A010756,Yihan Wu,UNKNOWN,UNKNOWN,ICML,2024
ICML-2024-A010757,Zhengmian Hu,UNKNOWN,UNKNOWN,ICML,2024
ICML-2024-A010758,Junfeng Guo,UNKNOWN,UNKNOWN,ICML,2024
ICML-2024-A010759,Hongyang Zhang,UNKNOWN,UNKNOWN,ICML,2024
ICML-2024-A010760,Heng Huang,UNKNOWN,UNKNOWN,ICML,2024
ICML-2024-A010761,Dennis Wu,UNKNOWN,UNKNOWN,ICML,2024
ICML-2024-A010762,Jerry Yao-Chieh Hu,UNKNOWN,UNKNOWN,ICML,2024
ICML-2024-A010763,Teng-Yun Hsiao,UNKNOWN,UNKNOWN,ICML,2024
ICML-2024-A010764,Han Liu,UNKNOWN,UNKNOWN,ICML,2024
ICML-2024-A010765,Chengjie Wu,UNKNOWN,UNKNOWN,ICML,2024
ICML-2024-A010766,Hao Hu,UNKNOWN,UNKNOWN,ICML,2024
ICML-2024-A010767,Yiqin Yang,UNKNOWN,UNKNOWN,ICML,2024
ICML-2024-A010768,Ning Zhang,UNKNOWN,UNKNOWN,ICML,2024
ICML-2024-A010769,Chongjie Zhang,UNKNOWN,UNKNOWN,ICML,2024
ICML-2024-A010770,Yue Wu,UNKNOWN,UNKNOWN,ICML,2024
ICML-2024-A010771,Xidao Hu,UNKNOWN,UNKNOWN,ICML,2024
ICML-2024-A010772,Yongzhe Yuan,UNKNOWN,UNKNOWN,ICML,2024
ICML-2024-A010773,Xiaolong Fan,UNKNOWN,UNKNOWN,ICML,2024
ICML-2024-A010774,Maoguo Gong,UNKNOWN,UNKNOWN,ICML,2024
ICML-2024-A010775,Hao Li,UNKNOWN,UNKNOWN,ICML,2024
ICML-2024-A010776,Mingyang Zhang,UNKNOWN,UNKNOWN,ICML,2024
ICML-2024-A010777,Qiguang Miao,UNKNOWN,UNKNOWN,ICML,2024
ICML-2024-A010778,Wenping Ma,UNKNOWN,UNKNOWN,ICML,2024
ICML-2024-A010779,Mingrui Wu,UNKNOWN,UNKNOWN,ICML,2024
ICML-2024-A010780,Jiayi Ji,UNKNOWN,UNKNOWN,ICML,2024
ICML-2024-A010781,Oucheng Huang,UNKNOWN,UNKNOWN,ICML,2024
ICML-2024-A010782,Jiale Li,UNKNOWN,UNKNOWN,ICML,2024
ICML-2024-A010783,Yuhang Wu,UNKNOWN,UNKNOWN,ICML,2024
ICML-2024-A010784,Xiaoshuai Sun,UNKNOWN,UNKNOWN,ICML,2024
ICML-2024-A010785,Rongrong Ji,UNKNOWN,UNKNOWN,ICML,2024
ICML-2024-A010786,Yue Wu,UNKNOWN,UNKNOWN,ICML,2024
ICML-2024-A010787,Tao Jin,UNKNOWN,UNKNOWN,ICML,2024
ICML-2024-A010788,Qiwei Di,UNKNOWN,UNKNOWN,ICML,2024
ICML-2024-A010789,Hao Lou,UNKNOWN,UNKNOWN,ICML,2024
ICML-2024-A010790,Farzad Farnoud,UNKNOWN,UNKNOWN,ICML,2024
ICML-2024-A010791,Quanquan Gu,UNKNOWN,UNKNOWN,ICML,2024
ICML-2024-A010792,Yinjun Wu,UNKNOWN,UNKNOWN,ICML,2024
ICML-2024-A010793,Mayank Keoliya,UNKNOWN,UNKNOWN,ICML,2024
ICML-2024-A010794,Kan Chen,UNKNOWN,UNKNOWN,ICML,2024
ICML-2024-A010795,Neelay Velingker,UNKNOWN,UNKNOWN,ICML,2024
ICML-2024-A010796,Ziyang Li,UNKNOWN,UNKNOWN,ICML,2024
ICML-2024-A010797,Emily J Getzen,UNKNOWN,UNKNOWN,ICML,2024
ICML-2024-A010798,Qi Long,UNKNOWN,UNKNOWN,ICML,2024
ICML-2024-A010799,Mayur Naik,UNKNOWN,UNKNOWN,ICML,2024
ICML-2024-A010800,Ravi B Parikh,UNKNOWN,UNKNOWN,ICML,2024
ICML-2024-A010801,Eric Wong,UNKNOWN,UNKNOWN,ICML,2024
ICML-2024-A010802,Fang Wu,UNKNOWN,UNKNOWN,ICML,2024
ICML-2024-A010803,Stan Z. Li,UNKNOWN,UNKNOWN,ICML,2024
ICML-2024-A010804,Anpeng Wu,UNKNOWN,UNKNOWN,ICML,2024
ICML-2024-A010805,Haoxuan Li,UNKNOWN,UNKNOWN,ICML,2024
ICML-2024-A010806,Kun Kuang,UNKNOWN,UNKNOWN,ICML,2024
ICML-2024-A010807,Zhang Keli,UNKNOWN,UNKNOWN,ICML,2024
ICML-2024-A010808,Fei Wu,UNKNOWN,UNKNOWN,ICML,2024
ICML-2024-A010809,Tung-Yu Wu,UNKNOWN,UNKNOWN,ICML,2024
ICML-2024-A010810,Yu-Xiang Lin,UNKNOWN,UNKNOWN,ICML,2024
ICML-2024-A010811,Tsui-Wei Weng,UNKNOWN,UNKNOWN,ICML,2024
ICML-2024-A010812,Haixu Wu,UNKNOWN,UNKNOWN,ICML,2024
ICML-2024-A010813,Huakun Luo,UNKNOWN,UNKNOWN,ICML,2024
ICML-2024-A010814,Haowen Wang,UNKNOWN,UNKNOWN,ICML,2024
ICML-2024-A010815,Jianmin Wang,UNKNOWN,UNKNOWN,ICML,2024
ICML-2024-A010816,Mingsheng Long,UNKNOWN,UNKNOWN,ICML,2024
ICML-2024-A010817,Yu-Chang Wu,UNKNOWN,UNKNOWN,ICML,2024
ICML-2024-A010818,Shen-Huan Lyu,UNKNOWN,UNKNOWN,ICML,2024
ICML-2024-A010819,Haopu Shang,UNKNOWN,UNKNOWN,ICML,2024
ICML-2024-A010820,Xiangyu Wang,UNKNOWN,UNKNOWN,ICML,2024
ICML-2024-A010821,Chao Qian,UNKNOWN,UNKNOWN,ICML,2024
ICML-2024-A010822,Young Wu,UNKNOWN,UNKNOWN,ICML,2024
ICML-2024-A010823,Jeremy Mcmahan,UNKNOWN,UNKNOWN,ICML,2024
ICML-2024-A010824,Yiding Chen,UNKNOWN,UNKNOWN,ICML,2024
ICML-2024-A010825,Yudong Chen,UNKNOWN,UNKNOWN,ICML,2024
ICML-2024-A010826,Jerry Zhu,UNKNOWN,UNKNOWN,ICML,2024
ICML-2024-A010827,Qiaomin Xie,UNKNOWN,UNKNOWN,ICML,2024
ICML-2024-A010828,Pengying Wu,UNKNOWN,UNKNOWN,ICML,2024
ICML-2024-A010829,Yao Mu,UNKNOWN,UNKNOWN,ICML,2024
ICML-2024-A010830,Bingxian Wu,UNKNOWN,UNKNOWN,ICML,2024
ICML-2024-A010831,Yi Hou,UNKNOWN,UNKNOWN,ICML,2024
ICML-2024-A010832,Ji Ma,UNKNOWN,UNKNOWN,ICML,2024
ICML-2024-A010833,Shanghang Zhang,UNKNOWN,UNKNOWN,ICML,2024
ICML-2024-A010834,Chang Liu,UNKNOWN,UNKNOWN,ICML,2024
ICML-2024-A010835,Qitian Wu,UNKNOWN,UNKNOWN,ICML,2024
ICML-2024-A010836,Fan Nie,UNKNOWN,UNKNOWN,ICML,2024
ICML-2024-A010837,Chenxiao Yang,UNKNOWN,UNKNOWN,ICML,2024
ICML-2024-A010838,Junchi Yan,UNKNOWN,UNKNOWN,ICML,2024
ICML-2024-A010839,Hao Wu,UNKNOWN,UNKNOWN,ICML,2024
ICML-2024-A010840,Rasmus Pagh,UNKNOWN,UNKNOWN,ICML,2024
ICML-2024-A010841,Peng Wu,UNKNOWN,UNKNOWN,ICML,2024
ICML-2024-A010842,Ziyu Shen,UNKNOWN,UNKNOWN,ICML,2024
ICML-2024-A010843,Feng Xie,UNKNOWN,UNKNOWN,ICML,2024
ICML-2024-A010844,Wang Zhongyao,UNKNOWN,UNKNOWN,ICML,2024
ICML-2024-A010845,Chunchen Liu,UNKNOWN,UNKNOWN,ICML,2024
ICML-2024-A010846,Yan Zeng,UNKNOWN,UNKNOWN,ICML,2024
ICML-2024-A010847,Lirong Wu,UNKNOWN,UNKNOWN,ICML,2024
ICML-2024-A010848,Yijun Tian,UNKNOWN,UNKNOWN,ICML,2024
ICML-2024-A010849,Haitao Lin,UNKNOWN,UNKNOWN,ICML,2024
ICML-2024-A010850,Yufei Huang,UNKNOWN,UNKNOWN,ICML,2024
ICML-2024-A010851,Siyuan Li,UNKNOWN,UNKNOWN,ICML,2024
ICML-2024-A010852,Nitesh V Chawla,UNKNOWN,UNKNOWN,ICML,2024
ICML-2024-A010853,Stan Z. Li,UNKNOWN,UNKNOWN,ICML,2024
ICML-2024-A010854,Changlong Wu,UNKNOWN,UNKNOWN,ICML,2024
ICML-2024-A010855,Yifan Wang,UNKNOWN,UNKNOWN,ICML,2024
ICML-2024-A010856,Ananth Grama,UNKNOWN,UNKNOWN,ICML,2024
ICML-2024-A010857,Hao Wu,UNKNOWN,UNKNOWN,ICML,2024
ICML-2024-A010858,Huiyuan Wang,UNKNOWN,UNKNOWN,ICML,2024
ICML-2024-A010859,Kun Wang,UNKNOWN,UNKNOWN,ICML,2024
ICML-2024-A010860,Weiyan Wang,UNKNOWN,UNKNOWN,ICML,2024
ICML-2024-A010861,Changan Ye,UNKNOWN,UNKNOWN,ICML,2024
ICML-2024-A010862,Yangyu Tao,UNKNOWN,UNKNOWN,ICML,2024
ICML-2024-A010863,Chong Chen,UNKNOWN,UNKNOWN,ICML,2024
ICML-2024-A010864,Xian-Sheng Hua,UNKNOWN,UNKNOWN,ICML,2024
ICML-2024-A010865,Xiao Luo,UNKNOWN,UNKNOWN,ICML,2024
ICML-2024-A010866,Yichen Wu,UNKNOWN,UNKNOWN,ICML,2024
ICML-2024-A010867,Hong Wang,UNKNOWN,UNKNOWN,ICML,2024
ICML-2024-A010868,Peilin Zhao,UNKNOWN,UNKNOWN,ICML,2024
ICML-2024-A010869,Yefeng Zheng,UNKNOWN,UNKNOWN,ICML,2024
ICML-2024-A010870,Ying Wei,UNKNOWN,UNKNOWN,ICML,2024
ICML-2024-A010871,Long-Kai Huang,UNKNOWN,UNKNOWN,ICML,2024
ICML-2024-A010872,Zhongze Wu,UNKNOWN,UNKNOWN,ICML,2024
ICML-2024-A010873,Hongyan Xu,UNKNOWN,UNKNOWN,ICML,2024
ICML-2024-A010874,Yitian Long,UNKNOWN,UNKNOWN,ICML,2024
ICML-2024-A010875,Shan You,UNKNOWN,UNKNOWN,ICML,2024
ICML-2024-A010876,Xiu Su,UNKNOWN,UNKNOWN,ICML,2024
ICML-2024-A010877,Jun Long,UNKNOWN,UNKNOWN,ICML,2024
ICML-2024-A010878,Yueyi Luo,UNKNOWN,UNKNOWN,ICML,2024
ICML-2024-A010879,Chang Xu,UNKNOWN,UNKNOWN,ICML,2024
ICML-2024-A010880,Yuhao Wu,UNKNOWN,UNKNOWN,ICML,2024
ICML-2024-A010881,Jiangchao Yao,UNKNOWN,UNKNOWN,ICML,2024
ICML-2024-A010882,Bo Han,UNKNOWN,UNKNOWN,ICML,2024
ICML-2024-A010883,Lina Yao,UNKNOWN,UNKNOWN,ICML,2024
ICML-2024-A010884,Tongliang Liu,UNKNOWN,UNKNOWN,ICML,2024
ICML-2024-A010885,Yuhao Wu,UNKNOWN,UNKNOWN,ICML,2024
ICML-2024-A010886,Jiangchao Yao,UNKNOWN,UNKNOWN,ICML,2024
ICML-2024-A010887,Xiaobo Xia,UNKNOWN,UNKNOWN,ICML,2024
ICML-2024-A010888,Jun Yu,UNKNOWN,UNKNOWN,ICML,2024
ICML-2024-A010889,Ruxin Wang,UNKNOWN,UNKNOWN,ICML,2024
ICML-2024-A010890,Bo Han,UNKNOWN,UNKNOWN,ICML,2024
ICML-2024-A010891,Tongliang Liu,UNKNOWN,UNKNOWN,ICML,2024
ICML-2024-A010892,Qingyuan Wu,UNKNOWN,UNKNOWN,ICML,2024
ICML-2024-A010893,Simon Sinong Zhan,UNKNOWN,UNKNOWN,ICML,2024
ICML-2024-A010894,Yixuan Wang,UNKNOWN,UNKNOWN,ICML,2024
ICML-2024-A010895,Yuhui Wang,UNKNOWN,UNKNOWN,ICML,2024
ICML-2024-A010896,Chung-Wei Lin,UNKNOWN,UNKNOWN,ICML,2024
ICML-2024-A010897,Chen Lv,UNKNOWN,UNKNOWN,ICML,2024
ICML-2024-A010898,Qi Zhu,UNKNOWN,UNKNOWN,ICML,2024
ICML-2024-A010899,Jürgen Schmidhuber,UNKNOWN,UNKNOWN,ICML,2024
ICML-2024-A010900,Chao Huang,UNKNOWN,UNKNOWN,ICML,2024
ICML-2024-A010901,Yang Wu,UNKNOWN,UNKNOWN,ICML,2024
ICML-2024-A010902,Yifan Zhang,UNKNOWN,UNKNOWN,ICML,2024
ICML-2024-A010903,Zhenxing Liang,UNKNOWN,UNKNOWN,ICML,2024
ICML-2024-A010904,Jian Cheng,UNKNOWN,UNKNOWN,ICML,2024
ICML-2024-A010905,Haoning Wu,UNKNOWN,UNKNOWN,ICML,2024
ICML-2024-A010906,Zicheng Zhang,UNKNOWN,UNKNOWN,ICML,2024
ICML-2024-A010907,Weixia Zhang,UNKNOWN,UNKNOWN,ICML,2024
ICML-2024-A010908,Chaofeng Chen,UNKNOWN,UNKNOWN,ICML,2024
ICML-2024-A010909,Liang Liao,UNKNOWN,UNKNOWN,ICML,2024
ICML-2024-A010910,Chunyi Li,UNKNOWN,UNKNOWN,ICML,2024
ICML-2024-A010911,Yixuan Gao,UNKNOWN,UNKNOWN,ICML,2024
ICML-2024-A010912,Annan Wang,UNKNOWN,UNKNOWN,ICML,2024
ICML-2024-A010913,Erli Zhang,UNKNOWN,UNKNOWN,ICML,2024
ICML-2024-A010914,Wenxiu Sun,UNKNOWN,UNKNOWN,ICML,2024
ICML-2024-A010915,Qiong Yan,UNKNOWN,UNKNOWN,ICML,2024
ICML-2024-A010916,Xiongkuo Min,UNKNOWN,UNKNOWN,ICML,2024
ICML-2024-A010917,Guangtao Zhai,UNKNOWN,UNKNOWN,ICML,2024
ICML-2024-A010918,Weisi Lin,UNKNOWN,UNKNOWN,ICML,2024
ICML-2024-A010919,Zhiheng Xi,UNKNOWN,UNKNOWN,ICML,2024
ICML-2024-A010920,Wenxiang Chen,UNKNOWN,UNKNOWN,ICML,2024
ICML-2024-A010921,Boyang Hong,UNKNOWN,UNKNOWN,ICML,2024
ICML-2024-A010922,Senjie Jin,UNKNOWN,UNKNOWN,ICML,2024
ICML-2024-A010923,Rui Zheng,UNKNOWN,UNKNOWN,ICML,2024
ICML-2024-A010924,Wei He,UNKNOWN,UNKNOWN,ICML,2024
ICML-2024-A010925,Yiwen Ding,UNKNOWN,UNKNOWN,ICML,2024
ICML-2024-A010926,Shichun Liu,UNKNOWN,UNKNOWN,ICML,2024
ICML-2024-A010927,Xin Guo,UNKNOWN,UNKNOWN,ICML,2024
ICML-2024-A010928,Junzhe Wang,UNKNOWN,UNKNOWN,ICML,2024
ICML-2024-A010929,Honglin Guo,UNKNOWN,UNKNOWN,ICML,2024
ICML-2024-A010930,Wei Shen,UNKNOWN,UNKNOWN,ICML,2024
ICML-2024-A010931,Xiaoran Fan,UNKNOWN,UNKNOWN,ICML,2024
ICML-2024-A010932,Yuhao Zhou,UNKNOWN,UNKNOWN,ICML,2024
ICML-2024-A010933,Shihan Dou,UNKNOWN,UNKNOWN,ICML,2024
ICML-2024-A010934,Xiao Wang,UNKNOWN,UNKNOWN,ICML,2024
ICML-2024-A010935,Xinbo Zhang,UNKNOWN,UNKNOWN,ICML,2024
ICML-2024-A010936,Peng Sun,UNKNOWN,UNKNOWN,ICML,2024
ICML-2024-A010937,Tao Gui,UNKNOWN,UNKNOWN,ICML,2024
ICML-2024-A010938,Qi Zhang,UNKNOWN,UNKNOWN,ICML,2024
ICML-2024-A010939,Xuanjing Huang,UNKNOWN,UNKNOWN,ICML,2024
ICML-2024-A010940,Haocheng Xi,UNKNOWN,UNKNOWN,ICML,2024
ICML-2024-A010941,Yuxiang Chen,UNKNOWN,UNKNOWN,ICML,2024
ICML-2024-A010942,Kang Zhao,UNKNOWN,UNKNOWN,ICML,2024
ICML-2024-A010943,Kai Jun Teh,UNKNOWN,UNKNOWN,ICML,2024
ICML-2024-A010944,Jianfei Chen,UNKNOWN,UNKNOWN,ICML,2024
ICML-2024-A010945,Jun Zhu,UNKNOWN,UNKNOWN,ICML,2024
ICML-2024-A010946,Mingxuan Xia,UNKNOWN,UNKNOWN,ICML,2024
ICML-2024-A010947,Zenan Huang,UNKNOWN,UNKNOWN,ICML,2024
ICML-2024-A010948,Runze Wu,UNKNOWN,UNKNOWN,ICML,2024
ICML-2024-A010949,Gengyu Lyu,UNKNOWN,UNKNOWN,ICML,2024
ICML-2024-A010950,Junbo Zhao,UNKNOWN,UNKNOWN,ICML,2024
ICML-2024-A010951,Gang Chen,UNKNOWN,UNKNOWN,ICML,2024
ICML-2024-A010952,Haobo Wang,UNKNOWN,UNKNOWN,ICML,2024
ICML-2024-A010953,Xiaobo Xia,UNKNOWN,UNKNOWN,ICML,2024
ICML-2024-A010954,Jiale Liu,UNKNOWN,UNKNOWN,ICML,2024
ICML-2024-A010955,Shaokun Zhang,UNKNOWN,UNKNOWN,ICML,2024
ICML-2024-A010956,Qingyun Wu,UNKNOWN,UNKNOWN,ICML,2024
ICML-2024-A010957,Hongxin Wei,UNKNOWN,UNKNOWN,ICML,2024
ICML-2024-A010958,Tongliang Liu,UNKNOWN,UNKNOWN,ICML,2024
ICML-2024-A010959,Mengzhou Xia,UNKNOWN,UNKNOWN,ICML,2024
ICML-2024-A010960,Sadhika Malladi,UNKNOWN,UNKNOWN,ICML,2024
ICML-2024-A010961,Suchin Gururangan,UNKNOWN,UNKNOWN,ICML,2024
ICML-2024-A010962,Sanjeev Arora,UNKNOWN,UNKNOWN,ICML,2024
ICML-2024-A010963,Danqi Chen,UNKNOWN,UNKNOWN,ICML,2024
ICML-2024-A010964,Mengfei Xia,UNKNOWN,UNKNOWN,ICML,2024
ICML-2024-A010965,Yujun Shen,UNKNOWN,UNKNOWN,ICML,2024
ICML-2024-A010966,Ceyuan Yang,UNKNOWN,UNKNOWN,ICML,2024
ICML-2024-A010967,Ran Yi,UNKNOWN,UNKNOWN,ICML,2024
ICML-2024-A010968,Wenping Wang,UNKNOWN,UNKNOWN,ICML,2024
ICML-2024-A010969,Yong-Jin Liu,UNKNOWN,UNKNOWN,ICML,2024
ICML-2024-A010970,Meng Xia,UNKNOWN,UNKNOWN,ICML,2024
ICML-2024-A010971,Jonathan Wilson,UNKNOWN,UNKNOWN,ICML,2024
ICML-2024-A010972,Benjamin Goldstein,UNKNOWN,UNKNOWN,ICML,2024
ICML-2024-A010973,Ricardo Henao,UNKNOWN,UNKNOWN,ICML,2024
ICML-2024-A010974,Yifan Xia,UNKNOWN,UNKNOWN,ICML,2024
ICML-2024-A010975,Xianliang Yang,UNKNOWN,UNKNOWN,ICML,2024
ICML-2024-A010976,Zichuan Liu,UNKNOWN,UNKNOWN,ICML,2024
ICML-2024-A010977,Zhihao Liu,UNKNOWN,UNKNOWN,ICML,2024
ICML-2024-A010978,Lei Song,UNKNOWN,UNKNOWN,ICML,2024
ICML-2024-A010979,Jiang Bian,UNKNOWN,UNKNOWN,ICML,2024
ICML-2024-A010980,Wenhan Xian,UNKNOWN,UNKNOWN,ICML,2024
ICML-2024-A010981,Ziyi Chen,UNKNOWN,UNKNOWN,ICML,2024
ICML-2024-A010982,Heng Huang,UNKNOWN,UNKNOWN,ICML,2024
ICML-2024-A010983,Ruicheng Xian,UNKNOWN,UNKNOWN,ICML,2024
ICML-2024-A010984,Qiaobo Li,UNKNOWN,UNKNOWN,ICML,2024
ICML-2024-A010985,Gautam Kamath,UNKNOWN,UNKNOWN,ICML,2024
ICML-2024-A010986,Han Zhao,UNKNOWN,UNKNOWN,ICML,2024
ICML-2024-A010987,Lichuan Xiang,UNKNOWN,UNKNOWN,ICML,2024
ICML-2024-A010988,Łukasz Dudziak,UNKNOWN,UNKNOWN,ICML,2024
ICML-2024-A010989,Mohamed S Abdelfattah,UNKNOWN,UNKNOWN,ICML,2024
ICML-2024-A010990,Abhinav Mehrotra,UNKNOWN,UNKNOWN,ICML,2024
ICML-2024-A010991,Nicholas Donald Lane,UNKNOWN,UNKNOWN,ICML,2024
ICML-2024-A010992,Hongkai Wen,UNKNOWN,UNKNOWN,ICML,2024
ICML-2024-A010993,Yi Xiao,UNKNOWN,UNKNOWN,ICML,2024
ICML-2024-A010994,Lei Bai,UNKNOWN,UNKNOWN,ICML,2024
ICML-2024-A010995,Wei Xue,UNKNOWN,UNKNOWN,ICML,2024
ICML-2024-A010996,Hao Chen,UNKNOWN,UNKNOWN,ICML,2024
ICML-2024-A010997,Kun Chen,UNKNOWN,UNKNOWN,ICML,2024
ICML-2024-A010998,Kang Chen,UNKNOWN,UNKNOWN,ICML,2024
ICML-2024-A010999,Tao Han,UNKNOWN,UNKNOWN,ICML,2024
ICML-2024-A011000,Wanli Ouyang,UNKNOWN,UNKNOWN,ICML,2024
ICML-2024-A011001,Wenxiao Xiao,UNKNOWN,UNKNOWN,ICML,2024
ICML-2024-A011002,Jiuxiang Gu,UNKNOWN,UNKNOWN,ICML,2024
ICML-2024-A011003,Hongfu Liu,UNKNOWN,UNKNOWN,ICML,2024
ICML-2024-A011004,Zipeng Xiao,UNKNOWN,UNKNOWN,ICML,2024
ICML-2024-A011005,Zhongkai Hao,UNKNOWN,UNKNOWN,ICML,2024
ICML-2024-A011006,Bokai Lin,UNKNOWN,UNKNOWN,ICML,2024
ICML-2024-A011007,Zhijie Deng,UNKNOWN,UNKNOWN,ICML,2024
ICML-2024-A011008,Hang Su,UNKNOWN,UNKNOWN,ICML,2024
ICML-2024-A011009,Da Xiao,UNKNOWN,UNKNOWN,ICML,2024
ICML-2024-A011010,Qingye Meng,UNKNOWN,UNKNOWN,ICML,2024
ICML-2024-A011011,Shengping Li,UNKNOWN,UNKNOWN,ICML,2024
ICML-2024-A011012,Xingyuan Yuan,UNKNOWN,UNKNOWN,ICML,2024
ICML-2024-A011013,Jiancong Xiao,UNKNOWN,UNKNOWN,ICML,2024
ICML-2024-A011014,Jiawei Zhang,UNKNOWN,UNKNOWN,ICML,2024
ICML-2024-A011015,Zhi-Quan Luo,UNKNOWN,UNKNOWN,ICML,2024
ICML-2024-A011016,Asuman E. Ozdaglar,UNKNOWN,UNKNOWN,ICML,2024
ICML-2024-A011017,Mingqing Xiao,UNKNOWN,UNKNOWN,ICML,2024
ICML-2024-A011018,Yixin Zhu,UNKNOWN,UNKNOWN,ICML,2024
ICML-2024-A011019,Di He,UNKNOWN,UNKNOWN,ICML,2024
ICML-2024-A011020,Zhouchen Lin,UNKNOWN,UNKNOWN,ICML,2024
ICML-2024-A011021,Teng Xiao,UNKNOWN,UNKNOWN,ICML,2024
ICML-2024-A011022,Huaisheng Zhu,UNKNOWN,UNKNOWN,ICML,2024
ICML-2024-A011023,Zhiwei Zhang,UNKNOWN,UNKNOWN,ICML,2024
ICML-2024-A011024,Zhimeng Guo,UNKNOWN,UNKNOWN,ICML,2024
ICML-2024-A011025,Charu C. Aggarwal,UNKNOWN,UNKNOWN,ICML,2024
ICML-2024-A011026,Suhang Wang,UNKNOWN,UNKNOWN,ICML,2024
ICML-2024-A011027,Vasant G Honavar,UNKNOWN,UNKNOWN,ICML,2024
ICML-2024-A011028,Jie Xiao,UNKNOWN,UNKNOWN,ICML,2024
ICML-2024-A011029,Kai Zhu,UNKNOWN,UNKNOWN,ICML,2024
ICML-2024-A011030,Han Zhang,UNKNOWN,UNKNOWN,ICML,2024
ICML-2024-A011031,Zhiheng Liu,UNKNOWN,UNKNOWN,ICML,2024
ICML-2024-A011032,Yujun Shen,UNKNOWN,UNKNOWN,ICML,2024
ICML-2024-A011033,Zhantao Yang,UNKNOWN,UNKNOWN,ICML,2024
ICML-2024-A011034,Ruili Feng,UNKNOWN,UNKNOWN,ICML,2024
ICML-2024-A011035,Yu Liu,UNKNOWN,UNKNOWN,ICML,2024
ICML-2024-A011036,Xueyang Fu,UNKNOWN,UNKNOWN,ICML,2024
ICML-2024-A011037,Zheng-Jun Zha,UNKNOWN,UNKNOWN,ICML,2024
ICML-2024-A011038,Bai Xiaofan,UNKNOWN,UNKNOWN,ICML,2024
ICML-2024-A011039,Chaoxiang He,UNKNOWN,UNKNOWN,ICML,2024
ICML-2024-A011040,Xiaojing Ma,UNKNOWN,UNKNOWN,ICML,2024
ICML-2024-A011041,Bin Benjamin Zhu,UNKNOWN,UNKNOWN,ICML,2024
ICML-2024-A011042,Hai Jin,UNKNOWN,UNKNOWN,ICML,2024
ICML-2024-A011043,Annie Xie,UNKNOWN,UNKNOWN,ICML,2024
ICML-2024-A011044,Logan Mondal Bhamidipaty,UNKNOWN,UNKNOWN,ICML,2024
ICML-2024-A011045,Evan Zheran Liu,UNKNOWN,UNKNOWN,ICML,2024
ICML-2024-A011046,Joey Hong,UNKNOWN,UNKNOWN,ICML,2024
ICML-2024-A011047,Sergey Levine,UNKNOWN,UNKNOWN,ICML,2024
ICML-2024-A011048,Chelsea Finn,UNKNOWN,UNKNOWN,ICML,2024
ICML-2024-A011049,Feng Xie,UNKNOWN,UNKNOWN,ICML,2024
ICML-2024-A011050,Zhengming Chen,UNKNOWN,UNKNOWN,ICML,2024
ICML-2024-A011051,Shanshan Luo,UNKNOWN,UNKNOWN,ICML,2024
ICML-2024-A011052,Wang Miao,UNKNOWN,UNKNOWN,ICML,2024
ICML-2024-A011053,Ruichu Cai,UNKNOWN,UNKNOWN,ICML,2024
ICML-2024-A011054,Zhi Geng,UNKNOWN,UNKNOWN,ICML,2024
ICML-2024-A011055,Yueqi Xie,UNKNOWN,UNKNOWN,ICML,2024
ICML-2024-A011056,Minghong Fang,UNKNOWN,UNKNOWN,ICML,2024
ICML-2024-A011057,Neil Zhenqiang Gong,UNKNOWN,UNKNOWN,ICML,2024
ICML-2024-A011058,Wanyun Xie,UNKNOWN,UNKNOWN,ICML,2024
ICML-2024-A011059,Fabian Latorre,UNKNOWN,UNKNOWN,ICML,2024
ICML-2024-A011060,Kimon Antonakopoulos,UNKNOWN,UNKNOWN,ICML,2024
ICML-2024-A011061,Thomas Pethick,UNKNOWN,UNKNOWN,ICML,2024
ICML-2024-A011062,Volkan Cevher,UNKNOWN,UNKNOWN,ICML,2024
ICML-2024-A011063,Shuo Xie,UNKNOWN,UNKNOWN,ICML,2024
ICML-2024-A011064,Zhiyuan Li,UNKNOWN,UNKNOWN,ICML,2024
ICML-2024-A011065,Feng Xie,UNKNOWN,UNKNOWN,ICML,2024
ICML-2024-A011066,Zheng Li,UNKNOWN,UNKNOWN,ICML,2024
ICML-2024-A011067,Peng Wu,UNKNOWN,UNKNOWN,ICML,2024
ICML-2024-A011068,Yan Zeng,UNKNOWN,UNKNOWN,ICML,2024
ICML-2024-A011069,Chunchen Liu,UNKNOWN,UNKNOWN,ICML,2024
ICML-2024-A011070,Zhi Geng,UNKNOWN,UNKNOWN,ICML,2024
ICML-2024-A011071,Chulin Xie,UNKNOWN,UNKNOWN,ICML,2024
ICML-2024-A011072,Zinan Lin,UNKNOWN,UNKNOWN,ICML,2024
ICML-2024-A011073,Arturs Backurs,UNKNOWN,UNKNOWN,ICML,2024
ICML-2024-A011074,Sivakanth Gopi,UNKNOWN,UNKNOWN,ICML,2024
ICML-2024-A011075,Da Yu,UNKNOWN,UNKNOWN,ICML,2024
ICML-2024-A011076,Huseyin A Inan,UNKNOWN,UNKNOWN,ICML,2024
ICML-2024-A011077,Harsha Nori,UNKNOWN,UNKNOWN,ICML,2024
ICML-2024-A011078,Haotian Jiang,UNKNOWN,UNKNOWN,ICML,2024
ICML-2024-A011079,Huishuai Zhang,UNKNOWN,UNKNOWN,ICML,2024
ICML-2024-A011080,Yin Tat Lee,UNKNOWN,UNKNOWN,ICML,2024
ICML-2024-A011081,Bo Li,UNKNOWN,UNKNOWN,ICML,2024
ICML-2024-A011082,Sergey Yekhanin,UNKNOWN,UNKNOWN,ICML,2024
ICML-2024-A011083,Luyuan Xie,UNKNOWN,UNKNOWN,ICML,2024
ICML-2024-A011084,Manqing Lin,UNKNOWN,UNKNOWN,ICML,2024
ICML-2024-A011085,Tianyu Luan,UNKNOWN,UNKNOWN,ICML,2024
ICML-2024-A011086,Cong Li,UNKNOWN,UNKNOWN,ICML,2024
ICML-2024-A011087,Yuejian Fang,UNKNOWN,UNKNOWN,ICML,2024
ICML-2024-A011088,Qingni Shen,UNKNOWN,UNKNOWN,ICML,2024
ICML-2024-A011089,Zhonghai Wu,UNKNOWN,UNKNOWN,ICML,2024
ICML-2024-A011090,Ming-Kun Xie,UNKNOWN,UNKNOWN,ICML,2024
ICML-2024-A011091,Jia-Hao Xiao,UNKNOWN,UNKNOWN,ICML,2024
ICML-2024-A011092,Pei Peng,UNKNOWN,UNKNOWN,ICML,2024
ICML-2024-A011093,Gang Niu,UNKNOWN,UNKNOWN,ICML,2024
ICML-2024-A011094,Masashi Sugiyama,UNKNOWN,UNKNOWN,ICML,2024
ICML-2024-A011095,Sheng-Jun Huang,UNKNOWN,UNKNOWN,ICML,2024
ICML-2024-A011096,Jian Xie,UNKNOWN,UNKNOWN,ICML,2024
ICML-2024-A011097,Kai Zhang,UNKNOWN,UNKNOWN,ICML,2024
ICML-2024-A011098,Jiangjie Chen,UNKNOWN,UNKNOWN,ICML,2024
ICML-2024-A011099,Tinghui Zhu,UNKNOWN,UNKNOWN,ICML,2024
ICML-2024-A011100,Renze Lou,UNKNOWN,UNKNOWN,ICML,2024
ICML-2024-A011101,Yuandong Tian,UNKNOWN,UNKNOWN,ICML,2024
ICML-2024-A011102,Yanghua Xiao,UNKNOWN,UNKNOWN,ICML,2024
ICML-2024-A011103,Yu Su,UNKNOWN,UNKNOWN,ICML,2024
ICML-2024-A011104,Tianyu Xie,UNKNOWN,UNKNOWN,ICML,2024
ICML-2024-A011105,Yu Zhu,UNKNOWN,UNKNOWN,ICML,2024
ICML-2024-A011106,Longlin Yu,UNKNOWN,UNKNOWN,ICML,2024
ICML-2024-A011107,Tong Yang,UNKNOWN,UNKNOWN,ICML,2024
ICML-2024-A011108,Ziheng Cheng,UNKNOWN,UNKNOWN,ICML,2024
ICML-2024-A011109,Shiyue Zhang,UNKNOWN,UNKNOWN,ICML,2024
ICML-2024-A011110,Xiangyu Zhang,UNKNOWN,UNKNOWN,ICML,2024
ICML-2024-A011111,Cheng Zhang,UNKNOWN,UNKNOWN,ICML,2024
ICML-2024-A011112,Pengwei Xing,UNKNOWN,UNKNOWN,ICML,2024
ICML-2024-A011113,Songtao Lu,UNKNOWN,UNKNOWN,ICML,2024
ICML-2024-A011114,Han Yu,UNKNOWN,UNKNOWN,ICML,2024
ICML-2024-A011115,Yujie Xing,UNKNOWN,UNKNOWN,ICML,2024
ICML-2024-A011116,Xiao Wang,UNKNOWN,UNKNOWN,ICML,2024
ICML-2024-A011117,Yibo Li,UNKNOWN,UNKNOWN,ICML,2024
ICML-2024-A011118,Hai Huang,UNKNOWN,UNKNOWN,ICML,2024
ICML-2024-A011119,Chuan Shi,UNKNOWN,UNKNOWN,ICML,2024
ICML-2024-A011120,Lanxiang Xing,UNKNOWN,UNKNOWN,ICML,2024
ICML-2024-A011121,Haixu Wu,UNKNOWN,UNKNOWN,ICML,2024
ICML-2024-A011122,Yuezhou Ma,UNKNOWN,UNKNOWN,ICML,2024
ICML-2024-A011123,Jianmin Wang,UNKNOWN,UNKNOWN,ICML,2024
ICML-2024-A011124,Mingsheng Long,UNKNOWN,UNKNOWN,ICML,2024
ICML-2024-A011125,Xingrun Xing,UNKNOWN,UNKNOWN,ICML,2024
ICML-2024-A011126,Zheng Zhang,UNKNOWN,UNKNOWN,ICML,2024
ICML-2024-A011127,Ziyi Ni,UNKNOWN,UNKNOWN,ICML,2024
ICML-2024-A011128,Shitao Xiao,UNKNOWN,UNKNOWN,ICML,2024
ICML-2024-A011129,Yiming Ju,UNKNOWN,UNKNOWN,ICML,2024
ICML-2024-A011130,Siqi Fan,UNKNOWN,UNKNOWN,ICML,2024
ICML-2024-A011131,Yequan Wang,UNKNOWN,UNKNOWN,ICML,2024
ICML-2024-A011132,Jiajun Zhang,UNKNOWN,UNKNOWN,ICML,2024
ICML-2024-A011133,Guoqi Li,UNKNOWN,UNKNOWN,ICML,2024
ICML-2024-A011134,Wei Xiong,UNKNOWN,UNKNOWN,ICML,2024
ICML-2024-A011135,Hanze Dong,UNKNOWN,UNKNOWN,ICML,2024
ICML-2024-A011136,Chenlu Ye,UNKNOWN,UNKNOWN,ICML,2024
ICML-2024-A011137,Ziqi Wang,UNKNOWN,UNKNOWN,ICML,2024
ICML-2024-A011138,Han Zhong,UNKNOWN,UNKNOWN,ICML,2024
ICML-2024-A011139,Heng Ji,UNKNOWN,UNKNOWN,ICML,2024
ICML-2024-A011140,Nan Jiang,UNKNOWN,UNKNOWN,ICML,2024
ICML-2024-A011141,Tong Zhang,UNKNOWN,UNKNOWN,ICML,2024
ICML-2024-A011142,Guojun Xiong,UNKNOWN,UNKNOWN,ICML,2024
ICML-2024-A011143,Jian Li,UNKNOWN,UNKNOWN,ICML,2024
ICML-2024-A011144,Zheng Xiong,UNKNOWN,UNKNOWN,ICML,2024
ICML-2024-A011145,Risto Vuorio,UNKNOWN,UNKNOWN,ICML,2024
ICML-2024-A011146,Jacob Beck,UNKNOWN,UNKNOWN,ICML,2024
ICML-2024-A011147,Matthieu Zimmer,UNKNOWN,UNKNOWN,ICML,2024
ICML-2024-A011148,Kun Shao,UNKNOWN,UNKNOWN,ICML,2024
ICML-2024-A011149,Shimon Whiteson,UNKNOWN,UNKNOWN,ICML,2024
ICML-2024-A011150,Nuoya Xiong,UNKNOWN,UNKNOWN,ICML,2024
ICML-2024-A011151,Zhaoran Wang,UNKNOWN,UNKNOWN,ICML,2024
ICML-2024-A011152,Zhuoran Yang,UNKNOWN,UNKNOWN,ICML,2024
ICML-2024-A011153,Pan Xu,UNKNOWN,UNKNOWN,ICML,2024
ICML-2024-A011154,Weijia Xu,UNKNOWN,UNKNOWN,ICML,2024
ICML-2024-A011155,Andrzej Banburski,UNKNOWN,UNKNOWN,ICML,2024
ICML-2024-A011156,Nebojsa Jojic,UNKNOWN,UNKNOWN,ICML,2024
ICML-2024-A011157,Kan Xu,UNKNOWN,UNKNOWN,ICML,2024
ICML-2024-A011158,Hamsa Bastani,UNKNOWN,UNKNOWN,ICML,2024
ICML-2024-A011159,Surbhi Goel,UNKNOWN,UNKNOWN,ICML,2024
ICML-2024-A011160,Osbert Bastani,UNKNOWN,UNKNOWN,ICML,2024
ICML-2024-A011161,Gezheng Xu,UNKNOWN,UNKNOWN,ICML,2024
ICML-2024-A011162,Qi Chen,UNKNOWN,UNKNOWN,ICML,2024
ICML-2024-A011163,Charles Ling,UNKNOWN,UNKNOWN,ICML,2024
ICML-2024-A011164,Boyu Wang,UNKNOWN,UNKNOWN,ICML,2024
ICML-2024-A011165,Changjian Shui,UNKNOWN,UNKNOWN,ICML,2024
ICML-2024-A011166,Zhu Xu,UNKNOWN,UNKNOWN,ICML,2024
ICML-2024-A011167,Qingchao Chen,UNKNOWN,UNKNOWN,ICML,2024
ICML-2024-A011168,Yuxin Peng,UNKNOWN,UNKNOWN,ICML,2024
ICML-2024-A011169,Yang Liu,UNKNOWN,UNKNOWN,ICML,2024
ICML-2024-A011170,Yilun Xu,UNKNOWN,UNKNOWN,ICML,2024
ICML-2024-A011171,Gabriele Corso,UNKNOWN,UNKNOWN,ICML,2024
ICML-2024-A011172,Tommi Jaakkola,UNKNOWN,UNKNOWN,ICML,2024
ICML-2024-A011173,Arash Vahdat,UNKNOWN,UNKNOWN,ICML,2024
ICML-2024-A011174,Karsten Kreis,UNKNOWN,UNKNOWN,ICML,2024
ICML-2024-A011175,Yuancheng Xu,UNKNOWN,UNKNOWN,ICML,2024
ICML-2024-A011176,Chenghao Deng,UNKNOWN,UNKNOWN,ICML,2024
ICML-2024-A011177,Yanchao Sun,UNKNOWN,UNKNOWN,ICML,2024
ICML-2024-A011178,Ruijie Zheng,UNKNOWN,UNKNOWN,ICML,2024
ICML-2024-A011179,Xiyao Wang,UNKNOWN,UNKNOWN,ICML,2024
ICML-2024-A011180,Jieyu Zhao,UNKNOWN,UNKNOWN,ICML,2024
ICML-2024-A011181,Furong Huang,UNKNOWN,UNKNOWN,ICML,2024
ICML-2024-A011182,Shusheng Xu,UNKNOWN,UNKNOWN,ICML,2024
ICML-2024-A011183,Wei Fu,UNKNOWN,UNKNOWN,ICML,2024
ICML-2024-A011184,Jiaxuan Gao,UNKNOWN,UNKNOWN,ICML,2024
ICML-2024-A011185,Wenjie Ye,UNKNOWN,UNKNOWN,ICML,2024
ICML-2024-A011186,Weilin Liu,UNKNOWN,UNKNOWN,ICML,2024
ICML-2024-A011187,Zhiyu Mei,UNKNOWN,UNKNOWN,ICML,2024
ICML-2024-A011188,Guangju Wang,UNKNOWN,UNKNOWN,ICML,2024
ICML-2024-A011189,Chao Yu,UNKNOWN,UNKNOWN,ICML,2024
ICML-2024-A011190,Yi Wu,UNKNOWN,UNKNOWN,ICML,2024
ICML-2024-A011191,Kai Xu,UNKNOWN,UNKNOWN,ICML,2024
ICML-2024-A011192,Hong Ge,UNKNOWN,UNKNOWN,ICML,2024
ICML-2024-A011193,Minkai Xu,UNKNOWN,UNKNOWN,ICML,2024
ICML-2024-A011194,Jiaqi Han,UNKNOWN,UNKNOWN,ICML,2024
ICML-2024-A011195,Aaron Lou,UNKNOWN,UNKNOWN,ICML,2024
ICML-2024-A011196,Jean Kossaifi,UNKNOWN,UNKNOWN,ICML,2024
ICML-2024-A011197,Arvind Ramanathan,UNKNOWN,UNKNOWN,ICML,2024
ICML-2024-A011198,Kamyar Azizzadenesheli,UNKNOWN,UNKNOWN,ICML,2024
ICML-2024-A011199,Jure Leskovec,UNKNOWN,UNKNOWN,ICML,2024
ICML-2024-A011200,Stefano Ermon,UNKNOWN,UNKNOWN,ICML,2024
ICML-2024-A011201,Anima Anandkumar,UNKNOWN,UNKNOWN,ICML,2024
ICML-2024-A011202,Ning Xu,UNKNOWN,UNKNOWN,ICML,2024
ICML-2024-A011203,Yihao Hu,UNKNOWN,UNKNOWN,ICML,2024
ICML-2024-A011204,Congyu Qiao,UNKNOWN,UNKNOWN,ICML,2024
ICML-2024-A011205,Xin Geng,UNKNOWN,UNKNOWN,ICML,2024
ICML-2024-A011206,Chenwei Xu,UNKNOWN,UNKNOWN,ICML,2024
ICML-2024-A011207,Yu-Chao Huang,UNKNOWN,UNKNOWN,ICML,2024
ICML-2024-A011208,Jerry Yao-Chieh Hu,UNKNOWN,UNKNOWN,ICML,2024
ICML-2024-A011209,Weijian Li,UNKNOWN,UNKNOWN,ICML,2024
ICML-2024-A011210,Ammar Gilani,UNKNOWN,UNKNOWN,ICML,2024
ICML-2024-A011211,Hsi-Sheng Goan,UNKNOWN,UNKNOWN,ICML,2024
ICML-2024-A011212,Han Liu,UNKNOWN,UNKNOWN,ICML,2024
ICML-2024-A011213,Chen Xu,UNKNOWN,UNKNOWN,ICML,2024
ICML-2024-A011214,Hanyang Jiang,UNKNOWN,UNKNOWN,ICML,2024
ICML-2024-A011215,Yao Xie,UNKNOWN,UNKNOWN,ICML,2024
ICML-2024-A011216,Yixing Xu,UNKNOWN,UNKNOWN,ICML,2024
ICML-2024-A011217,Chao Li,UNKNOWN,UNKNOWN,ICML,2024
ICML-2024-A011218,Dong Li,UNKNOWN,UNKNOWN,ICML,2024
ICML-2024-A011219,Xiao Sheng,UNKNOWN,UNKNOWN,ICML,2024
ICML-2024-A011220,Fan Jiang,UNKNOWN,UNKNOWN,ICML,2024
ICML-2024-A011221,Lu Tian,UNKNOWN,UNKNOWN,ICML,2024
ICML-2024-A011222,Ashish Sirasao,UNKNOWN,UNKNOWN,ICML,2024
ICML-2024-A011223,Emad Barsoum,UNKNOWN,UNKNOWN,ICML,2024
ICML-2024-A011224,Tengye Xu,UNKNOWN,UNKNOWN,ICML,2024
ICML-2024-A011225,Zihao Li,UNKNOWN,UNKNOWN,ICML,2024
ICML-2024-A011226,Qinyuan Ren,UNKNOWN,UNKNOWN,ICML,2024
ICML-2024-A011227,Manjie Xu,UNKNOWN,UNKNOWN,ICML,2024
ICML-2024-A011228,Chenxing Li,UNKNOWN,UNKNOWN,ICML,2024
ICML-2024-A011229,Duzhen Zhang,UNKNOWN,UNKNOWN,ICML,2024
ICML-2024-A011230,Dan Su,UNKNOWN,UNKNOWN,ICML,2024
ICML-2024-A011231,Wei Liang,UNKNOWN,UNKNOWN,ICML,2024
ICML-2024-A011232,Dong Yu,UNKNOWN,UNKNOWN,ICML,2024
ICML-2024-A011233,Yue Xu,UNKNOWN,UNKNOWN,ICML,2024
ICML-2024-A011234,Zhilin Lin,UNKNOWN,UNKNOWN,ICML,2024
ICML-2024-A011235,Yusong Qiu,UNKNOWN,UNKNOWN,ICML,2024
ICML-2024-A011236,Cewu Lu,UNKNOWN,UNKNOWN,ICML,2024
ICML-2024-A011237,Yong-Lu Li,UNKNOWN,UNKNOWN,ICML,2024
ICML-2024-A011238,Sheng Xu,UNKNOWN,UNKNOWN,ICML,2024
ICML-2024-A011239,Guiliang Liu,UNKNOWN,UNKNOWN,ICML,2024
ICML-2024-A011240,Zhaozhuo Xu,UNKNOWN,UNKNOWN,ICML,2024
ICML-2024-A011241,Zirui Liu,UNKNOWN,UNKNOWN,ICML,2024
ICML-2024-A011242,Beidi Chen,UNKNOWN,UNKNOWN,ICML,2024
ICML-2024-A011243,Shaochen Zhong,UNKNOWN,UNKNOWN,ICML,2024
ICML-2024-A011244,Yuxin Tang,UNKNOWN,UNKNOWN,ICML,2024
ICML-2024-A011245,Jue Wang,UNKNOWN,UNKNOWN,ICML,2024
ICML-2024-A011246,Kaixiong Zhou,UNKNOWN,UNKNOWN,ICML,2024
ICML-2024-A011247,Xia Hu,UNKNOWN,UNKNOWN,ICML,2024
ICML-2024-A011248,Anshumali Shrivastava,UNKNOWN,UNKNOWN,ICML,2024
ICML-2024-A011249,Haoran Xu,UNKNOWN,UNKNOWN,ICML,2024
ICML-2024-A011250,Amr Sharaf,UNKNOWN,UNKNOWN,ICML,2024
ICML-2024-A011251,Yunmo Chen,UNKNOWN,UNKNOWN,ICML,2024
ICML-2024-A011252,Weiting Tan,UNKNOWN,UNKNOWN,ICML,2024
ICML-2024-A011253,Lingfeng Shen,UNKNOWN,UNKNOWN,ICML,2024
ICML-2024-A011254,Benjamin Van Durme,UNKNOWN,UNKNOWN,ICML,2024
ICML-2024-A011255,Kenton Murray,UNKNOWN,UNKNOWN,ICML,2024
ICML-2024-A011256,Young Jin Kim,UNKNOWN,UNKNOWN,ICML,2024
ICML-2024-A011257,Haoqing Xu,UNKNOWN,UNKNOWN,ICML,2024
ICML-2024-A011258,Dian Shen,UNKNOWN,UNKNOWN,ICML,2024
ICML-2024-A011259,Meng Wang,UNKNOWN,UNKNOWN,ICML,2024
ICML-2024-A011260,Beilun Wang,UNKNOWN,UNKNOWN,ICML,2024
ICML-2024-A011261,Changming Xu,UNKNOWN,UNKNOWN,ICML,2024
ICML-2024-A011262,Gagandeep Singh,UNKNOWN,UNKNOWN,ICML,2024
ICML-2024-A011263,Sascha Xu,UNKNOWN,UNKNOWN,ICML,2024
ICML-2024-A011264,Nils Philipp Walter,UNKNOWN,UNKNOWN,ICML,2024
ICML-2024-A011265,Janis Kalofolias,UNKNOWN,UNKNOWN,ICML,2024
ICML-2024-A011266,Jilles Vreeken,UNKNOWN,UNKNOWN,ICML,2024
ICML-2024-A011267,Jianyu Xu,UNKNOWN,UNKNOWN,ICML,2024
ICML-2024-A011268,Yu-Xiang Wang,UNKNOWN,UNKNOWN,ICML,2024
ICML-2024-A011269,Wenjie Xu,UNKNOWN,UNKNOWN,ICML,2024
ICML-2024-A011270,Wenbin Wang,UNKNOWN,UNKNOWN,ICML,2024
ICML-2024-A011271,Yuning Jiang,UNKNOWN,UNKNOWN,ICML,2024
ICML-2024-A011272,Bratislav Svetozarevic,UNKNOWN,UNKNOWN,ICML,2024
ICML-2024-A011273,Colin Jones,UNKNOWN,UNKNOWN,ICML,2024
ICML-2024-A011274,Sheng Xu,UNKNOWN,UNKNOWN,ICML,2024
ICML-2024-A011275,Mingze Wang,UNKNOWN,UNKNOWN,ICML,2024
ICML-2024-A011276,Yanjing Li,UNKNOWN,UNKNOWN,ICML,2024
ICML-2024-A011277,Mingbao Lin,UNKNOWN,UNKNOWN,ICML,2024
ICML-2024-A011278,Baochang Zhang,UNKNOWN,UNKNOWN,ICML,2024
ICML-2024-A011279,David Doermann,UNKNOWN,UNKNOWN,ICML,2024
ICML-2024-A011280,Xiao Sun,UNKNOWN,UNKNOWN,ICML,2024
ICML-2024-A011281,Haobo Xu,UNKNOWN,UNKNOWN,ICML,2024
ICML-2024-A011282,Yuchen Yan,UNKNOWN,UNKNOWN,ICML,2024
ICML-2024-A011283,Dingsu Wang,UNKNOWN,UNKNOWN,ICML,2024
ICML-2024-A011284,Zhe Xu,UNKNOWN,UNKNOWN,ICML,2024
ICML-2024-A011285,Zhichen Zeng,UNKNOWN,UNKNOWN,ICML,2024
ICML-2024-A011286,Tarek F. Abdelzaher,UNKNOWN,UNKNOWN,ICML,2024
ICML-2024-A011287,Jiawei Han,UNKNOWN,UNKNOWN,ICML,2024
ICML-2024-A011288,Hanghang Tong,UNKNOWN,UNKNOWN,ICML,2024
ICML-2024-A011289,Yifan Xu,UNKNOWN,UNKNOWN,ICML,2024
ICML-2024-A011290,Xiaoshan Yang,UNKNOWN,UNKNOWN,ICML,2024
ICML-2024-A011291,Yaguang Song,UNKNOWN,UNKNOWN,ICML,2024
ICML-2024-A011292,Changsheng Xu,UNKNOWN,UNKNOWN,ICML,2024
ICML-2024-A011293,Danru Xu,UNKNOWN,UNKNOWN,ICML,2024
ICML-2024-A011294,Dingling Yao,UNKNOWN,UNKNOWN,ICML,2024
ICML-2024-A011295,Sebastien Lachapelle,UNKNOWN,UNKNOWN,ICML,2024
ICML-2024-A011296,Perouz Taslakian,UNKNOWN,UNKNOWN,ICML,2024
ICML-2024-A011297,Julius Von Kügelgen,UNKNOWN,UNKNOWN,ICML,2024
ICML-2024-A011298,Francesco Locatello,UNKNOWN,UNKNOWN,ICML,2024
ICML-2024-A011299,Sara Magliacane,UNKNOWN,UNKNOWN,ICML,2024
ICML-2024-A011300,Zelai Xu,UNKNOWN,UNKNOWN,ICML,2024
ICML-2024-A011301,Chao Yu,UNKNOWN,UNKNOWN,ICML,2024
ICML-2024-A011302,Fei Fang,UNKNOWN,UNKNOWN,ICML,2024
ICML-2024-A011303,Yu Wang,UNKNOWN,UNKNOWN,ICML,2024
ICML-2024-A011304,Yi Wu,UNKNOWN,UNKNOWN,ICML,2024
ICML-2024-A011305,Chenhui Xu,UNKNOWN,UNKNOWN,ICML,2024
ICML-2024-A011306,Fuxun Yu,UNKNOWN,UNKNOWN,ICML,2024
ICML-2024-A011307,Zirui Xu,UNKNOWN,UNKNOWN,ICML,2024
ICML-2024-A011308,Nathan Inkawhich,UNKNOWN,UNKNOWN,ICML,2024
ICML-2024-A011309,Xiang Chen,UNKNOWN,UNKNOWN,ICML,2024
ICML-2024-A011310,Jian Xu,UNKNOWN,UNKNOWN,ICML,2024
ICML-2024-A011311,Delu Zeng,UNKNOWN,UNKNOWN,ICML,2024
ICML-2024-A011312,John Paisley,UNKNOWN,UNKNOWN,ICML,2024
ICML-2024-A011313,Jing Xu,UNKNOWN,UNKNOWN,ICML,2024
ICML-2024-A011314,Jingzhao Zhang,UNKNOWN,UNKNOWN,ICML,2024
ICML-2024-A011315,Mengchu Xu,UNKNOWN,UNKNOWN,ICML,2024
ICML-2024-A011316,Yuxuan Zhang,UNKNOWN,UNKNOWN,ICML,2024
ICML-2024-A011317,Jian Wang,UNKNOWN,UNKNOWN,ICML,2024
ICML-2024-A011318,Gong Xudong,UNKNOWN,UNKNOWN,ICML,2024
ICML-2024-A011319,Feng Dawei,UNKNOWN,UNKNOWN,ICML,2024
ICML-2024-A011320,Kele Xu,UNKNOWN,UNKNOWN,ICML,2024
ICML-2024-A011321,Yuanzhao Zhai,UNKNOWN,UNKNOWN,ICML,2024
ICML-2024-A011322,Chengkang Yao,UNKNOWN,UNKNOWN,ICML,2024
ICML-2024-A011323,Weijia Wang,UNKNOWN,UNKNOWN,ICML,2024
ICML-2024-A011324,Bo Ding,UNKNOWN,UNKNOWN,ICML,2024
ICML-2024-A011325,Huaimin Wang,UNKNOWN,UNKNOWN,ICML,2024
ICML-2024-A011326,Yihao Xue,UNKNOWN,UNKNOWN,ICML,2024
ICML-2024-A011327,Ali Payani,UNKNOWN,UNKNOWN,ICML,2024
ICML-2024-A011328,Yu Yang,UNKNOWN,UNKNOWN,ICML,2024
ICML-2024-A011329,Baharan Mirzasoleiman,UNKNOWN,UNKNOWN,ICML,2024
ICML-2024-A011330,Ke Xue,UNKNOWN,UNKNOWN,ICML,2024
ICML-2024-A011331,Rongxi Tan,UNKNOWN,UNKNOWN,ICML,2024
ICML-2024-A011332,Xiaobin Huang,UNKNOWN,UNKNOWN,ICML,2024
ICML-2024-A011333,Chao Qian,UNKNOWN,UNKNOWN,ICML,2024
ICML-2024-A011334,Fuzhao Xue,UNKNOWN,UNKNOWN,ICML,2024
ICML-2024-A011335,Zian Zheng,UNKNOWN,UNKNOWN,ICML,2024
ICML-2024-A011336,Yao Fu,UNKNOWN,UNKNOWN,ICML,2024
ICML-2024-A011337,Jinjie Ni,UNKNOWN,UNKNOWN,ICML,2024
ICML-2024-A011338,Zangwei Zheng,UNKNOWN,UNKNOWN,ICML,2024
ICML-2024-A011339,Wangchunshu Zhou,UNKNOWN,UNKNOWN,ICML,2024
ICML-2024-A011340,Yang You,UNKNOWN,UNKNOWN,ICML,2024
ICML-2024-A011341,Kaiwen Xue,UNKNOWN,UNKNOWN,ICML,2024
ICML-2024-A011342,Yuhao Zhou,UNKNOWN,UNKNOWN,ICML,2024
ICML-2024-A011343,Shen Nie,UNKNOWN,UNKNOWN,ICML,2024
ICML-2024-A011344,Xu Min,UNKNOWN,UNKNOWN,ICML,2024
ICML-2024-A011345,Xiaolu Zhang,UNKNOWN,UNKNOWN,ICML,2024
ICML-2024-A011346,Jun Zhou,UNKNOWN,UNKNOWN,ICML,2024
ICML-2024-A011347,Chongxuan Li,UNKNOWN,UNKNOWN,ICML,2024
ICML-2024-A011348,Chhavi Yadav,UNKNOWN,UNKNOWN,ICML,2024
ICML-2024-A011349,Amrita Roy Chowdhury,UNKNOWN,UNKNOWN,ICML,2024
ICML-2024-A011350,Dan Boneh,UNKNOWN,UNKNOWN,ICML,2024
ICML-2024-A011351,Kamalika Chaudhuri,UNKNOWN,UNKNOWN,ICML,2024
ICML-2024-A011352,Kakei Yamamoto,UNKNOWN,UNKNOWN,ICML,2024
ICML-2024-A011353,Kazusato Oko,UNKNOWN,UNKNOWN,ICML,2024
ICML-2024-A011354,Zhuoran Yang,UNKNOWN,UNKNOWN,ICML,2024
ICML-2024-A011355,Taiji Suzuki,UNKNOWN,UNKNOWN,ICML,2024
ICML-2024-A011356,Kunda Yan,UNKNOWN,UNKNOWN,ICML,2024
ICML-2024-A011357,Sen Cui,UNKNOWN,UNKNOWN,ICML,2024
ICML-2024-A011358,Abudukelimu Wuerkaixi,UNKNOWN,UNKNOWN,ICML,2024
ICML-2024-A011359,Jingfeng Zhang,UNKNOWN,UNKNOWN,ICML,2024
ICML-2024-A011360,Bo Han,UNKNOWN,UNKNOWN,ICML,2024
ICML-2024-A011361,Gang Niu,UNKNOWN,UNKNOWN,ICML,2024
ICML-2024-A011362,Masashi Sugiyama,UNKNOWN,UNKNOWN,ICML,2024
ICML-2024-A011363,Changshui Zhang,UNKNOWN,UNKNOWN,ICML,2024
ICML-2024-A011364,Tijin Yan,UNKNOWN,UNKNOWN,ICML,2024
ICML-2024-A011365,Hengheng Gong,UNKNOWN,UNKNOWN,ICML,2024
ICML-2024-A011366,He Yongping,UNKNOWN,UNKNOWN,ICML,2024
ICML-2024-A011367,Yufeng Zhan,UNKNOWN,UNKNOWN,ICML,2024
ICML-2024-A011368,Yuanqing Xia,UNKNOWN,UNKNOWN,ICML,2024
ICML-2024-A011369,Yuzi Yan,UNKNOWN,UNKNOWN,ICML,2024
ICML-2024-A011370,Jialian Li,UNKNOWN,UNKNOWN,ICML,2024
ICML-2024-A011371,Yipin Zhang,UNKNOWN,UNKNOWN,ICML,2024
ICML-2024-A011372,Dong Yan,UNKNOWN,UNKNOWN,ICML,2024
ICML-2024-A011373,Keqiang Yan,UNKNOWN,UNKNOWN,ICML,2024
ICML-2024-A011374,Alexandra Saxton,UNKNOWN,UNKNOWN,ICML,2024
ICML-2024-A011375,Xiaofeng Qian,UNKNOWN,UNKNOWN,ICML,2024
ICML-2024-A011376,Xiaoning Qian,UNKNOWN,UNKNOWN,ICML,2024
ICML-2024-A011377,Shuiwang Ji,UNKNOWN,UNKNOWN,ICML,2024
ICML-2024-A011378,Kai Yan,UNKNOWN,UNKNOWN,ICML,2024
ICML-2024-A011379,Alex Schwing,UNKNOWN,UNKNOWN,ICML,2024
ICML-2024-A011380,Yu-Xiong Wang,UNKNOWN,UNKNOWN,ICML,2024
ICML-2024-A011381,Yu-Hu Yan,UNKNOWN,UNKNOWN,ICML,2024
ICML-2024-A011382,Jing Wang,UNKNOWN,UNKNOWN,ICML,2024
ICML-2024-A011383,Peng Zhao,UNKNOWN,UNKNOWN,ICML,2024
ICML-2024-A011384,Tom Yan,UNKNOWN,UNKNOWN,ICML,2024
ICML-2024-A011385,Ziyu Xu,UNKNOWN,UNKNOWN,ICML,2024
ICML-2024-A011386,Zachary Chase Lipton,UNKNOWN,UNKNOWN,ICML,2024
ICML-2024-A011387,Jiexi Yan,UNKNOWN,UNKNOWN,ICML,2024
ICML-2024-A011388,Zhihui Yin,UNKNOWN,UNKNOWN,ICML,2024
ICML-2024-A011389,Chenghao Xu,UNKNOWN,UNKNOWN,ICML,2024
ICML-2024-A011390,Cheng Deng,UNKNOWN,UNKNOWN,ICML,2024
ICML-2024-A011391,Heng Huang,UNKNOWN,UNKNOWN,ICML,2024
ICML-2024-A011392,Yuguang Yan,UNKNOWN,UNKNOWN,ICML,2024
ICML-2024-A011393,Hao Zhou,UNKNOWN,UNKNOWN,ICML,2024
ICML-2024-A011394,Zeqin Yang,UNKNOWN,UNKNOWN,ICML,2024
ICML-2024-A011395,Weilin Chen,UNKNOWN,UNKNOWN,ICML,2024
ICML-2024-A011396,Ruichu Cai,UNKNOWN,UNKNOWN,ICML,2024
ICML-2024-A011397,Zhifeng Hao,UNKNOWN,UNKNOWN,ICML,2024
ICML-2024-A011398,Kai Yang,UNKNOWN,UNKNOWN,ICML,2024
ICML-2024-A011399,Jan Ackermann,UNKNOWN,UNKNOWN,ICML,2024
ICML-2024-A011400,Zhenyu He,UNKNOWN,UNKNOWN,ICML,2024
ICML-2024-A011401,Guhao Feng,UNKNOWN,UNKNOWN,ICML,2024
ICML-2024-A011402,Bohang Zhang,UNKNOWN,UNKNOWN,ICML,2024
ICML-2024-A011403,Yunzhen Feng,UNKNOWN,UNKNOWN,ICML,2024
ICML-2024-A011404,Qiwei Ye,UNKNOWN,UNKNOWN,ICML,2024
ICML-2024-A011405,Di He,UNKNOWN,UNKNOWN,ICML,2024
ICML-2024-A011406,Liwei Wang,UNKNOWN,UNKNOWN,ICML,2024
ICML-2024-A011407,Shuo Yang,UNKNOWN,UNKNOWN,ICML,2024
ICML-2024-A011408,Zhe Cao,UNKNOWN,UNKNOWN,ICML,2024
ICML-2024-A011409,Sheng Guo,UNKNOWN,UNKNOWN,ICML,2024
ICML-2024-A011410,Ruiheng Zhang,UNKNOWN,UNKNOWN,ICML,2024
ICML-2024-A011411,Ping Luo,UNKNOWN,UNKNOWN,ICML,2024
ICML-2024-A011412,Shengping Zhang,UNKNOWN,UNKNOWN,ICML,2024
ICML-2024-A011413,Liqiang Nie,UNKNOWN,UNKNOWN,ICML,2024
ICML-2024-A011414,Yaodong Yang,UNKNOWN,UNKNOWN,ICML,2024
ICML-2024-A011415,Guangyong Chen,UNKNOWN,UNKNOWN,ICML,2024
ICML-2024-A011416,Jianye Hao,UNKNOWN,UNKNOWN,ICML,2024
ICML-2024-A011417,Pheng-Ann Heng,UNKNOWN,UNKNOWN,ICML,2024
ICML-2024-A011418,Zongxin Yang,UNKNOWN,UNKNOWN,ICML,2024
ICML-2024-A011419,Guikun Chen,UNKNOWN,UNKNOWN,ICML,2024
ICML-2024-A011420,Xiaodi Li,UNKNOWN,UNKNOWN,ICML,2024
ICML-2024-A011421,Wenguan Wang,UNKNOWN,UNKNOWN,ICML,2024
ICML-2024-A011422,Yi Yang,UNKNOWN,UNKNOWN,ICML,2024
ICML-2024-A011423,Shentao Yang,UNKNOWN,UNKNOWN,ICML,2024
ICML-2024-A011424,Tianqi Chen,UNKNOWN,UNKNOWN,ICML,2024
ICML-2024-A011425,Mingyuan Zhou,UNKNOWN,UNKNOWN,ICML,2024
ICML-2024-A011426,Lujie Yang,UNKNOWN,UNKNOWN,ICML,2024
ICML-2024-A011427,Hongkai Dai,UNKNOWN,UNKNOWN,ICML,2024
ICML-2024-A011428,Zhouxing Shi,UNKNOWN,UNKNOWN,ICML,2024
ICML-2024-A011429,Cho-Jui Hsieh,UNKNOWN,UNKNOWN,ICML,2024
ICML-2024-A011430,Russ Tedrake,UNKNOWN,UNKNOWN,ICML,2024
ICML-2024-A011431,Huan Zhang,UNKNOWN,UNKNOWN,ICML,2024
ICML-2024-A011432,Jianke Yang,UNKNOWN,UNKNOWN,ICML,2024
ICML-2024-A011433,Nima Dehmamy,UNKNOWN,UNKNOWN,ICML,2024
ICML-2024-A011434,Robin Walters,UNKNOWN,UNKNOWN,ICML,2024
ICML-2024-A011435,Rose Yu,UNKNOWN,UNKNOWN,ICML,2024
ICML-2024-A011436,Lingxiao Yang,UNKNOWN,UNKNOWN,ICML,2024
ICML-2024-A011437,Shutong Ding,UNKNOWN,UNKNOWN,ICML,2024
ICML-2024-A011438,Yifan Cai,UNKNOWN,UNKNOWN,ICML,2024
ICML-2024-A011439,Jingyi Yu,UNKNOWN,UNKNOWN,ICML,2024
ICML-2024-A011440,Jingya Wang,UNKNOWN,UNKNOWN,ICML,2024
ICML-2024-A011441,Ye Shi,UNKNOWN,UNKNOWN,ICML,2024
ICML-2024-A011442,Wenhan Yang,UNKNOWN,UNKNOWN,ICML,2024
ICML-2024-A011443,Jingdong Gao,UNKNOWN,UNKNOWN,ICML,2024
ICML-2024-A011444,Baharan Mirzasoleiman,UNKNOWN,UNKNOWN,ICML,2024
ICML-2024-A011445,Yahong Yang,UNKNOWN,UNKNOWN,ICML,2024
ICML-2024-A011446,Juncai He,UNKNOWN,UNKNOWN,ICML,2024
ICML-2024-A011447,Danni Yang,UNKNOWN,UNKNOWN,ICML,2024
ICML-2024-A011448,Jiayi Ji,UNKNOWN,UNKNOWN,ICML,2024
ICML-2024-A011449,Yiwei Ma,UNKNOWN,UNKNOWN,ICML,2024
ICML-2024-A011450,Tianyu Guo,UNKNOWN,UNKNOWN,ICML,2024
ICML-2024-A011451,Haowei Wang,UNKNOWN,UNKNOWN,ICML,2024
ICML-2024-A011452,Xiaoshuai Sun,UNKNOWN,UNKNOWN,ICML,2024
ICML-2024-A011453,Rongrong Ji,UNKNOWN,UNKNOWN,ICML,2024
ICML-2024-A011454,Wenhao Yang,UNKNOWN,UNKNOWN,ICML,2024
ICML-2024-A011455,Wei Jiang,UNKNOWN,UNKNOWN,ICML,2024
ICML-2024-A011456,Yibo Wang,UNKNOWN,UNKNOWN,ICML,2024
ICML-2024-A011457,Ping Yang,UNKNOWN,UNKNOWN,ICML,2024
ICML-2024-A011458,Yao Hu,UNKNOWN,UNKNOWN,ICML,2024
ICML-2024-A011459,Lijun Zhang,UNKNOWN,UNKNOWN,ICML,2024
ICML-2024-A011460,Yibo Yang,UNKNOWN,UNKNOWN,ICML,2024
ICML-2024-A011461,Xiaojie Li,UNKNOWN,UNKNOWN,ICML,2024
ICML-2024-A011462,Motasem Alfarra,UNKNOWN,UNKNOWN,ICML,2024
ICML-2024-A011463,Hasan Abed Al Kader Hammoud,UNKNOWN,UNKNOWN,ICML,2024
ICML-2024-A011464,Adel Bibi,UNKNOWN,UNKNOWN,ICML,2024
ICML-2024-A011465,Philip Torr,UNKNOWN,UNKNOWN,ICML,2024
ICML-2024-A011466,Bernard Ghanem,UNKNOWN,UNKNOWN,ICML,2024
ICML-2024-A011467,Shenzhi Yang,UNKNOWN,UNKNOWN,ICML,2024
ICML-2024-A011468,Bin Liang,UNKNOWN,UNKNOWN,ICML,2024
ICML-2024-A011469,An Liu,UNKNOWN,UNKNOWN,ICML,2024
ICML-2024-A011470,Lin Gui,UNKNOWN,UNKNOWN,ICML,2024
ICML-2024-A011471,Xingkai Yao,UNKNOWN,UNKNOWN,ICML,2024
ICML-2024-A011472,Xiaofang Zhang,UNKNOWN,UNKNOWN,ICML,2024
ICML-2024-A011473,Yue Yang,UNKNOWN,UNKNOWN,ICML,2024
ICML-2024-A011474,Yuqi Lin,UNKNOWN,UNKNOWN,ICML,2024
ICML-2024-A011475,Hong Liu,UNKNOWN,UNKNOWN,ICML,2024
ICML-2024-A011476,Wenqi Shao,UNKNOWN,UNKNOWN,ICML,2024
ICML-2024-A011477,Runjian Chen,UNKNOWN,UNKNOWN,ICML,2024
ICML-2024-A011478,Hailong Shang,UNKNOWN,UNKNOWN,ICML,2024
ICML-2024-A011479,Yu Wang,UNKNOWN,UNKNOWN,ICML,2024
ICML-2024-A011480,Yu Qiao,UNKNOWN,UNKNOWN,ICML,2024
ICML-2024-A011481,Kaipeng Zhang,UNKNOWN,UNKNOWN,ICML,2024
ICML-2024-A011482,Ping Luo,UNKNOWN,UNKNOWN,ICML,2024
ICML-2024-A011483,Zonghan Yang,UNKNOWN,UNKNOWN,ICML,2024
ICML-2024-A011484,An Liu,UNKNOWN,UNKNOWN,ICML,2024
ICML-2024-A011485,Zijun Liu,UNKNOWN,UNKNOWN,ICML,2024
ICML-2024-A011486,Kaiming Liu,UNKNOWN,UNKNOWN,ICML,2024
ICML-2024-A011487,Fangzhou Xiong,UNKNOWN,UNKNOWN,ICML,2024
ICML-2024-A011488,Yile Wang,UNKNOWN,UNKNOWN,ICML,2024
ICML-2024-A011489,Zeyuan Yang,UNKNOWN,UNKNOWN,ICML,2024
ICML-2024-A011490,Qingyuan Hu,UNKNOWN,UNKNOWN,ICML,2024
ICML-2024-A011491,Xinrui Chen,UNKNOWN,UNKNOWN,ICML,2024
ICML-2024-A011492,Zhenhe Zhang,UNKNOWN,UNKNOWN,ICML,2024
ICML-2024-A011493,Fuwen Luo,UNKNOWN,UNKNOWN,ICML,2024
ICML-2024-A011494,Zhicheng Guo,UNKNOWN,UNKNOWN,ICML,2024
ICML-2024-A011495,Peng Li,UNKNOWN,UNKNOWN,ICML,2024
ICML-2024-A011496,Yang Liu,UNKNOWN,UNKNOWN,ICML,2024
ICML-2024-A011497,Rui Yang,UNKNOWN,UNKNOWN,ICML,2024
ICML-2024-A011498,Xiaoman Pan,UNKNOWN,UNKNOWN,ICML,2024
ICML-2024-A011499,Feng Luo,UNKNOWN,UNKNOWN,ICML,2024
ICML-2024-A011500,Shuang Qiu,UNKNOWN,UNKNOWN,ICML,2024
ICML-2024-A011501,Han Zhong,UNKNOWN,UNKNOWN,ICML,2024
ICML-2024-A011502,Dong Yu,UNKNOWN,UNKNOWN,ICML,2024
ICML-2024-A011503,Jianshu Chen,UNKNOWN,UNKNOWN,ICML,2024
ICML-2024-A011504,Haibo Yang,UNKNOWN,UNKNOWN,ICML,2024
ICML-2024-A011505,Peiwen Qiu,UNKNOWN,UNKNOWN,ICML,2024
ICML-2024-A011506,Prashant Khanduri,UNKNOWN,UNKNOWN,ICML,2024
ICML-2024-A011507,Minghong Fang,UNKNOWN,UNKNOWN,ICML,2024
ICML-2024-A011508,Jia Liu,UNKNOWN,UNKNOWN,ICML,2024
ICML-2024-A011509,Haoyu Yang,UNKNOWN,UNKNOWN,ICML,2024
ICML-2024-A011510,Haoxing Ren,UNKNOWN,UNKNOWN,ICML,2024
ICML-2024-A011511,Enneng Yang,UNKNOWN,UNKNOWN,ICML,2024
ICML-2024-A011512,Li Shen,UNKNOWN,UNKNOWN,ICML,2024
ICML-2024-A011513,Zhenyi Wang,UNKNOWN,UNKNOWN,ICML,2024
ICML-2024-A011514,Guibing Guo,UNKNOWN,UNKNOWN,ICML,2024
ICML-2024-A011515,Xiaojun Chen,UNKNOWN,UNKNOWN,ICML,2024
ICML-2024-A011516,Xingwei Wang,UNKNOWN,UNKNOWN,ICML,2024
ICML-2024-A011517,Dacheng Tao,UNKNOWN,UNKNOWN,ICML,2024
ICML-2024-A011518,Yuchen Yang,UNKNOWN,UNKNOWN,ICML,2024
ICML-2024-A011519,Yingdong Shi,UNKNOWN,UNKNOWN,ICML,2024
ICML-2024-A011520,Cheems Wang,UNKNOWN,UNKNOWN,ICML,2024
ICML-2024-A011521,Xiantong Zhen,UNKNOWN,UNKNOWN,ICML,2024
ICML-2024-A011522,Yuxuan Shi,UNKNOWN,UNKNOWN,ICML,2024
ICML-2024-A011523,Jun Xu,UNKNOWN,UNKNOWN,ICML,2024
ICML-2024-A011524,Jinxia Yang,UNKNOWN,UNKNOWN,ICML,2024
ICML-2024-A011525,Bing Su,UNKNOWN,UNKNOWN,ICML,2024
ICML-2024-A011526,Xin Zhao,UNKNOWN,UNKNOWN,ICML,2024
ICML-2024-A011527,Ji-Rong Wen,UNKNOWN,UNKNOWN,ICML,2024
ICML-2024-A011528,Kai Yang,UNKNOWN,UNKNOWN,ICML,2024
ICML-2024-A011529,Jian Tao,UNKNOWN,UNKNOWN,ICML,2024
ICML-2024-A011530,Jiafei Lyu,UNKNOWN,UNKNOWN,ICML,2024
ICML-2024-A011531,Xiu Li,UNKNOWN,UNKNOWN,ICML,2024
ICML-2024-A011532,Dongchao Yang,UNKNOWN,UNKNOWN,ICML,2024
ICML-2024-A011533,Jinchuan Tian,UNKNOWN,UNKNOWN,ICML,2024
ICML-2024-A011534,Xu Tan,UNKNOWN,UNKNOWN,ICML,2024
ICML-2024-A011535,Rongjie Huang,UNKNOWN,UNKNOWN,ICML,2024
ICML-2024-A011536,Songxiang Liu,UNKNOWN,UNKNOWN,ICML,2024
ICML-2024-A011537,Haohan Guo,UNKNOWN,UNKNOWN,ICML,2024
ICML-2024-A011538,Xuankai Chang,UNKNOWN,UNKNOWN,ICML,2024
ICML-2024-A011539,Jiatong Shi,UNKNOWN,UNKNOWN,ICML,2024
ICML-2024-A011540,Sheng Zhao,UNKNOWN,UNKNOWN,ICML,2024
ICML-2024-A011541,Jiang Bian,UNKNOWN,UNKNOWN,ICML,2024
ICML-2024-A011542,Zhou Zhao,UNKNOWN,UNKNOWN,ICML,2024
ICML-2024-A011543,Xixin Wu,UNKNOWN,UNKNOWN,ICML,2024
ICML-2024-A011544,Helen M. Meng,UNKNOWN,UNKNOWN,ICML,2024
ICML-2024-A011545,Linxiao Yang,UNKNOWN,UNKNOWN,ICML,2024
ICML-2024-A011546,Yunze Tong,UNKNOWN,UNKNOWN,ICML,2024
ICML-2024-A011547,Xinyue Gu,UNKNOWN,UNKNOWN,ICML,2024
ICML-2024-A011548,Liang Sun,UNKNOWN,UNKNOWN,ICML,2024
ICML-2024-A011549,Sherry Yang,UNKNOWN,UNKNOWN,ICML,2024
ICML-2024-A011550,Jacob C Walker,UNKNOWN,UNKNOWN,ICML,2024
ICML-2024-A011551,Jack Parker-Holder,UNKNOWN,UNKNOWN,ICML,2024
ICML-2024-A011552,Yilun Du,UNKNOWN,UNKNOWN,ICML,2024
ICML-2024-A011553,Jake Bruce,UNKNOWN,UNKNOWN,ICML,2024
ICML-2024-A011554,Andre Barreto,UNKNOWN,UNKNOWN,ICML,2024
ICML-2024-A011555,Pieter Abbeel,UNKNOWN,UNKNOWN,ICML,2024
ICML-2024-A011556,Dale Schuurmans,UNKNOWN,UNKNOWN,ICML,2024
ICML-2024-A011557,Qianlan Yang,UNKNOWN,UNKNOWN,ICML,2024
ICML-2024-A011558,Yu-Xiong Wang,UNKNOWN,UNKNOWN,ICML,2024
ICML-2024-A011559,Songlin Yang,UNKNOWN,UNKNOWN,ICML,2024
ICML-2024-A011560,Bailin Wang,UNKNOWN,UNKNOWN,ICML,2024
ICML-2024-A011561,Yikang Shen,UNKNOWN,UNKNOWN,ICML,2024
ICML-2024-A011562,Rameswar Panda,UNKNOWN,UNKNOWN,ICML,2024
ICML-2024-A011563,Yoon Kim,UNKNOWN,UNKNOWN,ICML,2024
ICML-2024-A011564,Xiao-Wen Yang,UNKNOWN,UNKNOWN,ICML,2024
ICML-2024-A011565,Wen-Da Wei,UNKNOWN,UNKNOWN,ICML,2024
ICML-2024-A011566,Jie-Jing Shao,UNKNOWN,UNKNOWN,ICML,2024
ICML-2024-A011567,Yu-Feng Li,UNKNOWN,UNKNOWN,ICML,2024
ICML-2024-A011568,Zhi-Hua Zhou,UNKNOWN,UNKNOWN,ICML,2024
ICML-2024-A011569,Ming Yang,UNKNOWN,UNKNOWN,ICML,2024
ICML-2024-A011570,Xiyuan Wei,UNKNOWN,UNKNOWN,ICML,2024
ICML-2024-A011571,Tianbao Yang,UNKNOWN,UNKNOWN,ICML,2024
ICML-2024-A011572,Yiming Ying,UNKNOWN,UNKNOWN,ICML,2024
ICML-2024-A011573,Chenxiao Yang,UNKNOWN,UNKNOWN,ICML,2024
ICML-2024-A011574,Qitian Wu,UNKNOWN,UNKNOWN,ICML,2024
ICML-2024-A011575,David Wipf,UNKNOWN,UNKNOWN,ICML,2024
ICML-2024-A011576,Ruoyu Sun,UNKNOWN,UNKNOWN,ICML,2024
ICML-2024-A011577,Junchi Yan,UNKNOWN,UNKNOWN,ICML,2024
ICML-2024-A011578,Zhiyong Yang,UNKNOWN,UNKNOWN,ICML,2024
ICML-2024-A011579,Qianqian Xu,UNKNOWN,UNKNOWN,ICML,2024
ICML-2024-A011580,Zitai Wang,UNKNOWN,UNKNOWN,ICML,2024
ICML-2024-A011581,Sicong Li,UNKNOWN,UNKNOWN,ICML,2024
ICML-2024-A011582,Boyu Han,UNKNOWN,UNKNOWN,ICML,2024
ICML-2024-A011583,Shilong Bao,UNKNOWN,UNKNOWN,ICML,2024
ICML-2024-A011584,Xiaochun Cao,UNKNOWN,UNKNOWN,ICML,2024
ICML-2024-A011585,Qingming Huang,UNKNOWN,UNKNOWN,ICML,2024
ICML-2024-A011586,Yang Yang,UNKNOWN,UNKNOWN,ICML,2024
ICML-2024-A011587,Chao Yang,UNKNOWN,UNKNOWN,ICML,2024
ICML-2024-A011588,Boyang Li,UNKNOWN,UNKNOWN,ICML,2024
ICML-2024-A011589,Yinghao Fu,UNKNOWN,UNKNOWN,ICML,2024
ICML-2024-A011590,Shuang Li,UNKNOWN,UNKNOWN,ICML,2024
ICML-2024-A011591,Xu Yang,UNKNOWN,UNKNOWN,ICML,2024
ICML-2024-A011592,Huaxiu Yao,UNKNOWN,UNKNOWN,ICML,2024
ICML-2024-A011593,Ying Wei,UNKNOWN,UNKNOWN,ICML,2024
ICML-2024-A011594,Ling Yang,UNKNOWN,UNKNOWN,ICML,2024
ICML-2024-A011595,Zhaochen Yu,UNKNOWN,UNKNOWN,ICML,2024
ICML-2024-A011596,Chenlin Meng,UNKNOWN,UNKNOWN,ICML,2024
ICML-2024-A011597,Minkai Xu,UNKNOWN,UNKNOWN,ICML,2024
ICML-2024-A011598,Stefano Ermon,UNKNOWN,UNKNOWN,ICML,2024
ICML-2024-A011599,Bin Cui,UNKNOWN,UNKNOWN,ICML,2024
ICML-2024-A011600,Shangda Yang,UNKNOWN,UNKNOWN,ICML,2024
ICML-2024-A011601,Vitaly Zankin,UNKNOWN,UNKNOWN,ICML,2024
ICML-2024-A011602,Maximilian Balandat,UNKNOWN,UNKNOWN,ICML,2024
ICML-2024-A011603,Stefan Scherer,UNKNOWN,UNKNOWN,ICML,2024
ICML-2024-A011604,Kevin Thomas Carlberg,UNKNOWN,UNKNOWN,ICML,2024
ICML-2024-A011605,Neil Walton,UNKNOWN,UNKNOWN,ICML,2024
ICML-2024-A011606,Kody J. H. Law,UNKNOWN,UNKNOWN,ICML,2024
ICML-2024-A011607,Nianzu Yang,UNKNOWN,UNKNOWN,ICML,2024
ICML-2024-A011608,Kaipeng Zeng,UNKNOWN,UNKNOWN,ICML,2024
ICML-2024-A011609,Haotian Lu,UNKNOWN,UNKNOWN,ICML,2024
ICML-2024-A011610,Yexin Wu,UNKNOWN,UNKNOWN,ICML,2024
ICML-2024-A011611,Zexin Yuan,UNKNOWN,UNKNOWN,ICML,2024
ICML-2024-A011612,Danni Chen,UNKNOWN,UNKNOWN,ICML,2024
ICML-2024-A011613,Shengdian Jiang,UNKNOWN,UNKNOWN,ICML,2024
ICML-2024-A011614,Jiaxiang Wu,UNKNOWN,UNKNOWN,ICML,2024
ICML-2024-A011615,Yimin Wang,UNKNOWN,UNKNOWN,ICML,2024
ICML-2024-A011616,Junchi Yan,UNKNOWN,UNKNOWN,ICML,2024
ICML-2024-A011617,Junwei Yang,UNKNOWN,UNKNOWN,ICML,2024
ICML-2024-A011618,Kangjie Zheng,UNKNOWN,UNKNOWN,ICML,2024
ICML-2024-A011619,Siyu Long,UNKNOWN,UNKNOWN,ICML,2024
ICML-2024-A011620,Zaiqing Nie,UNKNOWN,UNKNOWN,ICML,2024
ICML-2024-A011621,Ming Zhang,UNKNOWN,UNKNOWN,ICML,2024
ICML-2024-A011622,Xinyu Dai,UNKNOWN,UNKNOWN,ICML,2024
ICML-2024-A011623,Wei-Ying Ma,UNKNOWN,UNKNOWN,ICML,2024
ICML-2024-A011624,Hao Zhou,UNKNOWN,UNKNOWN,ICML,2024
ICML-2024-A011625,William Yang,UNKNOWN,UNKNOWN,ICML,2024
ICML-2024-A011626,Ye Zhu,UNKNOWN,UNKNOWN,ICML,2024
ICML-2024-A011627,Zhiwei Deng,UNKNOWN,UNKNOWN,ICML,2024
ICML-2024-A011628,Olga Russakovsky,UNKNOWN,UNKNOWN,ICML,2024
ICML-2024-A011629,Yan Wang,UNKNOWN,UNKNOWN,ICML,2024
ICML-2024-A011630,Lihao Wang,UNKNOWN,UNKNOWN,ICML,2024
ICML-2024-A011631,Yuning Shen,UNKNOWN,UNKNOWN,ICML,2024
ICML-2024-A011632,Yiqun Wang,UNKNOWN,UNKNOWN,ICML,2024
ICML-2024-A011633,Huizhuo Yuan,UNKNOWN,UNKNOWN,ICML,2024
ICML-2024-A011634,Yue Wu,UNKNOWN,UNKNOWN,ICML,2024
ICML-2024-A011635,Quanquan Gu,UNKNOWN,UNKNOWN,ICML,2024
ICML-2024-A011636,Tianjun Yao,UNKNOWN,UNKNOWN,ICML,2024
ICML-2024-A011637,Yongqiang Chen,UNKNOWN,UNKNOWN,ICML,2024
ICML-2024-A011638,Zhenhao Chen,UNKNOWN,UNKNOWN,ICML,2024
ICML-2024-A011639,Kai Hu,UNKNOWN,UNKNOWN,ICML,2024
ICML-2024-A011640,Zhiqiang Shen,UNKNOWN,UNKNOWN,ICML,2024
ICML-2024-A011641,Kun Zhang,UNKNOWN,UNKNOWN,ICML,2024
ICML-2024-A011642,Fan Yao,UNKNOWN,UNKNOWN,ICML,2024
ICML-2024-A011643,Chuanhao Li,UNKNOWN,UNKNOWN,ICML,2024
ICML-2024-A011644,Denis Nekipelov,UNKNOWN,UNKNOWN,ICML,2024
ICML-2024-A011645,Hongning Wang,UNKNOWN,UNKNOWN,ICML,2024
ICML-2024-A011646,Haifeng Xu,UNKNOWN,UNKNOWN,ICML,2024
ICML-2024-A011647,Zhiyu Yao,UNKNOWN,UNKNOWN,ICML,2024
ICML-2024-A011648,Jian Wang,UNKNOWN,UNKNOWN,ICML,2024
ICML-2024-A011649,Haixu Wu,UNKNOWN,UNKNOWN,ICML,2024
ICML-2024-A011650,Jingdong Wang,UNKNOWN,UNKNOWN,ICML,2024
ICML-2024-A011651,Mingsheng Long,UNKNOWN,UNKNOWN,ICML,2024
ICML-2024-A011652,Xinjie Yao,UNKNOWN,UNKNOWN,ICML,2024
ICML-2024-A011653,Yu Wang,UNKNOWN,UNKNOWN,ICML,2024
ICML-2024-A011654,Pengfei Zhu,UNKNOWN,UNKNOWN,ICML,2024
ICML-2024-A011655,Wanyu Lin,UNKNOWN,UNKNOWN,ICML,2024
ICML-2024-A011656,Jialu Li,UNKNOWN,UNKNOWN,ICML,2024
ICML-2024-A011657,Weihao Li,UNKNOWN,UNKNOWN,ICML,2024
ICML-2024-A011658,Qinghua Hu,UNKNOWN,UNKNOWN,ICML,2024
ICML-2024-A011659,Can Yaras,UNKNOWN,UNKNOWN,ICML,2024
ICML-2024-A011660,Peng Wang,UNKNOWN,UNKNOWN,ICML,2024
ICML-2024-A011661,Laura Balzano,UNKNOWN,UNKNOWN,ICML,2024
ICML-2024-A011662,Qing Qu,UNKNOWN,UNKNOWN,ICML,2024
ICML-2024-A011663,Chung-Yiu Yau,UNKNOWN,UNKNOWN,ICML,2024
ICML-2024-A011664,Hoi To Wai,UNKNOWN,UNKNOWN,ICML,2024
ICML-2024-A011665,Parameswaran Raman,UNKNOWN,UNKNOWN,ICML,2024
ICML-2024-A011666,Soumajyoti Sarkar,UNKNOWN,UNKNOWN,ICML,2024
ICML-2024-A011667,Mingyi Hong,UNKNOWN,UNKNOWN,ICML,2024
ICML-2024-A011668,Chenlu Ye,UNKNOWN,UNKNOWN,ICML,2024
ICML-2024-A011669,Jiafan He,UNKNOWN,UNKNOWN,ICML,2024
ICML-2024-A011670,Quanquan Gu,UNKNOWN,UNKNOWN,ICML,2024
ICML-2024-A011671,Tong Zhang,UNKNOWN,UNKNOWN,ICML,2024
ICML-2024-A011672,Chen-Yu Yen,UNKNOWN,UNKNOWN,ICML,2024
ICML-2024-A011673,Raghav Singhal,UNKNOWN,UNKNOWN,ICML,2024
ICML-2024-A011674,Umang Sharma,UNKNOWN,UNKNOWN,ICML,2024
ICML-2024-A011675,Rajesh Ranganath,UNKNOWN,UNKNOWN,ICML,2024
ICML-2024-A011676,Sumit Chopra,UNKNOWN,UNKNOWN,ICML,2024
ICML-2024-A011677,Lerrel Pinto,UNKNOWN,UNKNOWN,ICML,2024
ICML-2024-A011678,Qingyu Yin,UNKNOWN,UNKNOWN,ICML,2024
ICML-2024-A011679,Xuzheng He,UNKNOWN,UNKNOWN,ICML,2024
ICML-2024-A011680,Xiang Zhuang,UNKNOWN,UNKNOWN,ICML,2024
ICML-2024-A011681,Yu Zhao,UNKNOWN,UNKNOWN,ICML,2024
ICML-2024-A011682,Jianhua Yao,UNKNOWN,UNKNOWN,ICML,2024
ICML-2024-A011683,Xiaoyu Shen,UNKNOWN,UNKNOWN,ICML,2024
ICML-2024-A011684,Qiang Zhang,UNKNOWN,UNKNOWN,ICML,2024
ICML-2024-A011685,Lu Yin,UNKNOWN,UNKNOWN,ICML,2024
ICML-2024-A011686,Ajay Kumar Jaiswal,UNKNOWN,UNKNOWN,ICML,2024
ICML-2024-A011687,Shiwei Liu,UNKNOWN,UNKNOWN,ICML,2024
ICML-2024-A011688,Souvik Kundu,UNKNOWN,UNKNOWN,ICML,2024
ICML-2024-A011689,Zhangyang Wang,UNKNOWN,UNKNOWN,ICML,2024
ICML-2024-A011690,Fan Yin,UNKNOWN,UNKNOWN,ICML,2024
ICML-2024-A011691,Jayanth Srinivasa,UNKNOWN,UNKNOWN,ICML,2024
ICML-2024-A011692,Kai-Wei Chang,UNKNOWN,UNKNOWN,ICML,2024
ICML-2024-A011693,Yuxuan Yin,UNKNOWN,UNKNOWN,ICML,2024
ICML-2024-A011694,Yu Wang,UNKNOWN,UNKNOWN,ICML,2024
ICML-2024-A011695,Peng Li,UNKNOWN,UNKNOWN,ICML,2024
ICML-2024-A011696,Lu Yin,UNKNOWN,UNKNOWN,ICML,2024
ICML-2024-A011697,You Wu,UNKNOWN,UNKNOWN,ICML,2024
ICML-2024-A011698,Zhenyu Zhang,UNKNOWN,UNKNOWN,ICML,2024
ICML-2024-A011699,Cheng-Yu Hsieh,UNKNOWN,UNKNOWN,ICML,2024
ICML-2024-A011700,Yaqing Wang,UNKNOWN,UNKNOWN,ICML,2024
ICML-2024-A011701,Yiling Jia,UNKNOWN,UNKNOWN,ICML,2024
ICML-2024-A011702,Gen Li,UNKNOWN,UNKNOWN,ICML,2024
ICML-2024-A011703,Ajay Kumar Jaiswal,UNKNOWN,UNKNOWN,ICML,2024
ICML-2024-A011704,Mykola Pechenizkiy,UNKNOWN,UNKNOWN,ICML,2024
ICML-2024-A011705,Yi Liang,UNKNOWN,UNKNOWN,ICML,2024
ICML-2024-A011706,Michael Bendersky,UNKNOWN,UNKNOWN,ICML,2024
ICML-2024-A011707,Zhangyang Wang,UNKNOWN,UNKNOWN,ICML,2024
ICML-2024-A011708,Shiwei Liu,UNKNOWN,UNKNOWN,ICML,2024
ICML-2024-A011709,Kaining Ying,UNKNOWN,UNKNOWN,ICML,2024
ICML-2024-A011710,Fanqing Meng,UNKNOWN,UNKNOWN,ICML,2024
ICML-2024-A011711,Jin Wang,UNKNOWN,UNKNOWN,ICML,2024
ICML-2024-A011712,Zhiqian Li,UNKNOWN,UNKNOWN,ICML,2024
ICML-2024-A011713,Han Lin,UNKNOWN,UNKNOWN,ICML,2024
ICML-2024-A011714,Yue Yang,UNKNOWN,UNKNOWN,ICML,2024
ICML-2024-A011715,Hao Zhang,UNKNOWN,UNKNOWN,ICML,2024
ICML-2024-A011716,Wenbo Zhang,UNKNOWN,UNKNOWN,ICML,2024
ICML-2024-A011717,Yuqi Lin,UNKNOWN,UNKNOWN,ICML,2024
ICML-2024-A011718,Shuo Liu,UNKNOWN,UNKNOWN,ICML,2024
ICML-2024-A011719,Jiayi Lei,UNKNOWN,UNKNOWN,ICML,2024
ICML-2024-A011720,Quanfeng Lu,UNKNOWN,UNKNOWN,ICML,2024
ICML-2024-A011721,Runjian Chen,UNKNOWN,UNKNOWN,ICML,2024
ICML-2024-A011722,Peng Xu,UNKNOWN,UNKNOWN,ICML,2024
ICML-2024-A011723,Renrui Zhang,UNKNOWN,UNKNOWN,ICML,2024
ICML-2024-A011724,Haozhe Zhang,UNKNOWN,UNKNOWN,ICML,2024
ICML-2024-A011725,Peng Gao,UNKNOWN,UNKNOWN,ICML,2024
ICML-2024-A011726,Yali Wang,UNKNOWN,UNKNOWN,ICML,2024
ICML-2024-A011727,Yu Qiao,UNKNOWN,UNKNOWN,ICML,2024
ICML-2024-A011728,Ping Luo,UNKNOWN,UNKNOWN,ICML,2024
ICML-2024-A011729,Kaipeng Zhang,UNKNOWN,UNKNOWN,ICML,2024
ICML-2024-A011730,Wenqi Shao,UNKNOWN,UNKNOWN,ICML,2024
ICML-2024-A011731,Jinsoo Yoo,UNKNOWN,UNKNOWN,ICML,2024
ICML-2024-A011732,Yunpeng Liu,UNKNOWN,UNKNOWN,ICML,2024
ICML-2024-A011733,Frank Wood,UNKNOWN,UNKNOWN,ICML,2024
ICML-2024-A011734,Geoff Pleiss,UNKNOWN,UNKNOWN,ICML,2024
ICML-2024-A011735,Taeseong Yoon,UNKNOWN,UNKNOWN,ICML,2024
ICML-2024-A011736,Heeyoung Kim,UNKNOWN,UNKNOWN,ICML,2024
ICML-2024-A011737,Taeho Yoon,UNKNOWN,UNKNOWN,ICML,2024
ICML-2024-A011738,Jaeyeon Kim,UNKNOWN,UNKNOWN,ICML,2024
ICML-2024-A011739,Jaewook J. Suh,UNKNOWN,UNKNOWN,ICML,2024
ICML-2024-A011740,Ernest K. Ryu,UNKNOWN,UNKNOWN,ICML,2024
ICML-2024-A011741,Sunjae Yoon,UNKNOWN,UNKNOWN,ICML,2024
ICML-2024-A011742,Gwanhyeong Koo,UNKNOWN,UNKNOWN,ICML,2024
ICML-2024-A011743,Geonwoo Kim,UNKNOWN,UNKNOWN,ICML,2024
ICML-2024-A011744,Chang D. Yoo,UNKNOWN,UNKNOWN,ICML,2024
ICML-2024-A011745,Youngsik Yoon,UNKNOWN,UNKNOWN,ICML,2024
ICML-2024-A011746,Gangbok Lee,UNKNOWN,UNKNOWN,ICML,2024
ICML-2024-A011747,Sungsoo Ahn,UNKNOWN,UNKNOWN,ICML,2024
ICML-2024-A011748,Jungseul Ok,UNKNOWN,UNKNOWN,ICML,2024
ICML-2024-A011749,Haoran You,UNKNOWN,UNKNOWN,ICML,2024
ICML-2024-A011750,Yichao Fu,UNKNOWN,UNKNOWN,ICML,2024
ICML-2024-A011751,Zheng Wang,UNKNOWN,UNKNOWN,ICML,2024
ICML-2024-A011752,Amir Yazdanbakhsh,UNKNOWN,UNKNOWN,ICML,2024
ICML-2024-A011753,Yingyan Celine Lin,UNKNOWN,UNKNOWN,ICML,2024
ICML-2024-A011754,Kang You,UNKNOWN,UNKNOWN,ICML,2024
ICML-2024-A011755,Zekai Xu,UNKNOWN,UNKNOWN,ICML,2024
ICML-2024-A011756,Chen Nie,UNKNOWN,UNKNOWN,ICML,2024
ICML-2024-A011757,Zhijie Deng,UNKNOWN,UNKNOWN,ICML,2024
ICML-2024-A011758,Qinghai Guo,UNKNOWN,UNKNOWN,ICML,2024
ICML-2024-A011759,Xiang Wang,UNKNOWN,UNKNOWN,ICML,2024
ICML-2024-A011760,Zhezhi He,UNKNOWN,UNKNOWN,ICML,2024
ICML-2024-A011761,Dingzhi Yu,UNKNOWN,UNKNOWN,ICML,2024
ICML-2024-A011762,Yunuo Cai,UNKNOWN,UNKNOWN,ICML,2024
ICML-2024-A011763,Wei Jiang,UNKNOWN,UNKNOWN,ICML,2024
ICML-2024-A011764,Lijun Zhang,UNKNOWN,UNKNOWN,ICML,2024
ICML-2024-A011765,Shengju Yu,UNKNOWN,UNKNOWN,ICML,2024
ICML-2024-A011766,Zhibin Dong,UNKNOWN,UNKNOWN,ICML,2024
ICML-2024-A011767,Siwei Wang,UNKNOWN,UNKNOWN,ICML,2024
ICML-2024-A011768,Xinhang Wan,UNKNOWN,UNKNOWN,ICML,2024
ICML-2024-A011769,Yue Liu,UNKNOWN,UNKNOWN,ICML,2024
ICML-2024-A011770,Weixuan Liang,UNKNOWN,UNKNOWN,ICML,2024
ICML-2024-A011771,Pei Zhang,UNKNOWN,UNKNOWN,ICML,2024
ICML-2024-A011772,Wenxuan Tu,UNKNOWN,UNKNOWN,ICML,2024
ICML-2024-A011773,Xinwang Liu,UNKNOWN,UNKNOWN,ICML,2024
ICML-2024-A011774,Hongzhan Yu,UNKNOWN,UNKNOWN,ICML,2024
ICML-2024-A011775,Sicun Gao,UNKNOWN,UNKNOWN,ICML,2024
ICML-2024-A011776,Tao Yu,UNKNOWN,UNKNOWN,ICML,2024
ICML-2024-A011777,Gaurav Gupta,UNKNOWN,UNKNOWN,ICML,2024
ICML-2024-A011778,Karthick Gopalswamy,UNKNOWN,UNKNOWN,ICML,2024
ICML-2024-A011779,Amith R Mamidala,UNKNOWN,UNKNOWN,ICML,2024
ICML-2024-A011780,Hao Zhou,UNKNOWN,UNKNOWN,ICML,2024
ICML-2024-A011781,Jeffrey Huynh,UNKNOWN,UNKNOWN,ICML,2024
ICML-2024-A011782,Youngsuk Park,UNKNOWN,UNKNOWN,ICML,2024
ICML-2024-A011783,Ron Diamant,UNKNOWN,UNKNOWN,ICML,2024
ICML-2024-A011784,Anoop Deoras,UNKNOWN,UNKNOWN,ICML,2024
ICML-2024-A011785,Luke Huan,UNKNOWN,UNKNOWN,ICML,2024
ICML-2024-A011786,Da Yu,UNKNOWN,UNKNOWN,ICML,2024
ICML-2024-A011787,Peter Kairouz,UNKNOWN,UNKNOWN,ICML,2024
ICML-2024-A011788,Sewoong Oh,UNKNOWN,UNKNOWN,ICML,2024
ICML-2024-A011789,Zheng Xu,UNKNOWN,UNKNOWN,ICML,2024
ICML-2024-A011790,Xue Yu,UNKNOWN,UNKNOWN,ICML,2024
ICML-2024-A011791,Muchen Li,UNKNOWN,UNKNOWN,ICML,2024
ICML-2024-A011792,Yan Leng,UNKNOWN,UNKNOWN,ICML,2024
ICML-2024-A011793,Renjie Liao,UNKNOWN,UNKNOWN,ICML,2024
ICML-2024-A011794,Wei Yu,UNKNOWN,UNKNOWN,ICML,2024
ICML-2024-A011795,Jianing Li,UNKNOWN,UNKNOWN,ICML,2024
ICML-2024-A011796,Shengping Zhang,UNKNOWN,UNKNOWN,ICML,2024
ICML-2024-A011797,Xiangyang Ji,UNKNOWN,UNKNOWN,ICML,2024
ICML-2024-A011798,Le Yu,UNKNOWN,UNKNOWN,ICML,2024
ICML-2024-A011799,Xinde Li,UNKNOWN,UNKNOWN,ICML,2024
ICML-2024-A011800,Pengfei Zhang,UNKNOWN,UNKNOWN,ICML,2024
ICML-2024-A011801,Zhentong Zhang,UNKNOWN,UNKNOWN,ICML,2024
ICML-2024-A011802,Fir Dunkin,UNKNOWN,UNKNOWN,ICML,2024
ICML-2024-A011803,Lijia Yu,UNKNOWN,UNKNOWN,ICML,2024
ICML-2024-A011804,Shuang Liu,UNKNOWN,UNKNOWN,ICML,2024
ICML-2024-A011805,Yibo Miao,UNKNOWN,UNKNOWN,ICML,2024
ICML-2024-A011806,Xiao-Shan Gao,UNKNOWN,UNKNOWN,ICML,2024
ICML-2024-A011807,Lijun Zhang,UNKNOWN,UNKNOWN,ICML,2024
ICML-2024-A011808,Zhongwei Yu,UNKNOWN,UNKNOWN,ICML,2024
ICML-2024-A011809,Jingqing Ruan,UNKNOWN,UNKNOWN,ICML,2024
ICML-2024-A011810,Dengpeng Xing,UNKNOWN,UNKNOWN,ICML,2024
ICML-2024-A011811,Yaodong Yu,UNKNOWN,UNKNOWN,ICML,2024
ICML-2024-A011812,Maziar Sanjabi,UNKNOWN,UNKNOWN,ICML,2024
ICML-2024-A011813,Yi Ma,UNKNOWN,UNKNOWN,ICML,2024
ICML-2024-A011814,Kamalika Chaudhuri,UNKNOWN,UNKNOWN,ICML,2024
ICML-2024-A011815,Chuan Guo,UNKNOWN,UNKNOWN,ICML,2024
ICML-2024-A011816,Zhongzhi Yu,UNKNOWN,UNKNOWN,ICML,2024
ICML-2024-A011817,Zheng Wang,UNKNOWN,UNKNOWN,ICML,2024
ICML-2024-A011818,Yonggan Fu,UNKNOWN,UNKNOWN,ICML,2024
ICML-2024-A011819,Huihong Shi,UNKNOWN,UNKNOWN,ICML,2024
ICML-2024-A011820,Khalid Shaikh,UNKNOWN,UNKNOWN,ICML,2024
ICML-2024-A011821,Yingyan Celine Lin,UNKNOWN,UNKNOWN,ICML,2024
ICML-2024-A011822,Yi Yu,UNKNOWN,UNKNOWN,ICML,2024
ICML-2024-A011823,Yufei Wang,UNKNOWN,UNKNOWN,ICML,2024
ICML-2024-A011824,Song Xia,UNKNOWN,UNKNOWN,ICML,2024
ICML-2024-A011825,Wenhan Yang,UNKNOWN,UNKNOWN,ICML,2024
ICML-2024-A011826,Shijian Lu,UNKNOWN,UNKNOWN,ICML,2024
ICML-2024-A011827,Yap-Peng Tan,UNKNOWN,UNKNOWN,ICML,2024
ICML-2024-A011828,Alex Kot,UNKNOWN,UNKNOWN,ICML,2024
ICML-2024-A011829,Mo Yu,UNKNOWN,UNKNOWN,ICML,2024
ICML-2024-A011830,Qiujing Wang,UNKNOWN,UNKNOWN,ICML,2024
ICML-2024-A011831,Shunchi Zhang,UNKNOWN,UNKNOWN,ICML,2024
ICML-2024-A011832,Yisi Sang,UNKNOWN,UNKNOWN,ICML,2024
ICML-2024-A011833,Kangsheng Pu,UNKNOWN,UNKNOWN,ICML,2024
ICML-2024-A011834,Zekai Wei,UNKNOWN,UNKNOWN,ICML,2024
ICML-2024-A011835,Han Wang,UNKNOWN,UNKNOWN,ICML,2024
ICML-2024-A011836,Liyan Xu,UNKNOWN,UNKNOWN,ICML,2024
ICML-2024-A011837,Jing Li,UNKNOWN,UNKNOWN,ICML,2024
ICML-2024-A011838,Yue Yu,UNKNOWN,UNKNOWN,ICML,2024
ICML-2024-A011839,Jie Zhou,UNKNOWN,UNKNOWN,ICML,2024
ICML-2024-A011840,Weihao Yu,UNKNOWN,UNKNOWN,ICML,2024
ICML-2024-A011841,Zhengyuan Yang,UNKNOWN,UNKNOWN,ICML,2024
ICML-2024-A011842,Linjie Li,UNKNOWN,UNKNOWN,ICML,2024
ICML-2024-A011843,Jianfeng Wang,UNKNOWN,UNKNOWN,ICML,2024
ICML-2024-A011844,Kevin Lin,UNKNOWN,UNKNOWN,ICML,2024
ICML-2024-A011845,Zicheng Liu,UNKNOWN,UNKNOWN,ICML,2024
ICML-2024-A011846,Xinchao Wang,UNKNOWN,UNKNOWN,ICML,2024
ICML-2024-A011847,Lijuan Wang,UNKNOWN,UNKNOWN,ICML,2024
ICML-2024-A011848,Le Yu,UNKNOWN,UNKNOWN,ICML,2024
ICML-2024-A011849,Bowen Yu,UNKNOWN,UNKNOWN,ICML,2024
ICML-2024-A011850,Haiyang Yu,UNKNOWN,UNKNOWN,ICML,2024
ICML-2024-A011851,Fei Huang,UNKNOWN,UNKNOWN,ICML,2024
ICML-2024-A011852,Yongbin Li,UNKNOWN,UNKNOWN,ICML,2024
ICML-2024-A011853,Runsheng Yu,UNKNOWN,UNKNOWN,ICML,2024
ICML-2024-A011854,Youzhi Zhang,UNKNOWN,UNKNOWN,ICML,2024
ICML-2024-A011855,James Kwok,UNKNOWN,UNKNOWN,ICML,2024
ICML-2024-A011856,Junhao Yu,UNKNOWN,UNKNOWN,ICML,2024
ICML-2024-A011857,Yan Zhuang,UNKNOWN,UNKNOWN,ICML,2024
ICML-2024-A011858,Zhenya Huang,UNKNOWN,UNKNOWN,ICML,2024
ICML-2024-A011859,Qi Liu,UNKNOWN,UNKNOWN,ICML,2024
ICML-2024-A011860,Xin Li,UNKNOWN,UNKNOWN,ICML,2024
ICML-2024-A011861,Rui Li,UNKNOWN,UNKNOWN,ICML,2024
ICML-2024-A011862,Enhong Chen,UNKNOWN,UNKNOWN,ICML,2024
ICML-2024-A011863,Guoqi Yu,UNKNOWN,UNKNOWN,ICML,2024
ICML-2024-A011864,Jing Zou,UNKNOWN,UNKNOWN,ICML,2024
ICML-2024-A011865,Xiaowei Hu,UNKNOWN,UNKNOWN,ICML,2024
ICML-2024-A011866,Angelica I Aviles-Rivero,UNKNOWN,UNKNOWN,ICML,2024
ICML-2024-A011867,Jing Qin,UNKNOWN,UNKNOWN,ICML,2024
ICML-2024-A011868,Shujun Wang,UNKNOWN,UNKNOWN,ICML,2024
ICML-2024-A011869,Ganzhao Yuan,UNKNOWN,UNKNOWN,ICML,2024
ICML-2024-A011870,Dehao Yuan,UNKNOWN,UNKNOWN,ICML,2024
ICML-2024-A011871,Cornelia Fermuller,UNKNOWN,UNKNOWN,ICML,2024
ICML-2024-A011872,Tahseen Rabbani,UNKNOWN,UNKNOWN,ICML,2024
ICML-2024-A011873,Furong Huang,UNKNOWN,UNKNOWN,ICML,2024
ICML-2024-A011874,Yiannis Aloimonos,UNKNOWN,UNKNOWN,ICML,2024
ICML-2024-A011875,Zhuowen Yuan,UNKNOWN,UNKNOWN,ICML,2024
ICML-2024-A011876,Wenbo Guo,UNKNOWN,UNKNOWN,ICML,2024
ICML-2024-A011877,Jinyuan Jia,UNKNOWN,UNKNOWN,ICML,2024
ICML-2024-A011878,Bo Li,UNKNOWN,UNKNOWN,ICML,2024
ICML-2024-A011879,Dawn Song,UNKNOWN,UNKNOWN,ICML,2024
ICML-2024-A011880,Weizhe Yuan,UNKNOWN,UNKNOWN,ICML,2024
ICML-2024-A011881,Richard Yuanzhe Pang,UNKNOWN,UNKNOWN,ICML,2024
ICML-2024-A011882,Kyunghyun Cho,UNKNOWN,UNKNOWN,ICML,2024
ICML-2024-A011883,Xian Li,UNKNOWN,UNKNOWN,ICML,2024
ICML-2024-A011884,Sainbayar Sukhbaatar,UNKNOWN,UNKNOWN,ICML,2024
ICML-2024-A011885,Jing Xu,UNKNOWN,UNKNOWN,ICML,2024
ICML-2024-A011886,Jason E Weston,UNKNOWN,UNKNOWN,ICML,2024
ICML-2024-A011887,Jianhao Yuan,UNKNOWN,UNKNOWN,ICML,2024
ICML-2024-A011888,Francesco Pinto,UNKNOWN,UNKNOWN,ICML,2024
ICML-2024-A011889,Adam Davies,UNKNOWN,UNKNOWN,ICML,2024
ICML-2024-A011890,Philip Torr,UNKNOWN,UNKNOWN,ICML,2024
ICML-2024-A011891,Zhuowen Yuan,UNKNOWN,UNKNOWN,ICML,2024
ICML-2024-A011892,Zidi Xiong,UNKNOWN,UNKNOWN,ICML,2024
ICML-2024-A011893,Yi Zeng,UNKNOWN,UNKNOWN,ICML,2024
ICML-2024-A011894,Ning Yu,UNKNOWN,UNKNOWN,ICML,2024
ICML-2024-A011895,Ruoxi Jia,UNKNOWN,UNKNOWN,ICML,2024
ICML-2024-A011896,Dawn Song,UNKNOWN,UNKNOWN,ICML,2024
ICML-2024-A011897,Bo Li,UNKNOWN,UNKNOWN,ICML,2024
ICML-2024-A011898,Sheng Yue,UNKNOWN,UNKNOWN,ICML,2024
ICML-2024-A011899,Xingyuan Hua,UNKNOWN,UNKNOWN,ICML,2024
ICML-2024-A011900,Ju Ren,UNKNOWN,UNKNOWN,ICML,2024
ICML-2024-A011901,Sen Lin,UNKNOWN,UNKNOWN,ICML,2024
ICML-2024-A011902,Junshan Zhang,UNKNOWN,UNKNOWN,ICML,2024
ICML-2024-A011903,Yaoxue Zhang,UNKNOWN,UNKNOWN,ICML,2024
ICML-2024-A011904,Linan Yue,UNKNOWN,UNKNOWN,ICML,2024
ICML-2024-A011905,Qi Liu,UNKNOWN,UNKNOWN,ICML,2024
ICML-2024-A011906,Weibo Gao,UNKNOWN,UNKNOWN,ICML,2024
ICML-2024-A011907,Ye Liu,UNKNOWN,UNKNOWN,ICML,2024
ICML-2024-A011908,Kai Zhang,UNKNOWN,UNKNOWN,ICML,2024
ICML-2024-A011909,Yichao Du,UNKNOWN,UNKNOWN,ICML,2024
ICML-2024-A011910,Li Wang,UNKNOWN,UNKNOWN,ICML,2024
ICML-2024-A011911,Fangzhou Yao,UNKNOWN,UNKNOWN,ICML,2024
ICML-2024-A011912,Sheng Yue,UNKNOWN,UNKNOWN,ICML,2024
ICML-2024-A011913,Jiani Liu,UNKNOWN,UNKNOWN,ICML,2024
ICML-2024-A011914,Xingyuan Hua,UNKNOWN,UNKNOWN,ICML,2024
ICML-2024-A011915,Ju Ren,UNKNOWN,UNKNOWN,ICML,2024
ICML-2024-A011916,Sen Lin,UNKNOWN,UNKNOWN,ICML,2024
ICML-2024-A011917,Junshan Zhang,UNKNOWN,UNKNOWN,ICML,2024
ICML-2024-A011918,Yaoxue Zhang,UNKNOWN,UNKNOWN,ICML,2024
ICML-2024-A011919,Conghan Yue,UNKNOWN,UNKNOWN,ICML,2024
ICML-2024-A011920,Zhengwei Peng,UNKNOWN,UNKNOWN,ICML,2024
ICML-2024-A011921,Junlong Ma,UNKNOWN,UNKNOWN,ICML,2024
ICML-2024-A011922,Shiyan Du,UNKNOWN,UNKNOWN,ICML,2024
ICML-2024-A011923,Pengxu Wei,UNKNOWN,UNKNOWN,ICML,2024
ICML-2024-A011924,Dongyu Zhang,UNKNOWN,UNKNOWN,ICML,2024
ICML-2024-A011925,Eslam Zaher,UNKNOWN,UNKNOWN,ICML,2024
ICML-2024-A011926,Maciej Trzaskowski,UNKNOWN,UNKNOWN,ICML,2024
ICML-2024-A011927,Quan Nguyen,UNKNOWN,UNKNOWN,ICML,2024
ICML-2024-A011928,Fred Roosta,UNKNOWN,UNKNOWN,ICML,2024
ICML-2024-A011929,Umais Zahid,UNKNOWN,UNKNOWN,ICML,2024
ICML-2024-A011930,Qinghai Guo,UNKNOWN,UNKNOWN,ICML,2024
ICML-2024-A011931,Zafeirios Fountas,UNKNOWN,UNKNOWN,ICML,2024
ICML-2024-A011932,Hossein Zakerinia,UNKNOWN,UNKNOWN,ICML,2024
ICML-2024-A011933,Amin Behjati,UNKNOWN,UNKNOWN,ICML,2024
ICML-2024-A011934,Christoph H. Lampert,UNKNOWN,UNKNOWN,ICML,2024
ICML-2024-A011935,Riccardo Zamboni,UNKNOWN,UNKNOWN,ICML,2024
ICML-2024-A011936,Duilio Cirino,UNKNOWN,UNKNOWN,ICML,2024
ICML-2024-A011937,Marcello Restelli,UNKNOWN,UNKNOWN,ICML,2024
ICML-2024-A011938,Mirco Mutti,UNKNOWN,UNKNOWN,ICML,2024
ICML-2024-A011939,Eduard Zamfir,UNKNOWN,UNKNOWN,ICML,2024
ICML-2024-A011940,Zongwei Wu,UNKNOWN,UNKNOWN,ICML,2024
ICML-2024-A011941,Nancy Mehta,UNKNOWN,UNKNOWN,ICML,2024
ICML-2024-A011942,Yulun Zhang,UNKNOWN,UNKNOWN,ICML,2024
ICML-2024-A011943,Radu Timofte,UNKNOWN,UNKNOWN,ICML,2024
ICML-2024-A011944,Zelin Zang,UNKNOWN,UNKNOWN,ICML,2024
ICML-2024-A011945,Hao Luo,UNKNOWN,UNKNOWN,ICML,2024
ICML-2024-A011946,Kai Wang,UNKNOWN,UNKNOWN,ICML,2024
ICML-2024-A011947,Panpan Zhang,UNKNOWN,UNKNOWN,ICML,2024
ICML-2024-A011948,Fan Wang,UNKNOWN,UNKNOWN,ICML,2024
ICML-2024-A011949,Stan Z. Li,UNKNOWN,UNKNOWN,ICML,2024
ICML-2024-A011950,Yang You,UNKNOWN,UNKNOWN,ICML,2024
ICML-2024-A011951,Nikos Zarifis,UNKNOWN,UNKNOWN,ICML,2024
ICML-2024-A011952,Puqian Wang,UNKNOWN,UNKNOWN,ICML,2024
ICML-2024-A011953,Ilias Diakonikolas,UNKNOWN,UNKNOWN,ICML,2024
ICML-2024-A011954,Jelena Diakonikolas,UNKNOWN,UNKNOWN,ICML,2024
ICML-2024-A011955,Sajjad Zarifzadeh,UNKNOWN,UNKNOWN,ICML,2024
ICML-2024-A011956,Philippe Liu,UNKNOWN,UNKNOWN,ICML,2024
ICML-2024-A011957,Reza Shokri,UNKNOWN,UNKNOWN,ICML,2024
ICML-2024-A011958,Sepanta Zeighami,UNKNOWN,UNKNOWN,ICML,2024
ICML-2024-A011959,Cyrus Shahabi,UNKNOWN,UNKNOWN,ICML,2024
ICML-2024-A011960,Zhenghao Zeng,UNKNOWN,UNKNOWN,ICML,2024
ICML-2024-A011961,David Arbour,UNKNOWN,UNKNOWN,ICML,2024
ICML-2024-A011962,Avi Feller,UNKNOWN,UNKNOWN,ICML,2024
ICML-2024-A011963,Raghavendra Addanki,UNKNOWN,UNKNOWN,ICML,2024
ICML-2024-A011964,Ryan A. Rossi,UNKNOWN,UNKNOWN,ICML,2024
ICML-2024-A011965,Ritwik Sinha,UNKNOWN,UNKNOWN,ICML,2024
ICML-2024-A011966,Edward Kennedy,UNKNOWN,UNKNOWN,ICML,2024
ICML-2024-A011967,Junhua Zeng,UNKNOWN,UNKNOWN,ICML,2024
ICML-2024-A011968,Chao Li,UNKNOWN,UNKNOWN,ICML,2024
ICML-2024-A011969,Zhun Sun,UNKNOWN,UNKNOWN,ICML,2024
ICML-2024-A011970,Qibin Zhao,UNKNOWN,UNKNOWN,ICML,2024
ICML-2024-A011971,Guoxu Zhou,UNKNOWN,UNKNOWN,ICML,2024
ICML-2024-A011972,Yongcheng Zeng,UNKNOWN,UNKNOWN,ICML,2024
ICML-2024-A011973,Guoqing Liu,UNKNOWN,UNKNOWN,ICML,2024
ICML-2024-A011974,Weiyu Ma,UNKNOWN,UNKNOWN,ICML,2024
ICML-2024-A011975,Ning Yang,UNKNOWN,UNKNOWN,ICML,2024
ICML-2024-A011976,Haifeng Zhang,UNKNOWN,UNKNOWN,ICML,2024
ICML-2024-A011977,Jun Wang,UNKNOWN,UNKNOWN,ICML,2024
ICML-2024-A011978,Yuwei Zeng,UNKNOWN,UNKNOWN,ICML,2024
ICML-2024-A011979,Yao Mu,UNKNOWN,UNKNOWN,ICML,2024
ICML-2024-A011980,Lin Shao,UNKNOWN,UNKNOWN,ICML,2024
ICML-2024-A011981,Zhichen Zeng,UNKNOWN,UNKNOWN,ICML,2024
ICML-2024-A011982,Ruizhong Qiu,UNKNOWN,UNKNOWN,ICML,2024
ICML-2024-A011983,Zhe Xu,UNKNOWN,UNKNOWN,ICML,2024
ICML-2024-A011984,Zhining Liu,UNKNOWN,UNKNOWN,ICML,2024
ICML-2024-A011985,Yuchen Yan,UNKNOWN,UNKNOWN,ICML,2024
ICML-2024-A011986,Tianxin Wei,UNKNOWN,UNKNOWN,ICML,2024
ICML-2024-A011987,Lei Ying,UNKNOWN,UNKNOWN,ICML,2024
ICML-2024-A011988,Jingrui He,UNKNOWN,UNKNOWN,ICML,2024
ICML-2024-A011989,Hanghang Tong,UNKNOWN,UNKNOWN,ICML,2024
ICML-2024-A011990,Mai Zeng,UNKNOWN,UNKNOWN,ICML,2024
ICML-2024-A011991,Florence Regol,UNKNOWN,UNKNOWN,ICML,2024
ICML-2024-A011992,Mark Coates,UNKNOWN,UNKNOWN,ICML,2024
ICML-2024-A011993,Zhanpeng Zeng,UNKNOWN,UNKNOWN,ICML,2024
ICML-2024-A011994,Karthikeyan Sankaralingam,UNKNOWN,UNKNOWN,ICML,2024
ICML-2024-A011995,Vikas Singh,UNKNOWN,UNKNOWN,ICML,2024
ICML-2024-A011996,Johannes Zenn,UNKNOWN,UNKNOWN,ICML,2024
ICML-2024-A011997,Robert Bamler,UNKNOWN,UNKNOWN,ICML,2024
ICML-2024-A011998,Ali Zeynali,UNKNOWN,UNKNOWN,ICML,2024
ICML-2024-A011999,Shahin Kamali,UNKNOWN,UNKNOWN,ICML,2024
ICML-2024-A012000,Mohammad Hajiesmaili,UNKNOWN,UNKNOWN,ICML,2024
ICML-2024-A012001,Jiaqi Zhai,UNKNOWN,UNKNOWN,ICML,2024
ICML-2024-A012002,Lucy Liao,UNKNOWN,UNKNOWN,ICML,2024
ICML-2024-A012003,Xing Liu,UNKNOWN,UNKNOWN,ICML,2024
ICML-2024-A012004,Yueming Wang,UNKNOWN,UNKNOWN,ICML,2024
ICML-2024-A012005,Rui Li,UNKNOWN,UNKNOWN,ICML,2024
ICML-2024-A012006,Xuan Cao,UNKNOWN,UNKNOWN,ICML,2024
ICML-2024-A012007,Leon Gao,UNKNOWN,UNKNOWN,ICML,2024
ICML-2024-A012008,Zhaojie Gong,UNKNOWN,UNKNOWN,ICML,2024
ICML-2024-A012009,Fangda Gu,UNKNOWN,UNKNOWN,ICML,2024
ICML-2024-A012010,Jiayuan He,UNKNOWN,UNKNOWN,ICML,2024
ICML-2024-A012011,Yinghai Lu,UNKNOWN,UNKNOWN,ICML,2024
ICML-2024-A012012,Yu Shi,UNKNOWN,UNKNOWN,ICML,2024
ICML-2024-A012013,Zhiheng Zhang,UNKNOWN,UNKNOWN,ICML,2024
ICML-2024-A012014,Youzhi Zhang,UNKNOWN,UNKNOWN,ICML,2024
ICML-2024-A012015,Bo An,UNKNOWN,UNKNOWN,ICML,2024
ICML-2024-A012016,Daniel Dajun Zeng,UNKNOWN,UNKNOWN,ICML,2024
ICML-2024-A012017,Junjie Zhang,UNKNOWN,UNKNOWN,ICML,2024
ICML-2024-A012018,Chenjia Bai,UNKNOWN,UNKNOWN,ICML,2024
ICML-2024-A012019,Haoran He,UNKNOWN,UNKNOWN,ICML,2024
ICML-2024-A012020,Zhigang Wang,UNKNOWN,UNKNOWN,ICML,2024
ICML-2024-A012021,Bin Zhao,UNKNOWN,UNKNOWN,ICML,2024
ICML-2024-A012022,Xiu Li,UNKNOWN,UNKNOWN,ICML,2024
ICML-2024-A012023,Xuelong Li,UNKNOWN,UNKNOWN,ICML,2024
ICML-2024-A012024,Lijun Zhang,UNKNOWN,UNKNOWN,ICML,2024
ICML-2024-A012025,Haomin Bai,UNKNOWN,UNKNOWN,ICML,2024
ICML-2024-A012026,Wei-Wei Tu,UNKNOWN,UNKNOWN,ICML,2024
ICML-2024-A012027,Ping Yang,UNKNOWN,UNKNOWN,ICML,2024
ICML-2024-A012028,Yao Hu,UNKNOWN,UNKNOWN,ICML,2024
ICML-2024-A012029,Zhiyu Zhang,UNKNOWN,UNKNOWN,ICML,2024
ICML-2024-A012030,David Bombara,UNKNOWN,UNKNOWN,ICML,2024
ICML-2024-A012031,Heng Yang,UNKNOWN,UNKNOWN,ICML,2024
ICML-2024-A012032,Yuelin Zhang,UNKNOWN,UNKNOWN,ICML,2024
ICML-2024-A012033,Jiacheng Cen,UNKNOWN,UNKNOWN,ICML,2024
ICML-2024-A012034,Jiaqi Han,UNKNOWN,UNKNOWN,ICML,2024
ICML-2024-A012035,Zhiqiang Zhang,UNKNOWN,UNKNOWN,ICML,2024
ICML-2024-A012036,Jun Zhou,UNKNOWN,UNKNOWN,ICML,2024
ICML-2024-A012037,Wenbing Huang,UNKNOWN,UNKNOWN,ICML,2024
ICML-2024-A012038,Tonghe Zhang,UNKNOWN,UNKNOWN,ICML,2024
ICML-2024-A012039,Yu Chen,UNKNOWN,UNKNOWN,ICML,2024
ICML-2024-A012040,Longbo Huang,UNKNOWN,UNKNOWN,ICML,2024
ICML-2024-A012041,Binchi Zhang,UNKNOWN,UNKNOWN,ICML,2024
ICML-2024-A012042,Zihan Chen,UNKNOWN,UNKNOWN,ICML,2024
ICML-2024-A012043,Cong Shen,UNKNOWN,UNKNOWN,ICML,2024
ICML-2024-A012044,Jundong Li,UNKNOWN,UNKNOWN,ICML,2024
ICML-2024-A012045,Bonan Zhang,UNKNOWN,UNKNOWN,ICML,2024
ICML-2024-A012046,Chia-Yu Chen,UNKNOWN,UNKNOWN,ICML,2024
ICML-2024-A012047,Naveen Verma,UNKNOWN,UNKNOWN,ICML,2024
ICML-2024-A012048,Cheng Zhang,UNKNOWN,UNKNOWN,ICML,2024
ICML-2024-A012049,Jianyi Cheng,UNKNOWN,UNKNOWN,ICML,2024
ICML-2024-A012050,George Anthony Constantinides,UNKNOWN,UNKNOWN,ICML,2024
ICML-2024-A012051,Yiren Zhao,UNKNOWN,UNKNOWN,ICML,2024
ICML-2024-A012052,Qinzi Zhang,UNKNOWN,UNKNOWN,ICML,2024
ICML-2024-A012053,Ashok Cutkosky,UNKNOWN,UNKNOWN,ICML,2024
ICML-2024-A012054,Binchi Zhang,UNKNOWN,UNKNOWN,ICML,2024
ICML-2024-A012055,Yushun Dong,UNKNOWN,UNKNOWN,ICML,2024
ICML-2024-A012056,Tianhao Wang,UNKNOWN,UNKNOWN,ICML,2024
ICML-2024-A012057,Jundong Li,UNKNOWN,UNKNOWN,ICML,2024
ICML-2024-A012058,Qi Zhang,UNKNOWN,UNKNOWN,ICML,2024
ICML-2024-A012059,Tianqi Du,UNKNOWN,UNKNOWN,ICML,2024
ICML-2024-A012060,Haotian Huang,UNKNOWN,UNKNOWN,ICML,2024
ICML-2024-A012061,Yifei Wang,UNKNOWN,UNKNOWN,ICML,2024
ICML-2024-A012062,Yisen Wang,UNKNOWN,UNKNOWN,ICML,2024
ICML-2024-A012063,Yuxin Zhang,UNKNOWN,UNKNOWN,ICML,2024
ICML-2024-A012064,Yuxuan Du,UNKNOWN,UNKNOWN,ICML,2024
ICML-2024-A012065,Gen Luo,UNKNOWN,UNKNOWN,ICML,2024
ICML-2024-A012066,Yunshan Zhong,UNKNOWN,UNKNOWN,ICML,2024
ICML-2024-A012067,Zhenyu Zhang,UNKNOWN,UNKNOWN,ICML,2024
ICML-2024-A012068,Shiwei Liu,UNKNOWN,UNKNOWN,ICML,2024
ICML-2024-A012069,Rongrong Ji,UNKNOWN,UNKNOWN,ICML,2024
ICML-2024-A012070,Hanlin Zhang,UNKNOWN,UNKNOWN,ICML,2024
ICML-2024-A012071,Benjamin L. Edelman,UNKNOWN,UNKNOWN,ICML,2024
ICML-2024-A012072,Danilo Francati,UNKNOWN,UNKNOWN,ICML,2024
ICML-2024-A012073,Daniele Venturi,UNKNOWN,UNKNOWN,ICML,2024
ICML-2024-A012074,Giuseppe Ateniese,UNKNOWN,UNKNOWN,ICML,2024
ICML-2024-A012075,Boaz Barak,UNKNOWN,UNKNOWN,ICML,2024
ICML-2024-A012076,Yahong Zhang,UNKNOWN,UNKNOWN,ICML,2024
ICML-2024-A012077,Chenchen Fan,UNKNOWN,UNKNOWN,ICML,2024
ICML-2024-A012078,Donghui Chen,UNKNOWN,UNKNOWN,ICML,2024
ICML-2024-A012079,Congrui Li,UNKNOWN,UNKNOWN,ICML,2024
ICML-2024-A012080,Wenli Ouyang,UNKNOWN,UNKNOWN,ICML,2024
ICML-2024-A012081,Mingda Zhu,UNKNOWN,UNKNOWN,ICML,2024
ICML-2024-A012082,Junchi Yan,UNKNOWN,UNKNOWN,ICML,2024
ICML-2024-A012083,Shuai Zhang,UNKNOWN,UNKNOWN,ICML,2024
ICML-2024-A012084,Heshan Devaka Fernando,UNKNOWN,UNKNOWN,ICML,2024
ICML-2024-A012085,Miao Liu,UNKNOWN,UNKNOWN,ICML,2024
ICML-2024-A012086,Keerthiram Murugesan,UNKNOWN,UNKNOWN,ICML,2024
ICML-2024-A012087,Songtao Lu,UNKNOWN,UNKNOWN,ICML,2024
ICML-2024-A012088,Pin-Yu Chen,UNKNOWN,UNKNOWN,ICML,2024
ICML-2024-A012089,Tianyi Chen,UNKNOWN,UNKNOWN,ICML,2024
ICML-2024-A012090,Meng Wang,UNKNOWN,UNKNOWN,ICML,2024
ICML-2024-A012091,Renhao Zhang,UNKNOWN,UNKNOWN,ICML,2024
ICML-2024-A012092,Haotian Fu,UNKNOWN,UNKNOWN,ICML,2024
ICML-2024-A012093,Yilin Miao,UNKNOWN,UNKNOWN,ICML,2024
ICML-2024-A012094,George Konidaris,UNKNOWN,UNKNOWN,ICML,2024
ICML-2024-A012095,Jiewei Zhang,UNKNOWN,UNKNOWN,ICML,2024
ICML-2024-A012096,Song Guo,UNKNOWN,UNKNOWN,ICML,2024
ICML-2024-A012097,Peiran Dong,UNKNOWN,UNKNOWN,ICML,2024
ICML-2024-A012098,Jie Zhang,UNKNOWN,UNKNOWN,ICML,2024
ICML-2024-A012099,Ziming Liu,UNKNOWN,UNKNOWN,ICML,2024
ICML-2024-A012100,Yue Yu,UNKNOWN,UNKNOWN,ICML,2024
ICML-2024-A012101,Xiao-Ming Wu,UNKNOWN,UNKNOWN,ICML,2024
ICML-2024-A012102,Zhen-Yu Zhang,UNKNOWN,UNKNOWN,ICML,2024
ICML-2024-A012103,Siwei Han,UNKNOWN,UNKNOWN,ICML,2024
ICML-2024-A012104,Huaxiu Yao,UNKNOWN,UNKNOWN,ICML,2024
ICML-2024-A012105,Gang Niu,UNKNOWN,UNKNOWN,ICML,2024
ICML-2024-A012106,Masashi Sugiyama,UNKNOWN,UNKNOWN,ICML,2024
ICML-2024-A012107,Guanhua Zhang,UNKNOWN,UNKNOWN,ICML,2024
ICML-2024-A012108,Moritz Hardt,UNKNOWN,UNKNOWN,ICML,2024
ICML-2024-A012109,Chen Zhang,UNKNOWN,UNKNOWN,ICML,2024
ICML-2024-A012110,Qiang He,UNKNOWN,UNKNOWN,ICML,2024
ICML-2024-A012111,Yuan Zhou,UNKNOWN,UNKNOWN,ICML,2024
ICML-2024-A012112,Elvis S. Liu,UNKNOWN,UNKNOWN,ICML,2024
ICML-2024-A012113,Hong Wang,UNKNOWN,UNKNOWN,ICML,2024
ICML-2024-A012114,Jian Zhao,UNKNOWN,UNKNOWN,ICML,2024
ICML-2024-A012115,Yang Wang,UNKNOWN,UNKNOWN,ICML,2024
ICML-2024-A012116,Yihao Zhang,UNKNOWN,UNKNOWN,ICML,2024
ICML-2024-A012117,Hangzhou He,UNKNOWN,UNKNOWN,ICML,2024
ICML-2024-A012118,Jingyu Zhu,UNKNOWN,UNKNOWN,ICML,2024
ICML-2024-A012119,Huanran Chen,UNKNOWN,UNKNOWN,ICML,2024
ICML-2024-A012120,Yifei Wang,UNKNOWN,UNKNOWN,ICML,2024
ICML-2024-A012121,Zeming Wei,UNKNOWN,UNKNOWN,ICML,2024
ICML-2024-A012122,Jiaqi Zhang,UNKNOWN,UNKNOWN,ICML,2024
ICML-2024-A012123,Joel Jennings,UNKNOWN,UNKNOWN,ICML,2024
ICML-2024-A012124,Agrin Hilmkil,UNKNOWN,UNKNOWN,ICML,2024
ICML-2024-A012125,Nick Pawlowski,UNKNOWN,UNKNOWN,ICML,2024
ICML-2024-A012126,Cheng Zhang,UNKNOWN,UNKNOWN,ICML,2024
ICML-2024-A012127,Chao Ma,UNKNOWN,UNKNOWN,ICML,2024
ICML-2024-A012128,Chi Zhang,UNKNOWN,UNKNOWN,ICML,2024
ICML-2024-A012129,Cheng Jingpu,UNKNOWN,UNKNOWN,ICML,2024
ICML-2024-A012130,Yanyu Xu,UNKNOWN,UNKNOWN,ICML,2024
ICML-2024-A012131,Qianxiao Li,UNKNOWN,UNKNOWN,ICML,2024
ICML-2024-A012132,Shihao Zhang,UNKNOWN,UNKNOWN,ICML,2024
ICML-2024-A012133,Kenji Kawaguchi,UNKNOWN,UNKNOWN,ICML,2024
ICML-2024-A012134,Angela Yao,UNKNOWN,UNKNOWN,ICML,2024
ICML-2024-A012135,Yedi Zhang,UNKNOWN,UNKNOWN,ICML,2024
ICML-2024-A012136,Peter E. Latham,UNKNOWN,UNKNOWN,ICML,2024
ICML-2024-A012137,Andrew M Saxe,UNKNOWN,UNKNOWN,ICML,2024
ICML-2024-A012138,Thomas Tck Zhang,UNKNOWN,UNKNOWN,ICML,2024
ICML-2024-A012139,Bruce D Lee,UNKNOWN,UNKNOWN,ICML,2024
ICML-2024-A012140,Ingvar Ziemann,UNKNOWN,UNKNOWN,ICML,2024
ICML-2024-A012141,George J. Pappas,UNKNOWN,UNKNOWN,ICML,2024
ICML-2024-A012142,Nikolai Matni,UNKNOWN,UNKNOWN,ICML,2024
ICML-2024-A012143,Jingwei Zhang,UNKNOWN,UNKNOWN,ICML,2024
ICML-2024-A012144,Cheuk Ting Li,UNKNOWN,UNKNOWN,ICML,2024
ICML-2024-A012145,Farzan Farnia,UNKNOWN,UNKNOWN,ICML,2024
ICML-2024-A012146,Yihua Zhang,UNKNOWN,UNKNOWN,ICML,2024
ICML-2024-A012147,Pingzhi Li,UNKNOWN,UNKNOWN,ICML,2024
ICML-2024-A012148,Junyuan Hong,UNKNOWN,UNKNOWN,ICML,2024
ICML-2024-A012149,Jiaxiang Li,UNKNOWN,UNKNOWN,ICML,2024
ICML-2024-A012150,Yimeng Zhang,UNKNOWN,UNKNOWN,ICML,2024
ICML-2024-A012151,Wenqing Zheng,UNKNOWN,UNKNOWN,ICML,2024
ICML-2024-A012152,Pin-Yu Chen,UNKNOWN,UNKNOWN,ICML,2024
ICML-2024-A012153,Jason D. Lee,UNKNOWN,UNKNOWN,ICML,2024
ICML-2024-A012154,Wotao Yin,UNKNOWN,UNKNOWN,ICML,2024
ICML-2024-A012155,Mingyi Hong,UNKNOWN,UNKNOWN,ICML,2024
ICML-2024-A012156,Zhangyang Wang,UNKNOWN,UNKNOWN,ICML,2024
ICML-2024-A012157,Sijia Liu,UNKNOWN,UNKNOWN,ICML,2024
ICML-2024-A012158,Tianlong Chen,UNKNOWN,UNKNOWN,ICML,2024
ICML-2024-A012159,Hao Zhang,UNKNOWN,UNKNOWN,ICML,2024
ICML-2024-A012160,Fang Li,UNKNOWN,UNKNOWN,ICML,2024
ICML-2024-A012161,Samyak Rawlekar,UNKNOWN,UNKNOWN,ICML,2024
ICML-2024-A012162,Narendra Ahuja,UNKNOWN,UNKNOWN,ICML,2024
ICML-2024-A012163,Liang Zhang,UNKNOWN,UNKNOWN,ICML,2024
ICML-2024-A012164,Bingcong Li,UNKNOWN,UNKNOWN,ICML,2024
ICML-2024-A012165,Kiran Koshy Thekumparampil,UNKNOWN,UNKNOWN,ICML,2024
ICML-2024-A012166,Sewoong Oh,UNKNOWN,UNKNOWN,ICML,2024
ICML-2024-A012167,Niao He,UNKNOWN,UNKNOWN,ICML,2024
ICML-2024-A012168,Xiao Zhang,UNKNOWN,UNKNOWN,ICML,2024
ICML-2024-A012169,Miao Li,UNKNOWN,UNKNOWN,ICML,2024
ICML-2024-A012170,Ji Wu,UNKNOWN,UNKNOWN,ICML,2024
ICML-2024-A012171,Wanpeng Zhang,UNKNOWN,UNKNOWN,ICML,2024
ICML-2024-A012172,Yilin Li,UNKNOWN,UNKNOWN,ICML,2024
ICML-2024-A012173,Boyu Yang,UNKNOWN,UNKNOWN,ICML,2024
ICML-2024-A012174,Zongqing Lu,UNKNOWN,UNKNOWN,ICML,2024
ICML-2024-A012175,Li Zhang,UNKNOWN,UNKNOWN,ICML,2024
ICML-2024-A012176,Youwei Liang,UNKNOWN,UNKNOWN,ICML,2024
ICML-2024-A012177,Ruiyi Zhang,UNKNOWN,UNKNOWN,ICML,2024
ICML-2024-A012178,Amirhosein Javadi,UNKNOWN,UNKNOWN,ICML,2024
ICML-2024-A012179,Pengtao Xie,UNKNOWN,UNKNOWN,ICML,2024
ICML-2024-A012180,Haoyu Zhang,UNKNOWN,UNKNOWN,ICML,2024
ICML-2024-A012181,Meng Liu,UNKNOWN,UNKNOWN,ICML,2024
ICML-2024-A012182,Zixin Liu,UNKNOWN,UNKNOWN,ICML,2024
ICML-2024-A012183,Xuemeng Song,UNKNOWN,UNKNOWN,ICML,2024
ICML-2024-A012184,Yaowei Wang,UNKNOWN,UNKNOWN,ICML,2024
ICML-2024-A012185,Liqiang Nie,UNKNOWN,UNKNOWN,ICML,2024
ICML-2024-A012186,He Zhang,UNKNOWN,UNKNOWN,ICML,2024
ICML-2024-A012187,Chang Liu,UNKNOWN,UNKNOWN,ICML,2024
ICML-2024-A012188,Zun Wang,UNKNOWN,UNKNOWN,ICML,2024
ICML-2024-A012189,Xinran Wei,UNKNOWN,UNKNOWN,ICML,2024
ICML-2024-A012190,Siyuan Liu,UNKNOWN,UNKNOWN,ICML,2024
ICML-2024-A012191,Nanning Zheng,UNKNOWN,UNKNOWN,ICML,2024
ICML-2024-A012192,Bin Shao,UNKNOWN,UNKNOWN,ICML,2024
ICML-2024-A012193,Tie-Yan Liu,UNKNOWN,UNKNOWN,ICML,2024
ICML-2024-A012194,Yunhao Zhang,UNKNOWN,UNKNOWN,ICML,2024
ICML-2024-A012195,Minghao Liu,UNKNOWN,UNKNOWN,ICML,2024
ICML-2024-A012196,Shengyang Zhou,UNKNOWN,UNKNOWN,ICML,2024
ICML-2024-A012197,Junchi Yan,UNKNOWN,UNKNOWN,ICML,2024
ICML-2024-A012198,Jiacheng Zhang,UNKNOWN,UNKNOWN,ICML,2024
ICML-2024-A012199,Feng Liu,UNKNOWN,UNKNOWN,ICML,2024
ICML-2024-A012200,Dawei Zhou,UNKNOWN,UNKNOWN,ICML,2024
ICML-2024-A012201,Jingfeng Zhang,UNKNOWN,UNKNOWN,ICML,2024
ICML-2024-A012202,Tongliang Liu,UNKNOWN,UNKNOWN,ICML,2024
ICML-2024-A012203,Kai Zhang,UNKNOWN,UNKNOWN,ICML,2024
ICML-2024-A012204,Yi Luan,UNKNOWN,UNKNOWN,ICML,2024
ICML-2024-A012205,Hexiang Hu,UNKNOWN,UNKNOWN,ICML,2024
ICML-2024-A012206,Kenton Lee,UNKNOWN,UNKNOWN,ICML,2024
ICML-2024-A012207,Siyuan Qiao,UNKNOWN,UNKNOWN,ICML,2024
ICML-2024-A012208,Wenhu Chen,UNKNOWN,UNKNOWN,ICML,2024
ICML-2024-A012209,Yu Su,UNKNOWN,UNKNOWN,ICML,2024
ICML-2024-A012210,Ming-Wei Chang,UNKNOWN,UNKNOWN,ICML,2024
ICML-2024-A012211,Buyun Zhang,UNKNOWN,UNKNOWN,ICML,2024
ICML-2024-A012212,Liang Luo,UNKNOWN,UNKNOWN,ICML,2024
ICML-2024-A012213,Yuxin Chen,UNKNOWN,UNKNOWN,ICML,2024
ICML-2024-A012214,Jade Nie,UNKNOWN,UNKNOWN,ICML,2024
ICML-2024-A012215,Xi Liu,UNKNOWN,UNKNOWN,ICML,2024
ICML-2024-A012216,Shen Li,UNKNOWN,UNKNOWN,ICML,2024
ICML-2024-A012217,Yanli Zhao,UNKNOWN,UNKNOWN,ICML,2024
ICML-2024-A012218,Yuchen Hao,UNKNOWN,UNKNOWN,ICML,2024
ICML-2024-A012219,Yantao Yao,UNKNOWN,UNKNOWN,ICML,2024
ICML-2024-A012220,Ellie Dingqiao Wen,UNKNOWN,UNKNOWN,ICML,2024
ICML-2024-A012221,Jongsoo Park,UNKNOWN,UNKNOWN,ICML,2024
ICML-2024-A012222,Maxim Naumov,UNKNOWN,UNKNOWN,ICML,2024
ICML-2024-A012223,Wenlin Chen,UNKNOWN,UNKNOWN,ICML,2024
ICML-2024-A012224,Chen Zhang,UNKNOWN,UNKNOWN,ICML,2024
ICML-2024-A012225,Steven Tin Sui Luo,UNKNOWN,UNKNOWN,ICML,2024
ICML-2024-A012226,Jason Chun Lok Li,UNKNOWN,UNKNOWN,ICML,2024
ICML-2024-A012227,Yik Chung Wu,UNKNOWN,UNKNOWN,ICML,2024
ICML-2024-A012228,Ngai Wong,UNKNOWN,UNKNOWN,ICML,2024
ICML-2024-A012229,Dake Zhang,UNKNOWN,UNKNOWN,ICML,2024
ICML-2024-A012230,Boxiang Lyu,UNKNOWN,UNKNOWN,ICML,2024
ICML-2024-A012231,Shuang Qiu,UNKNOWN,UNKNOWN,ICML,2024
ICML-2024-A012232,Mladen Kolar,UNKNOWN,UNKNOWN,ICML,2024
ICML-2024-A012233,Tong Zhang,UNKNOWN,UNKNOWN,ICML,2024
ICML-2024-A012234,Kaining Zhang,UNKNOWN,UNKNOWN,ICML,2024
ICML-2024-A012235,Jiayi Ma,UNKNOWN,UNKNOWN,ICML,2024
ICML-2024-A012236,Jie Zhang,UNKNOWN,UNKNOWN,ICML,2024
ICML-2024-A012237,Xiaosong Ma,UNKNOWN,UNKNOWN,ICML,2024
ICML-2024-A012238,Song Guo,UNKNOWN,UNKNOWN,ICML,2024
ICML-2024-A012239,Peng Li,UNKNOWN,UNKNOWN,ICML,2024
ICML-2024-A012240,Wenchao Xu,UNKNOWN,UNKNOWN,ICML,2024
ICML-2024-A012241,Xueyang Tang,UNKNOWN,UNKNOWN,ICML,2024
ICML-2024-A012242,Zicong Hong,UNKNOWN,UNKNOWN,ICML,2024
ICML-2024-A012243,Tianjun Zhang,UNKNOWN,UNKNOWN,ICML,2024
ICML-2024-A012244,Aman Madaan,UNKNOWN,UNKNOWN,ICML,2024
ICML-2024-A012245,Luyu Gao,UNKNOWN,UNKNOWN,ICML,2024
ICML-2024-A012246,Steven Zheng,UNKNOWN,UNKNOWN,ICML,2024
ICML-2024-A012247,Swaroop Mishra,UNKNOWN,UNKNOWN,ICML,2024
ICML-2024-A012248,Yiming Yang,UNKNOWN,UNKNOWN,ICML,2024
ICML-2024-A012249,Niket Tandon,UNKNOWN,UNKNOWN,ICML,2024
ICML-2024-A012250,Uri Alon,UNKNOWN,UNKNOWN,ICML,2024
ICML-2024-A012251,Bin Zhang,UNKNOWN,UNKNOWN,ICML,2024
ICML-2024-A012252,Hangyu Mao,UNKNOWN,UNKNOWN,ICML,2024
ICML-2024-A012253,Lijuan Li,UNKNOWN,UNKNOWN,ICML,2024
ICML-2024-A012254,Zhiwei Xu,UNKNOWN,UNKNOWN,ICML,2024
ICML-2024-A012255,Dapeng Li,UNKNOWN,UNKNOWN,ICML,2024
ICML-2024-A012256,Rui Zhao,UNKNOWN,UNKNOWN,ICML,2024
ICML-2024-A012257,Guoliang Fan,UNKNOWN,UNKNOWN,ICML,2024
ICML-2024-A012258,Stephen Zhang,UNKNOWN,UNKNOWN,ICML,2024
ICML-2024-A012259,Vardan Papyan,UNKNOWN,UNKNOWN,ICML,2024
ICML-2024-A012260,Xinwen Zhang,UNKNOWN,UNKNOWN,ICML,2024
ICML-2024-A012261,Ali Payani,UNKNOWN,UNKNOWN,ICML,2024
ICML-2024-A012262,Myungjin Lee,UNKNOWN,UNKNOWN,ICML,2024
ICML-2024-A012263,Richard Souvenir,UNKNOWN,UNKNOWN,ICML,2024
ICML-2024-A012264,Hongchang Gao,UNKNOWN,UNKNOWN,ICML,2024
ICML-2024-A012265,Fangzhao Zhang,UNKNOWN,UNKNOWN,ICML,2024
ICML-2024-A012266,Mert Pilanci,UNKNOWN,UNKNOWN,ICML,2024
ICML-2024-A012267,Muru Zhang,UNKNOWN,UNKNOWN,ICML,2024
ICML-2024-A012268,Ofir Press,UNKNOWN,UNKNOWN,ICML,2024
ICML-2024-A012269,William Merrill,UNKNOWN,UNKNOWN,ICML,2024
ICML-2024-A012270,Alisa Liu,UNKNOWN,UNKNOWN,ICML,2024
ICML-2024-A012271,Noah A. Smith,UNKNOWN,UNKNOWN,ICML,2024
ICML-2024-A012272,Zixin Zhang,UNKNOWN,UNKNOWN,ICML,2024
ICML-2024-A012273,Fan Qi,UNKNOWN,UNKNOWN,ICML,2024
ICML-2024-A012274,Changsheng Xu,UNKNOWN,UNKNOWN,ICML,2024
ICML-2024-A012275,Xiaoyue Zhang,UNKNOWN,UNKNOWN,ICML,2024
ICML-2024-A012276,Hanzhang Qin,UNKNOWN,UNKNOWN,ICML,2024
ICML-2024-A012277,Mabel Chou,UNKNOWN,UNKNOWN,ICML,2024
ICML-2024-A012278,Yulun Zhang,UNKNOWN,UNKNOWN,ICML,2024
ICML-2024-A012279,Haotong Qin,UNKNOWN,UNKNOWN,ICML,2024
ICML-2024-A012280,Zixiang Zhao,UNKNOWN,UNKNOWN,ICML,2024
ICML-2024-A012281,Xianglong Liu,UNKNOWN,UNKNOWN,ICML,2024
ICML-2024-A012282,Martin Danelljan,UNKNOWN,UNKNOWN,ICML,2024
ICML-2024-A012283,Fisher Yu,UNKNOWN,UNKNOWN,ICML,2024
ICML-2024-A012284,Xinyu Zhang,UNKNOWN,UNKNOWN,ICML,2024
ICML-2024-A012285,Wenjie Qiu,UNKNOWN,UNKNOWN,ICML,2024
ICML-2024-A012286,Yi-Chen Li,UNKNOWN,UNKNOWN,ICML,2024
ICML-2024-A012287,Lei Yuan,UNKNOWN,UNKNOWN,ICML,2024
ICML-2024-A012288,Chengxing Jia,UNKNOWN,UNKNOWN,ICML,2024
ICML-2024-A012289,Zongzhang Zhang,UNKNOWN,UNKNOWN,ICML,2024
ICML-2024-A012290,Yang Yu,UNKNOWN,UNKNOWN,ICML,2024
ICML-2024-A012291,Hongming Zhang,UNKNOWN,UNKNOWN,ICML,2024
ICML-2024-A012292,Tongzheng Ren,UNKNOWN,UNKNOWN,ICML,2024
ICML-2024-A012293,Chenjun Xiao,UNKNOWN,UNKNOWN,ICML,2024
ICML-2024-A012294,Dale Schuurmans,UNKNOWN,UNKNOWN,ICML,2024
ICML-2024-A012295,Bo Dai,UNKNOWN,UNKNOWN,ICML,2024
ICML-2024-A012296,Lujing Zhang,UNKNOWN,UNKNOWN,ICML,2024
ICML-2024-A012297,Aaron Roth,UNKNOWN,UNKNOWN,ICML,2024
ICML-2024-A012298,Linjun Zhang,UNKNOWN,UNKNOWN,ICML,2024
ICML-2024-A012299,Qiankun Zhang,UNKNOWN,UNKNOWN,ICML,2024
ICML-2024-A012300,Aocheng Shen,UNKNOWN,UNKNOWN,ICML,2024
ICML-2024-A012301,Boyu Zhang,UNKNOWN,UNKNOWN,ICML,2024
ICML-2024-A012302,Hanrui Jiang,UNKNOWN,UNKNOWN,ICML,2024
ICML-2024-A012303,Bingqian Du,UNKNOWN,UNKNOWN,ICML,2024
ICML-2024-A012304,Zongmeng Zhang,UNKNOWN,UNKNOWN,ICML,2024
ICML-2024-A012305,Yufeng Shi,UNKNOWN,UNKNOWN,ICML,2024
ICML-2024-A012306,Jinhua Zhu,UNKNOWN,UNKNOWN,ICML,2024
ICML-2024-A012307,Wengang Zhou,UNKNOWN,UNKNOWN,ICML,2024
ICML-2024-A012308,Xiang Qi,UNKNOWN,UNKNOWN,ICML,2024
ICML-2024-A012309,Peng Zhang,UNKNOWN,UNKNOWN,ICML,2024
ICML-2024-A012310,Houqiang Li,UNKNOWN,UNKNOWN,ICML,2024
ICML-2024-A012311,Yuyang Zhang,UNKNOWN,UNKNOWN,ICML,2024
ICML-2024-A012312,Shahriar Talebi,UNKNOWN,UNKNOWN,ICML,2024
ICML-2024-A012313,Na Li,UNKNOWN,UNKNOWN,ICML,2024
ICML-2024-A012314,Yifan Zhang,UNKNOWN,UNKNOWN,ICML,2024
ICML-2024-A012315,Zhiquan Tan,UNKNOWN,UNKNOWN,ICML,2024
ICML-2024-A012316,Jingqin Yang,UNKNOWN,UNKNOWN,ICML,2024
ICML-2024-A012317,Weiran Huang,UNKNOWN,UNKNOWN,ICML,2024
ICML-2024-A012318,Yang Yuan,UNKNOWN,UNKNOWN,ICML,2024
ICML-2024-A012319,Shujian Zhang,UNKNOWN,UNKNOWN,ICML,2024
ICML-2024-A012320,Korawat Tanwisuth,UNKNOWN,UNKNOWN,ICML,2024
ICML-2024-A012321,Chengyue Gong,UNKNOWN,UNKNOWN,ICML,2024
ICML-2024-A012322,Pengcheng He,UNKNOWN,UNKNOWN,ICML,2024
ICML-2024-A012323,Mingyuan Zhou,UNKNOWN,UNKNOWN,ICML,2024
ICML-2024-A012324,Wei Zhang,UNKNOWN,UNKNOWN,ICML,2024
ICML-2024-A012325,Chaoqun Wan,UNKNOWN,UNKNOWN,ICML,2024
ICML-2024-A012326,Yonggang Zhang,UNKNOWN,UNKNOWN,ICML,2024
ICML-2024-A012327,Yiu-Ming Cheung,UNKNOWN,UNKNOWN,ICML,2024
ICML-2024-A012328,Xinmei Tian,UNKNOWN,UNKNOWN,ICML,2024
ICML-2024-A012329,Xu Shen,UNKNOWN,UNKNOWN,ICML,2024
ICML-2024-A012330,Jieping Ye,UNKNOWN,UNKNOWN,ICML,2024
ICML-2024-A012331,Dan Zhang,UNKNOWN,UNKNOWN,ICML,2024
ICML-2024-A012332,Jingjing Wang,UNKNOWN,UNKNOWN,ICML,2024
ICML-2024-A012333,Feng Luo,UNKNOWN,UNKNOWN,ICML,2024
ICML-2024-A012334,Zeyang Zhang,UNKNOWN,UNKNOWN,ICML,2024
ICML-2024-A012335,Xin Wang,UNKNOWN,UNKNOWN,ICML,2024
ICML-2024-A012336,Yijian Qin,UNKNOWN,UNKNOWN,ICML,2024
ICML-2024-A012337,Hong Chen,UNKNOWN,UNKNOWN,ICML,2024
ICML-2024-A012338,Ziwei Zhang,UNKNOWN,UNKNOWN,ICML,2024
ICML-2024-A012339,Xu Chu,UNKNOWN,UNKNOWN,ICML,2024
ICML-2024-A012340,Wenwu Zhu,UNKNOWN,UNKNOWN,ICML,2024
ICML-2024-A012341,Zheng Zhang,UNKNOWN,UNKNOWN,ICML,2024
ICML-2024-A012342,Na Wang,UNKNOWN,UNKNOWN,ICML,2024
ICML-2024-A012343,Ziqi Zhang,UNKNOWN,UNKNOWN,ICML,2024
ICML-2024-A012344,Yao Zhang,UNKNOWN,UNKNOWN,ICML,2024
ICML-2024-A012345,Tianyi Zhang,UNKNOWN,UNKNOWN,ICML,2024
ICML-2024-A012346,Jianwei Liu,UNKNOWN,UNKNOWN,ICML,2024
ICML-2024-A012347,Ye Wu,UNKNOWN,UNKNOWN,ICML,2024
ICML-2024-A012348,Jiahan Zhang,UNKNOWN,UNKNOWN,ICML,2024
ICML-2024-A012349,Qi Wei,UNKNOWN,UNKNOWN,ICML,2024
ICML-2024-A012350,Feng Liu,UNKNOWN,UNKNOWN,ICML,2024
ICML-2024-A012351,Lei Feng,UNKNOWN,UNKNOWN,ICML,2024
ICML-2024-A012352,Yang Zhang,UNKNOWN,UNKNOWN,ICML,2024
ICML-2024-A012353,Zhewei Wei,UNKNOWN,UNKNOWN,ICML,2024
ICML-2024-A012354,Ye Yuan,UNKNOWN,UNKNOWN,ICML,2024
ICML-2024-A012355,Chongxuan Li,UNKNOWN,UNKNOWN,ICML,2024
ICML-2024-A012356,Wenbing Huang,UNKNOWN,UNKNOWN,ICML,2024
ICML-2024-A012357,Zhengyan Zhang,UNKNOWN,UNKNOWN,ICML,2024
ICML-2024-A012358,Chaojun Xiao,UNKNOWN,UNKNOWN,ICML,2024
ICML-2024-A012359,Qiujieli Qin,UNKNOWN,UNKNOWN,ICML,2024
ICML-2024-A012360,Yankai Lin,UNKNOWN,UNKNOWN,ICML,2024
ICML-2024-A012361,Zhiyuan Zeng,UNKNOWN,UNKNOWN,ICML,2024
ICML-2024-A012362,Xu Han,UNKNOWN,UNKNOWN,ICML,2024
ICML-2024-A012363,Zhiyuan Liu,UNKNOWN,UNKNOWN,ICML,2024
ICML-2024-A012364,Ruobing Xie,UNKNOWN,UNKNOWN,ICML,2024
ICML-2024-A012365,Maosong Sun,UNKNOWN,UNKNOWN,ICML,2024
ICML-2024-A012366,Jie Zhou,UNKNOWN,UNKNOWN,ICML,2024
ICML-2024-A012367,Kun Zhang,UNKNOWN,UNKNOWN,ICML,2024
ICML-2024-A012368,Shaoan Xie,UNKNOWN,UNKNOWN,ICML,2024
ICML-2024-A012369,Ignavier Ng,UNKNOWN,UNKNOWN,ICML,2024
ICML-2024-A012370,Yujia Zheng,UNKNOWN,UNKNOWN,ICML,2024
ICML-2024-A012371,Jingdong Zhang,UNKNOWN,UNKNOWN,ICML,2024
ICML-2024-A012372,Luan Yang,UNKNOWN,UNKNOWN,ICML,2024
ICML-2024-A012373,Qunxi Zhu,UNKNOWN,UNKNOWN,ICML,2024
ICML-2024-A012374,Wei Lin,UNKNOWN,UNKNOWN,ICML,2024
ICML-2024-A012375,Yulong Zhang,UNKNOWN,UNKNOWN,ICML,2024
ICML-2024-A012376,Yuan Yao,UNKNOWN,UNKNOWN,ICML,2024
ICML-2024-A012377,Shuhao Chen,UNKNOWN,UNKNOWN,ICML,2024
ICML-2024-A012378,Pengrong Jin,UNKNOWN,UNKNOWN,ICML,2024
ICML-2024-A012379,Yu Zhang,UNKNOWN,UNKNOWN,ICML,2024
ICML-2024-A012380,Jian Jin,UNKNOWN,UNKNOWN,ICML,2024
ICML-2024-A012381,Jiangang Lu,UNKNOWN,UNKNOWN,ICML,2024
ICML-2024-A012382,Ao Zhang,UNKNOWN,UNKNOWN,ICML,2024
ICML-2024-A012383,Yuan Yao,UNKNOWN,UNKNOWN,ICML,2024
ICML-2024-A012384,Wei Ji,UNKNOWN,UNKNOWN,ICML,2024
ICML-2024-A012385,Zhiyuan Liu,UNKNOWN,UNKNOWN,ICML,2024
ICML-2024-A012386,Tat-Seng Chua,UNKNOWN,UNKNOWN,ICML,2024
ICML-2024-A012387,Kaihong Zhang,UNKNOWN,UNKNOWN,ICML,2024
ICML-2024-A012388,Heqi Yin,UNKNOWN,UNKNOWN,ICML,2024
ICML-2024-A012389,Feng Liang,UNKNOWN,UNKNOWN,ICML,2024
ICML-2024-A012390,Jingbo Liu,UNKNOWN,UNKNOWN,ICML,2024
ICML-2024-A012391,Weijia Zhang,UNKNOWN,UNKNOWN,ICML,2024
ICML-2024-A012392,Chenlong Yin,UNKNOWN,UNKNOWN,ICML,2024
ICML-2024-A012393,Hao Liu,UNKNOWN,UNKNOWN,ICML,2024
ICML-2024-A012394,Xiaofang Zhou,UNKNOWN,UNKNOWN,ICML,2024
ICML-2024-A012395,Hui Xiong,UNKNOWN,UNKNOWN,ICML,2024
ICML-2024-A012396,Guibin Zhang,UNKNOWN,UNKNOWN,ICML,2024
ICML-2024-A012397,Yanwei Yue,UNKNOWN,UNKNOWN,ICML,2024
ICML-2024-A012398,Kun Wang,UNKNOWN,UNKNOWN,ICML,2024
ICML-2024-A012399,Junfeng Fang,UNKNOWN,UNKNOWN,ICML,2024
ICML-2024-A012400,Yongduo Sui,UNKNOWN,UNKNOWN,ICML,2024
ICML-2024-A012401,Kai Wang,UNKNOWN,UNKNOWN,ICML,2024
ICML-2024-A012402,Yuxuan Liang,UNKNOWN,UNKNOWN,ICML,2024
ICML-2024-A012403,Dawei Cheng,UNKNOWN,UNKNOWN,ICML,2024
ICML-2024-A012404,Shirui Pan,UNKNOWN,UNKNOWN,ICML,2024
ICML-2024-A012405,Tianlong Chen,UNKNOWN,UNKNOWN,ICML,2024
ICML-2024-A012406,Yifan Zhang,UNKNOWN,UNKNOWN,ICML,2024
ICML-2024-A012407,Min-Ling Zhang,UNKNOWN,UNKNOWN,ICML,2024
ICML-2024-A012408,Yexin Zhang,UNKNOWN,UNKNOWN,ICML,2024
ICML-2024-A012409,Chenyi Zhang,UNKNOWN,UNKNOWN,ICML,2024
ICML-2024-A012410,Cong Fang,UNKNOWN,UNKNOWN,ICML,2024
ICML-2024-A012411,Liwei Wang,UNKNOWN,UNKNOWN,ICML,2024
ICML-2024-A012412,Tongyang Li,UNKNOWN,UNKNOWN,ICML,2024
ICML-2024-A012413,Ziyang Zhang,UNKNOWN,UNKNOWN,ICML,2024
ICML-2024-A012414,Qizhen Zhang,UNKNOWN,UNKNOWN,ICML,2024
ICML-2024-A012415,Jakob Nicolaus Foerster,UNKNOWN,UNKNOWN,ICML,2024
ICML-2024-A012416,Yu Zhang,UNKNOWN,UNKNOWN,ICML,2024
ICML-2024-A012417,Qi Zhang,UNKNOWN,UNKNOWN,ICML,2024
ICML-2024-A012418,Zixuan Gong,UNKNOWN,UNKNOWN,ICML,2024
ICML-2024-A012419,Yiwei Shi,UNKNOWN,UNKNOWN,ICML,2024
ICML-2024-A012420,Yepeng Liu,UNKNOWN,UNKNOWN,ICML,2024
ICML-2024-A012421,Duoqian Miao,UNKNOWN,UNKNOWN,ICML,2024
ICML-2024-A012422,Yang Liu,UNKNOWN,UNKNOWN,ICML,2024
ICML-2024-A012423,Ke Liu,UNKNOWN,UNKNOWN,ICML,2024
ICML-2024-A012424,Kun Yi,UNKNOWN,UNKNOWN,ICML,2024
ICML-2024-A012425,Wei Fan,UNKNOWN,UNKNOWN,ICML,2024
ICML-2024-A012426,Liang Hu,UNKNOWN,UNKNOWN,ICML,2024
ICML-2024-A012427,Changwei Wang,UNKNOWN,UNKNOWN,ICML,2024
ICML-2024-A012428,Yulun Zhang,UNKNOWN,UNKNOWN,ICML,2024
ICML-2024-A012429,Kai Zhang,UNKNOWN,UNKNOWN,ICML,2024
ICML-2024-A012430,Luc Van Gool,UNKNOWN,UNKNOWN,ICML,2024
ICML-2024-A012431,Martin Danelljan,UNKNOWN,UNKNOWN,ICML,2024
ICML-2024-A012432,Fisher Yu,UNKNOWN,UNKNOWN,ICML,2024
ICML-2024-A012433,Shaokun Zhang,UNKNOWN,UNKNOWN,ICML,2024
ICML-2024-A012434,Jieyu Zhang,UNKNOWN,UNKNOWN,ICML,2024
ICML-2024-A012435,Jiale Liu,UNKNOWN,UNKNOWN,ICML,2024
ICML-2024-A012436,Linxin Song,UNKNOWN,UNKNOWN,ICML,2024
ICML-2024-A012437,Chi Wang,UNKNOWN,UNKNOWN,ICML,2024
ICML-2024-A012438,Ranjay Krishna,UNKNOWN,UNKNOWN,ICML,2024
ICML-2024-A012439,Qingyun Wu,UNKNOWN,UNKNOWN,ICML,2024
ICML-2024-A012440,Mengxiao Zhang,UNKNOWN,UNKNOWN,ICML,2024
ICML-2024-A012441,Yuheng Zhang,UNKNOWN,UNKNOWN,ICML,2024
ICML-2024-A012442,Haipeng Luo,UNKNOWN,UNKNOWN,ICML,2024
ICML-2024-A012443,Paul Mineiro,UNKNOWN,UNKNOWN,ICML,2024
ICML-2024-A012444,Weizhong Zhang,UNKNOWN,UNKNOWN,ICML,2024
ICML-2024-A012445,Zhiwei Zhang,UNKNOWN,UNKNOWN,ICML,2024
ICML-2024-A012446,Renjie Pi,UNKNOWN,UNKNOWN,ICML,2024
ICML-2024-A012447,Zhongming Jin,UNKNOWN,UNKNOWN,ICML,2024
ICML-2024-A012448,Yuan Gao,UNKNOWN,UNKNOWN,ICML,2024
ICML-2024-A012449,Jieping Ye,UNKNOWN,UNKNOWN,ICML,2024
ICML-2024-A012450,Kani Chen,UNKNOWN,UNKNOWN,ICML,2024
ICML-2024-A012451,Yuchen Zhang,UNKNOWN,UNKNOWN,ICML,2024
ICML-2024-A012452,Tianle Zhang,UNKNOWN,UNKNOWN,ICML,2024
ICML-2024-A012453,Kai Wang,UNKNOWN,UNKNOWN,ICML,2024
ICML-2024-A012454,Ziyao Guo,UNKNOWN,UNKNOWN,ICML,2024
ICML-2024-A012455,Yuxuan Liang,UNKNOWN,UNKNOWN,ICML,2024
ICML-2024-A012456,Xavier Bresson,UNKNOWN,UNKNOWN,ICML,2024
ICML-2024-A012457,Wei Jin,UNKNOWN,UNKNOWN,ICML,2024
ICML-2024-A012458,Yang You,UNKNOWN,UNKNOWN,ICML,2024
ICML-2024-A012459,Ziyi Zhang,UNKNOWN,UNKNOWN,ICML,2024
ICML-2024-A012460,Sen Zhang,UNKNOWN,UNKNOWN,ICML,2024
ICML-2024-A012461,Yibing Zhan,UNKNOWN,UNKNOWN,ICML,2024
ICML-2024-A012462,Yong Luo,UNKNOWN,UNKNOWN,ICML,2024
ICML-2024-A012463,Yonggang Wen,UNKNOWN,UNKNOWN,ICML,2024
ICML-2024-A012464,Dacheng Tao,UNKNOWN,UNKNOWN,ICML,2024
ICML-2024-A012465,Junkai Zhang,UNKNOWN,UNKNOWN,ICML,2024
ICML-2024-A012466,Weitong Zhang,UNKNOWN,UNKNOWN,ICML,2024
ICML-2024-A012467,Dongruo Zhou,UNKNOWN,UNKNOWN,ICML,2024
ICML-2024-A012468,Quanquan Gu,UNKNOWN,UNKNOWN,ICML,2024
ICML-2024-A012469,Tianren Zhang,UNKNOWN,UNKNOWN,ICML,2024
ICML-2024-A012470,Chujie Zhao,UNKNOWN,UNKNOWN,ICML,2024
ICML-2024-A012471,Guanyu Chen,UNKNOWN,UNKNOWN,ICML,2024
ICML-2024-A012472,Yizhou Jiang,UNKNOWN,UNKNOWN,ICML,2024
ICML-2024-A012473,Feng Chen,UNKNOWN,UNKNOWN,ICML,2024
ICML-2024-A012474,Bohang Zhang,UNKNOWN,UNKNOWN,ICML,2024
ICML-2024-A012475,Lingxiao Zhao,UNKNOWN,UNKNOWN,ICML,2024
ICML-2024-A012476,Haggai Maron,UNKNOWN,UNKNOWN,ICML,2024
ICML-2024-A012477,Edwin Zhang,UNKNOWN,UNKNOWN,ICML,2024
ICML-2024-A012478,Sadie Zhao,UNKNOWN,UNKNOWN,ICML,2024
ICML-2024-A012479,Tonghan Wang,UNKNOWN,UNKNOWN,ICML,2024
ICML-2024-A012480,Safwan Hossain,UNKNOWN,UNKNOWN,ICML,2024
ICML-2024-A012481,Henry Gasztowtt,UNKNOWN,UNKNOWN,ICML,2024
ICML-2024-A012482,Stephan Zheng,UNKNOWN,UNKNOWN,ICML,2024
ICML-2024-A012483,David C. Parkes,UNKNOWN,UNKNOWN,ICML,2024
ICML-2024-A012484,Milind Tambe,UNKNOWN,UNKNOWN,ICML,2024
ICML-2024-A012485,Yiling Chen,UNKNOWN,UNKNOWN,ICML,2024
ICML-2024-A012486,Shuai Zhang,UNKNOWN,UNKNOWN,ICML,2024
ICML-2024-A012487,Chuan Zhou,UNKNOWN,UNKNOWN,ICML,2024
ICML-2024-A012488,Yang Aron Liu,UNKNOWN,UNKNOWN,ICML,2024
ICML-2024-A012489,Peng Zhang,UNKNOWN,UNKNOWN,ICML,2024
ICML-2024-A012490,Xixun Lin,UNKNOWN,UNKNOWN,ICML,2024
ICML-2024-A012491,Zhi-Ming Ma,UNKNOWN,UNKNOWN,ICML,2024
ICML-2024-A012492,Huijie Zhang,UNKNOWN,UNKNOWN,ICML,2024
ICML-2024-A012493,Jinfan Zhou,UNKNOWN,UNKNOWN,ICML,2024
ICML-2024-A012494,Yifu Lu,UNKNOWN,UNKNOWN,ICML,2024
ICML-2024-A012495,Minzhe Guo,UNKNOWN,UNKNOWN,ICML,2024
ICML-2024-A012496,Peng Wang,UNKNOWN,UNKNOWN,ICML,2024
ICML-2024-A012497,Liyue Shen,UNKNOWN,UNKNOWN,ICML,2024
ICML-2024-A012498,Qing Qu,UNKNOWN,UNKNOWN,ICML,2024
ICML-2024-A012499,Kui Zhang,UNKNOWN,UNKNOWN,ICML,2024
ICML-2024-A012500,Hang Zhou,UNKNOWN,UNKNOWN,ICML,2024
ICML-2024-A012501,Jie Zhang,UNKNOWN,UNKNOWN,ICML,2024
ICML-2024-A012502,Wenbo Zhou,UNKNOWN,UNKNOWN,ICML,2024
ICML-2024-A012503,Weiming Zhang,UNKNOWN,UNKNOWN,ICML,2024
ICML-2024-A012504,Nenghai Yu,UNKNOWN,UNKNOWN,ICML,2024
ICML-2024-A012505,Jinlu Zhang,UNKNOWN,UNKNOWN,ICML,2024
ICML-2024-A012506,Yiyi Zhou,UNKNOWN,UNKNOWN,ICML,2024
ICML-2024-A012507,Qiancheng Zheng,UNKNOWN,UNKNOWN,ICML,2024
ICML-2024-A012508,Xiaoxiong Du,UNKNOWN,UNKNOWN,ICML,2024
ICML-2024-A012509,Gen Luo,UNKNOWN,UNKNOWN,ICML,2024
ICML-2024-A012510,Jun Peng,UNKNOWN,UNKNOWN,ICML,2024
ICML-2024-A012511,Xiaoshuai Sun,UNKNOWN,UNKNOWN,ICML,2024
ICML-2024-A012512,Rongrong Ji,UNKNOWN,UNKNOWN,ICML,2024
ICML-2024-A012513,Zhihao Zhang,UNKNOWN,UNKNOWN,ICML,2024
ICML-2024-A012514,Alan Zhu,UNKNOWN,UNKNOWN,ICML,2024
ICML-2024-A012515,Lijie Yang,UNKNOWN,UNKNOWN,ICML,2024
ICML-2024-A012516,Yihua Xu,UNKNOWN,UNKNOWN,ICML,2024
ICML-2024-A012517,Lanting Li,UNKNOWN,UNKNOWN,ICML,2024
ICML-2024-A012518,Phitchaya Mangpo Phothilimthana,UNKNOWN,UNKNOWN,ICML,2024
ICML-2024-A012519,Zhihao Jia,UNKNOWN,UNKNOWN,ICML,2024
ICML-2024-A012520,Dora Zhao,UNKNOWN,UNKNOWN,ICML,2024
ICML-2024-A012521,Jerone Andrews,UNKNOWN,UNKNOWN,ICML,2024
ICML-2024-A012522,Orestis Papakyriakopoulos,UNKNOWN,UNKNOWN,ICML,2024
ICML-2024-A012523,Alice Xiang,UNKNOWN,UNKNOWN,ICML,2024
ICML-2024-A012524,Hao Zhao,UNKNOWN,UNKNOWN,ICML,2024
ICML-2024-A012525,Maksym Andriushchenko,UNKNOWN,UNKNOWN,ICML,2024
ICML-2024-A012526,Francesco Croce,UNKNOWN,UNKNOWN,ICML,2024
ICML-2024-A012527,Nicolas Flammarion,UNKNOWN,UNKNOWN,ICML,2024
ICML-2024-A012528,Stephen Zhao,UNKNOWN,UNKNOWN,ICML,2024
ICML-2024-A012529,Rob Brekelmans,UNKNOWN,UNKNOWN,ICML,2024
ICML-2024-A012530,Alireza Makhzani,UNKNOWN,UNKNOWN,ICML,2024
ICML-2024-A012531,Roger Baker Grosse,UNKNOWN,UNKNOWN,ICML,2024
ICML-2024-A012532,Zixiang Zhao,UNKNOWN,UNKNOWN,ICML,2024
ICML-2024-A012533,Lilun Deng,UNKNOWN,UNKNOWN,ICML,2024
ICML-2024-A012534,Haowen Bai,UNKNOWN,UNKNOWN,ICML,2024
ICML-2024-A012535,Yukun Cui,UNKNOWN,UNKNOWN,ICML,2024
ICML-2024-A012536,Zhipeng Zhang,UNKNOWN,UNKNOWN,ICML,2024
ICML-2024-A012537,Yulun Zhang,UNKNOWN,UNKNOWN,ICML,2024
ICML-2024-A012538,Haotong Qin,UNKNOWN,UNKNOWN,ICML,2024
ICML-2024-A012539,Dongdong Chen,UNKNOWN,UNKNOWN,ICML,2024
ICML-2024-A012540,Jiangshe Zhang,UNKNOWN,UNKNOWN,ICML,2024
ICML-2024-A012541,Peng Wang,UNKNOWN,UNKNOWN,ICML,2024
ICML-2024-A012542,Luc Van Gool,UNKNOWN,UNKNOWN,ICML,2024
ICML-2024-A012543,Jiachen Zhao,UNKNOWN,UNKNOWN,ICML,2024
ICML-2024-A012544,Zhun Deng,UNKNOWN,UNKNOWN,ICML,2024
ICML-2024-A012545,David Madras,UNKNOWN,UNKNOWN,ICML,2024
ICML-2024-A012546,James Zou,UNKNOWN,UNKNOWN,ICML,2024
ICML-2024-A012547,Mengye Ren,UNKNOWN,UNKNOWN,ICML,2024
ICML-2024-A012548,Long Zhao,Google,UNKNOWN,ICML,2024
ICML-2024-A012549,Nitesh Bharadwaj Gundavarapu,Google,UNKNOWN,ICML,2024
ICML-2024-A012550,Liangzhe Yuan,Google,UNKNOWN,ICML,2024
ICML-2024-A012551,Hao Zhou,Google,UNKNOWN,ICML,2024
ICML-2024-A012552,Shen Yan,Google,UNKNOWN,ICML,2024
ICML-2024-A012553,Jennifer J. Sun,Google,UNKNOWN,ICML,2024
ICML-2024-A012554,Luke Friedman,Google,UNKNOWN,ICML,2024
ICML-2024-A012555,Rui Qian,Google,UNKNOWN,ICML,2024
ICML-2024-A012556,Tobias Weyand,Google,UNKNOWN,ICML,2024
ICML-2024-A012557,Yue Zhao,Google,UNKNOWN,ICML,2024
ICML-2024-A012558,Rachel Hornung,Google,UNKNOWN,ICML,2024
ICML-2024-A012559,Florian Schroff,Google,UNKNOWN,ICML,2024
ICML-2024-A012560,Ming-Hsuan Yang,Google,UNKNOWN,ICML,2024
ICML-2024-A012561,David A Ross,Google,UNKNOWN,ICML,2024
ICML-2024-A012562,Huisheng Wang,Google,UNKNOWN,ICML,2024
ICML-2024-A012563,Hartwig Adam,Google,UNKNOWN,ICML,2024
ICML-2024-A012564,Mikhail Sirotenko,Google,UNKNOWN,ICML,2024
ICML-2024-A012565,Ting Liu,Google,UNKNOWN,ICML,2024
ICML-2024-A012566,Boqing Gong,Google,UNKNOWN,ICML,2024
ICML-2024-A012567,Bowen Zhao,UNKNOWN,UNKNOWN,ICML,2024
ICML-2024-A012568,Hannaneh Hajishirzi,UNKNOWN,UNKNOWN,ICML,2024
ICML-2024-A012569,Qingqing Cao,UNKNOWN,UNKNOWN,ICML,2024
ICML-2024-A012570,Xueliang Zhao,UNKNOWN,UNKNOWN,ICML,2024
ICML-2024-A012571,Wenda Li,UNKNOWN,UNKNOWN,ICML,2024
ICML-2024-A012572,Lingpeng Kong,UNKNOWN,UNKNOWN,ICML,2024
ICML-2024-A012573,Weiye Zhao,UNKNOWN,UNKNOWN,ICML,2024
ICML-2024-A012574,Feihan Li,UNKNOWN,UNKNOWN,ICML,2024
ICML-2024-A012575,Yifan Sun,UNKNOWN,UNKNOWN,ICML,2024
ICML-2024-A012576,Rui Chen,UNKNOWN,UNKNOWN,ICML,2024
ICML-2024-A012577,Tianhao Wei,UNKNOWN,UNKNOWN,ICML,2024
ICML-2024-A012578,Changliu Liu,UNKNOWN,UNKNOWN,ICML,2024
ICML-2024-A012579,Xiaoqi Zhao,UNKNOWN,UNKNOWN,ICML,2024
ICML-2024-A012580,Youwei Pang,UNKNOWN,UNKNOWN,ICML,2024
ICML-2024-A012581,Wei Ji,UNKNOWN,UNKNOWN,ICML,2024
ICML-2024-A012582,Baicheng Sheng,UNKNOWN,UNKNOWN,ICML,2024
ICML-2024-A012583,Jiaming Zuo,UNKNOWN,UNKNOWN,ICML,2024
ICML-2024-A012584,Lihe Zhang,UNKNOWN,UNKNOWN,ICML,2024
ICML-2024-A012585,Huchuan Lu,UNKNOWN,UNKNOWN,ICML,2024
ICML-2024-A012586,Chenxu Zhao,UNKNOWN,UNKNOWN,ICML,2024
ICML-2024-A012587,Wei Qian,UNKNOWN,UNKNOWN,ICML,2024
ICML-2024-A012588,Yangyi Li,UNKNOWN,UNKNOWN,ICML,2024
ICML-2024-A012589,Aobo Chen,UNKNOWN,UNKNOWN,ICML,2024
ICML-2024-A012590,Mengdi Huai,UNKNOWN,UNKNOWN,ICML,2024
ICML-2024-A012591,Jiaming Zhao,UNKNOWN,UNKNOWN,ICML,2024
ICML-2024-A012592,Wenbo Qiao,UNKNOWN,UNKNOWN,ICML,2024
ICML-2024-A012593,Peng Zhang,UNKNOWN,UNKNOWN,ICML,2024
ICML-2024-A012594,Hui Gao,UNKNOWN,UNKNOWN,ICML,2024
ICML-2024-A012595,Lei Zhao,UNKNOWN,UNKNOWN,ICML,2024
ICML-2024-A012596,Mengdi Wang,UNKNOWN,UNKNOWN,ICML,2024
ICML-2024-A012597,Yu Bai,UNKNOWN,UNKNOWN,ICML,2024
ICML-2024-A012598,Xuyang Zhao,UNKNOWN,UNKNOWN,ICML,2024
ICML-2024-A012599,Huiyuan Wang,UNKNOWN,UNKNOWN,ICML,2024
ICML-2024-A012600,Weiran Huang,UNKNOWN,UNKNOWN,ICML,2024
ICML-2024-A012601,Wei Lin,UNKNOWN,UNKNOWN,ICML,2024
ICML-2024-A012602,Zhe Zhao,UNKNOWN,UNKNOWN,ICML,2024
ICML-2024-A012603,Pengkun Wang,UNKNOWN,UNKNOWN,ICML,2024
ICML-2024-A012604,Haibin Wen,UNKNOWN,UNKNOWN,ICML,2024
ICML-2024-A012605,Wei Xu,UNKNOWN,UNKNOWN,ICML,2024
ICML-2024-A012606,Lai Song,UNKNOWN,UNKNOWN,ICML,2024
ICML-2024-A012607,Qingfu Zhang,UNKNOWN,UNKNOWN,ICML,2024
ICML-2024-A012608,Yang Wang,UNKNOWN,UNKNOWN,ICML,2024
ICML-2024-A012609,Chenyang Zhao,UNKNOWN,UNKNOWN,ICML,2024
ICML-2024-A012610,Kun Wang,UNKNOWN,UNKNOWN,ICML,2024
ICML-2024-A012611,Xingyu Zeng,UNKNOWN,UNKNOWN,ICML,2024
ICML-2024-A012612,Rui Zhao,UNKNOWN,UNKNOWN,ICML,2024
ICML-2024-A012613,Antoni B. Chan,UNKNOWN,UNKNOWN,ICML,2024
ICML-2024-A012614,Qinlin Zhao,UNKNOWN,UNKNOWN,ICML,2024
ICML-2024-A012615,Jindong Wang,UNKNOWN,UNKNOWN,ICML,2024
ICML-2024-A012616,Yixuan Zhang,UNKNOWN,UNKNOWN,ICML,2024
ICML-2024-A012617,Yiqiao Jin,UNKNOWN,UNKNOWN,ICML,2024
ICML-2024-A012618,Kaijie Zhu,UNKNOWN,UNKNOWN,ICML,2024
ICML-2024-A012619,Hao Chen,UNKNOWN,UNKNOWN,ICML,2024
ICML-2024-A012620,Xing Xie,UNKNOWN,UNKNOWN,ICML,2024
ICML-2024-A012621,Xingyi Zhao,UNKNOWN,UNKNOWN,ICML,2024
ICML-2024-A012622,Depeng Xu,UNKNOWN,UNKNOWN,ICML,2024
ICML-2024-A012623,Shuhan Yuan,UNKNOWN,UNKNOWN,ICML,2024
ICML-2024-A012624,Jiawei Zhao,UNKNOWN,UNKNOWN,ICML,2024
ICML-2024-A012625,Zhenyu Zhang,UNKNOWN,UNKNOWN,ICML,2024
ICML-2024-A012626,Beidi Chen,UNKNOWN,UNKNOWN,ICML,2024
ICML-2024-A012627,Zhangyang Wang,UNKNOWN,UNKNOWN,ICML,2024
ICML-2024-A012628,Anima Anandkumar,UNKNOWN,UNKNOWN,ICML,2024
ICML-2024-A012629,Yuandong Tian,UNKNOWN,UNKNOWN,ICML,2024
ICML-2024-A012630,Yang Zhao,UNKNOWN,UNKNOWN,ICML,2024
ICML-2024-A012631,Hao Zhang,UNKNOWN,UNKNOWN,ICML,2024
ICML-2024-A012632,Xiuyuan Hu,UNKNOWN,UNKNOWN,ICML,2024
ICML-2024-A012633,Suyuan Zhao,UNKNOWN,UNKNOWN,ICML,2024
ICML-2024-A012634,Jiahuan Zhang,UNKNOWN,UNKNOWN,ICML,2024
ICML-2024-A012635,Yushuai Wu,UNKNOWN,UNKNOWN,ICML,2024
ICML-2024-A012636,Yizhen Luo,UNKNOWN,UNKNOWN,ICML,2024
ICML-2024-A012637,Zaiqing Nie,UNKNOWN,UNKNOWN,ICML,2024
ICML-2024-A012638,Wenshuai Zhao,UNKNOWN,UNKNOWN,ICML,2024
ICML-2024-A012639,Yi Zhao,UNKNOWN,UNKNOWN,ICML,2024
ICML-2024-A012640,Zhiyuan Li,UNKNOWN,UNKNOWN,ICML,2024
ICML-2024-A012641,Juho Kannala,UNKNOWN,UNKNOWN,ICML,2024
ICML-2024-A012642,Joni Pajarinen,UNKNOWN,UNKNOWN,ICML,2024
ICML-2024-A012643,Maksim Zhdanov,UNKNOWN,UNKNOWN,ICML,2024
ICML-2024-A012644,David Ruhe,UNKNOWN,UNKNOWN,ICML,2024
ICML-2024-A012645,Maurice Weiler,UNKNOWN,UNKNOWN,ICML,2024
ICML-2024-A012646,Ana Lucic,UNKNOWN,UNKNOWN,ICML,2024
ICML-2024-A012647,Johannes Brandstetter,UNKNOWN,UNKNOWN,ICML,2024
ICML-2024-A012648,Patrick Forré,UNKNOWN,UNKNOWN,ICML,2024
ICML-2024-A012649,Haoyu Zhen,UNKNOWN,UNKNOWN,ICML,2024
ICML-2024-A012650,Xiaowen Qiu,UNKNOWN,UNKNOWN,ICML,2024
ICML-2024-A012651,Peihao Chen,UNKNOWN,UNKNOWN,ICML,2024
ICML-2024-A012652,Jincheng Yang,UNKNOWN,UNKNOWN,ICML,2024
ICML-2024-A012653,Xin Yan,UNKNOWN,UNKNOWN,ICML,2024
ICML-2024-A012654,Yilun Du,UNKNOWN,UNKNOWN,ICML,2024
ICML-2024-A012655,Yining Hong,UNKNOWN,UNKNOWN,ICML,2024
ICML-2024-A012656,Chuang Gan,UNKNOWN,UNKNOWN,ICML,2024
ICML-2024-A012657,Sirui Zheng,UNKNOWN,UNKNOWN,ICML,2024
ICML-2024-A012658,Chenjia Bai,UNKNOWN,UNKNOWN,ICML,2024
ICML-2024-A012659,Zhuoran Yang,UNKNOWN,UNKNOWN,ICML,2024
ICML-2024-A012660,Zhaoran Wang,UNKNOWN,UNKNOWN,ICML,2024
ICML-2024-A012661,Ruijie Zheng,UNKNOWN,UNKNOWN,ICML,2024
ICML-2024-A012662,Ching-An Cheng,UNKNOWN,UNKNOWN,ICML,2024
ICML-2024-A012663,Hal Daumé Iii,UNKNOWN,UNKNOWN,ICML,2024
ICML-2024-A012664,Furong Huang,UNKNOWN,UNKNOWN,ICML,2024
ICML-2024-A012665,Andrey Kolobov,UNKNOWN,UNKNOWN,ICML,2024
ICML-2024-A012666,Kaiping Zheng,UNKNOWN,UNKNOWN,ICML,2024
ICML-2024-A012667,Horng-Ruey Chua,UNKNOWN,UNKNOWN,ICML,2024
ICML-2024-A012668,Melanie Herschel,UNKNOWN,UNKNOWN,ICML,2024
ICML-2024-A012669,H. V. Jagadish,UNKNOWN,UNKNOWN,ICML,2024
ICML-2024-A012670,Beng Chin Ooi,UNKNOWN,UNKNOWN,ICML,2024
ICML-2024-A012671,James Wei Luen Yip,UNKNOWN,UNKNOWN,ICML,2024
ICML-2024-A012672,Haoyang Zheng,UNKNOWN,UNKNOWN,ICML,2024
ICML-2024-A012673,Hengrong Du,UNKNOWN,UNKNOWN,ICML,2024
ICML-2024-A012674,Qi Feng,UNKNOWN,UNKNOWN,ICML,2024
ICML-2024-A012675,Wei Deng,UNKNOWN,UNKNOWN,ICML,2024
ICML-2024-A012676,Guang Lin,UNKNOWN,UNKNOWN,ICML,2024
ICML-2024-A012677,Boyuan Zheng,UNKNOWN,UNKNOWN,ICML,2024
ICML-2024-A012678,Boyu Gou,UNKNOWN,UNKNOWN,ICML,2024
ICML-2024-A012679,Jihyung Kil,UNKNOWN,UNKNOWN,ICML,2024
ICML-2024-A012680,Huan Sun,UNKNOWN,UNKNOWN,ICML,2024
ICML-2024-A012681,Yu Su,UNKNOWN,UNKNOWN,ICML,2024
ICML-2024-A012682,Candi Zheng,UNKNOWN,UNKNOWN,ICML,2024
ICML-2024-A012683,Yuan Lan,UNKNOWN,UNKNOWN,ICML,2024
ICML-2024-A012684,Ruijie Zheng,UNKNOWN,UNKNOWN,ICML,2024
ICML-2024-A012685,Yongyuan Liang,UNKNOWN,UNKNOWN,ICML,2024
ICML-2024-A012686,Xiyao Wang,UNKNOWN,UNKNOWN,ICML,2024
ICML-2024-A012687,Shuang Ma,UNKNOWN,UNKNOWN,ICML,2024
ICML-2024-A012688,Hal Daumé Iii,UNKNOWN,UNKNOWN,ICML,2024
ICML-2024-A012689,Huazhe Xu,UNKNOWN,UNKNOWN,ICML,2024
ICML-2024-A012690,John Langford,UNKNOWN,UNKNOWN,ICML,2024
ICML-2024-A012691,Praveen Palanisamy,UNKNOWN,UNKNOWN,ICML,2024
ICML-2024-A012692,Kalyan Shankar Basu,UNKNOWN,UNKNOWN,ICML,2024
ICML-2024-A012693,Furong Huang,UNKNOWN,UNKNOWN,ICML,2024
ICML-2024-A012694,Kangjie Zheng,UNKNOWN,UNKNOWN,ICML,2024
ICML-2024-A012695,Siyu Long,UNKNOWN,UNKNOWN,ICML,2024
ICML-2024-A012696,Tianyu Lu,UNKNOWN,UNKNOWN,ICML,2024
ICML-2024-A012697,Junwei Yang,UNKNOWN,UNKNOWN,ICML,2024
ICML-2024-A012698,Xinyu Dai,UNKNOWN,UNKNOWN,ICML,2024
ICML-2024-A012699,Ming Zhang,UNKNOWN,UNKNOWN,ICML,2024
ICML-2024-A012700,Zaiqing Nie,UNKNOWN,UNKNOWN,ICML,2024
ICML-2024-A012701,Wei-Ying Ma,UNKNOWN,UNKNOWN,ICML,2024
ICML-2024-A012702,Hao Zhou,UNKNOWN,UNKNOWN,ICML,2024
ICML-2024-A012703,Zhisheng Zheng,UNKNOWN,UNKNOWN,ICML,2024
ICML-2024-A012704,Puyuan Peng,UNKNOWN,UNKNOWN,ICML,2024
ICML-2024-A012705,Ziyang Ma,UNKNOWN,UNKNOWN,ICML,2024
ICML-2024-A012706,Xie Chen,UNKNOWN,UNKNOWN,ICML,2024
ICML-2024-A012707,Eunsol Choi,UNKNOWN,UNKNOWN,ICML,2024
ICML-2024-A012708,David Harwath,UNKNOWN,UNKNOWN,ICML,2024
ICML-2024-A012709,Frédéric Zheng,UNKNOWN,UNKNOWN,ICML,2024
ICML-2024-A012710,Alexandre Proutiere,UNKNOWN,UNKNOWN,ICML,2024
ICML-2024-A012711,Yujia Zheng,UNKNOWN,UNKNOWN,ICML,2024
ICML-2024-A012712,Zeyu Tang,UNKNOWN,UNKNOWN,ICML,2024
ICML-2024-A012713,Yiwen Qiu,UNKNOWN,UNKNOWN,ICML,2024
ICML-2024-A012714,Bernhard Schölkopf,UNKNOWN,UNKNOWN,ICML,2024
ICML-2024-A012715,Kun Zhang,UNKNOWN,UNKNOWN,ICML,2024
ICML-2024-A012716,Zhicheng Zheng,UNKNOWN,UNKNOWN,ICML,2024
ICML-2024-A012717,Xin Yan,UNKNOWN,UNKNOWN,ICML,2024
ICML-2024-A012718,Zhenfang Chen,UNKNOWN,UNKNOWN,ICML,2024
ICML-2024-A012719,Jingzhou Wang,UNKNOWN,UNKNOWN,ICML,2024
ICML-2024-A012720,Qin Zhi Eddie Lim,UNKNOWN,UNKNOWN,ICML,2024
ICML-2024-A012721,Joshua B. Tenenbaum,UNKNOWN,UNKNOWN,ICML,2024
ICML-2024-A012722,Chuang Gan,UNKNOWN,UNKNOWN,ICML,2024
ICML-2024-A012723,Zhi Zheng,UNKNOWN,UNKNOWN,ICML,2024
ICML-2024-A012724,Shunyu Yao,UNKNOWN,UNKNOWN,ICML,2024
ICML-2024-A012725,Zhenkun Wang,UNKNOWN,UNKNOWN,ICML,2024
ICML-2024-A012726,Tong Xialiang,UNKNOWN,UNKNOWN,ICML,2024
ICML-2024-A012727,Mingxuan Yuan,UNKNOWN,UNKNOWN,ICML,2024
ICML-2024-A012728,Ke Tang,UNKNOWN,UNKNOWN,ICML,2024
ICML-2024-A012729,Chujie Zheng,UNKNOWN,UNKNOWN,ICML,2024
ICML-2024-A012730,Fan Yin,UNKNOWN,UNKNOWN,ICML,2024
ICML-2024-A012731,Hao Zhou,UNKNOWN,UNKNOWN,ICML,2024
ICML-2024-A012732,Fandong Meng,UNKNOWN,UNKNOWN,ICML,2024
ICML-2024-A012733,Jie Zhou,UNKNOWN,UNKNOWN,ICML,2024
ICML-2024-A012734,Kai-Wei Chang,UNKNOWN,UNKNOWN,ICML,2024
ICML-2024-A012735,Minlie Huang,UNKNOWN,UNKNOWN,ICML,2024
ICML-2024-A012736,Nanyun Peng,UNKNOWN,UNKNOWN,ICML,2024
ICML-2024-A012737,Lin Zheng,UNKNOWN,UNKNOWN,ICML,2024
ICML-2024-A012738,Jianbo Yuan,UNKNOWN,UNKNOWN,ICML,2024
ICML-2024-A012739,Zhi Zhang,UNKNOWN,UNKNOWN,ICML,2024
ICML-2024-A012740,Hongxia Yang,UNKNOWN,UNKNOWN,ICML,2024
ICML-2024-A012741,Lingpeng Kong,UNKNOWN,UNKNOWN,ICML,2024
ICML-2024-A012742,Bowen Zheng,UNKNOWN,UNKNOWN,ICML,2024
ICML-2024-A012743,Da-Wei Zhou,UNKNOWN,UNKNOWN,ICML,2024
ICML-2024-A012744,Han-Jia Ye,UNKNOWN,UNKNOWN,ICML,2024
ICML-2024-A012745,De-Chuan Zhan,UNKNOWN,UNKNOWN,ICML,2024
ICML-2024-A012746,Yunshan Zhong,UNKNOWN,UNKNOWN,ICML,2024
ICML-2024-A012747,Jiawei Hu,UNKNOWN,UNKNOWN,ICML,2024
ICML-2024-A012748,You Huang,UNKNOWN,UNKNOWN,ICML,2024
ICML-2024-A012749,Yuxin Zhang,UNKNOWN,UNKNOWN,ICML,2024
ICML-2024-A012750,Rongrong Ji,UNKNOWN,UNKNOWN,ICML,2024
ICML-2024-A012751,Han Zhong,UNKNOWN,UNKNOWN,ICML,2024
ICML-2024-A012752,Jiachen Hu,UNKNOWN,UNKNOWN,ICML,2024
ICML-2024-A012753,Yecheng Xue,UNKNOWN,UNKNOWN,ICML,2024
ICML-2024-A012754,Tongyang Li,UNKNOWN,UNKNOWN,ICML,2024
ICML-2024-A012755,Liwei Wang,UNKNOWN,UNKNOWN,ICML,2024
ICML-2024-A012756,Xuyang Zhong,UNKNOWN,UNKNOWN,ICML,2024
ICML-2024-A012757,Yixiao Huang,UNKNOWN,UNKNOWN,ICML,2024
ICML-2024-A012758,Chen Liu,UNKNOWN,UNKNOWN,ICML,2024
ICML-2024-A012759,Shaochen Zhong,UNKNOWN,UNKNOWN,ICML,2024
ICML-2024-A012760,Duy Le,UNKNOWN,UNKNOWN,ICML,2024
ICML-2024-A012761,Zirui Liu,UNKNOWN,UNKNOWN,ICML,2024
ICML-2024-A012762,Zhimeng Jiang,UNKNOWN,UNKNOWN,ICML,2024
ICML-2024-A012763,Andrew Ye,UNKNOWN,UNKNOWN,ICML,2024
ICML-2024-A012764,Jiamu Zhang,UNKNOWN,UNKNOWN,ICML,2024
ICML-2024-A012765,Jiayi Yuan,UNKNOWN,UNKNOWN,ICML,2024
ICML-2024-A012766,Kaixiong Zhou,UNKNOWN,UNKNOWN,ICML,2024
ICML-2024-A012767,Zhaozhuo Xu,UNKNOWN,UNKNOWN,ICML,2024
ICML-2024-A012768,Jing Ma,UNKNOWN,UNKNOWN,ICML,2024
ICML-2024-A012769,Shuai Xu,UNKNOWN,UNKNOWN,ICML,2024
ICML-2024-A012770,Vipin Chaudhary,UNKNOWN,UNKNOWN,ICML,2024
ICML-2024-A012771,Xia Hu,UNKNOWN,UNKNOWN,ICML,2024
ICML-2024-A012772,Yan Zhong,UNKNOWN,UNKNOWN,ICML,2024
ICML-2024-A012773,Xingyu Wu,UNKNOWN,UNKNOWN,ICML,2024
ICML-2024-A012774,Li Zhang,UNKNOWN,UNKNOWN,ICML,2024
ICML-2024-A012775,Chenxi Yang,UNKNOWN,UNKNOWN,ICML,2024
ICML-2024-A012776,Tingting Jiang,UNKNOWN,UNKNOWN,ICML,2024
ICML-2024-A012777,Wanqi Zhou,UNKNOWN,UNKNOWN,ICML,2024
ICML-2024-A012778,Shuanghao Bai,UNKNOWN,UNKNOWN,ICML,2024
ICML-2024-A012779,Shujian Yu,UNKNOWN,UNKNOWN,ICML,2024
ICML-2024-A012780,Qibin Zhao,UNKNOWN,UNKNOWN,ICML,2024
ICML-2024-A012781,Badong Chen,UNKNOWN,UNKNOWN,ICML,2024
ICML-2024-A012782,Xinyu Zhou,UNKNOWN,UNKNOWN,ICML,2024
ICML-2024-A012783,Raef Bassily,UNKNOWN,UNKNOWN,ICML,2024
ICML-2024-A012784,Jianan Zhou,UNKNOWN,UNKNOWN,ICML,2024
ICML-2024-A012785,Zhiguang Cao,UNKNOWN,UNKNOWN,ICML,2024
ICML-2024-A012786,Yaoxin Wu,UNKNOWN,UNKNOWN,ICML,2024
ICML-2024-A012787,Wen Song,UNKNOWN,UNKNOWN,ICML,2024
ICML-2024-A012788,Yining Ma,UNKNOWN,UNKNOWN,ICML,2024
ICML-2024-A012789,Jie Zhang,UNKNOWN,UNKNOWN,ICML,2024
ICML-2024-A012790,Xu Chi,UNKNOWN,UNKNOWN,ICML,2024
ICML-2024-A012791,Yefan Zhou,UNKNOWN,UNKNOWN,ICML,2024
ICML-2024-A012792,Jianlong Chen,UNKNOWN,UNKNOWN,ICML,2024
ICML-2024-A012793,Qinxue Cao,UNKNOWN,UNKNOWN,ICML,2024
ICML-2024-A012794,Konstantin Schürholt,UNKNOWN,UNKNOWN,ICML,2024
ICML-2024-A012795,Yaoqing Yang,UNKNOWN,UNKNOWN,ICML,2024
ICML-2024-A012796,Zhanpeng Zhou,UNKNOWN,UNKNOWN,ICML,2024
ICML-2024-A012797,Zijun Chen,UNKNOWN,UNKNOWN,ICML,2024
ICML-2024-A012798,Yilan Chen,UNKNOWN,UNKNOWN,ICML,2024
ICML-2024-A012799,Bo Zhang,UNKNOWN,UNKNOWN,ICML,2024
ICML-2024-A012800,Junchi Yan,UNKNOWN,UNKNOWN,ICML,2024
ICML-2024-A012801,Siyuan Zhou,UNKNOWN,UNKNOWN,ICML,2024
ICML-2024-A012802,Yilun Du,UNKNOWN,UNKNOWN,ICML,2024
ICML-2024-A012803,Jiaben Chen,UNKNOWN,UNKNOWN,ICML,2024
ICML-2024-A012804,Yandong Li,UNKNOWN,UNKNOWN,ICML,2024
ICML-2024-A012805,Dit-Yan Yeung,UNKNOWN,UNKNOWN,ICML,2024
ICML-2024-A012806,Chuang Gan,UNKNOWN,UNKNOWN,ICML,2024
ICML-2024-A012807,Yuxuan Zhou,UNKNOWN,UNKNOWN,ICML,2024
ICML-2024-A012808,Mario Fritz,UNKNOWN,UNKNOWN,ICML,2024
ICML-2024-A012809,Margret Keuper,UNKNOWN,UNKNOWN,ICML,2024
ICML-2024-A012810,Tianchen Zhou,UNKNOWN,UNKNOWN,ICML,2024
ICML-2024-A012811,Fnu Hairi,UNKNOWN,UNKNOWN,ICML,2024
ICML-2024-A012812,Haibo Yang,UNKNOWN,UNKNOWN,ICML,2024
ICML-2024-A012813,Jia Liu,UNKNOWN,UNKNOWN,ICML,2024
ICML-2024-A012814,Tian Tong,UNKNOWN,UNKNOWN,ICML,2024
ICML-2024-A012815,Fan Yang,UNKNOWN,UNKNOWN,ICML,2024
ICML-2024-A012816,Michinari Momma,UNKNOWN,UNKNOWN,ICML,2024
ICML-2024-A012817,Yan Gao,UNKNOWN,UNKNOWN,ICML,2024
ICML-2024-A012818,Yujun Zhou,UNKNOWN,UNKNOWN,ICML,2024
ICML-2024-A012819,Yufei Han,UNKNOWN,UNKNOWN,ICML,2024
ICML-2024-A012820,Haomin Zhuang,UNKNOWN,UNKNOWN,ICML,2024
ICML-2024-A012821,Hongyan Bao,UNKNOWN,UNKNOWN,ICML,2024
ICML-2024-A012822,Xiangliang Zhang,UNKNOWN,UNKNOWN,ICML,2024
ICML-2024-A012823,Yibo Zhou,UNKNOWN,UNKNOWN,ICML,2024
ICML-2024-A012824,Hai-Miao Hu,UNKNOWN,UNKNOWN,ICML,2024
ICML-2024-A012825,Yirong Xiang,UNKNOWN,UNKNOWN,ICML,2024
ICML-2024-A012826,Xiaokang Zhang,UNKNOWN,UNKNOWN,ICML,2024
ICML-2024-A012827,Haotian Wu,UNKNOWN,UNKNOWN,ICML,2024
ICML-2024-A012828,Yvonne Zhou,UNKNOWN,UNKNOWN,ICML,2024
ICML-2024-A012829,Mingyu Liang,UNKNOWN,UNKNOWN,ICML,2024
ICML-2024-A012830,Ivan Brugere,UNKNOWN,UNKNOWN,ICML,2024
ICML-2024-A012831,Danial Dervovic,UNKNOWN,UNKNOWN,ICML,2024
ICML-2024-A012832,Antigoni Polychroniadou,UNKNOWN,UNKNOWN,ICML,2024
ICML-2024-A012833,Min Wu,UNKNOWN,UNKNOWN,ICML,2024
ICML-2024-A012834,Dana Dachman-Soled,UNKNOWN,UNKNOWN,ICML,2024
ICML-2024-A012835,Yanfei Zhou,UNKNOWN,UNKNOWN,ICML,2024
ICML-2024-A012836,Lars Lindemann,UNKNOWN,UNKNOWN,ICML,2024
ICML-2024-A012837,Matteo Sesia,UNKNOWN,UNKNOWN,ICML,2024
ICML-2024-A012838,Zhengyu Zhou,UNKNOWN,UNKNOWN,ICML,2024
ICML-2024-A012839,Weiwei Liu,UNKNOWN,UNKNOWN,ICML,2024
ICML-2024-A012840,Jiawei Zhou,UNKNOWN,UNKNOWN,ICML,2024
ICML-2024-A012841,Linye Lyu,UNKNOWN,UNKNOWN,ICML,2024
ICML-2024-A012842,Daojing He,UNKNOWN,UNKNOWN,ICML,2024
ICML-2024-A012843,Yu Li,UNKNOWN,UNKNOWN,ICML,2024
ICML-2024-A012844,Yuwei Zhou,UNKNOWN,UNKNOWN,ICML,2024
ICML-2024-A012845,Zirui Pan,UNKNOWN,UNKNOWN,ICML,2024
ICML-2024-A012846,Xin Wang,UNKNOWN,UNKNOWN,ICML,2024
ICML-2024-A012847,Hong Chen,UNKNOWN,UNKNOWN,ICML,2024
ICML-2024-A012848,Haoyang Li,UNKNOWN,UNKNOWN,ICML,2024
ICML-2024-A012849,Yanwen Huang,UNKNOWN,UNKNOWN,ICML,2024
ICML-2024-A012850,Zhixiao Xiong,UNKNOWN,UNKNOWN,ICML,2024
ICML-2024-A012851,Fangzhou Xiong,UNKNOWN,UNKNOWN,ICML,2024
ICML-2024-A012852,Peiyang Xu,UNKNOWN,UNKNOWN,ICML,2024
ICML-2024-A012853,Shengnan Liu,UNKNOWN,UNKNOWN,ICML,2024
ICML-2024-A012854,Wenwu Zhu,UNKNOWN,UNKNOWN,ICML,2024
ICML-2024-A012855,Xiaoyu Zhou,UNKNOWN,UNKNOWN,ICML,2024
ICML-2024-A012856,Xingjian Ran,UNKNOWN,UNKNOWN,ICML,2024
ICML-2024-A012857,Yajiao Xiong,UNKNOWN,UNKNOWN,ICML,2024
ICML-2024-A012858,Jinlin He,UNKNOWN,UNKNOWN,ICML,2024
ICML-2024-A012859,Zhiwei Lin,UNKNOWN,UNKNOWN,ICML,2024
ICML-2024-A012860,Yongtao Wang,UNKNOWN,UNKNOWN,ICML,2024
ICML-2024-A012861,Deqing Sun,UNKNOWN,UNKNOWN,ICML,2024
ICML-2024-A012862,Ming-Hsuan Yang,UNKNOWN,UNKNOWN,ICML,2024
ICML-2024-A012863,Xiangxin Zhou,UNKNOWN,UNKNOWN,ICML,2024
ICML-2024-A012864,Liang Wang,UNKNOWN,UNKNOWN,ICML,2024
ICML-2024-A012865,Yichi Zhou,UNKNOWN,UNKNOWN,ICML,2024
ICML-2024-A012866,Andy Zhou,UNKNOWN,UNKNOWN,ICML,2024
ICML-2024-A012867,Kai Yan,UNKNOWN,UNKNOWN,ICML,2024
ICML-2024-A012868,Michal Shlapentokh-Rothman,UNKNOWN,UNKNOWN,ICML,2024
ICML-2024-A012869,Haohan Wang,UNKNOWN,UNKNOWN,ICML,2024
ICML-2024-A012870,Yu-Xiong Wang,UNKNOWN,UNKNOWN,ICML,2024
ICML-2024-A012871,Zhi Zhou,UNKNOWN,UNKNOWN,ICML,2024
ICML-2024-A012872,Ming Yang,UNKNOWN,UNKNOWN,ICML,2024
ICML-2024-A012873,Jiang-Xin Shi,UNKNOWN,UNKNOWN,ICML,2024
ICML-2024-A012874,Lan-Zhe Guo,UNKNOWN,UNKNOWN,ICML,2024
ICML-2024-A012875,Yu-Feng Li,UNKNOWN,UNKNOWN,ICML,2024
ICML-2024-A012876,Yifei Zhou,UNKNOWN,UNKNOWN,ICML,2024
ICML-2024-A012877,Andrea Zanette,UNKNOWN,UNKNOWN,ICML,2024
ICML-2024-A012878,Jiayi Pan,UNKNOWN,UNKNOWN,ICML,2024
ICML-2024-A012879,Sergey Levine,UNKNOWN,UNKNOWN,ICML,2024
ICML-2024-A012880,Aviral Kumar,UNKNOWN,UNKNOWN,ICML,2024
ICML-2024-A012881,Fuzhong Zhou,UNKNOWN,UNKNOWN,ICML,2024
ICML-2024-A012882,Chenyu Zhang,UNKNOWN,UNKNOWN,ICML,2024
ICML-2024-A012883,Xu Chen,UNKNOWN,UNKNOWN,ICML,2024
ICML-2024-A012884,Xuan Di,UNKNOWN,UNKNOWN,ICML,2024
ICML-2024-A012885,Yang Zhou,UNKNOWN,UNKNOWN,ICML,2024
ICML-2024-A012886,Zijie Zhang,UNKNOWN,UNKNOWN,ICML,2024
ICML-2024-A012887,Zeru Zhang,UNKNOWN,UNKNOWN,ICML,2024
ICML-2024-A012888,Lingjuan Lyu,UNKNOWN,UNKNOWN,ICML,2024
ICML-2024-A012889,Wei-Shinn Ku,UNKNOWN,UNKNOWN,ICML,2024
ICML-2024-A012890,Yuhang Zhou,UNKNOWN,UNKNOWN,ICML,2024
ICML-2024-A012891,Zihua Zhao,UNKNOWN,UNKNOWN,ICML,2024
ICML-2024-A012892,Siyuan Du,UNKNOWN,UNKNOWN,ICML,2024
ICML-2024-A012893,Haolin Li,UNKNOWN,UNKNOWN,ICML,2024
ICML-2024-A012894,Jiangchao Yao,UNKNOWN,UNKNOWN,ICML,2024
ICML-2024-A012895,Ya Zhang,UNKNOWN,UNKNOWN,ICML,2024
ICML-2024-A012896,Yanfeng Wang,UNKNOWN,UNKNOWN,ICML,2024
ICML-2024-A012897,Mingyuan Zhou,UNKNOWN,UNKNOWN,ICML,2024
ICML-2024-A012898,Huangjie Zheng,UNKNOWN,UNKNOWN,ICML,2024
ICML-2024-A012899,Zhendong Wang,UNKNOWN,UNKNOWN,ICML,2024
ICML-2024-A012900,Mingzhang Yin,UNKNOWN,UNKNOWN,ICML,2024
ICML-2024-A012901,Hai Huang,UNKNOWN,UNKNOWN,ICML,2024
ICML-2024-A012902,Zhiyu Zhu,UNKNOWN,UNKNOWN,ICML,2024
ICML-2024-A012903,Huaming Chen,UNKNOWN,UNKNOWN,ICML,2024
ICML-2024-A012904,Xinyi Wang,UNKNOWN,UNKNOWN,ICML,2024
ICML-2024-A012905,Jiayu Zhang,UNKNOWN,UNKNOWN,ICML,2024
ICML-2024-A012906,Zhibo Jin,UNKNOWN,UNKNOWN,ICML,2024
ICML-2024-A012907,Jason Xue,UNKNOWN,UNKNOWN,ICML,2024
ICML-2024-A012908,Jun Shen,UNKNOWN,UNKNOWN,ICML,2024
ICML-2024-A012909,Muzhi Zhu,UNKNOWN,UNKNOWN,ICML,2024
ICML-2024-A012910,Chengxiang Fan,UNKNOWN,UNKNOWN,ICML,2024
ICML-2024-A012911,Hao Chen,UNKNOWN,UNKNOWN,ICML,2024
ICML-2024-A012912,Yang Liu,UNKNOWN,UNKNOWN,ICML,2024
ICML-2024-A012913,Weian Mao,UNKNOWN,UNKNOWN,ICML,2024
ICML-2024-A012914,Xiaogang Xu,UNKNOWN,UNKNOWN,ICML,2024
ICML-2024-A012915,Chunhua Shen,UNKNOWN,UNKNOWN,ICML,2024
ICML-2024-A012916,Jiacheng Zhu,UNKNOWN,UNKNOWN,ICML,2024
ICML-2024-A012917,Kristjan Greenewald,UNKNOWN,UNKNOWN,ICML,2024
ICML-2024-A012918,Kimia Nadjahi,UNKNOWN,UNKNOWN,ICML,2024
ICML-2024-A012919,Haitz Sáez De Ocáriz Borde,UNKNOWN,UNKNOWN,ICML,2024
ICML-2024-A012920,Rickard Brüel Gabrielsson,UNKNOWN,UNKNOWN,ICML,2024
ICML-2024-A012921,Leshem Choshen,UNKNOWN,UNKNOWN,ICML,2024
ICML-2024-A012922,Marzyeh Ghassemi,UNKNOWN,UNKNOWN,ICML,2024
ICML-2024-A012923,Mikhail Yurochkin,UNKNOWN,UNKNOWN,ICML,2024
ICML-2024-A012924,Justin Solomon,UNKNOWN,UNKNOWN,ICML,2024
ICML-2024-A012925,Wenhong Zhu,UNKNOWN,UNKNOWN,ICML,2024
ICML-2024-A012926,Hongkun Hao,UNKNOWN,UNKNOWN,ICML,2024
ICML-2024-A012927,Zhiwei He,UNKNOWN,UNKNOWN,ICML,2024
ICML-2024-A012928,Yiming Ai,UNKNOWN,UNKNOWN,ICML,2024
ICML-2024-A012929,Rui Wang,UNKNOWN,UNKNOWN,ICML,2024
ICML-2024-A012930,Banghua Zhu,UNKNOWN,UNKNOWN,ICML,2024
ICML-2024-A012931,Michael Jordan,UNKNOWN,UNKNOWN,ICML,2024
ICML-2024-A012932,Jiantao Jiao,UNKNOWN,UNKNOWN,ICML,2024
ICML-2024-A012933,Lianghui Zhu,UNKNOWN,UNKNOWN,ICML,2024
ICML-2024-A012934,Bencheng Liao,UNKNOWN,UNKNOWN,ICML,2024
ICML-2024-A012935,Qian Zhang,UNKNOWN,UNKNOWN,ICML,2024
ICML-2024-A012936,Xinlong Wang,UNKNOWN,UNKNOWN,ICML,2024
ICML-2024-A012937,Wenyu Liu,UNKNOWN,UNKNOWN,ICML,2024
ICML-2024-A012938,Xinggang Wang,UNKNOWN,UNKNOWN,ICML,2024
ICML-2024-A012939,Qunxi Zhu,UNKNOWN,UNKNOWN,ICML,2024
ICML-2024-A012940,Wei Lin,UNKNOWN,UNKNOWN,ICML,2024
ICML-2024-A012941,Libin Zhu,UNKNOWN,UNKNOWN,ICML,2024
ICML-2024-A012942,Chaoyue Liu,UNKNOWN,UNKNOWN,ICML,2024
ICML-2024-A012943,Adityanarayanan Radhakrishnan,UNKNOWN,UNKNOWN,ICML,2024
ICML-2024-A012944,Mikhail Belkin,UNKNOWN,UNKNOWN,ICML,2024
ICML-2024-A012945,Yifan Zhu,UNKNOWN,UNKNOWN,ICML,2024
ICML-2024-A012946,Yibo Miao,UNKNOWN,UNKNOWN,ICML,2024
ICML-2024-A012947,Yinpeng Dong,UNKNOWN,UNKNOWN,ICML,2024
ICML-2024-A012948,Xiao-Shan Gao,UNKNOWN,UNKNOWN,ICML,2024
ICML-2024-A012949,Tian Zhu,UNKNOWN,UNKNOWN,ICML,2024
ICML-2024-A012950,Milong Ren,UNKNOWN,UNKNOWN,ICML,2024
ICML-2024-A012951,Haicang Zhang,UNKNOWN,UNKNOWN,ICML,2024
ICML-2024-A012952,Haiqing Zhu,UNKNOWN,UNKNOWN,ICML,2024
ICML-2024-A012953,Alexander Soen,UNKNOWN,UNKNOWN,ICML,2024
ICML-2024-A012954,Yun Kuen Cheung,UNKNOWN,UNKNOWN,ICML,2024
ICML-2024-A012955,Lexing Xie,UNKNOWN,UNKNOWN,ICML,2024
ICML-2024-A012956,Didi Zhu,UNKNOWN,UNKNOWN,ICML,2024
ICML-2024-A012957,Zhongyisun Sun,UNKNOWN,UNKNOWN,ICML,2024
ICML-2024-A012958,Zexi Li,UNKNOWN,UNKNOWN,ICML,2024
ICML-2024-A012959,Tao Shen,UNKNOWN,UNKNOWN,ICML,2024
ICML-2024-A012960,Ke Yan,UNKNOWN,UNKNOWN,ICML,2024
ICML-2024-A012961,Shouhong Ding,UNKNOWN,UNKNOWN,ICML,2024
ICML-2024-A012962,Chao Wu,UNKNOWN,UNKNOWN,ICML,2024
ICML-2024-A012963,Kun Kuang,UNKNOWN,UNKNOWN,ICML,2024
ICML-2024-A012964,Kaijie Zhu,UNKNOWN,UNKNOWN,ICML,2024
ICML-2024-A012965,Jindong Wang,UNKNOWN,UNKNOWN,ICML,2024
ICML-2024-A012966,Qinlin Zhao,UNKNOWN,UNKNOWN,ICML,2024
ICML-2024-A012967,Ruochen Xu,UNKNOWN,UNKNOWN,ICML,2024
ICML-2024-A012968,Xing Xie,UNKNOWN,UNKNOWN,ICML,2024
ICML-2024-A012969,Lin Zhu,UNKNOWN,UNKNOWN,ICML,2024
ICML-2024-A012970,Yifeng Yang,UNKNOWN,UNKNOWN,ICML,2024
ICML-2024-A012971,Qinying Gu,UNKNOWN,UNKNOWN,ICML,2024
ICML-2024-A012972,Xinbing Wang,UNKNOWN,UNKNOWN,ICML,2024
ICML-2024-A012973,Chenghu Zhou,UNKNOWN,UNKNOWN,ICML,2024
ICML-2024-A012974,Nanyang Ye,UNKNOWN,UNKNOWN,ICML,2024
ICML-2024-A012975,Wentao Zhu,UNKNOWN,UNKNOWN,ICML,2024
ICML-2024-A012976,Zhining Zhang,UNKNOWN,UNKNOWN,ICML,2024
ICML-2024-A012977,Yizhou Wang,UNKNOWN,UNKNOWN,ICML,2024
ICML-2024-A012978,Zhixiong Zhuang,UNKNOWN,UNKNOWN,ICML,2024
ICML-2024-A012979,Maria-Irina Nicolae,UNKNOWN,UNKNOWN,ICML,2024
ICML-2024-A012980,Mario Fritz,UNKNOWN,UNKNOWN,ICML,2024
ICML-2024-A012981,Zifeng Zhuang,UNKNOWN,UNKNOWN,ICML,2024
ICML-2024-A012982,Dengyun Peng,UNKNOWN,UNKNOWN,ICML,2024
ICML-2024-A012983,Jinxin Liu,UNKNOWN,UNKNOWN,ICML,2024
ICML-2024-A012984,Ziqi Zhang,UNKNOWN,UNKNOWN,ICML,2024
ICML-2024-A012985,Donglin Wang,UNKNOWN,UNKNOWN,ICML,2024
ICML-2024-A012986,Weiming Zhuang,UNKNOWN,UNKNOWN,ICML,2024
ICML-2024-A012987,Jian Xu,UNKNOWN,UNKNOWN,ICML,2024
ICML-2024-A012988,Chen Chen,UNKNOWN,UNKNOWN,ICML,2024
ICML-2024-A012989,Jingtao Li,UNKNOWN,UNKNOWN,ICML,2024
ICML-2024-A012990,Lingjuan Lyu,UNKNOWN,UNKNOWN,ICML,2024
ICML-2024-A012991,Mingchen Zhuge,UNKNOWN,UNKNOWN,ICML,2024
ICML-2024-A012992,Wenyi Wang,UNKNOWN,UNKNOWN,ICML,2024
ICML-2024-A012993,Louis Kirsch,UNKNOWN,UNKNOWN,ICML,2024
ICML-2024-A012994,Francesco Faccio,UNKNOWN,UNKNOWN,ICML,2024
ICML-2024-A012995,Dmitrii Khizbullin,UNKNOWN,UNKNOWN,ICML,2024
ICML-2024-A012996,Jürgen Schmidhuber,UNKNOWN,UNKNOWN,ICML,2024
ICML-2024-A012997,Zhengyang Zhuge,UNKNOWN,UNKNOWN,ICML,2024
ICML-2024-A012998,Peisong Wang,UNKNOWN,UNKNOWN,ICML,2024
ICML-2024-A012999,Xingting Yao,UNKNOWN,UNKNOWN,ICML,2024
ICML-2024-A013000,Jian Cheng,UNKNOWN,UNKNOWN,ICML,2024
ICML-2024-A013001,Ingvar Ziemann,UNKNOWN,UNKNOWN,ICML,2024
ICML-2024-A013002,Stephen Tu,UNKNOWN,UNKNOWN,ICML,2024
ICML-2024-A013003,George J. Pappas,UNKNOWN,UNKNOWN,ICML,2024
ICML-2024-A013004,Nikolai Matni,UNKNOWN,UNKNOWN,ICML,2024
ICML-2024-A013005,Itamar Zimerman,UNKNOWN,UNKNOWN,ICML,2024
ICML-2024-A013006,Moran Baruch,UNKNOWN,UNKNOWN,ICML,2024
ICML-2024-A013007,Nir Drucker,UNKNOWN,UNKNOWN,ICML,2024
ICML-2024-A013008,Gilad Ezov,UNKNOWN,UNKNOWN,ICML,2024
ICML-2024-A013009,Omri Soceanu,UNKNOWN,UNKNOWN,ICML,2024
ICML-2024-A013010,Lior Wolf,UNKNOWN,UNKNOWN,ICML,2024
ICML-2024-A013011,Itamar Zimerman,UNKNOWN,UNKNOWN,ICML,2024
ICML-2024-A013012,Lior Wolf,UNKNOWN,UNKNOWN,ICML,2024
ICML-2024-A013013,Ilya Zisman,UNKNOWN,UNKNOWN,ICML,2024
ICML-2024-A013014,Vladislav Kurenkov,UNKNOWN,UNKNOWN,ICML,2024
ICML-2024-A013015,Alexander Nikulin,UNKNOWN,UNKNOWN,ICML,2024
ICML-2024-A013016,Viacheslav Sinii,UNKNOWN,UNKNOWN,ICML,2024
ICML-2024-A013017,Sergey Kolesnikov,UNKNOWN,UNKNOWN,ICML,2024
ICML-2024-A013018,Liu Ziyin,UNKNOWN,UNKNOWN,ICML,2024
ICML-2024-A013019,Yongshuo Zong,UNKNOWN,UNKNOWN,ICML,2024
ICML-2024-A013020,Ondrej Bohdal,UNKNOWN,UNKNOWN,ICML,2024
ICML-2024-A013021,Tingyang Yu,UNKNOWN,UNKNOWN,ICML,2024
ICML-2024-A013022,Yongxin Yang,UNKNOWN,UNKNOWN,ICML,2024
ICML-2024-A013023,Timothy Hospedales,UNKNOWN,UNKNOWN,ICML,2024
ICML-2024-A013024,Yongshuo Zong,UNKNOWN,UNKNOWN,ICML,2024
ICML-2024-A013025,Tingyang Yu,UNKNOWN,UNKNOWN,ICML,2024
ICML-2024-A013026,Ruchika Chavhan,UNKNOWN,UNKNOWN,ICML,2024
ICML-2024-A013027,Bingchen Zhao,UNKNOWN,UNKNOWN,ICML,2024
ICML-2024-A013028,Timothy Hospedales,UNKNOWN,UNKNOWN,ICML,2024
ICML-2024-A013029,Xiaolong Zou,UNKNOWN,UNKNOWN,ICML,2024
ICML-2024-A013030,Xingxing Cao,UNKNOWN,UNKNOWN,ICML,2024
ICML-2024-A013031,Xiaojiao Yang,UNKNOWN,UNKNOWN,ICML,2024
ICML-2024-A013032,Bo Hong,UNKNOWN,UNKNOWN,ICML,2024
ICML-2024-A013033,Bob Junyi Zou,UNKNOWN,UNKNOWN,ICML,2024
ICML-2024-A013034,Matthew E Levine,UNKNOWN,UNKNOWN,ICML,2024
ICML-2024-A013035,Dessi P. Zaharieva,UNKNOWN,UNKNOWN,ICML,2024
ICML-2024-A013036,Ramesh Johari,UNKNOWN,UNKNOWN,ICML,2024
ICML-2024-A013037,Emily Fox,UNKNOWN,UNKNOWN,ICML,2024
ICML-2024-A013038,Yixiong Zou,UNKNOWN,UNKNOWN,ICML,2024
ICML-2024-A013039,Shanghang Zhang,UNKNOWN,UNKNOWN,ICML,2024
ICML-2024-A013040,Haichen Zhou,UNKNOWN,UNKNOWN,ICML,2024
ICML-2024-A013041,Yuhua Li,UNKNOWN,UNKNOWN,ICML,2024
ICML-2024-A013042,Ruixuan Li,UNKNOWN,UNKNOWN,ICML,2024
ICML-2024-A013043,Lancheng Zou,UNKNOWN,UNKNOWN,ICML,2024
ICML-2024-A013044,Wenqian Zhao,UNKNOWN,UNKNOWN,ICML,2024
ICML-2024-A013045,Shuo Yin,UNKNOWN,UNKNOWN,ICML,2024
ICML-2024-A013046,Chen Bai,UNKNOWN,UNKNOWN,ICML,2024
ICML-2024-A013047,Qi Sun,UNKNOWN,UNKNOWN,ICML,2024
ICML-2024-A013048,Bei Yu,UNKNOWN,UNKNOWN,ICML,2024
ICML-2024-A013049,Tijana Zrnic,UNKNOWN,UNKNOWN,ICML,2024
ICML-2024-A013050,Emmanuel Candes,UNKNOWN,UNKNOWN,ICML,2024
