paper_id,title,author_ids,conference,year,source_url
AAAI-2017-P0001,Deep MIML Network,AAAI-2017-A000001|AAAI-2017-A000002,AAAI,2017,https://aaai.org/papers/10890-aaai-31-2017/
AAAI-2017-P0002,Thompson Sampling for Stochastic Bandits with Graph Feedback,AAAI-2017-A000003|AAAI-2017-A000004|AAAI-2017-A000005,AAAI,2017,https://aaai.org/papers/10897-aaai-31-2017/
AAAI-2017-P0003,Unsupervised Domain Adaptation with a Relaxed Covariate Shift Assumption,AAAI-2017-A000006|AAAI-2017-A000007|AAAI-2017-A000008,AAAI,2017,https://aaai.org/papers/10898-aaai-31-2017/
AAAI-2017-P0004,Optimal Neighborhood Kernel Clustering with Multiple Kernels,AAAI-2017-A000009|AAAI-2017-A000010|AAAI-2017-A000011|AAAI-2017-A000012|AAAI-2017-A000013|AAAI-2017-A000014|AAAI-2017-A000015,AAAI,2017,https://aaai.org/papers/10895-aaai-31-2017/
AAAI-2017-P0005,Achieving Privacy in the Adversarial Multi-Armed Bandit,AAAI-2017-A000016|AAAI-2017-A000017,AAAI,2017,https://aaai.org/papers/10896-aaai-31-2017/
AAAI-2017-P0006,Multiple Kernel k-Means with Incomplete Kernels,AAAI-2017-A000018|AAAI-2017-A000019|AAAI-2017-A000020|AAAI-2017-A000021|AAAI-2017-A000022|AAAI-2017-A000023,AAAI,2017,https://aaai.org/papers/10893-aaai-31-2017/
AAAI-2017-P0007,Learning Residual Alternating Automata,AAAI-2017-A000024|AAAI-2017-A000025|AAAI-2017-A000026|AAAI-2017-A000027,AAAI,2017,https://aaai.org/papers/10891-aaai-31-2017/
AAAI-2017-P0008,Robust Loss Functions under Label Noise for Deep Neural Networks,AAAI-2017-A000028|AAAI-2017-A000029|AAAI-2017-A000030,AAAI,2017,https://aaai.org/papers/10894-aaai-31-2017/
AAAI-2017-P0009,Heavy-Tailed Analogues of the Covariance Matrix for ICA,AAAI-2017-A000031|AAAI-2017-A000032|AAAI-2017-A000033|AAAI-2017-A000034,AAAI,2017,https://aaai.org/papers/10892-aaai-31-2017/
AAAI-2017-P0010,Continuous Conditional Dependency Network for Structured Regression,AAAI-2017-A000035|AAAI-2017-A000036|AAAI-2017-A000037,AAAI,2017,https://aaai.org/papers/10899-aaai-31-2017/
AAAI-2017-P0011,Efficient Sparse Low-Rank Tensor Completion Using the Frank-Wolfe Algorithm,AAAI-2017-A000038|AAAI-2017-A000039|AAAI-2017-A000040,AAAI,2017,https://aaai.org/papers/10886-aaai-31-2017/
AAAI-2017-P0012,The Bernstein Mechanism: Function Release under Differential Privacy,AAAI-2017-A000041|AAAI-2017-A000042,AAAI,2017,https://aaai.org/papers/10884-aaai-31-2017/
AAAI-2017-P0013,Estimating the Maximum Expected Value in Continuous Reinforcement Learning Problems,AAAI-2017-A000043|AAAI-2017-A000044|AAAI-2017-A000045|AAAI-2017-A000046,AAAI,2017,https://aaai.org/papers/10887-aaai-31-2017/
AAAI-2017-P0014,Variable Kernel Density Estimation in High-Dimensional Feature Spaces,AAAI-2017-A000047|AAAI-2017-A000048,AAAI,2017,https://aaai.org/papers/10885-aaai-31-2017/
AAAI-2017-P0015,Binary Embedding with Additive Homogeneous Kernels,AAAI-2017-A000049|AAAI-2017-A000050,AAAI,2017,https://aaai.org/papers/10882-aaai-31-2017/
AAAI-2017-P0016,Learning Bayesian Networks with Incomplete Data by Augmentation,AAAI-2017-A000051|AAAI-2017-A000052,AAAI,2017,https://aaai.org/papers/10883-aaai-31-2017/
AAAI-2017-P0017,A General Efficient Hyperparameter-Free Algorithm for Convolutional Sparse Learning,AAAI-2017-A000053|AAAI-2017-A000054,AAAI,2017,https://aaai.org/papers/10880-aaai-31-2017/
AAAI-2017-P0018,Infinitely Many-Armed Bandits with Budget Constraints,AAAI-2017-A000055|AAAI-2017-A000056,AAAI,2017,https://aaai.org/papers/10881-aaai-31-2017/
AAAI-2017-P0019,CBRAP: Contextual Bandits with RAndom Projection,AAAI-2017-A000057|AAAI-2017-A000058|AAAI-2017-A000059,AAAI,2017,https://aaai.org/papers/10888-aaai-31-2017/
AAAI-2017-P0020,Solving Indefinite Kernel Support Vector Machine with Difference of Convex Functions Programming,AAAI-2017-A000060|AAAI-2017-A000061|AAAI-2017-A000062|AAAI-2017-A000063,AAAI,2017,https://aaai.org/papers/10889-aaai-31-2017/
AAAI-2017-P0021,Large Graph Hashing with Spectral Rotation,AAAI-2017-A000064|AAAI-2017-A000065|AAAI-2017-A000066,AAAI,2017,https://aaai.org/papers/10875-aaai-31-2017/
AAAI-2017-P0022,Fast Compressive Phase Retrieval under Bounded Noise,AAAI-2017-A000067|AAAI-2017-A000068|AAAI-2017-A000069|AAAI-2017-A000070,AAAI,2017,https://aaai.org/papers/10876-aaai-31-2017/
AAAI-2017-P0023,Adaptive Proximal Average Approximation for Composite Convex Minimization,AAAI-2017-A000071|AAAI-2017-A000072|AAAI-2017-A000073|AAAI-2017-A000074|AAAI-2017-A000075,AAAI,2017,https://aaai.org/papers/10873-aaai-31-2017/
AAAI-2017-P0024,Fast Online Incremental Learning on Mixture Streaming Data,AAAI-2017-A000076|AAAI-2017-A000077|AAAI-2017-A000078|AAAI-2017-A000079|AAAI-2017-A000080|AAAI-2017-A000081,AAAI,2017,https://aaai.org/papers/10874-aaai-31-2017/
AAAI-2017-P0025,Multilinear Regression for Embedded Feature Selection with Application to fMRI Analysis,AAAI-2017-A000082|AAAI-2017-A000083,AAAI,2017,https://aaai.org/papers/10871-aaai-31-2017/
AAAI-2017-P0026,Patch Reordering: A NovelWay to Achieve Rotation and Translation Invariance in Convolutional Neural Networks,AAAI-2017-A000084|AAAI-2017-A000085|AAAI-2017-A000086|AAAI-2017-A000087,AAAI,2017,https://aaai.org/papers/10872-aaai-31-2017/
AAAI-2017-P0027,From Shared Subspaces to Shared Landmarks: A Robust Multi-Source Classification Approach,AAAI-2017-A000088|AAAI-2017-A000089|AAAI-2017-A000090|AAAI-2017-A000091|AAAI-2017-A000092|AAAI-2017-A000093|AAAI-2017-A000094,AAAI,2017,https://aaai.org/papers/10870-aaai-31-2017/
AAAI-2017-P0028,Latent Discriminant Analysis with Representative Feature Discovery,AAAI-2017-A000095,AAAI,2017,https://aaai.org/papers/10879-aaai-31-2017/
AAAI-2017-P0029,Balanced Clustering with Least Square Regression,AAAI-2017-A000096|AAAI-2017-A000097|AAAI-2017-A000098|AAAI-2017-A000099,AAAI,2017,https://aaai.org/papers/10877-aaai-31-2017/
AAAI-2017-P0030,Scalable Graph Embedding for Asymmetric Proximity,AAAI-2017-A000100|AAAI-2017-A000101|AAAI-2017-A000102|AAAI-2017-A000103|AAAI-2017-A000104,AAAI,2017,https://aaai.org/papers/10878-aaai-31-2017/
AAAI-2017-P0031,TaGiTeD: Predictive Task Guided Tensor Decomposition for Representation Learning from Electronic Health Records,AAAI-2017-A000105|AAAI-2017-A000106|AAAI-2017-A000107|AAAI-2017-A000108|AAAI-2017-A000109|AAAI-2017-A000110|AAAI-2017-A000111|AAAI-2017-A000112,AAAI,2017,https://aaai.org/papers/10864-aaai-31-2017/
AAAI-2017-P0032,Active Search for Sparse Signals with Region Sensing,AAAI-2017-A000113|AAAI-2017-A000114|AAAI-2017-A000115,AAAI,2017,https://aaai.org/papers/10865-aaai-31-2017/
AAAI-2017-P0033,How to Train a Compact Binary Neural Network with High Accuracy?,AAAI-2017-A000116|AAAI-2017-A000117|AAAI-2017-A000118,AAAI,2017,https://aaai.org/papers/10862-aaai-31-2017/
AAAI-2017-P0034,A Unified Algorithm for One-Cass Structured Matrix Factorization with Side Information,AAAI-2017-A000119|AAAI-2017-A000120|AAAI-2017-A000121|AAAI-2017-A000122,AAAI,2017,https://aaai.org/papers/10863-aaai-31-2017/
AAAI-2017-P0035,Bilateral k-Means Algorithm for Fast Co-Clustering,AAAI-2017-A000123|AAAI-2017-A000124|AAAI-2017-A000125|AAAI-2017-A000126,AAAI,2017,https://aaai.org/papers/10860-aaai-31-2017/
AAAI-2017-P0036,Parameter Free Large Margin Nearest Neighbor for Distance Metric Learning,AAAI-2017-A000127|AAAI-2017-A000128|AAAI-2017-A000129|AAAI-2017-A000130,AAAI,2017,https://aaai.org/papers/10861-aaai-31-2017/
AAAI-2017-P0037,Deep Collective Inference,AAAI-2017-A000131|AAAI-2017-A000132,AAAI,2017,https://aaai.org/papers/10868-aaai-31-2017/
AAAI-2017-P0038,Low-Rank Factorization of Determinantal Point Processes,AAAI-2017-A000133|AAAI-2017-A000134|AAAI-2017-A000135,AAAI,2017,https://aaai.org/papers/10869-aaai-31-2017/
AAAI-2017-P0039,A Riemannian Network for SPD Matrix Learning,AAAI-2017-A000136|AAAI-2017-A000137,AAAI,2017,https://aaai.org/papers/10866-aaai-31-2017/
AAAI-2017-P0040,Multi-View Clustering via Deep Matrix Factorization,AAAI-2017-A000138|AAAI-2017-A000139|AAAI-2017-A000140,AAAI,2017,https://aaai.org/papers/10867-aaai-31-2017/
AAAI-2017-P0041,Twin Learning for Similarity and Clustering: A Unified Kernel Approach,AAAI-2017-A000141|AAAI-2017-A000142|AAAI-2017-A000143,AAAI,2017,https://aaai.org/papers/10853-aaai-31-2017/
AAAI-2017-P0042,Tsallis Regularized Optimal Transport and Ecological Inference,AAAI-2017-A000144|AAAI-2017-A000145|AAAI-2017-A000146|AAAI-2017-A000147,AAAI,2017,https://aaai.org/papers/10854-aaai-31-2017/
AAAI-2017-P0043,Column Networks for Collective Classification,AAAI-2017-A000148|AAAI-2017-A000149|AAAI-2017-A000150|AAAI-2017-A000151,AAAI,2017,https://aaai.org/papers/10851-aaai-31-2017/
AAAI-2017-P0044,Compressed K-Means for Large-Scale Clustering,AAAI-2017-A000152|AAAI-2017-A000153|AAAI-2017-A000154|AAAI-2017-A000155|AAAI-2017-A000156,AAAI,2017,https://aaai.org/papers/10852-aaai-31-2017/
AAAI-2017-P0045,Self-Correcting Models for Model-Based Reinforcement Learning,AAAI-2017-A000157,AAAI,2017,https://aaai.org/papers/10850-aaai-31-2017/
AAAI-2017-P0046,Online Active Linear Regression via Thresholding,AAAI-2017-A000158|AAAI-2017-A000159|AAAI-2017-A000160,AAAI,2017,https://aaai.org/papers/10859-aaai-31-2017/
AAAI-2017-P0047,Query-Efficient Imitation Learning for End-to-End Simulated Driving,AAAI-2017-A000161|AAAI-2017-A000162,AAAI,2017,https://aaai.org/papers/10857-aaai-31-2017/
AAAI-2017-P0048,Deep Hashing: A Joint Approach for Image Signature Learning,AAAI-2017-A000163|AAAI-2017-A000164,AAAI,2017,https://aaai.org/papers/10858-aaai-31-2017/
AAAI-2017-P0049,Deep Learning for Fixed Model Reuse,AAAI-2017-A000165|AAAI-2017-A000166|AAAI-2017-A000167|AAAI-2017-A000168|AAAI-2017-A000169,AAAI,2017,https://aaai.org/papers/10855-aaai-31-2017/
AAAI-2017-P0050,Learning Safe Prediction for Semi-Supervised Regression,AAAI-2017-A000170|AAAI-2017-A000171|AAAI-2017-A000172,AAAI,2017,https://aaai.org/papers/10856-aaai-31-2017/
AAAI-2017-P0051,Streaming Classification with Emerging New Class by Class Matrix Sketching,AAAI-2017-A000173|AAAI-2017-A000174|AAAI-2017-A000175|AAAI-2017-A000176|AAAI-2017-A000177,AAAI,2017,https://aaai.org/papers/10842-aaai-31-2017/
AAAI-2017-P0052,Accelerated Variance Reduced Stochastic ADMM,AAAI-2017-A000178|AAAI-2017-A000179|AAAI-2017-A000180,AAAI,2017,https://aaai.org/papers/10843-aaai-31-2017/
AAAI-2017-P0053,Multi-Kernel Low-Rank Dictionary Pair Learning for Multiple Features Based Image Classification,AAAI-2017-A000181|AAAI-2017-A000182|AAAI-2017-A000183|AAAI-2017-A000184|AAAI-2017-A000185|AAAI-2017-A000186|AAAI-2017-A000187,AAAI,2017,https://aaai.org/papers/10840-aaai-31-2017/
AAAI-2017-P0054,Lifted Inference for Convex Quadratic Programs,AAAI-2017-A000188|AAAI-2017-A000189|AAAI-2017-A000190,AAAI,2017,https://aaai.org/papers/10841-aaai-31-2017/
AAAI-2017-P0055,Fast Generalized Distillation for Semi-Supervised Domain Adaptation,AAAI-2017-A000191|AAAI-2017-A000192|AAAI-2017-A000193,AAAI,2017,https://aaai.org/papers/10848-aaai-31-2017/
AAAI-2017-P0056,Sampling Beats Fixed Estimate Predictors for Cloning Stochastic Behavior in Multiagent Systems,AAAI-2017-A000194|AAAI-2017-A000195|AAAI-2017-A000196,AAAI,2017,https://aaai.org/papers/10849-aaai-31-2017/
AAAI-2017-P0057,Multivariate Hawkes Processes for Large-Scale Inference,AAAI-2017-A000197|AAAI-2017-A000198|AAAI-2017-A000199,AAAI,2017,https://aaai.org/papers/10846-aaai-31-2017/
AAAI-2017-P0058,Self-Paced Multi-Task Learning,AAAI-2017-A000200|AAAI-2017-A000201|AAAI-2017-A000202|AAAI-2017-A000203|AAAI-2017-A000204|AAAI-2017-A000205,AAAI,2017,https://aaai.org/papers/10847-aaai-31-2017/
AAAI-2017-P0059,Poisson Sum-Product Networks: A Deep Architecture for Tractable Multivariate Poisson Distributions,AAAI-2017-A000206|AAAI-2017-A000207|AAAI-2017-A000208,AAAI,2017,https://aaai.org/papers/10844-aaai-31-2017/
AAAI-2017-P0060,Efficient Non-Oblivious Randomized Reduction for Risk Minimization with Improved Excess Risk Guarantee,AAAI-2017-A000209|AAAI-2017-A000210|AAAI-2017-A000211|AAAI-2017-A000212,AAAI,2017,https://aaai.org/papers/10845-aaai-31-2017/
AAAI-2017-P0061,Asymmetric Discrete Graph Hashing,AAAI-2017-A000213|AAAI-2017-A000214|AAAI-2017-A000215|AAAI-2017-A000216|AAAI-2017-A000217,AAAI,2017,https://aaai.org/papers/10831-aaai-31-2017/
AAAI-2017-P0062,Probabilistic Non-Negative Matrix Factorization and Its Robust Extensions for Topic Modeling,AAAI-2017-A000218|AAAI-2017-A000219|AAAI-2017-A000220|AAAI-2017-A000221|AAAI-2017-A000222|AAAI-2017-A000223,AAAI,2017,https://aaai.org/papers/10832-aaai-31-2017/
AAAI-2017-P0063,Learning Non-Linear Dynamics of Decision Boundaries for Maintaining Classification Performance,AAAI-2017-A000224|AAAI-2017-A000225,AAAI,2017,https://aaai.org/papers/10830-aaai-31-2017/
AAAI-2017-P0064,Matching Node Embeddings for Graph Similarity,AAAI-2017-A000226|AAAI-2017-A000227|AAAI-2017-A000228,AAAI,2017,https://aaai.org/papers/10839-aaai-31-2017/
AAAI-2017-P0065,A Framework of Online Learning with Imbalanced Streaming Data,AAAI-2017-A000229|AAAI-2017-A000230|AAAI-2017-A000231|AAAI-2017-A000232,AAAI,2017,https://aaai.org/papers/10837-aaai-31-2017/
AAAI-2017-P0066,Discover Multiple Novel Labels in Multi-Instance Multi-Label Learning,AAAI-2017-A000233|AAAI-2017-A000234|AAAI-2017-A000235,AAAI,2017,https://aaai.org/papers/10838-aaai-31-2017/
AAAI-2017-P0067,On Learning High Dimensional Structured Single Index Models,AAAI-2017-A000236|AAAI-2017-A000237|AAAI-2017-A000238|AAAI-2017-A000239|AAAI-2017-A000240,AAAI,2017,https://aaai.org/papers/10835-aaai-31-2017/
AAAI-2017-P0068,A Nearly-Black-Box Online Algorithm for Joint Parameter and State Estimation in Temporal Models,AAAI-2017-A000241|AAAI-2017-A000242|AAAI-2017-A000243|AAAI-2017-A000244,AAAI,2017,https://aaai.org/papers/10836-aaai-31-2017/
AAAI-2017-P0069,A General Framework for Sparsity Regularized Feature Selection via Iteratively Reweighted Least Square Minimization,AAAI-2017-A000245|AAAI-2017-A000246,AAAI,2017,https://aaai.org/papers/10833-aaai-31-2017/
AAAI-2017-P0070,Generalized Ambiguity Decompositions for Classification with Applications in Active Learning and Unsupervised Ensemble Pruning,AAAI-2017-A000247|AAAI-2017-A000248|AAAI-2017-A000249|AAAI-2017-A000250,AAAI,2017,https://aaai.org/papers/10834-aaai-31-2017/
AAAI-2017-P0071,Polynomial Optimization Methods for Matrix Factorization,AAAI-2017-A000251|AAAI-2017-A000252|AAAI-2017-A000253,AAAI,2017,https://aaai.org/papers/10941-aaai-31-2017/
AAAI-2017-P0072,Scalable Multitask Policy Gradient Reinforcement Learning,AAAI-2017-A000254|AAAI-2017-A000255|AAAI-2017-A000256,AAAI,2017,https://aaai.org/papers/10942-aaai-31-2017/
AAAI-2017-P0073,Asynchronous Mini-Batch Gradient Descent with Variance Reduction for Non-Convex Optimization,AAAI-2017-A000257|AAAI-2017-A000258,AAAI,2017,https://aaai.org/papers/10940-aaai-31-2017/
AAAI-2017-P0074,Estimating Uncertainty Online Against an Adversary,AAAI-2017-A000259|AAAI-2017-A000260,AAAI,2017,https://aaai.org/papers/10949-aaai-31-2017/
AAAI-2017-P0075,Scalable Optimization of Multivariate Performance Measures in Multi-instance Multi-label Learning,AAAI-2017-A000261|AAAI-2017-A000262|AAAI-2017-A000263|AAAI-2017-A000264|AAAI-2017-A000265|AAAI-2017-A000266|AAAI-2017-A000267,AAAI,2017,https://aaai.org/papers/10947-aaai-31-2017/
AAAI-2017-P0076,Multiclass Capped _p-Norm SVM for Robust Classifications,AAAI-2017-A000268|AAAI-2017-A000269|AAAI-2017-A000270,AAAI,2017,https://aaai.org/papers/10948-aaai-31-2017/
AAAI-2017-P0077,Where to Add Actions in Human-in-the-Loop Reinforcement Learning,AAAI-2017-A000271|AAAI-2017-A000272|AAAI-2017-A000273|AAAI-2017-A000274,AAAI,2017,https://aaai.org/papers/10945-aaai-31-2017/
AAAI-2017-P0078,Semi-Supervised Classifications via Elastic and Robust Embedding,AAAI-2017-A000275|AAAI-2017-A000276|AAAI-2017-A000277|AAAI-2017-A000278|AAAI-2017-A000279,AAAI,2017,https://aaai.org/papers/10946-aaai-31-2017/
AAAI-2017-P0079,The Multivariate Generalised von Mises Distribution: Inference and Applications,AAAI-2017-A000280|AAAI-2017-A000281|AAAI-2017-A000282,AAAI,2017,https://aaai.org/papers/10943-aaai-31-2017/
AAAI-2017-P0080,Local Centroids Structured Non-Negative Matrix Factorization,AAAI-2017-A000283|AAAI-2017-A000284|AAAI-2017-A000285,AAAI,2017,https://aaai.org/papers/10944-aaai-31-2017/
AAAI-2017-P0081,Active Search in Intensionally Specified Structured Spaces,AAAI-2017-A000286|AAAI-2017-A000287|AAAI-2017-A000288,AAAI,2017,https://aaai.org/papers/10930-aaai-31-2017/
AAAI-2017-P0082,Distributed Negative Sampling for Word Embeddings,AAAI-2017-A000289|AAAI-2017-A000290|AAAI-2017-A000291|AAAI-2017-A000292,AAAI,2017,https://aaai.org/papers/10931-aaai-31-2017/
AAAI-2017-P0083,Robust Partially-Compressed Least-Squares,AAAI-2017-A000293|AAAI-2017-A000294|AAAI-2017-A000295,AAAI,2017,https://aaai.org/papers/10938-aaai-31-2017/
AAAI-2017-P0084,Efficient Ordered Combinatorial Semi-Bandits for Whole-Page Recommendation,AAAI-2017-A000296|AAAI-2017-A000297|AAAI-2017-A000298|AAAI-2017-A000299|AAAI-2017-A000300|AAAI-2017-A000301,AAAI,2017,https://aaai.org/papers/10939-aaai-31-2017/
AAAI-2017-P0085,Factorization Bandits for Interactive Recommendation,AAAI-2017-A000302|AAAI-2017-A000303|AAAI-2017-A000304,AAAI,2017,https://aaai.org/papers/10936-aaai-31-2017/
AAAI-2017-P0086,Recovering True Classifier Performance in Positive-Unlabeled Learning,AAAI-2017-A000305|AAAI-2017-A000306|AAAI-2017-A000307,AAAI,2017,https://aaai.org/papers/10937-aaai-31-2017/
AAAI-2017-P0087,Label-Free Supervision of Neural Networks with Physics and Domain Knowledge,AAAI-2017-A000308|AAAI-2017-A000309,AAAI,2017,https://aaai.org/papers/10934-aaai-31-2017/
AAAI-2017-P0088,Cleaning the Null Space: A Privacy Mechanism for Predictors,AAAI-2017-A000310|AAAI-2017-A000311|AAAI-2017-A000312|AAAI-2017-A000313|AAAI-2017-A000314,AAAI,2017,https://aaai.org/papers/10935-aaai-31-2017/
AAAI-2017-P0089,Importance Sampling with Unequal Support,AAAI-2017-A000315|AAAI-2017-A000316,AAAI,2017,https://aaai.org/papers/10932-aaai-31-2017/
AAAI-2017-P0090,Automatic Curriculum Graph Generation for Reinforcement Learning Agents,AAAI-2017-A000317|AAAI-2017-A000318|AAAI-2017-A000319|AAAI-2017-A000320|AAAI-2017-A000321|AAAI-2017-A000322,AAAI,2017,https://aaai.org/papers/10933-aaai-31-2017/
AAAI-2017-P0091,SCOPE: Scalable Composite Optimization for Learning on Spark,AAAI-2017-A000323|AAAI-2017-A000324|AAAI-2017-A000325|AAAI-2017-A000326|AAAI-2017-A000327,AAAI,2017,https://aaai.org/papers/10920-aaai-31-2017/
AAAI-2017-P0092,Sequential Classification-Based Optimization for Direct Policy Search,AAAI-2017-A000328|AAAI-2017-A000329|AAAI-2017-A000330,AAAI,2017,https://aaai.org/papers/10927-aaai-31-2017/
AAAI-2017-P0093,Learning Unitary Operators with Help From u(n),AAAI-2017-A000331|AAAI-2017-A000332,AAAI,2017,https://aaai.org/papers/10928-aaai-31-2017/
AAAI-2017-P0094,Scalable Feature Selection via Distributed Diversity Maximization,AAAI-2017-A000333|AAAI-2017-A000334|AAAI-2017-A000335|AAAI-2017-A000336,AAAI,2017,https://aaai.org/papers/10926-aaai-31-2017/
AAAI-2017-P0095,Non-Negative Inductive Matrix Completion for Discrete Dyadic Data,AAAI-2017-A000337,AAAI,2017,https://aaai.org/papers/10925-aaai-31-2017/
AAAI-2017-P0096,Selecting Sequences of Items via Submodular Maximization,AAAI-2017-A000338|AAAI-2017-A000339|AAAI-2017-A000340,AAAI,2017,https://aaai.org/papers/10923-aaai-31-2017/
AAAI-2017-P0097,Growing Interpretable Part Graphs on ConvNets via Multi-Shot Learning,AAAI-2017-A000341|AAAI-2017-A000342|AAAI-2017-A000343|AAAI-2017-A000344,AAAI,2017,https://aaai.org/papers/10924-aaai-31-2017/
AAAI-2017-P0098,Lock-Free Optimization for Non-Convex Problems,AAAI-2017-A000345|AAAI-2017-A000346|AAAI-2017-A000347,AAAI,2017,https://aaai.org/papers/10921-aaai-31-2017/
AAAI-2017-P0099,Weighted Bandits or: How Bandits Learn Distorted Values That Are Not Expected,AAAI-2017-A000348|AAAI-2017-A000349|AAAI-2017-A000350|AAAI-2017-A000351,AAAI,2017,https://aaai.org/papers/10922-aaai-31-2017/
AAAI-2017-P0100,Coactive Critiquing: Elicitation of Preferences and Features,AAAI-2017-A000352|AAAI-2017-A000353|AAAI-2017-A000354,AAAI,2017,https://aaai.org/papers/10929-aaai-31-2017/
AAAI-2017-P0101,The Option-Critic Architecture,AAAI-2017-A000355|AAAI-2017-A000356|AAAI-2017-A000357,AAAI,2017,https://aaai.org/papers/10916-aaai-31-2017/
AAAI-2017-P0102,Resource Constrained Structured Prediction,AAAI-2017-A000358|AAAI-2017-A000359|AAAI-2017-A000360|AAAI-2017-A000361,AAAI,2017,https://aaai.org/papers/10917-aaai-31-2017/
AAAI-2017-P0103,Scalable Algorithm for Higher-Order Co-Clustering via Random Sampling,AAAI-2017-A000362|AAAI-2017-A000363|AAAI-2017-A000364|AAAI-2017-A000365,AAAI,2017,https://aaai.org/papers/10914-aaai-31-2017/
AAAI-2017-P0104,Approximate Conditional Gradient Descent on Multi-Class Classification,AAAI-2017-A000366|AAAI-2017-A000367,AAAI,2017,https://aaai.org/papers/10915-aaai-31-2017/
AAAI-2017-P0105,Communication Lower Bounds for Distributed Convex Optimization: Partition Data on Features,AAAI-2017-A000368|AAAI-2017-A000369|AAAI-2017-A000370,AAAI,2017,https://aaai.org/papers/10912-aaai-31-2017/
AAAI-2017-P0106,When and Why Are Deep Networks Better Than Shallow Ones?,AAAI-2017-A000371|AAAI-2017-A000372|AAAI-2017-A000373,AAAI,2017,https://aaai.org/papers/10913-aaai-31-2017/
AAAI-2017-P0107,Policy Search with High-Dimensional Context Variables,AAAI-2017-A000374|AAAI-2017-A000375|AAAI-2017-A000376|AAAI-2017-A000377|AAAI-2017-A000378|AAAI-2017-A000379,AAAI,2017,https://aaai.org/papers/10911-aaai-31-2017/
AAAI-2017-P0108,Asynchronous Stochastic Proximal Optimization Algorithms with Variance Reduction,AAAI-2017-A000380|AAAI-2017-A000381|AAAI-2017-A000382|AAAI-2017-A000383|AAAI-2017-A000384|AAAI-2017-A000385,AAAI,2017,https://aaai.org/papers/10910-aaai-31-2017/
AAAI-2017-P0109,Dynamic Action Repetition for Deep Reinforcement Learning,AAAI-2017-A000386|AAAI-2017-A000387|AAAI-2017-A000388,AAAI,2017,https://aaai.org/papers/10918-aaai-31-2017/
AAAI-2017-P0110,Generalization Error Bounds for Optimization Algorithms via Stability,AAAI-2017-A000389|AAAI-2017-A000390|AAAI-2017-A000391|AAAI-2017-A000392|AAAI-2017-A000393|AAAI-2017-A000394,AAAI,2017,https://aaai.org/papers/10919-aaai-31-2017/
AAAI-2017-P0111,Modeling Skewed Class Distributions by Reshaping the Concept Space,AAAI-2017-A000395|AAAI-2017-A000396,AAAI,2017,https://aaai.org/papers/10903-aaai-31-2017/
AAAI-2017-P0112,A General Clustering Agreement Index: For Comparing Disjoint and Overlapping Clusters,AAAI-2017-A000397|AAAI-2017-A000398,AAAI,2017,https://aaai.org/papers/10905-aaai-31-2017/
AAAI-2017-P0113,Ordinal Constrained Binary Code Learning for Nearest Neighbor Search,AAAI-2017-A000399|AAAI-2017-A000400|AAAI-2017-A000401|AAAI-2017-A000402,AAAI,2017,https://aaai.org/papers/10906-aaai-31-2017/
AAAI-2017-P0114,Transfer Learning for Deep Learning on Graph-Structured Data,AAAI-2017-A000403|AAAI-2017-A000404|AAAI-2017-A000405|AAAI-2017-A000406,AAAI,2017,https://aaai.org/papers/10904-aaai-31-2017/
AAAI-2017-P0115,Cross-Domain Kernel Induction for Transfer Learning,AAAI-2017-A000407|AAAI-2017-A000408|AAAI-2017-A000409|AAAI-2017-A000410,AAAI,2017,https://aaai.org/papers/10901-aaai-31-2017/
AAAI-2017-P0116,Alternating Back-Propagation for Generator Network,AAAI-2017-A000411|AAAI-2017-A000412|AAAI-2017-A000413|AAAI-2017-A000414,AAAI,2017,https://aaai.org/papers/10902-aaai-31-2017/
AAAI-2017-P0117,A Two-Stage Approach for Learning a Sparse Model with Sharp Excess Risk Analysis,AAAI-2017-A000415|AAAI-2017-A000416|AAAI-2017-A000417|AAAI-2017-A000418,AAAI,2017,https://aaai.org/papers/10900-aaai-31-2017/
AAAI-2017-P0118,Multi-View Clustering and Semi-Supervised Classification with Adaptive Neighbours,AAAI-2017-A000419|AAAI-2017-A000420|AAAI-2017-A000421,AAAI,2017,https://aaai.org/papers/10909-aaai-31-2017/
AAAI-2017-P0119,Label Efficient Learning by Exploiting Multi-Class Output Codes,AAAI-2017-A000422|AAAI-2017-A000423|AAAI-2017-A000424,AAAI,2017,https://aaai.org/papers/10907-aaai-31-2017-2/
AAAI-2017-P0120,Addressing Imbalance in Multi-Label Classification Using Structured Hellinger Forests,AAAI-2017-A000425|AAAI-2017-A000426,AAAI,2017,https://aaai.org/papers/10908-aaai-31-2017/
AAAI-2017-P0121,Beyond RPCA: Flattening Complex Noise in the Frequency Domain,AAAI-2017-A000427|AAAI-2017-A000428|AAAI-2017-A000429|AAAI-2017-A000430,AAAI,2017,https://aaai.org/papers/10790-aaai-31-2017/
AAAI-2017-P0122,Spectral Clustering with Brainstorming Process for Multi-View Data,AAAI-2017-A000431|AAAI-2017-A000432|AAAI-2017-A000433|AAAI-2017-A000434,AAAI,2017,https://aaai.org/papers/10791-aaai-31-2017/
AAAI-2017-P0123,Two-Dimensional PCA with F-Norm Minimization,AAAI-2017-A000435|AAAI-2017-A000436,AAAI,2017,https://aaai.org/papers/10798-aaai-31-2017/
AAAI-2017-P0124,Classification with Minimax Distance Measures,AAAI-2017-A000437,AAAI,2017,https://aaai.org/papers/10799-aaai-31-2017/
AAAI-2017-P0125,Transfer Reinforcement Learning with Shared Dynamics,AAAI-2017-A000438|AAAI-2017-A000439,AAAI,2017,https://aaai.org/papers/10796-aaai-31-2017/
AAAI-2017-P0126,Unimodal Thompson Sampling for Graph-Structured Arms,AAAI-2017-A000440|AAAI-2017-A000441|AAAI-2017-A000442|AAAI-2017-A000443,AAAI,2017,https://aaai.org/papers/10797-aaai-31-2017/
AAAI-2017-P0127,Rank Ordering Constraints Elimination with Application for Kernel Learning,AAAI-2017-A000444|AAAI-2017-A000445|AAAI-2017-A000446|AAAI-2017-A000447,AAAI,2017,https://aaai.org/papers/10794-aaai-31-2017/
AAAI-2017-P0128,An Exact Penalty Method for Binary Optimization Based on MPEC Formulation,AAAI-2017-A000448|AAAI-2017-A000449,AAAI,2017,https://aaai.org/papers/10795-aaai-31-2017/
AAAI-2017-P0129,Latent Smooth Skeleton Embedding,AAAI-2017-A000450|AAAI-2017-A000451|AAAI-2017-A000452,AAAI,2017,https://aaai.org/papers/10792-aaai-31-2017/
AAAI-2017-P0130,Enumerate Lasso Solutions for Feature Selection,AAAI-2017-A000453|AAAI-2017-A000454,AAAI,2017,https://aaai.org/papers/10793-aaai-31-2017/
AAAI-2017-P0131,One-Step Spectral Clustering via Dynamically Learning Affinity Matrix and Subspace,AAAI-2017-A000455|AAAI-2017-A000456|AAAI-2017-A000457|AAAI-2017-A000458|AAAI-2017-A000459|AAAI-2017-A000460|AAAI-2017-A000461,AAAI,2017,https://aaai.org/papers/10780-aaai-31-2017/
AAAI-2017-P0132,Regularization for Unsupervised Deep Neural Nets,AAAI-2017-A000462|AAAI-2017-A000463,AAAI,2017,https://aaai.org/papers/10787-aaai-31-2017/
AAAI-2017-P0133,Convex Co-Embedding for Matrix Completion with Predictive Side Information,AAAI-2017-A000464,AAAI,2017,https://aaai.org/papers/10788-aaai-31-2017/
AAAI-2017-P0134,Improving Efficiency of SVM <i>k</i>-Fold Cross-Validation by Alpha Seeding,AAAI-2017-A000465|AAAI-2017-A000466|AAAI-2017-A000467|AAAI-2017-A000468|AAAI-2017-A000469|AAAI-2017-A000470,AAAI,2017,https://aaai.org/papers/10785-aaai-31-2017/
AAAI-2017-P0135,Learning Invariant Deep Representation for NIR-VIS Face Recognition,AAAI-2017-A000471|AAAI-2017-A000472|AAAI-2017-A000473|AAAI-2017-A000474,AAAI,2017,https://aaai.org/papers/10786-aaai-31-2017/
AAAI-2017-P0136,Near-Optimal Active Learning of Halfspaces via Query Synthesis in the Noisy Setting,AAAI-2017-A000475|AAAI-2017-A000476|AAAI-2017-A000477,AAAI,2017,https://aaai.org/papers/10783-aaai-31-2017/
AAAI-2017-P0137,Generalization Analysis for Ranking Using Integral Operator,AAAI-2017-A000478|AAAI-2017-A000479|AAAI-2017-A000480|AAAI-2017-A000481|AAAI-2017-A000482,AAAI,2017,https://aaai.org/papers/10784-aaai-31-2017/
AAAI-2017-P0138,Parametric Dual Maximization for Non-Convex Learning Problems,AAAI-2017-A000483|AAAI-2017-A000484|AAAI-2017-A000485,AAAI,2017,https://aaai.org/papers/10781-aaai-31-2017/
AAAI-2017-P0139,Sparse Subspace Clustering by Learning Approximation _0 Codes,AAAI-2017-A000486|AAAI-2017-A000487|AAAI-2017-A000488,AAAI,2017,https://aaai.org/papers/10782-aaai-31-2017/
AAAI-2017-P0140,Structure Regularized Unsupervised Discriminant Feature Analysis,AAAI-2017-A000489|AAAI-2017-A000490|AAAI-2017-A000491,AAAI,2017,https://aaai.org/papers/10789-aaai-31-2017/
AAAI-2017-P0141,Low-Rank Tensor Completion with Total Variation for Visual Data Inpainting,AAAI-2017-A000492|AAAI-2017-A000493|AAAI-2017-A000494,AAAI,2017,https://aaai.org/papers/10776-aaai-31-2017/
AAAI-2017-P0142,Denoising Criterion for Variational Auto-Encoding Framework,AAAI-2017-A000495|AAAI-2017-A000496|AAAI-2017-A000497|AAAI-2017-A000498,AAAI,2017,https://aaai.org/papers/10777-aaai-31-2017/
AAAI-2017-P0143,Exploring Commonality and Individuality for Multi-Modal Curriculum Learning,AAAI-2017-A000499,AAAI,2017,https://aaai.org/papers/10774-aaai-31-2017/
AAAI-2017-P0144,Confidence-Rated Discriminative Partial Label Learning,AAAI-2017-A000500|AAAI-2017-A000501,AAAI,2017,https://aaai.org/papers/10775-aaai-31-2017/
AAAI-2017-P0145,A Generalized Stochastic Variational Bayesian Hyperparameter Learning Framework for Sparse Spectrum Gaussian Process Regression,AAAI-2017-A000502|AAAI-2017-A000503|AAAI-2017-A000504,AAAI,2017,https://aaai.org/papers/10772-aaai-31-2017/
AAAI-2017-P0146,Sparse Boltzmann Machines with Structure Learning as Applied to Text Analysis,AAAI-2017-A000505|AAAI-2017-A000506|AAAI-2017-A000507|AAAI-2017-A000508,AAAI,2017,https://aaai.org/papers/10773-aaai-31-2017/
AAAI-2017-P0147,Cost-Sensitive Feature Selection via F-Measure Optimization Reduction,AAAI-2017-A000509|AAAI-2017-A000510|AAAI-2017-A000511|AAAI-2017-A000512|AAAI-2017-A000513|AAAI-2017-A000514,AAAI,2017,https://aaai.org/papers/10770-aaai-31-2017/
AAAI-2017-P0148,Infinite Kernel Learning: Generalization Bounds and Algorithms,AAAI-2017-A000515|AAAI-2017-A000516|AAAI-2017-A000517|AAAI-2017-A000518|AAAI-2017-A000519,AAAI,2017,https://aaai.org/papers/10771-aaai-31-2017/
AAAI-2017-P0149,Unbiased Multivariate Correlation Analysis,AAAI-2017-A000520|AAAI-2017-A000521|AAAI-2017-A000522|AAAI-2017-A000523|AAAI-2017-A000524|AAAI-2017-A000525,AAAI,2017,https://aaai.org/papers/10778-aaai-31-2017/
AAAI-2017-P0150,Structured Inference Networks for Nonlinear State Space Models,AAAI-2017-A000526|AAAI-2017-A000527|AAAI-2017-A000528,AAAI,2017,https://aaai.org/papers/10779-aaai-31-2017/
AAAI-2017-P0151,Learning Deep Latent Space for Multi-Label Classification,AAAI-2017-A000529|AAAI-2017-A000530|AAAI-2017-A000531|AAAI-2017-A000532,AAAI,2017,https://aaai.org/papers/10769-aaai-31-2017/
AAAI-2017-P0152,Universum Prescription: Regularization Using Unlabeled Data,AAAI-2017-A000533|AAAI-2017-A000534,AAAI,2017,https://aaai.org/papers/10768-aaai-31-2017/
AAAI-2017-P0153,Learning Sparse Task Relations in Multi-Task Learning,AAAI-2017-A000535|AAAI-2017-A000536,AAAI,2017,https://aaai.org/papers/10820-aaai-31-2017/
AAAI-2017-P0154,Identifying Unknown Unknowns in the Open World: Representations and Policies for Guided Exploration,AAAI-2017-A000537|AAAI-2017-A000538|AAAI-2017-A000539|AAAI-2017-A000540,AAAI,2017,https://aaai.org/papers/10821-aaai-31-2017/
AAAI-2017-P0155,Cross-Domain Ranking via Latent Space Learning,AAAI-2017-A000541|AAAI-2017-A000542,AAAI,2017,https://aaai.org/papers/10828-aaai-31-2017/
AAAI-2017-P0156,Accelerated Gradient Temporal Difference Learning,AAAI-2017-A000543|AAAI-2017-A000544|AAAI-2017-A000545,AAAI,2017,https://aaai.org/papers/10829-aaai-31-2017/
AAAI-2017-P0157,Playing FPS Games with Deep Reinforcement Learning,AAAI-2017-A000546|AAAI-2017-A000547,AAAI,2017,https://aaai.org/papers/10827-aaai-31-2017/
AAAI-2017-P0158,Distant Domain Transfer Learning,AAAI-2017-A000548|AAAI-2017-A000549|AAAI-2017-A000550|AAAI-2017-A000551,AAAI,2017,https://aaai.org/papers/10826-aaai-31-2017/
AAAI-2017-P0159,Cascade Subspace Clustering,AAAI-2017-A000552|AAAI-2017-A000553|AAAI-2017-A000554|AAAI-2017-A000555|AAAI-2017-A000556,AAAI,2017,https://aaai.org/papers/10824-aaai-31-2017/
AAAI-2017-P0160,Random Features for Shift-Invariant Kernels with Moment Matching,AAAI-2017-A000557|AAAI-2017-A000558|AAAI-2017-A000559,AAAI,2017,https://aaai.org/papers/10825-aaai-31-2017/
AAAI-2017-P0161,Semi-Supervised Adaptive Label Distribution Learning for Facial Age Estimation,AAAI-2017-A000560|AAAI-2017-A000561|AAAI-2017-A000562|AAAI-2017-A000563,AAAI,2017,https://aaai.org/papers/10822-aaai-31-2017/
AAAI-2017-P0162,Multi-View Correlated Feature Learning by Uncovering Shared Component,AAAI-2017-A000564|AAAI-2017-A000565|AAAI-2017-A000566|AAAI-2017-A000567|AAAI-2017-A000568|AAAI-2017-A000569,AAAI,2017,https://aaai.org/papers/10823-aaai-31-2017/
AAAI-2017-P0163,OFFER: Off-Environment Reinforcement Learning,AAAI-2017-A000570|AAAI-2017-A000571,AAAI,2017,https://aaai.org/papers/10810-aaai-31-2017/
AAAI-2017-P0164,Bilinear Probabilistic Canonical Correlation Analysis via Hybrid Concatenations,AAAI-2017-A000572|AAAI-2017-A000573|AAAI-2017-A000574,AAAI,2017,https://aaai.org/papers/10817-aaai-31-2017/
AAAI-2017-P0165,Unsupervised Learning with Truncated Gaussian Graphical Models,AAAI-2017-A000575|AAAI-2017-A000576|AAAI-2017-A000577|AAAI-2017-A000578|AAAI-2017-A000579,AAAI,2017,https://aaai.org/papers/10815-aaai-31-2017/
AAAI-2017-P0166,Fredholm Multiple Kernel Learning for Semi-Supervised Domain Adaptation,AAAI-2017-A000580|AAAI-2017-A000581|AAAI-2017-A000582|AAAI-2017-A000583,AAAI,2017,https://aaai.org/papers/10818-aaai-31-2017/
AAAI-2017-P0167,Riemannian Submanifold Tracking on Low-Rank Algebraic Variety,AAAI-2017-A000584|AAAI-2017-A000585,AAAI,2017,https://aaai.org/papers/10816-aaai-31-2017/
AAAI-2017-P0168,Top-k Hierarchical Classification,AAAI-2017-A000586,AAAI,2017,https://aaai.org/papers/10813-aaai-31-2017/
AAAI-2017-P0169,Feature Selection Guided Auto-Encoder,AAAI-2017-A000587|AAAI-2017-A000588|AAAI-2017-A000589,AAAI,2017,https://aaai.org/papers/10811-aaai-31-2017/
AAAI-2017-P0170,Unsupervised Large Graph Embedding,AAAI-2017-A000590|AAAI-2017-A000591|AAAI-2017-A000592,AAAI,2017,https://aaai.org/papers/10814-aaai-31-2017/
AAAI-2017-P0171,Inductive Pairwise Ranking: Going Beyond the <i>n</i> log(<i>n</i>) Barrier,AAAI-2017-A000593|AAAI-2017-A000594,AAAI,2017,https://aaai.org/papers/10812-aaai-31-2017/
AAAI-2017-P0172,MPGL: An Efficient Matching Pursuit Method for Generalized LASSO,AAAI-2017-A000595|AAAI-2017-A000596|AAAI-2017-A000597|AAAI-2017-A000598|AAAI-2017-A000599,AAAI,2017,https://aaai.org/papers/10819-aaai-31-2017/
AAAI-2017-P0173,Nonlinear Dynamic Boltzmann Machines for Time-Series Prediction,AAAI-2017-A000600|AAAI-2017-A000601,AAAI,2017,https://aaai.org/papers/10806-aaai-31-2017/
AAAI-2017-P0174,Tunable Sensitivity to Large Errors in Neural Network Training,AAAI-2017-A000602|AAAI-2017-A000603|AAAI-2017-A000604,AAAI,2017,https://aaai.org/papers/10807-aaai-31-2017/
AAAI-2017-P0175,SeqGAN: Sequence Generative Adversarial Nets with Policy Gradient,AAAI-2017-A000605|AAAI-2017-A000606|AAAI-2017-A000607|AAAI-2017-A000608,AAAI,2017,https://aaai.org/papers/10804-aaai-31-2017/
AAAI-2017-P0176,Relational Deep Learning: A Deep Latent Variable Model for Link Prediction,AAAI-2017-A000609|AAAI-2017-A000610|AAAI-2017-A000611,AAAI,2017,https://aaai.org/papers/10805-aaai-31-2017/
AAAI-2017-P0177,PAC Identification of a Bandit Arm Relative to a Reward Quantile,AAAI-2017-A000612|AAAI-2017-A000613,AAAI,2017,https://aaai.org/papers/10802-aaai-31-2017/
AAAI-2017-P0178,Efficient Online Model Adaptation by Incremental Simplex Tableau,AAAI-2017-A000614|AAAI-2017-A000615|AAAI-2017-A000616|AAAI-2017-A000617|AAAI-2017-A000618,AAAI,2017,https://aaai.org/papers/10803-aaai-31-2017/
AAAI-2017-P0179,Informative Subspace Learning for Counterfactual Inference,AAAI-2017-A000619|AAAI-2017-A000620,AAAI,2017,https://aaai.org/papers/10800-aaai-31-2017/
AAAI-2017-P0180,Sparse Deep Transfer Learning for Convolutional Neural Network,AAAI-2017-A000621|AAAI-2017-A000622|AAAI-2017-A000623,AAAI,2017,https://aaai.org/papers/10801-aaai-31-2017/
AAAI-2017-P0181,Querying Partially Labelled Data to Improve a K-nn Classifier,AAAI-2017-A000624|AAAI-2017-A000625|AAAI-2017-A000626,AAAI,2017,https://aaai.org/papers/10808-aaai-31-2017/
AAAI-2017-P0182,Self-Paced Learning: An Implicit Regularization Perspective,AAAI-2017-A000627|AAAI-2017-A000628|AAAI-2017-A000629|AAAI-2017-A000630,AAAI,2017,https://aaai.org/papers/10809-aaai-31-2017/
AAAI-2017-P0183,Structural Correspondence Learning for Cross-Lingual Sentiment Classification with One-to-Many Mappings,AAAI-2017-A000631|AAAI-2017-A000632|AAAI-2017-A000633|AAAI-2017-A000634,AAAI,2017,https://aaai.org/papers/11000-aaai-31-2017/
AAAI-2017-P0184,Greedy Flipping for Constrained Word Deletion,AAAI-2017-A000635|AAAI-2017-A000636,AAAI,2017,https://aaai.org/papers/11013-aaai-31-2017/
AAAI-2017-P0185,Efficiently Mining High Quality Phrases from Texts,AAAI-2017-A000637|AAAI-2017-A000638|AAAI-2017-A000639|AAAI-2017-A000640,AAAI,2017,https://aaai.org/papers/11012-aaai-31-2017/
AAAI-2017-P0186,Using Discourse Signals for Robust Instructor Intervention Prediction,AAAI-2017-A000641|AAAI-2017-A000642|AAAI-2017-A000643|AAAI-2017-A000644,AAAI,2017,https://aaai.org/papers/11015-aaai-31-2017/
AAAI-2017-P0187,Recurrent Neural Networks with Auxiliary Labels for Cross-Domain Opinion Target Extraction,AAAI-2017-A000645|AAAI-2017-A000646|AAAI-2017-A000647,AAAI,2017,https://aaai.org/papers/11014-aaai-31-2017/
AAAI-2017-P0188,Learning Latent Sentiment Scopes for Entity-Level Sentiment Analysis,AAAI-2017-A000648|AAAI-2017-A000649,AAAI,2017,https://aaai.org/papers/11016-aaai-31-2017/
AAAI-2017-P0189,Collaborative User Clustering for Short Text Streams,AAAI-2017-A000650|AAAI-2017-A000651|AAAI-2017-A000652|AAAI-2017-A000653,AAAI,2017,https://aaai.org/papers/11011-aaai-31-2017/
AAAI-2017-P0190,Automatic Emphatic Information Extraction from Aligned Acoustic Data and Its Application on Sentence Compression,AAAI-2017-A000654|AAAI-2017-A000655,AAAI,2017,https://aaai.org/papers/11010-aaai-31-2017/
AAAI-2017-P0191,Community-Based Question Answering via Asymmetric Multi-Faceted Ranking Network Learning,AAAI-2017-A000656|AAAI-2017-A000657|AAAI-2017-A000658|AAAI-2017-A000659|AAAI-2017-A000660|AAAI-2017-A000661,AAAI,2017,https://aaai.org/papers/10999-aaai-31-2017/
AAAI-2017-P0192,Efficient Dependency-Guided Named Entity Recognition,AAAI-2017-A000662|AAAI-2017-A000663|AAAI-2017-A000664,AAAI,2017,https://aaai.org/papers/11009-aaai-31-2017/
AAAI-2017-P0193,Salience Estimation via Variational Auto-Encoders for Multi-Document Summarization,AAAI-2017-A000665|AAAI-2017-A000666|AAAI-2017-A000667|AAAI-2017-A000668|AAAI-2017-A000669,AAAI,2017,https://aaai.org/papers/11007-aaai-31-2017/
AAAI-2017-P0194,Unsupervised Sentiment Analysis with Signed Social Networks,AAAI-2017-A000670|AAAI-2017-A000671|AAAI-2017-A000672|AAAI-2017-A000673,AAAI,2017,https://aaai.org/papers/11008-aaai-31-2017/
AAAI-2017-P0195,Improving Event Causality Recognition with Multiple Background Knowledge Sources Using Multi-Column Convolutional Neural Networks,AAAI-2017-A000674|AAAI-2017-A000675|AAAI-2017-A000676|AAAI-2017-A000677|AAAI-2017-A000678|AAAI-2017-A000679,AAAI,2017,https://aaai.org/papers/11005-aaai-31-2017/
AAAI-2017-P0196,Attentive Interactive Neural Networks for Answer Selection in Community Question Answering,AAAI-2017-A000680|AAAI-2017-A000681|AAAI-2017-A000682|AAAI-2017-A000683,AAAI,2017,https://aaai.org/papers/11006-aaai-31-2017/
AAAI-2017-P0197,Bootstrapping Distantly Supervised IE Using Joint Learning and Small Well-Structured Corpora,AAAI-2017-A000684|AAAI-2017-A000685|AAAI-2017-A000686|AAAI-2017-A000687|AAAI-2017-A000688,AAAI,2017,https://aaai.org/papers/11003-aaai-31-2017/
AAAI-2017-P0198,What Happens Next? Future Subevent Prediction Using Contextual Hierarchical LSTM,AAAI-2017-A000689|AAAI-2017-A000690|AAAI-2017-A000691|AAAI-2017-A000692|AAAI-2017-A000693,AAAI,2017,https://aaai.org/papers/11001-aaai-31-2017/
AAAI-2017-P0199,Distant Supervision via Prototype-Based Global Representation Learning,AAAI-2017-A000694|AAAI-2017-A000695,AAAI,2017,https://aaai.org/papers/11004-aaai-31-2017/
AAAI-2017-P0200,Word Embedding Based Correlation Model for Question/Answer Matching,AAAI-2017-A000696|AAAI-2017-A000697|AAAI-2017-A000698|AAAI-2017-A000699|AAAI-2017-A000700|AAAI-2017-A000701,AAAI,2017,https://aaai.org/papers/11002-aaai-31-2017/
AAAI-2017-P0201,Deep Correlated Metric Learning for Sketch-based 3D Shape Retrieval,AAAI-2017-A000702|AAAI-2017-A000703|AAAI-2017-A000704|AAAI-2017-A000705,AAAI,2017,https://aaai.org/papers/11211-aaai-31-2017/
AAAI-2017-P0202,Depth CNNs for RGB-D Scene Recognition: Learning from Scratch Better than Transferring from RGB-CNNs,AAAI-2017-A000706|AAAI-2017-A000707|AAAI-2017-A000708,AAAI,2017,https://aaai.org/papers/11226-aaai-31-2017/
AAAI-2017-P0203,Weakly Supervised Learning of Part Selection Model with Spatial Constraints for Fine-Grained Image Classification,AAAI-2017-A000709|AAAI-2017-A000710,AAAI,2017,https://aaai.org/papers/11223-aaai-31-2017/
AAAI-2017-P0204,Unsupervised Learning of Multi-Level Descriptors for Person Re-Identification,AAAI-2017-A000711|AAAI-2017-A000712|AAAI-2017-A000713|AAAI-2017-A000714,AAAI,2017,https://aaai.org/papers/11224-aaai-31-2017/
AAAI-2017-P0205,Learning Heterogeneous Dictionary Pair with Feature Projection Matrix for Pedestrian Video Retrieval via Single Query Image,AAAI-2017-A000715|AAAI-2017-A000716|AAAI-2017-A000717|AAAI-2017-A000718|AAAI-2017-A000719|AAAI-2017-A000720,AAAI,2017,https://aaai.org/papers/11221-aaai-31-2017/
AAAI-2017-P0206,DECK: Discovering Event Composition Knowledge from Web Images for Zero-Shot Event Detection and Recounting in Videos,AAAI-2017-A000721|AAAI-2017-A000722|AAAI-2017-A000723,AAAI,2017,https://aaai.org/papers/11222-aaai-31-2017/
AAAI-2017-P0207,Attributes for Improved Attributes: A Multi-Task Network Utilizing Implicit and Explicit Relationships for Facial Attribute Classification,AAAI-2017-A000724|AAAI-2017-A000725,AAAI,2017,https://aaai.org/papers/11229-aaai-31-2017/
AAAI-2017-P0208,Fully Convolutional Neural Networks with Full-Scale-Features for Semantic Segmentation,AAAI-2017-A000726|AAAI-2017-A000727|AAAI-2017-A000728|AAAI-2017-A000729,AAAI,2017,https://aaai.org/papers/11217-aaai-31-2017/
AAAI-2017-P0209,Regularized Diffusion Process for Visual Retrieval,AAAI-2017-A000730|AAAI-2017-A000731|AAAI-2017-A000732|AAAI-2017-A000733,AAAI,2017,https://aaai.org/papers/11216-aaai-31-2017/
AAAI-2017-P0210,Sherlock: Scalable Fact Learning in Images,AAAI-2017-A000734|AAAI-2017-A000735|AAAI-2017-A000736|AAAI-2017-A000737|AAAI-2017-A000738,AAAI,2017,https://aaai.org/papers/11214-aaai-31-2017/
AAAI-2017-P0211,VINet: Visual-Inertial Odometry as a Sequence-to-Sequence Learning Problem,AAAI-2017-A000739|AAAI-2017-A000740|AAAI-2017-A000741|AAAI-2017-A000742|AAAI-2017-A000743,AAAI,2017,https://aaai.org/papers/11215-aaai-31-2017/
AAAI-2017-P0212,An End-to-End Spatio-Temporal Attention Model for Human Action Recognition from Skeleton Data,AAAI-2017-A000744|AAAI-2017-A000745|AAAI-2017-A000746|AAAI-2017-A000747|AAAI-2017-A000748,AAAI,2017,https://aaai.org/papers/11212-aaai-31-2017/
AAAI-2017-P0213,Nonnegative Orthogonal Graph Matching,AAAI-2017-A000749|AAAI-2017-A000750|AAAI-2017-A000751|AAAI-2017-A000752,AAAI,2017,https://aaai.org/papers/11210-aaai-31-2017/
AAAI-2017-P0214,Weakly Supervised Semantic Segmentation Using Superpixel Pooling Network,AAAI-2017-A000753|AAAI-2017-A000754|AAAI-2017-A000755,AAAI,2017,https://aaai.org/papers/11213-aaai-31-2017/
AAAI-2017-P0215,Differentiating Between Posed and Spontaneous Expressions with Latent Regression Bayesian Network,AAAI-2017-A000756|AAAI-2017-A000757|AAAI-2017-A000758|AAAI-2017-A000759,AAAI,2017,https://aaai.org/papers/11225-aaai-31-2017/
AAAI-2017-P0216,Collective Deep Quantization for Efficient Cross-Modal Retrieval,AAAI-2017-A000760|AAAI-2017-A000761|AAAI-2017-A000762|AAAI-2017-A000763,AAAI,2017,https://aaai.org/papers/11218-aaai-31-2017/
AAAI-2017-P0217,Closing the Loop for Edge Detection and Object Proposals,AAAI-2017-A000764|AAAI-2017-A000765,AAAI,2017,https://aaai.org/papers/11219-aaai-31-2017/
AAAI-2017-P0218,Visual Object Tracking for Unmanned Aerial Vehicles: A Benchmark and New Motion Models,AAAI-2017-A000766|AAAI-2017-A000767,AAAI,2017,https://aaai.org/papers/11205-aaai-31-2017/
AAAI-2017-P0219,Face Hallucination with Tiny Unaligned Images by Transformative Discriminative Neural Networks,AAAI-2017-A000768|AAAI-2017-A000769,AAAI,2017,https://aaai.org/papers/11206-aaai-31-2017/
AAAI-2017-P0220,Image Cosegmentation via Saliency-Guided Constrained Clustering with Cosine Similarity,AAAI-2017-A000770|AAAI-2017-A000771|AAAI-2017-A000772|AAAI-2017-A000773,AAAI,2017,https://aaai.org/papers/11203-aaai-31-2017/
AAAI-2017-P0221,Boosting Complementary Hash Tables for Fast Nearest Neighbor Search,AAAI-2017-A000774|AAAI-2017-A000775|AAAI-2017-A000776|AAAI-2017-A000777,AAAI,2017,https://aaai.org/papers/11204-aaai-31-2017/
AAAI-2017-P0222,A Multi-Task Deep Network for Person Re-Identification,AAAI-2017-A000778|AAAI-2017-A000779|AAAI-2017-A000780|AAAI-2017-A000781,AAAI,2017,https://aaai.org/papers/11201-aaai-31-2017/
AAAI-2017-P0223,Localizing by Describing: Attribute-Guided Attention Localization for Fine-Grained Recognition,AAAI-2017-A000782|AAAI-2017-A000783|AAAI-2017-A000784|AAAI-2017-A000785|AAAI-2017-A000786,AAAI,2017,https://aaai.org/papers/11202-aaai-31-2017/
AAAI-2017-P0224,Learning Patch-Based Dynamic Graph for Visual Tracking,AAAI-2017-A000787|AAAI-2017-A000788|AAAI-2017-A000789|AAAI-2017-A000790,AAAI,2017,https://aaai.org/papers/11200-aaai-31-2017/
AAAI-2017-P0225,Quantifying and Detecting Collective Motion by Manifold Learning,AAAI-2017-A000791|AAAI-2017-A000792|AAAI-2017-A000793,AAAI,2017,https://aaai.org/papers/11209-aaai-31-2017/
AAAI-2017-P0226,Robust Visual Tracking via Local-Global Correlation Filter,AAAI-2017-A000794|AAAI-2017-A000795,AAAI,2017,https://aaai.org/papers/11207-aaai-31-2017/
AAAI-2017-P0227,A Multiview-Based Parameter Free Framework for Group Detection,AAAI-2017-A000796|AAAI-2017-A000797|AAAI-2017-A000798|AAAI-2017-A000799,AAAI,2017,https://aaai.org/papers/11208-aaai-31-2017/
AAAI-2017-P0228,An Artificial Agent for Robust Image Registration,AAAI-2017-A000800|AAAI-2017-A000801|AAAI-2017-A000802|AAAI-2017-A000803|AAAI-2017-A000804|AAAI-2017-A000805|AAAI-2017-A000806,AAAI,2017,https://aaai.org/papers/11230-aaai-31-2017/
AAAI-2017-P0229,Video Recovery via Learning Variation and Consistency of Images,AAAI-2017-A000807|AAAI-2017-A000808|AAAI-2017-A000809|AAAI-2017-A000810,AAAI,2017,https://aaai.org/papers/11241-aaai-31-2017/
AAAI-2017-P0230,Attention Correctness in Neural Image Captioning,AAAI-2017-A000811|AAAI-2017-A000812|AAAI-2017-A000813|AAAI-2017-A000814,AAAI,2017,https://aaai.org/papers/11197-aaai-31-2017/
AAAI-2017-P0231,Reference Based LSTM for Image Captioning,AAAI-2017-A000815|AAAI-2017-A000816|AAAI-2017-A000817|AAAI-2017-A000818|AAAI-2017-A000819|AAAI-2017-A000820,AAAI,2017,https://aaai.org/papers/11198-aaai-31-2017/
AAAI-2017-P0232,TextBoxes: A Fast Text Detector with a Single Deep Neural Network,AAAI-2017-A000821|AAAI-2017-A000822|AAAI-2017-A000823|AAAI-2017-A000824|AAAI-2017-A000825,AAAI,2017,https://aaai.org/papers/11196-aaai-31-2017/
AAAI-2017-P0233,Non-Rigid Point Set Registration with Robust Transformation Estimation under Manifold Regularization,AAAI-2017-A000826|AAAI-2017-A000827|AAAI-2017-A000828|AAAI-2017-A000829,AAAI,2017,https://aaai.org/papers/11195-aaai-31-2017/
AAAI-2017-P0234,Weakly-Supervised Deep Nonnegative Low-Rank Model for Social Image Tag Refinement and Assignment,AAAI-2017-A000830|AAAI-2017-A000831,AAAI,2017,https://aaai.org/papers/11193-aaai-31-2017/
AAAI-2017-P0235,Online Multi-Target Tracking Using Recurrent Neural Networks,AAAI-2017-A000832|AAAI-2017-A000833|AAAI-2017-A000834|AAAI-2017-A000835|AAAI-2017-A000836,AAAI,2017,https://aaai.org/papers/11194-aaai-31-2017/
AAAI-2017-P0236,Zero-Shot Recognition via Direct Classifier Learning with Transferred Samples and Pseudo Labels,AAAI-2017-A000837|AAAI-2017-A000838|AAAI-2017-A000839|AAAI-2017-A000840,AAAI,2017,https://aaai.org/papers/11191-aaai-31-2017/
AAAI-2017-P0237,Efficient Object Instance Search Using Fuzzy Objects Matching,AAAI-2017-A000841|AAAI-2017-A000842|AAAI-2017-A000843|AAAI-2017-A000844,AAAI,2017,https://aaai.org/papers/11192-aaai-31-2017/
AAAI-2017-P0238,Multi-Path Feedback Recurrent Neural Networks for Scene Parsing,AAAI-2017-A000845|AAAI-2017-A000846|AAAI-2017-A000847|AAAI-2017-A000848|AAAI-2017-A000849,AAAI,2017,https://aaai.org/papers/11199-aaai-31-2017/
AAAI-2017-P0239,Detection and Recognition of Text Embedded in Online Images via Neural Context Models,AAAI-2017-A000850|AAAI-2017-A000851|AAAI-2017-A000852,AAAI,2017,https://aaai.org/papers/11189-aaai-31-2017/
AAAI-2017-P0240,Cross-View People Tracking by Scene-Centered Spatio-Temporal Parsing,AAAI-2017-A000853|AAAI-2017-A000854|AAAI-2017-A000855|AAAI-2017-A000856,AAAI,2017,https://aaai.org/papers/11190-aaai-31-2017/
AAAI-2017-P0241,Title Learning Latent Subevents in Activity Videos Using Temporal Attention Filters,AAAI-2017-A000857|AAAI-2017-A000858|AAAI-2017-A000859,AAAI,2017,https://aaai.org/papers/11240-aaai-31-2017/
AAAI-2017-P0242,"Inception-v4, Inception-ResNet and the Impact of Residual Connections on Learning",AAAI-2017-A000860|AAAI-2017-A000861|AAAI-2017-A000862|AAAI-2017-A000863,AAAI,2017,https://aaai.org/papers/11231-aaai-31-2017/
AAAI-2017-P0243,Video Captioning with Listwise Supervision,AAAI-2017-A000864|AAAI-2017-A000865|AAAI-2017-A000866,AAAI,2017,https://aaai.org/papers/11239-aaai-31-2017/
AAAI-2017-P0244,Leveraging Video Descriptions to Learn Video Question Answering,AAAI-2017-A000867|AAAI-2017-A000868|AAAI-2017-A000869|AAAI-2017-A000870|AAAI-2017-A000871|AAAI-2017-A000872,AAAI,2017,https://aaai.org/papers/11238-aaai-31-2017/
AAAI-2017-P0245,Image Caption with Global-Local Attention,AAAI-2017-A000873|AAAI-2017-A000874|AAAI-2017-A000875|AAAI-2017-A000876|AAAI-2017-A000877,AAAI,2017,https://aaai.org/papers/11236-aaai-31-2017/
AAAI-2017-P0246,Leveraging Saccades to Learn Smooth Pursuit: A Self-Organizing Motion Tracking Model Using Restricted Boltzmann Machines,AAAI-2017-A000878|AAAI-2017-A000879,AAAI,2017,https://aaai.org/papers/11235-aaai-31-2017/
AAAI-2017-P0247,Deep Manifold Learning of Symmetric Positive Definite Matrices with Application to Face Recognition,AAAI-2017-A000880|AAAI-2017-A000881|AAAI-2017-A000882|AAAI-2017-A000883|AAAI-2017-A000884,AAAI,2017,https://aaai.org/papers/11232-aaai-31-2017/
AAAI-2017-P0248,Active Video Summarization: Customized Summaries via On-line Interaction with the User,AAAI-2017-A000885|AAAI-2017-A000886|AAAI-2017-A000887|AAAI-2017-A000888,AAAI,2017,https://aaai.org/papers/11234-aaai-31-2017/
AAAI-2017-P0249,Text-Guided Attention Model for Image Captioning,AAAI-2017-A000889|AAAI-2017-A000890|AAAI-2017-A000891,AAAI,2017,https://aaai.org/papers/11237-aaai-31-2017/
AAAI-2017-P0250,Privacy-Preserving Human Activity Recognition from Extreme Low Resolution,AAAI-2017-A000892|AAAI-2017-A000893|AAAI-2017-A000894|AAAI-2017-A000895,AAAI,2017,https://aaai.org/papers/11233-aaai-31-2017/
AAAI-2017-P0251,Robust MIL-Based Feature Template Learning for Object Tracking,AAAI-2017-A000896|AAAI-2017-A000897|AAAI-2017-A000898,AAAI,2017,https://aaai.org/papers/11220-aaai-31-2017/
AAAI-2017-P0252,Learning Discriminative Activated Simplices for Action Recognition,AAAI-2017-A000899|AAAI-2017-A000900|AAAI-2017-A000901|AAAI-2017-A000902,AAAI,2017,https://aaai.org/papers/11227-aaai-31-2017/
AAAI-2017-P0253,Building an End-to-End Spatial-Temporal Convolutional Network for Video Super-Resolution,AAAI-2017-A000903|AAAI-2017-A000904,AAAI,2017,https://aaai.org/papers/11228-aaai-31-2017/
AAAI-2017-P0254,Participatory Art Museum: Collecting and Modeling Crowd Opinions,AAAI-2017-A000905|AAAI-2017-A000906,AAAI,2017,https://aaai.org/papers/11072-aaai-31-2017/
AAAI-2017-P0255,Enhancing the Privacy of Predictors,AAAI-2017-A000907|AAAI-2017-A000908|AAAI-2017-A000909|AAAI-2017-A000910|AAAI-2017-A000911,AAAI,2017,https://aaai.org/papers/11087-aaai-31-2017/
AAAI-2017-P0256,High-Resolution Mobile Fingerprint Matching via Deep Joint KNN-Triplet Embedding,AAAI-2017-A000912|AAAI-2017-A000913,AAAI,2017,https://aaai.org/papers/11088-aaai-31-2017/
AAAI-2017-P0257,Neuron Learning Machine for Representation Learning,AAAI-2017-A000914|AAAI-2017-A000915|AAAI-2017-A000916,AAAI,2017,https://aaai.org/papers/11085-aaai-31-2017/
AAAI-2017-P0258,An Advising Framework for Multiagent Reinforcement Learning Systems,AAAI-2017-A000917|AAAI-2017-A000918|AAAI-2017-A000919,AAAI,2017,https://aaai.org/papers/11086-aaai-31-2017/
AAAI-2017-P0259,Natural Language Person Retrieval,AAAI-2017-A000920|AAAI-2017-A000921,AAAI,2017,https://aaai.org/papers/11083-aaai-31-2017/
AAAI-2017-P0260,Semantic Connection Based Topic Evolution,AAAI-2017-A000922,AAAI,2017,https://aaai.org/papers/11084-aaai-31-2017/
AAAI-2017-P0261,A Position-Biased PageRank Algorithm for Keyphrase Extraction,AAAI-2017-A000923|AAAI-2017-A000924,AAAI,2017,https://aaai.org/papers/11082-aaai-31-2017/
AAAI-2017-P0262,Coordinating Human and Agent Behavior in Collective-Risk Scenarios,AAAI-2017-A000925|AAAI-2017-A000926|AAAI-2017-A000927|AAAI-2017-A000928,AAAI,2017,https://aaai.org/papers/11081-aaai-31-2017/
AAAI-2017-P0263,Fast Electrical Demand Optimization Under Real-Time Pricing,AAAI-2017-A000929|AAAI-2017-A000930|AAAI-2017-A000931|AAAI-2017-A000932,AAAI,2017,https://aaai.org/papers/11089-aaai-31-2017/
AAAI-2017-P0264,A Deep Learning Approach for Arabic Caption Generation Using Roots-Words,AAAI-2017-A000933,AAAI,2017,https://aaai.org/papers/11090-aaai-31-2017/
AAAI-2017-P0265,Policy Reuse in Deep Reinforcement Learning,AAAI-2017-A000934|AAAI-2017-A000935,AAAI,2017,https://aaai.org/papers/11091-aaai-31-2017/
AAAI-2017-P0266,ATSUM: Extracting Attractive Summaries for News Propagation on Microblogs,AAAI-2017-A000936|AAAI-2017-A000937,AAAI,2017,https://aaai.org/papers/11076-aaai-31-2017/
AAAI-2017-P0267,Extracting Highly Effective Features for Supervised Learning via Simultaneous Tensor Factorization,AAAI-2017-A000938|AAAI-2017-A000939|AAAI-2017-A000940|AAAI-2017-A000941,AAAI,2017,https://aaai.org/papers/11077-aaai-31-2017/
AAAI-2017-P0268,SReN: Shape Regression Network for Comic Storyboard Extraction,AAAI-2017-A000942|AAAI-2017-A000943|AAAI-2017-A000944|AAAI-2017-A000945,AAAI,2017,https://aaai.org/papers/11074-aaai-31-2017/
AAAI-2017-P0269,Keyphrase Extraction with Sequential Pattern Mining,AAAI-2017-A000946|AAAI-2017-A000947|AAAI-2017-A000948,AAAI,2017,https://aaai.org/papers/11075-aaai-31-2017/
AAAI-2017-P0270,Improving Greedy Best-First Search by Removing Unintended Search Bias (Extended Abstract),AAAI-2017-A000949|AAAI-2017-A000950,AAAI,2017,https://aaai.org/papers/11093-aaai-31-2017/
AAAI-2017-P0271,Semantic Inference of Bird Songs Using Dynamic Bayesian Networks,AAAI-2017-A000951|AAAI-2017-A000952|AAAI-2017-A000953,AAAI,2017,https://aaai.org/papers/11073-aaai-31-2017/
AAAI-2017-P0272,A Computational Assessment Model for the Adaptive Level of Rehabilitation Exergames for the Elderly,AAAI-2017-A000954|AAAI-2017-A000955|AAAI-2017-A000956|AAAI-2017-A000957,AAAI,2017,https://aaai.org/papers/11070-aaai-31-2017/
AAAI-2017-P0273,Audio Feature Learning with Triplet-Based Embedding Network,AAAI-2017-A000958|AAAI-2017-A000959|AAAI-2017-A000960,AAAI,2017,https://aaai.org/papers/11071-aaai-31-2017/
AAAI-2017-P0274,Semantic Interpretation of Social Network Communities,AAAI-2017-A000961|AAAI-2017-A000962|AAAI-2017-A000963|AAAI-2017-A000964|AAAI-2017-A000965,AAAI,2017,https://aaai.org/papers/11078-aaai-31-2017/
AAAI-2017-P0275,Chaotic Time Series Prediction Using a Photonic Reservoir Computer with Output Feedback,AAAI-2017-A000966|AAAI-2017-A000967|AAAI-2017-A000968|AAAI-2017-A000969,AAAI,2017,https://aaai.org/papers/11079-aaai-31-2017/
AAAI-2017-P0276,Improving Performance of Analogue Readout Layers for Photonic Reservoir Computers with Online Learning,AAAI-2017-A000970|AAAI-2017-A000971|AAAI-2017-A000972,AAAI,2017,https://aaai.org/papers/11080-aaai-31-2017/
AAAI-2017-P0277,Robust and Efficient Transfer Learning with Hidden Parameter Markov Decision Processes,AAAI-2017-A000973|AAAI-2017-A000974|AAAI-2017-A000975,AAAI,2017,https://aaai.org/papers/11065-aaai-31-2017/
AAAI-2017-P0278,A Systematic Practice of Judging the Success of a Robotic Grasp Using Convolutional Neural Network,AAAI-2017-A000976|AAAI-2017-A000977|AAAI-2017-A000978,AAAI,2017,https://aaai.org/papers/11066-aaai-31-2017/
AAAI-2017-P0279,Detecting Review Spammer Groups,AAAI-2017-A000979|AAAI-2017-A000980|AAAI-2017-A000981|AAAI-2017-A000982,AAAI,2017,https://aaai.org/papers/11063-aaai-31-2017/
AAAI-2017-P0280,Handwriting Profiling Using Generative Adversarial Networks,AAAI-2017-A000983|AAAI-2017-A000984|AAAI-2017-A000985,AAAI,2017,https://aaai.org/papers/11064-aaai-31-2017/
AAAI-2017-P0281,Attention Based LSTM for Target Dependent Sentiment Classification,AAAI-2017-A000986|AAAI-2017-A000987|AAAI-2017-A000988|AAAI-2017-A000989|AAAI-2017-A000990,AAAI,2017,https://aaai.org/papers/11061-aaai-31-2017/
AAAI-2017-P0282,Authorship Attribution with Topic Drift Model,AAAI-2017-A000991|AAAI-2017-A000992|AAAI-2017-A000993|AAAI-2017-A000994,AAAI,2017,https://aaai.org/papers/11062-aaai-31-2017/
AAAI-2017-P0283,Predicting User Roles from Computer Logs Using Recurrent Neural Networks,AAAI-2017-A000995|AAAI-2017-A000996|AAAI-2017-A000997|AAAI-2017-A000998|AAAI-2017-A000999,AAAI,2017,https://aaai.org/papers/11069-aaai-31-2017/
AAAI-2017-P0284,Community-Based Question Answering via Contextual Ranking Metric Network Learning,AAAI-2017-A001000|AAAI-2017-A001001,AAAI,2017,https://aaai.org/papers/11067-aaai-31-2017/
AAAI-2017-P0285,User Modeling Using LSTM Networks,AAAI-2017-A001002|AAAI-2017-A001003,AAAI,2017,https://aaai.org/papers/11068-aaai-31-2017/
AAAI-2017-P0286,A Sampling Based Approach for Proactive Project Scheduling with Time-Dependent Duration Uncertainty,AAAI-2017-A001004|AAAI-2017-A001005|AAAI-2017-A001006|AAAI-2017-A001007,AAAI,2017,https://aaai.org/papers/11100-aaai-31-2017/
AAAI-2017-P0287,Automatically Extracting Axioms in Classical Planning,AAAI-2017-A001008|AAAI-2017-A001009,AAAI,2017,https://aaai.org/papers/11117-aaai-31-2017/
AAAI-2017-P0288,A Finite Memory Automaton for Two-Armed Bernoulli Bandit Problems,AAAI-2017-A001010,AAAI,2017,https://aaai.org/papers/11115-aaai-31-2017/
AAAI-2017-P0289,Frame-Based Ontology Alignment,AAAI-2017-A001011|AAAI-2017-A001012|AAAI-2017-A001013|AAAI-2017-A001014,AAAI,2017,https://aaai.org/papers/11116-aaai-31-2017/
AAAI-2017-P0290,Learning to Avoid Dominated Action Sequences in Planning for Black-Box Domains,AAAI-2017-A001015|AAAI-2017-A001016,AAAI,2017,https://aaai.org/papers/11118-aaai-31-2017/
AAAI-2017-P0291,Coalition Structure Generation Utilizing Graphical Representation of Partition Function Games,AAAI-2017-A001017|AAAI-2017-A001018|AAAI-2017-A001019,AAAI,2017,https://aaai.org/papers/11113-aaai-31-2017/
AAAI-2017-P0292,Boosting for Real-Time Multivariate Time Series Classification,AAAI-2017-A001020|AAAI-2017-A001021,AAAI,2017,https://aaai.org/papers/11114-aaai-31-2017/
AAAI-2017-P0293,Discovering Conversational Dependencies between Messages in Dialogs,AAAI-2017-A001022|AAAI-2017-A001023|AAAI-2017-A001024,AAAI,2017,https://aaai.org/papers/11111-aaai-31-2017/
AAAI-2017-P0294,Multimodal Fusion of EEG and Musical Features in Music-Emotion Recognition,AAAI-2017-A001025|AAAI-2017-A001026|AAAI-2017-A001027,AAAI,2017,https://aaai.org/papers/11112-aaai-31-2017/
AAAI-2017-P0295,Wikitop: Using Wikipedia Category Network to Generate Topic Trees,AAAI-2017-A001028|AAAI-2017-A001029|AAAI-2017-A001030,AAAI,2017,https://aaai.org/papers/11119-aaai-31-2017/
AAAI-2017-P0296,Android Malware Detection with Weak Ground Truth Data,AAAI-2017-A001031|AAAI-2017-A001032|AAAI-2017-A001033,AAAI,2017,https://aaai.org/papers/11106-aaai-31-2017/
AAAI-2017-P0297,Robust Stable Marriage,AAAI-2017-A001034|AAAI-2017-A001035|AAAI-2017-A001036|AAAI-2017-A001037,AAAI,2017,https://aaai.org/papers/11107-aaai-31-2017/
AAAI-2017-P0298,SEAPoT-RL: Selective Exploration Algorithm for Policy Transfer in RL,AAAI-2017-A001038|AAAI-2017-A001039|AAAI-2017-A001040,AAAI,2017,https://aaai.org/papers/11104-aaai-31-2017/
AAAI-2017-P0299,Towards User Personality Profiling from Multiple Social Networks,AAAI-2017-A001041|AAAI-2017-A001042|AAAI-2017-A001043|AAAI-2017-A001044,AAAI,2017,https://aaai.org/papers/11105-aaai-31-2017/
AAAI-2017-P0300,Kernelized Evolutionary Distance Metric Learning for Semi-Supervised Clustering,AAAI-2017-A001045|AAAI-2017-A001046|AAAI-2017-A001047|AAAI-2017-A001048,AAAI,2017,https://aaai.org/papers/11102-aaai-31-2017/
AAAI-2017-P0301,Learning Options in Multiobjective Reinforcement Learning,AAAI-2017-A001049|AAAI-2017-A001050|AAAI-2017-A001051,AAAI,2017,https://aaai.org/papers/11103-aaai-31-2017/
AAAI-2017-P0302,Predicting Mortality of Intensive Care Patients via Learning about Hazard,AAAI-2017-A001052|AAAI-2017-A001053,AAAI,2017,https://aaai.org/papers/11110-aaai-31-2017/
AAAI-2017-P0303,Cycle-Based Singleton Local Consistencies,AAAI-2017-A001054|AAAI-2017-A001055|AAAI-2017-A001056,AAAI,2017,https://aaai.org/papers/11101-aaai-31-2017/
AAAI-2017-P0304,Hybridizing Interval Temporal Logics: The First Step,AAAI-2017-A001057,AAAI,2017,https://aaai.org/papers/11108-aaai-31-2017/
AAAI-2017-P0305,Evolutionary Machine Learning for RTS Game StarCraft,AAAI-2017-A001058|AAAI-2017-A001059,AAAI,2017,https://aaai.org/papers/11109-aaai-31-2017/
AAAI-2017-P0306,Extreme Gradient Boosting and Behavioral Biometrics,AAAI-2017-A001060,AAAI,2017,https://aaai.org/papers/11120-aaai-31-2017/
AAAI-2017-P0307,PAG2ADMG: A Novel Methodology to Enumerate Causal Graph Structures,AAAI-2017-A001061|AAAI-2017-A001062,AAAI,2017,https://aaai.org/papers/11121-aaai-31-2017/
AAAI-2017-P0308,Grounded Action Transformation for Robot Learning in Simulation,AAAI-2017-A001063|AAAI-2017-A001064,AAAI,2017,https://aaai.org/papers/11124-aaai-31-2017/
AAAI-2017-P0309,The Complexity of Succinct Elections,AAAI-2017-A001065|AAAI-2017-A001066,AAAI,2017,https://aaai.org/papers/11122-aaai-31-2017/
AAAI-2017-P0310,Bootstrapping with Models: Confidence Intervals for Off-Policy Evaluation,AAAI-2017-A001067|AAAI-2017-A001068|AAAI-2017-A001069,AAAI,2017,https://aaai.org/papers/11123-aaai-31-2017/
AAAI-2017-P0311,Auto-Annotation of 3D Objects via ImageNet,AAAI-2017-A001070|AAAI-2017-A001071|AAAI-2017-A001072,AAAI,2017,https://aaai.org/papers/11098-aaai-31-2017/
AAAI-2017-P0312,Cross-Domain Sentiment Classification via Topic-Related TrAdaBoost,AAAI-2017-A001073|AAAI-2017-A001074|AAAI-2017-A001075|AAAI-2017-A001076|AAAI-2017-A001077,AAAI,2017,https://aaai.org/papers/11099-aaai-31-2017/
AAAI-2017-P0313,Rethinking the Link Prediction Problem in Signed Social Networks,AAAI-2017-A001078|AAAI-2017-A001079|AAAI-2017-A001080,AAAI,2017,https://aaai.org/papers/11096-aaai-31-2017/
AAAI-2017-P0314,Semantic Representation Using Explicit Concept Space Models,AAAI-2017-A001081|AAAI-2017-A001082,AAAI,2017,https://aaai.org/papers/11097-aaai-31-2017/
AAAI-2017-P0315,Preference Elicitation in DCOPs for Scheduling Devices in Smart Buildings,AAAI-2017-A001083,AAAI,2017,https://aaai.org/papers/11094-aaai-31-2017/
AAAI-2017-P0316,Redesigning Stochastic Environments for Maximized Utility,AAAI-2017-A001084|AAAI-2017-A001085|AAAI-2017-A001086|AAAI-2017-A001087|AAAI-2017-A001088,AAAI,2017,https://aaai.org/papers/11095-aaai-31-2017/
AAAI-2017-P0317,Plan Recognition Design,AAAI-2017-A001089|AAAI-2017-A001090|AAAI-2017-A001091|AAAI-2017-A001092,AAAI,2017,https://aaai.org/papers/11092-aaai-31-2017/
AAAI-2017-P0318,Strategic Sequences of Arguments for Persuasion Using Decision Trees,AAAI-2017-A001093|AAAI-2017-A001094,AAAI,2017,https://aaai.org/papers/10673-aaai-31-2017/
AAAI-2017-P0319,Non-Parametric Estimation of Multiple Embeddings for Link Prediction on Dynamic Knowledge Graphs,AAAI-2017-A001095|AAAI-2017-A001096|AAAI-2017-A001097,AAAI,2017,https://aaai.org/papers/10685-aaai-31-2017/
AAAI-2017-P0320,Solving Advanced Argumentation Problems with Answer-Set Programming,AAAI-2017-A001098|AAAI-2017-A001099|AAAI-2017-A001100|AAAI-2017-A001101|AAAI-2017-A001102,AAAI,2017,https://aaai.org/papers/10682-aaai-31-2017/
AAAI-2017-P0321,Practical TBox Abduction Based on Justification Patterns,AAAI-2017-A001103|AAAI-2017-A001104|AAAI-2017-A001105,AAAI,2017,https://aaai.org/papers/10683-aaai-31-2017/
AAAI-2017-P0322,Don’t Forget the Quantifiable Relationship between Words: Using Recurrent Neural Network for Short Text Topic Discovery,AAAI-2017-A001106|AAAI-2017-A001107|AAAI-2017-A001108|AAAI-2017-A001109|AAAI-2017-A001110,AAAI,2017,https://aaai.org/papers/10670-aaai-31-2017/
AAAI-2017-P0323,ProjE: Embedding Projection for Knowledge Graph Completion,AAAI-2017-A001111|AAAI-2017-A001112,AAAI,2017,https://aaai.org/papers/10677-aaai-31-2017/
AAAI-2017-P0324,Number Restrictions on Transitive Roles in Description Logics with Nominals,AAAI-2017-A001113|AAAI-2017-A001114|AAAI-2017-A001115,AAAI,2017,https://aaai.org/papers/10678-aaai-31-2017/
AAAI-2017-P0325,On the Transitivity of Hypernym-Hyponym Relations in Data-Driven Lexical Taxonomies,AAAI-2017-A001116|AAAI-2017-A001117|AAAI-2017-A001118|AAAI-2017-A001119|AAAI-2017-A001120|AAAI-2017-A001121,AAAI,2017,https://aaai.org/papers/10675-aaai-31-2017/
AAAI-2017-P0326,Graph-Based Wrong IsA Relation Detection in a Large-Scale Lexical Taxonomy,AAAI-2017-A001122|AAAI-2017-A001123|AAAI-2017-A001124|AAAI-2017-A001125|AAAI-2017-A001126,AAAI,2017,https://aaai.org/papers/10676-aaai-31-2017/
AAAI-2017-P0327,Small Is Beautiful: Computing Minimal Equivalent EL Concepts,AAAI-2017-A001127|AAAI-2017-A001128,AAAI,2017,https://aaai.org/papers/10684-aaai-31-2017/
AAAI-2017-P0328,Entropic Causal Inference,AAAI-2017-A001129|AAAI-2017-A001130|AAAI-2017-A001131|AAAI-2017-A001132,AAAI,2017,https://aaai.org/papers/10674-aaai-31-2017/
AAAI-2017-P0329,On Equivalence and Inconsistency of Answer Set Programs with External Sources,AAAI-2017-A001133,AAAI,2017,https://aaai.org/papers/10671-aaai-31-2017/
AAAI-2017-P0330,Efficient Evaluation of Answer Set Programs with External Sources Based on External Source Inlining,AAAI-2017-A001134,AAAI,2017,https://aaai.org/papers/10672-aaai-31-2017/
AAAI-2017-P0331,On the Computation of Paracoherent Answer Sets,AAAI-2017-A001135|AAAI-2017-A001136|AAAI-2017-A001137|AAAI-2017-A001138|AAAI-2017-A001139,AAAI,2017,https://aaai.org/papers/10679-aaai-31-2017/
AAAI-2017-P0332,Polynomially Bounded Logic Programs with Function Symbols: A New Decidable,AAAI-2017-A001140|AAAI-2017-A001141|AAAI-2017-A001142,AAAI,2017,https://aaai.org/papers/10669-aaai-31-2017/
AAAI-2017-P0333,An Improved Algorithm for Learning to Perform Exception-Tolerant Abduction,AAAI-2017-A001143|AAAI-2017-A001144|AAAI-2017-A001145,AAAI,2017,https://aaai.org/papers/10700-aaai-31-2017/
AAAI-2017-P0334,Trust-Sensitive Evolution of DL-Lite Knowledge Bases,AAAI-2017-A001146|AAAI-2017-A001147|AAAI-2017-A001148,AAAI,2017,https://aaai.org/papers/10701-aaai-31-2017/
AAAI-2017-P0335,Ontology Materialization by Abstraction Refinement in Horn SHOIF,AAAI-2017-A001149|AAAI-2017-A001150|AAAI-2017-A001151,AAAI,2017,https://aaai.org/papers/10691-aaai-31-2017/
AAAI-2017-P0336,The Unusual Suspects: Deep Learning Based Mining of Interesting Entity Trivia from Knowledge Graphs,AAAI-2017-A001152|AAAI-2017-A001153|AAAI-2017-A001154,AAAI,2017,https://aaai.org/papers/10687-aaai-31-2017/
AAAI-2017-P0337,"LPMLN, Weak Constraints, and P-log",AAAI-2017-A001155|AAAI-2017-A001156,AAAI,2017,https://aaai.org/papers/10686-aaai-31-2017/
AAAI-2017-P0338,Query Answering in DL-Lite with Datatypes: A Non-Uniform Approach,AAAI-2017-A001157|AAAI-2017-A001158|AAAI-2017-A001159,AAAI,2017,https://aaai.org/papers/10689-aaai-31-2017/
AAAI-2017-P0339,Add Data into Business Process Verification: Bridging the Gap between Theory and Practice,AAAI-2017-A001160|AAAI-2017-A001161|AAAI-2017-A001162|AAAI-2017-A001163|AAAI-2017-A001164,AAAI,2017,https://aaai.org/papers/10688-aaai-31-2017/
AAAI-2017-P0340,SAT Encodings for Distance-Based Belief Merging Operators,AAAI-2017-A001165|AAAI-2017-A001166|AAAI-2017-A001167,AAAI,2017,https://aaai.org/papers/10681-aaai-31-2017/
AAAI-2017-P0341,Ontology-Mediated Queries for Probabilistic Databases,AAAI-2017-A001168|AAAI-2017-A001169|AAAI-2017-A001170,AAAI,2017,https://aaai.org/papers/10680-aaai-31-2017/
AAAI-2017-P0342,Diagnosability Planning for Controllable Discrete Event Systems,AAAI-2017-A001171|AAAI-2017-A001172|AAAI-2017-A001173|AAAI-2017-A001174|AAAI-2017-A001175,AAAI,2017,https://aaai.org/papers/10694-aaai-31-2017/
AAAI-2017-P0343,Ontology-Based Data Access with a Horn Fragment of Metric Temporal Logic,AAAI-2017-A001176|AAAI-2017-A001177|AAAI-2017-A001178|AAAI-2017-A001179|AAAI-2017-A001180|AAAI-2017-A001181,AAAI,2017,https://aaai.org/papers/10696-aaai-31-2017/
AAAI-2017-P0344,Abstraction in Situation Calculus Action Theories,AAAI-2017-A001182|AAAI-2017-A001183|AAAI-2017-A001184,AAAI,2017,https://aaai.org/papers/10693-aaai-31-2017/
AAAI-2017-P0345,Preferential Structures for Comparative Probabilistic Reasoning,AAAI-2017-A001185|AAAI-2017-A001186|AAAI-2017-A001187|AAAI-2017-A001188,AAAI,2017,https://aaai.org/papers/10695-aaai-31-2017/
AAAI-2017-P0346,Causal Discovery Using Regression-Based Conditional Independence Tests,AAAI-2017-A001189|AAAI-2017-A001190|AAAI-2017-A001191|AAAI-2017-A001192,AAAI,2017,https://aaai.org/papers/10698-aaai-31-2017/
AAAI-2017-P0347,The Symbolic Interior Point Method,AAAI-2017-A001193|AAAI-2017-A001194|AAAI-2017-A001195,AAAI,2017,https://aaai.org/papers/10699-aaai-31-2017/
AAAI-2017-P0348,Compiling Graph Substructures into Sentential Decision Diagrams,AAAI-2017-A001196|AAAI-2017-A001197|AAAI-2017-A001198|AAAI-2017-A001199,AAAI,2017,https://aaai.org/papers/10697-aaai-31-2017/
AAAI-2017-P0349,Source Information Disclosure in Ontology-Based Data Integration,AAAI-2017-A001200|AAAI-2017-A001201|AAAI-2017-A001202,AAAI,2017,https://aaai.org/papers/10690-aaai-31-2017/
AAAI-2017-P0350,Checking the Consistency of Combined Qualitative Constraint Networks,AAAI-2017-A001203|AAAI-2017-A001204|AAAI-2017-A001205,AAAI,2017,https://aaai.org/papers/10692-aaai-31-2017/
AAAI-2017-P0351,Automatic Logic-Based Benders Decomposition with MiniZinc,AAAI-2017-A001206|AAAI-2017-A001207|AAAI-2017-A001208,AAAI,2017,https://aaai.org/papers/10654-aaai-31-2017/
AAAI-2017-P0352,Efficient Hyperparameter Optimization for Deep Learning Algorithms Using Deterministic RBF Surrogates,AAAI-2017-A001209|AAAI-2017-A001210|AAAI-2017-A001211|AAAI-2017-A001212,AAAI,2017,https://aaai.org/papers/10647-aaai-31-2017/
AAAI-2017-P0353,A Unified Convex Surrogate for the Schatten-<i>p</i> Norm,AAAI-2017-A001213|AAAI-2017-A001214|AAAI-2017-A001215,AAAI,2017,https://aaai.org/papers/10646-aaai-31-2017/
AAAI-2017-P0354,An Exact Algorithm for the Maximum Weight Clique Problem in Large Graphs,AAAI-2017-A001216|AAAI-2017-A001217|AAAI-2017-A001218,AAAI,2017,https://aaai.org/papers/10648-aaai-31-2017/
AAAI-2017-P0355,Efficient Stochastic Optimization for Low-Rank Distance Metric Learning,AAAI-2017-A001219|AAAI-2017-A001220,AAAI,2017,https://aaai.org/papers/10649-aaai-31-2017/
AAAI-2017-P0356,A Generic Bet-and-Run Strategy for Speeding Up Stochastic Local Search,AAAI-2017-A001221|AAAI-2017-A001222|AAAI-2017-A001223,AAAI,2017,https://aaai.org/papers/10645-aaai-31-2017/
AAAI-2017-P0357,Going Beyond Primal Treewidth for (M)ILP,AAAI-2017-A001224|AAAI-2017-A001225|AAAI-2017-A001226,AAAI,2017,https://aaai.org/papers/10644-aaai-31-2017/
AAAI-2017-P0358,Problem Difficulty and the Phase Transition in Heuristic Search,AAAI-2017-A001227|AAAI-2017-A001228,AAAI,2017,https://aaai.org/papers/10658-aaai-31-2017/
AAAI-2017-P0359,Efficient Parameter Importance Analysis via Ablation with Surrogates,AAAI-2017-A001229|AAAI-2017-A001230|AAAI-2017-A001231|AAAI-2017-A001232|AAAI-2017-A001233|AAAI-2017-A001234,AAAI,2017,https://aaai.org/papers/10657-aaai-31-2017/
AAAI-2017-P0360,Systematic Exploration of Larger Local Search Neighborhoods for the Minimum Vertex Cover Problem,AAAI-2017-A001235|AAAI-2017-A001236,AAAI,2017,https://aaai.org/papers/10659-aaai-31-2017/
AAAI-2017-P0361,Embedded Bandits for Large-Scale Black-Box Optimization,AAAI-2017-A001237|AAAI-2017-A001238,AAAI,2017,https://aaai.org/papers/10650-aaai-31-2017/
AAAI-2017-P0362,Regret Ratio Minimization in Multi-Objective Submodular Function Maximization,AAAI-2017-A001239|AAAI-2017-A001240,AAAI,2017,https://aaai.org/papers/10652-aaai-31-2017/
AAAI-2017-P0363,Parallel Asynchronous Stochastic Variance Reduction for Nonconvex Optimization,AAAI-2017-A001241|AAAI-2017-A001242,AAAI,2017,https://aaai.org/papers/10651-aaai-31-2017/
AAAI-2017-P0364,Grid Pathfinding on the 2<i>k</i> Neighborhoods,AAAI-2017-A001243|AAAI-2017-A001244|AAAI-2017-A001245,AAAI,2017,https://aaai.org/papers/10666-aaai-31-2017/
AAAI-2017-P0365,Non-Monotone DR-Submodular Function Maximization,AAAI-2017-A001246|AAAI-2017-A001247,AAAI,2017,https://aaai.org/papers/10653-aaai-31-2017/
AAAI-2017-P0366,The Simultaneous Maze Solving Problem,AAAI-2017-A001248|AAAI-2017-A001249|AAAI-2017-A001250,AAAI,2017,https://aaai.org/papers/10656-aaai-31-2017/
AAAI-2017-P0367,A Fast Algorithm to Compute Maximum k-Plexes in Social Network Analysis,AAAI-2017-A001251|AAAI-2017-A001252|AAAI-2017-A001253|AAAI-2017-A001254,AAAI,2017,https://aaai.org/papers/10655-aaai-31-2017/
AAAI-2017-P0368,Automated Data Extraction Using Predictive Program Synthesis,AAAI-2017-A001255|AAAI-2017-A001256,AAAI,2017,https://aaai.org/papers/10668-aaai-31-2017/
AAAI-2017-P0369,New Lower Bound for the Minimum Sum Coloring Problem,AAAI-2017-A001257|AAAI-2017-A001258|AAAI-2017-A001259,AAAI,2017,https://aaai.org/papers/10661-aaai-31-2017/
AAAI-2017-P0370,Reactive Dialectic Search Portfolios for MaxSAT,AAAI-2017-A001260|AAAI-2017-A001261|AAAI-2017-A001262|AAAI-2017-A001263,AAAI,2017,https://aaai.org/papers/10660-aaai-31-2017/
AAAI-2017-P0371,Learning to Prune Dominated Action Sequences in Online Black-Box Planning,AAAI-2017-A001264|AAAI-2017-A001265,AAAI,2017,https://aaai.org/papers/10663-aaai-31-2017/
AAAI-2017-P0372,Dancing with Decision Diagrams: A Combined Approach to Exact Cover,AAAI-2017-A001266|AAAI-2017-A001267|AAAI-2017-A001268|AAAI-2017-A001269,AAAI,2017,https://aaai.org/papers/10662-aaai-31-2017/
AAAI-2017-P0373,Value Compression of Pattern Databases,AAAI-2017-A001270|AAAI-2017-A001271|AAAI-2017-A001272,AAAI,2017,https://aaai.org/papers/10665-aaai-31-2017/
AAAI-2017-P0374,Solving High-Dimensional Multi-Objective Optimization Problems with Low Effective Dimensions,AAAI-2017-A001273|AAAI-2017-A001274,AAAI,2017,https://aaai.org/papers/10664-aaai-31-2017/
AAAI-2017-P0375,Anytime Anyspace AND/OR Search for Bounding the Partition Function,AAAI-2017-A001275|AAAI-2017-A001276|AAAI-2017-A001277,AAAI,2017,https://aaai.org/papers/10667-aaai-31-2017/
AAAI-2017-P0376,The State of the AIIDE Conference in 2017,AAAI-2017-A001278|AAAI-2017-A001279,AAAI,2017,https://aaai.org/papers/10642-aaai-31-2017/
AAAI-2017-P0377,What’s Hot in Case-Based Reasoning,AAAI-2017-A001280|AAAI-2017-A001281,AAAI,2017,https://aaai.org/papers/10643-aaai-31-2017/
AAAI-2017-P0378,What’s Hot at CPAIOR (Extended Abstract),AAAI-2017-A001282,AAAI,2017,https://aaai.org/papers/10640-aaai-31-2017/
AAAI-2017-P0379,SAT Competition 2016: Recent Developments,AAAI-2017-A001283|AAAI-2017-A001284|AAAI-2017-A001285,AAAI,2017,https://aaai.org/papers/10641-aaai-31-2017/
AAAI-2017-P0380,What’s Hot in Evolutionary Computation,AAAI-2017-A001286|AAAI-2017-A001287,AAAI,2017,https://aaai.org/papers/10639-aaai-31-2017/
AAAI-2017-P0381,Automated Negotiating Agents Competition (ANAC),AAAI-2017-A001288|AAAI-2017-A001289|AAAI-2017-A001290|AAAI-2017-A001291|AAAI-2017-A001292|AAAI-2017-A001293,AAAI,2017,https://aaai.org/papers/10637-aaai-31-2017/
AAAI-2017-P0382,What’s Hot in Constraint Programming,AAAI-2017-A001294|AAAI-2017-A001295,AAAI,2017,https://aaai.org/papers/10638-aaai-31-2017/
AAAI-2017-P0383,On Human Intellect and Machine Failures: Troubleshooting Integrative Machine Learning Systems,AAAI-2017-A001296|AAAI-2017-A001297|AAAI-2017-A001298|AAAI-2017-A001299,AAAI,2017,https://aaai.org/papers/10633-aaai-31-2017/
AAAI-2017-P0384,JAG: A Crowdsourcing Framework for Joint Assessment and Peer Grading,AAAI-2017-A001300|AAAI-2017-A001301,AAAI,2017,https://aaai.org/papers/10631-aaai-31-2017/
AAAI-2017-P0385,Psychologically Based Virtual-Suspect for Interrogative Interview Training,AAAI-2017-A001302|AAAI-2017-A001303|AAAI-2017-A001304|AAAI-2017-A001305|AAAI-2017-A001306,AAAI,2017,https://aaai.org/papers/10632-aaai-31-2017/
AAAI-2017-P0386,The Benefit in Free Information Disclosure When Selling Information to People,AAAI-2017-A001307|AAAI-2017-A001308,AAAI,2017,https://aaai.org/papers/10630-aaai-31-2017/
AAAI-2017-P0387,PIVE: Per-Iteration Visualization Environment for Real-Time Interactions with Dimension Reduction and Clustering,AAAI-2017-A001309|AAAI-2017-A001310|AAAI-2017-A001311|AAAI-2017-A001312|AAAI-2017-A001313|AAAI-2017-A001314,AAAI,2017,https://aaai.org/papers/10628-aaai-31-2017/
AAAI-2017-P0388,Capturing Dependencies among Labels and Features for Multiple Emotion Tagging of Multimedia Data,AAAI-2017-A001315|AAAI-2017-A001316|AAAI-2017-A001317,AAAI,2017,https://aaai.org/papers/10629-aaai-31-2017/
AAAI-2017-P0389,Pairwise HITS: Quality Estimation from Pairwise Comparisons in Creator-Evaluator Crowdsourcing Process,AAAI-2017-A001318|AAAI-2017-A001319|AAAI-2017-A001320,AAAI,2017,https://aaai.org/papers/10634-aaai-31-2017/
AAAI-2017-P0390,Long-Term Trends in the Public Perception of Artificial Intelligence,AAAI-2017-A001321|AAAI-2017-A001322,AAAI,2017,https://aaai.org/papers/10635-aaai-31-2017/
AAAI-2017-P0391,A Theoretical Analysis of First Heuristics of Crowdsourced Entity Resolution,AAAI-2017-A001323|AAAI-2017-A001324,AAAI,2017,https://aaai.org/papers/10636-aaai-31-2017/
AAAI-2017-P0392,Examples-Rules Guided Deep Neural Network for Makeup Recommendation,AAAI-2017-A001325|AAAI-2017-A001326|AAAI-2017-A001327|AAAI-2017-A001328,AAAI,2017,https://aaai.org/papers/10626-aaai-31-2017/
AAAI-2017-P0393,Collaborative Planning with Encoding of Users’ High-Level Strategies,AAAI-2017-A001329|AAAI-2017-A001330|AAAI-2017-A001331,AAAI,2017,https://aaai.org/papers/10627-aaai-31-2017/
AAAI-2017-P0394,Predicting Latent Narrative Mood Using Audio and Physiologic Data,AAAI-2017-A001332|AAAI-2017-A001333,AAAI,2017,https://aaai.org/papers/10625-aaai-31-2017/
AAAI-2017-P0395,Improving Surveillance Using Cooperative Target Observation,AAAI-2017-A001334|AAAI-2017-A001335|AAAI-2017-A001336,AAAI,2017,https://aaai.org/papers/10707-aaai-31-2017/
AAAI-2017-P0396,Collective Multiagent Sequential Decision Making Under Uncertainty,AAAI-2017-A001337|AAAI-2017-A001338|AAAI-2017-A001339,AAAI,2017,https://aaai.org/papers/10708-aaai-31-2017/
AAAI-2017-P0397,Nurturing Group-Beneficial Information-Gathering Behaviors Through Above-Threshold Criteria Setting,AAAI-2017-A001340|AAAI-2017-A001341|AAAI-2017-A001342|AAAI-2017-A001343,AAAI,2017,https://aaai.org/papers/10705-aaai-31-2017/
AAAI-2017-P0398,Solving Seven Open Problems of Offline and Online Control in Borda Elections,AAAI-2017-A001344|AAAI-2017-A001345,AAAI,2017,https://aaai.org/papers/10703-aaai-31-2017/
AAAI-2017-P0399,Kont: Computing Tradeoffs in Normative Multiagent Systems,AAAI-2017-A001346|AAAI-2017-A001347|AAAI-2017-A001348,AAAI,2017,https://aaai.org/papers/10706-aaai-31-2017/
AAAI-2017-P0400,Centralized versus Personalized Commitments and Their Influence on Cooperation in Group Interactions,AAAI-2017-A001349|AAAI-2017-A001350|AAAI-2017-A001351|AAAI-2017-A001352,AAAI,2017,https://aaai.org/papers/10704-aaai-31-2017/
AAAI-2017-P0401,Query Complexity of Tournament Solutions,AAAI-2017-A001353,AAAI,2017,https://aaai.org/papers/10702-aaai-31-2017/
AAAI-2017-P0402,Decentralized Planning in Stochastic Environments with Submodular Rewards,AAAI-2017-A001354|AAAI-2017-A001355|AAAI-2017-A001356,AAAI,2017,https://aaai.org/papers/10709-aaai-31-2017/
AAAI-2017-P0403,Parameterised Verification of Infinite State Multi-Agent Systems via Predicate Abstraction,AAAI-2017-A001357|AAAI-2017-A001358,AAAI,2017,https://aaai.org/papers/10710-aaai-31-2017/
AAAI-2017-P0404,Vision-Language Fusion for Object Recognition,AAAI-2017-A001359|AAAI-2017-A001360|AAAI-2017-A001361|AAAI-2017-A001362|AAAI-2017-A001363,AAAI,2017,https://aaai.org/papers/11187-aaai-31-2017/
AAAI-2017-P0405,Configuration Planning with Temporal Constraints,AAAI-2017-A001364|AAAI-2017-A001365,AAAI,2017,https://aaai.org/papers/11186-aaai-31-2017/
AAAI-2017-P0406,State Projection via AI Planning,AAAI-2017-A001366|AAAI-2017-A001367|AAAI-2017-A001368,AAAI,2017,https://aaai.org/papers/11184-aaai-31-2017/
AAAI-2017-P0407,Mixed Discrete-Continuous Planning with Convex Optimization,AAAI-2017-A001369|AAAI-2017-A001370|AAAI-2017-A001371,AAAI,2017,https://aaai.org/papers/11185-aaai-31-2017/
AAAI-2017-P0408,Learning to Predict Intent from Gaze During Robotic Hand-Eye Coordination,AAAI-2017-A001372|AAAI-2017-A001373,AAAI,2017,https://aaai.org/papers/11183-aaai-31-2017/
AAAI-2017-P0409,Building Task-Oriented Dialogue Systems for Online Shopping,AAAI-2017-A001374|AAAI-2017-A001375|AAAI-2017-A001376|AAAI-2017-A001377|AAAI-2017-A001378|AAAI-2017-A001379,AAAI,2017,https://aaai.org/papers/11182-aaai-31-2017/
AAAI-2017-P0410,Healthy Cognitive Aging: A Hybrid Random Vector Functional-Link Model for the Analysis of AlzheimerÕs Disease,AAAI-2017-A001380|AAAI-2017-A001381|AAAI-2017-A001382|AAAI-2017-A001383|AAAI-2017-A001384,AAAI,2017,https://aaai.org/papers/11181-aaai-31-2017/
AAAI-2017-P0411,Integration of Planning with Recognition for Responsive Interaction Using Classical Planners,AAAI-2017-A001385|AAAI-2017-A001386,AAAI,2017,https://aaai.org/papers/11188-aaai-31-2017/
AAAI-2017-P0412,Spatial Projection of Multiple Climate Variables Using Hierarchical Multitask Learning,AAAI-2017-A001387|AAAI-2017-A001388|AAAI-2017-A001389,AAAI,2017,https://aaai.org/papers/11180-aaai-31-2017/
AAAI-2017-P0413,Dynamic Optimization of Landscape Connectivity Embedding Spatial-Capture-Recapture Information,AAAI-2017-A001390|AAAI-2017-A001391|AAAI-2017-A001392|AAAI-2017-A001393|AAAI-2017-A001394|AAAI-2017-A001395|AAAI-2017-A001396,AAAI,2017,https://aaai.org/papers/11175-aaai-31-2017/
AAAI-2017-P0414,Fast-Tracking Stationary MOMDPs for Adaptive Management Problems,AAAI-2017-A001397|AAAI-2017-A001398|AAAI-2017-A001399|AAAI-2017-A001400,AAAI,2017,https://aaai.org/papers/11173-aaai-31-2017/
AAAI-2017-P0415,Robust Optimization for Tree-Structured Stochastic Network Design,AAAI-2017-A001401|AAAI-2017-A001402|AAAI-2017-A001403|AAAI-2017-A001404,AAAI,2017,https://aaai.org/papers/11176-aaai-31-2017/
AAAI-2017-P0416,Fine-Grained Car Detection for Visual Census Estimation,AAAI-2017-A001405|AAAI-2017-A001406|AAAI-2017-A001407|AAAI-2017-A001408|AAAI-2017-A001409|AAAI-2017-A001410,AAAI,2017,https://aaai.org/papers/11174-aaai-31-2017/
AAAI-2017-P0417,Extracting Urban Microclimates from Electricity Bills,AAAI-2017-A001411|AAAI-2017-A001412,AAAI,2017,https://aaai.org/papers/11171-aaai-31-2017/
AAAI-2017-P0418,Deep Gaussian Process for Crop Yield Prediction Based on Remote Sensing Data,AAAI-2017-A001413|AAAI-2017-A001414|AAAI-2017-A001415|AAAI-2017-A001416|AAAI-2017-A001417,AAAI,2017,https://aaai.org/papers/11172-aaai-31-2017/
AAAI-2017-P0419,Maximizing the Probability of Arriving on Time: A Practical Q-Learning Method,AAAI-2017-A001418|AAAI-2017-A001419|AAAI-2017-A001420|AAAI-2017-A001421|AAAI-2017-A001422,AAAI,2017,https://aaai.org/papers/11170-aaai-31-2017/
AAAI-2017-P0420,Matrix Factorisation for Scalable Energy Breakdown,AAAI-2017-A001423|AAAI-2017-A001424|AAAI-2017-A001425|AAAI-2017-A001426,AAAI,2017,https://aaai.org/papers/11179-aaai-31-2017/
AAAI-2017-P0421,Species Distribution Modeling of Citizen Science Data as a Classification Problem with Class-Conditional Noise,AAAI-2017-A001427|AAAI-2017-A001428|AAAI-2017-A001429,AAAI,2017,https://aaai.org/papers/11177-aaai-31-2017/
AAAI-2017-P0422,Counting-Based Reliability Estimation for Power-Transmission Grids,AAAI-2017-A001430|AAAI-2017-A001431|AAAI-2017-A001432|AAAI-2017-A001433,AAAI,2017,https://aaai.org/papers/11178-aaai-31-2017/
AAAI-2017-P0423,Combining Satellite Imagery and Open Data to Map Road Safety,AAAI-2017-A001434|AAAI-2017-A001435|AAAI-2017-A001436,AAAI,2017,https://aaai.org/papers/11168-aaai-31-2017/
AAAI-2017-P0424,Three New Algorithms to Solve N-POMDPs,AAAI-2017-A001437|AAAI-2017-A001438|AAAI-2017-A001439,AAAI,2017,https://aaai.org/papers/11169-aaai-31-2017/
AAAI-2017-P0425,Regularization in Hierarchical Time Series Forecasting with Application to Electricity Smart Meter Data,AAAI-2017-A001440|AAAI-2017-A001441|AAAI-2017-A001442|AAAI-2017-A001443,AAAI,2017,https://aaai.org/papers/11167-aaai-31-2017/
AAAI-2017-P0426,ConceptNet 5.5: An Open Multilingual Graph of General Knowledge,AAAI-2017-A001444|AAAI-2017-A001445|AAAI-2017-A001446,AAAI,2017,https://aaai.org/papers/11164-aaai-31-2017/
AAAI-2017-P0427,Semantic Proto-Role Labeling,AAAI-2017-A001447|AAAI-2017-A001448|AAAI-2017-A001449|AAAI-2017-A001450,AAAI,2017,https://aaai.org/papers/11165-aaai-31-2017/
AAAI-2017-P0428,Inductive Reasoning about Ontologies Using Conceptual Spaces,AAAI-2017-A001451|AAAI-2017-A001452|AAAI-2017-A001453,AAAI,2017,https://aaai.org/papers/11162-aaai-31-2017/
AAAI-2017-P0429,Goal Operations for Cognitive Systems,AAAI-2017-A001454|AAAI-2017-A001455|AAAI-2017-A001456,AAAI,2017,https://aaai.org/papers/11163-aaai-31-2017/
AAAI-2017-P0430,Identifying Useful Inference Paths in Large Commonsense Knowledge Bases by Retrograde Analysis,AAAI-2017-A001457|AAAI-2017-A001458,AAAI,2017,https://aaai.org/papers/11160-aaai-31-2017/
AAAI-2017-P0431,Natural Language Acquisition and Grounding for Embodied Robotic Systems,AAAI-2017-A001459|AAAI-2017-A001460|AAAI-2017-A001461|AAAI-2017-A001462,AAAI,2017,https://aaai.org/papers/11161-aaai-31-2017/
AAAI-2017-P0432,Flexible Model Induction through Heuristic Process Discovery,AAAI-2017-A001463|AAAI-2017-A001464,AAAI,2017,https://aaai.org/papers/11166-aaai-31-2017/
AAAI-2017-P0433,Towards a Brain Inspired Model of Self-Awareness for Sociable Agents,AAAI-2017-A001465|AAAI-2017-A001466,AAAI,2017,https://aaai.org/papers/11154-aaai-31-2017/
AAAI-2017-P0434,Analogical Chaining with Natural Language Instruction for Commonsense Reasoning,AAAI-2017-A001467|AAAI-2017-A001468,AAAI,2017,https://aaai.org/papers/11153-aaai-31-2017/
AAAI-2017-P0435,Reactive Versus Anticipative Decision Making in a Novel Gift-Giving Game,AAAI-2017-A001469|AAAI-2017-A001470|AAAI-2017-A001471,AAAI,2017,https://aaai.org/papers/11151-aaai-31-2017/
AAAI-2017-P0436,Combining Logical Abduction and Statistical Induction: Discovering Written Primitives with Human Knowledge,AAAI-2017-A001472|AAAI-2017-A001473,AAAI,2017,https://aaai.org/papers/11152-aaai-31-2017/
AAAI-2017-P0437,Scanpath Complexity: Modeling Reading Effort Using Gaze Information,AAAI-2017-A001474|AAAI-2017-A001475|AAAI-2017-A001476|AAAI-2017-A001477|AAAI-2017-A001478,AAAI,2017,https://aaai.org/papers/11159-aaai-31-2017/
AAAI-2017-P0438,Towards Continuous Scientific Data Analysis and Hypothesis Evolution,AAAI-2017-A001479|AAAI-2017-A001480|AAAI-2017-A001481|AAAI-2017-A001482|AAAI-2017-A001483|AAAI-2017-A001484|AAAI-2017-A001485|AAAI-2017-A001486,AAAI,2017,https://aaai.org/papers/11157-aaai-31-2017/
AAAI-2017-P0439,Integrating the Cognitive with the Physical: Musical Path Planning for an Improvising Robot,AAAI-2017-A001487|AAAI-2017-A001488,AAAI,2017,https://aaai.org/papers/11158-aaai-31-2017/
AAAI-2017-P0440,Imagined Visual Representations as Multimodal Embeddings,AAAI-2017-A001489|AAAI-2017-A001490|AAAI-2017-A001491,AAAI,2017,https://aaai.org/papers/11155-aaai-31-2017/
AAAI-2017-P0441,When Does Bounded-Optimal Metareasoning Favor Few Cognitive Systems?,AAAI-2017-A001492|AAAI-2017-A001493|AAAI-2017-A001494,AAAI,2017,https://aaai.org/papers/11156-aaai-31-2017/
AAAI-2017-P0442,Progress and Challenges in Research on Cognitive Architectures,AAAI-2017-A001495,AAAI,2017,https://aaai.org/papers/11150-aaai-31-2017/
AAAI-2017-P0443,Machine Learning for Entity Coreference Resolution: A Retrospective Look at Two Decades of Research,AAAI-2017-A001496,AAAI,2017,https://aaai.org/papers/11149-aaai-31-2017/
AAAI-2017-P0444,A Selected Summary of AI for Computational Sustainability,AAAI-2017-A001497,AAAI,2017,https://aaai.org/papers/11148-aaai-31-2017/
AAAI-2017-P0445,Incidental Supervision: Moving beyond Supervised Learning,AAAI-2017-A001498,AAAI,2017,https://aaai.org/papers/11146-aaai-31-2017/
AAAI-2017-P0446,Explaining Ourselves: Human-Aware Constraint Reasoning,AAAI-2017-A001499,AAAI,2017,https://aaai.org/papers/11147-aaai-31-2017/
AAAI-2017-P0447,Multi-Robot Allocation of Tasks with Temporal and Ordering Constraints,AAAI-2017-A001500,AAAI,2017,https://aaai.org/papers/11145-aaai-31-2017/
AAAI-2017-P0448,Latent Tree Analysis,AAAI-2017-A001501|AAAI-2017-A001502,AAAI,2017,https://aaai.org/papers/11144-aaai-31-2017/
AAAI-2017-P0449,Strategic Social Network Analysis,AAAI-2017-A001503|AAAI-2017-A001504|AAAI-2017-A001505,AAAI,2017,https://aaai.org/papers/11142-aaai-31-2017/
AAAI-2017-P0450,Getting More Out of the Exposed Structure in Constraint Programming Models of Combinatorial Problems,AAAI-2017-A001506,AAAI,2017,https://aaai.org/papers/11143-aaai-31-2017/
AAAI-2017-P0451,Moral Decision Making Frameworks for Artificial Intelligence,AAAI-2017-A001507|AAAI-2017-A001508|AAAI-2017-A001509|AAAI-2017-A001510|AAAI-2017-A001511,AAAI,2017,https://aaai.org/papers/11140-aaai-31-2017/
AAAI-2017-P0452,The AI Rebellion: Changing the Narrative,AAAI-2017-A001512|AAAI-2017-A001513,AAAI,2017,https://aaai.org/papers/11141-aaai-31-2017/
AAAI-2017-P0453,Why Teaching Ethics to AI Practitioners Is Important,AAAI-2017-A001514|AAAI-2017-A001515,AAAI,2017,https://aaai.org/papers/11139-aaai-31-2017/
AAAI-2017-P0454,RQUERY: Rewriting Natural Language Queries on Knowledge Graphs to Alleviate the Vocabulary Mismatch Problem,AAAI-2017-A001516|AAAI-2017-A001517|AAAI-2017-A001518|AAAI-2017-A001519,AAAI,2017,https://aaai.org/papers/11131-aaai-31-2017/
AAAI-2017-P0455,Soft and Cost MDD Propagators,AAAI-2017-A001520|AAAI-2017-A001521,AAAI,2017,https://aaai.org/papers/11130-aaai-31-2017/
AAAI-2017-P0456,Rigging Nearly Acyclic Tournaments Is Fixed-Parameter Tractable,AAAI-2017-A001522|AAAI-2017-A001523,AAAI,2017,https://aaai.org/papers/11132-aaai-31-2017/
AAAI-2017-P0457,Between Subgraph Isomorphism and Maximum Common Subgraph,AAAI-2017-A001524|AAAI-2017-A001525|AAAI-2017-A001526,AAAI,2017,https://aaai.org/papers/11137-aaai-31-2017/
AAAI-2017-P0458,Maximum Model Counting,AAAI-2017-A001527|AAAI-2017-A001528|AAAI-2017-A001529,AAAI,2017,https://aaai.org/papers/11138-aaai-31-2017/
AAAI-2017-P0459,Should Algorithms for Random SAT and Max-SAT Be Different?,AAAI-2017-A001530|AAAI-2017-A001531,AAAI,2017,https://aaai.org/papers/11135-aaai-31-2017/
AAAI-2017-P0460,General Bounds on Satisfiability Thresholds for Random CSPs via Fourier Analysis,AAAI-2017-A001532|AAAI-2017-A001533,AAAI,2017,https://aaai.org/papers/11136-aaai-31-2017/
AAAI-2017-P0461,Phase Transitions for Scale-Free SAT Formulas,AAAI-2017-A001534|AAAI-2017-A001535|AAAI-2017-A001536|AAAI-2017-A001537,AAAI,2017,https://aaai.org/papers/11133-aaai-31-2017/
AAAI-2017-P0462,The Opacity of Backbones,AAAI-2017-A001538|AAAI-2017-A001539,AAAI,2017,https://aaai.org/papers/11134-aaai-31-2017/
AAAI-2017-P0463,A SAT-Based Approach for Solving the Modal Logic S5-Satisfiability Problem,AAAI-2017-A001540|AAAI-2017-A001541|AAAI-2017-A001542|AAAI-2017-A001543|AAAI-2017-A001544,AAAI,2017,https://aaai.org/papers/11128-aaai-31-2017/
AAAI-2017-P0464,A BTP-Based Family of Variable Elimination Rules for Binary CSPs,AAAI-2017-A001545,AAAI,2017,https://aaai.org/papers/11126-aaai-31-2017/
AAAI-2017-P0465,Algorithms for Deciding Counting Quantifiers over Unary Predicates,AAAI-2017-A001546|AAAI-2017-A001547,AAAI,2017,https://aaai.org/papers/11129-aaai-31-2017/
AAAI-2017-P0466,Extending Compact-Table to Negative and Short Tables,AAAI-2017-A001548|AAAI-2017-A001549|AAAI-2017-A001550,AAAI,2017,https://aaai.org/papers/11127-aaai-31-2017/
AAAI-2017-P0467,CoCoA: A Non-Iterative Approach to a Local Search (A)DCOP Solver,AAAI-2017-A001551|AAAI-2017-A001552,AAAI,2017,https://aaai.org/papers/11125-aaai-31-2017/
AAAI-2017-P0468,AI Projects for Computer Science Capstone Classes (Extended Abstract),AAAI-2017-A001553|AAAI-2017-A001554,AAAI,2017,https://aaai.org/papers/10556-aaai-31-2017/
AAAI-2017-P0469,Application for AI-OCR Module: Auto Detection of Emails/Letter Images,AAAI-2017-A001555|AAAI-2017-A001556|AAAI-2017-A001557|AAAI-2017-A001558,AAAI,2017,https://aaai.org/papers/10557-aaai-31-2017/
AAAI-2017-P0470,Online SPARC for Drawing and Animation,AAAI-2017-A001559|AAAI-2017-A001560|AAAI-2017-A001561|AAAI-2017-A001562,AAAI,2017,https://aaai.org/papers/10555-aaai-31-2017/
AAAI-2017-P0471,Exploring Artificial Intelligence Through Image Recognition,AAAI-2017-A001563|AAAI-2017-A001564|AAAI-2017-A001565|AAAI-2017-A001566,AAAI,2017,https://aaai.org/papers/10558-aaai-31-2017/
AAAI-2017-P0472,Model AI Assignments 2017,AAAI-2017-A001567|AAAI-2017-A001568|AAAI-2017-A001569|AAAI-2017-A001570|AAAI-2017-A001571|AAAI-2017-A001572|AAAI-2017-A001573|AAAI-2017-A001574|AAAI-2017-A001575|AAAI-2017-A001576|AAAI-2017-A001577|AAAI-2017-A001578|AAAI-2017-A001579,AAAI,2017,https://aaai.org/papers/10554-aaai-31-2017/
AAAI-2017-P0473,"ARTY: Fueling Creativity through Art, Robotics and Technology for Youth",AAAI-2017-A001580|AAAI-2017-A001581,AAAI,2017,https://aaai.org/papers/10552-aaai-31-2017/
AAAI-2017-P0474,A Monte Carlo Localization Assignment Using a Neato Vacuum with ROS,AAAI-2017-A001582|AAAI-2017-A001583,AAAI,2017,https://aaai.org/papers/10553-aaai-31-2017/
AAAI-2017-P0475,Recovering Concept Prerequisite Relations from University Course Dependencies,AAAI-2017-A001584|AAAI-2017-A001585|AAAI-2017-A001586|AAAI-2017-A001587|AAAI-2017-A001588,AAAI,2017,https://aaai.org/papers/10550-aaai-31-2017/
AAAI-2017-P0476,An Image Wherever You Look! Making Vision Just Another Sensor for AI/Robotics Projects,AAAI-2017-A001589|AAAI-2017-A001590|AAAI-2017-A001591|AAAI-2017-A001592,AAAI,2017,https://aaai.org/papers/10551-aaai-31-2017/
AAAI-2017-P0477,Open-Ended Robotics Exploration Projects for Budding Researchers,AAAI-2017-A001593|AAAI-2017-A001594|AAAI-2017-A001595,AAAI,2017,https://aaai.org/papers/10545-aaai-31-2017/
AAAI-2017-P0478,Cornhole: A Widely-Accessible AI Robotics Task,AAAI-2017-A001596|AAAI-2017-A001597,AAAI,2017,https://aaai.org/papers/10546-aaai-31-2017/
AAAI-2017-P0479,"Dude, Where’s My Robot?: A Localization Challenge for Undergraduate Robotics",AAAI-2017-A001598,AAAI,2017,https://aaai.org/papers/10549-aaai-31-2017/
AAAI-2017-P0480,Creating Serious Robots That Improve Society,AAAI-2017-A001599|AAAI-2017-A001600|AAAI-2017-A001601,AAAI,2017,https://aaai.org/papers/10547-aaai-31-2017/
AAAI-2017-P0481,A Summer Research Experience in Robotics,AAAI-2017-A001602|AAAI-2017-A001603|AAAI-2017-A001604,AAAI,2017,https://aaai.org/papers/10548-aaai-31-2017/
AAAI-2017-P0482,Efficient Clinical Concept Extraction in Electronic Medical Records,AAAI-2017-A001605|AAAI-2017-A001606|AAAI-2017-A001607|AAAI-2017-A001608,AAAI,2017,https://aaai.org/papers/10543-aaai-31-2017/
AAAI-2017-P0483,Deep Music: Towards Musical Dialogue,AAAI-2017-A001609|AAAI-2017-A001610|AAAI-2017-A001611|AAAI-2017-A001612|AAAI-2017-A001613,AAAI,2017,https://aaai.org/papers/10544-aaai-31-2017/
AAAI-2017-P0484,Webly-Supervised Learning of Multimodal Video Detectors,AAAI-2017-A001614|AAAI-2017-A001615|AAAI-2017-A001616,AAAI,2017,https://aaai.org/papers/10541-aaai-31-2017/
AAAI-2017-P0485,Natural Language Dialogue for Building and Learning Models and Structures,AAAI-2017-A001617|AAAI-2017-A001618|AAAI-2017-A001619|AAAI-2017-A001620|AAAI-2017-A001621|AAAI-2017-A001622|AAAI-2017-A001623|AAAI-2017-A001624,AAAI,2017,https://aaai.org/papers/10542-aaai-31-2017/
AAAI-2017-P0486,An Event Reconstruction Tool for Conflict Monitoring Using Social Media,AAAI-2017-A001625|AAAI-2017-A001626|AAAI-2017-A001627|AAAI-2017-A001628|AAAI-2017-A001629|AAAI-2017-A001630|AAAI-2017-A001631,AAAI,2017,https://aaai.org/papers/10540-aaai-31-2017/
AAAI-2017-P0487,Arnold: An Autonomous Agent to Play FPS Games,AAAI-2017-A001632|AAAI-2017-A001633,AAAI,2017,https://aaai.org/papers/10534-aaai-31-2017/
AAAI-2017-P0488,SenseRun: Real-Time Running Routes Recommendation towards Providing Pleasant Running Experiences,AAAI-2017-A001634|AAAI-2017-A001635|AAAI-2017-A001636,AAAI,2017,https://aaai.org/papers/10535-aaai-31-2017/
AAAI-2017-P0489,Sarcasm Suite: A Browser-Based Engine for Sarcasm Detection and Generation,AAAI-2017-A001637|AAAI-2017-A001638|AAAI-2017-A001639|AAAI-2017-A001640,AAAI,2017,https://aaai.org/papers/10532-aaai-31-2017/
AAAI-2017-P0490,AniDraw: When Music and Dance Meet Harmoniously,AAAI-2017-A001641|AAAI-2017-A001642|AAAI-2017-A001643|AAAI-2017-A001644|AAAI-2017-A001645|AAAI-2017-A001646,AAAI,2017,https://aaai.org/papers/10533-aaai-31-2017/
AAAI-2017-P0491,Integrating Verbal and Nonvebval Input into a Dynamic Response Spoken Dialogue System,AAAI-2017-A001647|AAAI-2017-A001648|AAAI-2017-A001649|AAAI-2017-A001650|AAAI-2017-A001651|AAAI-2017-A001652|AAAI-2017-A001653|AAAI-2017-A001654|AAAI-2017-A001655,AAAI,2017,https://aaai.org/papers/10538-aaai-31-2017/
AAAI-2017-P0492,From Semantic Models to Cognitive Buildings,AAAI-2017-A001656|AAAI-2017-A001657,AAAI,2017,https://aaai.org/papers/10539-aaai-31-2017/
AAAI-2017-P0493,A Virtual Personal Fashion Consultant: Learning from the Personal Preference of Fashion,AAAI-2017-A001658|AAAI-2017-A001659|AAAI-2017-A001660|AAAI-2017-A001661|AAAI-2017-A001662|AAAI-2017-A001663,AAAI,2017,https://aaai.org/papers/10536-aaai-31-2017/
AAAI-2017-P0494,Visual Memory QA: Your Personal Photo and Video Search Agent,AAAI-2017-A001664|AAAI-2017-A001665|AAAI-2017-A001666|AAAI-2017-A001667|AAAI-2017-A001668,AAAI,2017,https://aaai.org/papers/10537-aaai-31-2017/
AAAI-2017-P0495,Human-Like Spatial Reasoning Formalisms,AAAI-2017-A001669,AAAI,2017,https://aaai.org/papers/10530-aaai-31-2017/
AAAI-2017-P0496,A Supervised Sparse Learning Framework to Solve EEG Inverse Problem for Discriminative Activations Pattern,AAAI-2017-A001670,AAAI,2017,https://aaai.org/papers/10531-aaai-31-2017/
AAAI-2017-P0497,Representations for Continuous Learning,AAAI-2017-A001671,AAAI,2017,https://aaai.org/papers/10523-aaai-31-2017/
AAAI-2017-P0498,Joint Learning of Structural and Textual Features for Web Scale Event Extraction,AAAI-2017-A001672,AAAI,2017,https://aaai.org/papers/10524-aaai-31-2017/
AAAI-2017-P0499,Modelling Familiarity for Intelligent Personalized Social Mobilization,AAAI-2017-A001673,AAAI,2017,https://aaai.org/papers/10521-aaai-31-2017/
AAAI-2017-P0500,Scalable Nonparametric Tensor Analysis,AAAI-2017-A001674,AAAI,2017,https://aaai.org/papers/10522-aaai-31-2017/
AAAI-2017-P0501,Problem Formulation for Accommodation Support in Plan-Based Interactive Narratives,AAAI-2017-A001675,AAAI,2017,https://aaai.org/papers/10520-aaai-31-2017/
AAAI-2017-P0502,Improving Deep Reinforcement Learning with Knowledge Transfer,AAAI-2017-A001676|AAAI-2017-A001677,AAAI,2017,https://aaai.org/papers/10529-aaai-31-2017/
AAAI-2017-P0503,An Evolutionary Algorithm Based Framework for Task Allocation in Multi-Robot Teams,AAAI-2017-A001678,AAAI,2017,https://aaai.org/papers/10527-aaai-31-2017/
AAAI-2017-P0504,Transfer of Knowledge through Collective Learning,AAAI-2017-A001679,AAAI,2017,https://aaai.org/papers/10528-aaai-31-2017/
AAAI-2017-P0505,Structured Prediction in Time Series Data,AAAI-2017-A001680,AAAI,2017,https://aaai.org/papers/10525-aaai-31-2017/
AAAI-2017-P0506,Project Scheduling in Complex Business Environments,AAAI-2017-A001681,AAAI,2017,https://aaai.org/papers/10526-aaai-31-2017/
AAAI-2017-P0507,Accelerating Multiagent Reinforcement Learning through Transfer Learning,AAAI-2017-A001682|AAAI-2017-A001683,AAAI,2017,https://aaai.org/papers/10518-aaai-31-2017/
AAAI-2017-P0508,Explainable Image Understanding Using Vision and Reasoning,AAAI-2017-A001684,AAAI,2017,https://aaai.org/papers/10519-aaai-31-2017/
AAAI-2017-P0509,Problems in Large-Scale Image Classification,AAAI-2017-A001685,AAAI,2017,https://aaai.org/papers/10516-aaai-31-2017/
AAAI-2017-P0510,V for Verification: Intelligent Algorithm of Checking Reliability of Smart Systems,AAAI-2017-A001686,AAAI,2017,https://aaai.org/papers/10517-aaai-31-2017/
AAAI-2017-P0511,Portfolio Selection via Subset Resampling,AAAI-2017-A001687|AAAI-2017-A001688,AAAI,2017,https://aaai.org/papers/10728-aaai-31-2017/
AAAI-2017-P0512,Knowledge Transfer for Deep Reinforcement Learning with Hierarchical Experience Replay,AAAI-2017-A001689|AAAI-2017-A001690,AAAI,2017,https://aaai.org/papers/10733-aaai-31-2017/
AAAI-2017-P0513,Knowing What to Ask: A Bayesian Active Learning Approach to the Surveying Problem,AAAI-2017-A001691|AAAI-2017-A001692|AAAI-2017-A001693|AAAI-2017-A001694,AAAI,2017,https://aaai.org/papers/10730-aaai-31-2017/
AAAI-2017-P0514,FeaBoost: Joint Feature and Label Refinement for Semantic Segmentation,AAAI-2017-A001695|AAAI-2017-A001696|AAAI-2017-A001697|AAAI-2017-A001698|AAAI-2017-A001699,AAAI,2017,https://aaai.org/papers/10731-aaai-31-2017/
AAAI-2017-P0515,Contextual RNN-GANs for Abstract Reasoning Diagram Generation,AAAI-2017-A001700|AAAI-2017-A001701|AAAI-2017-A001702|AAAI-2017-A001703|AAAI-2017-A001704,AAAI,2017,https://aaai.org/papers/10738-aaai-31-2017/
AAAI-2017-P0516,Multiset Feature Learning for Highly Imbalanced Data Classification,AAAI-2017-A001705|AAAI-2017-A001706|AAAI-2017-A001707|AAAI-2017-A001708|AAAI-2017-A001709,AAAI,2017,https://aaai.org/papers/10739-aaai-31-2017/
AAAI-2017-P0517,Discriminative Semi-Supervised Dictionary Learning with Entropy Regularization for Pattern Classification,AAAI-2017-A001710|AAAI-2017-A001711,AAAI,2017,https://aaai.org/papers/10736-aaai-31-2017/
AAAI-2017-P0518,Additional Multi-Touch Attribution for Online Advertising,AAAI-2017-A001712|AAAI-2017-A001713,AAAI,2017,https://aaai.org/papers/10737-aaai-31-2017/
AAAI-2017-P0519,Neural Programming by Example,AAAI-2017-A001714|AAAI-2017-A001715,AAAI,2017,https://aaai.org/papers/10734-aaai-31-2017/
AAAI-2017-P0520,Deep Spatio-Temporal Residual Networks for Citywide Crowd Flows Prediction,AAAI-2017-A001716|AAAI-2017-A001717|AAAI-2017-A001718,AAAI,2017,https://aaai.org/papers/10735-aaai-31-2017/
AAAI-2017-P0521,ICU Mortality Prediction: A Classification Algorithm for Imbalanced Datasets,AAAI-2017-A001719|AAAI-2017-A001720|AAAI-2017-A001721,AAAI,2017,https://aaai.org/papers/10721-aaai-31-2017/
AAAI-2017-P0522,On Predictive Patent Valuation: Forecasting Patent Citations and Their Types,AAAI-2017-A001722|AAAI-2017-A001723|AAAI-2017-A001724|AAAI-2017-A001725|AAAI-2017-A001726|AAAI-2017-A001727,AAAI,2017,https://aaai.org/papers/10722-aaai-31-2017/
AAAI-2017-P0523,Simultaneous Clustering and Ensemble,AAAI-2017-A001728|AAAI-2017-A001729|AAAI-2017-A001730,AAAI,2017,https://aaai.org/papers/10720-aaai-31-2017/
AAAI-2017-P0524,Soft Video Parsing by Label Distribution Learning,AAAI-2017-A001731|AAAI-2017-A001732,AAAI,2017,https://aaai.org/papers/10729-aaai-31-2017/
AAAI-2017-P0525,Coupling Implicit and Explicit Knowledge for Customer Volume Prediction,AAAI-2017-A001733|AAAI-2017-A001734|AAAI-2017-A001735|AAAI-2017-A001736|AAAI-2017-A001737,AAAI,2017,https://aaai.org/papers/10727-aaai-31-2017/
AAAI-2017-P0526,Multidimensional Scaling on Multiple Input Distance Matrices,AAAI-2017-A001738|AAAI-2017-A001739|AAAI-2017-A001740|AAAI-2017-A001741,AAAI,2017,https://aaai.org/papers/10732-aaai-31-2017/
AAAI-2017-P0527,Event Video Mashup: From Hundreds of Videos to Minutes of Skeleton,AAAI-2017-A001742|AAAI-2017-A001743|AAAI-2017-A001744|AAAI-2017-A001745|AAAI-2017-A001746|AAAI-2017-A001747,AAAI,2017,https://aaai.org/papers/10725-aaai-31-2017/
AAAI-2017-P0528,Unsupervised Deep Learning for Optical Flow Estimation,AAAI-2017-A001748|AAAI-2017-A001749|AAAI-2017-A001750|AAAI-2017-A001751|AAAI-2017-A001752|AAAI-2017-A001753,AAAI,2017,https://aaai.org/papers/10723-aaai-31-2017/
AAAI-2017-P0529,Collaborative Dynamic Sparse Topic Regression with User Profile Evolution for Item Recommendation,AAAI-2017-A001754|AAAI-2017-A001755|AAAI-2017-A001756|AAAI-2017-A001757,AAAI,2017,https://aaai.org/papers/10726-aaai-31-2017/
AAAI-2017-P0530,Modeling the Intensity Function of Point Process Via Recurrent Neural Networks,AAAI-2017-A001758|AAAI-2017-A001759|AAAI-2017-A001760|AAAI-2017-A001761|AAAI-2017-A001762,AAAI,2017,https://aaai.org/papers/10724-aaai-31-2017/
AAAI-2017-P0531,Personalized Donor-Recipient Matching for Organ Transplantation,AAAI-2017-A001763|AAAI-2017-A001764|AAAI-2017-A001765|AAAI-2017-A001766,AAAI,2017,https://aaai.org/papers/10711-aaai-31-2017/
AAAI-2017-P0532,Multitask Dyadic Prediction and Its Application in Prediction of Adverse Drug-Drug Interaction,AAAI-2017-A001767|AAAI-2017-A001768|AAAI-2017-A001769|AAAI-2017-A001770|AAAI-2017-A001771|AAAI-2017-A001772,AAAI,2017,https://aaai.org/papers/10718-aaai-31-2017/
AAAI-2017-P0533,Pairwise Relationship Guided Deep Hashing for Cross-Modal Retrieval,AAAI-2017-A001773|AAAI-2017-A001774|AAAI-2017-A001775|AAAI-2017-A001776|AAAI-2017-A001777|AAAI-2017-A001778,AAAI,2017,https://aaai.org/papers/10719-aaai-31-2017/
AAAI-2017-P0534,Learning Attributes from the Crowdsourced Relative Labels,AAAI-2017-A001779|AAAI-2017-A001780|AAAI-2017-A001781,AAAI,2017,https://aaai.org/papers/10716-aaai-31-2017/
AAAI-2017-P0535,Adverse Drug Reaction Prediction with Symbolic Latent Dirichlet Allocation,AAAI-2017-A001782|AAAI-2017-A001783|AAAI-2017-A001784|AAAI-2017-A001785|AAAI-2017-A001786,AAAI,2017,https://aaai.org/papers/10717-aaai-31-2017/
AAAI-2017-P0536,Robust Manifold Matrix Factorization for Joint Clustering and Feature Extraction,AAAI-2017-A001787|AAAI-2017-A001788|AAAI-2017-A001789|AAAI-2017-A001790|AAAI-2017-A001791,AAAI,2017,https://aaai.org/papers/10714-aaai-31-2017/
AAAI-2017-P0537,Learning with Feature Network and Label Network Simultaneously,AAAI-2017-A001792|AAAI-2017-A001793|AAAI-2017-A001794|AAAI-2017-A001795,AAAI,2017,https://aaai.org/papers/10715-aaai-31-2017/
AAAI-2017-P0538,Active Learning with Cross-Class Similarity Transfer,AAAI-2017-A001796|AAAI-2017-A001797|AAAI-2017-A001798|AAAI-2017-A001799,AAAI,2017,https://aaai.org/papers/10712-aaai-31-2017/
AAAI-2017-P0539,Progressive Prediction of Student Performance in College Programs,AAAI-2017-A001800|AAAI-2017-A001801|AAAI-2017-A001802|AAAI-2017-A001803,AAAI,2017,https://aaai.org/papers/10713-aaai-31-2017/
AAAI-2017-P0540,Low-Rank Linear Cold-Start Recommendation from Social Data,AAAI-2017-A001804|AAAI-2017-A001805|AAAI-2017-A001806|AAAI-2017-A001807|AAAI-2017-A001808,AAAI,2017,https://aaai.org/papers/10758-aaai-31-2017/
AAAI-2017-P0541,Learning Implicit Tasks for Patient-Specific Risk Modeling in ICU,AAAI-2017-A001809|AAAI-2017-A001810|AAAI-2017-A001811|AAAI-2017-A001812|AAAI-2017-A001813,AAAI,2017,https://aaai.org/papers/10766-aaai-31-2017/
AAAI-2017-P0542,Finding Cut from the Same Cloth: Cross Network Link Recommendation via Joint Matrix Factorization,AAAI-2017-A001814|AAAI-2017-A001815,AAAI,2017,https://aaai.org/papers/10763-aaai-31-2017/
AAAI-2017-P0543,Discrete Personalized Ranking for Fast Collaborative Filtering from Implicit Feedback,AAAI-2017-A001816|AAAI-2017-A001817|AAAI-2017-A001818,AAAI,2017,https://aaai.org/papers/10764-aaai-31-2017/
AAAI-2017-P0544,Fine-Grained Recurrent Neural Networks for Automatic Prostate Segmentation in Ultrasound Images,AAAI-2017-A001819|AAAI-2017-A001820|AAAI-2017-A001821|AAAI-2017-A001822|AAAI-2017-A001823|AAAI-2017-A001824|AAAI-2017-A001825,AAAI,2017,https://aaai.org/papers/10761-aaai-31-2017/
AAAI-2017-P0545,Fast Inverse Reinforcement Learning with Interval Consistent Graph for Driving Behavior Prediction,AAAI-2017-A001826|AAAI-2017-A001827|AAAI-2017-A001828|AAAI-2017-A001829,AAAI,2017,https://aaai.org/papers/10762-aaai-31-2017/
AAAI-2017-P0546,Let Your Photos Talk: Generating Narrative Paragraph for Photo Stream via Bidirectional Attention Recurrent Neural Networks,AAAI-2017-A001830|AAAI-2017-A001831|AAAI-2017-A001832|AAAI-2017-A001833,AAAI,2017,https://aaai.org/papers/10760-aaai-31-2017/
AAAI-2017-P0547,Explicit Defense Actions Against Test-Set Attacks,AAAI-2017-A001834|AAAI-2017-A001835|AAAI-2017-A001836,AAAI,2017,https://aaai.org/papers/10767-aaai-31-2017/
AAAI-2017-P0548,Predicting Soccer Highlights from Spatio-Temporal Match Event Streams,AAAI-2017-A001837|AAAI-2017-A001838|AAAI-2017-A001839|AAAI-2017-A001840,AAAI,2017,https://aaai.org/papers/10754-aaai-31-2017/
AAAI-2017-P0549,Enabling Dark Energy Science with Deep Generative Models of Galaxy Images,AAAI-2017-A001841|AAAI-2017-A001842|AAAI-2017-A001843|AAAI-2017-A001844|AAAI-2017-A001845,AAAI,2017,https://aaai.org/papers/10755-aaai-31-2017/
AAAI-2017-P0550,GLOMA: Embedding Global Information in Local Matrix Approximation Models for Collaborative Filtering,AAAI-2017-A001846|AAAI-2017-A001847|AAAI-2017-A001848|AAAI-2017-A001849|AAAI-2017-A001850|AAAI-2017-A001851,AAAI,2017,https://aaai.org/papers/10752-aaai-31-2017/
AAAI-2017-P0551,Bridging Video Content and Comments: Synchronized Video Description with Temporal Summarization of Crowdsourced Time-Sync Comments,AAAI-2017-A001852|AAAI-2017-A001853,AAAI,2017,https://aaai.org/papers/10753-aaai-31-2017/
AAAI-2017-P0552,Data-Driven Approximations to NP-Hard Problems,AAAI-2017-A001854|AAAI-2017-A001855|AAAI-2017-A001856|AAAI-2017-A001857|AAAI-2017-A001858,AAAI,2017,https://aaai.org/papers/10750-aaai-31-2017/
AAAI-2017-P0553,Collaborative Company Profiling: Insights from an Employee’s Perspective,AAAI-2017-A001859|AAAI-2017-A001860|AAAI-2017-A001861|AAAI-2017-A001862|AAAI-2017-A001863|AAAI-2017-A001864,AAAI,2017,https://aaai.org/papers/10751-aaai-31-2017/
AAAI-2017-P0554,A Framework for Minimal Clustering Modification via Constraint Programming,AAAI-2017-A001865|AAAI-2017-A001866|AAAI-2017-A001867|AAAI-2017-A001868|AAAI-2017-A001869,AAAI,2017,https://aaai.org/papers/10765-aaai-31-2017/
AAAI-2017-P0555,Exploring Normalization in Deep Residual Networks with Concatenated Rectified Linear Units,AAAI-2017-A001870|AAAI-2017-A001871|AAAI-2017-A001872,AAAI,2017,https://aaai.org/papers/10759-aaai-31-2017/
AAAI-2017-P0556,ESPACE: Accelerating Convolutional Neural Networks via Eliminating Spatial and Channel Redundancy,AAAI-2017-A001873|AAAI-2017-A001874|AAAI-2017-A001875|AAAI-2017-A001876,AAAI,2017,https://aaai.org/papers/10756-aaai-31-2017/
AAAI-2017-P0557,Predicting Demographics of High-Resolution Geographies with Geotagged Tweets,AAAI-2017-A001877|AAAI-2017-A001878,AAAI,2017,https://aaai.org/papers/10757-aaai-31-2017/
AAAI-2017-P0558,ERMMA: Expected Risk Minimization for Matrix Approximation-based Recommender Systems,AAAI-2017-A001879|AAAI-2017-A001880|AAAI-2017-A001881|AAAI-2017-A001882|AAAI-2017-A001883|AAAI-2017-A001884,AAAI,2017,https://aaai.org/papers/10743-aaai-31-2017/
AAAI-2017-P0559,A Deep Hierarchical Approach to Lifelong Learning in Minecraft,AAAI-2017-A001885|AAAI-2017-A001886|AAAI-2017-A001887|AAAI-2017-A001888|AAAI-2017-A001889,AAAI,2017,https://aaai.org/papers/10744-aaai-31-2017/
AAAI-2017-P0560,Semi-Supervised Multi-View Correlation Feature Learning with Application to Webpage Classification,AAAI-2017-A001890|AAAI-2017-A001891|AAAI-2017-A001892|AAAI-2017-A001893|AAAI-2017-A001894,AAAI,2017,https://aaai.org/papers/10741-aaai-31-2017/
AAAI-2017-P0561,DeepFix: Fixing Common C Language Errors by Deep Learning,AAAI-2017-A001895|AAAI-2017-A001896|AAAI-2017-A001897|AAAI-2017-A001898,AAAI,2017,https://aaai.org/papers/10742-aaai-31-2017/
AAAI-2017-P0562,Question DifÞculty Prediction for READING Problems in Standard Tests,AAAI-2017-A001899|AAAI-2017-A001900|AAAI-2017-A001901|AAAI-2017-A001902|AAAI-2017-A001903|AAAI-2017-A001904|AAAI-2017-A001905|AAAI-2017-A001906,AAAI,2017,https://aaai.org/papers/10740-aaai-31-2017/
AAAI-2017-P0563,Beyond Monte Carlo Tree Search: Playing Go with Deep Alternative Neural Network and Long-Term Evaluation,AAAI-2017-A001907|AAAI-2017-A001908|AAAI-2017-A001909|AAAI-2017-A001910,AAAI,2017,https://aaai.org/papers/10749-aaai-31-2017/
AAAI-2017-P0564,A Hybrid Collaborative Filtering Model with Deep Structure for Recommender Systems,AAAI-2017-A001911|AAAI-2017-A001912|AAAI-2017-A001913|AAAI-2017-A001914|AAAI-2017-A001915|AAAI-2017-A001916,AAAI,2017,https://aaai.org/papers/10747-aaai-31-2017/
AAAI-2017-P0565,Beyond IID: Learning to Combine Non-IID Metrics for Vision Tasks,AAAI-2017-A001917|AAAI-2017-A001918|AAAI-2017-A001919|AAAI-2017-A001920|AAAI-2017-A001921,AAAI,2017,https://aaai.org/papers/10748-aaai-31-2017/
AAAI-2017-P0566,A Sparse Dictionary Learning Framework to Discover Discriminative Source Activations in EEG Brain Mapping,AAAI-2017-A001922|AAAI-2017-A001923|AAAI-2017-A001924|AAAI-2017-A001925|AAAI-2017-A001926,AAAI,2017,https://aaai.org/papers/10745-aaai-31-2017/
AAAI-2017-P0567,CatchÕEm All: Locating Multiple Diffusion Sources in Networks with Partial Observations,AAAI-2017-A001927|AAAI-2017-A001928|AAAI-2017-A001929,AAAI,2017,https://aaai.org/papers/10746-aaai-31-2017/
AAAI-2017-P0568,Distinguish Polarity in Bag-of-Words Visualization,AAAI-2017-A001930|AAAI-2017-A001931|AAAI-2017-A001932|AAAI-2017-A001933,AAAI,2017,https://aaai.org/papers/10963-aaai-31-2017/
AAAI-2017-P0569,Neural Machine Translation Advised by Statistical Machine Translation,AAAI-2017-A001934|AAAI-2017-A001935|AAAI-2017-A001936|AAAI-2017-A001937|AAAI-2017-A001938|AAAI-2017-A001939,AAAI,2017,https://aaai.org/papers/10975-aaai-31-2017/
AAAI-2017-P0570,Recurrent Attentional Topic Model,AAAI-2017-A001940|AAAI-2017-A001941|AAAI-2017-A001942|AAAI-2017-A001943|AAAI-2017-A001944,AAAI,2017,https://aaai.org/papers/10972-aaai-31-2017/
AAAI-2017-P0571,Disambiguating Spatial Prepositions Using Deep Convolutional Networks,AAAI-2017-A001945|AAAI-2017-A001946,AAAI,2017,https://aaai.org/papers/10973-aaai-31-2017/
AAAI-2017-P0572,Robsut Wrod Reocginiton via Semi-Character Recurrent Neural Network,AAAI-2017-A001947|AAAI-2017-A001948|AAAI-2017-A001949|AAAI-2017-A001950,AAAI,2017,https://aaai.org/papers/10970-aaai-31-2017/
AAAI-2017-P0573,Maximum Reconstruction Estimation for Generative Latent-Variable Models,AAAI-2017-A001951|AAAI-2017-A001952|AAAI-2017-A001953,AAAI,2017,https://aaai.org/papers/10971-aaai-31-2017/
AAAI-2017-P0574,Translation Prediction with Source Dependency-Based Context Representation,AAAI-2017-A001954|AAAI-2017-A001955|AAAI-2017-A001956|AAAI-2017-A001957,AAAI,2017,https://aaai.org/papers/10978-aaai-31-2017/
AAAI-2017-P0575,Joint Copying and Restricted Generation for Paraphrase,AAAI-2017-A001958|AAAI-2017-A001959|AAAI-2017-A001960|AAAI-2017-A001961,AAAI,2017,https://aaai.org/papers/10979-aaai-31-2017/
AAAI-2017-P0576,Mechanism-Aware Neural Machine for Dialogue Response Generation,AAAI-2017-A001962|AAAI-2017-A001963|AAAI-2017-A001964|AAAI-2017-A001965|AAAI-2017-A001966|AAAI-2017-A001967,AAAI,2017,https://aaai.org/papers/10976-aaai-31-2017/
AAAI-2017-P0577,A Unified Model for Cross-Domain and Semi-Supervised Named Entity Recognition in Chinese Social Media,AAAI-2017-A001968|AAAI-2017-A001969,AAAI,2017,https://aaai.org/papers/10977-aaai-31-2017/
AAAI-2017-P0578,Coupled Multi-Layer Attentions for Co-Extraction of Aspect and Opinion Terms,AAAI-2017-A001970|AAAI-2017-A001971|AAAI-2017-A001972|AAAI-2017-A001973,AAAI,2017,https://aaai.org/papers/10974-aaai-31-2017/
AAAI-2017-P0579,Condensed Memory Networks for Clinical Diagnostic Inferencing,AAAI-2017-A001974|AAAI-2017-A001975|AAAI-2017-A001976|AAAI-2017-A001977|AAAI-2017-A001978|AAAI-2017-A001979|AAAI-2017-A001980|AAAI-2017-A001981,AAAI,2017,https://aaai.org/papers/10964-aaai-31-2017/
AAAI-2017-P0580,Coherent Dialogue with Attention-Based Language Models,AAAI-2017-A001982|AAAI-2017-A001983|AAAI-2017-A001984,AAAI,2017,https://aaai.org/papers/10961-aaai-31-2017/
AAAI-2017-P0581,Active Discriminative Text Representation Learning,AAAI-2017-A001985|AAAI-2017-A001986|AAAI-2017-A001987,AAAI,2017,https://aaai.org/papers/10962-aaai-31-2017/
AAAI-2017-P0582,BattRAE: Bidimensional Attention-Based Recursive Autoencoders for Learning Bilingual Phrase Embeddings,AAAI-2017-A001988|AAAI-2017-A001989|AAAI-2017-A001990,AAAI,2017,https://aaai.org/papers/10969-aaai-31-2017/
AAAI-2017-P0583,Deterministic Attention for Sequence-to-Sequence Constituent Parsing,AAAI-2017-A001991|AAAI-2017-A001992|AAAI-2017-A001993|AAAI-2017-A001994|AAAI-2017-A001995,AAAI,2017,https://aaai.org/papers/10967-aaai-31-2017/
AAAI-2017-P0584,Lattice-Based Recurrent Neural Network Encoders for Neural Machine Translation,AAAI-2017-A001996|AAAI-2017-A001997|AAAI-2017-A001998|AAAI-2017-A001999|AAAI-2017-A002000|AAAI-2017-A002001,AAAI,2017,https://aaai.org/papers/10968-aaai-31-2017/
AAAI-2017-P0585,Unsupervised Learning for Lexicon-Based Classification,AAAI-2017-A002002,AAAI,2017,https://aaai.org/papers/10965-aaai-31-2017/
AAAI-2017-P0586,Variational Autoencoder for Semi-Supervised Text Classification,AAAI-2017-A002003|AAAI-2017-A002004|AAAI-2017-A002005|AAAI-2017-A002006,AAAI,2017,https://aaai.org/papers/10966-aaai-31-2017/
AAAI-2017-P0587,Incorporating Expert Knowledge into Keyphrase Extraction,AAAI-2017-A002007|AAAI-2017-A002008|AAAI-2017-A002009,AAAI,2017,https://aaai.org/papers/10986-aaai-31-2017/
AAAI-2017-P0588,Semantic Parsing with Neural Hybrid Trees,AAAI-2017-A002010|AAAI-2017-A002011,AAAI,2017,https://aaai.org/papers/10997-aaai-31-2017/
AAAI-2017-P0589,Incrementally Learning the Hierarchical Softmax Function for Neural Language Models,AAAI-2017-A002012|AAAI-2017-A002013|AAAI-2017-A002014|AAAI-2017-A002015,AAAI,2017,https://aaai.org/papers/10994-aaai-31-2017/
AAAI-2017-P0590,Neural Models for Sequence Chunking,AAAI-2017-A002016|AAAI-2017-A002017|AAAI-2017-A002018|AAAI-2017-A002019,AAAI,2017,https://aaai.org/papers/10995-aaai-31-2017/
AAAI-2017-P0591,A Dynamic Window Neural Network for CCG Supertagging,AAAI-2017-A002020|AAAI-2017-A002021|AAAI-2017-A002022,AAAI,2017,https://aaai.org/papers/10992-aaai-31-2017/
AAAI-2017-P0592,Improving Word Embeddings with Convolutional Feature Learning and Subword Information,AAAI-2017-A002023|AAAI-2017-A002024,AAAI,2017,https://aaai.org/papers/10993-aaai-31-2017/
AAAI-2017-P0593,Geometry of Compositionality,AAAI-2017-A002025|AAAI-2017-A002026|AAAI-2017-A002027,AAAI,2017,https://aaai.org/papers/10990-aaai-31-2017/
AAAI-2017-P0594,Dual-Clustering Maximum Entropy with Application to Classification and Word Embedding,AAAI-2017-A002028|AAAI-2017-A002029|AAAI-2017-A002030,AAAI,2017,https://aaai.org/papers/10991-aaai-31-2017/
AAAI-2017-P0595,Representations of Context in Recognizing the Figurative and Literal Usages of Idioms,AAAI-2017-A002031|AAAI-2017-A002032,AAAI,2017,https://aaai.org/papers/10998-aaai-31-2017/
AAAI-2017-P0596,Learning Context-Specific Word/Character Embeddings,AAAI-2017-A002033|AAAI-2017-A002034|AAAI-2017-A002035|AAAI-2017-A002036|AAAI-2017-A002037,AAAI,2017,https://aaai.org/papers/10985-aaai-31-2017/
AAAI-2017-P0597,Definition Modeling: Learning to Define Word Embeddings in Natural Language,AAAI-2017-A002038|AAAI-2017-A002039|AAAI-2017-A002040|AAAI-2017-A002041,AAAI,2017,https://aaai.org/papers/10996-aaai-31-2017/
AAAI-2017-P0598,A Hierarchical Latent Variable Encoder-Decoder Model for Generating Dialogues,AAAI-2017-A002042|AAAI-2017-A002043|AAAI-2017-A002044|AAAI-2017-A002045|AAAI-2017-A002046|AAAI-2017-A002047|AAAI-2017-A002048,AAAI,2017,https://aaai.org/papers/10983-aaai-31-2017/
AAAI-2017-P0599,Multiresolution Recurrent Neural Networks: An Application to Dialogue Response Generation,AAAI-2017-A002049|AAAI-2017-A002050|AAAI-2017-A002051|AAAI-2017-A002052|AAAI-2017-A002053|AAAI-2017-A002054|AAAI-2017-A002055,AAAI,2017,https://aaai.org/papers/10984-aaai-31-2017/
AAAI-2017-P0600,Topic Aware Neural Response Generation,AAAI-2017-A002056|AAAI-2017-A002057|AAAI-2017-A002058|AAAI-2017-A002059|AAAI-2017-A002060|AAAI-2017-A002061|AAAI-2017-A002062,AAAI,2017,https://aaai.org/papers/10981-aaai-31-2017/
AAAI-2017-P0601,Unsupervised Learning of Evolving Relationships Between Literary Characters,AAAI-2017-A002063|AAAI-2017-A002064|AAAI-2017-A002065,AAAI,2017,https://aaai.org/papers/10982-aaai-31-2017/
AAAI-2017-P0602,Open-Vocabulary Semantic Parsing with both Distributional Statistics and Formal Knowledge,AAAI-2017-A002066|AAAI-2017-A002067,AAAI,2017,https://aaai.org/papers/10980-aaai-31-2017/
AAAI-2017-P0603,S2JSD-LSH: A Locality-Sensitive Hashing Schema for Probability Distributions,AAAI-2017-A002068|AAAI-2017-A002069|AAAI-2017-A002070|AAAI-2017-A002071|AAAI-2017-A002072|AAAI-2017-A002073,AAAI,2017,https://aaai.org/papers/10989-aaai-31-2017/
AAAI-2017-P0604,Bayesian Neural Word Embedding,AAAI-2017-A002074,AAAI,2017,https://aaai.org/papers/10987-aaai-31-2017/
AAAI-2017-P0605,Bilingual Lexicon Induction from Non-Parallel Data with Minimal Supervision,AAAI-2017-A002075|AAAI-2017-A002076|AAAI-2017-A002077|AAAI-2017-A002078|AAAI-2017-A002079,AAAI,2017,https://aaai.org/papers/10988-aaai-31-2017/
AAAI-2017-P0606,A Context-Enriched Neural Network Method for Recognizing Lexical Entailment,AAAI-2017-A002080|AAAI-2017-A002081|AAAI-2017-A002082|AAAI-2017-A002083|AAAI-2017-A002084,AAAI,2017,https://aaai.org/papers/10960-aaai-31-2017/
AAAI-2017-P0607,SSP: Semantic Space Projection for Knowledge Graph Embedding with Text Descriptions,AAAI-2017-A002085|AAAI-2017-A002086|AAAI-2017-A002087|AAAI-2017-A002088,AAAI,2017,https://aaai.org/papers/10952-aaai-31-2017/
AAAI-2017-P0608,Distant Supervision for Relation Extraction with Sentence-Level Attention and Entity Descriptions,AAAI-2017-A002089|AAAI-2017-A002090|AAAI-2017-A002091|AAAI-2017-A002092,AAAI,2017,https://aaai.org/papers/10953-aaai-31-2017/
AAAI-2017-P0609,Neural Machine Translation with Reconstruction,AAAI-2017-A002093|AAAI-2017-A002094|AAAI-2017-A002095|AAAI-2017-A002096|AAAI-2017-A002097,AAAI,2017,https://aaai.org/papers/10950-aaai-31-2017/
AAAI-2017-P0610,Incorporating Knowledge Graph Embeddings into Topic Modeling,AAAI-2017-A002098|AAAI-2017-A002099|AAAI-2017-A002100|AAAI-2017-A002101|AAAI-2017-A002102|AAAI-2017-A002103|AAAI-2017-A002104,AAAI,2017,https://aaai.org/papers/10951-aaai-31-2017/
AAAI-2017-P0611,SummaRuNNer: A Recurrent Neural Network Based Sequence Model for Extractive Summarization of Documents,AAAI-2017-A002105|AAAI-2017-A002106|AAAI-2017-A002107,AAAI,2017,https://aaai.org/papers/10958-aaai-31-2017/
AAAI-2017-P0612,Unit Dependency Graph and Its Application to Arithmetic Word Problem Solving,AAAI-2017-A002108|AAAI-2017-A002109,AAAI,2017,https://aaai.org/papers/10959-aaai-31-2017/
AAAI-2017-P0613,Efficiently Answering Technical Questions Ñ A Knowledge Graph Approach,AAAI-2017-A002110|AAAI-2017-A002111|AAAI-2017-A002112|AAAI-2017-A002113|AAAI-2017-A002114,AAAI,2017,https://aaai.org/papers/10956-aaai-31-2017/
AAAI-2017-P0614,Prerequisite Skills for Reading Comprehension: Multi-Perspective Analysis of MCTest Datasets and Systems,AAAI-2017-A002115|AAAI-2017-A002116|AAAI-2017-A002117,AAAI,2017,https://aaai.org/papers/10957-aaai-31-2017/
AAAI-2017-P0615,Neural Bag-of-Ngrams,AAAI-2017-A002118|AAAI-2017-A002119|AAAI-2017-A002120|AAAI-2017-A002121|AAAI-2017-A002122,AAAI,2017,https://aaai.org/papers/10954-aaai-31-2017/
AAAI-2017-P0616,Improving Multi-Document Summarization via Text Classification,AAAI-2017-A002123|AAAI-2017-A002124|AAAI-2017-A002125|AAAI-2017-A002126,AAAI,2017,https://aaai.org/papers/10955-aaai-31-2017/
AAAI-2017-P0617,Causal Effect Identification by Adjustment under Confounding and Selection Biases,AAAI-2017-A002127|AAAI-2017-A002128,AAAI,2017,https://aaai.org/papers/11060-aaai-31-2017/
AAAI-2017-P0618,Deterministic versus Probabilistic Methods for Searching for an Evasive Target,AAAI-2017-A002129|AAAI-2017-A002130|AAAI-2017-A002131|AAAI-2017-A002132,AAAI,2017,https://aaai.org/papers/11054-aaai-31-2017/
AAAI-2017-P0619,Anytime Best+Depth-First Search for Bounding Marginal MAP,AAAI-2017-A002133|AAAI-2017-A002134|AAAI-2017-A002135|AAAI-2017-A002136,AAAI,2017,https://aaai.org/papers/11055-aaai-31-2017/
AAAI-2017-P0620,Misspecified Linear Bandits,AAAI-2017-A002137|AAAI-2017-A002138|AAAI-2017-A002139,AAAI,2017,https://aaai.org/papers/11052-aaai-31-2017/
AAAI-2017-P0621,Multi-Objective Influence Diagrams with Possibly Optimal Policies,AAAI-2017-A002140|AAAI-2017-A002141|AAAI-2017-A002142,AAAI,2017,https://aaai.org/papers/11053-aaai-31-2017/
AAAI-2017-P0622,Reasoning about Cognitive Trust in Stochastic Multiagent Systems,AAAI-2017-A002143|AAAI-2017-A002144,AAAI,2017,https://aaai.org/papers/11050-aaai-31-2017/
AAAI-2017-P0623,The Kernel Kalman Rule Ñ Efficient Nonparametric Inference with Recursive Least Squares,AAAI-2017-A002145|AAAI-2017-A002146|AAAI-2017-A002147,AAAI,2017,https://aaai.org/papers/11051-aaai-31-2017/
AAAI-2017-P0624,The Linearization of Belief Propagation on Pairwise Markov Random Fields,AAAI-2017-A002148,AAAI,2017,https://aaai.org/papers/11059-aaai-31-2017/
AAAI-2017-P0625,Non-Deterministic Planning with Temporally Extended Goals: LTL over Finite and Infinite Traces,AAAI-2017-A002149|AAAI-2017-A002150|AAAI-2017-A002151|AAAI-2017-A002152|AAAI-2017-A002153,AAAI,2017,https://aaai.org/papers/11058-aaai-31-2017/
AAAI-2017-P0626,Hindsight Optimization for Hybrid State and Action MDPs,AAAI-2017-A002154|AAAI-2017-A002155|AAAI-2017-A002156|AAAI-2017-A002157|AAAI-2017-A002158,AAAI,2017,https://aaai.org/papers/11056-aaai-31-2017/
AAAI-2017-P0627,Open-Universe Weighted Model Counting,AAAI-2017-A002159,AAAI,2017,https://aaai.org/papers/11057-aaai-31-2017/
AAAI-2017-P0628,I See What You See: Inferring Sensor and Policy Models of Human Real-World Motor Behavior,AAAI-2017-A002160|AAAI-2017-A002161|AAAI-2017-A002162|AAAI-2017-A002163,AAAI,2017,https://aaai.org/papers/11049-aaai-31-2017/
AAAI-2017-P0629,Latent Dependency Forest Models,AAAI-2017-A002164|AAAI-2017-A002165|AAAI-2017-A002166,AAAI,2017,https://aaai.org/papers/11047-aaai-31-2017/
AAAI-2017-P0630,Solving Constrained Combinatorial Optimisation Problems via MAP Inference without High-Order Penalties,AAAI-2017-A002167|AAAI-2017-A002168|AAAI-2017-A002169|AAAI-2017-A002170|AAAI-2017-A002171|AAAI-2017-A002172|AAAI-2017-A002173,AAAI,2017,https://aaai.org/papers/11048-aaai-31-2017/
AAAI-2017-P0631,Minimal Undefinedness for Fuzzy Answer Sets,AAAI-2017-A002174|AAAI-2017-A002175|AAAI-2017-A002176,AAAI,2017,https://aaai.org/papers/11045-aaai-31-2017/
AAAI-2017-P0632,Optimizing Expectation with Guarantees in POMDPs,AAAI-2017-A002177|AAAI-2017-A002178|AAAI-2017-A002179|AAAI-2017-A002180|AAAI-2017-A002181,AAAI,2017,https://aaai.org/papers/11046-aaai-31-2017/
AAAI-2017-P0633,Latent Dirichlet Allocation for Unsupervised Activity Analysis on an Autonomous Mobile Robot,AAAI-2017-A002182|AAAI-2017-A002183|AAAI-2017-A002184|AAAI-2017-A002185|AAAI-2017-A002186,AAAI,2017,https://aaai.org/papers/11043-aaai-31-2017/
AAAI-2017-P0634,Grounded Action Transformation for Robot Learning in Simulation,AAAI-2017-A002187|AAAI-2017-A002188,AAAI,2017,https://aaai.org/papers/11044-aaai-31-2017/
AAAI-2017-P0635,Deep Learning Quadcopter Control via Risk-Aware Active Learning,AAAI-2017-A002189|AAAI-2017-A002190|AAAI-2017-A002191,AAAI,2017,https://aaai.org/papers/11041-aaai-31-2017/
AAAI-2017-P0636,Dynamically Constructed (PO)MDPs for Adaptive Robot Planning,AAAI-2017-A002192|AAAI-2017-A002193|AAAI-2017-A002194,AAAI,2017,https://aaai.org/papers/11042-aaai-31-2017/
AAAI-2017-P0637,Associate Latent Encodings in Learning from Demonstrations,AAAI-2017-A002195|AAAI-2017-A002196|AAAI-2017-A002197|AAAI-2017-A002198,AAAI,2017,https://aaai.org/papers/11040-aaai-31-2017/
AAAI-2017-P0638,A Diversified Generative Latent Variable Model for WiFi-SLAM,AAAI-2017-A002199|AAAI-2017-A002200,AAAI,2017,https://aaai.org/papers/11038-aaai-31-2017/
AAAI-2017-P0639,Unsupervised Feature Learning for 3D Scene Reconstruction with Occupancy Maps,AAAI-2017-A002201|AAAI-2017-A002202,AAAI,2017,https://aaai.org/papers/11039-aaai-31-2017/
AAAI-2017-P0640,On the Disruptive Effectiveness of Automated Planning for LTL<i>f</i>-Based Trace Alignment,AAAI-2017-A002203|AAAI-2017-A002204|AAAI-2017-A002205|AAAI-2017-A002206,AAAI,2017,https://aaai.org/papers/11020-aaai-31-2017/
AAAI-2017-P0641,Computational Issues in Time-Inconsistent Planning,AAAI-2017-A002207|AAAI-2017-A002208|AAAI-2017-A002209|AAAI-2017-A002210|AAAI-2017-A002211,AAAI,2017,https://aaai.org/papers/11017-aaai-31-2017/
AAAI-2017-P0642,Robust Execution of Probabilistic Temporal Plans,AAAI-2017-A002212|AAAI-2017-A002213|AAAI-2017-A002214|AAAI-2017-A002215,AAAI,2017,https://aaai.org/papers/11019-aaai-31-2017/
AAAI-2017-P0643,Validating Domains and Plans for Temporal Planning via Encoding into Infinite-State Linear Temporal Logic,AAAI-2017-A002216|AAAI-2017-A002217|AAAI-2017-A002218,AAAI,2017,https://aaai.org/papers/11018-aaai-31-2017/
AAAI-2017-P0644,An Efficient Approach to Model-Based Hierarchical Reinforcement Learning,AAAI-2017-A002219|AAAI-2017-A002220|AAAI-2017-A002221,AAAI,2017,https://aaai.org/papers/11024-aaai-31-2017/
AAAI-2017-P0645,Higher-Dimensional Potential Heuristics for Optimal Classical Planning,AAAI-2017-A002222|AAAI-2017-A002223|AAAI-2017-A002224,AAAI,2017,https://aaai.org/papers/11023-aaai-31-2017/
AAAI-2017-P0646,Optimizing Quantiles in Preference-Based Markov Decision Processes,AAAI-2017-A002225|AAAI-2017-A002226|AAAI-2017-A002227,AAAI,2017,https://aaai.org/papers/11026-aaai-31-2017/
AAAI-2017-P0647,An Analysis of Monte Carlo Tree Search,AAAI-2017-A002228|AAAI-2017-A002229|AAAI-2017-A002230,AAAI,2017,https://aaai.org/papers/11028-aaai-31-2017/
AAAI-2017-P0648,Plan Reordering and Parallel Execution Ñ A Parameterized Complexity View,AAAI-2017-A002231|AAAI-2017-A002232,AAAI,2017,https://aaai.org/papers/11025-aaai-31-2017/
AAAI-2017-P0649,Best-First Width Search: Exploration and Exploitation in Classical Planning,AAAI-2017-A002233|AAAI-2017-A002234,AAAI,2017,https://aaai.org/papers/11027-aaai-31-2017/
AAAI-2017-P0650,Human-Aware Plan Recognition,AAAI-2017-A002235,AAAI,2017,https://aaai.org/papers/11029-aaai-31-2017/
AAAI-2017-P0651,Accelerated Vector Pruning for Optimal POMDP Solvers,AAAI-2017-A002236|AAAI-2017-A002237,AAAI,2017,https://aaai.org/papers/11032-aaai-31-2017/
AAAI-2017-P0652,Narrowing the Gap Between Saturated and Optimal Cost Partitioning for Classical Planning,AAAI-2017-A002238|AAAI-2017-A002239|AAAI-2017-A002240,AAAI,2017,https://aaai.org/papers/11022-aaai-31-2017/
AAAI-2017-P0653,Landmark-Based Heuristics for Goal Recognition,AAAI-2017-A002241|AAAI-2017-A002242|AAAI-2017-A002243,AAAI,2017,https://aaai.org/papers/11021-aaai-31-2017/
AAAI-2017-P0654,Multi-Agent Path Finding with Delay Probabilities,AAAI-2017-A002244|AAAI-2017-A002245|AAAI-2017-A002246,AAAI,2017,https://aaai.org/papers/11035-aaai-31-2017/
AAAI-2017-P0655,Incorporating Domain-Independent Planning Heuristics in Hierarchical Planning,AAAI-2017-A002247|AAAI-2017-A002248|AAAI-2017-A002249,AAAI,2017,https://aaai.org/papers/11034-aaai-31-2017/
AAAI-2017-P0656,Bounding the Probability of Resource Constraint Violations in Multi-Agent MDPs,AAAI-2017-A002250|AAAI-2017-A002251|AAAI-2017-A002252|AAAI-2017-A002253,AAAI,2017,https://aaai.org/papers/11037-aaai-31-2017/
AAAI-2017-P0657,Fast SSP Solvers Using Short-Sighted Labeling,AAAI-2017-A002254|AAAI-2017-A002255|AAAI-2017-A002256,AAAI,2017,https://aaai.org/papers/11036-aaai-31-2017/
AAAI-2017-P0658,Logical Filtering and Smoothing: State Estimation in Partially Observable Domains,AAAI-2017-A002257|AAAI-2017-A002258|AAAI-2017-A002259,AAAI,2017,https://aaai.org/papers/11031-aaai-31-2017/
AAAI-2017-P0659,Schematic Invariants by Reduction to Ground Invariants,AAAI-2017-A002260,AAAI,2017,https://aaai.org/papers/11030-aaai-31-2017/
AAAI-2017-P0660,When to Reset Your Keys: Optimal Timing of Security Updates via Learning,AAAI-2017-A002261|AAAI-2017-A002262|AAAI-2017-A002263,AAAI,2017,https://aaai.org/papers/11033-aaai-31-2017/
AAAI-2017-P0661,Phrase-Based Presentation Slides Generation for Academic Papers,AAAI-2017-A002264|AAAI-2017-A002265|AAAI-2017-A002266,AAAI,2017,https://aaai.org/papers/10481-aaai-31-2017/
AAAI-2017-P0662,POI2Vec: Geographical Latent Representation for Predicting Future Visitors,AAAI-2017-A002267|AAAI-2017-A002268|AAAI-2017-A002269|AAAI-2017-A002270,AAAI,2017,https://aaai.org/papers/10500-aaai-31-2017/
AAAI-2017-P0663,Expectile Matrix Factorization for Skewed Data Analysis,AAAI-2017-A002271|AAAI-2017-A002272|AAAI-2017-A002273|AAAI-2017-A002274,AAAI,2017,https://aaai.org/papers/10502-aaai-31-2017/
AAAI-2017-P0664,Visual Sentiment Analysis by Attending on Local Image Regions,AAAI-2017-A002275|AAAI-2017-A002276|AAAI-2017-A002277,AAAI,2017,https://aaai.org/papers/10501-aaai-31-2017/
AAAI-2017-P0665,Radon Ð Rapid Discovery of Topological Relations,AAAI-2017-A002278|AAAI-2017-A002279|AAAI-2017-A002280|AAAI-2017-A002281,AAAI,2017,https://aaai.org/papers/10478-aaai-31-2017/
AAAI-2017-P0666,Multiple Source Detection without Knowing the Underlying Propagation Model,AAAI-2017-A002282|AAAI-2017-A002283|AAAI-2017-A002284|AAAI-2017-A002285,AAAI,2017,https://aaai.org/papers/10477-aaai-31-2017/
AAAI-2017-P0667,CLARE: A Joint Approach to Label Classification and Tag Recommendation,AAAI-2017-A002286|AAAI-2017-A002287|AAAI-2017-A002288|AAAI-2017-A002289|AAAI-2017-A002290|AAAI-2017-A002291,AAAI,2017,https://aaai.org/papers/10479-aaai-31-2017/
AAAI-2017-P0668,Learning Visual Sentiment Distributions via Augmented Conditional Probability Neural Network,AAAI-2017-A002292|AAAI-2017-A002293|AAAI-2017-A002294,AAAI,2017,https://aaai.org/papers/10485-aaai-31-2017/
AAAI-2017-P0669,Understanding the Semantic Structures of Tables with a Hybrid Deep Neural Network Architecture,AAAI-2017-A002295|AAAI-2017-A002296|AAAI-2017-A002297|AAAI-2017-A002298,AAAI,2017,https://aaai.org/papers/10484-aaai-31-2017/
AAAI-2017-P0670,Transitive Hashing Network for Heterogeneous Multimedia Retrieval,AAAI-2017-A002299|AAAI-2017-A002300|AAAI-2017-A002301|AAAI-2017-A002302,AAAI,2017,https://aaai.org/papers/10487-aaai-31-2017/
AAAI-2017-P0671,Semantic Proximity Search on Heterogeneous Graph by Proximity Embedding,AAAI-2017-A002303|AAAI-2017-A002304|AAAI-2017-A002305|AAAI-2017-A002306|AAAI-2017-A002307|AAAI-2017-A002308|AAAI-2017-A002309,AAAI,2017,https://aaai.org/papers/10486-aaai-31-2017/
AAAI-2017-P0672,Joint Identification of Network Communities and Semantics via Integrative Modeling of Network Topologies and Node Contents,AAAI-2017-A002310|AAAI-2017-A002311|AAAI-2017-A002312|AAAI-2017-A002313|AAAI-2017-A002314,AAAI,2017,https://aaai.org/papers/10489-aaai-31-2017/
AAAI-2017-P0673,Community Preserving Network Embedding,AAAI-2017-A002315|AAAI-2017-A002316|AAAI-2017-A002317|AAAI-2017-A002318|AAAI-2017-A002319|AAAI-2017-A002320,AAAI,2017,https://aaai.org/papers/10488-aaai-31-2017/
AAAI-2017-P0674,Multi-Task Deep Learning for User Intention Understanding in Speech Interaction Systems,AAAI-2017-A002321|AAAI-2017-A002322|AAAI-2017-A002323|AAAI-2017-A002324|AAAI-2017-A002325|AAAI-2017-A002326|AAAI-2017-A002327,AAAI,2017,https://aaai.org/papers/10493-aaai-31-2017/
AAAI-2017-P0675,Treatment Effect Estimation with Data-Driven Variable Decomposition,AAAI-2017-A002328|AAAI-2017-A002329|AAAI-2017-A002330|AAAI-2017-A002331|AAAI-2017-A002332|AAAI-2017-A002333,AAAI,2017,https://aaai.org/papers/10480-aaai-31-2017/
AAAI-2017-P0676,Correlated Cascades: Compete or Cooperate,AAAI-2017-A002334|AAAI-2017-A002335|AAAI-2017-A002336|AAAI-2017-A002337|AAAI-2017-A002338,AAAI,2017,https://aaai.org/papers/10483-aaai-31-2017/
AAAI-2017-P0677,Finding Critical Users for Social Network Engagement: The Collapsed k-Core Problem,AAAI-2017-A002339|AAAI-2017-A002340|AAAI-2017-A002341|AAAI-2017-A002342|AAAI-2017-A002343,AAAI,2017,https://aaai.org/papers/10482-aaai-31-2017/
AAAI-2017-P0678,Read the Silence: Well-Timed Recommendation via Admixture Marked Point Processes,AAAI-2017-A002344|AAAI-2017-A002345|AAAI-2017-A002346|AAAI-2017-A002347,AAAI,2017,https://aaai.org/papers/10496-aaai-31-2017/
AAAI-2017-P0679,Marrying Uncertainty and Time in Knowledge Graphs,AAAI-2017-A002348|AAAI-2017-A002349|AAAI-2017-A002350|AAAI-2017-A002351,AAAI,2017,https://aaai.org/papers/10495-aaai-31-2017/
AAAI-2017-P0680,Random-Radius Ball Method for Estimating Closeness Centrality,AAAI-2017-A002352|AAAI-2017-A002353|AAAI-2017-A002354,AAAI,2017,https://aaai.org/papers/10498-aaai-31-2017/
AAAI-2017-P0681,TweetFit: Fusing Multiple Social Media and Sensor Data for Wellness Profile Learning,AAAI-2017-A002355|AAAI-2017-A002356,AAAI,2017,https://aaai.org/papers/10497-aaai-31-2017/
AAAI-2017-P0682,A Dependency-Based Neural Reordering Model for Statistical Machine Translation,AAAI-2017-A002357|AAAI-2017-A002358,AAAI,2017,https://aaai.org/papers/10499-aaai-31-2017/
AAAI-2017-P0683,Web-Based Semantic Fragment Discovery for On-Line Lingual-Visual Similarity,AAAI-2017-A002359|AAAI-2017-A002360|AAAI-2017-A002361|AAAI-2017-A002362|AAAI-2017-A002363,AAAI,2017,https://aaai.org/papers/10490-aaai-31-2017/
AAAI-2017-P0684,A Declarative Approach to Data-Driven Fact Checking,AAAI-2017-A002364,AAAI,2017,https://aaai.org/papers/10492-aaai-31-2017/
AAAI-2017-P0685,Exploiting both Vertical and Horizontal Dimensions of Feature Hierarchy for Effective Recommendation,AAAI-2017-A002365|AAAI-2017-A002366|AAAI-2017-A002367|AAAI-2017-A002368,AAAI,2017,https://aaai.org/papers/10491-aaai-31-2017/
AAAI-2017-P0686,Efficient Delivery Policy to Minimize User Traffic Consumption in Guaranteed Advertising,AAAI-2017-A002369|AAAI-2017-A002370|AAAI-2017-A002371|AAAI-2017-A002372|AAAI-2017-A002373|AAAI-2017-A002374|AAAI-2017-A002375,AAAI,2017,https://aaai.org/papers/10494-aaai-31-2017/
AAAI-2017-P0687,Obvious Strategyproofness Needs Monitoring for Good Approximations,AAAI-2017-A002376|AAAI-2017-A002377,AAAI,2017,https://aaai.org/papers/10588-aaai-31-2017/
AAAI-2017-P0688,Selfish Knapsack,AAAI-2017-A002378|AAAI-2017-A002379,AAAI,2017,https://aaai.org/papers/10579-aaai-31-2017/
AAAI-2017-P0689,Fans Economy and All-Pay Auctions with Proportional Allocations,AAAI-2017-A002380|AAAI-2017-A002381|AAAI-2017-A002382,AAAI,2017,https://aaai.org/papers/10578-aaai-31-2017/
AAAI-2017-P0690,Extensive-Form Perfect Equilibrium Computation in Two-Player Games,AAAI-2017-A002383|AAAI-2017-A002384,AAAI,2017,https://aaai.org/papers/10571-aaai-31-2017/
AAAI-2017-P0691,The Dollar Auction with Spiteful Players,AAAI-2017-A002385|AAAI-2017-A002386|AAAI-2017-A002387|AAAI-2017-A002388,AAAI,2017,https://aaai.org/papers/10570-aaai-31-2017/
AAAI-2017-P0692,Envy-Free Mechanisms with Minimum Number of Cuts,AAAI-2017-A002389|AAAI-2017-A002390|AAAI-2017-A002391|AAAI-2017-A002392|AAAI-2017-A002393,AAAI,2017,https://aaai.org/papers/10584-aaai-31-2017/
AAAI-2017-P0693,Computing Least Cores of Supermodular Cooperative Games,AAAI-2017-A002394|AAAI-2017-A002395,AAAI,2017,https://aaai.org/papers/10583-aaai-31-2017/
AAAI-2017-P0694,Complexity of Manipulating Sequential Allocation,AAAI-2017-A002396|AAAI-2017-A002397|AAAI-2017-A002398|AAAI-2017-A002399,AAAI,2017,https://aaai.org/papers/10586-aaai-31-2017/
AAAI-2017-P0695,Optimizing Positional Scoring Rules for Rank Aggregation,AAAI-2017-A002400|AAAI-2017-A002401|AAAI-2017-A002402|AAAI-2017-A002403,AAAI,2017,https://aaai.org/papers/10585-aaai-31-2017/
AAAI-2017-P0696,Optimal Pricing for Submodular Valuations with Bounded Curvature,AAAI-2017-A002404|AAAI-2017-A002405|AAAI-2017-A002406|AAAI-2017-A002407|AAAI-2017-A002408,AAAI,2017,https://aaai.org/papers/10576-aaai-31-2017/
AAAI-2017-P0697,Vote Until Two of You Agree: Mechanisms with Small Distortion and Sample Complexity,AAAI-2017-A002409|AAAI-2017-A002410|AAAI-2017-A002411,AAAI,2017,https://aaai.org/papers/10587-aaai-31-2017/
AAAI-2017-P0698,Teams in Online Scheduling Polls: Game-Theoretic Aspects,AAAI-2017-A002412|AAAI-2017-A002413|AAAI-2017-A002414|AAAI-2017-A002415|AAAI-2017-A002416,AAAI,2017,https://aaai.org/papers/10589-aaai-31-2017/
AAAI-2017-P0699,Axiomatic Characterization of Game-Theoretic Network Centralities,AAAI-2017-A002417|AAAI-2017-A002418|AAAI-2017-A002419,AAAI,2017,https://aaai.org/papers/10580-aaai-31-2017/
AAAI-2017-P0700,Exclusion Method for Finding Nash Equilibrium in Multiplayer Games,AAAI-2017-A002420|AAAI-2017-A002421,AAAI,2017,https://aaai.org/papers/10581-aaai-31-2017/
AAAI-2017-P0701,Algorithms for Max-Min Share Fair Allocation of Indivisible Chores,AAAI-2017-A002422|AAAI-2017-A002423|AAAI-2017-A002424|AAAI-2017-A002425,AAAI,2017,https://aaai.org/papers/10582-aaai-31-2017/
AAAI-2017-P0702,The Complexity of Stable Matchings under Substitutable Preferences,AAAI-2017-A002426|AAAI-2017-A002427|AAAI-2017-A002428,AAAI,2017,https://aaai.org/papers/10595-aaai-31-2017/
AAAI-2017-P0703,Crowdsourced Outcome Determination in Prediction Markets,AAAI-2017-A002429|AAAI-2017-A002430|AAAI-2017-A002431,AAAI,2017,https://aaai.org/papers/10594-aaai-31-2017/
AAAI-2017-P0704,Heuristic Search Value Iteration for One-Sided Partially Observable Stochastic Games,AAAI-2017-A002432|AAAI-2017-A002433|AAAI-2017-A002434,AAAI,2017,https://aaai.org/papers/10597-aaai-31-2017/
AAAI-2017-P0705,Achieving Sustainable Cooperation in Generalized Prisoner’s Dilemma with Observation Errors,AAAI-2017-A002435|AAAI-2017-A002436|AAAI-2017-A002437|AAAI-2017-A002438,AAAI,2017,https://aaai.org/papers/10577-aaai-31-2017/
AAAI-2017-P0706,Automated Design of Robust Mechanisms,AAAI-2017-A002439|AAAI-2017-A002440|AAAI-2017-A002441,AAAI,2017,https://aaai.org/papers/10574-aaai-31-2017/
AAAI-2017-P0707,Approximation and Parameterized Complexity of Minimax Approval Voting,AAAI-2017-A002442|AAAI-2017-A002443|AAAI-2017-A002444|AAAI-2017-A002445,AAAI,2017,https://aaai.org/papers/10575-aaai-31-2017/
AAAI-2017-P0708,On Covering Codes and Upper Bounds for the Dimension of Simple Games,AAAI-2017-A002446,AAAI,2017,https://aaai.org/papers/10572-aaai-31-2017/
AAAI-2017-P0709,Disarmament Games,AAAI-2017-A002447|AAAI-2017-A002448,AAAI,2017,https://aaai.org/papers/10573-aaai-31-2017/
AAAI-2017-P0710,Team-Maxmin Equilibrium: Efficiency Bounds and Algorithms,AAAI-2017-A002449|AAAI-2017-A002450|AAAI-2017-A002451|AAAI-2017-A002452,AAAI,2017,https://aaai.org/papers/10560-aaai-31-2017/
AAAI-2017-P0711,Non-Additive Security Games,AAAI-2017-A002453|AAAI-2017-A002454|AAAI-2017-A002455,AAAI,2017,https://aaai.org/papers/10567-aaai-31-2017/
AAAI-2017-P0712,"Network, Popularity and Social Cohesion: A Game-Theoretic Approach",AAAI-2017-A002456|AAAI-2017-A002457,AAAI,2017,https://aaai.org/papers/10568-aaai-31-2017/
AAAI-2017-P0713,Optimal Personalized Defense Strategy Against Man-In-The-Middle Attack,AAAI-2017-A002458|AAAI-2017-A002459|AAAI-2017-A002460|AAAI-2017-A002461|AAAI-2017-A002462,AAAI,2017,https://aaai.org/papers/10565-aaai-31-2017/
AAAI-2017-P0714,On Markov Games Played by Bayesian and Boundedly-Rational Players,AAAI-2017-A002463|AAAI-2017-A002464|AAAI-2017-A002465,AAAI,2017,https://aaai.org/papers/10566-aaai-31-2017/
AAAI-2017-P0715,Preference Elicitation For Participatory Budgeting,AAAI-2017-A002466|AAAI-2017-A002467|AAAI-2017-A002468|AAAI-2017-A002469,AAAI,2017,https://aaai.org/papers/10563-aaai-31-2017/
AAAI-2017-P0716,Bounded Rationality of Restricted Turing Machines,AAAI-2017-A002470|AAAI-2017-A002471|AAAI-2017-A002472,AAAI,2017,https://aaai.org/papers/10564-aaai-31-2017/
AAAI-2017-P0717,The Computational Complexity of Weighted Greedy Matching,AAAI-2017-A002473|AAAI-2017-A002474|AAAI-2017-A002475,AAAI,2017,https://aaai.org/papers/10561-aaai-31-2017/
AAAI-2017-P0718,Complexity of the Stable Invitations Problem,AAAI-2017-A002476|AAAI-2017-A002477,AAAI,2017,https://aaai.org/papers/10562-aaai-31-2017/
AAAI-2017-P0719,An Ambiguity Aversion Model for Decision Making under Ambiguity,AAAI-2017-A002478|AAAI-2017-A002479|AAAI-2017-A002480,AAAI,2017,https://aaai.org/papers/10569-aaai-31-2017/
AAAI-2017-P0720,Mechanism Design for Multi-Type Housing Markets,AAAI-2017-A002481|AAAI-2017-A002482|AAAI-2017-A002483,AAAI,2017,https://aaai.org/papers/10601-aaai-31-2017/
AAAI-2017-P0721,Market Pricing for Data Streams,AAAI-2017-A002484|AAAI-2017-A002485|AAAI-2017-A002486|AAAI-2017-A002487|AAAI-2017-A002488,AAAI,2017,https://aaai.org/papers/10623-aaai-31-2017/
AAAI-2017-P0722,Faster and Simpler Algorithm for Optimal Strategies of Blotto Game,AAAI-2017-A002489|AAAI-2017-A002490|AAAI-2017-A002491|AAAI-2017-A002492|AAAI-2017-A002493,AAAI,2017,https://aaai.org/papers/10620-aaai-31-2017/
AAAI-2017-P0723,Engineering Agreement: The Naming Game with Asymmetric and Heterogeneous Agents,AAAI-2017-A002494|AAAI-2017-A002495|AAAI-2017-A002496|AAAI-2017-A002497,AAAI,2017,https://aaai.org/papers/10621-aaai-31-2017/
AAAI-2017-P0724,Probably Approximately Efficient Combinatorial Auctions via Machine Learning,AAAI-2017-A002498|AAAI-2017-A002499|AAAI-2017-A002500,AAAI,2017,https://aaai.org/papers/10624-aaai-31-2017/
AAAI-2017-P0725,Proportional Justified Representation,AAAI-2017-A002501|AAAI-2017-A002502|AAAI-2017-A002503|AAAI-2017-A002504|AAAI-2017-A002505|AAAI-2017-A002506|AAAI-2017-A002507,AAAI,2017,https://aaai.org/papers/10611-aaai-31-2017/
AAAI-2017-P0726,What Do Multiwinner Voting Rules Do? An Experiment Over the Two-Dimensional Euclidean Domain,AAAI-2017-A002508|AAAI-2017-A002509|AAAI-2017-A002510|AAAI-2017-A002511|AAAI-2017-A002512|AAAI-2017-A002513,AAAI,2017,https://aaai.org/papers/10612-aaai-31-2017/
AAAI-2017-P0727,Incentivising Monitoring in Open Normative Systems,AAAI-2017-A002514|AAAI-2017-A002515|AAAI-2017-A002516|AAAI-2017-A002517,AAAI,2017,https://aaai.org/papers/10610-aaai-31-2017/
AAAI-2017-P0728,Sequential Peer Prediction: Learning to Elicit Effort using Posted Prices,AAAI-2017-A002518|AAAI-2017-A002519,AAAI,2017,https://aaai.org/papers/10619-aaai-31-2017/
AAAI-2017-P0729,Group Activity Selection on Social Networks,AAAI-2017-A002520|AAAI-2017-A002521|AAAI-2017-A002522,AAAI,2017,https://aaai.org/papers/10617-aaai-31-2017/
AAAI-2017-P0730,Resource Graph Games: A Compact Representation for Games with Structured Strategy Spaces,AAAI-2017-A002523|AAAI-2017-A002524|AAAI-2017-A002525,AAAI,2017,https://aaai.org/papers/10618-aaai-31-2017/
AAAI-2017-P0731,Preferences Single-Peaked on a Circle,AAAI-2017-A002526|AAAI-2017-A002527,AAAI,2017,https://aaai.org/papers/10615-aaai-31-2017/
AAAI-2017-P0732,Recognising Multidimensional Euclidean Preferences,AAAI-2017-A002528,AAAI,2017,https://aaai.org/papers/10616-aaai-31-2017/
AAAI-2017-P0733,Psychological Forest: Predicting Human Behavior,AAAI-2017-A002529|AAAI-2017-A002530|AAAI-2017-A002531|AAAI-2017-A002532,AAAI,2017,https://aaai.org/papers/10613-aaai-31-2017/
AAAI-2017-P0734,Security Games on a Plane,AAAI-2017-A002533|AAAI-2017-A002534|AAAI-2017-A002535|AAAI-2017-A002536,AAAI,2017,https://aaai.org/papers/10614-aaai-31-2017/
AAAI-2017-P0735,Multiwinner Approval Rules as Apportionment Methods,AAAI-2017-A002537|AAAI-2017-A002538|AAAI-2017-A002539,AAAI,2017,https://aaai.org/papers/10600-aaai-31-2017/
AAAI-2017-P0736,A Study of Compact Reserve Pricing Languages,AAAI-2017-A002540|AAAI-2017-A002541|AAAI-2017-A002542|AAAI-2017-A002543,AAAI,2017,https://aaai.org/papers/10622-aaai-31-2017/
AAAI-2017-P0737,Nash Stability in Social Distance Games,AAAI-2017-A002544|AAAI-2017-A002545|AAAI-2017-A002546|AAAI-2017-A002547,AAAI,2017,https://aaai.org/papers/10608-aaai-31-2017/
AAAI-2017-P0738,Strategic Signaling and Free Information Disclosure in Auctions,AAAI-2017-A002548|AAAI-2017-A002549|AAAI-2017-A002550,AAAI,2017,https://aaai.org/papers/10609-aaai-31-2017/
AAAI-2017-P0739,Winner Determination in Huge Elections with MapReduce,AAAI-2017-A002551|AAAI-2017-A002552|AAAI-2017-A002553|AAAI-2017-A002554,AAAI,2017,https://aaai.org/papers/10606-aaai-31-2017/
AAAI-2017-P0740,On Pareto Optimality in Social Distance Games,AAAI-2017-A002555|AAAI-2017-A002556|AAAI-2017-A002557,AAAI,2017,https://aaai.org/papers/10607-aaai-31-2017/
AAAI-2017-P0741,Revenue Maximization for Finitely Repeated Ad Auctions,AAAI-2017-A002558|AAAI-2017-A002559|AAAI-2017-A002560|AAAI-2017-A002561,AAAI,2017,https://aaai.org/papers/10604-aaai-31-2017/
AAAI-2017-P0742,Mechanism Design in Social Networks,AAAI-2017-A002562|AAAI-2017-A002563|AAAI-2017-A002564|AAAI-2017-A002565,AAAI,2017,https://aaai.org/papers/10605-aaai-31-2017/
AAAI-2017-P0743,Tractable Algorithms for Approximate Nash Equilibria in Generalized Graphical Games with Tree Structure,AAAI-2017-A002566|AAAI-2017-A002567,AAAI,2017,https://aaai.org/papers/10602-aaai-31-2017/
AAAI-2017-P0744,Dynamic Thresholding and Pruning for Regret Minimization,AAAI-2017-A002568|AAAI-2017-A002569|AAAI-2017-A002570,AAAI,2017,https://aaai.org/papers/10603-aaai-31-2017/
AAAI-2017-P0745,The Positronic Economist: A Computational System for Analyzing Economic Mechanisms,AAAI-2017-A002571|AAAI-2017-A002572|AAAI-2017-A002573,AAAI,2017,https://aaai.org/papers/10592-aaai-31-2017/
AAAI-2017-P0746,Small Representations of Big Kidney Exchange Graphs,AAAI-2017-A002574|AAAI-2017-A002575|AAAI-2017-A002576|AAAI-2017-A002577,AAAI,2017,https://aaai.org/papers/10593-aaai-31-2017/
AAAI-2017-P0747,Proper Proxy Scoring Rules,AAAI-2017-A002578|AAAI-2017-A002579|AAAI-2017-A002580|AAAI-2017-A002581,AAAI,2017,https://aaai.org/papers/10590-aaai-31-2017/
AAAI-2017-P0748,Social Choice Under Metric Preferences: Scoring Rules and STV,AAAI-2017-A002582|AAAI-2017-A002583,AAAI,2017,https://aaai.org/papers/10591-aaai-31-2017/
AAAI-2017-P0749,PhragmnÕs Voting Methods and Justified Representation,AAAI-2017-A002584|AAAI-2017-A002585|AAAI-2017-A002586|AAAI-2017-A002587,AAAI,2017,https://aaai.org/papers/10598-aaai-31-2017/
AAAI-2017-P0750,Constrained Pure Nash Equilibria in Polymatrix Games,AAAI-2017-A002588|AAAI-2017-A002589,AAAI,2017,https://aaai.org/papers/10599-aaai-31-2017/
AAAI-2017-P0751,Randomized Mechanisms for Selling Reserved Instances in Cloud,AAAI-2017-A002590|AAAI-2017-A002591|AAAI-2017-A002592|AAAI-2017-A002593|AAAI-2017-A002594,AAAI,2017,https://aaai.org/papers/10596-aaai-31-2017/
AAAI-2017-P0752,The Efficiency of the HyperPlay Technique Over Random Sampling,AAAI-2017-A002595|AAAI-2017-A002596,AAAI,2017,https://aaai.org/papers/10559-aaai-31-2017/
AAAI-2017-P0753,StructInf: Mining Structural Influence from Social Streams,AAAI-2017-A002597|AAAI-2017-A002598|AAAI-2017-A002599|AAAI-2017-A002600|AAAI-2017-A002601|AAAI-2017-A002602|AAAI-2017-A002603|AAAI-2017-A002604,AAAI,2017,https://aaai.org/papers/10512-aaai-31-2017/
AAAI-2017-P0754,Profit-Driven Team Grouping in Social Networks,AAAI-2017-A002605,AAAI,2017,https://aaai.org/papers/10513-aaai-31-2017/
AAAI-2017-P0755,Volumetric ConvNets with Mixed Residual Connections for Automated Prostate Segmentation from 3D MR Images,AAAI-2017-A002606|AAAI-2017-A002607|AAAI-2017-A002608|AAAI-2017-A002609|AAAI-2017-A002610,AAAI,2017,https://aaai.org/papers/10510-aaai-31-2017/
AAAI-2017-P0756,Taming the Matthew Effect in Online Markets with Social Influence,AAAI-2017-A002611|AAAI-2017-A002612,AAAI,2017,https://aaai.org/papers/10511-aaai-31-2017/
AAAI-2017-P0757,Towards Better Understanding the Clothing Fashion Styles: A Multimodal Deep Learning Approach,AAAI-2017-A002613|AAAI-2017-A002614|AAAI-2017-A002615|AAAI-2017-A002616|AAAI-2017-A002617|AAAI-2017-A002618,AAAI,2017,https://aaai.org/papers/10509-aaai-31-2017/
AAAI-2017-P0758,Partitioned Sampling of Public Opinions Based on Their Social Dynamics,AAAI-2017-A002619|AAAI-2017-A002620|AAAI-2017-A002621,AAAI,2017,https://aaai.org/papers/10507-aaai-31-2017/
AAAI-2017-P0759,SnapNETS: Automatic Segmentation of Network Sequences with Node Labels,AAAI-2017-A002622|AAAI-2017-A002623|AAAI-2017-A002624,AAAI,2017,https://aaai.org/papers/10508-aaai-31-2017/
AAAI-2017-P0760,Gated Neural Networks for Option Pricing: Rationality by Design,AAAI-2017-A002625|AAAI-2017-A002626|AAAI-2017-A002627,AAAI,2017,https://aaai.org/papers/10505-aaai-31-2017/
AAAI-2017-P0761,Local Discriminant Hyperalignment for Multi-Subject fMRI Data Alignment,AAAI-2017-A002628|AAAI-2017-A002629,AAAI,2017,https://aaai.org/papers/10506-aaai-31-2017/
AAAI-2017-P0762,A Leukocyte Detection Technique in Blood Smear Images Using Plant Growth Simulation Algorithm,AAAI-2017-A002630|AAAI-2017-A002631,AAAI,2017,https://aaai.org/papers/10503-aaai-31-2017/
AAAI-2017-P0763,Novel Geometric Approach for Global Alignment of PPI Networks,AAAI-2017-A002632|AAAI-2017-A002633|AAAI-2017-A002634|AAAI-2017-A002635,AAAI,2017,https://aaai.org/papers/10504-aaai-31-2017/
AAAI-2017-P0764,An Integrated Model for Effective Saliency Prediction,AAAI-2017-A002636|AAAI-2017-A002637|AAAI-2017-A002638|AAAI-2017-A002639,AAAI,2017,https://aaai.org/papers/10514-aaai-31-2017/
AAAI-2017-P0765,Associative Memory Using Dictionary Learning and Expander Decoding,AAAI-2017-A002640|AAAI-2017-A002641,AAAI,2017,https://aaai.org/papers/10515-aaai-31-2017/
